user_id,rank,exposure,artist,user_country,user_age,user_gender,artist_country,artist_gender
1,1,1.0,Seal,UK,29,m,UK,Male
1,2,0.6309297535714575,Michael Sembello,UK,29,m,US,Male
1,3,0.5,Billy Joel,UK,29,m,US,Male
1,4,0.43067655807339306,Marilyn Manson,UK,29,m,US,Male
1,5,0.38685280723454163,AFI,UK,29,m,US,Female
1,6,0.3562071871080222,Beck,UK,29,m,DK,Male
1,7,0.3333333333333333,Chris Isaak,UK,29,m,US,Male
1,8,0.31546487678572877,Justin Timberlake,UK,29,m,US,Male
1,9,0.3010299956639812,Ed Sheeran,UK,29,m,UK,Male
1,10,0.2890648263178879,Dolly Parton,UK,29,m,US,Female
2,1,1.0,Marilyn Manson,US,29,f,US,Male
2,2,0.6309297535714575,Marilyn Manson,US,29,f,US,Male
2,3,0.5,Marilyn Manson,US,29,f,US,Male
2,4,0.43067655807339306,Marilyn Manson,US,29,f,US,Male
2,5,0.38685280723454163,Marilyn Manson,US,29,f,US,Male
2,6,0.3562071871080222,Marilyn Manson,US,29,f,US,Male
2,7,0.3333333333333333,Marilyn Manson,US,29,f,US,Male
2,8,0.31546487678572877,Moby,US,29,f,US,Male
2,9,0.3010299956639812,Carpenter Brut,US,29,f,FR,Male
2,10,0.2890648263178879,Red,US,29,f,PL,Male
3,1,1.0,Thom Yorke,CH,27,m,UK,Male
3,2,0.6309297535714575,Tame Impala,CH,27,m,AU,Male
3,3,0.5,Four Tet,CH,27,m,UK,Male
3,4,0.43067655807339306,Apparat,CH,27,m,DE,Male
3,5,0.38685280723454163,James Blake,CH,27,m,UK,Male
3,6,0.3562071871080222,James Blake,CH,27,m,UK,Male
3,7,0.3333333333333333,Ariel Pink,CH,27,m,US,Male
3,8,0.31546487678572877,Twin Shadow,CH,27,m,US,Male
3,9,0.3010299956639812,Grouper,CH,27,m,US,Female
3,10,0.2890648263178879,Oneohtrix Point Never,CH,27,m,US,Male
4,1,1.0,Duncan Laurence,UK,32,m,NL,Male
4,2,0.6309297535714575,Queen,UK,32,m,JP,Female
4,3,0.5,Dolly Parton,UK,32,m,US,Female
4,4,0.43067655807339306,Björk,UK,32,m,IS,Female
4,5,0.38685280723454163,Justin Timberlake,UK,32,m,US,Male
4,6,0.3562071871080222,Laura Branigan,UK,32,m,US,Female
4,7,0.3333333333333333,Moby,UK,32,m,US,Male
4,8,0.31546487678572877,George Ezra,UK,32,m,UK,Male
4,9,0.3010299956639812,Ed Sheeran,UK,32,m,UK,Male
4,10,0.2890648263178879,Robyn,UK,32,m,SE,Female
5,1,1.0,Toro y Moi,SE,28,m,US,Male
5,2,0.6309297535714575,Toro y Moi,SE,28,m,US,Male
5,3,0.5,Beck,SE,28,m,DK,Male
5,4,0.43067655807339306,Bill Callahan,SE,28,m,US,Male
5,5,0.38685280723454163,Grouper,SE,28,m,US,Female
5,6,0.3562071871080222,Weyes Blood,SE,28,m,US,Female
5,7,0.3333333333333333,Kacey Musgraves,SE,28,m,US,Female
5,8,0.31546487678572877,Ry x,SE,28,m,AU,Male
5,9,0.3010299956639812,Father John Misty,SE,28,m,US,Male
5,10,0.2890648263178879,Joe Goddard,SE,28,m,UK,Male
6,1,1.0,Michael Sembello,US,33,m,US,Male
6,2,0.6309297535714575,Lil Nas X,US,33,m,US,Male
6,3,0.5,Duncan Laurence,US,33,m,NL,Male
6,4,0.43067655807339306,Billy Joel,US,33,m,US,Male
6,5,0.38685280723454163,Travis Scott,US,33,m,US,Male
6,6,0.3562071871080222,Laura Branigan,US,33,m,US,Female
6,7,0.3333333333333333,Dolly Parton,US,33,m,US,Female
6,8,0.31546487678572877,Chris Isaak,US,33,m,US,Male
6,9,0.3010299956639812,Sia,US,33,m,AU,Female
6,10,0.2890648263178879,Lana Del Rey,US,33,m,US,Female
7,1,1.0,Janelle Monáe,AU,37,m,US,Non-binary
7,2,0.6309297535714575,Panda Bear,AU,37,m,US,Male
7,3,0.5,Kacey Musgraves,AU,37,m,US,Female
7,4,0.43067655807339306,Kevin Morby,AU,37,m,US,Male
7,5,0.38685280723454163,Grouper,AU,37,m,US,Female
7,6,0.3562071871080222,Beck,AU,37,m,DK,Male
7,7,0.3333333333333333,Grouper,AU,37,m,US,Female
7,8,0.31546487678572877,Grimes,AU,37,m,CA,Female
7,9,0.3010299956639812,James Blake,AU,37,m,UK,Male
7,10,0.2890648263178879,Dean Blunt,AU,37,m,UK,Male
8,1,1.0,Haddaway,AU,26,m,DE,Male
8,2,0.6309297535714575,Tame Impala,AU,26,m,AU,Male
8,3,0.5,Ariana Grande,AU,26,m,US,Female
8,4,0.43067655807339306,J Balvin,AU,26,m,CO,Male
8,5,0.38685280723454163,John Mayer,AU,26,m,IN,Male
8,6,0.3562071871080222,Janelle Monáe,AU,26,m,US,Non-binary
8,7,0.3333333333333333,Adele,AU,26,m,UK,Female
8,8,0.31546487678572877,Frank Ocean,AU,26,m,US,Male
8,9,0.3010299956639812,Avril Lavigne,AU,26,m,CA,Female
8,10,0.2890648263178879,Roy Orbison,AU,26,m,US,Male
9,1,1.0,Marilyn Manson,FI,30,m,US,Male
9,2,0.6309297535714575,Marilyn Manson,FI,30,m,US,Male
9,3,0.5,Ihsahn,FI,30,m,NO,Male
9,4,0.43067655807339306,Carpenter Brut,FI,30,m,FR,Male
9,5,0.38685280723454163,AFI,FI,30,m,US,Female
9,6,0.3562071871080222,Red,FI,30,m,PL,Male
9,7,0.3333333333333333,Marilyn Manson,FI,30,m,US,Male
9,8,0.31546487678572877,Queen,FI,30,m,JP,Female
9,9,0.3010299956639812,Björk,FI,30,m,IS,Female
9,10,0.2890648263178879,Machine Head,FI,30,m,JP,Male
11,1,1.0,Robyn,FI,26,m,SE,Female
11,2,0.6309297535714575,Lil Nas X,FI,26,m,US,Male
11,3,0.5,Marilyn Manson,FI,26,m,US,Male
11,4,0.43067655807339306,Ed Sheeran,FI,26,m,UK,Male
11,5,0.38685280723454163,John Mayer,FI,26,m,IN,Male
11,6,0.3562071871080222,Björk,FI,26,m,IS,Female
11,7,0.3333333333333333,Dolly Parton,FI,26,m,US,Female
11,8,0.31546487678572877,Billy Joel,FI,26,m,US,Male
11,9,0.3010299956639812,Roy Orbison,FI,26,m,US,Male
11,10,0.2890648263178879,Queen,FI,26,m,JP,Female
12,1,1.0,Miley Cyrus,NO,27,f,US,Non-binary
12,2,0.6309297535714575,Ed Sheeran,NO,27,f,UK,Male
12,3,0.5,John Mayer,NO,27,f,IN,Male
12,4,0.43067655807339306,Mariah Carey,NO,27,f,US,Female
12,5,0.38685280723454163,Duncan Laurence,NO,27,f,NL,Male
12,6,0.3562071871080222,Billy Joel,NO,27,f,US,Male
12,7,0.3333333333333333,Paula Abdul,NO,27,f,US,Female
12,8,0.31546487678572877,Troye Sivan,NO,27,f,AU,Male
12,9,0.3010299956639812,Tame Impala,NO,27,f,AU,Male
12,10,0.2890648263178879,James Blake,NO,27,f,UK,Male
14,1,1.0,Weyes Blood,US,32,m,US,Female
14,2,0.6309297535714575,Thom Yorke,US,32,m,UK,Male
14,3,0.5,John Maus,US,32,m,US,Male
14,4,0.43067655807339306,John Maus,US,32,m,US,Male
14,5,0.38685280723454163,Bill Callahan,US,32,m,US,Male
14,6,0.3562071871080222,Twin Shadow,US,32,m,US,Male
14,7,0.3333333333333333,Bill Callahan,US,32,m,US,Male
14,8,0.31546487678572877,Ariel Pink,US,32,m,US,Male
14,9,0.3010299956639812,Grouper,US,32,m,US,Female
14,10,0.2890648263178879,Kevin Morby,US,32,m,US,Male
15,1,1.0,Janelle Monáe,FI,27,m,US,Non-binary
15,2,0.6309297535714575,Frank Ocean,FI,27,m,US,Male
15,3,0.5,Bill Callahan,FI,27,m,US,Male
15,4,0.43067655807339306,Beck,FI,27,m,DK,Male
15,5,0.38685280723454163,Perfume Genius,FI,27,m,US,Male
15,6,0.3562071871080222,Joe Goddard,FI,27,m,UK,Male
15,7,0.3333333333333333,Travis Scott,FI,27,m,US,Male
15,8,0.31546487678572877,Kevin Morby,FI,27,m,US,Male
15,9,0.3010299956639812,Grimes,FI,27,m,CA,Female
15,10,0.2890648263178879,Ry x,FI,27,m,AU,Male
16,1,1.0,Marilyn Manson,NL,25,m,US,Male
16,2,0.6309297535714575,Queen,NL,25,m,JP,Female
16,3,0.5,Chris Isaak,NL,25,m,US,Male
16,4,0.43067655807339306,Dolly Parton,NL,25,m,US,Female
16,5,0.38685280723454163,Edwyn Collins,NL,25,m,UK,Male
16,6,0.3562071871080222,Robyn,NL,25,m,SE,Female
16,7,0.3333333333333333,Lil Nas X,NL,25,m,US,Male
16,8,0.31546487678572877,Marilyn Manson,NL,25,m,US,Male
16,9,0.3010299956639812,Moby,NL,25,m,US,Male
16,10,0.2890648263178879,Eric Clapton,NL,25,m,UK,Male
17,1,1.0,Weyes Blood,SE,25,f,US,Female
17,2,0.6309297535714575,John Maus,SE,25,f,US,Male
17,3,0.5,John Maus,SE,25,f,US,Male
17,4,0.43067655807339306,Thom Yorke,SE,25,f,UK,Male
17,5,0.38685280723454163,Tame Impala,SE,25,f,AU,Male
17,6,0.3562071871080222,James Blake,SE,25,f,UK,Male
17,7,0.3333333333333333,Four Tet,SE,25,f,UK,Male
17,8,0.31546487678572877,Twin Shadow,SE,25,f,US,Male
17,9,0.3010299956639812,Apparat,SE,25,f,DE,Male
17,10,0.2890648263178879,James Blake,SE,25,f,UK,Male
18,1,1.0,John Mayer,PL,29,m,IN,Male
18,2,0.6309297535714575,AFI,PL,29,m,US,Female
18,3,0.5,Marilyn Manson,PL,29,m,US,Male
18,4,0.43067655807339306,Duncan Laurence,PL,29,m,NL,Male
18,5,0.38685280723454163,Roy Orbison,PL,29,m,US,Male
18,6,0.3562071871080222,Sia,PL,29,m,AU,Female
18,7,0.3333333333333333,Seal,PL,29,m,UK,Male
18,8,0.31546487678572877,Laura Branigan,PL,29,m,US,Female
18,9,0.3010299956639812,Dolly Parton,PL,29,m,US,Female
18,10,0.2890648263178879,Billy Joel,PL,29,m,US,Male
19,1,1.0,Toro y Moi,SE,26,m,US,Male
19,2,0.6309297535714575,Toro y Moi,SE,26,m,US,Male
19,3,0.5,Ariel Pink,SE,26,m,US,Male
19,4,0.43067655807339306,Beck,SE,26,m,DK,Male
19,5,0.38685280723454163,Kacey Musgraves,SE,26,m,US,Female
19,6,0.3562071871080222,Frank Ocean,SE,26,m,US,Male
19,7,0.3333333333333333,Kevin Morby,SE,26,m,US,Male
19,8,0.31546487678572877,Tame Impala,SE,26,m,AU,Male
19,9,0.3010299956639812,Bill Callahan,SE,26,m,US,Male
19,10,0.2890648263178879,Wild Nothing,SE,26,m,US,Male
20,1,1.0,Pional,US,40,m,ES,Male
20,2,0.6309297535714575,Ariel Pink,US,40,m,US,Male
20,3,0.5,Beck,US,40,m,DK,Male
20,4,0.43067655807339306,Janelle Monáe,US,40,m,US,Non-binary
20,5,0.38685280723454163,Grouper,US,40,m,US,Female
20,6,0.3562071871080222,Kacey Musgraves,US,40,m,US,Female
20,7,0.3333333333333333,Ry x,US,40,m,AU,Male
20,8,0.31546487678572877,Weyes Blood,US,40,m,US,Female
20,9,0.3010299956639812,Jessica Pratt,US,40,m,US,Female
20,10,0.2890648263178879,Bill Callahan,US,40,m,US,Male
21,1,1.0,Marilyn Manson,UK,46,m,US,Male
21,2,0.6309297535714575,Leonard Cohen,UK,46,m,CA,Male
21,3,0.5,Ozzy Osbourne,UK,46,m,UK,Male
21,4,0.43067655807339306,Marilyn Manson,UK,46,m,US,Male
21,5,0.38685280723454163,Leonard Cohen,UK,46,m,CA,Male
21,6,0.3562071871080222,Marilyn Manson,UK,46,m,US,Male
21,7,0.3333333333333333,Marilyn Manson,UK,46,m,US,Male
21,8,0.31546487678572877,Marilyn Manson,UK,46,m,US,Male
21,9,0.3010299956639812,Ozzy Osbourne,UK,46,m,UK,Male
21,10,0.2890648263178879,Ozzy Osbourne,UK,46,m,UK,Male
22,1,1.0,Ed Sheeran,AU,29,f,UK,Male
22,2,0.6309297535714575,John Mayer,AU,29,f,IN,Male
22,3,0.5,Billy Joel,AU,29,f,US,Male
22,4,0.43067655807339306,Billy Joel,AU,29,f,US,Male
22,5,0.38685280723454163,Roy Orbison,AU,29,f,US,Male
22,6,0.3562071871080222,Michael Sembello,AU,29,f,US,Male
22,7,0.3333333333333333,Tame Impala,AU,29,f,AU,Male
22,8,0.31546487678572877,Duncan Laurence,AU,29,f,NL,Male
22,9,0.3010299956639812,Moby,AU,29,f,US,Male
22,10,0.2890648263178879,Chris Isaak,AU,29,f,US,Male
23,1,1.0,Thom Yorke,UK,33,m,UK,Male
23,2,0.6309297535714575,Tame Impala,UK,33,m,AU,Male
23,3,0.5,John Maus,UK,33,m,US,Male
23,4,0.43067655807339306,Toro y Moi,UK,33,m,US,Male
23,5,0.38685280723454163,Weyes Blood,UK,33,m,US,Female
23,6,0.3562071871080222,Toro y Moi,UK,33,m,US,Male
23,7,0.3333333333333333,Aldous Harding,UK,33,m,NZ,Female
23,8,0.31546487678572877,Jessica Pratt,UK,33,m,US,Female
23,9,0.3010299956639812,James Blake,UK,33,m,UK,Male
23,10,0.2890648263178879,Twin Shadow,UK,33,m,US,Male
24,1,1.0,Ed Sheeran,US,27,m,UK,Male
24,2,0.6309297535714575,Ariana Grande,US,27,m,US,Female
24,3,0.5,Rita Ora,US,27,m,UK,Female
24,4,0.43067655807339306,Ariana Grande,US,27,m,US,Female
24,5,0.38685280723454163,Lil Nas X,US,27,m,US,Male
24,6,0.3562071871080222,Britney Spears,US,27,m,US,Female
24,7,0.3333333333333333,Ariana Grande,US,27,m,US,Female
24,8,0.31546487678572877,Eagle-Eye Cherry,US,27,m,SE,Male
24,9,0.3010299956639812,Travis Scott,US,27,m,US,Male
24,10,0.2890648263178879,Billy Joel,US,27,m,US,Male
25,1,1.0,Robyn,US,31,m,SE,Female
25,2,0.6309297535714575,Sia,US,31,m,AU,Female
25,3,0.5,Ariana Grande,US,31,m,US,Female
25,4,0.43067655807339306,John Mayer,US,31,m,IN,Male
25,5,0.38685280723454163,Britney Spears,US,31,m,US,Female
25,6,0.3562071871080222,Travis Scott,US,31,m,US,Male
25,7,0.3333333333333333,Lana Del Rey,US,31,m,US,Female
25,8,0.31546487678572877,Ariana Grande,US,31,m,US,Female
25,9,0.3010299956639812,Billy Joel,US,31,m,US,Male
25,10,0.2890648263178879,Ariana Grande,US,31,m,US,Female
26,1,1.0,Marilyn Manson,AT,28,m,US,Male
26,2,0.6309297535714575,Ozzy Osbourne,AT,28,m,UK,Male
26,3,0.5,Blue Stahli,AT,28,m,US,Male
26,4,0.43067655807339306,George Ezra,AT,28,m,UK,Male
26,5,0.38685280723454163,Rush,AT,28,m,US,Male
26,6,0.3562071871080222,Justin Timberlake,AT,28,m,US,Male
26,7,0.3333333333333333,Miley Cyrus,AT,28,m,US,Non-binary
26,8,0.31546487678572877,Taylor Swift,AT,28,m,US,Female
26,9,0.3010299956639812,Carpenter Brut,AT,28,m,FR,Male
26,10,0.2890648263178879,Jessie J,AT,28,m,UK,Female
27,1,1.0,Bryan Adams,BY,32,m,CA,Male
27,2,0.6309297535714575,Eagle-Eye Cherry,BY,32,m,SE,Male
27,3,0.5,Haddaway,BY,32,m,DE,Male
27,4,0.43067655807339306,Billy Joel,BY,32,m,US,Male
27,5,0.38685280723454163,Queen,BY,32,m,JP,Female
27,6,0.3562071871080222,Vitalic,BY,32,m,FR,Male
27,7,0.3333333333333333,Björk,BY,32,m,IS,Female
27,8,0.31546487678572877,Britney Spears,BY,32,m,US,Female
27,9,0.3010299956639812,Chuck Berry,BY,32,m,US,Male
27,10,0.2890648263178879,Marilyn Manson,BY,32,m,US,Male
28,1,1.0,Leonard Cohen,FI,26,m,CA,Male
28,2,0.6309297535714575,Marilyn Manson,FI,26,m,US,Male
28,3,0.5,AFI,FI,26,m,US,Female
28,4,0.43067655807339306,Red,FI,26,m,PL,Male
28,5,0.38685280723454163,Björk,FI,26,m,IS,Female
28,6,0.3562071871080222,Moby,FI,26,m,US,Male
28,7,0.3333333333333333,Devin Townsend,FI,26,m,CA,Male
28,8,0.31546487678572877,Rob Zombie,FI,26,m,US,Male
28,9,0.3010299956639812,Beck,FI,26,m,DK,Male
28,10,0.2890648263178879,Blue Stahli,FI,26,m,US,Male
29,1,1.0,John Mayer,US,25,m,IN,Male
29,2,0.6309297535714575,Michael Sembello,US,25,m,US,Male
29,3,0.5,Laura Branigan,US,25,m,US,Female
29,4,0.43067655807339306,Chris Isaak,US,25,m,US,Male
29,5,0.38685280723454163,Duncan Laurence,US,25,m,NL,Male
29,6,0.3562071871080222,Robyn,US,25,m,SE,Female
29,7,0.3333333333333333,Seal,US,25,m,UK,Male
29,8,0.31546487678572877,Ariana Grande,US,25,m,US,Female
29,9,0.3010299956639812,Björk,US,25,m,IS,Female
29,10,0.2890648263178879,Edwyn Collins,US,25,m,UK,Male
30,1,1.0,Four Tet,US,39,f,UK,Male
30,2,0.6309297535714575,James Blake,US,39,f,UK,Male
30,3,0.5,Apparat,US,39,f,DE,Male
30,4,0.43067655807339306,Tame Impala,US,39,f,AU,Male
30,5,0.38685280723454163,James Blake,US,39,f,UK,Male
30,6,0.3562071871080222,Perfume Genius,US,39,f,US,Male
30,7,0.3333333333333333,Grouper,US,39,f,US,Female
30,8,0.31546487678572877,Grouper,US,39,f,US,Female
30,9,0.3010299956639812,Kevin Morby,US,39,f,US,Male
30,10,0.2890648263178879,Grouper,US,39,f,US,Female
31,1,1.0,Toro y Moi,US,25,m,US,Male
31,2,0.6309297535714575,Apparat,US,25,m,DE,Male
31,3,0.5,Travis Scott,US,25,m,US,Male
31,4,0.43067655807339306,Lana Del Rey,US,25,m,US,Female
31,5,0.38685280723454163,Ariana Grande,US,25,m,US,Female
31,6,0.3562071871080222,Toro y Moi,US,25,m,US,Male
31,7,0.3333333333333333,Robyn,US,25,m,SE,Female
31,8,0.31546487678572877,Beck,US,25,m,DK,Male
31,9,0.3010299956639812,Julia Holter,US,25,m,US,Female
31,10,0.2890648263178879,Ariana Grande,US,25,m,US,Female
32,1,1.0,Michael Sembello,BE,37,m,US,Male
32,2,0.6309297535714575,John Mayer,BE,37,m,IN,Male
32,3,0.5,Billy Joel,BE,37,m,US,Male
32,4,0.43067655807339306,Lil Nas X,BE,37,m,US,Male
32,5,0.38685280723454163,Roy Orbison,BE,37,m,US,Male
32,6,0.3562071871080222,Duncan Laurence,BE,37,m,NL,Male
32,7,0.3333333333333333,Queen,BE,37,m,JP,Female
32,8,0.31546487678572877,Dolly Parton,BE,37,m,US,Female
32,9,0.3010299956639812,Laura Branigan,BE,37,m,US,Female
32,10,0.2890648263178879,Avril Lavigne,BE,37,m,CA,Female
33,1,1.0,Chris Isaak,NO,34,m,US,Male
33,2,0.6309297535714575,Marilyn Manson,NO,34,m,US,Male
33,3,0.5,Lil Nas X,NO,34,m,US,Male
33,4,0.43067655807339306,Edwyn Collins,NO,34,m,UK,Male
33,5,0.38685280723454163,Queen,NO,34,m,JP,Female
33,6,0.3562071871080222,Duncan Laurence,NO,34,m,NL,Male
33,7,0.3333333333333333,Moby,NO,34,m,US,Male
33,8,0.31546487678572877,Björk,NO,34,m,IS,Female
33,9,0.3010299956639812,Ozzy Osbourne,NO,34,m,UK,Male
33,10,0.2890648263178879,Marilyn Manson,NO,34,m,US,Male
34,1,1.0,Billy Joel,UK,28,m,US,Male
34,2,0.6309297535714575,Lil Nas X,UK,28,m,US,Male
34,3,0.5,Bryan Adams,UK,28,m,CA,Male
34,4,0.43067655807339306,Travis Scott,UK,28,m,US,Male
34,5,0.38685280723454163,James Blake,UK,28,m,UK,Male
34,6,0.3562071871080222,Chuck Berry,UK,28,m,US,Male
34,7,0.3333333333333333,Dolly Parton,UK,28,m,US,Female
34,8,0.31546487678572877,Four Tet,UK,28,m,UK,Male
34,9,0.3010299956639812,Lana Del Rey,UK,28,m,US,Female
34,10,0.2890648263178879,Ed Sheeran,UK,28,m,UK,Male
35,1,1.0,Weyes Blood,RU,27,m,US,Female
35,2,0.6309297535714575,Jessica Pratt,RU,27,m,US,Female
35,3,0.5,Janelle Monáe,RU,27,m,US,Non-binary
35,4,0.43067655807339306,Father John Misty,RU,27,m,US,Male
35,5,0.38685280723454163,Eagle-Eye Cherry,RU,27,m,SE,Male
35,6,0.3562071871080222,Laura Branigan,RU,27,m,US,Female
35,7,0.3333333333333333,Björk,RU,27,m,IS,Female
35,8,0.31546487678572877,Dolly Parton,RU,27,m,US,Female
35,9,0.3010299956639812,Haddaway,RU,27,m,DE,Male
35,10,0.2890648263178879,Kacey Musgraves,RU,27,m,US,Female
36,1,1.0,Queen,US,37,m,JP,Female
36,2,0.6309297535714575,Marilyn Manson,US,37,m,US,Male
36,3,0.5,Chris Isaak,US,37,m,US,Male
36,4,0.43067655807339306,Duncan Laurence,US,37,m,NL,Male
36,5,0.38685280723454163,Björk,US,37,m,IS,Female
36,6,0.3562071871080222,Robyn,US,37,m,SE,Female
36,7,0.3333333333333333,Marilyn Manson,US,37,m,US,Male
36,8,0.31546487678572877,Queen,US,37,m,JP,Female
36,9,0.3010299956639812,Ed Sheeran,US,37,m,UK,Male
36,10,0.2890648263178879,Miley Cyrus,US,37,m,US,Non-binary
37,1,1.0,Rita Ora,US,32,f,UK,Female
37,2,0.6309297535714575,Rihanna,US,32,f,UK,Female
37,3,0.5,Britney Spears,US,32,f,US,Female
37,4,0.43067655807339306,Avril Lavigne,US,32,f,CA,Female
37,5,0.38685280723454163,Lorde,US,32,f,NZ,Female
37,6,0.3562071871080222,Sia,US,32,f,AU,Female
37,7,0.3333333333333333,Nicki Minaj,US,32,f,US,Female
37,8,0.31546487678572877,Miley Cyrus,US,32,f,US,Non-binary
37,9,0.3010299956639812,Kanye West,US,32,f,US,Male
37,10,0.2890648263178879,Kacey Musgraves,US,32,f,US,Female
38,1,1.0,Lana Del Rey,BR,25,m,US,Female
38,2,0.6309297535714575,Lil Nas X,BR,25,m,US,Male
38,3,0.5,Rihanna,BR,25,m,UK,Female
38,4,0.43067655807339306,Tame Impala,BR,25,m,AU,Male
38,5,0.38685280723454163,Miley Cyrus,BR,25,m,US,Non-binary
38,6,0.3562071871080222,Sia,BR,25,m,AU,Female
38,7,0.3333333333333333,Miley Cyrus,BR,25,m,US,Non-binary
38,8,0.31546487678572877,Britney Spears,BR,25,m,US,Female
38,9,0.3010299956639812,Ed Sheeran,BR,25,m,UK,Male
38,10,0.2890648263178879,Kacey Musgraves,BR,25,m,US,Female
39,1,1.0,Snail Mail,US,27,m,US,Female
39,2,0.6309297535714575,Ariana Grande,US,27,m,US,Female
39,3,0.5,Toro y Moi,US,27,m,US,Male
39,4,0.43067655807339306,Oneohtrix Point Never,US,27,m,US,Male
39,5,0.38685280723454163,Weyes Blood,US,27,m,US,Female
39,6,0.3562071871080222,Grimes,US,27,m,CA,Female
39,7,0.3333333333333333,Kacey Musgraves,US,27,m,US,Female
39,8,0.31546487678572877,Robyn,US,27,m,SE,Female
39,9,0.3010299956639812,Bill Callahan,US,27,m,US,Male
39,10,0.2890648263178879,Beyoncé,US,27,m,US,Female
40,1,1.0,Haddaway,RU,34,m,DE,Male
40,2,0.6309297535714575,Bryan Adams,RU,34,m,CA,Male
40,3,0.5,James Blake,RU,34,m,UK,Male
40,4,0.43067655807339306,Billy Joel,RU,34,m,US,Male
40,5,0.38685280723454163,Travis Scott,RU,34,m,US,Male
40,6,0.3562071871080222,Ed Sheeran,RU,34,m,UK,Male
40,7,0.3333333333333333,Björk,RU,34,m,IS,Female
40,8,0.31546487678572877,John Mayer,RU,34,m,IN,Male
40,9,0.3010299956639812,Dolly Parton,RU,34,m,US,Female
40,10,0.2890648263178879,Roy Orbison,RU,34,m,US,Male
41,1,1.0,John Maus,US,26,f,US,Male
41,2,0.6309297535714575,Weyes Blood,US,26,f,US,Female
41,3,0.5,Weyes Blood,US,26,f,US,Female
41,4,0.43067655807339306,Twin Shadow,US,26,f,US,Male
41,5,0.38685280723454163,Weyes Blood,US,26,f,US,Female
41,6,0.3562071871080222,Jessica Pratt,US,26,f,US,Female
41,7,0.3333333333333333,Father John Misty,US,26,f,US,Male
41,8,0.31546487678572877,Janelle Monáe,US,26,f,US,Non-binary
41,9,0.3010299956639812,Joe Goddard,US,26,f,UK,Male
41,10,0.2890648263178879,Travis Scott,US,26,f,US,Male
42,1,1.0,Queen,SK,24,m,JP,Female
42,2,0.6309297535714575,Marilyn Manson,SK,24,m,US,Male
42,3,0.5,Dolly Parton,SK,24,m,US,Female
42,4,0.43067655807339306,Queen,SK,24,m,JP,Female
42,5,0.38685280723454163,Michael Sembello,SK,24,m,US,Male
42,6,0.3562071871080222,Duncan Laurence,SK,24,m,NL,Male
42,7,0.3333333333333333,Laura Branigan,SK,24,m,US,Female
42,8,0.31546487678572877,Ozzy Osbourne,SK,24,m,UK,Male
42,9,0.3010299956639812,Roy Orbison,SK,24,m,US,Male
42,10,0.2890648263178879,Seal,SK,24,m,UK,Male
43,1,1.0,Queen,US,25,m,JP,Female
43,2,0.6309297535714575,Perturbator,US,25,m,FR,Male
43,3,0.5,Beck,US,25,m,DK,Male
43,4,0.43067655807339306,Blue Stahli,US,25,m,US,Male
43,5,0.38685280723454163,AFI,US,25,m,US,Female
43,6,0.3562071871080222,Marilyn Manson,US,25,m,US,Male
43,7,0.3333333333333333,Red,US,25,m,PL,Male
43,8,0.31546487678572877,Eagle-Eye Cherry,US,25,m,SE,Male
43,9,0.3010299956639812,Billy Joel,US,25,m,US,Male
43,10,0.2890648263178879,Björk,US,25,m,IS,Female
44,1,1.0,Kacey Musgraves,US,24,f,US,Female
44,2,0.6309297535714575,Rita Ora,US,24,f,UK,Female
44,3,0.5,Weyes Blood,US,24,f,US,Female
44,4,0.43067655807339306,Haddaway,US,24,f,DE,Male
44,5,0.38685280723454163,Beck,US,24,f,DK,Male
44,6,0.3562071871080222,Taylor Swift,US,24,f,US,Female
44,7,0.3333333333333333,Troye Sivan,US,24,f,AU,Male
44,8,0.31546487678572877,John Maus,US,24,f,US,Male
44,9,0.3010299956639812,Weyes Blood,US,24,f,US,Female
44,10,0.2890648263178879,Miley Cyrus,US,24,f,US,Non-binary
45,1,1.0,Ed Sheeran,DE,34,m,UK,Male
45,2,0.6309297535714575,Robyn,DE,34,m,SE,Female
45,3,0.5,Taylor Swift,DE,34,m,US,Female
45,4,0.43067655807339306,Miley Cyrus,DE,34,m,US,Non-binary
45,5,0.38685280723454163,Haddaway,DE,34,m,DE,Male
45,6,0.3562071871080222,Avril Lavigne,DE,34,m,CA,Female
45,7,0.3333333333333333,Ariana Grande,DE,34,m,US,Female
45,8,0.31546487678572877,Ariana Grande,DE,34,m,US,Female
45,9,0.3010299956639812,Eagle-Eye Cherry,DE,34,m,SE,Male
45,10,0.2890648263178879,Bryan Adams,DE,34,m,CA,Male
47,1,1.0,Weyes Blood,RU,28,m,US,Female
47,2,0.6309297535714575,Weyes Blood,RU,28,m,US,Female
47,3,0.5,Weyes Blood,RU,28,m,US,Female
47,4,0.43067655807339306,Jessica Pratt,RU,28,m,US,Female
47,5,0.38685280723454163,Apparat,RU,28,m,DE,Male
47,6,0.3562071871080222,Snail Mail,RU,28,m,US,Female
47,7,0.3333333333333333,Ariel Pink,RU,28,m,US,Male
47,8,0.31546487678572877,Four Tet,RU,28,m,UK,Male
47,9,0.3010299956639812,Grouper,RU,28,m,US,Female
47,10,0.2890648263178879,Snail Mail,RU,28,m,US,Female
48,1,1.0,Marilyn Manson,IT,26,m,US,Male
48,2,0.6309297535714575,Queen,IT,26,m,JP,Female
48,3,0.5,Britney Spears,IT,26,m,US,Female
48,4,0.43067655807339306,Björk,IT,26,m,IS,Female
48,5,0.38685280723454163,Laura Branigan,IT,26,m,US,Female
48,6,0.3562071871080222,Billy Joel,IT,26,m,US,Male
48,7,0.3333333333333333,Britney Spears,IT,26,m,US,Female
48,8,0.31546487678572877,James Blake,IT,26,m,UK,Male
48,9,0.3010299956639812,Ed Sheeran,IT,26,m,UK,Male
48,10,0.2890648263178879,Michael Sembello,IT,26,m,US,Male
49,1,1.0,Weyes Blood,HU,22,f,US,Female
49,2,0.6309297535714575,Weyes Blood,HU,22,f,US,Female
49,3,0.5,Weyes Blood,HU,22,f,US,Female
49,4,0.43067655807339306,Jessica Pratt,HU,22,f,US,Female
49,5,0.38685280723454163,Twin Shadow,HU,22,f,US,Male
49,6,0.3562071871080222,Janelle Monáe,HU,22,f,US,Non-binary
49,7,0.3333333333333333,Billy Joel,HU,22,f,US,Male
49,8,0.31546487678572877,Father John Misty,HU,22,f,US,Male
49,9,0.3010299956639812,Frank Ocean,HU,22,f,US,Male
49,10,0.2890648263178879,Kacey Musgraves,HU,22,f,US,Female
50,1,1.0,Björk,BE,27,m,IS,Female
50,2,0.6309297535714575,Roy Orbison,BE,27,m,US,Male
50,3,0.5,Edwyn Collins,BE,27,m,UK,Male
50,4,0.43067655807339306,Sia,BE,27,m,AU,Female
50,5,0.38685280723454163,Steve Winwood,BE,27,m,UK,Male
50,6,0.3562071871080222,Marilyn Manson,BE,27,m,US,Male
50,7,0.3333333333333333,Ed Sheeran,BE,27,m,UK,Male
50,8,0.31546487678572877,Dennis Lloyd,BE,27,m,IL,Male
50,9,0.3010299956639812,Queen,BE,27,m,JP,Female
50,10,0.2890648263178879,George Ezra,BE,27,m,UK,Male
51,1,1.0,Björk,SE,25,m,IS,Female
51,2,0.6309297535714575,Roy Orbison,SE,25,m,US,Male
51,3,0.5,Ozzy Osbourne,SE,25,m,UK,Male
51,4,0.43067655807339306,Taylor Swift,SE,25,m,US,Female
51,5,0.38685280723454163,Lana Del Rey,SE,25,m,US,Female
51,6,0.3562071871080222,Jessie J,SE,25,m,UK,Female
51,7,0.3333333333333333,Marilyn Manson,SE,25,m,US,Male
51,8,0.31546487678572877,James Blake,SE,25,m,UK,Male
51,9,0.3010299956639812,Adele,SE,25,m,UK,Female
51,10,0.2890648263178879,Travis Scott,SE,25,m,US,Male
52,1,1.0,Four Tet,AT,27,m,UK,Male
52,2,0.6309297535714575,Twin Shadow,AT,27,m,US,Male
52,3,0.5,Snail Mail,AT,27,m,US,Female
52,4,0.43067655807339306,Julia Holter,AT,27,m,US,Female
52,5,0.38685280723454163,Tame Impala,AT,27,m,AU,Male
52,6,0.3562071871080222,Kacey Musgraves,AT,27,m,US,Female
52,7,0.3333333333333333,Janelle Monáe,AT,27,m,US,Non-binary
52,8,0.31546487678572877,Toro y Moi,AT,27,m,US,Male
52,9,0.3010299956639812,Oneohtrix Point Never,AT,27,m,US,Male
52,10,0.2890648263178879,Bill Callahan,AT,27,m,US,Male
53,1,1.0,Four Tet,US,26,m,UK,Male
53,2,0.6309297535714575,Toro y Moi,US,26,m,US,Male
53,3,0.5,Toro y Moi,US,26,m,US,Male
53,4,0.43067655807339306,Kevin Morby,US,26,m,US,Male
53,5,0.38685280723454163,Wild Nothing,US,26,m,US,Male
53,6,0.3562071871080222,John Cale,US,26,m,US,Male
53,7,0.3333333333333333,Julie Byrne,US,26,m,US,Female
53,8,0.31546487678572877,Oneohtrix Point Never,US,26,m,US,Male
53,9,0.3010299956639812,Dean Blunt,US,26,m,UK,Male
53,10,0.2890648263178879,Panda Bear,US,26,m,US,Male
54,1,1.0,Weyes Blood,ES,31,f,US,Female
54,2,0.6309297535714575,Jessica Pratt,ES,31,f,US,Female
54,3,0.5,Frank Ocean,ES,31,f,US,Male
54,4,0.43067655807339306,Snail Mail,ES,31,f,US,Female
54,5,0.38685280723454163,Travis Scott,ES,31,f,US,Male
54,6,0.3562071871080222,James Blake,ES,31,f,UK,Male
54,7,0.3333333333333333,Kacey Musgraves,ES,31,f,US,Female
54,8,0.31546487678572877,Gil Scott-Heron,ES,31,f,US,Male
54,9,0.3010299956639812,Tycho,ES,31,f,US,Male
54,10,0.2890648263178879,Bill Callahan,ES,31,f,US,Male
55,1,1.0,Haddaway,US,24,m,DE,Male
55,2,0.6309297535714575,AFI,US,24,m,US,Female
55,3,0.5,Britney Spears,US,24,m,US,Female
55,4,0.43067655807339306,Lil Nas X,US,24,m,US,Male
55,5,0.38685280723454163,James Blake,US,24,m,UK,Male
55,6,0.3562071871080222,Marilyn Manson,US,24,m,US,Male
55,7,0.3333333333333333,Queen,US,24,m,JP,Female
55,8,0.31546487678572877,Toro y Moi,US,24,m,US,Male
55,9,0.3010299956639812,John Mayer,US,24,m,IN,Male
55,10,0.2890648263178879,Björk,US,24,m,IS,Female
56,1,1.0,Eagle-Eye Cherry,US,26,m,SE,Male
56,2,0.6309297535714575,Britney Spears,US,26,m,US,Female
56,3,0.5,AFI,US,26,m,US,Female
56,4,0.43067655807339306,Britney Spears,US,26,m,US,Female
56,5,0.38685280723454163,Robyn,US,26,m,SE,Female
56,6,0.3562071871080222,Duncan Laurence,US,26,m,NL,Male
56,7,0.3333333333333333,Dolly Parton,US,26,m,US,Female
56,8,0.31546487678572877,Snail Mail,US,26,m,US,Female
56,9,0.3010299956639812,Aldous Harding,US,26,m,NZ,Female
56,10,0.2890648263178879,John Maus,US,26,m,US,Male
57,1,1.0,Haddaway,VE,26,m,DE,Male
57,2,0.6309297535714575,Robyn,VE,26,m,SE,Female
57,3,0.5,Eagle-Eye Cherry,VE,26,m,SE,Male
57,4,0.43067655807339306,Billy Joel,VE,26,m,US,Male
57,5,0.38685280723454163,Toro y Moi,VE,26,m,US,Male
57,6,0.3562071871080222,James Blake,VE,26,m,UK,Male
57,7,0.3333333333333333,Janelle Monáe,VE,26,m,US,Non-binary
57,8,0.31546487678572877,Roy Orbison,VE,26,m,US,Male
57,9,0.3010299956639812,Dolly Parton,VE,26,m,US,Female
57,10,0.2890648263178879,Moby,VE,26,m,US,Male
58,1,1.0,Marilyn Manson,MX,35,m,US,Male
58,2,0.6309297535714575,Duncan Laurence,MX,35,m,NL,Male
58,3,0.5,Moby,MX,35,m,US,Male
58,4,0.43067655807339306,Ozzy Osbourne,MX,35,m,UK,Male
58,5,0.38685280723454163,Lil Nas X,MX,35,m,US,Male
58,6,0.3562071871080222,Marilyn Manson,MX,35,m,US,Male
58,7,0.3333333333333333,Red,MX,35,m,PL,Male
58,8,0.31546487678572877,Bob Dylan,MX,35,m,US,Male
58,9,0.3010299956639812,Bryan Ferry,MX,35,m,UK,Male
58,10,0.2890648263178879,Bob Marley & The Wailers,MX,35,m,JM,Male
60,1,1.0,Billy Joel,UK,25,m,US,Male
60,2,0.6309297535714575,Bryan Adams,UK,25,m,CA,Male
60,3,0.5,Marilyn Manson,UK,25,m,US,Male
60,4,0.43067655807339306,James Blake,UK,25,m,UK,Male
60,5,0.38685280723454163,Queen,UK,25,m,JP,Female
60,6,0.3562071871080222,John Maus,UK,25,m,US,Male
60,7,0.3333333333333333,Thom Yorke,UK,25,m,UK,Male
60,8,0.31546487678572877,Björk,UK,25,m,IS,Female
60,9,0.3010299956639812,Four Tet,UK,25,m,UK,Male
60,10,0.2890648263178879,Lil Nas X,UK,25,m,US,Male
61,1,1.0,Nile,FI,30,m,US,Female
61,2,0.6309297535714575,Thom Yorke,FI,30,m,UK,Male
61,3,0.5,oOoOO,FI,30,m,US,Male
61,4,0.43067655807339306,Alice Cooper,FI,30,m,US,Male
61,5,0.38685280723454163,Amanda Palmer,FI,30,m,US,Female
61,6,0.3562071871080222,Marisa Monte,FI,30,m,BR,Female
61,7,0.3333333333333333,The Kinks,FI,30,m,US,Male
61,8,0.31546487678572877,Thom Yorke,FI,30,m,UK,Male
61,9,0.3010299956639812,Machine Head,FI,30,m,JP,Male
61,10,0.2890648263178879,Nile,FI,30,m,US,Female
62,1,1.0,Lana Del Rey,AR,27,m,US,Female
62,2,0.6309297535714575,Avril Lavigne,AR,27,m,CA,Female
62,3,0.5,Rihanna,AR,27,m,UK,Female
62,4,0.43067655807339306,Britney Spears,AR,27,m,US,Female
62,5,0.38685280723454163,Miley Cyrus,AR,27,m,US,Non-binary
62,6,0.3562071871080222,Lil Nas X,AR,27,m,US,Male
62,7,0.3333333333333333,Miley Cyrus,AR,27,m,US,Non-binary
62,8,0.31546487678572877,Sia,AR,27,m,AU,Female
62,9,0.3010299956639812,Britney Spears,AR,27,m,US,Female
62,10,0.2890648263178879,James Blake,AR,27,m,UK,Male
64,1,1.0,Julia Holter,SE,27,m,US,Female
64,2,0.6309297535714575,Grouper,SE,27,m,US,Female
64,3,0.5,Bill Callahan,SE,27,m,US,Male
64,4,0.43067655807339306,Joe Goddard,SE,27,m,UK,Male
64,5,0.38685280723454163,Travis Scott,SE,27,m,US,Male
64,6,0.3562071871080222,Ry x,SE,27,m,AU,Male
64,7,0.3333333333333333,Pional,SE,27,m,ES,Male
64,8,0.31546487678572877,Lana Del Rey,SE,27,m,US,Female
64,9,0.3010299956639812,Kevin Morby,SE,27,m,US,Male
64,10,0.2890648263178879,Billy Joel,SE,27,m,US,Male
65,1,1.0,Weyes Blood,CR,31,m,US,Female
65,2,0.6309297535714575,Jessica Pratt,CR,31,m,US,Female
65,3,0.5,Weyes Blood,CR,31,m,US,Female
65,4,0.43067655807339306,Pional,CR,31,m,ES,Male
65,5,0.38685280723454163,Billy Joel,CR,31,m,US,Male
65,6,0.3562071871080222,Wild Nothing,CR,31,m,US,Male
65,7,0.3333333333333333,Joe Goddard,CR,31,m,UK,Male
65,8,0.31546487678572877,Tycho,CR,31,m,US,Male
65,9,0.3010299956639812,Tame Impala,CR,31,m,AU,Male
65,10,0.2890648263178879,Frank Ocean,CR,31,m,US,Male
66,1,1.0,Bryan Adams,CA,24,f,CA,Male
66,2,0.6309297535714575,Billy Joel,CA,24,f,US,Male
66,3,0.5,Queen,CA,24,f,JP,Female
66,4,0.43067655807339306,Edwyn Collins,CA,24,f,UK,Male
66,5,0.38685280723454163,Toro y Moi,CA,24,f,US,Male
66,6,0.3562071871080222,Michael Sembello,CA,24,f,US,Male
66,7,0.3333333333333333,Dolly Parton,CA,24,f,US,Female
66,8,0.31546487678572877,Billy Joel,CA,24,f,US,Male
66,9,0.3010299956639812,Duncan Laurence,CA,24,f,NL,Male
66,10,0.2890648263178879,Rob Zombie,CA,24,f,US,Male
67,1,1.0,Twin Shadow,UK,27,m,US,Male
67,2,0.6309297535714575,Beck,UK,27,m,DK,Male
67,3,0.5,Father John Misty,UK,27,m,US,Male
67,4,0.43067655807339306,Janelle Monáe,UK,27,m,US,Non-binary
67,5,0.38685280723454163,Oneohtrix Point Never,UK,27,m,US,Male
67,6,0.3562071871080222,Grouper,UK,27,m,US,Female
67,7,0.3333333333333333,Toro y Moi,UK,27,m,US,Male
67,8,0.31546487678572877,Wild Nothing,UK,27,m,US,Male
67,9,0.3010299956639812,Weyes Blood,UK,27,m,US,Female
67,10,0.2890648263178879,Ariel Pink,UK,27,m,US,Male
68,1,1.0,Weyes Blood,DE,27,m,US,Female
68,2,0.6309297535714575,Weyes Blood,DE,27,m,US,Female
68,3,0.5,Thom Yorke,DE,27,m,UK,Male
68,4,0.43067655807339306,Aldous Harding,DE,27,m,NZ,Female
68,5,0.38685280723454163,John Maus,DE,27,m,US,Male
68,6,0.3562071871080222,John Maus,DE,27,m,US,Male
68,7,0.3333333333333333,James Blake,DE,27,m,UK,Male
68,8,0.31546487678572877,Tame Impala,DE,27,m,AU,Male
68,9,0.3010299956639812,Grouper,DE,27,m,US,Female
68,10,0.2890648263178879,James Blake,DE,27,m,UK,Male
69,1,1.0,Betty Davis,PL,33,m,US,Female
69,2,0.6309297535714575,Rush,PL,33,m,US,Male
69,3,0.5,Zé Keti,PL,33,m,BR,Male
69,4,0.43067655807339306,Devin Townsend,PL,33,m,CA,Male
69,5,0.38685280723454163,Rush,PL,33,m,US,Male
69,6,0.3562071871080222,Jorge Ben,PL,33,m,BR,Male
69,7,0.3333333333333333,Rush,PL,33,m,US,Male
69,8,0.31546487678572877,Manu Chao,PL,33,m,FR,Male
69,9,0.3010299956639812,Dido,PL,33,m,UK,Female
69,10,0.2890648263178879,Belchior,PL,33,m,BR,Male
70,1,1.0,AFI,NL,33,m,US,Female
70,2,0.6309297535714575,Billy Joel,NL,33,m,US,Male
70,3,0.5,Miley Cyrus,NL,33,m,US,Non-binary
70,4,0.43067655807339306,Roy Orbison,NL,33,m,US,Male
70,5,0.38685280723454163,Ed Sheeran,NL,33,m,UK,Male
70,6,0.3562071871080222,Taylor Swift,NL,33,m,US,Female
70,7,0.3333333333333333,Chris Isaak,NL,33,m,US,Male
70,8,0.31546487678572877,Queen,NL,33,m,JP,Female
70,9,0.3010299956639812,Ozzy Osbourne,NL,33,m,UK,Male
70,10,0.2890648263178879,George Ezra,NL,33,m,UK,Male
71,1,1.0,Mayhem,PL,25,m,CA,Female
71,2,0.6309297535714575,Ihsahn,PL,25,m,NO,Male
71,3,0.5,Russian Red,PL,25,m,ES,Female
71,4,0.43067655807339306,Albert King,PL,25,m,US,Male
71,5,0.38685280723454163,Emperor,PL,25,m,UK,Male
71,6,0.3562071871080222,Dr. John,PL,25,m,US,Male
71,7,0.3333333333333333,Marisa Monte,PL,25,m,BR,Female
71,8,0.31546487678572877,Nile,PL,25,m,US,Female
71,9,0.3010299956639812,The Kinks,PL,25,m,US,Male
71,10,0.2890648263178879,Tom Waits,PL,25,m,US,Male
72,1,1.0,Lil Nas X,US,39,m,US,Male
72,2,0.6309297535714575,John Mayer,US,39,m,IN,Male
72,3,0.5,Ariana Grande,US,39,m,US,Female
72,4,0.43067655807339306,Travis Scott,US,39,m,US,Male
72,5,0.38685280723454163,Bryan Adams,US,39,m,CA,Male
72,6,0.3562071871080222,Lana Del Rey,US,39,m,US,Female
72,7,0.3333333333333333,Miley Cyrus,US,39,m,US,Non-binary
72,8,0.31546487678572877,Billy Joel,US,39,m,US,Male
72,9,0.3010299956639812,Rita Ora,US,39,m,UK,Female
72,10,0.2890648263178879,Ariana Grande,US,39,m,US,Female
73,1,1.0,Toro y Moi,CH,32,m,US,Male
73,2,0.6309297535714575,Apparat,CH,32,m,DE,Male
73,3,0.5,Billy Joel,CH,32,m,US,Male
73,4,0.43067655807339306,Tame Impala,CH,32,m,AU,Male
73,5,0.38685280723454163,Janelle Monáe,CH,32,m,US,Non-binary
73,6,0.3562071871080222,Bill Callahan,CH,32,m,US,Male
73,7,0.3333333333333333,Ariel Pink,CH,32,m,US,Male
73,8,0.31546487678572877,Kevin Morby,CH,32,m,US,Male
73,9,0.3010299956639812,Wild Nothing,CH,32,m,US,Male
73,10,0.2890648263178879,Father John Misty,CH,32,m,US,Male
74,1,1.0,Apparat,IT,31,m,DE,Male
74,2,0.6309297535714575,Travis Scott,IT,31,m,US,Male
74,3,0.5,Twin Shadow,IT,31,m,US,Male
74,4,0.43067655807339306,Robyn,IT,31,m,SE,Female
74,5,0.38685280723454163,Lana Del Rey,IT,31,m,US,Female
74,6,0.3562071871080222,Britney Spears,IT,31,m,US,Female
74,7,0.3333333333333333,Snail Mail,IT,31,m,US,Female
74,8,0.31546487678572877,Billy Joel,IT,31,m,US,Male
74,9,0.3010299956639812,Father John Misty,IT,31,m,US,Male
74,10,0.2890648263178879,Toro y Moi,IT,31,m,US,Male
75,1,1.0,Weyes Blood,NO,28,m,US,Female
75,2,0.6309297535714575,Jessica Pratt,NO,28,m,US,Female
75,3,0.5,Tame Impala,NO,28,m,AU,Male
75,4,0.43067655807339306,Wild Nothing,NO,28,m,US,Male
75,5,0.38685280723454163,Travis Scott,NO,28,m,US,Male
75,6,0.3562071871080222,Kacey Musgraves,NO,28,m,US,Female
75,7,0.3333333333333333,Frank Ocean,NO,28,m,US,Male
75,8,0.31546487678572877,Darkside,NO,28,m,UK,Male
75,9,0.3010299956639812,Earl Sweatshirt,NO,28,m,US,Male
75,10,0.2890648263178879,Earl Sweatshirt,NO,28,m,US,Male
76,1,1.0,Billy Joel,DE,61,m,US,Male
76,2,0.6309297535714575,AFI,DE,61,m,US,Female
76,3,0.5,Eagle-Eye Cherry,DE,61,m,SE,Male
76,4,0.43067655807339306,Roy Orbison,DE,61,m,US,Male
76,5,0.38685280723454163,Queen,DE,61,m,JP,Female
76,6,0.3562071871080222,Dolly Parton,DE,61,m,US,Female
76,7,0.3333333333333333,Laura Branigan,DE,61,m,US,Female
76,8,0.31546487678572877,Haddaway,DE,61,m,DE,Male
76,9,0.3010299956639812,Queen,DE,61,m,JP,Female
76,10,0.2890648263178879,Björk,DE,61,m,IS,Female
77,1,1.0,Marilyn Manson,FI,31,m,US,Male
77,2,0.6309297535714575,Marilyn Manson,FI,31,m,US,Male
77,3,0.5,Queen,FI,31,m,JP,Female
77,4,0.43067655807339306,Red,FI,31,m,PL,Male
77,5,0.38685280723454163,Carpenter Brut,FI,31,m,FR,Male
77,6,0.3562071871080222,AFI,FI,31,m,US,Female
77,7,0.3333333333333333,Marilyn Manson,FI,31,m,US,Male
77,8,0.31546487678572877,Ozzy Osbourne,FI,31,m,UK,Male
77,9,0.3010299956639812,Rob Zombie,FI,31,m,US,Male
77,10,0.2890648263178879,Mr.Kitty,FI,31,m,US,Male
78,1,1.0,Seal,NO,29,m,UK,Male
78,2,0.6309297535714575,Britney Spears,NO,29,m,US,Female
78,3,0.5,AFI,NO,29,m,US,Female
78,4,0.43067655807339306,Ariana Grande,NO,29,m,US,Female
78,5,0.38685280723454163,Marilyn Manson,NO,29,m,US,Male
78,6,0.3562071871080222,Laura Branigan,NO,29,m,US,Female
78,7,0.3333333333333333,Dolly Parton,NO,29,m,US,Female
78,8,0.31546487678572877,Edwyn Collins,NO,29,m,UK,Male
78,9,0.3010299956639812,Ariana Grande,NO,29,m,US,Female
78,10,0.2890648263178879,Björk,NO,29,m,IS,Female
79,1,1.0,Bryan Adams,US,25,m,CA,Male
79,2,0.6309297535714575,Robyn,US,25,m,SE,Female
79,3,0.5,Dolly Parton,US,25,m,US,Female
79,4,0.43067655807339306,Björk,US,25,m,IS,Female
79,5,0.38685280723454163,Duncan Laurence,US,25,m,NL,Male
79,6,0.3562071871080222,Chuck Berry,US,25,m,US,Male
79,7,0.3333333333333333,Janelle Monáe,US,25,m,US,Non-binary
79,8,0.31546487678572877,Thom Yorke,US,25,m,UK,Male
79,9,0.3010299956639812,Laura Branigan,US,25,m,US,Female
79,10,0.2890648263178879,Lana Del Rey,US,25,m,US,Female
80,1,1.0,Bryan Adams,RU,24,m,CA,Male
80,2,0.6309297535714575,Billy Joel,RU,24,m,US,Male
80,3,0.5,Chuck Berry,RU,24,m,US,Male
80,4,0.43067655807339306,Billy Joel,RU,24,m,US,Male
80,5,0.38685280723454163,Marilyn Manson,RU,24,m,US,Male
80,6,0.3562071871080222,Ed Sheeran,RU,24,m,UK,Male
80,7,0.3333333333333333,Roy Orbison,RU,24,m,US,Male
80,8,0.31546487678572877,Michael Sembello,RU,24,m,US,Male
80,9,0.3010299956639812,Chris Isaak,RU,24,m,US,Male
80,10,0.2890648263178879,Ozzy Osbourne,RU,24,m,UK,Male
81,1,1.0,Haddaway,LV,22,m,DE,Male
81,2,0.6309297535714575,Bryan Adams,LV,22,m,CA,Male
81,3,0.5,Lana Del Rey,LV,22,m,US,Female
81,4,0.43067655807339306,AFI,LV,22,m,US,Female
81,5,0.38685280723454163,Eagle-Eye Cherry,LV,22,m,SE,Male
81,6,0.3562071871080222,Marilyn Manson,LV,22,m,US,Male
81,7,0.3333333333333333,Dolly Parton,LV,22,m,US,Female
81,8,0.31546487678572877,Ed Sheeran,LV,22,m,UK,Male
81,9,0.3010299956639812,Toro y Moi,LV,22,m,US,Male
81,10,0.2890648263178879,Björk,LV,22,m,IS,Female
82,1,1.0,AFI,RU,26,m,US,Female
82,2,0.6309297535714575,Robyn,RU,26,m,SE,Female
82,3,0.5,Lil Nas X,RU,26,m,US,Male
82,4,0.43067655807339306,Miley Cyrus,RU,26,m,US,Non-binary
82,5,0.38685280723454163,Duncan Laurence,RU,26,m,NL,Male
82,6,0.3562071871080222,Michael Sembello,RU,26,m,US,Male
82,7,0.3333333333333333,Jessie J,RU,26,m,UK,Female
82,8,0.31546487678572877,Taylor Swift,RU,26,m,US,Female
82,9,0.3010299956639812,Queen,RU,26,m,JP,Female
82,10,0.2890648263178879,Laura Branigan,RU,26,m,US,Female
83,1,1.0,Weyes Blood,FI,25,m,US,Female
83,2,0.6309297535714575,Weyes Blood,FI,25,m,US,Female
83,3,0.5,Jessica Pratt,FI,25,m,US,Female
83,4,0.43067655807339306,DJ Shadow,FI,25,m,US,Male
83,5,0.38685280723454163,Janelle Monáe,FI,25,m,US,Non-binary
83,6,0.3562071871080222,Haddaway,FI,25,m,DE,Male
83,7,0.3333333333333333,Weyes Blood,FI,25,m,US,Female
83,8,0.31546487678572877,Tycho,FI,25,m,US,Male
83,9,0.3010299956639812,AFI,FI,25,m,US,Female
83,10,0.2890648263178879,Björk,FI,25,m,IS,Female
84,1,1.0,James Blake,RU,34,m,UK,Male
84,2,0.6309297535714575,Weyes Blood,RU,34,m,US,Female
84,3,0.5,Toro y Moi,RU,34,m,US,Male
84,4,0.43067655807339306,Four Tet,RU,34,m,UK,Male
84,5,0.38685280723454163,James Blake,RU,34,m,UK,Male
84,6,0.3562071871080222,John Maus,RU,34,m,US,Male
84,7,0.3333333333333333,Jessica Pratt,RU,34,m,US,Female
84,8,0.31546487678572877,Toro y Moi,RU,34,m,US,Male
84,9,0.3010299956639812,Apparat,RU,34,m,DE,Male
84,10,0.2890648263178879,Beck,RU,34,m,DK,Male
85,1,1.0,Beck,DE,27,m,DK,Male
85,2,0.6309297535714575,Queen,DE,27,m,JP,Female
85,3,0.5,Mr.Kitty,DE,27,m,US,Male
85,4,0.43067655807339306,AFI,DE,27,m,US,Female
85,5,0.38685280723454163,Eagle-Eye Cherry,DE,27,m,SE,Male
85,6,0.3562071871080222,Serj Tankian,DE,27,m,US,Male
85,7,0.3333333333333333,Blue Stahli,DE,27,m,US,Male
85,8,0.31546487678572877,Red,DE,27,m,PL,Male
85,9,0.3010299956639812,Billy Joel,DE,27,m,US,Male
85,10,0.2890648263178879,Oliver Koletzki,DE,27,m,DE,Male
86,1,1.0,Robyn,DZ,24,m,SE,Female
86,2,0.6309297535714575,Beyoncé,DZ,24,m,US,Female
86,3,0.5,Robyn,DZ,24,m,SE,Female
86,4,0.43067655807339306,Toro y Moi,DZ,24,m,US,Male
86,5,0.38685280723454163,Ariana Grande,DZ,24,m,US,Female
86,6,0.3562071871080222,Janelle Monáe,DZ,24,m,US,Non-binary
86,7,0.3333333333333333,Apparat,DZ,24,m,DE,Male
86,8,0.31546487678572877,Lil Nas X,DZ,24,m,US,Male
86,9,0.3010299956639812,Britney Spears,DZ,24,m,US,Female
86,10,0.2890648263178879,Taylor Swift,DZ,24,m,US,Female
87,1,1.0,James Blake,UK,22,m,UK,Male
87,2,0.6309297535714575,Four Tet,UK,22,m,UK,Male
87,3,0.5,Toro y Moi,UK,22,m,US,Male
87,4,0.43067655807339306,Twin Shadow,UK,22,m,US,Male
87,5,0.38685280723454163,Toro y Moi,UK,22,m,US,Male
87,6,0.3562071871080222,James Blake,UK,22,m,UK,Male
87,7,0.3333333333333333,Snail Mail,UK,22,m,US,Female
87,8,0.31546487678572877,Ariel Pink,UK,22,m,US,Male
87,9,0.3010299956639812,Julia Holter,UK,22,m,US,Female
87,10,0.2890648263178879,Billy Joel,UK,22,m,US,Male
88,1,1.0,Apparat,NL,24,m,DE,Male
88,2,0.6309297535714575,Toro y Moi,NL,24,m,US,Male
88,3,0.5,Janelle Monáe,NL,24,m,US,Non-binary
88,4,0.43067655807339306,Grouper,NL,24,m,US,Female
88,5,0.38685280723454163,Beck,NL,24,m,DK,Male
88,6,0.3562071871080222,Tame Impala,NL,24,m,AU,Male
88,7,0.3333333333333333,Weyes Blood,NL,24,m,US,Female
88,8,0.31546487678572877,Father John Misty,NL,24,m,US,Male
88,9,0.3010299956639812,Jessica Pratt,NL,24,m,US,Female
88,10,0.2890648263178879,Frank Ocean,NL,24,m,US,Male
89,1,1.0,Ariana Grande,CH,22,m,US,Female
89,2,0.6309297535714575,Sia,CH,22,m,AU,Female
89,3,0.5,Michael Sembello,CH,22,m,US,Male
89,4,0.43067655807339306,Beck,CH,22,m,DK,Male
89,5,0.38685280723454163,Chris Isaak,CH,22,m,US,Male
89,6,0.3562071871080222,Marilyn Manson,CH,22,m,US,Male
89,7,0.3333333333333333,Rita Ora,CH,22,m,UK,Female
89,8,0.31546487678572877,AFI,CH,22,m,US,Female
89,9,0.3010299956639812,Ariana Grande,CH,22,m,US,Female
89,10,0.2890648263178879,Ed Sheeran,CH,22,m,UK,Male
90,1,1.0,Britney Spears,BR,25,m,US,Female
90,2,0.6309297535714575,Sia,BR,25,m,AU,Female
90,3,0.5,Bryan Adams,BR,25,m,CA,Male
90,4,0.43067655807339306,Avril Lavigne,BR,25,m,CA,Female
90,5,0.38685280723454163,Ed Sheeran,BR,25,m,UK,Male
90,6,0.3562071871080222,Robyn,BR,25,m,SE,Female
90,7,0.3333333333333333,Haddaway,BR,25,m,DE,Male
90,8,0.31546487678572877,Miley Cyrus,BR,25,m,US,Non-binary
90,9,0.3010299956639812,Dennis Lloyd,BR,25,m,IL,Male
90,10,0.2890648263178879,Sia,BR,25,m,AU,Female
91,1,1.0,Haddaway,US,25,m,DE,Male
91,2,0.6309297535714575,Beyoncé,US,25,m,US,Female
91,3,0.5,Ed Sheeran,US,25,m,UK,Male
91,4,0.43067655807339306,James Blake,US,25,m,UK,Male
91,5,0.38685280723454163,John Mayer,US,25,m,IN,Male
91,6,0.3562071871080222,Marilyn Manson,US,25,m,US,Male
91,7,0.3333333333333333,Rihanna,US,25,m,UK,Female
91,8,0.31546487678572877,Sia,US,25,m,AU,Female
91,9,0.3010299956639812,Eagle-Eye Cherry,US,25,m,SE,Male
91,10,0.2890648263178879,Bryan Adams,US,25,m,CA,Male
92,1,1.0,Kurt Vile,DE,28,m,US,Male
92,2,0.6309297535714575,John Maus,DE,28,m,US,Male
92,3,0.5,Weyes Blood,DE,28,m,US,Female
92,4,0.43067655807339306,Ariana Grande,DE,28,m,US,Female
92,5,0.38685280723454163,Janelle Monáe,DE,28,m,US,Non-binary
92,6,0.3562071871080222,Ariana Grande,DE,28,m,US,Female
92,7,0.3333333333333333,Toro y Moi,DE,28,m,US,Male
92,8,0.31546487678572877,Ariana Grande,DE,28,m,US,Female
92,9,0.3010299956639812,John Maus,DE,28,m,US,Male
92,10,0.2890648263178879,Britney Spears,DE,28,m,US,Female
93,1,1.0,Ed Sheeran,FI,23,m,UK,Male
93,2,0.6309297535714575,Lil Nas X,FI,23,m,US,Male
93,3,0.5,Robyn,FI,23,m,SE,Female
93,4,0.43067655807339306,Björk,FI,23,m,IS,Female
93,5,0.38685280723454163,Ariana Grande,FI,23,m,US,Female
93,6,0.3562071871080222,Edwyn Collins,FI,23,m,UK,Male
93,7,0.3333333333333333,Marilyn Manson,FI,23,m,US,Male
93,8,0.31546487678572877,Tame Impala,FI,23,m,AU,Male
93,9,0.3010299956639812,Moby,FI,23,m,US,Male
93,10,0.2890648263178879,Justin Timberlake,FI,23,m,US,Male
94,1,1.0,Lil Nas X,OM,26,m,US,Male
94,2,0.6309297535714575,AFI,OM,26,m,US,Female
94,3,0.5,Beck,OM,26,m,DK,Male
94,4,0.43067655807339306,Lana Del Rey,OM,26,m,US,Female
94,5,0.38685280723454163,Michael Sembello,OM,26,m,US,Male
94,6,0.3562071871080222,Rita Ora,OM,26,m,UK,Female
94,7,0.3333333333333333,Duncan Laurence,OM,26,m,NL,Male
94,8,0.31546487678572877,Adele,OM,26,m,UK,Female
94,9,0.3010299956639812,Laura Branigan,OM,26,m,US,Female
94,10,0.2890648263178879,Chris Isaak,OM,26,m,US,Male
95,1,1.0,Grouper,NL,24,m,US,Female
95,2,0.6309297535714575,Ariel Pink,NL,24,m,US,Male
95,3,0.5,Bill Callahan,NL,24,m,US,Male
95,4,0.43067655807339306,Toro y Moi,NL,24,m,US,Male
95,5,0.38685280723454163,Janelle Monáe,NL,24,m,US,Non-binary
95,6,0.3562071871080222,Cass McCombs,NL,24,m,US,Male
95,7,0.3333333333333333,Kevin Morby,NL,24,m,US,Male
95,8,0.31546487678572877,Earl Sweatshirt,NL,24,m,US,Male
95,9,0.3010299956639812,Wild Nothing,NL,24,m,US,Male
95,10,0.2890648263178879,Tame Impala,NL,24,m,AU,Male
96,1,1.0,Michael Sembello,SE,27,m,US,Male
96,2,0.6309297535714575,Billy Joel,SE,27,m,US,Male
96,3,0.5,Queen,SE,27,m,JP,Female
96,4,0.43067655807339306,Duncan Laurence,SE,27,m,NL,Male
96,5,0.38685280723454163,Marilyn Manson,SE,27,m,US,Male
96,6,0.3562071871080222,Miley Cyrus,SE,27,m,US,Non-binary
96,7,0.3333333333333333,Edwyn Collins,SE,27,m,UK,Male
96,8,0.31546487678572877,George Ezra,SE,27,m,UK,Male
96,9,0.3010299956639812,Ed Sheeran,SE,27,m,UK,Male
96,10,0.2890648263178879,Eric Clapton,SE,27,m,UK,Male
97,1,1.0,Snail Mail,SE,23,m,US,Female
97,2,0.6309297535714575,Billy Joel,SE,23,m,US,Male
97,3,0.5,James Blake,SE,23,m,UK,Male
97,4,0.43067655807339306,Apparat,SE,23,m,DE,Male
97,5,0.38685280723454163,Toro y Moi,SE,23,m,US,Male
97,6,0.3562071871080222,John Maus,SE,23,m,US,Male
97,7,0.3333333333333333,James Blake,SE,23,m,UK,Male
97,8,0.31546487678572877,Four Tet,SE,23,m,UK,Male
97,9,0.3010299956639812,Toro y Moi,SE,23,m,US,Male
97,10,0.2890648263178879,Eagle-Eye Cherry,SE,23,m,SE,Male
98,1,1.0,AFI,CA,23,m,US,Female
98,2,0.6309297535714575,Queen,CA,23,m,JP,Female
98,3,0.5,Marilyn Manson,CA,23,m,US,Male
98,4,0.43067655807339306,Carpenter Brut,CA,23,m,FR,Male
98,5,0.38685280723454163,Moby,CA,23,m,US,Male
98,6,0.3562071871080222,Björk,CA,23,m,IS,Female
98,7,0.3333333333333333,Queen,CA,23,m,JP,Female
98,8,0.31546487678572877,Bryan Adams,CA,23,m,CA,Male
98,9,0.3010299956639812,Eagle-Eye Cherry,CA,23,m,SE,Male
98,10,0.2890648263178879,Marilyn Manson,CA,23,m,US,Male
99,1,1.0,Tame Impala,US,42,m,AU,Male
99,2,0.6309297535714575,Four Tet,US,42,m,UK,Male
99,3,0.5,Twin Shadow,US,42,m,US,Male
99,4,0.43067655807339306,Apparat,US,42,m,DE,Male
99,5,0.38685280723454163,Grouper,US,42,m,US,Female
99,6,0.3562071871080222,Dean Blunt,US,42,m,UK,Male
99,7,0.3333333333333333,Toro y Moi,US,42,m,US,Male
99,8,0.31546487678572877,Grouper,US,42,m,US,Female
99,9,0.3010299956639812,Toro y Moi,US,42,m,US,Male
99,10,0.2890648263178879,Grouper,US,42,m,US,Female
100,1,1.0,Russian Red,FI,31,m,ES,Female
100,2,0.6309297535714575,Mayhem,FI,31,m,CA,Female
100,3,0.5,Queen,FI,31,m,JP,Female
100,4,0.43067655807339306,The Kinks,FI,31,m,US,Male
100,5,0.38685280723454163,The Kinks,FI,31,m,US,Male
100,6,0.3562071871080222,Queen,FI,31,m,JP,Female
100,7,0.3333333333333333,Emperor,FI,31,m,UK,Male
100,8,0.31546487678572877,Queen,FI,31,m,JP,Female
100,9,0.3010299956639812,Queen,FI,31,m,JP,Female
100,10,0.2890648263178879,YOB,FI,31,m,UK,Male
101,1,1.0,Lana Del Rey,PL,37,m,US,Female
101,2,0.6309297535714575,Miley Cyrus,PL,37,m,US,Non-binary
101,3,0.5,Sia,PL,37,m,AU,Female
101,4,0.43067655807339306,Britney Spears,PL,37,m,US,Female
101,5,0.38685280723454163,Lil Nas X,PL,37,m,US,Male
101,6,0.3562071871080222,Ed Sheeran,PL,37,m,UK,Male
101,7,0.3333333333333333,Haddaway,PL,37,m,DE,Male
101,8,0.31546487678572877,Rihanna,PL,37,m,UK,Female
101,9,0.3010299956639812,Britney Spears,PL,37,m,US,Female
101,10,0.2890648263178879,Troye Sivan,PL,37,m,AU,Male
102,1,1.0,Julia Holter,US,21,m,US,Female
102,2,0.6309297535714575,Robyn,US,21,m,SE,Female
102,3,0.5,Grouper,US,21,m,US,Female
102,4,0.43067655807339306,Oneohtrix Point Never,US,21,m,US,Male
102,5,0.38685280723454163,Grimes,US,21,m,CA,Female
102,6,0.3562071871080222,Grimes,US,21,m,CA,Female
102,7,0.3333333333333333,Weyes Blood,US,21,m,US,Female
102,8,0.31546487678572877,Billy Joel,US,21,m,US,Male
102,9,0.3010299956639812,Earl Sweatshirt,US,21,m,US,Male
102,10,0.2890648263178879,Chelsea Wolfe,US,21,m,US,Female
103,1,1.0,John Maus,CZ,22,m,US,Male
103,2,0.6309297535714575,Snail Mail,CZ,22,m,US,Female
103,3,0.5,Thom Yorke,CZ,22,m,UK,Male
103,4,0.43067655807339306,John Maus,CZ,22,m,US,Male
103,5,0.38685280723454163,Kurt Vile,CZ,22,m,US,Male
103,6,0.3562071871080222,Snail Mail,CZ,22,m,US,Female
103,7,0.3333333333333333,Tame Impala,CZ,22,m,AU,Male
103,8,0.31546487678572877,Aimee Mann,CZ,22,m,US,Female
103,9,0.3010299956639812,Ariel Pink,CZ,22,m,US,Male
103,10,0.2890648263178879,Julia Holter,CZ,22,m,US,Female
104,1,1.0,AFI,IR,25,m,US,Female
104,2,0.6309297535714575,Billy Joel,IR,25,m,US,Male
104,3,0.5,Michael Sembello,IR,25,m,US,Male
104,4,0.43067655807339306,Seal,IR,25,m,UK,Male
104,5,0.38685280723454163,Chuck Berry,IR,25,m,US,Male
104,6,0.3562071871080222,Dolly Parton,IR,25,m,US,Female
104,7,0.3333333333333333,Queen,IR,25,m,JP,Female
104,8,0.31546487678572877,Robyn,IR,25,m,SE,Female
104,9,0.3010299956639812,Roy Orbison,IR,25,m,US,Male
104,10,0.2890648263178879,George Ezra,IR,25,m,UK,Male
105,1,1.0,Björk,FI,23,f,IS,Female
105,2,0.6309297535714575,Roy Orbison,FI,23,f,US,Male
105,3,0.5,Seal,FI,23,f,UK,Male
105,4,0.43067655807339306,Queen,FI,23,f,JP,Female
105,5,0.38685280723454163,Dolly Parton,FI,23,f,US,Female
105,6,0.3562071871080222,Miley Cyrus,FI,23,f,US,Non-binary
105,7,0.3333333333333333,Taylor Swift,FI,23,f,US,Female
105,8,0.31546487678572877,Jessie J,FI,23,f,UK,Female
105,9,0.3010299956639812,Ed Sheeran,FI,23,f,UK,Male
105,10,0.2890648263178879,George Ezra,FI,23,f,UK,Male
106,1,1.0,Lil Nas X,FI,22,f,US,Male
106,2,0.6309297535714575,John Mayer,FI,22,f,IN,Male
106,3,0.5,Michael Sembello,FI,22,f,US,Male
106,4,0.43067655807339306,Chris Isaak,FI,22,f,US,Male
106,5,0.38685280723454163,Adele,FI,22,f,UK,Female
106,6,0.3562071871080222,Ariana Grande,FI,22,f,US,Female
106,7,0.3333333333333333,Edwyn Collins,FI,22,f,UK,Male
106,8,0.31546487678572877,Queen,FI,22,f,JP,Female
106,9,0.3010299956639812,Dolly Parton,FI,22,f,US,Female
106,10,0.2890648263178879,Chuck Berry,FI,22,f,US,Male
107,1,1.0,Beyoncé,UK,20,f,US,Female
107,2,0.6309297535714575,Ariana Grande,UK,20,f,US,Female
107,3,0.5,Lil Nas X,UK,20,f,US,Male
107,4,0.43067655807339306,Janelle Monáe,UK,20,f,US,Non-binary
107,5,0.38685280723454163,Toro y Moi,UK,20,f,US,Male
107,6,0.3562071871080222,Ariana Grande,UK,20,f,US,Female
107,7,0.3333333333333333,Apparat,UK,20,f,DE,Male
107,8,0.31546487678572877,Weyes Blood,UK,20,f,US,Female
107,9,0.3010299956639812,Rihanna,UK,20,f,UK,Female
107,10,0.2890648263178879,John Maus,UK,20,f,US,Male
108,1,1.0,Lil Nas X,US,27,m,US,Male
108,2,0.6309297535714575,Marilyn Manson,US,27,m,US,Male
108,3,0.5,Beck,US,27,m,DK,Male
108,4,0.43067655807339306,Duncan Laurence,US,27,m,NL,Male
108,5,0.38685280723454163,Michael Sembello,US,27,m,US,Male
108,6,0.3562071871080222,AFI,US,27,m,US,Female
108,7,0.3333333333333333,Taylor Swift,US,27,m,US,Female
108,8,0.31546487678572877,Billy Joel,US,27,m,US,Male
108,9,0.3010299956639812,Roy Orbison,US,27,m,US,Male
108,10,0.2890648263178879,Chris Isaak,US,27,m,US,Male
110,1,1.0,Bryan Adams,BR,24,m,CA,Male
110,2,0.6309297535714575,Eagle-Eye Cherry,BR,24,m,SE,Male
110,3,0.5,Beck,BR,24,m,DK,Male
110,4,0.43067655807339306,Duncan Laurence,BR,24,m,NL,Male
110,5,0.38685280723454163,Billy Joel,BR,24,m,US,Male
110,6,0.3562071871080222,AFI,BR,24,m,US,Female
110,7,0.3333333333333333,Taylor Swift,BR,24,m,US,Female
110,8,0.31546487678572877,Marilyn Manson,BR,24,m,US,Male
110,9,0.3010299956639812,Chris Isaak,BR,24,m,US,Male
110,10,0.2890648263178879,Michael Sembello,BR,24,m,US,Male
111,1,1.0,Haddaway,US,30,m,DE,Male
111,2,0.6309297535714575,Bryan Adams,US,30,m,CA,Male
111,3,0.5,Billy Joel,US,30,m,US,Male
111,4,0.43067655807339306,Marilyn Manson,US,30,m,US,Male
111,5,0.38685280723454163,Rob Zombie,US,30,m,US,Male
111,6,0.3562071871080222,Marilyn Manson,US,30,m,US,Male
111,7,0.3333333333333333,Björk,US,30,m,IS,Female
111,8,0.31546487678572877,Moby,US,30,m,US,Male
111,9,0.3010299956639812,Chuck Berry,US,30,m,US,Male
111,10,0.2890648263178879,Ozzy Osbourne,US,30,m,UK,Male
112,1,1.0,Billy Joel,DK,30,m,US,Male
112,2,0.6309297535714575,Ed Sheeran,DK,30,m,UK,Male
112,3,0.5,Billy Joel,DK,30,m,US,Male
112,4,0.43067655807339306,Roy Orbison,DK,30,m,US,Male
112,5,0.38685280723454163,John Mayer,DK,30,m,IN,Male
112,6,0.3562071871080222,Dolly Parton,DK,30,m,US,Female
112,7,0.3333333333333333,Seal,DK,30,m,UK,Male
112,8,0.31546487678572877,Duncan Laurence,DK,30,m,NL,Male
112,9,0.3010299956639812,Lil Nas X,DK,30,m,US,Male
112,10,0.2890648263178879,Eric Clapton,DK,30,m,UK,Male
113,1,1.0,Apparat,NL,34,m,DE,Male
113,2,0.6309297535714575,Toro y Moi,NL,34,m,US,Male
113,3,0.5,Weyes Blood,NL,34,m,US,Female
113,4,0.43067655807339306,Grouper,NL,34,m,US,Female
113,5,0.38685280723454163,Kevin Morby,NL,34,m,US,Male
113,6,0.3562071871080222,Panda Bear,NL,34,m,US,Male
113,7,0.3333333333333333,Beck,NL,34,m,DK,Male
113,8,0.31546487678572877,Oneohtrix Point Never,NL,34,m,US,Male
113,9,0.3010299956639812,Billy Joel,NL,34,m,US,Male
113,10,0.2890648263178879,John Cale,NL,34,m,US,Male
115,1,1.0,Four Tet,NL,39,m,UK,Male
115,2,0.6309297535714575,Toro y Moi,NL,39,m,US,Male
115,3,0.5,Apparat,NL,39,m,DE,Male
115,4,0.43067655807339306,Toro y Moi,NL,39,m,US,Male
115,5,0.38685280723454163,Grouper,NL,39,m,US,Female
115,6,0.3562071871080222,Beck,NL,39,m,DK,Male
115,7,0.3333333333333333,Ariel Pink,NL,39,m,US,Male
115,8,0.31546487678572877,Kacey Musgraves,NL,39,m,US,Female
115,9,0.3010299956639812,Bill Callahan,NL,39,m,US,Male
115,10,0.2890648263178879,Kevin Morby,NL,39,m,US,Male
116,1,1.0,Duncan Laurence,US,25,m,NL,Male
116,2,0.6309297535714575,AFI,US,25,m,US,Female
116,3,0.5,Billy Joel,US,25,m,US,Male
116,4,0.43067655807339306,Michael Sembello,US,25,m,US,Male
116,5,0.38685280723454163,Marilyn Manson,US,25,m,US,Male
116,6,0.3562071871080222,Dolly Parton,US,25,m,US,Female
116,7,0.3333333333333333,Roy Orbison,US,25,m,US,Male
116,8,0.31546487678572877,Adele,US,25,m,UK,Female
116,9,0.3010299956639812,Chris Isaak,US,25,m,US,Male
116,10,0.2890648263178879,Seal,US,25,m,UK,Male
117,1,1.0,Robyn,NO,35,f,SE,Female
117,2,0.6309297535714575,AFI,NO,35,f,US,Female
117,3,0.5,Taylor Swift,NO,35,f,US,Female
117,4,0.43067655807339306,Ariana Grande,NO,35,f,US,Female
117,5,0.38685280723454163,Miley Cyrus,NO,35,f,US,Non-binary
117,6,0.3562071871080222,Jessie J,NO,35,f,UK,Female
117,7,0.3333333333333333,Travis Scott,NO,35,f,US,Male
117,8,0.31546487678572877,Avril Lavigne,NO,35,f,CA,Female
117,9,0.3010299956639812,Chuck Berry,NO,35,f,US,Male
117,10,0.2890648263178879,Tame Impala,NO,35,f,AU,Male
118,1,1.0,Björk,CZ,30,m,IS,Female
118,2,0.6309297535714575,Roy Orbison,CZ,30,m,US,Male
118,3,0.5,Michael Sembello,CZ,30,m,US,Male
118,4,0.43067655807339306,Chris Isaak,CZ,30,m,US,Male
118,5,0.38685280723454163,Edwyn Collins,CZ,30,m,UK,Male
118,6,0.3562071871080222,Seal,CZ,30,m,UK,Male
118,7,0.3333333333333333,Marilyn Manson,CZ,30,m,US,Male
118,8,0.31546487678572877,Moby,CZ,30,m,US,Male
118,9,0.3010299956639812,Robyn,CZ,30,m,SE,Female
118,10,0.2890648263178879,Tame Impala,CZ,30,m,AU,Male
119,1,1.0,Ed Sheeran,RU,34,m,UK,Male
119,2,0.6309297535714575,Sia,RU,34,m,AU,Female
119,3,0.5,Billy Joel,RU,34,m,US,Male
119,4,0.43067655807339306,Ariana Grande,RU,34,m,US,Female
119,5,0.38685280723454163,Miley Cyrus,RU,34,m,US,Non-binary
119,6,0.3562071871080222,Eagle-Eye Cherry,RU,34,m,SE,Male
119,7,0.3333333333333333,Britney Spears,RU,34,m,US,Female
119,8,0.31546487678572877,Nicki Minaj,RU,34,m,US,Female
119,9,0.3010299956639812,Bryan Adams,RU,34,m,CA,Male
119,10,0.2890648263178879,Seal,RU,34,m,UK,Male
120,1,1.0,Miley Cyrus,UK,22,m,US,Non-binary
120,2,0.6309297535714575,John Mayer,UK,22,m,IN,Male
120,3,0.5,Ariana Grande,UK,22,m,US,Female
120,4,0.43067655807339306,Bryan Adams,UK,22,m,CA,Male
120,5,0.38685280723454163,Beck,UK,22,m,DK,Male
120,6,0.3562071871080222,Lana Del Rey,UK,22,m,US,Female
120,7,0.3333333333333333,Ariana Grande,UK,22,m,US,Female
120,8,0.31546487678572877,Rita Ora,UK,22,m,UK,Female
120,9,0.3010299956639812,Eagle-Eye Cherry,UK,22,m,SE,Male
120,10,0.2890648263178879,Sia,UK,22,m,AU,Female
121,1,1.0,Thom Yorke,US,32,f,UK,Male
121,2,0.6309297535714575,John Maus,US,32,f,US,Male
121,3,0.5,John Maus,US,32,f,US,Male
121,4,0.43067655807339306,Twin Shadow,US,32,f,US,Male
121,5,0.38685280723454163,James Blake,US,32,f,UK,Male
121,6,0.3562071871080222,Tame Impala,US,32,f,AU,Male
121,7,0.3333333333333333,Four Tet,US,32,f,UK,Male
121,8,0.31546487678572877,Apparat,US,32,f,DE,Male
121,9,0.3010299956639812,James Blake,US,32,f,UK,Male
121,10,0.2890648263178879,Oneohtrix Point Never,US,32,f,US,Male
123,1,1.0,Aldous Harding,BR,25,m,NZ,Female
123,2,0.6309297535714575,Haddaway,BR,25,m,DE,Male
123,3,0.5,James Blake,BR,25,m,UK,Male
123,4,0.43067655807339306,Lil Nas X,BR,25,m,US,Male
123,5,0.38685280723454163,The Tallest Man on Earth,BR,25,m,SE,Male
123,6,0.3562071871080222,Apparat,BR,25,m,DE,Male
123,7,0.3333333333333333,Chuck Berry,BR,25,m,US,Male
123,8,0.31546487678572877,AFI,BR,25,m,US,Female
123,9,0.3010299956639812,Duncan Laurence,BR,25,m,NL,Male
123,10,0.2890648263178879,Kurt Vile,BR,25,m,US,Male
124,1,1.0,Beck,BA,23,f,DK,Male
124,2,0.6309297535714575,Snail Mail,BA,23,f,US,Female
124,3,0.5,Julia Holter,BA,23,f,US,Female
124,4,0.43067655807339306,Janelle Monáe,BA,23,f,US,Non-binary
124,5,0.38685280723454163,Toro y Moi,BA,23,f,US,Male
124,6,0.3562071871080222,Ariel Pink,BA,23,f,US,Male
124,7,0.3333333333333333,Grouper,BA,23,f,US,Female
124,8,0.31546487678572877,Father John Misty,BA,23,f,US,Male
124,9,0.3010299956639812,Oneohtrix Point Never,BA,23,f,US,Male
124,10,0.2890648263178879,Kacey Musgraves,BA,23,f,US,Female
125,1,1.0,Queen,FR,33,m,JP,Female
125,2,0.6309297535714575,Billy Joel,FR,33,m,US,Male
125,3,0.5,Ed Sheeran,FR,33,m,UK,Male
125,4,0.43067655807339306,Billy Joel,FR,33,m,US,Male
125,5,0.38685280723454163,Björk,FR,33,m,IS,Female
125,6,0.3562071871080222,John Mayer,FR,33,m,IN,Male
125,7,0.3333333333333333,Dolly Parton,FR,33,m,US,Female
125,8,0.31546487678572877,Duncan Laurence,FR,33,m,NL,Male
125,9,0.3010299956639812,Seal,FR,33,m,UK,Male
125,10,0.2890648263178879,Lil Nas X,FR,33,m,US,Male
126,1,1.0,Michael Sembello,SK,26,m,US,Male
126,2,0.6309297535714575,Miley Cyrus,SK,26,m,US,Non-binary
126,3,0.5,Dolly Parton,SK,26,m,US,Female
126,4,0.43067655807339306,Ed Sheeran,SK,26,m,UK,Male
126,5,0.38685280723454163,Seal,SK,26,m,UK,Male
126,6,0.3562071871080222,Queen,SK,26,m,JP,Female
126,7,0.3333333333333333,Björk,SK,26,m,IS,Female
126,8,0.31546487678572877,Sia,SK,26,m,AU,Female
126,9,0.3010299956639812,Ariana Grande,SK,26,m,US,Female
126,10,0.2890648263178879,Adele,SK,26,m,UK,Female
127,1,1.0,Twin Shadow,NL,37,m,US,Male
127,2,0.6309297535714575,Billy Joel,NL,37,m,US,Male
127,3,0.5,Oneohtrix Point Never,NL,37,m,US,Male
127,4,0.43067655807339306,Father John Misty,NL,37,m,US,Male
127,5,0.38685280723454163,Wild Nothing,NL,37,m,US,Male
127,6,0.3562071871080222,Toro y Moi,NL,37,m,US,Male
127,7,0.3333333333333333,Ry x,NL,37,m,AU,Male
127,8,0.31546487678572877,John Maus,NL,37,m,US,Male
127,9,0.3010299956639812,Ariel Pink,NL,37,m,US,Male
127,10,0.2890648263178879,Kacey Musgraves,NL,37,m,US,Female
128,1,1.0,Weyes Blood,AU,24,m,US,Female
128,2,0.6309297535714575,Weyes Blood,AU,24,m,US,Female
128,3,0.5,Weyes Blood,AU,24,m,US,Female
128,4,0.43067655807339306,Jessica Pratt,AU,24,m,US,Female
128,5,0.38685280723454163,Janelle Monáe,AU,24,m,US,Non-binary
128,6,0.3562071871080222,Billy Joel,AU,24,m,US,Male
128,7,0.3333333333333333,Father John Misty,AU,24,m,US,Male
128,8,0.31546487678572877,Travis Scott,AU,24,m,US,Male
128,9,0.3010299956639812,Earl Sweatshirt,AU,24,m,US,Male
128,10,0.2890648263178879,DJ Shadow,AU,24,m,US,Male
129,1,1.0,Aldous Harding,US,23,m,NZ,Female
129,2,0.6309297535714575,Thom Yorke,US,23,m,UK,Male
129,3,0.5,Weyes Blood,US,23,m,US,Female
129,4,0.43067655807339306,Toro y Moi,US,23,m,US,Male
129,5,0.38685280723454163,Janelle Monáe,US,23,m,US,Non-binary
129,6,0.3562071871080222,Four Tet,US,23,m,UK,Male
129,7,0.3333333333333333,Kacey Musgraves,US,23,m,US,Female
129,8,0.31546487678572877,Jessica Pratt,US,23,m,US,Female
129,9,0.3010299956639812,Ariana Grande,US,23,m,US,Female
129,10,0.2890648263178879,Robyn,US,23,m,SE,Female
130,1,1.0,Thom Yorke,NO,37,m,UK,Male
130,2,0.6309297535714575,John Maus,NO,37,m,US,Male
130,3,0.5,Snail Mail,NO,37,m,US,Female
130,4,0.43067655807339306,Ariel Pink,NO,37,m,US,Male
130,5,0.38685280723454163,James Blake,NO,37,m,UK,Male
130,6,0.3562071871080222,Tame Impala,NO,37,m,AU,Male
130,7,0.3333333333333333,Apparat,NO,37,m,DE,Male
130,8,0.31546487678572877,Twin Shadow,NO,37,m,US,Male
130,9,0.3010299956639812,Björk,NO,37,m,IS,Female
130,10,0.2890648263178879,Björk,NO,37,m,IS,Female
131,1,1.0,Beck,DE,24,m,DK,Male
131,2,0.6309297535714575,Queen,DE,24,m,JP,Female
131,3,0.5,AFI,DE,24,m,US,Female
131,4,0.43067655807339306,Eagle-Eye Cherry,DE,24,m,SE,Male
131,5,0.38685280723454163,Ozzy Osbourne,DE,24,m,UK,Male
131,6,0.3562071871080222,Björk,DE,24,m,IS,Female
131,7,0.3333333333333333,Marilyn Manson,DE,24,m,US,Male
131,8,0.31546487678572877,Moby,DE,24,m,US,Male
131,9,0.3010299956639812,Marilyn Manson,DE,24,m,US,Male
131,10,0.2890648263178879,Carpenter Brut,DE,24,m,FR,Male
132,1,1.0,Toro y Moi,UK,36,m,US,Male
132,2,0.6309297535714575,Björk,UK,36,m,IS,Female
132,3,0.5,Kacey Musgraves,UK,36,m,US,Female
132,4,0.43067655807339306,Tame Impala,UK,36,m,AU,Male
132,5,0.38685280723454163,Mac DeMarco,UK,36,m,CA,Male
132,6,0.3562071871080222,J Mascis,UK,36,m,US,Male
132,7,0.3333333333333333,Flying Lotus,UK,36,m,US,Male
132,8,0.31546487678572877,Angel Olsen,UK,36,m,US,Female
132,9,0.3010299956639812,Nick Drake,UK,36,m,UK,Male
132,10,0.2890648263178879,Nick Drake,UK,36,m,UK,Male
133,1,1.0,Sia,US,21,f,AU,Female
133,2,0.6309297535714575,Nicki Minaj,US,21,f,US,Female
133,3,0.5,Ariana Grande,US,21,f,US,Female
133,4,0.43067655807339306,J Balvin,US,21,f,CO,Male
133,5,0.38685280723454163,Miley Cyrus,US,21,f,US,Non-binary
133,6,0.3562071871080222,Lorde,US,21,f,NZ,Female
133,7,0.3333333333333333,Taylor Swift,US,21,f,US,Female
133,8,0.31546487678572877,Selena Gomez,US,21,f,US,Female
133,9,0.3010299956639812,Lil Nas X,US,21,f,US,Male
133,10,0.2890648263178879,Kacey Musgraves,US,21,f,US,Female
134,1,1.0,Britney Spears,US,31,m,US,Female
134,2,0.6309297535714575,AFI,US,31,m,US,Female
134,3,0.5,Britney Spears,US,31,m,US,Female
134,4,0.43067655807339306,Queen,US,31,m,JP,Female
134,5,0.38685280723454163,Chris Isaak,US,31,m,US,Male
134,6,0.3562071871080222,Edwyn Collins,US,31,m,UK,Male
134,7,0.3333333333333333,Adele,US,31,m,UK,Female
134,8,0.31546487678572877,Robyn,US,31,m,SE,Female
134,9,0.3010299956639812,Björk,US,31,m,IS,Female
134,10,0.2890648263178879,Avril Lavigne,US,31,m,CA,Female
135,1,1.0,Weyes Blood,UK,19,m,US,Female
135,2,0.6309297535714575,Taylor McFerrin,UK,19,m,US,Male
135,3,0.5,Jessica Pratt,UK,19,m,US,Female
135,4,0.43067655807339306,Ry x,UK,19,m,AU,Male
135,5,0.38685280723454163,Wild Nothing,UK,19,m,US,Male
135,6,0.3562071871080222,Ry x,UK,19,m,AU,Male
135,7,0.3333333333333333,Robyn,UK,19,m,SE,Female
135,8,0.31546487678572877,Kacey Musgraves,UK,19,m,US,Female
135,9,0.3010299956639812,Grimes,UK,19,m,CA,Female
135,10,0.2890648263178879,Lil Nas X,UK,19,m,US,Male
136,1,1.0,John Maus,RU,25,m,US,Male
136,2,0.6309297535714575,John Maus,RU,25,m,US,Male
136,3,0.5,James Blake,RU,25,m,UK,Male
136,4,0.43067655807339306,Snail Mail,RU,25,m,US,Female
136,5,0.38685280723454163,Twin Shadow,RU,25,m,US,Male
136,6,0.3562071871080222,Four Tet,RU,25,m,UK,Male
136,7,0.3333333333333333,Apparat,RU,25,m,DE,Male
136,8,0.31546487678572877,James Blake,RU,25,m,UK,Male
136,9,0.3010299956639812,Grouper,RU,25,m,US,Female
136,10,0.2890648263178879,Weyes Blood,RU,25,m,US,Female
137,1,1.0,Aaron Smith,HR,49,m,US,Male
137,2,0.6309297535714575,Queen,HR,49,m,JP,Female
137,3,0.5,Queen,HR,49,m,JP,Female
137,4,0.43067655807339306,Marilyn Manson,HR,49,m,US,Male
137,5,0.38685280723454163,Red,HR,49,m,PL,Male
137,6,0.3562071871080222,Queen,HR,49,m,JP,Female
137,7,0.3333333333333333,Marilyn Manson,HR,49,m,US,Male
137,8,0.31546487678572877,Rob Zombie,HR,49,m,US,Male
137,9,0.3010299956639812,Marilyn Manson,HR,49,m,US,Male
137,10,0.2890648263178879,Queen,HR,49,m,JP,Female
138,1,1.0,Tame Impala,SE,19,f,AU,Male
138,2,0.6309297535714575,John Maus,SE,19,f,US,Male
138,3,0.5,Weyes Blood,SE,19,f,US,Female
138,4,0.43067655807339306,Aldous Harding,SE,19,f,NZ,Female
138,5,0.38685280723454163,Toro y Moi,SE,19,f,US,Male
138,6,0.3562071871080222,Thom Yorke,SE,19,f,UK,Male
138,7,0.3333333333333333,Apparat,SE,19,f,DE,Male
138,8,0.31546487678572877,Jessica Pratt,SE,19,f,US,Female
138,9,0.3010299956639812,Janelle Monáe,SE,19,f,US,Non-binary
138,10,0.2890648263178879,Toro y Moi,SE,19,f,US,Male
140,1,1.0,Queen,PL,24,m,JP,Female
140,2,0.6309297535714575,AFI,PL,24,m,US,Female
140,3,0.5,Carpenter Brut,PL,24,m,FR,Male
140,4,0.43067655807339306,Haddaway,PL,24,m,DE,Male
140,5,0.38685280723454163,Eagle-Eye Cherry,PL,24,m,SE,Male
140,6,0.3562071871080222,Björk,PL,24,m,IS,Female
140,7,0.3333333333333333,Queen,PL,24,m,JP,Female
140,8,0.31546487678572877,Marilyn Manson,PL,24,m,US,Male
140,9,0.3010299956639812,Britney Spears,PL,24,m,US,Female
140,10,0.2890648263178879,Bryan Adams,PL,24,m,CA,Male
141,1,1.0,Haddaway,US,21,f,DE,Male
141,2,0.6309297535714575,Eagle-Eye Cherry,US,21,f,SE,Male
141,3,0.5,Ed Sheeran,US,21,f,UK,Male
141,4,0.43067655807339306,Bryan Adams,US,21,f,CA,Male
141,5,0.38685280723454163,Lil Nas X,US,21,f,US,Male
141,6,0.3562071871080222,Dolly Parton,US,21,f,US,Female
141,7,0.3333333333333333,Queen,US,21,f,JP,Female
141,8,0.31546487678572877,Marilyn Manson,US,21,f,US,Male
141,9,0.3010299956639812,Lana Del Rey,US,21,f,US,Female
141,10,0.2890648263178879,John Mayer,US,21,f,IN,Male
142,1,1.0,Marisa Monte,US,36,m,BR,Female
142,2,0.6309297535714575,Machine Head,US,36,m,JP,Male
142,3,0.5,Marisa Monte,US,36,m,BR,Female
142,4,0.43067655807339306,Nile,US,36,m,US,Female
142,5,0.38685280723454163,The Kinks,US,36,m,US,Male
142,6,0.3562071871080222,John Maus,US,36,m,US,Male
142,7,0.3333333333333333,John Maus,US,36,m,US,Male
142,8,0.31546487678572877,Devin Townsend,US,36,m,CA,Male
142,9,0.3010299956639812,Ozzy Osbourne,US,36,m,UK,Male
142,10,0.2890648263178879,Weyes Blood,US,36,m,US,Female
143,1,1.0,Travis Scott,DE,26,m,US,Male
143,2,0.6309297535714575,Lana Del Rey,DE,26,m,US,Female
143,3,0.5,Jessica Pratt,DE,26,m,US,Female
143,4,0.43067655807339306,Robyn,DE,26,m,SE,Female
143,5,0.38685280723454163,Lil Nas X,DE,26,m,US,Male
143,6,0.3562071871080222,Frank Ocean,DE,26,m,US,Male
143,7,0.3333333333333333,Billy Joel,DE,26,m,US,Male
143,8,0.31546487678572877,Taylor Swift,DE,26,m,US,Female
143,9,0.3010299956639812,Frank Ocean,DE,26,m,US,Male
143,10,0.2890648263178879,Toro y Moi,DE,26,m,US,Male
144,1,1.0,Bryan Adams,ES,25,f,CA,Male
144,2,0.6309297535714575,Billy Joel,ES,25,f,US,Male
144,3,0.5,AFI,ES,25,f,US,Female
144,4,0.43067655807339306,Michael Sembello,ES,25,f,US,Male
144,5,0.38685280723454163,Miley Cyrus,ES,25,f,US,Non-binary
144,6,0.3562071871080222,Travis Scott,ES,25,f,US,Male
144,7,0.3333333333333333,Ariana Grande,ES,25,f,US,Female
144,8,0.31546487678572877,Adele,ES,25,f,UK,Female
144,9,0.3010299956639812,Marilyn Manson,ES,25,f,US,Male
144,10,0.2890648263178879,Dolly Parton,ES,25,f,US,Female
145,1,1.0,Frank Ocean,US,19,m,US,Male
145,2,0.6309297535714575,Lil Nas X,US,19,m,US,Male
145,3,0.5,Miley Cyrus,US,19,m,US,Non-binary
145,4,0.43067655807339306,James Blake,US,19,m,UK,Male
145,5,0.38685280723454163,Rihanna,US,19,m,UK,Female
145,6,0.3562071871080222,Sia,US,19,m,AU,Female
145,7,0.3333333333333333,Lorde,US,19,m,NZ,Female
145,8,0.31546487678572877,Britney Spears,US,19,m,US,Female
145,9,0.3010299956639812,Kacey Musgraves,US,19,m,US,Female
145,10,0.2890648263178879,Tame Impala,US,19,m,AU,Male
146,1,1.0,John Maus,EE,28,f,US,Male
146,2,0.6309297535714575,Aldous Harding,EE,28,f,NZ,Female
146,3,0.5,Tame Impala,EE,28,f,AU,Male
146,4,0.43067655807339306,Snail Mail,EE,28,f,US,Female
146,5,0.38685280723454163,Kurt Vile,EE,28,f,US,Male
146,6,0.3562071871080222,James Blake,EE,28,f,UK,Male
146,7,0.3333333333333333,Lana Del Rey,EE,28,f,US,Female
146,8,0.31546487678572877,John Maus,EE,28,f,US,Male
146,9,0.3010299956639812,Thom Yorke,EE,28,f,UK,Male
146,10,0.2890648263178879,Janelle Monáe,EE,28,f,US,Non-binary
147,1,1.0,Britney Spears,CZ,45,m,US,Female
147,2,0.6309297535714575,Lana Del Rey,CZ,45,m,US,Female
147,3,0.5,Beck,CZ,45,m,DK,Male
147,4,0.43067655807339306,Taylor Swift,CZ,45,m,US,Female
147,5,0.38685280723454163,Janelle Monáe,CZ,45,m,US,Non-binary
147,6,0.3562071871080222,Beyoncé,CZ,45,m,US,Female
147,7,0.3333333333333333,Lil Nas X,CZ,45,m,US,Male
147,8,0.31546487678572877,Ariana Grande,CZ,45,m,US,Female
147,9,0.3010299956639812,Haddaway,CZ,45,m,DE,Male
147,10,0.2890648263178879,Kurt Vile,CZ,45,m,US,Male
148,1,1.0,Ed Sheeran,NL,27,m,UK,Male
148,2,0.6309297535714575,AFI,NL,27,m,US,Female
148,3,0.5,Michael Sembello,NL,27,m,US,Male
148,4,0.43067655807339306,Lana Del Rey,NL,27,m,US,Female
148,5,0.38685280723454163,Beck,NL,27,m,DK,Male
148,6,0.3562071871080222,Kelis,NL,27,m,US,Female
148,7,0.3333333333333333,Travis Scott,NL,27,m,US,Male
148,8,0.31546487678572877,Taylor Swift,NL,27,m,US,Female
148,9,0.3010299956639812,Dolly Parton,NL,27,m,US,Female
148,10,0.2890648263178879,Seal,NL,27,m,UK,Male
149,1,1.0,John Maus,PL,32,m,US,Male
149,2,0.6309297535714575,Jessica Pratt,PL,32,m,US,Female
149,3,0.5,Janelle Monáe,PL,32,m,US,Non-binary
149,4,0.43067655807339306,Twin Shadow,PL,32,m,US,Male
149,5,0.38685280723454163,Haddaway,PL,32,m,DE,Male
149,6,0.3562071871080222,Britney Spears,PL,32,m,US,Female
149,7,0.3333333333333333,Björk,PL,32,m,IS,Female
149,8,0.31546487678572877,AFI,PL,32,m,US,Female
149,9,0.3010299956639812,Bryan Adams,PL,32,m,CA,Male
149,10,0.2890648263178879,Laura Branigan,PL,32,m,US,Female
150,1,1.0,Trent Tomlinson,US,25,m,US,Male
150,2,0.6309297535714575,Akon,US,25,m,SN,Male
150,3,0.5,Ellen Oléria,US,25,m,BR,Female
150,4,0.43067655807339306,Projota,US,25,m,BR,Male
150,5,0.38685280723454163,Gavin DeGraw,US,25,m,US,Male
150,6,0.3562071871080222,Marisa Monte,US,25,m,BR,Female
150,7,0.3333333333333333,Jennifer Lopez,US,25,m,US,Female
150,8,0.31546487678572877,Fantastic Negrito,US,25,m,US,Male
150,9,0.3010299956639812,Melanie Martinez,US,25,m,US,Female
150,10,0.2890648263178879,Cassadee Pope,US,25,m,US,Female
151,1,1.0,Robyn,US,24,m,SE,Female
151,2,0.6309297535714575,Jessie J,US,24,m,UK,Female
151,3,0.5,Taylor Swift,US,24,m,US,Female
151,4,0.43067655807339306,Britney Spears,US,24,m,US,Female
151,5,0.38685280723454163,Ariana Grande,US,24,m,US,Female
151,6,0.3562071871080222,Rihanna,US,24,m,UK,Female
151,7,0.3333333333333333,Avril Lavigne,US,24,m,CA,Female
151,8,0.31546487678572877,Nicki Minaj,US,24,m,US,Female
151,9,0.3010299956639812,Miley Cyrus,US,24,m,US,Non-binary
151,10,0.2890648263178879,Frank Ocean,US,24,m,US,Male
152,1,1.0,Marilyn Manson,DE,25,m,US,Male
152,2,0.6309297535714575,Eagle-Eye Cherry,DE,25,m,SE,Male
152,3,0.5,AFI,DE,25,m,US,Female
152,4,0.43067655807339306,Queen,DE,25,m,JP,Female
152,5,0.38685280723454163,Haddaway,DE,25,m,DE,Male
152,6,0.3562071871080222,Britney Spears,DE,25,m,US,Female
152,7,0.3333333333333333,Marilyn Manson,DE,25,m,US,Male
152,8,0.31546487678572877,Marilyn Manson,DE,25,m,US,Male
152,9,0.3010299956639812,Bryan Adams,DE,25,m,CA,Male
152,10,0.2890648263178879,Carpenter Brut,DE,25,m,FR,Male
153,1,1.0,Reinier Zonneveld,BR,39,m,NL,Male
153,2,0.6309297535714575,Wildstylez,BR,39,m,NL,Male
153,3,0.5,Waxahatchee,BR,39,m,US,Female
153,4,0.43067655807339306,Beck,BR,39,m,DK,Male
153,5,0.38685280723454163,Elliott Smith,BR,39,m,US,Male
153,6,0.3562071871080222,Manu Chao,BR,39,m,FR,Male
153,7,0.3333333333333333,Snail Mail,BR,39,m,US,Female
153,8,0.31546487678572877,Thom Yorke,BR,39,m,UK,Male
153,9,0.3010299956639812,Vashti Bunyan,BR,39,m,UK,Female
153,10,0.2890648263178879,Kevin Morby,BR,39,m,US,Male
154,1,1.0,Marilyn Manson,NL,31,m,US,Male
154,2,0.6309297535714575,Eagle-Eye Cherry,NL,31,m,SE,Male
154,3,0.5,Beck,NL,31,m,DK,Male
154,4,0.43067655807339306,AFI,NL,31,m,US,Female
154,5,0.38685280723454163,Moby,NL,31,m,US,Male
154,6,0.3562071871080222,Queen,NL,31,m,JP,Female
154,7,0.3333333333333333,Michael Sembello,NL,31,m,US,Male
154,8,0.31546487678572877,Haddaway,NL,31,m,DE,Male
154,9,0.3010299956639812,Blue Stahli,NL,31,m,US,Male
154,10,0.2890648263178879,Edwyn Collins,NL,31,m,UK,Male
155,1,1.0,Duncan Laurence,RU,30,m,NL,Male
155,2,0.6309297535714575,Marilyn Manson,RU,30,m,US,Male
155,3,0.5,AFI,RU,30,m,US,Female
155,4,0.43067655807339306,Beck,RU,30,m,DK,Male
155,5,0.38685280723454163,Lana Del Rey,RU,30,m,US,Female
155,6,0.3562071871080222,Michael Sembello,RU,30,m,US,Male
155,7,0.3333333333333333,Britney Spears,RU,30,m,US,Female
155,8,0.31546487678572877,Ariana Grande,RU,30,m,US,Female
155,9,0.3010299956639812,Adele,RU,30,m,UK,Female
155,10,0.2890648263178879,Ariana Grande,RU,30,m,US,Female
156,1,1.0,Rob Zombie,NL,28,m,US,Male
156,2,0.6309297535714575,Billy Joel,NL,28,m,US,Male
156,3,0.5,Dolly Parton,NL,28,m,US,Female
156,4,0.43067655807339306,Michael Sembello,NL,28,m,US,Male
156,5,0.38685280723454163,Ed Sheeran,NL,28,m,UK,Male
156,6,0.3562071871080222,Serj Tankian,NL,28,m,US,Male
156,7,0.3333333333333333,Chris Isaak,NL,28,m,US,Male
156,8,0.31546487678572877,Seal,NL,28,m,UK,Male
156,9,0.3010299956639812,Mr.Kitty,NL,28,m,US,Male
156,10,0.2890648263178879,John Mayer,NL,28,m,IN,Male
157,1,1.0,Bryan Adams,NL,19,f,CA,Male
157,2,0.6309297535714575,Billy Joel,NL,19,f,US,Male
157,3,0.5,Billy Joel,NL,19,f,US,Male
157,4,0.43067655807339306,John Mayer,NL,19,f,IN,Male
157,5,0.38685280723454163,Chuck Berry,NL,19,f,US,Male
157,6,0.3562071871080222,Roy Orbison,NL,19,f,US,Male
157,7,0.3333333333333333,Michael Sembello,NL,19,f,US,Male
157,8,0.31546487678572877,Avril Lavigne,NL,19,f,CA,Female
157,9,0.3010299956639812,Lil Nas X,NL,19,f,US,Male
157,10,0.2890648263178879,Robyn,NL,19,f,SE,Female
158,1,1.0,James Blake,HU,33,m,UK,Male
158,2,0.6309297535714575,Toro y Moi,HU,33,m,US,Male
158,3,0.5,John Maus,HU,33,m,US,Male
158,4,0.43067655807339306,Four Tet,HU,33,m,UK,Male
158,5,0.38685280723454163,Jessica Pratt,HU,33,m,US,Female
158,6,0.3562071871080222,Apparat,HU,33,m,DE,Male
158,7,0.3333333333333333,Toro y Moi,HU,33,m,US,Male
158,8,0.31546487678572877,Billy Joel,HU,33,m,US,Male
158,9,0.3010299956639812,Janelle Monáe,HU,33,m,US,Non-binary
158,10,0.2890648263178879,Twin Shadow,HU,33,m,US,Male
159,1,1.0,Tame Impala,SE,25,m,AU,Male
159,2,0.6309297535714575,Thom Yorke,SE,25,m,UK,Male
159,3,0.5,AFI,SE,25,m,US,Female
159,4,0.43067655807339306,Aldous Harding,SE,25,m,NZ,Female
159,5,0.38685280723454163,James Blake,SE,25,m,UK,Male
159,6,0.3562071871080222,Weyes Blood,SE,25,m,US,Female
159,7,0.3333333333333333,Snail Mail,SE,25,m,US,Female
159,8,0.31546487678572877,Four Tet,SE,25,m,UK,Male
159,9,0.3010299956639812,Chuck Berry,SE,25,m,US,Male
159,10,0.2890648263178879,Apparat,SE,25,m,DE,Male
160,1,1.0,Timmy Trumpet,CZ,36,m,AU,Male
160,2,0.6309297535714575,Vitalic,CZ,36,m,FR,Male
160,3,0.5,Beck,CZ,36,m,DK,Male
160,4,0.43067655807339306,Mr.Kitty,CZ,36,m,US,Male
160,5,0.38685280723454163,Noisestorm,CZ,36,m,IE,Male
160,6,0.3562071871080222,Moby,CZ,36,m,US,Male
160,7,0.3333333333333333,Aaron Smith,CZ,36,m,US,Male
160,8,0.31546487678572877,AronChupa,CZ,36,m,SE,Male
160,9,0.3010299956639812,Queen,CZ,36,m,JP,Female
160,10,0.2890648263178879,Klaas,CZ,36,m,DE,Male
161,1,1.0,Ed Sheeran,FI,19,m,UK,Male
161,2,0.6309297535714575,Billy Joel,FI,19,m,US,Male
161,3,0.5,Britney Spears,FI,19,m,US,Female
161,4,0.43067655807339306,Adele,FI,19,m,UK,Female
161,5,0.38685280723454163,Bryan Adams,FI,19,m,CA,Male
161,6,0.3562071871080222,Eagle-Eye Cherry,FI,19,m,SE,Male
161,7,0.3333333333333333,Roy Orbison,FI,19,m,US,Male
161,8,0.31546487678572877,Ariana Grande,FI,19,m,US,Female
161,9,0.3010299956639812,Travis Scott,FI,19,m,US,Male
161,10,0.2890648263178879,Lil Nas X,FI,19,m,US,Male
162,1,1.0,Jessica Pratt,NL,39,m,US,Female
162,2,0.6309297535714575,Björk,NL,39,m,IS,Female
162,3,0.5,Björk,NL,39,m,IS,Female
162,4,0.43067655807339306,Four Tet,NL,39,m,UK,Male
162,5,0.38685280723454163,Dolly Parton,NL,39,m,US,Female
162,6,0.3562071871080222,Toro y Moi,NL,39,m,US,Male
162,7,0.3333333333333333,Eagle-Eye Cherry,NL,39,m,SE,Male
162,8,0.31546487678572877,Chuck Berry,NL,39,m,US,Male
162,9,0.3010299956639812,Twin Shadow,NL,39,m,US,Male
162,10,0.2890648263178879,AFI,NL,39,m,US,Female
163,1,1.0,Weyes Blood,US,23,m,US,Female
163,2,0.6309297535714575,Weyes Blood,US,23,m,US,Female
163,3,0.5,Jessica Pratt,US,23,m,US,Female
163,4,0.43067655807339306,Twin Shadow,US,23,m,US,Male
163,5,0.38685280723454163,Beck,US,23,m,DK,Male
163,6,0.3562071871080222,Janelle Monáe,US,23,m,US,Non-binary
163,7,0.3333333333333333,Father John Misty,US,23,m,US,Male
163,8,0.31546487678572877,Snail Mail,US,23,m,US,Female
163,9,0.3010299956639812,Travis Scott,US,23,m,US,Male
163,10,0.2890648263178879,Kacey Musgraves,US,23,m,US,Female
164,1,1.0,Julia Holter,DE,23,m,US,Female
164,2,0.6309297535714575,Grouper,DE,23,m,US,Female
164,3,0.5,Ariel Pink,DE,23,m,US,Male
164,4,0.43067655807339306,Oneohtrix Point Never,DE,23,m,US,Male
164,5,0.38685280723454163,Tame Impala,DE,23,m,AU,Male
164,6,0.3562071871080222,Beck,DE,23,m,DK,Male
164,7,0.3333333333333333,Father John Misty,DE,23,m,US,Male
164,8,0.31546487678572877,Janelle Monáe,DE,23,m,US,Non-binary
164,9,0.3010299956639812,Kevin Morby,DE,23,m,US,Male
164,10,0.2890648263178879,Toro y Moi,DE,23,m,US,Male
165,1,1.0,AFI,BR,22,m,US,Female
165,2,0.6309297535714575,Queen,BR,22,m,JP,Female
165,3,0.5,Marilyn Manson,BR,22,m,US,Male
165,4,0.43067655807339306,Michael Sembello,BR,22,m,US,Male
165,5,0.38685280723454163,Björk,BR,22,m,IS,Female
165,6,0.3562071871080222,John Mayer,BR,22,m,IN,Male
165,7,0.3333333333333333,Laura Branigan,BR,22,m,US,Female
165,8,0.31546487678572877,Devin Townsend,BR,22,m,CA,Male
165,9,0.3010299956639812,Edwyn Collins,BR,22,m,UK,Male
165,10,0.2890648263178879,Roy Orbison,BR,22,m,US,Male
166,1,1.0,AFI,SE,29,m,US,Female
166,2,0.6309297535714575,Ed Sheeran,SE,29,m,UK,Male
166,3,0.5,Chris Isaak,SE,29,m,US,Male
166,4,0.43067655807339306,Ariana Grande,SE,29,m,US,Female
166,5,0.38685280723454163,Dolly Parton,SE,29,m,US,Female
166,6,0.3562071871080222,Jessie J,SE,29,m,UK,Female
166,7,0.3333333333333333,Taylor Swift,SE,29,m,US,Female
166,8,0.31546487678572877,Edwyn Collins,SE,29,m,UK,Male
166,9,0.3010299956639812,George Ezra,SE,29,m,UK,Male
166,10,0.2890648263178879,Roy Orbison,SE,29,m,US,Male
167,1,1.0,Billy Joel,PL,23,f,US,Male
167,2,0.6309297535714575,Billy Joel,PL,23,f,US,Male
167,3,0.5,Ed Sheeran,PL,23,f,UK,Male
167,4,0.43067655807339306,Michael Sembello,PL,23,f,US,Male
167,5,0.38685280723454163,Roy Orbison,PL,23,f,US,Male
167,6,0.3562071871080222,Dolly Parton,PL,23,f,US,Female
167,7,0.3333333333333333,John Mayer,PL,23,f,IN,Male
167,8,0.31546487678572877,Chris Isaak,PL,23,f,US,Male
167,9,0.3010299956639812,Marilyn Manson,PL,23,f,US,Male
167,10,0.2890648263178879,Queen,PL,23,f,JP,Female
168,1,1.0,Toro y Moi,NO,22,m,US,Male
168,2,0.6309297535714575,Bryan Adams,NO,22,m,CA,Male
168,3,0.5,Britney Spears,NO,22,m,US,Female
168,4,0.43067655807339306,AFI,NO,22,m,US,Female
168,5,0.38685280723454163,Dolly Parton,NO,22,m,US,Female
168,6,0.3562071871080222,Britney Spears,NO,22,m,US,Female
168,7,0.3333333333333333,Chuck Berry,NO,22,m,US,Male
168,8,0.31546487678572877,John Maus,NO,22,m,US,Male
168,9,0.3010299956639812,Billy Joel,NO,22,m,US,Male
168,10,0.2890648263178879,Toro y Moi,NO,22,m,US,Male
169,1,1.0,Weyes Blood,SE,24,m,US,Female
169,2,0.6309297535714575,James Blake,SE,24,m,UK,Male
169,3,0.5,Jessica Pratt,SE,24,m,US,Female
169,4,0.43067655807339306,Beck,SE,24,m,DK,Male
169,5,0.38685280723454163,Snail Mail,SE,24,m,US,Female
169,6,0.3562071871080222,James Blake,SE,24,m,UK,Male
169,7,0.3333333333333333,Janelle Monáe,SE,24,m,US,Non-binary
169,8,0.31546487678572877,Twin Shadow,SE,24,m,US,Male
169,9,0.3010299956639812,Julia Holter,SE,24,m,US,Female
169,10,0.2890648263178879,Billy Joel,SE,24,m,US,Male
170,1,1.0,John Maus,AT,24,m,US,Male
170,2,0.6309297535714575,Weyes Blood,AT,24,m,US,Female
170,3,0.5,Jessica Pratt,AT,24,m,US,Female
170,4,0.43067655807339306,Beck,AT,24,m,DK,Male
170,5,0.38685280723454163,Snail Mail,AT,24,m,US,Female
170,6,0.3562071871080222,Pional,AT,24,m,ES,Male
170,7,0.3333333333333333,Father John Misty,AT,24,m,US,Male
170,8,0.31546487678572877,Julia Holter,AT,24,m,US,Female
170,9,0.3010299956639812,Tame Impala,AT,24,m,AU,Male
170,10,0.2890648263178879,Toro y Moi,AT,24,m,US,Male
171,1,1.0,John Maus,US,26,m,US,Male
171,2,0.6309297535714575,Weyes Blood,US,26,m,US,Female
171,3,0.5,Weyes Blood,US,26,m,US,Female
171,4,0.43067655807339306,Four Tet,US,26,m,UK,Male
171,5,0.38685280723454163,Apparat,US,26,m,DE,Male
171,6,0.3562071871080222,John Maus,US,26,m,US,Male
171,7,0.3333333333333333,Jessica Pratt,US,26,m,US,Female
171,8,0.31546487678572877,Weyes Blood,US,26,m,US,Female
171,9,0.3010299956639812,Twin Shadow,US,26,m,US,Male
171,10,0.2890648263178879,Tame Impala,US,26,m,AU,Male
172,1,1.0,Four Tet,US,19,m,UK,Male
172,2,0.6309297535714575,Twin Shadow,US,19,m,US,Male
172,3,0.5,Tame Impala,US,19,m,AU,Male
172,4,0.43067655807339306,James Blake,US,19,m,UK,Male
172,5,0.38685280723454163,Ariel Pink,US,19,m,US,Male
172,6,0.3562071871080222,Apparat,US,19,m,DE,Male
172,7,0.3333333333333333,James Blake,US,19,m,UK,Male
172,8,0.31546487678572877,Toro y Moi,US,19,m,US,Male
172,9,0.3010299956639812,Grouper,US,19,m,US,Female
172,10,0.2890648263178879,Toro y Moi,US,19,m,US,Male
173,1,1.0,John Maus,US,37,m,US,Male
173,2,0.6309297535714575,John Maus,US,37,m,US,Male
173,3,0.5,Thom Yorke,US,37,m,UK,Male
173,4,0.43067655807339306,Apparat,US,37,m,DE,Male
173,5,0.38685280723454163,Billy Joel,US,37,m,US,Male
173,6,0.3562071871080222,Travis Scott,US,37,m,US,Male
173,7,0.3333333333333333,Weyes Blood,US,37,m,US,Female
173,8,0.31546487678572877,Britney Spears,US,37,m,US,Female
173,9,0.3010299956639812,Haddaway,US,37,m,DE,Male
173,10,0.2890648263178879,Janelle Monáe,US,37,m,US,Non-binary
174,1,1.0,James Blake,NL,45,m,UK,Male
174,2,0.6309297535714575,Kurt Vile,NL,45,m,US,Male
174,3,0.5,Frank Ocean,NL,45,m,US,Male
174,4,0.43067655807339306,Toro y Moi,NL,45,m,US,Male
174,5,0.38685280723454163,Sufjan Stevens,NL,45,m,US,Male
174,6,0.3562071871080222,Snail Mail,NL,45,m,US,Female
174,7,0.3333333333333333,Frank Ocean,NL,45,m,US,Male
174,8,0.31546487678572877,John Maus,NL,45,m,US,Male
174,9,0.3010299956639812,Wild Nothing,NL,45,m,US,Male
174,10,0.2890648263178879,Four Tet,NL,45,m,UK,Male
175,1,1.0,Britney Spears,RU,28,m,US,Female
175,2,0.6309297535714575,Haddaway,RU,28,m,DE,Male
175,3,0.5,Marilyn Manson,RU,28,m,US,Male
175,4,0.43067655807339306,Eagle-Eye Cherry,RU,28,m,SE,Male
175,5,0.38685280723454163,AFI,RU,28,m,US,Female
175,6,0.3562071871080222,Bryan Adams,RU,28,m,CA,Male
175,7,0.3333333333333333,Björk,RU,28,m,IS,Female
175,8,0.31546487678572877,Britney Spears,RU,28,m,US,Female
175,9,0.3010299956639812,Beck,RU,28,m,DK,Male
175,10,0.2890648263178879,Billy Joel,RU,28,m,US,Male
176,1,1.0,AFI,UK,28,m,US,Female
176,2,0.6309297535714575,Marilyn Manson,UK,28,m,US,Male
176,3,0.5,Robyn,UK,28,m,SE,Female
176,4,0.43067655807339306,Billy Joel,UK,28,m,US,Male
176,5,0.38685280723454163,Michael Sembello,UK,28,m,US,Male
176,6,0.3562071871080222,Chris Isaak,UK,28,m,US,Male
176,7,0.3333333333333333,Seal,UK,28,m,UK,Male
176,8,0.31546487678572877,Roy Orbison,UK,28,m,US,Male
176,9,0.3010299956639812,Miley Cyrus,UK,28,m,US,Non-binary
176,10,0.2890648263178879,Adele,UK,28,m,UK,Female
177,1,1.0,Beck,US,36,m,DK,Male
177,2,0.6309297535714575,Ariana Grande,US,36,m,US,Female
177,3,0.5,Adele,US,36,m,UK,Female
177,4,0.43067655807339306,Roy Orbison,US,36,m,US,Male
177,5,0.38685280723454163,Ed Sheeran,US,36,m,UK,Male
177,6,0.3562071871080222,Marilyn Manson,US,36,m,US,Male
177,7,0.3333333333333333,Michael Sembello,US,36,m,US,Male
177,8,0.31546487678572877,Chris Isaak,US,36,m,US,Male
177,9,0.3010299956639812,AFI,US,36,m,US,Female
177,10,0.2890648263178879,Sia,US,36,m,AU,Female
178,1,1.0,Marilyn Manson,ES,29,m,US,Male
178,2,0.6309297535714575,Haddaway,ES,29,m,DE,Male
178,3,0.5,Moby,ES,29,m,US,Male
178,4,0.43067655807339306,Bryan Adams,ES,29,m,CA,Male
178,5,0.38685280723454163,Billy Joel,ES,29,m,US,Male
178,6,0.3562071871080222,Rob Zombie,ES,29,m,US,Male
178,7,0.3333333333333333,Queen,ES,29,m,JP,Female
178,8,0.31546487678572877,Chuck Berry,ES,29,m,US,Male
178,9,0.3010299956639812,Mr.Kitty,ES,29,m,US,Male
178,10,0.2890648263178879,Britney Spears,ES,29,m,US,Female
179,1,1.0,Miley Cyrus,UK,27,m,US,Non-binary
179,2,0.6309297535714575,Sia,UK,27,m,AU,Female
179,3,0.5,Ed Sheeran,UK,27,m,UK,Male
179,4,0.43067655807339306,Beyoncé,UK,27,m,US,Female
179,5,0.38685280723454163,Britney Spears,UK,27,m,US,Female
179,6,0.3562071871080222,Rihanna,UK,27,m,UK,Female
179,7,0.3333333333333333,Troye Sivan,UK,27,m,AU,Male
179,8,0.31546487678572877,Britney Spears,UK,27,m,US,Female
179,9,0.3010299956639812,Paula Abdul,UK,27,m,US,Female
179,10,0.2890648263178879,John Mayer,UK,27,m,IN,Male
181,1,1.0,Haddaway,PT,25,m,DE,Male
181,2,0.6309297535714575,Miley Cyrus,PT,25,m,US,Non-binary
181,3,0.5,Billy Joel,PT,25,m,US,Male
181,4,0.43067655807339306,Ariana Grande,PT,25,m,US,Female
181,5,0.38685280723454163,John Mayer,PT,25,m,IN,Male
181,6,0.3562071871080222,AFI,PT,25,m,US,Female
181,7,0.3333333333333333,Bryan Adams,PT,25,m,CA,Male
181,8,0.31546487678572877,Avril Lavigne,PT,25,m,CA,Female
181,9,0.3010299956639812,Sia,PT,25,m,AU,Female
181,10,0.2890648263178879,Eagle-Eye Cherry,PT,25,m,SE,Male
182,1,1.0,Snail Mail,DE,26,m,US,Female
182,2,0.6309297535714575,Kurt Vile,DE,26,m,US,Male
182,3,0.5,John Maus,DE,26,m,US,Male
182,4,0.43067655807339306,Thom Yorke,DE,26,m,UK,Male
182,5,0.38685280723454163,Snail Mail,DE,26,m,US,Female
182,6,0.3562071871080222,Aimee Mann,DE,26,m,US,Female
182,7,0.3333333333333333,Neko Case,DE,26,m,US,Female
182,8,0.31546487678572877,Bat for Lashes,DE,26,m,UK,Female
182,9,0.3010299956639812,Ariel Pink,DE,26,m,US,Male
182,10,0.2890648263178879,Twin Shadow,DE,26,m,US,Male
183,1,1.0,Four Tet,US,25,m,UK,Male
183,2,0.6309297535714575,Cass McCombs,US,25,m,US,Male
183,3,0.5,Julia Holter,US,25,m,US,Female
183,4,0.43067655807339306,Toro y Moi,US,25,m,US,Male
183,5,0.38685280723454163,Beck,US,25,m,DK,Male
183,6,0.3562071871080222,Weyes Blood,US,25,m,US,Female
183,7,0.3333333333333333,Bill Callahan,US,25,m,US,Male
183,8,0.31546487678572877,Grouper,US,25,m,US,Female
183,9,0.3010299956639812,Jessica Pratt,US,25,m,US,Female
183,10,0.2890648263178879,Chelsea Wolfe,US,25,m,US,Female
184,1,1.0,Travis Scott,BR,20,m,US,Male
184,2,0.6309297535714575,Taylor Swift,BR,20,m,US,Female
184,3,0.5,James Blake,BR,20,m,UK,Male
184,4,0.43067655807339306,Ariana Grande,BR,20,m,US,Female
184,5,0.38685280723454163,Bryan Adams,BR,20,m,CA,Male
184,6,0.3562071871080222,Jessie J,BR,20,m,UK,Female
184,7,0.3333333333333333,Billy Joel,BR,20,m,US,Male
184,8,0.31546487678572877,Lana Del Rey,BR,20,m,US,Female
184,9,0.3010299956639812,Avril Lavigne,BR,20,m,CA,Female
184,10,0.2890648263178879,Ariana Grande,BR,20,m,US,Female
185,1,1.0,Duncan Laurence,NL,22,m,NL,Male
185,2,0.6309297535714575,Marilyn Manson,NL,22,m,US,Male
185,3,0.5,Björk,NL,22,m,IS,Female
185,4,0.43067655807339306,Robyn,NL,22,m,SE,Female
185,5,0.38685280723454163,Adele,NL,22,m,UK,Female
185,6,0.3562071871080222,Laura Branigan,NL,22,m,US,Female
185,7,0.3333333333333333,Moby,NL,22,m,US,Male
185,8,0.31546487678572877,Miley Cyrus,NL,22,m,US,Non-binary
185,9,0.3010299956639812,Avril Lavigne,NL,22,m,CA,Female
185,10,0.2890648263178879,Queen,NL,22,m,JP,Female
186,1,1.0,Four Tet,FR,33,m,UK,Male
186,2,0.6309297535714575,Tame Impala,FR,33,m,AU,Male
186,3,0.5,James Blake,FR,33,m,UK,Male
186,4,0.43067655807339306,Grouper,FR,33,m,US,Female
186,5,0.38685280723454163,Toro y Moi,FR,33,m,US,Male
186,6,0.3562071871080222,Toro y Moi,FR,33,m,US,Male
186,7,0.3333333333333333,Kevin Morby,FR,33,m,US,Male
186,8,0.31546487678572877,Grouper,FR,33,m,US,Female
186,9,0.3010299956639812,Cass McCombs,FR,33,m,US,Male
186,10,0.2890648263178879,Grouper,FR,33,m,US,Female
187,1,1.0,AFI,CA,27,m,US,Female
187,2,0.6309297535714575,Duncan Laurence,CA,27,m,NL,Male
187,3,0.5,Michael Sembello,CA,27,m,US,Male
187,4,0.43067655807339306,Seal,CA,27,m,UK,Male
187,5,0.38685280723454163,Chris Isaak,CA,27,m,US,Male
187,6,0.3562071871080222,Chuck Berry,CA,27,m,US,Male
187,7,0.3333333333333333,Billy Joel,CA,27,m,US,Male
187,8,0.31546487678572877,Dolly Parton,CA,27,m,US,Female
187,9,0.3010299956639812,Sia,CA,27,m,AU,Female
187,10,0.2890648263178879,Ed Sheeran,CA,27,m,UK,Male
188,1,1.0,Lana Del Rey,UK,22,m,US,Female
188,2,0.6309297535714575,Travis Scott,UK,22,m,US,Male
188,3,0.5,Bryan Adams,UK,22,m,CA,Male
188,4,0.43067655807339306,Billy Joel,UK,22,m,US,Male
188,5,0.38685280723454163,John Mayer,UK,22,m,IN,Male
188,6,0.3562071871080222,Eagle-Eye Cherry,UK,22,m,SE,Male
188,7,0.3333333333333333,Roy Orbison,UK,22,m,US,Male
188,8,0.31546487678572877,Rihanna,UK,22,m,UK,Female
188,9,0.3010299956639812,Beck,UK,22,m,DK,Male
188,10,0.2890648263178879,AFI,UK,22,m,US,Female
189,1,1.0,Travis Scott,CA,23,m,US,Male
189,2,0.6309297535714575,Janelle Monáe,CA,23,m,US,Non-binary
189,3,0.5,Robyn,CA,23,m,SE,Female
189,4,0.43067655807339306,Billy Joel,CA,23,m,US,Male
189,5,0.38685280723454163,Lana Del Rey,CA,23,m,US,Female
189,6,0.3562071871080222,Frank Ocean,CA,23,m,US,Male
189,7,0.3333333333333333,Britney Spears,CA,23,m,US,Female
189,8,0.31546487678572877,Father John Misty,CA,23,m,US,Male
189,9,0.3010299956639812,Tame Impala,CA,23,m,AU,Male
189,10,0.2890648263178879,Weyes Blood,CA,23,m,US,Female
190,1,1.0,Billy Joel,PT,27,m,US,Male
190,2,0.6309297535714575,Weyes Blood,PT,27,m,US,Female
190,3,0.5,Britney Spears,PT,27,m,US,Female
190,4,0.43067655807339306,Janelle Monáe,PT,27,m,US,Non-binary
190,5,0.38685280723454163,Robyn,PT,27,m,SE,Female
190,6,0.3562071871080222,Frank Ocean,PT,27,m,US,Male
190,7,0.3333333333333333,Eagle-Eye Cherry,PT,27,m,SE,Male
190,8,0.31546487678572877,Lil Nas X,PT,27,m,US,Male
190,9,0.3010299956639812,Dolly Parton,PT,27,m,US,Female
190,10,0.2890648263178879,Björk,PT,27,m,IS,Female
191,1,1.0,Björk,AR,28,m,IS,Female
191,2,0.6309297535714575,Marilyn Manson,AR,28,m,US,Male
191,3,0.5,Ed Sheeran,AR,28,m,UK,Male
191,4,0.43067655807339306,Edwyn Collins,AR,28,m,UK,Male
191,5,0.38685280723454163,John Mayer,AR,28,m,IN,Male
191,6,0.3562071871080222,Chris Isaak,AR,28,m,US,Male
191,7,0.3333333333333333,Queen,AR,28,m,JP,Female
191,8,0.31546487678572877,Moby,AR,28,m,US,Male
191,9,0.3010299956639812,Queen,AR,28,m,JP,Female
191,10,0.2890648263178879,Tame Impala,AR,28,m,AU,Male
192,1,1.0,Ozzy Osbourne,US,25,m,UK,Male
192,2,0.6309297535714575,Marilyn Manson,US,25,m,US,Male
192,3,0.5,Emperor,US,25,m,UK,Male
192,4,0.43067655807339306,Machine Head,US,25,m,JP,Male
192,5,0.38685280723454163,Russian Red,US,25,m,ES,Female
192,6,0.3562071871080222,Ozzy Osbourne,US,25,m,UK,Male
192,7,0.3333333333333333,Ozzy Osbourne,US,25,m,UK,Male
192,8,0.31546487678572877,Marilyn Manson,US,25,m,US,Male
192,9,0.3010299956639812,Marilyn Manson,US,25,m,US,Male
192,10,0.2890648263178879,David Bowie,US,25,m,UK,Male
193,1,1.0,Toro y Moi,UK,27,m,US,Male
193,2,0.6309297535714575,Toro y Moi,UK,27,m,US,Male
193,3,0.5,Twin Shadow,UK,27,m,US,Male
193,4,0.43067655807339306,Julia Holter,UK,27,m,US,Female
193,5,0.38685280723454163,Jessica Pratt,UK,27,m,US,Female
193,6,0.3562071871080222,Bill Callahan,UK,27,m,US,Male
193,7,0.3333333333333333,Ariel Pink,UK,27,m,US,Male
193,8,0.31546487678572877,Weyes Blood,UK,27,m,US,Female
193,9,0.3010299956639812,Toro y Moi,UK,27,m,US,Male
193,10,0.2890648263178879,Tame Impala,UK,27,m,AU,Male
194,1,1.0,Britney Spears,UK,25,m,US,Female
194,2,0.6309297535714575,Lana Del Rey,UK,25,m,US,Female
194,3,0.5,Travis Scott,UK,25,m,US,Male
194,4,0.43067655807339306,John Mayer,UK,25,m,IN,Male
194,5,0.38685280723454163,Mariah Carey,UK,25,m,US,Female
194,6,0.3562071871080222,Billy Joel,UK,25,m,US,Male
194,7,0.3333333333333333,Paula Abdul,UK,25,m,US,Female
194,8,0.31546487678572877,Britney Spears,UK,25,m,US,Female
194,9,0.3010299956639812,Beyoncé,UK,25,m,US,Female
194,10,0.2890648263178879,Duncan Laurence,UK,25,m,NL,Male
196,1,1.0,Dolly Parton,MX,25,m,US,Female
196,2,0.6309297535714575,Britney Spears,MX,25,m,US,Female
196,3,0.5,Duncan Laurence,MX,25,m,NL,Male
196,4,0.43067655807339306,Britney Spears,MX,25,m,US,Female
196,5,0.38685280723454163,Tame Impala,MX,25,m,AU,Male
196,6,0.3562071871080222,Björk,MX,25,m,IS,Female
196,7,0.3333333333333333,Lorde,MX,25,m,NZ,Female
196,8,0.31546487678572877,Bryan Adams,MX,25,m,CA,Male
196,9,0.3010299956639812,Lorde,MX,25,m,NZ,Female
196,10,0.2890648263178879,Lorde,MX,25,m,NZ,Female
198,1,1.0,Lil Nas X,US,20,m,US,Male
198,2,0.6309297535714575,Bryan Adams,US,20,m,CA,Male
198,3,0.5,Ed Sheeran,US,20,m,UK,Male
198,4,0.43067655807339306,Lana Del Rey,US,20,m,US,Female
198,5,0.38685280723454163,John Mayer,US,20,m,IN,Male
198,6,0.3562071871080222,Taylor Swift,US,20,m,US,Female
198,7,0.3333333333333333,Jessie J,US,20,m,UK,Female
198,8,0.31546487678572877,Billy Joel,US,20,m,US,Male
198,9,0.3010299956639812,Roy Orbison,US,20,m,US,Male
198,10,0.2890648263178879,James Blake,US,20,m,UK,Male
199,1,1.0,Kurt Vile,BR,26,f,US,Male
199,2,0.6309297535714575,John Maus,BR,26,f,US,Male
199,3,0.5,Four Tet,BR,26,f,UK,Male
199,4,0.43067655807339306,Apparat,BR,26,f,DE,Male
199,5,0.38685280723454163,Laura Branigan,BR,26,f,US,Female
199,6,0.3562071871080222,Toro y Moi,BR,26,f,US,Male
199,7,0.3333333333333333,Kacey Musgraves,BR,26,f,US,Female
199,8,0.31546487678572877,Lana Del Rey,BR,26,f,US,Female
199,9,0.3010299956639812,Toro y Moi,BR,26,f,US,Male
199,10,0.2890648263178879,Twin Shadow,BR,26,f,US,Male
200,1,1.0,Billy Joel,RU,26,m,US,Male
200,2,0.6309297535714575,Dolly Parton,RU,26,m,US,Female
200,3,0.5,Adele,RU,26,m,UK,Female
200,4,0.43067655807339306,Eric Clapton,RU,26,m,UK,Male
200,5,0.38685280723454163,Ariana Grande,RU,26,m,US,Female
200,6,0.3562071871080222,George Ezra,RU,26,m,UK,Male
200,7,0.3333333333333333,Loreen,RU,26,m,SE,Female
200,8,0.31546487678572877,Mahmood,RU,26,m,IT,Male
200,9,0.3010299956639812,Rita Ora,RU,26,m,UK,Female
200,10,0.2890648263178879,Madonna,RU,26,m,US,Female
201,1,1.0,Apparat,BR,30,m,DE,Male
201,2,0.6309297535714575,James Blake,BR,30,m,UK,Male
201,3,0.5,Twin Shadow,BR,30,m,US,Male
201,4,0.43067655807339306,Snail Mail,BR,30,m,US,Female
201,5,0.38685280723454163,Ariel Pink,BR,30,m,US,Male
201,6,0.3562071871080222,Julia Holter,BR,30,m,US,Female
201,7,0.3333333333333333,Father John Misty,BR,30,m,US,Male
201,8,0.31546487678572877,Kacey Musgraves,BR,30,m,US,Female
201,9,0.3010299956639812,Kevin Morby,BR,30,m,US,Male
201,10,0.2890648263178879,Nick Drake,BR,30,m,UK,Male
202,1,1.0,Marilyn Manson,BE,44,f,US,Male
202,2,0.6309297535714575,Robyn,BE,44,f,SE,Female
202,3,0.5,Queen,BE,44,f,JP,Female
202,4,0.43067655807339306,Miley Cyrus,BE,44,f,US,Non-binary
202,5,0.38685280723454163,Edwyn Collins,BE,44,f,UK,Male
202,6,0.3562071871080222,Kelis,BE,44,f,US,Female
202,7,0.3333333333333333,Miley Cyrus,BE,44,f,US,Non-binary
202,8,0.31546487678572877,Sia,BE,44,f,AU,Female
202,9,0.3010299956639812,Marilyn Manson,BE,44,f,US,Male
202,10,0.2890648263178879,Eminem,BE,44,f,US,Male
203,1,1.0,Lana Del Rey,FI,26,f,US,Female
203,2,0.6309297535714575,Rihanna,FI,26,f,UK,Female
203,3,0.5,John Mayer,FI,26,f,IN,Male
203,4,0.43067655807339306,Duncan Laurence,FI,26,f,NL,Male
203,5,0.38685280723454163,Paula Abdul,FI,26,f,US,Female
203,6,0.3562071871080222,Billy Joel,FI,26,f,US,Male
203,7,0.3333333333333333,Gwen Stefani,FI,26,f,US,Female
203,8,0.31546487678572877,Britney Spears,FI,26,f,US,Female
203,9,0.3010299956639812,Eagle-Eye Cherry,FI,26,f,SE,Male
203,10,0.2890648263178879,Nicki Minaj,FI,26,f,US,Female
204,1,1.0,Kacey Musgraves,BR,24,m,US,Female
204,2,0.6309297535714575,Norah Jones,BR,24,m,US,Female
204,3,0.5,Paula Abdul,BR,24,m,US,Female
204,4,0.43067655807339306,James Blake,BR,24,m,UK,Male
204,5,0.38685280723454163,Roy Orbison,BR,24,m,US,Male
204,6,0.3562071871080222,Kacey Musgraves,BR,24,m,US,Female
204,7,0.3333333333333333,Gwen Stefani,BR,24,m,US,Female
204,8,0.31546487678572877,Laura Branigan,BR,24,m,US,Female
204,9,0.3010299956639812,Tame Impala,BR,24,m,AU,Male
204,10,0.2890648263178879,Dawn Richard,BR,24,m,US,Female
205,1,1.0,AFI,DE,27,m,US,Female
205,2,0.6309297535714575,Bryan Adams,DE,27,m,CA,Male
205,3,0.5,Ed Sheeran,DE,27,m,UK,Male
205,4,0.43067655807339306,Robyn,DE,27,m,SE,Female
205,5,0.38685280723454163,Billy Joel,DE,27,m,US,Male
205,6,0.3562071871080222,Billy Joel,DE,27,m,US,Male
205,7,0.3333333333333333,John Mayer,DE,27,m,IN,Male
205,8,0.31546487678572877,Lil Nas X,DE,27,m,US,Male
205,9,0.3010299956639812,Björk,DE,27,m,IS,Female
205,10,0.2890648263178879,Dolly Parton,DE,27,m,US,Female
206,1,1.0,Dolly Parton,BG,30,m,US,Female
206,2,0.6309297535714575,Billy Joel,BG,30,m,US,Male
206,3,0.5,Moby,BG,30,m,US,Male
206,4,0.43067655807339306,Edwyn Collins,BG,30,m,UK,Male
206,5,0.38685280723454163,Britney Spears,BG,30,m,US,Female
206,6,0.3562071871080222,Chris Isaak,BG,30,m,US,Male
206,7,0.3333333333333333,Seal,BG,30,m,UK,Male
206,8,0.31546487678572877,Ozzy Osbourne,BG,30,m,UK,Male
206,9,0.3010299956639812,John Mayer,BG,30,m,IN,Male
206,10,0.2890648263178879,Elvis Presley,BG,30,m,US,Male
207,1,1.0,Robyn,BE,38,m,SE,Female
207,2,0.6309297535714575,Billy Joel,BE,38,m,US,Male
207,3,0.5,AFI,BE,38,m,US,Female
207,4,0.43067655807339306,Toro y Moi,BE,38,m,US,Male
207,5,0.38685280723454163,Dolly Parton,BE,38,m,US,Female
207,6,0.3562071871080222,Chuck Berry,BE,38,m,US,Male
207,7,0.3333333333333333,Marilyn Manson,BE,38,m,US,Male
207,8,0.31546487678572877,Chris Isaak,BE,38,m,US,Male
207,9,0.3010299956639812,Michael Sembello,BE,38,m,US,Male
207,10,0.2890648263178879,Adele,BE,38,m,UK,Female
209,1,1.0,Jessie J,UK,23,m,UK,Female
209,2,0.6309297535714575,James Blake,UK,23,m,UK,Male
209,3,0.5,Ariana Grande,UK,23,m,US,Female
209,4,0.43067655807339306,Ed Sheeran,UK,23,m,UK,Male
209,5,0.38685280723454163,Taylor Swift,UK,23,m,US,Female
209,6,0.3562071871080222,Billy Joel,UK,23,m,US,Male
209,7,0.3333333333333333,John Mayer,UK,23,m,IN,Male
209,8,0.31546487678572877,Björk,UK,23,m,IS,Female
209,9,0.3010299956639812,Adele,UK,23,m,UK,Female
209,10,0.2890648263178879,Miley Cyrus,UK,23,m,US,Non-binary
210,1,1.0,Billy Joel,FI,19,f,US,Male
210,2,0.6309297535714575,Bryan Adams,FI,19,f,CA,Male
210,3,0.5,Ariana Grande,FI,19,f,US,Female
210,4,0.43067655807339306,John Mayer,FI,19,f,IN,Male
210,5,0.38685280723454163,Marilyn Manson,FI,19,f,US,Male
210,6,0.3562071871080222,AFI,FI,19,f,US,Female
210,7,0.3333333333333333,George Ezra,FI,19,f,UK,Male
210,8,0.31546487678572877,Robyn,FI,19,f,SE,Female
210,9,0.3010299956639812,Miley Cyrus,FI,19,f,US,Non-binary
210,10,0.2890648263178879,Beck,FI,19,f,DK,Male
211,1,1.0,Gala,BG,33,f,IT,Female
211,2,0.6309297535714575,Róisín Murphy,BG,33,f,IE,Female
211,3,0.5,Robert Palmer,BG,33,f,US,Male
211,4,0.43067655807339306,Mylène Farmer,BG,33,f,FR,Female
211,5,0.38685280723454163,Madonna,BG,33,f,US,Female
211,6,0.3562071871080222,Madonna,BG,33,f,US,Female
211,7,0.3333333333333333,Kylie Minogue,BG,33,f,AU,Female
211,8,0.31546487678572877,Ian Brown,BG,33,f,UK,Male
211,9,0.3010299956639812,Katy Perry,BG,33,f,US,Female
211,10,0.2890648263178879,Mylène Farmer,BG,33,f,FR,Female
212,1,1.0,Britney Spears,DE,24,m,US,Female
212,2,0.6309297535714575,Björk,DE,24,m,IS,Female
212,3,0.5,Billy Joel,DE,24,m,US,Male
212,4,0.43067655807339306,Michael Sembello,DE,24,m,US,Male
212,5,0.38685280723454163,Marilyn Manson,DE,24,m,US,Male
212,6,0.3562071871080222,Ed Sheeran,DE,24,m,UK,Male
212,7,0.3333333333333333,Edwyn Collins,DE,24,m,UK,Male
212,8,0.31546487678572877,John Mayer,DE,24,m,IN,Male
212,9,0.3010299956639812,Queen,DE,24,m,JP,Female
212,10,0.2890648263178879,Chris Isaak,DE,24,m,US,Male
213,1,1.0,Grouper,LV,32,m,US,Female
213,2,0.6309297535714575,Bill Callahan,LV,32,m,US,Male
213,3,0.5,Cass McCombs,LV,32,m,US,Male
213,4,0.43067655807339306,Panda Bear,LV,32,m,US,Male
213,5,0.38685280723454163,Perfume Genius,LV,32,m,US,Male
213,6,0.3562071871080222,Ry x,LV,32,m,AU,Male
213,7,0.3333333333333333,Kevin Morby,LV,32,m,US,Male
213,8,0.31546487678572877,Wild Nothing,LV,32,m,US,Male
213,9,0.3010299956639812,John Cale,LV,32,m,US,Male
213,10,0.2890648263178879,Ry x,LV,32,m,AU,Male
214,1,1.0,James Blake,DE,21,m,UK,Male
214,2,0.6309297535714575,Tame Impala,DE,21,m,AU,Male
214,3,0.5,Snail Mail,DE,21,m,US,Female
214,4,0.43067655807339306,James Blake,DE,21,m,UK,Male
214,5,0.38685280723454163,Apparat,DE,21,m,DE,Male
214,6,0.3562071871080222,Twin Shadow,DE,21,m,US,Male
214,7,0.3333333333333333,Toro y Moi,DE,21,m,US,Male
214,8,0.31546487678572877,Weyes Blood,DE,21,m,US,Female
214,9,0.3010299956639812,Toro y Moi,DE,21,m,US,Male
214,10,0.2890648263178879,Janelle Monáe,DE,21,m,US,Non-binary
215,1,1.0,Devin Townsend,UK,33,m,CA,Male
215,2,0.6309297535714575,Belchior,UK,33,m,BR,Male
215,3,0.5,Clara Nunes,UK,33,m,BR,Female
215,4,0.43067655807339306,Billy Joel,UK,33,m,US,Male
215,5,0.38685280723454163,Yngwie Malmsteen,UK,33,m,SE,Male
215,6,0.3562071871080222,Billy Joel,UK,33,m,US,Male
215,7,0.3333333333333333,Bob Dylan,UK,33,m,US,Male
215,8,0.31546487678572877,Eagle-Eye Cherry,UK,33,m,SE,Male
215,9,0.3010299956639812,Devin Townsend,UK,33,m,CA,Male
215,10,0.2890648263178879,AFI,UK,33,m,US,Female
216,1,1.0,Bryan Adams,RU,26,m,CA,Male
216,2,0.6309297535714575,Billy Joel,RU,26,m,US,Male
216,3,0.5,Roy Orbison,RU,26,m,US,Male
216,4,0.43067655807339306,Billy Joel,RU,26,m,US,Male
216,5,0.38685280723454163,Carpenter Brut,RU,26,m,FR,Male
216,6,0.3562071871080222,Michael Sembello,RU,26,m,US,Male
216,7,0.3333333333333333,Ed Sheeran,RU,26,m,UK,Male
216,8,0.31546487678572877,Dolly Parton,RU,26,m,US,Female
216,9,0.3010299956639812,Carpenter Brut,RU,26,m,FR,Male
216,10,0.2890648263178879,John Mayer,RU,26,m,IN,Male
217,1,1.0,Lil Nas X,RU,26,m,US,Male
217,2,0.6309297535714575,Miley Cyrus,RU,26,m,US,Non-binary
217,3,0.5,AFI,RU,26,m,US,Female
217,4,0.43067655807339306,Taylor Swift,RU,26,m,US,Female
217,5,0.38685280723454163,Michael Sembello,RU,26,m,US,Male
217,6,0.3562071871080222,Roy Orbison,RU,26,m,US,Male
217,7,0.3333333333333333,Ed Sheeran,RU,26,m,UK,Male
217,8,0.31546487678572877,Billy Joel,RU,26,m,US,Male
217,9,0.3010299956639812,Dolly Parton,RU,26,m,US,Female
217,10,0.2890648263178879,George Ezra,RU,26,m,UK,Male
218,1,1.0,AFI,SE,33,m,US,Female
218,2,0.6309297535714575,Billy Joel,SE,33,m,US,Male
218,3,0.5,Michael Sembello,SE,33,m,US,Male
218,4,0.43067655807339306,Sia,SE,33,m,AU,Female
218,5,0.38685280723454163,Ariana Grande,SE,33,m,US,Female
218,6,0.3562071871080222,Corinne Bailey Rae,SE,33,m,UK,Female
218,7,0.3333333333333333,Paula Abdul,SE,33,m,US,Female
218,8,0.31546487678572877,Laura Branigan,SE,33,m,US,Female
218,9,0.3010299956639812,Kelly Clarkson,SE,33,m,US,Female
218,10,0.2890648263178879,Queen,SE,33,m,JP,Female
219,1,1.0,Toro y Moi,SE,22,m,US,Male
219,2,0.6309297535714575,Snail Mail,SE,22,m,US,Female
219,3,0.5,Aldous Harding,SE,22,m,NZ,Female
219,4,0.43067655807339306,Robyn,SE,22,m,SE,Female
219,5,0.38685280723454163,Travis Scott,SE,22,m,US,Male
219,6,0.3562071871080222,Weyes Blood,SE,22,m,US,Female
219,7,0.3333333333333333,Weyes Blood,SE,22,m,US,Female
219,8,0.31546487678572877,Twin Shadow,SE,22,m,US,Male
219,9,0.3010299956639812,Queen,SE,22,m,JP,Female
219,10,0.2890648263178879,Lil Nas X,SE,22,m,US,Male
220,1,1.0,Billy Joel,RU,23,m,US,Male
220,2,0.6309297535714575,Roy Orbison,RU,23,m,US,Male
220,3,0.5,Chuck Berry,RU,23,m,US,Male
220,4,0.43067655807339306,Dolly Parton,RU,23,m,US,Female
220,5,0.38685280723454163,Taylor Swift,RU,23,m,US,Female
220,6,0.3562071871080222,Moby,RU,23,m,US,Male
220,7,0.3333333333333333,Seal,RU,23,m,UK,Male
220,8,0.31546487678572877,Ed Sheeran,RU,23,m,UK,Male
220,9,0.3010299956639812,Justin Timberlake,RU,23,m,US,Male
220,10,0.2890648263178879,George Ezra,RU,23,m,UK,Male
221,1,1.0,Lana Del Rey,US,24,m,US,Female
221,2,0.6309297535714575,Ed Sheeran,US,24,m,UK,Male
221,3,0.5,Miley Cyrus,US,24,m,US,Non-binary
221,4,0.43067655807339306,Paula Abdul,US,24,m,US,Female
221,5,0.38685280723454163,Beyoncé,US,24,m,US,Female
221,6,0.3562071871080222,Bryan Adams,US,24,m,CA,Male
221,7,0.3333333333333333,Frank Ocean,US,24,m,US,Male
221,8,0.31546487678572877,Mahmood,US,24,m,IT,Male
221,9,0.3010299956639812,Duncan Laurence,US,24,m,NL,Male
221,10,0.2890648263178879,Adele,US,24,m,UK,Female
223,1,1.0,John Maus,SE,43,m,US,Male
223,2,0.6309297535714575,Thom Yorke,SE,43,m,UK,Male
223,3,0.5,James Blake,SE,43,m,UK,Male
223,4,0.43067655807339306,Beck,SE,43,m,DK,Male
223,5,0.38685280723454163,John Maus,SE,43,m,US,Male
223,6,0.3562071871080222,Four Tet,SE,43,m,UK,Male
223,7,0.3333333333333333,Toro y Moi,SE,43,m,US,Male
223,8,0.31546487678572877,Robyn,SE,43,m,SE,Female
223,9,0.3010299956639812,Lana Del Rey,SE,43,m,US,Female
223,10,0.2890648263178879,Apparat,SE,43,m,DE,Male
224,1,1.0,James Blake,NL,29,m,UK,Male
224,2,0.6309297535714575,John Maus,NL,29,m,US,Male
224,3,0.5,Weyes Blood,NL,29,m,US,Female
224,4,0.43067655807339306,Snail Mail,NL,29,m,US,Female
224,5,0.38685280723454163,Toro y Moi,NL,29,m,US,Male
224,6,0.3562071871080222,Four Tet,NL,29,m,UK,Male
224,7,0.3333333333333333,James Blake,NL,29,m,UK,Male
224,8,0.31546487678572877,Jessica Pratt,NL,29,m,US,Female
224,9,0.3010299956639812,Apparat,NL,29,m,DE,Male
224,10,0.2890648263178879,Twin Shadow,NL,29,m,US,Male
225,1,1.0,Britney Spears,PL,28,m,US,Female
225,2,0.6309297535714575,Travis Scott,PL,28,m,US,Male
225,3,0.5,Robyn,PL,28,m,SE,Female
225,4,0.43067655807339306,Billy Joel,PL,28,m,US,Male
225,5,0.38685280723454163,Britney Spears,PL,28,m,US,Female
225,6,0.3562071871080222,Haddaway,PL,28,m,DE,Male
225,7,0.3333333333333333,Björk,PL,28,m,IS,Female
225,8,0.31546487678572877,Eagle-Eye Cherry,PL,28,m,SE,Male
225,9,0.3010299956639812,Lil Nas X,PL,28,m,US,Male
225,10,0.2890648263178879,Marilyn Manson,PL,28,m,US,Male
226,1,1.0,Emperor,RU,37,m,UK,Male
226,2,0.6309297535714575,Mayhem,RU,37,m,CA,Female
226,3,0.5,Queen,RU,37,m,JP,Female
226,4,0.43067655807339306,Queen,RU,37,m,JP,Female
226,5,0.38685280723454163,Ihsahn,RU,37,m,NO,Male
226,6,0.3562071871080222,Weyes Blood,RU,37,m,US,Female
226,7,0.3333333333333333,John Maus,RU,37,m,US,Male
226,8,0.31546487678572877,Queen,RU,37,m,JP,Female
226,9,0.3010299956639812,Nile,RU,37,m,US,Female
226,10,0.2890648263178879,Queen,RU,37,m,JP,Female
227,1,1.0,Björk,UK,23,m,IS,Female
227,2,0.6309297535714575,Seal,UK,23,m,UK,Male
227,3,0.5,Chris Isaak,UK,23,m,US,Male
227,4,0.43067655807339306,Edwyn Collins,UK,23,m,UK,Male
227,5,0.38685280723454163,Marilyn Manson,UK,23,m,US,Male
227,6,0.3562071871080222,Robyn,UK,23,m,SE,Female
227,7,0.3333333333333333,Moby,UK,23,m,US,Male
227,8,0.31546487678572877,Eric Clapton,UK,23,m,UK,Male
227,9,0.3010299956639812,Tame Impala,UK,23,m,AU,Male
227,10,0.2890648263178879,Elvis Presley,UK,23,m,US,Male
228,1,1.0,Britney Spears,US,28,m,US,Female
228,2,0.6309297535714575,Rihanna,US,28,m,UK,Female
228,3,0.5,Kacey Musgraves,US,28,m,US,Female
228,4,0.43067655807339306,Lil Nas X,US,28,m,US,Male
228,5,0.38685280723454163,Britney Spears,US,28,m,US,Female
228,6,0.3562071871080222,Avril Lavigne,US,28,m,CA,Female
228,7,0.3333333333333333,Sia,US,28,m,AU,Female
228,8,0.31546487678572877,Rihanna,US,28,m,UK,Female
228,9,0.3010299956639812,Taylor Swift,US,28,m,US,Female
228,10,0.2890648263178879,Kanye West,US,28,m,US,Male
229,1,1.0,Toro y Moi,PL,32,m,US,Male
229,2,0.6309297535714575,Kanye West,PL,32,m,US,Male
229,3,0.5,DJ Shadow,PL,32,m,US,Male
229,4,0.43067655807339306,Ariana Grande,PL,32,m,US,Female
229,5,0.38685280723454163,Kacey Musgraves,PL,32,m,US,Female
229,6,0.3562071871080222,Wild Nothing,PL,32,m,US,Male
229,7,0.3333333333333333,Tycho,PL,32,m,US,Male
229,8,0.31546487678572877,Kanye West,PL,32,m,US,Male
229,9,0.3010299956639812,Billy Joel,PL,32,m,US,Male
229,10,0.2890648263178879,Jessie J,PL,32,m,UK,Female
230,1,1.0,James Blake,UA,26,m,UK,Male
230,2,0.6309297535714575,Weyes Blood,UA,26,m,US,Female
230,3,0.5,James Blake,UA,26,m,UK,Male
230,4,0.43067655807339306,Toro y Moi,UA,26,m,US,Male
230,5,0.38685280723454163,Weyes Blood,UA,26,m,US,Female
230,6,0.3562071871080222,Apparat,UA,26,m,DE,Male
230,7,0.3333333333333333,Jessica Pratt,UA,26,m,US,Female
230,8,0.31546487678572877,Toro y Moi,UA,26,m,US,Male
230,9,0.3010299956639812,Beck,UA,26,m,DK,Male
230,10,0.2890648263178879,Janelle Monáe,UA,26,m,US,Non-binary
231,1,1.0,Nile,RS,29,m,US,Female
231,2,0.6309297535714575,The Kinks,RS,29,m,US,Male
231,3,0.5,Billy Joel,RS,29,m,US,Male
231,4,0.43067655807339306,Machine Head,RS,29,m,JP,Male
231,5,0.38685280723454163,Tom Waits,RS,29,m,US,Male
231,6,0.3562071871080222,Beck,RS,29,m,DK,Male
231,7,0.3333333333333333,Nile,RS,29,m,US,Female
231,8,0.31546487678572877,KT Tunstall,RS,29,m,UK,Female
231,9,0.3010299956639812,Chuck Berry,RS,29,m,US,Male
231,10,0.2890648263178879,David Bowie,RS,29,m,UK,Male
232,1,1.0,Taylor Swift,AT,26,m,US,Female
232,2,0.6309297535714575,Marilyn Manson,AT,26,m,US,Male
232,3,0.5,Michael Sembello,AT,26,m,US,Male
232,4,0.43067655807339306,Jessie J,AT,26,m,UK,Female
232,5,0.38685280723454163,Chris Isaak,AT,26,m,US,Male
232,6,0.3562071871080222,Roy Orbison,AT,26,m,US,Male
232,7,0.3333333333333333,Dolly Parton,AT,26,m,US,Female
232,8,0.31546487678572877,Chuck Berry,AT,26,m,US,Male
232,9,0.3010299956639812,Laura Branigan,AT,26,m,US,Female
232,10,0.2890648263178879,Seal,AT,26,m,UK,Male
233,1,1.0,AFI,NL,20,m,US,Female
233,2,0.6309297535714575,Michael Sembello,NL,20,m,US,Male
233,3,0.5,Taylor Swift,NL,20,m,US,Female
233,4,0.43067655807339306,Miley Cyrus,NL,20,m,US,Non-binary
233,5,0.38685280723454163,Björk,NL,20,m,IS,Female
233,6,0.3562071871080222,Sia,NL,20,m,AU,Female
233,7,0.3333333333333333,Ariana Grande,NL,20,m,US,Female
233,8,0.31546487678572877,Queen,NL,20,m,JP,Female
233,9,0.3010299956639812,Edwyn Collins,NL,20,m,UK,Male
233,10,0.2890648263178879,Marilyn Manson,NL,20,m,US,Male
234,1,1.0,Eagle-Eye Cherry,AU,30,m,SE,Male
234,2,0.6309297535714575,Björk,AU,30,m,IS,Female
234,3,0.5,Billy Joel,AU,30,m,US,Male
234,4,0.43067655807339306,Weyes Blood,AU,30,m,US,Female
234,5,0.38685280723454163,John Maus,AU,30,m,US,Male
234,6,0.3562071871080222,Marilyn Manson,AU,30,m,US,Male
234,7,0.3333333333333333,Queen,AU,30,m,JP,Female
234,8,0.31546487678572877,Haddaway,AU,30,m,DE,Male
234,9,0.3010299956639812,Chuck Berry,AU,30,m,US,Male
234,10,0.2890648263178879,Dolly Parton,AU,30,m,US,Female
235,1,1.0,AFI,DE,23,m,US,Female
235,2,0.6309297535714575,John Maus,DE,23,m,US,Male
235,3,0.5,Robyn,DE,23,m,SE,Female
235,4,0.43067655807339306,Bryan Adams,DE,23,m,CA,Male
235,5,0.38685280723454163,Kurt Vile,DE,23,m,US,Male
235,6,0.3562071871080222,Björk,DE,23,m,IS,Female
235,7,0.3333333333333333,Thom Yorke,DE,23,m,UK,Male
235,8,0.31546487678572877,Aldous Harding,DE,23,m,NZ,Female
235,9,0.3010299956639812,Travis Scott,DE,23,m,US,Male
235,10,0.2890648263178879,Apparat,DE,23,m,DE,Male
236,1,1.0,Lil Nas X,RU,22,f,US,Male
236,2,0.6309297535714575,Robyn,RU,22,f,SE,Female
236,3,0.5,John Mayer,RU,22,f,IN,Male
236,4,0.43067655807339306,Miley Cyrus,RU,22,f,US,Non-binary
236,5,0.38685280723454163,Chris Isaak,RU,22,f,US,Male
236,6,0.3562071871080222,Avril Lavigne,RU,22,f,CA,Female
236,7,0.3333333333333333,Taylor Swift,RU,22,f,US,Female
236,8,0.31546487678572877,Michael Sembello,RU,22,f,US,Male
236,9,0.3010299956639812,Billy Joel,RU,22,f,US,Male
236,10,0.2890648263178879,Dolly Parton,RU,22,f,US,Female
237,1,1.0,Miley Cyrus,CZ,21,m,US,Non-binary
237,2,0.6309297535714575,Billy Joel,CZ,21,m,US,Male
237,3,0.5,Bryan Adams,CZ,21,m,CA,Male
237,4,0.43067655807339306,Duncan Laurence,CZ,21,m,NL,Male
237,5,0.38685280723454163,Sia,CZ,21,m,AU,Female
237,6,0.3562071871080222,Rita Ora,CZ,21,m,UK,Female
237,7,0.3333333333333333,Travis Scott,CZ,21,m,US,Male
237,8,0.31546487678572877,Britney Spears,CZ,21,m,US,Female
237,9,0.3010299956639812,Chris Isaak,CZ,21,m,US,Male
237,10,0.2890648263178879,Marilyn Manson,CZ,21,m,US,Male
238,1,1.0,Bryan Adams,PL,25,m,CA,Male
238,2,0.6309297535714575,Marilyn Manson,PL,25,m,US,Male
238,3,0.5,Britney Spears,PL,25,m,US,Female
238,4,0.43067655807339306,Billy Joel,PL,25,m,US,Male
238,5,0.38685280723454163,Moby,PL,25,m,US,Male
238,6,0.3562071871080222,Queen,PL,25,m,JP,Female
238,7,0.3333333333333333,Chuck Berry,PL,25,m,US,Male
238,8,0.31546487678572877,Björk,PL,25,m,IS,Female
238,9,0.3010299956639812,Ozzy Osbourne,PL,25,m,UK,Male
238,10,0.2890648263178879,Billy Joel,PL,25,m,US,Male
239,1,1.0,Haddaway,NZ,39,m,DE,Male
239,2,0.6309297535714575,Lana Del Rey,NZ,39,m,US,Female
239,3,0.5,Toro y Moi,NZ,39,m,US,Male
239,4,0.43067655807339306,Marilyn Manson,NZ,39,m,US,Male
239,5,0.38685280723454163,John Mayer,NZ,39,m,IN,Male
239,6,0.3562071871080222,Ariana Grande,NZ,39,m,US,Female
239,7,0.3333333333333333,Laura Branigan,NZ,39,m,US,Female
239,8,0.31546487678572877,AFI,NZ,39,m,US,Female
239,9,0.3010299956639812,Dolly Parton,NZ,39,m,US,Female
239,10,0.2890648263178879,Bryan Adams,NZ,39,m,CA,Male
240,1,1.0,Ray LaMontagne,DE,25,m,US,Male
240,2,0.6309297535714575,John Mayer,DE,25,m,IN,Male
240,3,0.5,Chris Stapleton,DE,25,m,US,Male
240,4,0.43067655807339306,Jason Aldean,DE,25,m,US,Male
240,5,0.38685280723454163,Mr. Probz,DE,25,m,NL,Male
240,6,0.3562071871080222,Damien Rice,DE,25,m,IE,Male
240,7,0.3333333333333333,KT Tunstall,DE,25,m,UK,Female
240,8,0.31546487678572877,Eric Church,DE,25,m,US,Male
240,9,0.3010299956639812,Adele,DE,25,m,UK,Female
240,10,0.2890648263178879,Leif Vollebekk,DE,25,m,CA,Male
241,1,1.0,Bryan Adams,TR,33,m,CA,Male
241,2,0.6309297535714575,Billy Joel,TR,33,m,US,Male
241,3,0.5,John Mayer,TR,33,m,IN,Male
241,4,0.43067655807339306,Lil Nas X,TR,33,m,US,Male
241,5,0.38685280723454163,Laura Branigan,TR,33,m,US,Female
241,6,0.3562071871080222,Edwyn Collins,TR,33,m,UK,Male
241,7,0.3333333333333333,Travis Scott,TR,33,m,US,Male
241,8,0.31546487678572877,Queen,TR,33,m,JP,Female
241,9,0.3010299956639812,Tame Impala,TR,33,m,AU,Male
241,10,0.2890648263178879,Rihanna,TR,33,m,UK,Female
242,1,1.0,Marilyn Manson,BR,26,m,US,Male
242,2,0.6309297535714575,Dolly Parton,BR,26,m,US,Female
242,3,0.5,Michael Sembello,BR,26,m,US,Male
242,4,0.43067655807339306,Duncan Laurence,BR,26,m,NL,Male
242,5,0.38685280723454163,Edwyn Collins,BR,26,m,UK,Male
242,6,0.3562071871080222,Moby,BR,26,m,US,Male
242,7,0.3333333333333333,Tame Impala,BR,26,m,AU,Male
242,8,0.31546487678572877,Eric Clapton,BR,26,m,UK,Male
242,9,0.3010299956639812,Queen,BR,26,m,JP,Female
242,10,0.2890648263178879,Queen,BR,26,m,JP,Female
243,1,1.0,Marilyn Manson,FI,24,m,US,Male
243,2,0.6309297535714575,Edwyn Collins,FI,24,m,UK,Male
243,3,0.5,Björk,FI,24,m,IS,Female
243,4,0.43067655807339306,Miley Cyrus,FI,24,m,US,Non-binary
243,5,0.38685280723454163,Avril Lavigne,FI,24,m,CA,Female
243,6,0.3562071871080222,Ed Sheeran,FI,24,m,UK,Male
243,7,0.3333333333333333,Adele,FI,24,m,UK,Female
243,8,0.31546487678572877,Moby,FI,24,m,US,Male
243,9,0.3010299956639812,Queen,FI,24,m,JP,Female
243,10,0.2890648263178879,Taylor Swift,FI,24,m,US,Female
245,1,1.0,Queen,PL,22,m,JP,Female
245,2,0.6309297535714575,Michael Sembello,PL,22,m,US,Male
245,3,0.5,Robyn,PL,22,m,SE,Female
245,4,0.43067655807339306,Edwyn Collins,PL,22,m,UK,Male
245,5,0.38685280723454163,Tame Impala,PL,22,m,AU,Male
245,6,0.3562071871080222,Adele,PL,22,m,UK,Female
245,7,0.3333333333333333,Marilyn Manson,PL,22,m,US,Male
245,8,0.31546487678572877,Mahmood,PL,22,m,IT,Male
245,9,0.3010299956639812,Eric Clapton,PL,22,m,UK,Male
245,10,0.2890648263178879,Ed Sheeran,PL,22,m,UK,Male
246,1,1.0,Haddaway,FI,28,m,DE,Male
246,2,0.6309297535714575,Queen,FI,28,m,JP,Female
246,3,0.5,Britney Spears,FI,28,m,US,Female
246,4,0.43067655807339306,Björk,FI,28,m,IS,Female
246,5,0.38685280723454163,Chuck Berry,FI,28,m,US,Male
246,6,0.3562071871080222,Billy Joel,FI,28,m,US,Male
246,7,0.3333333333333333,Billy Joel,FI,28,m,US,Male
246,8,0.31546487678572877,Britney Spears,FI,28,m,US,Female
246,9,0.3010299956639812,Marilyn Manson,FI,28,m,US,Male
246,10,0.2890648263178879,Michael Sembello,FI,28,m,US,Male
247,1,1.0,Björk,DE,43,m,IS,Female
247,2,0.6309297535714575,Lil Nas X,DE,43,m,US,Male
247,3,0.5,Marilyn Manson,DE,43,m,US,Male
247,4,0.43067655807339306,Queen,DE,43,m,JP,Female
247,5,0.38685280723454163,Moby,DE,43,m,US,Male
247,6,0.3562071871080222,Justin Timberlake,DE,43,m,US,Male
247,7,0.3333333333333333,George Ezra,DE,43,m,UK,Male
247,8,0.31546487678572877,Robyn,DE,43,m,SE,Female
247,9,0.3010299956639812,Ed Sheeran,DE,43,m,UK,Male
247,10,0.2890648263178879,Rush,DE,43,m,US,Male
248,1,1.0,Lana Del Rey,US,26,m,US,Female
248,2,0.6309297535714575,Haddaway,US,26,m,DE,Male
248,3,0.5,Weyes Blood,US,26,m,US,Female
248,4,0.43067655807339306,John Maus,US,26,m,US,Male
248,5,0.38685280723454163,Weyes Blood,US,26,m,US,Female
248,6,0.3562071871080222,Toro y Moi,US,26,m,US,Male
248,7,0.3333333333333333,Aldous Harding,US,26,m,NZ,Female
248,8,0.31546487678572877,Taylor Swift,US,26,m,US,Female
248,9,0.3010299956639812,Dolly Parton,US,26,m,US,Female
248,10,0.2890648263178879,Ariana Grande,US,26,m,US,Female
249,1,1.0,Billy Joel,TR,31,m,US,Male
249,2,0.6309297535714575,Billy Joel,TR,31,m,US,Male
249,3,0.5,Queen,TR,31,m,JP,Female
249,4,0.43067655807339306,Marilyn Manson,TR,31,m,US,Male
249,5,0.38685280723454163,Edwyn Collins,TR,31,m,UK,Male
249,6,0.3562071871080222,Chris Isaak,TR,31,m,US,Male
249,7,0.3333333333333333,Moby,TR,31,m,US,Male
249,8,0.31546487678572877,Avril Lavigne,TR,31,m,CA,Female
249,9,0.3010299956639812,Queen,TR,31,m,JP,Female
249,10,0.2890648263178879,Taylor Swift,TR,31,m,US,Female
250,1,1.0,John Mayer,UA,26,m,IN,Male
250,2,0.6309297535714575,Duncan Laurence,UA,26,m,NL,Male
250,3,0.5,Lil Nas X,UA,26,m,US,Male
250,4,0.43067655807339306,Miley Cyrus,UA,26,m,US,Non-binary
250,5,0.38685280723454163,Michael Sembello,UA,26,m,US,Male
250,6,0.3562071871080222,Roy Orbison,UA,26,m,US,Male
250,7,0.3333333333333333,AFI,UA,26,m,US,Female
250,8,0.31546487678572877,Sia,UA,26,m,AU,Female
250,9,0.3010299956639812,Miley Cyrus,UA,26,m,US,Non-binary
250,10,0.2890648263178879,Ariana Grande,UA,26,m,US,Female
251,1,1.0,Robyn,DE,20,m,SE,Female
251,2,0.6309297535714575,Ariana Grande,DE,20,m,US,Female
251,3,0.5,Tame Impala,DE,20,m,AU,Male
251,4,0.43067655807339306,Corinne Bailey Rae,DE,20,m,UK,Female
251,5,0.38685280723454163,Queen,DE,20,m,JP,Female
251,6,0.3562071871080222,Eric Clapton,DE,20,m,UK,Male
251,7,0.3333333333333333,Justin Timberlake,DE,20,m,US,Male
251,8,0.31546487678572877,Avril Lavigne,DE,20,m,CA,Female
251,9,0.3010299956639812,Miley Cyrus,DE,20,m,US,Non-binary
251,10,0.2890648263178879,George Ezra,DE,20,m,UK,Male
252,1,1.0,Beck,SE,21,m,DK,Male
252,2,0.6309297535714575,Toro y Moi,SE,21,m,US,Male
252,3,0.5,Lana Del Rey,SE,21,m,US,Female
252,4,0.43067655807339306,Toro y Moi,SE,21,m,US,Male
252,5,0.38685280723454163,Arca,SE,21,m,VE,Non-binary
252,6,0.3562071871080222,Kacey Musgraves,SE,21,m,US,Female
252,7,0.3333333333333333,Billy Joel,SE,21,m,US,Male
252,8,0.31546487678572877,Weyes Blood,SE,21,m,US,Female
252,9,0.3010299956639812,Arca,SE,21,m,VE,Non-binary
252,10,0.2890648263178879,Robyn,SE,21,m,SE,Female
253,1,1.0,Bryan Adams,UK,19,m,CA,Male
253,2,0.6309297535714575,Robyn,UK,19,m,SE,Female
253,3,0.5,Beck,UK,19,m,DK,Male
253,4,0.43067655807339306,Marilyn Manson,UK,19,m,US,Male
253,5,0.38685280723454163,AFI,UK,19,m,US,Female
253,6,0.3562071871080222,Michael Sembello,UK,19,m,US,Male
253,7,0.3333333333333333,Chris Isaak,UK,19,m,US,Male
253,8,0.31546487678572877,Avril Lavigne,UK,19,m,CA,Female
253,9,0.3010299956639812,Adele,UK,19,m,UK,Female
253,10,0.2890648263178879,Billy Joel,UK,19,m,US,Male
254,1,1.0,Queen,PL,25,f,JP,Female
254,2,0.6309297535714575,Ed Sheeran,PL,25,f,UK,Male
254,3,0.5,Lil Nas X,PL,25,f,US,Male
254,4,0.43067655807339306,Duncan Laurence,PL,25,f,NL,Male
254,5,0.38685280723454163,Edwyn Collins,PL,25,f,UK,Male
254,6,0.3562071871080222,Marilyn Manson,PL,25,f,US,Male
254,7,0.3333333333333333,Robyn,PL,25,f,SE,Female
254,8,0.31546487678572877,Moby,PL,25,f,US,Male
254,9,0.3010299956639812,Queen,PL,25,f,JP,Female
254,10,0.2890648263178879,Queen,PL,25,f,JP,Female
256,1,1.0,Haddaway,UK,24,m,DE,Male
256,2,0.6309297535714575,Björk,UK,24,m,IS,Female
256,3,0.5,Queen,UK,24,m,JP,Female
256,4,0.43067655807339306,Bryan Adams,UK,24,m,CA,Male
256,5,0.38685280723454163,Billy Joel,UK,24,m,US,Male
256,6,0.3562071871080222,Chuck Berry,UK,24,m,US,Male
256,7,0.3333333333333333,Edwyn Collins,UK,24,m,UK,Male
256,8,0.31546487678572877,Billy Joel,UK,24,m,US,Male
256,9,0.3010299956639812,Britney Spears,UK,24,m,US,Female
256,10,0.2890648263178879,Marilyn Manson,UK,24,m,US,Male
257,1,1.0,Emperor,LT,23,m,UK,Male
257,2,0.6309297535714575,Queen,LT,23,m,JP,Female
257,3,0.5,Queen,LT,23,m,JP,Female
257,4,0.43067655807339306,The Kinks,LT,23,m,US,Male
257,5,0.38685280723454163,Queen,LT,23,m,JP,Female
257,6,0.3562071871080222,Queen,LT,23,m,JP,Female
257,7,0.3333333333333333,Queen,LT,23,m,JP,Female
257,8,0.31546487678572877,Marisa Monte,LT,23,m,BR,Female
257,9,0.3010299956639812,Ozzy Osbourne,LT,23,m,UK,Male
257,10,0.2890648263178879,The Kinks,LT,23,m,US,Male
258,1,1.0,Lana Del Rey,FI,20,f,US,Female
258,2,0.6309297535714575,Weyes Blood,FI,20,f,US,Female
258,3,0.5,Travis Scott,FI,20,f,US,Male
258,4,0.43067655807339306,Weyes Blood,FI,20,f,US,Female
258,5,0.38685280723454163,Toro y Moi,FI,20,f,US,Male
258,6,0.3562071871080222,John Maus,FI,20,f,US,Male
258,7,0.3333333333333333,John Maus,FI,20,f,US,Male
258,8,0.31546487678572877,Beyoncé,FI,20,f,US,Female
258,9,0.3010299956639812,Weyes Blood,FI,20,f,US,Female
258,10,0.2890648263178879,Ariana Grande,FI,20,f,US,Female
259,1,1.0,Queen,BG,26,m,JP,Female
259,2,0.6309297535714575,Billy Joel,BG,26,m,US,Male
259,3,0.5,Michael Sembello,BG,26,m,US,Male
259,4,0.43067655807339306,Duncan Laurence,BG,26,m,NL,Male
259,5,0.38685280723454163,Billy Joel,BG,26,m,US,Male
259,6,0.3562071871080222,Dolly Parton,BG,26,m,US,Female
259,7,0.3333333333333333,Marilyn Manson,BG,26,m,US,Male
259,8,0.31546487678572877,James Blake,BG,26,m,UK,Male
259,9,0.3010299956639812,Toro y Moi,BG,26,m,US,Male
259,10,0.2890648263178879,Ozzy Osbourne,BG,26,m,UK,Male
261,1,1.0,Ed Sheeran,RO,28,m,UK,Male
261,2,0.6309297535714575,Miley Cyrus,RO,28,m,US,Non-binary
261,3,0.5,Avril Lavigne,RO,28,m,CA,Female
261,4,0.43067655807339306,Ariana Grande,RO,28,m,US,Female
261,5,0.38685280723454163,Haddaway,RO,28,m,DE,Male
261,6,0.3562071871080222,Britney Spears,RO,28,m,US,Female
261,7,0.3333333333333333,Rita Ora,RO,28,m,UK,Female
261,8,0.31546487678572877,Ariana Grande,RO,28,m,US,Female
261,9,0.3010299956639812,Ariana Grande,RO,28,m,US,Female
261,10,0.2890648263178879,Travis Scott,RO,28,m,US,Male
262,1,1.0,John Mayer,PL,41,m,IN,Male
262,2,0.6309297535714575,Robyn,PL,41,m,SE,Female
262,3,0.5,Kacey Musgraves,PL,41,m,US,Female
262,4,0.43067655807339306,Father John Misty,PL,41,m,US,Male
262,5,0.38685280723454163,Grimes,PL,41,m,CA,Female
262,6,0.3562071871080222,Tycho,PL,41,m,US,Male
262,7,0.3333333333333333,Ariana Grande,PL,41,m,US,Female
262,8,0.31546487678572877,Michael Sembello,PL,41,m,US,Male
262,9,0.3010299956639812,Julia Holter,PL,41,m,US,Female
262,10,0.2890648263178879,Travis Scott,PL,41,m,US,Male
263,1,1.0,Weyes Blood,CZ,35,m,US,Female
263,2,0.6309297535714575,Jessica Pratt,CZ,35,m,US,Female
263,3,0.5,Father John Misty,CZ,35,m,US,Male
263,4,0.43067655807339306,Billy Joel,CZ,35,m,US,Male
263,5,0.38685280723454163,Snail Mail,CZ,35,m,US,Female
263,6,0.3562071871080222,Janelle Monáe,CZ,35,m,US,Non-binary
263,7,0.3333333333333333,Wild Nothing,CZ,35,m,US,Male
263,8,0.31546487678572877,Tame Impala,CZ,35,m,AU,Male
263,9,0.3010299956639812,Julia Holter,CZ,35,m,US,Female
263,10,0.2890648263178879,Bill Callahan,CZ,35,m,US,Male
264,1,1.0,Ed Sheeran,CZ,23,m,UK,Male
264,2,0.6309297535714575,AFI,CZ,23,m,US,Female
264,3,0.5,Lil Nas X,CZ,23,m,US,Male
264,4,0.43067655807339306,Marilyn Manson,CZ,23,m,US,Male
264,5,0.38685280723454163,Taylor Swift,CZ,23,m,US,Female
264,6,0.3562071871080222,Chris Isaak,CZ,23,m,US,Male
264,7,0.3333333333333333,Jessie J,CZ,23,m,UK,Female
264,8,0.31546487678572877,Miley Cyrus,CZ,23,m,US,Non-binary
264,9,0.3010299956639812,Tame Impala,CZ,23,m,AU,Male
264,10,0.2890648263178879,Adele,CZ,23,m,UK,Female
265,1,1.0,Frank Ocean,US,25,m,US,Male
265,2,0.6309297535714575,Janelle Monáe,US,25,m,US,Non-binary
265,3,0.5,Beyoncé,US,25,m,US,Female
265,4,0.43067655807339306,Lana Del Rey,US,25,m,US,Female
265,5,0.38685280723454163,Flume,US,25,m,AU,Male
265,6,0.3562071871080222,John Maus,US,25,m,US,Male
265,7,0.3333333333333333,Earl Sweatshirt,US,25,m,US,Male
265,8,0.31546487678572877,Weyes Blood,US,25,m,US,Female
265,9,0.3010299956639812,Weyes Blood,US,25,m,US,Female
265,10,0.2890648263178879,Rihanna,US,25,m,UK,Female
266,1,1.0,John Maus,ES,27,m,US,Male
266,2,0.6309297535714575,Frank Ocean,ES,27,m,US,Male
266,3,0.5,John Maus,ES,27,m,US,Male
266,4,0.43067655807339306,Father John Misty,ES,27,m,US,Male
266,5,0.38685280723454163,Beck,ES,27,m,DK,Male
266,6,0.3562071871080222,Toro y Moi,ES,27,m,US,Male
266,7,0.3333333333333333,Lil Nas X,ES,27,m,US,Male
266,8,0.31546487678572877,Weyes Blood,ES,27,m,US,Female
266,9,0.3010299956639812,Rita Ora,ES,27,m,UK,Female
266,10,0.2890648263178879,Rihanna,ES,27,m,UK,Female
267,1,1.0,Sia,PL,28,m,AU,Female
267,2,0.6309297535714575,Billy Joel,PL,28,m,US,Male
267,3,0.5,Lana Del Rey,PL,28,m,US,Female
267,4,0.43067655807339306,Duncan Laurence,PL,28,m,NL,Male
267,5,0.38685280723454163,Ariana Grande,PL,28,m,US,Female
267,6,0.3562071871080222,AFI,PL,28,m,US,Female
267,7,0.3333333333333333,Ariana Grande,PL,28,m,US,Female
267,8,0.31546487678572877,Marilyn Manson,PL,28,m,US,Male
267,9,0.3010299956639812,Roy Orbison,PL,28,m,US,Male
267,10,0.2890648263178879,Ariana Grande,PL,28,m,US,Female
268,1,1.0,Ed Sheeran,CO,33,m,UK,Male
268,2,0.6309297535714575,Björk,CO,33,m,IS,Female
268,3,0.5,Marilyn Manson,CO,33,m,US,Male
268,4,0.43067655807339306,Duncan Laurence,CO,33,m,NL,Male
268,5,0.38685280723454163,Moby,CO,33,m,US,Male
268,6,0.3562071871080222,Queen,CO,33,m,JP,Female
268,7,0.3333333333333333,Queen,CO,33,m,JP,Female
268,8,0.31546487678572877,Tame Impala,CO,33,m,AU,Male
268,9,0.3010299956639812,Robyn,CO,33,m,SE,Female
268,10,0.2890648263178879,Ozzy Osbourne,CO,33,m,UK,Male
269,1,1.0,Marilyn Manson,UK,22,m,US,Male
269,2,0.6309297535714575,Billy Joel,UK,22,m,US,Male
269,3,0.5,Roy Orbison,UK,22,m,US,Male
269,4,0.43067655807339306,John Mayer,UK,22,m,IN,Male
269,5,0.38685280723454163,Ed Sheeran,UK,22,m,UK,Male
269,6,0.3562071871080222,Laura Branigan,UK,22,m,US,Female
269,7,0.3333333333333333,Dolly Parton,UK,22,m,US,Female
269,8,0.31546487678572877,Michael Sembello,UK,22,m,US,Male
269,9,0.3010299956639812,Lil Nas X,UK,22,m,US,Male
269,10,0.2890648263178879,Queen,UK,22,m,JP,Female
270,1,1.0,Beck,PL,23,f,DK,Male
270,2,0.6309297535714575,Michael Sembello,PL,23,f,US,Male
270,3,0.5,Marilyn Manson,PL,23,f,US,Male
270,4,0.43067655807339306,AFI,PL,23,f,US,Female
270,5,0.38685280723454163,Chris Isaak,PL,23,f,US,Male
270,6,0.3562071871080222,Miley Cyrus,PL,23,f,US,Non-binary
270,7,0.3333333333333333,Billy Joel,PL,23,f,US,Male
270,8,0.31546487678572877,Björk,PL,23,f,IS,Female
270,9,0.3010299956639812,Seal,PL,23,f,UK,Male
270,10,0.2890648263178879,Dolly Parton,PL,23,f,US,Female
271,1,1.0,Billy Joel,BE,38,m,US,Male
271,2,0.6309297535714575,AFI,BE,38,m,US,Female
271,3,0.5,Roy Orbison,BE,38,m,US,Male
271,4,0.43067655807339306,Chuck Berry,BE,38,m,US,Male
271,5,0.38685280723454163,Tame Impala,BE,38,m,AU,Male
271,6,0.3562071871080222,James Blake,BE,38,m,UK,Male
271,7,0.3333333333333333,Edwyn Collins,BE,38,m,UK,Male
271,8,0.31546487678572877,Marilyn Manson,BE,38,m,US,Male
271,9,0.3010299956639812,Chris Isaak,BE,38,m,US,Male
271,10,0.2890648263178879,Seal,BE,38,m,UK,Male
272,1,1.0,Marilyn Manson,UK,29,m,US,Male
272,2,0.6309297535714575,John Mayer,UK,29,m,IN,Male
272,3,0.5,Roy Orbison,UK,29,m,US,Male
272,4,0.43067655807339306,Chuck Berry,UK,29,m,US,Male
272,5,0.38685280723454163,Björk,UK,29,m,IS,Female
272,6,0.3562071871080222,Duncan Laurence,UK,29,m,NL,Male
272,7,0.3333333333333333,Dolly Parton,UK,29,m,US,Female
272,8,0.31546487678572877,Avril Lavigne,UK,29,m,CA,Female
272,9,0.3010299956639812,Taylor Swift,UK,29,m,US,Female
272,10,0.2890648263178879,Seal,UK,29,m,UK,Male
273,1,1.0,Britney Spears,PE,27,f,US,Female
273,2,0.6309297535714575,Robyn,PE,27,f,SE,Female
273,3,0.5,John Maus,PE,27,f,US,Male
273,4,0.43067655807339306,James Blake,PE,27,f,UK,Male
273,5,0.38685280723454163,Weyes Blood,PE,27,f,US,Female
273,6,0.3562071871080222,Lana Del Rey,PE,27,f,US,Female
273,7,0.3333333333333333,Janelle Monáe,PE,27,f,US,Non-binary
273,8,0.31546487678572877,Weyes Blood,PE,27,f,US,Female
273,9,0.3010299956639812,Laura Branigan,PE,27,f,US,Female
273,10,0.2890648263178879,Aldous Harding,PE,27,f,NZ,Female
274,1,1.0,AFI,DE,24,m,US,Female
274,2,0.6309297535714575,Eagle-Eye Cherry,DE,24,m,SE,Male
274,3,0.5,Marilyn Manson,DE,24,m,US,Male
274,4,0.43067655807339306,Haddaway,DE,24,m,DE,Male
274,5,0.38685280723454163,Marilyn Manson,DE,24,m,US,Male
274,6,0.3562071871080222,Björk,DE,24,m,IS,Female
274,7,0.3333333333333333,Ozzy Osbourne,DE,24,m,UK,Male
274,8,0.31546487678572877,Bryan Adams,DE,24,m,CA,Male
274,9,0.3010299956639812,Billy Joel,DE,24,m,US,Male
274,10,0.2890648263178879,Britney Spears,DE,24,m,US,Female
275,1,1.0,AFI,UK,39,m,US,Female
275,2,0.6309297535714575,Queen,UK,39,m,JP,Female
275,3,0.5,Ed Sheeran,UK,39,m,UK,Male
275,4,0.43067655807339306,Michael Sembello,UK,39,m,US,Male
275,5,0.38685280723454163,Marilyn Manson,UK,39,m,US,Male
275,6,0.3562071871080222,Moby,UK,39,m,US,Male
275,7,0.3333333333333333,Billy Joel,UK,39,m,US,Male
275,8,0.31546487678572877,Edwyn Collins,UK,39,m,UK,Male
275,9,0.3010299956639812,John Mayer,UK,39,m,IN,Male
275,10,0.2890648263178879,Roy Orbison,UK,39,m,US,Male
276,1,1.0,Lana Del Rey,NO,27,m,US,Female
276,2,0.6309297535714575,Miley Cyrus,NO,27,m,US,Non-binary
276,3,0.5,Beck,NO,27,m,DK,Male
276,4,0.43067655807339306,Bryan Adams,NO,27,m,CA,Male
276,5,0.38685280723454163,Rita Ora,NO,27,m,UK,Female
276,6,0.3562071871080222,Eagle-Eye Cherry,NO,27,m,SE,Male
276,7,0.3333333333333333,Billy Joel,NO,27,m,US,Male
276,8,0.31546487678572877,Duncan Laurence,NO,27,m,NL,Male
276,9,0.3010299956639812,Miley Cyrus,NO,27,m,US,Non-binary
276,10,0.2890648263178879,Beyoncé,NO,27,m,US,Female
277,1,1.0,Sibylle Baier,PL,28,m,DE,Female
277,2,0.6309297535714575,Kendrick Lamar,PL,28,m,US,Male
277,3,0.5,Russian Red,PL,28,m,ES,Female
277,4,0.43067655807339306,Celldweller,PL,28,m,US,Male
277,5,0.38685280723454163,Cat Power,PL,28,m,US,Female
277,6,0.3562071871080222,Elliott Smith,PL,28,m,US,Male
277,7,0.3333333333333333,Cat Power,PL,28,m,US,Female
277,8,0.31546487678572877,Cat Power,PL,28,m,US,Female
277,9,0.3010299956639812,Thom Yorke,PL,28,m,UK,Male
277,10,0.2890648263178879,Mayhem,PL,28,m,CA,Female
278,1,1.0,Haddaway,FI,25,m,DE,Male
278,2,0.6309297535714575,Billy Joel,FI,25,m,US,Male
278,3,0.5,Ozzy Osbourne,FI,25,m,UK,Male
278,4,0.43067655807339306,Marilyn Manson,FI,25,m,US,Male
278,5,0.38685280723454163,Björk,FI,25,m,IS,Female
278,6,0.3562071871080222,Queen,FI,25,m,JP,Female
278,7,0.3333333333333333,Marilyn Manson,FI,25,m,US,Male
278,8,0.31546487678572877,Queen,FI,25,m,JP,Female
278,9,0.3010299956639812,Moby,FI,25,m,US,Male
278,10,0.2890648263178879,Serj Tankian,FI,25,m,US,Male
279,1,1.0,Rihanna,BR,27,f,UK,Female
279,2,0.6309297535714575,Britney Spears,BR,27,f,US,Female
279,3,0.5,Sia,BR,27,f,AU,Female
279,4,0.43067655807339306,Miley Cyrus,BR,27,f,US,Non-binary
279,5,0.38685280723454163,Britney Spears,BR,27,f,US,Female
279,6,0.3562071871080222,Lil Nas X,BR,27,f,US,Male
279,7,0.3333333333333333,Kacey Musgraves,BR,27,f,US,Female
279,8,0.31546487678572877,Nicki Minaj,BR,27,f,US,Female
279,9,0.3010299956639812,Rihanna,BR,27,f,UK,Female
279,10,0.2890648263178879,Taylor Swift,BR,27,f,US,Female
280,1,1.0,Chris Stapleton,RU,27,m,US,Male
280,2,0.6309297535714575,Riley Pearce,RU,27,m,AU,Male
280,3,0.5,Jack Johnson,RU,27,m,US,Male
280,4,0.43067655807339306,Jason Isbell and The 400 Unit,RU,27,m,US,Male
280,5,0.38685280723454163,John Mayer,RU,27,m,IN,Male
280,6,0.3562071871080222,John Mayer,RU,27,m,IN,Male
280,7,0.3333333333333333,Susan Tedeschi,RU,27,m,US,Female
280,8,0.31546487678572877,Mr. Probz,RU,27,m,NL,Male
280,9,0.3010299956639812,Chase Rice,RU,27,m,US,Male
280,10,0.2890648263178879,Ray LaMontagne,RU,27,m,US,Male
281,1,1.0,Twin Shadow,UK,23,m,US,Male
281,2,0.6309297535714575,Father John Misty,UK,23,m,US,Male
281,3,0.5,Billy Joel,UK,23,m,US,Male
281,4,0.43067655807339306,Travis Scott,UK,23,m,US,Male
281,5,0.38685280723454163,Janelle Monáe,UK,23,m,US,Non-binary
281,6,0.3562071871080222,Julia Holter,UK,23,m,US,Female
281,7,0.3333333333333333,Britney Spears,UK,23,m,US,Female
281,8,0.31546487678572877,Lana Del Rey,UK,23,m,US,Female
281,9,0.3010299956639812,Robyn,UK,23,m,SE,Female
281,10,0.2890648263178879,Tycho,UK,23,m,US,Male
282,1,1.0,AFI,UK,28,m,US,Female
282,2,0.6309297535714575,Chuck Berry,UK,28,m,US,Male
282,3,0.5,Bryan Adams,UK,28,m,CA,Male
282,4,0.43067655807339306,Michael Sembello,UK,28,m,US,Male
282,5,0.38685280723454163,Ed Sheeran,UK,28,m,UK,Male
282,6,0.3562071871080222,John Mayer,UK,28,m,IN,Male
282,7,0.3333333333333333,Billy Joel,UK,28,m,US,Male
282,8,0.31546487678572877,Lil Nas X,UK,28,m,US,Male
282,9,0.3010299956639812,Queen,UK,28,m,JP,Female
282,10,0.2890648263178879,Roy Orbison,UK,28,m,US,Male
284,1,1.0,Duncan Laurence,DE,22,m,NL,Male
284,2,0.6309297535714575,Björk,DE,22,m,IS,Female
284,3,0.5,Justin Timberlake,DE,22,m,US,Male
284,4,0.43067655807339306,George Ezra,DE,22,m,UK,Male
284,5,0.38685280723454163,Corinne Bailey Rae,DE,22,m,UK,Female
284,6,0.3562071871080222,Miley Cyrus,DE,22,m,US,Non-binary
284,7,0.3333333333333333,Ed Sheeran,DE,22,m,UK,Male
284,8,0.31546487678572877,Queen,DE,22,m,JP,Female
284,9,0.3010299956639812,Queen,DE,22,m,JP,Female
284,10,0.2890648263178879,Moby,DE,22,m,US,Male
286,1,1.0,Beck,AU,21,m,DK,Male
286,2,0.6309297535714575,Bryan Adams,AU,21,m,CA,Male
286,3,0.5,Tame Impala,AU,21,m,AU,Male
286,4,0.43067655807339306,Taylor Swift,AU,21,m,US,Female
286,5,0.38685280723454163,Billy Joel,AU,21,m,US,Male
286,6,0.3562071871080222,John Mayer,AU,21,m,IN,Male
286,7,0.3333333333333333,Jessie J,AU,21,m,UK,Female
286,8,0.31546487678572877,Avril Lavigne,AU,21,m,CA,Female
286,9,0.3010299956639812,Laura Branigan,AU,21,m,US,Female
286,10,0.2890648263178879,Björk,AU,21,m,IS,Female
287,1,1.0,Ed Sheeran,BR,21,m,UK,Male
287,2,0.6309297535714575,Frank Ocean,BR,21,m,US,Male
287,3,0.5,Haddaway,BR,21,m,DE,Male
287,4,0.43067655807339306,Rihanna,BR,21,m,UK,Female
287,5,0.38685280723454163,Roy Orbison,BR,21,m,US,Male
287,6,0.3562071871080222,Lily Allen,BR,21,m,UK,Female
287,7,0.3333333333333333,Frank Ocean,BR,21,m,US,Male
287,8,0.31546487678572877,Rihanna,BR,21,m,UK,Female
287,9,0.3010299956639812,Kanye West,BR,21,m,US,Male
287,10,0.2890648263178879,Sia,BR,21,m,AU,Female
288,1,1.0,Marilyn Manson,CA,22,m,US,Male
288,2,0.6309297535714575,Bryan Adams,CA,22,m,CA,Male
288,3,0.5,Moby,CA,22,m,US,Male
288,4,0.43067655807339306,Marilyn Manson,CA,22,m,US,Male
288,5,0.38685280723454163,Queen,CA,22,m,JP,Female
288,6,0.3562071871080222,Perturbator,CA,22,m,FR,Male
288,7,0.3333333333333333,Chuck Berry,CA,22,m,US,Male
288,8,0.31546487678572877,Billy Joel,CA,22,m,US,Male
288,9,0.3010299956639812,Ozzy Osbourne,CA,22,m,UK,Male
288,10,0.2890648263178879,Britney Spears,CA,22,m,US,Female
289,1,1.0,Michael Sembello,BY,25,m,US,Male
289,2,0.6309297535714575,Björk,BY,25,m,IS,Female
289,3,0.5,Chris Isaak,BY,25,m,US,Male
289,4,0.43067655807339306,Duncan Laurence,BY,25,m,NL,Male
289,5,0.38685280723454163,Marilyn Manson,BY,25,m,US,Male
289,6,0.3562071871080222,Roy Orbison,BY,25,m,US,Male
289,7,0.3333333333333333,Edwyn Collins,BY,25,m,UK,Male
289,8,0.31546487678572877,Lil Nas X,BY,25,m,US,Male
289,9,0.3010299956639812,Laura Branigan,BY,25,m,US,Female
289,10,0.2890648263178879,Moby,BY,25,m,US,Male
290,1,1.0,Robyn,ID,25,f,SE,Female
290,2,0.6309297535714575,Duncan Laurence,ID,25,f,NL,Male
290,3,0.5,Miley Cyrus,ID,25,f,US,Non-binary
290,4,0.43067655807339306,Michael Sembello,ID,25,f,US,Male
290,5,0.38685280723454163,AFI,ID,25,f,US,Female
290,6,0.3562071871080222,Beck,ID,25,f,DK,Male
290,7,0.3333333333333333,Billy Joel,ID,25,f,US,Male
290,8,0.31546487678572877,Taylor Swift,ID,25,f,US,Female
290,9,0.3010299956639812,Avril Lavigne,ID,25,f,CA,Female
290,10,0.2890648263178879,Marilyn Manson,ID,25,f,US,Male
291,1,1.0,AFI,NL,32,m,US,Female
291,2,0.6309297535714575,Marilyn Manson,NL,32,m,US,Male
291,3,0.5,Billy Joel,NL,32,m,US,Male
291,4,0.43067655807339306,Michael Sembello,NL,32,m,US,Male
291,5,0.38685280723454163,Robyn,NL,32,m,SE,Female
291,6,0.3562071871080222,Seal,NL,32,m,UK,Male
291,7,0.3333333333333333,Chris Isaak,NL,32,m,US,Male
291,8,0.31546487678572877,Dolly Parton,NL,32,m,US,Female
291,9,0.3010299956639812,Chuck Berry,NL,32,m,US,Male
291,10,0.2890648263178879,Björk,NL,32,m,IS,Female
292,1,1.0,Rush,SI,19,m,US,Male
292,2,0.6309297535714575,Rush,SI,19,m,US,Male
292,3,0.5,Rush,SI,19,m,US,Male
292,4,0.43067655807339306,Rush,SI,19,m,US,Male
292,5,0.38685280723454163,Rush,SI,19,m,US,Male
292,6,0.3562071871080222,Beck,SI,19,m,DK,Male
292,7,0.3333333333333333,Queen,SI,19,m,JP,Female
292,8,0.31546487678572877,Rush,SI,19,m,US,Male
292,9,0.3010299956639812,Bryan Adams,SI,19,m,CA,Male
292,10,0.2890648263178879,Chuck Berry,SI,19,m,US,Male
293,1,1.0,Bryan Adams,FI,30,m,CA,Male
293,2,0.6309297535714575,Chuck Berry,FI,30,m,US,Male
293,3,0.5,Dido,FI,30,m,UK,Female
293,4,0.43067655807339306,Beck,FI,30,m,DK,Male
293,5,0.38685280723454163,Devin Townsend,FI,30,m,CA,Male
293,6,0.3562071871080222,Billy Joel,FI,30,m,US,Male
293,7,0.3333333333333333,Rush,FI,30,m,US,Male
293,8,0.31546487678572877,Manu Chao,FI,30,m,FR,Male
293,9,0.3010299956639812,Eagle-Eye Cherry,FI,30,m,SE,Male
293,10,0.2890648263178879,Queen,FI,30,m,JP,Female
294,1,1.0,Robyn,FI,21,m,SE,Female
294,2,0.6309297535714575,Haddaway,FI,21,m,DE,Male
294,3,0.5,Lil Nas X,FI,21,m,US,Male
294,4,0.43067655807339306,Miley Cyrus,FI,21,m,US,Non-binary
294,5,0.38685280723454163,Kelis,FI,21,m,US,Female
294,6,0.3562071871080222,Bryan Adams,FI,21,m,CA,Male
294,7,0.3333333333333333,Sia,FI,21,m,AU,Female
294,8,0.31546487678572877,Miley Cyrus,FI,21,m,US,Non-binary
294,9,0.3010299956639812,Duncan Laurence,FI,21,m,NL,Male
294,10,0.2890648263178879,Travis Scott,FI,21,m,US,Male
295,1,1.0,Frank Ocean,BG,19,f,US,Male
295,2,0.6309297535714575,Lil Nas X,BG,19,f,US,Male
295,3,0.5,Haddaway,BG,19,f,DE,Male
295,4,0.43067655807339306,Ed Sheeran,BG,19,f,UK,Male
295,5,0.38685280723454163,Frank Ocean,BG,19,f,US,Male
295,6,0.3562071871080222,Toro y Moi,BG,19,f,US,Male
295,7,0.3333333333333333,John Mayer,BG,19,f,IN,Male
295,8,0.31546487678572877,Taylor Swift,BG,19,f,US,Female
295,9,0.3010299956639812,Lorde,BG,19,f,NZ,Female
295,10,0.2890648263178879,Ariana Grande,BG,19,f,US,Female
296,1,1.0,Kacey Musgraves,NL,23,m,US,Female
296,2,0.6309297535714575,Janelle Monáe,NL,23,m,US,Non-binary
296,3,0.5,Bill Callahan,NL,23,m,US,Male
296,4,0.43067655807339306,Perfume Genius,NL,23,m,US,Male
296,5,0.38685280723454163,John Cale,NL,23,m,US,Male
296,6,0.3562071871080222,Beck,NL,23,m,DK,Male
296,7,0.3333333333333333,Ry x,NL,23,m,AU,Male
296,8,0.31546487678572877,Panda Bear,NL,23,m,US,Male
296,9,0.3010299956639812,Ry x,NL,23,m,AU,Male
296,10,0.2890648263178879,Björk,NL,23,m,IS,Female
297,1,1.0,Jessica Pratt,US,23,m,US,Female
297,2,0.6309297535714575,Weyes Blood,US,23,m,US,Female
297,3,0.5,Father John Misty,US,23,m,US,Male
297,4,0.43067655807339306,Travis Scott,US,23,m,US,Male
297,5,0.38685280723454163,Janelle Monáe,US,23,m,US,Non-binary
297,6,0.3562071871080222,Snail Mail,US,23,m,US,Female
297,7,0.3333333333333333,Ry x,US,23,m,AU,Male
297,8,0.31546487678572877,Wild Nothing,US,23,m,US,Male
297,9,0.3010299956639812,Ry x,US,23,m,AU,Male
297,10,0.2890648263178879,Sufjan Stevens,US,23,m,US,Male
299,1,1.0,Lil Nas X,AU,24,m,US,Male
299,2,0.6309297535714575,Taylor Swift,AU,24,m,US,Female
299,3,0.5,Michael Sembello,AU,24,m,US,Male
299,4,0.43067655807339306,Miley Cyrus,AU,24,m,US,Non-binary
299,5,0.38685280723454163,Avril Lavigne,AU,24,m,CA,Female
299,6,0.3562071871080222,Billy Joel,AU,24,m,US,Male
299,7,0.3333333333333333,Duncan Laurence,AU,24,m,NL,Male
299,8,0.31546487678572877,Dolly Parton,AU,24,m,US,Female
299,9,0.3010299956639812,Chuck Berry,AU,24,m,US,Male
299,10,0.2890648263178879,John Mayer,AU,24,m,IN,Male
300,1,1.0,Snail Mail,PL,24,f,US,Female
300,2,0.6309297535714575,Weyes Blood,PL,24,f,US,Female
300,3,0.5,Weyes Blood,PL,24,f,US,Female
300,4,0.43067655807339306,Weyes Blood,PL,24,f,US,Female
300,5,0.38685280723454163,Jessica Pratt,PL,24,f,US,Female
300,6,0.3562071871080222,Janelle Monáe,PL,24,f,US,Non-binary
300,7,0.3333333333333333,Travis Scott,PL,24,f,US,Male
300,8,0.31546487678572877,Beck,PL,24,f,DK,Male
300,9,0.3010299956639812,Pional,PL,24,f,ES,Male
300,10,0.2890648263178879,Snail Mail,PL,24,f,US,Female
301,1,1.0,Marilyn Manson,UK,21,m,US,Male
301,2,0.6309297535714575,AFI,UK,21,m,US,Female
301,3,0.5,Roy Orbison,UK,21,m,US,Male
301,4,0.43067655807339306,Björk,UK,21,m,IS,Female
301,5,0.38685280723454163,Travis Scott,UK,21,m,US,Male
301,6,0.3562071871080222,Taylor Swift,UK,21,m,US,Female
301,7,0.3333333333333333,Miley Cyrus,UK,21,m,US,Non-binary
301,8,0.31546487678572877,George Ezra,UK,21,m,UK,Male
301,9,0.3010299956639812,Dolly Parton,UK,21,m,US,Female
301,10,0.2890648263178879,Avril Lavigne,UK,21,m,CA,Female
302,1,1.0,Weyes Blood,PL,22,m,US,Female
302,2,0.6309297535714575,Thom Yorke,PL,22,m,UK,Male
302,3,0.5,James Blake,PL,22,m,UK,Male
302,4,0.43067655807339306,Billy Joel,PL,22,m,US,Male
302,5,0.38685280723454163,AFI,PL,22,m,US,Female
302,6,0.3562071871080222,Snail Mail,PL,22,m,US,Female
302,7,0.3333333333333333,Jessica Pratt,PL,22,m,US,Female
302,8,0.31546487678572877,Queen,PL,22,m,JP,Female
302,9,0.3010299956639812,Four Tet,PL,22,m,UK,Male
302,10,0.2890648263178879,Björk,PL,22,m,IS,Female
303,1,1.0,Devin Townsend,RU,25,f,CA,Male
303,2,0.6309297535714575,Rob Zombie,RU,25,f,US,Male
303,3,0.5,Carpenter Brut,RU,25,f,FR,Male
303,4,0.43067655807339306,Beck,RU,25,f,DK,Male
303,5,0.38685280723454163,Blue Stahli,RU,25,f,US,Male
303,6,0.3562071871080222,Ghost,RU,25,f,UK,Male
303,7,0.3333333333333333,Rome,RU,25,f,IL,Male
303,8,0.31546487678572877,Queen,RU,25,f,JP,Female
303,9,0.3010299956639812,Mr.Kitty,RU,25,f,US,Male
303,10,0.2890648263178879,Machine Head,RU,25,f,JP,Male
304,1,1.0,Bryan Adams,BR,20,m,CA,Male
304,2,0.6309297535714575,Lil Nas X,BR,20,m,US,Male
304,3,0.5,Toro y Moi,BR,20,m,US,Male
304,4,0.43067655807339306,Chuck Berry,BR,20,m,US,Male
304,5,0.38685280723454163,Ed Sheeran,BR,20,m,UK,Male
304,6,0.3562071871080222,Billy Joel,BR,20,m,US,Male
304,7,0.3333333333333333,James Blake,BR,20,m,UK,Male
304,8,0.31546487678572877,Michael Sembello,BR,20,m,US,Male
304,9,0.3010299956639812,Björk,BR,20,m,IS,Female
304,10,0.2890648263178879,Travis Scott,BR,20,m,US,Male
305,1,1.0,AFI,DE,26,f,US,Female
305,2,0.6309297535714575,Marilyn Manson,DE,26,f,US,Male
305,3,0.5,Michael Sembello,DE,26,f,US,Male
305,4,0.43067655807339306,Tame Impala,DE,26,f,AU,Male
305,5,0.38685280723454163,Seal,DE,26,f,UK,Male
305,6,0.3562071871080222,Roy Orbison,DE,26,f,US,Male
305,7,0.3333333333333333,Chris Isaak,DE,26,f,US,Male
305,8,0.31546487678572877,Björk,DE,26,f,IS,Female
305,9,0.3010299956639812,Robyn,DE,26,f,SE,Female
305,10,0.2890648263178879,Laura Branigan,DE,26,f,US,Female
306,1,1.0,Billy Joel,FI,19,f,US,Male
306,2,0.6309297535714575,Bryan Adams,FI,19,f,CA,Male
306,3,0.5,Adele,FI,19,f,UK,Female
306,4,0.43067655807339306,Travis Scott,FI,19,f,US,Male
306,5,0.38685280723454163,Lana Del Rey,FI,19,f,US,Female
306,6,0.3562071871080222,Beck,FI,19,f,DK,Male
306,7,0.3333333333333333,George Ezra,FI,19,f,UK,Male
306,8,0.31546487678572877,Marilyn Manson,FI,19,f,US,Male
306,9,0.3010299956639812,Justin Timberlake,FI,19,f,US,Male
306,10,0.2890648263178879,AFI,FI,19,f,US,Female
307,1,1.0,John Maus,BE,26,f,US,Male
307,2,0.6309297535714575,Kurt Vile,BE,26,f,US,Male
307,3,0.5,Thom Yorke,BE,26,f,UK,Male
307,4,0.43067655807339306,Snail Mail,BE,26,f,US,Female
307,5,0.38685280723454163,John Maus,BE,26,f,US,Male
307,6,0.3562071871080222,DJ Shadow,BE,26,f,US,Male
307,7,0.3333333333333333,Weyes Blood,BE,26,f,US,Female
307,8,0.31546487678572877,Janelle Monáe,BE,26,f,US,Non-binary
307,9,0.3010299956639812,Aldous Harding,BE,26,f,NZ,Female
307,10,0.2890648263178879,Teen Daze,BE,26,f,CA,Male
308,1,1.0,Bryan Adams,AU,27,f,CA,Male
308,2,0.6309297535714575,Queen,AU,27,f,JP,Female
308,3,0.5,Ed Sheeran,AU,27,f,UK,Male
308,4,0.43067655807339306,Robyn,AU,27,f,SE,Female
308,5,0.38685280723454163,Billy Joel,AU,27,f,US,Male
308,6,0.3562071871080222,John Mayer,AU,27,f,IN,Male
308,7,0.3333333333333333,Roy Orbison,AU,27,f,US,Male
308,8,0.31546487678572877,Laura Branigan,AU,27,f,US,Female
308,9,0.3010299956639812,Dolly Parton,AU,27,f,US,Female
308,10,0.2890648263178879,Lil Nas X,AU,27,f,US,Male
309,1,1.0,Chico Buarque,BR,21,f,BR,Male
309,2,0.6309297535714575,Djavan,BR,21,f,BR,Male
309,3,0.5,Belchior,BR,21,f,BR,Male
309,4,0.43067655807339306,Geraldo Azevedo,BR,21,f,BR,Male
309,5,0.38685280723454163,Beto Guedes,BR,21,f,BR,Male
309,6,0.3562071871080222,Chico Buarque,BR,21,f,BR,Male
309,7,0.3333333333333333,Erasmo Carlos,BR,21,f,BR,Male
309,8,0.31546487678572877,Bezerra da Silva,BR,21,f,BR,Male
309,9,0.3010299956639812,Belchior,BR,21,f,BR,Male
309,10,0.2890648263178879,Chico Buarque,BR,21,f,BR,Male
310,1,1.0,Amanda Palmer,US,28,m,US,Female
310,2,0.6309297535714575,oOoOO,US,28,m,US,Male
310,3,0.5,Marisa Monte,US,28,m,BR,Female
310,4,0.43067655807339306,The Kinks,US,28,m,US,Male
310,5,0.38685280723454163,Nile,US,28,m,US,Female
310,6,0.3562071871080222,Machine Head,US,28,m,JP,Male
310,7,0.3333333333333333,Emperor,US,28,m,UK,Male
310,8,0.31546487678572877,Queen,US,28,m,JP,Female
310,9,0.3010299956639812,Queen,US,28,m,JP,Female
310,10,0.2890648263178879,Queen,US,28,m,JP,Female
311,1,1.0,Britney Spears,SE,37,m,US,Female
311,2,0.6309297535714575,Kurt Vile,SE,37,m,US,Male
311,3,0.5,Snail Mail,SE,37,m,US,Female
311,4,0.43067655807339306,Bryan Adams,SE,37,m,CA,Male
311,5,0.38685280723454163,Toro y Moi,SE,37,m,US,Male
311,6,0.3562071871080222,Weyes Blood,SE,37,m,US,Female
311,7,0.3333333333333333,Janelle Monáe,SE,37,m,US,Non-binary
311,8,0.31546487678572877,Weyes Blood,SE,37,m,US,Female
311,9,0.3010299956639812,Lil Nas X,SE,37,m,US,Male
311,10,0.2890648263178879,AFI,SE,37,m,US,Female
312,1,1.0,Jack Johnson,US,29,m,US,Male
312,2,0.6309297535714575,Ray LaMontagne,US,29,m,US,Male
312,3,0.5,Chris Stapleton,US,29,m,US,Male
312,4,0.43067655807339306,Chris Stapleton,US,29,m,US,Male
312,5,0.38685280723454163,Chase Rice,US,29,m,US,Male
312,6,0.3562071871080222,Gregory Alan Isakov,US,29,m,US,Male
312,7,0.3333333333333333,John Mayer,US,29,m,IN,Male
312,8,0.31546487678572877,Jake Owen,US,29,m,US,Male
312,9,0.3010299956639812,John Mayer,US,29,m,IN,Male
312,10,0.2890648263178879,Chris Stapleton,US,29,m,US,Male
313,1,1.0,Ed Sheeran,NO,20,m,UK,Male
313,2,0.6309297535714575,Travis Scott,NO,20,m,US,Male
313,3,0.5,Lil Nas X,NO,20,m,US,Male
313,4,0.43067655807339306,Lana Del Rey,NO,20,m,US,Female
313,5,0.38685280723454163,AFI,NO,20,m,US,Female
313,6,0.3562071871080222,Bryan Adams,NO,20,m,CA,Male
313,7,0.3333333333333333,Tame Impala,NO,20,m,AU,Male
313,8,0.31546487678572877,Miley Cyrus,NO,20,m,US,Non-binary
313,9,0.3010299956639812,Roy Orbison,NO,20,m,US,Male
313,10,0.2890648263178879,John Mayer,NO,20,m,IN,Male
315,1,1.0,Britney Spears,US,24,m,US,Female
315,2,0.6309297535714575,Four Tet,US,24,m,UK,Male
315,3,0.5,John Maus,US,24,m,US,Male
315,4,0.43067655807339306,John Maus,US,24,m,US,Male
315,5,0.38685280723454163,Toro y Moi,US,24,m,US,Male
315,6,0.3562071871080222,Janelle Monáe,US,24,m,US,Non-binary
315,7,0.3333333333333333,Haddaway,US,24,m,DE,Male
315,8,0.31546487678572877,Apparat,US,24,m,DE,Male
315,9,0.3010299956639812,Weyes Blood,US,24,m,US,Female
315,10,0.2890648263178879,Lil Nas X,US,24,m,US,Male
316,1,1.0,Björk,FI,21,m,IS,Female
316,2,0.6309297535714575,Marilyn Manson,FI,21,m,US,Male
316,3,0.5,Moby,FI,21,m,US,Male
316,4,0.43067655807339306,Queen,FI,21,m,JP,Female
316,5,0.38685280723454163,Queen,FI,21,m,JP,Female
316,6,0.3562071871080222,Ozzy Osbourne,FI,21,m,UK,Male
316,7,0.3333333333333333,Duncan Laurence,FI,21,m,NL,Male
316,8,0.31546487678572877,Chris Isaak,FI,21,m,US,Male
316,9,0.3010299956639812,Lil Nas X,FI,21,m,US,Male
316,10,0.2890648263178879,Red,FI,21,m,PL,Male
317,1,1.0,Marilyn Manson,US,23,m,US,Male
317,2,0.6309297535714575,Marilyn Manson,US,23,m,US,Male
317,3,0.5,John Maus,US,23,m,US,Male
317,4,0.43067655807339306,Marilyn Manson,US,23,m,US,Male
317,5,0.38685280723454163,Weyes Blood,US,23,m,US,Female
317,6,0.3562071871080222,Thom Yorke,US,23,m,UK,Male
317,7,0.3333333333333333,Tame Impala,US,23,m,AU,Male
317,8,0.31546487678572877,Marilyn Manson,US,23,m,US,Male
317,9,0.3010299956639812,Weyes Blood,US,23,m,US,Female
317,10,0.2890648263178879,John Maus,US,23,m,US,Male
318,1,1.0,Duncan Laurence,BR,28,m,NL,Male
318,2,0.6309297535714575,Eagle-Eye Cherry,BR,28,m,SE,Male
318,3,0.5,Bryan Adams,BR,28,m,CA,Male
318,4,0.43067655807339306,Chris Isaak,BR,28,m,US,Male
318,5,0.38685280723454163,Sia,BR,28,m,AU,Female
318,6,0.3562071871080222,Roy Orbison,BR,28,m,US,Male
318,7,0.3333333333333333,Nicki Minaj,BR,28,m,US,Female
318,8,0.31546487678572877,Troye Sivan,BR,28,m,AU,Male
318,9,0.3010299956639812,Michael Sembello,BR,28,m,US,Male
318,10,0.2890648263178879,Norah Jones,BR,28,m,US,Female
319,1,1.0,Queen,UA,21,m,JP,Female
319,2,0.6309297535714575,Tame Impala,UA,21,m,AU,Male
319,3,0.5,Billy Joel,UA,21,m,US,Male
319,4,0.43067655807339306,Duncan Laurence,UA,21,m,NL,Male
319,5,0.38685280723454163,Robyn,UA,21,m,SE,Female
319,6,0.3562071871080222,Marilyn Manson,UA,21,m,US,Male
319,7,0.3333333333333333,Michael Sembello,UA,21,m,US,Male
319,8,0.31546487678572877,Laura Branigan,UA,21,m,US,Female
319,9,0.3010299956639812,Roy Orbison,UA,21,m,US,Male
319,10,0.2890648263178879,Chris Isaak,UA,21,m,US,Male
320,1,1.0,Ed Sheeran,RU,97,m,UK,Male
320,2,0.6309297535714575,Billy Joel,RU,97,m,US,Male
320,3,0.5,Michael Sembello,RU,97,m,US,Male
320,4,0.43067655807339306,James Blake,RU,97,m,UK,Male
320,5,0.38685280723454163,John Mayer,RU,97,m,IN,Male
320,6,0.3562071871080222,Chuck Berry,RU,97,m,US,Male
320,7,0.3333333333333333,Lil Nas X,RU,97,m,US,Male
320,8,0.31546487678572877,Roy Orbison,RU,97,m,US,Male
320,9,0.3010299956639812,Dolly Parton,RU,97,m,US,Female
320,10,0.2890648263178879,Laura Branigan,RU,97,m,US,Female
321,1,1.0,Lana Del Rey,US,22,m,US,Female
321,2,0.6309297535714575,John Mayer,US,22,m,IN,Male
321,3,0.5,Billy Joel,US,22,m,US,Male
321,4,0.43067655807339306,Travis Scott,US,22,m,US,Male
321,5,0.38685280723454163,Ariana Grande,US,22,m,US,Female
321,6,0.3562071871080222,Eagle-Eye Cherry,US,22,m,SE,Male
321,7,0.3333333333333333,Beyoncé,US,22,m,US,Female
321,8,0.31546487678572877,Britney Spears,US,22,m,US,Female
321,9,0.3010299956639812,Ariana Grande,US,22,m,US,Female
321,10,0.2890648263178879,Mariah Carey,US,22,m,US,Female
322,1,1.0,Weyes Blood,AU,26,m,US,Female
322,2,0.6309297535714575,Frank Ocean,AU,26,m,US,Male
322,3,0.5,Kurt Vile,AU,26,m,US,Male
322,4,0.43067655807339306,Frank Ocean,AU,26,m,US,Male
322,5,0.38685280723454163,Four Tet,AU,26,m,UK,Male
322,6,0.3562071871080222,John Maus,AU,26,m,US,Male
322,7,0.3333333333333333,Lil Nas X,AU,26,m,US,Male
322,8,0.31546487678572877,Lorde,AU,26,m,NZ,Female
322,9,0.3010299956639812,Sia,AU,26,m,AU,Female
322,10,0.2890648263178879,Toro y Moi,AU,26,m,US,Male
323,1,1.0,Lana Del Rey,IE,36,m,US,Female
323,2,0.6309297535714575,John Mayer,IE,36,m,IN,Male
323,3,0.5,Eagle-Eye Cherry,IE,36,m,SE,Male
323,4,0.43067655807339306,Bryan Adams,IE,36,m,CA,Male
323,5,0.38685280723454163,Ariana Grande,IE,36,m,US,Female
323,6,0.3562071871080222,Ariana Grande,IE,36,m,US,Female
323,7,0.3333333333333333,Marilyn Manson,IE,36,m,US,Male
323,8,0.31546487678572877,Billy Joel,IE,36,m,US,Male
323,9,0.3010299956639812,Snail Mail,IE,36,m,US,Female
323,10,0.2890648263178879,Dolly Parton,IE,36,m,US,Female
324,1,1.0,Queen,AQ,27,f,JP,Female
324,2,0.6309297535714575,Marilyn Manson,AQ,27,f,US,Male
324,3,0.5,Björk,AQ,27,f,IS,Female
324,4,0.43067655807339306,Tame Impala,AQ,27,f,AU,Male
324,5,0.38685280723454163,Lil Nas X,AQ,27,f,US,Male
324,6,0.3562071871080222,Edwyn Collins,AQ,27,f,UK,Male
324,7,0.3333333333333333,Ariana Grande,AQ,27,f,US,Female
324,8,0.31546487678572877,Queen,AQ,27,f,JP,Female
324,9,0.3010299956639812,Queen,AQ,27,f,JP,Female
324,10,0.2890648263178879,Marilyn Manson,AQ,27,f,US,Male
325,1,1.0,Twin Shadow,UK,28,m,US,Male
325,2,0.6309297535714575,Jessica Pratt,UK,28,m,US,Female
325,3,0.5,Weyes Blood,UK,28,m,US,Female
325,4,0.43067655807339306,Father John Misty,UK,28,m,US,Male
325,5,0.38685280723454163,Tame Impala,UK,28,m,AU,Male
325,6,0.3562071871080222,Travis Scott,UK,28,m,US,Male
325,7,0.3333333333333333,Janelle Monáe,UK,28,m,US,Non-binary
325,8,0.31546487678572877,DJ Shadow,UK,28,m,US,Male
325,9,0.3010299956639812,Wild Nothing,UK,28,m,US,Male
325,10,0.2890648263178879,Frank Ocean,UK,28,m,US,Male
326,1,1.0,Julia Holter,NL,26,m,US,Female
326,2,0.6309297535714575,Twin Shadow,NL,26,m,US,Male
326,3,0.5,Toro y Moi,NL,26,m,US,Male
326,4,0.43067655807339306,Snail Mail,NL,26,m,US,Female
326,5,0.38685280723454163,Oneohtrix Point Never,NL,26,m,US,Male
326,6,0.3562071871080222,Grouper,NL,26,m,US,Female
326,7,0.3333333333333333,Jessica Pratt,NL,26,m,US,Female
326,8,0.31546487678572877,Grouper,NL,26,m,US,Female
326,9,0.3010299956639812,Janelle Monáe,NL,26,m,US,Non-binary
326,10,0.2890648263178879,Grouper,NL,26,m,US,Female
328,1,1.0,John Maus,US,22,m,US,Male
328,2,0.6309297535714575,Thom Yorke,US,22,m,UK,Male
328,3,0.5,John Maus,US,22,m,US,Male
328,4,0.43067655807339306,Jessica Pratt,US,22,m,US,Female
328,5,0.38685280723454163,Four Tet,US,22,m,UK,Male
328,6,0.3562071871080222,Apparat,US,22,m,DE,Male
328,7,0.3333333333333333,Toro y Moi,US,22,m,US,Male
328,8,0.31546487678572877,Twin Shadow,US,22,m,US,Male
328,9,0.3010299956639812,Janelle Monáe,US,22,m,US,Non-binary
328,10,0.2890648263178879,Snail Mail,US,22,m,US,Female
330,1,1.0,Weyes Blood,NL,25,m,US,Female
330,2,0.6309297535714575,Snail Mail,NL,25,m,US,Female
330,3,0.5,Pional,NL,25,m,ES,Male
330,4,0.43067655807339306,Beck,NL,25,m,DK,Male
330,5,0.38685280723454163,Father John Misty,NL,25,m,US,Male
330,6,0.3562071871080222,Wild Nothing,NL,25,m,US,Male
330,7,0.3333333333333333,Julia Holter,NL,25,m,US,Female
330,8,0.31546487678572877,Oneohtrix Point Never,NL,25,m,US,Male
330,9,0.3010299956639812,Sufjan Stevens,NL,25,m,US,Male
330,10,0.2890648263178879,Janelle Monáe,NL,25,m,US,Non-binary
331,1,1.0,Toro y Moi,PL,36,m,US,Male
331,2,0.6309297535714575,John Maus,PL,36,m,US,Male
331,3,0.5,James Blake,PL,36,m,UK,Male
331,4,0.43067655807339306,Weyes Blood,PL,36,m,US,Female
331,5,0.38685280723454163,Billy Joel,PL,36,m,US,Male
331,6,0.3562071871080222,Apparat,PL,36,m,DE,Male
331,7,0.3333333333333333,Haddaway,PL,36,m,DE,Male
331,8,0.31546487678572877,Robyn,PL,36,m,SE,Female
331,9,0.3010299956639812,Janelle Monáe,PL,36,m,US,Non-binary
331,10,0.2890648263178879,Ariana Grande,PL,36,m,US,Female
332,1,1.0,Haddaway,FI,18,f,DE,Male
332,2,0.6309297535714575,Rita Ora,FI,18,f,UK,Female
332,3,0.5,Britney Spears,FI,18,f,US,Female
332,4,0.43067655807339306,Billy Joel,FI,18,f,US,Male
332,5,0.38685280723454163,Lil Nas X,FI,18,f,US,Male
332,6,0.3562071871080222,Ariana Grande,FI,18,f,US,Female
332,7,0.3333333333333333,Kelis,FI,18,f,US,Female
332,8,0.31546487678572877,Rihanna,FI,18,f,UK,Female
332,9,0.3010299956639812,John Mayer,FI,18,f,IN,Male
332,10,0.2890648263178879,Eagle-Eye Cherry,FI,18,f,SE,Male
333,1,1.0,Dolly Parton,FR,30,m,US,Female
333,2,0.6309297535714575,Lil Nas X,FR,30,m,US,Male
333,3,0.5,Eagle-Eye Cherry,FR,30,m,SE,Male
333,4,0.43067655807339306,Björk,FR,30,m,IS,Female
333,5,0.38685280723454163,Taylor Swift,FR,30,m,US,Female
333,6,0.3562071871080222,Ed Sheeran,FR,30,m,UK,Male
333,7,0.3333333333333333,Ariana Grande,FR,30,m,US,Female
333,8,0.31546487678572877,Jessie J,FR,30,m,UK,Female
333,9,0.3010299956639812,James Blake,FR,30,m,UK,Male
333,10,0.2890648263178879,Rita Ora,FR,30,m,UK,Female
334,1,1.0,Nile,SE,21,m,US,Female
334,2,0.6309297535714575,Ihsahn,SE,21,m,NO,Male
334,3,0.5,Tame Impala,SE,21,m,AU,Male
334,4,0.43067655807339306,Eagle-Eye Cherry,SE,21,m,SE,Male
334,5,0.38685280723454163,Britney Spears,SE,21,m,US,Female
334,6,0.3562071871080222,Robyn,SE,21,m,SE,Female
334,7,0.3333333333333333,Britney Spears,SE,21,m,US,Female
334,8,0.31546487678572877,Haddaway,SE,21,m,DE,Male
334,9,0.3010299956639812,Billy Joel,SE,21,m,US,Male
334,10,0.2890648263178879,Ariana Grande,SE,21,m,US,Female
335,1,1.0,Ed Sheeran,UK,25,m,UK,Male
335,2,0.6309297535714575,Marilyn Manson,UK,25,m,US,Male
335,3,0.5,Roy Orbison,UK,25,m,US,Male
335,4,0.43067655807339306,Billy Joel,UK,25,m,US,Male
335,5,0.38685280723454163,Björk,UK,25,m,IS,Female
335,6,0.3562071871080222,Chuck Berry,UK,25,m,US,Male
335,7,0.3333333333333333,Billy Joel,UK,25,m,US,Male
335,8,0.31546487678572877,Tame Impala,UK,25,m,AU,Male
335,9,0.3010299956639812,Lana Del Rey,UK,25,m,US,Female
335,10,0.2890648263178879,Queen,UK,25,m,JP,Female
336,1,1.0,Queen,NZ,32,f,JP,Female
336,2,0.6309297535714575,Ariana Grande,NZ,32,f,US,Female
336,3,0.5,Rita Ora,NZ,32,f,UK,Female
336,4,0.43067655807339306,Lily Allen,NZ,32,f,UK,Female
336,5,0.38685280723454163,Ariana Grande,NZ,32,f,US,Female
336,6,0.3562071871080222,Jess Glynne,NZ,32,f,UK,Female
336,7,0.3333333333333333,Kygo,NZ,32,f,NO,Male
336,8,0.31546487678572877,Loreen,NZ,32,f,SE,Female
336,9,0.3010299956639812,Madonna,NZ,32,f,US,Female
336,10,0.2890648263178879,Lauren Daigle,NZ,32,f,US,Female
337,1,1.0,Billy Joel,NL,23,m,US,Male
337,2,0.6309297535714575,Billy Joel,NL,23,m,US,Male
337,3,0.5,James Blake,NL,23,m,UK,Male
337,4,0.43067655807339306,Toro y Moi,NL,23,m,US,Male
337,5,0.38685280723454163,Dolly Parton,NL,23,m,US,Female
337,6,0.3562071871080222,Michael Sembello,NL,23,m,US,Male
337,7,0.3333333333333333,Queen,NL,23,m,JP,Female
337,8,0.31546487678572877,Adele,NL,23,m,UK,Female
337,9,0.3010299956639812,Miley Cyrus,NL,23,m,US,Non-binary
337,10,0.2890648263178879,Travis Scott,NL,23,m,US,Male
338,1,1.0,Lana Del Rey,BR,22,m,US,Female
338,2,0.6309297535714575,Rihanna,BR,22,m,UK,Female
338,3,0.5,Miley Cyrus,BR,22,m,US,Non-binary
338,4,0.43067655807339306,Britney Spears,BR,22,m,US,Female
338,5,0.38685280723454163,Lil Nas X,BR,22,m,US,Male
338,6,0.3562071871080222,Ed Sheeran,BR,22,m,UK,Male
338,7,0.3333333333333333,Lorde,BR,22,m,NZ,Female
338,8,0.31546487678572877,Ariana Grande,BR,22,m,US,Female
338,9,0.3010299956639812,Kacey Musgraves,BR,22,m,US,Female
338,10,0.2890648263178879,Troye Sivan,BR,22,m,AU,Male
339,1,1.0,Queen,US,27,m,JP,Female
339,2,0.6309297535714575,Chris Isaak,US,27,m,US,Male
339,3,0.5,Laura Branigan,US,27,m,US,Female
339,4,0.43067655807339306,Marilyn Manson,US,27,m,US,Male
339,5,0.38685280723454163,Björk,US,27,m,IS,Female
339,6,0.3562071871080222,Adele,US,27,m,UK,Female
339,7,0.3333333333333333,Tame Impala,US,27,m,AU,Male
339,8,0.31546487678572877,Justin Timberlake,US,27,m,US,Male
339,9,0.3010299956639812,Sia,US,27,m,AU,Female
339,10,0.2890648263178879,Lana Del Rey,US,27,m,US,Female
340,1,1.0,Seal,PT,34,m,UK,Male
340,2,0.6309297535714575,Edwyn Collins,PT,34,m,UK,Male
340,3,0.5,Marilyn Manson,PT,34,m,US,Male
340,4,0.43067655807339306,Queen,PT,34,m,JP,Female
340,5,0.38685280723454163,Eric Clapton,PT,34,m,UK,Male
340,6,0.3562071871080222,Tame Impala,PT,34,m,AU,Male
340,7,0.3333333333333333,Moby,PT,34,m,US,Male
340,8,0.31546487678572877,Ariana Grande,PT,34,m,US,Female
340,9,0.3010299956639812,Rush,PT,34,m,US,Male
340,10,0.2890648263178879,Bob Marley & The Wailers,PT,34,m,JM,Male
341,1,1.0,Bryan Adams,RU,23,f,CA,Male
341,2,0.6309297535714575,Billy Joel,RU,23,f,US,Male
341,3,0.5,Marilyn Manson,RU,23,f,US,Male
341,4,0.43067655807339306,Billy Joel,RU,23,f,US,Male
341,5,0.38685280723454163,Ed Sheeran,RU,23,f,UK,Male
341,6,0.3562071871080222,Dolly Parton,RU,23,f,US,Female
341,7,0.3333333333333333,Michael Sembello,RU,23,f,US,Male
341,8,0.31546487678572877,Chris Isaak,RU,23,f,US,Male
341,9,0.3010299956639812,Queen,RU,23,f,JP,Female
341,10,0.2890648263178879,Laura Branigan,RU,23,f,US,Female
342,1,1.0,Toro y Moi,NO,22,m,US,Male
342,2,0.6309297535714575,Weyes Blood,NO,22,m,US,Female
342,3,0.5,Janelle Monáe,NO,22,m,US,Non-binary
342,4,0.43067655807339306,Jessica Pratt,NO,22,m,US,Female
342,5,0.38685280723454163,Haddaway,NO,22,m,DE,Male
342,6,0.3562071871080222,Wild Nothing,NO,22,m,US,Male
342,7,0.3333333333333333,Toro y Moi,NO,22,m,US,Male
342,8,0.31546487678572877,Eagle-Eye Cherry,NO,22,m,SE,Male
342,9,0.3010299956639812,Langhorne Slim,NO,22,m,US,Male
342,10,0.2890648263178879,Robyn,NO,22,m,SE,Female
343,1,1.0,John Mayer,FI,26,m,IN,Male
343,2,0.6309297535714575,Bryan Adams,FI,26,m,CA,Male
343,3,0.5,Eagle-Eye Cherry,FI,26,m,SE,Male
343,4,0.43067655807339306,Britney Spears,FI,26,m,US,Female
343,5,0.38685280723454163,Ariana Grande,FI,26,m,US,Female
343,6,0.3562071871080222,Ariana Grande,FI,26,m,US,Female
343,7,0.3333333333333333,Adele,FI,26,m,UK,Female
343,8,0.31546487678572877,Ariana Grande,FI,26,m,US,Female
343,9,0.3010299956639812,Marilyn Manson,FI,26,m,US,Male
343,10,0.2890648263178879,Roy Orbison,FI,26,m,US,Male
344,1,1.0,Rita Ora,IT,24,f,UK,Female
344,2,0.6309297535714575,Ariana Grande,IT,24,f,US,Female
344,3,0.5,Mariah Carey,IT,24,f,US,Female
344,4,0.43067655807339306,Ariana Grande,IT,24,f,US,Female
344,5,0.38685280723454163,Ariana Grande,IT,24,f,US,Female
344,6,0.3562071871080222,Robyn,IT,24,f,SE,Female
344,7,0.3333333333333333,Britney Spears,IT,24,f,US,Female
344,8,0.31546487678572877,Loreen,IT,24,f,SE,Female
344,9,0.3010299956639812,Ariana Grande,IT,24,f,US,Female
344,10,0.2890648263178879,Jessie J,IT,24,f,UK,Female
345,1,1.0,Jessica Pratt,MX,26,m,US,Female
345,2,0.6309297535714575,Robyn,MX,26,m,SE,Female
345,3,0.5,Kacey Musgraves,MX,26,m,US,Female
345,4,0.43067655807339306,Travis Scott,MX,26,m,US,Male
345,5,0.38685280723454163,Britney Spears,MX,26,m,US,Female
345,6,0.3562071871080222,Haddaway,MX,26,m,DE,Male
345,7,0.3333333333333333,Eagle-Eye Cherry,MX,26,m,SE,Male
345,8,0.31546487678572877,Lil Nas X,MX,26,m,US,Male
345,9,0.3010299956639812,Wild Nothing,MX,26,m,US,Male
345,10,0.2890648263178879,Ariana Grande,MX,26,m,US,Female
346,1,1.0,Panda Bear,CA,18,m,US,Male
346,2,0.6309297535714575,Bill Callahan,CA,18,m,US,Male
346,3,0.5,Kevin Morby,CA,18,m,US,Male
346,4,0.43067655807339306,Björk,CA,18,m,IS,Female
346,5,0.38685280723454163,Wild Nothing,CA,18,m,US,Male
346,6,0.3562071871080222,Panda Bear,CA,18,m,US,Male
346,7,0.3333333333333333,Grouper,CA,18,m,US,Female
346,8,0.31546487678572877,Bill Callahan,CA,18,m,US,Male
346,9,0.3010299956639812,Toro y Moi,CA,18,m,US,Male
346,10,0.2890648263178879,Frank Ocean,CA,18,m,US,Male
347,1,1.0,John Mayer,UY,26,m,IN,Male
347,2,0.6309297535714575,Michael Sembello,UY,26,m,US,Male
347,3,0.5,Edwyn Collins,UY,26,m,UK,Male
347,4,0.43067655807339306,Chris Isaak,UY,26,m,US,Male
347,5,0.38685280723454163,Robyn,UY,26,m,SE,Female
347,6,0.3562071871080222,Duncan Laurence,UY,26,m,NL,Male
347,7,0.3333333333333333,Moby,UY,26,m,US,Male
347,8,0.31546487678572877,Billy Joel,UY,26,m,US,Male
347,9,0.3010299956639812,Miley Cyrus,UY,26,m,US,Non-binary
347,10,0.2890648263178879,Ed Sheeran,UY,26,m,UK,Male
348,1,1.0,Weyes Blood,BR,19,m,US,Female
348,2,0.6309297535714575,John Maus,BR,19,m,US,Male
348,3,0.5,John Maus,BR,19,m,US,Male
348,4,0.43067655807339306,Kurt Vile,BR,19,m,US,Male
348,5,0.38685280723454163,Snail Mail,BR,19,m,US,Female
348,6,0.3562071871080222,Tame Impala,BR,19,m,AU,Male
348,7,0.3333333333333333,Snail Mail,BR,19,m,US,Female
348,8,0.31546487678572877,Beck,BR,19,m,DK,Male
348,9,0.3010299956639812,Twin Shadow,BR,19,m,US,Male
348,10,0.2890648263178879,Weyes Blood,BR,19,m,US,Female
349,1,1.0,Queen,SE,24,f,JP,Female
349,2,0.6309297535714575,Queen,SE,24,f,JP,Female
349,3,0.5,Emperor,SE,24,f,UK,Male
349,4,0.43067655807339306,Queen,SE,24,f,JP,Female
349,5,0.38685280723454163,Queen,SE,24,f,JP,Female
349,6,0.3562071871080222,Queen,SE,24,f,JP,Female
349,7,0.3333333333333333,Queen,SE,24,f,JP,Female
349,8,0.31546487678572877,Nile,SE,24,f,US,Female
349,9,0.3010299956639812,Mayhem,SE,24,f,CA,Female
349,10,0.2890648263178879,The Kinks,SE,24,f,US,Male
350,1,1.0,Bryan Adams,RU,25,m,CA,Male
350,2,0.6309297535714575,Chuck Berry,RU,25,m,US,Male
350,3,0.5,Billy Joel,RU,25,m,US,Male
350,4,0.43067655807339306,Billy Joel,RU,25,m,US,Male
350,5,0.38685280723454163,Roy Orbison,RU,25,m,US,Male
350,6,0.3562071871080222,Edwyn Collins,RU,25,m,UK,Male
350,7,0.3333333333333333,Vitalic,RU,25,m,FR,Male
350,8,0.31546487678572877,Duncan Laurence,RU,25,m,NL,Male
350,9,0.3010299956639812,Laura Branigan,RU,25,m,US,Female
350,10,0.2890648263178879,Michael Sembello,RU,25,m,US,Male
351,1,1.0,Bryan Adams,NO,21,m,CA,Male
351,2,0.6309297535714575,Chuck Berry,NO,21,m,US,Male
351,3,0.5,John Mayer,NO,21,m,IN,Male
351,4,0.43067655807339306,Robyn,NO,21,m,SE,Female
351,5,0.38685280723454163,Dolly Parton,NO,21,m,US,Female
351,6,0.3562071871080222,Ariana Grande,NO,21,m,US,Female
351,7,0.3333333333333333,Ed Sheeran,NO,21,m,UK,Male
351,8,0.31546487678572877,Moby,NO,21,m,US,Male
351,9,0.3010299956639812,Billy Joel,NO,21,m,US,Male
351,10,0.2890648263178879,Roy Orbison,NO,21,m,US,Male
352,1,1.0,Rita Ora,RU,24,m,UK,Female
352,2,0.6309297535714575,Mariah Carey,RU,24,m,US,Female
352,3,0.5,Rihanna,RU,24,m,UK,Female
352,4,0.43067655807339306,Sia,RU,24,m,AU,Female
352,5,0.38685280723454163,Taylor Swift,RU,24,m,US,Female
352,6,0.3562071871080222,Britney Spears,RU,24,m,US,Female
352,7,0.3333333333333333,Robyn,RU,24,m,SE,Female
352,8,0.31546487678572877,Miley Cyrus,RU,24,m,US,Non-binary
352,9,0.3010299956639812,Miley Cyrus,RU,24,m,US,Non-binary
352,10,0.2890648263178879,James Blake,RU,24,m,UK,Male
353,1,1.0,Queen,SK,24,m,JP,Female
353,2,0.6309297535714575,Devin Townsend,SK,24,m,CA,Male
353,3,0.5,Queen,SK,24,m,JP,Female
353,4,0.43067655807339306,YOB,SK,24,m,UK,Male
353,5,0.38685280723454163,Queen,SK,24,m,JP,Female
353,6,0.3562071871080222,Betty Davis,SK,24,m,US,Female
353,7,0.3333333333333333,Rush,SK,24,m,US,Male
353,8,0.31546487678572877,Zé Keti,SK,24,m,BR,Male
353,9,0.3010299956639812,Devin Townsend,SK,24,m,CA,Male
353,10,0.2890648263178879,The Kinks,SK,24,m,US,Male
354,1,1.0,Travis Scott,UK,21,m,US,Male
354,2,0.6309297535714575,Apparat,UK,21,m,DE,Male
354,3,0.5,Toro y Moi,UK,21,m,US,Male
354,4,0.43067655807339306,Janelle Monáe,UK,21,m,US,Non-binary
354,5,0.38685280723454163,Robyn,UK,21,m,SE,Female
354,6,0.3562071871080222,Julia Holter,UK,21,m,US,Female
354,7,0.3333333333333333,Billy Joel,UK,21,m,US,Male
354,8,0.31546487678572877,Ariana Grande,UK,21,m,US,Female
354,9,0.3010299956639812,Twin Shadow,UK,21,m,US,Male
354,10,0.2890648263178879,Snail Mail,UK,21,m,US,Female
355,1,1.0,Britney Spears,HR,24,m,US,Female
355,2,0.6309297535714575,Björk,HR,24,m,IS,Female
355,3,0.5,Britney Spears,HR,24,m,US,Female
355,4,0.43067655807339306,Dolly Parton,HR,24,m,US,Female
355,5,0.38685280723454163,John Mayer,HR,24,m,IN,Male
355,6,0.3562071871080222,Ed Sheeran,HR,24,m,UK,Male
355,7,0.3333333333333333,Lil Nas X,HR,24,m,US,Male
355,8,0.31546487678572877,Marilyn Manson,HR,24,m,US,Male
355,9,0.3010299956639812,Seal,HR,24,m,UK,Male
355,10,0.2890648263178879,Duncan Laurence,HR,24,m,NL,Male
357,1,1.0,Bryan Adams,FR,20,m,CA,Male
357,2,0.6309297535714575,Billy Joel,FR,20,m,US,Male
357,3,0.5,Britney Spears,FR,20,m,US,Female
357,4,0.43067655807339306,Roy Orbison,FR,20,m,US,Male
357,5,0.38685280723454163,Dolly Parton,FR,20,m,US,Female
357,6,0.3562071871080222,Blue Stahli,FR,20,m,US,Male
357,7,0.3333333333333333,Britney Spears,FR,20,m,US,Female
357,8,0.31546487678572877,Eric Clapton,FR,20,m,UK,Male
357,9,0.3010299956639812,Michael Sembello,FR,20,m,US,Male
357,10,0.2890648263178879,Elvis Presley,FR,20,m,US,Male
358,1,1.0,Miley Cyrus,DK,19,m,US,Non-binary
358,2,0.6309297535714575,Ed Sheeran,DK,19,m,UK,Male
358,3,0.5,Travis Scott,DK,19,m,US,Male
358,4,0.43067655807339306,AFI,DK,19,m,US,Female
358,5,0.38685280723454163,Beck,DK,19,m,DK,Male
358,6,0.3562071871080222,Eagle-Eye Cherry,DK,19,m,SE,Male
358,7,0.3333333333333333,John Mayer,DK,19,m,IN,Male
358,8,0.31546487678572877,Björk,DK,19,m,IS,Female
358,9,0.3010299956639812,Beyoncé,DK,19,m,US,Female
358,10,0.2890648263178879,Britney Spears,DK,19,m,US,Female
359,1,1.0,Marilyn Manson,PL,24,m,US,Male
359,2,0.6309297535714575,Marilyn Manson,PL,24,m,US,Male
359,3,0.5,Marilyn Manson,PL,24,m,US,Male
359,4,0.43067655807339306,Marilyn Manson,PL,24,m,US,Male
359,5,0.38685280723454163,Carpenter Brut,PL,24,m,FR,Male
359,6,0.3562071871080222,AFI,PL,24,m,US,Female
359,7,0.3333333333333333,Queen,PL,24,m,JP,Female
359,8,0.31546487678572877,Marilyn Manson,PL,24,m,US,Male
359,9,0.3010299956639812,Red,PL,24,m,PL,Male
359,10,0.2890648263178879,Björk,PL,24,m,IS,Female
360,1,1.0,Robyn,JP,24,m,SE,Female
360,2,0.6309297535714575,Ariana Grande,JP,24,m,US,Female
360,3,0.5,Haddaway,JP,24,m,DE,Male
360,4,0.43067655807339306,Ed Sheeran,JP,24,m,UK,Male
360,5,0.38685280723454163,Ariana Grande,JP,24,m,US,Female
360,6,0.3562071871080222,Avril Lavigne,JP,24,m,CA,Female
360,7,0.3333333333333333,Lil Nas X,JP,24,m,US,Male
360,8,0.31546487678572877,Miley Cyrus,JP,24,m,US,Non-binary
360,9,0.3010299956639812,Travis Scott,JP,24,m,US,Male
360,10,0.2890648263178879,Ariana Grande,JP,24,m,US,Female
361,1,1.0,Julia Holter,PL,26,m,US,Female
361,2,0.6309297535714575,Grouper,PL,26,m,US,Female
361,3,0.5,Ariel Pink,PL,26,m,US,Male
361,4,0.43067655807339306,Janelle Monáe,PL,26,m,US,Non-binary
361,5,0.38685280723454163,Bill Callahan,PL,26,m,US,Male
361,6,0.3562071871080222,Father John Misty,PL,26,m,US,Male
361,7,0.3333333333333333,Billy Joel,PL,26,m,US,Male
361,8,0.31546487678572877,Wild Nothing,PL,26,m,US,Male
361,9,0.3010299956639812,Pional,PL,26,m,ES,Male
361,10,0.2890648263178879,Cass McCombs,PL,26,m,US,Male
362,1,1.0,Queen,NL,26,m,JP,Female
362,2,0.6309297535714575,Björk,NL,26,m,IS,Female
362,3,0.5,Michael Sembello,NL,26,m,US,Male
362,4,0.43067655807339306,Chris Isaak,NL,26,m,US,Male
362,5,0.38685280723454163,Ed Sheeran,NL,26,m,UK,Male
362,6,0.3562071871080222,Robyn,NL,26,m,SE,Female
362,7,0.3333333333333333,Edwyn Collins,NL,26,m,UK,Male
362,8,0.31546487678572877,Duncan Laurence,NL,26,m,NL,Male
362,9,0.3010299956639812,James Blake,NL,26,m,UK,Male
362,10,0.2890648263178879,Queen,NL,26,m,JP,Female
363,1,1.0,Eagle-Eye Cherry,RU,22,m,SE,Male
363,2,0.6309297535714575,Haddaway,RU,22,m,DE,Male
363,3,0.5,Bryan Adams,RU,22,m,CA,Male
363,4,0.43067655807339306,Marilyn Manson,RU,22,m,US,Male
363,5,0.38685280723454163,Perturbator,RU,22,m,FR,Male
363,6,0.3562071871080222,Björk,RU,22,m,IS,Female
363,7,0.3333333333333333,Marilyn Manson,RU,22,m,US,Male
363,8,0.31546487678572877,Ozzy Osbourne,RU,22,m,UK,Male
363,9,0.3010299956639812,Billy Joel,RU,22,m,US,Male
363,10,0.2890648263178879,Laura Branigan,RU,22,m,US,Female
364,1,1.0,Billy Joel,ID,27,m,US,Male
364,2,0.6309297535714575,Travis Scott,ID,27,m,US,Male
364,3,0.5,Michael Sembello,ID,27,m,US,Male
364,4,0.43067655807339306,Roy Orbison,ID,27,m,US,Male
364,5,0.38685280723454163,Chris Isaak,ID,27,m,US,Male
364,6,0.3562071871080222,Tame Impala,ID,27,m,AU,Male
364,7,0.3333333333333333,Laura Branigan,ID,27,m,US,Female
364,8,0.31546487678572877,Björk,ID,27,m,IS,Female
364,9,0.3010299956639812,Lana Del Rey,ID,27,m,US,Female
364,10,0.2890648263178879,Sia,ID,27,m,AU,Female
365,1,1.0,Britney Spears,PL,24,m,US,Female
365,2,0.6309297535714575,Billy Joel,PL,24,m,US,Male
365,3,0.5,AFI,PL,24,m,US,Female
365,4,0.43067655807339306,Björk,PL,24,m,IS,Female
365,5,0.38685280723454163,Bryan Adams,PL,24,m,CA,Male
365,6,0.3562071871080222,James Blake,PL,24,m,UK,Male
365,7,0.3333333333333333,Toro y Moi,PL,24,m,US,Male
365,8,0.31546487678572877,Ariana Grande,PL,24,m,US,Female
365,9,0.3010299956639812,Britney Spears,PL,24,m,US,Female
365,10,0.2890648263178879,Jessica Pratt,PL,24,m,US,Female
366,1,1.0,Toro y Moi,FI,19,f,US,Male
366,2,0.6309297535714575,Jessica Pratt,FI,19,f,US,Female
366,3,0.5,Apparat,FI,19,f,DE,Male
366,4,0.43067655807339306,Janelle Monáe,FI,19,f,US,Non-binary
366,5,0.38685280723454163,Ariana Grande,FI,19,f,US,Female
366,6,0.3562071871080222,Beck,FI,19,f,DK,Male
366,7,0.3333333333333333,Frank Ocean,FI,19,f,US,Male
366,8,0.31546487678572877,Kacey Musgraves,FI,19,f,US,Female
366,9,0.3010299956639812,Toro y Moi,FI,19,f,US,Male
366,10,0.2890648263178879,Frank Ocean,FI,19,f,US,Male
367,1,1.0,Taylor Swift,US,21,f,US,Female
367,2,0.6309297535714575,Travis Scott,US,21,f,US,Male
367,3,0.5,Lana Del Rey,US,21,f,US,Female
367,4,0.43067655807339306,Miley Cyrus,US,21,f,US,Non-binary
367,5,0.38685280723454163,Michael Sembello,US,21,f,US,Male
367,6,0.3562071871080222,Dolly Parton,US,21,f,US,Female
367,7,0.3333333333333333,Miley Cyrus,US,21,f,US,Non-binary
367,8,0.31546487678572877,George Ezra,US,21,f,UK,Male
367,9,0.3010299956639812,Marilyn Manson,US,21,f,US,Male
367,10,0.2890648263178879,Laura Branigan,US,21,f,US,Female
369,1,1.0,Travis Scott,ES,111,f,US,Male
369,2,0.6309297535714575,Britney Spears,ES,111,f,US,Female
369,3,0.5,Lana Del Rey,ES,111,f,US,Female
369,4,0.43067655807339306,Beyoncé,ES,111,f,US,Female
369,5,0.38685280723454163,Mariah Carey,ES,111,f,US,Female
369,6,0.3562071871080222,Taylor Swift,ES,111,f,US,Female
369,7,0.3333333333333333,Rihanna,ES,111,f,UK,Female
369,8,0.31546487678572877,Billy Joel,ES,111,f,US,Male
369,9,0.3010299956639812,John Mayer,ES,111,f,IN,Male
369,10,0.2890648263178879,Adele,ES,111,f,UK,Female
370,1,1.0,Queen,IT,22,m,JP,Female
370,2,0.6309297535714575,Björk,IT,22,m,IS,Female
370,3,0.5,Michael Sembello,IT,22,m,US,Male
370,4,0.43067655807339306,Tame Impala,IT,22,m,AU,Male
370,5,0.38685280723454163,Seal,IT,22,m,UK,Male
370,6,0.3562071871080222,Duncan Laurence,IT,22,m,NL,Male
370,7,0.3333333333333333,Taylor Swift,IT,22,m,US,Female
370,8,0.31546487678572877,Lana Del Rey,IT,22,m,US,Female
370,9,0.3010299956639812,Marilyn Manson,IT,22,m,US,Male
370,10,0.2890648263178879,Miley Cyrus,IT,22,m,US,Non-binary
371,1,1.0,Sia,PL,24,f,AU,Female
371,2,0.6309297535714575,Marilyn Manson,PL,24,f,US,Male
371,3,0.5,Moby,PL,24,f,US,Male
371,4,0.43067655807339306,Tame Impala,PL,24,f,AU,Male
371,5,0.38685280723454163,Queen,PL,24,f,JP,Female
371,6,0.3562071871080222,Ariana Grande,PL,24,f,US,Female
371,7,0.3333333333333333,Lana Del Rey,PL,24,f,US,Female
371,8,0.31546487678572877,Travis Scott,PL,24,f,US,Male
371,9,0.3010299956639812,Bob Marley & The Wailers,PL,24,f,JM,Male
371,10,0.2890648263178879,Ozzy Osbourne,PL,24,f,UK,Male
372,1,1.0,Ariana Grande,SI,25,m,US,Female
372,2,0.6309297535714575,Britney Spears,SI,25,m,US,Female
372,3,0.5,Rita Ora,SI,25,m,UK,Female
372,4,0.43067655807339306,Ariana Grande,SI,25,m,US,Female
372,5,0.38685280723454163,Tame Impala,SI,25,m,AU,Male
372,6,0.3562071871080222,Rihanna,SI,25,m,UK,Female
372,7,0.3333333333333333,Troye Sivan,SI,25,m,AU,Male
372,8,0.31546487678572877,Kacey Musgraves,SI,25,m,US,Female
372,9,0.3010299956639812,Snail Mail,SI,25,m,US,Female
372,10,0.2890648263178879,Jessie J,SI,25,m,UK,Female
373,1,1.0,Ariana Grande,HU,20,f,US,Female
373,2,0.6309297535714575,Ariana Grande,HU,20,f,US,Female
373,3,0.5,Avril Lavigne,HU,20,f,CA,Female
373,4,0.43067655807339306,Ed Sheeran,HU,20,f,UK,Male
373,5,0.38685280723454163,Haddaway,HU,20,f,DE,Male
373,6,0.3562071871080222,Miley Cyrus,HU,20,f,US,Non-binary
373,7,0.3333333333333333,Ariana Grande,HU,20,f,US,Female
373,8,0.31546487678572877,Rita Ora,HU,20,f,UK,Female
373,9,0.3010299956639812,Travis Scott,HU,20,f,US,Male
373,10,0.2890648263178879,Britney Spears,HU,20,f,US,Female
374,1,1.0,Eagle-Eye Cherry,UA,24,f,SE,Male
374,2,0.6309297535714575,Haddaway,UA,24,f,DE,Male
374,3,0.5,Billy Joel,UA,24,f,US,Male
374,4,0.43067655807339306,Tame Impala,UA,24,f,AU,Male
374,5,0.38685280723454163,Moby,UA,24,f,US,Male
374,6,0.3562071871080222,Carpenter Brut,UA,24,f,FR,Male
374,7,0.3333333333333333,Bryan Adams,UA,24,f,CA,Male
374,8,0.31546487678572877,Britney Spears,UA,24,f,US,Female
374,9,0.3010299956639812,Chuck Berry,UA,24,f,US,Male
374,10,0.2890648263178879,Edwyn Collins,UA,24,f,UK,Male
375,1,1.0,Miley Cyrus,AT,32,m,US,Non-binary
375,2,0.6309297535714575,Ariana Grande,AT,32,m,US,Female
375,3,0.5,Rita Ora,AT,32,m,UK,Female
375,4,0.43067655807339306,Lil Nas X,AT,32,m,US,Male
375,5,0.38685280723454163,Lana Del Rey,AT,32,m,US,Female
375,6,0.3562071871080222,Haddaway,AT,32,m,DE,Male
375,7,0.3333333333333333,Ed Sheeran,AT,32,m,UK,Male
375,8,0.31546487678572877,Travis Scott,AT,32,m,US,Male
375,9,0.3010299956639812,Mariah Carey,AT,32,m,US,Female
375,10,0.2890648263178879,Beyoncé,AT,32,m,US,Female
376,1,1.0,John Maus,US,22,f,US,Male
376,2,0.6309297535714575,John Maus,US,22,f,US,Male
376,3,0.5,Thom Yorke,US,22,f,UK,Male
376,4,0.43067655807339306,Weyes Blood,US,22,f,US,Female
376,5,0.38685280723454163,Twin Shadow,US,22,f,US,Male
376,6,0.3562071871080222,Jessica Pratt,US,22,f,US,Female
376,7,0.3333333333333333,Janelle Monáe,US,22,f,US,Non-binary
376,8,0.31546487678572877,Joe Goddard,US,22,f,UK,Male
376,9,0.3010299956639812,Pional,US,22,f,ES,Male
376,10,0.2890648263178879,Earl Sweatshirt,US,22,f,US,Male
377,1,1.0,Toro y Moi,BE,36,m,US,Male
377,2,0.6309297535714575,Apparat,BE,36,m,DE,Male
377,3,0.5,James Blake,BE,36,m,UK,Male
377,4,0.43067655807339306,Twin Shadow,BE,36,m,US,Male
377,5,0.38685280723454163,Toro y Moi,BE,36,m,US,Male
377,6,0.3562071871080222,Snail Mail,BE,36,m,US,Female
377,7,0.3333333333333333,Julia Holter,BE,36,m,US,Female
377,8,0.31546487678572877,Ariel Pink,BE,36,m,US,Male
377,9,0.3010299956639812,Oneohtrix Point Never,BE,36,m,US,Male
377,10,0.2890648263178879,Billy Joel,BE,36,m,US,Male
378,1,1.0,Bryan Adams,ES,23,m,CA,Male
378,2,0.6309297535714575,Robyn,ES,23,m,SE,Female
378,3,0.5,Chuck Berry,ES,23,m,US,Male
378,4,0.43067655807339306,Marilyn Manson,ES,23,m,US,Male
378,5,0.38685280723454163,Chris Isaak,ES,23,m,US,Male
378,6,0.3562071871080222,Laura Branigan,ES,23,m,US,Female
378,7,0.3333333333333333,Björk,ES,23,m,IS,Female
378,8,0.31546487678572877,Tame Impala,ES,23,m,AU,Male
378,9,0.3010299956639812,Roy Orbison,ES,23,m,US,Male
378,10,0.2890648263178879,Queen,ES,23,m,JP,Female
379,1,1.0,Sibylle Baier,RU,95,m,DE,Female
379,2,0.6309297535714575,Sibylle Baier,RU,95,m,DE,Female
379,3,0.5,Mayhem,RU,95,m,CA,Female
379,4,0.43067655807339306,Mayhem,RU,95,m,CA,Female
379,5,0.38685280723454163,Queen,RU,95,m,JP,Female
379,6,0.3562071871080222,Queen,RU,95,m,JP,Female
379,7,0.3333333333333333,Russian Red,RU,95,m,ES,Female
379,8,0.31546487678572877,Cat Power,RU,95,m,US,Female
379,9,0.3010299956639812,Vashti Bunyan,RU,95,m,UK,Female
379,10,0.2890648263178879,Chet Baker,RU,95,m,US,Male
380,1,1.0,Lana Del Rey,NO,21,m,US,Female
380,2,0.6309297535714575,Beyoncé,NO,21,m,US,Female
380,3,0.5,Janelle Monáe,NO,21,m,US,Non-binary
380,4,0.43067655807339306,Ariana Grande,NO,21,m,US,Female
380,5,0.38685280723454163,Four Tet,NO,21,m,UK,Male
380,6,0.3562071871080222,Lil Nas X,NO,21,m,US,Male
380,7,0.3333333333333333,John Maus,NO,21,m,US,Male
380,8,0.31546487678572877,Weyes Blood,NO,21,m,US,Female
380,9,0.3010299956639812,Toro y Moi,NO,21,m,US,Male
380,10,0.2890648263178879,Beck,NO,21,m,DK,Male
381,1,1.0,Apparat,RS,40,f,DE,Male
381,2,0.6309297535714575,Four Tet,RS,40,f,UK,Male
381,3,0.5,Julia Holter,RS,40,f,US,Female
381,4,0.43067655807339306,Toro y Moi,RS,40,f,US,Male
381,5,0.38685280723454163,Jessica Pratt,RS,40,f,US,Female
381,6,0.3562071871080222,Beck,RS,40,f,DK,Male
381,7,0.3333333333333333,Weyes Blood,RS,40,f,US,Female
381,8,0.31546487678572877,Grouper,RS,40,f,US,Female
381,9,0.3010299956639812,Wild Nothing,RS,40,f,US,Male
381,10,0.2890648263178879,Bill Callahan,RS,40,f,US,Male
382,1,1.0,AFI,SE,24,m,US,Female
382,2,0.6309297535714575,Queen,SE,24,m,JP,Female
382,3,0.5,Chris Isaak,SE,24,m,US,Male
382,4,0.43067655807339306,Edwyn Collins,SE,24,m,UK,Male
382,5,0.38685280723454163,George Ezra,SE,24,m,UK,Male
382,6,0.3562071871080222,Ed Sheeran,SE,24,m,UK,Male
382,7,0.3333333333333333,Laura Branigan,SE,24,m,US,Female
382,8,0.31546487678572877,Robyn,SE,24,m,SE,Female
382,9,0.3010299956639812,Björk,SE,24,m,IS,Female
382,10,0.2890648263178879,Miley Cyrus,SE,24,m,US,Non-binary
383,1,1.0,Billy Joel,AU,26,f,US,Male
383,2,0.6309297535714575,Ariana Grande,AU,26,f,US,Female
383,3,0.5,Avril Lavigne,AU,26,f,CA,Female
383,4,0.43067655807339306,John Mayer,AU,26,f,IN,Male
383,5,0.38685280723454163,Ariana Grande,AU,26,f,US,Female
383,6,0.3562071871080222,Paula Abdul,AU,26,f,US,Female
383,7,0.3333333333333333,Bryan Adams,AU,26,f,CA,Male
383,8,0.31546487678572877,Rita Ora,AU,26,f,UK,Female
383,9,0.3010299956639812,Adele,AU,26,f,UK,Female
383,10,0.2890648263178879,Lana Del Rey,AU,26,f,US,Female
384,1,1.0,Chico Buarque,BR,23,m,BR,Male
384,2,0.6309297535714575,Phill Veras,BR,23,m,BR,Male
384,3,0.5,James Blake,BR,23,m,UK,Male
384,4,0.43067655807339306,John Maus,BR,23,m,US,Male
384,5,0.38685280723454163,Geraldo Azevedo,BR,23,m,BR,Male
384,6,0.3562071871080222,Aldous Harding,BR,23,m,NZ,Female
384,7,0.3333333333333333,James Blake,BR,23,m,UK,Male
384,8,0.31546487678572877,Janelle Monáe,BR,23,m,US,Non-binary
384,9,0.3010299956639812,Kacey Musgraves,BR,23,m,US,Female
384,10,0.2890648263178879,Caetano Veloso,BR,23,m,BR,Male
385,1,1.0,Ariana Grande,US,36,m,US,Female
385,2,0.6309297535714575,Lana Del Rey,US,36,m,US,Female
385,3,0.5,Lil Nas X,US,36,m,US,Male
385,4,0.43067655807339306,Beyoncé,US,36,m,US,Female
385,5,0.38685280723454163,Ariana Grande,US,36,m,US,Female
385,6,0.3562071871080222,Ariana Grande,US,36,m,US,Female
385,7,0.3333333333333333,Rita Ora,US,36,m,UK,Female
385,8,0.31546487678572877,Miley Cyrus,US,36,m,US,Non-binary
385,9,0.3010299956639812,Ed Sheeran,US,36,m,UK,Male
385,10,0.2890648263178879,Sia,US,36,m,AU,Female
386,1,1.0,Billy Joel,BR,21,m,US,Male
386,2,0.6309297535714575,Billy Joel,BR,21,m,US,Male
386,3,0.5,Michael Sembello,BR,21,m,US,Male
386,4,0.43067655807339306,Ed Sheeran,BR,21,m,UK,Male
386,5,0.38685280723454163,John Mayer,BR,21,m,IN,Male
386,6,0.3562071871080222,Moby,BR,21,m,US,Male
386,7,0.3333333333333333,Robyn,BR,21,m,SE,Female
386,8,0.31546487678572877,Chris Isaak,BR,21,m,US,Male
386,9,0.3010299956639812,Lil Nas X,BR,21,m,US,Male
386,10,0.2890648263178879,Queen,BR,21,m,JP,Female
387,1,1.0,Queen,PL,21,m,JP,Female
387,2,0.6309297535714575,Queen,PL,21,m,JP,Female
387,3,0.5,Queen,PL,21,m,JP,Female
387,4,0.43067655807339306,Queen,PL,21,m,JP,Female
387,5,0.38685280723454163,Nile,PL,21,m,US,Female
387,6,0.3562071871080222,KT Tunstall,PL,21,m,UK,Female
387,7,0.3333333333333333,The Kinks,PL,21,m,US,Male
387,8,0.31546487678572877,Queen,PL,21,m,JP,Female
387,9,0.3010299956639812,Amanda Palmer,PL,21,m,US,Female
387,10,0.2890648263178879,Queen,PL,21,m,JP,Female
388,1,1.0,Snail Mail,BR,22,m,US,Female
388,2,0.6309297535714575,John Maus,BR,22,m,US,Male
388,3,0.5,Haddaway,BR,22,m,DE,Male
388,4,0.43067655807339306,Britney Spears,BR,22,m,US,Female
388,5,0.38685280723454163,Thom Yorke,BR,22,m,UK,Male
388,6,0.3562071871080222,John Maus,BR,22,m,US,Male
388,7,0.3333333333333333,Björk,BR,22,m,IS,Female
388,8,0.31546487678572877,Weyes Blood,BR,22,m,US,Female
388,9,0.3010299956639812,Janelle Monáe,BR,22,m,US,Non-binary
388,10,0.2890648263178879,Father John Misty,BR,22,m,US,Male
389,1,1.0,Bryan Adams,ES,28,m,CA,Male
389,2,0.6309297535714575,Billy Joel,ES,28,m,US,Male
389,3,0.5,Robyn,ES,28,m,SE,Female
389,4,0.43067655807339306,Marilyn Manson,ES,28,m,US,Male
389,5,0.38685280723454163,AFI,ES,28,m,US,Female
389,6,0.3562071871080222,Beck,ES,28,m,DK,Male
389,7,0.3333333333333333,Taylor Swift,ES,28,m,US,Female
389,8,0.31546487678572877,Miley Cyrus,ES,28,m,US,Non-binary
389,9,0.3010299956639812,Jessie J,ES,28,m,UK,Female
389,10,0.2890648263178879,Avril Lavigne,ES,28,m,CA,Female
390,1,1.0,AFI,VA,22,m,US,Female
390,2,0.6309297535714575,Queen,VA,22,m,JP,Female
390,3,0.5,Britney Spears,VA,22,m,US,Female
390,4,0.43067655807339306,Duncan Laurence,VA,22,m,NL,Male
390,5,0.38685280723454163,Dolly Parton,VA,22,m,US,Female
390,6,0.3562071871080222,Michael Sembello,VA,22,m,US,Male
390,7,0.3333333333333333,Marilyn Manson,VA,22,m,US,Male
390,8,0.31546487678572877,Bryan Adams,VA,22,m,CA,Male
390,9,0.3010299956639812,Britney Spears,VA,22,m,US,Female
390,10,0.2890648263178879,Marilyn Manson,VA,22,m,US,Male
391,1,1.0,James Blake,BR,22,m,UK,Male
391,2,0.6309297535714575,Troye Sivan,BR,22,m,AU,Male
391,3,0.5,Sia,BR,22,m,AU,Female
391,4,0.43067655807339306,Snail Mail,BR,22,m,US,Female
391,5,0.38685280723454163,Rihanna,BR,22,m,UK,Female
391,6,0.3562071871080222,Rita Ora,BR,22,m,UK,Female
391,7,0.3333333333333333,Lana Del Rey,BR,22,m,US,Female
391,8,0.31546487678572877,Céu,BR,22,m,BR,Female
391,9,0.3010299956639812,James Blake,BR,22,m,UK,Male
391,10,0.2890648263178879,Kanye West,BR,22,m,US,Male
393,1,1.0,Gil Scott-Heron,BR,20,m,US,Male
393,2,0.6309297535714575,Four Tet,BR,20,m,UK,Male
393,3,0.5,Tame Impala,BR,20,m,AU,Male
393,4,0.43067655807339306,Apparat,BR,20,m,DE,Male
393,5,0.38685280723454163,John Maus,BR,20,m,US,Male
393,6,0.3562071871080222,Thom Yorke,BR,20,m,UK,Male
393,7,0.3333333333333333,John Maus,BR,20,m,US,Male
393,8,0.31546487678572877,James Blake,BR,20,m,UK,Male
393,9,0.3010299956639812,Kurt Vile,BR,20,m,US,Male
393,10,0.2890648263178879,Darkside,BR,20,m,UK,Male
394,1,1.0,John Maus,FR,27,m,US,Male
394,2,0.6309297535714575,Kurt Vile,FR,27,m,US,Male
394,3,0.5,Four Tet,FR,27,m,UK,Male
394,4,0.43067655807339306,Toro y Moi,FR,27,m,US,Male
394,5,0.38685280723454163,James Blake,FR,27,m,UK,Male
394,6,0.3562071871080222,Apparat,FR,27,m,DE,Male
394,7,0.3333333333333333,Weyes Blood,FR,27,m,US,Female
394,8,0.31546487678572877,Jessica Pratt,FR,27,m,US,Female
394,9,0.3010299956639812,Twin Shadow,FR,27,m,US,Male
394,10,0.2890648263178879,James Blake,FR,27,m,UK,Male
395,1,1.0,John Maus,SE,21,m,US,Male
395,2,0.6309297535714575,Toro y Moi,SE,21,m,US,Male
395,3,0.5,Jessica Pratt,SE,21,m,US,Female
395,4,0.43067655807339306,Apparat,SE,21,m,DE,Male
395,5,0.38685280723454163,Lana Del Rey,SE,21,m,US,Female
395,6,0.3562071871080222,Janelle Monáe,SE,21,m,US,Non-binary
395,7,0.3333333333333333,Robyn,SE,21,m,SE,Female
395,8,0.31546487678572877,Kacey Musgraves,SE,21,m,US,Female
395,9,0.3010299956639812,Father John Misty,SE,21,m,US,Male
395,10,0.2890648263178879,Twin Shadow,SE,21,m,US,Male
396,1,1.0,Beck,US,18,f,DK,Male
396,2,0.6309297535714575,Aldous Harding,US,18,f,NZ,Female
396,3,0.5,Tame Impala,US,18,f,AU,Male
396,4,0.43067655807339306,Ed Sheeran,US,18,f,UK,Male
396,5,0.38685280723454163,Haddaway,US,18,f,DE,Male
396,6,0.3562071871080222,AFI,US,18,f,US,Female
396,7,0.3333333333333333,Marilyn Manson,US,18,f,US,Male
396,8,0.31546487678572877,Beyoncé,US,18,f,US,Female
396,9,0.3010299956639812,James Blake,US,18,f,UK,Male
396,10,0.2890648263178879,Chris Isaak,US,18,f,US,Male
397,1,1.0,Queen,UK,24,m,JP,Female
397,2,0.6309297535714575,Ed Sheeran,UK,24,m,UK,Male
397,3,0.5,Moby,UK,24,m,US,Male
397,4,0.43067655807339306,Marilyn Manson,UK,24,m,US,Male
397,5,0.38685280723454163,Miley Cyrus,UK,24,m,US,Non-binary
397,6,0.3562071871080222,Queen,UK,24,m,JP,Female
397,7,0.3333333333333333,George Ezra,UK,24,m,UK,Male
397,8,0.31546487678572877,Marilyn Manson,UK,24,m,US,Male
397,9,0.3010299956639812,Ed Sheeran,UK,24,m,UK,Male
397,10,0.2890648263178879,Taylor Swift,UK,24,m,US,Female
398,1,1.0,Janelle Monáe,HK,17,m,US,Non-binary
398,2,0.6309297535714575,Jessica Pratt,HK,17,m,US,Female
398,3,0.5,Weyes Blood,HK,17,m,US,Female
398,4,0.43067655807339306,Robyn,HK,17,m,SE,Female
398,5,0.38685280723454163,Ariana Grande,HK,17,m,US,Female
398,6,0.3562071871080222,DJ Shadow,HK,17,m,US,Male
398,7,0.3333333333333333,Kacey Musgraves,HK,17,m,US,Female
398,8,0.31546487678572877,Earl Sweatshirt,HK,17,m,US,Male
398,9,0.3010299956639812,Toro y Moi,HK,17,m,US,Male
398,10,0.2890648263178879,Billy Joel,HK,17,m,US,Male
399,1,1.0,Eagle-Eye Cherry,RU,24,m,SE,Male
399,2,0.6309297535714575,Bryan Adams,RU,24,m,CA,Male
399,3,0.5,Britney Spears,RU,24,m,US,Female
399,4,0.43067655807339306,Chuck Berry,RU,24,m,US,Male
399,5,0.38685280723454163,Moby,RU,24,m,US,Male
399,6,0.3562071871080222,Duncan Laurence,RU,24,m,NL,Male
399,7,0.3333333333333333,Dolly Parton,RU,24,m,US,Female
399,8,0.31546487678572877,Ed Sheeran,RU,24,m,UK,Male
399,9,0.3010299956639812,Michael Sembello,RU,24,m,US,Male
399,10,0.2890648263178879,Billy Joel,RU,24,m,US,Male
400,1,1.0,Britney Spears,DE,24,m,US,Female
400,2,0.6309297535714575,Britney Spears,DE,24,m,US,Female
400,3,0.5,Haddaway,DE,24,m,DE,Male
400,4,0.43067655807339306,Eagle-Eye Cherry,DE,24,m,SE,Male
400,5,0.38685280723454163,Duncan Laurence,DE,24,m,NL,Male
400,6,0.3562071871080222,Lil Nas X,DE,24,m,US,Male
400,7,0.3333333333333333,John Mayer,DE,24,m,IN,Male
400,8,0.31546487678572877,Robyn,DE,24,m,SE,Female
400,9,0.3010299956639812,Ariana Grande,DE,24,m,US,Female
400,10,0.2890648263178879,Marilyn Manson,DE,24,m,US,Male
401,1,1.0,Lil Nas X,US,22,m,US,Male
401,2,0.6309297535714575,Ariana Grande,US,22,m,US,Female
401,3,0.5,Eagle-Eye Cherry,US,22,m,SE,Male
401,4,0.43067655807339306,Rita Ora,US,22,m,UK,Female
401,5,0.38685280723454163,Miley Cyrus,US,22,m,US,Non-binary
401,6,0.3562071871080222,Beck,US,22,m,DK,Male
401,7,0.3333333333333333,Bryan Adams,US,22,m,CA,Male
401,8,0.31546487678572877,Miley Cyrus,US,22,m,US,Non-binary
401,9,0.3010299956639812,Ariana Grande,US,22,m,US,Female
401,10,0.2890648263178879,Lana Del Rey,US,22,m,US,Female
402,1,1.0,Ed Sheeran,DE,22,m,UK,Male
402,2,0.6309297535714575,AFI,DE,22,m,US,Female
402,3,0.5,Billy Joel,DE,22,m,US,Male
402,4,0.43067655807339306,Marilyn Manson,DE,22,m,US,Male
402,5,0.38685280723454163,Björk,DE,22,m,IS,Female
402,6,0.3562071871080222,Chris Isaak,DE,22,m,US,Male
402,7,0.3333333333333333,Dolly Parton,DE,22,m,US,Female
402,8,0.31546487678572877,Seal,DE,22,m,UK,Male
402,9,0.3010299956639812,George Ezra,DE,22,m,UK,Male
402,10,0.2890648263178879,Justin Timberlake,DE,22,m,US,Male
403,1,1.0,Robyn,IR,32,m,SE,Female
403,2,0.6309297535714575,Beck,IR,32,m,DK,Male
403,3,0.5,Taylor Swift,IR,32,m,US,Female
403,4,0.43067655807339306,Miley Cyrus,IR,32,m,US,Non-binary
403,5,0.38685280723454163,Billy Joel,IR,32,m,US,Male
403,6,0.3562071871080222,Avril Lavigne,IR,32,m,CA,Female
403,7,0.3333333333333333,Jessie J,IR,32,m,UK,Female
403,8,0.31546487678572877,Chuck Berry,IR,32,m,US,Male
403,9,0.3010299956639812,AFI,IR,32,m,US,Female
403,10,0.2890648263178879,Seal,IR,32,m,UK,Male
404,1,1.0,Dolly Parton,UK,20,f,US,Female
404,2,0.6309297535714575,Robyn,UK,20,f,SE,Female
404,3,0.5,Seal,UK,20,f,UK,Male
404,4,0.43067655807339306,Roy Orbison,UK,20,f,US,Male
404,5,0.38685280723454163,Ed Sheeran,UK,20,f,UK,Male
404,6,0.3562071871080222,Ariana Grande,UK,20,f,US,Female
404,7,0.3333333333333333,Eric Clapton,UK,20,f,UK,Male
404,8,0.31546487678572877,Tame Impala,UK,20,f,AU,Male
404,9,0.3010299956639812,Moby,UK,20,f,US,Male
404,10,0.2890648263178879,Avril Lavigne,UK,20,f,CA,Female
406,1,1.0,Weyes Blood,PL,16,m,US,Female
406,2,0.6309297535714575,Kurt Vile,PL,16,m,US,Male
406,3,0.5,Thom Yorke,PL,16,m,UK,Male
406,4,0.43067655807339306,John Maus,PL,16,m,US,Male
406,5,0.38685280723454163,John Maus,PL,16,m,US,Male
406,6,0.3562071871080222,Twin Shadow,PL,16,m,US,Male
406,7,0.3333333333333333,Grouper,PL,16,m,US,Female
406,8,0.31546487678572877,Ariel Pink,PL,16,m,US,Male
406,9,0.3010299956639812,Bill Callahan,PL,16,m,US,Male
406,10,0.2890648263178879,Tame Impala,PL,16,m,AU,Male
407,1,1.0,Billy Joel,US,25,m,US,Male
407,2,0.6309297535714575,Marilyn Manson,US,25,m,US,Male
407,3,0.5,John Mayer,US,25,m,IN,Male
407,4,0.43067655807339306,Beck,US,25,m,DK,Male
407,5,0.38685280723454163,AFI,US,25,m,US,Female
407,6,0.3562071871080222,Roy Orbison,US,25,m,US,Male
407,7,0.3333333333333333,Duncan Laurence,US,25,m,NL,Male
407,8,0.31546487678572877,Laura Branigan,US,25,m,US,Female
407,9,0.3010299956639812,Sia,US,25,m,AU,Female
407,10,0.2890648263178879,Michael Sembello,US,25,m,US,Male
408,1,1.0,Lil Nas X,BR,25,m,US,Male
408,2,0.6309297535714575,John Mayer,BR,25,m,IN,Male
408,3,0.5,Duncan Laurence,BR,25,m,NL,Male
408,4,0.43067655807339306,Dolly Parton,BR,25,m,US,Female
408,5,0.38685280723454163,Ed Sheeran,BR,25,m,UK,Male
408,6,0.3562071871080222,Sia,BR,25,m,AU,Female
408,7,0.3333333333333333,Billy Joel,BR,25,m,US,Male
408,8,0.31546487678572877,Edwyn Collins,BR,25,m,UK,Male
408,9,0.3010299956639812,George Ezra,BR,25,m,UK,Male
408,10,0.2890648263178879,Justin Timberlake,BR,25,m,US,Male
409,1,1.0,Ariana Grande,BR,21,m,US,Female
409,2,0.6309297535714575,Ariana Grande,BR,21,m,US,Female
409,3,0.5,Lil Nas X,BR,21,m,US,Male
409,4,0.43067655807339306,Haddaway,BR,21,m,DE,Male
409,5,0.38685280723454163,Rita Ora,BR,21,m,UK,Female
409,6,0.3562071871080222,Ariana Grande,BR,21,m,US,Female
409,7,0.3333333333333333,Miley Cyrus,BR,21,m,US,Non-binary
409,8,0.31546487678572877,Ariana Grande,BR,21,m,US,Female
409,9,0.3010299956639812,Ed Sheeran,BR,21,m,UK,Male
409,10,0.2890648263178879,Rihanna,BR,21,m,UK,Female
410,1,1.0,Robyn,UK,22,m,SE,Female
410,2,0.6309297535714575,Apparat,UK,22,m,DE,Male
410,3,0.5,Snail Mail,UK,22,m,US,Female
410,4,0.43067655807339306,Lil Nas X,UK,22,m,US,Male
410,5,0.38685280723454163,Billy Joel,UK,22,m,US,Male
410,6,0.3562071871080222,Thom Yorke,UK,22,m,UK,Male
410,7,0.3333333333333333,Dolly Parton,UK,22,m,US,Female
410,8,0.31546487678572877,Duncan Laurence,UK,22,m,NL,Male
410,9,0.3010299956639812,Aldous Harding,UK,22,m,NZ,Female
410,10,0.2890648263178879,Janelle Monáe,UK,22,m,US,Non-binary
411,1,1.0,Travis Scott,PL,24,m,US,Male
411,2,0.6309297535714575,Snail Mail,PL,24,m,US,Female
411,3,0.5,Kacey Musgraves,PL,24,m,US,Female
411,4,0.43067655807339306,Earl Sweatshirt,PL,24,m,US,Male
411,5,0.38685280723454163,Tycho,PL,24,m,US,Male
411,6,0.3562071871080222,Frank Ocean,PL,24,m,US,Male
411,7,0.3333333333333333,Haddaway,PL,24,m,DE,Male
411,8,0.31546487678572877,Julia Holter,PL,24,m,US,Female
411,9,0.3010299956639812,Emma Ruth Rundle,PL,24,m,US,Female
411,10,0.2890648263178879,Mahmood,PL,24,m,IT,Male
412,1,1.0,Weyes Blood,UA,33,m,US,Female
412,2,0.6309297535714575,Jessica Pratt,UA,33,m,US,Female
412,3,0.5,Father John Misty,UA,33,m,US,Male
412,4,0.43067655807339306,Janelle Monáe,UA,33,m,US,Non-binary
412,5,0.38685280723454163,Billy Joel,UA,33,m,US,Male
412,6,0.3562071871080222,Snail Mail,UA,33,m,US,Female
412,7,0.3333333333333333,Kacey Musgraves,UA,33,m,US,Female
412,8,0.31546487678572877,Tame Impala,UA,33,m,AU,Male
412,9,0.3010299956639812,Wild Nothing,UA,33,m,US,Male
412,10,0.2890648263178879,Ariel Pink,UA,33,m,US,Male
413,1,1.0,Haddaway,IL,21,m,DE,Male
413,2,0.6309297535714575,Björk,IL,21,m,IS,Female
413,3,0.5,Marilyn Manson,IL,21,m,US,Male
413,4,0.43067655807339306,Michael Sembello,IL,21,m,US,Male
413,5,0.38685280723454163,Britney Spears,IL,21,m,US,Female
413,6,0.3562071871080222,Moby,IL,21,m,US,Male
413,7,0.3333333333333333,Britney Spears,IL,21,m,US,Female
413,8,0.31546487678572877,Roy Orbison,IL,21,m,US,Male
413,9,0.3010299956639812,Edwyn Collins,IL,21,m,UK,Male
413,10,0.2890648263178879,Marilyn Manson,IL,21,m,US,Male
414,1,1.0,Mariah Carey,US,20,m,US,Female
414,2,0.6309297535714575,Miley Cyrus,US,20,m,US,Non-binary
414,3,0.5,Britney Spears,US,20,m,US,Female
414,4,0.43067655807339306,Troye Sivan,US,20,m,AU,Male
414,5,0.38685280723454163,Ed Sheeran,US,20,m,UK,Male
414,6,0.3562071871080222,Nicki Minaj,US,20,m,US,Female
414,7,0.3333333333333333,Rihanna,US,20,m,UK,Female
414,8,0.31546487678572877,Lil Nas X,US,20,m,US,Male
414,9,0.3010299956639812,Ariana Grande,US,20,m,US,Female
414,10,0.2890648263178879,Ariana Grande,US,20,m,US,Female
415,1,1.0,Lil Nas X,NL,20,f,US,Male
415,2,0.6309297535714575,Rita Ora,NL,20,f,UK,Female
415,3,0.5,John Mayer,NL,20,f,IN,Male
415,4,0.43067655807339306,Billy Joel,NL,20,f,US,Male
415,5,0.38685280723454163,Lana Del Rey,NL,20,f,US,Female
415,6,0.3562071871080222,Ariana Grande,NL,20,f,US,Female
415,7,0.3333333333333333,Adele,NL,20,f,UK,Female
415,8,0.31546487678572877,Travis Scott,NL,20,f,US,Male
415,9,0.3010299956639812,Bryan Adams,NL,20,f,CA,Male
415,10,0.2890648263178879,Ariana Grande,NL,20,f,US,Female
416,1,1.0,Ed Sheeran,BR,25,f,UK,Male
416,2,0.6309297535714575,Ariana Grande,BR,25,f,US,Female
416,3,0.5,Rita Ora,BR,25,f,UK,Female
416,4,0.43067655807339306,Lana Del Rey,BR,25,f,US,Female
416,5,0.38685280723454163,Travis Scott,BR,25,f,US,Male
416,6,0.3562071871080222,Ariana Grande,BR,25,f,US,Female
416,7,0.3333333333333333,Lil Nas X,BR,25,f,US,Male
416,8,0.31546487678572877,Mariah Carey,BR,25,f,US,Female
416,9,0.3010299956639812,Britney Spears,BR,25,f,US,Female
416,10,0.2890648263178879,Rihanna,BR,25,f,UK,Female
417,1,1.0,John Maus,BR,19,m,US,Male
417,2,0.6309297535714575,Four Tet,BR,19,m,UK,Male
417,3,0.5,Janelle Monáe,BR,19,m,US,Non-binary
417,4,0.43067655807339306,Snail Mail,BR,19,m,US,Female
417,5,0.38685280723454163,Apparat,BR,19,m,DE,Male
417,6,0.3562071871080222,Toro y Moi,BR,19,m,US,Male
417,7,0.3333333333333333,Mitski,BR,19,m,US,Female
417,8,0.31546487678572877,Kacey Musgraves,BR,19,m,US,Female
417,9,0.3010299956639812,Frank Ocean,BR,19,m,US,Male
417,10,0.2890648263178879,Jenny Lewis,BR,19,m,US,Female
419,1,1.0,Haddaway,UK,21,m,DE,Male
419,2,0.6309297535714575,Eagle-Eye Cherry,UK,21,m,SE,Male
419,3,0.5,Ozzy Osbourne,UK,21,m,UK,Male
419,4,0.43067655807339306,Dolly Parton,UK,21,m,US,Female
419,5,0.38685280723454163,Ed Sheeran,UK,21,m,UK,Male
419,6,0.3562071871080222,Edwyn Collins,UK,21,m,UK,Male
419,7,0.3333333333333333,Robyn,UK,21,m,SE,Female
419,8,0.31546487678572877,Billy Joel,UK,21,m,US,Male
419,9,0.3010299956639812,Leonard Cohen,UK,21,m,CA,Male
419,10,0.2890648263178879,Rob Zombie,UK,21,m,US,Male
420,1,1.0,AFI,DE,34,m,US,Female
420,2,0.6309297535714575,Haddaway,DE,34,m,DE,Male
420,3,0.5,Eagle-Eye Cherry,DE,34,m,SE,Male
420,4,0.43067655807339306,Britney Spears,DE,34,m,US,Female
420,5,0.38685280723454163,Queen,DE,34,m,JP,Female
420,6,0.3562071871080222,Bryan Adams,DE,34,m,CA,Male
420,7,0.3333333333333333,Dolly Parton,DE,34,m,US,Female
420,8,0.31546487678572877,Ed Sheeran,DE,34,m,UK,Male
420,9,0.3010299956639812,Roy Orbison,DE,34,m,US,Male
420,10,0.2890648263178879,Laura Branigan,DE,34,m,US,Female
421,1,1.0,Queen,PL,24,m,JP,Female
421,2,0.6309297535714575,Vitalic,PL,24,m,FR,Male
421,3,0.5,Perturbator,PL,24,m,FR,Male
421,4,0.43067655807339306,Timmy Trumpet,PL,24,m,AU,Male
421,5,0.38685280723454163,Moby,PL,24,m,US,Male
421,6,0.3562071871080222,Eagle-Eye Cherry,PL,24,m,SE,Male
421,7,0.3333333333333333,AFI,PL,24,m,US,Female
421,8,0.31546487678572877,Marilyn Manson,PL,24,m,US,Male
421,9,0.3010299956639812,Red,PL,24,m,PL,Male
421,10,0.2890648263178879,Beck,PL,24,m,DK,Male
422,1,1.0,Ariana Grande,NL,22,f,US,Female
422,2,0.6309297535714575,Rita Ora,NL,22,f,UK,Female
422,3,0.5,Ariana Grande,NL,22,f,US,Female
422,4,0.43067655807339306,Ed Sheeran,NL,22,f,UK,Male
422,5,0.38685280723454163,Ariana Grande,NL,22,f,US,Female
422,6,0.3562071871080222,Britney Spears,NL,22,f,US,Female
422,7,0.3333333333333333,Haddaway,NL,22,f,DE,Male
422,8,0.31546487678572877,Beyoncé,NL,22,f,US,Female
422,9,0.3010299956639812,Miley Cyrus,NL,22,f,US,Non-binary
422,10,0.2890648263178879,Ariana Grande,NL,22,f,US,Female
424,1,1.0,Duncan Laurence,TR,23,f,NL,Male
424,2,0.6309297535714575,Beck,TR,23,f,DK,Male
424,3,0.5,Lana Del Rey,TR,23,f,US,Female
424,4,0.43067655807339306,Travis Scott,TR,23,f,US,Male
424,5,0.38685280723454163,Billy Joel,TR,23,f,US,Male
424,6,0.3562071871080222,Tame Impala,TR,23,f,AU,Male
424,7,0.3333333333333333,AFI,TR,23,f,US,Female
424,8,0.31546487678572877,Roy Orbison,TR,23,f,US,Male
424,9,0.3010299956639812,Chris Isaak,TR,23,f,US,Male
424,10,0.2890648263178879,Michael Sembello,TR,23,f,US,Male
427,1,1.0,Devin Townsend,NL,40,m,CA,Male
427,2,0.6309297535714575,Zé Keti,NL,40,m,BR,Male
427,3,0.5,Devin Townsend,NL,40,m,CA,Male
427,4,0.43067655807339306,Bob Dylan,NL,40,m,US,Male
427,5,0.38685280723454163,Rush,NL,40,m,US,Male
427,6,0.3562071871080222,Dido,NL,40,m,UK,Female
427,7,0.3333333333333333,Jorge Ben,NL,40,m,BR,Male
427,8,0.31546487678572877,Fever Ray,NL,40,m,SE,Non-binary
427,9,0.3010299956639812,Marilyn Manson,NL,40,m,US,Male
427,10,0.2890648263178879,Clara Nunes,NL,40,m,BR,Female
428,1,1.0,Weyes Blood,NU,21,f,US,Female
428,2,0.6309297535714575,John Maus,NU,21,f,US,Male
428,3,0.5,Weyes Blood,NU,21,f,US,Female
428,4,0.43067655807339306,Janelle Monáe,NU,21,f,US,Non-binary
428,5,0.38685280723454163,Twin Shadow,NU,21,f,US,Male
428,6,0.3562071871080222,Travis Scott,NU,21,f,US,Male
428,7,0.3333333333333333,Father John Misty,NU,21,f,US,Male
428,8,0.31546487678572877,Jessica Pratt,NU,21,f,US,Female
428,9,0.3010299956639812,Frank Ocean,NU,21,f,US,Male
428,10,0.2890648263178879,DJ Shadow,NU,21,f,US,Male
429,1,1.0,Bryan Adams,RU,26,m,CA,Male
429,2,0.6309297535714575,Eagle-Eye Cherry,RU,26,m,SE,Male
429,3,0.5,AFI,RU,26,m,US,Female
429,4,0.43067655807339306,Billy Joel,RU,26,m,US,Male
429,5,0.38685280723454163,Marilyn Manson,RU,26,m,US,Male
429,6,0.3562071871080222,Queen,RU,26,m,JP,Female
429,7,0.3333333333333333,Dolly Parton,RU,26,m,US,Female
429,8,0.31546487678572877,Billy Joel,RU,26,m,US,Male
429,9,0.3010299956639812,Ed Sheeran,RU,26,m,UK,Male
429,10,0.2890648263178879,Chuck Berry,RU,26,m,US,Male
430,1,1.0,Four Tet,ES,39,m,UK,Male
430,2,0.6309297535714575,Apparat,ES,39,m,DE,Male
430,3,0.5,Grouper,ES,39,m,US,Female
430,4,0.43067655807339306,James Blake,ES,39,m,UK,Male
430,5,0.38685280723454163,Ariel Pink,ES,39,m,US,Male
430,6,0.3562071871080222,Grouper,ES,39,m,US,Female
430,7,0.3333333333333333,Toro y Moi,ES,39,m,US,Male
430,8,0.31546487678572877,Bill Callahan,ES,39,m,US,Male
430,9,0.3010299956639812,Toro y Moi,ES,39,m,US,Male
430,10,0.2890648263178879,Beck,ES,39,m,DK,Male
431,1,1.0,Britney Spears,US,26,f,US,Female
431,2,0.6309297535714575,Lana Del Rey,US,26,f,US,Female
431,3,0.5,Lil Nas X,US,26,f,US,Male
431,4,0.43067655807339306,Pedro Sampaio,US,26,f,BR,Male
431,5,0.38685280723454163,Taylor Swift,US,26,f,US,Female
431,6,0.3562071871080222,Avril Lavigne,US,26,f,CA,Female
431,7,0.3333333333333333,Britney Spears,US,26,f,US,Female
431,8,0.31546487678572877,Ariana Grande,US,26,f,US,Female
431,9,0.3010299956639812,Rihanna,US,26,f,UK,Female
431,10,0.2890648263178879,Katy Perry,US,26,f,US,Female
432,1,1.0,Emperor,VN,23,m,UK,Male
432,2,0.6309297535714575,YOB,VN,23,m,UK,Male
432,3,0.5,Nile,VN,23,m,US,Female
432,4,0.43067655807339306,KT Tunstall,VN,23,m,UK,Female
432,5,0.38685280723454163,Patti Smith,VN,23,m,US,Female
432,6,0.3562071871080222,The Kinks,VN,23,m,US,Male
432,7,0.3333333333333333,Queen,VN,23,m,JP,Female
432,8,0.31546487678572877,Queen,VN,23,m,JP,Female
432,9,0.3010299956639812,Ihsahn,VN,23,m,NO,Male
432,10,0.2890648263178879,KT Tunstall,VN,23,m,UK,Female
433,1,1.0,Weyes Blood,DE,32,f,US,Female
433,2,0.6309297535714575,Aldous Harding,DE,32,f,NZ,Female
433,3,0.5,Weyes Blood,DE,32,f,US,Female
433,4,0.43067655807339306,Snail Mail,DE,32,f,US,Female
433,5,0.38685280723454163,James Blake,DE,32,f,UK,Male
433,6,0.3562071871080222,Thom Yorke,DE,32,f,UK,Male
433,7,0.3333333333333333,Kurt Vile,DE,32,f,US,Male
433,8,0.31546487678572877,Jessica Pratt,DE,32,f,US,Female
433,9,0.3010299956639812,Four Tet,DE,32,f,UK,Male
433,10,0.2890648263178879,James Blake,DE,32,f,UK,Male
434,1,1.0,Queen,RU,25,m,JP,Female
434,2,0.6309297535714575,The Kinks,RU,25,m,US,Male
434,3,0.5,Queen,RU,25,m,JP,Female
434,4,0.43067655807339306,Queen,RU,25,m,JP,Female
434,5,0.38685280723454163,The Kinks,RU,25,m,US,Male
434,6,0.3562071871080222,Tom Waits,RU,25,m,US,Male
434,7,0.3333333333333333,YOB,RU,25,m,UK,Male
434,8,0.31546487678572877,Queen,RU,25,m,JP,Female
434,9,0.3010299956639812,YOB,RU,25,m,UK,Male
434,10,0.2890648263178879,KT Tunstall,RU,25,m,UK,Female
435,1,1.0,Queen,FI,18,f,JP,Female
435,2,0.6309297535714575,Moby,FI,18,f,US,Male
435,3,0.5,Laura Branigan,FI,18,f,US,Female
435,4,0.43067655807339306,Billy Joel,FI,18,f,US,Male
435,5,0.38685280723454163,Roy Orbison,FI,18,f,US,Male
435,6,0.3562071871080222,Carpenter Brut,FI,18,f,FR,Male
435,7,0.3333333333333333,Queen,FI,18,f,JP,Female
435,8,0.31546487678572877,James Blake,FI,18,f,UK,Male
435,9,0.3010299956639812,Snail Mail,FI,18,f,US,Female
435,10,0.2890648263178879,Carpenter Brut,FI,18,f,FR,Male
436,1,1.0,Travis Scott,BY,26,m,US,Male
436,2,0.6309297535714575,Lana Del Rey,BY,26,m,US,Female
436,3,0.5,Miley Cyrus,BY,26,m,US,Non-binary
436,4,0.43067655807339306,Beyoncé,BY,26,m,US,Female
436,5,0.38685280723454163,Britney Spears,BY,26,m,US,Female
436,6,0.3562071871080222,Rihanna,BY,26,m,UK,Female
436,7,0.3333333333333333,Sia,BY,26,m,AU,Female
436,8,0.31546487678572877,Troye Sivan,BY,26,m,AU,Male
436,9,0.3010299956639812,Lil Nas X,BY,26,m,US,Male
436,10,0.2890648263178879,Britney Spears,BY,26,m,US,Female
437,1,1.0,Lana Del Rey,FR,23,m,US,Female
437,2,0.6309297535714575,Grimes,FR,23,m,CA,Female
437,3,0.5,Father John Misty,FR,23,m,US,Male
437,4,0.43067655807339306,Travis Scott,FR,23,m,US,Male
437,5,0.38685280723454163,Bill Callahan,FR,23,m,US,Male
437,6,0.3562071871080222,Kacey Musgraves,FR,23,m,US,Female
437,7,0.3333333333333333,Wild Nothing,FR,23,m,US,Male
437,8,0.31546487678572877,Jessica Pratt,FR,23,m,US,Female
437,9,0.3010299956639812,Sufjan Stevens,FR,23,m,US,Male
437,10,0.2890648263178879,Grimes,FR,23,m,CA,Female
438,1,1.0,Billy Joel,UK,30,m,US,Male
438,2,0.6309297535714575,Duncan Laurence,UK,30,m,NL,Male
438,3,0.5,Chris Isaak,UK,30,m,US,Male
438,4,0.43067655807339306,Ed Sheeran,UK,30,m,UK,Male
438,5,0.38685280723454163,Michael Sembello,UK,30,m,US,Male
438,6,0.3562071871080222,Robyn,UK,30,m,SE,Female
438,7,0.3333333333333333,Seal,UK,30,m,UK,Male
438,8,0.31546487678572877,Dolly Parton,UK,30,m,US,Female
438,9,0.3010299956639812,Björk,UK,30,m,IS,Female
438,10,0.2890648263178879,Tame Impala,UK,30,m,AU,Male
439,1,1.0,Ed Sheeran,IT,23,f,UK,Male
439,2,0.6309297535714575,Bryan Adams,IT,23,f,CA,Male
439,3,0.5,Sia,IT,23,f,AU,Female
439,4,0.43067655807339306,John Mayer,IT,23,f,IN,Male
439,5,0.38685280723454163,Lil Nas X,IT,23,f,US,Male
439,6,0.3562071871080222,Billy Joel,IT,23,f,US,Male
439,7,0.3333333333333333,Duncan Laurence,IT,23,f,NL,Male
439,8,0.31546487678572877,Lana Del Rey,IT,23,f,US,Female
439,9,0.3010299956639812,Rita Ora,IT,23,f,UK,Female
439,10,0.2890648263178879,Ariana Grande,IT,23,f,US,Female
440,1,1.0,John Maus,FR,23,m,US,Male
440,2,0.6309297535714575,Billy Joel,FR,23,m,US,Male
440,3,0.5,James Blake,FR,23,m,UK,Male
440,4,0.43067655807339306,Aldous Harding,FR,23,m,NZ,Female
440,5,0.38685280723454163,John Maus,FR,23,m,US,Male
440,6,0.3562071871080222,Eagle-Eye Cherry,FR,23,m,SE,Male
440,7,0.3333333333333333,Haddaway,FR,23,m,DE,Male
440,8,0.31546487678572877,Bryan Adams,FR,23,m,CA,Male
440,9,0.3010299956639812,Kurt Vile,FR,23,m,US,Male
440,10,0.2890648263178879,Snail Mail,FR,23,m,US,Female
441,1,1.0,Billy Joel,PL,27,m,US,Male
441,2,0.6309297535714575,Ed Sheeran,PL,27,m,UK,Male
441,3,0.5,Michael Sembello,PL,27,m,US,Male
441,4,0.43067655807339306,Edwyn Collins,PL,27,m,UK,Male
441,5,0.38685280723454163,Marilyn Manson,PL,27,m,US,Male
441,6,0.3562071871080222,Lil Nas X,PL,27,m,US,Male
441,7,0.3333333333333333,Moby,PL,27,m,US,Male
441,8,0.31546487678572877,Marilyn Manson,PL,27,m,US,Male
441,9,0.3010299956639812,Blue Stahli,PL,27,m,US,Male
441,10,0.2890648263178879,Red,PL,27,m,PL,Male
442,1,1.0,Tame Impala,US,26,m,AU,Male
442,2,0.6309297535714575,James Blake,US,26,m,UK,Male
442,3,0.5,Four Tet,US,26,m,UK,Male
442,4,0.43067655807339306,James Blake,US,26,m,UK,Male
442,5,0.38685280723454163,Apparat,US,26,m,DE,Male
442,6,0.3562071871080222,Twin Shadow,US,26,m,US,Male
442,7,0.3333333333333333,Toro y Moi,US,26,m,US,Male
442,8,0.31546487678572877,Toro y Moi,US,26,m,US,Male
442,9,0.3010299956639812,Jessica Pratt,US,26,m,US,Female
442,10,0.2890648263178879,Weyes Blood,US,26,m,US,Female
443,1,1.0,James Blake,BR,20,m,UK,Male
443,2,0.6309297535714575,Four Tet,BR,20,m,UK,Male
443,3,0.5,James Blake,BR,20,m,UK,Male
443,4,0.43067655807339306,Apparat,BR,20,m,DE,Male
443,5,0.38685280723454163,Twin Shadow,BR,20,m,US,Male
443,6,0.3562071871080222,Kacey Musgraves,BR,20,m,US,Female
443,7,0.3333333333333333,Grouper,BR,20,m,US,Female
443,8,0.31546487678572877,Oneohtrix Point Never,BR,20,m,US,Male
443,9,0.3010299956639812,Toro y Moi,BR,20,m,US,Male
443,10,0.2890648263178879,Grouper,BR,20,m,US,Female
444,1,1.0,Miley Cyrus,BR,20,m,US,Non-binary
444,2,0.6309297535714575,Lil Nas X,BR,20,m,US,Male
444,3,0.5,Ed Sheeran,BR,20,m,UK,Male
444,4,0.43067655807339306,Ariana Grande,BR,20,m,US,Female
444,5,0.38685280723454163,Haddaway,BR,20,m,DE,Male
444,6,0.3562071871080222,Rihanna,BR,20,m,UK,Female
444,7,0.3333333333333333,Rita Ora,BR,20,m,UK,Female
444,8,0.31546487678572877,John Mayer,BR,20,m,IN,Male
444,9,0.3010299956639812,Mariah Carey,BR,20,m,US,Female
444,10,0.2890648263178879,Billy Joel,BR,20,m,US,Male
445,1,1.0,Apparat,US,19,m,DE,Male
445,2,0.6309297535714575,Twin Shadow,US,19,m,US,Male
445,3,0.5,Toro y Moi,US,19,m,US,Male
445,4,0.43067655807339306,Snail Mail,US,19,m,US,Female
445,5,0.38685280723454163,Grouper,US,19,m,US,Female
445,6,0.3562071871080222,Ariel Pink,US,19,m,US,Male
445,7,0.3333333333333333,Weyes Blood,US,19,m,US,Female
445,8,0.31546487678572877,Kacey Musgraves,US,19,m,US,Female
445,9,0.3010299956639812,Bill Callahan,US,19,m,US,Male
445,10,0.2890648263178879,Janelle Monáe,US,19,m,US,Non-binary
446,1,1.0,Pional,CZ,19,m,ES,Male
446,2,0.6309297535714575,Joe Goddard,CZ,19,m,UK,Male
446,3,0.5,Billy Joel,CZ,19,m,US,Male
446,4,0.43067655807339306,Wild Nothing,CZ,19,m,US,Male
446,5,0.38685280723454163,Ry x,CZ,19,m,AU,Male
446,6,0.3562071871080222,Björk,CZ,19,m,IS,Female
446,7,0.3333333333333333,Janelle Monáe,CZ,19,m,US,Non-binary
446,8,0.31546487678572877,Grouper,CZ,19,m,US,Female
446,9,0.3010299956639812,Grimes,CZ,19,m,CA,Female
446,10,0.2890648263178879,Oneohtrix Point Never,CZ,19,m,US,Male
447,1,1.0,Moby,RU,18,f,US,Male
447,2,0.6309297535714575,Carpenter Brut,RU,18,f,FR,Male
447,3,0.5,Queen,RU,18,f,JP,Female
447,4,0.43067655807339306,AFI,RU,18,f,US,Female
447,5,0.38685280723454163,Blue Stahli,RU,18,f,US,Male
447,6,0.3562071871080222,Oliver Koletzki,RU,18,f,DE,Male
447,7,0.3333333333333333,Carpenter Brut,RU,18,f,FR,Male
447,8,0.31546487678572877,Marilyn Manson,RU,18,f,US,Male
447,9,0.3010299956639812,IAMX,RU,18,f,DE,Male
447,10,0.2890648263178879,Perturbator,RU,18,f,FR,Male
448,1,1.0,Marilyn Manson,PL,19,f,US,Male
448,2,0.6309297535714575,Billy Joel,PL,19,f,US,Male
448,3,0.5,Britney Spears,PL,19,f,US,Female
448,4,0.43067655807339306,Rob Zombie,PL,19,f,US,Male
448,5,0.38685280723454163,Billy Joel,PL,19,f,US,Male
448,6,0.3562071871080222,Edwyn Collins,PL,19,f,UK,Male
448,7,0.3333333333333333,Carpenter Brut,PL,19,f,FR,Male
448,8,0.31546487678572877,Aaron Smith,PL,19,f,US,Male
448,9,0.3010299956639812,Michael Sembello,PL,19,f,US,Male
448,10,0.2890648263178879,Dolly Parton,PL,19,f,US,Female
449,1,1.0,Weyes Blood,NL,41,m,US,Female
449,2,0.6309297535714575,Weyes Blood,NL,41,m,US,Female
449,3,0.5,Britney Spears,NL,41,m,US,Female
449,4,0.43067655807339306,Robyn,NL,41,m,SE,Female
449,5,0.38685280723454163,Haddaway,NL,41,m,DE,Male
449,6,0.3562071871080222,Lana Del Rey,NL,41,m,US,Female
449,7,0.3333333333333333,Eagle-Eye Cherry,NL,41,m,SE,Male
449,8,0.31546487678572877,Ariana Grande,NL,41,m,US,Female
449,9,0.3010299956639812,Dolly Parton,NL,41,m,US,Female
449,10,0.2890648263178879,Lil Nas X,NL,41,m,US,Male
451,1,1.0,Billy Joel,BR,24,m,US,Male
451,2,0.6309297535714575,Dolly Parton,BR,24,m,US,Female
451,3,0.5,Marilyn Manson,BR,24,m,US,Male
451,4,0.43067655807339306,Moby,BR,24,m,US,Male
451,5,0.38685280723454163,Ed Sheeran,BR,24,m,UK,Male
451,6,0.3562071871080222,John Mayer,BR,24,m,IN,Male
451,7,0.3333333333333333,Edwyn Collins,BR,24,m,UK,Male
451,8,0.31546487678572877,Ozzy Osbourne,BR,24,m,UK,Male
451,9,0.3010299956639812,Tame Impala,BR,24,m,AU,Male
451,10,0.2890648263178879,Lil Nas X,BR,24,m,US,Male
452,1,1.0,Billy Joel,RU,32,m,US,Male
452,2,0.6309297535714575,Bryan Adams,RU,32,m,CA,Male
452,3,0.5,Red,RU,32,m,PL,Male
452,4,0.43067655807339306,Marilyn Manson,RU,32,m,US,Male
452,5,0.38685280723454163,Björk,RU,32,m,IS,Female
452,6,0.3562071871080222,Perturbator,RU,32,m,FR,Male
452,7,0.3333333333333333,Ozzy Osbourne,RU,32,m,UK,Male
452,8,0.31546487678572877,Rob Zombie,RU,32,m,US,Male
452,9,0.3010299956639812,Edwyn Collins,RU,32,m,UK,Male
452,10,0.2890648263178879,Britney Spears,RU,32,m,US,Female
453,1,1.0,Ariana Grande,BG,19,m,US,Female
453,2,0.6309297535714575,Ariana Grande,BG,19,m,US,Female
453,3,0.5,James Blake,BG,19,m,UK,Male
453,4,0.43067655807339306,Ariana Grande,BG,19,m,US,Female
453,5,0.38685280723454163,Rita Ora,BG,19,m,UK,Female
453,6,0.3562071871080222,Avril Lavigne,BG,19,m,CA,Female
453,7,0.3333333333333333,Ariana Grande,BG,19,m,US,Female
453,8,0.31546487678572877,Ed Sheeran,BG,19,m,UK,Male
453,9,0.3010299956639812,Beyoncé,BG,19,m,US,Female
453,10,0.2890648263178879,Sia,BG,19,m,AU,Female
454,1,1.0,Tame Impala,UK,20,m,AU,Male
454,2,0.6309297535714575,Beck,UK,20,m,DK,Male
454,3,0.5,Snail Mail,UK,20,m,US,Female
454,4,0.43067655807339306,John Maus,UK,20,m,US,Male
454,5,0.38685280723454163,Four Tet,UK,20,m,UK,Male
454,6,0.3562071871080222,Weyes Blood,UK,20,m,US,Female
454,7,0.3333333333333333,Thom Yorke,UK,20,m,UK,Male
454,8,0.31546487678572877,Toro y Moi,UK,20,m,US,Male
454,9,0.3010299956639812,John Maus,UK,20,m,US,Male
454,10,0.2890648263178879,Weyes Blood,UK,20,m,US,Female
455,1,1.0,AFI,PL,19,m,US,Female
455,2,0.6309297535714575,Eagle-Eye Cherry,PL,19,m,SE,Male
455,3,0.5,Queen,PL,19,m,JP,Female
455,4,0.43067655807339306,Haddaway,PL,19,m,DE,Male
455,5,0.38685280723454163,Britney Spears,PL,19,m,US,Female
455,6,0.3562071871080222,Ozzy Osbourne,PL,19,m,UK,Male
455,7,0.3333333333333333,Bryan Adams,PL,19,m,CA,Male
455,8,0.31546487678572877,Billy Joel,PL,19,m,US,Male
455,9,0.3010299956639812,Marilyn Manson,PL,19,m,US,Male
455,10,0.2890648263178879,Dolly Parton,PL,19,m,US,Female
456,1,1.0,Dolly Parton,GR,54,m,US,Female
456,2,0.6309297535714575,Duncan Laurence,GR,54,m,NL,Male
456,3,0.5,John Mayer,GR,54,m,IN,Male
456,4,0.43067655807339306,Moby,GR,54,m,US,Male
456,5,0.38685280723454163,Red,GR,54,m,PL,Male
456,6,0.3562071871080222,Ozzy Osbourne,GR,54,m,UK,Male
456,7,0.3333333333333333,Devin Townsend,GR,54,m,CA,Male
456,8,0.31546487678572877,Rob Zombie,GR,54,m,US,Male
456,9,0.3010299956639812,Marilyn Manson,GR,54,m,US,Male
456,10,0.2890648263178879,Blue Stahli,GR,54,m,US,Male
457,1,1.0,Duncan Laurence,MX,23,f,NL,Male
457,2,0.6309297535714575,Lana Del Rey,MX,23,f,US,Female
457,3,0.5,Mariah Carey,MX,23,f,US,Female
457,4,0.43067655807339306,Travis Scott,MX,23,f,US,Male
457,5,0.38685280723454163,Bryan Adams,MX,23,f,CA,Male
457,6,0.3562071871080222,Chris Isaak,MX,23,f,US,Male
457,7,0.3333333333333333,Sia,MX,23,f,AU,Female
457,8,0.31546487678572877,Beyoncé,MX,23,f,US,Female
457,9,0.3010299956639812,Gwen Stefani,MX,23,f,US,Female
457,10,0.2890648263178879,Taylor Swift,MX,23,f,US,Female
458,1,1.0,Toro y Moi,RU,52,m,US,Male
458,2,0.6309297535714575,Apparat,RU,52,m,DE,Male
458,3,0.5,James Blake,RU,52,m,UK,Male
458,4,0.43067655807339306,Twin Shadow,RU,52,m,US,Male
458,5,0.38685280723454163,Julia Holter,RU,52,m,US,Female
458,6,0.3562071871080222,Snail Mail,RU,52,m,US,Female
458,7,0.3333333333333333,Billy Joel,RU,52,m,US,Male
458,8,0.31546487678572877,Ariel Pink,RU,52,m,US,Male
458,9,0.3010299956639812,Janelle Monáe,RU,52,m,US,Non-binary
458,10,0.2890648263178879,Jessica Pratt,RU,52,m,US,Female
459,1,1.0,Bryan Adams,RU,27,m,CA,Male
459,2,0.6309297535714575,Billy Joel,RU,27,m,US,Male
459,3,0.5,Ed Sheeran,RU,27,m,UK,Male
459,4,0.43067655807339306,John Mayer,RU,27,m,IN,Male
459,5,0.38685280723454163,Lil Nas X,RU,27,m,US,Male
459,6,0.3562071871080222,Dolly Parton,RU,27,m,US,Female
459,7,0.3333333333333333,Billy Joel,RU,27,m,US,Male
459,8,0.31546487678572877,Queen,RU,27,m,JP,Female
459,9,0.3010299956639812,Chuck Berry,RU,27,m,US,Male
459,10,0.2890648263178879,Roy Orbison,RU,27,m,US,Male
460,1,1.0,Britney Spears,US,18,m,US,Female
460,2,0.6309297535714575,Sia,US,18,m,AU,Female
460,3,0.5,Gwen Stefani,US,18,m,US,Female
460,4,0.43067655807339306,Kygo,US,18,m,NO,Male
460,5,0.38685280723454163,Troye Sivan,US,18,m,AU,Male
460,6,0.3562071871080222,Kelis,US,18,m,US,Female
460,7,0.3333333333333333,Avril Lavigne,US,18,m,CA,Female
460,8,0.31546487678572877,Roberta Flack,US,18,m,US,Female
460,9,0.3010299956639812,Duncan Laurence,US,18,m,NL,Male
460,10,0.2890648263178879,Rihanna,US,18,m,UK,Female
461,1,1.0,Mr.Kitty,CA,37,m,US,Male
461,2,0.6309297535714575,Moby,CA,37,m,US,Male
461,3,0.5,Vitalic,CA,37,m,FR,Male
461,4,0.43067655807339306,Queen,CA,37,m,JP,Female
461,5,0.38685280723454163,Serj Tankian,CA,37,m,US,Male
461,6,0.3562071871080222,Blue Stahli,CA,37,m,US,Male
461,7,0.3333333333333333,Beck,CA,37,m,DK,Male
461,8,0.31546487678572877,Marilyn Manson,CA,37,m,US,Male
461,9,0.3010299956639812,AFI,CA,37,m,US,Female
461,10,0.2890648263178879,Dimension,CA,37,m,ES,Male
462,1,1.0,Britney Spears,BR,22,m,US,Female
462,2,0.6309297535714575,Janelle Monáe,BR,22,m,US,Non-binary
462,3,0.5,Beck,BR,22,m,DK,Male
462,4,0.43067655807339306,Weyes Blood,BR,22,m,US,Female
462,5,0.38685280723454163,John Maus,BR,22,m,US,Male
462,6,0.3562071871080222,Toro y Moi,BR,22,m,US,Male
462,7,0.3333333333333333,Weyes Blood,BR,22,m,US,Female
462,8,0.31546487678572877,Lil Nas X,BR,22,m,US,Male
462,9,0.3010299956639812,John Maus,BR,22,m,US,Male
462,10,0.2890648263178879,Taylor Swift,BR,22,m,US,Female
463,1,1.0,Snail Mail,DE,22,m,US,Female
463,2,0.6309297535714575,Thom Yorke,DE,22,m,UK,Male
463,3,0.5,Thom Yorke,DE,22,m,UK,Male
463,4,0.43067655807339306,Tame Impala,DE,22,m,AU,Male
463,5,0.38685280723454163,Kurt Vile,DE,22,m,US,Male
463,6,0.3562071871080222,James Blake,DE,22,m,UK,Male
463,7,0.3333333333333333,Four Tet,DE,22,m,UK,Male
463,8,0.31546487678572877,Mayhem,DE,22,m,CA,Female
463,9,0.3010299956639812,John Maus,DE,22,m,US,Male
463,10,0.2890648263178879,Frank Ocean,DE,22,m,US,Male
464,1,1.0,Lana Del Rey,BR,27,f,US,Female
464,2,0.6309297535714575,Ed Sheeran,BR,27,f,UK,Male
464,3,0.5,Ariana Grande,BR,27,f,US,Female
464,4,0.43067655807339306,Travis Scott,BR,27,f,US,Male
464,5,0.38685280723454163,Rihanna,BR,27,f,UK,Female
464,6,0.3562071871080222,Ariana Grande,BR,27,f,US,Female
464,7,0.3333333333333333,Lil Nas X,BR,27,f,US,Male
464,8,0.31546487678572877,Mariah Carey,BR,27,f,US,Female
464,9,0.3010299956639812,Beyoncé,BR,27,f,US,Female
464,10,0.2890648263178879,Taylor Swift,BR,27,f,US,Female
465,1,1.0,Ariana Grande,BR,19,m,US,Female
465,2,0.6309297535714575,Lana Del Rey,BR,19,m,US,Female
465,3,0.5,Tame Impala,BR,19,m,AU,Male
465,4,0.43067655807339306,James Blake,BR,19,m,UK,Male
465,5,0.38685280723454163,Toro y Moi,BR,19,m,US,Male
465,6,0.3562071871080222,Janelle Monáe,BR,19,m,US,Non-binary
465,7,0.3333333333333333,Beyoncé,BR,19,m,US,Female
465,8,0.31546487678572877,Rita Ora,BR,19,m,UK,Female
465,9,0.3010299956639812,Frank Ocean,BR,19,m,US,Male
465,10,0.2890648263178879,Avril Lavigne,BR,19,m,CA,Female
466,1,1.0,Roy Orbison,MX,28,m,US,Male
466,2,0.6309297535714575,Lil Nas X,MX,28,m,US,Male
466,3,0.5,Marilyn Manson,MX,28,m,US,Male
466,4,0.43067655807339306,Michael Sembello,MX,28,m,US,Male
466,5,0.38685280723454163,Chris Isaak,MX,28,m,US,Male
466,6,0.3562071871080222,Laura Branigan,MX,28,m,US,Female
466,7,0.3333333333333333,Edwyn Collins,MX,28,m,UK,Male
466,8,0.31546487678572877,Robyn,MX,28,m,SE,Female
466,9,0.3010299956639812,Ariana Grande,MX,28,m,US,Female
466,10,0.2890648263178879,Ed Sheeran,MX,28,m,UK,Male
467,1,1.0,Weyes Blood,FI,19,m,US,Female
467,2,0.6309297535714575,Weyes Blood,FI,19,m,US,Female
467,3,0.5,Weyes Blood,FI,19,m,US,Female
467,4,0.43067655807339306,Oneohtrix Point Never,FI,19,m,US,Male
467,5,0.38685280723454163,Snail Mail,FI,19,m,US,Female
467,6,0.3562071871080222,Grouper,FI,19,m,US,Female
467,7,0.3333333333333333,Atlas Sound,FI,19,m,US,Male
467,8,0.31546487678572877,Julia Holter,FI,19,m,US,Female
467,9,0.3010299956639812,Oneohtrix Point Never,FI,19,m,US,Male
467,10,0.2890648263178879,Angel Olsen,FI,19,m,US,Female
468,1,1.0,Lana Del Rey,AU,33,m,US,Female
468,2,0.6309297535714575,Travis Scott,AU,33,m,US,Male
468,3,0.5,Father John Misty,AU,33,m,US,Male
468,4,0.43067655807339306,Beyoncé,AU,33,m,US,Female
468,5,0.38685280723454163,Björk,AU,33,m,IS,Female
468,6,0.3562071871080222,Toro y Moi,AU,33,m,US,Male
468,7,0.3333333333333333,Björk,AU,33,m,IS,Female
468,8,0.31546487678572877,Britney Spears,AU,33,m,US,Female
468,9,0.3010299956639812,Perfume Genius,AU,33,m,US,Male
468,10,0.2890648263178879,Oneohtrix Point Never,AU,33,m,US,Male
469,1,1.0,Lorde,FR,25,m,NZ,Female
469,2,0.6309297535714575,Britney Spears,FR,25,m,US,Female
469,3,0.5,Madonna,FR,25,m,US,Female
469,4,0.43067655807339306,Britney Spears,FR,25,m,US,Female
469,5,0.38685280723454163,Madonna,FR,25,m,US,Female
469,6,0.3562071871080222,Lorde,FR,25,m,NZ,Female
469,7,0.3333333333333333,Robyn,FR,25,m,SE,Female
469,8,0.31546487678572877,zheani,FR,25,m,AU,Female
469,9,0.3010299956639812,Kylie Minogue,FR,25,m,AU,Female
469,10,0.2890648263178879,Britney Spears,FR,25,m,US,Female
470,1,1.0,Miley Cyrus,BR,23,m,US,Non-binary
470,2,0.6309297535714575,Britney Spears,BR,23,m,US,Female
470,3,0.5,Beyoncé,BR,23,m,US,Female
470,4,0.43067655807339306,Haddaway,BR,23,m,DE,Male
470,5,0.38685280723454163,Rihanna,BR,23,m,UK,Female
470,6,0.3562071871080222,Britney Spears,BR,23,m,US,Female
470,7,0.3333333333333333,Lil Nas X,BR,23,m,US,Male
470,8,0.31546487678572877,Troye Sivan,BR,23,m,AU,Male
470,9,0.3010299956639812,John Mayer,BR,23,m,IN,Male
470,10,0.2890648263178879,Norah Jones,BR,23,m,US,Female
471,1,1.0,Weyes Blood,AU,18,m,US,Female
471,2,0.6309297535714575,Jessica Pratt,AU,18,m,US,Female
471,3,0.5,Frank Ocean,AU,18,m,US,Male
471,4,0.43067655807339306,Frank Ocean,AU,18,m,US,Male
471,5,0.38685280723454163,Grimes,AU,18,m,CA,Female
471,6,0.3562071871080222,Grimes,AU,18,m,CA,Female
471,7,0.3333333333333333,Lana Del Rey,AU,18,m,US,Female
471,8,0.31546487678572877,Earl Sweatshirt,AU,18,m,US,Male
471,9,0.3010299956639812,Pional,AU,18,m,ES,Male
471,10,0.2890648263178879,Daniel Avery,AU,18,m,UK,Male
472,1,1.0,Britney Spears,CA,32,m,US,Female
472,2,0.6309297535714575,Ed Sheeran,CA,32,m,UK,Male
472,3,0.5,Björk,CA,32,m,IS,Female
472,4,0.43067655807339306,Dolly Parton,CA,32,m,US,Female
472,5,0.38685280723454163,John Mayer,CA,32,m,IN,Male
472,6,0.3562071871080222,Britney Spears,CA,32,m,US,Female
472,7,0.3333333333333333,Chris Isaak,CA,32,m,US,Male
472,8,0.31546487678572877,Seal,CA,32,m,UK,Male
472,9,0.3010299956639812,Moby,CA,32,m,US,Male
472,10,0.2890648263178879,Lil Nas X,CA,32,m,US,Male
473,1,1.0,Robyn,CA,23,f,SE,Female
473,2,0.6309297535714575,Ed Sheeran,CA,23,f,UK,Male
473,3,0.5,Taylor Swift,CA,23,f,US,Female
473,4,0.43067655807339306,Haddaway,CA,23,f,DE,Male
473,5,0.38685280723454163,Miley Cyrus,CA,23,f,US,Non-binary
473,6,0.3562071871080222,Travis Scott,CA,23,f,US,Male
473,7,0.3333333333333333,Ariana Grande,CA,23,f,US,Female
473,8,0.31546487678572877,Kelis,CA,23,f,US,Female
473,9,0.3010299956639812,Ariana Grande,CA,23,f,US,Female
473,10,0.2890648263178879,Adele,CA,23,f,UK,Female
474,1,1.0,Billy Joel,ES,25,m,US,Male
474,2,0.6309297535714575,Marilyn Manson,ES,25,m,US,Male
474,3,0.5,John Mayer,ES,25,m,IN,Male
474,4,0.43067655807339306,Lil Nas X,ES,25,m,US,Male
474,5,0.38685280723454163,Michael Sembello,ES,25,m,US,Male
474,6,0.3562071871080222,Queen,ES,25,m,JP,Female
474,7,0.3333333333333333,Ed Sheeran,ES,25,m,UK,Male
474,8,0.31546487678572877,Moby,ES,25,m,US,Male
474,9,0.3010299956639812,Edwyn Collins,ES,25,m,UK,Male
474,10,0.2890648263178879,Roy Orbison,ES,25,m,US,Male
475,1,1.0,Britney Spears,PL,24,m,US,Female
475,2,0.6309297535714575,Kylie Minogue,PL,24,m,AU,Female
475,3,0.5,Mylène Farmer,PL,24,m,FR,Female
475,4,0.43067655807339306,Duncan Laurence,PL,24,m,NL,Male
475,5,0.38685280723454163,Britney Spears,PL,24,m,US,Female
475,6,0.3562071871080222,Ed Sheeran,PL,24,m,UK,Male
475,7,0.3333333333333333,Ariana Grande,PL,24,m,US,Female
475,8,0.31546487678572877,Miley Cyrus,PL,24,m,US,Non-binary
475,9,0.3010299956639812,Rita Ora,PL,24,m,UK,Female
475,10,0.2890648263178879,Ariana Grande,PL,24,m,US,Female
476,1,1.0,Ed Sheeran,DE,20,m,UK,Male
476,2,0.6309297535714575,Michael Sembello,DE,20,m,US,Male
476,3,0.5,Dolly Parton,DE,20,m,US,Female
476,4,0.43067655807339306,Chris Isaak,DE,20,m,US,Male
476,5,0.38685280723454163,Seal,DE,20,m,UK,Male
476,6,0.3562071871080222,Lil Nas X,DE,20,m,US,Male
476,7,0.3333333333333333,Moby,DE,20,m,US,Male
476,8,0.31546487678572877,Duncan Laurence,DE,20,m,NL,Male
476,9,0.3010299956639812,Robyn,DE,20,m,SE,Female
476,10,0.2890648263178879,Ozzy Osbourne,DE,20,m,UK,Male
477,1,1.0,Miley Cyrus,PL,22,f,US,Non-binary
477,2,0.6309297535714575,Sia,PL,22,f,AU,Female
477,3,0.5,Lana Del Rey,PL,22,f,US,Female
477,4,0.43067655807339306,Ed Sheeran,PL,22,f,UK,Male
477,5,0.38685280723454163,Taylor Swift,PL,22,f,US,Female
477,6,0.3562071871080222,Haddaway,PL,22,f,DE,Male
477,7,0.3333333333333333,Britney Spears,PL,22,f,US,Female
477,8,0.31546487678572877,Adele,PL,22,f,UK,Female
477,9,0.3010299956639812,Jennifer Lopez,PL,22,f,US,Female
477,10,0.2890648263178879,Troye Sivan,PL,22,f,AU,Male
478,1,1.0,Emperor,SG,21,m,UK,Male
478,2,0.6309297535714575,Ihsahn,SG,21,m,NO,Male
478,3,0.5,Emperor,SG,21,m,UK,Male
478,4,0.43067655807339306,oOoOO,SG,21,m,US,Male
478,5,0.38685280723454163,Marisa Monte,SG,21,m,BR,Female
478,6,0.3562071871080222,Marisa Monte,SG,21,m,BR,Female
478,7,0.3333333333333333,Thom Yorke,SG,21,m,UK,Male
478,8,0.31546487678572877,Emperor,SG,21,m,UK,Male
478,9,0.3010299956639812,Alice Cooper,SG,21,m,US,Male
478,10,0.2890648263178879,Devin Townsend,SG,21,m,CA,Male
479,1,1.0,Tame Impala,NL,22,m,AU,Male
479,2,0.6309297535714575,Grouper,NL,22,m,US,Female
479,3,0.5,Kevin Morby,NL,22,m,US,Male
479,4,0.43067655807339306,Toro y Moi,NL,22,m,US,Male
479,5,0.38685280723454163,Kacey Musgraves,NL,22,m,US,Female
479,6,0.3562071871080222,Grouper,NL,22,m,US,Female
479,7,0.3333333333333333,Grouper,NL,22,m,US,Female
479,8,0.31546487678572877,Janelle Monáe,NL,22,m,US,Non-binary
479,9,0.3010299956639812,Ry x,NL,22,m,AU,Male
479,10,0.2890648263178879,Bill Callahan,NL,22,m,US,Male
480,1,1.0,Grouper,JP,25,m,US,Female
480,2,0.6309297535714575,Weyes Blood,JP,25,m,US,Female
480,3,0.5,Janelle Monáe,JP,25,m,US,Non-binary
480,4,0.43067655807339306,Bill Callahan,JP,25,m,US,Male
480,5,0.38685280723454163,Frank Ocean,JP,25,m,US,Male
480,6,0.3562071871080222,Wild Nothing,JP,25,m,US,Male
480,7,0.3333333333333333,Perfume Genius,JP,25,m,US,Male
480,8,0.31546487678572877,Beck,JP,25,m,DK,Male
480,9,0.3010299956639812,Kacey Musgraves,JP,25,m,US,Female
480,10,0.2890648263178879,Ry x,JP,25,m,AU,Male
481,1,1.0,Ed Sheeran,NO,39,m,UK,Male
481,2,0.6309297535714575,Lana Del Rey,NO,39,m,US,Female
481,3,0.5,Beck,NO,39,m,DK,Male
481,4,0.43067655807339306,Miley Cyrus,NO,39,m,US,Non-binary
481,5,0.38685280723454163,Bryan Adams,NO,39,m,CA,Male
481,6,0.3562071871080222,Eagle-Eye Cherry,NO,39,m,SE,Male
481,7,0.3333333333333333,John Mayer,NO,39,m,IN,Male
481,8,0.31546487678572877,AFI,NO,39,m,US,Female
481,9,0.3010299956639812,Britney Spears,NO,39,m,US,Female
481,10,0.2890648263178879,Beyoncé,NO,39,m,US,Female
482,1,1.0,Toro y Moi,UK,19,f,US,Male
482,2,0.6309297535714575,Janelle Monáe,UK,19,f,US,Non-binary
482,3,0.5,Father John Misty,UK,19,f,US,Male
482,4,0.43067655807339306,Beck,UK,19,f,DK,Male
482,5,0.38685280723454163,Bill Callahan,UK,19,f,US,Male
482,6,0.3562071871080222,Ry x,UK,19,f,AU,Male
482,7,0.3333333333333333,Pional,UK,19,f,ES,Male
482,8,0.31546487678572877,Grouper,UK,19,f,US,Female
482,9,0.3010299956639812,Joe Goddard,UK,19,f,UK,Male
482,10,0.2890648263178879,Grouper,UK,19,f,US,Female
483,1,1.0,Toro y Moi,US,26,m,US,Male
483,2,0.6309297535714575,Four Tet,US,26,m,UK,Male
483,3,0.5,Apparat,US,26,m,DE,Male
483,4,0.43067655807339306,Toro y Moi,US,26,m,US,Male
483,5,0.38685280723454163,Twin Shadow,US,26,m,US,Male
483,6,0.3562071871080222,Beck,US,26,m,DK,Male
483,7,0.3333333333333333,Snail Mail,US,26,m,US,Female
483,8,0.31546487678572877,Janelle Monáe,US,26,m,US,Non-binary
483,9,0.3010299956639812,Julia Holter,US,26,m,US,Female
483,10,0.2890648263178879,Kacey Musgraves,US,26,m,US,Female
484,1,1.0,Amanda Palmer,RU,21,m,US,Female
484,2,0.6309297535714575,Nile,RU,21,m,US,Female
484,3,0.5,The Kinks,RU,21,m,US,Male
484,4,0.43067655807339306,Devin Townsend,RU,21,m,CA,Male
484,5,0.38685280723454163,Queen,RU,21,m,JP,Female
484,6,0.3562071871080222,Wildstylez,RU,21,m,NL,Male
484,7,0.3333333333333333,John Maus,RU,21,m,US,Male
484,8,0.31546487678572877,Tame Impala,RU,21,m,AU,Male
484,9,0.3010299956639812,Queen,RU,21,m,JP,Female
484,10,0.2890648263178879,Thom Yorke,RU,21,m,UK,Male
485,1,1.0,Four Tet,MX,20,m,UK,Male
485,2,0.6309297535714575,Apparat,MX,20,m,DE,Male
485,3,0.5,Julia Holter,MX,20,m,US,Female
485,4,0.43067655807339306,Toro y Moi,MX,20,m,US,Male
485,5,0.38685280723454163,Toro y Moi,MX,20,m,US,Male
485,6,0.3562071871080222,Grouper,MX,20,m,US,Female
485,7,0.3333333333333333,Oneohtrix Point Never,MX,20,m,US,Male
485,8,0.31546487678572877,Jessica Pratt,MX,20,m,US,Female
485,9,0.3010299956639812,Bill Callahan,MX,20,m,US,Male
485,10,0.2890648263178879,Wild Nothing,MX,20,m,US,Male
487,1,1.0,Ed Sheeran,US,30,m,UK,Male
487,2,0.6309297535714575,John Mayer,US,30,m,IN,Male
487,3,0.5,Billy Joel,US,30,m,US,Male
487,4,0.43067655807339306,Avril Lavigne,US,30,m,CA,Female
487,5,0.38685280723454163,Tame Impala,US,30,m,AU,Male
487,6,0.3562071871080222,Miley Cyrus,US,30,m,US,Non-binary
487,7,0.3333333333333333,Ariana Grande,US,30,m,US,Female
487,8,0.31546487678572877,Laura Branigan,US,30,m,US,Female
487,9,0.3010299956639812,Chris Isaak,US,30,m,US,Male
487,10,0.2890648263178879,Queen,US,30,m,JP,Female
488,1,1.0,Björk,UK,42,m,IS,Female
488,2,0.6309297535714575,Marilyn Manson,UK,42,m,US,Male
488,3,0.5,Moby,UK,42,m,US,Male
488,4,0.43067655807339306,Justin Timberlake,UK,42,m,US,Male
488,5,0.38685280723454163,Ozzy Osbourne,UK,42,m,UK,Male
488,6,0.3562071871080222,Adele,UK,42,m,UK,Female
488,7,0.3333333333333333,Eminem,UK,42,m,US,Male
488,8,0.31546487678572877,Tame Impala,UK,42,m,AU,Male
488,9,0.3010299956639812,George Ezra,UK,42,m,UK,Male
488,10,0.2890648263178879,Bob Marley & The Wailers,UK,42,m,JM,Male
489,1,1.0,Tame Impala,DE,24,m,AU,Male
489,2,0.6309297535714575,Four Tet,DE,24,m,UK,Male
489,3,0.5,Twin Shadow,DE,24,m,US,Male
489,4,0.43067655807339306,Apparat,DE,24,m,DE,Male
489,5,0.38685280723454163,James Blake,DE,24,m,UK,Male
489,6,0.3562071871080222,Toro y Moi,DE,24,m,US,Male
489,7,0.3333333333333333,Toro y Moi,DE,24,m,US,Male
489,8,0.31546487678572877,Grouper,DE,24,m,US,Female
489,9,0.3010299956639812,Ariel Pink,DE,24,m,US,Male
489,10,0.2890648263178879,Wild Nothing,DE,24,m,US,Male
490,1,1.0,Céu,AR,24,m,BR,Female
490,2,0.6309297535714575,Geraldo Azevedo,AR,24,m,BR,Male
490,3,0.5,Chico Buarque,AR,24,m,BR,Male
490,4,0.43067655807339306,Belchior,AR,24,m,BR,Male
490,5,0.38685280723454163,Erasmo Carlos,AR,24,m,BR,Male
490,6,0.3562071871080222,Chico Buarque,AR,24,m,BR,Male
490,7,0.3333333333333333,Bezerra da Silva,AR,24,m,BR,Male
490,8,0.31546487678572877,Chico Buarque,AR,24,m,BR,Male
490,9,0.3010299956639812,Johnny Hooker,AR,24,m,BR,Male
490,10,0.2890648263178879,Sérgio Sampaio,AR,24,m,BR,Male
491,1,1.0,Marilyn Manson,RU,24,m,US,Male
491,2,0.6309297535714575,Billy Joel,RU,24,m,US,Male
491,3,0.5,Moby,RU,24,m,US,Male
491,4,0.43067655807339306,Haddaway,RU,24,m,DE,Male
491,5,0.38685280723454163,Laura Branigan,RU,24,m,US,Female
491,6,0.3562071871080222,Bryan Adams,RU,24,m,CA,Male
491,7,0.3333333333333333,Rob Zombie,RU,24,m,US,Male
491,8,0.31546487678572877,Chuck Berry,RU,24,m,US,Male
491,9,0.3010299956639812,Lisa Miskovsky,RU,24,m,SE,Female
491,10,0.2890648263178879,Tame Impala,RU,24,m,AU,Male
492,1,1.0,Robyn,UK,34,m,SE,Female
492,2,0.6309297535714575,Haddaway,UK,34,m,DE,Male
492,3,0.5,Rita Ora,UK,34,m,UK,Female
492,4,0.43067655807339306,Ed Sheeran,UK,34,m,UK,Male
492,5,0.38685280723454163,Travis Scott,UK,34,m,US,Male
492,6,0.3562071871080222,Ariana Grande,UK,34,m,US,Female
492,7,0.3333333333333333,Ariana Grande,UK,34,m,US,Female
492,8,0.31546487678572877,Lana Del Rey,UK,34,m,US,Female
492,9,0.3010299956639812,Lil Nas X,UK,34,m,US,Male
492,10,0.2890648263178879,Beyoncé,UK,34,m,US,Female
493,1,1.0,Duncan Laurence,PL,20,m,NL,Male
493,2,0.6309297535714575,Ariana Grande,PL,20,m,US,Female
493,3,0.5,Adele,PL,20,m,UK,Female
493,4,0.43067655807339306,Britney Spears,PL,20,m,US,Female
493,5,0.38685280723454163,Rita Ora,PL,20,m,UK,Female
493,6,0.3562071871080222,Travis Scott,PL,20,m,US,Male
493,7,0.3333333333333333,Ariana Grande,PL,20,m,US,Female
493,8,0.31546487678572877,Ariana Grande,PL,20,m,US,Female
493,9,0.3010299956639812,Chris Isaak,PL,20,m,US,Male
493,10,0.2890648263178879,Ariana Grande,PL,20,m,US,Female
494,1,1.0,Björk,IT,25,m,IS,Female
494,2,0.6309297535714575,John Mayer,IT,25,m,IN,Male
494,3,0.5,Michael Sembello,IT,25,m,US,Male
494,4,0.43067655807339306,Edwyn Collins,IT,25,m,UK,Male
494,5,0.38685280723454163,Thom Yorke,IT,25,m,UK,Male
494,6,0.3562071871080222,Chris Isaak,IT,25,m,US,Male
494,7,0.3333333333333333,Snail Mail,IT,25,m,US,Female
494,8,0.31546487678572877,Laura Branigan,IT,25,m,US,Female
494,9,0.3010299956639812,Billy Joel,IT,25,m,US,Male
494,10,0.2890648263178879,Weyes Blood,IT,25,m,US,Female
495,1,1.0,Billy Joel,FI,16,m,US,Male
495,2,0.6309297535714575,Ed Sheeran,FI,16,m,UK,Male
495,3,0.5,Billy Joel,FI,16,m,US,Male
495,4,0.43067655807339306,Michael Sembello,FI,16,m,US,Male
495,5,0.38685280723454163,John Mayer,FI,16,m,IN,Male
495,6,0.3562071871080222,Chris Isaak,FI,16,m,US,Male
495,7,0.3333333333333333,Marilyn Manson,FI,16,m,US,Male
495,8,0.31546487678572877,Duncan Laurence,FI,16,m,NL,Male
495,9,0.3010299956639812,Seal,FI,16,m,UK,Male
495,10,0.2890648263178879,Lil Nas X,FI,16,m,US,Male
496,1,1.0,AFI,BR,20,m,US,Female
496,2,0.6309297535714575,Björk,BR,20,m,IS,Female
496,3,0.5,Chuck Berry,BR,20,m,US,Male
496,4,0.43067655807339306,Lana Del Rey,BR,20,m,US,Female
496,5,0.38685280723454163,Dolly Parton,BR,20,m,US,Female
496,6,0.3562071871080222,Billy Joel,BR,20,m,US,Male
496,7,0.3333333333333333,Father John Misty,BR,20,m,US,Male
496,8,0.31546487678572877,Four Tet,BR,20,m,UK,Male
496,9,0.3010299956639812,Ed Sheeran,BR,20,m,UK,Male
496,10,0.2890648263178879,Kurt Vile,BR,20,m,US,Male
497,1,1.0,AFI,NL,33,m,US,Female
497,2,0.6309297535714575,Billy Joel,NL,33,m,US,Male
497,3,0.5,Billy Joel,NL,33,m,US,Male
497,4,0.43067655807339306,Lil Nas X,NL,33,m,US,Male
497,5,0.38685280723454163,Michael Sembello,NL,33,m,US,Male
497,6,0.3562071871080222,Queen,NL,33,m,JP,Female
497,7,0.3333333333333333,Laura Branigan,NL,33,m,US,Female
497,8,0.31546487678572877,Chris Isaak,NL,33,m,US,Male
497,9,0.3010299956639812,Edwyn Collins,NL,33,m,UK,Male
497,10,0.2890648263178879,Roy Orbison,NL,33,m,US,Male
498,1,1.0,Haddaway,US,17,m,DE,Male
498,2,0.6309297535714575,Ed Sheeran,US,17,m,UK,Male
498,3,0.5,Britney Spears,US,17,m,US,Female
498,4,0.43067655807339306,Lil Nas X,US,17,m,US,Male
498,5,0.38685280723454163,Beyoncé,US,17,m,US,Female
498,6,0.3562071871080222,Rihanna,US,17,m,UK,Female
498,7,0.3333333333333333,Britney Spears,US,17,m,US,Female
498,8,0.31546487678572877,Bryan Adams,US,17,m,CA,Male
498,9,0.3010299956639812,Taylor Swift,US,17,m,US,Female
498,10,0.2890648263178879,AFI,US,17,m,US,Female
499,1,1.0,Travis Scott,AR,30,m,US,Male
499,2,0.6309297535714575,Lana Del Rey,AR,30,m,US,Female
499,3,0.5,Lil Nas X,AR,30,m,US,Male
499,4,0.43067655807339306,Rihanna,AR,30,m,UK,Female
499,5,0.38685280723454163,Beyoncé,AR,30,m,US,Female
499,6,0.3562071871080222,Sia,AR,30,m,AU,Female
499,7,0.3333333333333333,Mariah Carey,AR,30,m,US,Female
499,8,0.31546487678572877,Adele,AR,30,m,UK,Female
499,9,0.3010299956639812,Billy Joel,AR,30,m,US,Male
499,10,0.2890648263178879,Paula Abdul,AR,30,m,US,Female
500,1,1.0,Adele,BR,20,f,UK,Female
500,2,0.6309297535714575,Nicki Minaj,BR,20,f,US,Female
500,3,0.5,Lorde,BR,20,f,NZ,Female
500,4,0.43067655807339306,Robyn,BR,20,f,SE,Female
500,5,0.38685280723454163,Gwen Stefani,BR,20,f,US,Female
500,6,0.3562071871080222,Billy Joel,BR,20,f,US,Male
500,7,0.3333333333333333,Beyoncé,BR,20,f,US,Female
500,8,0.31546487678572877,Roberta Flack,BR,20,f,US,Female
500,9,0.3010299956639812,Norah Jones,BR,20,f,US,Female
500,10,0.2890648263178879,Laura Branigan,BR,20,f,US,Female
501,1,1.0,Lana Del Rey,BR,18,m,US,Female
501,2,0.6309297535714575,Rihanna,BR,18,m,UK,Female
501,3,0.5,Lil Nas X,BR,18,m,US,Male
501,4,0.43067655807339306,Ed Sheeran,BR,18,m,UK,Male
501,5,0.38685280723454163,Haddaway,BR,18,m,DE,Male
501,6,0.3562071871080222,Britney Spears,BR,18,m,US,Female
501,7,0.3333333333333333,John Mayer,BR,18,m,IN,Male
501,8,0.31546487678572877,Roy Orbison,BR,18,m,US,Male
501,9,0.3010299956639812,Adele,BR,18,m,UK,Female
501,10,0.2890648263178879,Duncan Laurence,BR,18,m,NL,Male
502,1,1.0,Beck,PL,18,m,DK,Male
502,2,0.6309297535714575,Britney Spears,PL,18,m,US,Female
502,3,0.5,Apparat,PL,18,m,DE,Male
502,4,0.43067655807339306,Aldous Harding,PL,18,m,NZ,Female
502,5,0.38685280723454163,Weyes Blood,PL,18,m,US,Female
502,6,0.3562071871080222,Billy Joel,PL,18,m,US,Male
502,7,0.3333333333333333,Lil Nas X,PL,18,m,US,Male
502,8,0.31546487678572877,Haddaway,PL,18,m,DE,Male
502,9,0.3010299956639812,Kacey Musgraves,PL,18,m,US,Female
502,10,0.2890648263178879,Frank Ocean,PL,18,m,US,Male
503,1,1.0,Jessica Pratt,NL,51,m,US,Female
503,2,0.6309297535714575,Twin Shadow,NL,51,m,US,Male
503,3,0.5,Eagle-Eye Cherry,NL,51,m,SE,Male
503,4,0.43067655807339306,Haddaway,NL,51,m,DE,Male
503,5,0.38685280723454163,AFI,NL,51,m,US,Female
503,6,0.3562071871080222,Dolly Parton,NL,51,m,US,Female
503,7,0.3333333333333333,Tame Impala,NL,51,m,AU,Male
503,8,0.31546487678572877,Britney Spears,NL,51,m,US,Female
503,9,0.3010299956639812,Father John Misty,NL,51,m,US,Male
503,10,0.2890648263178879,Tycho,NL,51,m,US,Male
504,1,1.0,John Maus,NL,57,m,US,Male
504,2,0.6309297535714575,Jessica Pratt,NL,57,m,US,Female
504,3,0.5,Kurt Vile,NL,57,m,US,Male
504,4,0.43067655807339306,Thom Yorke,NL,57,m,UK,Male
504,5,0.38685280723454163,Tame Impala,NL,57,m,AU,Male
504,6,0.3562071871080222,Snail Mail,NL,57,m,US,Female
504,7,0.3333333333333333,Lush,NL,57,m,FI,Male
504,8,0.31546487678572877,James Blake,NL,57,m,UK,Male
504,9,0.3010299956639812,Kacey Musgraves,NL,57,m,US,Female
504,10,0.2890648263178879,Feist,NL,57,m,CA,Female
505,1,1.0,Jessica Pratt,PL,36,f,US,Female
505,2,0.6309297535714575,Twin Shadow,PL,36,f,US,Male
505,3,0.5,Snail Mail,PL,36,f,US,Female
505,4,0.43067655807339306,Janelle Monáe,PL,36,f,US,Non-binary
505,5,0.38685280723454163,Julia Holter,PL,36,f,US,Female
505,6,0.3562071871080222,Tame Impala,PL,36,f,AU,Male
505,7,0.3333333333333333,Ariel Pink,PL,36,f,US,Male
505,8,0.31546487678572877,Dolly Parton,PL,36,f,US,Female
505,9,0.3010299956639812,Kacey Musgraves,PL,36,f,US,Female
505,10,0.2890648263178879,Grouper,PL,36,f,US,Female
506,1,1.0,Billy Joel,UA,20,m,US,Male
506,2,0.6309297535714575,Carpenter Brut,UA,20,m,FR,Male
506,3,0.5,Marilyn Manson,UA,20,m,US,Male
506,4,0.43067655807339306,Ozzy Osbourne,UA,20,m,UK,Male
506,5,0.38685280723454163,Ed Sheeran,UA,20,m,UK,Male
506,6,0.3562071871080222,Michael Sembello,UA,20,m,US,Male
506,7,0.3333333333333333,Carpenter Brut,UA,20,m,FR,Male
506,8,0.31546487678572877,Roy Orbison,UA,20,m,US,Male
506,9,0.3010299956639812,Dolly Parton,UA,20,m,US,Female
506,10,0.2890648263178879,John Mayer,UA,20,m,IN,Male
507,1,1.0,YOB,US,40,m,UK,Male
507,2,0.6309297535714575,YOB,US,40,m,UK,Male
507,3,0.5,The Kinks,US,40,m,US,Male
507,4,0.43067655807339306,KT Tunstall,US,40,m,UK,Female
507,5,0.38685280723454163,Queen,US,40,m,JP,Female
507,6,0.3562071871080222,Queen,US,40,m,JP,Female
507,7,0.3333333333333333,Queen,US,40,m,JP,Female
507,8,0.31546487678572877,Queen,US,40,m,JP,Female
507,9,0.3010299956639812,Patti Smith,US,40,m,US,Female
507,10,0.2890648263178879,The Kinks,US,40,m,US,Male
509,1,1.0,AFI,RU,18,m,US,Female
509,2,0.6309297535714575,Tame Impala,RU,18,m,AU,Male
509,3,0.5,Björk,RU,18,m,IS,Female
509,4,0.43067655807339306,Britney Spears,RU,18,m,US,Female
509,5,0.38685280723454163,Laura Branigan,RU,18,m,US,Female
509,6,0.3562071871080222,Billy Joel,RU,18,m,US,Male
509,7,0.3333333333333333,Ed Sheeran,RU,18,m,UK,Male
509,8,0.31546487678572877,John Mayer,RU,18,m,IN,Male
509,9,0.3010299956639812,Chris Isaak,RU,18,m,US,Male
509,10,0.2890648263178879,Michael Sembello,RU,18,m,US,Male
510,1,1.0,Queen,PL,31,m,JP,Female
510,2,0.6309297535714575,Marilyn Manson,PL,31,m,US,Male
510,3,0.5,Edwyn Collins,PL,31,m,UK,Male
510,4,0.43067655807339306,Tame Impala,PL,31,m,AU,Male
510,5,0.38685280723454163,Billy Joel,PL,31,m,US,Male
510,6,0.3562071871080222,Michael Sembello,PL,31,m,US,Male
510,7,0.3333333333333333,Britney Spears,PL,31,m,US,Female
510,8,0.31546487678572877,Queen,PL,31,m,JP,Female
510,9,0.3010299956639812,Marilyn Manson,PL,31,m,US,Male
510,10,0.2890648263178879,Britney Spears,PL,31,m,US,Female
511,1,1.0,Queen,MX,22,m,JP,Female
511,2,0.6309297535714575,Celldweller,MX,22,m,US,Male
511,3,0.5,Carpenter Brut,MX,22,m,FR,Male
511,4,0.43067655807339306,Rob Zombie,MX,22,m,US,Male
511,5,0.38685280723454163,Beck,MX,22,m,DK,Male
511,6,0.3562071871080222,Serj Tankian,MX,22,m,US,Male
511,7,0.3333333333333333,AFI,MX,22,m,US,Female
511,8,0.31546487678572877,Eagle-Eye Cherry,MX,22,m,SE,Male
511,9,0.3010299956639812,Perturbator,MX,22,m,FR,Male
511,10,0.2890648263178879,Marilyn Manson,MX,22,m,US,Male
512,1,1.0,Taylor Swift,CA,20,m,US,Female
512,2,0.6309297535714575,Britney Spears,CA,20,m,US,Female
512,3,0.5,Lana Del Rey,CA,20,m,US,Female
512,4,0.43067655807339306,James Blake,CA,20,m,UK,Male
512,5,0.38685280723454163,Beyoncé,CA,20,m,US,Female
512,6,0.3562071871080222,Lil Nas X,CA,20,m,US,Male
512,7,0.3333333333333333,Jessie J,CA,20,m,UK,Female
512,8,0.31546487678572877,Frank Ocean,CA,20,m,US,Male
512,9,0.3010299956639812,Toro y Moi,CA,20,m,US,Male
512,10,0.2890648263178879,Ariana Grande,CA,20,m,US,Female
513,1,1.0,Rita Ora,NL,36,m,UK,Female
513,2,0.6309297535714575,Travis Scott,NL,36,m,US,Male
513,3,0.5,Sia,NL,36,m,AU,Female
513,4,0.43067655807339306,Beyoncé,NL,36,m,US,Female
513,5,0.38685280723454163,Britney Spears,NL,36,m,US,Female
513,6,0.3562071871080222,Lil Nas X,NL,36,m,US,Male
513,7,0.3333333333333333,Haddaway,NL,36,m,DE,Male
513,8,0.31546487678572877,Ed Sheeran,NL,36,m,UK,Male
513,9,0.3010299956639812,Rihanna,NL,36,m,UK,Female
513,10,0.2890648263178879,Mariah Carey,NL,36,m,US,Female
514,1,1.0,Queen,PL,15,m,JP,Female
514,2,0.6309297535714575,Marilyn Manson,PL,15,m,US,Male
514,3,0.5,Marilyn Manson,PL,15,m,US,Male
514,4,0.43067655807339306,Björk,PL,15,m,IS,Female
514,5,0.38685280723454163,Queen,PL,15,m,JP,Female
514,6,0.3562071871080222,Queen,PL,15,m,JP,Female
514,7,0.3333333333333333,Britney Spears,PL,15,m,US,Female
514,8,0.31546487678572877,Edwyn Collins,PL,15,m,UK,Male
514,9,0.3010299956639812,Ed Sheeran,PL,15,m,UK,Male
514,10,0.2890648263178879,Moby,PL,15,m,US,Male
515,1,1.0,Twin Shadow,US,30,m,US,Male
515,2,0.6309297535714575,Four Tet,US,30,m,UK,Male
515,3,0.5,Julia Holter,US,30,m,US,Female
515,4,0.43067655807339306,Apparat,US,30,m,DE,Male
515,5,0.38685280723454163,Janelle Monáe,US,30,m,US,Non-binary
515,6,0.3562071871080222,Grouper,US,30,m,US,Female
515,7,0.3333333333333333,Ariel Pink,US,30,m,US,Male
515,8,0.31546487678572877,Lush,US,30,m,FI,Male
515,9,0.3010299956639812,Toro y Moi,US,30,m,US,Male
515,10,0.2890648263178879,Weyes Blood,US,30,m,US,Female
516,1,1.0,Ed Sheeran,CZ,23,m,UK,Male
516,2,0.6309297535714575,AFI,CZ,23,m,US,Female
516,3,0.5,Marilyn Manson,CZ,23,m,US,Male
516,4,0.43067655807339306,Ed Sheeran,CZ,23,m,UK,Male
516,5,0.38685280723454163,Queen,CZ,23,m,JP,Female
516,6,0.3562071871080222,Roy Orbison,CZ,23,m,US,Male
516,7,0.3333333333333333,Miley Cyrus,CZ,23,m,US,Non-binary
516,8,0.31546487678572877,Taylor Swift,CZ,23,m,US,Female
516,9,0.3010299956639812,Eric Clapton,CZ,23,m,UK,Male
516,10,0.2890648263178879,Ariana Grande,CZ,23,m,US,Female
517,1,1.0,Lorde,BR,18,m,NZ,Female
517,2,0.6309297535714575,Ariana Grande,BR,18,m,US,Female
517,3,0.5,Dawn Richard,BR,18,m,US,Female
517,4,0.43067655807339306,Sia,BR,18,m,AU,Female
517,5,0.38685280723454163,Miley Cyrus,BR,18,m,US,Non-binary
517,6,0.3562071871080222,Britney Spears,BR,18,m,US,Female
517,7,0.3333333333333333,Avril Lavigne,BR,18,m,CA,Female
517,8,0.31546487678572877,Kanye West,BR,18,m,US,Male
517,9,0.3010299956639812,Avril Lavigne,BR,18,m,CA,Female
517,10,0.2890648263178879,Ariana Grande,BR,18,m,US,Female
518,1,1.0,Ed Sheeran,UA,25,m,UK,Male
518,2,0.6309297535714575,Duncan Laurence,UA,25,m,NL,Male
518,3,0.5,John Mayer,UA,25,m,IN,Male
518,4,0.43067655807339306,Seal,UA,25,m,UK,Male
518,5,0.38685280723454163,Robyn,UA,25,m,SE,Female
518,6,0.3562071871080222,Carpenter Brut,UA,25,m,FR,Male
518,7,0.3333333333333333,Tame Impala,UA,25,m,AU,Male
518,8,0.31546487678572877,Ariana Grande,UA,25,m,US,Female
518,9,0.3010299956639812,Avril Lavigne,UA,25,m,CA,Female
518,10,0.2890648263178879,Bob Marley & The Wailers,UA,25,m,JM,Male
519,1,1.0,Billy Joel,US,22,m,US,Male
519,2,0.6309297535714575,John Mayer,US,22,m,IN,Male
519,3,0.5,Lil Nas X,US,22,m,US,Male
519,4,0.43067655807339306,Michael Sembello,US,22,m,US,Male
519,5,0.38685280723454163,Taylor Swift,US,22,m,US,Female
519,6,0.3562071871080222,Roy Orbison,US,22,m,US,Male
519,7,0.3333333333333333,Duncan Laurence,US,22,m,NL,Male
519,8,0.31546487678572877,Miley Cyrus,US,22,m,US,Non-binary
519,9,0.3010299956639812,Dolly Parton,US,22,m,US,Female
519,10,0.2890648263178879,Billy Joel,US,22,m,US,Male
520,1,1.0,Seal,IT,33,m,UK,Male
520,2,0.6309297535714575,Chris Isaak,IT,33,m,US,Male
520,3,0.5,Justin Timberlake,IT,33,m,US,Male
520,4,0.43067655807339306,Red,IT,33,m,PL,Male
520,5,0.38685280723454163,Marilyn Manson,IT,33,m,US,Male
520,6,0.3562071871080222,Robyn,IT,33,m,SE,Female
520,7,0.3333333333333333,Rob Zombie,IT,33,m,US,Male
520,8,0.31546487678572877,Blue Stahli,IT,33,m,US,Male
520,9,0.3010299956639812,Ozzy Osbourne,IT,33,m,UK,Male
520,10,0.2890648263178879,Adele,IT,33,m,UK,Female
521,1,1.0,Toro y Moi,RU,21,m,US,Male
521,2,0.6309297535714575,James Blake,RU,21,m,UK,Male
521,3,0.5,Roy Orbison,RU,21,m,US,Male
521,4,0.43067655807339306,Apparat,RU,21,m,DE,Male
521,5,0.38685280723454163,Aldous Harding,RU,21,m,NZ,Female
521,6,0.3562071871080222,Toro y Moi,RU,21,m,US,Male
521,7,0.3333333333333333,Four Tet,RU,21,m,UK,Male
521,8,0.31546487678572877,Weyes Blood,RU,21,m,US,Female
521,9,0.3010299956639812,Britney Spears,RU,21,m,US,Female
521,10,0.2890648263178879,Weyes Blood,RU,21,m,US,Female
522,1,1.0,Bezerra da Silva,BR,24,m,BR,Male
522,2,0.6309297535714575,Céu,BR,24,m,BR,Female
522,3,0.5,Erasmo Carlos,BR,24,m,BR,Male
522,4,0.43067655807339306,Mahmundi,BR,24,m,BR,Female
522,5,0.38685280723454163,Chico Buarque,BR,24,m,BR,Male
522,6,0.3562071871080222,Toquinho,BR,24,m,BR,Male
522,7,0.3333333333333333,Djavan,BR,24,m,BR,Male
522,8,0.31546487678572877,Chico Buarque,BR,24,m,BR,Male
522,9,0.3010299956639812,Céu,BR,24,m,BR,Female
522,10,0.2890648263178879,Belchior,BR,24,m,BR,Male
523,1,1.0,Weyes Blood,TR,21,m,US,Female
523,2,0.6309297535714575,Twin Shadow,TR,21,m,US,Male
523,3,0.5,Snail Mail,TR,21,m,US,Female
523,4,0.43067655807339306,Toro y Moi,TR,21,m,US,Male
523,5,0.38685280723454163,Weyes Blood,TR,21,m,US,Female
523,6,0.3562071871080222,Father John Misty,TR,21,m,US,Male
523,7,0.3333333333333333,Tame Impala,TR,21,m,AU,Male
523,8,0.31546487678572877,Bill Callahan,TR,21,m,US,Male
523,9,0.3010299956639812,Grimes,TR,21,m,CA,Female
523,10,0.2890648263178879,Beck,TR,21,m,DK,Male
524,1,1.0,Billy Joel,RU,23,m,US,Male
524,2,0.6309297535714575,John Mayer,RU,23,m,IN,Male
524,3,0.5,James Blake,RU,23,m,UK,Male
524,4,0.43067655807339306,Duncan Laurence,RU,23,m,NL,Male
524,5,0.38685280723454163,Billy Joel,RU,23,m,US,Male
524,6,0.3562071871080222,Miley Cyrus,RU,23,m,US,Non-binary
524,7,0.3333333333333333,Toro y Moi,RU,23,m,US,Male
524,8,0.31546487678572877,Lil Nas X,RU,23,m,US,Male
524,9,0.3010299956639812,Dolly Parton,RU,23,m,US,Female
524,10,0.2890648263178879,Chuck Berry,RU,23,m,US,Male
525,1,1.0,Marilyn Manson,BR,24,m,US,Male
525,2,0.6309297535714575,Billy Joel,BR,24,m,US,Male
525,3,0.5,Chris Isaak,BR,24,m,US,Male
525,4,0.43067655807339306,Queen,BR,24,m,JP,Female
525,5,0.38685280723454163,Michael Sembello,BR,24,m,US,Male
525,6,0.3562071871080222,Laura Branigan,BR,24,m,US,Female
525,7,0.3333333333333333,Lil Nas X,BR,24,m,US,Male
525,8,0.31546487678572877,Björk,BR,24,m,IS,Female
525,9,0.3010299956639812,Duncan Laurence,BR,24,m,NL,Male
525,10,0.2890648263178879,Marilyn Manson,BR,24,m,US,Male
526,1,1.0,Kendrick Lamar,RU,21,m,US,Male
526,2,0.6309297535714575,Styles P,RU,21,m,US,Male
526,3,0.5,Kanye West,RU,21,m,US,Male
526,4,0.43067655807339306,Kanye West,RU,21,m,US,Male
526,5,0.38685280723454163,Eminem,RU,21,m,US,Male
526,6,0.3562071871080222,J. Cole,RU,21,m,US,Male
526,7,0.3333333333333333,Mark Morrison,RU,21,m,UK,Male
526,8,0.31546487678572877,Ariana Grande,RU,21,m,US,Female
526,9,0.3010299956639812,Nas,RU,21,m,US,Male
526,10,0.2890648263178879,Kanye West,RU,21,m,US,Male
527,1,1.0,Aldous Harding,UK,23,f,NZ,Female
527,2,0.6309297535714575,Weyes Blood,UK,23,f,US,Female
527,3,0.5,Toro y Moi,UK,23,f,US,Male
527,4,0.43067655807339306,John Maus,UK,23,f,US,Male
527,5,0.38685280723454163,Kacey Musgraves,UK,23,f,US,Female
527,6,0.3562071871080222,Apparat,UK,23,f,DE,Male
527,7,0.3333333333333333,Robyn,UK,23,f,SE,Female
527,8,0.31546487678572877,John Maus,UK,23,f,US,Male
527,9,0.3010299956639812,Sufjan Stevens,UK,23,f,US,Male
527,10,0.2890648263178879,Weyes Blood,UK,23,f,US,Female
528,1,1.0,Apparat,DE,24,m,DE,Male
528,2,0.6309297535714575,Janelle Monáe,DE,24,m,US,Non-binary
528,3,0.5,Snail Mail,DE,24,m,US,Female
528,4,0.43067655807339306,Julia Holter,DE,24,m,US,Female
528,5,0.38685280723454163,Tame Impala,DE,24,m,AU,Male
528,6,0.3562071871080222,Perfume Genius,DE,24,m,US,Male
528,7,0.3333333333333333,Kacey Musgraves,DE,24,m,US,Female
528,8,0.31546487678572877,Oneohtrix Point Never,DE,24,m,US,Male
528,9,0.3010299956639812,Father John Misty,DE,24,m,US,Male
528,10,0.2890648263178879,Travis Scott,DE,24,m,US,Male
529,1,1.0,Ed Sheeran,RU,22,m,UK,Male
529,2,0.6309297535714575,Sia,RU,22,m,AU,Female
529,3,0.5,John Mayer,RU,22,m,IN,Male
529,4,0.43067655807339306,Marilyn Manson,RU,22,m,US,Male
529,5,0.38685280723454163,Rita Ora,RU,22,m,UK,Female
529,6,0.3562071871080222,Miley Cyrus,RU,22,m,US,Non-binary
529,7,0.3333333333333333,Beyoncé,RU,22,m,US,Female
529,8,0.31546487678572877,Beck,RU,22,m,DK,Male
529,9,0.3010299956639812,Tame Impala,RU,22,m,AU,Male
529,10,0.2890648263178879,Eagle-Eye Cherry,RU,22,m,SE,Male
530,1,1.0,John Maus,US,32,m,US,Male
530,2,0.6309297535714575,Four Tet,US,32,m,UK,Male
530,3,0.5,John Maus,US,32,m,US,Male
530,4,0.43067655807339306,Jessica Pratt,US,32,m,US,Female
530,5,0.38685280723454163,Janelle Monáe,US,32,m,US,Non-binary
530,6,0.3562071871080222,Lil Nas X,US,32,m,US,Male
530,7,0.3333333333333333,Billy Joel,US,32,m,US,Male
530,8,0.31546487678572877,Toro y Moi,US,32,m,US,Male
530,9,0.3010299956639812,Laura Branigan,US,32,m,US,Female
530,10,0.2890648263178879,Beyoncé,US,32,m,US,Female
531,1,1.0,Bryan Adams,US,22,m,CA,Male
531,2,0.6309297535714575,Billy Joel,US,22,m,US,Male
531,3,0.5,Britney Spears,US,22,m,US,Female
531,4,0.43067655807339306,Marilyn Manson,US,22,m,US,Male
531,5,0.38685280723454163,Chuck Berry,US,22,m,US,Male
531,6,0.3562071871080222,Billy Joel,US,22,m,US,Male
531,7,0.3333333333333333,Moby,US,22,m,US,Male
531,8,0.31546487678572877,Marilyn Manson,US,22,m,US,Male
531,9,0.3010299956639812,Britney Spears,US,22,m,US,Female
531,10,0.2890648263178879,Michael Sembello,US,22,m,US,Male
532,1,1.0,Tom Waits,PL,34,m,US,Male
532,2,0.6309297535714575,Nile,PL,34,m,US,Female
532,3,0.5,Ihsahn,PL,34,m,NO,Male
532,4,0.43067655807339306,oOoOO,PL,34,m,US,Male
532,5,0.38685280723454163,Marisa Monte,PL,34,m,BR,Female
532,6,0.3562071871080222,Thom Yorke,PL,34,m,UK,Male
532,7,0.3333333333333333,Thom Yorke,PL,34,m,UK,Male
532,8,0.31546487678572877,Amanda Palmer,PL,34,m,US,Female
532,9,0.3010299956639812,Venom,PL,34,m,UK,Male
532,10,0.2890648263178879,Emperor,PL,34,m,UK,Male
533,1,1.0,Travis Scott,US,22,m,US,Male
533,2,0.6309297535714575,Duncan Laurence,US,22,m,NL,Male
533,3,0.5,AFI,US,22,m,US,Female
533,4,0.43067655807339306,Lana Del Rey,US,22,m,US,Female
533,5,0.38685280723454163,Adele,US,22,m,UK,Female
533,6,0.3562071871080222,Billy Joel,US,22,m,US,Male
533,7,0.3333333333333333,Ariana Grande,US,22,m,US,Female
533,8,0.31546487678572877,Dolly Parton,US,22,m,US,Female
533,9,0.3010299956639812,Tame Impala,US,22,m,AU,Male
533,10,0.2890648263178879,Rita Ora,US,22,m,UK,Female
534,1,1.0,Michael Sembello,BR,23,m,US,Male
534,2,0.6309297535714575,Chris Isaak,BR,23,m,US,Male
534,3,0.5,Beck,BR,23,m,DK,Male
534,4,0.43067655807339306,AFI,BR,23,m,US,Female
534,5,0.38685280723454163,Marilyn Manson,BR,23,m,US,Male
534,6,0.3562071871080222,Miley Cyrus,BR,23,m,US,Non-binary
534,7,0.3333333333333333,Robyn,BR,23,m,SE,Female
534,8,0.31546487678572877,Björk,BR,23,m,IS,Female
534,9,0.3010299956639812,Avril Lavigne,BR,23,m,CA,Female
534,10,0.2890648263178879,Queen,BR,23,m,JP,Female
535,1,1.0,Bryan Adams,RU,26,m,CA,Male
535,2,0.6309297535714575,Lil Nas X,RU,26,m,US,Male
535,3,0.5,John Mayer,RU,26,m,IN,Male
535,4,0.43067655807339306,Billy Joel,RU,26,m,US,Male
535,5,0.38685280723454163,Chuck Berry,RU,26,m,US,Male
535,6,0.3562071871080222,Billy Joel,RU,26,m,US,Male
535,7,0.3333333333333333,Dolly Parton,RU,26,m,US,Female
535,8,0.31546487678572877,Roy Orbison,RU,26,m,US,Male
535,9,0.3010299956639812,Marilyn Manson,RU,26,m,US,Male
535,10,0.2890648263178879,Miley Cyrus,RU,26,m,US,Non-binary
536,1,1.0,Michael Sembello,US,23,m,US,Male
536,2,0.6309297535714575,Queen,US,23,m,JP,Female
536,3,0.5,Duncan Laurence,US,23,m,NL,Male
536,4,0.43067655807339306,Dolly Parton,US,23,m,US,Female
536,5,0.38685280723454163,Laura Branigan,US,23,m,US,Female
536,6,0.3562071871080222,Lana Del Rey,US,23,m,US,Female
536,7,0.3333333333333333,Björk,US,23,m,IS,Female
536,8,0.31546487678572877,Ariana Grande,US,23,m,US,Female
536,9,0.3010299956639812,Seal,US,23,m,UK,Male
536,10,0.2890648263178879,Miley Cyrus,US,23,m,US,Non-binary
537,1,1.0,Billy Joel,UK,22,m,US,Male
537,2,0.6309297535714575,Queen,UK,22,m,JP,Female
537,3,0.5,Miley Cyrus,UK,22,m,US,Non-binary
537,4,0.43067655807339306,Seal,UK,22,m,UK,Male
537,5,0.38685280723454163,Taylor Swift,UK,22,m,US,Female
537,6,0.3562071871080222,Marilyn Manson,UK,22,m,US,Male
537,7,0.3333333333333333,Edwyn Collins,UK,22,m,UK,Male
537,8,0.31546487678572877,Miley Cyrus,UK,22,m,US,Non-binary
537,9,0.3010299956639812,Sia,UK,22,m,AU,Female
537,10,0.2890648263178879,Moby,UK,22,m,US,Male
538,1,1.0,Grouper,US,23,m,US,Female
538,2,0.6309297535714575,Apparat,US,23,m,DE,Male
538,3,0.5,Bill Callahan,US,23,m,US,Male
538,4,0.43067655807339306,Four Tet,US,23,m,UK,Male
538,5,0.38685280723454163,Panda Bear,US,23,m,US,Male
538,6,0.3562071871080222,Oneohtrix Point Never,US,23,m,US,Male
538,7,0.3333333333333333,James Blake,US,23,m,UK,Male
538,8,0.31546487678572877,Tame Impala,US,23,m,AU,Male
538,9,0.3010299956639812,Björk,US,23,m,IS,Female
538,10,0.2890648263178879,Grouper,US,23,m,US,Female
539,1,1.0,Eagle-Eye Cherry,UZ,20,m,SE,Male
539,2,0.6309297535714575,Queen,UZ,20,m,JP,Female
539,3,0.5,Björk,UZ,20,m,IS,Female
539,4,0.43067655807339306,Haddaway,UZ,20,m,DE,Male
539,5,0.38685280723454163,Bryan Adams,UZ,20,m,CA,Male
539,6,0.3562071871080222,Carpenter Brut,UZ,20,m,FR,Male
539,7,0.3333333333333333,Billy Joel,UZ,20,m,US,Male
539,8,0.31546487678572877,Chuck Berry,UZ,20,m,US,Male
539,9,0.3010299956639812,Queen,UZ,20,m,JP,Female
539,10,0.2890648263178879,Mr.Kitty,UZ,20,m,US,Male
540,1,1.0,Eagle-Eye Cherry,RU,30,m,SE,Male
540,2,0.6309297535714575,Queen,RU,30,m,JP,Female
540,3,0.5,Billy Joel,RU,30,m,US,Male
540,4,0.43067655807339306,Robyn,RU,30,m,SE,Female
540,5,0.38685280723454163,Chuck Berry,RU,30,m,US,Male
540,6,0.3562071871080222,Edwyn Collins,RU,30,m,UK,Male
540,7,0.3333333333333333,Billy Joel,RU,30,m,US,Male
540,8,0.31546487678572877,Laura Branigan,RU,30,m,US,Female
540,9,0.3010299956639812,Michael Sembello,RU,30,m,US,Male
540,10,0.2890648263178879,Chris Isaak,RU,30,m,US,Male
541,1,1.0,Devin Townsend,CR,24,m,CA,Male
541,2,0.6309297535714575,Edwyn Collins,CR,24,m,UK,Male
541,3,0.5,Billy Joel,CR,24,m,US,Male
541,4,0.43067655807339306,Chris Isaak,CR,24,m,US,Male
541,5,0.38685280723454163,Serj Tankian,CR,24,m,US,Male
541,6,0.3562071871080222,Mr.Kitty,CR,24,m,US,Male
541,7,0.3333333333333333,Michael Jackson,CR,24,m,US,Male
541,8,0.31546487678572877,John Mayer,CR,24,m,IN,Male
541,9,0.3010299956639812,Rush,CR,24,m,US,Male
541,10,0.2890648263178879,Lil Nas X,CR,24,m,US,Male
542,1,1.0,Eagle-Eye Cherry,RU,23,m,SE,Male
542,2,0.6309297535714575,Marilyn Manson,RU,23,m,US,Male
542,3,0.5,Marilyn Manson,RU,23,m,US,Male
542,4,0.43067655807339306,Haddaway,RU,23,m,DE,Male
542,5,0.38685280723454163,Billy Joel,RU,23,m,US,Male
542,6,0.3562071871080222,Bryan Adams,RU,23,m,CA,Male
542,7,0.3333333333333333,Aaron Smith,RU,23,m,US,Male
542,8,0.31546487678572877,Queen,RU,23,m,JP,Female
542,9,0.3010299956639812,Rob Zombie,RU,23,m,US,Male
542,10,0.2890648263178879,Chuck Berry,RU,23,m,US,Male
543,1,1.0,Amanda Palmer,BY,28,m,US,Female
543,2,0.6309297535714575,The Kinks,BY,28,m,US,Male
543,3,0.5,Bob Dylan,BY,28,m,US,Male
543,4,0.43067655807339306,Nile,BY,28,m,US,Female
543,5,0.38685280723454163,Machine Head,BY,28,m,JP,Male
543,6,0.3562071871080222,Queen,BY,28,m,JP,Female
543,7,0.3333333333333333,Ozzy Osbourne,BY,28,m,UK,Male
543,8,0.31546487678572877,Rush,BY,28,m,US,Male
543,9,0.3010299956639812,Queen,BY,28,m,JP,Female
543,10,0.2890648263178879,Queen,BY,28,m,JP,Female
544,1,1.0,Ed Sheeran,DE,17,m,UK,Male
544,2,0.6309297535714575,Britney Spears,DE,17,m,US,Female
544,3,0.5,John Mayer,DE,17,m,IN,Male
544,4,0.43067655807339306,Dolly Parton,DE,17,m,US,Female
544,5,0.38685280723454163,Marilyn Manson,DE,17,m,US,Male
544,6,0.3562071871080222,Seal,DE,17,m,UK,Male
544,7,0.3333333333333333,Queen,DE,17,m,JP,Female
544,8,0.31546487678572877,Lil Nas X,DE,17,m,US,Male
544,9,0.3010299956639812,Robyn,DE,17,m,SE,Female
544,10,0.2890648263178879,Ozzy Osbourne,DE,17,m,UK,Male
545,1,1.0,Ed Sheeran,RU,34,m,UK,Male
545,2,0.6309297535714575,Dolly Parton,RU,34,m,US,Female
545,3,0.5,Robyn,RU,34,m,SE,Female
545,4,0.43067655807339306,Edwyn Collins,RU,34,m,UK,Male
545,5,0.38685280723454163,Marilyn Manson,RU,34,m,US,Male
545,6,0.3562071871080222,Miley Cyrus,RU,34,m,US,Non-binary
545,7,0.3333333333333333,Taylor Swift,RU,34,m,US,Female
545,8,0.31546487678572877,Ozzy Osbourne,RU,34,m,UK,Male
545,9,0.3010299956639812,Jessie J,RU,34,m,UK,Female
545,10,0.2890648263178879,Justin Timberlake,RU,34,m,US,Male
546,1,1.0,Ariana Grande,BR,19,f,US,Female
546,2,0.6309297535714575,Ariana Grande,BR,19,f,US,Female
546,3,0.5,Beyoncé,BR,19,f,US,Female
546,4,0.43067655807339306,Ariana Grande,BR,19,f,US,Female
546,5,0.38685280723454163,Rita Ora,BR,19,f,UK,Female
546,6,0.3562071871080222,Mariah Carey,BR,19,f,US,Female
546,7,0.3333333333333333,Robyn,BR,19,f,SE,Female
546,8,0.31546487678572877,Avril Lavigne,BR,19,f,CA,Female
546,9,0.3010299956639812,Troye Sivan,BR,19,f,AU,Male
546,10,0.2890648263178879,Taylor Swift,BR,19,f,US,Female
547,1,1.0,Toro y Moi,AU,32,m,US,Male
547,2,0.6309297535714575,Beck,AU,32,m,DK,Male
547,3,0.5,Janelle Monáe,AU,32,m,US,Non-binary
547,4,0.43067655807339306,Kacey Musgraves,AU,32,m,US,Female
547,5,0.38685280723454163,Billy Joel,AU,32,m,US,Male
547,6,0.3562071871080222,Toro y Moi,AU,32,m,US,Male
547,7,0.3333333333333333,Tame Impala,AU,32,m,AU,Male
547,8,0.31546487678572877,Julia Holter,AU,32,m,US,Female
547,9,0.3010299956639812,Father John Misty,AU,32,m,US,Male
547,10,0.2890648263178879,Snail Mail,AU,32,m,US,Female
548,1,1.0,Britney Spears,UK,30,m,US,Female
548,2,0.6309297535714575,Marilyn Manson,UK,30,m,US,Male
548,3,0.5,Queen,UK,30,m,JP,Female
548,4,0.43067655807339306,Ed Sheeran,UK,30,m,UK,Male
548,5,0.38685280723454163,Michael Sembello,UK,30,m,US,Male
548,6,0.3562071871080222,Björk,UK,30,m,IS,Female
548,7,0.3333333333333333,Billy Joel,UK,30,m,US,Male
548,8,0.31546487678572877,Queen,UK,30,m,JP,Female
548,9,0.3010299956639812,Robyn,UK,30,m,SE,Female
548,10,0.2890648263178879,Duncan Laurence,UK,30,m,NL,Male
549,1,1.0,Toro y Moi,CA,21,m,US,Male
549,2,0.6309297535714575,Grouper,CA,21,m,US,Female
549,3,0.5,Ariel Pink,CA,21,m,US,Male
549,4,0.43067655807339306,Beck,CA,21,m,DK,Male
549,5,0.38685280723454163,Kacey Musgraves,CA,21,m,US,Female
549,6,0.3562071871080222,Janelle Monáe,CA,21,m,US,Non-binary
549,7,0.3333333333333333,Bill Callahan,CA,21,m,US,Male
549,8,0.31546487678572877,Tame Impala,CA,21,m,AU,Male
549,9,0.3010299956639812,Kevin Morby,CA,21,m,US,Male
549,10,0.2890648263178879,Panda Bear,CA,21,m,US,Male
550,1,1.0,Ed Sheeran,BR,22,m,UK,Male
550,2,0.6309297535714575,Paula Abdul,BR,22,m,US,Female
550,3,0.5,Haddaway,BR,22,m,DE,Male
550,4,0.43067655807339306,Lil Nas X,BR,22,m,US,Male
550,5,0.38685280723454163,Sia,BR,22,m,AU,Female
550,6,0.3562071871080222,Adele,BR,22,m,UK,Female
550,7,0.3333333333333333,Troye Sivan,BR,22,m,AU,Male
550,8,0.31546487678572877,Robyn,BR,22,m,SE,Female
550,9,0.3010299956639812,Ariana Grande,BR,22,m,US,Female
550,10,0.2890648263178879,Kelis,BR,22,m,US,Female
551,1,1.0,Bryan Adams,FI,25,m,CA,Male
551,2,0.6309297535714575,AFI,FI,25,m,US,Female
551,3,0.5,Billy Joel,FI,25,m,US,Male
551,4,0.43067655807339306,Billy Joel,FI,25,m,US,Male
551,5,0.38685280723454163,Marilyn Manson,FI,25,m,US,Male
551,6,0.3562071871080222,Lil Nas X,FI,25,m,US,Male
551,7,0.3333333333333333,Chris Isaak,FI,25,m,US,Male
551,8,0.31546487678572877,Taylor Swift,FI,25,m,US,Female
551,9,0.3010299956639812,Duncan Laurence,FI,25,m,NL,Male
551,10,0.2890648263178879,Laura Branigan,FI,25,m,US,Female
552,1,1.0,Toro y Moi,US,19,m,US,Male
552,2,0.6309297535714575,Snail Mail,US,19,m,US,Female
552,3,0.5,Julia Holter,US,19,m,US,Female
552,4,0.43067655807339306,Beck,US,19,m,DK,Male
552,5,0.38685280723454163,Grouper,US,19,m,US,Female
552,6,0.3562071871080222,Janelle Monáe,US,19,m,US,Non-binary
552,7,0.3333333333333333,Father John Misty,US,19,m,US,Male
552,8,0.31546487678572877,Frank Ocean,US,19,m,US,Male
552,9,0.3010299956639812,Weyes Blood,US,19,m,US,Female
552,10,0.2890648263178879,Tame Impala,US,19,m,AU,Male
553,1,1.0,Ed Sheeran,CL,23,m,UK,Male
553,2,0.6309297535714575,Michael Sembello,CL,23,m,US,Male
553,3,0.5,John Mayer,CL,23,m,IN,Male
553,4,0.43067655807339306,Marilyn Manson,CL,23,m,US,Male
553,5,0.38685280723454163,Dolly Parton,CL,23,m,US,Female
553,6,0.3562071871080222,Seal,CL,23,m,UK,Male
553,7,0.3333333333333333,Edwyn Collins,CL,23,m,UK,Male
553,8,0.31546487678572877,Moby,CL,23,m,US,Male
553,9,0.3010299956639812,Ozzy Osbourne,CL,23,m,UK,Male
553,10,0.2890648263178879,Lil Nas X,CL,23,m,US,Male
554,1,1.0,Dimension,US,20,m,ES,Male
554,2,0.6309297535714575,Mr.Kitty,US,20,m,US,Male
554,3,0.5,Celldweller,US,20,m,US,Male
554,4,0.43067655807339306,Serj Tankian,US,20,m,US,Male
554,5,0.38685280723454163,Paul Stanley,US,20,m,US,Male
554,6,0.3562071871080222,DJ Shadow,US,20,m,US,Male
554,7,0.3333333333333333,Main-de-Gloire,US,20,m,BY,Male
554,8,0.31546487678572877,Klaas,US,20,m,DE,Male
554,9,0.3010299956639812,Eminem,US,20,m,US,Male
554,10,0.2890648263178879,Eminem,US,20,m,US,Male
555,1,1.0,Moby,RU,18,m,US,Male
555,2,0.6309297535714575,Marilyn Manson,RU,18,m,US,Male
555,3,0.5,Bryan Adams,RU,18,m,CA,Male
555,4,0.43067655807339306,Marilyn Manson,RU,18,m,US,Male
555,5,0.38685280723454163,Ozzy Osbourne,RU,18,m,UK,Male
555,6,0.3562071871080222,Eric Clapton,RU,18,m,UK,Male
555,7,0.3333333333333333,Chuck Berry,RU,18,m,US,Male
555,8,0.31546487678572877,Mr.Kitty,RU,18,m,US,Male
555,9,0.3010299956639812,Björk,RU,18,m,IS,Female
555,10,0.2890648263178879,Roy Orbison,RU,18,m,US,Male
556,1,1.0,Ed Sheeran,TR,18,f,UK,Male
556,2,0.6309297535714575,John Mayer,TR,18,f,IN,Male
556,3,0.5,James Blake,TR,18,f,UK,Male
556,4,0.43067655807339306,Miley Cyrus,TR,18,f,US,Non-binary
556,5,0.38685280723454163,Eagle-Eye Cherry,TR,18,f,SE,Male
556,6,0.3562071871080222,Britney Spears,TR,18,f,US,Female
556,7,0.3333333333333333,Laura Branigan,TR,18,f,US,Female
556,8,0.31546487678572877,Bryan Adams,TR,18,f,CA,Male
556,9,0.3010299956639812,Rihanna,TR,18,f,UK,Female
556,10,0.2890648263178879,Dolly Parton,TR,18,f,US,Female
557,1,1.0,Amanda Palmer,RU,24,m,US,Female
557,2,0.6309297535714575,YOB,RU,24,m,UK,Male
557,3,0.5,Bryan Adams,RU,24,m,CA,Male
557,4,0.43067655807339306,Nile,RU,24,m,US,Female
557,5,0.38685280723454163,Beck,RU,24,m,DK,Male
557,6,0.3562071871080222,The Kinks,RU,24,m,US,Male
557,7,0.3333333333333333,Eagle-Eye Cherry,RU,24,m,SE,Male
557,8,0.31546487678572877,Nile,RU,24,m,US,Female
557,9,0.3010299956639812,Laura Branigan,RU,24,m,US,Female
557,10,0.2890648263178879,Devin Townsend,RU,24,m,CA,Male
558,1,1.0,Björk,FR,24,m,IS,Female
558,2,0.6309297535714575,Taylor Swift,FR,24,m,US,Female
558,3,0.5,Avril Lavigne,FR,24,m,CA,Female
558,4,0.43067655807339306,Marilyn Manson,FR,24,m,US,Male
558,5,0.38685280723454163,Miley Cyrus,FR,24,m,US,Non-binary
558,6,0.3562071871080222,Roy Orbison,FR,24,m,US,Male
558,7,0.3333333333333333,Edwyn Collins,FR,24,m,UK,Male
558,8,0.31546487678572877,Paula Abdul,FR,24,m,US,Female
558,9,0.3010299956639812,Lana Del Rey,FR,24,m,US,Female
558,10,0.2890648263178879,Ed Sheeran,FR,24,m,UK,Male
560,1,1.0,Weyes Blood,SK,22,f,US,Female
560,2,0.6309297535714575,Toro y Moi,SK,22,f,US,Male
560,3,0.5,Jessica Pratt,SK,22,f,US,Female
560,4,0.43067655807339306,Toro y Moi,SK,22,f,US,Male
560,5,0.38685280723454163,Twin Shadow,SK,22,f,US,Male
560,6,0.3562071871080222,Snail Mail,SK,22,f,US,Female
560,7,0.3333333333333333,Janelle Monáe,SK,22,f,US,Non-binary
560,8,0.31546487678572877,Beck,SK,22,f,DK,Male
560,9,0.3010299956639812,Father John Misty,SK,22,f,US,Male
560,10,0.2890648263178879,Kacey Musgraves,SK,22,f,US,Female
561,1,1.0,Eagle-Eye Cherry,PT,21,m,SE,Male
561,2,0.6309297535714575,Haddaway,PT,21,m,DE,Male
561,3,0.5,Billy Joel,PT,21,m,US,Male
561,4,0.43067655807339306,Björk,PT,21,m,IS,Female
561,5,0.38685280723454163,Red,PT,21,m,PL,Male
561,6,0.3562071871080222,Britney Spears,PT,21,m,US,Female
561,7,0.3333333333333333,Rob Zombie,PT,21,m,US,Male
561,8,0.31546487678572877,Moby,PT,21,m,US,Male
561,9,0.3010299956639812,Laura Branigan,PT,21,m,US,Female
561,10,0.2890648263178879,Tame Impala,PT,21,m,AU,Male
562,1,1.0,Lana Del Rey,UK,39,m,US,Female
562,2,0.6309297535714575,Rita Ora,UK,39,m,UK,Female
562,3,0.5,AFI,UK,39,m,US,Female
562,4,0.43067655807339306,Duncan Laurence,UK,39,m,NL,Male
562,5,0.38685280723454163,Laura Branigan,UK,39,m,US,Female
562,6,0.3562071871080222,Travis Scott,UK,39,m,US,Male
562,7,0.3333333333333333,Ariana Grande,UK,39,m,US,Female
562,8,0.31546487678572877,Tame Impala,UK,39,m,AU,Male
562,9,0.3010299956639812,Adele,UK,39,m,UK,Female
562,10,0.2890648263178879,Michael Sembello,UK,39,m,US,Male
563,1,1.0,Queen,PL,16,m,JP,Female
563,2,0.6309297535714575,Perturbator,PL,16,m,FR,Male
563,3,0.5,Klaas,PL,16,m,DE,Male
563,4,0.43067655807339306,Aaron Smith,PL,16,m,US,Male
563,5,0.38685280723454163,Marilyn Manson,PL,16,m,US,Male
563,6,0.3562071871080222,Beck,PL,16,m,DK,Male
563,7,0.3333333333333333,Red,PL,16,m,PL,Male
563,8,0.31546487678572877,AFI,PL,16,m,US,Female
563,9,0.3010299956639812,Moby,PL,16,m,US,Male
563,10,0.2890648263178879,Chelsea Wolfe,PL,16,m,US,Female
564,1,1.0,Ed Sheeran,MX,25,m,UK,Male
564,2,0.6309297535714575,Mariah Carey,MX,25,m,US,Female
564,3,0.5,Adele,MX,25,m,UK,Female
564,4,0.43067655807339306,John Mayer,MX,25,m,IN,Male
564,5,0.38685280723454163,Sia,MX,25,m,AU,Female
564,6,0.3562071871080222,Chris Isaak,MX,25,m,US,Male
564,7,0.3333333333333333,Lily Allen,MX,25,m,UK,Female
564,8,0.31546487678572877,Justin Timberlake,MX,25,m,US,Male
564,9,0.3010299956639812,Ed Sheeran,MX,25,m,UK,Male
564,10,0.2890648263178879,Beck,MX,25,m,DK,Male
565,1,1.0,Moby,RU,22,m,US,Male
565,2,0.6309297535714575,Britney Spears,RU,22,m,US,Female
565,3,0.5,Dolly Parton,RU,22,m,US,Female
565,4,0.43067655807339306,Britney Spears,RU,22,m,US,Female
565,5,0.38685280723454163,Carpenter Brut,RU,22,m,FR,Male
565,6,0.3562071871080222,Edwyn Collins,RU,22,m,UK,Male
565,7,0.3333333333333333,Billy Joel,RU,22,m,US,Male
565,8,0.31546487678572877,Devin Townsend,RU,22,m,CA,Male
565,9,0.3010299956639812,Chris Isaak,RU,22,m,US,Male
565,10,0.2890648263178879,Serj Tankian,RU,22,m,US,Male
566,1,1.0,Bryan Adams,RU,23,m,CA,Male
566,2,0.6309297535714575,Chuck Berry,RU,23,m,US,Male
566,3,0.5,Billy Joel,RU,23,m,US,Male
566,4,0.43067655807339306,Perturbator,RU,23,m,FR,Male
566,5,0.38685280723454163,Dolly Parton,RU,23,m,US,Female
566,6,0.3562071871080222,Billy Joel,RU,23,m,US,Male
566,7,0.3333333333333333,Eric Clapton,RU,23,m,UK,Male
566,8,0.31546487678572877,Michael Sembello,RU,23,m,US,Male
566,9,0.3010299956639812,Rob Zombie,RU,23,m,US,Male
566,10,0.2890648263178879,Edwyn Collins,RU,23,m,UK,Male
567,1,1.0,Ed Sheeran,AU,34,m,UK,Male
567,2,0.6309297535714575,Miley Cyrus,AU,34,m,US,Non-binary
567,3,0.5,Haddaway,AU,34,m,DE,Male
567,4,0.43067655807339306,Robyn,AU,34,m,SE,Female
567,5,0.38685280723454163,Avril Lavigne,AU,34,m,CA,Female
567,6,0.3562071871080222,Taylor Swift,AU,34,m,US,Female
567,7,0.3333333333333333,Miley Cyrus,AU,34,m,US,Non-binary
567,8,0.31546487678572877,Kelly Clarkson,AU,34,m,US,Female
567,9,0.3010299956639812,Bryan Adams,AU,34,m,CA,Male
567,10,0.2890648263178879,Jennifer Lopez,AU,34,m,US,Female
568,1,1.0,Apparat,MX,35,m,DE,Male
568,2,0.6309297535714575,Snail Mail,MX,35,m,US,Female
568,3,0.5,John Maus,MX,35,m,US,Male
568,4,0.43067655807339306,Kurt Vile,MX,35,m,US,Male
568,5,0.38685280723454163,Aldous Harding,MX,35,m,NZ,Female
568,6,0.3562071871080222,Joe Goddard,MX,35,m,UK,Male
568,7,0.3333333333333333,John Maus,MX,35,m,US,Male
568,8,0.31546487678572877,Weyes Blood,MX,35,m,US,Female
568,9,0.3010299956639812,Weyes Blood,MX,35,m,US,Female
568,10,0.2890648263178879,Twin Shadow,MX,35,m,US,Male
569,1,1.0,Queen,RU,26,m,JP,Female
569,2,0.6309297535714575,YOB,RU,26,m,UK,Male
569,3,0.5,KT Tunstall,RU,26,m,UK,Female
569,4,0.43067655807339306,The Kinks,RU,26,m,US,Male
569,5,0.38685280723454163,YOB,RU,26,m,UK,Male
569,6,0.3562071871080222,Russian Red,RU,26,m,ES,Female
569,7,0.3333333333333333,The Kinks,RU,26,m,US,Male
569,8,0.31546487678572877,Queen,RU,26,m,JP,Female
569,9,0.3010299956639812,Queen,RU,26,m,JP,Female
569,10,0.2890648263178879,Patti Smith,RU,26,m,US,Female
570,1,1.0,Ariana Grande,PL,21,m,US,Female
570,2,0.6309297535714575,Robyn,PL,21,m,SE,Female
570,3,0.5,Kurt Vile,PL,21,m,US,Male
570,4,0.43067655807339306,Britney Spears,PL,21,m,US,Female
570,5,0.38685280723454163,Beck,PL,21,m,DK,Male
570,6,0.3562071871080222,Chelsea Wolfe,PL,21,m,US,Female
570,7,0.3333333333333333,Britney Spears,PL,21,m,US,Female
570,8,0.31546487678572877,Lana Del Rey,PL,21,m,US,Female
570,9,0.3010299956639812,Dolly Parton,PL,21,m,US,Female
570,10,0.2890648263178879,Toro y Moi,PL,21,m,US,Male
571,1,1.0,Marilyn Manson,BR,21,m,US,Male
571,2,0.6309297535714575,Taylor Swift,BR,21,m,US,Female
571,3,0.5,Miley Cyrus,BR,21,m,US,Non-binary
571,4,0.43067655807339306,Avril Lavigne,BR,21,m,CA,Female
571,5,0.38685280723454163,Björk,BR,21,m,IS,Female
571,6,0.3562071871080222,Tame Impala,BR,21,m,AU,Male
571,7,0.3333333333333333,Jessie J,BR,21,m,UK,Female
571,8,0.31546487678572877,George Ezra,BR,21,m,UK,Male
571,9,0.3010299956639812,Adele,BR,21,m,UK,Female
571,10,0.2890648263178879,Lana Del Rey,BR,21,m,US,Female
573,1,1.0,John Maus,UK,25,m,US,Male
573,2,0.6309297535714575,Toro y Moi,UK,25,m,US,Male
573,3,0.5,Frank Ocean,UK,25,m,US,Male
573,4,0.43067655807339306,Robyn,UK,25,m,SE,Female
573,5,0.38685280723454163,Weyes Blood,UK,25,m,US,Female
573,6,0.3562071871080222,Four Tet,UK,25,m,UK,Male
573,7,0.3333333333333333,John Maus,UK,25,m,US,Male
573,8,0.31546487678572877,Beyoncé,UK,25,m,US,Female
573,9,0.3010299956639812,Weyes Blood,UK,25,m,US,Female
573,10,0.2890648263178879,Earl Sweatshirt,UK,25,m,US,Male
574,1,1.0,Queen,RU,20,m,JP,Female
574,2,0.6309297535714575,Britney Spears,RU,20,m,US,Female
574,3,0.5,Billy Joel,RU,20,m,US,Male
574,4,0.43067655807339306,Billy Joel,RU,20,m,US,Male
574,5,0.38685280723454163,Roy Orbison,RU,20,m,US,Male
574,6,0.3562071871080222,Michael Sembello,RU,20,m,US,Male
574,7,0.3333333333333333,Britney Spears,RU,20,m,US,Female
574,8,0.31546487678572877,Carpenter Brut,RU,20,m,FR,Male
574,9,0.3010299956639812,Laura Branigan,RU,20,m,US,Female
574,10,0.2890648263178879,John Mayer,RU,20,m,IN,Male
575,1,1.0,Eagle-Eye Cherry,AR,24,f,SE,Male
575,2,0.6309297535714575,Britney Spears,AR,24,f,US,Female
575,3,0.5,James Blake,AR,24,f,UK,Male
575,4,0.43067655807339306,AFI,AR,24,f,US,Female
575,5,0.38685280723454163,Lil Nas X,AR,24,f,US,Male
575,6,0.3562071871080222,Snail Mail,AR,24,f,US,Female
575,7,0.3333333333333333,Aldous Harding,AR,24,f,NZ,Female
575,8,0.31546487678572877,Weyes Blood,AR,24,f,US,Female
575,9,0.3010299956639812,John Maus,AR,24,f,US,Male
575,10,0.2890648263178879,Björk,AR,24,f,IS,Female
576,1,1.0,AFI,RU,27,m,US,Female
576,2,0.6309297535714575,Marilyn Manson,RU,27,m,US,Male
576,3,0.5,Beck,RU,27,m,DK,Male
576,4,0.43067655807339306,Eagle-Eye Cherry,RU,27,m,SE,Male
576,5,0.38685280723454163,Rob Zombie,RU,27,m,US,Male
576,6,0.3562071871080222,Haddaway,RU,27,m,DE,Male
576,7,0.3333333333333333,Björk,RU,27,m,IS,Female
576,8,0.31546487678572877,Michael Jackson,RU,27,m,US,Male
576,9,0.3010299956639812,Billy Joel,RU,27,m,US,Male
576,10,0.2890648263178879,Chuck Berry,RU,27,m,US,Male
578,1,1.0,Billy Joel,US,26,m,US,Male
578,2,0.6309297535714575,John Mayer,US,26,m,IN,Male
578,3,0.5,Lil Nas X,US,26,m,US,Male
578,4,0.43067655807339306,Marilyn Manson,US,26,m,US,Male
578,5,0.38685280723454163,Queen,US,26,m,JP,Female
578,6,0.3562071871080222,Dolly Parton,US,26,m,US,Female
578,7,0.3333333333333333,Seal,US,26,m,UK,Male
578,8,0.31546487678572877,Björk,US,26,m,IS,Female
578,9,0.3010299956639812,Roy Orbison,US,26,m,US,Male
578,10,0.2890648263178879,Avril Lavigne,US,26,m,CA,Female
579,1,1.0,Weyes Blood,BY,25,f,US,Female
579,2,0.6309297535714575,Jessica Pratt,BY,25,f,US,Female
579,3,0.5,Julia Holter,BY,25,f,US,Female
579,4,0.43067655807339306,James Blake,BY,25,f,UK,Male
579,5,0.38685280723454163,Snail Mail,BY,25,f,US,Female
579,6,0.3562071871080222,Twin Shadow,BY,25,f,US,Male
579,7,0.3333333333333333,Oneohtrix Point Never,BY,25,f,US,Male
579,8,0.31546487678572877,Jessica Pratt,BY,25,f,US,Female
579,9,0.3010299956639812,Janelle Monáe,BY,25,f,US,Non-binary
579,10,0.2890648263178879,Joe Goddard,BY,25,f,UK,Male
580,1,1.0,Ariana Grande,MX,28,m,US,Female
580,2,0.6309297535714575,Ed Sheeran,MX,28,m,UK,Male
580,3,0.5,Britney Spears,MX,28,m,US,Female
580,4,0.43067655807339306,Sia,MX,28,m,AU,Female
580,5,0.38685280723454163,Haddaway,MX,28,m,DE,Male
580,6,0.3562071871080222,Ariana Grande,MX,28,m,US,Female
580,7,0.3333333333333333,Lil Nas X,MX,28,m,US,Male
580,8,0.31546487678572877,Lana Del Rey,MX,28,m,US,Female
580,9,0.3010299956639812,Mariah Carey,MX,28,m,US,Female
580,10,0.2890648263178879,Beyoncé,MX,28,m,US,Female
581,1,1.0,Bryan Adams,HU,20,m,CA,Male
581,2,0.6309297535714575,Haddaway,HU,20,m,DE,Male
581,3,0.5,Queen,HU,20,m,JP,Female
581,4,0.43067655807339306,Chuck Berry,HU,20,m,US,Male
581,5,0.38685280723454163,Toro y Moi,HU,20,m,US,Male
581,6,0.3562071871080222,Queen,HU,20,m,JP,Female
581,7,0.3333333333333333,Dolly Parton,HU,20,m,US,Female
581,8,0.31546487678572877,Chris Isaak,HU,20,m,US,Male
581,9,0.3010299956639812,John Mayer,HU,20,m,IN,Male
581,10,0.2890648263178879,Roy Orbison,HU,20,m,US,Male
582,1,1.0,AFI,EE,18,m,US,Female
582,2,0.6309297535714575,Marilyn Manson,EE,18,m,US,Male
582,3,0.5,Billy Joel,EE,18,m,US,Male
582,4,0.43067655807339306,Ed Sheeran,EE,18,m,UK,Male
582,5,0.38685280723454163,Björk,EE,18,m,IS,Female
582,6,0.3562071871080222,Billy Joel,EE,18,m,US,Male
582,7,0.3333333333333333,Laura Branigan,EE,18,m,US,Female
582,8,0.31546487678572877,Chuck Berry,EE,18,m,US,Male
582,9,0.3010299956639812,Dolly Parton,EE,18,m,US,Female
582,10,0.2890648263178879,Queen,EE,18,m,JP,Female
583,1,1.0,Rita Ora,US,20,f,UK,Female
583,2,0.6309297535714575,Beyoncé,US,20,f,US,Female
583,3,0.5,Lana Del Rey,US,20,f,US,Female
583,4,0.43067655807339306,Travis Scott,US,20,f,US,Male
583,5,0.38685280723454163,Rihanna,US,20,f,UK,Female
583,6,0.3562071871080222,Taylor Swift,US,20,f,US,Female
583,7,0.3333333333333333,Ed Sheeran,US,20,f,UK,Male
583,8,0.31546487678572877,Jennifer Lopez,US,20,f,US,Female
583,9,0.3010299956639812,Troye Sivan,US,20,f,AU,Male
583,10,0.2890648263178879,Nicki Minaj,US,20,f,US,Female
584,1,1.0,Dolly Parton,LT,18,m,US,Female
584,2,0.6309297535714575,Ed Sheeran,LT,18,m,UK,Male
584,3,0.5,Queen,LT,18,m,JP,Female
584,4,0.43067655807339306,John Mayer,LT,18,m,IN,Male
584,5,0.38685280723454163,James Blake,LT,18,m,UK,Male
584,6,0.3562071871080222,Chuck Berry,LT,18,m,US,Male
584,7,0.3333333333333333,Apparat,LT,18,m,DE,Male
584,8,0.31546487678572877,Björk,LT,18,m,IS,Female
584,9,0.3010299956639812,John Maus,LT,18,m,US,Male
584,10,0.2890648263178879,Ice Cube,LT,18,m,US,Male
585,1,1.0,Nicki Minaj,PT,21,f,US,Female
585,2,0.6309297535714575,Taylor Swift,PT,21,f,US,Female
585,3,0.5,Ariana Grande,PT,21,f,US,Female
585,4,0.43067655807339306,Ariana Grande,PT,21,f,US,Female
585,5,0.38685280723454163,Travis Scott,PT,21,f,US,Male
585,6,0.3562071871080222,Katy Perry,PT,21,f,US,Female
585,7,0.3333333333333333,Justin Timberlake,PT,21,f,US,Male
585,8,0.31546487678572877,Troye Sivan,PT,21,f,AU,Male
585,9,0.3010299956639812,Britney Spears,PT,21,f,US,Female
585,10,0.2890648263178879,Taylor Swift,PT,21,f,US,Female
586,1,1.0,Bryan Adams,RS,23,m,CA,Male
586,2,0.6309297535714575,James Blake,RS,23,m,UK,Male
586,3,0.5,Björk,RS,23,m,IS,Female
586,4,0.43067655807339306,Britney Spears,RS,23,m,US,Female
586,5,0.38685280723454163,Chuck Berry,RS,23,m,US,Male
586,6,0.3562071871080222,Laura Branigan,RS,23,m,US,Female
586,7,0.3333333333333333,Billy Joel,RS,23,m,US,Male
586,8,0.31546487678572877,Queen,RS,23,m,JP,Female
586,9,0.3010299956639812,Robyn,RS,23,m,SE,Female
586,10,0.2890648263178879,Travis Scott,RS,23,m,US,Male
587,1,1.0,The Kinks,ES,24,f,US,Male
587,2,0.6309297535714575,Nile,ES,24,f,US,Female
587,3,0.5,Machine Head,ES,24,f,JP,Male
587,4,0.43067655807339306,Thom Yorke,ES,24,f,UK,Male
587,5,0.38685280723454163,Queen,ES,24,f,JP,Female
587,6,0.3562071871080222,Laura Branigan,ES,24,f,US,Female
587,7,0.3333333333333333,Beck,ES,24,f,DK,Male
587,8,0.31546487678572877,The Kinks,ES,24,f,US,Male
587,9,0.3010299956639812,Queen,ES,24,f,JP,Female
587,10,0.2890648263178879,Marilyn Manson,ES,24,f,US,Male
588,1,1.0,John Mayer,PL,21,m,IN,Male
588,2,0.6309297535714575,Ariana Grande,PL,21,m,US,Female
588,3,0.5,AFI,PL,21,m,US,Female
588,4,0.43067655807339306,Billy Joel,PL,21,m,US,Male
588,5,0.38685280723454163,Miley Cyrus,PL,21,m,US,Non-binary
588,6,0.3562071871080222,Justin Timberlake,PL,21,m,US,Male
588,7,0.3333333333333333,Michael Sembello,PL,21,m,US,Male
588,8,0.31546487678572877,Adele,PL,21,m,UK,Female
588,9,0.3010299956639812,Jessie J,PL,21,m,UK,Female
588,10,0.2890648263178879,Avril Lavigne,PL,21,m,CA,Female
590,1,1.0,Dolly Parton,BR,23,m,US,Female
590,2,0.6309297535714575,John Maus,BR,23,m,US,Male
590,3,0.5,Britney Spears,BR,23,m,US,Female
590,4,0.43067655807339306,Aldous Harding,BR,23,m,NZ,Female
590,5,0.38685280723454163,Four Tet,BR,23,m,UK,Male
590,6,0.3562071871080222,Kurt Vile,BR,23,m,US,Male
590,7,0.3333333333333333,Snail Mail,BR,23,m,US,Female
590,8,0.31546487678572877,Weyes Blood,BR,23,m,US,Female
590,9,0.3010299956639812,John Maus,BR,23,m,US,Male
590,10,0.2890648263178879,James Blake,BR,23,m,UK,Male
592,1,1.0,Taylor Swift,BR,20,m,US,Female
592,2,0.6309297535714575,Avril Lavigne,BR,20,m,CA,Female
592,3,0.5,Paula Abdul,BR,20,m,US,Female
592,4,0.43067655807339306,Ed Sheeran,BR,20,m,UK,Male
592,5,0.38685280723454163,Lorde,BR,20,m,NZ,Female
592,6,0.3562071871080222,Selena Gomez,BR,20,m,US,Female
592,7,0.3333333333333333,Rihanna,BR,20,m,UK,Female
592,8,0.31546487678572877,Dawn Richard,BR,20,m,US,Female
592,9,0.3010299956639812,Sia,BR,20,m,AU,Female
592,10,0.2890648263178879,Jennifer Lopez,BR,20,m,US,Female
593,1,1.0,Julia Holter,JP,27,m,US,Female
593,2,0.6309297535714575,Beck,JP,27,m,DK,Male
593,3,0.5,Ariel Pink,JP,27,m,US,Male
593,4,0.43067655807339306,Oneohtrix Point Never,JP,27,m,US,Male
593,5,0.38685280723454163,Janelle Monáe,JP,27,m,US,Non-binary
593,6,0.3562071871080222,Kacey Musgraves,JP,27,m,US,Female
593,7,0.3333333333333333,Toro y Moi,JP,27,m,US,Male
593,8,0.31546487678572877,Grouper,JP,27,m,US,Female
593,9,0.3010299956639812,Weyes Blood,JP,27,m,US,Female
593,10,0.2890648263178879,Father John Misty,JP,27,m,US,Male
594,1,1.0,Ed Sheeran,AU,23,m,UK,Male
594,2,0.6309297535714575,Edwyn Collins,AU,23,m,UK,Male
594,3,0.5,Marilyn Manson,AU,23,m,US,Male
594,4,0.43067655807339306,Miley Cyrus,AU,23,m,US,Non-binary
594,5,0.38685280723454163,Avril Lavigne,AU,23,m,CA,Female
594,6,0.3562071871080222,Justin Timberlake,AU,23,m,US,Male
594,7,0.3333333333333333,Moby,AU,23,m,US,Male
594,8,0.31546487678572877,George Ezra,AU,23,m,UK,Male
594,9,0.3010299956639812,Tame Impala,AU,23,m,AU,Male
594,10,0.2890648263178879,Queen,AU,23,m,JP,Female
595,1,1.0,Bryan Adams,UA,19,m,CA,Male
595,2,0.6309297535714575,Billy Joel,UA,19,m,US,Male
595,3,0.5,Britney Spears,UA,19,m,US,Female
595,4,0.43067655807339306,Dolly Parton,UA,19,m,US,Female
595,5,0.38685280723454163,Billy Joel,UA,19,m,US,Male
595,6,0.3562071871080222,Roy Orbison,UA,19,m,US,Male
595,7,0.3333333333333333,Carpenter Brut,UA,19,m,FR,Male
595,8,0.31546487678572877,Michael Sembello,UA,19,m,US,Male
595,9,0.3010299956639812,Queen,UA,19,m,JP,Female
595,10,0.2890648263178879,Elvis Presley,UA,19,m,US,Male
596,1,1.0,Porter Robinson,PL,18,f,US,Male
596,2,0.6309297535714575,Wax Tailor,PL,18,f,FR,Male
596,3,0.5,Noisestorm,PL,18,f,IE,Male
596,4,0.43067655807339306,Chelsea Wolfe,PL,18,f,US,Female
596,5,0.38685280723454163,Kayzo,PL,18,f,US,Male
596,6,0.3562071871080222,Oliver Koletzki,PL,18,f,DE,Male
596,7,0.3333333333333333,Waldeck,PL,18,f,AT,Male
596,8,0.31546487678572877,Vitalic,PL,18,f,FR,Male
596,9,0.3010299956639812,AronChupa,PL,18,f,SE,Male
596,10,0.2890648263178879,Fred V & Grafix,PL,18,f,UK,Male
597,1,1.0,Mayhem,RU,36,m,CA,Female
597,2,0.6309297535714575,Nile,RU,36,m,US,Female
597,3,0.5,Frank Zappa,RU,36,m,US,Male
597,4,0.43067655807339306,Mayhem,RU,36,m,CA,Female
597,5,0.38685280723454163,Frank Zappa,RU,36,m,US,Male
597,6,0.3562071871080222,Nile,RU,36,m,US,Female
597,7,0.3333333333333333,Laura Branigan,RU,36,m,US,Female
597,8,0.31546487678572877,Nile,RU,36,m,US,Female
597,9,0.3010299956639812,Howard Shore,RU,36,m,CA,Male
597,10,0.2890648263178879,Emperor,RU,36,m,UK,Male
598,1,1.0,Weyes Blood,PL,25,m,US,Female
598,2,0.6309297535714575,Snail Mail,PL,25,m,US,Female
598,3,0.5,Weyes Blood,PL,25,m,US,Female
598,4,0.43067655807339306,Robyn,PL,25,m,SE,Female
598,5,0.38685280723454163,Bryan Adams,PL,25,m,CA,Male
598,6,0.3562071871080222,Marilyn Manson,PL,25,m,US,Male
598,7,0.3333333333333333,Ariana Grande,PL,25,m,US,Female
598,8,0.31546487678572877,Duncan Laurence,PL,25,m,NL,Male
598,9,0.3010299956639812,Weyes Blood,PL,25,m,US,Female
598,10,0.2890648263178879,Lana Del Rey,PL,25,m,US,Female
599,1,1.0,Aldous Harding,TR,23,m,NZ,Female
599,2,0.6309297535714575,Beyoncé,TR,23,m,US,Female
599,3,0.5,Apparat,TR,23,m,DE,Male
599,4,0.43067655807339306,Kacey Musgraves,TR,23,m,US,Female
599,5,0.38685280723454163,Toro y Moi,TR,23,m,US,Male
599,6,0.3562071871080222,Weyes Blood,TR,23,m,US,Female
599,7,0.3333333333333333,Britney Spears,TR,23,m,US,Female
599,8,0.31546487678572877,Beck,TR,23,m,DK,Male
599,9,0.3010299956639812,Ariana Grande,TR,23,m,US,Female
599,10,0.2890648263178879,Jessica Pratt,TR,23,m,US,Female
600,1,1.0,Björk,NZ,19,m,IS,Female
600,2,0.6309297535714575,Beck,NZ,19,m,DK,Male
600,3,0.5,AFI,NZ,19,m,US,Female
600,4,0.43067655807339306,Eagle-Eye Cherry,NZ,19,m,SE,Male
600,5,0.38685280723454163,Haddaway,NZ,19,m,DE,Male
600,6,0.3562071871080222,Marilyn Manson,NZ,19,m,US,Male
600,7,0.3333333333333333,Queen,NZ,19,m,JP,Female
600,8,0.31546487678572877,Moby,NZ,19,m,US,Male
600,9,0.3010299956639812,Britney Spears,NZ,19,m,US,Female
600,10,0.2890648263178879,Marilyn Manson,NZ,19,m,US,Male
601,1,1.0,Sia,PH,24,f,AU,Female
601,2,0.6309297535714575,Toro y Moi,PH,24,f,US,Male
601,3,0.5,Robyn,PH,24,f,SE,Female
601,4,0.43067655807339306,James Blake,PH,24,f,UK,Male
601,5,0.38685280723454163,Janelle Monáe,PH,24,f,US,Non-binary
601,6,0.3562071871080222,John Mayer,PH,24,f,IN,Male
601,7,0.3333333333333333,Kacey Musgraves,PH,24,f,US,Female
601,8,0.31546487678572877,Ariana Grande,PH,24,f,US,Female
601,9,0.3010299956639812,Paula Abdul,PH,24,f,US,Female
601,10,0.2890648263178879,DJ Shadow,PH,24,f,US,Male
602,1,1.0,Lana Del Rey,BR,22,m,US,Female
602,2,0.6309297535714575,Ed Sheeran,BR,22,m,UK,Male
602,3,0.5,Haddaway,BR,22,m,DE,Male
602,4,0.43067655807339306,Rihanna,BR,22,m,UK,Female
602,5,0.38685280723454163,Lil Nas X,BR,22,m,US,Male
602,6,0.3562071871080222,Robyn,BR,22,m,SE,Female
602,7,0.3333333333333333,Britney Spears,BR,22,m,US,Female
602,8,0.31546487678572877,Ariana Grande,BR,22,m,US,Female
602,9,0.3010299956639812,J Balvin,BR,22,m,CO,Male
602,10,0.2890648263178879,Tame Impala,BR,22,m,AU,Male
603,1,1.0,Miley Cyrus,UK,19,f,US,Non-binary
603,2,0.6309297535714575,Robyn,UK,19,f,SE,Female
603,3,0.5,AFI,UK,19,f,US,Female
603,4,0.43067655807339306,Sia,UK,19,f,AU,Female
603,5,0.38685280723454163,Avril Lavigne,UK,19,f,CA,Female
603,6,0.3562071871080222,Adele,UK,19,f,UK,Female
603,7,0.3333333333333333,Beck,UK,19,f,DK,Male
603,8,0.31546487678572877,Kelis,UK,19,f,US,Female
603,9,0.3010299956639812,Seal,UK,19,f,UK,Male
603,10,0.2890648263178879,Michael Sembello,UK,19,f,US,Male
604,1,1.0,Isaac Hayes,CN,21,m,US,Male
604,2,0.6309297535714575,Annie Lennox,CN,21,m,UK,Female
604,3,0.5,Eminem,CN,21,m,US,Male
604,4,0.43067655807339306,Stevie Ray Vaughan,CN,21,m,US,Male
604,5,0.38685280723454163,2Pac,CN,21,m,US,Male
604,6,0.3562071871080222,Eminem,CN,21,m,US,Male
604,7,0.3333333333333333,LL Cool J,CN,21,m,US,Male
604,8,0.31546487678572877,Mac Miller,CN,21,m,US,Male
604,9,0.3010299956639812,Albert King,CN,21,m,US,Male
604,10,0.2890648263178879,Brodka,CN,21,m,PL,Female
605,1,1.0,Ed Sheeran,IN,19,m,UK,Male
605,2,0.6309297535714575,Bryan Adams,IN,19,m,CA,Male
605,3,0.5,Janelle Monáe,IN,19,m,US,Non-binary
605,4,0.43067655807339306,Billy Joel,IN,19,m,US,Male
605,5,0.38685280723454163,Eagle-Eye Cherry,IN,19,m,SE,Male
605,6,0.3562071871080222,Ariana Grande,IN,19,m,US,Female
605,7,0.3333333333333333,Four Tet,IN,19,m,UK,Male
605,8,0.31546487678572877,Dolly Parton,IN,19,m,US,Female
605,9,0.3010299956639812,James Blake,IN,19,m,UK,Male
605,10,0.2890648263178879,Kurt Vile,IN,19,m,US,Male
606,1,1.0,Frank Ocean,IT,26,m,US,Male
606,2,0.6309297535714575,Toro y Moi,IT,26,m,US,Male
606,3,0.5,Julia Holter,IT,26,m,US,Female
606,4,0.43067655807339306,Beyoncé,IT,26,m,US,Female
606,5,0.38685280723454163,Sufjan Stevens,IT,26,m,US,Male
606,6,0.3562071871080222,Kacey Musgraves,IT,26,m,US,Female
606,7,0.3333333333333333,Grouper,IT,26,m,US,Female
606,8,0.31546487678572877,Bill Callahan,IT,26,m,US,Male
606,9,0.3010299956639812,Tame Impala,IT,26,m,AU,Male
606,10,0.2890648263178879,Taylor Swift,IT,26,m,US,Female
607,1,1.0,Beck,DE,22,m,DK,Male
607,2,0.6309297535714575,Father John Misty,DE,22,m,US,Male
607,3,0.5,Toro y Moi,DE,22,m,US,Male
607,4,0.43067655807339306,Janelle Monáe,DE,22,m,US,Non-binary
607,5,0.38685280723454163,Tame Impala,DE,22,m,AU,Male
607,6,0.3562071871080222,Julia Holter,DE,22,m,US,Female
607,7,0.3333333333333333,Wild Nothing,DE,22,m,US,Male
607,8,0.31546487678572877,Tycho,DE,22,m,US,Male
607,9,0.3010299956639812,Ry x,DE,22,m,AU,Male
607,10,0.2890648263178879,Frank Ocean,DE,22,m,US,Male
608,1,1.0,John Mayer,RU,20,f,IN,Male
608,2,0.6309297535714575,Lil Nas X,RU,20,f,US,Male
608,3,0.5,AFI,RU,20,f,US,Female
608,4,0.43067655807339306,Britney Spears,RU,20,f,US,Female
608,5,0.38685280723454163,Ariana Grande,RU,20,f,US,Female
608,6,0.3562071871080222,Michael Sembello,RU,20,f,US,Male
608,7,0.3333333333333333,Ariana Grande,RU,20,f,US,Female
608,8,0.31546487678572877,Lana Del Rey,RU,20,f,US,Female
608,9,0.3010299956639812,George Ezra,RU,20,f,UK,Male
608,10,0.2890648263178879,Sia,RU,20,f,AU,Female
609,1,1.0,Amanda Palmer,AZ,22,f,US,Female
609,2,0.6309297535714575,Queen,AZ,22,f,JP,Female
609,3,0.5,Queen,AZ,22,f,JP,Female
609,4,0.43067655807339306,KT Tunstall,AZ,22,f,UK,Female
609,5,0.38685280723454163,Ozzy Osbourne,AZ,22,f,UK,Male
609,6,0.3562071871080222,Machine Head,AZ,22,f,JP,Male
609,7,0.3333333333333333,Queen,AZ,22,f,JP,Female
609,8,0.31546487678572877,Philip Glass,AZ,22,f,US,Male
609,9,0.3010299956639812,Queen,AZ,22,f,JP,Female
609,10,0.2890648263178879,Queen,AZ,22,f,JP,Female
610,1,1.0,Carpenter Brut,RU,21,m,FR,Male
610,2,0.6309297535714575,Marilyn Manson,RU,21,m,US,Male
610,3,0.5,Moby,RU,21,m,US,Male
610,4,0.43067655807339306,Marilyn Manson,RU,21,m,US,Male
610,5,0.38685280723454163,Queen,RU,21,m,JP,Female
610,6,0.3562071871080222,Beck,RU,21,m,DK,Male
610,7,0.3333333333333333,Ozzy Osbourne,RU,21,m,UK,Male
610,8,0.31546487678572877,AFI,RU,21,m,US,Female
610,9,0.3010299956639812,Marilyn Manson,RU,21,m,US,Male
610,10,0.2890648263178879,Blue Stahli,RU,21,m,US,Male
611,1,1.0,Queen,RU,19,m,JP,Female
611,2,0.6309297535714575,Moby,RU,19,m,US,Male
611,3,0.5,Perturbator,RU,19,m,FR,Male
611,4,0.43067655807339306,AFI,RU,19,m,US,Female
611,5,0.38685280723454163,Beck,RU,19,m,DK,Male
611,6,0.3562071871080222,Marilyn Manson,RU,19,m,US,Male
611,7,0.3333333333333333,Red,RU,19,m,PL,Male
611,8,0.31546487678572877,Eagle-Eye Cherry,RU,19,m,SE,Male
611,9,0.3010299956639812,Björk,RU,19,m,IS,Female
611,10,0.2890648263178879,Michael Jackson,RU,19,m,US,Male
612,1,1.0,Britney Spears,BY,23,m,US,Female
612,2,0.6309297535714575,Marilyn Manson,BY,23,m,US,Male
612,3,0.5,Billy Joel,BY,23,m,US,Male
612,4,0.43067655807339306,Marilyn Manson,BY,23,m,US,Male
612,5,0.38685280723454163,Britney Spears,BY,23,m,US,Female
612,6,0.3562071871080222,Ed Sheeran,BY,23,m,UK,Male
612,7,0.3333333333333333,Duncan Laurence,BY,23,m,NL,Male
612,8,0.31546487678572877,Chris Isaak,BY,23,m,US,Male
612,9,0.3010299956639812,John Mayer,BY,23,m,IN,Male
612,10,0.2890648263178879,Moby,BY,23,m,US,Male
613,1,1.0,Billy Joel,PL,23,f,US,Male
613,2,0.6309297535714575,Bryan Adams,PL,23,f,CA,Male
613,3,0.5,Queen,PL,23,f,JP,Female
613,4,0.43067655807339306,Billy Joel,PL,23,f,US,Male
613,5,0.38685280723454163,Tame Impala,PL,23,f,AU,Male
613,6,0.3562071871080222,Dolly Parton,PL,23,f,US,Female
613,7,0.3333333333333333,John Mayer,PL,23,f,IN,Male
613,8,0.31546487678572877,Björk,PL,23,f,IS,Female
613,9,0.3010299956639812,Ariana Grande,PL,23,f,US,Female
613,10,0.2890648263178879,Chuck Berry,PL,23,f,US,Male
614,1,1.0,John Maus,NL,17,f,US,Male
614,2,0.6309297535714575,Weyes Blood,NL,17,f,US,Female
614,3,0.5,Weyes Blood,NL,17,f,US,Female
614,4,0.43067655807339306,Billy Joel,NL,17,f,US,Male
614,5,0.38685280723454163,Jessica Pratt,NL,17,f,US,Female
614,6,0.3562071871080222,Tycho,NL,17,f,US,Male
614,7,0.3333333333333333,Joe Goddard,NL,17,f,UK,Male
614,8,0.31546487678572877,Weyes Blood,NL,17,f,US,Female
614,9,0.3010299956639812,Beck,NL,17,f,DK,Male
614,10,0.2890648263178879,Toro y Moi,NL,17,f,US,Male
615,1,1.0,Queen,CA,51,m,JP,Female
615,2,0.6309297535714575,Billy Joel,CA,51,m,US,Male
615,3,0.5,Beck,CA,51,m,DK,Male
615,4,0.43067655807339306,AFI,CA,51,m,US,Female
615,5,0.38685280723454163,Haddaway,CA,51,m,DE,Male
615,6,0.3562071871080222,Billy Joel,CA,51,m,US,Male
615,7,0.3333333333333333,Michael Sembello,CA,51,m,US,Male
615,8,0.31546487678572877,Rush,CA,51,m,US,Male
615,9,0.3010299956639812,Queen,CA,51,m,JP,Female
615,10,0.2890648263178879,Laura Branigan,CA,51,m,US,Female
616,1,1.0,John Maus,BR,18,m,US,Male
616,2,0.6309297535714575,Tame Impala,BR,18,m,AU,Male
616,3,0.5,James Blake,BR,18,m,UK,Male
616,4,0.43067655807339306,Kurt Vile,BR,18,m,US,Male
616,5,0.38685280723454163,Thom Yorke,BR,18,m,UK,Male
616,6,0.3562071871080222,Snail Mail,BR,18,m,US,Female
616,7,0.3333333333333333,John Maus,BR,18,m,US,Male
616,8,0.31546487678572877,Four Tet,BR,18,m,UK,Male
616,9,0.3010299956639812,Apparat,BR,18,m,DE,Male
616,10,0.2890648263178879,James Blake,BR,18,m,UK,Male
617,1,1.0,Janelle Monáe,EE,32,f,US,Non-binary
617,2,0.6309297535714575,Lana Del Rey,EE,32,f,US,Female
617,3,0.5,Snail Mail,EE,32,f,US,Female
617,4,0.43067655807339306,Tame Impala,EE,32,f,AU,Male
617,5,0.38685280723454163,Billy Joel,EE,32,f,US,Male
617,6,0.3562071871080222,Ariana Grande,EE,32,f,US,Female
617,7,0.3333333333333333,Frank Ocean,EE,32,f,US,Male
617,8,0.31546487678572877,Julia Holter,EE,32,f,US,Female
617,9,0.3010299956639812,Robyn,EE,32,f,SE,Female
617,10,0.2890648263178879,Wild Nothing,EE,32,f,US,Male
618,1,1.0,Thom Yorke,PL,17,f,UK,Male
618,2,0.6309297535714575,Snail Mail,PL,17,f,US,Female
618,3,0.5,John Maus,PL,17,f,US,Male
618,4,0.43067655807339306,Weyes Blood,PL,17,f,US,Female
618,5,0.38685280723454163,Kurt Vile,PL,17,f,US,Male
618,6,0.3562071871080222,Weyes Blood,PL,17,f,US,Female
618,7,0.3333333333333333,Janelle Monáe,PL,17,f,US,Non-binary
618,8,0.31546487678572877,Apparat,PL,17,f,DE,Male
618,9,0.3010299956639812,Weyes Blood,PL,17,f,US,Female
618,10,0.2890648263178879,Kacey Musgraves,PL,17,f,US,Female
619,1,1.0,Nile,CZ,27,m,US,Female
619,2,0.6309297535714575,Marisa Monte,CZ,27,m,BR,Female
619,3,0.5,Amanda Palmer,CZ,27,m,US,Female
619,4,0.43067655807339306,Philip Glass,CZ,27,m,US,Male
619,5,0.38685280723454163,The Kinks,CZ,27,m,US,Male
619,6,0.3562071871080222,Laura Branigan,CZ,27,m,US,Female
619,7,0.3333333333333333,Nile,CZ,27,m,US,Female
619,8,0.31546487678572877,Beck,CZ,27,m,DK,Male
619,9,0.3010299956639812,Marisa Monte,CZ,27,m,BR,Female
619,10,0.2890648263178879,Tame Impala,CZ,27,m,AU,Male
620,1,1.0,Mariah Carey,US,22,f,US,Female
620,2,0.6309297535714575,Taylor Swift,US,22,f,US,Female
620,3,0.5,Robyn,US,22,f,SE,Female
620,4,0.43067655807339306,Ariana Grande,US,22,f,US,Female
620,5,0.38685280723454163,Troye Sivan,US,22,f,AU,Male
620,6,0.3562071871080222,Lil Nas X,US,22,f,US,Male
620,7,0.3333333333333333,Pedro Sampaio,US,22,f,BR,Male
620,8,0.31546487678572877,Lorde,US,22,f,NZ,Female
620,9,0.3010299956639812,Haddaway,US,22,f,DE,Male
620,10,0.2890648263178879,Ed Sheeran,US,22,f,UK,Male
621,1,1.0,Lil Nas X,BR,19,m,US,Male
621,2,0.6309297535714575,AFI,BR,19,m,US,Female
621,3,0.5,Billy Joel,BR,19,m,US,Male
621,4,0.43067655807339306,Miley Cyrus,BR,19,m,US,Non-binary
621,5,0.38685280723454163,Duncan Laurence,BR,19,m,NL,Male
621,6,0.3562071871080222,Tame Impala,BR,19,m,AU,Male
621,7,0.3333333333333333,James Blake,BR,19,m,UK,Male
621,8,0.31546487678572877,Roy Orbison,BR,19,m,US,Male
621,9,0.3010299956639812,Dolly Parton,BR,19,m,US,Female
621,10,0.2890648263178879,Laura Branigan,BR,19,m,US,Female
622,1,1.0,Travis Scott,IT,21,f,US,Male
622,2,0.6309297535714575,Ed Sheeran,IT,21,f,UK,Male
622,3,0.5,Ariana Grande,IT,21,f,US,Female
622,4,0.43067655807339306,Avril Lavigne,IT,21,f,CA,Female
622,5,0.38685280723454163,Ariana Grande,IT,21,f,US,Female
622,6,0.3562071871080222,Miley Cyrus,IT,21,f,US,Non-binary
622,7,0.3333333333333333,Eagle-Eye Cherry,IT,21,f,SE,Male
622,8,0.31546487678572877,Beyoncé,IT,21,f,US,Female
622,9,0.3010299956639812,Rita Ora,IT,21,f,UK,Female
622,10,0.2890648263178879,John Mayer,IT,21,f,IN,Male
623,1,1.0,Weyes Blood,RU,21,m,US,Female
623,2,0.6309297535714575,Grouper,RU,21,m,US,Female
623,3,0.5,Bill Callahan,RU,21,m,US,Male
623,4,0.43067655807339306,Ariel Pink,RU,21,m,US,Male
623,5,0.38685280723454163,Kevin Morby,RU,21,m,US,Male
623,6,0.3562071871080222,Toro y Moi,RU,21,m,US,Male
623,7,0.3333333333333333,Tame Impala,RU,21,m,AU,Male
623,8,0.31546487678572877,Wild Nothing,RU,21,m,US,Male
623,9,0.3010299956639812,Janelle Monáe,RU,21,m,US,Non-binary
623,10,0.2890648263178879,Perfume Genius,RU,21,m,US,Male
624,1,1.0,Queen,UK,50,m,JP,Female
624,2,0.6309297535714575,Lil Nas X,UK,50,m,US,Male
624,3,0.5,Ariana Grande,UK,50,m,US,Female
624,4,0.43067655807339306,Taylor Swift,UK,50,m,US,Female
624,5,0.38685280723454163,Jessie J,UK,50,m,UK,Female
624,6,0.3562071871080222,Miley Cyrus,UK,50,m,US,Non-binary
624,7,0.3333333333333333,Adele,UK,50,m,UK,Female
624,8,0.31546487678572877,Queen,UK,50,m,JP,Female
624,9,0.3010299956639812,Marilyn Manson,UK,50,m,US,Male
624,10,0.2890648263178879,Queen,UK,50,m,JP,Female
626,1,1.0,Marisa Monte,CZ,19,m,BR,Female
626,2,0.6309297535714575,Amanda Palmer,CZ,19,m,US,Female
626,3,0.5,The Kinks,CZ,19,m,US,Male
626,4,0.43067655807339306,Nile,CZ,19,m,US,Female
626,5,0.38685280723454163,Philip Glass,CZ,19,m,US,Male
626,6,0.3562071871080222,Devin Townsend,CZ,19,m,CA,Male
626,7,0.3333333333333333,Queen,CZ,19,m,JP,Female
626,8,0.31546487678572877,Queen,CZ,19,m,JP,Female
626,9,0.3010299956639812,Wildstylez,CZ,19,m,NL,Male
626,10,0.2890648263178879,Reinier Zonneveld,CZ,19,m,NL,Male
628,1,1.0,Miley Cyrus,VE,21,f,US,Non-binary
628,2,0.6309297535714575,Haddaway,VE,21,f,DE,Male
628,3,0.5,Lil Nas X,VE,21,f,US,Male
628,4,0.43067655807339306,Britney Spears,VE,21,f,US,Female
628,5,0.38685280723454163,Sia,VE,21,f,AU,Female
628,6,0.3562071871080222,Beyoncé,VE,21,f,US,Female
628,7,0.3333333333333333,Mariah Carey,VE,21,f,US,Female
628,8,0.31546487678572877,Rihanna,VE,21,f,UK,Female
628,9,0.3010299956639812,John Mayer,VE,21,f,IN,Male
628,10,0.2890648263178879,Taylor Swift,VE,21,f,US,Female
629,1,1.0,Britney Spears,IT,22,m,US,Female
629,2,0.6309297535714575,Michael Sembello,IT,22,m,US,Male
629,3,0.5,Dolly Parton,IT,22,m,US,Female
629,4,0.43067655807339306,Billy Joel,IT,22,m,US,Male
629,5,0.38685280723454163,Laura Branigan,IT,22,m,US,Female
629,6,0.3562071871080222,Marilyn Manson,IT,22,m,US,Male
629,7,0.3333333333333333,Edwyn Collins,IT,22,m,UK,Male
629,8,0.31546487678572877,Queen,IT,22,m,JP,Female
629,9,0.3010299956639812,Moby,IT,22,m,US,Male
629,10,0.2890648263178879,Britney Spears,IT,22,m,US,Female
630,1,1.0,Queen,RU,24,m,JP,Female
630,2,0.6309297535714575,Edwyn Collins,RU,24,m,UK,Male
630,3,0.5,Dolly Parton,RU,24,m,US,Female
630,4,0.43067655807339306,Marilyn Manson,RU,24,m,US,Male
630,5,0.38685280723454163,Lil Nas X,RU,24,m,US,Male
630,6,0.3562071871080222,Moby,RU,24,m,US,Male
630,7,0.3333333333333333,Eric Clapton,RU,24,m,UK,Male
630,8,0.31546487678572877,Robyn,RU,24,m,SE,Female
630,9,0.3010299956639812,Justin Timberlake,RU,24,m,US,Male
630,10,0.2890648263178879,Elvis Presley,RU,24,m,US,Male
631,1,1.0,Travis Scott,PL,21,m,US,Male
631,2,0.6309297535714575,Sia,PL,21,m,AU,Female
631,3,0.5,Lana Del Rey,PL,21,m,US,Female
631,4,0.43067655807339306,Mariah Carey,PL,21,m,US,Female
631,5,0.38685280723454163,Rihanna,PL,21,m,UK,Female
631,6,0.3562071871080222,Beyoncé,PL,21,m,US,Female
631,7,0.3333333333333333,Haddaway,PL,21,m,DE,Male
631,8,0.31546487678572877,Lil Nas X,PL,21,m,US,Male
631,9,0.3010299956639812,Ed Sheeran,PL,21,m,UK,Male
631,10,0.2890648263178879,Troye Sivan,PL,21,m,AU,Male
632,1,1.0,Bryan Adams,BR,17,m,CA,Male
632,2,0.6309297535714575,Beck,BR,17,m,DK,Male
632,3,0.5,AFI,BR,17,m,US,Female
632,4,0.43067655807339306,Taylor Swift,BR,17,m,US,Female
632,5,0.38685280723454163,Marilyn Manson,BR,17,m,US,Male
632,6,0.3562071871080222,Miley Cyrus,BR,17,m,US,Non-binary
632,7,0.3333333333333333,Avril Lavigne,BR,17,m,CA,Female
632,8,0.31546487678572877,Billy Joel,BR,17,m,US,Male
632,9,0.3010299956639812,Ed Sheeran,BR,17,m,UK,Male
632,10,0.2890648263178879,Michael Sembello,BR,17,m,US,Male
633,1,1.0,Bryan Adams,PL,16,m,CA,Male
633,2,0.6309297535714575,Billy Joel,PL,16,m,US,Male
633,3,0.5,Britney Spears,PL,16,m,US,Female
633,4,0.43067655807339306,Billy Joel,PL,16,m,US,Male
633,5,0.38685280723454163,Laura Branigan,PL,16,m,US,Female
633,6,0.3562071871080222,Dolly Parton,PL,16,m,US,Female
633,7,0.3333333333333333,Roy Orbison,PL,16,m,US,Male
633,8,0.31546487678572877,Chris Isaak,PL,16,m,US,Male
633,9,0.3010299956639812,Michael Sembello,PL,16,m,US,Male
633,10,0.2890648263178879,Edwyn Collins,PL,16,m,UK,Male
634,1,1.0,Britney Spears,UK,23,f,US,Female
634,2,0.6309297535714575,Billy Joel,UK,23,f,US,Male
634,3,0.5,AFI,UK,23,f,US,Female
634,4,0.43067655807339306,Marilyn Manson,UK,23,f,US,Male
634,5,0.38685280723454163,Duncan Laurence,UK,23,f,NL,Male
634,6,0.3562071871080222,Michael Sembello,UK,23,f,US,Male
634,7,0.3333333333333333,Seal,UK,23,f,UK,Male
634,8,0.31546487678572877,Chris Isaak,UK,23,f,US,Male
634,9,0.3010299956639812,Queen,UK,23,f,JP,Female
634,10,0.2890648263178879,Chuck Berry,UK,23,f,US,Male
635,1,1.0,Haddaway,CZ,35,m,DE,Male
635,2,0.6309297535714575,AFI,CZ,35,m,US,Female
635,3,0.5,Beck,CZ,35,m,DK,Male
635,4,0.43067655807339306,Billy Joel,CZ,35,m,US,Male
635,5,0.38685280723454163,Billy Joel,CZ,35,m,US,Male
635,6,0.3562071871080222,Marilyn Manson,CZ,35,m,US,Male
635,7,0.3333333333333333,Britney Spears,CZ,35,m,US,Female
635,8,0.31546487678572877,Michael Sembello,CZ,35,m,US,Male
635,9,0.3010299956639812,Chuck Berry,CZ,35,m,US,Male
635,10,0.2890648263178879,Björk,CZ,35,m,IS,Female
636,1,1.0,Ed Sheeran,TR,21,m,UK,Male
636,2,0.6309297535714575,Britney Spears,TR,21,m,US,Female
636,3,0.5,Britney Spears,TR,21,m,US,Female
636,4,0.43067655807339306,Queen,TR,21,m,JP,Female
636,5,0.38685280723454163,Chris Isaak,TR,21,m,US,Male
636,6,0.3562071871080222,Dolly Parton,TR,21,m,US,Female
636,7,0.3333333333333333,Marilyn Manson,TR,21,m,US,Male
636,8,0.31546487678572877,Edwyn Collins,TR,21,m,UK,Male
636,9,0.3010299956639812,Duncan Laurence,TR,21,m,NL,Male
636,10,0.2890648263178879,Eric Clapton,TR,21,m,UK,Male
637,1,1.0,Haddaway,UA,20,m,DE,Male
637,2,0.6309297535714575,AFI,UA,20,m,US,Female
637,3,0.5,Eagle-Eye Cherry,UA,20,m,SE,Male
637,4,0.43067655807339306,Vitalic,UA,20,m,FR,Male
637,5,0.38685280723454163,Bryan Adams,UA,20,m,CA,Male
637,6,0.3562071871080222,Ozzy Osbourne,UA,20,m,UK,Male
637,7,0.3333333333333333,Ed Sheeran,UA,20,m,UK,Male
637,8,0.31546487678572877,Chuck Berry,UA,20,m,US,Male
637,9,0.3010299956639812,Queen,UA,20,m,JP,Female
637,10,0.2890648263178879,Billy Joel,UA,20,m,US,Male
638,1,1.0,Carpenter Brut,BR,20,m,FR,Male
638,2,0.6309297535714575,Haddaway,BR,20,m,DE,Male
638,3,0.5,Rob Zombie,BR,20,m,US,Male
638,4,0.43067655807339306,Bryan Adams,BR,20,m,CA,Male
638,5,0.38685280723454163,Blue Stahli,BR,20,m,US,Male
638,6,0.3562071871080222,Chuck Berry,BR,20,m,US,Male
638,7,0.3333333333333333,Edwyn Collins,BR,20,m,UK,Male
638,8,0.31546487678572877,Billy Joel,BR,20,m,US,Male
638,9,0.3010299956639812,Roy Orbison,BR,20,m,US,Male
638,10,0.2890648263178879,Leonard Cohen,BR,20,m,CA,Male
639,1,1.0,Snail Mail,UK,30,m,US,Female
639,2,0.6309297535714575,Travis Scott,UK,30,m,US,Male
639,3,0.5,Grouper,UK,30,m,US,Female
639,4,0.43067655807339306,Beck,UK,30,m,DK,Male
639,5,0.38685280723454163,Julia Holter,UK,30,m,US,Female
639,6,0.3562071871080222,Toro y Moi,UK,30,m,US,Male
639,7,0.3333333333333333,Kacey Musgraves,UK,30,m,US,Female
639,8,0.31546487678572877,Lana Del Rey,UK,30,m,US,Female
639,9,0.3010299956639812,Wild Nothing,UK,30,m,US,Male
639,10,0.2890648263178879,Tame Impala,UK,30,m,AU,Male
640,1,1.0,Apparat,US,17,m,DE,Male
640,2,0.6309297535714575,Toro y Moi,US,17,m,US,Male
640,3,0.5,Julia Holter,US,17,m,US,Female
640,4,0.43067655807339306,Beck,US,17,m,DK,Male
640,5,0.38685280723454163,Toro y Moi,US,17,m,US,Male
640,6,0.3562071871080222,Grimes,US,17,m,CA,Female
640,7,0.3333333333333333,Kacey Musgraves,US,17,m,US,Female
640,8,0.31546487678572877,Twin Shadow,US,17,m,US,Male
640,9,0.3010299956639812,Robyn,US,17,m,SE,Female
640,10,0.2890648263178879,Father John Misty,US,17,m,US,Male
641,1,1.0,John Maus,BG,20,m,US,Male
641,2,0.6309297535714575,Apparat,BG,20,m,DE,Male
641,3,0.5,James Blake,BG,20,m,UK,Male
641,4,0.43067655807339306,Twin Shadow,BG,20,m,US,Male
641,5,0.38685280723454163,Dolly Parton,BG,20,m,US,Female
641,6,0.3562071871080222,Janelle Monáe,BG,20,m,US,Non-binary
641,7,0.3333333333333333,Björk,BG,20,m,IS,Female
641,8,0.31546487678572877,Julia Holter,BG,20,m,US,Female
641,9,0.3010299956639812,Eagle-Eye Cherry,BG,20,m,SE,Male
641,10,0.2890648263178879,AFI,BG,20,m,US,Female
642,1,1.0,Billy Joel,RU,21,m,US,Male
642,2,0.6309297535714575,Dolly Parton,RU,21,m,US,Female
642,3,0.5,Blue Stahli,RU,21,m,US,Male
642,4,0.43067655807339306,Red,RU,21,m,PL,Male
642,5,0.38685280723454163,Carpenter Brut,RU,21,m,FR,Male
642,6,0.3562071871080222,Ed Sheeran,RU,21,m,UK,Male
642,7,0.3333333333333333,Roy Orbison,RU,21,m,US,Male
642,8,0.31546487678572877,Duncan Laurence,RU,21,m,NL,Male
642,9,0.3010299956639812,John Mayer,RU,21,m,IN,Male
642,10,0.2890648263178879,Seal,RU,21,m,UK,Male
643,1,1.0,AFI,BY,19,f,US,Female
643,2,0.6309297535714575,Eagle-Eye Cherry,BY,19,f,SE,Male
643,3,0.5,Haddaway,BY,19,f,DE,Male
643,4,0.43067655807339306,Red,BY,19,f,PL,Male
643,5,0.38685280723454163,Laura Branigan,BY,19,f,US,Female
643,6,0.3562071871080222,Chuck Berry,BY,19,f,US,Male
643,7,0.3333333333333333,Bryan Adams,BY,19,f,CA,Male
643,8,0.31546487678572877,Edwyn Collins,BY,19,f,UK,Male
643,9,0.3010299956639812,Seal,BY,19,f,UK,Male
643,10,0.2890648263178879,Queen,BY,19,f,JP,Female
644,1,1.0,Lil Nas X,AZ,20,m,US,Male
644,2,0.6309297535714575,Ed Sheeran,AZ,20,m,UK,Male
644,3,0.5,Haddaway,AZ,20,m,DE,Male
644,4,0.43067655807339306,Mariah Carey,AZ,20,m,US,Female
644,5,0.38685280723454163,Beyoncé,AZ,20,m,US,Female
644,6,0.3562071871080222,Rihanna,AZ,20,m,UK,Female
644,7,0.3333333333333333,Taylor Swift,AZ,20,m,US,Female
644,8,0.31546487678572877,John Mayer,AZ,20,m,IN,Male
644,9,0.3010299956639812,Billy Joel,AZ,20,m,US,Male
644,10,0.2890648263178879,Adele,AZ,20,m,UK,Female
645,1,1.0,Ed Sheeran,NO,23,m,UK,Male
645,2,0.6309297535714575,Bryan Adams,NO,23,m,CA,Male
645,3,0.5,Billy Joel,NO,23,m,US,Male
645,4,0.43067655807339306,Miley Cyrus,NO,23,m,US,Non-binary
645,5,0.38685280723454163,Marilyn Manson,NO,23,m,US,Male
645,6,0.3562071871080222,Dolly Parton,NO,23,m,US,Female
645,7,0.3333333333333333,AFI,NO,23,m,US,Female
645,8,0.31546487678572877,Ariana Grande,NO,23,m,US,Female
645,9,0.3010299956639812,Chris Isaak,NO,23,m,US,Male
645,10,0.2890648263178879,Sia,NO,23,m,AU,Female
646,1,1.0,Ihsahn,BR,24,m,NO,Male
646,2,0.6309297535714575,Marilyn Manson,BR,24,m,US,Male
646,3,0.5,Queen,BR,24,m,JP,Female
646,4,0.43067655807339306,AFI,BR,24,m,US,Female
646,5,0.38685280723454163,Marilyn Manson,BR,24,m,US,Male
646,6,0.3562071871080222,Queen,BR,24,m,JP,Female
646,7,0.3333333333333333,Björk,BR,24,m,IS,Female
646,8,0.31546487678572877,Devin Townsend,BR,24,m,CA,Male
646,9,0.3010299956639812,Marilyn Manson,BR,24,m,US,Male
646,10,0.2890648263178879,Marilyn Manson,BR,24,m,US,Male
647,1,1.0,Weyes Blood,PL,23,f,US,Female
647,2,0.6309297535714575,Snail Mail,PL,23,f,US,Female
647,3,0.5,John Maus,PL,23,f,US,Male
647,4,0.43067655807339306,Weyes Blood,PL,23,f,US,Female
647,5,0.38685280723454163,James Blake,PL,23,f,UK,Male
647,6,0.3562071871080222,Toro y Moi,PL,23,f,US,Male
647,7,0.3333333333333333,Apparat,PL,23,f,DE,Male
647,8,0.31546487678572877,Jessica Pratt,PL,23,f,US,Female
647,9,0.3010299956639812,Twin Shadow,PL,23,f,US,Male
647,10,0.2890648263178879,Janelle Monáe,PL,23,f,US,Non-binary
648,1,1.0,Weyes Blood,US,20,m,US,Female
648,2,0.6309297535714575,Snail Mail,US,20,m,US,Female
648,3,0.5,Father John Misty,US,20,m,US,Male
648,4,0.43067655807339306,Julia Holter,US,20,m,US,Female
648,5,0.38685280723454163,Tame Impala,US,20,m,AU,Male
648,6,0.3562071871080222,Janelle Monáe,US,20,m,US,Non-binary
648,7,0.3333333333333333,Toro y Moi,US,20,m,US,Male
648,8,0.31546487678572877,Oneohtrix Point Never,US,20,m,US,Male
648,9,0.3010299956639812,Grouper,US,20,m,US,Female
648,10,0.2890648263178879,Ariel Pink,US,20,m,US,Male
649,1,1.0,Ed Sheeran,RU,17,f,UK,Male
649,2,0.6309297535714575,Marilyn Manson,RU,17,f,US,Male
649,3,0.5,Duncan Laurence,RU,17,f,NL,Male
649,4,0.43067655807339306,Miley Cyrus,RU,17,f,US,Non-binary
649,5,0.38685280723454163,Taylor Swift,RU,17,f,US,Female
649,6,0.3562071871080222,Jessie J,RU,17,f,UK,Female
649,7,0.3333333333333333,Edwyn Collins,RU,17,f,UK,Male
649,8,0.31546487678572877,Björk,RU,17,f,IS,Female
649,9,0.3010299956639812,Queen,RU,17,f,JP,Female
649,10,0.2890648263178879,Adele,RU,17,f,UK,Female
650,1,1.0,Billy Joel,BY,24,m,US,Male
650,2,0.6309297535714575,Ed Sheeran,BY,24,m,UK,Male
650,3,0.5,Billy Joel,BY,24,m,US,Male
650,4,0.43067655807339306,Carpenter Brut,BY,24,m,FR,Male
650,5,0.38685280723454163,Michael Sembello,BY,24,m,US,Male
650,6,0.3562071871080222,Robyn,BY,24,m,SE,Female
650,7,0.3333333333333333,Dolly Parton,BY,24,m,US,Female
650,8,0.31546487678572877,Ariana Grande,BY,24,m,US,Female
650,9,0.3010299956639812,Queen,BY,24,m,JP,Female
650,10,0.2890648263178879,Duncan Laurence,BY,24,m,NL,Male
651,1,1.0,Britney Spears,US,17,m,US,Female
651,2,0.6309297535714575,Sia,US,17,m,AU,Female
651,3,0.5,Nicki Minaj,US,17,m,US,Female
651,4,0.43067655807339306,Miley Cyrus,US,17,m,US,Non-binary
651,5,0.38685280723454163,J Balvin,US,17,m,CO,Male
651,6,0.3562071871080222,Lorde,US,17,m,NZ,Female
651,7,0.3333333333333333,Ariana Grande,US,17,m,US,Female
651,8,0.31546487678572877,Taylor Swift,US,17,m,US,Female
651,9,0.3010299956639812,Paula Abdul,US,17,m,US,Female
651,10,0.2890648263178879,Toro y Moi,US,17,m,US,Male
652,1,1.0,Weyes Blood,JP,33,m,US,Female
652,2,0.6309297535714575,Twin Shadow,JP,33,m,US,Male
652,3,0.5,Weyes Blood,JP,33,m,US,Female
652,4,0.43067655807339306,Jessica Pratt,JP,33,m,US,Female
652,5,0.38685280723454163,Lil Nas X,JP,33,m,US,Male
652,6,0.3562071871080222,AFI,JP,33,m,US,Female
652,7,0.3333333333333333,Duncan Laurence,JP,33,m,NL,Male
652,8,0.31546487678572877,Janelle Monáe,JP,33,m,US,Non-binary
652,9,0.3010299956639812,Bryan Adams,JP,33,m,CA,Male
652,10,0.2890648263178879,Britney Spears,JP,33,m,US,Female
653,1,1.0,Michael Sembello,RU,22,m,US,Male
653,2,0.6309297535714575,John Mayer,RU,22,m,IN,Male
653,3,0.5,Lil Nas X,RU,22,m,US,Male
653,4,0.43067655807339306,Robyn,RU,22,m,SE,Female
653,5,0.38685280723454163,Duncan Laurence,RU,22,m,NL,Male
653,6,0.3562071871080222,Marilyn Manson,RU,22,m,US,Male
653,7,0.3333333333333333,Queen,RU,22,m,JP,Female
653,8,0.31546487678572877,Edwyn Collins,RU,22,m,UK,Male
653,9,0.3010299956639812,Queen,RU,22,m,JP,Female
653,10,0.2890648263178879,Moby,RU,22,m,US,Male
654,1,1.0,Haddaway,CA,18,m,DE,Male
654,2,0.6309297535714575,Chris Stapleton,CA,18,m,US,Male
654,3,0.5,Bryan Adams,CA,18,m,CA,Male
654,4,0.43067655807339306,Britney Spears,CA,18,m,US,Female
654,5,0.38685280723454163,Chris Stapleton,CA,18,m,US,Male
654,6,0.3562071871080222,Chris Stapleton,CA,18,m,US,Male
654,7,0.3333333333333333,Britney Spears,CA,18,m,US,Female
654,8,0.31546487678572877,John Mayer,CA,18,m,IN,Male
654,9,0.3010299956639812,Chris Stapleton,CA,18,m,US,Male
654,10,0.2890648263178879,Iron & Wine,CA,18,m,US,Male
655,1,1.0,Billy Joel,RU,30,m,US,Male
655,2,0.6309297535714575,Billy Joel,RU,30,m,US,Male
655,3,0.5,Perturbator,RU,30,m,FR,Male
655,4,0.43067655807339306,Ed Sheeran,RU,30,m,UK,Male
655,5,0.38685280723454163,Michael Sembello,RU,30,m,US,Male
655,6,0.3562071871080222,Edwyn Collins,RU,30,m,UK,Male
655,7,0.3333333333333333,Mr.Kitty,RU,30,m,US,Male
655,8,0.31546487678572877,Roy Orbison,RU,30,m,US,Male
655,9,0.3010299956639812,Chris Isaak,RU,30,m,US,Male
655,10,0.2890648263178879,Duncan Laurence,RU,30,m,NL,Male
656,1,1.0,Weyes Blood,IT,24,m,US,Female
656,2,0.6309297535714575,Travis Scott,IT,24,m,US,Male
656,3,0.5,Janelle Monáe,IT,24,m,US,Non-binary
656,4,0.43067655807339306,Jessica Pratt,IT,24,m,US,Female
656,5,0.38685280723454163,Frank Ocean,IT,24,m,US,Male
656,6,0.3562071871080222,Lana Del Rey,IT,24,m,US,Female
656,7,0.3333333333333333,Kacey Musgraves,IT,24,m,US,Female
656,8,0.31546487678572877,Robyn,IT,24,m,SE,Female
656,9,0.3010299956639812,Beck,IT,24,m,DK,Male
656,10,0.2890648263178879,Ariana Grande,IT,24,m,US,Female
657,1,1.0,AFI,EE,21,m,US,Female
657,2,0.6309297535714575,Chuck Berry,EE,21,m,US,Male
657,3,0.5,Tame Impala,EE,21,m,AU,Male
657,4,0.43067655807339306,James Blake,EE,21,m,UK,Male
657,5,0.38685280723454163,Justin Bieber,EE,21,m,CA,Male
657,6,0.3562071871080222,Adele,EE,21,m,UK,Female
657,7,0.3333333333333333,Michael Sembello,EE,21,m,US,Male
657,8,0.31546487678572877,Avril Lavigne,EE,21,m,CA,Female
657,9,0.3010299956639812,Jessie J,EE,21,m,UK,Female
657,10,0.2890648263178879,Marilyn Manson,EE,21,m,US,Male
658,1,1.0,John Mayer,BR,19,m,IN,Male
658,2,0.6309297535714575,Ed Sheeran,BR,19,m,UK,Male
658,3,0.5,Billy Joel,BR,19,m,US,Male
658,4,0.43067655807339306,Ariana Grande,BR,19,m,US,Female
658,5,0.38685280723454163,Jessie J,BR,19,m,UK,Female
658,6,0.3562071871080222,Taylor Swift,BR,19,m,US,Female
658,7,0.3333333333333333,Sia,BR,19,m,AU,Female
658,8,0.31546487678572877,Ariana Grande,BR,19,m,US,Female
658,9,0.3010299956639812,Björk,BR,19,m,IS,Female
658,10,0.2890648263178879,Duncan Laurence,BR,19,m,NL,Male
659,1,1.0,Nile,BR,19,f,US,Female
659,2,0.6309297535714575,John Maus,BR,19,f,US,Male
659,3,0.5,John Maus,BR,19,f,US,Male
659,4,0.43067655807339306,Tame Impala,BR,19,f,AU,Male
659,5,0.38685280723454163,Kurt Vile,BR,19,f,US,Male
659,6,0.3562071871080222,Weyes Blood,BR,19,f,US,Female
659,7,0.3333333333333333,Jessica Pratt,BR,19,f,US,Female
659,8,0.31546487678572877,Apparat,BR,19,f,DE,Male
659,9,0.3010299956639812,Toro y Moi,BR,19,f,US,Male
659,10,0.2890648263178879,Toro y Moi,BR,19,f,US,Male
660,1,1.0,Janelle Monáe,BG,22,f,US,Non-binary
660,2,0.6309297535714575,Weyes Blood,BG,22,f,US,Female
660,3,0.5,John Maus,BG,22,f,US,Male
660,4,0.43067655807339306,Ariana Grande,BG,22,f,US,Female
660,5,0.38685280723454163,Lorde,BG,22,f,NZ,Female
660,6,0.3562071871080222,Taylor Swift,BG,22,f,US,Female
660,7,0.3333333333333333,Frank Ocean,BG,22,f,US,Male
660,8,0.31546487678572877,Kacey Musgraves,BG,22,f,US,Female
660,9,0.3010299956639812,Weyes Blood,BG,22,f,US,Female
660,10,0.2890648263178879,Haddaway,BG,22,f,DE,Male
661,1,1.0,Nile,BR,21,m,US,Female
661,2,0.6309297535714575,AFI,BR,21,m,US,Female
661,3,0.5,Beck,BR,21,m,DK,Male
661,4,0.43067655807339306,Ozzy Osbourne,BR,21,m,UK,Male
661,5,0.38685280723454163,Queen,BR,21,m,JP,Female
661,6,0.3562071871080222,Marilyn Manson,BR,21,m,US,Male
661,7,0.3333333333333333,Eagle-Eye Cherry,BR,21,m,SE,Male
661,8,0.31546487678572877,Marilyn Manson,BR,21,m,US,Male
661,9,0.3010299956639812,Bryan Adams,BR,21,m,CA,Male
661,10,0.2890648263178879,Björk,BR,21,m,IS,Female
662,1,1.0,Billy Joel,NL,29,f,US,Male
662,2,0.6309297535714575,Queen,NL,29,f,JP,Female
662,3,0.5,Robyn,NL,29,f,SE,Female
662,4,0.43067655807339306,Björk,NL,29,f,IS,Female
662,5,0.38685280723454163,Miley Cyrus,NL,29,f,US,Non-binary
662,6,0.3562071871080222,Ed Sheeran,NL,29,f,UK,Male
662,7,0.3333333333333333,George Ezra,NL,29,f,UK,Male
662,8,0.31546487678572877,Adele,NL,29,f,UK,Female
662,9,0.3010299956639812,Avril Lavigne,NL,29,f,CA,Female
662,10,0.2890648263178879,Marilyn Manson,NL,29,f,US,Male
663,1,1.0,John Maus,DE,18,m,US,Male
663,2,0.6309297535714575,Janelle Monáe,DE,18,m,US,Non-binary
663,3,0.5,John Maus,DE,18,m,US,Male
663,4,0.43067655807339306,Aldous Harding,DE,18,m,NZ,Female
663,5,0.38685280723454163,Weyes Blood,DE,18,m,US,Female
663,6,0.3562071871080222,Weyes Blood,DE,18,m,US,Female
663,7,0.3333333333333333,Thom Yorke,DE,18,m,UK,Male
663,8,0.31546487678572877,Toro y Moi,DE,18,m,US,Male
663,9,0.3010299956639812,Beck,DE,18,m,DK,Male
663,10,0.2890648263178879,Robyn,DE,18,m,SE,Female
664,1,1.0,Haddaway,RU,19,m,DE,Male
664,2,0.6309297535714575,Bryan Adams,RU,19,m,CA,Male
664,3,0.5,Marilyn Manson,RU,19,m,US,Male
664,4,0.43067655807339306,Queen,RU,19,m,JP,Female
664,5,0.38685280723454163,Björk,RU,19,m,IS,Female
664,6,0.3562071871080222,Billy Joel,RU,19,m,US,Male
664,7,0.3333333333333333,Billy Joel,RU,19,m,US,Male
664,8,0.31546487678572877,Marilyn Manson,RU,19,m,US,Male
664,9,0.3010299956639812,Britney Spears,RU,19,m,US,Female
664,10,0.2890648263178879,Moby,RU,19,m,US,Male
665,1,1.0,Miley Cyrus,HU,25,f,US,Non-binary
665,2,0.6309297535714575,Haddaway,HU,25,f,DE,Male
665,3,0.5,Rita Ora,HU,25,f,UK,Female
665,4,0.43067655807339306,Norah Jones,HU,25,f,US,Female
665,5,0.38685280723454163,Ariana Grande,HU,25,f,US,Female
665,6,0.3562071871080222,Billy Joel,HU,25,f,US,Male
665,7,0.3333333333333333,Adele,HU,25,f,UK,Female
665,8,0.31546487678572877,Justin Timberlake,HU,25,f,US,Male
665,9,0.3010299956639812,Britney Spears,HU,25,f,US,Female
665,10,0.2890648263178879,Lil Nas X,HU,25,f,US,Male
666,1,1.0,Mayhem,DK,38,m,CA,Female
666,2,0.6309297535714575,Nile,DK,38,m,US,Female
666,3,0.5,Aesop Rock,DK,38,m,US,Male
666,4,0.43067655807339306,Frank Zappa,DK,38,m,US,Male
666,5,0.38685280723454163,Nile,DK,38,m,US,Female
666,6,0.3562071871080222,Mayhem,DK,38,m,CA,Female
666,7,0.3333333333333333,Lionel Richie,DK,38,m,US,Male
666,8,0.31546487678572877,Frank Zappa,DK,38,m,US,Male
666,9,0.3010299956639812,Nile,DK,38,m,US,Female
666,10,0.2890648263178879,Leonard Cohen,DK,38,m,CA,Male
668,1,1.0,Britney Spears,JP,26,m,US,Female
668,2,0.6309297535714575,Billy Joel,JP,26,m,US,Male
668,3,0.5,Björk,JP,26,m,IS,Female
668,4,0.43067655807339306,John Mayer,JP,26,m,IN,Male
668,5,0.38685280723454163,Michael Sembello,JP,26,m,US,Male
668,6,0.3562071871080222,Marilyn Manson,JP,26,m,US,Male
668,7,0.3333333333333333,Roy Orbison,JP,26,m,US,Male
668,8,0.31546487678572877,Edwyn Collins,JP,26,m,UK,Male
668,9,0.3010299956639812,Britney Spears,JP,26,m,US,Female
668,10,0.2890648263178879,Chris Isaak,JP,26,m,US,Male
669,1,1.0,Marilyn Manson,ID,23,m,US,Male
669,2,0.6309297535714575,Robyn,ID,23,m,SE,Female
669,3,0.5,Michael Sembello,ID,23,m,US,Male
669,4,0.43067655807339306,Ariana Grande,ID,23,m,US,Female
669,5,0.38685280723454163,Chris Isaak,ID,23,m,US,Male
669,6,0.3562071871080222,Björk,ID,23,m,IS,Female
669,7,0.3333333333333333,Queen,ID,23,m,JP,Female
669,8,0.31546487678572877,Tame Impala,ID,23,m,AU,Male
669,9,0.3010299956639812,Laura Branigan,ID,23,m,US,Female
669,10,0.2890648263178879,Adele,ID,23,m,UK,Female
670,1,1.0,Ed Sheeran,UA,21,f,UK,Male
670,2,0.6309297535714575,Rihanna,UA,21,f,UK,Female
670,3,0.5,Lil Nas X,UA,21,f,US,Male
670,4,0.43067655807339306,Lana Del Rey,UA,21,f,US,Female
670,5,0.38685280723454163,Norah Jones,UA,21,f,US,Female
670,6,0.3562071871080222,Gwen Stefani,UA,21,f,US,Female
670,7,0.3333333333333333,Lorde,UA,21,f,NZ,Female
670,8,0.31546487678572877,Sia,UA,21,f,AU,Female
670,9,0.3010299956639812,Dawn Richard,UA,21,f,US,Female
670,10,0.2890648263178879,Billy Joel,UA,21,f,US,Male
671,1,1.0,AFI,BR,21,m,US,Female
671,2,0.6309297535714575,Robyn,BR,21,m,SE,Female
671,3,0.5,Jessie J,BR,21,m,UK,Female
671,4,0.43067655807339306,Miley Cyrus,BR,21,m,US,Non-binary
671,5,0.38685280723454163,Beck,BR,21,m,DK,Male
671,6,0.3562071871080222,Duncan Laurence,BR,21,m,NL,Male
671,7,0.3333333333333333,Moby,BR,21,m,US,Male
671,8,0.31546487678572877,Ariana Grande,BR,21,m,US,Female
671,9,0.3010299956639812,Marilyn Manson,BR,21,m,US,Male
671,10,0.2890648263178879,Taylor Swift,BR,21,m,US,Female
672,1,1.0,Travis Scott,IT,22,m,US,Male
672,2,0.6309297535714575,Snail Mail,IT,22,m,US,Female
672,3,0.5,Julia Holter,IT,22,m,US,Female
672,4,0.43067655807339306,Janelle Monáe,IT,22,m,US,Non-binary
672,5,0.38685280723454163,Grouper,IT,22,m,US,Female
672,6,0.3562071871080222,Oneohtrix Point Never,IT,22,m,US,Male
672,7,0.3333333333333333,Wild Nothing,IT,22,m,US,Male
672,8,0.31546487678572877,Toro y Moi,IT,22,m,US,Male
672,9,0.3010299956639812,Frank Ocean,IT,22,m,US,Male
672,10,0.2890648263178879,Kevin Morby,IT,22,m,US,Male
673,1,1.0,Queen,SE,22,f,JP,Female
673,2,0.6309297535714575,Björk,SE,22,f,IS,Female
673,3,0.5,John Mayer,SE,22,f,IN,Male
673,4,0.43067655807339306,Ed Sheeran,SE,22,f,UK,Male
673,5,0.38685280723454163,Moby,SE,22,f,US,Male
673,6,0.3562071871080222,Marilyn Manson,SE,22,f,US,Male
673,7,0.3333333333333333,Chris Isaak,SE,22,f,US,Male
673,8,0.31546487678572877,Elvis Presley,SE,22,f,US,Male
673,9,0.3010299956639812,Marilyn Manson,SE,22,f,US,Male
673,10,0.2890648263178879,Duncan Laurence,SE,22,f,NL,Male
674,1,1.0,Bryan Adams,AR,23,m,CA,Male
674,2,0.6309297535714575,AFI,AR,23,m,US,Female
674,3,0.5,Dolly Parton,AR,23,m,US,Female
674,4,0.43067655807339306,Duncan Laurence,AR,23,m,NL,Male
674,5,0.38685280723454163,Billy Joel,AR,23,m,US,Male
674,6,0.3562071871080222,Chuck Berry,AR,23,m,US,Male
674,7,0.3333333333333333,Taylor Swift,AR,23,m,US,Female
674,8,0.31546487678572877,Billy Joel,AR,23,m,US,Male
674,9,0.3010299956639812,Avril Lavigne,AR,23,m,CA,Female
674,10,0.2890648263178879,Michael Sembello,AR,23,m,US,Male
675,1,1.0,AFI,UA,19,f,US,Female
675,2,0.6309297535714575,Sia,UA,19,f,AU,Female
675,3,0.5,Rita Ora,UA,19,f,UK,Female
675,4,0.43067655807339306,Ariana Grande,UA,19,f,US,Female
675,5,0.38685280723454163,Roy Orbison,UA,19,f,US,Male
675,6,0.3562071871080222,Beyoncé,UA,19,f,US,Female
675,7,0.3333333333333333,Michael Sembello,UA,19,f,US,Male
675,8,0.31546487678572877,Ariana Grande,UA,19,f,US,Female
675,9,0.3010299956639812,Chris Isaak,UA,19,f,US,Male
675,10,0.2890648263178879,Ariana Grande,UA,19,f,US,Female
676,1,1.0,Ed Sheeran,BR,18,m,UK,Male
676,2,0.6309297535714575,Troye Sivan,BR,18,m,AU,Male
676,3,0.5,Robyn,BR,18,m,SE,Female
676,4,0.43067655807339306,John Mayer,BR,18,m,IN,Male
676,5,0.38685280723454163,Roy Orbison,BR,18,m,US,Male
676,6,0.3562071871080222,Paula Abdul,BR,18,m,US,Female
676,7,0.3333333333333333,Britney Spears,BR,18,m,US,Female
676,8,0.31546487678572877,Adele,BR,18,m,UK,Female
676,9,0.3010299956639812,Laura Branigan,BR,18,m,US,Female
676,10,0.2890648263178879,Billy Joel,BR,18,m,US,Male
677,1,1.0,Toro y Moi,PS,18,m,US,Male
677,2,0.6309297535714575,Toro y Moi,PS,18,m,US,Male
677,3,0.5,Björk,PS,18,m,IS,Female
677,4,0.43067655807339306,Bill Callahan,PS,18,m,US,Male
677,5,0.38685280723454163,Tame Impala,PS,18,m,AU,Male
677,6,0.3562071871080222,Kevin Morby,PS,18,m,US,Male
677,7,0.3333333333333333,Panda Bear,PS,18,m,US,Male
677,8,0.31546487678572877,Kacey Musgraves,PS,18,m,US,Female
677,9,0.3010299956639812,Perfume Genius,PS,18,m,US,Male
677,10,0.2890648263178879,Janelle Monáe,PS,18,m,US,Non-binary
678,1,1.0,Tame Impala,US,19,f,AU,Male
678,2,0.6309297535714575,James Blake,US,19,f,UK,Male
678,3,0.5,Beck,US,19,f,DK,Male
678,4,0.43067655807339306,Four Tet,US,19,f,UK,Male
678,5,0.38685280723454163,Toro y Moi,US,19,f,US,Male
678,6,0.3562071871080222,Toro y Moi,US,19,f,US,Male
678,7,0.3333333333333333,Twin Shadow,US,19,f,US,Male
678,8,0.31546487678572877,Billy Joel,US,19,f,US,Male
678,9,0.3010299956639812,Kacey Musgraves,US,19,f,US,Female
678,10,0.2890648263178879,Snail Mail,US,19,f,US,Female
679,1,1.0,Toro y Moi,US,6,m,US,Male
679,2,0.6309297535714575,Aldous Harding,US,6,m,NZ,Female
679,3,0.5,Apparat,US,6,m,DE,Male
679,4,0.43067655807339306,Weyes Blood,US,6,m,US,Female
679,5,0.38685280723454163,Snail Mail,US,6,m,US,Female
679,6,0.3562071871080222,John Maus,US,6,m,US,Male
679,7,0.3333333333333333,James Blake,US,6,m,UK,Male
679,8,0.31546487678572877,Weyes Blood,US,6,m,US,Female
679,9,0.3010299956639812,Thom Yorke,US,6,m,UK,Male
679,10,0.2890648263178879,Bryan Adams,US,6,m,CA,Male
680,1,1.0,Serj Tankian,US,23,f,US,Male
680,2,0.6309297535714575,Queen,US,23,f,JP,Female
680,3,0.5,Eagle-Eye Cherry,US,23,f,SE,Male
680,4,0.43067655807339306,Marilyn Manson,US,23,f,US,Male
680,5,0.38685280723454163,Billy Joel,US,23,f,US,Male
680,6,0.3562071871080222,Oliver Koletzki,US,23,f,DE,Male
680,7,0.3333333333333333,Haddaway,US,23,f,DE,Male
680,8,0.31546487678572877,Björk,US,23,f,IS,Female
680,9,0.3010299956639812,Michael Jackson,US,23,f,US,Male
680,10,0.2890648263178879,Queen,US,23,f,JP,Female
681,1,1.0,Billy Joel,CO,25,m,US,Male
681,2,0.6309297535714575,Toro y Moi,CO,25,m,US,Male
681,3,0.5,Ed Sheeran,CO,25,m,UK,Male
681,4,0.43067655807339306,John Mayer,CO,25,m,IN,Male
681,5,0.38685280723454163,Dolly Parton,CO,25,m,US,Female
681,6,0.3562071871080222,Roy Orbison,CO,25,m,US,Male
681,7,0.3333333333333333,Queen,CO,25,m,JP,Female
681,8,0.31546487678572877,Billy Joel,CO,25,m,US,Male
681,9,0.3010299956639812,Taylor Swift,CO,25,m,US,Female
681,10,0.2890648263178879,Four Tet,CO,25,m,UK,Male
682,1,1.0,The Kinks,UA,43,m,US,Male
682,2,0.6309297535714575,The Kinks,UA,43,m,US,Male
682,3,0.5,KT Tunstall,UA,43,m,UK,Female
682,4,0.43067655807339306,Emperor,UA,43,m,UK,Male
682,5,0.38685280723454163,YOB,UA,43,m,UK,Male
682,6,0.3562071871080222,Mayhem,UA,43,m,CA,Female
682,7,0.3333333333333333,Patti Smith,UA,43,m,US,Female
682,8,0.31546487678572877,Nile,UA,43,m,US,Female
682,9,0.3010299956639812,Ihsahn,UA,43,m,NO,Male
682,10,0.2890648263178879,Mayhem,UA,43,m,CA,Female
683,1,1.0,Beyoncé,US,20,m,US,Female
683,2,0.6309297535714575,Avril Lavigne,US,20,m,CA,Female
683,3,0.5,Mariah Carey,US,20,m,US,Female
683,4,0.43067655807339306,Rita Ora,US,20,m,UK,Female
683,5,0.38685280723454163,Haddaway,US,20,m,DE,Male
683,6,0.3562071871080222,Kacey Musgraves,US,20,m,US,Female
683,7,0.3333333333333333,Ariana Grande,US,20,m,US,Female
683,8,0.31546487678572877,Rihanna,US,20,m,UK,Female
683,9,0.3010299956639812,Janelle Monáe,US,20,m,US,Non-binary
683,10,0.2890648263178879,Britney Spears,US,20,m,US,Female
684,1,1.0,Ariana Grande,UA,27,m,US,Female
684,2,0.6309297535714575,Ariana Grande,UA,27,m,US,Female
684,3,0.5,Ariana Grande,UA,27,m,US,Female
684,4,0.43067655807339306,Beyoncé,UA,27,m,US,Female
684,5,0.38685280723454163,Travis Scott,UA,27,m,US,Male
684,6,0.3562071871080222,Robyn,UA,27,m,SE,Female
684,7,0.3333333333333333,Mariah Carey,UA,27,m,US,Female
684,8,0.31546487678572877,Ariana Grande,UA,27,m,US,Female
684,9,0.3010299956639812,Lorde,UA,27,m,NZ,Female
684,10,0.2890648263178879,Taylor Swift,UA,27,m,US,Female
685,1,1.0,Lana Del Rey,US,17,f,US,Female
685,2,0.6309297535714575,Miley Cyrus,US,17,f,US,Non-binary
685,3,0.5,Sia,US,17,f,AU,Female
685,4,0.43067655807339306,Lil Nas X,US,17,f,US,Male
685,5,0.38685280723454163,Britney Spears,US,17,f,US,Female
685,6,0.3562071871080222,J Balvin,US,17,f,CO,Male
685,7,0.3333333333333333,Lorde,US,17,f,NZ,Female
685,8,0.31546487678572877,Taylor Swift,US,17,f,US,Female
685,9,0.3010299956639812,Ed Sheeran,US,17,f,UK,Male
685,10,0.2890648263178879,Avril Lavigne,US,17,f,CA,Female
686,1,1.0,Nile,PL,21,m,US,Female
686,2,0.6309297535714575,Queen,PL,21,m,JP,Female
686,3,0.5,Queen,PL,21,m,JP,Female
686,4,0.43067655807339306,The Kinks,PL,21,m,US,Male
686,5,0.38685280723454163,KT Tunstall,PL,21,m,UK,Female
686,6,0.3562071871080222,Queen,PL,21,m,JP,Female
686,7,0.3333333333333333,YOB,PL,21,m,UK,Male
686,8,0.31546487678572877,Tom Waits,PL,21,m,US,Male
686,9,0.3010299956639812,The Kinks,PL,21,m,US,Male
686,10,0.2890648263178879,YOB,PL,21,m,UK,Male
687,1,1.0,AFI,NL,47,m,US,Female
687,2,0.6309297535714575,Marilyn Manson,NL,47,m,US,Male
687,3,0.5,Seal,NL,47,m,UK,Male
687,4,0.43067655807339306,Miley Cyrus,NL,47,m,US,Non-binary
687,5,0.38685280723454163,Ariana Grande,NL,47,m,US,Female
687,6,0.3562071871080222,Dolly Parton,NL,47,m,US,Female
687,7,0.3333333333333333,Avril Lavigne,NL,47,m,CA,Female
687,8,0.31546487678572877,Ed Sheeran,NL,47,m,UK,Male
687,9,0.3010299956639812,Roy Orbison,NL,47,m,US,Male
687,10,0.2890648263178879,Björk,NL,47,m,IS,Female
688,1,1.0,Ariel Pink,CO,18,m,US,Male
688,2,0.6309297535714575,Oneohtrix Point Never,CO,18,m,US,Male
688,3,0.5,Grouper,CO,18,m,US,Female
688,4,0.43067655807339306,Weyes Blood,CO,18,m,US,Female
688,5,0.38685280723454163,Wild Nothing,CO,18,m,US,Male
688,6,0.3562071871080222,Bill Callahan,CO,18,m,US,Male
688,7,0.3333333333333333,Perfume Genius,CO,18,m,US,Male
688,8,0.31546487678572877,Kacey Musgraves,CO,18,m,US,Female
688,9,0.3010299956639812,Cass McCombs,CO,18,m,US,Male
688,10,0.2890648263178879,Panda Bear,CO,18,m,US,Male
689,1,1.0,Bryan Adams,RU,22,f,CA,Male
689,2,0.6309297535714575,Ed Sheeran,RU,22,f,UK,Male
689,3,0.5,Tame Impala,RU,22,f,AU,Male
689,4,0.43067655807339306,John Mayer,RU,22,f,IN,Male
689,5,0.38685280723454163,Billy Joel,RU,22,f,US,Male
689,6,0.3562071871080222,Sia,RU,22,f,AU,Female
689,7,0.3333333333333333,Dolly Parton,RU,22,f,US,Female
689,8,0.31546487678572877,Duncan Laurence,RU,22,f,NL,Male
689,9,0.3010299956639812,Miley Cyrus,RU,22,f,US,Non-binary
689,10,0.2890648263178879,Rita Ora,RU,22,f,UK,Female
690,1,1.0,Billy Joel,PL,20,m,US,Male
690,2,0.6309297535714575,Billy Joel,PL,20,m,US,Male
690,3,0.5,Laura Branigan,PL,20,m,US,Female
690,4,0.43067655807339306,Dolly Parton,PL,20,m,US,Female
690,5,0.38685280723454163,Duncan Laurence,PL,20,m,NL,Male
690,6,0.3562071871080222,Michael Sembello,PL,20,m,US,Male
690,7,0.3333333333333333,Chris Isaak,PL,20,m,US,Male
690,8,0.31546487678572877,Roy Orbison,PL,20,m,US,Male
690,9,0.3010299956639812,Edwyn Collins,PL,20,m,UK,Male
690,10,0.2890648263178879,Seal,PL,20,m,UK,Male
691,1,1.0,Eagle-Eye Cherry,CA,25,m,SE,Male
691,2,0.6309297535714575,Billy Joel,CA,25,m,US,Male
691,3,0.5,Bryan Adams,CA,25,m,CA,Male
691,4,0.43067655807339306,Devin Townsend,CA,25,m,CA,Male
691,5,0.38685280723454163,Rush,CA,25,m,US,Male
691,6,0.3562071871080222,Chuck Berry,CA,25,m,US,Male
691,7,0.3333333333333333,Marilyn Manson,CA,25,m,US,Male
691,8,0.31546487678572877,Marilyn Manson,CA,25,m,US,Male
691,9,0.3010299956639812,Weyes Blood,CA,25,m,US,Female
691,10,0.2890648263178879,Michael Jackson,CA,25,m,US,Male
692,1,1.0,Billy Joel,ES,24,m,US,Male
692,2,0.6309297535714575,John Mayer,ES,24,m,IN,Male
692,3,0.5,Lana Del Rey,ES,24,m,US,Female
692,4,0.43067655807339306,Kygo,ES,24,m,NO,Male
692,5,0.38685280723454163,Britney Spears,ES,24,m,US,Female
692,6,0.3562071871080222,Ed Sheeran,ES,24,m,UK,Male
692,7,0.3333333333333333,Kelis,ES,24,m,US,Female
692,8,0.31546487678572877,Bryan Adams,ES,24,m,CA,Male
692,9,0.3010299956639812,George Ezra,ES,24,m,UK,Male
692,10,0.2890648263178879,Chris Isaak,ES,24,m,US,Male
693,1,1.0,Miley Cyrus,NL,17,f,US,Non-binary
693,2,0.6309297535714575,Billy Joel,NL,17,f,US,Male
693,3,0.5,Michael Sembello,NL,17,f,US,Male
693,4,0.43067655807339306,Taylor Swift,NL,17,f,US,Female
693,5,0.38685280723454163,Adele,NL,17,f,UK,Female
693,6,0.3562071871080222,Chris Isaak,NL,17,f,US,Male
693,7,0.3333333333333333,Avril Lavigne,NL,17,f,CA,Female
693,8,0.31546487678572877,Marilyn Manson,NL,17,f,US,Male
693,9,0.3010299956639812,Jessie J,NL,17,f,UK,Female
693,10,0.2890648263178879,Seal,NL,17,f,UK,Male
694,1,1.0,Ed Sheeran,US,20,f,UK,Male
694,2,0.6309297535714575,Michael Sembello,US,20,f,US,Male
694,3,0.5,Laura Branigan,US,20,f,US,Female
694,4,0.43067655807339306,Dolly Parton,US,20,f,US,Female
694,5,0.38685280723454163,Lana Del Rey,US,20,f,US,Female
694,6,0.3562071871080222,Travis Scott,US,20,f,US,Male
694,7,0.3333333333333333,Sia,US,20,f,AU,Female
694,8,0.31546487678572877,Björk,US,20,f,IS,Female
694,9,0.3010299956639812,Edwyn Collins,US,20,f,UK,Male
694,10,0.2890648263178879,Justin Timberlake,US,20,f,US,Male
695,1,1.0,Lil Nas X,PL,21,f,US,Male
695,2,0.6309297535714575,Robyn,PL,21,f,SE,Female
695,3,0.5,Michael Sembello,PL,21,f,US,Male
695,4,0.43067655807339306,Dolly Parton,PL,21,f,US,Female
695,5,0.38685280723454163,Roy Orbison,PL,21,f,US,Male
695,6,0.3562071871080222,Miley Cyrus,PL,21,f,US,Non-binary
695,7,0.3333333333333333,Billy Joel,PL,21,f,US,Male
695,8,0.31546487678572877,Queen,PL,21,f,JP,Female
695,9,0.3010299956639812,Björk,PL,21,f,IS,Female
695,10,0.2890648263178879,Taylor Swift,PL,21,f,US,Female
696,1,1.0,Queen,UA,20,m,JP,Female
696,2,0.6309297535714575,Queen,UA,20,m,JP,Female
696,3,0.5,Queen,UA,20,m,JP,Female
696,4,0.43067655807339306,Tom Waits,UA,20,m,US,Male
696,5,0.38685280723454163,The Kinks,UA,20,m,US,Male
696,6,0.3562071871080222,Queen,UA,20,m,JP,Female
696,7,0.3333333333333333,Queen,UA,20,m,JP,Female
696,8,0.31546487678572877,Queen,UA,20,m,JP,Female
696,9,0.3010299956639812,KT Tunstall,UA,20,m,UK,Female
696,10,0.2890648263178879,YOB,UA,20,m,UK,Male
697,1,1.0,Eagle-Eye Cherry,DE,18,m,SE,Male
697,2,0.6309297535714575,AFI,DE,18,m,US,Female
697,3,0.5,Billy Joel,DE,18,m,US,Male
697,4,0.43067655807339306,Robyn,DE,18,m,SE,Female
697,5,0.38685280723454163,Marilyn Manson,DE,18,m,US,Male
697,6,0.3562071871080222,Dolly Parton,DE,18,m,US,Female
697,7,0.3333333333333333,Roy Orbison,DE,18,m,US,Male
697,8,0.31546487678572877,Billy Joel,DE,18,m,US,Male
697,9,0.3010299956639812,Ed Sheeran,DE,18,m,UK,Male
697,10,0.2890648263178879,John Mayer,DE,18,m,IN,Male
698,1,1.0,Lil Nas X,BR,17,m,US,Male
698,2,0.6309297535714575,Rihanna,BR,17,m,UK,Female
698,3,0.5,Kacey Musgraves,BR,17,m,US,Female
698,4,0.43067655807339306,Ariana Grande,BR,17,m,US,Female
698,5,0.38685280723454163,Dawn Richard,BR,17,m,US,Female
698,6,0.3562071871080222,Kurt Vile,BR,17,m,US,Male
698,7,0.3333333333333333,John Maus,BR,17,m,US,Male
698,8,0.31546487678572877,Four Tet,BR,17,m,UK,Male
698,9,0.3010299956639812,Britney Spears,BR,17,m,US,Female
698,10,0.2890648263178879,Beck,BR,17,m,DK,Male
699,1,1.0,Britney Spears,DE,25,m,US,Female
699,2,0.6309297535714575,Marilyn Manson,DE,25,m,US,Male
699,3,0.5,Bryan Adams,DE,25,m,CA,Male
699,4,0.43067655807339306,Ed Sheeran,DE,25,m,UK,Male
699,5,0.38685280723454163,Haddaway,DE,25,m,DE,Male
699,6,0.3562071871080222,Eagle-Eye Cherry,DE,25,m,SE,Male
699,7,0.3333333333333333,Kelis,DE,25,m,US,Female
699,8,0.31546487678572877,Britney Spears,DE,25,m,US,Female
699,9,0.3010299956639812,Billy Joel,DE,25,m,US,Male
699,10,0.2890648263178879,Sia,DE,25,m,AU,Female
700,1,1.0,AFI,RU,24,f,US,Female
700,2,0.6309297535714575,Eagle-Eye Cherry,RU,24,f,SE,Male
700,3,0.5,Beck,RU,24,f,DK,Male
700,4,0.43067655807339306,Haddaway,RU,24,f,DE,Male
700,5,0.38685280723454163,Moby,RU,24,f,US,Male
700,6,0.3562071871080222,Björk,RU,24,f,IS,Female
700,7,0.3333333333333333,Bryan Adams,RU,24,f,CA,Male
700,8,0.31546487678572877,Carpenter Brut,RU,24,f,FR,Male
700,9,0.3010299956639812,Billy Joel,RU,24,f,US,Male
700,10,0.2890648263178879,Chuck Berry,RU,24,f,US,Male
701,1,1.0,John Maus,NO,23,m,US,Male
701,2,0.6309297535714575,Aldous Harding,NO,23,m,NZ,Female
701,3,0.5,Snail Mail,NO,23,m,US,Female
701,4,0.43067655807339306,Tame Impala,NO,23,m,AU,Male
701,5,0.38685280723454163,John Maus,NO,23,m,US,Male
701,6,0.3562071871080222,Kurt Vile,NO,23,m,US,Male
701,7,0.3333333333333333,James Blake,NO,23,m,UK,Male
701,8,0.31546487678572877,Thom Yorke,NO,23,m,UK,Male
701,9,0.3010299956639812,Jessica Pratt,NO,23,m,US,Female
701,10,0.2890648263178879,Janelle Monáe,NO,23,m,US,Non-binary
702,1,1.0,AFI,RU,38,m,US,Female
702,2,0.6309297535714575,Marilyn Manson,RU,38,m,US,Male
702,3,0.5,Queen,RU,38,m,JP,Female
702,4,0.43067655807339306,Seal,RU,38,m,UK,Male
702,5,0.38685280723454163,Tame Impala,RU,38,m,AU,Male
702,6,0.3562071871080222,Laura Branigan,RU,38,m,US,Female
702,7,0.3333333333333333,Roy Orbison,RU,38,m,US,Male
702,8,0.31546487678572877,Björk,RU,38,m,IS,Female
702,9,0.3010299956639812,Edwyn Collins,RU,38,m,UK,Male
702,10,0.2890648263178879,Ariana Grande,RU,38,m,US,Female
703,1,1.0,Billy Joel,US,93,f,US,Male
703,2,0.6309297535714575,Billy Joel,US,93,f,US,Male
703,3,0.5,Tame Impala,US,93,f,AU,Male
703,4,0.43067655807339306,Robyn,US,93,f,SE,Female
703,5,0.38685280723454163,John Mayer,US,93,f,IN,Male
703,6,0.3562071871080222,Michael Sembello,US,93,f,US,Male
703,7,0.3333333333333333,Chuck Berry,US,93,f,US,Male
703,8,0.31546487678572877,Taylor Swift,US,93,f,US,Female
703,9,0.3010299956639812,Seal,US,93,f,UK,Male
703,10,0.2890648263178879,Edwyn Collins,US,93,f,UK,Male
704,1,1.0,Taylor Swift,BR,21,m,US,Female
704,2,0.6309297535714575,Troye Sivan,BR,21,m,AU,Male
704,3,0.5,Ariana Grande,BR,21,m,US,Female
704,4,0.43067655807339306,Lil Nas X,BR,21,m,US,Male
704,5,0.38685280723454163,Robyn,BR,21,m,SE,Female
704,6,0.3562071871080222,Ed Sheeran,BR,21,m,UK,Male
704,7,0.3333333333333333,Adele,BR,21,m,UK,Female
704,8,0.31546487678572877,Ariana Grande,BR,21,m,US,Female
704,9,0.3010299956639812,Paula Abdul,BR,21,m,US,Female
704,10,0.2890648263178879,Lorde,BR,21,m,NZ,Female
705,1,1.0,Milton Nascimento,BR,21,m,BR,Male
705,2,0.6309297535714575,Tulipa Ruiz,BR,21,m,BR,Female
705,3,0.5,Dan Sartain,BR,21,m,US,Male
705,4,0.43067655807339306,Geraldo Azevedo,BR,21,m,BR,Male
705,5,0.38685280723454163,Zé Ramalho,BR,21,m,BR,Male
705,6,0.3562071871080222,Marina Lima,BR,21,m,BR,Female
705,7,0.3333333333333333,Chico Buarque,BR,21,m,BR,Male
705,8,0.31546487678572877,Tim Maia,BR,21,m,BR,Male
705,9,0.3010299956639812,Raul Seixas,BR,21,m,BR,Male
705,10,0.2890648263178879,Queen Naija,BR,21,m,US,Female
706,1,1.0,Panda Bear,IT,20,m,US,Male
706,2,0.6309297535714575,Apparat,IT,20,m,DE,Male
706,3,0.5,Twin Shadow,IT,20,m,US,Male
706,4,0.43067655807339306,Tame Impala,IT,20,m,AU,Male
706,5,0.38685280723454163,James Blake,IT,20,m,UK,Male
706,6,0.3562071871080222,Grouper,IT,20,m,US,Female
706,7,0.3333333333333333,Four Tet,IT,20,m,UK,Male
706,8,0.31546487678572877,Oneohtrix Point Never,IT,20,m,US,Male
706,9,0.3010299956639812,Cass McCombs,IT,20,m,US,Male
706,10,0.2890648263178879,John Cale,IT,20,m,US,Male
707,1,1.0,Eagle-Eye Cherry,RU,21,m,SE,Male
707,2,0.6309297535714575,Haddaway,RU,21,m,DE,Male
707,3,0.5,Marilyn Manson,RU,21,m,US,Male
707,4,0.43067655807339306,Bryan Adams,RU,21,m,CA,Male
707,5,0.38685280723454163,Queen,RU,21,m,JP,Female
707,6,0.3562071871080222,Billy Joel,RU,21,m,US,Male
707,7,0.3333333333333333,Marilyn Manson,RU,21,m,US,Male
707,8,0.31546487678572877,Britney Spears,RU,21,m,US,Female
707,9,0.3010299956639812,Chuck Berry,RU,21,m,US,Male
707,10,0.2890648263178879,Michael Jackson,RU,21,m,US,Male
708,1,1.0,Michael Sembello,UK,48,m,US,Male
708,2,0.6309297535714575,Seal,UK,48,m,UK,Male
708,3,0.5,AFI,UK,48,m,US,Female
708,4,0.43067655807339306,Dolly Parton,UK,48,m,US,Female
708,5,0.38685280723454163,Marilyn Manson,UK,48,m,US,Male
708,6,0.3562071871080222,Miley Cyrus,UK,48,m,US,Non-binary
708,7,0.3333333333333333,Tame Impala,UK,48,m,AU,Male
708,8,0.31546487678572877,Roy Orbison,UK,48,m,US,Male
708,9,0.3010299956639812,Queen,UK,48,m,JP,Female
708,10,0.2890648263178879,Taylor Swift,UK,48,m,US,Female
709,1,1.0,John Maus,DE,18,m,US,Male
709,2,0.6309297535714575,Thom Yorke,DE,18,m,UK,Male
709,3,0.5,Weyes Blood,DE,18,m,US,Female
709,4,0.43067655807339306,Beck,DE,18,m,DK,Male
709,5,0.38685280723454163,Weyes Blood,DE,18,m,US,Female
709,6,0.3562071871080222,Jessica Pratt,DE,18,m,US,Female
709,7,0.3333333333333333,Twin Shadow,DE,18,m,US,Male
709,8,0.31546487678572877,Weyes Blood,DE,18,m,US,Female
709,9,0.3010299956639812,Toro y Moi,DE,18,m,US,Male
709,10,0.2890648263178879,Father John Misty,DE,18,m,US,Male
710,1,1.0,John Mayer,HU,33,m,IN,Male
710,2,0.6309297535714575,Michael Sembello,HU,33,m,US,Male
710,3,0.5,Duncan Laurence,HU,33,m,NL,Male
710,4,0.43067655807339306,Lana Del Rey,HU,33,m,US,Female
710,5,0.38685280723454163,Rita Ora,HU,33,m,UK,Female
710,6,0.3562071871080222,Chris Isaak,HU,33,m,US,Male
710,7,0.3333333333333333,Britney Spears,HU,33,m,US,Female
710,8,0.31546487678572877,Seal,HU,33,m,UK,Male
710,9,0.3010299956639812,Dolly Parton,HU,33,m,US,Female
710,10,0.2890648263178879,Adele,HU,33,m,UK,Female
712,1,1.0,Snail Mail,DE,18,m,US,Female
712,2,0.6309297535714575,Apparat,DE,18,m,DE,Male
712,3,0.5,Frank Ocean,DE,18,m,US,Male
712,4,0.43067655807339306,Janelle Monáe,DE,18,m,US,Non-binary
712,5,0.38685280723454163,Aldous Harding,DE,18,m,NZ,Female
712,6,0.3562071871080222,Weyes Blood,DE,18,m,US,Female
712,7,0.3333333333333333,Weyes Blood,DE,18,m,US,Female
712,8,0.31546487678572877,Frank Ocean,DE,18,m,US,Male
712,9,0.3010299956639812,Beck,DE,18,m,DK,Male
712,10,0.2890648263178879,Earl Sweatshirt,DE,18,m,US,Male
713,1,1.0,Robyn,DE,18,m,SE,Female
713,2,0.6309297535714575,Michael Sembello,DE,18,m,US,Male
713,3,0.5,Ariana Grande,DE,18,m,US,Female
713,4,0.43067655807339306,Dolly Parton,DE,18,m,US,Female
713,5,0.38685280723454163,Seal,DE,18,m,UK,Male
713,6,0.3562071871080222,Jessie J,DE,18,m,UK,Female
713,7,0.3333333333333333,Miley Cyrus,DE,18,m,US,Non-binary
713,8,0.31546487678572877,Moby,DE,18,m,US,Male
713,9,0.3010299956639812,Avril Lavigne,DE,18,m,CA,Female
713,10,0.2890648263178879,Justin Timberlake,DE,18,m,US,Male
714,1,1.0,John Maus,PL,20,f,US,Male
714,2,0.6309297535714575,Weyes Blood,PL,20,f,US,Female
714,3,0.5,Toro y Moi,PL,20,f,US,Male
714,4,0.43067655807339306,Apparat,PL,20,f,DE,Male
714,5,0.38685280723454163,Weyes Blood,PL,20,f,US,Female
714,6,0.3562071871080222,Jessica Pratt,PL,20,f,US,Female
714,7,0.3333333333333333,Twin Shadow,PL,20,f,US,Male
714,8,0.31546487678572877,Janelle Monáe,PL,20,f,US,Non-binary
714,9,0.3010299956639812,Snail Mail,PL,20,f,US,Female
714,10,0.2890648263178879,Toro y Moi,PL,20,f,US,Male
715,1,1.0,John Maus,RU,22,m,US,Male
715,2,0.6309297535714575,Aldous Harding,RU,22,m,NZ,Female
715,3,0.5,Thom Yorke,RU,22,m,UK,Male
715,4,0.43067655807339306,John Maus,RU,22,m,US,Male
715,5,0.38685280723454163,Snail Mail,RU,22,m,US,Female
715,6,0.3562071871080222,Julia Holter,RU,22,m,US,Female
715,7,0.3333333333333333,James Blake,RU,22,m,UK,Male
715,8,0.31546487678572877,Tame Impala,RU,22,m,AU,Male
715,9,0.3010299956639812,James Blake,RU,22,m,UK,Male
715,10,0.2890648263178879,Twin Shadow,RU,22,m,US,Male
716,1,1.0,Ed Sheeran,BG,24,m,UK,Male
716,2,0.6309297535714575,Björk,BG,24,m,IS,Female
716,3,0.5,Robyn,BG,24,m,SE,Female
716,4,0.43067655807339306,Ariana Grande,BG,24,m,US,Female
716,5,0.38685280723454163,Lil Nas X,BG,24,m,US,Male
716,6,0.3562071871080222,Marilyn Manson,BG,24,m,US,Male
716,7,0.3333333333333333,Tame Impala,BG,24,m,AU,Male
716,8,0.31546487678572877,Duncan Laurence,BG,24,m,NL,Male
716,9,0.3010299956639812,Moby,BG,24,m,US,Male
716,10,0.2890648263178879,Avril Lavigne,BG,24,m,CA,Female
717,1,1.0,Duncan Laurence,BR,22,f,NL,Male
717,2,0.6309297535714575,Marilyn Manson,BR,22,f,US,Male
717,3,0.5,AFI,BR,22,f,US,Female
717,4,0.43067655807339306,Miley Cyrus,BR,22,f,US,Non-binary
717,5,0.38685280723454163,Billy Joel,BR,22,f,US,Male
717,6,0.3562071871080222,Kelis,BR,22,f,US,Female
717,7,0.3333333333333333,Michael Sembello,BR,22,f,US,Male
717,8,0.31546487678572877,Avril Lavigne,BR,22,f,CA,Female
717,9,0.3010299956639812,Chris Isaak,BR,22,f,US,Male
717,10,0.2890648263178879,Sia,BR,22,f,AU,Female
718,1,1.0,AFI,US,20,m,US,Female
718,2,0.6309297535714575,Billy Joel,US,20,m,US,Male
718,3,0.5,Billy Joel,US,20,m,US,Male
718,4,0.43067655807339306,Marilyn Manson,US,20,m,US,Male
718,5,0.38685280723454163,Ed Sheeran,US,20,m,UK,Male
718,6,0.3562071871080222,Chris Isaak,US,20,m,US,Male
718,7,0.3333333333333333,Queen,US,20,m,JP,Female
718,8,0.31546487678572877,John Mayer,US,20,m,IN,Male
718,9,0.3010299956639812,Chuck Berry,US,20,m,US,Male
718,10,0.2890648263178879,Michael Sembello,US,20,m,US,Male
720,1,1.0,AFI,UK,20,m,US,Female
720,2,0.6309297535714575,Carpenter Brut,UK,20,m,FR,Male
720,3,0.5,Björk,UK,20,m,IS,Female
720,4,0.43067655807339306,Beck,UK,20,m,DK,Male
720,5,0.38685280723454163,Moby,UK,20,m,US,Male
720,6,0.3562071871080222,Marilyn Manson,UK,20,m,US,Male
720,7,0.3333333333333333,Marilyn Manson,UK,20,m,US,Male
720,8,0.31546487678572877,Eagle-Eye Cherry,UK,20,m,SE,Male
720,9,0.3010299956639812,Rob Zombie,UK,20,m,US,Male
720,10,0.2890648263178879,Marilyn Manson,UK,20,m,US,Male
721,1,1.0,Mahmundi,BR,19,f,BR,Female
721,2,0.6309297535714575,Chico Buarque,BR,19,f,BR,Male
721,3,0.5,Belchior,BR,19,f,BR,Male
721,4,0.43067655807339306,Chico Buarque,BR,19,f,BR,Male
721,5,0.38685280723454163,Gal Costa,BR,19,f,BR,Female
721,6,0.3562071871080222,Gilberto Gil,BR,19,f,BR,Male
721,7,0.3333333333333333,Caetano Veloso,BR,19,f,BR,Male
721,8,0.31546487678572877,Phill Veras,BR,19,f,BR,Male
721,9,0.3010299956639812,Chico Buarque,BR,19,f,BR,Male
721,10,0.2890648263178879,Djavan,BR,19,f,BR,Male
722,1,1.0,Lana Del Rey,ID,21,m,US,Female
722,2,0.6309297535714575,Billy Joel,ID,21,m,US,Male
722,3,0.5,Billy Joel,ID,21,m,US,Male
722,4,0.43067655807339306,Miley Cyrus,ID,21,m,US,Non-binary
722,5,0.38685280723454163,Duncan Laurence,ID,21,m,NL,Male
722,6,0.3562071871080222,Sia,ID,21,m,AU,Female
722,7,0.3333333333333333,Adele,ID,21,m,UK,Female
722,8,0.31546487678572877,Rita Ora,ID,21,m,UK,Female
722,9,0.3010299956639812,Dolly Parton,ID,21,m,US,Female
722,10,0.2890648263178879,George Ezra,ID,21,m,UK,Male
723,1,1.0,Thom Yorke,RU,16,m,UK,Male
723,2,0.6309297535714575,Apparat,RU,16,m,DE,Male
723,3,0.5,Toro y Moi,RU,16,m,US,Male
723,4,0.43067655807339306,Aldous Harding,RU,16,m,NZ,Female
723,5,0.38685280723454163,Weyes Blood,RU,16,m,US,Female
723,6,0.3562071871080222,Lana Del Rey,RU,16,m,US,Female
723,7,0.3333333333333333,Father John Misty,RU,16,m,US,Male
723,8,0.31546487678572877,DJ Shadow,RU,16,m,US,Male
723,9,0.3010299956639812,Jessica Pratt,RU,16,m,US,Female
723,10,0.2890648263178879,Ariana Grande,RU,16,m,US,Female
724,1,1.0,Ed Sheeran,CL,32,m,UK,Male
724,2,0.6309297535714575,Beck,CL,32,m,DK,Male
724,3,0.5,Billy Joel,CL,32,m,US,Male
724,4,0.43067655807339306,AFI,CL,32,m,US,Female
724,5,0.38685280723454163,Chris Isaak,CL,32,m,US,Male
724,6,0.3562071871080222,Michael Sembello,CL,32,m,US,Male
724,7,0.3333333333333333,Duncan Laurence,CL,32,m,NL,Male
724,8,0.31546487678572877,Seal,CL,32,m,UK,Male
724,9,0.3010299956639812,Marilyn Manson,CL,32,m,US,Male
724,10,0.2890648263178879,Miley Cyrus,CL,32,m,US,Non-binary
725,1,1.0,Four Tet,NL,27,f,UK,Male
725,2,0.6309297535714575,Toro y Moi,NL,27,f,US,Male
725,3,0.5,John Maus,NL,27,f,US,Male
725,4,0.43067655807339306,Thom Yorke,NL,27,f,UK,Male
725,5,0.38685280723454163,Apparat,NL,27,f,DE,Male
725,6,0.3562071871080222,John Maus,NL,27,f,US,Male
725,7,0.3333333333333333,Weyes Blood,NL,27,f,US,Female
725,8,0.31546487678572877,Aldous Harding,NL,27,f,NZ,Female
725,9,0.3010299956639812,Weyes Blood,NL,27,f,US,Female
725,10,0.2890648263178879,Travis Scott,NL,27,f,US,Male
726,1,1.0,Billy Joel,RU,19,m,US,Male
726,2,0.6309297535714575,Billy Joel,RU,19,m,US,Male
726,3,0.5,Chuck Berry,RU,19,m,US,Male
726,4,0.43067655807339306,Ed Sheeran,RU,19,m,UK,Male
726,5,0.38685280723454163,Edwyn Collins,RU,19,m,UK,Male
726,6,0.3562071871080222,Carpenter Brut,RU,19,m,FR,Male
726,7,0.3333333333333333,Michael Sembello,RU,19,m,US,Male
726,8,0.31546487678572877,Laura Branigan,RU,19,m,US,Female
726,9,0.3010299956639812,Dolly Parton,RU,19,m,US,Female
726,10,0.2890648263178879,John Mayer,RU,19,m,IN,Male
727,1,1.0,Billy Joel,RU,25,m,US,Male
727,2,0.6309297535714575,Billy Joel,RU,25,m,US,Male
727,3,0.5,Chris Isaak,RU,25,m,US,Male
727,4,0.43067655807339306,Dolly Parton,RU,25,m,US,Female
727,5,0.38685280723454163,John Mayer,RU,25,m,IN,Male
727,6,0.3562071871080222,Blue Stahli,RU,25,m,US,Male
727,7,0.3333333333333333,Duncan Laurence,RU,25,m,NL,Male
727,8,0.31546487678572877,Red,RU,25,m,PL,Male
727,9,0.3010299956639812,Ozzy Osbourne,RU,25,m,UK,Male
727,10,0.2890648263178879,Seal,RU,25,m,UK,Male
728,1,1.0,Britney Spears,JP,21,m,US,Female
728,2,0.6309297535714575,Lana Del Rey,JP,21,m,US,Female
728,3,0.5,Janelle Monáe,JP,21,m,US,Non-binary
728,4,0.43067655807339306,Ariana Grande,JP,21,m,US,Female
728,5,0.38685280723454163,Beyoncé,JP,21,m,US,Female
728,6,0.3562071871080222,Beck,JP,21,m,DK,Male
728,7,0.3333333333333333,Weyes Blood,JP,21,m,US,Female
728,8,0.31546487678572877,Weyes Blood,JP,21,m,US,Female
728,9,0.3010299956639812,Taylor Swift,JP,21,m,US,Female
728,10,0.2890648263178879,Frank Ocean,JP,21,m,US,Male
729,1,1.0,Bryan Adams,BR,23,m,CA,Male
729,2,0.6309297535714575,Eagle-Eye Cherry,BR,23,m,SE,Male
729,3,0.5,Billy Joel,BR,23,m,US,Male
729,4,0.43067655807339306,Moby,BR,23,m,US,Male
729,5,0.38685280723454163,Marilyn Manson,BR,23,m,US,Male
729,6,0.3562071871080222,Michael Sembello,BR,23,m,US,Male
729,7,0.3333333333333333,Aaron Smith,BR,23,m,US,Male
729,8,0.31546487678572877,Billy Joel,BR,23,m,US,Male
729,9,0.3010299956639812,Chris Isaak,BR,23,m,US,Male
729,10,0.2890648263178879,Edwyn Collins,BR,23,m,UK,Male
730,1,1.0,Queen,BR,21,m,JP,Female
730,2,0.6309297535714575,Edwyn Collins,BR,21,m,UK,Male
730,3,0.5,Björk,BR,21,m,IS,Female
730,4,0.43067655807339306,Marilyn Manson,BR,21,m,US,Male
730,5,0.38685280723454163,Lil Nas X,BR,21,m,US,Male
730,6,0.3562071871080222,Moby,BR,21,m,US,Male
730,7,0.3333333333333333,Robyn,BR,21,m,SE,Female
730,8,0.31546487678572877,Queen,BR,21,m,JP,Female
730,9,0.3010299956639812,Queen,BR,21,m,JP,Female
730,10,0.2890648263178879,George Ezra,BR,21,m,UK,Male
731,1,1.0,Lil Nas X,NO,24,f,US,Male
731,2,0.6309297535714575,Ed Sheeran,NO,24,f,UK,Male
731,3,0.5,Miley Cyrus,NO,24,f,US,Non-binary
731,4,0.43067655807339306,Lana Del Rey,NO,24,f,US,Female
731,5,0.38685280723454163,Sia,NO,24,f,AU,Female
731,6,0.3562071871080222,Rita Ora,NO,24,f,UK,Female
731,7,0.3333333333333333,Bryan Adams,NO,24,f,CA,Male
731,8,0.31546487678572877,Billy Joel,NO,24,f,US,Male
731,9,0.3010299956639812,Beck,NO,24,f,DK,Male
731,10,0.2890648263178879,Marilyn Manson,NO,24,f,US,Male
732,1,1.0,Marilyn Manson,RU,27,m,US,Male
732,2,0.6309297535714575,Marilyn Manson,RU,27,m,US,Male
732,3,0.5,Marilyn Manson,RU,27,m,US,Male
732,4,0.43067655807339306,Devin Townsend,RU,27,m,CA,Male
732,5,0.38685280723454163,Marilyn Manson,RU,27,m,US,Male
732,6,0.3562071871080222,Carpenter Brut,RU,27,m,FR,Male
732,7,0.3333333333333333,AFI,RU,27,m,US,Female
732,8,0.31546487678572877,Björk,RU,27,m,IS,Female
732,9,0.3010299956639812,Queen,RU,27,m,JP,Female
732,10,0.2890648263178879,Rob Zombie,RU,27,m,US,Male
733,1,1.0,Leonard Cohen,RU,21,m,CA,Male
733,2,0.6309297535714575,Marilyn Manson,RU,21,m,US,Male
733,3,0.5,Marilyn Manson,RU,21,m,US,Male
733,4,0.43067655807339306,Marilyn Manson,RU,21,m,US,Male
733,5,0.38685280723454163,Marilyn Manson,RU,21,m,US,Male
733,6,0.3562071871080222,AFI,RU,21,m,US,Female
733,7,0.3333333333333333,Marilyn Manson,RU,21,m,US,Male
733,8,0.31546487678572877,Marilyn Manson,RU,21,m,US,Male
733,9,0.3010299956639812,Marilyn Manson,RU,21,m,US,Male
733,10,0.2890648263178879,Queen,RU,21,m,JP,Female
734,1,1.0,John Mayer,BR,20,f,IN,Male
734,2,0.6309297535714575,Roy Orbison,BR,20,f,US,Male
734,3,0.5,Mariah Carey,BR,20,f,US,Female
734,4,0.43067655807339306,Bryan Adams,BR,20,f,CA,Male
734,5,0.38685280723454163,Rihanna,BR,20,f,UK,Female
734,6,0.3562071871080222,Eagle-Eye Cherry,BR,20,f,SE,Male
734,7,0.3333333333333333,Laura Branigan,BR,20,f,US,Female
734,8,0.31546487678572877,Billy Joel,BR,20,f,US,Male
734,9,0.3010299956639812,Taylor Swift,BR,20,f,US,Female
734,10,0.2890648263178879,Beck,BR,20,f,DK,Male
735,1,1.0,Apparat,ES,21,m,DE,Male
735,2,0.6309297535714575,Twin Shadow,ES,21,m,US,Male
735,3,0.5,Snail Mail,ES,21,m,US,Female
735,4,0.43067655807339306,Grouper,ES,21,m,US,Female
735,5,0.38685280723454163,Janelle Monáe,ES,21,m,US,Non-binary
735,6,0.3562071871080222,Beck,ES,21,m,DK,Male
735,7,0.3333333333333333,Wild Nothing,ES,21,m,US,Male
735,8,0.31546487678572877,Ariel Pink,ES,21,m,US,Male
735,9,0.3010299956639812,Father John Misty,ES,21,m,US,Male
735,10,0.2890648263178879,Chelsea Wolfe,ES,21,m,US,Female
736,1,1.0,James Blake,BR,17,f,UK,Male
736,2,0.6309297535714575,Toro y Moi,BR,17,f,US,Male
736,3,0.5,Apparat,BR,17,f,DE,Male
736,4,0.43067655807339306,Travis Scott,BR,17,f,US,Male
736,5,0.38685280723454163,Janelle Monáe,BR,17,f,US,Non-binary
736,6,0.3562071871080222,Twin Shadow,BR,17,f,US,Male
736,7,0.3333333333333333,Frank Ocean,BR,17,f,US,Male
736,8,0.31546487678572877,Lana Del Rey,BR,17,f,US,Female
736,9,0.3010299956639812,Julia Holter,BR,17,f,US,Female
736,10,0.2890648263178879,Frank Ocean,BR,17,f,US,Male
737,1,1.0,Ed Sheeran,BR,23,m,UK,Male
737,2,0.6309297535714575,Duncan Laurence,BR,23,m,NL,Male
737,3,0.5,Chris Isaak,BR,23,m,US,Male
737,4,0.43067655807339306,Edwyn Collins,BR,23,m,UK,Male
737,5,0.38685280723454163,Lil Nas X,BR,23,m,US,Male
737,6,0.3562071871080222,Robyn,BR,23,m,SE,Female
737,7,0.3333333333333333,Moby,BR,23,m,US,Male
737,8,0.31546487678572877,Ariana Grande,BR,23,m,US,Female
737,9,0.3010299956639812,Marilyn Manson,BR,23,m,US,Male
737,10,0.2890648263178879,Queen,BR,23,m,JP,Female
738,1,1.0,John Maus,US,19,m,US,Male
738,2,0.6309297535714575,Apparat,US,19,m,DE,Male
738,3,0.5,Weyes Blood,US,19,m,US,Female
738,4,0.43067655807339306,Snail Mail,US,19,m,US,Female
738,5,0.38685280723454163,Weyes Blood,US,19,m,US,Female
738,6,0.3562071871080222,Julia Holter,US,19,m,US,Female
738,7,0.3333333333333333,Grouper,US,19,m,US,Female
738,8,0.31546487678572877,Pional,US,19,m,ES,Male
738,9,0.3010299956639812,Janelle Monáe,US,19,m,US,Non-binary
738,10,0.2890648263178879,Tame Impala,US,19,m,AU,Male
739,1,1.0,Lil Nas X,SE,23,f,US,Male
739,2,0.6309297535714575,Billy Joel,SE,23,f,US,Male
739,3,0.5,Robyn,SE,23,f,SE,Female
739,4,0.43067655807339306,Michael Sembello,SE,23,f,US,Male
739,5,0.38685280723454163,Miley Cyrus,SE,23,f,US,Non-binary
739,6,0.3562071871080222,Edwyn Collins,SE,23,f,UK,Male
739,7,0.3333333333333333,Dolly Parton,SE,23,f,US,Female
739,8,0.31546487678572877,Laura Branigan,SE,23,f,US,Female
739,9,0.3010299956639812,Taylor Swift,SE,23,f,US,Female
739,10,0.2890648263178879,Björk,SE,23,f,IS,Female
740,1,1.0,Michael Sembello,EE,22,m,US,Male
740,2,0.6309297535714575,Duncan Laurence,EE,22,m,NL,Male
740,3,0.5,Lana Del Rey,EE,22,m,US,Female
740,4,0.43067655807339306,Ariana Grande,EE,22,m,US,Female
740,5,0.38685280723454163,Rita Ora,EE,22,m,UK,Female
740,6,0.3562071871080222,Kelis,EE,22,m,US,Female
740,7,0.3333333333333333,Dolly Parton,EE,22,m,US,Female
740,8,0.31546487678572877,Björk,EE,22,m,IS,Female
740,9,0.3010299956639812,Tame Impala,EE,22,m,AU,Male
740,10,0.2890648263178879,Ed Sheeran,EE,22,m,UK,Male
742,1,1.0,Lana Del Rey,BR,20,f,US,Female
742,2,0.6309297535714575,Miley Cyrus,BR,20,f,US,Non-binary
742,3,0.5,Rihanna,BR,20,f,UK,Female
742,4,0.43067655807339306,Ed Sheeran,BR,20,f,UK,Male
742,5,0.38685280723454163,Britney Spears,BR,20,f,US,Female
742,6,0.3562071871080222,Lil Nas X,BR,20,f,US,Male
742,7,0.3333333333333333,Haddaway,BR,20,f,DE,Male
742,8,0.31546487678572877,Troye Sivan,BR,20,f,AU,Male
742,9,0.3010299956639812,Ariana Grande,BR,20,f,US,Female
742,10,0.2890648263178879,J Balvin,BR,20,f,CO,Male
743,1,1.0,Miley Cyrus,US,21,f,US,Non-binary
743,2,0.6309297535714575,Tame Impala,US,21,f,AU,Male
743,3,0.5,James Blake,US,21,f,UK,Male
743,4,0.43067655807339306,Nicki Minaj,US,21,f,US,Female
743,5,0.38685280723454163,Frank Ocean,US,21,f,US,Male
743,6,0.3562071871080222,Ed Sheeran,US,21,f,UK,Male
743,7,0.3333333333333333,Kacey Musgraves,US,21,f,US,Female
743,8,0.31546487678572877,J Balvin,US,21,f,CO,Male
743,9,0.3010299956639812,Ariana Grande,US,21,f,US,Female
743,10,0.2890648263178879,Frank Ocean,US,21,f,US,Male
744,1,1.0,James Blake,SI,20,m,UK,Male
744,2,0.6309297535714575,Four Tet,SI,20,m,UK,Male
744,3,0.5,Apparat,SI,20,m,DE,Male
744,4,0.43067655807339306,Twin Shadow,SI,20,m,US,Male
744,5,0.38685280723454163,Toro y Moi,SI,20,m,US,Male
744,6,0.3562071871080222,Beck,SI,20,m,DK,Male
744,7,0.3333333333333333,Toro y Moi,SI,20,m,US,Male
744,8,0.31546487678572877,Kacey Musgraves,SI,20,m,US,Female
744,9,0.3010299956639812,Devin Townsend,SI,20,m,CA,Male
744,10,0.2890648263178879,Grouper,SI,20,m,US,Female
745,1,1.0,John Mayer,FR,28,m,IN,Male
745,2,0.6309297535714575,Lil Nas X,FR,28,m,US,Male
745,3,0.5,Ed Sheeran,FR,28,m,UK,Male
745,4,0.43067655807339306,Marilyn Manson,FR,28,m,US,Male
745,5,0.38685280723454163,Queen,FR,28,m,JP,Female
745,6,0.3562071871080222,Duncan Laurence,FR,28,m,NL,Male
745,7,0.3333333333333333,Michael Sembello,FR,28,m,US,Male
745,8,0.31546487678572877,Tame Impala,FR,28,m,AU,Male
745,9,0.3010299956639812,Robyn,FR,28,m,SE,Female
745,10,0.2890648263178879,Björk,FR,28,m,IS,Female
746,1,1.0,Britney Spears,BR,17,m,US,Female
746,2,0.6309297535714575,Ariana Grande,BR,17,m,US,Female
746,3,0.5,Miley Cyrus,BR,17,m,US,Non-binary
746,4,0.43067655807339306,Miley Cyrus,BR,17,m,US,Non-binary
746,5,0.38685280723454163,Travis Scott,BR,17,m,US,Male
746,6,0.3562071871080222,Beyoncé,BR,17,m,US,Female
746,7,0.3333333333333333,Ariana Grande,BR,17,m,US,Female
746,8,0.31546487678572877,Rita Ora,BR,17,m,UK,Female
746,9,0.3010299956639812,Mariah Carey,BR,17,m,US,Female
746,10,0.2890648263178879,Ed Sheeran,BR,17,m,UK,Male
747,1,1.0,Beck,BR,20,f,DK,Male
747,2,0.6309297535714575,Ed Sheeran,BR,20,f,UK,Male
747,3,0.5,AFI,BR,20,f,US,Female
747,4,0.43067655807339306,Duncan Laurence,BR,20,f,NL,Male
747,5,0.38685280723454163,John Mayer,BR,20,f,IN,Male
747,6,0.3562071871080222,Roy Orbison,BR,20,f,US,Male
747,7,0.3333333333333333,Miley Cyrus,BR,20,f,US,Non-binary
747,8,0.31546487678572877,Billy Joel,BR,20,f,US,Male
747,9,0.3010299956639812,Chuck Berry,BR,20,f,US,Male
747,10,0.2890648263178879,Ariana Grande,BR,20,f,US,Female
748,1,1.0,Queen,ID,19,m,JP,Female
748,2,0.6309297535714575,Seal,ID,19,m,UK,Male
748,3,0.5,Duncan Laurence,ID,19,m,NL,Male
748,4,0.43067655807339306,Björk,ID,19,m,IS,Female
748,5,0.38685280723454163,Edwyn Collins,ID,19,m,UK,Male
748,6,0.3562071871080222,Miley Cyrus,ID,19,m,US,Non-binary
748,7,0.3333333333333333,Avril Lavigne,ID,19,m,CA,Female
748,8,0.31546487678572877,Marilyn Manson,ID,19,m,US,Male
748,9,0.3010299956639812,Taylor Swift,ID,19,m,US,Female
748,10,0.2890648263178879,Moby,ID,19,m,US,Male
749,1,1.0,Billy Joel,RU,20,m,US,Male
749,2,0.6309297535714575,Edwyn Collins,RU,20,m,UK,Male
749,3,0.5,Dolly Parton,RU,20,m,US,Female
749,4,0.43067655807339306,John Mayer,RU,20,m,IN,Male
749,5,0.38685280723454163,Roy Orbison,RU,20,m,US,Male
749,6,0.3562071871080222,Duncan Laurence,RU,20,m,NL,Male
749,7,0.3333333333333333,Ed Sheeran,RU,20,m,UK,Male
749,8,0.31546487678572877,Rob Zombie,RU,20,m,US,Male
749,9,0.3010299956639812,Elvis Presley,RU,20,m,US,Male
749,10,0.2890648263178879,Tame Impala,RU,20,m,AU,Male
750,1,1.0,Billy Joel,PL,17,m,US,Male
750,2,0.6309297535714575,Toro y Moi,PL,17,m,US,Male
750,3,0.5,Bryan Adams,PL,17,m,CA,Male
750,4,0.43067655807339306,John Mayer,PL,17,m,IN,Male
750,5,0.38685280723454163,Janelle Monáe,PL,17,m,US,Non-binary
750,6,0.3562071871080222,Snail Mail,PL,17,m,US,Female
750,7,0.3333333333333333,Kurt Vile,PL,17,m,US,Male
750,8,0.31546487678572877,Ed Sheeran,PL,17,m,UK,Male
750,9,0.3010299956639812,Lil Nas X,PL,17,m,US,Male
750,10,0.2890648263178879,Four Tet,PL,17,m,UK,Male
751,1,1.0,Haddaway,PL,18,m,DE,Male
751,2,0.6309297535714575,Marilyn Manson,PL,18,m,US,Male
751,3,0.5,Billy Joel,PL,18,m,US,Male
751,4,0.43067655807339306,Bryan Adams,PL,18,m,CA,Male
751,5,0.38685280723454163,Marilyn Manson,PL,18,m,US,Male
751,6,0.3562071871080222,Moby,PL,18,m,US,Male
751,7,0.3333333333333333,Chuck Berry,PL,18,m,US,Male
751,8,0.31546487678572877,Björk,PL,18,m,IS,Female
751,9,0.3010299956639812,Ozzy Osbourne,PL,18,m,UK,Male
751,10,0.2890648263178879,Britney Spears,PL,18,m,US,Female
752,1,1.0,James Blake,FI,20,m,UK,Male
752,2,0.6309297535714575,AFI,FI,20,m,US,Female
752,3,0.5,Haddaway,FI,20,m,DE,Male
752,4,0.43067655807339306,Eagle-Eye Cherry,FI,20,m,SE,Male
752,5,0.38685280723454163,Robyn,FI,20,m,SE,Female
752,6,0.3562071871080222,Toro y Moi,FI,20,m,US,Male
752,7,0.3333333333333333,Billy Joel,FI,20,m,US,Male
752,8,0.31546487678572877,Thom Yorke,FI,20,m,UK,Male
752,9,0.3010299956639812,Kurt Vile,FI,20,m,US,Male
752,10,0.2890648263178879,Ariana Grande,FI,20,m,US,Female
753,1,1.0,Queen,PL,20,f,JP,Female
753,2,0.6309297535714575,Carpenter Brut,PL,20,f,FR,Male
753,3,0.5,Kurt Vile,PL,20,f,US,Male
753,4,0.43067655807339306,AFI,PL,20,f,US,Female
753,5,0.38685280723454163,James Blake,PL,20,f,UK,Male
753,6,0.3562071871080222,Thom Yorke,PL,20,f,UK,Male
753,7,0.3333333333333333,Snail Mail,PL,20,f,US,Female
753,8,0.31546487678572877,Marilyn Manson,PL,20,f,US,Male
753,9,0.3010299956639812,Toro y Moi,PL,20,f,US,Male
753,10,0.2890648263178879,Weyes Blood,PL,20,f,US,Female
754,1,1.0,Grouper,NZ,19,f,US,Female
754,2,0.6309297535714575,Pional,NZ,19,f,ES,Male
754,3,0.5,Oneohtrix Point Never,NZ,19,f,US,Male
754,4,0.43067655807339306,Janelle Monáe,NZ,19,f,US,Non-binary
754,5,0.38685280723454163,Wild Nothing,NZ,19,f,US,Male
754,6,0.3562071871080222,Kevin Morby,NZ,19,f,US,Male
754,7,0.3333333333333333,Beck,NZ,19,f,DK,Male
754,8,0.31546487678572877,Father John Misty,NZ,19,f,US,Male
754,9,0.3010299956639812,Perfume Genius,NZ,19,f,US,Male
754,10,0.2890648263178879,Björk,NZ,19,f,IS,Female
755,1,1.0,Lil Nas X,UA,19,f,US,Male
755,2,0.6309297535714575,Ariana Grande,UA,19,f,US,Female
755,3,0.5,Seal,UA,19,f,UK,Male
755,4,0.43067655807339306,Michael Sembello,UA,19,f,US,Male
755,5,0.38685280723454163,Duncan Laurence,UA,19,f,NL,Male
755,6,0.3562071871080222,Jessie J,UA,19,f,UK,Female
755,7,0.3333333333333333,Avril Lavigne,UA,19,f,CA,Female
755,8,0.31546487678572877,Miley Cyrus,UA,19,f,US,Non-binary
755,9,0.3010299956639812,Dolly Parton,UA,19,f,US,Female
755,10,0.2890648263178879,Sia,UA,19,f,AU,Female
756,1,1.0,Lil Nas X,DE,24,m,US,Male
756,2,0.6309297535714575,Ed Sheeran,DE,24,m,UK,Male
756,3,0.5,Lana Del Rey,DE,24,m,US,Female
756,4,0.43067655807339306,Haddaway,DE,24,m,DE,Male
756,5,0.38685280723454163,Britney Spears,DE,24,m,US,Female
756,6,0.3562071871080222,Beyoncé,DE,24,m,US,Female
756,7,0.3333333333333333,Rihanna,DE,24,m,UK,Female
756,8,0.31546487678572877,Britney Spears,DE,24,m,US,Female
756,9,0.3010299956639812,John Mayer,DE,24,m,IN,Male
756,10,0.2890648263178879,Billy Joel,DE,24,m,US,Male
757,1,1.0,Michael Sembello,UK,19,f,US,Male
757,2,0.6309297535714575,Beck,UK,19,f,DK,Male
757,3,0.5,Ariana Grande,UK,19,f,US,Female
757,4,0.43067655807339306,Seal,UK,19,f,UK,Male
757,5,0.38685280723454163,Dolly Parton,UK,19,f,US,Female
757,6,0.3562071871080222,Billy Joel,UK,19,f,US,Male
757,7,0.3333333333333333,AFI,UK,19,f,US,Female
757,8,0.31546487678572877,Ed Sheeran,UK,19,f,UK,Male
757,9,0.3010299956639812,Marilyn Manson,UK,19,f,US,Male
757,10,0.2890648263178879,Taylor Swift,UK,19,f,US,Female
758,1,1.0,Billy Joel,US,21,f,US,Male
758,2,0.6309297535714575,Ed Sheeran,US,21,f,UK,Male
758,3,0.5,John Mayer,US,21,f,IN,Male
758,4,0.43067655807339306,Michael Sembello,US,21,f,US,Male
758,5,0.38685280723454163,Queen,US,21,f,JP,Female
758,6,0.3562071871080222,Edwyn Collins,US,21,f,UK,Male
758,7,0.3333333333333333,Chris Isaak,US,21,f,US,Male
758,8,0.31546487678572877,Marilyn Manson,US,21,f,US,Male
758,9,0.3010299956639812,Seal,US,21,f,UK,Male
758,10,0.2890648263178879,Moby,US,21,f,US,Male
759,1,1.0,Britney Spears,DE,26,m,US,Female
759,2,0.6309297535714575,Marilyn Manson,DE,26,m,US,Male
759,3,0.5,Ed Sheeran,DE,26,m,UK,Male
759,4,0.43067655807339306,Duncan Laurence,DE,26,m,NL,Male
759,5,0.38685280723454163,Chris Isaak,DE,26,m,US,Male
759,6,0.3562071871080222,Marilyn Manson,DE,26,m,US,Male
759,7,0.3333333333333333,Björk,DE,26,m,IS,Female
759,8,0.31546487678572877,Britney Spears,DE,26,m,US,Female
759,9,0.3010299956639812,Moby,DE,26,m,US,Male
759,10,0.2890648263178879,Queen,DE,26,m,JP,Female
760,1,1.0,Lana Del Rey,UA,22,m,US,Female
760,2,0.6309297535714575,Miley Cyrus,UA,22,m,US,Non-binary
760,3,0.5,Sia,UA,22,m,AU,Female
760,4,0.43067655807339306,Britney Spears,UA,22,m,US,Female
760,5,0.38685280723454163,Rihanna,UA,22,m,UK,Female
760,6,0.3562071871080222,Troye Sivan,UA,22,m,AU,Male
760,7,0.3333333333333333,Lil Nas X,UA,22,m,US,Male
760,8,0.31546487678572877,Britney Spears,UA,22,m,US,Female
760,9,0.3010299956639812,Ed Sheeran,UA,22,m,UK,Male
760,10,0.2890648263178879,Haddaway,UA,22,m,DE,Male
761,1,1.0,Travis Scott,NL,23,f,US,Male
761,2,0.6309297535714575,Taylor Swift,NL,23,f,US,Female
761,3,0.5,Eagle-Eye Cherry,NL,23,f,SE,Male
761,4,0.43067655807339306,AFI,NL,23,f,US,Female
761,5,0.38685280723454163,Jessie J,NL,23,f,UK,Female
761,6,0.3562071871080222,Avril Lavigne,NL,23,f,CA,Female
761,7,0.3333333333333333,Beyoncé,NL,23,f,US,Female
761,8,0.31546487678572877,Dolly Parton,NL,23,f,US,Female
761,9,0.3010299956639812,James Blake,NL,23,f,UK,Male
761,10,0.2890648263178879,Bryan Adams,NL,23,f,CA,Male
762,1,1.0,Britney Spears,CA,24,m,US,Female
762,2,0.6309297535714575,Marilyn Manson,CA,24,m,US,Male
762,3,0.5,Britney Spears,CA,24,m,US,Female
762,4,0.43067655807339306,Billy Joel,CA,24,m,US,Male
762,5,0.38685280723454163,Lil Nas X,CA,24,m,US,Male
762,6,0.3562071871080222,Ed Sheeran,CA,24,m,UK,Male
762,7,0.3333333333333333,John Mayer,CA,24,m,IN,Male
762,8,0.31546487678572877,Michael Sembello,CA,24,m,US,Male
762,9,0.3010299956639812,Björk,CA,24,m,IS,Female
762,10,0.2890648263178879,Duncan Laurence,CA,24,m,NL,Male
763,1,1.0,Haddaway,RU,23,m,DE,Male
763,2,0.6309297535714575,Bryan Adams,RU,23,m,CA,Male
763,3,0.5,Billy Joel,RU,23,m,US,Male
763,4,0.43067655807339306,Björk,RU,23,m,IS,Female
763,5,0.38685280723454163,Rob Zombie,RU,23,m,US,Male
763,6,0.3562071871080222,Moby,RU,23,m,US,Male
763,7,0.3333333333333333,Chuck Berry,RU,23,m,US,Male
763,8,0.31546487678572877,Britney Spears,RU,23,m,US,Female
763,9,0.3010299956639812,Billy Joel,RU,23,m,US,Male
763,10,0.2890648263178879,Edwyn Collins,RU,23,m,UK,Male
764,1,1.0,Haddaway,PL,25,m,DE,Male
764,2,0.6309297535714575,Duncan Laurence,PL,25,m,NL,Male
764,3,0.5,Robyn,PL,25,m,SE,Female
764,4,0.43067655807339306,Miley Cyrus,PL,25,m,US,Non-binary
764,5,0.38685280723454163,Justin Timberlake,PL,25,m,US,Male
764,6,0.3562071871080222,Beck,PL,25,m,DK,Male
764,7,0.3333333333333333,Avril Lavigne,PL,25,m,CA,Female
764,8,0.31546487678572877,Queen,PL,25,m,JP,Female
764,9,0.3010299956639812,Marilyn Manson,PL,25,m,US,Male
764,10,0.2890648263178879,George Ezra,PL,25,m,UK,Male
765,1,1.0,Taylor Swift,BR,21,m,US,Female
765,2,0.6309297535714575,Britney Spears,BR,21,m,US,Female
765,3,0.5,Ed Sheeran,BR,21,m,UK,Male
765,4,0.43067655807339306,Ariana Grande,BR,21,m,US,Female
765,5,0.38685280723454163,Ariana Grande,BR,21,m,US,Female
765,6,0.3562071871080222,Rihanna,BR,21,m,UK,Female
765,7,0.3333333333333333,Jennifer Lopez,BR,21,m,US,Female
765,8,0.31546487678572877,Lana Del Rey,BR,21,m,US,Female
765,9,0.3010299956639812,John Mayer,BR,21,m,IN,Male
765,10,0.2890648263178879,Rita Ora,BR,21,m,UK,Female
766,1,1.0,Edwyn Collins,DE,17,m,UK,Male
766,2,0.6309297535714575,Sia,DE,17,m,AU,Female
766,3,0.5,Björk,DE,17,m,IS,Female
766,4,0.43067655807339306,Kelis,DE,17,m,US,Female
766,5,0.38685280723454163,Eminem,DE,17,m,US,Male
766,6,0.3562071871080222,Marilyn Manson,DE,17,m,US,Male
766,7,0.3333333333333333,Adele,DE,17,m,UK,Female
766,8,0.31546487678572877,Moby,DE,17,m,US,Male
766,9,0.3010299956639812,Eric Clapton,DE,17,m,UK,Male
766,10,0.2890648263178879,Mahmood,DE,17,m,IT,Male
767,1,1.0,AFI,RU,24,m,US,Female
767,2,0.6309297535714575,Haddaway,RU,24,m,DE,Male
767,3,0.5,Bryan Adams,RU,24,m,CA,Male
767,4,0.43067655807339306,Billy Joel,RU,24,m,US,Male
767,5,0.38685280723454163,Marilyn Manson,RU,24,m,US,Male
767,6,0.3562071871080222,Björk,RU,24,m,IS,Female
767,7,0.3333333333333333,Queen,RU,24,m,JP,Female
767,8,0.31546487678572877,Moby,RU,24,m,US,Male
767,9,0.3010299956639812,Britney Spears,RU,24,m,US,Female
767,10,0.2890648263178879,Chuck Berry,RU,24,m,US,Male
768,1,1.0,Rob Zombie,DE,18,m,US,Male
768,2,0.6309297535714575,Moby,DE,18,m,US,Male
768,3,0.5,Aaron Smith,DE,18,m,US,Male
768,4,0.43067655807339306,Björk,DE,18,m,IS,Female
768,5,0.38685280723454163,Beck,DE,18,m,DK,Male
768,6,0.3562071871080222,Celldweller,DE,18,m,US,Male
768,7,0.3333333333333333,Ozzy Osbourne,DE,18,m,UK,Male
768,8,0.31546487678572877,Serj Tankian,DE,18,m,US,Male
768,9,0.3010299956639812,Red,DE,18,m,PL,Male
768,10,0.2890648263178879,Mr.Kitty,DE,18,m,US,Male
769,1,1.0,Taylor Swift,US,22,m,US,Female
769,2,0.6309297535714575,Robyn,US,22,m,SE,Female
769,3,0.5,Ed Sheeran,US,22,m,UK,Male
769,4,0.43067655807339306,Beyoncé,US,22,m,US,Female
769,5,0.38685280723454163,Rihanna,US,22,m,UK,Female
769,6,0.3562071871080222,Mariah Carey,US,22,m,US,Female
769,7,0.3333333333333333,Ariana Grande,US,22,m,US,Female
769,8,0.31546487678572877,Avril Lavigne,US,22,m,CA,Female
769,9,0.3010299956639812,Paula Abdul,US,22,m,US,Female
769,10,0.2890648263178879,Mariah Carey,US,22,m,US,Female
770,1,1.0,Weyes Blood,FR,19,m,US,Female
770,2,0.6309297535714575,Billy Joel,FR,19,m,US,Male
770,3,0.5,Weyes Blood,FR,19,m,US,Female
770,4,0.43067655807339306,Jessica Pratt,FR,19,m,US,Female
770,5,0.38685280723454163,James Blake,FR,19,m,UK,Male
770,6,0.3562071871080222,Toro y Moi,FR,19,m,US,Male
770,7,0.3333333333333333,Travis Scott,FR,19,m,US,Male
770,8,0.31546487678572877,Tycho,FR,19,m,US,Male
770,9,0.3010299956639812,John Mayer,FR,19,m,IN,Male
770,10,0.2890648263178879,Björk,FR,19,m,IS,Female
771,1,1.0,Moby,PL,17,m,US,Male
771,2,0.6309297535714575,AFI,PL,17,m,US,Female
771,3,0.5,Marilyn Manson,PL,17,m,US,Male
771,4,0.43067655807339306,Perturbator,PL,17,m,FR,Male
771,5,0.38685280723454163,Blue Stahli,PL,17,m,US,Male
771,6,0.3562071871080222,Eagle-Eye Cherry,PL,17,m,SE,Male
771,7,0.3333333333333333,Marilyn Manson,PL,17,m,US,Male
771,8,0.31546487678572877,Ozzy Osbourne,PL,17,m,UK,Male
771,9,0.3010299956639812,Red,PL,17,m,PL,Male
771,10,0.2890648263178879,Haddaway,PL,17,m,DE,Male
772,1,1.0,Beck,FR,30,m,DK,Male
772,2,0.6309297535714575,YOB,FR,30,m,UK,Male
772,3,0.5,Nile,FR,30,m,US,Female
772,4,0.43067655807339306,Queen,FR,30,m,JP,Female
772,5,0.38685280723454163,Laura Branigan,FR,30,m,US,Female
772,6,0.3562071871080222,Billy Joel,FR,30,m,US,Male
772,7,0.3333333333333333,Nile,FR,30,m,US,Female
772,8,0.31546487678572877,AFI,FR,30,m,US,Female
772,9,0.3010299956639812,Bryan Adams,FR,30,m,CA,Male
772,10,0.2890648263178879,Queen,FR,30,m,JP,Female
773,1,1.0,Ed Sheeran,EE,19,m,UK,Male
773,2,0.6309297535714575,John Mayer,EE,19,m,IN,Male
773,3,0.5,Björk,EE,19,m,IS,Female
773,4,0.43067655807339306,Chris Isaak,EE,19,m,US,Male
773,5,0.38685280723454163,Edwyn Collins,EE,19,m,UK,Male
773,6,0.3562071871080222,Lil Nas X,EE,19,m,US,Male
773,7,0.3333333333333333,Duncan Laurence,EE,19,m,NL,Male
773,8,0.31546487678572877,Robyn,EE,19,m,SE,Female
773,9,0.3010299956639812,Moby,EE,19,m,US,Male
773,10,0.2890648263178879,Ozzy Osbourne,EE,19,m,UK,Male
774,1,1.0,Robyn,MX,21,f,SE,Female
774,2,0.6309297535714575,Dolly Parton,MX,21,f,US,Female
774,3,0.5,Duncan Laurence,MX,21,f,NL,Male
774,4,0.43067655807339306,Moby,MX,21,f,US,Male
774,5,0.38685280723454163,Seal,MX,21,f,UK,Male
774,6,0.3562071871080222,Avril Lavigne,MX,21,f,CA,Female
774,7,0.3333333333333333,Taylor Swift,MX,21,f,US,Female
774,8,0.31546487678572877,Miley Cyrus,MX,21,f,US,Non-binary
774,9,0.3010299956639812,Adele,MX,21,f,UK,Female
774,10,0.2890648263178879,Queen,MX,21,f,JP,Female
775,1,1.0,Taylor Swift,PL,16,f,US,Female
775,2,0.6309297535714575,Toro y Moi,PL,16,f,US,Male
775,3,0.5,Bryan Adams,PL,16,f,CA,Male
775,4,0.43067655807339306,John Mayer,PL,16,f,IN,Male
775,5,0.38685280723454163,Ariana Grande,PL,16,f,US,Female
775,6,0.3562071871080222,Lil Nas X,PL,16,f,US,Male
775,7,0.3333333333333333,Roy Orbison,PL,16,f,US,Male
775,8,0.31546487678572877,Ed Sheeran,PL,16,f,UK,Male
775,9,0.3010299956639812,Billy Joel,PL,16,f,US,Male
775,10,0.2890648263178879,AFI,PL,16,f,US,Female
776,1,1.0,Haddaway,RU,18,m,DE,Male
776,2,0.6309297535714575,Miley Cyrus,RU,18,m,US,Non-binary
776,3,0.5,Rita Ora,RU,18,m,UK,Female
776,4,0.43067655807339306,Sia,RU,18,m,AU,Female
776,5,0.38685280723454163,Ed Sheeran,RU,18,m,UK,Male
776,6,0.3562071871080222,Rihanna,RU,18,m,UK,Female
776,7,0.3333333333333333,Miley Cyrus,RU,18,m,US,Non-binary
776,8,0.31546487678572877,Beyoncé,RU,18,m,US,Female
776,9,0.3010299956639812,Britney Spears,RU,18,m,US,Female
776,10,0.2890648263178879,Britney Spears,RU,18,m,US,Female
777,1,1.0,Weyes Blood,RU,28,m,US,Female
777,2,0.6309297535714575,Thom Yorke,RU,28,m,UK,Male
777,3,0.5,John Maus,RU,28,m,US,Male
777,4,0.43067655807339306,Weyes Blood,RU,28,m,US,Female
777,5,0.38685280723454163,Janelle Monáe,RU,28,m,US,Non-binary
777,6,0.3562071871080222,Billy Joel,RU,28,m,US,Male
777,7,0.3333333333333333,Björk,RU,28,m,IS,Female
777,8,0.31546487678572877,Britney Spears,RU,28,m,US,Female
777,9,0.3010299956639812,Twin Shadow,RU,28,m,US,Male
777,10,0.2890648263178879,Jessica Pratt,RU,28,m,US,Female
778,1,1.0,Marilyn Manson,BG,25,m,US,Male
778,2,0.6309297535714575,Britney Spears,BG,25,m,US,Female
778,3,0.5,Queen,BG,25,m,JP,Female
778,4,0.43067655807339306,Björk,BG,25,m,IS,Female
778,5,0.38685280723454163,Marilyn Manson,BG,25,m,US,Male
778,6,0.3562071871080222,Ed Sheeran,BG,25,m,UK,Male
778,7,0.3333333333333333,Britney Spears,BG,25,m,US,Female
778,8,0.31546487678572877,John Mayer,BG,25,m,IN,Male
778,9,0.3010299956639812,Moby,BG,25,m,US,Male
778,10,0.2890648263178879,Chris Isaak,BG,25,m,US,Male
780,1,1.0,Bob Dylan,RU,19,m,US,Male
780,2,0.6309297535714575,Amanda Palmer,RU,19,m,US,Female
780,3,0.5,Nile,RU,19,m,US,Female
780,4,0.43067655807339306,Marisa Monte,RU,19,m,BR,Female
780,5,0.38685280723454163,The Kinks,RU,19,m,US,Male
780,6,0.3562071871080222,Machine Head,RU,19,m,JP,Male
780,7,0.3333333333333333,Queen,RU,19,m,JP,Female
780,8,0.31546487678572877,Devin Townsend,RU,19,m,CA,Male
780,9,0.3010299956639812,John Maus,RU,19,m,US,Male
780,10,0.2890648263178879,Queen,RU,19,m,JP,Female
781,1,1.0,AFI,RU,22,f,US,Female
781,2,0.6309297535714575,Eagle-Eye Cherry,RU,22,f,SE,Male
781,3,0.5,Marilyn Manson,RU,22,f,US,Male
781,4,0.43067655807339306,Haddaway,RU,22,f,DE,Male
781,5,0.38685280723454163,Björk,RU,22,f,IS,Female
781,6,0.3562071871080222,Billy Joel,RU,22,f,US,Male
781,7,0.3333333333333333,Bryan Adams,RU,22,f,CA,Male
781,8,0.31546487678572877,Perturbator,RU,22,f,FR,Male
781,9,0.3010299956639812,Queen,RU,22,f,JP,Female
781,10,0.2890648263178879,Chuck Berry,RU,22,f,US,Male
782,1,1.0,Toro y Moi,US,24,m,US,Male
782,2,0.6309297535714575,James Blake,US,24,m,UK,Male
782,3,0.5,Four Tet,US,24,m,UK,Male
782,4,0.43067655807339306,Kanye West,US,24,m,US,Male
782,5,0.38685280723454163,Janelle Monáe,US,24,m,US,Non-binary
782,6,0.3562071871080222,Ariana Grande,US,24,m,US,Female
782,7,0.3333333333333333,Earl Sweatshirt,US,24,m,US,Male
782,8,0.31546487678572877,Ariana Grande,US,24,m,US,Female
782,9,0.3010299956639812,Ariana Grande,US,24,m,US,Female
782,10,0.2890648263178879,Apparat,US,24,m,DE,Male
783,1,1.0,Travis Scott,BR,15,f,US,Male
783,2,0.6309297535714575,Rihanna,BR,15,f,UK,Female
783,3,0.5,Beyoncé,BR,15,f,US,Female
783,4,0.43067655807339306,Troye Sivan,BR,15,f,AU,Male
783,5,0.38685280723454163,Lorde,BR,15,f,NZ,Female
783,6,0.3562071871080222,Ariana Grande,BR,15,f,US,Female
783,7,0.3333333333333333,Ariana Grande,BR,15,f,US,Female
783,8,0.31546487678572877,Taylor Swift,BR,15,f,US,Female
783,9,0.3010299956639812,Robyn,BR,15,f,SE,Female
783,10,0.2890648263178879,Nicki Minaj,BR,15,f,US,Female
784,1,1.0,Snail Mail,BR,18,f,US,Female
784,2,0.6309297535714575,Thom Yorke,BR,18,f,UK,Male
784,3,0.5,Kurt Vile,BR,18,f,US,Male
784,4,0.43067655807339306,John Maus,BR,18,f,US,Male
784,5,0.38685280723454163,Toro y Moi,BR,18,f,US,Male
784,6,0.3562071871080222,James Blake,BR,18,f,UK,Male
784,7,0.3333333333333333,Apparat,BR,18,f,DE,Male
784,8,0.31546487678572877,Four Tet,BR,18,f,UK,Male
784,9,0.3010299956639812,Snail Mail,BR,18,f,US,Female
784,10,0.2890648263178879,James Blake,BR,18,f,UK,Male
785,1,1.0,Duncan Laurence,AR,22,m,NL,Male
785,2,0.6309297535714575,Lil Nas X,AR,22,m,US,Male
785,3,0.5,Tame Impala,AR,22,m,AU,Male
785,4,0.43067655807339306,Moby,AR,22,m,US,Male
785,5,0.38685280723454163,Ariana Grande,AR,22,m,US,Female
785,6,0.3562071871080222,Ozzy Osbourne,AR,22,m,UK,Male
785,7,0.3333333333333333,Queen,AR,22,m,JP,Female
785,8,0.31546487678572877,Queen,AR,22,m,JP,Female
785,9,0.3010299956639812,Avril Lavigne,AR,22,m,CA,Female
785,10,0.2890648263178879,Marilyn Manson,AR,22,m,US,Male
787,1,1.0,Billy Joel,BR,18,m,US,Male
787,2,0.6309297535714575,Michael Sembello,BR,18,m,US,Male
787,3,0.5,Duncan Laurence,BR,18,m,NL,Male
787,4,0.43067655807339306,Queen,BR,18,m,JP,Female
787,5,0.38685280723454163,Chris Isaak,BR,18,m,US,Male
787,6,0.3562071871080222,Marilyn Manson,BR,18,m,US,Male
787,7,0.3333333333333333,Edwyn Collins,BR,18,m,UK,Male
787,8,0.31546487678572877,Seal,BR,18,m,UK,Male
787,9,0.3010299956639812,Robyn,BR,18,m,SE,Female
787,10,0.2890648263178879,Rob Zombie,BR,18,m,US,Male
788,1,1.0,Beck,US,18,m,DK,Male
788,2,0.6309297535714575,Queen,US,18,m,JP,Female
788,3,0.5,Mr.Kitty,US,18,m,US,Male
788,4,0.43067655807339306,Klaas,US,18,m,DE,Male
788,5,0.38685280723454163,AFI,US,18,m,US,Female
788,6,0.3562071871080222,Rush,US,18,m,US,Male
788,7,0.3333333333333333,Miracle of Sound,US,18,m,IE,Male
788,8,0.31546487678572877,Serj Tankian,US,18,m,US,Male
788,9,0.3010299956639812,Marilyn Manson,US,18,m,US,Male
788,10,0.2890648263178879,Zella Day,US,18,m,US,Female
789,1,1.0,Twin Shadow,UK,17,m,US,Male
789,2,0.6309297535714575,Billy Joel,UK,17,m,US,Male
789,3,0.5,Snail Mail,UK,17,m,US,Female
789,4,0.43067655807339306,Julia Holter,UK,17,m,US,Female
789,5,0.38685280723454163,Toro y Moi,UK,17,m,US,Male
789,6,0.3562071871080222,Father John Misty,UK,17,m,US,Male
789,7,0.3333333333333333,Frank Ocean,UK,17,m,US,Male
789,8,0.31546487678572877,Tame Impala,UK,17,m,AU,Male
789,9,0.3010299956639812,Kacey Musgraves,UK,17,m,US,Female
789,10,0.2890648263178879,Ry x,UK,17,m,AU,Male
790,1,1.0,Eagle-Eye Cherry,UK,30,f,SE,Male
790,2,0.6309297535714575,Queen,UK,30,f,JP,Female
790,3,0.5,Blue Stahli,UK,30,f,US,Male
790,4,0.43067655807339306,Marilyn Manson,UK,30,f,US,Male
790,5,0.38685280723454163,Marilyn Manson,UK,30,f,US,Male
790,6,0.3562071871080222,Ozzy Osbourne,UK,30,f,UK,Male
790,7,0.3333333333333333,Bryan Adams,UK,30,f,CA,Male
790,8,0.31546487678572877,Chuck Berry,UK,30,f,US,Male
790,9,0.3010299956639812,Chris Isaak,UK,30,f,US,Male
790,10,0.2890648263178879,Roy Orbison,UK,30,f,US,Male
792,1,1.0,Lana Del Rey,US,36,m,US,Female
792,2,0.6309297535714575,John Mayer,US,36,m,IN,Male
792,3,0.5,Adele,US,36,m,UK,Female
792,4,0.43067655807339306,Britney Spears,US,36,m,US,Female
792,5,0.38685280723454163,Ariana Grande,US,36,m,US,Female
792,6,0.3562071871080222,Bryan Adams,US,36,m,CA,Male
792,7,0.3333333333333333,Troye Sivan,US,36,m,AU,Male
792,8,0.31546487678572877,Norah Jones,US,36,m,US,Female
792,9,0.3010299956639812,Sia,US,36,m,AU,Female
792,10,0.2890648263178879,Duncan Laurence,US,36,m,NL,Male
793,1,1.0,Rihanna,PL,16,m,UK,Female
793,2,0.6309297535714575,Lil Nas X,PL,16,m,US,Male
793,3,0.5,Britney Spears,PL,16,m,US,Female
793,4,0.43067655807339306,Dawn Richard,PL,16,m,US,Female
793,5,0.38685280723454163,Toro y Moi,PL,16,m,US,Male
793,6,0.3562071871080222,Miley Cyrus,PL,16,m,US,Non-binary
793,7,0.3333333333333333,Kanye West,PL,16,m,US,Male
793,8,0.31546487678572877,Sia,PL,16,m,AU,Female
793,9,0.3010299956639812,Lorde,PL,16,m,NZ,Female
793,10,0.2890648263178879,Britney Spears,PL,16,m,US,Female
794,1,1.0,Taylor Swift,PL,18,f,US,Female
794,2,0.6309297535714575,Björk,PL,18,f,IS,Female
794,3,0.5,Queen,PL,18,f,JP,Female
794,4,0.43067655807339306,Edwyn Collins,PL,18,f,UK,Male
794,5,0.38685280723454163,Sia,PL,18,f,AU,Female
794,6,0.3562071871080222,Miley Cyrus,PL,18,f,US,Non-binary
794,7,0.3333333333333333,Adele,PL,18,f,UK,Female
794,8,0.31546487678572877,Ed Sheeran,PL,18,f,UK,Male
794,9,0.3010299956639812,Ariana Grande,PL,18,f,US,Female
794,10,0.2890648263178879,Marilyn Manson,PL,18,f,US,Male
795,1,1.0,Ed Sheeran,US,19,m,UK,Male
795,2,0.6309297535714575,Queen,US,19,m,JP,Female
795,3,0.5,Marilyn Manson,US,19,m,US,Male
795,4,0.43067655807339306,Robyn,US,19,m,SE,Female
795,5,0.38685280723454163,Moby,US,19,m,US,Male
795,6,0.3562071871080222,Ed Sheeran,US,19,m,UK,Male
795,7,0.3333333333333333,Miley Cyrus,US,19,m,US,Non-binary
795,8,0.31546487678572877,Elvis Presley,US,19,m,US,Male
795,9,0.3010299956639812,Ariana Grande,US,19,m,US,Female
795,10,0.2890648263178879,Justin Timberlake,US,19,m,US,Male
796,1,1.0,Serj Tankian,RU,18,m,US,Male
796,2,0.6309297535714575,Queen,RU,18,m,JP,Female
796,3,0.5,Blue Stahli,RU,18,m,US,Male
796,4,0.43067655807339306,Marilyn Manson,RU,18,m,US,Male
796,5,0.38685280723454163,Marilyn Manson,RU,18,m,US,Male
796,6,0.3562071871080222,Beck,RU,18,m,DK,Male
796,7,0.3333333333333333,Red,RU,18,m,PL,Male
796,8,0.31546487678572877,Ozzy Osbourne,RU,18,m,UK,Male
796,9,0.3010299956639812,AFI,RU,18,m,US,Female
796,10,0.2890648263178879,Christine and the Queens,RU,18,m,FR,Male
797,1,1.0,Billy Joel,BR,22,m,US,Male
797,2,0.6309297535714575,Ed Sheeran,BR,22,m,UK,Male
797,3,0.5,Michael Sembello,BR,22,m,US,Male
797,4,0.43067655807339306,John Mayer,BR,22,m,IN,Male
797,5,0.38685280723454163,Dolly Parton,BR,22,m,US,Female
797,6,0.3562071871080222,Lil Nas X,BR,22,m,US,Male
797,7,0.3333333333333333,Edwyn Collins,BR,22,m,UK,Male
797,8,0.31546487678572877,Seal,BR,22,m,UK,Male
797,9,0.3010299956639812,Duncan Laurence,BR,22,m,NL,Male
797,10,0.2890648263178879,Moby,BR,22,m,US,Male
798,1,1.0,Billy Joel,SE,25,m,US,Male
798,2,0.6309297535714575,John Mayer,SE,25,m,IN,Male
798,3,0.5,Billy Joel,SE,25,m,US,Male
798,4,0.43067655807339306,Robyn,SE,25,m,SE,Female
798,5,0.38685280723454163,Marilyn Manson,SE,25,m,US,Male
798,6,0.3562071871080222,Chuck Berry,SE,25,m,US,Male
798,7,0.3333333333333333,Dolly Parton,SE,25,m,US,Female
798,8,0.31546487678572877,Queen,SE,25,m,JP,Female
798,9,0.3010299956639812,Seal,SE,25,m,UK,Male
798,10,0.2890648263178879,Laura Branigan,SE,25,m,US,Female
799,1,1.0,Queen,PL,17,m,JP,Female
799,2,0.6309297535714575,Britney Spears,PL,17,m,US,Female
799,3,0.5,Chris Isaak,PL,17,m,US,Male
799,4,0.43067655807339306,Edwyn Collins,PL,17,m,UK,Male
799,5,0.38685280723454163,Duncan Laurence,PL,17,m,NL,Male
799,6,0.3562071871080222,Britney Spears,PL,17,m,US,Female
799,7,0.3333333333333333,Lil Nas X,PL,17,m,US,Male
799,8,0.31546487678572877,Queen,PL,17,m,JP,Female
799,9,0.3010299956639812,Moby,PL,17,m,US,Male
799,10,0.2890648263178879,Justin Timberlake,PL,17,m,US,Male
800,1,1.0,Tame Impala,US,21,f,AU,Male
800,2,0.6309297535714575,John Maus,US,21,f,US,Male
800,3,0.5,Snail Mail,US,21,f,US,Female
800,4,0.43067655807339306,Kurt Vile,US,21,f,US,Male
800,5,0.38685280723454163,Thom Yorke,US,21,f,UK,Male
800,6,0.3562071871080222,Weyes Blood,US,21,f,US,Female
800,7,0.3333333333333333,John Maus,US,21,f,US,Male
800,8,0.31546487678572877,Weyes Blood,US,21,f,US,Female
800,9,0.3010299956639812,Billy Joel,US,21,f,US,Male
800,10,0.2890648263178879,Janelle Monáe,US,21,f,US,Non-binary
801,1,1.0,Queen,PL,21,m,JP,Female
801,2,0.6309297535714575,Bryan Adams,PL,21,m,CA,Male
801,3,0.5,Billy Joel,PL,21,m,US,Male
801,4,0.43067655807339306,Aaron Smith,PL,21,m,US,Male
801,5,0.38685280723454163,Björk,PL,21,m,IS,Female
801,6,0.3562071871080222,Chuck Berry,PL,21,m,US,Male
801,7,0.3333333333333333,Marilyn Manson,PL,21,m,US,Male
801,8,0.31546487678572877,Lil Nas X,PL,21,m,US,Male
801,9,0.3010299956639812,Marilyn Manson,PL,21,m,US,Male
801,10,0.2890648263178879,Mr.Kitty,PL,21,m,US,Male
802,1,1.0,Sia,BR,20,m,AU,Female
802,2,0.6309297535714575,Tove Lo,BR,20,m,SE,Female
802,3,0.5,Robyn,BR,20,m,SE,Female
802,4,0.43067655807339306,Billy Joel,BR,20,m,US,Male
802,5,0.38685280723454163,Sia,BR,20,m,AU,Female
802,6,0.3562071871080222,Nicki Minaj,BR,20,m,US,Female
802,7,0.3333333333333333,Madison Beer,BR,20,m,US,Female
802,8,0.31546487678572877,Britney Spears,BR,20,m,US,Female
802,9,0.3010299956639812,Rihanna,BR,20,m,UK,Female
802,10,0.2890648263178879,Melanie Martinez,BR,20,m,US,Female
803,1,1.0,Ariana Grande,US,18,f,US,Female
803,2,0.6309297535714575,Lana Del Rey,US,18,f,US,Female
803,3,0.5,Britney Spears,US,18,f,US,Female
803,4,0.43067655807339306,Sia,US,18,f,AU,Female
803,5,0.38685280723454163,Ariana Grande,US,18,f,US,Female
803,6,0.3562071871080222,Taylor Swift,US,18,f,US,Female
803,7,0.3333333333333333,Ariana Grande,US,18,f,US,Female
803,8,0.31546487678572877,Ed Sheeran,US,18,f,UK,Male
803,9,0.3010299956639812,Britney Spears,US,18,f,US,Female
803,10,0.2890648263178879,Miley Cyrus,US,18,f,US,Non-binary
804,1,1.0,Sam Hunt,NL,20,m,NZ,Male
804,2,0.6309297535714575,Kelsea Ballerini,NL,20,m,US,Female
804,3,0.5,Darius Rucker,NL,20,m,US,Male
804,4,0.43067655807339306,Marisa Monte,NL,20,m,BR,Female
804,5,0.38685280723454163,Ellen Oléria,NL,20,m,BR,Female
804,6,0.3562071871080222,Akon,NL,20,m,SN,Male
804,7,0.3333333333333333,Projota,NL,20,m,BR,Male
804,8,0.31546487678572877,Marisa Monte,NL,20,m,BR,Female
804,9,0.3010299956639812,Trent Tomlinson,NL,20,m,US,Male
804,10,0.2890648263178879,Gavin DeGraw,NL,20,m,US,Male
805,1,1.0,Queen,DE,26,m,JP,Female
805,2,0.6309297535714575,Beck,DE,26,m,DK,Male
805,3,0.5,Laura Branigan,DE,26,m,US,Female
805,4,0.43067655807339306,Queen,DE,26,m,JP,Female
805,5,0.38685280723454163,Queen,DE,26,m,JP,Female
805,6,0.3562071871080222,Marisa Monte,DE,26,m,BR,Female
805,7,0.3333333333333333,Chelsea Wolfe,DE,26,m,US,Female
805,8,0.31546487678572877,Moby,DE,26,m,US,Male
805,9,0.3010299956639812,Marilyn Manson,DE,26,m,US,Male
805,10,0.2890648263178879,AFI,DE,26,m,US,Female
806,1,1.0,Haddaway,BR,17,f,DE,Male
806,2,0.6309297535714575,Lana Del Rey,BR,17,f,US,Female
806,3,0.5,Ariana Grande,BR,17,f,US,Female
806,4,0.43067655807339306,John Mayer,BR,17,f,IN,Male
806,5,0.38685280723454163,Travis Scott,BR,17,f,US,Male
806,6,0.3562071871080222,Eagle-Eye Cherry,BR,17,f,SE,Male
806,7,0.3333333333333333,Ariana Grande,BR,17,f,US,Female
806,8,0.31546487678572877,Bryan Adams,BR,17,f,CA,Male
806,9,0.3010299956639812,Ariana Grande,BR,17,f,US,Female
806,10,0.2890648263178879,Adele,BR,17,f,UK,Female
807,1,1.0,Snail Mail,SK,21,m,US,Female
807,2,0.6309297535714575,Janelle Monáe,SK,21,m,US,Non-binary
807,3,0.5,Billy Joel,SK,21,m,US,Male
807,4,0.43067655807339306,Julia Holter,SK,21,m,US,Female
807,5,0.38685280723454163,Tame Impala,SK,21,m,AU,Male
807,6,0.3562071871080222,Wild Nothing,SK,21,m,US,Male
807,7,0.3333333333333333,Toro y Moi,SK,21,m,US,Male
807,8,0.31546487678572877,Kacey Musgraves,SK,21,m,US,Female
807,9,0.3010299956639812,Oneohtrix Point Never,SK,21,m,US,Male
807,10,0.2890648263178879,Frank Ocean,SK,21,m,US,Male
808,1,1.0,Janelle Monáe,BR,20,m,US,Non-binary
808,2,0.6309297535714575,Lana Del Rey,BR,20,m,US,Female
808,3,0.5,Snail Mail,BR,20,m,US,Female
808,4,0.43067655807339306,Taylor Swift,BR,20,m,US,Female
808,5,0.38685280723454163,Kanye West,BR,20,m,US,Male
808,6,0.3562071871080222,Beck,BR,20,m,DK,Male
808,7,0.3333333333333333,John Maus,BR,20,m,US,Male
808,8,0.31546487678572877,Jessie J,BR,20,m,UK,Female
808,9,0.3010299956639812,Toro y Moi,BR,20,m,US,Male
808,10,0.2890648263178879,Ariana Grande,BR,20,m,US,Female
809,1,1.0,Bryan Adams,US,15,f,CA,Male
809,2,0.6309297535714575,Michael Sembello,US,15,f,US,Male
809,3,0.5,Tame Impala,US,15,f,AU,Male
809,4,0.43067655807339306,AFI,US,15,f,US,Female
809,5,0.38685280723454163,Billy Joel,US,15,f,US,Male
809,6,0.3562071871080222,Mahmood,US,15,f,IT,Male
809,7,0.3333333333333333,Chuck Berry,US,15,f,US,Male
809,8,0.31546487678572877,Dolly Parton,US,15,f,US,Female
809,9,0.3010299956639812,George Ezra,US,15,f,UK,Male
809,10,0.2890648263178879,Taylor Swift,US,15,f,US,Female
810,1,1.0,John Maus,NL,17,m,US,Male
810,2,0.6309297535714575,Beck,NL,17,m,DK,Male
810,3,0.5,Thom Yorke,NL,17,m,UK,Male
810,4,0.43067655807339306,Billy Joel,NL,17,m,US,Male
810,5,0.38685280723454163,Jessica Pratt,NL,17,m,US,Female
810,6,0.3562071871080222,Beyoncé,NL,17,m,US,Female
810,7,0.3333333333333333,Haddaway,NL,17,m,DE,Male
810,8,0.31546487678572877,Toro y Moi,NL,17,m,US,Male
810,9,0.3010299956639812,John Mayer,NL,17,m,IN,Male
810,10,0.2890648263178879,Twin Shadow,NL,17,m,US,Male
811,1,1.0,Marilyn Manson,RU,24,m,US,Male
811,2,0.6309297535714575,Marilyn Manson,RU,24,m,US,Male
811,3,0.5,Marilyn Manson,RU,24,m,US,Male
811,4,0.43067655807339306,Ozzy Osbourne,RU,24,m,UK,Male
811,5,0.38685280723454163,Marilyn Manson,RU,24,m,US,Male
811,6,0.3562071871080222,Devin Townsend,RU,24,m,CA,Male
811,7,0.3333333333333333,Marilyn Manson,RU,24,m,US,Male
811,8,0.31546487678572877,Ozzy Osbourne,RU,24,m,UK,Male
811,9,0.3010299956639812,Carpenter Brut,RU,24,m,FR,Male
811,10,0.2890648263178879,Björk,RU,24,m,IS,Female
812,1,1.0,Michael Sembello,US,42,m,US,Male
812,2,0.6309297535714575,John Mayer,US,42,m,IN,Male
812,3,0.5,Roy Orbison,US,42,m,US,Male
812,4,0.43067655807339306,Björk,US,42,m,IS,Female
812,5,0.38685280723454163,Chris Isaak,US,42,m,US,Male
812,6,0.3562071871080222,Dolly Parton,US,42,m,US,Female
812,7,0.3333333333333333,Seal,US,42,m,UK,Male
812,8,0.31546487678572877,Duncan Laurence,US,42,m,NL,Male
812,9,0.3010299956639812,Edwyn Collins,US,42,m,UK,Male
812,10,0.2890648263178879,Moby,US,42,m,US,Male
813,1,1.0,Father John Misty,PH,17,m,US,Male
813,2,0.6309297535714575,Sufjan Stevens,PH,17,m,US,Male
813,3,0.5,Fever Ray,PH,17,m,SE,Non-binary
813,4,0.43067655807339306,Dido,PH,17,m,UK,Female
813,5,0.38685280723454163,"ZEDD, Katy Perry",PH,17,m,US,Female
813,6,0.3562071871080222,Kylie Minogue,PH,17,m,AU,Female
813,7,0.3333333333333333,Ásgeir,PH,17,m,IS,Male
813,8,0.31546487678572877,Michelle Branch,PH,17,m,US,Female
813,9,0.3010299956639812,Kylie Minogue,PH,17,m,AU,Female
813,10,0.2890648263178879,Fever Ray,PH,17,m,SE,Non-binary
814,1,1.0,Robyn,BR,19,f,SE,Female
814,2,0.6309297535714575,Billy Joel,BR,19,f,US,Male
814,3,0.5,Lana Del Rey,BR,19,f,US,Female
814,4,0.43067655807339306,Bryan Adams,BR,19,f,CA,Male
814,5,0.38685280723454163,Dolly Parton,BR,19,f,US,Female
814,6,0.3562071871080222,Toro y Moi,BR,19,f,US,Male
814,7,0.3333333333333333,Travis Scott,BR,19,f,US,Male
814,8,0.31546487678572877,Aldous Harding,BR,19,f,NZ,Female
814,9,0.3010299956639812,Janelle Monáe,BR,19,f,US,Non-binary
814,10,0.2890648263178879,John Mayer,BR,19,f,IN,Male
815,1,1.0,Miley Cyrus,FI,17,m,US,Non-binary
815,2,0.6309297535714575,Lil Nas X,FI,17,m,US,Male
815,3,0.5,Jessie J,FI,17,m,UK,Female
815,4,0.43067655807339306,Edwyn Collins,FI,17,m,UK,Male
815,5,0.38685280723454163,Adele,FI,17,m,UK,Female
815,6,0.3562071871080222,AFI,FI,17,m,US,Female
815,7,0.3333333333333333,Sia,FI,17,m,AU,Female
815,8,0.31546487678572877,Paula Abdul,FI,17,m,US,Female
815,9,0.3010299956639812,Ed Sheeran,FI,17,m,UK,Male
815,10,0.2890648263178879,Dolly Parton,FI,17,m,US,Female
816,1,1.0,Ed Sheeran,CL,18,m,UK,Male
816,2,0.6309297535714575,Tame Impala,CL,18,m,AU,Male
816,3,0.5,Dolly Parton,CL,18,m,US,Female
816,4,0.43067655807339306,Robyn,CL,18,m,SE,Female
816,5,0.38685280723454163,Marilyn Manson,CL,18,m,US,Male
816,6,0.3562071871080222,Michael Sembello,CL,18,m,US,Male
816,7,0.3333333333333333,Chris Isaak,CL,18,m,US,Male
816,8,0.31546487678572877,George Ezra,CL,18,m,UK,Male
816,9,0.3010299956639812,Seal,CL,18,m,UK,Male
816,10,0.2890648263178879,Björk,CL,18,m,IS,Female
817,1,1.0,Marilyn Manson,FI,20,m,US,Male
817,2,0.6309297535714575,Michael Sembello,FI,20,m,US,Male
817,3,0.5,Duncan Laurence,FI,20,m,NL,Male
817,4,0.43067655807339306,Chris Isaak,FI,20,m,US,Male
817,5,0.38685280723454163,Queen,FI,20,m,JP,Female
817,6,0.3562071871080222,Seal,FI,20,m,UK,Male
817,7,0.3333333333333333,Björk,FI,20,m,IS,Female
817,8,0.31546487678572877,Edwyn Collins,FI,20,m,UK,Male
817,9,0.3010299956639812,Jessie J,FI,20,m,UK,Female
817,10,0.2890648263178879,Taylor Swift,FI,20,m,US,Female
818,1,1.0,Britney Spears,US,21,f,US,Female
818,2,0.6309297535714575,Roy Orbison,US,21,f,US,Male
818,3,0.5,Michael Sembello,US,21,f,US,Male
818,4,0.43067655807339306,Billy Joel,US,21,f,US,Male
818,5,0.38685280723454163,John Mayer,US,21,f,IN,Male
818,6,0.3562071871080222,Björk,US,21,f,IS,Female
818,7,0.3333333333333333,Lil Nas X,US,21,f,US,Male
818,8,0.31546487678572877,Britney Spears,US,21,f,US,Female
818,9,0.3010299956639812,Ed Sheeran,US,21,f,UK,Male
818,10,0.2890648263178879,Duncan Laurence,US,21,f,NL,Male
819,1,1.0,John Maus,FR,27,m,US,Male
819,2,0.6309297535714575,Aldous Harding,FR,27,m,NZ,Female
819,3,0.5,Thom Yorke,FR,27,m,UK,Male
819,4,0.43067655807339306,John Maus,FR,27,m,US,Male
819,5,0.38685280723454163,Kurt Vile,FR,27,m,US,Male
819,6,0.3562071871080222,Björk,FR,27,m,IS,Female
819,7,0.3333333333333333,Snail Mail,FR,27,m,US,Female
819,8,0.31546487678572877,Britney Spears,FR,27,m,US,Female
819,9,0.3010299956639812,Queen,FR,27,m,JP,Female
819,10,0.2890648263178879,Dolly Parton,FR,27,m,US,Female
820,1,1.0,Bryan Adams,PL,15,f,CA,Male
820,2,0.6309297535714575,Haddaway,PL,15,f,DE,Male
820,3,0.5,Chuck Berry,PL,15,f,US,Male
820,4,0.43067655807339306,Dolly Parton,PL,15,f,US,Female
820,5,0.38685280723454163,Queen,PL,15,f,JP,Female
820,6,0.3562071871080222,Queen,PL,15,f,JP,Female
820,7,0.3333333333333333,Britney Spears,PL,15,f,US,Female
820,8,0.31546487678572877,Chris Isaak,PL,15,f,US,Male
820,9,0.3010299956639812,Björk,PL,15,f,IS,Female
820,10,0.2890648263178879,Roy Orbison,PL,15,f,US,Male
821,1,1.0,Haddaway,UK,18,m,DE,Male
821,2,0.6309297535714575,John Mayer,UK,18,m,IN,Male
821,3,0.5,Adele,UK,18,m,UK,Female
821,4,0.43067655807339306,Gwen Stefani,UK,18,m,US,Female
821,5,0.38685280723454163,Sia,UK,18,m,AU,Female
821,6,0.3562071871080222,Rihanna,UK,18,m,UK,Female
821,7,0.3333333333333333,Duncan Laurence,UK,18,m,NL,Male
821,8,0.31546487678572877,Avril Lavigne,UK,18,m,CA,Female
821,9,0.3010299956639812,Norah Jones,UK,18,m,US,Female
821,10,0.2890648263178879,Rihanna,UK,18,m,UK,Female
822,1,1.0,Bryan Adams,AT,19,m,CA,Male
822,2,0.6309297535714575,Billy Joel,AT,19,m,US,Male
822,3,0.5,Chuck Berry,AT,19,m,US,Male
822,4,0.43067655807339306,Dolly Parton,AT,19,m,US,Female
822,5,0.38685280723454163,Ed Sheeran,AT,19,m,UK,Male
822,6,0.3562071871080222,John Mayer,AT,19,m,IN,Male
822,7,0.3333333333333333,Billy Joel,AT,19,m,US,Male
822,8,0.31546487678572877,Marilyn Manson,AT,19,m,US,Male
822,9,0.3010299956639812,Toro y Moi,AT,19,m,US,Male
822,10,0.2890648263178879,Björk,AT,19,m,IS,Female
823,1,1.0,Ariana Grande,CZ,17,m,US,Female
823,2,0.6309297535714575,Taylor Swift,CZ,17,m,US,Female
823,3,0.5,Ariana Grande,CZ,17,m,US,Female
823,4,0.43067655807339306,Ariana Grande,CZ,17,m,US,Female
823,5,0.38685280723454163,Beyoncé,CZ,17,m,US,Female
823,6,0.3562071871080222,Ariana Grande,CZ,17,m,US,Female
823,7,0.3333333333333333,Rihanna,CZ,17,m,UK,Female
823,8,0.31546487678572877,James Blake,CZ,17,m,UK,Male
823,9,0.3010299956639812,Snail Mail,CZ,17,m,US,Female
823,10,0.2890648263178879,Taylor Swift,CZ,17,m,US,Female
824,1,1.0,Sia,PL,19,m,AU,Female
824,2,0.6309297535714575,Lil Nas X,PL,19,m,US,Male
824,3,0.5,Katy Perry,PL,19,m,US,Female
824,4,0.43067655807339306,Madonna,PL,19,m,US,Female
824,5,0.38685280723454163,Pedro Sampaio,PL,19,m,BR,Male
824,6,0.3562071871080222,Troye Sivan,PL,19,m,AU,Male
824,7,0.3333333333333333,Ed Sheeran,PL,19,m,UK,Male
824,8,0.31546487678572877,Adele,PL,19,m,UK,Female
824,9,0.3010299956639812,Robyn,PL,19,m,SE,Female
824,10,0.2890648263178879,Britney Spears,PL,19,m,US,Female
826,1,1.0,Marilyn Manson,HR,20,f,US,Male
826,2,0.6309297535714575,Ozzy Osbourne,HR,20,f,UK,Male
826,3,0.5,Marilyn Manson,HR,20,f,US,Male
826,4,0.43067655807339306,Caetano Veloso,HR,20,f,BR,Male
826,5,0.38685280723454163,Ozzy Osbourne,HR,20,f,UK,Male
826,6,0.3562071871080222,Marilyn Manson,HR,20,f,US,Male
826,7,0.3333333333333333,Marilyn Manson,HR,20,f,US,Male
826,8,0.31546487678572877,Marilyn Manson,HR,20,f,US,Male
826,9,0.3010299956639812,Emilie Autumn,HR,20,f,US,Female
826,10,0.2890648263178879,Devin Townsend,HR,20,f,CA,Male
827,1,1.0,Weyes Blood,UK,20,m,US,Female
827,2,0.6309297535714575,Weyes Blood,UK,20,m,US,Female
827,3,0.5,John Maus,UK,20,m,US,Male
827,4,0.43067655807339306,Travis Scott,UK,20,m,US,Male
827,5,0.38685280723454163,Janelle Monáe,UK,20,m,US,Non-binary
827,6,0.3562071871080222,Twin Shadow,UK,20,m,US,Male
827,7,0.3333333333333333,Weyes Blood,UK,20,m,US,Female
827,8,0.31546487678572877,Jessica Pratt,UK,20,m,US,Female
827,9,0.3010299956639812,Father John Misty,UK,20,m,US,Male
827,10,0.2890648263178879,Robyn,UK,20,m,SE,Female
828,1,1.0,Ariana Grande,BR,22,m,US,Female
828,2,0.6309297535714575,Britney Spears,BR,22,m,US,Female
828,3,0.5,Ariana Grande,BR,22,m,US,Female
828,4,0.43067655807339306,Travis Scott,BR,22,m,US,Male
828,5,0.38685280723454163,Haddaway,BR,22,m,DE,Male
828,6,0.3562071871080222,Ariana Grande,BR,22,m,US,Female
828,7,0.3333333333333333,John Mayer,BR,22,m,IN,Male
828,8,0.31546487678572877,Beyoncé,BR,22,m,US,Female
828,9,0.3010299956639812,Billy Joel,BR,22,m,US,Male
828,10,0.2890648263178879,Mariah Carey,BR,22,m,US,Female
829,1,1.0,John Maus,PL,18,f,US,Male
829,2,0.6309297535714575,Weyes Blood,PL,18,f,US,Female
829,3,0.5,Björk,PL,18,f,IS,Female
829,4,0.43067655807339306,Dolly Parton,PL,18,f,US,Female
829,5,0.38685280723454163,Weyes Blood,PL,18,f,US,Female
829,6,0.3562071871080222,Apparat,PL,18,f,DE,Male
829,7,0.3333333333333333,Billy Joel,PL,18,f,US,Male
829,8,0.31546487678572877,Queen,PL,18,f,JP,Female
829,9,0.3010299956639812,John Mayer,PL,18,f,IN,Male
829,10,0.2890648263178879,Duncan Laurence,PL,18,f,NL,Male
830,1,1.0,Toro y Moi,UK,28,m,US,Male
830,2,0.6309297535714575,Weyes Blood,UK,28,m,US,Female
830,3,0.5,Kurt Vile,UK,28,m,US,Male
830,4,0.43067655807339306,Aldous Harding,UK,28,m,NZ,Female
830,5,0.38685280723454163,John Maus,UK,28,m,US,Male
830,6,0.3562071871080222,Frank Ocean,UK,28,m,US,Male
830,7,0.3333333333333333,Lil Nas X,UK,28,m,US,Male
830,8,0.31546487678572877,Frank Ocean,UK,28,m,US,Male
830,9,0.3010299956639812,Beck,UK,28,m,DK,Male
830,10,0.2890648263178879,Four Tet,UK,28,m,UK,Male
831,1,1.0,Bryan Adams,AT,21,m,CA,Male
831,2,0.6309297535714575,Queen,AT,21,m,JP,Female
831,3,0.5,Tame Impala,AT,21,m,AU,Male
831,4,0.43067655807339306,Billy Joel,AT,21,m,US,Male
831,5,0.38685280723454163,Ed Sheeran,AT,21,m,UK,Male
831,6,0.3562071871080222,Marilyn Manson,AT,21,m,US,Male
831,7,0.3333333333333333,Billy Joel,AT,21,m,US,Male
831,8,0.31546487678572877,Laura Branigan,AT,21,m,US,Female
831,9,0.3010299956639812,Dolly Parton,AT,21,m,US,Female
831,10,0.2890648263178879,John Mayer,AT,21,m,IN,Male
832,1,1.0,Weyes Blood,US,20,f,US,Female
832,2,0.6309297535714575,John Maus,US,20,f,US,Male
832,3,0.5,John Maus,US,20,f,US,Male
832,4,0.43067655807339306,Toro y Moi,US,20,f,US,Male
832,5,0.38685280723454163,Weyes Blood,US,20,f,US,Female
832,6,0.3562071871080222,Four Tet,US,20,f,UK,Male
832,7,0.3333333333333333,James Blake,US,20,f,UK,Male
832,8,0.31546487678572877,Apparat,US,20,f,DE,Male
832,9,0.3010299956639812,Toro y Moi,US,20,f,US,Male
832,10,0.2890648263178879,Twin Shadow,US,20,f,US,Male
833,1,1.0,Ed Sheeran,US,46,m,UK,Male
833,2,0.6309297535714575,James Blake,US,46,m,UK,Male
833,3,0.5,Britney Spears,US,46,m,US,Female
833,4,0.43067655807339306,John Mayer,US,46,m,IN,Male
833,5,0.38685280723454163,Beck,US,46,m,DK,Male
833,6,0.3562071871080222,Tame Impala,US,46,m,AU,Male
833,7,0.3333333333333333,Eagle-Eye Cherry,US,46,m,SE,Male
833,8,0.31546487678572877,Duncan Laurence,US,46,m,NL,Male
833,9,0.3010299956639812,Billy Joel,US,46,m,US,Male
833,10,0.2890648263178879,Mahmood,US,46,m,IT,Male
834,1,1.0,Taylor Swift,BR,15,f,US,Female
834,2,0.6309297535714575,Ariana Grande,BR,15,f,US,Female
834,3,0.5,Miley Cyrus,BR,15,f,US,Non-binary
834,4,0.43067655807339306,Ariana Grande,BR,15,f,US,Female
834,5,0.38685280723454163,Miley Cyrus,BR,15,f,US,Non-binary
834,6,0.3562071871080222,Beyoncé,BR,15,f,US,Female
834,7,0.3333333333333333,Ed Sheeran,BR,15,f,UK,Male
834,8,0.31546487678572877,Lil Nas X,BR,15,f,US,Male
834,9,0.3010299956639812,Bryan Adams,BR,15,f,CA,Male
834,10,0.2890648263178879,Billy Joel,BR,15,f,US,Male
835,1,1.0,Billy Joel,RU,17,m,US,Male
835,2,0.6309297535714575,Tame Impala,RU,17,m,AU,Male
835,3,0.5,Edwyn Collins,RU,17,m,UK,Male
835,4,0.43067655807339306,Ozzy Osbourne,RU,17,m,UK,Male
835,5,0.38685280723454163,Chuck Berry,RU,17,m,US,Male
835,6,0.3562071871080222,Dolly Parton,RU,17,m,US,Female
835,7,0.3333333333333333,Vitalic,RU,17,m,FR,Male
835,8,0.31546487678572877,Chris Isaak,RU,17,m,US,Male
835,9,0.3010299956639812,Billy Joel,RU,17,m,US,Male
835,10,0.2890648263178879,Roy Orbison,RU,17,m,US,Male
837,1,1.0,Rita Ora,BR,21,m,UK,Female
837,2,0.6309297535714575,Ed Sheeran,BR,21,m,UK,Male
837,3,0.5,Travis Scott,BR,21,m,US,Male
837,4,0.43067655807339306,Haddaway,BR,21,m,DE,Male
837,5,0.38685280723454163,Mariah Carey,BR,21,m,US,Female
837,6,0.3562071871080222,Lil Nas X,BR,21,m,US,Male
837,7,0.3333333333333333,Beyoncé,BR,21,m,US,Female
837,8,0.31546487678572877,Taylor Swift,BR,21,m,US,Female
837,9,0.3010299956639812,Rihanna,BR,21,m,UK,Female
837,10,0.2890648263178879,John Mayer,BR,21,m,IN,Male
838,1,1.0,Bryan Adams,UA,18,m,CA,Male
838,2,0.6309297535714575,Marilyn Manson,UA,18,m,US,Male
838,3,0.5,Britney Spears,UA,18,m,US,Female
838,4,0.43067655807339306,Chuck Berry,UA,18,m,US,Male
838,5,0.38685280723454163,Rob Zombie,UA,18,m,US,Male
838,6,0.3562071871080222,Ozzy Osbourne,UA,18,m,UK,Male
838,7,0.3333333333333333,Edwyn Collins,UA,18,m,UK,Male
838,8,0.31546487678572877,Billy Joel,UA,18,m,US,Male
838,9,0.3010299956639812,Roy Orbison,UA,18,m,US,Male
838,10,0.2890648263178879,Dolly Parton,UA,18,m,US,Female
839,1,1.0,Toro y Moi,NO,21,m,US,Male
839,2,0.6309297535714575,Four Tet,NO,21,m,UK,Male
839,3,0.5,Toro y Moi,NO,21,m,US,Male
839,4,0.43067655807339306,Twin Shadow,NO,21,m,US,Male
839,5,0.38685280723454163,Björk,NO,21,m,IS,Female
839,6,0.3562071871080222,Haddaway,NO,21,m,DE,Male
839,7,0.3333333333333333,Janelle Monáe,NO,21,m,US,Non-binary
839,8,0.31546487678572877,Snail Mail,NO,21,m,US,Female
839,9,0.3010299956639812,Bryan Adams,NO,21,m,CA,Male
839,10,0.2890648263178879,Tycho,NO,21,m,US,Male
840,1,1.0,AFI,AU,17,m,US,Female
840,2,0.6309297535714575,Marilyn Manson,AU,17,m,US,Male
840,3,0.5,Billy Joel,AU,17,m,US,Male
840,4,0.43067655807339306,Dolly Parton,AU,17,m,US,Female
840,5,0.38685280723454163,Michael Sembello,AU,17,m,US,Male
840,6,0.3562071871080222,Lil Nas X,AU,17,m,US,Male
840,7,0.3333333333333333,Lana Del Rey,AU,17,m,US,Female
840,8,0.31546487678572877,Björk,AU,17,m,IS,Female
840,9,0.3010299956639812,Laura Branigan,AU,17,m,US,Female
840,10,0.2890648263178879,Seal,AU,17,m,UK,Male
842,1,1.0,Ed Sheeran,AU,17,m,UK,Male
842,2,0.6309297535714575,Beck,AU,17,m,DK,Male
842,3,0.5,Haddaway,AU,17,m,DE,Male
842,4,0.43067655807339306,Beyoncé,AU,17,m,US,Female
842,5,0.38685280723454163,Britney Spears,AU,17,m,US,Female
842,6,0.3562071871080222,Rihanna,AU,17,m,UK,Female
842,7,0.3333333333333333,Janelle Monáe,AU,17,m,US,Non-binary
842,8,0.31546487678572877,Troye Sivan,AU,17,m,AU,Male
842,9,0.3010299956639812,Toro y Moi,AU,17,m,US,Male
842,10,0.2890648263178879,AFI,AU,17,m,US,Female
843,1,1.0,Four Tet,CA,27,m,UK,Male
843,2,0.6309297535714575,Toro y Moi,CA,27,m,US,Male
843,3,0.5,Apparat,CA,27,m,DE,Male
843,4,0.43067655807339306,Toro y Moi,CA,27,m,US,Male
843,5,0.38685280723454163,Twin Shadow,CA,27,m,US,Male
843,6,0.3562071871080222,Snail Mail,CA,27,m,US,Female
843,7,0.3333333333333333,Julia Holter,CA,27,m,US,Female
843,8,0.31546487678572877,Ariel Pink,CA,27,m,US,Male
843,9,0.3010299956639812,Kacey Musgraves,CA,27,m,US,Female
843,10,0.2890648263178879,Father John Misty,CA,27,m,US,Male
844,1,1.0,Thom Yorke,AT,19,m,UK,Male
844,2,0.6309297535714575,John Maus,AT,19,m,US,Male
844,3,0.5,John Maus,AT,19,m,US,Male
844,4,0.43067655807339306,Grouper,AT,19,m,US,Female
844,5,0.38685280723454163,Tame Impala,AT,19,m,AU,Male
844,6,0.3562071871080222,James Blake,AT,19,m,UK,Male
844,7,0.3333333333333333,Twin Shadow,AT,19,m,US,Male
844,8,0.31546487678572877,Apparat,AT,19,m,DE,Male
844,9,0.3010299956639812,Bill Callahan,AT,19,m,US,Male
844,10,0.2890648263178879,James Blake,AT,19,m,UK,Male
845,1,1.0,Lil Nas X,JP,24,m,US,Male
845,2,0.6309297535714575,Bryan Adams,JP,24,m,CA,Male
845,3,0.5,Ariana Grande,JP,24,m,US,Female
845,4,0.43067655807339306,Billy Joel,JP,24,m,US,Male
845,5,0.38685280723454163,Eagle-Eye Cherry,JP,24,m,SE,Male
845,6,0.3562071871080222,Jessie J,JP,24,m,UK,Female
845,7,0.3333333333333333,Miley Cyrus,JP,24,m,US,Non-binary
845,8,0.31546487678572877,Travis Scott,JP,24,m,US,Male
845,9,0.3010299956639812,Rita Ora,JP,24,m,UK,Female
845,10,0.2890648263178879,Beck,JP,24,m,DK,Male
846,1,1.0,Jenny Lewis,MK,24,f,US,Female
846,2,0.6309297535714575,Lush,MK,24,f,FI,Male
846,3,0.5,Neko Case,MK,24,f,US,Female
846,4,0.43067655807339306,Weyes Blood,MK,24,f,US,Female
846,5,0.38685280723454163,Sharon Van Etten,MK,24,f,US,Female
846,6,0.3562071871080222,Björk,MK,24,f,IS,Female
846,7,0.3333333333333333,Weyes Blood,MK,24,f,US,Female
846,8,0.31546487678572877,Sharon Van Etten,MK,24,f,US,Female
846,9,0.3010299956639812,Lush,MK,24,f,FI,Male
846,10,0.2890648263178879,Björk,MK,24,f,IS,Female
848,1,1.0,Bryan Adams,UA,21,f,CA,Male
848,2,0.6309297535714575,Billy Joel,UA,21,f,US,Male
848,3,0.5,Britney Spears,UA,21,f,US,Female
848,4,0.43067655807339306,Edwyn Collins,UA,21,f,UK,Male
848,5,0.38685280723454163,Billy Joel,UA,21,f,US,Male
848,6,0.3562071871080222,Queen,UA,21,f,JP,Female
848,7,0.3333333333333333,Roy Orbison,UA,21,f,US,Male
848,8,0.31546487678572877,Michael Sembello,UA,21,f,US,Male
848,9,0.3010299956639812,Britney Spears,UA,21,f,US,Female
848,10,0.2890648263178879,Ed Sheeran,UA,21,f,UK,Male
849,1,1.0,Jessica Pratt,JP,24,m,US,Female
849,2,0.6309297535714575,Weyes Blood,JP,24,m,US,Female
849,3,0.5,Snail Mail,JP,24,m,US,Female
849,4,0.43067655807339306,Frank Ocean,JP,24,m,US,Male
849,5,0.38685280723454163,Julia Holter,JP,24,m,US,Female
849,6,0.3562071871080222,Janelle Monáe,JP,24,m,US,Non-binary
849,7,0.3333333333333333,Toro y Moi,JP,24,m,US,Male
849,8,0.31546487678572877,Sufjan Stevens,JP,24,m,US,Male
849,9,0.3010299956639812,Joe Goddard,JP,24,m,UK,Male
849,10,0.2890648263178879,Tame Impala,JP,24,m,AU,Male
851,1,1.0,Billy Joel,RU,16,m,US,Male
851,2,0.6309297535714575,Björk,RU,16,m,IS,Female
851,3,0.5,Duncan Laurence,RU,16,m,NL,Male
851,4,0.43067655807339306,Michael Sembello,RU,16,m,US,Male
851,5,0.38685280723454163,Edwyn Collins,RU,16,m,UK,Male
851,6,0.3562071871080222,John Mayer,RU,16,m,IN,Male
851,7,0.3333333333333333,Britney Spears,RU,16,m,US,Female
851,8,0.31546487678572877,Chuck Berry,RU,16,m,US,Male
851,9,0.3010299956639812,Seal,RU,16,m,UK,Male
851,10,0.2890648263178879,Queen,RU,16,m,JP,Female
852,1,1.0,John Maus,BR,31,m,US,Male
852,2,0.6309297535714575,Aldous Harding,BR,31,m,NZ,Female
852,3,0.5,Tame Impala,BR,31,m,AU,Male
852,4,0.43067655807339306,Snail Mail,BR,31,m,US,Female
852,5,0.38685280723454163,Björk,BR,31,m,IS,Female
852,6,0.3562071871080222,Lana Del Rey,BR,31,m,US,Female
852,7,0.3333333333333333,Jenny Lewis,BR,31,m,US,Female
852,8,0.31546487678572877,Jessica Pratt,BR,31,m,US,Female
852,9,0.3010299956639812,Kurt Vile,BR,31,m,US,Male
852,10,0.2890648263178879,John Maus,BR,31,m,US,Male
853,1,1.0,Michael Sembello,US,40,m,US,Male
853,2,0.6309297535714575,Duncan Laurence,US,40,m,NL,Male
853,3,0.5,Dolly Parton,US,40,m,US,Female
853,4,0.43067655807339306,Seal,US,40,m,UK,Male
853,5,0.38685280723454163,Björk,US,40,m,IS,Female
853,6,0.3562071871080222,Taylor Swift,US,40,m,US,Female
853,7,0.3333333333333333,Miley Cyrus,US,40,m,US,Non-binary
853,8,0.31546487678572877,Queen,US,40,m,JP,Female
853,9,0.3010299956639812,Avril Lavigne,US,40,m,CA,Female
853,10,0.2890648263178879,Edwyn Collins,US,40,m,UK,Male
854,1,1.0,Britney Spears,IE,43,m,US,Female
854,2,0.6309297535714575,Billy Joel,IE,43,m,US,Male
854,3,0.5,Billy Joel,IE,43,m,US,Male
854,4,0.43067655807339306,Roy Orbison,IE,43,m,US,Male
854,5,0.38685280723454163,Laura Branigan,IE,43,m,US,Female
854,6,0.3562071871080222,Ed Sheeran,IE,43,m,UK,Male
854,7,0.3333333333333333,Britney Spears,IE,43,m,US,Female
854,8,0.31546487678572877,Michael Sembello,IE,43,m,US,Male
854,9,0.3010299956639812,John Mayer,IE,43,m,IN,Male
854,10,0.2890648263178879,Marilyn Manson,IE,43,m,US,Male
856,1,1.0,Moby,ES,25,m,US,Male
856,2,0.6309297535714575,Marilyn Manson,ES,25,m,US,Male
856,3,0.5,Marilyn Manson,ES,25,m,US,Male
856,4,0.43067655807339306,Carpenter Brut,ES,25,m,FR,Male
856,5,0.38685280723454163,Björk,ES,25,m,IS,Female
856,6,0.3562071871080222,Michael Sembello,ES,25,m,US,Male
856,7,0.3333333333333333,Ed Sheeran,ES,25,m,UK,Male
856,8,0.31546487678572877,Carpenter Brut,ES,25,m,FR,Male
856,9,0.3010299956639812,Laura Branigan,ES,25,m,US,Female
856,10,0.2890648263178879,Chris Isaak,ES,25,m,US,Male
857,1,1.0,Bryan Adams,NP,29,m,CA,Male
857,2,0.6309297535714575,Eagle-Eye Cherry,NP,29,m,SE,Male
857,3,0.5,Chuck Berry,NP,29,m,US,Male
857,4,0.43067655807339306,AFI,NP,29,m,US,Female
857,5,0.38685280723454163,The Kinks,NP,29,m,US,Male
857,6,0.3562071871080222,Haddaway,NP,29,m,DE,Male
857,7,0.3333333333333333,Ihsahn,NP,29,m,NO,Male
857,8,0.31546487678572877,Björk,NP,29,m,IS,Female
857,9,0.3010299956639812,Moby,NP,29,m,US,Male
857,10,0.2890648263178879,Marilyn Manson,NP,29,m,US,Male
858,1,1.0,Lana Del Rey,BR,15,m,US,Female
858,2,0.6309297535714575,Mariah Carey,BR,15,m,US,Female
858,3,0.5,Beyoncé,BR,15,m,US,Female
858,4,0.43067655807339306,Bryan Adams,BR,15,m,CA,Male
858,5,0.38685280723454163,Adele,BR,15,m,UK,Female
858,6,0.3562071871080222,Vanessa Carlton,BR,15,m,US,Female
858,7,0.3333333333333333,Beck,BR,15,m,DK,Male
858,8,0.31546487678572877,Gwen Stefani,BR,15,m,US,Female
858,9,0.3010299956639812,Dolly Parton,BR,15,m,US,Female
858,10,0.2890648263178879,Eagle-Eye Cherry,BR,15,m,SE,Male
859,1,1.0,Ariana Grande,PL,18,m,US,Female
859,2,0.6309297535714575,Taylor Swift,PL,18,m,US,Female
859,3,0.5,James Blake,PL,18,m,UK,Male
859,4,0.43067655807339306,Earl Sweatshirt,PL,18,m,US,Male
859,5,0.38685280723454163,Kanye West,PL,18,m,US,Male
859,6,0.3562071871080222,Lana Del Rey,PL,18,m,US,Female
859,7,0.3333333333333333,Ariana Grande,PL,18,m,US,Female
859,8,0.31546487678572877,Beyoncé,PL,18,m,US,Female
859,9,0.3010299956639812,Snail Mail,PL,18,m,US,Female
859,10,0.2890648263178879,Four Tet,PL,18,m,UK,Male
860,1,1.0,Rita Ora,DE,20,f,UK,Female
860,2,0.6309297535714575,Queen,DE,20,f,JP,Female
860,3,0.5,Ariana Grande,DE,20,f,US,Female
860,4,0.43067655807339306,Björk,DE,20,f,IS,Female
860,5,0.38685280723454163,Mahmood,DE,20,f,IT,Male
860,6,0.3562071871080222,Lana Del Rey,DE,20,f,US,Female
860,7,0.3333333333333333,Laura Branigan,DE,20,f,US,Female
860,8,0.31546487678572877,Eminem,DE,20,f,US,Male
860,9,0.3010299956639812,Britney Spears,DE,20,f,US,Female
860,10,0.2890648263178879,George Ezra,DE,20,f,UK,Male
861,1,1.0,AFI,UA,18,f,US,Female
861,2,0.6309297535714575,John Mayer,UA,18,f,IN,Male
861,3,0.5,Duncan Laurence,UA,18,f,NL,Male
861,4,0.43067655807339306,Taylor Swift,UA,18,f,US,Female
861,5,0.38685280723454163,Michael Sembello,UA,18,f,US,Male
861,6,0.3562071871080222,Chuck Berry,UA,18,f,US,Male
861,7,0.3333333333333333,Roy Orbison,UA,18,f,US,Male
861,8,0.31546487678572877,Sia,UA,18,f,AU,Female
861,9,0.3010299956639812,Dolly Parton,UA,18,f,US,Female
861,10,0.2890648263178879,Ariana Grande,UA,18,f,US,Female
862,1,1.0,Snail Mail,PL,17,m,US,Female
862,2,0.6309297535714575,James Blake,PL,17,m,UK,Male
862,3,0.5,Janelle Monáe,PL,17,m,US,Non-binary
862,4,0.43067655807339306,Lil Nas X,PL,17,m,US,Male
862,5,0.38685280723454163,Beck,PL,17,m,DK,Male
862,6,0.3562071871080222,Kurt Vile,PL,17,m,US,Male
862,7,0.3333333333333333,Rita Ora,PL,17,m,UK,Female
862,8,0.31546487678572877,Robyn,PL,17,m,SE,Female
862,9,0.3010299956639812,Haddaway,PL,17,m,DE,Male
862,10,0.2890648263178879,Kacey Musgraves,PL,17,m,US,Female
863,1,1.0,Toro y Moi,MX,21,m,US,Male
863,2,0.6309297535714575,Apparat,MX,21,m,DE,Male
863,3,0.5,Toro y Moi,MX,21,m,US,Male
863,4,0.43067655807339306,Twin Shadow,MX,21,m,US,Male
863,5,0.38685280723454163,Beck,MX,21,m,DK,Male
863,6,0.3562071871080222,Snail Mail,MX,21,m,US,Female
863,7,0.3333333333333333,Janelle Monáe,MX,21,m,US,Non-binary
863,8,0.31546487678572877,Billy Joel,MX,21,m,US,Male
863,9,0.3010299956639812,Julia Holter,MX,21,m,US,Female
863,10,0.2890648263178879,Perfume Genius,MX,21,m,US,Male
864,1,1.0,Weyes Blood,IT,23,f,US,Female
864,2,0.6309297535714575,James Blake,IT,23,f,UK,Male
864,3,0.5,Thom Yorke,IT,23,f,UK,Male
864,4,0.43067655807339306,Snail Mail,IT,23,f,US,Female
864,5,0.38685280723454163,Jessica Pratt,IT,23,f,US,Female
864,6,0.3562071871080222,Four Tet,IT,23,f,UK,Male
864,7,0.3333333333333333,James Blake,IT,23,f,UK,Male
864,8,0.31546487678572877,Beck,IT,23,f,DK,Male
864,9,0.3010299956639812,Janelle Monáe,IT,23,f,US,Non-binary
864,10,0.2890648263178879,Apparat,IT,23,f,DE,Male
865,1,1.0,Robyn,FI,18,f,SE,Female
865,2,0.6309297535714575,Billy Joel,FI,18,f,US,Male
865,3,0.5,Lil Nas X,FI,18,f,US,Male
865,4,0.43067655807339306,Lana Del Rey,FI,18,f,US,Female
865,5,0.38685280723454163,Chuck Berry,FI,18,f,US,Male
865,6,0.3562071871080222,Michael Sembello,FI,18,f,US,Male
865,7,0.3333333333333333,Billy Joel,FI,18,f,US,Male
865,8,0.31546487678572877,Laura Branigan,FI,18,f,US,Female
865,9,0.3010299956639812,Chris Isaak,FI,18,f,US,Male
865,10,0.2890648263178879,Avril Lavigne,FI,18,f,CA,Female
866,1,1.0,Eagle-Eye Cherry,BR,19,m,SE,Male
866,2,0.6309297535714575,Queen,BR,19,m,JP,Female
866,3,0.5,Marilyn Manson,BR,19,m,US,Male
866,4,0.43067655807339306,Haddaway,BR,19,m,DE,Male
866,5,0.38685280723454163,Bryan Adams,BR,19,m,CA,Male
866,6,0.3562071871080222,Björk,BR,19,m,IS,Female
866,7,0.3333333333333333,Chuck Berry,BR,19,m,US,Male
866,8,0.31546487678572877,Britney Spears,BR,19,m,US,Female
866,9,0.3010299956639812,Red,BR,19,m,PL,Male
866,10,0.2890648263178879,Queen,BR,19,m,JP,Female
867,1,1.0,Thom Yorke,IR,20,m,UK,Male
867,2,0.6309297535714575,Tame Impala,IR,20,m,AU,Male
867,3,0.5,Four Tet,IR,20,m,UK,Male
867,4,0.43067655807339306,Twin Shadow,IR,20,m,US,Male
867,5,0.38685280723454163,Apparat,IR,20,m,DE,Male
867,6,0.3562071871080222,Toro y Moi,IR,20,m,US,Male
867,7,0.3333333333333333,Toro y Moi,IR,20,m,US,Male
867,8,0.31546487678572877,Ariel Pink,IR,20,m,US,Male
867,9,0.3010299956639812,Janelle Monáe,IR,20,m,US,Non-binary
867,10,0.2890648263178879,Panda Bear,IR,20,m,US,Male
869,1,1.0,Rita Ora,MK,24,m,UK,Female
869,2,0.6309297535714575,Haddaway,MK,24,m,DE,Male
869,3,0.5,Britney Spears,MK,24,m,US,Female
869,4,0.43067655807339306,Lil Nas X,MK,24,m,US,Male
869,5,0.38685280723454163,Mariah Carey,MK,24,m,US,Female
869,6,0.3562071871080222,Rihanna,MK,24,m,UK,Female
869,7,0.3333333333333333,Beyoncé,MK,24,m,US,Female
869,8,0.31546487678572877,John Mayer,MK,24,m,IN,Male
869,9,0.3010299956639812,Taylor Swift,MK,24,m,US,Female
869,10,0.2890648263178879,Troye Sivan,MK,24,m,AU,Male
870,1,1.0,Lil Nas X,BR,14,m,US,Male
870,2,0.6309297535714575,Snail Mail,BR,14,m,US,Female
870,3,0.5,Britney Spears,BR,14,m,US,Female
870,4,0.43067655807339306,Rihanna,BR,14,m,UK,Female
870,5,0.38685280723454163,Miley Cyrus,BR,14,m,US,Non-binary
870,6,0.3562071871080222,Lorde,BR,14,m,NZ,Female
870,7,0.3333333333333333,Sia,BR,14,m,AU,Female
870,8,0.31546487678572877,Toro y Moi,BR,14,m,US,Male
870,9,0.3010299956639812,Dawn Richard,BR,14,m,US,Female
870,10,0.2890648263178879,Miley Cyrus,BR,14,m,US,Non-binary
871,1,1.0,Bryan Adams,PL,18,m,CA,Male
871,2,0.6309297535714575,Ed Sheeran,PL,18,m,UK,Male
871,3,0.5,Billy Joel,PL,18,m,US,Male
871,4,0.43067655807339306,Michael Sembello,PL,18,m,US,Male
871,5,0.38685280723454163,John Mayer,PL,18,m,IN,Male
871,6,0.3562071871080222,Billy Joel,PL,18,m,US,Male
871,7,0.3333333333333333,Dolly Parton,PL,18,m,US,Female
871,8,0.31546487678572877,Queen,PL,18,m,JP,Female
871,9,0.3010299956639812,Roy Orbison,PL,18,m,US,Male
871,10,0.2890648263178879,Ariana Grande,PL,18,m,US,Female
872,1,1.0,Twin Shadow,PL,25,f,US,Male
872,2,0.6309297535714575,Grouper,PL,25,f,US,Female
872,3,0.5,James Blake,PL,25,f,UK,Male
872,4,0.43067655807339306,Apparat,PL,25,f,DE,Male
872,5,0.38685280723454163,Four Tet,PL,25,f,UK,Male
872,6,0.3562071871080222,Kevin Morby,PL,25,f,US,Male
872,7,0.3333333333333333,James Blake,PL,25,f,UK,Male
872,8,0.31546487678572877,Toro y Moi,PL,25,f,US,Male
872,9,0.3010299956639812,Toro y Moi,PL,25,f,US,Male
872,10,0.2890648263178879,Grouper,PL,25,f,US,Female
873,1,1.0,Rihanna,BR,18,m,UK,Female
873,2,0.6309297535714575,Kylie Minogue,BR,18,m,AU,Female
873,3,0.5,Tom Odell,BR,18,m,UK,Male
873,4,0.43067655807339306,Patti Smith,BR,18,m,US,Female
873,5,0.38685280723454163,Norah Jones,BR,18,m,US,Female
873,6,0.3562071871080222,Britney Spears,BR,18,m,US,Female
873,7,0.3333333333333333,Lana Del Rey,BR,18,m,US,Female
873,8,0.31546487678572877,Britney Spears,BR,18,m,US,Female
873,9,0.3010299956639812,Alanis Morissette,BR,18,m,CA,Female
873,10,0.2890648263178879,The Avener,BR,18,m,FR,Male
874,1,1.0,Apparat,US,18,f,DE,Male
874,2,0.6309297535714575,Toro y Moi,US,18,f,US,Male
874,3,0.5,Lana Del Rey,US,18,f,US,Female
874,4,0.43067655807339306,Robyn,US,18,f,SE,Female
874,5,0.38685280723454163,Weyes Blood,US,18,f,US,Female
874,6,0.3562071871080222,Kacey Musgraves,US,18,f,US,Female
874,7,0.3333333333333333,Beck,US,18,f,DK,Male
874,8,0.31546487678572877,Jessica Pratt,US,18,f,US,Female
874,9,0.3010299956639812,Father John Misty,US,18,f,US,Male
874,10,0.2890648263178879,Twin Shadow,US,18,f,US,Male
875,1,1.0,Ed Sheeran,FI,22,m,UK,Male
875,2,0.6309297535714575,Billy Joel,FI,22,m,US,Male
875,3,0.5,Miley Cyrus,FI,22,m,US,Non-binary
875,4,0.43067655807339306,Roy Orbison,FI,22,m,US,Male
875,5,0.38685280723454163,Dolly Parton,FI,22,m,US,Female
875,6,0.3562071871080222,Lana Del Rey,FI,22,m,US,Female
875,7,0.3333333333333333,Billy Joel,FI,22,m,US,Male
875,8,0.31546487678572877,Avril Lavigne,FI,22,m,CA,Female
875,9,0.3010299956639812,Lil Nas X,FI,22,m,US,Male
875,10,0.2890648263178879,Chuck Berry,FI,22,m,US,Male
876,1,1.0,Travis Scott,DE,19,m,US,Male
876,2,0.6309297535714575,Lana Del Rey,DE,19,m,US,Female
876,3,0.5,Taylor Swift,DE,19,m,US,Female
876,4,0.43067655807339306,Ariana Grande,DE,19,m,US,Female
876,5,0.38685280723454163,Frank Ocean,DE,19,m,US,Male
876,6,0.3562071871080222,Kacey Musgraves,DE,19,m,US,Female
876,7,0.3333333333333333,Robyn,DE,19,m,SE,Female
876,8,0.31546487678572877,Kurt Vile,DE,19,m,US,Male
876,9,0.3010299956639812,Janelle Monáe,DE,19,m,US,Non-binary
876,10,0.2890648263178879,Lil Nas X,DE,19,m,US,Male
877,1,1.0,Julia Holter,CA,41,m,US,Female
877,2,0.6309297535714575,Toro y Moi,CA,41,m,US,Male
877,3,0.5,Beck,CA,41,m,DK,Male
877,4,0.43067655807339306,Wild Nothing,CA,41,m,US,Male
877,5,0.38685280723454163,Tame Impala,CA,41,m,AU,Male
877,6,0.3562071871080222,Bill Callahan,CA,41,m,US,Male
877,7,0.3333333333333333,Grouper,CA,41,m,US,Female
877,8,0.31546487678572877,Oneohtrix Point Never,CA,41,m,US,Male
877,9,0.3010299956639812,Ariel Pink,CA,41,m,US,Male
877,10,0.2890648263178879,Kacey Musgraves,CA,41,m,US,Female
878,1,1.0,Marilyn Manson,US,21,m,US,Male
878,2,0.6309297535714575,Ed Sheeran,US,21,m,UK,Male
878,3,0.5,John Mayer,US,21,m,IN,Male
878,4,0.43067655807339306,Moby,US,21,m,US,Male
878,5,0.38685280723454163,Chris Isaak,US,21,m,US,Male
878,6,0.3562071871080222,Edwyn Collins,US,21,m,UK,Male
878,7,0.3333333333333333,Red,US,21,m,PL,Male
878,8,0.31546487678572877,Ozzy Osbourne,US,21,m,UK,Male
878,9,0.3010299956639812,Duncan Laurence,US,21,m,NL,Male
878,10,0.2890648263178879,Marilyn Manson,US,21,m,US,Male
879,1,1.0,Billy Joel,BR,16,m,US,Male
879,2,0.6309297535714575,Toro y Moi,BR,16,m,US,Male
879,3,0.5,Haddaway,BR,16,m,DE,Male
879,4,0.43067655807339306,Britney Spears,BR,16,m,US,Female
879,5,0.38685280723454163,Snail Mail,BR,16,m,US,Female
879,6,0.3562071871080222,Kurt Vile,BR,16,m,US,Male
879,7,0.3333333333333333,James Blake,BR,16,m,UK,Male
879,8,0.31546487678572877,Eagle-Eye Cherry,BR,16,m,SE,Male
879,9,0.3010299956639812,Four Tet,BR,16,m,UK,Male
879,10,0.2890648263178879,Dolly Parton,BR,16,m,US,Female
880,1,1.0,Lil Nas X,PL,18,m,US,Male
880,2,0.6309297535714575,Ed Sheeran,PL,18,m,UK,Male
880,3,0.5,Sia,PL,18,m,AU,Female
880,4,0.43067655807339306,Miley Cyrus,PL,18,m,US,Non-binary
880,5,0.38685280723454163,Ariana Grande,PL,18,m,US,Female
880,6,0.3562071871080222,Janelle Monáe,PL,18,m,US,Non-binary
880,7,0.3333333333333333,Miley Cyrus,PL,18,m,US,Non-binary
880,8,0.31546487678572877,Beyoncé,PL,18,m,US,Female
880,9,0.3010299956639812,James Blake,PL,18,m,UK,Male
880,10,0.2890648263178879,Toro y Moi,PL,18,m,US,Male
882,1,1.0,Robyn,RU,25,m,SE,Female
882,2,0.6309297535714575,Taylor Swift,RU,25,m,US,Female
882,3,0.5,Rihanna,RU,25,m,UK,Female
882,4,0.43067655807339306,Jessie J,RU,25,m,UK,Female
882,5,0.38685280723454163,Rita Ora,RU,25,m,UK,Female
882,6,0.3562071871080222,Lana Del Rey,RU,25,m,US,Female
882,7,0.3333333333333333,Troye Sivan,RU,25,m,AU,Male
882,8,0.31546487678572877,Britney Spears,RU,25,m,US,Female
882,9,0.3010299956639812,Britney Spears,RU,25,m,US,Female
882,10,0.2890648263178879,Britney Spears,RU,25,m,US,Female
883,1,1.0,Moby,DE,60,m,US,Male
883,2,0.6309297535714575,Edwyn Collins,DE,60,m,UK,Male
883,3,0.5,Rob Zombie,DE,60,m,US,Male
883,4,0.43067655807339306,Queen,DE,60,m,JP,Female
883,5,0.38685280723454163,Dolly Parton,DE,60,m,US,Female
883,6,0.3562071871080222,Michael Sembello,DE,60,m,US,Male
883,7,0.3333333333333333,Marilyn Manson,DE,60,m,US,Male
883,8,0.31546487678572877,Billy Joel,DE,60,m,US,Male
883,9,0.3010299956639812,Björk,DE,60,m,IS,Female
883,10,0.2890648263178879,Blue Stahli,DE,60,m,US,Male
884,1,1.0,Beck,RU,17,m,DK,Male
884,2,0.6309297535714575,Toro y Moi,RU,17,m,US,Male
884,3,0.5,John Maus,RU,17,m,US,Male
884,4,0.43067655807339306,Four Tet,RU,17,m,UK,Male
884,5,0.38685280723454163,James Blake,RU,17,m,UK,Male
884,6,0.3562071871080222,Robyn,RU,17,m,SE,Female
884,7,0.3333333333333333,Britney Spears,RU,17,m,US,Female
884,8,0.31546487678572877,Lana Del Rey,RU,17,m,US,Female
884,9,0.3010299956639812,Apparat,RU,17,m,DE,Male
884,10,0.2890648263178879,Toro y Moi,RU,17,m,US,Male
885,1,1.0,Toro y Moi,US,43,m,US,Male
885,2,0.6309297535714575,Frank Ocean,US,43,m,US,Male
885,3,0.5,DJ Shadow,US,43,m,US,Male
885,4,0.43067655807339306,Rihanna,US,43,m,UK,Female
885,5,0.38685280723454163,Beck,US,43,m,DK,Male
885,6,0.3562071871080222,Robyn,US,43,m,SE,Female
885,7,0.3333333333333333,Rita Ora,US,43,m,UK,Female
885,8,0.31546487678572877,Taylor Swift,US,43,m,US,Female
885,9,0.3010299956639812,Kacey Musgraves,US,43,m,US,Female
885,10,0.2890648263178879,Four Tet,US,43,m,UK,Male
886,1,1.0,Travis Scott,BR,27,m,US,Male
886,2,0.6309297535714575,Nicki Minaj,BR,27,m,US,Female
886,3,0.5,Haddaway,BR,27,m,DE,Male
886,4,0.43067655807339306,Troye Sivan,BR,27,m,AU,Male
886,5,0.38685280723454163,John Mayer,BR,27,m,IN,Male
886,6,0.3562071871080222,Taylor Swift,BR,27,m,US,Female
886,7,0.3333333333333333,Ariana Grande,BR,27,m,US,Female
886,8,0.31546487678572877,Katy Perry,BR,27,m,US,Female
886,9,0.3010299956639812,Anitta,BR,27,m,BR,Female
886,10,0.2890648263178879,J Balvin,BR,27,m,CO,Male
887,1,1.0,John Maus,TR,20,m,US,Male
887,2,0.6309297535714575,John Maus,TR,20,m,US,Male
887,3,0.5,Thom Yorke,TR,20,m,UK,Male
887,4,0.43067655807339306,Twin Shadow,TR,20,m,US,Male
887,5,0.38685280723454163,Bill Callahan,TR,20,m,US,Male
887,6,0.3562071871080222,Oneohtrix Point Never,TR,20,m,US,Male
887,7,0.3333333333333333,James Blake,TR,20,m,UK,Male
887,8,0.31546487678572877,Grouper,TR,20,m,US,Female
887,9,0.3010299956639812,Lush,TR,20,m,FI,Male
887,10,0.2890648263178879,Cass McCombs,TR,20,m,US,Male
888,1,1.0,Eagle-Eye Cherry,BY,27,m,SE,Male
888,2,0.6309297535714575,Miley Cyrus,BY,27,m,US,Non-binary
888,3,0.5,Bryan Adams,BY,27,m,CA,Male
888,4,0.43067655807339306,Billy Joel,BY,27,m,US,Male
888,5,0.38685280723454163,John Mayer,BY,27,m,IN,Male
888,6,0.3562071871080222,Lil Nas X,BY,27,m,US,Male
888,7,0.3333333333333333,AFI,BY,27,m,US,Female
888,8,0.31546487678572877,Beck,BY,27,m,DK,Male
888,9,0.3010299956639812,Chris Isaak,BY,27,m,US,Male
888,10,0.2890648263178879,Travis Scott,BY,27,m,US,Male
889,1,1.0,Britney Spears,BR,31,f,US,Female
889,2,0.6309297535714575,Lil Nas X,BR,31,f,US,Male
889,3,0.5,AFI,BR,31,f,US,Female
889,4,0.43067655807339306,Marilyn Manson,BR,31,f,US,Male
889,5,0.38685280723454163,Duncan Laurence,BR,31,f,NL,Male
889,6,0.3562071871080222,Michael Sembello,BR,31,f,US,Male
889,7,0.3333333333333333,Robyn,BR,31,f,SE,Female
889,8,0.31546487678572877,Björk,BR,31,f,IS,Female
889,9,0.3010299956639812,Roy Orbison,BR,31,f,US,Male
889,10,0.2890648263178879,Tame Impala,BR,31,f,AU,Male
890,1,1.0,Bryan Adams,DE,22,m,CA,Male
890,2,0.6309297535714575,Marilyn Manson,DE,22,m,US,Male
890,3,0.5,Dolly Parton,DE,22,m,US,Female
890,4,0.43067655807339306,Billy Joel,DE,22,m,US,Male
890,5,0.38685280723454163,Duncan Laurence,DE,22,m,NL,Male
890,6,0.3562071871080222,Ed Sheeran,DE,22,m,UK,Male
890,7,0.3333333333333333,Chuck Berry,DE,22,m,US,Male
890,8,0.31546487678572877,Lil Nas X,DE,22,m,US,Male
890,9,0.3010299956639812,Michael Sembello,DE,22,m,US,Male
890,10,0.2890648263178879,Björk,DE,22,m,IS,Female
891,1,1.0,Lil Nas X,PE,27,m,US,Male
891,2,0.6309297535714575,Rihanna,PE,27,m,UK,Female
891,3,0.5,John Mayer,PE,27,m,IN,Male
891,4,0.43067655807339306,Lana Del Rey,PE,27,m,US,Female
891,5,0.38685280723454163,Troye Sivan,PE,27,m,AU,Male
891,6,0.3562071871080222,Paula Abdul,PE,27,m,US,Female
891,7,0.3333333333333333,Roberta Flack,PE,27,m,US,Female
891,8,0.31546487678572877,Ariana Grande,PE,27,m,US,Female
891,9,0.3010299956639812,Avril Lavigne,PE,27,m,CA,Female
891,10,0.2890648263178879,Norah Jones,PE,27,m,US,Female
892,1,1.0,Thom Yorke,SE,22,m,UK,Male
892,2,0.6309297535714575,Snail Mail,SE,22,m,US,Female
892,3,0.5,Weyes Blood,SE,22,m,US,Female
892,4,0.43067655807339306,Weyes Blood,SE,22,m,US,Female
892,5,0.38685280723454163,James Blake,SE,22,m,UK,Male
892,6,0.3562071871080222,Twin Shadow,SE,22,m,US,Male
892,7,0.3333333333333333,Weyes Blood,SE,22,m,US,Female
892,8,0.31546487678572877,Father John Misty,SE,22,m,US,Male
892,9,0.3010299956639812,Tame Impala,SE,22,m,AU,Male
892,10,0.2890648263178879,Jessica Pratt,SE,22,m,US,Female
893,1,1.0,Britney Spears,UK,20,m,US,Female
893,2,0.6309297535714575,Weyes Blood,UK,20,m,US,Female
893,3,0.5,Bryan Adams,UK,20,m,CA,Male
893,4,0.43067655807339306,Weyes Blood,UK,20,m,US,Female
893,5,0.38685280723454163,Dolly Parton,UK,20,m,US,Female
893,6,0.3562071871080222,AFI,UK,20,m,US,Female
893,7,0.3333333333333333,Robyn,UK,20,m,SE,Female
893,8,0.31546487678572877,Britney Spears,UK,20,m,US,Female
893,9,0.3010299956639812,John Maus,UK,20,m,US,Male
893,10,0.2890648263178879,Björk,UK,20,m,IS,Female
894,1,1.0,Toro y Moi,US,23,m,US,Male
894,2,0.6309297535714575,Toro y Moi,US,23,m,US,Male
894,3,0.5,Bill Callahan,US,23,m,US,Male
894,4,0.43067655807339306,Ariel Pink,US,23,m,US,Male
894,5,0.38685280723454163,Kevin Morby,US,23,m,US,Male
894,6,0.3562071871080222,Panda Bear,US,23,m,US,Male
894,7,0.3333333333333333,Perfume Genius,US,23,m,US,Male
894,8,0.31546487678572877,Tame Impala,US,23,m,AU,Male
894,9,0.3010299956639812,Bill Callahan,US,23,m,US,Male
894,10,0.2890648263178879,Cass McCombs,US,23,m,US,Male
895,1,1.0,Ariana Grande,PL,21,f,US,Female
895,2,0.6309297535714575,Ed Sheeran,PL,21,f,UK,Male
895,3,0.5,Ariana Grande,PL,21,f,US,Female
895,4,0.43067655807339306,Taylor Swift,PL,21,f,US,Female
895,5,0.38685280723454163,Sia,PL,21,f,AU,Female
895,6,0.3562071871080222,Michael Sembello,PL,21,f,US,Male
895,7,0.3333333333333333,AFI,PL,21,f,US,Female
895,8,0.31546487678572877,Beyoncé,PL,21,f,US,Female
895,9,0.3010299956639812,Mariah Carey,PL,21,f,US,Female
895,10,0.2890648263178879,Justin Timberlake,PL,21,f,US,Male
896,1,1.0,Ed Sheeran,BG,14,m,UK,Male
896,2,0.6309297535714575,Billy Joel,BG,14,m,US,Male
896,3,0.5,Billy Joel,BG,14,m,US,Male
896,4,0.43067655807339306,John Mayer,BG,14,m,IN,Male
896,5,0.38685280723454163,Dolly Parton,BG,14,m,US,Female
896,6,0.3562071871080222,Lil Nas X,BG,14,m,US,Male
896,7,0.3333333333333333,Queen,BG,14,m,JP,Female
896,8,0.31546487678572877,Duncan Laurence,BG,14,m,NL,Male
896,9,0.3010299956639812,Roy Orbison,BG,14,m,US,Male
896,10,0.2890648263178879,Avril Lavigne,BG,14,m,CA,Female
897,1,1.0,James Blake,US,19,m,UK,Male
897,2,0.6309297535714575,Tame Impala,US,19,m,AU,Male
897,3,0.5,Sia,US,19,m,AU,Female
897,4,0.43067655807339306,Haddaway,US,19,m,DE,Male
897,5,0.38685280723454163,Rihanna,US,19,m,UK,Female
897,6,0.3562071871080222,James Blake,US,19,m,UK,Male
897,7,0.3333333333333333,Paula Abdul,US,19,m,US,Female
897,8,0.31546487678572877,Ariana Grande,US,19,m,US,Female
897,9,0.3010299956639812,Ed Sheeran,US,19,m,UK,Male
897,10,0.2890648263178879,Laura Branigan,US,19,m,US,Female
899,1,1.0,Lil Nas X,AR,19,m,US,Male
899,2,0.6309297535714575,Pedro Sampaio,AR,19,m,BR,Male
899,3,0.5,Troye Sivan,AR,19,m,AU,Male
899,4,0.43067655807339306,Rihanna,AR,19,m,UK,Female
899,5,0.38685280723454163,Rihanna,AR,19,m,UK,Female
899,6,0.3562071871080222,Katy Perry,AR,19,m,US,Female
899,7,0.3333333333333333,Ed Sheeran,AR,19,m,UK,Male
899,8,0.31546487678572877,Selena Gomez,AR,19,m,US,Female
899,9,0.3010299956639812,Norah Jones,AR,19,m,US,Female
899,10,0.2890648263178879,Britney Spears,AR,19,m,US,Female
900,1,1.0,John Maus,BR,18,f,US,Male
900,2,0.6309297535714575,Weyes Blood,BR,18,f,US,Female
900,3,0.5,Jessica Pratt,BR,18,f,US,Female
900,4,0.43067655807339306,Janelle Monáe,BR,18,f,US,Non-binary
900,5,0.38685280723454163,Kacey Musgraves,BR,18,f,US,Female
900,6,0.3562071871080222,Toro y Moi,BR,18,f,US,Male
900,7,0.3333333333333333,Frank Ocean,BR,18,f,US,Male
900,8,0.31546487678572877,Robyn,BR,18,f,SE,Female
900,9,0.3010299956639812,Tame Impala,BR,18,f,AU,Male
900,10,0.2890648263178879,Snail Mail,BR,18,f,US,Female
901,1,1.0,Björk,MX,24,f,IS,Female
901,2,0.6309297535714575,John Mayer,MX,24,f,IN,Male
901,3,0.5,Britney Spears,MX,24,f,US,Female
901,4,0.43067655807339306,Britney Spears,MX,24,f,US,Female
901,5,0.38685280723454163,Moby,MX,24,f,US,Male
901,6,0.3562071871080222,Marilyn Manson,MX,24,f,US,Male
901,7,0.3333333333333333,Devin Townsend,MX,24,f,CA,Male
901,8,0.31546487678572877,Lil Nas X,MX,24,f,US,Male
901,9,0.3010299956639812,Ozzy Osbourne,MX,24,f,UK,Male
901,10,0.2890648263178879,Rob Zombie,MX,24,f,US,Male
902,1,1.0,Travis Scott,BR,15,m,US,Male
902,2,0.6309297535714575,Lil Nas X,BR,15,m,US,Male
902,3,0.5,Lana Del Rey,BR,15,m,US,Female
902,4,0.43067655807339306,Ed Sheeran,BR,15,m,UK,Male
902,5,0.38685280723454163,Haddaway,BR,15,m,DE,Male
902,6,0.3562071871080222,Ariana Grande,BR,15,m,US,Female
902,7,0.3333333333333333,Robyn,BR,15,m,SE,Female
902,8,0.31546487678572877,Ariana Grande,BR,15,m,US,Female
902,9,0.3010299956639812,Sia,BR,15,m,AU,Female
902,10,0.2890648263178879,Britney Spears,BR,15,m,US,Female
903,1,1.0,Billy Joel,RU,21,m,US,Male
903,2,0.6309297535714575,AFI,RU,21,m,US,Female
903,3,0.5,Ariana Grande,RU,21,m,US,Female
903,4,0.43067655807339306,Billy Joel,RU,21,m,US,Male
903,5,0.38685280723454163,Robyn,RU,21,m,SE,Female
903,6,0.3562071871080222,Ed Sheeran,RU,21,m,UK,Male
903,7,0.3333333333333333,Chuck Berry,RU,21,m,US,Male
903,8,0.31546487678572877,Michael Sembello,RU,21,m,US,Male
903,9,0.3010299956639812,Taylor Swift,RU,21,m,US,Female
903,10,0.2890648263178879,Avril Lavigne,RU,21,m,CA,Female
904,1,1.0,Haddaway,BR,18,m,DE,Male
904,2,0.6309297535714575,Avril Lavigne,BR,18,m,CA,Female
904,3,0.5,Kacey Musgraves,BR,18,m,US,Female
904,4,0.43067655807339306,Kacey Musgraves,BR,18,m,US,Female
904,5,0.38685280723454163,Rihanna,BR,18,m,UK,Female
904,6,0.3562071871080222,Kanye West,BR,18,m,US,Male
904,7,0.3333333333333333,Madison Beer,BR,18,m,US,Female
904,8,0.31546487678572877,Mariah Carey,BR,18,m,US,Female
904,9,0.3010299956639812,Mariah Carey,BR,18,m,US,Female
904,10,0.2890648263178879,Rihanna,BR,18,m,UK,Female
905,1,1.0,Bryan Adams,NL,22,f,CA,Male
905,2,0.6309297535714575,Billy Joel,NL,22,f,US,Male
905,3,0.5,Billy Joel,NL,22,f,US,Male
905,4,0.43067655807339306,AFI,NL,22,f,US,Female
905,5,0.38685280723454163,Robyn,NL,22,f,SE,Female
905,6,0.3562071871080222,Tame Impala,NL,22,f,AU,Male
905,7,0.3333333333333333,Duncan Laurence,NL,22,f,NL,Male
905,8,0.31546487678572877,Björk,NL,22,f,IS,Female
905,9,0.3010299956639812,Ed Sheeran,NL,22,f,UK,Male
905,10,0.2890648263178879,Chuck Berry,NL,22,f,US,Male
906,1,1.0,Queen,BR,18,m,JP,Female
906,2,0.6309297535714575,Marilyn Manson,BR,18,m,US,Male
906,3,0.5,Billy Joel,BR,18,m,US,Male
906,4,0.43067655807339306,Edwyn Collins,BR,18,m,UK,Male
906,5,0.38685280723454163,Ed Sheeran,BR,18,m,UK,Male
906,6,0.3562071871080222,Britney Spears,BR,18,m,US,Female
906,7,0.3333333333333333,Marilyn Manson,BR,18,m,US,Male
906,8,0.31546487678572877,Chris Isaak,BR,18,m,US,Male
906,9,0.3010299956639812,Moby,BR,18,m,US,Male
906,10,0.2890648263178879,Queen,BR,18,m,JP,Female
907,1,1.0,Lil Nas X,BY,30,m,US,Male
907,2,0.6309297535714575,Miley Cyrus,BY,30,m,US,Non-binary
907,3,0.5,Michael Sembello,BY,30,m,US,Male
907,4,0.43067655807339306,Robyn,BY,30,m,SE,Female
907,5,0.38685280723454163,Edwyn Collins,BY,30,m,UK,Male
907,6,0.3562071871080222,Dolly Parton,BY,30,m,US,Female
907,7,0.3333333333333333,Roy Orbison,BY,30,m,US,Male
907,8,0.31546487678572877,Ariana Grande,BY,30,m,US,Female
907,9,0.3010299956639812,Chuck Berry,BY,30,m,US,Male
907,10,0.2890648263178879,Björk,BY,30,m,IS,Female
908,1,1.0,John Mayer,PY,42,m,IN,Male
908,2,0.6309297535714575,AFI,PY,42,m,US,Female
908,3,0.5,Duncan Laurence,PY,42,m,NL,Male
908,4,0.43067655807339306,Dolly Parton,PY,42,m,US,Female
908,5,0.38685280723454163,Chris Isaak,PY,42,m,US,Male
908,6,0.3562071871080222,Edwyn Collins,PY,42,m,UK,Male
908,7,0.3333333333333333,Roy Orbison,PY,42,m,US,Male
908,8,0.31546487678572877,Björk,PY,42,m,IS,Female
908,9,0.3010299956639812,Billy Joel,PY,42,m,US,Male
908,10,0.2890648263178879,Queen,PY,42,m,JP,Female
909,1,1.0,Edwyn Collins,BE,55,m,UK,Male
909,2,0.6309297535714575,Duncan Laurence,BE,55,m,NL,Male
909,3,0.5,John Mayer,BE,55,m,IN,Male
909,4,0.43067655807339306,Britney Spears,BE,55,m,US,Female
909,5,0.38685280723454163,Dolly Parton,BE,55,m,US,Female
909,6,0.3562071871080222,Ed Sheeran,BE,55,m,UK,Male
909,7,0.3333333333333333,Roy Orbison,BE,55,m,US,Male
909,8,0.31546487678572877,Björk,BE,55,m,IS,Female
909,9,0.3010299956639812,Justin Timberlake,BE,55,m,US,Male
909,10,0.2890648263178879,Queen,BE,55,m,JP,Female
910,1,1.0,Billy Joel,RU,22,m,US,Male
910,2,0.6309297535714575,Chuck Berry,RU,22,m,US,Male
910,3,0.5,Dolly Parton,RU,22,m,US,Female
910,4,0.43067655807339306,Björk,RU,22,m,IS,Female
910,5,0.38685280723454163,Robyn,RU,22,m,SE,Female
910,6,0.3562071871080222,Michael Sembello,RU,22,m,US,Male
910,7,0.3333333333333333,Ed Sheeran,RU,22,m,UK,Male
910,8,0.31546487678572877,Miley Cyrus,RU,22,m,US,Non-binary
910,9,0.3010299956639812,Roy Orbison,RU,22,m,US,Male
910,10,0.2890648263178879,Laura Branigan,RU,22,m,US,Female
911,1,1.0,Billy Joel,BR,21,m,US,Male
911,2,0.6309297535714575,Billy Joel,BR,21,m,US,Male
911,3,0.5,John Mayer,BR,21,m,IN,Male
911,4,0.43067655807339306,Ed Sheeran,BR,21,m,UK,Male
911,5,0.38685280723454163,Michael Sembello,BR,21,m,US,Male
911,6,0.3562071871080222,Devin Townsend,BR,21,m,CA,Male
911,7,0.3333333333333333,Queen,BR,21,m,JP,Female
911,8,0.31546487678572877,Robyn,BR,21,m,SE,Female
911,9,0.3010299956639812,Lil Nas X,BR,21,m,US,Male
911,10,0.2890648263178879,Edwyn Collins,BR,21,m,UK,Male
912,1,1.0,Queen,US,19,f,JP,Female
912,2,0.6309297535714575,Billy Joel,US,19,f,US,Male
912,3,0.5,Marilyn Manson,US,19,f,US,Male
912,4,0.43067655807339306,Britney Spears,US,19,f,US,Female
912,5,0.38685280723454163,Michael Sembello,US,19,f,US,Male
912,6,0.3562071871080222,Dolly Parton,US,19,f,US,Female
912,7,0.3333333333333333,Billy Joel,US,19,f,US,Male
912,8,0.31546487678572877,Roy Orbison,US,19,f,US,Male
912,9,0.3010299956639812,Moby,US,19,f,US,Male
912,10,0.2890648263178879,Laura Branigan,US,19,f,US,Female
913,1,1.0,Chico Buarque,BR,32,m,BR,Male
913,2,0.6309297535714575,Djavan,BR,32,m,BR,Male
913,3,0.5,Mahmundi,BR,32,m,BR,Female
913,4,0.43067655807339306,Toquinho,BR,32,m,BR,Male
913,5,0.38685280723454163,Chico Buarque,BR,32,m,BR,Male
913,6,0.3562071871080222,Gilberto Gil,BR,32,m,BR,Male
913,7,0.3333333333333333,Gilberto Gil,BR,32,m,BR,Male
913,8,0.31546487678572877,Djavan,BR,32,m,BR,Male
913,9,0.3010299956639812,Céu,BR,32,m,BR,Female
913,10,0.2890648263178879,Caetano Veloso,BR,32,m,BR,Male
914,1,1.0,Avril Lavigne,UK,20,m,CA,Female
914,2,0.6309297535714575,Ed Sheeran,UK,20,m,UK,Male
914,3,0.5,Miley Cyrus,UK,20,m,US,Non-binary
914,4,0.43067655807339306,Beyoncé,UK,20,m,US,Female
914,5,0.38685280723454163,Ariana Grande,UK,20,m,US,Female
914,6,0.3562071871080222,Lana Del Rey,UK,20,m,US,Female
914,7,0.3333333333333333,Bryan Adams,UK,20,m,CA,Male
914,8,0.31546487678572877,Britney Spears,UK,20,m,US,Female
914,9,0.3010299956639812,Ariana Grande,UK,20,m,US,Female
914,10,0.2890648263178879,Miley Cyrus,UK,20,m,US,Non-binary
915,1,1.0,Betty Davis,FI,25,m,US,Female
915,2,0.6309297535714575,Devin Townsend,FI,25,m,CA,Male
915,3,0.5,Rush,FI,25,m,US,Male
915,4,0.43067655807339306,Zé Keti,FI,25,m,BR,Male
915,5,0.38685280723454163,Jorge Ben,FI,25,m,BR,Male
915,6,0.3562071871080222,Howlin' Wolf,FI,25,m,US,Male
915,7,0.3333333333333333,Belchior,FI,25,m,BR,Male
915,8,0.31546487678572877,Rush,FI,25,m,US,Male
915,9,0.3010299956639812,Rush,FI,25,m,US,Male
915,10,0.2890648263178879,Rush,FI,25,m,US,Male
916,1,1.0,Billy Joel,FI,20,f,US,Male
916,2,0.6309297535714575,John Mayer,FI,20,f,IN,Male
916,3,0.5,Lil Nas X,FI,20,f,US,Male
916,4,0.43067655807339306,Moby,FI,20,f,US,Male
916,5,0.38685280723454163,Chris Isaak,FI,20,f,US,Male
916,6,0.3562071871080222,Chuck Berry,FI,20,f,US,Male
916,7,0.3333333333333333,Dolly Parton,FI,20,f,US,Female
916,8,0.31546487678572877,Seal,FI,20,f,UK,Male
916,9,0.3010299956639812,Roy Orbison,FI,20,f,US,Male
916,10,0.2890648263178879,Laura Branigan,FI,20,f,US,Female
917,1,1.0,Michael Sembello,RU,22,m,US,Male
917,2,0.6309297535714575,Roy Orbison,RU,22,m,US,Male
917,3,0.5,Dolly Parton,RU,22,m,US,Female
917,4,0.43067655807339306,Ed Sheeran,RU,22,m,UK,Male
917,5,0.38685280723454163,Devin Townsend,RU,22,m,CA,Male
917,6,0.3562071871080222,John Mayer,RU,22,m,IN,Male
917,7,0.3333333333333333,Chris Isaak,RU,22,m,US,Male
917,8,0.31546487678572877,Seal,RU,22,m,UK,Male
917,9,0.3010299956639812,Machine Head,RU,22,m,JP,Male
917,10,0.2890648263178879,Lil Nas X,RU,22,m,US,Male
918,1,1.0,Lil Nas X,BR,20,m,US,Male
918,2,0.6309297535714575,Michael Sembello,BR,20,m,US,Male
918,3,0.5,Queen,BR,20,m,JP,Female
918,4,0.43067655807339306,Robyn,BR,20,m,SE,Female
918,5,0.38685280723454163,Laura Branigan,BR,20,m,US,Female
918,6,0.3562071871080222,Duncan Laurence,BR,20,m,NL,Male
918,7,0.3333333333333333,Dolly Parton,BR,20,m,US,Female
918,8,0.31546487678572877,Björk,BR,20,m,IS,Female
918,9,0.3010299956639812,Edwyn Collins,BR,20,m,UK,Male
918,10,0.2890648263178879,Marilyn Manson,BR,20,m,US,Male
919,1,1.0,James Blake,UZ,23,m,UK,Male
919,2,0.6309297535714575,Ariana Grande,UZ,23,m,US,Female
919,3,0.5,Taylor Swift,UZ,23,m,US,Female
919,4,0.43067655807339306,Ariana Grande,UZ,23,m,US,Female
919,5,0.38685280723454163,Snail Mail,UZ,23,m,US,Female
919,6,0.3562071871080222,Jessie J,UZ,23,m,UK,Female
919,7,0.3333333333333333,Beyoncé,UZ,23,m,US,Female
919,8,0.31546487678572877,Ariana Grande,UZ,23,m,US,Female
919,9,0.3010299956639812,Beck,UZ,23,m,DK,Male
919,10,0.2890648263178879,Rita Ora,UZ,23,m,UK,Female
920,1,1.0,Marilyn Manson,EE,19,m,US,Male
920,2,0.6309297535714575,AFI,EE,19,m,US,Female
920,3,0.5,Eagle-Eye Cherry,EE,19,m,SE,Male
920,4,0.43067655807339306,Moby,EE,19,m,US,Male
920,5,0.38685280723454163,Beck,EE,19,m,DK,Male
920,6,0.3562071871080222,Queen,EE,19,m,JP,Female
920,7,0.3333333333333333,Aaron Smith,EE,19,m,US,Male
920,8,0.31546487678572877,Björk,EE,19,m,IS,Female
920,9,0.3010299956639812,Haddaway,EE,19,m,DE,Male
920,10,0.2890648263178879,Vitalic,EE,19,m,FR,Male
921,1,1.0,Lana Del Rey,RU,19,m,US,Female
921,2,0.6309297535714575,Rihanna,RU,19,m,UK,Female
921,3,0.5,Lil Nas X,RU,19,m,US,Male
921,4,0.43067655807339306,Britney Spears,RU,19,m,US,Female
921,5,0.38685280723454163,Sia,RU,19,m,AU,Female
921,6,0.3562071871080222,Miley Cyrus,RU,19,m,US,Non-binary
921,7,0.3333333333333333,Britney Spears,RU,19,m,US,Female
921,8,0.31546487678572877,Ed Sheeran,RU,19,m,UK,Male
921,9,0.3010299956639812,J Balvin,RU,19,m,CO,Male
921,10,0.2890648263178879,James Blake,RU,19,m,UK,Male
922,1,1.0,Billy Joel,BG,22,m,US,Male
922,2,0.6309297535714575,Ed Sheeran,BG,22,m,UK,Male
922,3,0.5,Queen,BG,22,m,JP,Female
922,4,0.43067655807339306,John Mayer,BG,22,m,IN,Male
922,5,0.38685280723454163,Dolly Parton,BG,22,m,US,Female
922,6,0.3562071871080222,Rob Zombie,BG,22,m,US,Male
922,7,0.3333333333333333,Blue Stahli,BG,22,m,US,Male
922,8,0.31546487678572877,Michael Sembello,BG,22,m,US,Male
922,9,0.3010299956639812,Queen,BG,22,m,JP,Female
922,10,0.2890648263178879,Carpenter Brut,BG,22,m,FR,Male
923,1,1.0,Weyes Blood,GE,18,f,US,Female
923,2,0.6309297535714575,Jessica Pratt,GE,18,f,US,Female
923,3,0.5,Janelle Monáe,GE,18,f,US,Non-binary
923,4,0.43067655807339306,Snail Mail,GE,18,f,US,Female
923,5,0.38685280723454163,Kacey Musgraves,GE,18,f,US,Female
923,6,0.3562071871080222,Father John Misty,GE,18,f,US,Male
923,7,0.3333333333333333,Travis Scott,GE,18,f,US,Male
923,8,0.31546487678572877,Julia Holter,GE,18,f,US,Female
923,9,0.3010299956639812,Frank Ocean,GE,18,f,US,Male
923,10,0.2890648263178879,Wild Nothing,GE,18,f,US,Male
924,1,1.0,Marilyn Manson,PH,19,m,US,Male
924,2,0.6309297535714575,Haddaway,PH,19,m,DE,Male
924,3,0.5,Eagle-Eye Cherry,PH,19,m,SE,Male
924,4,0.43067655807339306,Chuck Berry,PH,19,m,US,Male
924,5,0.38685280723454163,Bryan Adams,PH,19,m,CA,Male
924,6,0.3562071871080222,Roy Orbison,PH,19,m,US,Male
924,7,0.3333333333333333,Britney Spears,PH,19,m,US,Female
924,8,0.31546487678572877,Moby,PH,19,m,US,Male
924,9,0.3010299956639812,Red,PH,19,m,PL,Male
924,10,0.2890648263178879,Devin Townsend,PH,19,m,CA,Male
925,1,1.0,Marisa Monte,DE,28,m,BR,Female
925,2,0.6309297535714575,Emperor,DE,28,m,UK,Male
925,3,0.5,Amanda Palmer,DE,28,m,US,Female
925,4,0.43067655807339306,Philip Glass,DE,28,m,US,Male
925,5,0.38685280723454163,Nile,DE,28,m,US,Female
925,6,0.3562071871080222,Marisa Monte,DE,28,m,BR,Female
925,7,0.3333333333333333,The Kinks,DE,28,m,US,Male
925,8,0.31546487678572877,Ozzy Osbourne,DE,28,m,UK,Male
925,9,0.3010299956639812,Bob Dylan,DE,28,m,US,Male
925,10,0.2890648263178879,Devin Townsend,DE,28,m,CA,Male
926,1,1.0,Bryan Adams,PL,25,m,CA,Male
926,2,0.6309297535714575,Haddaway,PL,25,m,DE,Male
926,3,0.5,Beck,PL,25,m,DK,Male
926,4,0.43067655807339306,Michael Sembello,PL,25,m,US,Male
926,5,0.38685280723454163,Dolly Parton,PL,25,m,US,Female
926,6,0.3562071871080222,Billy Joel,PL,25,m,US,Male
926,7,0.3333333333333333,AFI,PL,25,m,US,Female
926,8,0.31546487678572877,Duncan Laurence,PL,25,m,NL,Male
926,9,0.3010299956639812,John Mayer,PL,25,m,IN,Male
926,10,0.2890648263178879,Seal,PL,25,m,UK,Male
927,1,1.0,Billy Joel,ID,20,m,US,Male
927,2,0.6309297535714575,Lana Del Rey,ID,20,m,US,Female
927,3,0.5,Bryan Adams,ID,20,m,CA,Male
927,4,0.43067655807339306,Travis Scott,ID,20,m,US,Male
927,5,0.38685280723454163,Eagle-Eye Cherry,ID,20,m,SE,Male
927,6,0.3562071871080222,Ed Sheeran,ID,20,m,UK,Male
927,7,0.3333333333333333,Duncan Laurence,ID,20,m,NL,Male
927,8,0.31546487678572877,Rihanna,ID,20,m,UK,Female
927,9,0.3010299956639812,Adele,ID,20,m,UK,Female
927,10,0.2890648263178879,Kelis,ID,20,m,US,Female
928,1,1.0,Beyoncé,PL,14,m,US,Female
928,2,0.6309297535714575,Rita Ora,PL,14,m,UK,Female
928,3,0.5,Haddaway,PL,14,m,DE,Male
928,4,0.43067655807339306,Ed Sheeran,PL,14,m,UK,Male
928,5,0.38685280723454163,Mariah Carey,PL,14,m,US,Female
928,6,0.3562071871080222,James Blake,PL,14,m,UK,Male
928,7,0.3333333333333333,Sia,PL,14,m,AU,Female
928,8,0.31546487678572877,Tame Impala,PL,14,m,AU,Male
928,9,0.3010299956639812,Taylor Swift,PL,14,m,US,Female
928,10,0.2890648263178879,Britney Spears,PL,14,m,US,Female
929,1,1.0,John Maus,BR,18,f,US,Male
929,2,0.6309297535714575,Chuck Berry,BR,18,f,US,Male
929,3,0.5,Britney Spears,BR,18,f,US,Female
929,4,0.43067655807339306,Björk,BR,18,f,IS,Female
929,5,0.38685280723454163,Weyes Blood,BR,18,f,US,Female
929,6,0.3562071871080222,Eagle-Eye Cherry,BR,18,f,SE,Male
929,7,0.3333333333333333,Dolly Parton,BR,18,f,US,Female
929,8,0.31546487678572877,Weyes Blood,BR,18,f,US,Female
929,9,0.3010299956639812,Queen,BR,18,f,JP,Female
929,10,0.2890648263178879,Marilyn Manson,BR,18,f,US,Male
930,1,1.0,Miley Cyrus,DE,33,m,US,Non-binary
930,2,0.6309297535714575,Sia,DE,33,m,AU,Female
930,3,0.5,Billy Joel,DE,33,m,US,Male
930,4,0.43067655807339306,Ariana Grande,DE,33,m,US,Female
930,5,0.38685280723454163,Britney Spears,DE,33,m,US,Female
930,6,0.3562071871080222,Bryan Adams,DE,33,m,CA,Male
930,7,0.3333333333333333,Eagle-Eye Cherry,DE,33,m,SE,Male
930,8,0.31546487678572877,Beck,DE,33,m,DK,Male
930,9,0.3010299956639812,Beyoncé,DE,33,m,US,Female
930,10,0.2890648263178879,Dolly Parton,DE,33,m,US,Female
931,1,1.0,Bryan Adams,US,37,m,CA,Male
931,2,0.6309297535714575,Billy Joel,US,37,m,US,Male
931,3,0.5,Queen,US,37,m,JP,Female
931,4,0.43067655807339306,Billy Joel,US,37,m,US,Male
931,5,0.38685280723454163,Marilyn Manson,US,37,m,US,Male
931,6,0.3562071871080222,Chuck Berry,US,37,m,US,Male
931,7,0.3333333333333333,Seal,US,37,m,UK,Male
931,8,0.31546487678572877,Dolly Parton,US,37,m,US,Female
931,9,0.3010299956639812,Edwyn Collins,US,37,m,UK,Male
931,10,0.2890648263178879,Björk,US,37,m,IS,Female
932,1,1.0,John Maus,CA,17,m,US,Male
932,2,0.6309297535714575,John Maus,CA,17,m,US,Male
932,3,0.5,Weyes Blood,CA,17,m,US,Female
932,4,0.43067655807339306,Thom Yorke,CA,17,m,UK,Male
932,5,0.38685280723454163,Aldous Harding,CA,17,m,NZ,Female
932,6,0.3562071871080222,Janelle Monáe,CA,17,m,US,Non-binary
932,7,0.3333333333333333,Weyes Blood,CA,17,m,US,Female
932,8,0.31546487678572877,Apparat,CA,17,m,DE,Male
932,9,0.3010299956639812,Ariana Grande,CA,17,m,US,Female
932,10,0.2890648263178879,Lana Del Rey,CA,17,m,US,Female
933,1,1.0,Billy Joel,RU,15,m,US,Male
933,2,0.6309297535714575,Billy Joel,RU,15,m,US,Male
933,3,0.5,Robyn,RU,15,m,SE,Female
933,4,0.43067655807339306,John Mayer,RU,15,m,IN,Male
933,5,0.38685280723454163,Michael Sembello,RU,15,m,US,Male
933,6,0.3562071871080222,Roy Orbison,RU,15,m,US,Male
933,7,0.3333333333333333,Lil Nas X,RU,15,m,US,Male
933,8,0.31546487678572877,Dolly Parton,RU,15,m,US,Female
933,9,0.3010299956639812,Duncan Laurence,RU,15,m,NL,Male
933,10,0.2890648263178879,Avril Lavigne,RU,15,m,CA,Female
934,1,1.0,John Maus,ZA,23,f,US,Male
934,2,0.6309297535714575,Weyes Blood,ZA,23,f,US,Female
934,3,0.5,Weyes Blood,ZA,23,f,US,Female
934,4,0.43067655807339306,John Maus,ZA,23,f,US,Male
934,5,0.38685280723454163,Beck,ZA,23,f,DK,Male
934,6,0.3562071871080222,Lana Del Rey,ZA,23,f,US,Female
934,7,0.3333333333333333,Britney Spears,ZA,23,f,US,Female
934,8,0.31546487678572877,Weyes Blood,ZA,23,f,US,Female
934,9,0.3010299956639812,Britney Spears,ZA,23,f,US,Female
934,10,0.2890648263178879,Twin Shadow,ZA,23,f,US,Male
935,1,1.0,Billy Joel,MX,21,m,US,Male
935,2,0.6309297535714575,John Maus,MX,21,m,US,Male
935,3,0.5,Apparat,MX,21,m,DE,Male
935,4,0.43067655807339306,Britney Spears,MX,21,m,US,Female
935,5,0.38685280723454163,Weyes Blood,MX,21,m,US,Female
935,6,0.3562071871080222,Bryan Adams,MX,21,m,CA,Male
935,7,0.3333333333333333,AFI,MX,21,m,US,Female
935,8,0.31546487678572877,John Maus,MX,21,m,US,Male
935,9,0.3010299956639812,Weyes Blood,MX,21,m,US,Female
935,10,0.2890648263178879,Björk,MX,21,m,IS,Female
936,1,1.0,Billy Joel,RU,19,f,US,Male
936,2,0.6309297535714575,Dolly Parton,RU,19,f,US,Female
936,3,0.5,Michael Sembello,RU,19,f,US,Male
936,4,0.43067655807339306,Queen,RU,19,f,JP,Female
936,5,0.38685280723454163,John Mayer,RU,19,f,IN,Male
936,6,0.3562071871080222,Moby,RU,19,f,US,Male
936,7,0.3333333333333333,Edwyn Collins,RU,19,f,UK,Male
936,8,0.31546487678572877,Lil Nas X,RU,19,f,US,Male
936,9,0.3010299956639812,Ozzy Osbourne,RU,19,f,UK,Male
936,10,0.2890648263178879,Duncan Laurence,RU,19,f,NL,Male
937,1,1.0,Weyes Blood,UA,17,f,US,Female
937,2,0.6309297535714575,Weyes Blood,UA,17,f,US,Female
937,3,0.5,Twin Shadow,UA,17,f,US,Male
937,4,0.43067655807339306,Pional,UA,17,f,ES,Male
937,5,0.38685280723454163,Julia Holter,UA,17,f,US,Female
937,6,0.3562071871080222,Snail Mail,UA,17,f,US,Female
937,7,0.3333333333333333,Ariel Pink,UA,17,f,US,Male
937,8,0.31546487678572877,Tycho,UA,17,f,US,Male
937,9,0.3010299956639812,Father John Misty,UA,17,f,US,Male
937,10,0.2890648263178879,Wild Nothing,UA,17,f,US,Male
938,1,1.0,Ed Sheeran,SE,21,m,UK,Male
938,2,0.6309297535714575,Travis Scott,SE,21,m,US,Male
938,3,0.5,Lil Nas X,SE,21,m,US,Male
938,4,0.43067655807339306,Adele,SE,21,m,UK,Female
938,5,0.38685280723454163,Haddaway,SE,21,m,DE,Male
938,6,0.3562071871080222,Britney Spears,SE,21,m,US,Female
938,7,0.3333333333333333,Gwen Stefani,SE,21,m,US,Female
938,8,0.31546487678572877,Sia,SE,21,m,AU,Female
938,9,0.3010299956639812,Ariana Grande,SE,21,m,US,Female
938,10,0.2890648263178879,Kacey Musgraves,SE,21,m,US,Female
939,1,1.0,Moby,RU,19,m,US,Male
939,2,0.6309297535714575,Rob Zombie,RU,19,m,US,Male
939,3,0.5,Ozzy Osbourne,RU,19,m,UK,Male
939,4,0.43067655807339306,Blue Stahli,RU,19,m,US,Male
939,5,0.38685280723454163,Leonard Cohen,RU,19,m,CA,Male
939,6,0.3562071871080222,Marilyn Manson,RU,19,m,US,Male
939,7,0.3333333333333333,Marilyn Manson,RU,19,m,US,Male
939,8,0.31546487678572877,Carpenter Brut,RU,19,m,FR,Male
939,9,0.3010299956639812,Marilyn Manson,RU,19,m,US,Male
939,10,0.2890648263178879,Machine Head,RU,19,m,JP,Male
