user_id,rank,exposure,artist,user_country,user_age,user_gender,artist_country,artist_gender
1,1,1.0,Britney Spears,UK,29,m,US,Female
1,2,0.6309297535714575,Aaron Smith,UK,29,m,US,Male
1,3,0.5,Rihanna,UK,29,m,UK,Female
1,4,0.43067655807339306,Vitalic,UK,29,m,FR,Male
1,5,0.38685280723454163,Britney Spears,UK,29,m,US,Female
1,6,0.3562071871080222,Machine Head,UK,29,m,JP,Male
1,7,0.3333333333333333,Kelis,UK,29,m,US,Female
1,8,0.31546487678572877,Toro y Moi,UK,29,m,US,Male
1,9,0.3010299956639812,Gwen Stefani,UK,29,m,US,Female
1,10,0.2890648263178879,Ariana Grande,UK,29,m,US,Female
2,1,1.0,Norah Jones,US,29,f,US,Female
2,2,0.6309297535714575,Paula Abdul,US,29,f,US,Female
2,3,0.5,Perturbator,US,29,f,FR,Male
2,4,0.43067655807339306,Nik Kershaw,US,29,f,UK,Male
2,5,0.38685280723454163,Noisestorm,US,29,f,IE,Male
2,6,0.3562071871080222,Britney Spears,US,29,f,US,Female
2,7,0.3333333333333333,Adele,US,29,f,UK,Female
2,8,0.31546487678572877,Ariana Grande,US,29,f,US,Female
2,9,0.3010299956639812,Amanda Palmer,US,29,f,US,Female
2,10,0.2890648263178879,Janelle Monáe,US,29,f,US,Non-binary
3,1,1.0,Lil Nas X,CH,27,m,US,Male
3,2,0.6309297535714575,Britney Spears,CH,27,m,US,Female
3,3,0.5,Robyn,CH,27,m,SE,Female
3,4,0.43067655807339306,Anna Calvi,CH,27,m,UK,Female
3,5,0.38685280723454163,Tame Impala,CH,27,m,AU,Male
3,6,0.3562071871080222,Travis Scott,CH,27,m,US,Male
3,7,0.3333333333333333,Chuck Berry,CH,27,m,US,Male
3,8,0.31546487678572877,Pusha T,CH,27,m,US,Male
3,9,0.3010299956639812,Perfume Genius,CH,27,m,US,Male
3,10,0.2890648263178879,Kanye West,CH,27,m,US,Male
4,1,1.0,Gwen Stefani,UK,32,m,US,Female
4,2,0.6309297535714575,Beyoncé,UK,32,m,US,Female
4,3,0.5,Mr.Kitty,UK,32,m,US,Male
4,4,0.43067655807339306,Taylor Swift,UK,32,m,US,Female
4,5,0.38685280723454163,Jonathan Davis,UK,32,m,US,Male
4,6,0.3562071871080222,Madonna,UK,32,m,US,Female
4,7,0.3333333333333333,Armin van Buuren,UK,32,m,NL,Male
4,8,0.31546487678572877,James Blake,UK,32,m,UK,Male
4,9,0.3010299956639812,Shawn Mendes,UK,32,m,CA,Male
4,10,0.2890648263178879,DJ Shadow,UK,32,m,US,Male
5,1,1.0,Beyoncé,SE,28,m,US,Female
5,2,0.6309297535714575,Queen,SE,28,m,JP,Female
5,3,0.5,Bob Marley & The Wailers,SE,28,m,JM,Male
5,4,0.43067655807339306,Björk,SE,28,m,IS,Female
5,5,0.38685280723454163,Carpenter Brut,SE,28,m,FR,Male
5,6,0.3562071871080222,Ry x,SE,28,m,AU,Male
5,7,0.3333333333333333,Queen,SE,28,m,JP,Female
5,8,0.31546487678572877,Sia,SE,28,m,AU,Female
5,9,0.3010299956639812,Moby,SE,28,m,US,Male
5,10,0.2890648263178879,Justin Timberlake,SE,28,m,US,Male
6,1,1.0,James Blake,US,33,m,UK,Male
6,2,0.6309297535714575,Ice Cube,US,33,m,US,Male
6,3,0.5,Machine Head,US,33,m,JP,Male
6,4,0.43067655807339306,Kacey Musgraves,US,33,m,US,Female
6,5,0.38685280723454163,Noisestorm,US,33,m,IE,Male
6,6,0.3562071871080222,Grimes,US,33,m,CA,Female
6,7,0.3333333333333333,DJ Shadow,US,33,m,US,Male
6,8,0.31546487678572877,Rod Stewart,US,33,m,UK,Male
6,9,0.3010299956639812,Mr.Kitty,US,33,m,US,Male
6,10,0.2890648263178879,Father John Misty,US,33,m,US,Male
7,1,1.0,Sharon Van Etten,AU,37,m,US,Female
7,2,0.6309297535714575,Pusha T,AU,37,m,US,Male
7,3,0.5,Tame Impala,AU,37,m,AU,Male
7,4,0.43067655807339306,The Tallest Man on Earth,AU,37,m,SE,Male
7,5,0.38685280723454163,Robyn,AU,37,m,SE,Female
7,6,0.3562071871080222,Jenny Lewis,AU,37,m,US,Female
7,7,0.3333333333333333,Jeff Buckley,AU,37,m,US,Male
7,8,0.31546487678572877,Oneohtrix Point Never,AU,37,m,US,Male
7,9,0.3010299956639812,Nick Hakim,AU,37,m,US,Male
7,10,0.2890648263178879,John Maus,AU,37,m,US,Male
8,1,1.0,John Mayer,AU,26,m,IN,Male
8,2,0.6309297535714575,Corinne Bailey Rae,AU,26,m,UK,Female
8,3,0.5,Ed Sheeran,AU,26,m,UK,Male
8,4,0.43067655807339306,Eric Clapton,AU,26,m,UK,Male
8,5,0.38685280723454163,Moby,AU,26,m,US,Male
8,6,0.3562071871080222,Elvis Presley,AU,26,m,US,Male
8,7,0.3333333333333333,Chaka Khan,AU,26,m,US,Female
8,8,0.31546487678572877,Nicki Minaj,AU,26,m,US,Female
8,9,0.3010299956639812,Eminem,AU,26,m,US,Male
8,10,0.2890648263178879,Toro y Moi,AU,26,m,US,Male
9,1,1.0,Bob Marley & The Wailers,FI,30,m,JM,Male
9,2,0.6309297535714575,Miley Cyrus,FI,30,m,US,Non-binary
9,3,0.5,Ariana Grande,FI,30,m,US,Female
9,4,0.43067655807339306,Miley Cyrus,FI,30,m,US,Non-binary
9,5,0.38685280723454163,Travis Scott,FI,30,m,US,Male
9,6,0.3562071871080222,Janelle Monáe,FI,30,m,US,Non-binary
9,7,0.3333333333333333,Rita Ora,FI,30,m,UK,Female
9,8,0.31546487678572877,John Mayer,FI,30,m,IN,Male
9,9,0.3010299956639812,Vanessa Carlton,FI,30,m,US,Female
9,10,0.2890648263178879,Adele,FI,30,m,UK,Female
11,1,1.0,Grimes,FI,26,m,CA,Female
11,2,0.6309297535714575,Kacey Musgraves,FI,26,m,US,Female
11,3,0.5,Perturbator,FI,26,m,FR,Male
11,4,0.43067655807339306,Kelis,FI,26,m,US,Female
11,5,0.38685280723454163,Madonna,FI,26,m,US,Female
11,6,0.3562071871080222,Taylor Swift,FI,26,m,US,Female
11,7,0.3333333333333333,Lisa Miskovsky,FI,26,m,SE,Female
11,8,0.31546487678572877,Michael Jackson,FI,26,m,US,Male
11,9,0.3010299956639812,Ariana Grande,FI,26,m,US,Female
11,10,0.2890648263178879,Father John Misty,FI,26,m,US,Male
12,1,1.0,Bob Marley & The Wailers,NO,27,f,JM,Male
12,2,0.6309297535714575,Marilyn Manson,NO,27,f,US,Male
12,3,0.5,Ice Cube,NO,27,f,US,Male
12,4,0.43067655807339306,Serj Tankian,NO,27,f,US,Male
12,5,0.38685280723454163,Michael Jackson,NO,27,f,US,Male
12,6,0.3562071871080222,Queen,NO,27,f,JP,Female
12,7,0.3333333333333333,Devin Townsend,NO,27,f,CA,Male
12,8,0.31546487678572877,Father John Misty,NO,27,f,US,Male
12,9,0.3010299956639812,Rob Zombie,NO,27,f,US,Male
12,10,0.2890648263178879,Sia,NO,27,f,AU,Female
14,1,1.0,Sufjan Stevens,US,32,m,US,Male
14,2,0.6309297535714575,Anna Calvi,US,32,m,UK,Female
14,3,0.5,Bill Callahan,US,32,m,US,Male
14,4,0.43067655807339306,Ry x,US,32,m,AU,Male
14,5,0.38685280723454163,Caribou,US,32,m,CA,Male
14,6,0.3562071871080222,Chuck Berry,US,32,m,US,Male
14,7,0.3333333333333333,Tame Impala,US,32,m,AU,Male
14,8,0.31546487678572877,Nick Drake,US,32,m,UK,Male
14,9,0.3010299956639812,Perfume Genius,US,32,m,US,Male
14,10,0.2890648263178879,Devin Townsend,US,32,m,CA,Male
15,1,1.0,Chuck Berry,FI,27,m,US,Male
15,2,0.6309297535714575,Ariana Grande,FI,27,m,US,Female
15,3,0.5,Britney Spears,FI,27,m,US,Female
15,4,0.43067655807339306,Haddaway,FI,27,m,DE,Male
15,5,0.38685280723454163,Duncan Laurence,FI,27,m,NL,Male
15,6,0.3562071871080222,Travis Scott,FI,27,m,US,Male
15,7,0.3333333333333333,Nick Drake,FI,27,m,UK,Male
15,8,0.31546487678572877,Avril Lavigne,FI,27,m,CA,Female
15,9,0.3010299956639812,James Blake,FI,27,m,UK,Male
15,10,0.2890648263178879,Devin Townsend,FI,27,m,CA,Male
16,1,1.0,Ariana Grande,NL,25,m,US,Female
16,2,0.6309297535714575,Ariana Grande,NL,25,m,US,Female
16,3,0.5,Toro y Moi,NL,25,m,US,Male
16,4,0.43067655807339306,James Blake,NL,25,m,UK,Male
16,5,0.38685280723454163,Beyoncé,NL,25,m,US,Female
16,6,0.3562071871080222,Taylor Swift,NL,25,m,US,Female
16,7,0.3333333333333333,Madonna,NL,25,m,US,Female
16,8,0.31546487678572877,Ice Cube,NL,25,m,US,Male
16,9,0.3010299956639812,Shawn Mendes,NL,25,m,CA,Male
16,10,0.2890648263178879,Kelly Clarkson,NL,25,m,US,Female
17,1,1.0,Chuck Berry,SE,25,f,US,Male
17,2,0.6309297535714575,Ariana Grande,SE,25,f,US,Female
17,3,0.5,Britney Spears,SE,25,f,US,Female
17,4,0.43067655807339306,Anna Calvi,SE,25,f,UK,Female
17,5,0.38685280723454163,Haddaway,SE,25,f,DE,Male
17,6,0.3562071871080222,Ry x,SE,25,f,AU,Male
17,7,0.3333333333333333,Tame Impala,SE,25,f,AU,Male
17,8,0.31546487678572877,Avril Lavigne,SE,25,f,CA,Female
17,9,0.3010299956639812,Duncan Laurence,SE,25,f,NL,Male
17,10,0.2890648263178879,Perfume Genius,SE,25,f,US,Male
18,1,1.0,Rush,PL,29,m,US,Male
18,2,0.6309297535714575,Aaron Smith,PL,29,m,US,Male
18,3,0.5,Vitalic,PL,29,m,FR,Male
18,4,0.43067655807339306,DJ Shadow,PL,29,m,US,Male
18,5,0.38685280723454163,Nik Kershaw,PL,29,m,UK,Male
18,6,0.3562071871080222,Grimes,PL,29,m,CA,Female
18,7,0.3333333333333333,Machine Head,PL,29,m,JP,Male
18,8,0.31546487678572877,Father John Misty,PL,29,m,US,Male
18,9,0.3010299956639812,Mariah Carey,PL,29,m,US,Female
18,10,0.2890648263178879,Rihanna,PL,29,m,UK,Female
19,1,1.0,Ariana Grande,SE,26,m,US,Female
19,2,0.6309297535714575,Flume,SE,26,m,AU,Male
19,3,0.5,Big L,SE,26,m,US,Male
19,4,0.43067655807339306,Pusha T,SE,26,m,US,Male
19,5,0.38685280723454163,Mitski,SE,26,m,US,Female
19,6,0.3562071871080222,Mitski,SE,26,m,US,Female
19,7,0.3333333333333333,Kendrick Lamar,SE,26,m,US,Male
19,8,0.31546487678572877,Chuck Berry,SE,26,m,US,Male
19,9,0.3010299956639812,Haddaway,SE,26,m,DE,Male
19,10,0.2890648263178879,Beyoncé,SE,26,m,US,Female
20,1,1.0,Bill Callahan,US,40,m,US,Male
20,2,0.6309297535714575,Caribou,US,40,m,CA,Male
20,3,0.5,Kendrick Lamar,US,40,m,US,Male
20,4,0.43067655807339306,Angel Olsen,US,40,m,US,Female
20,5,0.38685280723454163,Bonobo,US,40,m,UK,Male
20,6,0.3562071871080222,Chuck Berry,US,40,m,US,Male
20,7,0.3333333333333333,Haddaway,US,40,m,DE,Male
20,8,0.31546487678572877,Kendrick Lamar,US,40,m,US,Male
20,9,0.3010299956639812,Ariana Grande,US,40,m,US,Female
20,10,0.2890648263178879,John Maus,US,40,m,US,Male
21,1,1.0,Queen,UK,46,m,JP,Female
21,2,0.6309297535714575,Bob Marley & The Wailers,UK,46,m,JM,Male
21,3,0.5,Michael Jackson,UK,46,m,US,Male
21,4,0.43067655807339306,Rush,UK,46,m,US,Male
21,5,0.38685280723454163,Adele,UK,46,m,UK,Female
21,6,0.3562071871080222,Aaron Smith,UK,46,m,US,Male
21,7,0.3333333333333333,Vitalic,UK,46,m,FR,Male
21,8,0.31546487678572877,Britney Spears,UK,46,m,US,Female
21,9,0.3010299956639812,Janelle Monáe,UK,46,m,US,Non-binary
21,10,0.2890648263178879,Travis Scott,UK,46,m,US,Male
22,1,1.0,Adele,AU,29,f,UK,Female
22,2,0.6309297535714575,Serj Tankian,AU,29,f,US,Male
22,3,0.5,Ariana Grande,AU,29,f,US,Female
22,4,0.43067655807339306,Vanessa Carlton,AU,29,f,US,Female
22,5,0.38685280723454163,Taylor Swift,AU,29,f,US,Female
22,6,0.3562071871080222,Rush,AU,29,f,US,Male
22,7,0.3333333333333333,Aaron Smith,AU,29,f,US,Male
22,8,0.31546487678572877,Carpenter Brut,AU,29,f,FR,Male
22,9,0.3010299956639812,Gwen Stefani,AU,29,f,US,Female
22,10,0.2890648263178879,Frank Ocean,AU,29,f,US,Male
23,1,1.0,M. Ward,UK,33,m,US,Male
23,2,0.6309297535714575,Mac DeMarco,UK,33,m,CA,Male
23,3,0.5,Grouper,UK,33,m,US,Female
23,4,0.43067655807339306,Sharon Van Etten,UK,33,m,US,Female
23,5,0.38685280723454163,Panda Bear,UK,33,m,US,Male
23,6,0.3562071871080222,Grouper,UK,33,m,US,Female
23,7,0.3333333333333333,Julie Byrne,UK,33,m,US,Female
23,8,0.31546487678572877,Panda Bear,UK,33,m,US,Male
23,9,0.3010299956639812,AFI,UK,33,m,US,Female
23,10,0.2890648263178879,Tame Impala,UK,33,m,AU,Male
24,1,1.0,Michael Jackson,US,27,m,US,Male
24,2,0.6309297535714575,Serj Tankian,US,27,m,US,Male
24,3,0.5,Toro y Moi,US,27,m,US,Male
24,4,0.43067655807339306,Lorde,US,27,m,NZ,Female
24,5,0.38685280723454163,James Blake,US,27,m,UK,Male
24,6,0.3562071871080222,Bob Marley & The Wailers,US,27,m,JM,Male
24,7,0.3333333333333333,Sia,US,27,m,AU,Female
24,8,0.31546487678572877,J Balvin,US,27,m,CO,Male
24,9,0.3010299956639812,Aaron Smith,US,27,m,US,Male
24,10,0.2890648263178879,Justin Timberlake,US,27,m,US,Male
25,1,1.0,Bob Marley & The Wailers,US,31,m,JM,Male
25,2,0.6309297535714575,James Blake,US,31,m,UK,Male
25,3,0.5,Toro y Moi,US,31,m,US,Male
25,4,0.43067655807339306,Rush,US,31,m,US,Male
25,5,0.38685280723454163,Aaron Smith,US,31,m,US,Male
25,6,0.3562071871080222,Carpenter Brut,US,31,m,FR,Male
25,7,0.3333333333333333,James Blake,US,31,m,UK,Male
25,8,0.31546487678572877,Sia,US,31,m,AU,Female
25,9,0.3010299956639812,Kacey Musgraves,US,31,m,US,Female
25,10,0.2890648263178879,Nik Kershaw,US,31,m,UK,Male
26,1,1.0,Beyoncé,AT,28,m,US,Female
26,2,0.6309297535714575,Taylor Swift,AT,28,m,US,Female
26,3,0.5,James Blake,AT,28,m,UK,Male
26,4,0.43067655807339306,Shawn Mendes,AT,28,m,CA,Male
26,5,0.38685280723454163,Oliver Koletzki,AT,28,m,DE,Male
26,6,0.3562071871080222,DJ Shadow,AT,28,m,US,Male
26,7,0.3333333333333333,Chris Cornell,AT,28,m,US,Male
26,8,0.31546487678572877,Ariana Grande,AT,28,m,US,Female
26,9,0.3010299956639812,Miracle of Sound,AT,28,m,IE,Male
26,10,0.2890648263178879,Kelly Clarkson,AT,28,m,US,Female
27,1,1.0,Adele,BY,32,m,UK,Female
27,2,0.6309297535714575,Norah Jones,BY,32,m,US,Female
27,3,0.5,Adele,BY,32,m,UK,Female
27,4,0.43067655807339306,Paula Abdul,BY,32,m,US,Female
27,5,0.38685280723454163,Ice Cube,BY,32,m,US,Male
27,6,0.3562071871080222,Britney Spears,BY,32,m,US,Female
27,7,0.3333333333333333,Michael Jackson,BY,32,m,US,Male
27,8,0.31546487678572877,Ariana Grande,BY,32,m,US,Female
27,9,0.3010299956639812,Rihanna,BY,32,m,UK,Female
27,10,0.2890648263178879,Jonathan Davis,BY,32,m,US,Male
28,1,1.0,Bob Marley & The Wailers,FI,26,m,JM,Male
28,2,0.6309297535714575,Machine Head,FI,26,m,JP,Male
28,3,0.5,John Mayer,FI,26,m,IN,Male
28,4,0.43067655807339306,Paula Abdul,FI,26,m,US,Female
28,5,0.38685280723454163,Nik Kershaw,FI,26,m,UK,Male
28,6,0.3562071871080222,Toro y Moi,FI,26,m,US,Male
28,7,0.3333333333333333,Norah Jones,FI,26,m,US,Female
28,8,0.31546487678572877,Britney Spears,FI,26,m,US,Female
28,9,0.3010299956639812,Ariana Grande,FI,26,m,US,Female
28,10,0.2890648263178879,Adele,FI,26,m,UK,Female
29,1,1.0,Ariana Grande,US,25,m,US,Female
29,2,0.6309297535714575,Mr.Kitty,US,25,m,US,Male
29,3,0.5,Michael Jackson,US,25,m,US,Male
29,4,0.43067655807339306,Kelis,US,25,m,US,Female
29,5,0.38685280723454163,Gwen Stefani,US,25,m,US,Female
29,6,0.3562071871080222,Taylor Swift,US,25,m,US,Female
29,7,0.3333333333333333,Jonathan Davis,US,25,m,US,Male
29,8,0.31546487678572877,Rod Stewart,US,25,m,UK,Male
29,9,0.3010299956639812,Beyoncé,US,25,m,US,Female
29,10,0.2890648263178879,James Blake,US,25,m,UK,Male
30,1,1.0,Ry x,US,39,f,AU,Male
30,2,0.6309297535714575,Bill Callahan,US,39,f,US,Male
30,3,0.5,Lana Del Rey,US,39,f,US,Female
30,4,0.43067655807339306,Tame Impala,US,39,f,AU,Male
30,5,0.38685280723454163,Billy Joel,US,39,f,US,Male
30,6,0.3562071871080222,Oneohtrix Point Never,US,39,f,US,Male
30,7,0.3333333333333333,Beck,US,39,f,DK,Male
30,8,0.31546487678572877,Perfume Genius,US,39,f,US,Male
30,9,0.3010299956639812,Angel Olsen,US,39,f,US,Female
30,10,0.2890648263178879,Ty Segall,US,39,f,US,Male
31,1,1.0,Dean Blunt,US,25,m,UK,Male
31,2,0.6309297535714575,Chuck Berry,US,25,m,US,Male
31,3,0.5,Grouper,US,25,m,US,Female
31,4,0.43067655807339306,Sufjan Stevens,US,25,m,US,Male
31,5,0.38685280723454163,Mac DeMarco,US,25,m,CA,Male
31,6,0.3562071871080222,Roy Orbison,US,25,m,US,Male
31,7,0.3333333333333333,Julie Byrne,US,25,m,US,Female
31,8,0.31546487678572877,Panda Bear,US,25,m,US,Male
31,9,0.3010299956639812,Lana Del Rey,US,25,m,US,Female
31,10,0.2890648263178879,John Mayer,US,25,m,IN,Male
32,1,1.0,Madonna,BE,37,m,US,Female
32,2,0.6309297535714575,Ariana Grande,BE,37,m,US,Female
32,3,0.5,Kacey Musgraves,BE,37,m,US,Female
32,4,0.43067655807339306,DJ Shadow,BE,37,m,US,Male
32,5,0.38685280723454163,Machine Head,BE,37,m,JP,Male
32,6,0.3562071871080222,Grimes,BE,37,m,CA,Female
32,7,0.3333333333333333,Perturbator,BE,37,m,FR,Male
32,8,0.31546487678572877,Father John Misty,BE,37,m,US,Male
32,9,0.3010299956639812,Michael Jackson,BE,37,m,US,Male
32,10,0.2890648263178879,Noisestorm,BE,37,m,IE,Male
33,1,1.0,Michael Jackson,NO,34,m,US,Male
33,2,0.6309297535714575,Rihanna,NO,34,m,UK,Female
33,3,0.5,Janelle Monáe,NO,34,m,US,Non-binary
33,4,0.43067655807339306,Ariana Grande,NO,34,m,US,Female
33,5,0.38685280723454163,Kelis,NO,34,m,US,Female
33,6,0.3562071871080222,Britney Spears,NO,34,m,US,Female
33,7,0.3333333333333333,Gwen Stefani,NO,34,m,US,Female
33,8,0.31546487678572877,Shawn Mendes,NO,34,m,CA,Male
33,9,0.3010299956639812,Taylor Swift,NO,34,m,US,Female
33,10,0.2890648263178879,Neil Diamond,NO,34,m,US,Male
34,1,1.0,Ry x,UK,28,m,AU,Male
34,2,0.6309297535714575,Earl Sweatshirt,UK,28,m,US,Male
34,3,0.5,Grouper,UK,28,m,US,Female
34,4,0.43067655807339306,Marilyn Manson,UK,28,m,US,Male
34,5,0.38685280723454163,Daniel Avery,UK,28,m,UK,Male
34,6,0.3562071871080222,George Ezra,UK,28,m,UK,Male
34,7,0.3333333333333333,Eric Clapton,UK,28,m,UK,Male
34,8,0.31546487678572877,Kevin Morby,UK,28,m,US,Male
34,9,0.3010299956639812,Earl Sweatshirt,UK,28,m,US,Male
34,10,0.2890648263178879,Queen,UK,28,m,JP,Female
35,1,1.0,Ariana Grande,RU,27,m,US,Female
35,2,0.6309297535714575,Beyoncé,RU,27,m,US,Female
35,3,0.5,Ry x,RU,27,m,AU,Male
35,4,0.43067655807339306,Grouper,RU,27,m,US,Female
35,5,0.38685280723454163,Kevin Morby,RU,27,m,US,Male
35,6,0.3562071871080222,Earl Sweatshirt,RU,27,m,US,Male
35,7,0.3333333333333333,Daniel Avery,RU,27,m,UK,Male
35,8,0.31546487678572877,George Ezra,RU,27,m,UK,Male
35,9,0.3010299956639812,Chris Isaak,RU,27,m,US,Male
35,10,0.2890648263178879,Darkside,RU,27,m,UK,Male
36,1,1.0,Ariana Grande,US,37,m,US,Female
36,2,0.6309297535714575,James Blake,US,37,m,UK,Male
36,3,0.5,Mariah Carey,US,37,m,US,Female
36,4,0.43067655807339306,Ariana Grande,US,37,m,US,Female
36,5,0.38685280723454163,Ed Sheeran,US,37,m,UK,Male
36,6,0.3562071871080222,Troye Sivan,US,37,m,AU,Male
36,7,0.3333333333333333,Sia,US,37,m,AU,Female
36,8,0.31546487678572877,Sia,US,37,m,AU,Female
36,9,0.3010299956639812,Jonathan Davis,US,37,m,US,Male
36,10,0.2890648263178879,Sia,US,37,m,AU,Female
37,1,1.0,Sia,US,32,f,AU,Female
37,2,0.6309297535714575,Usher,US,32,f,US,Male
37,3,0.5,Björk,US,32,f,IS,Female
37,4,0.43067655807339306,Duncan Laurence,US,32,f,NL,Male
37,5,0.38685280723454163,Katy Perry,US,32,f,US,Female
37,6,0.3562071871080222,Nicki Minaj,US,32,f,US,Female
37,7,0.3333333333333333,Lily Allen,US,32,f,UK,Female
37,8,0.31546487678572877,Britney Spears,US,32,f,US,Female
37,9,0.3010299956639812,Billy Joel,US,32,f,US,Male
37,10,0.2890648263178879,Ellie Goulding,US,32,f,UK,Female
38,1,1.0,Mariah Carey,BR,25,m,US,Female
38,2,0.6309297535714575,Katy Perry,BR,25,m,US,Female
38,3,0.5,Nicki Minaj,BR,25,m,US,Female
38,4,0.43067655807339306,Adele,BR,25,m,UK,Female
38,5,0.38685280723454163,Björk,BR,25,m,IS,Female
38,6,0.3562071871080222,John Mayer,BR,25,m,IN,Male
38,7,0.3333333333333333,Kygo,BR,25,m,NO,Male
38,8,0.31546487678572877,Nicki Minaj,BR,25,m,US,Female
38,9,0.3010299956639812,Marilyn Manson,BR,25,m,US,Male
38,10,0.2890648263178879,Seal,BR,25,m,UK,Male
39,1,1.0,Leonard Cohen,US,27,m,CA,Male
39,2,0.6309297535714575,Grouper,US,27,m,US,Female
39,3,0.5,Panda Bear,US,27,m,US,Male
39,4,0.43067655807339306,Ry x,US,27,m,AU,Male
39,5,0.38685280723454163,Anna Calvi,US,27,m,UK,Female
39,6,0.3562071871080222,Ariana Grande,US,27,m,US,Female
39,7,0.3333333333333333,Tame Impala,US,27,m,AU,Male
39,8,0.31546487678572877,Chuck Berry,US,27,m,US,Male
39,9,0.3010299956639812,Perfume Genius,US,27,m,US,Male
39,10,0.2890648263178879,Kendrick Lamar,US,27,m,US,Male
40,1,1.0,Adele,RU,34,m,UK,Female
40,2,0.6309297535714575,Aaron Smith,RU,34,m,US,Male
40,3,0.5,Madonna,RU,34,m,US,Female
40,4,0.43067655807339306,Ariana Grande,RU,34,m,US,Female
40,5,0.38685280723454163,Taylor Swift,RU,34,m,US,Female
40,6,0.3562071871080222,Kelis,RU,34,m,US,Female
40,7,0.3333333333333333,Vitalic,RU,34,m,FR,Male
40,8,0.31546487678572877,Gwen Stefani,RU,34,m,US,Female
40,9,0.3010299956639812,Nik Kershaw,RU,34,m,UK,Male
40,10,0.2890648263178879,Tycho,RU,34,m,US,Male
41,1,1.0,Ariana Grande,US,26,f,US,Female
41,2,0.6309297535714575,Roy Orbison,US,26,f,US,Male
41,3,0.5,Beyoncé,US,26,f,US,Female
41,4,0.43067655807339306,Caribou,US,26,f,CA,Male
41,5,0.38685280723454163,Taylor Swift,US,26,f,US,Female
41,6,0.3562071871080222,Bob Marley & The Wailers,US,26,f,JM,Male
41,7,0.3333333333333333,Adele,US,26,f,UK,Female
41,8,0.31546487678572877,Dean Blunt,US,26,f,UK,Male
41,9,0.3010299956639812,Mahmood,US,26,f,IT,Male
41,10,0.2890648263178879,Leonard Cohen,US,26,f,CA,Male
42,1,1.0,Ariana Grande,SK,24,m,US,Female
42,2,0.6309297535714575,Paula Abdul,SK,24,m,US,Female
42,3,0.5,Beyoncé,SK,24,m,US,Female
42,4,0.43067655807339306,Vanessa Carlton,SK,24,m,US,Female
42,5,0.38685280723454163,Pional,SK,24,m,ES,Male
42,6,0.3562071871080222,Adele,SK,24,m,UK,Female
42,7,0.3333333333333333,Nik Kershaw,SK,24,m,UK,Male
42,8,0.31546487678572877,Weyes Blood,SK,24,m,US,Female
42,9,0.3010299956639812,Adele,SK,24,m,UK,Female
42,10,0.2890648263178879,Toro y Moi,SK,24,m,US,Male
43,1,1.0,Toro y Moi,US,25,m,US,Male
43,2,0.6309297535714575,Ariana Grande,US,25,m,US,Female
43,3,0.5,Kelis,US,25,m,US,Female
43,4,0.43067655807339306,Gwen Stefani,US,25,m,US,Female
43,5,0.38685280723454163,James Blake,US,25,m,UK,Male
43,6,0.3562071871080222,Beyoncé,US,25,m,US,Female
43,7,0.3333333333333333,Ice Cube,US,25,m,US,Male
43,8,0.31546487678572877,Michael Jackson,US,25,m,US,Male
43,9,0.3010299956639812,Taylor Swift,US,25,m,US,Female
43,10,0.2890648263178879,Jonathan Davis,US,25,m,US,Male
44,1,1.0,Eagle-Eye Cherry,US,24,f,SE,Male
44,2,0.6309297535714575,Michael Sembello,US,24,f,US,Male
44,3,0.5,Marilyn Manson,US,24,f,US,Male
44,4,0.43067655807339306,Ry x,US,24,f,AU,Male
44,5,0.38685280723454163,Queen,US,24,f,JP,Female
44,6,0.3562071871080222,Edwyn Collins,US,24,f,UK,Male
44,7,0.3333333333333333,George Ezra,US,24,f,UK,Male
44,8,0.31546487678572877,Seal,US,24,f,UK,Male
44,9,0.3010299956639812,Bryan Adams,US,24,f,CA,Male
44,10,0.2890648263178879,Bob Marley & The Wailers,US,24,f,JM,Male
45,1,1.0,Bob Marley & The Wailers,DE,34,m,JM,Male
45,2,0.6309297535714575,Rush,DE,34,m,US,Male
45,3,0.5,Rush,DE,34,m,US,Male
45,4,0.43067655807339306,Aaron Smith,DE,34,m,US,Male
45,5,0.38685280723454163,Madonna,DE,34,m,US,Female
45,6,0.3562071871080222,Carpenter Brut,DE,34,m,FR,Male
45,7,0.3333333333333333,Toro y Moi,DE,34,m,US,Male
45,8,0.31546487678572877,James Blake,DE,34,m,UK,Male
45,9,0.3010299956639812,Rihanna,DE,34,m,UK,Female
45,10,0.2890648263178879,Troye Sivan,DE,34,m,AU,Male
47,1,1.0,Earl Sweatshirt,RU,28,m,US,Male
47,2,0.6309297535714575,Dean Blunt,RU,28,m,UK,Male
47,3,0.5,Mac DeMarco,RU,28,m,CA,Male
47,4,0.43067655807339306,Sufjan Stevens,RU,28,m,US,Male
47,5,0.38685280723454163,Grouper,RU,28,m,US,Female
47,6,0.3562071871080222,Thom Yorke,RU,28,m,UK,Male
47,7,0.3333333333333333,Julie Byrne,RU,28,m,US,Female
47,8,0.31546487678572877,Kanye West,RU,28,m,US,Male
47,9,0.3010299956639812,Panda Bear,RU,28,m,US,Male
47,10,0.2890648263178879,Gil Scott-Heron,RU,28,m,US,Male
48,1,1.0,Queen,IT,26,m,JP,Female
48,2,0.6309297535714575,John Mayer,IT,26,m,IN,Male
48,3,0.5,Michael Jackson,IT,26,m,US,Male
48,4,0.43067655807339306,Corinne Bailey Rae,IT,26,m,UK,Female
48,5,0.38685280723454163,Ariana Grande,IT,26,m,US,Female
48,6,0.3562071871080222,Serj Tankian,IT,26,m,US,Male
48,7,0.3333333333333333,Sia,IT,26,m,AU,Female
48,8,0.31546487678572877,Ed Sheeran,IT,26,m,UK,Male
48,9,0.3010299956639812,Machine Head,IT,26,m,JP,Male
48,10,0.2890648263178879,Björk,IT,26,m,IS,Female
49,1,1.0,Dean Blunt,HU,22,f,UK,Male
49,2,0.6309297535714575,Leonard Cohen,HU,22,f,CA,Male
49,3,0.5,M. Ward,HU,22,f,US,Male
49,4,0.43067655807339306,Sharon Van Etten,HU,22,f,US,Female
49,5,0.38685280723454163,Mac DeMarco,HU,22,f,CA,Male
49,6,0.3562071871080222,Grouper,HU,22,f,US,Female
49,7,0.3333333333333333,Sufjan Stevens,HU,22,f,US,Male
49,8,0.31546487678572877,Devin Townsend,HU,22,f,CA,Male
49,9,0.3010299956639812,Roy Orbison,HU,22,f,US,Male
49,10,0.2890648263178879,Ariana Grande,HU,22,f,US,Female
50,1,1.0,Noisestorm,BE,27,m,IE,Male
50,2,0.6309297535714575,Annie Lennox,BE,27,m,UK,Female
50,3,0.5,Troye Sivan,BE,27,m,AU,Male
50,4,0.43067655807339306,Cher,BE,27,m,US,Female
50,5,0.38685280723454163,Lisa Miskovsky,BE,27,m,SE,Female
50,6,0.3562071871080222,James Blake,BE,27,m,UK,Male
50,7,0.3333333333333333,George Ezra,BE,27,m,UK,Male
50,8,0.31546487678572877,Mariah Carey,BE,27,m,US,Female
50,9,0.3010299956639812,Armin van Buuren,BE,27,m,NL,Male
50,10,0.2890648263178879,Toro y Moi,BE,27,m,US,Male
51,1,1.0,Kelis,SE,25,m,US,Female
51,2,0.6309297535714575,Rod Stewart,SE,25,m,UK,Male
51,3,0.5,AFI,SE,25,m,US,Female
51,4,0.43067655807339306,Jonathan Davis,SE,25,m,US,Male
51,5,0.38685280723454163,Ghost,SE,25,m,UK,Male
51,6,0.3562071871080222,John Maus,SE,25,m,US,Male
51,7,0.3333333333333333,Kelly Clarkson,SE,25,m,US,Female
51,8,0.31546487678572877,Armin van Buuren,SE,25,m,NL,Male
51,9,0.3010299956639812,Shawn Mendes,SE,25,m,CA,Male
51,10,0.2890648263178879,Apparat,SE,25,m,DE,Male
52,1,1.0,Haddaway,AT,27,m,DE,Male
52,2,0.6309297535714575,Anna Calvi,AT,27,m,UK,Female
52,3,0.5,Britney Spears,AT,27,m,US,Female
52,4,0.43067655807339306,Panda Bear,AT,27,m,US,Male
52,5,0.38685280723454163,Avril Lavigne,AT,27,m,CA,Female
52,6,0.3562071871080222,Duncan Laurence,AT,27,m,NL,Male
52,7,0.3333333333333333,Ry x,AT,27,m,AU,Male
52,8,0.31546487678572877,Ariana Grande,AT,27,m,US,Female
52,9,0.3010299956639812,Tame Impala,AT,27,m,AU,Male
52,10,0.2890648263178879,Gil Scott-Heron,AT,27,m,US,Male
53,1,1.0,Tame Impala,US,26,m,AU,Male
53,2,0.6309297535714575,Pusha T,US,26,m,US,Male
53,3,0.5,Grouper,US,26,m,US,Female
53,4,0.43067655807339306,Scott Walker,US,26,m,UK,Male
53,5,0.38685280723454163,PJ Harvey,US,26,m,UK,Female
53,6,0.3562071871080222,My Brightest Diamond,US,26,m,US,Female
53,7,0.3333333333333333,Britney Spears,US,26,m,US,Female
53,8,0.31546487678572877,Kanye West,US,26,m,US,Male
53,9,0.3010299956639812,Waxahatchee,US,26,m,US,Female
53,10,0.2890648263178879,Leonard Cohen,US,26,m,CA,Male
54,1,1.0,Haddaway,ES,31,f,DE,Male
54,2,0.6309297535714575,Chuck Berry,ES,31,f,US,Male
54,3,0.5,Ariana Grande,ES,31,f,US,Female
54,4,0.43067655807339306,Ariana Grande,ES,31,f,US,Female
54,5,0.38685280723454163,Avril Lavigne,ES,31,f,CA,Female
54,6,0.3562071871080222,Duncan Laurence,ES,31,f,NL,Male
54,7,0.3333333333333333,Ariana Grande,ES,31,f,US,Female
54,8,0.31546487678572877,Tame Impala,ES,31,f,AU,Male
54,9,0.3010299956639812,Robyn,ES,31,f,SE,Female
54,10,0.2890648263178879,Devin Townsend,ES,31,f,CA,Male
55,1,1.0,Carpenter Brut,US,24,m,FR,Male
55,2,0.6309297535714575,Paula Abdul,US,24,m,US,Female
55,3,0.5,Beyoncé,US,24,m,US,Female
55,4,0.43067655807339306,Rush,US,24,m,US,Male
55,5,0.38685280723454163,Rihanna,US,24,m,UK,Female
55,6,0.3562071871080222,Adele,US,24,m,UK,Female
55,7,0.3333333333333333,Aaron Smith,US,24,m,US,Male
55,8,0.31546487678572877,Norah Jones,US,24,m,US,Female
55,9,0.3010299956639812,Vitalic,US,24,m,FR,Male
55,10,0.2890648263178879,Britney Spears,US,24,m,US,Female
56,1,1.0,Kevin Morby,US,26,m,US,Male
56,2,0.6309297535714575,Caribou,US,26,m,CA,Male
56,3,0.5,Ariana Grande,US,26,m,US,Female
56,4,0.43067655807339306,Beyoncé,US,26,m,US,Female
56,5,0.38685280723454163,Dean Blunt,US,26,m,UK,Male
56,6,0.3562071871080222,Leonard Cohen,US,26,m,CA,Male
56,7,0.3333333333333333,Roy Orbison,US,26,m,US,Male
56,8,0.31546487678572877,Julie Byrne,US,26,m,US,Female
56,9,0.3010299956639812,Adele,US,26,m,UK,Female
56,10,0.2890648263178879,Taylor Swift,US,26,m,US,Female
57,1,1.0,Rihanna,VE,26,m,UK,Female
57,2,0.6309297535714575,Adele,VE,26,m,UK,Female
57,3,0.5,Britney Spears,VE,26,m,US,Female
57,4,0.43067655807339306,Nik Kershaw,VE,26,m,UK,Male
57,5,0.38685280723454163,Ariana Grande,VE,26,m,US,Female
57,6,0.3562071871080222,Madonna,VE,26,m,US,Female
57,7,0.3333333333333333,Taylor Swift,VE,26,m,US,Female
57,8,0.31546487678572877,Machine Head,VE,26,m,JP,Male
57,9,0.3010299956639812,Kelis,VE,26,m,US,Female
57,10,0.2890648263178879,Gwen Stefani,VE,26,m,US,Female
58,1,1.0,Toro y Moi,MX,35,m,US,Male
58,2,0.6309297535714575,James Blake,MX,35,m,UK,Male
58,3,0.5,Madonna,MX,35,m,US,Female
58,4,0.43067655807339306,Taylor Swift,MX,35,m,US,Female
58,5,0.38685280723454163,Ice Cube,MX,35,m,US,Male
58,6,0.3562071871080222,Mr.Kitty,MX,35,m,US,Male
58,7,0.3333333333333333,Moby,MX,35,m,US,Male
58,8,0.31546487678572877,James Blake,MX,35,m,UK,Male
58,9,0.3010299956639812,IAMX,MX,35,m,DE,Male
58,10,0.2890648263178879,Rihanna,MX,35,m,UK,Female
60,1,1.0,Beyoncé,UK,25,m,US,Female
60,2,0.6309297535714575,Paula Abdul,UK,25,m,US,Female
60,3,0.5,John Mayer,UK,25,m,IN,Male
60,4,0.43067655807339306,Rush,UK,25,m,US,Male
60,5,0.38685280723454163,Rihanna,UK,25,m,UK,Female
60,6,0.3562071871080222,Britney Spears,UK,25,m,US,Female
60,7,0.3333333333333333,Aaron Smith,UK,25,m,US,Male
60,8,0.31546487678572877,Vanessa Carlton,UK,25,m,US,Female
60,9,0.3010299956639812,Norah Jones,UK,25,m,US,Female
60,10,0.2890648263178879,Britney Spears,UK,25,m,US,Female
61,1,1.0,Bob Marley & The Wailers,FI,30,m,JM,Male
61,2,0.6309297535714575,Michael Sembello,FI,30,m,US,Male
61,3,0.5,Blue Stahli,FI,30,m,US,Male
61,4,0.43067655807339306,Marilyn Manson,FI,30,m,US,Male
61,5,0.38685280723454163,David Bowie,FI,30,m,UK,Male
61,6,0.3562071871080222,Carpenter Brut,FI,30,m,FR,Male
61,7,0.3333333333333333,Marilyn Manson,FI,30,m,US,Male
61,8,0.31546487678572877,Emperor,FI,30,m,UK,Male
61,9,0.3010299956639812,David Bowie,FI,30,m,UK,Male
61,10,0.2890648263178879,Carpenter Brut,FI,30,m,FR,Male
62,1,1.0,Marilyn Manson,AR,27,m,US,Male
62,2,0.6309297535714575,Bob Marley & The Wailers,AR,27,m,JM,Male
62,3,0.5,Devin Townsend,AR,27,m,CA,Male
62,4,0.43067655807339306,Michael Jackson,AR,27,m,US,Male
62,5,0.38685280723454163,Serj Tankian,AR,27,m,US,Male
62,6,0.3562071871080222,Ice Cube,AR,27,m,US,Male
62,7,0.3333333333333333,Vanessa Carlton,AR,27,m,US,Female
62,8,0.31546487678572877,Red,AR,27,m,PL,Male
62,9,0.3010299956639812,Rush,AR,27,m,US,Male
62,10,0.2890648263178879,Rob Zombie,AR,27,m,US,Male
64,1,1.0,Haddaway,SE,27,m,DE,Male
64,2,0.6309297535714575,Ariana Grande,SE,27,m,US,Female
64,3,0.5,Chuck Berry,SE,27,m,US,Male
64,4,0.43067655807339306,Nick Drake,SE,27,m,UK,Male
64,5,0.38685280723454163,Duncan Laurence,SE,27,m,NL,Male
64,6,0.3562071871080222,Bill Callahan,SE,27,m,US,Male
64,7,0.3333333333333333,PJ Harvey,SE,27,m,UK,Female
64,8,0.31546487678572877,Frank Ocean,SE,27,m,US,Male
64,9,0.3010299956639812,Elliott Smith,SE,27,m,US,Male
64,10,0.2890648263178879,Big L,SE,27,m,US,Male
65,1,1.0,Anna Calvi,CR,31,m,UK,Female
65,2,0.6309297535714575,James Blake,CR,31,m,UK,Male
65,3,0.5,Haddaway,CR,31,m,DE,Male
65,4,0.43067655807339306,PJ Harvey,CR,31,m,UK,Female
65,5,0.38685280723454163,Chuck Berry,CR,31,m,US,Male
65,6,0.3562071871080222,Travis Scott,CR,31,m,US,Male
65,7,0.3333333333333333,Pusha T,CR,31,m,US,Male
65,8,0.31546487678572877,Damien Jurado,CR,31,m,US,Male
65,9,0.3010299956639812,Bonobo,CR,31,m,UK,Male
65,10,0.2890648263178879,Angel Olsen,CR,31,m,US,Female
66,1,1.0,Britney Spears,CA,24,f,US,Female
66,2,0.6309297535714575,Ariana Grande,CA,24,f,US,Female
66,3,0.5,Beyoncé,CA,24,f,US,Female
66,4,0.43067655807339306,Rod Stewart,CA,24,f,UK,Male
66,5,0.38685280723454163,Michael Jackson,CA,24,f,US,Male
66,6,0.3562071871080222,Grimes,CA,24,f,CA,Female
66,7,0.3333333333333333,DJ Shadow,CA,24,f,US,Male
66,8,0.31546487678572877,Gwen Stefani,CA,24,f,US,Female
66,9,0.3010299956639812,Taylor Swift,CA,24,f,US,Female
66,10,0.2890648263178879,Kelis,CA,24,f,US,Female
67,1,1.0,Kanye West,UK,27,m,US,Male
67,2,0.6309297535714575,Pusha T,UK,27,m,US,Male
67,3,0.5,Nick Drake,UK,27,m,UK,Male
67,4,0.43067655807339306,Perfume Genius,UK,27,m,US,Male
67,5,0.38685280723454163,PJ Harvey,UK,27,m,UK,Female
67,6,0.3562071871080222,James Blake,UK,27,m,UK,Male
67,7,0.3333333333333333,Kendrick Lamar,UK,27,m,US,Male
67,8,0.31546487678572877,Kevin Morby,UK,27,m,US,Male
67,9,0.3010299956639812,Haddaway,UK,27,m,DE,Male
67,10,0.2890648263178879,Big L,UK,27,m,US,Male
68,1,1.0,Earl Sweatshirt,DE,27,m,US,Male
68,2,0.6309297535714575,Laura Branigan,DE,27,m,US,Female
68,3,0.5,Britney Spears,DE,27,m,US,Female
68,4,0.43067655807339306,AFI,DE,27,m,US,Female
68,5,0.38685280723454163,Mac DeMarco,DE,27,m,CA,Male
68,6,0.3562071871080222,Sufjan Stevens,DE,27,m,US,Male
68,7,0.3333333333333333,Sharon Van Etten,DE,27,m,US,Female
68,8,0.31546487678572877,Anna Calvi,DE,27,m,UK,Female
68,9,0.3010299956639812,Chuck Berry,DE,27,m,US,Male
68,10,0.2890648263178879,Tame Impala,DE,27,m,AU,Male
69,1,1.0,Amanda Palmer,PL,33,m,US,Female
69,2,0.6309297535714575,Queen,PL,33,m,JP,Female
69,3,0.5,Frank Zappa,PL,33,m,US,Male
69,4,0.43067655807339306,Ozzy Osbourne,PL,33,m,UK,Male
69,5,0.38685280723454163,Nile,PL,33,m,US,Female
69,6,0.3562071871080222,Queen,PL,33,m,JP,Female
69,7,0.3333333333333333,Queen,PL,33,m,JP,Female
69,8,0.31546487678572877,Venom,PL,33,m,UK,Male
69,9,0.3010299956639812,Thom Yorke,PL,33,m,UK,Male
69,10,0.2890648263178879,KT Tunstall,PL,33,m,UK,Female
70,1,1.0,James Blake,NL,33,m,UK,Male
70,2,0.6309297535714575,James Blake,NL,33,m,UK,Male
70,3,0.5,Madonna,NL,33,m,US,Female
70,4,0.43067655807339306,Grimes,NL,33,m,CA,Female
70,5,0.38685280723454163,DJ Shadow,NL,33,m,US,Male
70,6,0.3562071871080222,Ariana Grande,NL,33,m,US,Female
70,7,0.3333333333333333,Father John Misty,NL,33,m,US,Male
70,8,0.31546487678572877,Armin van Buuren,NL,33,m,NL,Male
70,9,0.3010299956639812,Jonathan Davis,NL,33,m,US,Male
70,10,0.2890648263178879,Tycho,NL,33,m,US,Male
71,1,1.0,Aaron Smith,PL,25,m,US,Male
71,2,0.6309297535714575,Lisa Miskovsky,PL,25,m,SE,Female
71,3,0.5,Nik Kershaw,PL,25,m,UK,Male
71,4,0.43067655807339306,Perturbator,PL,25,m,FR,Male
71,5,0.38685280723454163,Vanessa Carlton,PL,25,m,US,Female
71,6,0.3562071871080222,John Mayer,PL,25,m,IN,Male
71,7,0.3333333333333333,Noisestorm,PL,25,m,IE,Male
71,8,0.31546487678572877,Jonathan Davis,PL,25,m,US,Male
71,9,0.3010299956639812,Sia,PL,25,m,AU,Female
71,10,0.2890648263178879,Avril Lavigne,PL,25,m,CA,Female
72,1,1.0,Ariana Grande,US,39,m,US,Female
72,2,0.6309297535714575,Kelly Clarkson,US,39,m,US,Female
72,3,0.5,Ariana Grande,US,39,m,US,Female
72,4,0.43067655807339306,Rihanna,US,39,m,UK,Female
72,5,0.38685280723454163,Vitalic,US,39,m,FR,Male
72,6,0.3562071871080222,Nik Kershaw,US,39,m,UK,Male
72,7,0.3333333333333333,Mariah Carey,US,39,m,US,Female
72,8,0.31546487678572877,DJ Shadow,US,39,m,US,Male
72,9,0.3010299956639812,Troye Sivan,US,39,m,AU,Male
72,10,0.2890648263178879,Machine Head,US,39,m,JP,Male
73,1,1.0,Grimes,CH,32,m,CA,Female
73,2,0.6309297535714575,Björk,CH,32,m,IS,Female
73,3,0.5,Ry x,CH,32,m,AU,Male
73,4,0.43067655807339306,Grouper,CH,32,m,US,Female
73,5,0.38685280723454163,Cass McCombs,CH,32,m,US,Male
73,6,0.3562071871080222,Bob Marley & The Wailers,CH,32,m,JM,Male
73,7,0.3333333333333333,Daniel Avery,CH,32,m,UK,Male
73,8,0.31546487678572877,Kevin Morby,CH,32,m,US,Male
73,9,0.3010299956639812,Earl Sweatshirt,CH,32,m,US,Male
73,10,0.2890648263178879,Queen,CH,32,m,JP,Female
74,1,1.0,Bob Marley & The Wailers,IT,31,m,JM,Male
74,2,0.6309297535714575,Kevin Morby,IT,31,m,US,Male
74,3,0.5,Earl Sweatshirt,IT,31,m,US,Male
74,4,0.43067655807339306,Grouper,IT,31,m,US,Female
74,5,0.38685280723454163,Daniel Avery,IT,31,m,UK,Male
74,6,0.3562071871080222,Seal,IT,31,m,UK,Male
74,7,0.3333333333333333,Eric Clapton,IT,31,m,UK,Male
74,8,0.31546487678572877,Darkside,IT,31,m,UK,Male
74,9,0.3010299956639812,Bob Marley & The Wailers,IT,31,m,JM,Male
74,10,0.2890648263178879,Ozzy Osbourne,IT,31,m,UK,Male
75,1,1.0,Sufjan Stevens,NO,28,m,US,Male
75,2,0.6309297535714575,John Mayer,NO,28,m,IN,Male
75,3,0.5,Roy Orbison,NO,28,m,US,Male
75,4,0.43067655807339306,Pusha T,NO,28,m,US,Male
75,5,0.38685280723454163,Anna Calvi,NO,28,m,UK,Female
75,6,0.3562071871080222,Perfume Genius,NO,28,m,US,Male
75,7,0.3333333333333333,Tame Impala,NO,28,m,AU,Male
75,8,0.31546487678572877,Beyoncé,NO,28,m,US,Female
75,9,0.3010299956639812,Queen,NO,28,m,JP,Female
75,10,0.2890648263178879,Panda Bear,NO,28,m,US,Male
76,1,1.0,Aaron Smith,DE,61,m,US,Male
76,2,0.6309297535714575,Kacey Musgraves,DE,61,m,US,Female
76,3,0.5,Nik Kershaw,DE,61,m,UK,Male
76,4,0.43067655807339306,John Mayer,DE,61,m,IN,Male
76,5,0.38685280723454163,Lisa Miskovsky,DE,61,m,SE,Female
76,6,0.3562071871080222,Ariana Grande,DE,61,m,US,Female
76,7,0.3333333333333333,Apparat,DE,61,m,DE,Male
76,8,0.31546487678572877,Vanessa Carlton,DE,61,m,US,Female
76,9,0.3010299956639812,Tame Impala,DE,61,m,AU,Male
76,10,0.2890648263178879,Grimes,DE,61,m,CA,Female
77,1,1.0,Bob Marley & The Wailers,FI,31,m,JM,Male
77,2,0.6309297535714575,Miley Cyrus,FI,31,m,US,Non-binary
77,3,0.5,Miley Cyrus,FI,31,m,US,Non-binary
77,4,0.43067655807339306,John Mayer,FI,31,m,IN,Male
77,5,0.38685280723454163,Ariana Grande,FI,31,m,US,Female
77,6,0.3562071871080222,Adele,FI,31,m,UK,Female
77,7,0.3333333333333333,Nik Kershaw,FI,31,m,UK,Male
77,8,0.31546487678572877,Vanessa Carlton,FI,31,m,US,Female
77,9,0.3010299956639812,Janelle Monáe,FI,31,m,US,Non-binary
77,10,0.2890648263178879,Lisa Miskovsky,FI,31,m,SE,Female
78,1,1.0,Vitalic,NO,29,m,FR,Male
78,2,0.6309297535714575,Perturbator,NO,29,m,FR,Male
78,3,0.5,Noisestorm,NO,29,m,IE,Male
78,4,0.43067655807339306,Michael Jackson,NO,29,m,US,Male
78,5,0.38685280723454163,RuPaul,NO,29,m,US,Female
78,6,0.3562071871080222,Jennifer Lopez,NO,29,m,US,Female
78,7,0.3333333333333333,Armin van Buuren,NO,29,m,NL,Male
78,8,0.31546487678572877,Katy Perry,NO,29,m,US,Female
78,9,0.3010299956639812,Machine Head,NO,29,m,JP,Male
78,10,0.2890648263178879,Roberta Flack,NO,29,m,US,Female
79,1,1.0,John Mayer,US,25,m,IN,Male
79,2,0.6309297535714575,Rihanna,US,25,m,UK,Female
79,3,0.5,Adele,US,25,m,UK,Female
79,4,0.43067655807339306,Norah Jones,US,25,m,US,Female
79,5,0.38685280723454163,Carpenter Brut,US,25,m,FR,Male
79,6,0.3562071871080222,Ariana Grande,US,25,m,US,Female
79,7,0.3333333333333333,Britney Spears,US,25,m,US,Female
79,8,0.31546487678572877,Rush,US,25,m,US,Male
79,9,0.3010299956639812,Britney Spears,US,25,m,US,Female
79,10,0.2890648263178879,Vanessa Carlton,US,25,m,US,Female
80,1,1.0,Kelis,RU,24,m,US,Female
80,2,0.6309297535714575,Perturbator,RU,24,m,FR,Male
80,3,0.5,Gwen Stefani,RU,24,m,US,Female
80,4,0.43067655807339306,Taylor Swift,RU,24,m,US,Female
80,5,0.38685280723454163,Noisestorm,RU,24,m,IE,Male
80,6,0.3562071871080222,Lisa Miskovsky,RU,24,m,SE,Female
80,7,0.3333333333333333,Madonna,RU,24,m,US,Female
80,8,0.31546487678572877,Grimes,RU,24,m,CA,Female
80,9,0.3010299956639812,DJ Shadow,RU,24,m,US,Male
80,10,0.2890648263178879,Michael Jackson,RU,24,m,US,Male
81,1,1.0,Aaron Smith,LV,22,m,US,Male
81,2,0.6309297535714575,Vitalic,LV,22,m,FR,Male
81,3,0.5,Nik Kershaw,LV,22,m,UK,Male
81,4,0.43067655807339306,Ariana Grande,LV,22,m,US,Female
81,5,0.38685280723454163,Machine Head,LV,22,m,JP,Male
81,6,0.3562071871080222,Taylor Swift,LV,22,m,US,Female
81,7,0.3333333333333333,Madonna,LV,22,m,US,Female
81,8,0.31546487678572877,Kelis,LV,22,m,US,Female
81,9,0.3010299956639812,Gwen Stefani,LV,22,m,US,Female
81,10,0.2890648263178879,Grimes,LV,22,m,CA,Female
82,1,1.0,Taylor Swift,RU,26,m,US,Female
82,2,0.6309297535714575,James Blake,RU,26,m,UK,Male
82,3,0.5,Madonna,RU,26,m,US,Female
82,4,0.43067655807339306,Ice Cube,RU,26,m,US,Male
82,5,0.38685280723454163,Mr.Kitty,RU,26,m,US,Male
82,6,0.3562071871080222,Michael Jackson,RU,26,m,US,Male
82,7,0.3333333333333333,Kelly Clarkson,RU,26,m,US,Female
82,8,0.31546487678572877,Ariana Grande,RU,26,m,US,Female
82,9,0.3010299956639812,Rod Stewart,RU,26,m,UK,Male
82,10,0.2890648263178879,Jonathan Davis,RU,26,m,US,Male
83,1,1.0,Dean Blunt,FI,25,m,UK,Male
83,2,0.6309297535714575,Sufjan Stevens,FI,25,m,US,Male
83,3,0.5,Mac DeMarco,FI,25,m,CA,Male
83,4,0.43067655807339306,Julie Byrne,FI,25,m,US,Female
83,5,0.38685280723454163,Grouper,FI,25,m,US,Female
83,6,0.3562071871080222,Leonard Cohen,FI,25,m,CA,Male
83,7,0.3333333333333333,M. Ward,FI,25,m,US,Male
83,8,0.31546487678572877,Kendrick Lamar,FI,25,m,US,Male
83,9,0.3010299956639812,Panda Bear,FI,25,m,US,Male
83,10,0.2890648263178879,Sharon Van Etten,FI,25,m,US,Female
84,1,1.0,Queen,RU,34,m,JP,Female
84,2,0.6309297535714575,Grouper,RU,34,m,US,Female
84,3,0.5,Daniel Avery,RU,34,m,UK,Male
84,4,0.43067655807339306,Earl Sweatshirt,RU,34,m,US,Male
84,5,0.38685280723454163,Kevin Morby,RU,34,m,US,Male
84,6,0.3562071871080222,Bob Marley & The Wailers,RU,34,m,JM,Male
84,7,0.3333333333333333,Nick Drake,RU,34,m,UK,Male
84,8,0.31546487678572877,Eagle-Eye Cherry,RU,34,m,SE,Male
84,9,0.3010299956639812,Darkside,RU,34,m,UK,Male
84,10,0.2890648263178879,Beyoncé,RU,34,m,US,Female
85,1,1.0,Perturbator,DE,27,m,FR,Male
85,2,0.6309297535714575,Nik Kershaw,DE,27,m,UK,Male
85,3,0.5,Paula Abdul,DE,27,m,US,Female
85,4,0.43067655807339306,Toro y Moi,DE,27,m,US,Male
85,5,0.38685280723454163,Rod Stewart,DE,27,m,UK,Male
85,6,0.3562071871080222,Norah Jones,DE,27,m,US,Female
85,7,0.3333333333333333,Ice Cube,DE,27,m,US,Male
85,8,0.31546487678572877,Adele,DE,27,m,UK,Female
85,9,0.3010299956639812,Britney Spears,DE,27,m,US,Female
85,10,0.2890648263178879,James Blake,DE,27,m,UK,Male
86,1,1.0,Chuck Berry,DZ,24,m,US,Male
86,2,0.6309297535714575,Dean Blunt,DZ,24,m,UK,Male
86,3,0.5,Leonard Cohen,DZ,24,m,CA,Male
86,4,0.43067655807339306,Roy Orbison,DZ,24,m,US,Male
86,5,0.38685280723454163,John Mayer,DZ,24,m,IN,Male
86,6,0.3562071871080222,Taylor Swift,DZ,24,m,US,Female
86,7,0.3333333333333333,Adele,DZ,24,m,UK,Female
86,8,0.31546487678572877,Sharon Van Etten,DZ,24,m,US,Female
86,9,0.3010299956639812,Lana Del Rey,DZ,24,m,US,Female
86,10,0.2890648263178879,M. Ward,DZ,24,m,US,Male
87,1,1.0,Sufjan Stevens,UK,22,m,US,Male
87,2,0.6309297535714575,Grouper,UK,22,m,US,Female
87,3,0.5,Britney Spears,UK,22,m,US,Female
87,4,0.43067655807339306,Panda Bear,UK,22,m,US,Male
87,5,0.38685280723454163,Robyn,UK,22,m,SE,Female
87,6,0.3562071871080222,Ry x,UK,22,m,AU,Male
87,7,0.3333333333333333,Gil Scott-Heron,UK,22,m,US,Male
87,8,0.31546487678572877,Chuck Berry,UK,22,m,US,Male
87,9,0.3010299956639812,Julie Byrne,UK,22,m,US,Female
87,10,0.2890648263178879,Tame Impala,UK,22,m,AU,Male
88,1,1.0,Britney Spears,NL,24,m,US,Female
88,2,0.6309297535714575,Pusha T,NL,24,m,US,Male
88,3,0.5,Haddaway,NL,24,m,DE,Male
88,4,0.43067655807339306,Chuck Berry,NL,24,m,US,Male
88,5,0.38685280723454163,Avril Lavigne,NL,24,m,CA,Female
88,6,0.3562071871080222,Nick Drake,NL,24,m,UK,Male
88,7,0.3333333333333333,Kendrick Lamar,NL,24,m,US,Male
88,8,0.31546487678572877,Kendrick Lamar,NL,24,m,US,Male
88,9,0.3010299956639812,Robyn,NL,24,m,SE,Female
88,10,0.2890648263178879,James Blake,NL,24,m,UK,Male
89,1,1.0,Toro y Moi,CH,22,m,US,Male
89,2,0.6309297535714575,Vitalic,CH,22,m,FR,Male
89,3,0.5,James Blake,CH,22,m,UK,Male
89,4,0.43067655807339306,Machine Head,CH,22,m,JP,Male
89,5,0.38685280723454163,Noisestorm,CH,22,m,IE,Male
89,6,0.3562071871080222,Perturbator,CH,22,m,FR,Male
89,7,0.3333333333333333,Ice Cube,CH,22,m,US,Male
89,8,0.31546487678572877,James Blake,CH,22,m,UK,Male
89,9,0.3010299956639812,Lisa Miskovsky,CH,22,m,SE,Female
89,10,0.2890648263178879,Michael Jackson,CH,22,m,US,Male
90,1,1.0,Bob Marley & The Wailers,BR,25,m,JM,Male
90,2,0.6309297535714575,Carpenter Brut,BR,25,m,FR,Male
90,3,0.5,Janelle Monáe,BR,25,m,US,Non-binary
90,4,0.43067655807339306,Vitalic,BR,25,m,FR,Male
90,5,0.38685280723454163,Perturbator,BR,25,m,FR,Male
90,6,0.3562071871080222,Machine Head,BR,25,m,JP,Male
90,7,0.3333333333333333,Noisestorm,BR,25,m,IE,Male
90,8,0.31546487678572877,Lorde,BR,25,m,NZ,Female
90,9,0.3010299956639812,Nicki Minaj,BR,25,m,US,Female
90,10,0.2890648263178879,J Balvin,BR,25,m,CO,Male
91,1,1.0,Nik Kershaw,US,25,m,UK,Male
91,2,0.6309297535714575,Machine Head,US,25,m,JP,Male
91,3,0.5,Perturbator,US,25,m,FR,Male
91,4,0.43067655807339306,Grimes,US,25,m,CA,Female
91,5,0.38685280723454163,Lisa Miskovsky,US,25,m,SE,Female
91,6,0.3562071871080222,Father John Misty,US,25,m,US,Male
91,7,0.3333333333333333,Michael Jackson,US,25,m,US,Male
91,8,0.31546487678572877,Mr.Kitty,US,25,m,US,Male
91,9,0.3010299956639812,Rod Stewart,US,25,m,UK,Male
91,10,0.2890648263178879,Tycho,US,25,m,US,Male
92,1,1.0,Grimes,DE,28,m,CA,Female
92,2,0.6309297535714575,Björk,DE,28,m,IS,Female
92,3,0.5,Ry x,DE,28,m,AU,Male
92,4,0.43067655807339306,Oneohtrix Point Never,DE,28,m,US,Male
92,5,0.38685280723454163,Cass McCombs,DE,28,m,US,Male
92,6,0.3562071871080222,Grouper,DE,28,m,US,Female
92,7,0.3333333333333333,Ozzy Osbourne,DE,28,m,UK,Male
92,8,0.31546487678572877,Grouper,DE,28,m,US,Female
92,9,0.3010299956639812,Queen,DE,28,m,JP,Female
92,10,0.2890648263178879,Chris Isaak,DE,28,m,US,Male
93,1,1.0,Madonna,FI,23,m,US,Female
93,2,0.6309297535714575,Ariana Grande,FI,23,m,US,Female
93,3,0.5,Kacey Musgraves,FI,23,m,US,Female
93,4,0.43067655807339306,DJ Shadow,FI,23,m,US,Male
93,5,0.38685280723454163,Grimes,FI,23,m,CA,Female
93,6,0.3562071871080222,Michael Jackson,FI,23,m,US,Male
93,7,0.3333333333333333,Ariana Grande,FI,23,m,US,Female
93,8,0.31546487678572877,Father John Misty,FI,23,m,US,Male
93,9,0.3010299956639812,Kelly Clarkson,FI,23,m,US,Female
93,10,0.2890648263178879,Rod Stewart,FI,23,m,UK,Male
94,1,1.0,Vitalic,OM,26,m,FR,Male
94,2,0.6309297535714575,Kelis,OM,26,m,US,Female
94,3,0.5,Taylor Swift,OM,26,m,US,Female
94,4,0.43067655807339306,Gwen Stefani,OM,26,m,US,Female
94,5,0.38685280723454163,Ariana Grande,OM,26,m,US,Female
94,6,0.3562071871080222,Machine Head,OM,26,m,JP,Male
94,7,0.3333333333333333,Michael Jackson,OM,26,m,US,Male
94,8,0.31546487678572877,Ariana Grande,OM,26,m,US,Female
94,9,0.3010299956639812,Tycho,OM,26,m,US,Male
94,10,0.2890648263178879,Perturbator,OM,26,m,FR,Male
95,1,1.0,Sharon Van Etten,NL,24,m,US,Female
95,2,0.6309297535714575,Kanye West,NL,24,m,US,Male
95,3,0.5,Travis Scott,NL,24,m,US,Male
95,4,0.43067655807339306,Scott Walker,NL,24,m,UK,Male
95,5,0.38685280723454163,Mac DeMarco,NL,24,m,CA,Male
95,6,0.3562071871080222,PJ Harvey,NL,24,m,UK,Female
95,7,0.3333333333333333,Bill Callahan,NL,24,m,US,Male
95,8,0.31546487678572877,Grouper,NL,24,m,US,Female
95,9,0.3010299956639812,My Brightest Diamond,NL,24,m,US,Female
95,10,0.2890648263178879,Billy Joel,NL,24,m,US,Male
96,1,1.0,Machine Head,SE,27,m,JP,Male
96,2,0.6309297535714575,DJ Shadow,SE,27,m,US,Male
96,3,0.5,Perturbator,SE,27,m,FR,Male
96,4,0.43067655807339306,Grimes,SE,27,m,CA,Female
96,5,0.38685280723454163,Noisestorm,SE,27,m,IE,Male
96,6,0.3562071871080222,Michael Jackson,SE,27,m,US,Male
96,7,0.3333333333333333,Troye Sivan,SE,27,m,AU,Male
96,8,0.31546487678572877,Lisa Miskovsky,SE,27,m,SE,Female
96,9,0.3010299956639812,Mariah Carey,SE,27,m,US,Female
96,10,0.2890648263178879,Rod Stewart,SE,27,m,UK,Male
97,1,1.0,Leonard Cohen,SE,23,m,CA,Male
97,2,0.6309297535714575,Dean Blunt,SE,23,m,UK,Male
97,3,0.5,Mac DeMarco,SE,23,m,CA,Male
97,4,0.43067655807339306,Sharon Van Etten,SE,23,m,US,Female
97,5,0.38685280723454163,Sufjan Stevens,SE,23,m,US,Male
97,6,0.3562071871080222,M. Ward,SE,23,m,US,Male
97,7,0.3333333333333333,Grouper,SE,23,m,US,Female
97,8,0.31546487678572877,Panda Bear,SE,23,m,US,Male
97,9,0.3010299956639812,Anna Calvi,SE,23,m,UK,Female
97,10,0.2890648263178879,Grouper,SE,23,m,US,Female
98,1,1.0,Thom Yorke,CA,23,m,UK,Male
98,2,0.6309297535714575,Madeleine Peyroux,CA,23,m,US,Female
98,3,0.5,Paul McCartney,CA,23,m,UK,Male
98,4,0.43067655807339306,Aaron Smith,CA,23,m,US,Male
98,5,0.38685280723454163,Lionel Richie,CA,23,m,US,Male
98,6,0.3562071871080222,Ozzy Osbourne,CA,23,m,UK,Male
98,7,0.3333333333333333,Queen,CA,23,m,JP,Female
98,8,0.31546487678572877,Frank Zappa,CA,23,m,US,Male
98,9,0.3010299956639812,Queen,CA,23,m,JP,Female
98,10,0.2890648263178879,Michael Jackson,CA,23,m,US,Male
99,1,1.0,Tame Impala,US,42,m,AU,Male
99,2,0.6309297535714575,Nick Drake,US,42,m,UK,Male
99,3,0.5,Billy Joel,US,42,m,US,Male
99,4,0.43067655807339306,Ry x,US,42,m,AU,Male
99,5,0.38685280723454163,Grouper,US,42,m,US,Female
99,6,0.3562071871080222,Robyn,US,42,m,SE,Female
99,7,0.3333333333333333,Angel Olsen,US,42,m,US,Female
99,8,0.31546487678572877,Britney Spears,US,42,m,US,Female
99,9,0.3010299956639812,Travis Scott,US,42,m,US,Male
99,10,0.2890648263178879,Lil Nas X,US,42,m,US,Male
100,1,1.0,KT Tunstall,FI,31,m,UK,Female
100,2,0.6309297535714575,Bob Marley & The Wailers,FI,31,m,JM,Male
100,3,0.5,David Bowie,FI,31,m,UK,Male
100,4,0.43067655807339306,David Bowie,FI,31,m,UK,Male
100,5,0.38685280723454163,Marilyn Manson,FI,31,m,US,Male
100,6,0.3562071871080222,The Kinks,FI,31,m,US,Male
100,7,0.3333333333333333,Carpenter Brut,FI,31,m,FR,Male
100,8,0.31546487678572877,Carpenter Brut,FI,31,m,FR,Male
100,9,0.3010299956639812,Rush,FI,31,m,US,Male
100,10,0.2890648263178879,Chuck Berry,FI,31,m,US,Male
101,1,1.0,Bob Marley & The Wailers,PL,37,m,JM,Male
101,2,0.6309297535714575,Kelis,PL,37,m,US,Female
101,3,0.5,Rush,PL,37,m,US,Male
101,4,0.43067655807339306,Grimes,PL,37,m,CA,Female
101,5,0.38685280723454163,Carpenter Brut,PL,37,m,FR,Male
101,6,0.3562071871080222,Gwen Stefani,PL,37,m,US,Female
101,7,0.3333333333333333,Aaron Smith,PL,37,m,US,Male
101,8,0.31546487678572877,Father John Misty,PL,37,m,US,Male
101,9,0.3010299956639812,Grimes,PL,37,m,CA,Female
101,10,0.2890648263178879,Rihanna,PL,37,m,UK,Female
102,1,1.0,John Mayer,US,21,m,IN,Male
102,2,0.6309297535714575,Anna Calvi,US,21,m,UK,Female
102,3,0.5,PJ Harvey,US,21,m,UK,Female
102,4,0.43067655807339306,Queen,US,21,m,JP,Female
102,5,0.38685280723454163,Taylor Swift,US,21,m,US,Female
102,6,0.3562071871080222,Pusha T,US,21,m,US,Male
102,7,0.3333333333333333,Nick Drake,US,21,m,UK,Male
102,8,0.31546487678572877,Kanye West,US,21,m,US,Male
102,9,0.3010299956639812,Mitski,US,21,m,US,Female
102,10,0.2890648263178879,Adele,US,21,m,UK,Female
103,1,1.0,Ry x,CZ,22,m,AU,Male
103,2,0.6309297535714575,Grouper,CZ,22,m,US,Female
103,3,0.5,Kevin Morby,CZ,22,m,US,Male
103,4,0.43067655807339306,Daniel Avery,CZ,22,m,UK,Male
103,5,0.38685280723454163,Earl Sweatshirt,CZ,22,m,US,Male
103,6,0.3562071871080222,Dean Blunt,CZ,22,m,UK,Male
103,7,0.3333333333333333,Caribou,CZ,22,m,CA,Male
103,8,0.31546487678572877,Leonard Cohen,CZ,22,m,CA,Male
103,9,0.3010299956639812,Chuck Berry,CZ,22,m,US,Male
103,10,0.2890648263178879,Devin Townsend,CZ,22,m,CA,Male
104,1,1.0,Toro y Moi,IR,25,m,US,Male
104,2,0.6309297535714575,James Blake,IR,25,m,UK,Male
104,3,0.5,Perturbator,IR,25,m,FR,Male
104,4,0.43067655807339306,James Blake,IR,25,m,UK,Male
104,5,0.38685280723454163,Michael Jackson,IR,25,m,US,Male
104,6,0.3562071871080222,Ice Cube,IR,25,m,US,Male
104,7,0.3333333333333333,Machine Head,IR,25,m,JP,Male
104,8,0.31546487678572877,Rihanna,IR,25,m,UK,Female
104,9,0.3010299956639812,Ariana Grande,IR,25,m,US,Female
104,10,0.2890648263178879,Noisestorm,IR,25,m,IE,Male
105,1,1.0,Noisestorm,FI,23,f,IE,Male
105,2,0.6309297535714575,Perturbator,FI,23,f,FR,Male
105,3,0.5,Ice Cube,FI,23,f,US,Male
105,4,0.43067655807339306,Lisa Miskovsky,FI,23,f,SE,Female
105,5,0.38685280723454163,Michael Jackson,FI,23,f,US,Male
105,6,0.3562071871080222,Shawn Mendes,FI,23,f,CA,Male
105,7,0.3333333333333333,Kacey Musgraves,FI,23,f,US,Female
105,8,0.31546487678572877,Troye Sivan,FI,23,f,AU,Male
105,9,0.3010299956639812,DJ Shadow,FI,23,f,US,Male
105,10,0.2890648263178879,Grimes,FI,23,f,CA,Female
106,1,1.0,James Blake,FI,22,f,UK,Male
106,2,0.6309297535714575,Toro y Moi,FI,22,f,US,Male
106,3,0.5,Vitalic,FI,22,f,FR,Male
106,4,0.43067655807339306,Nik Kershaw,FI,22,f,UK,Male
106,5,0.38685280723454163,Lorde,FI,22,f,NZ,Female
106,6,0.3562071871080222,Perturbator,FI,22,f,FR,Male
106,7,0.3333333333333333,Noisestorm,FI,22,f,IE,Male
106,8,0.31546487678572877,Michael Jackson,FI,22,f,US,Male
106,9,0.3010299956639812,Britney Spears,FI,22,f,US,Female
106,10,0.2890648263178879,James Blake,FI,22,f,UK,Male
107,1,1.0,Grouper,UK,20,f,US,Female
107,2,0.6309297535714575,Kevin Morby,UK,20,f,US,Male
107,3,0.5,Nick Drake,UK,20,f,UK,Male
107,4,0.43067655807339306,Eagle-Eye Cherry,UK,20,f,SE,Male
107,5,0.38685280723454163,Caribou,UK,20,f,CA,Male
107,6,0.3562071871080222,Bill Callahan,UK,20,f,US,Male
107,7,0.3333333333333333,Devin Townsend,UK,20,f,CA,Male
107,8,0.31546487678572877,Queen,UK,20,f,JP,Female
107,9,0.3010299956639812,Michael Sembello,UK,20,f,US,Male
107,10,0.2890648263178879,Dean Blunt,UK,20,f,UK,Male
108,1,1.0,Vitalic,US,27,m,FR,Male
108,2,0.6309297535714575,Machine Head,US,27,m,JP,Male
108,3,0.5,Perturbator,US,27,m,FR,Male
108,4,0.43067655807339306,Ariana Grande,US,27,m,US,Female
108,5,0.38685280723454163,Michael Jackson,US,27,m,US,Male
108,6,0.3562071871080222,Noisestorm,US,27,m,IE,Male
108,7,0.3333333333333333,Ariana Grande,US,27,m,US,Female
108,8,0.31546487678572877,Troye Sivan,US,27,m,AU,Male
108,9,0.3010299956639812,Rihanna,US,27,m,UK,Female
108,10,0.2890648263178879,Lisa Miskovsky,US,27,m,SE,Female
110,1,1.0,Ice Cube,BR,24,m,US,Male
110,2,0.6309297535714575,Aaron Smith,BR,24,m,US,Male
110,3,0.5,Kelis,BR,24,m,US,Female
110,4,0.43067655807339306,Vitalic,BR,24,m,FR,Male
110,5,0.38685280723454163,Kacey Musgraves,BR,24,m,US,Female
110,6,0.3562071871080222,DJ Shadow,BR,24,m,US,Male
110,7,0.3333333333333333,Nik Kershaw,BR,24,m,UK,Male
110,8,0.31546487678572877,Grimes,BR,24,m,CA,Female
110,9,0.3010299956639812,Ariana Grande,BR,24,m,US,Female
110,10,0.2890648263178879,Four Tet,BR,24,m,UK,Male
111,1,1.0,Toro y Moi,US,30,m,US,Male
111,2,0.6309297535714575,Ariana Grande,US,30,m,US,Female
111,3,0.5,James Blake,US,30,m,UK,Male
111,4,0.43067655807339306,Beyoncé,US,30,m,US,Female
111,5,0.38685280723454163,Kelis,US,30,m,US,Female
111,6,0.3562071871080222,Gwen Stefani,US,30,m,US,Female
111,7,0.3333333333333333,Ice Cube,US,30,m,US,Male
111,8,0.31546487678572877,Michael Jackson,US,30,m,US,Male
111,9,0.3010299956639812,Madonna,US,30,m,US,Female
111,10,0.2890648263178879,Taylor Swift,US,30,m,US,Female
112,1,1.0,James Blake,DK,30,m,UK,Male
112,2,0.6309297535714575,Mr.Kitty,DK,30,m,US,Male
112,3,0.5,Jonathan Davis,DK,30,m,US,Male
112,4,0.43067655807339306,Taylor Swift,DK,30,m,US,Female
112,5,0.38685280723454163,Grimes,DK,30,m,CA,Female
112,6,0.3562071871080222,Madonna,DK,30,m,US,Female
112,7,0.3333333333333333,DJ Shadow,DK,30,m,US,Male
112,8,0.31546487678572877,Armin van Buuren,DK,30,m,NL,Male
112,9,0.3010299956639812,Kacey Musgraves,DK,30,m,US,Female
112,10,0.2890648263178879,Moby,DK,30,m,US,Male
113,1,1.0,Gil Scott-Heron,NL,34,m,US,Male
113,2,0.6309297535714575,Pusha T,NL,34,m,US,Male
113,3,0.5,Ry x,NL,34,m,AU,Male
113,4,0.43067655807339306,Haddaway,NL,34,m,DE,Male
113,5,0.38685280723454163,Duncan Laurence,NL,34,m,NL,Male
113,6,0.3562071871080222,Avril Lavigne,NL,34,m,CA,Female
113,7,0.3333333333333333,Queen,NL,34,m,JP,Female
113,8,0.31546487678572877,Kanye West,NL,34,m,US,Male
113,9,0.3010299956639812,James Blake,NL,34,m,UK,Male
113,10,0.2890648263178879,Bonobo,NL,34,m,UK,Male
115,1,1.0,Caribou,NL,39,m,CA,Male
115,2,0.6309297535714575,Dean Blunt,NL,39,m,UK,Male
115,3,0.5,Queen,NL,39,m,JP,Female
115,4,0.43067655807339306,Leonard Cohen,NL,39,m,CA,Male
115,5,0.38685280723454163,Beyoncé,NL,39,m,US,Female
115,6,0.3562071871080222,Michael Sembello,NL,39,m,US,Male
115,7,0.3333333333333333,Roy Orbison,NL,39,m,US,Male
115,8,0.31546487678572877,Adele,NL,39,m,UK,Female
115,9,0.3010299956639812,Ariana Grande,NL,39,m,US,Female
115,10,0.2890648263178879,Taylor Swift,NL,39,m,US,Female
116,1,1.0,Perturbator,US,25,m,FR,Male
116,2,0.6309297535714575,Kacey Musgraves,US,25,m,US,Female
116,3,0.5,Michael Jackson,US,25,m,US,Male
116,4,0.43067655807339306,DJ Shadow,US,25,m,US,Male
116,5,0.38685280723454163,Grimes,US,25,m,CA,Female
116,6,0.3562071871080222,Noisestorm,US,25,m,IE,Male
116,7,0.3333333333333333,Troye Sivan,US,25,m,AU,Male
116,8,0.31546487678572877,Rihanna,US,25,m,UK,Female
116,9,0.3010299956639812,Lisa Miskovsky,US,25,m,SE,Female
116,10,0.2890648263178879,Shawn Mendes,US,25,m,CA,Male
117,1,1.0,Bob Marley & The Wailers,NO,35,f,JM,Male
117,2,0.6309297535714575,Carpenter Brut,NO,35,f,FR,Male
117,3,0.5,Vitalic,NO,35,f,FR,Male
117,4,0.43067655807339306,Nik Kershaw,NO,35,f,UK,Male
117,5,0.38685280723454163,Aaron Smith,NO,35,f,US,Male
117,6,0.3562071871080222,Devin Townsend,NO,35,f,CA,Male
117,7,0.3333333333333333,Gwen Stefani,NO,35,f,US,Female
117,8,0.31546487678572877,Kanye West,NO,35,f,US,Male
117,9,0.3010299956639812,James Blake,NO,35,f,UK,Male
117,10,0.2890648263178879,Ariana Grande,NO,35,f,US,Female
118,1,1.0,Ariana Grande,CZ,30,m,US,Female
118,2,0.6309297535714575,Taylor Swift,CZ,30,m,US,Female
118,3,0.5,Madonna,CZ,30,m,US,Female
118,4,0.43067655807339306,Gwen Stefani,CZ,30,m,US,Female
118,5,0.38685280723454163,Kelis,CZ,30,m,US,Female
118,6,0.3562071871080222,Nik Kershaw,CZ,30,m,UK,Male
118,7,0.3333333333333333,Perturbator,CZ,30,m,FR,Male
118,8,0.31546487678572877,Ariana Grande,CZ,30,m,US,Female
118,9,0.3010299956639812,Four Tet,CZ,30,m,UK,Male
118,10,0.2890648263178879,Lisa Miskovsky,CZ,30,m,SE,Female
119,1,1.0,Sabrina Carpenter,RU,34,m,US,Female
119,2,0.6309297535714575,Ariana Grande,RU,34,m,US,Female
119,3,0.5,Jennifer Lopez,RU,34,m,US,Female
119,4,0.43067655807339306,RuPaul,RU,34,m,US,Female
119,5,0.38685280723454163,Sia,RU,34,m,AU,Female
119,6,0.3562071871080222,Jess Glynne,RU,34,m,UK,Female
119,7,0.3333333333333333,Shawn Mendes,RU,34,m,CA,Male
119,8,0.31546487678572877,Ariana Grande,RU,34,m,US,Female
119,9,0.3010299956639812,Troye Sivan,RU,34,m,AU,Male
119,10,0.2890648263178879,Fergie,RU,34,m,UK,Male
120,1,1.0,Adele,UK,22,m,UK,Female
120,2,0.6309297535714575,Beyoncé,UK,22,m,US,Female
120,3,0.5,Vitalic,UK,22,m,FR,Male
120,4,0.43067655807339306,Nik Kershaw,UK,22,m,UK,Male
120,5,0.38685280723454163,Madonna,UK,22,m,US,Female
120,6,0.3562071871080222,Machine Head,UK,22,m,JP,Male
120,7,0.3333333333333333,Kelis,UK,22,m,US,Female
120,8,0.31546487678572877,Taylor Swift,UK,22,m,US,Female
120,9,0.3010299956639812,Gwen Stefani,UK,22,m,US,Female
120,10,0.2890648263178879,Ariana Grande,UK,22,m,US,Female
121,1,1.0,Pusha T,US,32,f,US,Male
121,2,0.6309297535714575,Laura Branigan,US,32,f,US,Female
121,3,0.5,PJ Harvey,US,32,f,UK,Female
121,4,0.43067655807339306,Tame Impala,US,32,f,AU,Male
121,5,0.38685280723454163,Scott Walker,US,32,f,UK,Male
121,6,0.3562071871080222,Ry x,US,32,f,AU,Male
121,7,0.3333333333333333,AFI,US,32,f,US,Female
121,8,0.31546487678572877,James Blake,US,32,f,UK,Male
121,9,0.3010299956639812,Lil Nas X,US,32,f,US,Male
121,10,0.2890648263178879,Perfume Genius,US,32,f,US,Male
123,1,1.0,Grouper,BR,25,m,US,Female
123,2,0.6309297535714575,Devin Townsend,BR,25,m,CA,Male
123,3,0.5,Daniel Avery,BR,25,m,UK,Male
123,4,0.43067655807339306,Michael Sembello,BR,25,m,US,Male
123,5,0.38685280723454163,Björk,BR,25,m,IS,Female
123,6,0.3562071871080222,Nick Drake,BR,25,m,UK,Male
123,7,0.3333333333333333,Kevin Morby,BR,25,m,US,Male
123,8,0.31546487678572877,Queen,BR,25,m,JP,Female
123,9,0.3010299956639812,Earl Sweatshirt,BR,25,m,US,Male
123,10,0.2890648263178879,Avril Lavigne,BR,25,m,CA,Female
124,1,1.0,Haddaway,BA,23,f,DE,Male
124,2,0.6309297535714575,Devin Townsend,BA,23,f,CA,Male
124,3,0.5,Sufjan Stevens,BA,23,f,US,Male
124,4,0.43067655807339306,John Mayer,BA,23,f,IN,Male
124,5,0.38685280723454163,Queen,BA,23,f,JP,Female
124,6,0.3562071871080222,Ariana Grande,BA,23,f,US,Female
124,7,0.3333333333333333,Beyoncé,BA,23,f,US,Female
124,8,0.31546487678572877,Roy Orbison,BA,23,f,US,Male
124,9,0.3010299956639812,Ariana Grande,BA,23,f,US,Female
124,10,0.2890648263178879,Michael Sembello,BA,23,f,US,Male
125,1,1.0,Gwen Stefani,FR,33,m,US,Female
125,2,0.6309297535714575,Ariana Grande,FR,33,m,US,Female
125,3,0.5,Perturbator,FR,33,m,FR,Male
125,4,0.43067655807339306,Noisestorm,FR,33,m,IE,Male
125,5,0.38685280723454163,Michael Jackson,FR,33,m,US,Male
125,6,0.3562071871080222,Grimes,FR,33,m,CA,Female
125,7,0.3333333333333333,DJ Shadow,FR,33,m,US,Male
125,8,0.31546487678572877,Kacey Musgraves,FR,33,m,US,Female
125,9,0.3010299956639812,Lisa Miskovsky,FR,33,m,SE,Female
125,10,0.2890648263178879,Ariana Grande,FR,33,m,US,Female
126,1,1.0,Vitalic,SK,26,m,FR,Male
126,2,0.6309297535714575,Michael Jackson,SK,26,m,US,Male
126,3,0.5,Shawn Mendes,SK,26,m,CA,Male
126,4,0.43067655807339306,Perturbator,SK,26,m,FR,Male
126,5,0.38685280723454163,Ice Cube,SK,26,m,US,Male
126,6,0.3562071871080222,Noisestorm,SK,26,m,IE,Male
126,7,0.3333333333333333,Lorde,SK,26,m,NZ,Female
126,8,0.31546487678572877,Machine Head,SK,26,m,JP,Male
126,9,0.3010299956639812,Kacey Musgraves,SK,26,m,US,Female
126,10,0.2890648263178879,DJ Shadow,SK,26,m,US,Male
127,1,1.0,Nick Drake,NL,37,m,UK,Male
127,2,0.6309297535714575,Bill Callahan,NL,37,m,US,Male
127,3,0.5,James Blake,NL,37,m,UK,Male
127,4,0.43067655807339306,Chuck Berry,NL,37,m,US,Male
127,5,0.38685280723454163,Sharon Van Etten,NL,37,m,US,Female
127,6,0.3562071871080222,Kanye West,NL,37,m,US,Male
127,7,0.3333333333333333,Panda Bear,NL,37,m,US,Male
127,8,0.31546487678572877,PJ Harvey,NL,37,m,UK,Female
127,9,0.3010299956639812,Jeff Buckley,NL,37,m,US,Male
127,10,0.2890648263178879,Pusha T,NL,37,m,US,Male
128,1,1.0,Dean Blunt,AU,24,m,UK,Male
128,2,0.6309297535714575,Leonard Cohen,AU,24,m,CA,Male
128,3,0.5,Mac DeMarco,AU,24,m,CA,Male
128,4,0.43067655807339306,Grouper,AU,24,m,US,Female
128,5,0.38685280723454163,John Mayer,AU,24,m,IN,Male
128,6,0.3562071871080222,Devin Townsend,AU,24,m,CA,Male
128,7,0.3333333333333333,Roy Orbison,AU,24,m,US,Male
128,8,0.31546487678572877,Julie Byrne,AU,24,m,US,Female
128,9,0.3010299956639812,Pusha T,AU,24,m,US,Male
128,10,0.2890648263178879,Queen,AU,24,m,JP,Female
129,1,1.0,Grouper,US,23,m,US,Female
129,2,0.6309297535714575,Mac DeMarco,US,23,m,CA,Male
129,3,0.5,Panda Bear,US,23,m,US,Male
129,4,0.43067655807339306,Travis Scott,US,23,m,US,Male
129,5,0.38685280723454163,Anna Calvi,US,23,m,UK,Female
129,6,0.3562071871080222,Gil Scott-Heron,US,23,m,US,Male
129,7,0.3333333333333333,Tame Impala,US,23,m,AU,Male
129,8,0.31546487678572877,Kanye West,US,23,m,US,Male
129,9,0.3010299956639812,Perfume Genius,US,23,m,US,Male
129,10,0.2890648263178879,Panda Bear,US,23,m,US,Male
130,1,1.0,Dean Blunt,NO,37,m,UK,Male
130,2,0.6309297535714575,Mac DeMarco,NO,37,m,CA,Male
130,3,0.5,Sufjan Stevens,NO,37,m,US,Male
130,4,0.43067655807339306,Devin Townsend,NO,37,m,CA,Male
130,5,0.38685280723454163,Britney Spears,NO,37,m,US,Female
130,6,0.3562071871080222,M. Ward,NO,37,m,US,Male
130,7,0.3333333333333333,Grouper,NO,37,m,US,Female
130,8,0.31546487678572877,Anna Calvi,NO,37,m,UK,Female
130,9,0.3010299956639812,Grouper,NO,37,m,US,Female
130,10,0.2890648263178879,Chuck Berry,NO,37,m,US,Male
131,1,1.0,Norah Jones,DE,24,m,US,Female
131,2,0.6309297535714575,Paula Abdul,DE,24,m,US,Female
131,3,0.5,Vanessa Carlton,DE,24,m,US,Female
131,4,0.43067655807339306,Ariana Grande,DE,24,m,US,Female
131,5,0.38685280723454163,Toro y Moi,DE,24,m,US,Male
131,6,0.3562071871080222,James Blake,DE,24,m,UK,Male
131,7,0.3333333333333333,Ice Cube,DE,24,m,US,Male
131,8,0.31546487678572877,Perturbator,DE,24,m,FR,Male
131,9,0.3010299956639812,Adele,DE,24,m,UK,Female
131,10,0.2890648263178879,Lisa Miskovsky,DE,24,m,SE,Female
132,1,1.0,Ry x,UK,36,m,AU,Male
132,2,0.6309297535714575,Mac DeMarco,UK,36,m,CA,Male
132,3,0.5,Tame Impala,UK,36,m,AU,Male
132,4,0.43067655807339306,Pusha T,UK,36,m,US,Male
132,5,0.38685280723454163,Gil Scott-Heron,UK,36,m,US,Male
132,6,0.3562071871080222,Avey Tare,UK,36,m,US,Male
132,7,0.3333333333333333,Arthur Russell,UK,36,m,US,Male
132,8,0.31546487678572877,Suede,UK,36,m,US,Female
132,9,0.3010299956639812,Ty Segall,UK,36,m,US,Male
132,10,0.2890648263178879,Ariel Pink,UK,36,m,US,Male
133,1,1.0,Mahmood,US,21,f,IT,Male
133,2,0.6309297535714575,Nicki Minaj,US,21,f,US,Female
133,3,0.5,Kygo,US,21,f,NO,Male
133,4,0.43067655807339306,Sia,US,21,f,AU,Female
133,5,0.38685280723454163,Kacey Musgraves,US,21,f,US,Female
133,6,0.3562071871080222,Duncan Laurence,US,21,f,NL,Male
133,7,0.3333333333333333,Britney Spears,US,21,f,US,Female
133,8,0.31546487678572877,Adele,US,21,f,UK,Female
133,9,0.3010299956639812,Britney Spears,US,21,f,US,Female
133,10,0.2890648263178879,Ariana Grande,US,21,f,US,Female
134,1,1.0,Noisestorm,US,31,m,IE,Male
134,2,0.6309297535714575,James Blake,US,31,m,UK,Male
134,3,0.5,Beyoncé,US,31,m,US,Female
134,4,0.43067655807339306,Taylor Swift,US,31,m,US,Female
134,5,0.38685280723454163,Mr.Kitty,US,31,m,US,Male
134,6,0.3562071871080222,Jonathan Davis,US,31,m,US,Male
134,7,0.3333333333333333,Madonna,US,31,m,US,Female
134,8,0.31546487678572877,Armin van Buuren,US,31,m,NL,Male
134,9,0.3010299956639812,James Blake,US,31,m,UK,Male
134,10,0.2890648263178879,Charles Bolt,US,31,m,US,Male
135,1,1.0,Julie Byrne,UK,19,m,US,Female
135,2,0.6309297535714575,Haddaway,UK,19,m,DE,Male
135,3,0.5,Kanye West,UK,19,m,US,Male
135,4,0.43067655807339306,Britney Spears,UK,19,m,US,Female
135,5,0.38685280723454163,Big L,UK,19,m,US,Male
135,6,0.3562071871080222,Damien Jurado,UK,19,m,US,Male
135,7,0.3333333333333333,Anna Calvi,UK,19,m,UK,Female
135,8,0.31546487678572877,Nick Drake,UK,19,m,UK,Male
135,9,0.3010299956639812,Duncan Laurence,UK,19,m,NL,Male
135,10,0.2890648263178879,Robyn,UK,19,m,SE,Female
136,1,1.0,Chuck Berry,RU,25,m,US,Male
136,2,0.6309297535714575,Mac DeMarco,RU,25,m,CA,Male
136,3,0.5,Grouper,RU,25,m,US,Female
136,4,0.43067655807339306,Ariana Grande,RU,25,m,US,Female
136,5,0.38685280723454163,M. Ward,RU,25,m,US,Male
136,6,0.3562071871080222,Sharon Van Etten,RU,25,m,US,Female
136,7,0.3333333333333333,Sufjan Stevens,RU,25,m,US,Male
136,8,0.31546487678572877,Britney Spears,RU,25,m,US,Female
136,9,0.3010299956639812,Haddaway,RU,25,m,DE,Male
136,10,0.2890648263178879,Julie Byrne,RU,25,m,US,Female
137,1,1.0,Paul McCartney,HR,49,m,UK,Male
137,2,0.6309297535714575,Mayhem,HR,49,m,CA,Female
137,3,0.5,Queen,HR,49,m,JP,Female
137,4,0.43067655807339306,Ozzy Osbourne,HR,49,m,UK,Male
137,5,0.38685280723454163,Leonard Cohen,HR,49,m,CA,Male
137,6,0.3562071871080222,KT Tunstall,HR,49,m,UK,Female
137,7,0.3333333333333333,Emperor,HR,49,m,UK,Male
137,8,0.31546487678572877,The Kinks,HR,49,m,US,Male
137,9,0.3010299956639812,Queen,HR,49,m,JP,Female
137,10,0.2890648263178879,oOoOO,HR,49,m,US,Male
138,1,1.0,Anna Calvi,SE,19,f,UK,Female
138,2,0.6309297535714575,Lil Nas X,SE,19,f,US,Male
138,3,0.5,Tame Impala,SE,19,f,AU,Male
138,4,0.43067655807339306,Perfume Genius,SE,19,f,US,Male
138,5,0.38685280723454163,Laura Branigan,SE,19,f,US,Female
138,6,0.3562071871080222,Britney Spears,SE,19,f,US,Female
138,7,0.3333333333333333,Nick Drake,SE,19,f,UK,Male
138,8,0.31546487678572877,Bill Callahan,SE,19,f,US,Male
138,9,0.3010299956639812,Bonobo,SE,19,f,UK,Male
138,10,0.2890648263178879,Björk,SE,19,f,IS,Female
140,1,1.0,Paula Abdul,PL,24,m,US,Female
140,2,0.6309297535714575,Ariana Grande,PL,24,m,US,Female
140,3,0.5,Adele,PL,24,m,UK,Female
140,4,0.43067655807339306,Norah Jones,PL,24,m,US,Female
140,5,0.38685280723454163,Rihanna,PL,24,m,UK,Female
140,6,0.3562071871080222,James Blake,PL,24,m,UK,Male
140,7,0.3333333333333333,Ice Cube,PL,24,m,US,Male
140,8,0.31546487678572877,Britney Spears,PL,24,m,US,Female
140,9,0.3010299956639812,Beyoncé,PL,24,m,US,Female
140,10,0.2890648263178879,Ariana Grande,PL,24,m,US,Female
141,1,1.0,Machine Head,US,21,f,JP,Male
141,2,0.6309297535714575,Ariana Grande,US,21,f,US,Female
141,3,0.5,Adele,US,21,f,UK,Female
141,4,0.43067655807339306,Beyoncé,US,21,f,US,Female
141,5,0.38685280723454163,Rihanna,US,21,f,UK,Female
141,6,0.3562071871080222,Vitalic,US,21,f,FR,Male
141,7,0.3333333333333333,Nik Kershaw,US,21,f,UK,Male
141,8,0.31546487678572877,Lisa Miskovsky,US,21,f,SE,Female
141,9,0.3010299956639812,Ariana Grande,US,21,f,US,Female
141,10,0.2890648263178879,Perturbator,US,21,f,FR,Male
142,1,1.0,Ozzy Osbourne,US,36,m,UK,Male
142,2,0.6309297535714575,Björk,US,36,m,IS,Female
142,3,0.5,Laura Branigan,US,36,m,US,Female
142,4,0.43067655807339306,Tycho,US,36,m,US,Male
142,5,0.38685280723454163,Rush,US,36,m,US,Male
142,6,0.3562071871080222,Tame Impala,US,36,m,AU,Male
142,7,0.3333333333333333,Beck,US,36,m,DK,Male
142,8,0.31546487678572877,Jessica Pratt,US,36,m,US,Female
142,9,0.3010299956639812,Grimes,US,36,m,CA,Female
142,10,0.2890648263178879,Dolly Parton,US,36,m,US,Female
143,1,1.0,Kevin Morby,DE,26,m,US,Male
143,2,0.6309297535714575,Darkside,DE,26,m,UK,Male
143,3,0.5,Nick Drake,DE,26,m,UK,Male
143,4,0.43067655807339306,Caribou,DE,26,m,CA,Male
143,5,0.38685280723454163,Leonard Cohen,DE,26,m,CA,Male
143,6,0.3562071871080222,Sharon Van Etten,DE,26,m,US,Female
143,7,0.3333333333333333,Dean Blunt,DE,26,m,UK,Male
143,8,0.31546487678572877,Sufjan Stevens,DE,26,m,US,Male
143,9,0.3010299956639812,Grouper,DE,26,m,US,Female
143,10,0.2890648263178879,M. Ward,DE,26,m,US,Male
144,1,1.0,James Blake,ES,25,f,UK,Male
144,2,0.6309297535714575,Vitalic,ES,25,f,FR,Male
144,3,0.5,Ice Cube,ES,25,f,US,Male
144,4,0.43067655807339306,Ariana Grande,ES,25,f,US,Female
144,5,0.38685280723454163,Ariana Grande,ES,25,f,US,Female
144,6,0.3562071871080222,Rihanna,ES,25,f,UK,Female
144,7,0.3333333333333333,Troye Sivan,ES,25,f,AU,Male
144,8,0.31546487678572877,Kacey Musgraves,ES,25,f,US,Female
144,9,0.3010299956639812,Michael Jackson,ES,25,f,US,Male
144,10,0.2890648263178879,Machine Head,ES,25,f,JP,Male
145,1,1.0,Chuck Berry,US,19,m,US,Male
145,2,0.6309297535714575,George Ezra,US,19,m,UK,Male
145,3,0.5,Marilyn Manson,US,19,m,US,Male
145,4,0.43067655807339306,Eagle-Eye Cherry,US,19,m,SE,Male
145,5,0.38685280723454163,Chris Isaak,US,19,m,US,Male
145,6,0.3562071871080222,Kelis,US,19,m,US,Female
145,7,0.3333333333333333,John Maus,US,19,m,US,Male
145,8,0.31546487678572877,Seal,US,19,m,UK,Male
145,9,0.3010299956639812,Sufjan Stevens,US,19,m,US,Male
145,10,0.2890648263178879,Grimes,US,19,m,CA,Female
146,1,1.0,Earl Sweatshirt,EE,28,f,US,Male
146,2,0.6309297535714575,Kevin Morby,EE,28,f,US,Male
146,3,0.5,Caribou,EE,28,f,CA,Male
146,4,0.43067655807339306,Dean Blunt,EE,28,f,UK,Male
146,5,0.38685280723454163,Sharon Van Etten,EE,28,f,US,Female
146,6,0.3562071871080222,Leonard Cohen,EE,28,f,CA,Male
146,7,0.3333333333333333,Haddaway,EE,28,f,DE,Male
146,8,0.31546487678572877,Chuck Berry,EE,28,f,US,Male
146,9,0.3010299956639812,M. Ward,EE,28,f,US,Male
146,10,0.2890648263178879,Mac DeMarco,EE,28,f,CA,Male
147,1,1.0,Ry x,CZ,45,m,AU,Male
147,2,0.6309297535714575,Earl Sweatshirt,CZ,45,m,US,Male
147,3,0.5,Queen,CZ,45,m,JP,Female
147,4,0.43067655807339306,Grouper,CZ,45,m,US,Female
147,5,0.38685280723454163,Daniel Avery,CZ,45,m,UK,Male
147,6,0.3562071871080222,Kevin Morby,CZ,45,m,US,Male
147,7,0.3333333333333333,Bob Marley & The Wailers,CZ,45,m,JM,Male
147,8,0.31546487678572877,George Ezra,CZ,45,m,UK,Male
147,9,0.3010299956639812,Lana Del Rey,CZ,45,m,US,Female
147,10,0.2890648263178879,Darkside,CZ,45,m,UK,Male
148,1,1.0,Aaron Smith,NL,27,m,US,Male
148,2,0.6309297535714575,Bob Marley & The Wailers,NL,27,m,JM,Male
148,3,0.5,Rush,NL,27,m,US,Male
148,4,0.43067655807339306,Carpenter Brut,NL,27,m,FR,Male
148,5,0.38685280723454163,Rush,NL,27,m,US,Male
148,6,0.3562071871080222,James Blake,NL,27,m,UK,Male
148,7,0.3333333333333333,Devin Townsend,NL,27,m,CA,Male
148,8,0.31546487678572877,Toro y Moi,NL,27,m,US,Male
148,9,0.3010299956639812,Troye Sivan,NL,27,m,AU,Male
148,10,0.2890648263178879,Nik Kershaw,NL,27,m,UK,Male
149,1,1.0,Frank Ocean,PL,32,m,US,Male
149,2,0.6309297535714575,Grimes,PL,32,m,CA,Female
149,3,0.5,Bob Marley & The Wailers,PL,32,m,JM,Male
149,4,0.43067655807339306,Björk,PL,32,m,IS,Female
149,5,0.38685280723454163,Carpenter Brut,PL,32,m,FR,Male
149,6,0.3562071871080222,Queen,PL,32,m,JP,Female
149,7,0.3333333333333333,Elvis Presley,PL,32,m,US,Male
149,8,0.31546487678572877,Rita Ora,PL,32,m,UK,Female
149,9,0.3010299956639812,Miley Cyrus,PL,32,m,US,Non-binary
149,10,0.2890648263178879,Marilyn Manson,PL,32,m,US,Male
150,1,1.0,Blue Stahli,US,25,m,US,Male
150,2,0.6309297535714575,Moby,US,25,m,US,Male
150,3,0.5,Michael Jackson,US,25,m,US,Male
150,4,0.43067655807339306,Serj Tankian,US,25,m,US,Male
150,5,0.38685280723454163,Queen,US,25,m,JP,Female
150,6,0.3562071871080222,Aaron Smith,US,25,m,US,Male
150,7,0.3333333333333333,Bob Marley & The Wailers,US,25,m,JM,Male
150,8,0.31546487678572877,Edwyn Collins,US,25,m,UK,Male
150,9,0.3010299956639812,Carpenter Brut,US,25,m,FR,Male
150,10,0.2890648263178879,Rob Zombie,US,25,m,US,Male
151,1,1.0,Laura Branigan,US,24,m,US,Female
151,2,0.6309297535714575,Oneohtrix Point Never,US,24,m,US,Male
151,3,0.5,Britney Spears,US,24,m,US,Female
151,4,0.43067655807339306,Ry x,US,24,m,AU,Male
151,5,0.38685280723454163,Daniel Avery,US,24,m,UK,Male
151,6,0.3562071871080222,Grouper,US,24,m,US,Female
151,7,0.3333333333333333,Haddaway,US,24,m,DE,Male
151,8,0.31546487678572877,AFI,US,24,m,US,Female
151,9,0.3010299956639812,Duncan Laurence,US,24,m,NL,Male
151,10,0.2890648263178879,Caribou,US,24,m,CA,Male
152,1,1.0,Ariana Grande,DE,25,m,US,Female
152,2,0.6309297535714575,Nik Kershaw,DE,25,m,UK,Male
152,3,0.5,Toro y Moi,DE,25,m,US,Male
152,4,0.43067655807339306,Rihanna,DE,25,m,UK,Female
152,5,0.38685280723454163,Machine Head,DE,25,m,JP,Male
152,6,0.3562071871080222,Lisa Miskovsky,DE,25,m,SE,Female
152,7,0.3333333333333333,James Blake,DE,25,m,UK,Male
152,8,0.31546487678572877,Britney Spears,DE,25,m,US,Female
152,9,0.3010299956639812,Ariana Grande,DE,25,m,US,Female
152,10,0.2890648263178879,Ice Cube,DE,25,m,US,Male
153,1,1.0,Grimes,BR,39,m,CA,Female
153,2,0.6309297535714575,Ry x,BR,39,m,AU,Male
153,3,0.5,Daniel Avery,BR,39,m,UK,Male
153,4,0.43067655807339306,Kevin Morby,BR,39,m,US,Male
153,5,0.38685280723454163,Caribou,BR,39,m,CA,Male
153,6,0.3562071871080222,Dean Blunt,BR,39,m,UK,Male
153,7,0.3333333333333333,Earl Sweatshirt,BR,39,m,US,Male
153,8,0.31546487678572877,Leonard Cohen,BR,39,m,CA,Male
153,9,0.3010299956639812,Mac DeMarco,BR,39,m,CA,Male
153,10,0.2890648263178879,Grouper,BR,39,m,US,Female
154,1,1.0,Michael Jackson,NL,31,m,US,Male
154,2,0.6309297535714575,Aaron Smith,NL,31,m,US,Male
154,3,0.5,Vitalic,NL,31,m,FR,Male
154,4,0.43067655807339306,Toro y Moi,NL,31,m,US,Male
154,5,0.38685280723454163,Vanessa Carlton,NL,31,m,US,Female
154,6,0.3562071871080222,Nik Kershaw,NL,31,m,UK,Male
154,7,0.3333333333333333,Rihanna,NL,31,m,UK,Female
154,8,0.31546487678572877,Britney Spears,NL,31,m,US,Female
154,9,0.3010299956639812,Paula Abdul,NL,31,m,US,Female
154,10,0.2890648263178879,Adele,NL,31,m,UK,Female
155,1,1.0,Kacey Musgraves,RU,30,m,US,Female
155,2,0.6309297535714575,Ariana Grande,RU,30,m,US,Female
155,3,0.5,Mariah Carey,RU,30,m,US,Female
155,4,0.43067655807339306,Vitalic,RU,30,m,FR,Male
155,5,0.38685280723454163,Troye Sivan,RU,30,m,AU,Male
155,6,0.3562071871080222,DJ Shadow,RU,30,m,US,Male
155,7,0.3333333333333333,Machine Head,RU,30,m,JP,Male
155,8,0.31546487678572877,Rihanna,RU,30,m,UK,Female
155,9,0.3010299956639812,Grimes,RU,30,m,CA,Female
155,10,0.2890648263178879,Michael Jackson,RU,30,m,US,Male
156,1,1.0,Kacey Musgraves,NL,28,m,US,Female
156,2,0.6309297535714575,Kelis,NL,28,m,US,Female
156,3,0.5,Michael Jackson,NL,28,m,US,Male
156,4,0.43067655807339306,Gwen Stefani,NL,28,m,US,Female
156,5,0.38685280723454163,Taylor Swift,NL,28,m,US,Female
156,6,0.3562071871080222,Madonna,NL,28,m,US,Female
156,7,0.3333333333333333,Ariana Grande,NL,28,m,US,Female
156,8,0.31546487678572877,Armin van Buuren,NL,28,m,NL,Male
156,9,0.3010299956639812,Moby,NL,28,m,US,Male
156,10,0.2890648263178879,Four Tet,NL,28,m,UK,Male
157,1,1.0,Toro y Moi,NL,19,f,US,Male
157,2,0.6309297535714575,James Blake,NL,19,f,UK,Male
157,3,0.5,Taylor Swift,NL,19,f,US,Female
157,4,0.43067655807339306,Beyoncé,NL,19,f,US,Female
157,5,0.38685280723454163,Michael Jackson,NL,19,f,US,Male
157,6,0.3562071871080222,Madonna,NL,19,f,US,Female
157,7,0.3333333333333333,Ozzy Osbourne,NL,19,f,UK,Male
157,8,0.31546487678572877,Ice Cube,NL,19,f,US,Male
157,9,0.3010299956639812,Shawn Mendes,NL,19,f,CA,Male
157,10,0.2890648263178879,Marilyn Manson,NL,19,f,US,Male
158,1,1.0,Kevin Morby,HU,33,m,US,Male
158,2,0.6309297535714575,Devin Townsend,HU,33,m,CA,Male
158,3,0.5,Ariana Grande,HU,33,m,US,Female
158,4,0.43067655807339306,Beyoncé,HU,33,m,US,Female
158,5,0.38685280723454163,John Mayer,HU,33,m,IN,Male
158,6,0.3562071871080222,Ariana Grande,HU,33,m,US,Female
158,7,0.3333333333333333,Roy Orbison,HU,33,m,US,Male
158,8,0.31546487678572877,Leonard Cohen,HU,33,m,CA,Male
158,9,0.3010299956639812,Adele,HU,33,m,UK,Female
158,10,0.2890648263178879,Dean Blunt,HU,33,m,UK,Male
159,1,1.0,Kanye West,SE,25,m,US,Male
159,2,0.6309297535714575,Grimes,SE,25,m,CA,Female
159,3,0.5,Earl Sweatshirt,SE,25,m,US,Male
159,4,0.43067655807339306,Björk,SE,25,m,IS,Female
159,5,0.38685280723454163,Ry x,SE,25,m,AU,Male
159,6,0.3562071871080222,Cass McCombs,SE,25,m,US,Male
159,7,0.3333333333333333,Julia Holter,SE,25,m,US,Female
159,8,0.31546487678572877,Grouper,SE,25,m,US,Female
159,9,0.3010299956639812,Ariana Grande,SE,25,m,US,Female
159,10,0.2890648263178879,Frank Ocean,SE,25,m,US,Male
160,1,1.0,Queen,CZ,36,m,JP,Female
160,2,0.6309297535714575,Bob Marley & The Wailers,CZ,36,m,JM,Male
160,3,0.5,Aaron Smith,CZ,36,m,US,Male
160,4,0.43067655807339306,Sia,CZ,36,m,AU,Female
160,5,0.38685280723454163,Taylor Swift,CZ,36,m,US,Female
160,6,0.3562071871080222,Ariana Grande,CZ,36,m,US,Female
160,7,0.3333333333333333,John Mayer,CZ,36,m,IN,Male
160,8,0.31546487678572877,Miley Cyrus,CZ,36,m,US,Non-binary
160,9,0.3010299956639812,Ed Sheeran,CZ,36,m,UK,Male
160,10,0.2890648263178879,Rita Ora,CZ,36,m,UK,Female
161,1,1.0,Troye Sivan,FI,19,m,AU,Male
161,2,0.6309297535714575,Janelle Monáe,FI,19,m,US,Non-binary
161,3,0.5,Aaron Smith,FI,19,m,US,Male
161,4,0.43067655807339306,Bob Marley & The Wailers,FI,19,m,JM,Male
161,5,0.38685280723454163,Rush,FI,19,m,US,Male
161,6,0.3562071871080222,Lorde,FI,19,m,NZ,Female
161,7,0.3333333333333333,Sia,FI,19,m,AU,Female
161,8,0.31546487678572877,Carpenter Brut,FI,19,m,FR,Male
161,9,0.3010299956639812,J Balvin,FI,19,m,CO,Male
161,10,0.2890648263178879,Devin Townsend,FI,19,m,CA,Male
162,1,1.0,Ry x,NL,39,m,AU,Male
162,2,0.6309297535714575,Daniel Avery,NL,39,m,UK,Male
162,3,0.5,Ariana Grande,NL,39,m,US,Female
162,4,0.43067655807339306,Earl Sweatshirt,NL,39,m,US,Male
162,5,0.38685280723454163,Darkside,NL,39,m,UK,Male
162,6,0.3562071871080222,Kevin Morby,NL,39,m,US,Male
162,7,0.3333333333333333,Grouper,NL,39,m,US,Female
162,8,0.31546487678572877,Nick Drake,NL,39,m,UK,Male
162,9,0.3010299956639812,Bill Callahan,NL,39,m,US,Male
162,10,0.2890648263178879,Beyoncé,NL,39,m,US,Female
163,1,1.0,Queen,US,23,m,JP,Female
163,2,0.6309297535714575,Ariana Grande,US,23,m,US,Female
163,3,0.5,Roy Orbison,US,23,m,US,Male
163,4,0.43067655807339306,Ariana Grande,US,23,m,US,Female
163,5,0.38685280723454163,Beyoncé,US,23,m,US,Female
163,6,0.3562071871080222,Adele,US,23,m,UK,Female
163,7,0.3333333333333333,Taylor Swift,US,23,m,US,Female
163,8,0.31546487678572877,Eagle-Eye Cherry,US,23,m,SE,Male
163,9,0.3010299956639812,Bob Marley & The Wailers,US,23,m,JM,Male
163,10,0.2890648263178879,Mahmood,US,23,m,IT,Male
164,1,1.0,Haddaway,DE,23,m,DE,Male
164,2,0.6309297535714575,Gil Scott-Heron,DE,23,m,US,Male
164,3,0.5,Tame Impala,DE,23,m,AU,Male
164,4,0.43067655807339306,Avril Lavigne,DE,23,m,CA,Female
164,5,0.38685280723454163,Perfume Genius,DE,23,m,US,Male
164,6,0.3562071871080222,Lana Del Rey,DE,23,m,US,Female
164,7,0.3333333333333333,Travis Scott,DE,23,m,US,Male
164,8,0.31546487678572877,Devin Townsend,DE,23,m,CA,Male
164,9,0.3010299956639812,Pusha T,DE,23,m,US,Male
164,10,0.2890648263178879,PJ Harvey,DE,23,m,UK,Female
165,1,1.0,Norah Jones,BR,22,m,US,Female
165,2,0.6309297535714575,Adele,BR,22,m,UK,Female
165,3,0.5,YOB,BR,22,m,UK,Male
165,4,0.43067655807339306,Michael Jackson,BR,22,m,US,Male
165,5,0.38685280723454163,Perturbator,BR,22,m,FR,Male
165,6,0.3562071871080222,Nik Kershaw,BR,22,m,UK,Male
165,7,0.3333333333333333,Tarja,BR,22,m,FI,Female
165,8,0.31546487678572877,Paula Abdul,BR,22,m,US,Female
165,9,0.3010299956639812,Thom Yorke,BR,22,m,UK,Male
165,10,0.2890648263178879,Philip Glass,BR,22,m,US,Male
166,1,1.0,Noisestorm,SE,29,m,IE,Male
166,2,0.6309297535714575,Michael Jackson,SE,29,m,US,Male
166,3,0.5,James Blake,SE,29,m,UK,Male
166,4,0.43067655807339306,Pat Benatar,SE,29,m,US,Female
166,5,0.38685280723454163,Rihanna,SE,29,m,UK,Female
166,6,0.3562071871080222,Ariana Grande,SE,29,m,US,Female
166,7,0.3333333333333333,Ed Sheeran,SE,29,m,UK,Male
166,8,0.31546487678572877,Ice Cube,SE,29,m,US,Male
166,9,0.3010299956639812,Jonathan Davis,SE,29,m,US,Male
166,10,0.2890648263178879,Troye Sivan,SE,29,m,AU,Male
167,1,1.0,Jonathan Davis,PL,23,f,US,Male
167,2,0.6309297535714575,James Blake,PL,23,f,UK,Male
167,3,0.5,Michael Jackson,PL,23,f,US,Male
167,4,0.43067655807339306,Armin van Buuren,PL,23,f,NL,Male
167,5,0.38685280723454163,Britney Spears,PL,23,f,US,Female
167,6,0.3562071871080222,Grimes,PL,23,f,CA,Female
167,7,0.3333333333333333,Gwen Stefani,PL,23,f,US,Female
167,8,0.31546487678572877,James Blake,PL,23,f,UK,Male
167,9,0.3010299956639812,Ariana Grande,PL,23,f,US,Female
167,10,0.2890648263178879,Kelis,PL,23,f,US,Female
168,1,1.0,Grouper,NO,22,m,US,Female
168,2,0.6309297535714575,Daniel Avery,NO,22,m,UK,Male
168,3,0.5,Kevin Morby,NO,22,m,US,Male
168,4,0.43067655807339306,Caribou,NO,22,m,CA,Male
168,5,0.38685280723454163,Dean Blunt,NO,22,m,UK,Male
168,6,0.3562071871080222,Beyoncé,NO,22,m,US,Female
168,7,0.3333333333333333,Ariana Grande,NO,22,m,US,Female
168,8,0.31546487678572877,Roy Orbison,NO,22,m,US,Male
168,9,0.3010299956639812,Leonard Cohen,NO,22,m,CA,Male
168,10,0.2890648263178879,Devin Townsend,NO,22,m,CA,Male
169,1,1.0,Julie Byrne,SE,24,m,US,Female
169,2,0.6309297535714575,Haddaway,SE,24,m,DE,Male
169,3,0.5,Tame Impala,SE,24,m,AU,Male
169,4,0.43067655807339306,Avril Lavigne,SE,24,m,CA,Female
169,5,0.38685280723454163,Anna Calvi,SE,24,m,UK,Female
169,6,0.3562071871080222,Lana Del Rey,SE,24,m,US,Female
169,7,0.3333333333333333,Gil Scott-Heron,SE,24,m,US,Male
169,8,0.31546487678572877,Perfume Genius,SE,24,m,US,Male
169,9,0.3010299956639812,Kanye West,SE,24,m,US,Male
169,10,0.2890648263178879,Ry x,SE,24,m,AU,Male
170,1,1.0,Dean Blunt,AT,24,m,UK,Male
170,2,0.6309297535714575,Mac DeMarco,AT,24,m,CA,Male
170,3,0.5,M. Ward,AT,24,m,US,Male
170,4,0.43067655807339306,Grouper,AT,24,m,US,Female
170,5,0.38685280723454163,Ariana Grande,AT,24,m,US,Female
170,6,0.3562071871080222,Bob Marley & The Wailers,AT,24,m,JM,Male
170,7,0.3333333333333333,Sharon Van Etten,AT,24,m,US,Female
170,8,0.31546487678572877,Sufjan Stevens,AT,24,m,US,Male
170,9,0.3010299956639812,Eagle-Eye Cherry,AT,24,m,SE,Male
170,10,0.2890648263178879,Tame Impala,AT,24,m,AU,Male
171,1,1.0,Lil Nas X,US,26,m,US,Male
171,2,0.6309297535714575,Tame Impala,US,26,m,AU,Male
171,3,0.5,Ry x,US,26,m,AU,Male
171,4,0.43067655807339306,Kevin Morby,US,26,m,US,Male
171,5,0.38685280723454163,Perfume Genius,US,26,m,US,Male
171,6,0.3562071871080222,AFI,US,26,m,US,Female
171,7,0.3333333333333333,Damien Jurado,US,26,m,US,Male
171,8,0.31546487678572877,Caribou,US,26,m,CA,Male
171,9,0.3010299956639812,Pusha T,US,26,m,US,Male
171,10,0.2890648263178879,Kendrick Lamar,US,26,m,US,Male
172,1,1.0,Chuck Berry,US,19,m,US,Male
172,2,0.6309297535714575,Ariana Grande,US,19,m,US,Female
172,3,0.5,Haddaway,US,19,m,DE,Male
172,4,0.43067655807339306,Britney Spears,US,19,m,US,Female
172,5,0.38685280723454163,Avril Lavigne,US,19,m,CA,Female
172,6,0.3562071871080222,Anna Calvi,US,19,m,UK,Female
172,7,0.3333333333333333,Tame Impala,US,19,m,AU,Male
172,8,0.31546487678572877,Duncan Laurence,US,19,m,NL,Male
172,9,0.3010299956639812,Travis Scott,US,19,m,US,Male
172,10,0.2890648263178879,Devin Townsend,US,19,m,CA,Male
173,1,1.0,Frank Ocean,US,37,m,US,Male
173,2,0.6309297535714575,Grimes,US,37,m,CA,Female
173,3,0.5,Björk,US,37,m,IS,Female
173,4,0.43067655807339306,Sia,US,37,m,AU,Female
173,5,0.38685280723454163,Queen,US,37,m,JP,Female
173,6,0.3562071871080222,Bob Marley & The Wailers,US,37,m,JM,Male
173,7,0.3333333333333333,Ariana Grande,US,37,m,US,Female
173,8,0.31546487678572877,Justin Timberlake,US,37,m,US,Male
173,9,0.3010299956639812,Ozzy Osbourne,US,37,m,UK,Male
173,10,0.2890648263178879,Rita Ora,US,37,m,UK,Female
174,1,1.0,Kevin Morby,NL,45,m,US,Male
174,2,0.6309297535714575,Dean Blunt,NL,45,m,UK,Male
174,3,0.5,Lil Nas X,NL,45,m,US,Male
174,4,0.43067655807339306,Leonard Cohen,NL,45,m,CA,Male
174,5,0.38685280723454163,Dolly Parton,NL,45,m,US,Female
174,6,0.3562071871080222,Billy Joel,NL,45,m,US,Male
174,7,0.3333333333333333,Laura Branigan,NL,45,m,US,Female
174,8,0.31546487678572877,Britney Spears,NL,45,m,US,Female
174,9,0.3010299956639812,Robyn,NL,45,m,SE,Female
174,10,0.2890648263178879,Sharon Van Etten,NL,45,m,US,Female
175,1,1.0,Adele,RU,28,m,UK,Female
175,2,0.6309297535714575,Travis Scott,RU,28,m,US,Male
175,3,0.5,Rush,RU,28,m,US,Male
175,4,0.43067655807339306,Bob Marley & The Wailers,RU,28,m,JM,Male
175,5,0.38685280723454163,Aaron Smith,RU,28,m,US,Male
175,6,0.3562071871080222,Ariana Grande,RU,28,m,US,Female
175,7,0.3333333333333333,Britney Spears,RU,28,m,US,Female
175,8,0.31546487678572877,Carpenter Brut,RU,28,m,FR,Male
175,9,0.3010299956639812,Gwen Stefani,RU,28,m,US,Female
175,10,0.2890648263178879,Rush,RU,28,m,US,Male
176,1,1.0,Kelis,UK,28,m,US,Female
176,2,0.6309297535714575,Madonna,UK,28,m,US,Female
176,3,0.5,Ariana Grande,UK,28,m,US,Female
176,4,0.43067655807339306,Perturbator,UK,28,m,FR,Male
176,5,0.38685280723454163,Kacey Musgraves,UK,28,m,US,Female
176,6,0.3562071871080222,Noisestorm,UK,28,m,IE,Male
176,7,0.3333333333333333,Grimes,UK,28,m,CA,Female
176,8,0.31546487678572877,DJ Shadow,UK,28,m,US,Male
176,9,0.3010299956639812,Michael Jackson,UK,28,m,US,Male
176,10,0.2890648263178879,Lisa Miskovsky,UK,28,m,SE,Female
177,1,1.0,Vitalic,US,36,m,FR,Male
177,2,0.6309297535714575,Perturbator,US,36,m,FR,Male
177,3,0.5,James Blake,US,36,m,UK,Male
177,4,0.43067655807339306,Troye Sivan,US,36,m,AU,Male
177,5,0.38685280723454163,Noisestorm,US,36,m,IE,Male
177,6,0.3562071871080222,Toro y Moi,US,36,m,US,Male
177,7,0.3333333333333333,Michael Jackson,US,36,m,US,Male
177,8,0.31546487678572877,Lisa Miskovsky,US,36,m,SE,Female
177,9,0.3010299956639812,Sia,US,36,m,AU,Female
177,10,0.2890648263178879,Sia,US,36,m,AU,Female
178,1,1.0,James Blake,ES,29,m,UK,Male
178,2,0.6309297535714575,Beyoncé,ES,29,m,US,Female
178,3,0.5,Ariana Grande,ES,29,m,US,Female
178,4,0.43067655807339306,Grimes,ES,29,m,CA,Female
178,5,0.38685280723454163,Kacey Musgraves,ES,29,m,US,Female
178,6,0.3562071871080222,Kelis,ES,29,m,US,Female
178,7,0.3333333333333333,DJ Shadow,ES,29,m,US,Male
178,8,0.31546487678572877,Taylor Swift,ES,29,m,US,Female
178,9,0.3010299956639812,Gwen Stefani,ES,29,m,US,Female
178,10,0.2890648263178879,Madonna,ES,29,m,US,Female
179,1,1.0,Rush,UK,27,m,US,Male
179,2,0.6309297535714575,Aaron Smith,UK,27,m,US,Male
179,3,0.5,Vitalic,UK,27,m,FR,Male
179,4,0.43067655807339306,Nik Kershaw,UK,27,m,UK,Male
179,5,0.38685280723454163,Kacey Musgraves,UK,27,m,US,Female
179,6,0.3562071871080222,Machine Head,UK,27,m,JP,Male
179,7,0.3333333333333333,Perturbator,UK,27,m,FR,Male
179,8,0.31546487678572877,DJ Shadow,UK,27,m,US,Male
179,9,0.3010299956639812,Grimes,UK,27,m,CA,Female
179,10,0.2890648263178879,Noisestorm,UK,27,m,IE,Male
181,1,1.0,Carpenter Brut,PT,25,m,FR,Male
181,2,0.6309297535714575,Moby,PT,25,m,US,Male
181,3,0.5,Bob Marley & The Wailers,PT,25,m,JM,Male
181,4,0.43067655807339306,Queen,PT,25,m,JP,Female
181,5,0.38685280723454163,Blue Stahli,PT,25,m,US,Male
181,6,0.3562071871080222,Devin Townsend,PT,25,m,CA,Male
181,7,0.3333333333333333,Michael Jackson,PT,25,m,US,Male
181,8,0.31546487678572877,Queen,PT,25,m,JP,Female
181,9,0.3010299956639812,Serj Tankian,PT,25,m,US,Male
181,10,0.2890648263178879,Rush,PT,25,m,US,Male
182,1,1.0,Earl Sweatshirt,DE,26,m,US,Male
182,2,0.6309297535714575,Dean Blunt,DE,26,m,UK,Male
182,3,0.5,Mac DeMarco,DE,26,m,CA,Male
182,4,0.43067655807339306,Grouper,DE,26,m,US,Female
182,5,0.38685280723454163,Sufjan Stevens,DE,26,m,US,Male
182,6,0.3562071871080222,Panda Bear,DE,26,m,US,Male
182,7,0.3333333333333333,M. Ward,DE,26,m,US,Male
182,8,0.31546487678572877,Panda Bear,DE,26,m,US,Male
182,9,0.3010299956639812,Anna Calvi,DE,26,m,UK,Female
182,10,0.2890648263178879,Tame Impala,DE,26,m,AU,Male
183,1,1.0,Lil Nas X,US,25,m,US,Male
183,2,0.6309297535714575,Britney Spears,US,25,m,US,Female
183,3,0.5,Julie Byrne,US,25,m,US,Female
183,4,0.43067655807339306,Beck,US,25,m,DK,Male
183,5,0.38685280723454163,Bill Callahan,US,25,m,US,Male
183,6,0.3562071871080222,Kate Bush,US,25,m,UK,Female
183,7,0.3333333333333333,Jay Reatard,US,25,m,US,Male
183,8,0.31546487678572877,Robyn,US,25,m,SE,Female
183,9,0.3010299956639812,Nina Kinert,US,25,m,SE,Female
183,10,0.2890648263178879,AFI,US,25,m,US,Female
184,1,1.0,Frank Ocean,BR,20,m,US,Male
184,2,0.6309297535714575,Weyes Blood,BR,20,m,US,Female
184,3,0.5,Pional,BR,20,m,ES,Male
184,4,0.43067655807339306,Joe Goddard,BR,20,m,UK,Male
184,5,0.38685280723454163,Perfume Genius,BR,20,m,US,Male
184,6,0.3562071871080222,Grimes,BR,20,m,CA,Female
184,7,0.3333333333333333,Chelsea Wolfe,BR,20,m,US,Female
184,8,0.31546487678572877,Ariana Grande,BR,20,m,US,Female
184,9,0.3010299956639812,Wild Nothing,BR,20,m,US,Male
184,10,0.2890648263178879,Jessica Pratt,BR,20,m,US,Female
185,1,1.0,Kelis,NL,22,m,US,Female
185,2,0.6309297535714575,James Blake,NL,22,m,UK,Male
185,3,0.5,Moby,NL,22,m,US,Male
185,4,0.43067655807339306,Taylor Swift,NL,22,m,US,Female
185,5,0.38685280723454163,Beyoncé,NL,22,m,US,Female
185,6,0.3562071871080222,Madonna,NL,22,m,US,Female
185,7,0.3333333333333333,James Arthur,NL,22,m,UK,Male
185,8,0.31546487678572877,Oliver Koletzki,NL,22,m,DE,Male
185,9,0.3010299956639812,James Blake,NL,22,m,UK,Male
185,10,0.2890648263178879,IAMX,NL,22,m,DE,Male
186,1,1.0,Chuck Berry,FR,33,m,US,Male
186,2,0.6309297535714575,Ariana Grande,FR,33,m,US,Female
186,3,0.5,Haddaway,FR,33,m,DE,Male
186,4,0.43067655807339306,Britney Spears,FR,33,m,US,Female
186,5,0.38685280723454163,Duncan Laurence,FR,33,m,NL,Male
186,6,0.3562071871080222,Avril Lavigne,FR,33,m,CA,Female
186,7,0.3333333333333333,Kanye West,FR,33,m,US,Male
186,8,0.31546487678572877,Devin Townsend,FR,33,m,CA,Male
186,9,0.3010299956639812,Travis Scott,FR,33,m,US,Male
186,10,0.2890648263178879,Nick Drake,FR,33,m,UK,Male
187,1,1.0,Ariana Grande,CA,27,m,US,Female
187,2,0.6309297535714575,Ariana Grande,CA,27,m,US,Female
187,3,0.5,Shawn Mendes,CA,27,m,CA,Male
187,4,0.43067655807339306,Rihanna,CA,27,m,UK,Female
187,5,0.38685280723454163,Mr.Kitty,CA,27,m,US,Male
187,6,0.3562071871080222,Troye Sivan,CA,27,m,AU,Male
187,7,0.3333333333333333,Rod Stewart,CA,27,m,UK,Male
187,8,0.31546487678572877,Ariana Grande,CA,27,m,US,Female
187,9,0.3010299956639812,Jonathan Davis,CA,27,m,US,Male
187,10,0.2890648263178879,James Blake,CA,27,m,UK,Male
188,1,1.0,Perturbator,UK,22,m,FR,Male
188,2,0.6309297535714575,Noisestorm,UK,22,m,IE,Male
188,3,0.5,Kacey Musgraves,UK,22,m,US,Female
188,4,0.43067655807339306,Michael Jackson,UK,22,m,US,Male
188,5,0.38685280723454163,DJ Shadow,UK,22,m,US,Male
188,6,0.3562071871080222,Grimes,UK,22,m,CA,Female
188,7,0.3333333333333333,Lisa Miskovsky,UK,22,m,SE,Female
188,8,0.31546487678572877,Rihanna,UK,22,m,UK,Female
188,9,0.3010299956639812,Father John Misty,UK,22,m,US,Male
188,10,0.2890648263178879,Troye Sivan,UK,22,m,AU,Male
189,1,1.0,Mac DeMarco,CA,23,m,CA,Male
189,2,0.6309297535714575,Sufjan Stevens,CA,23,m,US,Male
189,3,0.5,Julie Byrne,CA,23,m,US,Female
189,4,0.43067655807339306,Adele,CA,23,m,UK,Female
189,5,0.38685280723454163,Kendrick Lamar,CA,23,m,US,Male
189,6,0.3562071871080222,Tame Impala,CA,23,m,AU,Male
189,7,0.3333333333333333,Kanye West,CA,23,m,US,Male
189,8,0.31546487678572877,Gil Scott-Heron,CA,23,m,US,Male
189,9,0.3010299956639812,Lana Del Rey,CA,23,m,US,Female
189,10,0.2890648263178879,Anna Calvi,CA,23,m,UK,Female
190,1,1.0,Sufjan Stevens,PT,27,m,US,Male
190,2,0.6309297535714575,Sharon Van Etten,PT,27,m,US,Female
190,3,0.5,Grouper,PT,27,m,US,Female
190,4,0.43067655807339306,Kanye West,PT,27,m,US,Male
190,5,0.38685280723454163,Julie Byrne,PT,27,m,US,Female
190,6,0.3562071871080222,Taylor Swift,PT,27,m,US,Female
190,7,0.3333333333333333,Lana Del Rey,PT,27,m,US,Female
190,8,0.31546487678572877,Robyn,PT,27,m,SE,Female
190,9,0.3010299956639812,Devin Townsend,PT,27,m,CA,Male
190,10,0.2890648263178879,Anna Calvi,PT,27,m,UK,Female
191,1,1.0,Kelis,AR,28,m,US,Female
191,2,0.6309297535714575,Madonna,AR,28,m,US,Female
191,3,0.5,Taylor Swift,AR,28,m,US,Female
191,4,0.43067655807339306,Lisa Miskovsky,AR,28,m,SE,Female
191,5,0.38685280723454163,Ariana Grande,AR,28,m,US,Female
191,6,0.3562071871080222,Michael Jackson,AR,28,m,US,Male
191,7,0.3333333333333333,Rod Stewart,AR,28,m,UK,Male
191,8,0.31546487678572877,Tycho,AR,28,m,US,Male
191,9,0.3010299956639812,Mr.Kitty,AR,28,m,US,Male
191,10,0.2890648263178879,Jonathan Davis,AR,28,m,US,Male
192,1,1.0,Rush,US,25,m,US,Male
192,2,0.6309297535714575,Eminem,US,25,m,US,Male
192,3,0.5,Michael Jackson,US,25,m,US,Male
192,4,0.43067655807339306,Bob Marley & The Wailers,US,25,m,JM,Male
192,5,0.38685280723454163,Rush,US,25,m,US,Male
192,6,0.3562071871080222,Ed Sheeran,US,25,m,UK,Male
192,7,0.3333333333333333,Lisa Miskovsky,US,25,m,SE,Female
192,8,0.31546487678572877,John Mayer,US,25,m,IN,Male
192,9,0.3010299956639812,Perturbator,US,25,m,FR,Male
192,10,0.2890648263178879,Devin Townsend,US,25,m,CA,Male
193,1,1.0,Bill Callahan,UK,27,m,US,Male
193,2,0.6309297535714575,Perfume Genius,UK,27,m,US,Male
193,3,0.5,Tame Impala,UK,27,m,AU,Male
193,4,0.43067655807339306,Pusha T,UK,27,m,US,Male
193,5,0.38685280723454163,Oneohtrix Point Never,UK,27,m,US,Male
193,6,0.3562071871080222,Oneohtrix Point Never,UK,27,m,US,Male
193,7,0.3333333333333333,Ty Segall,UK,27,m,US,Male
193,8,0.31546487678572877,Sharon Van Etten,UK,27,m,US,Female
193,9,0.3010299956639812,Scott Walker,UK,27,m,UK,Male
193,10,0.2890648263178879,Panda Bear,UK,27,m,US,Male
194,1,1.0,John Mayer,UK,25,m,IN,Male
194,2,0.6309297535714575,Bob Marley & The Wailers,UK,25,m,JM,Male
194,3,0.5,Sia,UK,25,m,AU,Female
194,4,0.43067655807339306,Eminem,UK,25,m,US,Male
194,5,0.38685280723454163,Queen,UK,25,m,JP,Female
194,6,0.3562071871080222,Vanessa Carlton,UK,25,m,US,Female
194,7,0.3333333333333333,Queen,UK,25,m,JP,Female
194,8,0.31546487678572877,Ozzy Osbourne,UK,25,m,UK,Male
194,9,0.3010299956639812,James Blake,UK,25,m,UK,Male
194,10,0.2890648263178879,Ariana Grande,UK,25,m,US,Female
196,1,1.0,Ry x,MX,25,m,AU,Male
196,2,0.6309297535714575,Grouper,MX,25,m,US,Female
196,3,0.5,Kevin Morby,MX,25,m,US,Male
196,4,0.43067655807339306,Daniel Avery,MX,25,m,UK,Male
196,5,0.38685280723454163,Earl Sweatshirt,MX,25,m,US,Male
196,6,0.3562071871080222,Darkside,MX,25,m,UK,Male
196,7,0.3333333333333333,Lana Del Rey,MX,25,m,US,Female
196,8,0.31546487678572877,Caribou,MX,25,m,CA,Male
196,9,0.3010299956639812,Taylor Swift,MX,25,m,US,Female
196,10,0.2890648263178879,Robyn,MX,25,m,SE,Female
198,1,1.0,Bob Marley & The Wailers,US,20,m,JM,Male
198,2,0.6309297535714575,Tycho,US,20,m,US,Male
198,3,0.5,Rush,US,20,m,US,Male
198,4,0.43067655807339306,Toro y Moi,US,20,m,US,Male
198,5,0.38685280723454163,Michael Jackson,US,20,m,US,Male
198,6,0.3562071871080222,Serj Tankian,US,20,m,US,Male
198,7,0.3333333333333333,John Maus,US,20,m,US,Male
198,8,0.31546487678572877,Carpenter Brut,US,20,m,FR,Male
198,9,0.3010299956639812,Snail Mail,US,20,m,US,Female
198,10,0.2890648263178879,Frank Ocean,US,20,m,US,Male
199,1,1.0,Grouper,BR,26,f,US,Female
199,2,0.6309297535714575,Julie Byrne,BR,26,f,US,Female
199,3,0.5,Panda Bear,BR,26,f,US,Male
199,4,0.43067655807339306,Anna Calvi,BR,26,f,UK,Female
199,5,0.38685280723454163,Lil Nas X,BR,26,f,US,Male
199,6,0.3562071871080222,Robyn,BR,26,f,SE,Female
199,7,0.3333333333333333,Gil Scott-Heron,BR,26,f,US,Male
199,8,0.31546487678572877,Nick Drake,BR,26,f,UK,Male
199,9,0.3010299956639812,Kanye West,BR,26,f,US,Male
199,10,0.2890648263178879,Ry x,BR,26,f,AU,Male
200,1,1.0,Toro y Moi,RU,26,m,US,Male
200,2,0.6309297535714575,Ed Sheeran,RU,26,m,UK,Male
200,3,0.5,James Blake,RU,26,m,UK,Male
200,4,0.43067655807339306,Britney Spears,RU,26,m,US,Female
200,5,0.38685280723454163,Dennis Lloyd,RU,26,m,IL,Male
200,6,0.3562071871080222,Louis Tomlinson,RU,26,m,UK,Male
200,7,0.3333333333333333,Lorde,RU,26,m,NZ,Female
200,8,0.31546487678572877,Sia,RU,26,m,AU,Female
200,9,0.3010299956639812,Lauren Daigle,RU,26,m,US,Female
200,10,0.2890648263178879,Beyoncé,RU,26,m,US,Female
201,1,1.0,Lana Del Rey,BR,30,m,US,Female
201,2,0.6309297535714575,Chuck Berry,BR,30,m,US,Male
201,3,0.5,Tame Impala,BR,30,m,AU,Male
201,4,0.43067655807339306,Damien Jurado,BR,30,m,US,Male
201,5,0.38685280723454163,Tame Impala,BR,30,m,AU,Male
201,6,0.3562071871080222,Nick Drake,BR,30,m,UK,Male
201,7,0.3333333333333333,PJ Harvey,BR,30,m,UK,Female
201,8,0.31546487678572877,Haddaway,BR,30,m,DE,Male
201,9,0.3010299956639812,Tamino,BR,30,m,BE,Male
201,10,0.2890648263178879,Queen,BR,30,m,JP,Female
202,1,1.0,Beyoncé,BE,44,f,US,Female
202,2,0.6309297535714575,Ariana Grande,BE,44,f,US,Female
202,3,0.5,Sia,BE,44,f,AU,Female
202,4,0.43067655807339306,Ariana Grande,BE,44,f,US,Female
202,5,0.38685280723454163,Troye Sivan,BE,44,f,AU,Male
202,6,0.3562071871080222,Justin Timberlake,BE,44,f,US,Male
202,7,0.3333333333333333,Mariah Carey,BE,44,f,US,Female
202,8,0.31546487678572877,Jonathan Davis,BE,44,f,US,Male
202,9,0.3010299956639812,Sia,BE,44,f,AU,Female
202,10,0.2890648263178879,Jennifer Lopez,BE,44,f,US,Female
203,1,1.0,Bob Marley & The Wailers,FI,26,f,JM,Male
203,2,0.6309297535714575,Britney Spears,FI,26,f,US,Female
203,3,0.5,Sia,FI,26,f,AU,Female
203,4,0.43067655807339306,James Blake,FI,26,f,UK,Male
203,5,0.38685280723454163,Christina Aguilera,FI,26,f,US,Female
203,6,0.3562071871080222,Nik Kershaw,FI,26,f,UK,Male
203,7,0.3333333333333333,Noisestorm,FI,26,f,IE,Male
203,8,0.31546487678572877,Toro y Moi,FI,26,f,US,Male
203,9,0.3010299956639812,Taylor Swift,FI,26,f,US,Female
203,10,0.2890648263178879,Vitalic,FI,26,f,FR,Male
204,1,1.0,Ed Sheeran,BR,24,m,UK,Male
204,2,0.6309297535714575,Toro y Moi,BR,24,m,US,Male
204,3,0.5,Billy Joel,BR,24,m,US,Male
204,4,0.43067655807339306,Adele,BR,24,m,UK,Female
204,5,0.38685280723454163,Queen,BR,24,m,JP,Female
204,6,0.3562071871080222,Eminem,BR,24,m,US,Male
204,7,0.3333333333333333,Bob Marley & The Wailers,BR,24,m,JM,Male
204,8,0.31546487678572877,Kelly Clarkson,BR,24,m,US,Female
204,9,0.3010299956639812,Queen,BR,24,m,JP,Female
204,10,0.2890648263178879,Carpenter Brut,BR,24,m,FR,Male
205,1,1.0,Adele,DE,27,m,UK,Female
205,2,0.6309297535714575,James Blake,DE,27,m,UK,Male
205,3,0.5,Rihanna,DE,27,m,UK,Female
205,4,0.43067655807339306,Machine Head,DE,27,m,JP,Male
205,5,0.38685280723454163,Britney Spears,DE,27,m,US,Female
205,6,0.3562071871080222,Lisa Miskovsky,DE,27,m,SE,Female
205,7,0.3333333333333333,Beyoncé,DE,27,m,US,Female
205,8,0.31546487678572877,Ariana Grande,DE,27,m,US,Female
205,9,0.3010299956639812,Kelis,DE,27,m,US,Female
205,10,0.2890648263178879,James Blake,DE,27,m,UK,Male
206,1,1.0,Kelis,BG,30,m,US,Female
206,2,0.6309297535714575,James Blake,BG,30,m,UK,Male
206,3,0.5,Gwen Stefani,BG,30,m,US,Female
206,4,0.43067655807339306,Mr.Kitty,BG,30,m,US,Male
206,5,0.38685280723454163,Rod Stewart,BG,30,m,UK,Male
206,6,0.3562071871080222,Beyoncé,BG,30,m,US,Female
206,7,0.3333333333333333,Taylor Swift,BG,30,m,US,Female
206,8,0.31546487678572877,Michael Jackson,BG,30,m,US,Male
206,9,0.3010299956639812,Madonna,BG,30,m,US,Female
206,10,0.2890648263178879,Armin van Buuren,BG,30,m,NL,Male
207,1,1.0,Paula Abdul,BE,38,m,US,Female
207,2,0.6309297535714575,Serj Tankian,BE,38,m,US,Male
207,3,0.5,Rihanna,BE,38,m,UK,Female
207,4,0.43067655807339306,Carpenter Brut,BE,38,m,FR,Male
207,5,0.38685280723454163,Weyes Blood,BE,38,m,US,Female
207,6,0.3562071871080222,Michael Jackson,BE,38,m,US,Male
207,7,0.3333333333333333,Britney Spears,BE,38,m,US,Female
207,8,0.31546487678572877,Rob Zombie,BE,38,m,US,Male
207,9,0.3010299956639812,Rush,BE,38,m,US,Male
207,10,0.2890648263178879,Kanye West,BE,38,m,US,Male
209,1,1.0,Rihanna,UK,23,m,UK,Female
209,2,0.6309297535714575,Grimes,UK,23,m,CA,Female
209,3,0.5,Ariana Grande,UK,23,m,US,Female
209,4,0.43067655807339306,John Cale,UK,23,m,US,Male
209,5,0.38685280723454163,Madonna,UK,23,m,US,Female
209,6,0.3562071871080222,Paula Abdul,UK,23,m,US,Female
209,7,0.3333333333333333,Taylor Swift,UK,23,m,US,Female
209,8,0.31546487678572877,Cass McCombs,UK,23,m,US,Male
209,9,0.3010299956639812,Corinne Bailey Rae,UK,23,m,UK,Female
209,10,0.2890648263178879,Queen,UK,23,m,JP,Female
210,1,1.0,Bob Marley & The Wailers,FI,19,f,JM,Male
210,2,0.6309297535714575,Britney Spears,FI,19,f,US,Female
210,3,0.5,Vitalic,FI,19,f,FR,Male
210,4,0.43067655807339306,Taylor Swift,FI,19,f,US,Female
210,5,0.38685280723454163,Nik Kershaw,FI,19,f,UK,Male
210,6,0.3562071871080222,Noisestorm,FI,19,f,IE,Male
210,7,0.3333333333333333,Machine Head,FI,19,f,JP,Male
210,8,0.31546487678572877,Beyoncé,FI,19,f,US,Female
210,9,0.3010299956639812,Kelly Clarkson,FI,19,f,US,Female
210,10,0.2890648263178879,Perturbator,FI,19,f,FR,Male
211,1,1.0,Katy Perry,BG,33,f,US,Female
211,2,0.6309297535714575,Natalie Imbruglia,BG,33,f,AU,Female
211,3,0.5,Chaka Khan,BG,33,f,US,Female
211,4,0.43067655807339306,Little Boots,BG,33,f,UK,Female
211,5,0.38685280723454163,Bright Light Bright Light,BG,33,f,UK,Male
211,6,0.3562071871080222,Madonna,BG,33,f,US,Female
211,7,0.3333333333333333,Elton John,BG,33,f,UK,Male
211,8,0.31546487678572877,Annie Lennox,BG,33,f,UK,Female
211,9,0.3010299956639812,Natalie Imbruglia,BG,33,f,AU,Female
211,10,0.2890648263178879,Madonna,BG,33,f,US,Female
212,1,1.0,Lisa Miskovsky,DE,24,m,SE,Female
212,2,0.6309297535714575,Beyoncé,DE,24,m,US,Female
212,3,0.5,Michael Jackson,DE,24,m,US,Male
212,4,0.43067655807339306,Ariana Grande,DE,24,m,US,Female
212,5,0.38685280723454163,Mr.Kitty,DE,24,m,US,Male
212,6,0.3562071871080222,Jonathan Davis,DE,24,m,US,Male
212,7,0.3333333333333333,Kacey Musgraves,DE,24,m,US,Female
212,8,0.31546487678572877,Tycho,DE,24,m,US,Male
212,9,0.3010299956639812,Gwen Stefani,DE,24,m,US,Female
212,10,0.2890648263178879,Kelis,DE,24,m,US,Female
213,1,1.0,Lil Nas X,LV,32,m,US,Male
213,2,0.6309297535714575,Britney Spears,LV,32,m,US,Female
213,3,0.5,Robyn,LV,32,m,SE,Female
213,4,0.43067655807339306,Travis Scott,LV,32,m,US,Male
213,5,0.38685280723454163,Laura Branigan,LV,32,m,US,Female
213,6,0.3562071871080222,Björk,LV,32,m,IS,Female
213,7,0.3333333333333333,Kendrick Lamar,LV,32,m,US,Male
213,8,0.31546487678572877,Angel Olsen,LV,32,m,US,Female
213,9,0.3010299956639812,Bill Callahan,LV,32,m,US,Male
213,10,0.2890648263178879,AFI,LV,32,m,US,Female
214,1,1.0,Anna Calvi,DE,21,m,UK,Female
214,2,0.6309297535714575,Tame Impala,DE,21,m,AU,Male
214,3,0.5,Ry x,DE,21,m,AU,Male
214,4,0.43067655807339306,Chuck Berry,DE,21,m,US,Male
214,5,0.38685280723454163,Kanye West,DE,21,m,US,Male
214,6,0.3562071871080222,Pusha T,DE,21,m,US,Male
214,7,0.3333333333333333,Perfume Genius,DE,21,m,US,Male
214,8,0.31546487678572877,Nick Drake,DE,21,m,UK,Male
214,9,0.3010299956639812,PJ Harvey,DE,21,m,UK,Female
214,10,0.2890648263178879,James Blake,DE,21,m,UK,Male
215,1,1.0,Queen,UK,33,m,JP,Female
215,2,0.6309297535714575,Vanessa Carlton,UK,33,m,US,Female
215,3,0.5,Sia,UK,33,m,AU,Female
215,4,0.43067655807339306,Lisa Miskovsky,UK,33,m,SE,Female
215,5,0.38685280723454163,Miley Cyrus,UK,33,m,US,Non-binary
215,6,0.3562071871080222,Tom Waits,UK,33,m,US,Male
215,7,0.3333333333333333,David Bowie,UK,33,m,UK,Male
215,8,0.31546487678572877,Norah Jones,UK,33,m,US,Female
215,9,0.3010299956639812,John Mayer,UK,33,m,IN,Male
215,10,0.2890648263178879,Amanda Palmer,UK,33,m,US,Female
216,1,1.0,James Blake,RU,26,m,UK,Male
216,2,0.6309297535714575,Taylor Swift,RU,26,m,US,Female
216,3,0.5,Grimes,RU,26,m,CA,Female
216,4,0.43067655807339306,Madonna,RU,26,m,US,Female
216,5,0.38685280723454163,DJ Shadow,RU,26,m,US,Male
216,6,0.3562071871080222,Kacey Musgraves,RU,26,m,US,Female
216,7,0.3333333333333333,Michael Jackson,RU,26,m,US,Male
216,8,0.31546487678572877,Mr.Kitty,RU,26,m,US,Male
216,9,0.3010299956639812,Ariana Grande,RU,26,m,US,Female
216,10,0.2890648263178879,Rod Stewart,RU,26,m,UK,Male
217,1,1.0,Perturbator,RU,26,m,FR,Male
217,2,0.6309297535714575,Machine Head,RU,26,m,JP,Male
217,3,0.5,Noisestorm,RU,26,m,IE,Male
217,4,0.43067655807339306,Ice Cube,RU,26,m,US,Male
217,5,0.38685280723454163,Michael Jackson,RU,26,m,US,Male
217,6,0.3562071871080222,Lisa Miskovsky,RU,26,m,SE,Female
217,7,0.3333333333333333,Shawn Mendes,RU,26,m,CA,Male
217,8,0.31546487678572877,Ariana Grande,RU,26,m,US,Female
217,9,0.3010299956639812,Ariana Grande,RU,26,m,US,Female
217,10,0.2890648263178879,Troye Sivan,RU,26,m,AU,Male
218,1,1.0,Vitalic,SE,33,m,FR,Male
218,2,0.6309297535714575,Noisestorm,SE,33,m,IE,Male
218,3,0.5,Perturbator,SE,33,m,FR,Male
218,4,0.43067655807339306,Troye Sivan,SE,33,m,AU,Male
218,5,0.38685280723454163,Machine Head,SE,33,m,JP,Male
218,6,0.3562071871080222,Mariah Carey,SE,33,m,US,Female
218,7,0.3333333333333333,Sia,SE,33,m,AU,Female
218,8,0.31546487678572877,J Balvin,SE,33,m,CO,Male
218,9,0.3010299956639812,Lisa Miskovsky,SE,33,m,SE,Female
218,10,0.2890648263178879,James Blake,SE,33,m,UK,Male
219,1,1.0,Bob Marley & The Wailers,SE,22,m,JM,Male
219,2,0.6309297535714575,Queen,SE,22,m,JP,Female
219,3,0.5,Corinne Bailey Rae,SE,22,m,UK,Female
219,4,0.43067655807339306,Michael Jackson,SE,22,m,US,Male
219,5,0.38685280723454163,Carpenter Brut,SE,22,m,FR,Male
219,6,0.3562071871080222,Eminem,SE,22,m,US,Male
219,7,0.3333333333333333,Serj Tankian,SE,22,m,US,Male
219,8,0.31546487678572877,Adele,SE,22,m,UK,Female
219,9,0.3010299956639812,Ed Sheeran,SE,22,m,UK,Male
219,10,0.2890648263178879,Rush,SE,22,m,US,Male
220,1,1.0,Lorde,RU,23,m,NZ,Female
220,2,0.6309297535714575,Rod Stewart,RU,23,m,UK,Male
220,3,0.5,Ice Cube,RU,23,m,US,Male
220,4,0.43067655807339306,Beyoncé,RU,23,m,US,Female
220,5,0.38685280723454163,Lisa Miskovsky,RU,23,m,SE,Female
220,6,0.3562071871080222,Pat Benatar,RU,23,m,US,Female
220,7,0.3333333333333333,Kygo,RU,23,m,NO,Male
220,8,0.31546487678572877,Armin van Buuren,RU,23,m,NL,Male
220,9,0.3010299956639812,Britney Spears,RU,23,m,US,Female
220,10,0.2890648263178879,Lily Allen,RU,23,m,UK,Female
221,1,1.0,Bob Marley & The Wailers,US,24,m,JM,Male
221,2,0.6309297535714575,Marilyn Manson,US,24,m,US,Male
221,3,0.5,Queen,US,24,m,JP,Female
221,4,0.43067655807339306,Michael Jackson,US,24,m,US,Male
221,5,0.38685280723454163,Carpenter Brut,US,24,m,FR,Male
221,6,0.3562071871080222,Weyes Blood,US,24,m,US,Female
221,7,0.3333333333333333,Travis Scott,US,24,m,US,Male
221,8,0.31546487678572877,Flume,US,24,m,AU,Male
221,9,0.3010299956639812,Kanye West,US,24,m,US,Male
221,10,0.2890648263178879,Serj Tankian,US,24,m,US,Male
223,1,1.0,Chuck Berry,SE,43,m,US,Male
223,2,0.6309297535714575,Haddaway,SE,43,m,DE,Male
223,3,0.5,Sufjan Stevens,SE,43,m,US,Male
223,4,0.43067655807339306,M. Ward,SE,43,m,US,Male
223,5,0.38685280723454163,Mac DeMarco,SE,43,m,CA,Male
223,6,0.3562071871080222,Beyoncé,SE,43,m,US,Female
223,7,0.3333333333333333,Grouper,SE,43,m,US,Female
223,8,0.31546487678572877,Panda Bear,SE,43,m,US,Male
223,9,0.3010299956639812,Lana Del Rey,SE,43,m,US,Female
223,10,0.2890648263178879,Grouper,SE,43,m,US,Female
224,1,1.0,Kevin Morby,NL,29,m,US,Male
224,2,0.6309297535714575,Ariana Grande,NL,29,m,US,Female
224,3,0.5,Caribou,NL,29,m,CA,Male
224,4,0.43067655807339306,Queen,NL,29,m,JP,Female
224,5,0.38685280723454163,Beyoncé,NL,29,m,US,Female
224,6,0.3562071871080222,Dean Blunt,NL,29,m,UK,Male
224,7,0.3333333333333333,Ariana Grande,NL,29,m,US,Female
224,8,0.31546487678572877,Roy Orbison,NL,29,m,US,Male
224,9,0.3010299956639812,Leonard Cohen,NL,29,m,CA,Male
224,10,0.2890648263178879,Bob Marley & The Wailers,NL,29,m,JM,Male
225,1,1.0,Björk,PL,28,m,IS,Female
225,2,0.6309297535714575,Grouper,PL,28,m,US,Female
225,3,0.5,Daniel Avery,PL,28,m,UK,Male
225,4,0.43067655807339306,Earl Sweatshirt,PL,28,m,US,Male
225,5,0.38685280723454163,Kevin Morby,PL,28,m,US,Male
225,6,0.3562071871080222,Darkside,PL,28,m,UK,Male
225,7,0.3333333333333333,Grouper,PL,28,m,US,Female
225,8,0.31546487678572877,Caribou,PL,28,m,CA,Male
225,9,0.3010299956639812,Nick Drake,PL,28,m,UK,Male
225,10,0.2890648263178879,Julie Byrne,PL,28,m,US,Female
226,1,1.0,Howard Shore,RU,37,m,CA,Male
226,2,0.6309297535714575,KT Tunstall,RU,37,m,UK,Female
226,3,0.5,Ozzy Osbourne,RU,37,m,UK,Male
226,4,0.43067655807339306,Emperor,RU,37,m,UK,Male
226,5,0.38685280723454163,Leonard Cohen,RU,37,m,CA,Male
226,6,0.3562071871080222,The Kinks,RU,37,m,US,Male
226,7,0.3333333333333333,Rush,RU,37,m,US,Male
226,8,0.31546487678572877,Queen,RU,37,m,JP,Female
226,9,0.3010299956639812,Queen,RU,37,m,JP,Female
226,10,0.2890648263178879,Chelsea Wolfe,RU,37,m,US,Female
227,1,1.0,DJ Shadow,UK,23,m,US,Male
227,2,0.6309297535714575,Grimes,UK,23,m,CA,Female
227,3,0.5,Rod Stewart,UK,23,m,UK,Male
227,4,0.43067655807339306,Ariana Grande,UK,23,m,US,Female
227,5,0.38685280723454163,Kacey Musgraves,UK,23,m,US,Female
227,6,0.3562071871080222,Mr.Kitty,UK,23,m,US,Male
227,7,0.3333333333333333,Jonathan Davis,UK,23,m,US,Male
227,8,0.31546487678572877,Father John Misty,UK,23,m,US,Male
227,9,0.3010299956639812,Queen,UK,23,m,JP,Female
227,10,0.2890648263178879,Shawn Mendes,UK,23,m,CA,Male
228,1,1.0,RuPaul,US,28,m,US,Female
228,2,0.6309297535714575,John Mayer,US,28,m,IN,Male
228,3,0.5,Marilyn Manson,US,28,m,US,Male
228,4,0.43067655807339306,Dolly Parton,US,28,m,US,Female
228,5,0.38685280723454163,Fergie,US,28,m,UK,Male
228,6,0.3562071871080222,AFI,US,28,m,US,Female
228,7,0.3333333333333333,Ashley Tisdale,US,28,m,US,Female
228,8,0.31546487678572877,Seal,US,28,m,UK,Male
228,9,0.3010299956639812,Grimes,US,28,m,CA,Female
228,10,0.2890648263178879,Kanye West,US,28,m,US,Male
229,1,1.0,Julie Byrne,PL,32,m,US,Female
229,2,0.6309297535714575,Grouper,PL,32,m,US,Female
229,3,0.5,Tame Impala,PL,32,m,AU,Male
229,4,0.43067655807339306,Mac DeMarco,PL,32,m,CA,Male
229,5,0.38685280723454163,Chuck Berry,PL,32,m,US,Male
229,6,0.3562071871080222,Roy Orbison,PL,32,m,US,Male
229,7,0.3333333333333333,Pusha T,PL,32,m,US,Male
229,8,0.31546487678572877,Mahmood,PL,32,m,IT,Male
229,9,0.3010299956639812,Kanye West,PL,32,m,US,Male
229,10,0.2890648263178879,Frank Ocean,PL,32,m,US,Male
230,1,1.0,Chuck Berry,UA,26,m,US,Male
230,2,0.6309297535714575,Haddaway,UA,26,m,DE,Male
230,3,0.5,Britney Spears,UA,26,m,US,Female
230,4,0.43067655807339306,Avril Lavigne,UA,26,m,CA,Female
230,5,0.38685280723454163,Duncan Laurence,UA,26,m,NL,Male
230,6,0.3562071871080222,Devin Townsend,UA,26,m,CA,Male
230,7,0.3333333333333333,Sufjan Stevens,UA,26,m,US,Male
230,8,0.31546487678572877,Mac DeMarco,UA,26,m,CA,Male
230,9,0.3010299956639812,Queen,UA,26,m,JP,Female
230,10,0.2890648263178879,Panda Bear,UA,26,m,US,Male
231,1,1.0,Emperor,RS,29,m,UK,Male
231,2,0.6309297535714575,Rush,RS,29,m,US,Male
231,3,0.5,Lisa Miskovsky,RS,29,m,SE,Female
231,4,0.43067655807339306,Bob Marley & The Wailers,RS,29,m,JM,Male
231,5,0.38685280723454163,The Kinks,RS,29,m,US,Male
231,6,0.3562071871080222,Rush,RS,29,m,US,Male
231,7,0.3333333333333333,Rush,RS,29,m,US,Male
231,8,0.31546487678572877,Devin Townsend,RS,29,m,CA,Male
231,9,0.3010299956639812,Queen,RS,29,m,JP,Female
231,10,0.2890648263178879,Tame Impala,RS,29,m,AU,Male
232,1,1.0,Kacey Musgraves,AT,26,m,US,Female
232,2,0.6309297535714575,Perturbator,AT,26,m,FR,Male
232,3,0.5,Machine Head,AT,26,m,JP,Male
232,4,0.43067655807339306,Ariana Grande,AT,26,m,US,Female
232,5,0.38685280723454163,Grimes,AT,26,m,CA,Female
232,6,0.3562071871080222,DJ Shadow,AT,26,m,US,Male
232,7,0.3333333333333333,Michael Jackson,AT,26,m,US,Male
232,8,0.31546487678572877,Lisa Miskovsky,AT,26,m,SE,Female
232,9,0.3010299956639812,Ariana Grande,AT,26,m,US,Female
232,10,0.2890648263178879,Noisestorm,AT,26,m,IE,Male
233,1,1.0,Vitalic,NL,20,m,FR,Male
233,2,0.6309297535714575,James Blake,NL,20,m,UK,Male
233,3,0.5,Perturbator,NL,20,m,FR,Male
233,4,0.43067655807339306,Noisestorm,NL,20,m,IE,Male
233,5,0.38685280723454163,Britney Spears,NL,20,m,US,Female
233,6,0.3562071871080222,J Balvin,NL,20,m,CO,Male
233,7,0.3333333333333333,Michael Jackson,NL,20,m,US,Male
233,8,0.31546487678572877,Lisa Miskovsky,NL,20,m,SE,Female
233,9,0.3010299956639812,Machine Head,NL,20,m,JP,Male
233,10,0.2890648263178879,Adele,NL,20,m,UK,Female
234,1,1.0,Machine Head,AU,30,m,JP,Male
234,2,0.6309297535714575,Ariana Grande,AU,30,m,US,Female
234,3,0.5,Frank Ocean,AU,30,m,US,Male
234,4,0.43067655807339306,Queen,AU,30,m,JP,Female
234,5,0.38685280723454163,Serj Tankian,AU,30,m,US,Male
234,6,0.3562071871080222,Rush,AU,30,m,US,Male
234,7,0.3333333333333333,Björk,AU,30,m,IS,Female
234,8,0.31546487678572877,Corinne Bailey Rae,AU,30,m,UK,Female
234,9,0.3010299956639812,Sia,AU,30,m,AU,Female
234,10,0.2890648263178879,Grimes,AU,30,m,CA,Female
235,1,1.0,Ariana Grande,DE,23,m,US,Female
235,2,0.6309297535714575,Beyoncé,DE,23,m,US,Female
235,3,0.5,Frank Ocean,DE,23,m,US,Male
235,4,0.43067655807339306,Grimes,DE,23,m,CA,Female
235,5,0.38685280723454163,Björk,DE,23,m,IS,Female
235,6,0.3562071871080222,Bob Marley & The Wailers,DE,23,m,JM,Male
235,7,0.3333333333333333,Carpenter Brut,DE,23,m,FR,Male
235,8,0.31546487678572877,John Cale,DE,23,m,US,Male
235,9,0.3010299956639812,Queen,DE,23,m,JP,Female
235,10,0.2890648263178879,Justin Timberlake,DE,23,m,US,Male
236,1,1.0,Toro y Moi,RU,22,f,US,Male
236,2,0.6309297535714575,Taylor Swift,RU,22,f,US,Female
236,3,0.5,Beyoncé,RU,22,f,US,Female
236,4,0.43067655807339306,Madonna,RU,22,f,US,Female
236,5,0.38685280723454163,James Blake,RU,22,f,UK,Male
236,6,0.3562071871080222,Ice Cube,RU,22,f,US,Male
236,7,0.3333333333333333,Rihanna,RU,22,f,UK,Female
236,8,0.31546487678572877,Shawn Mendes,RU,22,f,CA,Male
236,9,0.3010299956639812,Armin van Buuren,RU,22,f,NL,Male
236,10,0.2890648263178879,Jonathan Davis,RU,22,f,US,Male
237,1,1.0,Kacey Musgraves,CZ,21,m,US,Female
237,2,0.6309297535714575,Taylor Swift,CZ,21,m,US,Female
237,3,0.5,DJ Shadow,CZ,21,m,US,Male
237,4,0.43067655807339306,Madonna,CZ,21,m,US,Female
237,5,0.38685280723454163,Grimes,CZ,21,m,CA,Female
237,6,0.3562071871080222,Ariana Grande,CZ,21,m,US,Female
237,7,0.3333333333333333,Father John Misty,CZ,21,m,US,Male
237,8,0.31546487678572877,Michael Jackson,CZ,21,m,US,Male
237,9,0.3010299956639812,Tycho,CZ,21,m,US,Male
237,10,0.2890648263178879,Kelly Clarkson,CZ,21,m,US,Female
238,1,1.0,Beyoncé,PL,25,m,US,Female
238,2,0.6309297535714575,Kelis,PL,25,m,US,Female
238,3,0.5,Gwen Stefani,PL,25,m,US,Female
238,4,0.43067655807339306,James Blake,PL,25,m,UK,Male
238,5,0.38685280723454163,Noisestorm,PL,25,m,IE,Male
238,6,0.3562071871080222,Taylor Swift,PL,25,m,US,Female
238,7,0.3333333333333333,Madonna,PL,25,m,US,Female
238,8,0.31546487678572877,Ice Cube,PL,25,m,US,Male
238,9,0.3010299956639812,Lisa Miskovsky,PL,25,m,SE,Female
238,10,0.2890648263178879,Michael Jackson,PL,25,m,US,Male
239,1,1.0,Aaron Smith,NZ,39,m,US,Male
239,2,0.6309297535714575,Vitalic,NZ,39,m,FR,Male
239,3,0.5,Nik Kershaw,NZ,39,m,UK,Male
239,4,0.43067655807339306,Kelis,NZ,39,m,US,Female
239,5,0.38685280723454163,Machine Head,NZ,39,m,JP,Male
239,6,0.3562071871080222,Grimes,NZ,39,m,CA,Female
239,7,0.3333333333333333,Rod Stewart,NZ,39,m,UK,Male
239,8,0.31546487678572877,Perturbator,NZ,39,m,FR,Male
239,9,0.3010299956639812,Lisa Miskovsky,NZ,39,m,SE,Female
239,10,0.2890648263178879,Snail Mail,NZ,39,m,US,Female
240,1,1.0,James Bay,DE,25,m,UK,Male
240,2,0.6309297535714575,Five for Fighting,DE,25,m,US,Male
240,3,0.5,Ben Howard,DE,25,m,UK,Male
240,4,0.43067655807339306,Benjamin Booker,DE,25,m,US,Male
240,5,0.38685280723454163,Keith Urban,DE,25,m,AU,Male
240,6,0.3562071871080222,Charles Bolt,DE,25,m,US,Male
240,7,0.3333333333333333,Chet Baker,DE,25,m,US,Male
240,8,0.31546487678572877,Justin Timberlake,DE,25,m,US,Male
240,9,0.3010299956639812,Vira Talisa,DE,25,m,ID,Female
240,10,0.2890648263178879,James Arthur,DE,25,m,UK,Male
241,1,1.0,James Blake,TR,33,m,UK,Male
241,2,0.6309297535714575,Bob Marley & The Wailers,TR,33,m,JM,Male
241,3,0.5,Katy Perry,TR,33,m,US,Female
241,4,0.43067655807339306,Rush,TR,33,m,US,Male
241,5,0.38685280723454163,Mariah Carey,TR,33,m,US,Female
241,6,0.3562071871080222,Taylor Swift,TR,33,m,US,Female
241,7,0.3333333333333333,James Blake,TR,33,m,UK,Male
241,8,0.31546487678572877,Rihanna,TR,33,m,UK,Female
241,9,0.3010299956639812,Michael Jackson,TR,33,m,US,Male
241,10,0.2890648263178879,Troye Sivan,TR,33,m,AU,Male
242,1,1.0,Kelis,BR,26,m,US,Female
242,2,0.6309297535714575,Ariana Grande,BR,26,m,US,Female
242,3,0.5,Perturbator,BR,26,m,FR,Male
242,4,0.43067655807339306,Noisestorm,BR,26,m,IE,Male
242,5,0.38685280723454163,Tycho,BR,26,m,US,Male
242,6,0.3562071871080222,Lisa Miskovsky,BR,26,m,SE,Female
242,7,0.3333333333333333,Ariana Grande,BR,26,m,US,Female
242,8,0.31546487678572877,Rod Stewart,BR,26,m,UK,Male
242,9,0.3010299956639812,Grimes,BR,26,m,CA,Female
242,10,0.2890648263178879,Four Tet,BR,26,m,UK,Male
243,1,1.0,James Blake,FI,24,m,UK,Male
243,2,0.6309297535714575,Oliver Koletzki,FI,24,m,DE,Male
243,3,0.5,Klaas,FI,24,m,DE,Male
243,4,0.43067655807339306,Ed Sheeran,FI,24,m,UK,Male
243,5,0.38685280723454163,Chris Cornell,FI,24,m,US,Male
243,6,0.3562071871080222,Serj Tankian,FI,24,m,US,Male
243,7,0.3333333333333333,Ariana Grande,FI,24,m,US,Female
243,8,0.31546487678572877,Chelsea Wolfe,FI,24,m,US,Female
243,9,0.3010299956639812,Rihanna,FI,24,m,UK,Female
243,10,0.2890648263178879,Paul Stanley,FI,24,m,US,Male
245,1,1.0,Beyoncé,PL,22,m,US,Female
245,2,0.6309297535714575,Kelis,PL,22,m,US,Female
245,3,0.5,Madonna,PL,22,m,US,Female
245,4,0.43067655807339306,Taylor Swift,PL,22,m,US,Female
245,5,0.38685280723454163,Grimes,PL,22,m,CA,Female
245,6,0.3562071871080222,Kacey Musgraves,PL,22,m,US,Female
245,7,0.3333333333333333,DJ Shadow,PL,22,m,US,Male
245,8,0.31546487678572877,Shawn Mendes,PL,22,m,CA,Male
245,9,0.3010299956639812,Mr.Kitty,PL,22,m,US,Male
245,10,0.2890648263178879,Kelly Clarkson,PL,22,m,US,Female
246,1,1.0,James Blake,FI,28,m,UK,Male
246,2,0.6309297535714575,Britney Spears,FI,28,m,US,Female
246,3,0.5,Ariana Grande,FI,28,m,US,Female
246,4,0.43067655807339306,Perturbator,FI,28,m,FR,Male
246,5,0.38685280723454163,Kelis,FI,28,m,US,Female
246,6,0.3562071871080222,Gwen Stefani,FI,28,m,US,Female
246,7,0.3333333333333333,Beyoncé,FI,28,m,US,Female
246,8,0.31546487678572877,Michael Jackson,FI,28,m,US,Male
246,9,0.3010299956639812,Madonna,FI,28,m,US,Female
246,10,0.2890648263178879,Taylor Swift,FI,28,m,US,Female
247,1,1.0,Madonna,DE,43,m,US,Female
247,2,0.6309297535714575,Ariana Grande,DE,43,m,US,Female
247,3,0.5,DJ Shadow,DE,43,m,US,Male
247,4,0.43067655807339306,Kacey Musgraves,DE,43,m,US,Female
247,5,0.38685280723454163,Kelly Clarkson,DE,43,m,US,Female
247,6,0.3562071871080222,Grimes,DE,43,m,CA,Female
247,7,0.3333333333333333,Father John Misty,DE,43,m,US,Male
247,8,0.31546487678572877,Mr.Kitty,DE,43,m,US,Male
247,9,0.3010299956639812,Shawn Mendes,DE,43,m,CA,Male
247,10,0.2890648263178879,Ariana Grande,DE,43,m,US,Female
248,1,1.0,Bob Marley & The Wailers,US,26,m,JM,Male
248,2,0.6309297535714575,Dean Blunt,US,26,m,UK,Male
248,3,0.5,Taylor Swift,US,26,m,US,Female
248,4,0.43067655807339306,Adele,US,26,m,UK,Female
248,5,0.38685280723454163,Marilyn Manson,US,26,m,US,Male
248,6,0.3562071871080222,Ariana Grande,US,26,m,US,Female
248,7,0.3333333333333333,Leonard Cohen,US,26,m,CA,Male
248,8,0.31546487678572877,Mac DeMarco,US,26,m,CA,Male
248,9,0.3010299956639812,Queen,US,26,m,JP,Female
248,10,0.2890648263178879,Rush,US,26,m,US,Male
249,1,1.0,Gwen Stefani,TR,31,m,US,Female
249,2,0.6309297535714575,Kelis,TR,31,m,US,Female
249,3,0.5,Madonna,TR,31,m,US,Female
249,4,0.43067655807339306,Taylor Swift,TR,31,m,US,Female
249,5,0.38685280723454163,Noisestorm,TR,31,m,IE,Male
249,6,0.3562071871080222,Michael Jackson,TR,31,m,US,Male
249,7,0.3333333333333333,Ariana Grande,TR,31,m,US,Female
249,8,0.31546487678572877,Mr.Kitty,TR,31,m,US,Male
249,9,0.3010299956639812,Rod Stewart,TR,31,m,UK,Male
249,10,0.2890648263178879,Kelly Clarkson,TR,31,m,US,Female
250,1,1.0,Carpenter Brut,UA,26,m,FR,Male
250,2,0.6309297535714575,Ariana Grande,UA,26,m,US,Female
250,3,0.5,Aaron Smith,UA,26,m,US,Male
250,4,0.43067655807339306,Kelis,UA,26,m,US,Female
250,5,0.38685280723454163,Vitalic,UA,26,m,FR,Male
250,6,0.3562071871080222,Troye Sivan,UA,26,m,AU,Male
250,7,0.3333333333333333,Michael Jackson,UA,26,m,US,Male
250,8,0.31546487678572877,Thom Yorke,UA,26,m,UK,Male
250,9,0.3010299956639812,Rod Stewart,UA,26,m,UK,Male
250,10,0.2890648263178879,Perturbator,UA,26,m,FR,Male
251,1,1.0,Ariana Grande,DE,20,m,US,Female
251,2,0.6309297535714575,Shawn Mendes,DE,20,m,CA,Male
251,3,0.5,Ariana Grande,DE,20,m,US,Female
251,4,0.43067655807339306,Kacey Musgraves,DE,20,m,US,Female
251,5,0.38685280723454163,Jonathan Davis,DE,20,m,US,Male
251,6,0.3562071871080222,Grimes,DE,20,m,CA,Female
251,7,0.3333333333333333,Troye Sivan,DE,20,m,AU,Male
251,8,0.31546487678572877,James Arthur,DE,20,m,UK,Male
251,9,0.3010299956639812,Rihanna,DE,20,m,UK,Female
251,10,0.2890648263178879,Armin van Buuren,DE,20,m,NL,Male
252,1,1.0,Ry x,SE,21,m,AU,Male
252,2,0.6309297535714575,Perfume Genius,SE,21,m,US,Male
252,3,0.5,Pusha T,SE,21,m,US,Male
252,4,0.43067655807339306,Tame Impala,SE,21,m,AU,Male
252,5,0.38685280723454163,Anna Calvi,SE,21,m,UK,Female
252,6,0.3562071871080222,Devin Townsend,SE,21,m,CA,Male
252,7,0.3333333333333333,Ariana Grande,SE,21,m,US,Female
252,8,0.31546487678572877,Panda Bear,SE,21,m,US,Male
252,9,0.3010299956639812,Kendrick Lamar,SE,21,m,US,Male
252,10,0.2890648263178879,Gil Scott-Heron,SE,21,m,US,Male
253,1,1.0,Madonna,UK,19,m,US,Female
253,2,0.6309297535714575,Ice Cube,UK,19,m,US,Male
253,3,0.5,James Blake,UK,19,m,UK,Male
253,4,0.43067655807339306,Ariana Grande,UK,19,m,US,Female
253,5,0.38685280723454163,Lisa Miskovsky,UK,19,m,SE,Female
253,6,0.3562071871080222,Michael Jackson,UK,19,m,US,Male
253,7,0.3333333333333333,Kelly Clarkson,UK,19,m,US,Female
253,8,0.31546487678572877,Shawn Mendes,UK,19,m,CA,Male
253,9,0.3010299956639812,Ariana Grande,UK,19,m,US,Female
253,10,0.2890648263178879,Mr.Kitty,UK,19,m,US,Male
254,1,1.0,Perturbator,PL,25,f,FR,Male
254,2,0.6309297535714575,Ariana Grande,PL,25,f,US,Female
254,3,0.5,Noisestorm,PL,25,f,IE,Male
254,4,0.43067655807339306,DJ Shadow,PL,25,f,US,Male
254,5,0.38685280723454163,Kacey Musgraves,PL,25,f,US,Female
254,6,0.3562071871080222,Grimes,PL,25,f,CA,Female
254,7,0.3333333333333333,Michael Jackson,PL,25,f,US,Male
254,8,0.31546487678572877,Lisa Miskovsky,PL,25,f,SE,Female
254,9,0.3010299956639812,Kelly Clarkson,PL,25,f,US,Female
254,10,0.2890648263178879,Rod Stewart,PL,25,f,UK,Male
256,1,1.0,Adele,UK,24,m,UK,Female
256,2,0.6309297535714575,Perturbator,UK,24,m,FR,Male
256,3,0.5,Lisa Miskovsky,UK,24,m,SE,Female
256,4,0.43067655807339306,Ariana Grande,UK,24,m,US,Female
256,5,0.38685280723454163,Rihanna,UK,24,m,UK,Female
256,6,0.3562071871080222,Michael Jackson,UK,24,m,US,Male
256,7,0.3333333333333333,Rod Stewart,UK,24,m,UK,Male
256,8,0.31546487678572877,Noisestorm,UK,24,m,IE,Male
256,9,0.3010299956639812,Britney Spears,UK,24,m,US,Female
256,10,0.2890648263178879,Kelis,UK,24,m,US,Female
257,1,1.0,Blue Stahli,LT,23,m,US,Male
257,2,0.6309297535714575,Bob Marley & The Wailers,LT,23,m,JM,Male
257,3,0.5,Marilyn Manson,LT,23,m,US,Male
257,4,0.43067655807339306,Michael Sembello,LT,23,m,US,Male
257,5,0.38685280723454163,Carpenter Brut,LT,23,m,FR,Male
257,6,0.3562071871080222,Ozzy Osbourne,LT,23,m,UK,Male
257,7,0.3333333333333333,Carpenter Brut,LT,23,m,FR,Male
257,8,0.31546487678572877,Rush,LT,23,m,US,Male
257,9,0.3010299956639812,Rush,LT,23,m,US,Male
257,10,0.2890648263178879,Devin Townsend,LT,23,m,CA,Male
258,1,1.0,Michael Jackson,FI,20,f,US,Male
258,2,0.6309297535714575,Adele,FI,20,f,UK,Female
258,3,0.5,Paula Abdul,FI,20,f,US,Female
258,4,0.43067655807339306,Bob Marley & The Wailers,FI,20,f,JM,Male
258,5,0.38685280723454163,Norah Jones,FI,20,f,US,Female
258,6,0.3562071871080222,Rihanna,FI,20,f,UK,Female
258,7,0.3333333333333333,Beyoncé,FI,20,f,US,Female
258,8,0.31546487678572877,Serj Tankian,FI,20,f,US,Male
258,9,0.3010299956639812,Britney Spears,FI,20,f,US,Female
258,10,0.2890648263178879,Carpenter Brut,FI,20,f,FR,Male
259,1,1.0,Beyoncé,BG,26,m,US,Female
259,2,0.6309297535714575,Rihanna,BG,26,m,UK,Female
259,3,0.5,Ariana Grande,BG,26,m,US,Female
259,4,0.43067655807339306,Kelis,BG,26,m,US,Female
259,5,0.38685280723454163,Ariana Grande,BG,26,m,US,Female
259,6,0.3562071871080222,Gwen Stefani,BG,26,m,US,Female
259,7,0.3333333333333333,Madonna,BG,26,m,US,Female
259,8,0.31546487678572877,Taylor Swift,BG,26,m,US,Female
259,9,0.3010299956639812,Grimes,BG,26,m,CA,Female
259,10,0.2890648263178879,Michael Jackson,BG,26,m,US,Male
261,1,1.0,Bob Marley & The Wailers,RO,28,m,JM,Male
261,2,0.6309297535714575,Rush,RO,28,m,US,Male
261,3,0.5,Aaron Smith,RO,28,m,US,Male
261,4,0.43067655807339306,Troye Sivan,RO,28,m,AU,Male
261,5,0.38685280723454163,Carpenter Brut,RO,28,m,FR,Male
261,6,0.3562071871080222,James Blake,RO,28,m,UK,Male
261,7,0.3333333333333333,Toro y Moi,RO,28,m,US,Male
261,8,0.31546487678572877,Sia,RO,28,m,AU,Female
261,9,0.3010299956639812,Lorde,RO,28,m,NZ,Female
261,10,0.2890648263178879,James Blake,RO,28,m,UK,Male
262,1,1.0,Leonard Cohen,PL,41,m,CA,Male
262,2,0.6309297535714575,Nick Drake,PL,41,m,UK,Male
262,3,0.5,Dean Blunt,PL,41,m,UK,Male
262,4,0.43067655807339306,Grouper,PL,41,m,US,Female
262,5,0.38685280723454163,Bob Marley & The Wailers,PL,41,m,JM,Male
262,6,0.3562071871080222,Robyn,PL,41,m,SE,Female
262,7,0.3333333333333333,Tame Impala,PL,41,m,AU,Male
262,8,0.31546487678572877,Ozzy Osbourne,PL,41,m,UK,Male
262,9,0.3010299956639812,Sufjan Stevens,PL,41,m,US,Male
262,10,0.2890648263178879,Rihanna,PL,41,m,UK,Female
263,1,1.0,Grouper,CZ,35,m,US,Female
263,2,0.6309297535714575,Earl Sweatshirt,CZ,35,m,US,Male
263,3,0.5,Kevin Morby,CZ,35,m,US,Male
263,4,0.43067655807339306,Bob Marley & The Wailers,CZ,35,m,JM,Male
263,5,0.38685280723454163,Nick Drake,CZ,35,m,UK,Male
263,6,0.3562071871080222,Taylor Swift,CZ,35,m,US,Female
263,7,0.3333333333333333,Caribou,CZ,35,m,CA,Male
263,8,0.31546487678572877,Bill Callahan,CZ,35,m,US,Male
263,9,0.3010299956639812,Marilyn Manson,CZ,35,m,US,Male
263,10,0.2890648263178879,Dean Blunt,CZ,35,m,UK,Male
264,1,1.0,Vitalic,CZ,23,m,FR,Male
264,2,0.6309297535714575,Ariana Grande,CZ,23,m,US,Female
264,3,0.5,Machine Head,CZ,23,m,JP,Male
264,4,0.43067655807339306,Noisestorm,CZ,23,m,IE,Male
264,5,0.38685280723454163,Perturbator,CZ,23,m,FR,Male
264,6,0.3562071871080222,Kelly Clarkson,CZ,23,m,US,Female
264,7,0.3333333333333333,Ariana Grande,CZ,23,m,US,Female
264,8,0.31546487678572877,Troye Sivan,CZ,23,m,AU,Male
264,9,0.3010299956639812,Rihanna,CZ,23,m,UK,Female
264,10,0.2890648263178879,Michael Jackson,CZ,23,m,US,Male
265,1,1.0,Robyn,US,25,m,SE,Female
265,2,0.6309297535714575,Daniel Avery,US,25,m,UK,Male
265,3,0.5,Kevin Morby,US,25,m,US,Male
265,4,0.43067655807339306,Dean Blunt,US,25,m,UK,Male
265,5,0.38685280723454163,Kanye West,US,25,m,US,Male
265,6,0.3562071871080222,Lana Del Rey,US,25,m,US,Female
265,7,0.3333333333333333,Leonard Cohen,US,25,m,CA,Male
265,8,0.31546487678572877,M. Ward,US,25,m,US,Male
265,9,0.3010299956639812,Michael Sembello,US,25,m,US,Male
265,10,0.2890648263178879,Perfume Genius,US,25,m,US,Male
266,1,1.0,Queen,ES,27,m,JP,Female
266,2,0.6309297535714575,Ry x,ES,27,m,AU,Male
266,3,0.5,Bob Marley & The Wailers,ES,27,m,JM,Male
266,4,0.43067655807339306,Björk,ES,27,m,IS,Female
266,5,0.38685280723454163,Devin Townsend,ES,27,m,CA,Male
266,6,0.3562071871080222,Oneohtrix Point Never,ES,27,m,US,Male
266,7,0.3333333333333333,Grouper,ES,27,m,US,Female
266,8,0.31546487678572877,Earl Sweatshirt,ES,27,m,US,Male
266,9,0.3010299956639812,Adele,ES,27,m,UK,Female
266,10,0.2890648263178879,Lana Del Rey,ES,27,m,US,Female
267,1,1.0,Vitalic,PL,28,m,FR,Male
267,2,0.6309297535714575,Troye Sivan,PL,28,m,AU,Male
267,3,0.5,Perturbator,PL,28,m,FR,Male
267,4,0.43067655807339306,Machine Head,PL,28,m,JP,Male
267,5,0.38685280723454163,James Blake,PL,28,m,UK,Male
267,6,0.3562071871080222,Justin Timberlake,PL,28,m,US,Male
267,7,0.3333333333333333,Lorde,PL,28,m,NZ,Female
267,8,0.31546487678572877,Sia,PL,28,m,AU,Female
267,9,0.3010299956639812,Michael Jackson,PL,28,m,US,Male
267,10,0.2890648263178879,Noisestorm,PL,28,m,IE,Male
268,1,1.0,Beyoncé,CO,33,m,US,Female
268,2,0.6309297535714575,Gwen Stefani,CO,33,m,US,Female
268,3,0.5,Kelis,CO,33,m,US,Female
268,4,0.43067655807339306,Madonna,CO,33,m,US,Female
268,5,0.38685280723454163,Jonathan Davis,CO,33,m,US,Male
268,6,0.3562071871080222,Taylor Swift,CO,33,m,US,Female
268,7,0.3333333333333333,Mr.Kitty,CO,33,m,US,Male
268,8,0.31546487678572877,Moby,CO,33,m,US,Male
268,9,0.3010299956639812,Shawn Mendes,CO,33,m,CA,Male
268,10,0.2890648263178879,Moby,CO,33,m,US,Male
269,1,1.0,Kelis,UK,22,m,US,Female
269,2,0.6309297535714575,Gwen Stefani,UK,22,m,US,Female
269,3,0.5,Noisestorm,UK,22,m,IE,Male
269,4,0.43067655807339306,Perturbator,UK,22,m,FR,Male
269,5,0.38685280723454163,Madonna,UK,22,m,US,Female
269,6,0.3562071871080222,Ariana Grande,UK,22,m,US,Female
269,7,0.3333333333333333,Michael Jackson,UK,22,m,US,Male
269,8,0.31546487678572877,Mr.Kitty,UK,22,m,US,Male
269,9,0.3010299956639812,Ariana Grande,UK,22,m,US,Female
269,10,0.2890648263178879,Kelly Clarkson,UK,22,m,US,Female
270,1,1.0,Vitalic,PL,23,f,FR,Male
270,2,0.6309297535714575,Ariana Grande,PL,23,f,US,Female
270,3,0.5,Rihanna,PL,23,f,UK,Female
270,4,0.43067655807339306,Michael Jackson,PL,23,f,US,Male
270,5,0.38685280723454163,Ariana Grande,PL,23,f,US,Female
270,6,0.3562071871080222,Perturbator,PL,23,f,FR,Male
270,7,0.3333333333333333,Kacey Musgraves,PL,23,f,US,Female
270,8,0.31546487678572877,Troye Sivan,PL,23,f,AU,Male
270,9,0.3010299956639812,Machine Head,PL,23,f,JP,Male
270,10,0.2890648263178879,Shawn Mendes,PL,23,f,CA,Male
271,1,1.0,Michael Jackson,BE,38,m,US,Male
271,2,0.6309297535714575,Beyoncé,BE,38,m,US,Female
271,3,0.5,Perturbator,BE,38,m,FR,Male
271,4,0.43067655807339306,Madonna,BE,38,m,US,Female
271,5,0.38685280723454163,Lisa Miskovsky,BE,38,m,SE,Female
271,6,0.3562071871080222,Taylor Swift,BE,38,m,US,Female
271,7,0.3333333333333333,Gwen Stefani,BE,38,m,US,Female
271,8,0.31546487678572877,Kelis,BE,38,m,US,Female
271,9,0.3010299956639812,Grimes,BE,38,m,CA,Female
271,10,0.2890648263178879,Moby,BE,38,m,US,Male
272,1,1.0,Rush,UK,29,m,US,Male
272,2,0.6309297535714575,Aaron Smith,UK,29,m,US,Male
272,3,0.5,Grimes,UK,29,m,CA,Female
272,4,0.43067655807339306,Machine Head,UK,29,m,JP,Male
272,5,0.38685280723454163,Vitalic,UK,29,m,FR,Male
272,6,0.3562071871080222,Nik Kershaw,UK,29,m,UK,Male
272,7,0.3333333333333333,Four Tet,UK,29,m,UK,Male
272,8,0.31546487678572877,Kelis,UK,29,m,US,Female
272,9,0.3010299956639812,Madonna,UK,29,m,US,Female
272,10,0.2890648263178879,Perturbator,UK,29,m,FR,Male
273,1,1.0,Ariana Grande,PE,27,f,US,Female
273,2,0.6309297535714575,Beyoncé,PE,27,f,US,Female
273,3,0.5,Adele,PE,27,f,UK,Female
273,4,0.43067655807339306,Taylor Swift,PE,27,f,US,Female
273,5,0.38685280723454163,Sharon Van Etten,PE,27,f,US,Female
273,6,0.3562071871080222,Leonard Cohen,PE,27,f,CA,Male
273,7,0.3333333333333333,Dean Blunt,PE,27,f,UK,Male
273,8,0.31546487678572877,Carpenter Brut,PE,27,f,FR,Male
273,9,0.3010299956639812,Seal,PE,27,f,UK,Male
273,10,0.2890648263178879,Moby,PE,27,f,US,Male
274,1,1.0,Rihanna,DE,24,m,UK,Female
274,2,0.6309297535714575,James Blake,DE,24,m,UK,Male
274,3,0.5,Britney Spears,DE,24,m,US,Female
274,4,0.43067655807339306,Ariana Grande,DE,24,m,US,Female
274,5,0.38685280723454163,Ice Cube,DE,24,m,US,Male
274,6,0.3562071871080222,Beyoncé,DE,24,m,US,Female
274,7,0.3333333333333333,Kelis,DE,24,m,US,Female
274,8,0.31546487678572877,Gwen Stefani,DE,24,m,US,Female
274,9,0.3010299956639812,Michael Jackson,DE,24,m,US,Male
274,10,0.2890648263178879,James Blake,DE,24,m,UK,Male
275,1,1.0,Rihanna,UK,39,m,UK,Female
275,2,0.6309297535714575,Kacey Musgraves,UK,39,m,US,Female
275,3,0.5,Aaron Smith,UK,39,m,US,Male
275,4,0.43067655807339306,Nik Kershaw,UK,39,m,UK,Male
275,5,0.38685280723454163,Madonna,UK,39,m,US,Female
275,6,0.3562071871080222,Ariana Grande,UK,39,m,US,Female
275,7,0.3333333333333333,Kelis,UK,39,m,US,Female
275,8,0.31546487678572877,Gwen Stefani,UK,39,m,US,Female
275,9,0.3010299956639812,Taylor Swift,UK,39,m,US,Female
275,10,0.2890648263178879,Father John Misty,UK,39,m,US,Male
276,1,1.0,Grimes,NO,27,m,CA,Female
276,2,0.6309297535714575,Aaron Smith,NO,27,m,US,Male
276,3,0.5,Kelis,NO,27,m,US,Female
276,4,0.43067655807339306,Tycho,NO,27,m,US,Male
276,5,0.38685280723454163,Grimes,NO,27,m,CA,Female
276,6,0.3562071871080222,Nik Kershaw,NO,27,m,UK,Male
276,7,0.3333333333333333,Thom Yorke,NO,27,m,UK,Male
276,8,0.31546487678572877,Aldous Harding,NO,27,m,NZ,Female
276,9,0.3010299956639812,Vitalic,NO,27,m,FR,Male
276,10,0.2890648263178879,Toro y Moi,NO,27,m,US,Male
277,1,1.0,Ozzy Osbourne,PL,28,m,UK,Male
277,2,0.6309297535714575,Queen,PL,28,m,JP,Female
277,3,0.5,Mayhem,PL,28,m,CA,Female
277,4,0.43067655807339306,Ozzy Osbourne,PL,28,m,UK,Male
277,5,0.38685280723454163,Moby,PL,28,m,US,Male
277,6,0.3562071871080222,Frank Zappa,PL,28,m,US,Male
277,7,0.3333333333333333,Laura Branigan,PL,28,m,US,Female
277,8,0.31546487678572877,Paul McCartney,PL,28,m,UK,Male
277,9,0.3010299956639812,Queen,PL,28,m,JP,Female
277,10,0.2890648263178879,oOoOO,PL,28,m,US,Male
278,1,1.0,Paula Abdul,FI,25,m,US,Female
278,2,0.6309297535714575,Adele,FI,25,m,UK,Female
278,3,0.5,Noisestorm,FI,25,m,IE,Male
278,4,0.43067655807339306,James Blake,FI,25,m,UK,Male
278,5,0.38685280723454163,Michael Jackson,FI,25,m,US,Male
278,6,0.3562071871080222,Jonathan Davis,FI,25,m,US,Male
278,7,0.3333333333333333,Ariana Grande,FI,25,m,US,Female
278,8,0.31546487678572877,Moby,FI,25,m,US,Male
278,9,0.3010299956639812,Rihanna,FI,25,m,UK,Female
278,10,0.2890648263178879,DJ Shadow,FI,25,m,US,Male
279,1,1.0,Toro y Moi,BR,27,f,US,Male
279,2,0.6309297535714575,Carpenter Brut,BR,27,f,FR,Male
279,3,0.5,Blue Stahli,BR,27,f,US,Male
279,4,0.43067655807339306,Marilyn Manson,BR,27,f,US,Male
279,5,0.38685280723454163,Bob Marley & The Wailers,BR,27,f,JM,Male
279,6,0.3562071871080222,Queen,BR,27,f,JP,Female
279,7,0.3333333333333333,Michael Jackson,BR,27,f,US,Male
279,8,0.31546487678572877,Serj Tankian,BR,27,f,US,Male
279,9,0.3010299956639812,Devin Townsend,BR,27,f,CA,Male
279,10,0.2890648263178879,Rihanna,BR,27,f,UK,Female
280,1,1.0,Grimes,RU,27,m,CA,Female
280,2,0.6309297535714575,Daniel Avery,RU,27,m,UK,Male
280,3,0.5,Weyes Blood,RU,27,m,US,Female
280,4,0.43067655807339306,Caribou,RU,27,m,CA,Male
280,5,0.38685280723454163,Björk,RU,27,m,IS,Female
280,6,0.3562071871080222,Frank Ocean,RU,27,m,US,Male
280,7,0.3333333333333333,Earl Sweatshirt,RU,27,m,US,Male
280,8,0.31546487678572877,Grouper,RU,27,m,US,Female
280,9,0.3010299956639812,Nick Drake,RU,27,m,UK,Male
280,10,0.2890648263178879,Kevin Morby,RU,27,m,US,Male
281,1,1.0,Anna Calvi,UK,23,m,UK,Female
281,2,0.6309297535714575,Pusha T,UK,23,m,US,Male
281,3,0.5,Chuck Berry,UK,23,m,US,Male
281,4,0.43067655807339306,Kanye West,UK,23,m,US,Male
281,5,0.38685280723454163,Haddaway,UK,23,m,DE,Male
281,6,0.3562071871080222,Perfume Genius,UK,23,m,US,Male
281,7,0.3333333333333333,Devin Townsend,UK,23,m,CA,Male
281,8,0.31546487678572877,Ariana Grande,UK,23,m,US,Female
281,9,0.3010299956639812,Nick Drake,UK,23,m,UK,Male
281,10,0.2890648263178879,Avril Lavigne,UK,23,m,CA,Female
282,1,1.0,Ariana Grande,UK,28,m,US,Female
282,2,0.6309297535714575,Rihanna,UK,28,m,UK,Female
282,3,0.5,Ariana Grande,UK,28,m,US,Female
282,4,0.43067655807339306,James Blake,UK,28,m,UK,Male
282,5,0.38685280723454163,Britney Spears,UK,28,m,US,Female
282,6,0.3562071871080222,Kelis,UK,28,m,US,Female
282,7,0.3333333333333333,Beyoncé,UK,28,m,US,Female
282,8,0.31546487678572877,Jonathan Davis,UK,28,m,US,Male
282,9,0.3010299956639812,Gwen Stefani,UK,28,m,US,Female
282,10,0.2890648263178879,Madonna,UK,28,m,US,Female
284,1,1.0,Madonna,DE,22,m,US,Female
284,2,0.6309297535714575,Shawn Mendes,DE,22,m,CA,Male
284,3,0.5,Ariana Grande,DE,22,m,US,Female
284,4,0.43067655807339306,Armin van Buuren,DE,22,m,NL,Male
284,5,0.38685280723454163,James Arthur,DE,22,m,UK,Male
284,6,0.3562071871080222,IAMX,DE,22,m,DE,Male
284,7,0.3333333333333333,DJ Shadow,DE,22,m,US,Male
284,8,0.31546487678572877,Ed Sheeran,DE,22,m,UK,Male
284,9,0.3010299956639812,Moby,DE,22,m,US,Male
284,10,0.2890648263178879,Ariana Grande,DE,22,m,US,Female
286,1,1.0,Machine Head,AU,21,m,JP,Male
286,2,0.6309297535714575,Kelis,AU,21,m,US,Female
286,3,0.5,Taylor Swift,AU,21,m,US,Female
286,4,0.43067655807339306,Madonna,AU,21,m,US,Female
286,5,0.38685280723454163,Noisestorm,AU,21,m,IE,Male
286,6,0.3562071871080222,Ariana Grande,AU,21,m,US,Female
286,7,0.3333333333333333,Lisa Miskovsky,AU,21,m,SE,Female
286,8,0.31546487678572877,Michael Jackson,AU,21,m,US,Male
286,9,0.3010299956639812,Tycho,AU,21,m,US,Male
286,10,0.2890648263178879,Rod Stewart,AU,21,m,UK,Male
287,1,1.0,Chuck Berry,BR,21,m,US,Male
287,2,0.6309297535714575,Moby,BR,21,m,US,Male
287,3,0.5,Billy Joel,BR,21,m,US,Male
287,4,0.43067655807339306,Edwyn Collins,BR,21,m,UK,Male
287,5,0.38685280723454163,Toro y Moi,BR,21,m,US,Male
287,6,0.3562071871080222,Michael Sembello,BR,21,m,US,Male
287,7,0.3333333333333333,Eric Clapton,BR,21,m,UK,Male
287,8,0.31546487678572877,Queen,BR,21,m,JP,Female
287,9,0.3010299956639812,Ed Sheeran,BR,21,m,UK,Male
287,10,0.2890648263178879,Cartola,BR,21,m,BR,Male
288,1,1.0,Ariana Grande,CA,22,m,US,Female
288,2,0.6309297535714575,Kelis,CA,22,m,US,Female
288,3,0.5,Beyoncé,CA,22,m,US,Female
288,4,0.43067655807339306,Toro y Moi,CA,22,m,US,Male
288,5,0.38685280723454163,Taylor Swift,CA,22,m,US,Female
288,6,0.3562071871080222,James Blake,CA,22,m,UK,Male
288,7,0.3333333333333333,Madonna,CA,22,m,US,Female
288,8,0.31546487678572877,Ariana Grande,CA,22,m,US,Female
288,9,0.3010299956639812,Ice Cube,CA,22,m,US,Male
288,10,0.2890648263178879,Michael Jackson,CA,22,m,US,Male
289,1,1.0,Madonna,BY,25,m,US,Female
289,2,0.6309297535714575,Michael Jackson,BY,25,m,US,Male
289,3,0.5,Lisa Miskovsky,BY,25,m,SE,Female
289,4,0.43067655807339306,Kelly Clarkson,BY,25,m,US,Female
289,5,0.38685280723454163,Shawn Mendes,BY,25,m,CA,Male
289,6,0.3562071871080222,Ariana Grande,BY,25,m,US,Female
289,7,0.3333333333333333,Rod Stewart,BY,25,m,UK,Male
289,8,0.31546487678572877,DJ Shadow,BY,25,m,US,Male
289,9,0.3010299956639812,Mr.Kitty,BY,25,m,US,Male
289,10,0.2890648263178879,Rihanna,BY,25,m,UK,Female
290,1,1.0,Toro y Moi,ID,25,f,US,Male
290,2,0.6309297535714575,James Blake,ID,25,f,UK,Male
290,3,0.5,Madonna,ID,25,f,US,Female
290,4,0.43067655807339306,Ariana Grande,ID,25,f,US,Female
290,5,0.38685280723454163,Noisestorm,ID,25,f,IE,Male
290,6,0.3562071871080222,Machine Head,ID,25,f,JP,Male
290,7,0.3333333333333333,Ice Cube,ID,25,f,US,Male
290,8,0.31546487678572877,James Blake,ID,25,f,UK,Male
290,9,0.3010299956639812,Michael Jackson,ID,25,f,US,Male
290,10,0.2890648263178879,Ariana Grande,ID,25,f,US,Female
291,1,1.0,Noisestorm,NL,32,m,IE,Male
291,2,0.6309297535714575,Beyoncé,NL,32,m,US,Female
291,3,0.5,James Blake,NL,32,m,UK,Male
291,4,0.43067655807339306,Madonna,NL,32,m,US,Female
291,5,0.38685280723454163,Machine Head,NL,32,m,JP,Male
291,6,0.3562071871080222,Michael Jackson,NL,32,m,US,Male
291,7,0.3333333333333333,Kelly Clarkson,NL,32,m,US,Female
291,8,0.31546487678572877,Armin van Buuren,NL,32,m,NL,Male
291,9,0.3010299956639812,Ice Cube,NL,32,m,US,Male
291,10,0.2890648263178879,Rod Stewart,NL,32,m,UK,Male
292,1,1.0,John Mayer,SI,19,m,IN,Male
292,2,0.6309297535714575,Norah Jones,SI,19,m,US,Female
292,3,0.5,Lisa Miskovsky,SI,19,m,SE,Female
292,4,0.43067655807339306,Adele,SI,19,m,UK,Female
292,5,0.38685280723454163,Perturbator,SI,19,m,FR,Male
292,6,0.3562071871080222,Nik Kershaw,SI,19,m,UK,Male
292,7,0.3333333333333333,Paula Abdul,SI,19,m,US,Female
292,8,0.31546487678572877,Mayhem,SI,19,m,CA,Female
292,9,0.3010299956639812,Ariana Grande,SI,19,m,US,Female
292,10,0.2890648263178879,Travis Scott,SI,19,m,US,Male
293,1,1.0,Vanessa Carlton,FI,30,m,US,Female
293,2,0.6309297535714575,John Mayer,FI,30,m,IN,Male
293,3,0.5,Norah Jones,FI,30,m,US,Female
293,4,0.43067655807339306,Ariana Grande,FI,30,m,US,Female
293,5,0.38685280723454163,Adele,FI,30,m,UK,Female
293,6,0.3562071871080222,Lisa Miskovsky,FI,30,m,SE,Female
293,7,0.3333333333333333,Adele,FI,30,m,UK,Female
293,8,0.31546487678572877,Janelle Monáe,FI,30,m,US,Non-binary
293,9,0.3010299956639812,Toro y Moi,FI,30,m,US,Male
293,10,0.2890648263178879,Nik Kershaw,FI,30,m,UK,Male
294,1,1.0,Beyoncé,FI,21,m,US,Female
294,2,0.6309297535714575,Vitalic,FI,21,m,FR,Male
294,3,0.5,Nik Kershaw,FI,21,m,UK,Male
294,4,0.43067655807339306,Madonna,FI,21,m,US,Female
294,5,0.38685280723454163,Toro y Moi,FI,21,m,US,Male
294,6,0.3562071871080222,Perturbator,FI,21,m,FR,Male
294,7,0.3333333333333333,James Blake,FI,21,m,UK,Male
294,8,0.31546487678572877,Ariana Grande,FI,21,m,US,Female
294,9,0.3010299956639812,Noisestorm,FI,21,m,IE,Male
294,10,0.2890648263178879,Machine Head,FI,21,m,JP,Male
295,1,1.0,Grimes,BG,19,f,CA,Female
295,2,0.6309297535714575,John Mayer,BG,19,f,IN,Male
295,3,0.5,Edwyn Collins,BG,19,f,UK,Male
295,4,0.43067655807339306,Michael Sembello,BG,19,f,US,Male
295,5,0.38685280723454163,Bryan Adams,BG,19,f,CA,Male
295,6,0.3562071871080222,Queen,BG,19,f,JP,Female
295,7,0.3333333333333333,Bob Marley & The Wailers,BG,19,f,JM,Male
295,8,0.31546487678572877,Grimes,BG,19,f,CA,Female
295,9,0.3010299956639812,Moby,BG,19,f,US,Male
295,10,0.2890648263178879,Eminem,BG,19,f,US,Male
296,1,1.0,Adrianne Lenker,NL,23,m,US,Female
296,2,0.6309297535714575,Kanye West,NL,23,m,US,Male
296,3,0.5,Grouper,NL,23,m,US,Female
296,4,0.43067655807339306,King Krule,NL,23,m,UK,Male
296,5,0.38685280723454163,Jay Reatard,NL,23,m,US,Male
296,6,0.3562071871080222,Waxahatchee,NL,23,m,US,Female
296,7,0.3333333333333333,Laura Marling,NL,23,m,UK,Female
296,8,0.31546487678572877,Julee Cruise,NL,23,m,US,Female
296,9,0.3010299956639812,Lil Nas X,NL,23,m,US,Male
296,10,0.2890648263178879,My Brightest Diamond,NL,23,m,US,Female
297,1,1.0,Ariana Grande,US,23,m,US,Female
297,2,0.6309297535714575,Haddaway,US,23,m,DE,Male
297,3,0.5,Beyoncé,US,23,m,US,Female
297,4,0.43067655807339306,Ariana Grande,US,23,m,US,Female
297,5,0.38685280723454163,Devin Townsend,US,23,m,CA,Male
297,6,0.3562071871080222,Anna Calvi,US,23,m,UK,Female
297,7,0.3333333333333333,Ariana Grande,US,23,m,US,Female
297,8,0.31546487678572877,John Mayer,US,23,m,IN,Male
297,9,0.3010299956639812,Roy Orbison,US,23,m,US,Male
297,10,0.2890648263178879,Queen,US,23,m,JP,Female
299,1,1.0,Madonna,AU,24,m,US,Female
299,2,0.6309297535714575,Ice Cube,AU,24,m,US,Male
299,3,0.5,Perturbator,AU,24,m,FR,Male
299,4,0.43067655807339306,Michael Jackson,AU,24,m,US,Male
299,5,0.38685280723454163,DJ Shadow,AU,24,m,US,Male
299,6,0.3562071871080222,Lisa Miskovsky,AU,24,m,SE,Female
299,7,0.3333333333333333,Ariana Grande,AU,24,m,US,Female
299,8,0.31546487678572877,Grimes,AU,24,m,CA,Female
299,9,0.3010299956639812,Noisestorm,AU,24,m,IE,Male
299,10,0.2890648263178879,Kacey Musgraves,AU,24,m,US,Female
300,1,1.0,AFI,PL,24,f,US,Female
300,2,0.6309297535714575,Pusha T,PL,24,f,US,Male
300,3,0.5,Tame Impala,PL,24,f,AU,Male
300,4,0.43067655807339306,Laura Branigan,PL,24,f,US,Female
300,5,0.38685280723454163,Britney Spears,PL,24,f,US,Female
300,6,0.3562071871080222,Perfume Genius,PL,24,f,US,Male
300,7,0.3333333333333333,Anna Calvi,PL,24,f,UK,Female
300,8,0.31546487678572877,Nick Drake,PL,24,f,UK,Male
300,9,0.3010299956639812,Kendrick Lamar,PL,24,f,US,Male
300,10,0.2890648263178879,Elliott Smith,PL,24,f,US,Male
301,1,1.0,Aaron Smith,UK,21,m,US,Male
301,2,0.6309297535714575,Vitalic,UK,21,m,FR,Male
301,3,0.5,Ariana Grande,UK,21,m,US,Female
301,4,0.43067655807339306,Machine Head,UK,21,m,JP,Male
301,5,0.38685280723454163,Perturbator,UK,21,m,FR,Male
301,6,0.3562071871080222,Shawn Mendes,UK,21,m,CA,Male
301,7,0.3333333333333333,Michael Jackson,UK,21,m,US,Male
301,8,0.31546487678572877,Thom Yorke,UK,21,m,UK,Male
301,9,0.3010299956639812,Troye Sivan,UK,21,m,AU,Male
301,10,0.2890648263178879,Rihanna,UK,21,m,UK,Female
302,1,1.0,Earl Sweatshirt,PL,22,m,US,Male
302,2,0.6309297535714575,Daniel Avery,PL,22,m,UK,Male
302,3,0.5,Haddaway,PL,22,m,DE,Male
302,4,0.43067655807339306,Dean Blunt,PL,22,m,UK,Male
302,5,0.38685280723454163,Caribou,PL,22,m,CA,Male
302,6,0.3562071871080222,Britney Spears,PL,22,m,US,Female
302,7,0.3333333333333333,Avril Lavigne,PL,22,m,CA,Female
302,8,0.31546487678572877,Leonard Cohen,PL,22,m,CA,Male
302,9,0.3010299956639812,Sharon Van Etten,PL,22,m,US,Female
302,10,0.2890648263178879,Ariana Grande,PL,22,m,US,Female
303,1,1.0,Nik Kershaw,RU,25,f,UK,Male
303,2,0.6309297535714575,Perturbator,RU,25,f,FR,Male
303,3,0.5,Lisa Miskovsky,RU,25,f,SE,Female
303,4,0.43067655807339306,Paula Abdul,RU,25,f,US,Female
303,5,0.38685280723454163,Toro y Moi,RU,25,f,US,Male
303,6,0.3562071871080222,Britney Spears,RU,25,f,US,Female
303,7,0.3333333333333333,Queen,RU,25,f,JP,Female
303,8,0.31546487678572877,Adele,RU,25,f,UK,Female
303,9,0.3010299956639812,Noisestorm,RU,25,f,IE,Male
303,10,0.2890648263178879,Britney Spears,RU,25,f,US,Female
304,1,1.0,Beyoncé,BR,20,m,US,Female
304,2,0.6309297535714575,James Blake,BR,20,m,UK,Male
304,3,0.5,Toro y Moi,BR,20,m,US,Male
304,4,0.43067655807339306,James Blake,BR,20,m,UK,Male
304,5,0.38685280723454163,Perturbator,BR,20,m,FR,Male
304,6,0.3562071871080222,Ariana Grande,BR,20,m,US,Female
304,7,0.3333333333333333,Ice Cube,BR,20,m,US,Male
304,8,0.31546487678572877,Noisestorm,BR,20,m,IE,Male
304,9,0.3010299956639812,Michael Jackson,BR,20,m,US,Male
304,10,0.2890648263178879,Ariana Grande,BR,20,m,US,Female
305,1,1.0,Vitalic,DE,26,f,FR,Male
305,2,0.6309297535714575,Beyoncé,DE,26,f,US,Female
305,3,0.5,Nik Kershaw,DE,26,f,UK,Male
305,4,0.43067655807339306,Rihanna,DE,26,f,UK,Female
305,5,0.38685280723454163,Machine Head,DE,26,f,JP,Male
305,6,0.3562071871080222,Snail Mail,DE,26,f,US,Female
305,7,0.3333333333333333,Britney Spears,DE,26,f,US,Female
305,8,0.31546487678572877,Norah Jones,DE,26,f,US,Female
305,9,0.3010299956639812,Kurt Vile,DE,26,f,US,Male
305,10,0.2890648263178879,Perturbator,DE,26,f,FR,Male
306,1,1.0,Troye Sivan,FI,19,f,AU,Male
306,2,0.6309297535714575,Sia,FI,19,f,AU,Female
306,3,0.5,Ariana Grande,FI,19,f,US,Female
306,4,0.43067655807339306,Bob Marley & The Wailers,FI,19,f,JM,Male
306,5,0.38685280723454163,Mariah Carey,FI,19,f,US,Female
306,6,0.3562071871080222,Jennifer Lopez,FI,19,f,US,Female
306,7,0.3333333333333333,Michael Jackson,FI,19,f,US,Male
306,8,0.31546487678572877,Serj Tankian,FI,19,f,US,Male
306,9,0.3010299956639812,Lorde,FI,19,f,NZ,Female
306,10,0.2890648263178879,Rihanna,FI,19,f,UK,Female
307,1,1.0,Britney Spears,BE,26,f,US,Female
307,2,0.6309297535714575,Ariana Grande,BE,26,f,US,Female
307,3,0.5,Duncan Laurence,BE,26,f,NL,Male
307,4,0.43067655807339306,Beyoncé,BE,26,f,US,Female
307,5,0.38685280723454163,Haddaway,BE,26,f,DE,Male
307,6,0.3562071871080222,Roy Orbison,BE,26,f,US,Male
307,7,0.3333333333333333,Leonard Cohen,BE,26,f,CA,Male
307,8,0.31546487678572877,Chuck Berry,BE,26,f,US,Male
307,9,0.3010299956639812,Avril Lavigne,BE,26,f,CA,Female
307,10,0.2890648263178879,Dean Blunt,BE,26,f,UK,Male
308,1,1.0,Norah Jones,AU,27,f,US,Female
308,2,0.6309297535714575,Rihanna,AU,27,f,UK,Female
308,3,0.5,Kelis,AU,27,f,US,Female
308,4,0.43067655807339306,Adele,AU,27,f,UK,Female
308,5,0.38685280723454163,Ariana Grande,AU,27,f,US,Female
308,6,0.3562071871080222,Marilyn Manson,AU,27,f,US,Male
308,7,0.3333333333333333,Ariana Grande,AU,27,f,US,Female
308,8,0.31546487678572877,Queen,AU,27,f,JP,Female
308,9,0.3010299956639812,Gwen Stefani,AU,27,f,US,Female
308,10,0.2890648263178879,Taylor Swift,AU,27,f,US,Female
309,1,1.0,Maria Rita,BR,21,f,BR,Female
309,2,0.6309297535714575,Criolo,BR,21,f,BR,Male
309,3,0.5,Curumin,BR,21,f,BR,Male
309,4,0.43067655807339306,EKENA,BR,21,f,BR,Female
309,5,0.38685280723454163,Alceu Valença,BR,21,f,BR,Male
309,6,0.3562071871080222,Paulinho Da Viola,BR,21,f,BR,Male
309,7,0.3333333333333333,Geraldo Azevedo,BR,21,f,BR,Male
309,8,0.31546487678572877,Alicia Keys,BR,21,f,US,Female
309,9,0.3010299956639812,Gonzaguinha,BR,21,f,BR,Male
309,10,0.2890648263178879,Caetano Veloso,BR,21,f,BR,Male
310,1,1.0,Bob Marley & The Wailers,US,28,m,JM,Male
310,2,0.6309297535714575,Blue Stahli,US,28,m,US,Male
310,3,0.5,Tame Impala,US,28,m,AU,Male
310,4,0.43067655807339306,Bryan Adams,US,28,m,CA,Male
310,5,0.38685280723454163,Marilyn Manson,US,28,m,US,Male
310,6,0.3562071871080222,Carpenter Brut,US,28,m,FR,Male
310,7,0.3333333333333333,Carpenter Brut,US,28,m,FR,Male
310,8,0.31546487678572877,Paul McCartney,US,28,m,UK,Male
310,9,0.3010299956639812,Queen,US,28,m,JP,Female
310,10,0.2890648263178879,Rob Zombie,US,28,m,US,Male
311,1,1.0,Kevin Morby,SE,37,m,US,Male
311,2,0.6309297535714575,Roy Orbison,SE,37,m,US,Male
311,3,0.5,Caribou,SE,37,m,CA,Male
311,4,0.43067655807339306,Queen,SE,37,m,JP,Female
311,5,0.38685280723454163,Dean Blunt,SE,37,m,UK,Male
311,6,0.3562071871080222,Sharon Van Etten,SE,37,m,US,Female
311,7,0.3333333333333333,Taylor Swift,SE,37,m,US,Female
311,8,0.31546487678572877,Adele,SE,37,m,UK,Female
311,9,0.3010299956639812,Devin Townsend,SE,37,m,CA,Male
311,10,0.2890648263178879,Mahmood,SE,37,m,IT,Male
312,1,1.0,Bob Marley & The Wailers,US,29,m,JM,Male
312,2,0.6309297535714575,Nik Kershaw,US,29,m,UK,Male
312,3,0.5,Toro y Moi,US,29,m,US,Male
312,4,0.43067655807339306,Chris Isaak,US,29,m,US,Male
312,5,0.38685280723454163,George Ezra,US,29,m,UK,Male
312,6,0.3562071871080222,Avril Lavigne,US,29,m,CA,Female
312,7,0.3333333333333333,Aaron Smith,US,29,m,US,Male
312,8,0.31546487678572877,Adele,US,29,m,UK,Female
312,9,0.3010299956639812,Haddaway,US,29,m,DE,Male
312,10,0.2890648263178879,Vanessa Carlton,US,29,m,US,Female
313,1,1.0,Adele,NO,20,m,UK,Female
313,2,0.6309297535714575,Rihanna,NO,20,m,UK,Female
313,3,0.5,Britney Spears,NO,20,m,US,Female
313,4,0.43067655807339306,Nik Kershaw,NO,20,m,UK,Male
313,5,0.38685280723454163,Noisestorm,NO,20,m,IE,Male
313,6,0.3562071871080222,Perturbator,NO,20,m,FR,Male
313,7,0.3333333333333333,Gwen Stefani,NO,20,m,US,Female
313,8,0.31546487678572877,Madonna,NO,20,m,US,Female
313,9,0.3010299956639812,Taylor Swift,NO,20,m,US,Female
313,10,0.2890648263178879,Kelis,NO,20,m,US,Female
315,1,1.0,Taylor Swift,US,24,m,US,Female
315,2,0.6309297535714575,Queen,US,24,m,JP,Female
315,3,0.5,Devin Townsend,US,24,m,CA,Male
315,4,0.43067655807339306,Michael Sembello,US,24,m,US,Male
315,5,0.38685280723454163,Bob Marley & The Wailers,US,24,m,JM,Male
315,6,0.3562071871080222,Marilyn Manson,US,24,m,US,Male
315,7,0.3333333333333333,Bryan Adams,US,24,m,CA,Male
315,8,0.31546487678572877,George Ezra,US,24,m,UK,Male
315,9,0.3010299956639812,Seal,US,24,m,UK,Male
315,10,0.2890648263178879,Chris Isaak,US,24,m,US,Male
316,1,1.0,Kelis,FI,21,m,US,Female
316,2,0.6309297535714575,Michael Jackson,FI,21,m,US,Male
316,3,0.5,Madonna,FI,21,m,US,Female
316,4,0.43067655807339306,Taylor Swift,FI,21,m,US,Female
316,5,0.38685280723454163,Jonathan Davis,FI,21,m,US,Male
316,6,0.3562071871080222,Kacey Musgraves,FI,21,m,US,Female
316,7,0.3333333333333333,Mr.Kitty,FI,21,m,US,Male
316,8,0.31546487678572877,Moby,FI,21,m,US,Male
316,9,0.3010299956639812,Armin van Buuren,FI,21,m,NL,Male
316,10,0.2890648263178879,Tycho,FI,21,m,US,Male
317,1,1.0,Earl Sweatshirt,US,23,m,US,Male
317,2,0.6309297535714575,Dean Blunt,US,23,m,UK,Male
317,3,0.5,Leonard Cohen,US,23,m,CA,Male
317,4,0.43067655807339306,Lil Nas X,US,23,m,US,Male
317,5,0.38685280723454163,Mac DeMarco,US,23,m,CA,Male
317,6,0.3562071871080222,Britney Spears,US,23,m,US,Female
317,7,0.3333333333333333,Sharon Van Etten,US,23,m,US,Female
317,8,0.31546487678572877,Grouper,US,23,m,US,Female
317,9,0.3010299956639812,Sufjan Stevens,US,23,m,US,Male
317,10,0.2890648263178879,M. Ward,US,23,m,US,Male
318,1,1.0,Michael Jackson,BR,28,m,US,Male
318,2,0.6309297535714575,Serj Tankian,BR,28,m,US,Male
318,3,0.5,Aaron Smith,BR,28,m,US,Male
318,4,0.43067655807339306,Bob Marley & The Wailers,BR,28,m,JM,Male
318,5,0.38685280723454163,Rush,BR,28,m,US,Male
318,6,0.3562071871080222,Billy Joel,BR,28,m,US,Male
318,7,0.3333333333333333,Carpenter Brut,BR,28,m,FR,Male
318,8,0.31546487678572877,Rush,BR,28,m,US,Male
318,9,0.3010299956639812,Madonna,BR,28,m,US,Female
318,10,0.2890648263178879,Nik Kershaw,BR,28,m,UK,Male
319,1,1.0,Rihanna,UA,21,m,UK,Female
319,2,0.6309297535714575,Beyoncé,UA,21,m,US,Female
319,3,0.5,Ariana Grande,UA,21,m,US,Female
319,4,0.43067655807339306,Kelis,UA,21,m,US,Female
319,5,0.38685280723454163,Perturbator,UA,21,m,FR,Male
319,6,0.3562071871080222,Four Tet,UA,21,m,UK,Male
319,7,0.3333333333333333,Lisa Miskovsky,UA,21,m,SE,Female
319,8,0.31546487678572877,Gwen Stefani,UA,21,m,US,Female
319,9,0.3010299956639812,Ariana Grande,UA,21,m,US,Female
319,10,0.2890648263178879,Taylor Swift,UA,21,m,US,Female
320,1,1.0,Adele,RU,97,m,UK,Female
320,2,0.6309297535714575,Madonna,RU,97,m,US,Female
320,3,0.5,Aaron Smith,RU,97,m,US,Male
320,4,0.43067655807339306,Gwen Stefani,RU,97,m,US,Female
320,5,0.38685280723454163,Kelis,RU,97,m,US,Female
320,6,0.3562071871080222,Vitalic,RU,97,m,FR,Male
320,7,0.3333333333333333,Taylor Swift,RU,97,m,US,Female
320,8,0.31546487678572877,Four Tet,RU,97,m,UK,Male
320,9,0.3010299956639812,Ariana Grande,RU,97,m,US,Female
320,10,0.2890648263178879,Nik Kershaw,RU,97,m,UK,Male
321,1,1.0,Toro y Moi,US,22,m,US,Male
321,2,0.6309297535714575,Vitalic,US,22,m,FR,Male
321,3,0.5,Nik Kershaw,US,22,m,UK,Male
321,4,0.43067655807339306,Sia,US,22,m,AU,Female
321,5,0.38685280723454163,Shawn Mendes,US,22,m,CA,Male
321,6,0.3562071871080222,James Blake,US,22,m,UK,Male
321,7,0.3333333333333333,Machine Head,US,22,m,JP,Male
321,8,0.31546487678572877,Noisestorm,US,22,m,IE,Male
321,9,0.3010299956639812,Perturbator,US,22,m,FR,Male
321,10,0.2890648263178879,Ice Cube,US,22,m,US,Male
322,1,1.0,Eagle-Eye Cherry,AU,26,m,SE,Male
322,2,0.6309297535714575,Marilyn Manson,AU,26,m,US,Male
322,3,0.5,Seal,AU,26,m,UK,Male
322,4,0.43067655807339306,Michael Sembello,AU,26,m,US,Male
322,5,0.38685280723454163,Chris Isaak,AU,26,m,US,Male
322,6,0.3562071871080222,Norah Jones,AU,26,m,US,Female
322,7,0.3333333333333333,Kelis,AU,26,m,US,Female
322,8,0.31546487678572877,Edwyn Collins,AU,26,m,UK,Male
322,9,0.3010299956639812,Queen,AU,26,m,JP,Female
322,10,0.2890648263178879,Adele,AU,26,m,UK,Female
323,1,1.0,Bob Marley & The Wailers,IE,36,m,JM,Male
323,2,0.6309297535714575,Carpenter Brut,IE,36,m,FR,Male
323,3,0.5,Rush,IE,36,m,US,Male
323,4,0.43067655807339306,Aaron Smith,IE,36,m,US,Male
323,5,0.38685280723454163,Toro y Moi,IE,36,m,US,Male
323,6,0.3562071871080222,Kelis,IE,36,m,US,Female
323,7,0.3333333333333333,Vitalic,IE,36,m,FR,Male
323,8,0.31546487678572877,Frank Ocean,IE,36,m,US,Male
323,9,0.3010299956639812,Frank Ocean,IE,36,m,US,Male
323,10,0.2890648263178879,John Maus,IE,36,m,US,Male
324,1,1.0,Grimes,AQ,27,f,CA,Female
324,2,0.6309297535714575,Thom Yorke,AQ,27,f,UK,Male
324,3,0.5,Toro y Moi,AQ,27,f,US,Male
324,4,0.43067655807339306,Madonna,AQ,27,f,US,Female
324,5,0.38685280723454163,Snail Mail,AQ,27,f,US,Female
324,6,0.3562071871080222,John Maus,AQ,27,f,US,Male
324,7,0.3333333333333333,Ariana Grande,AQ,27,f,US,Female
324,8,0.31546487678572877,Apparat,AQ,27,f,DE,Male
324,9,0.3010299956639812,Taylor Swift,AQ,27,f,US,Female
324,10,0.2890648263178879,Machine Head,AQ,27,f,JP,Male
325,1,1.0,Panda Bear,UK,28,m,US,Male
325,2,0.6309297535714575,Pusha T,UK,28,m,US,Male
325,3,0.5,Anna Calvi,UK,28,m,UK,Female
325,4,0.43067655807339306,Nick Drake,UK,28,m,UK,Male
325,5,0.38685280723454163,Perfume Genius,UK,28,m,US,Male
325,6,0.3562071871080222,Julee Cruise,UK,28,m,US,Female
325,7,0.3333333333333333,Panda Bear,UK,28,m,US,Male
325,8,0.31546487678572877,Devin Townsend,UK,28,m,CA,Male
325,9,0.3010299956639812,Travis Scott,UK,28,m,US,Male
325,10,0.2890648263178879,PJ Harvey,UK,28,m,UK,Female
326,1,1.0,Chuck Berry,NL,26,m,US,Male
326,2,0.6309297535714575,Devin Townsend,NL,26,m,CA,Male
326,3,0.5,PJ Harvey,NL,26,m,UK,Female
326,4,0.43067655807339306,Tame Impala,NL,26,m,AU,Male
326,5,0.38685280723454163,Ry x,NL,26,m,AU,Male
326,6,0.3562071871080222,Ben Howard,NL,26,m,UK,Male
326,7,0.3333333333333333,Gil Scott-Heron,NL,26,m,US,Male
326,8,0.31546487678572877,Queen,NL,26,m,JP,Female
326,9,0.3010299956639812,Big L,NL,26,m,US,Male
326,10,0.2890648263178879,John Mayer,NL,26,m,IN,Male
328,1,1.0,Julie Byrne,US,22,m,US,Female
328,2,0.6309297535714575,Chuck Berry,US,22,m,US,Male
328,3,0.5,Anna Calvi,US,22,m,UK,Female
328,4,0.43067655807339306,Haddaway,US,22,m,DE,Male
328,5,0.38685280723454163,Britney Spears,US,22,m,US,Female
328,6,0.3562071871080222,Ariana Grande,US,22,m,US,Female
328,7,0.3333333333333333,Gil Scott-Heron,US,22,m,US,Male
328,8,0.31546487678572877,Devin Townsend,US,22,m,CA,Male
328,9,0.3010299956639812,Kanye West,US,22,m,US,Male
328,10,0.2890648263178879,Tame Impala,US,22,m,AU,Male
330,1,1.0,Dean Blunt,NL,25,m,UK,Male
330,2,0.6309297535714575,Leonard Cohen,NL,25,m,CA,Male
330,3,0.5,Mac DeMarco,NL,25,m,CA,Male
330,4,0.43067655807339306,Beyoncé,NL,25,m,US,Female
330,5,0.38685280723454163,Ariana Grande,NL,25,m,US,Female
330,6,0.3562071871080222,Grouper,NL,25,m,US,Female
330,7,0.3333333333333333,M. Ward,NL,25,m,US,Male
330,8,0.31546487678572877,Sharon Van Etten,NL,25,m,US,Female
330,9,0.3010299956639812,Sufjan Stevens,NL,25,m,US,Male
330,10,0.2890648263178879,Adele,NL,25,m,UK,Female
331,1,1.0,Bob Marley & The Wailers,PL,36,m,JM,Male
331,2,0.6309297535714575,Paula Abdul,PL,36,m,US,Female
331,3,0.5,Michael Jackson,PL,36,m,US,Male
331,4,0.43067655807339306,Serj Tankian,PL,36,m,US,Male
331,5,0.38685280723454163,Rihanna,PL,36,m,UK,Female
331,6,0.3562071871080222,Britney Spears,PL,36,m,US,Female
331,7,0.3333333333333333,Carpenter Brut,PL,36,m,FR,Male
331,8,0.31546487678572877,Norah Jones,PL,36,m,US,Female
331,9,0.3010299956639812,Ariana Grande,PL,36,m,US,Female
331,10,0.2890648263178879,Rush,PL,36,m,US,Male
332,1,1.0,Aaron Smith,FI,18,f,US,Male
332,2,0.6309297535714575,Bob Marley & The Wailers,FI,18,f,JM,Male
332,3,0.5,James Blake,FI,18,f,UK,Male
332,4,0.43067655807339306,Vitalic,FI,18,f,FR,Male
332,5,0.38685280723454163,Toro y Moi,FI,18,f,US,Male
332,6,0.3562071871080222,Shawn Mendes,FI,18,f,CA,Male
332,7,0.3333333333333333,Nik Kershaw,FI,18,f,UK,Male
332,8,0.31546487678572877,Noisestorm,FI,18,f,IE,Male
332,9,0.3010299956639812,Machine Head,FI,18,f,JP,Male
332,10,0.2890648263178879,Perturbator,FI,18,f,FR,Male
333,1,1.0,Rush,FR,30,m,US,Male
333,2,0.6309297535714575,Aaron Smith,FR,30,m,US,Male
333,3,0.5,Vitalic,FR,30,m,FR,Male
333,4,0.43067655807339306,Queen,FR,30,m,JP,Female
333,5,0.38685280723454163,Perturbator,FR,30,m,FR,Male
333,6,0.3562071871080222,Lisa Miskovsky,FR,30,m,SE,Female
333,7,0.3333333333333333,Noisestorm,FR,30,m,IE,Male
333,8,0.31546487678572877,Gwen Stefani,FR,30,m,US,Female
333,9,0.3010299956639812,Kelis,FR,30,m,US,Female
333,10,0.2890648263178879,Mr.Kitty,FR,30,m,US,Male
334,1,1.0,Paula Abdul,SE,21,m,US,Female
334,2,0.6309297535714575,Adele,SE,21,m,UK,Female
334,3,0.5,Ariana Grande,SE,21,m,US,Female
334,4,0.43067655807339306,Perturbator,SE,21,m,FR,Male
334,5,0.38685280723454163,Nik Kershaw,SE,21,m,UK,Male
334,6,0.3562071871080222,Rihanna,SE,21,m,UK,Female
334,7,0.3333333333333333,Lisa Miskovsky,SE,21,m,SE,Female
334,8,0.31546487678572877,Noisestorm,SE,21,m,IE,Male
334,9,0.3010299956639812,Britney Spears,SE,21,m,US,Female
334,10,0.2890648263178879,Ariana Grande,SE,21,m,US,Female
335,1,1.0,Grimes,UK,25,m,CA,Female
335,2,0.6309297535714575,DJ Shadow,UK,25,m,US,Male
335,3,0.5,Kacey Musgraves,UK,25,m,US,Female
335,4,0.43067655807339306,Father John Misty,UK,25,m,US,Male
335,5,0.38685280723454163,Tycho,UK,25,m,US,Male
335,6,0.3562071871080222,Noisestorm,UK,25,m,IE,Male
335,7,0.3333333333333333,Taylor Swift,UK,25,m,US,Female
335,8,0.31546487678572877,Kelis,UK,25,m,US,Female
335,9,0.3010299956639812,Madonna,UK,25,m,US,Female
335,10,0.2890648263178879,Four Tet,UK,25,m,UK,Male
336,1,1.0,James Blake,NZ,32,f,UK,Male
336,2,0.6309297535714575,Lana Del Rey,NZ,32,f,US,Female
336,3,0.5,Kylie Minogue,NZ,32,f,AU,Female
336,4,0.43067655807339306,Sabrina Carpenter,NZ,32,f,US,Female
336,5,0.38685280723454163,Troye Sivan,NZ,32,f,AU,Male
336,6,0.3562071871080222,Avril Lavigne,NZ,32,f,CA,Female
336,7,0.3333333333333333,Toro y Moi,NZ,32,f,US,Male
336,8,0.31546487678572877,Flo Rida,NZ,32,f,US,Male
336,9,0.3010299956639812,JP Cooper,NZ,32,f,UK,Male
336,10,0.2890648263178879,Armin van Buuren,NZ,32,f,NL,Male
337,1,1.0,Perturbator,NL,23,m,FR,Male
337,2,0.6309297535714575,Four Tet,NL,23,m,UK,Male
337,3,0.5,Troye Sivan,NL,23,m,AU,Male
337,4,0.43067655807339306,Noisestorm,NL,23,m,IE,Male
337,5,0.38685280723454163,Ariana Grande,NL,23,m,US,Female
337,6,0.3562071871080222,Mr.Kitty,NL,23,m,US,Male
337,7,0.3333333333333333,Toro y Moi,NL,23,m,US,Male
337,8,0.31546487678572877,Armin van Buuren,NL,23,m,NL,Male
337,9,0.3010299956639812,Lana Del Rey,NL,23,m,US,Female
337,10,0.2890648263178879,Rihanna,NL,23,m,UK,Female
338,1,1.0,John Mayer,BR,22,m,IN,Male
338,2,0.6309297535714575,Michael Sembello,BR,22,m,US,Male
338,3,0.5,Queen,BR,22,m,JP,Female
338,4,0.43067655807339306,Eminem,BR,22,m,US,Male
338,5,0.38685280723454163,Ozzy Osbourne,BR,22,m,UK,Male
338,6,0.3562071871080222,Queen,BR,22,m,JP,Female
338,7,0.3333333333333333,Ariana Grande,BR,22,m,US,Female
338,8,0.31546487678572877,Nicki Minaj,BR,22,m,US,Female
338,9,0.3010299956639812,Bob Marley & The Wailers,BR,22,m,JM,Male
338,10,0.2890648263178879,Vanessa Carlton,BR,22,m,US,Female
339,1,1.0,Ariana Grande,US,27,m,US,Female
339,2,0.6309297535714575,Grimes,US,27,m,CA,Female
339,3,0.5,Armin van Buuren,US,27,m,NL,Male
339,4,0.43067655807339306,Pat Benatar,US,27,m,US,Female
339,5,0.38685280723454163,Jonathan Davis,US,27,m,US,Male
339,6,0.3562071871080222,Ariana Grande,US,27,m,US,Female
339,7,0.3333333333333333,Loreen,US,27,m,SE,Female
339,8,0.31546487678572877,Mr.Kitty,US,27,m,US,Male
339,9,0.3010299956639812,Troye Sivan,US,27,m,AU,Male
339,10,0.2890648263178879,Sia,US,27,m,AU,Female
340,1,1.0,Madonna,PT,34,m,US,Female
340,2,0.6309297535714575,Lisa Miskovsky,PT,34,m,SE,Female
340,3,0.5,Ariana Grande,PT,34,m,US,Female
340,4,0.43067655807339306,Tycho,PT,34,m,US,Male
340,5,0.38685280723454163,Kelly Clarkson,PT,34,m,US,Female
340,6,0.3562071871080222,Mr.Kitty,PT,34,m,US,Male
340,7,0.3333333333333333,Jonathan Davis,PT,34,m,US,Male
340,8,0.31546487678572877,Moby,PT,34,m,US,Male
340,9,0.3010299956639812,Queen,PT,34,m,JP,Female
340,10,0.2890648263178879,Rihanna,PT,34,m,UK,Female
341,1,1.0,Aaron Smith,RU,23,f,US,Male
341,2,0.6309297535714575,Ariana Grande,RU,23,f,US,Female
341,3,0.5,Paula Abdul,RU,23,f,US,Female
341,4,0.43067655807339306,Adele,RU,23,f,UK,Female
341,5,0.38685280723454163,Machine Head,RU,23,f,JP,Male
341,6,0.3562071871080222,Norah Jones,RU,23,f,US,Female
341,7,0.3333333333333333,Nik Kershaw,RU,23,f,UK,Male
341,8,0.31546487678572877,Rihanna,RU,23,f,UK,Female
341,9,0.3010299956639812,Britney Spears,RU,23,f,US,Female
341,10,0.2890648263178879,Beyoncé,RU,23,f,US,Female
342,1,1.0,Grouper,NO,22,m,US,Female
342,2,0.6309297535714575,Panda Bear,NO,22,m,US,Male
342,3,0.5,Grouper,NO,22,m,US,Female
342,4,0.43067655807339306,Avril Lavigne,NO,22,m,CA,Female
342,5,0.38685280723454163,Pusha T,NO,22,m,US,Male
342,6,0.3562071871080222,Anna Calvi,NO,22,m,UK,Female
342,7,0.3333333333333333,Perfume Genius,NO,22,m,US,Male
342,8,0.31546487678572877,Devin Townsend,NO,22,m,CA,Male
342,9,0.3010299956639812,PJ Harvey,NO,22,m,UK,Female
342,10,0.2890648263178879,Kendrick Lamar,NO,22,m,US,Male
343,1,1.0,Vitalic,FI,26,m,FR,Male
343,2,0.6309297535714575,Noisestorm,FI,26,m,IE,Male
343,3,0.5,Machine Head,FI,26,m,JP,Male
343,4,0.43067655807339306,Nik Kershaw,FI,26,m,UK,Male
343,5,0.38685280723454163,Perturbator,FI,26,m,FR,Male
343,6,0.3562071871080222,Lisa Miskovsky,FI,26,m,SE,Female
343,7,0.3333333333333333,Michael Jackson,FI,26,m,US,Male
343,8,0.31546487678572877,James Arthur,FI,26,m,UK,Male
343,9,0.3010299956639812,Mariah Carey,FI,26,m,US,Female
343,10,0.2890648263178879,James Blake,FI,26,m,UK,Male
344,1,1.0,Adele,IT,24,f,UK,Female
344,2,0.6309297535714575,Duncan Laurence,IT,24,f,NL,Male
344,3,0.5,Nicki Minaj,IT,24,f,US,Female
344,4,0.43067655807339306,Roberta Flack,IT,24,f,US,Female
344,5,0.38685280723454163,Lil Nas X,IT,24,f,US,Male
344,6,0.3562071871080222,Haddaway,IT,24,f,DE,Male
344,7,0.3333333333333333,John Mayer,IT,24,f,IN,Male
344,8,0.31546487678572877,Seal,IT,24,f,UK,Male
344,9,0.3010299956639812,Kygo,IT,24,f,NO,Male
344,10,0.2890648263178879,John Mayer,IT,24,f,IN,Male
345,1,1.0,Dean Blunt,MX,26,m,UK,Male
345,2,0.6309297535714575,Leonard Cohen,MX,26,m,CA,Male
345,3,0.5,Mac DeMarco,MX,26,m,CA,Male
345,4,0.43067655807339306,M. Ward,MX,26,m,US,Male
345,5,0.38685280723454163,Sharon Van Etten,MX,26,m,US,Female
345,6,0.3562071871080222,Julie Byrne,MX,26,m,US,Female
345,7,0.3333333333333333,Sufjan Stevens,MX,26,m,US,Male
345,8,0.31546487678572877,Grouper,MX,26,m,US,Female
345,9,0.3010299956639812,Kendrick Lamar,MX,26,m,US,Male
345,10,0.2890648263178879,Bob Marley & The Wailers,MX,26,m,JM,Male
346,1,1.0,Bill Callahan,CA,18,m,US,Male
346,2,0.6309297535714575,Nick Drake,CA,18,m,UK,Male
346,3,0.5,Pusha T,CA,18,m,US,Male
346,4,0.43067655807339306,Oneohtrix Point Never,CA,18,m,US,Male
346,5,0.38685280723454163,Angel Olsen,CA,18,m,US,Female
346,6,0.3562071871080222,Kanye West,CA,18,m,US,Male
346,7,0.3333333333333333,Travis Scott,CA,18,m,US,Male
346,8,0.31546487678572877,Ariana Grande,CA,18,m,US,Female
346,9,0.3010299956639812,Jay Reatard,CA,18,m,US,Male
346,10,0.2890648263178879,Jeff Buckley,CA,18,m,US,Male
347,1,1.0,Noisestorm,UY,26,m,IE,Male
347,2,0.6309297535714575,Michael Jackson,UY,26,m,US,Male
347,3,0.5,Rihanna,UY,26,m,UK,Female
347,4,0.43067655807339306,Shawn Mendes,UY,26,m,CA,Male
347,5,0.38685280723454163,Rod Stewart,UY,26,m,UK,Male
347,6,0.3562071871080222,Ariana Grande,UY,26,m,US,Female
347,7,0.3333333333333333,Mr.Kitty,UY,26,m,US,Male
347,8,0.31546487678572877,Armin van Buuren,UY,26,m,NL,Male
347,9,0.3010299956639812,Jonathan Davis,UY,26,m,US,Male
347,10,0.2890648263178879,Toro y Moi,UY,26,m,US,Male
348,1,1.0,Julie Byrne,BR,19,m,US,Female
348,2,0.6309297535714575,Lil Nas X,BR,19,m,US,Male
348,3,0.5,Anna Calvi,BR,19,m,UK,Female
348,4,0.43067655807339306,AFI,BR,19,m,US,Female
348,5,0.38685280723454163,Perfume Genius,BR,19,m,US,Male
348,6,0.3562071871080222,Tame Impala,BR,19,m,AU,Male
348,7,0.3333333333333333,Pusha T,BR,19,m,US,Male
348,8,0.31546487678572877,Laura Branigan,BR,19,m,US,Female
348,9,0.3010299956639812,Ry x,BR,19,m,AU,Male
348,10,0.2890648263178879,PJ Harvey,BR,19,m,UK,Female
349,1,1.0,Emperor,SE,24,f,UK,Male
349,2,0.6309297535714575,The Kinks,SE,24,f,US,Male
349,3,0.5,David Bowie,SE,24,f,UK,Male
349,4,0.43067655807339306,David Bowie,SE,24,f,UK,Male
349,5,0.38685280723454163,Marilyn Manson,SE,24,f,US,Male
349,6,0.3562071871080222,Devin Townsend,SE,24,f,CA,Male
349,7,0.3333333333333333,Rush,SE,24,f,US,Male
349,8,0.31546487678572877,Laura Branigan,SE,24,f,US,Female
349,9,0.3010299956639812,Red,SE,24,f,PL,Male
349,10,0.2890648263178879,Rush,SE,24,f,US,Male
350,1,1.0,Ice Cube,RU,25,m,US,Male
350,2,0.6309297535714575,James Blake,RU,25,m,UK,Male
350,3,0.5,Beyoncé,RU,25,m,US,Female
350,4,0.43067655807339306,Madonna,RU,25,m,US,Female
350,5,0.38685280723454163,Moby,RU,25,m,US,Male
350,6,0.3562071871080222,Shawn Mendes,RU,25,m,CA,Male
350,7,0.3333333333333333,Kelly Clarkson,RU,25,m,US,Female
350,8,0.31546487678572877,James Blake,RU,25,m,UK,Male
350,9,0.3010299956639812,IAMX,RU,25,m,DE,Male
350,10,0.2890648263178879,Chris Cornell,RU,25,m,US,Male
351,1,1.0,Beyoncé,NO,21,m,US,Female
351,2,0.6309297535714575,Paula Abdul,NO,21,m,US,Female
351,3,0.5,Rihanna,NO,21,m,UK,Female
351,4,0.43067655807339306,Ariana Grande,NO,21,m,US,Female
351,5,0.38685280723454163,Britney Spears,NO,21,m,US,Female
351,6,0.3562071871080222,Ariana Grande,NO,21,m,US,Female
351,7,0.3333333333333333,Adele,NO,21,m,UK,Female
351,8,0.31546487678572877,Norah Jones,NO,21,m,US,Female
351,9,0.3010299956639812,Rush,NO,21,m,US,Male
351,10,0.2890648263178879,Aaron Smith,NO,21,m,US,Male
352,1,1.0,Bob Marley & The Wailers,RU,24,m,JM,Male
352,2,0.6309297535714575,Adele,RU,24,m,UK,Female
352,3,0.5,Rush,RU,24,m,US,Male
352,4,0.43067655807339306,Carpenter Brut,RU,24,m,FR,Male
352,5,0.38685280723454163,Aaron Smith,RU,24,m,US,Male
352,6,0.3562071871080222,Grimes,RU,24,m,CA,Female
352,7,0.3333333333333333,Kelis,RU,24,m,US,Female
352,8,0.31546487678572877,Gwen Stefani,RU,24,m,US,Female
352,9,0.3010299956639812,Vitalic,RU,24,m,FR,Male
352,10,0.2890648263178879,Nik Kershaw,RU,24,m,UK,Male
353,1,1.0,Mayhem,SK,24,m,CA,Female
353,2,0.6309297535714575,KT Tunstall,SK,24,m,UK,Female
353,3,0.5,Yngwie Malmsteen,SK,24,m,SE,Male
353,4,0.43067655807339306,Emperor,SK,24,m,UK,Male
353,5,0.38685280723454163,Queen,SK,24,m,JP,Female
353,6,0.3562071871080222,The Kinks,SK,24,m,US,Male
353,7,0.3333333333333333,Devin Townsend,SK,24,m,CA,Male
353,8,0.31546487678572877,David Bowie,SK,24,m,UK,Male
353,9,0.3010299956639812,Rush,SK,24,m,US,Male
353,10,0.2890648263178879,Ozzy Osbourne,SK,24,m,UK,Male
354,1,1.0,John Mayer,UK,21,m,IN,Male
354,2,0.6309297535714575,Caribou,UK,21,m,CA,Male
354,3,0.5,Eagle-Eye Cherry,UK,21,m,SE,Male
354,4,0.43067655807339306,Michael Sembello,UK,21,m,US,Male
354,5,0.38685280723454163,Queen,UK,21,m,JP,Female
354,6,0.3562071871080222,Leonard Cohen,UK,21,m,CA,Male
354,7,0.3333333333333333,Bryan Adams,UK,21,m,CA,Male
354,8,0.31546487678572877,Robyn,UK,21,m,SE,Female
354,9,0.3010299956639812,Ariana Grande,UK,21,m,US,Female
354,10,0.2890648263178879,Edwyn Collins,UK,21,m,UK,Male
355,1,1.0,Paula Abdul,HR,24,m,US,Female
355,2,0.6309297535714575,Kacey Musgraves,HR,24,m,US,Female
355,3,0.5,Michael Jackson,HR,24,m,US,Male
355,4,0.43067655807339306,Chelsea Wolfe,HR,24,m,US,Female
355,5,0.38685280723454163,Apparat,HR,24,m,DE,Male
355,6,0.3562071871080222,Grimes,HR,24,m,CA,Female
355,7,0.3333333333333333,John Maus,HR,24,m,US,Male
355,8,0.31546487678572877,Ariana Grande,HR,24,m,US,Female
355,9,0.3010299956639812,Rihanna,HR,24,m,UK,Female
355,10,0.2890648263178879,Beyoncé,HR,24,m,US,Female
357,1,1.0,James Blake,FR,20,m,UK,Male
357,2,0.6309297535714575,Beyoncé,FR,20,m,US,Female
357,3,0.5,Michael Jackson,FR,20,m,US,Male
357,4,0.43067655807339306,James Blake,FR,20,m,UK,Male
357,5,0.38685280723454163,DJ Shadow,FR,20,m,US,Male
357,6,0.3562071871080222,Madonna,FR,20,m,US,Female
357,7,0.3333333333333333,Grimes,FR,20,m,CA,Female
357,8,0.31546487678572877,Taylor Swift,FR,20,m,US,Female
357,9,0.3010299956639812,Tycho,FR,20,m,US,Male
357,10,0.2890648263178879,Ariana Grande,FR,20,m,US,Female
358,1,1.0,Vitalic,DK,19,m,FR,Male
358,2,0.6309297535714575,Noisestorm,DK,19,m,IE,Male
358,3,0.5,Sia,DK,19,m,AU,Female
358,4,0.43067655807339306,Perturbator,DK,19,m,FR,Male
358,5,0.38685280723454163,James Blake,DK,19,m,UK,Male
358,6,0.3562071871080222,J Balvin,DK,19,m,CO,Male
358,7,0.3333333333333333,Toro y Moi,DK,19,m,US,Male
358,8,0.31546487678572877,Shawn Mendes,DK,19,m,CA,Male
358,9,0.3010299956639812,Machine Head,DK,19,m,JP,Male
358,10,0.2890648263178879,Michael Jackson,DK,19,m,US,Male
359,1,1.0,Bob Marley & The Wailers,PL,24,m,JM,Male
359,2,0.6309297535714575,Aaron Smith,PL,24,m,US,Male
359,3,0.5,John Mayer,PL,24,m,IN,Male
359,4,0.43067655807339306,Janelle Monáe,PL,24,m,US,Non-binary
359,5,0.38685280723454163,Adele,PL,24,m,UK,Female
359,6,0.3562071871080222,Vitalic,PL,24,m,FR,Male
359,7,0.3333333333333333,Machine Head,PL,24,m,JP,Male
359,8,0.31546487678572877,Vanessa Carlton,PL,24,m,US,Female
359,9,0.3010299956639812,Paula Abdul,PL,24,m,US,Female
359,10,0.2890648263178879,Nik Kershaw,PL,24,m,UK,Male
360,1,1.0,Rihanna,JP,24,m,UK,Female
360,2,0.6309297535714575,Britney Spears,JP,24,m,US,Female
360,3,0.5,Adele,JP,24,m,UK,Female
360,4,0.43067655807339306,Carpenter Brut,JP,24,m,FR,Male
360,5,0.38685280723454163,Rush,JP,24,m,US,Male
360,6,0.3562071871080222,Vanessa Carlton,JP,24,m,US,Female
360,7,0.3333333333333333,Aaron Smith,JP,24,m,US,Male
360,8,0.31546487678572877,Madonna,JP,24,m,US,Female
360,9,0.3010299956639812,Taylor Swift,JP,24,m,US,Female
360,10,0.2890648263178879,Father John Misty,JP,24,m,US,Male
361,1,1.0,Devin Townsend,PL,26,m,CA,Male
361,2,0.6309297535714575,John Mayer,PL,26,m,IN,Male
361,3,0.5,Anna Calvi,PL,26,m,UK,Female
361,4,0.43067655807339306,Roy Orbison,PL,26,m,US,Male
361,5,0.38685280723454163,Queen,PL,26,m,JP,Female
361,6,0.3562071871080222,Michael Sembello,PL,26,m,US,Male
361,7,0.3333333333333333,Adele,PL,26,m,UK,Female
361,8,0.31546487678572877,Edwyn Collins,PL,26,m,UK,Male
361,9,0.3010299956639812,Travis Scott,PL,26,m,US,Male
361,10,0.2890648263178879,Mahmood,PL,26,m,IT,Male
362,1,1.0,Aaron Smith,NL,26,m,US,Male
362,2,0.6309297535714575,Machine Head,NL,26,m,JP,Male
362,3,0.5,Adele,NL,26,m,UK,Female
362,4,0.43067655807339306,Vitalic,NL,26,m,FR,Male
362,5,0.38685280723454163,Norah Jones,NL,26,m,US,Female
362,6,0.3562071871080222,Rihanna,NL,26,m,UK,Female
362,7,0.3333333333333333,Britney Spears,NL,26,m,US,Female
362,8,0.31546487678572877,Nik Kershaw,NL,26,m,UK,Male
362,9,0.3010299956639812,Weyes Blood,NL,26,m,US,Female
362,10,0.2890648263178879,Perturbator,NL,26,m,FR,Male
363,1,1.0,Nik Kershaw,RU,22,m,UK,Male
363,2,0.6309297535714575,Ariana Grande,RU,22,m,US,Female
363,3,0.5,Beyoncé,RU,22,m,US,Female
363,4,0.43067655807339306,Kelis,RU,22,m,US,Female
363,5,0.38685280723454163,Gwen Stefani,RU,22,m,US,Female
363,6,0.3562071871080222,James Blake,RU,22,m,UK,Male
363,7,0.3333333333333333,Michael Jackson,RU,22,m,US,Male
363,8,0.31546487678572877,Taylor Swift,RU,22,m,US,Female
363,9,0.3010299956639812,Madonna,RU,22,m,US,Female
363,10,0.2890648263178879,Ariana Grande,RU,22,m,US,Female
364,1,1.0,Vitalic,ID,27,m,FR,Male
364,2,0.6309297535714575,Noisestorm,ID,27,m,IE,Male
364,3,0.5,Perturbator,ID,27,m,FR,Male
364,4,0.43067655807339306,Machine Head,ID,27,m,JP,Male
364,5,0.38685280723454163,Britney Spears,ID,27,m,US,Female
364,6,0.3562071871080222,Grimes,ID,27,m,CA,Female
364,7,0.3333333333333333,Lisa Miskovsky,ID,27,m,SE,Female
364,8,0.31546487678572877,Troye Sivan,ID,27,m,AU,Male
364,9,0.3010299956639812,Beyoncé,ID,27,m,US,Female
364,10,0.2890648263178879,Mr.Kitty,ID,27,m,US,Male
365,1,1.0,Paula Abdul,PL,24,m,US,Female
365,2,0.6309297535714575,Rihanna,PL,24,m,UK,Female
365,3,0.5,Bob Marley & The Wailers,PL,24,m,JM,Male
365,4,0.43067655807339306,Ariana Grande,PL,24,m,US,Female
365,5,0.38685280723454163,Marilyn Manson,PL,24,m,US,Male
365,6,0.3562071871080222,John Mayer,PL,24,m,IN,Male
365,7,0.3333333333333333,Frank Ocean,PL,24,m,US,Male
365,8,0.31546487678572877,Ed Sheeran,PL,24,m,UK,Male
365,9,0.3010299956639812,Blue Stahli,PL,24,m,US,Male
365,10,0.2890648263178879,Madonna,PL,24,m,US,Female
366,1,1.0,John Mayer,FI,19,f,IN,Male
366,2,0.6309297535714575,Ariana Grande,FI,19,f,US,Female
366,3,0.5,Ariana Grande,FI,19,f,US,Female
366,4,0.43067655807339306,Ry x,FI,19,f,AU,Male
366,5,0.38685280723454163,Roy Orbison,FI,19,f,US,Male
366,6,0.3562071871080222,Julie Byrne,FI,19,f,US,Female
366,7,0.3333333333333333,Devin Townsend,FI,19,f,CA,Male
366,8,0.31546487678572877,Gil Scott-Heron,FI,19,f,US,Male
366,9,0.3010299956639812,Adele,FI,19,f,UK,Female
366,10,0.2890648263178879,Tame Impala,FI,19,f,AU,Male
367,1,1.0,Noisestorm,US,21,f,IE,Male
367,2,0.6309297535714575,Ariana Grande,US,21,f,US,Female
367,3,0.5,Michael Jackson,US,21,f,US,Male
367,4,0.43067655807339306,Mr.Kitty,US,21,f,US,Male
367,5,0.38685280723454163,Armin van Buuren,US,21,f,NL,Male
367,6,0.3562071871080222,Machine Head,US,21,f,JP,Male
367,7,0.3333333333333333,James Blake,US,21,f,UK,Male
367,8,0.31546487678572877,Ariana Grande,US,21,f,US,Female
367,9,0.3010299956639812,Charles Bolt,US,21,f,US,Male
367,10,0.2890648263178879,Sia,US,21,f,AU,Female
369,1,1.0,Vitalic,ES,111,f,FR,Male
369,2,0.6309297535714575,Troye Sivan,ES,111,f,AU,Male
369,3,0.5,James Blake,ES,111,f,UK,Male
369,4,0.43067655807339306,Ice Cube,ES,111,f,US,Male
369,5,0.38685280723454163,Noisestorm,ES,111,f,IE,Male
369,6,0.3562071871080222,Perturbator,ES,111,f,FR,Male
369,7,0.3333333333333333,Lorde,ES,111,f,NZ,Female
369,8,0.31546487678572877,Machine Head,ES,111,f,JP,Male
369,9,0.3010299956639812,Kacey Musgraves,ES,111,f,US,Female
369,10,0.2890648263178879,Sia,ES,111,f,AU,Female
370,1,1.0,Ariana Grande,IT,22,m,US,Female
370,2,0.6309297535714575,Tycho,IT,22,m,US,Male
370,3,0.5,Kelis,IT,22,m,US,Female
370,4,0.43067655807339306,Machine Head,IT,22,m,JP,Male
370,5,0.38685280723454163,Four Tet,IT,22,m,UK,Male
370,6,0.3562071871080222,Grimes,IT,22,m,CA,Female
370,7,0.3333333333333333,Nik Kershaw,IT,22,m,UK,Male
370,8,0.31546487678572877,Thom Yorke,IT,22,m,UK,Male
370,9,0.3010299956639812,Ariana Grande,IT,22,m,US,Female
370,10,0.2890648263178879,Frank Ocean,IT,22,m,US,Male
371,1,1.0,Troye Sivan,PL,24,f,AU,Male
371,2,0.6309297535714575,Jonathan Davis,PL,24,f,US,Male
371,3,0.5,Ariana Grande,PL,24,f,US,Female
371,4,0.43067655807339306,Sia,PL,24,f,AU,Female
371,5,0.38685280723454163,Justin Timberlake,PL,24,f,US,Male
371,6,0.3562071871080222,Sia,PL,24,f,AU,Female
371,7,0.3333333333333333,Mr.Kitty,PL,24,f,US,Male
371,8,0.31546487678572877,Katie Melua,PL,24,f,UK,Female
371,9,0.3010299956639812,Rod Stewart,PL,24,f,UK,Male
371,10,0.2890648263178879,Niall Horan,PL,24,f,IE,Male
372,1,1.0,Corinne Bailey Rae,SI,25,m,UK,Female
372,2,0.6309297535714575,Carpenter Brut,SI,25,m,FR,Male
372,3,0.5,Queen,SI,25,m,JP,Female
372,4,0.43067655807339306,Tycho,SI,25,m,US,Male
372,5,0.38685280723454163,Bob Marley & The Wailers,SI,25,m,JM,Male
372,6,0.3562071871080222,John Mayer,SI,25,m,IN,Male
372,7,0.3333333333333333,Kanye West,SI,25,m,US,Male
372,8,0.31546487678572877,Marilyn Manson,SI,25,m,US,Male
372,9,0.3010299956639812,Ed Sheeran,SI,25,m,UK,Male
372,10,0.2890648263178879,Queen,SI,25,m,JP,Female
373,1,1.0,Serj Tankian,HU,20,f,US,Male
373,2,0.6309297535714575,Michael Jackson,HU,20,f,US,Male
373,3,0.5,Bob Marley & The Wailers,HU,20,f,JM,Male
373,4,0.43067655807339306,Rush,HU,20,f,US,Male
373,5,0.38685280723454163,Toro y Moi,HU,20,f,US,Male
373,6,0.3562071871080222,Rob Zombie,HU,20,f,US,Male
373,7,0.3333333333333333,Aaron Smith,HU,20,f,US,Male
373,8,0.31546487678572877,Rush,HU,20,f,US,Male
373,9,0.3010299956639812,Carpenter Brut,HU,20,f,FR,Male
373,10,0.2890648263178879,James Blake,HU,20,f,UK,Male
374,1,1.0,James Blake,UA,24,f,UK,Male
374,2,0.6309297535714575,Rihanna,UA,24,f,UK,Female
374,3,0.5,Britney Spears,UA,24,f,US,Female
374,4,0.43067655807339306,Perturbator,UA,24,f,FR,Male
374,5,0.38685280723454163,Ariana Grande,UA,24,f,US,Female
374,6,0.3562071871080222,Beyoncé,UA,24,f,US,Female
374,7,0.3333333333333333,James Blake,UA,24,f,UK,Male
374,8,0.31546487678572877,Lisa Miskovsky,UA,24,f,SE,Female
374,9,0.3010299956639812,Noisestorm,UA,24,f,IE,Male
374,10,0.2890648263178879,Grimes,UA,24,f,CA,Female
375,1,1.0,Bob Marley & The Wailers,AT,32,m,JM,Male
375,2,0.6309297535714575,Aaron Smith,AT,32,m,US,Male
375,3,0.5,Carpenter Brut,AT,32,m,FR,Male
375,4,0.43067655807339306,Vitalic,AT,32,m,FR,Male
375,5,0.38685280723454163,Toro y Moi,AT,32,m,US,Male
375,6,0.3562071871080222,James Blake,AT,32,m,UK,Male
375,7,0.3333333333333333,Machine Head,AT,32,m,JP,Male
375,8,0.31546487678572877,Nik Kershaw,AT,32,m,UK,Male
375,9,0.3010299956639812,Perturbator,AT,32,m,FR,Male
375,10,0.2890648263178879,Noisestorm,AT,32,m,IE,Male
376,1,1.0,Grouper,US,22,f,US,Female
376,2,0.6309297535714575,Sufjan Stevens,US,22,f,US,Male
376,3,0.5,Julie Byrne,US,22,f,US,Female
376,4,0.43067655807339306,Avril Lavigne,US,22,f,CA,Female
376,5,0.38685280723454163,Grouper,US,22,f,US,Female
376,6,0.3562071871080222,Kanye West,US,22,f,US,Male
376,7,0.3333333333333333,Tame Impala,US,22,f,AU,Male
376,8,0.31546487678572877,Panda Bear,US,22,f,US,Male
376,9,0.3010299956639812,Duncan Laurence,US,22,f,NL,Male
376,10,0.2890648263178879,Devin Townsend,US,22,f,CA,Male
377,1,1.0,Gil Scott-Heron,BE,36,m,US,Male
377,2,0.6309297535714575,James Blake,BE,36,m,UK,Male
377,3,0.5,Robyn,BE,36,m,SE,Female
377,4,0.43067655807339306,Elliott Smith,BE,36,m,US,Male
377,5,0.38685280723454163,PJ Harvey,BE,36,m,UK,Female
377,6,0.3562071871080222,Tame Impala,BE,36,m,AU,Male
377,7,0.3333333333333333,Caribou,BE,36,m,CA,Male
377,8,0.31546487678572877,Damien Jurado,BE,36,m,US,Male
377,9,0.3010299956639812,Tame Impala,BE,36,m,AU,Male
377,10,0.2890648263178879,The Tallest Man on Earth,BE,36,m,SE,Male
378,1,1.0,Ariana Grande,ES,23,m,US,Female
378,2,0.6309297535714575,Machine Head,ES,23,m,JP,Male
378,3,0.5,Noisestorm,ES,23,m,IE,Male
378,4,0.43067655807339306,Perturbator,ES,23,m,FR,Male
378,5,0.38685280723454163,Michael Jackson,ES,23,m,US,Male
378,6,0.3562071871080222,Madonna,ES,23,m,US,Female
378,7,0.3333333333333333,Kelis,ES,23,m,US,Female
378,8,0.31546487678572877,Taylor Swift,ES,23,m,US,Female
378,9,0.3010299956639812,Grimes,ES,23,m,CA,Female
378,10,0.2890648263178879,Lisa Miskovsky,ES,23,m,SE,Female
379,1,1.0,David Bowie,RU,95,m,UK,Male
379,2,0.6309297535714575,The Kinks,RU,95,m,US,Male
379,3,0.5,Rush,RU,95,m,US,Male
379,4,0.43067655807339306,David Bowie,RU,95,m,UK,Male
379,5,0.38685280723454163,Rush,RU,95,m,US,Male
379,6,0.3562071871080222,David Bowie,RU,95,m,UK,Male
379,7,0.3333333333333333,Marilyn Manson,RU,95,m,US,Male
379,8,0.31546487678572877,Rush,RU,95,m,US,Male
379,9,0.3010299956639812,Ozzy Osbourne,RU,95,m,UK,Male
379,10,0.2890648263178879,Devin Townsend,RU,95,m,CA,Male
380,1,1.0,Grimes,NO,21,m,CA,Female
380,2,0.6309297535714575,Queen,NO,21,m,JP,Female
380,3,0.5,Moby,NO,21,m,US,Male
380,4,0.43067655807339306,Miley Cyrus,NO,21,m,US,Non-binary
380,5,0.38685280723454163,Rihanna,NO,21,m,UK,Female
380,6,0.3562071871080222,Ozzy Osbourne,NO,21,m,UK,Male
380,7,0.3333333333333333,Björk,NO,21,m,IS,Female
380,8,0.31546487678572877,Billy Joel,NO,21,m,US,Male
380,9,0.3010299956639812,Justin Timberlake,NO,21,m,US,Male
380,10,0.2890648263178879,Bob Marley & The Wailers,NO,21,m,JM,Male
381,1,1.0,Bill Callahan,RS,40,f,US,Male
381,2,0.6309297535714575,Feist,RS,40,f,CA,Female
381,3,0.5,Caribou,RS,40,f,CA,Male
381,4,0.43067655807339306,Damien Jurado,RS,40,f,US,Male
381,5,0.38685280723454163,Laura Branigan,RS,40,f,US,Female
381,6,0.3562071871080222,AFI,RS,40,f,US,Female
381,7,0.3333333333333333,Gil Scott-Heron,RS,40,f,US,Male
381,8,0.31546487678572877,Jay Reatard,RS,40,f,US,Male
381,9,0.3010299956639812,Devin Townsend,RS,40,f,CA,Male
381,10,0.2890648263178879,Angel Olsen,RS,40,f,US,Female
382,1,1.0,Kelis,SE,24,m,US,Female
382,2,0.6309297535714575,Ariana Grande,SE,24,m,US,Female
382,3,0.5,Michael Jackson,SE,24,m,US,Male
382,4,0.43067655807339306,Shawn Mendes,SE,24,m,CA,Male
382,5,0.38685280723454163,James Blake,SE,24,m,UK,Male
382,6,0.3562071871080222,Beyoncé,SE,24,m,US,Female
382,7,0.3333333333333333,Taylor Swift,SE,24,m,US,Female
382,8,0.31546487678572877,Ice Cube,SE,24,m,US,Male
382,9,0.3010299956639812,Madonna,SE,24,m,US,Female
382,10,0.2890648263178879,Kelly Clarkson,SE,24,m,US,Female
383,1,1.0,DJ Shadow,AU,26,f,US,Male
383,2,0.6309297535714575,Noisestorm,AU,26,f,IE,Male
383,3,0.5,Grimes,AU,26,f,CA,Female
383,4,0.43067655807339306,Machine Head,AU,26,f,JP,Male
383,5,0.38685280723454163,Lorde,AU,26,f,NZ,Female
383,6,0.3562071871080222,Father John Misty,AU,26,f,US,Male
383,7,0.3333333333333333,Perturbator,AU,26,f,FR,Male
383,8,0.31546487678572877,Rod Stewart,AU,26,f,UK,Male
383,9,0.3010299956639812,Michael Jackson,AU,26,f,US,Male
383,10,0.2890648263178879,Lisa Miskovsky,AU,26,f,SE,Female
384,1,1.0,Guilherme Arantes,BR,23,m,BR,Male
384,2,0.6309297535714575,Frejat,BR,23,m,BR,Male
384,3,0.5,Grimes,BR,23,m,CA,Female
384,4,0.43067655807339306,Björk,BR,23,m,IS,Female
384,5,0.38685280723454163,Kurt Vile,BR,23,m,US,Male
384,6,0.3562071871080222,Milton Nascimento,BR,23,m,BR,Male
384,7,0.3333333333333333,Lana Del Rey,BR,23,m,US,Female
384,8,0.31546487678572877,Four Tet,BR,23,m,UK,Male
384,9,0.3010299956639812,Astrud Gilberto,BR,23,m,BR,Female
384,10,0.2890648263178879,Gonzaguinha,BR,23,m,BR,Male
385,1,1.0,Serj Tankian,US,36,m,US,Male
385,2,0.6309297535714575,Michael Jackson,US,36,m,US,Male
385,3,0.5,Carpenter Brut,US,36,m,FR,Male
385,4,0.43067655807339306,Adele,US,36,m,UK,Female
385,5,0.38685280723454163,Norah Jones,US,36,m,US,Female
385,6,0.3562071871080222,Rush,US,36,m,US,Male
385,7,0.3333333333333333,Rob Zombie,US,36,m,US,Male
385,8,0.31546487678572877,Vanessa Carlton,US,36,m,US,Female
385,9,0.3010299956639812,Aaron Smith,US,36,m,US,Male
385,10,0.2890648263178879,Vitalic,US,36,m,FR,Male
386,1,1.0,Beyoncé,BR,21,m,US,Female
386,2,0.6309297535714575,Paula Abdul,BR,21,m,US,Female
386,3,0.5,Apparat,BR,21,m,DE,Male
386,4,0.43067655807339306,Frank Ocean,BR,21,m,US,Male
386,5,0.38685280723454163,Rihanna,BR,21,m,UK,Female
386,6,0.3562071871080222,Weyes Blood,BR,21,m,US,Female
386,7,0.3333333333333333,Frank Ocean,BR,21,m,US,Male
386,8,0.31546487678572877,Britney Spears,BR,21,m,US,Female
386,9,0.3010299956639812,Toro y Moi,BR,21,m,US,Male
386,10,0.2890648263178879,Weyes Blood,BR,21,m,US,Female
387,1,1.0,Queen,PL,21,m,JP,Female
387,2,0.6309297535714575,The Kinks,PL,21,m,US,Male
387,3,0.5,oOoOO,PL,21,m,US,Male
387,4,0.43067655807339306,David Bowie,PL,21,m,UK,Male
387,5,0.38685280723454163,Rush,PL,21,m,US,Male
387,6,0.3562071871080222,David Bowie,PL,21,m,UK,Male
387,7,0.3333333333333333,Queen,PL,21,m,JP,Female
387,8,0.31546487678572877,Marilyn Manson,PL,21,m,US,Male
387,9,0.3010299956639812,Belinda Carlisle,PL,21,m,US,Female
387,10,0.2890648263178879,Ozzy Osbourne,PL,21,m,UK,Male
388,1,1.0,Grouper,BR,22,m,US,Female
388,2,0.6309297535714575,Ry x,BR,22,m,AU,Male
388,3,0.5,Ariana Grande,BR,22,m,US,Female
388,4,0.43067655807339306,Nick Drake,BR,22,m,UK,Male
388,5,0.38685280723454163,Kevin Morby,BR,22,m,US,Male
388,6,0.3562071871080222,Roy Orbison,BR,22,m,US,Male
388,7,0.3333333333333333,Adele,BR,22,m,UK,Female
388,8,0.31546487678572877,Taylor Swift,BR,22,m,US,Female
388,9,0.3010299956639812,Darkside,BR,22,m,UK,Male
388,10,0.2890648263178879,Queen,BR,22,m,JP,Female
389,1,1.0,Ariana Grande,ES,28,m,US,Female
389,2,0.6309297535714575,Beyoncé,ES,28,m,US,Female
389,3,0.5,James Blake,ES,28,m,UK,Male
389,4,0.43067655807339306,Taylor Swift,ES,28,m,US,Female
389,5,0.38685280723454163,Toro y Moi,ES,28,m,US,Male
389,6,0.3562071871080222,Madonna,ES,28,m,US,Female
389,7,0.3333333333333333,Noisestorm,ES,28,m,IE,Male
389,8,0.31546487678572877,Perturbator,ES,28,m,FR,Male
389,9,0.3010299956639812,Ariana Grande,ES,28,m,US,Female
389,10,0.2890648263178879,Kelly Clarkson,ES,28,m,US,Female
390,1,1.0,Lisa Miskovsky,VA,22,m,SE,Female
390,2,0.6309297535714575,James Blake,VA,22,m,UK,Male
390,3,0.5,Rihanna,VA,22,m,UK,Female
390,4,0.43067655807339306,Machine Head,VA,22,m,JP,Male
390,5,0.38685280723454163,Kelis,VA,22,m,US,Female
390,6,0.3562071871080222,Britney Spears,VA,22,m,US,Female
390,7,0.3333333333333333,Ariana Grande,VA,22,m,US,Female
390,8,0.31546487678572877,Michael Jackson,VA,22,m,US,Male
390,9,0.3010299956639812,Gwen Stefani,VA,22,m,US,Female
390,10,0.2890648263178879,Beyoncé,VA,22,m,US,Female
391,1,1.0,AFI,BR,22,m,US,Female
391,2,0.6309297535714575,Billy Joel,BR,22,m,US,Male
391,3,0.5,Jorge Ben,BR,22,m,BR,Male
391,4,0.43067655807339306,Seal,BR,22,m,UK,Male
391,5,0.38685280723454163,John Mayer,BR,22,m,IN,Male
391,6,0.3562071871080222,Chico Buarque,BR,22,m,BR,Male
391,7,0.3333333333333333,Lana Del Rey,BR,22,m,US,Female
391,8,0.31546487678572877,Marilyn Manson,BR,22,m,US,Male
391,9,0.3010299956639812,Tim Maia,BR,22,m,BR,Male
391,10,0.2890648263178879,Sia,BR,22,m,AU,Female
393,1,1.0,Pusha T,BR,20,m,US,Male
393,2,0.6309297535714575,Lana Del Rey,BR,20,m,US,Female
393,3,0.5,Anna Calvi,BR,20,m,UK,Female
393,4,0.43067655807339306,James Blake,BR,20,m,UK,Male
393,5,0.38685280723454163,Damien Jurado,BR,20,m,US,Male
393,6,0.3562071871080222,Billy Joel,BR,20,m,US,Male
393,7,0.3333333333333333,Kanye West,BR,20,m,US,Male
393,8,0.31546487678572877,Beck,BR,20,m,DK,Male
393,9,0.3010299956639812,Perfume Genius,BR,20,m,US,Male
393,10,0.2890648263178879,Kendrick Lamar,BR,20,m,US,Male
394,1,1.0,Ry x,FR,27,m,AU,Male
394,2,0.6309297535714575,Devin Townsend,FR,27,m,CA,Male
394,3,0.5,Kevin Morby,FR,27,m,US,Male
394,4,0.43067655807339306,Avril Lavigne,FR,27,m,CA,Female
394,5,0.38685280723454163,Queen,FR,27,m,JP,Female
394,6,0.3562071871080222,Britney Spears,FR,27,m,US,Female
394,7,0.3333333333333333,Dean Blunt,FR,27,m,UK,Male
394,8,0.31546487678572877,Michael Sembello,FR,27,m,US,Male
394,9,0.3010299956639812,Eagle-Eye Cherry,FR,27,m,SE,Male
394,10,0.2890648263178879,John Mayer,FR,27,m,IN,Male
395,1,1.0,Daniel Avery,SE,21,m,UK,Male
395,2,0.6309297535714575,Roy Orbison,SE,21,m,US,Male
395,3,0.5,Dean Blunt,SE,21,m,UK,Male
395,4,0.43067655807339306,Ariana Grande,SE,21,m,US,Female
395,5,0.38685280723454163,Leonard Cohen,SE,21,m,CA,Male
395,6,0.3562071871080222,Marilyn Manson,SE,21,m,US,Male
395,7,0.3333333333333333,Sharon Van Etten,SE,21,m,US,Female
395,8,0.31546487678572877,Kendrick Lamar,SE,21,m,US,Male
395,9,0.3010299956639812,Seal,SE,21,m,UK,Male
395,10,0.2890648263178879,Mac DeMarco,SE,21,m,CA,Male
396,1,1.0,John Mayer,US,18,f,IN,Male
396,2,0.6309297535714575,Rihanna,US,18,f,UK,Female
396,3,0.5,Rob Zombie,US,18,f,US,Male
396,4,0.43067655807339306,Adele,US,18,f,UK,Female
396,5,0.38685280723454163,Ariana Grande,US,18,f,US,Female
396,6,0.3562071871080222,Norah Jones,US,18,f,US,Female
396,7,0.3333333333333333,Britney Spears,US,18,f,US,Female
396,8,0.31546487678572877,Aaron Smith,US,18,f,US,Male
396,9,0.3010299956639812,Adele,US,18,f,UK,Female
396,10,0.2890648263178879,Ariana Grande,US,18,f,US,Female
397,1,1.0,Tycho,UK,24,m,US,Male
397,2,0.6309297535714575,Kacey Musgraves,UK,24,m,US,Female
397,3,0.5,Mr.Kitty,UK,24,m,US,Male
397,4,0.43067655807339306,Kelis,UK,24,m,US,Female
397,5,0.38685280723454163,Four Tet,UK,24,m,UK,Male
397,6,0.3562071871080222,Armin van Buuren,UK,24,m,NL,Male
397,7,0.3333333333333333,Madonna,UK,24,m,US,Female
397,8,0.31546487678572877,Moby,UK,24,m,US,Male
397,9,0.3010299956639812,Thom Yorke,UK,24,m,UK,Male
397,10,0.2890648263178879,Aldous Harding,UK,24,m,NZ,Female
398,1,1.0,Anna Calvi,HK,17,m,UK,Female
398,2,0.6309297535714575,Pusha T,HK,17,m,US,Male
398,3,0.5,Devin Townsend,HK,17,m,CA,Male
398,4,0.43067655807339306,Jimi Hendrix,HK,17,m,US,Male
398,5,0.38685280723454163,PJ Harvey,HK,17,m,UK,Female
398,6,0.3562071871080222,Nick Drake,HK,17,m,UK,Male
398,7,0.3333333333333333,Perfume Genius,HK,17,m,US,Male
398,8,0.31546487678572877,Robyn,HK,17,m,SE,Female
398,9,0.3010299956639812,Julee Cruise,HK,17,m,US,Female
398,10,0.2890648263178879,Damien Jurado,HK,17,m,US,Male
399,1,1.0,Ariana Grande,RU,24,m,US,Female
399,2,0.6309297535714575,Machine Head,RU,24,m,JP,Male
399,3,0.5,Beyoncé,RU,24,m,US,Female
399,4,0.43067655807339306,James Blake,RU,24,m,UK,Male
399,5,0.38685280723454163,Kelis,RU,24,m,US,Female
399,6,0.3562071871080222,Gwen Stefani,RU,24,m,US,Female
399,7,0.3333333333333333,Taylor Swift,RU,24,m,US,Female
399,8,0.31546487678572877,Michael Jackson,RU,24,m,US,Male
399,9,0.3010299956639812,Madonna,RU,24,m,US,Female
399,10,0.2890648263178879,Lisa Miskovsky,RU,24,m,SE,Female
400,1,1.0,Aaron Smith,DE,24,m,US,Male
400,2,0.6309297535714575,Bob Marley & The Wailers,DE,24,m,JM,Male
400,3,0.5,Rush,DE,24,m,US,Male
400,4,0.43067655807339306,Gwen Stefani,DE,24,m,US,Female
400,5,0.38685280723454163,Vitalic,DE,24,m,FR,Male
400,6,0.3562071871080222,Nik Kershaw,DE,24,m,UK,Male
400,7,0.3333333333333333,Perturbator,DE,24,m,FR,Male
400,8,0.31546487678572877,Taylor Swift,DE,24,m,US,Female
400,9,0.3010299956639812,Machine Head,DE,24,m,JP,Male
400,10,0.2890648263178879,Noisestorm,DE,24,m,IE,Male
401,1,1.0,Michael Jackson,US,22,m,US,Male
401,2,0.6309297535714575,Bob Marley & The Wailers,US,22,m,JM,Male
401,3,0.5,Aaron Smith,US,22,m,US,Male
401,4,0.43067655807339306,Rush,US,22,m,US,Male
401,5,0.38685280723454163,Toro y Moi,US,22,m,US,Male
401,6,0.3562071871080222,Rush,US,22,m,US,Male
401,7,0.3333333333333333,James Blake,US,22,m,UK,Male
401,8,0.31546487678572877,Carpenter Brut,US,22,m,FR,Male
401,9,0.3010299956639812,Sia,US,22,m,AU,Female
401,10,0.2890648263178879,Vitalic,US,22,m,FR,Male
402,1,1.0,Ariana Grande,DE,22,m,US,Female
402,2,0.6309297535714575,Ariana Grande,DE,22,m,US,Female
402,3,0.5,Rihanna,DE,22,m,UK,Female
402,4,0.43067655807339306,Machine Head,DE,22,m,JP,Male
402,5,0.38685280723454163,Noisestorm,DE,22,m,IE,Male
402,6,0.3562071871080222,Shawn Mendes,DE,22,m,CA,Male
402,7,0.3333333333333333,Troye Sivan,DE,22,m,AU,Male
402,8,0.31546487678572877,Ariana Grande,DE,22,m,US,Female
402,9,0.3010299956639812,Michael Jackson,DE,22,m,US,Male
402,10,0.2890648263178879,Rod Stewart,DE,22,m,UK,Male
403,1,1.0,Vitalic,IR,32,m,FR,Male
403,2,0.6309297535714575,Perturbator,IR,32,m,FR,Male
403,3,0.5,James Blake,IR,32,m,UK,Male
403,4,0.43067655807339306,Michael Jackson,IR,32,m,US,Male
403,5,0.38685280723454163,Ariana Grande,IR,32,m,US,Female
403,6,0.3562071871080222,J Balvin,IR,32,m,CO,Male
403,7,0.3333333333333333,Noisestorm,IR,32,m,IE,Male
403,8,0.31546487678572877,Ariana Grande,IR,32,m,US,Female
403,9,0.3010299956639812,Lisa Miskovsky,IR,32,m,SE,Female
403,10,0.2890648263178879,Troye Sivan,IR,32,m,AU,Male
404,1,1.0,Kelis,UK,20,f,US,Female
404,2,0.6309297535714575,Taylor Swift,UK,20,f,US,Female
404,3,0.5,Madonna,UK,20,f,US,Female
404,4,0.43067655807339306,Kacey Musgraves,UK,20,f,US,Female
404,5,0.38685280723454163,Ariana Grande,UK,20,f,US,Female
404,6,0.3562071871080222,Mr.Kitty,UK,20,f,US,Male
404,7,0.3333333333333333,Father John Misty,UK,20,f,US,Male
404,8,0.31546487678572877,Tycho,UK,20,f,US,Male
404,9,0.3010299956639812,Jonathan Davis,UK,20,f,US,Male
404,10,0.2890648263178879,Kelly Clarkson,UK,20,f,US,Female
406,1,1.0,Anna Calvi,PL,16,m,UK,Female
406,2,0.6309297535714575,Billy Joel,PL,16,m,US,Male
406,3,0.5,Bill Callahan,PL,16,m,US,Male
406,4,0.43067655807339306,James Blake,PL,16,m,UK,Male
406,5,0.38685280723454163,Gil Scott-Heron,PL,16,m,US,Male
406,6,0.3562071871080222,Ry x,PL,16,m,AU,Male
406,7,0.3333333333333333,Tame Impala,PL,16,m,AU,Male
406,8,0.31546487678572877,Lil Nas X,PL,16,m,US,Male
406,9,0.3010299956639812,Pusha T,PL,16,m,US,Male
406,10,0.2890648263178879,Laura Branigan,PL,16,m,US,Female
407,1,1.0,Vitalic,US,25,m,FR,Male
407,2,0.6309297535714575,Ice Cube,US,25,m,US,Male
407,3,0.5,Nik Kershaw,US,25,m,UK,Male
407,4,0.43067655807339306,Machine Head,US,25,m,JP,Male
407,5,0.38685280723454163,Kacey Musgraves,US,25,m,US,Female
407,6,0.3562071871080222,Perturbator,US,25,m,FR,Male
407,7,0.3333333333333333,Troye Sivan,US,25,m,AU,Male
407,8,0.31546487678572877,Mariah Carey,US,25,m,US,Female
407,9,0.3010299956639812,Michael Jackson,US,25,m,US,Male
407,10,0.2890648263178879,Noisestorm,US,25,m,IE,Male
408,1,1.0,Michael Jackson,BR,25,m,US,Male
408,2,0.6309297535714575,Shawn Mendes,BR,25,m,CA,Male
408,3,0.5,Mariah Carey,BR,25,m,US,Female
408,4,0.43067655807339306,Troye Sivan,BR,25,m,AU,Male
408,5,0.38685280723454163,Ariana Grande,BR,25,m,US,Female
408,6,0.3562071871080222,Jonathan Davis,BR,25,m,US,Male
408,7,0.3333333333333333,James Blake,BR,25,m,UK,Male
408,8,0.31546487678572877,Sia,BR,25,m,AU,Female
408,9,0.3010299956639812,Ed Sheeran,BR,25,m,UK,Male
408,10,0.2890648263178879,Ice Cube,BR,25,m,US,Male
409,1,1.0,Michael Jackson,BR,21,m,US,Male
409,2,0.6309297535714575,Bob Marley & The Wailers,BR,21,m,JM,Male
409,3,0.5,Toro y Moi,BR,21,m,US,Male
409,4,0.43067655807339306,Rush,BR,21,m,US,Male
409,5,0.38685280723454163,Aaron Smith,BR,21,m,US,Male
409,6,0.3562071871080222,Carpenter Brut,BR,21,m,FR,Male
409,7,0.3333333333333333,Ice Cube,BR,21,m,US,Male
409,8,0.31546487678572877,Kacey Musgraves,BR,21,m,US,Female
409,9,0.3010299956639812,Vitalic,BR,21,m,FR,Male
409,10,0.2890648263178879,Nik Kershaw,BR,21,m,UK,Male
410,1,1.0,Björk,UK,22,m,IS,Female
410,2,0.6309297535714575,Ry x,UK,22,m,AU,Male
410,3,0.5,Cass McCombs,UK,22,m,US,Male
410,4,0.43067655807339306,Oneohtrix Point Never,UK,22,m,US,Male
410,5,0.38685280723454163,Daniel Avery,UK,22,m,UK,Male
410,6,0.3562071871080222,Earl Sweatshirt,UK,22,m,US,Male
410,7,0.3333333333333333,Grouper,UK,22,m,US,Female
410,8,0.31546487678572877,Kevin Morby,UK,22,m,US,Male
410,9,0.3010299956639812,Darkside,UK,22,m,UK,Male
410,10,0.2890648263178879,Bill Callahan,UK,22,m,US,Male
411,1,1.0,Panda Bear,PL,24,m,US,Male
411,2,0.6309297535714575,Roy Orbison,PL,24,m,US,Male
411,3,0.5,Ariana Grande,PL,24,m,US,Female
411,4,0.43067655807339306,Grouper,PL,24,m,US,Female
411,5,0.38685280723454163,Kendrick Lamar,PL,24,m,US,Male
411,6,0.3562071871080222,John Martyn,PL,24,m,UK,Male
411,7,0.3333333333333333,Nick Drake,PL,24,m,UK,Male
411,8,0.31546487678572877,Jeff Buckley,PL,24,m,US,Male
411,9,0.3010299956639812,Panda Bear,PL,24,m,US,Male
411,10,0.2890648263178879,Anna Calvi,PL,24,m,UK,Female
412,1,1.0,Bob Marley & The Wailers,UA,33,m,JM,Male
412,2,0.6309297535714575,Adele,UA,33,m,UK,Female
412,3,0.5,Taylor Swift,UA,33,m,US,Female
412,4,0.43067655807339306,Earl Sweatshirt,UA,33,m,US,Male
412,5,0.38685280723454163,Kevin Morby,UA,33,m,US,Male
412,6,0.3562071871080222,Ariana Grande,UA,33,m,US,Female
412,7,0.3333333333333333,Darkside,UA,33,m,UK,Male
412,8,0.31546487678572877,Marilyn Manson,UA,33,m,US,Male
412,9,0.3010299956639812,Ozzy Osbourne,UA,33,m,UK,Male
412,10,0.2890648263178879,Chris Isaak,UA,33,m,US,Male
413,1,1.0,Ariana Grande,IL,21,m,US,Female
413,2,0.6309297535714575,Weyes Blood,IL,21,m,US,Female
413,3,0.5,Frank Ocean,IL,21,m,US,Male
413,4,0.43067655807339306,Frank Ocean,IL,21,m,US,Male
413,5,0.38685280723454163,John Mayer,IL,21,m,IN,Male
413,6,0.3562071871080222,Jessica Pratt,IL,21,m,US,Female
413,7,0.3333333333333333,Björk,IL,21,m,IS,Female
413,8,0.31546487678572877,Miley Cyrus,IL,21,m,US,Non-binary
413,9,0.3010299956639812,Beyoncé,IL,21,m,US,Female
413,10,0.2890648263178879,Vitalic,IL,21,m,FR,Male
414,1,1.0,Queen,US,20,m,JP,Female
414,2,0.6309297535714575,Carpenter Brut,US,20,m,FR,Male
414,3,0.5,Vanessa Carlton,US,20,m,US,Female
414,4,0.43067655807339306,Serj Tankian,US,20,m,US,Male
414,5,0.38685280723454163,Michael Jackson,US,20,m,US,Male
414,6,0.3562071871080222,Queen,US,20,m,JP,Female
414,7,0.3333333333333333,Red,US,20,m,PL,Male
414,8,0.31546487678572877,James Blake,US,20,m,UK,Male
414,9,0.3010299956639812,Bob Marley & The Wailers,US,20,m,JM,Male
414,10,0.2890648263178879,Aaron Smith,US,20,m,US,Male
415,1,1.0,Vitalic,NL,20,f,FR,Male
415,2,0.6309297535714575,Noisestorm,NL,20,f,IE,Male
415,3,0.5,Machine Head,NL,20,f,JP,Male
415,4,0.43067655807339306,Perturbator,NL,20,f,FR,Male
415,5,0.38685280723454163,Shawn Mendes,NL,20,f,CA,Male
415,6,0.3562071871080222,Toro y Moi,NL,20,f,US,Male
415,7,0.3333333333333333,Michael Jackson,NL,20,f,US,Male
415,8,0.31546487678572877,James Blake,NL,20,f,UK,Male
415,9,0.3010299956639812,Lisa Miskovsky,NL,20,f,SE,Female
415,10,0.2890648263178879,Troye Sivan,NL,20,f,AU,Male
416,1,1.0,Bob Marley & The Wailers,BR,25,f,JM,Male
416,2,0.6309297535714575,Aaron Smith,BR,25,f,US,Male
416,3,0.5,Lorde,BR,25,f,NZ,Female
416,4,0.43067655807339306,James Blake,BR,25,f,UK,Male
416,5,0.38685280723454163,Shawn Mendes,BR,25,f,CA,Male
416,6,0.3562071871080222,J Balvin,BR,25,f,CO,Male
416,7,0.3333333333333333,Nik Kershaw,BR,25,f,UK,Male
416,8,0.31546487678572877,Vitalic,BR,25,f,FR,Male
416,9,0.3010299956639812,Britney Spears,BR,25,f,US,Female
416,10,0.2890648263178879,Toro y Moi,BR,25,f,US,Male
417,1,1.0,Kevin Morby,BR,19,m,US,Male
417,2,0.6309297535714575,Grouper,BR,19,m,US,Female
417,3,0.5,AFI,BR,19,m,US,Female
417,4,0.43067655807339306,Earl Sweatshirt,BR,19,m,US,Male
417,5,0.38685280723454163,Caribou,BR,19,m,CA,Male
417,6,0.3562071871080222,Darkside,BR,19,m,UK,Male
417,7,0.3333333333333333,Sufjan Stevens,BR,19,m,US,Male
417,8,0.31546487678572877,RuPaul,BR,19,m,US,Female
417,9,0.3010299956639812,Roy Orbison,BR,19,m,US,Male
417,10,0.2890648263178879,Kanye West,BR,19,m,US,Male
419,1,1.0,Norah Jones,UK,21,m,US,Female
419,2,0.6309297535714575,Lisa Miskovsky,UK,21,m,SE,Female
419,3,0.5,Paula Abdul,UK,21,m,US,Female
419,4,0.43067655807339306,Ozzy Osbourne,UK,21,m,UK,Male
419,5,0.38685280723454163,Nik Kershaw,UK,21,m,UK,Male
419,6,0.3562071871080222,Rihanna,UK,21,m,UK,Female
419,7,0.3333333333333333,Adele,UK,21,m,UK,Female
419,8,0.31546487678572877,Britney Spears,UK,21,m,US,Female
419,9,0.3010299956639812,Toro y Moi,UK,21,m,US,Male
419,10,0.2890648263178879,Britney Spears,UK,21,m,US,Female
420,1,1.0,Adele,DE,34,m,UK,Female
420,2,0.6309297535714575,Ariana Grande,DE,34,m,US,Female
420,3,0.5,Paula Abdul,DE,34,m,US,Female
420,4,0.43067655807339306,Rihanna,DE,34,m,UK,Female
420,5,0.38685280723454163,Kelis,DE,34,m,US,Female
420,6,0.3562071871080222,Britney Spears,DE,34,m,US,Female
420,7,0.3333333333333333,James Blake,DE,34,m,UK,Male
420,8,0.31546487678572877,Machine Head,DE,34,m,JP,Male
420,9,0.3010299956639812,Perturbator,DE,34,m,FR,Male
420,10,0.2890648263178879,Toro y Moi,DE,34,m,US,Male
421,1,1.0,Bob Marley & The Wailers,PL,24,m,JM,Male
421,2,0.6309297535714575,Ariana Grande,PL,24,m,US,Female
421,3,0.5,Adele,PL,24,m,UK,Female
421,4,0.43067655807339306,Paula Abdul,PL,24,m,US,Female
421,5,0.38685280723454163,Janelle Monáe,PL,24,m,US,Non-binary
421,6,0.3562071871080222,Norah Jones,PL,24,m,US,Female
421,7,0.3333333333333333,Nik Kershaw,PL,24,m,UK,Male
421,8,0.31546487678572877,Britney Spears,PL,24,m,US,Female
421,9,0.3010299956639812,Machine Head,PL,24,m,JP,Male
421,10,0.2890648263178879,Ariana Grande,PL,24,m,US,Female
422,1,1.0,Rush,NL,22,f,US,Male
422,2,0.6309297535714575,Bob Marley & The Wailers,NL,22,f,JM,Male
422,3,0.5,Serj Tankian,NL,22,f,US,Male
422,4,0.43067655807339306,Aaron Smith,NL,22,f,US,Male
422,5,0.38685280723454163,Carpenter Brut,NL,22,f,FR,Male
422,6,0.3562071871080222,Machine Head,NL,22,f,JP,Male
422,7,0.3333333333333333,Vitalic,NL,22,f,FR,Male
422,8,0.31546487678572877,DJ Shadow,NL,22,f,US,Male
422,9,0.3010299956639812,Noisestorm,NL,22,f,IE,Male
422,10,0.2890648263178879,Nik Kershaw,NL,22,f,UK,Male
424,1,1.0,Carpenter Brut,TR,23,f,FR,Male
424,2,0.6309297535714575,Vitalic,TR,23,f,FR,Male
424,3,0.5,Machine Head,TR,23,f,JP,Male
424,4,0.43067655807339306,Perturbator,TR,23,f,FR,Male
424,5,0.38685280723454163,Grimes,TR,23,f,CA,Female
424,6,0.3562071871080222,Michael Jackson,TR,23,f,US,Male
424,7,0.3333333333333333,Sia,TR,23,f,AU,Female
424,8,0.31546487678572877,Nicki Minaj,TR,23,f,US,Female
424,9,0.3010299956639812,Noisestorm,TR,23,f,IE,Male
424,10,0.2890648263178879,Sia,TR,23,f,AU,Female
427,1,1.0,Thom Yorke,NL,40,m,UK,Male
427,2,0.6309297535714575,Queen,NL,40,m,JP,Female
427,3,0.5,Venom,NL,40,m,UK,Male
427,4,0.43067655807339306,Queen,NL,40,m,JP,Female
427,5,0.38685280723454163,Queen,NL,40,m,JP,Female
427,6,0.3562071871080222,Patti Smith,NL,40,m,US,Female
427,7,0.3333333333333333,Queen,NL,40,m,JP,Female
427,8,0.31546487678572877,KT Tunstall,NL,40,m,UK,Female
427,9,0.3010299956639812,Vashti Bunyan,NL,40,m,UK,Female
427,10,0.2890648263178879,Ozzy Osbourne,NL,40,m,UK,Male
428,1,1.0,Leonard Cohen,NU,21,f,CA,Male
428,2,0.6309297535714575,Sharon Van Etten,NU,21,f,US,Female
428,3,0.5,Mac DeMarco,NU,21,f,CA,Male
428,4,0.43067655807339306,Grouper,NU,21,f,US,Female
428,5,0.38685280723454163,Sufjan Stevens,NU,21,f,US,Male
428,6,0.3562071871080222,Roy Orbison,NU,21,f,US,Male
428,7,0.3333333333333333,Panda Bear,NU,21,f,US,Male
428,8,0.31546487678572877,John Mayer,NU,21,f,IN,Male
428,9,0.3010299956639812,Devin Townsend,NU,21,f,CA,Male
428,10,0.2890648263178879,Kanye West,NU,21,f,US,Male
429,1,1.0,Vitalic,RU,26,m,FR,Male
429,2,0.6309297535714575,Nik Kershaw,RU,26,m,UK,Male
429,3,0.5,Beyoncé,RU,26,m,US,Female
429,4,0.43067655807339306,Ariana Grande,RU,26,m,US,Female
429,5,0.38685280723454163,Perturbator,RU,26,m,FR,Male
429,6,0.3562071871080222,Kelis,RU,26,m,US,Female
429,7,0.3333333333333333,Gwen Stefani,RU,26,m,US,Female
429,8,0.31546487678572877,James Blake,RU,26,m,UK,Male
429,9,0.3010299956639812,Noisestorm,RU,26,m,IE,Male
429,10,0.2890648263178879,Lisa Miskovsky,RU,26,m,SE,Female
430,1,1.0,Bill Callahan,ES,39,m,US,Male
430,2,0.6309297535714575,Tame Impala,ES,39,m,AU,Male
430,3,0.5,James Blake,ES,39,m,UK,Male
430,4,0.43067655807339306,Gil Scott-Heron,ES,39,m,US,Male
430,5,0.38685280723454163,Oneohtrix Point Never,ES,39,m,US,Male
430,6,0.3562071871080222,Nick Drake,ES,39,m,UK,Male
430,7,0.3333333333333333,Damien Jurado,ES,39,m,US,Male
430,8,0.31546487678572877,Sharon Van Etten,ES,39,m,US,Female
430,9,0.3010299956639812,Oneohtrix Point Never,ES,39,m,US,Male
430,10,0.2890648263178879,Ty Segall,ES,39,m,US,Male
431,1,1.0,Adele,US,26,f,UK,Female
431,2,0.6309297535714575,Ke$ha,US,26,f,US,Female
431,3,0.5,Hilary Duff,US,26,f,US,Female
431,4,0.43067655807339306,Rita Ora,US,26,f,UK,Female
431,5,0.38685280723454163,Roy Orbison,US,26,f,US,Male
431,6,0.3562071871080222,Rihanna,US,26,f,UK,Female
431,7,0.3333333333333333,Rihanna,US,26,f,UK,Female
431,8,0.31546487678572877,Ariana Grande,US,26,f,US,Female
431,9,0.3010299956639812,Nicki Minaj,US,26,f,US,Female
431,10,0.2890648263178879,Taylor Swift,US,26,f,US,Female
432,1,1.0,Carpenter Brut,VN,23,m,FR,Male
432,2,0.6309297535714575,Carpenter Brut,VN,23,m,FR,Male
432,3,0.5,Rush,VN,23,m,US,Male
432,4,0.43067655807339306,Ozzy Osbourne,VN,23,m,UK,Male
432,5,0.38685280723454163,Eminem,VN,23,m,US,Male
432,6,0.3562071871080222,Chris Isaak,VN,23,m,US,Male
432,7,0.3333333333333333,Mayhem,VN,23,m,CA,Female
432,8,0.31546487678572877,Tame Impala,VN,23,m,AU,Male
432,9,0.3010299956639812,Aaron Smith,VN,23,m,US,Male
432,10,0.2890648263178879,Elvis Presley,VN,23,m,US,Male
433,1,1.0,Earl Sweatshirt,DE,32,f,US,Male
433,2,0.6309297535714575,Kevin Morby,DE,32,f,US,Male
433,3,0.5,Ariana Grande,DE,32,f,US,Female
433,4,0.43067655807339306,Caribou,DE,32,f,CA,Male
433,5,0.38685280723454163,Dean Blunt,DE,32,f,UK,Male
433,6,0.3562071871080222,Leonard Cohen,DE,32,f,CA,Male
433,7,0.3333333333333333,Haddaway,DE,32,f,DE,Male
433,8,0.31546487678572877,Sharon Van Etten,DE,32,f,US,Female
433,9,0.3010299956639812,Chuck Berry,DE,32,f,US,Male
433,10,0.2890648263178879,M. Ward,DE,32,f,US,Male
434,1,1.0,Bob Marley & The Wailers,RU,25,m,JM,Male
434,2,0.6309297535714575,Blue Stahli,RU,25,m,US,Male
434,3,0.5,Marilyn Manson,RU,25,m,US,Male
434,4,0.43067655807339306,Beck,RU,25,m,DK,Male
434,5,0.38685280723454163,Dolly Parton,RU,25,m,US,Female
434,6,0.3562071871080222,Marilyn Manson,RU,25,m,US,Male
434,7,0.3333333333333333,Edwyn Collins,RU,25,m,UK,Male
434,8,0.31546487678572877,Chuck Berry,RU,25,m,US,Male
434,9,0.3010299956639812,Bryan Adams,RU,25,m,CA,Male
434,10,0.2890648263178879,Carpenter Brut,RU,25,m,FR,Male
435,1,1.0,Paula Abdul,FI,18,f,US,Female
435,2,0.6309297535714575,Adele,FI,18,f,UK,Female
435,3,0.5,Norah Jones,FI,18,f,US,Female
435,4,0.43067655807339306,Britney Spears,FI,18,f,US,Female
435,5,0.38685280723454163,Rihanna,FI,18,f,UK,Female
435,6,0.3562071871080222,Ariana Grande,FI,18,f,US,Female
435,7,0.3333333333333333,Kelis,FI,18,f,US,Female
435,8,0.31546487678572877,Beyoncé,FI,18,f,US,Female
435,9,0.3010299956639812,Jonathan Davis,FI,18,f,US,Male
435,10,0.2890648263178879,Gwen Stefani,FI,18,f,US,Female
436,1,1.0,Ozzy Osbourne,BY,26,m,UK,Male
436,2,0.6309297535714575,Queen,BY,26,m,JP,Female
436,3,0.5,Blue Stahli,BY,26,m,US,Male
436,4,0.43067655807339306,Carpenter Brut,BY,26,m,FR,Male
436,5,0.38685280723454163,Marilyn Manson,BY,26,m,US,Male
436,6,0.3562071871080222,Vanessa Carlton,BY,26,m,US,Female
436,7,0.3333333333333333,Serj Tankian,BY,26,m,US,Male
436,8,0.31546487678572877,Michael Jackson,BY,26,m,US,Male
436,9,0.3010299956639812,Queen,BY,26,m,JP,Female
436,10,0.2890648263178879,James Blake,BY,26,m,UK,Male
437,1,1.0,Bill Callahan,FR,23,m,US,Male
437,2,0.6309297535714575,AFI,FR,23,m,US,Female
437,3,0.5,Ariana Grande,FR,23,m,US,Female
437,4,0.43067655807339306,Kendrick Lamar,FR,23,m,US,Male
437,5,0.38685280723454163,Jay Reatard,FR,23,m,US,Male
437,6,0.3562071871080222,Kendrick Lamar,FR,23,m,US,Male
437,7,0.3333333333333333,MF DOOM,FR,23,m,US,Male
437,8,0.31546487678572877,Sharon Van Etten,FR,23,m,US,Female
437,9,0.3010299956639812,Kevin Morby,FR,23,m,US,Male
437,10,0.2890648263178879,Mitski,FR,23,m,US,Female
438,1,1.0,Perturbator,UK,30,m,FR,Male
438,2,0.6309297535714575,Kelis,UK,30,m,US,Female
438,3,0.5,Gwen Stefani,UK,30,m,US,Female
438,4,0.43067655807339306,Noisestorm,UK,30,m,IE,Male
438,5,0.38685280723454163,Taylor Swift,UK,30,m,US,Female
438,6,0.3562071871080222,Kacey Musgraves,UK,30,m,US,Female
438,7,0.3333333333333333,Lisa Miskovsky,UK,30,m,SE,Female
438,8,0.31546487678572877,Madonna,UK,30,m,US,Female
438,9,0.3010299956639812,Ariana Grande,UK,30,m,US,Female
438,10,0.2890648263178879,Tycho,UK,30,m,US,Male
439,1,1.0,Perturbator,IT,23,f,FR,Male
439,2,0.6309297535714575,Shawn Mendes,IT,23,f,CA,Male
439,3,0.5,Machine Head,IT,23,f,JP,Male
439,4,0.43067655807339306,Lisa Miskovsky,IT,23,f,SE,Female
439,5,0.38685280723454163,Michael Jackson,IT,23,f,US,Male
439,6,0.3562071871080222,James Blake,IT,23,f,UK,Male
439,7,0.3333333333333333,Troye Sivan,IT,23,f,AU,Male
439,8,0.31546487678572877,Sia,IT,23,f,AU,Female
439,9,0.3010299956639812,Sia,IT,23,f,AU,Female
439,10,0.2890648263178879,Sia,IT,23,f,AU,Female
440,1,1.0,Ariana Grande,FR,23,m,US,Female
440,2,0.6309297535714575,Bob Marley & The Wailers,FR,23,m,JM,Male
440,3,0.5,Queen,FR,23,m,JP,Female
440,4,0.43067655807339306,Elvis Presley,FR,23,m,US,Male
440,5,0.38685280723454163,Marilyn Manson,FR,23,m,US,Male
440,6,0.3562071871080222,Sia,FR,23,m,AU,Female
440,7,0.3333333333333333,Justin Timberlake,FR,23,m,US,Male
440,8,0.31546487678572877,Beyoncé,FR,23,m,US,Female
440,9,0.3010299956639812,Eminem,FR,23,m,US,Male
440,10,0.2890648263178879,Corinne Bailey Rae,FR,23,m,UK,Female
441,1,1.0,Kelis,PL,27,m,US,Female
441,2,0.6309297535714575,Mr.Kitty,PL,27,m,US,Male
441,3,0.5,Ariana Grande,PL,27,m,US,Female
441,4,0.43067655807339306,DJ Shadow,PL,27,m,US,Male
441,5,0.38685280723454163,Grimes,PL,27,m,CA,Female
441,6,0.3562071871080222,James Blake,PL,27,m,UK,Male
441,7,0.3333333333333333,Gwen Stefani,PL,27,m,US,Female
441,8,0.31546487678572877,Armin van Buuren,PL,27,m,NL,Male
441,9,0.3010299956639812,YOB,PL,27,m,UK,Male
441,10,0.2890648263178879,Beyoncé,PL,27,m,US,Female
442,1,1.0,Sufjan Stevens,US,26,m,US,Male
442,2,0.6309297535714575,Julie Byrne,US,26,m,US,Female
442,3,0.5,Haddaway,US,26,m,DE,Male
442,4,0.43067655807339306,Avril Lavigne,US,26,m,CA,Female
442,5,0.38685280723454163,Grouper,US,26,m,US,Female
442,6,0.3562071871080222,Duncan Laurence,US,26,m,NL,Male
442,7,0.3333333333333333,Panda Bear,US,26,m,US,Male
442,8,0.31546487678572877,Anna Calvi,US,26,m,UK,Female
442,9,0.3010299956639812,Ry x,US,26,m,AU,Male
442,10,0.2890648263178879,Gil Scott-Heron,US,26,m,US,Male
443,1,1.0,Elliott Smith,BR,20,m,US,Male
443,2,0.6309297535714575,Angel Olsen,BR,20,m,US,Female
443,3,0.5,PJ Harvey,BR,20,m,UK,Female
443,4,0.43067655807339306,Ry x,BR,20,m,AU,Male
443,5,0.38685280723454163,Neko Case,BR,20,m,US,Female
443,6,0.3562071871080222,Jay Reatard,BR,20,m,US,Male
443,7,0.3333333333333333,Damien Jurado,BR,20,m,US,Male
443,8,0.31546487678572877,Tori Amos,BR,20,m,US,Female
443,9,0.3010299956639812,James Blake,BR,20,m,UK,Male
443,10,0.2890648263178879,Gil Scott-Heron,BR,20,m,US,Male
444,1,1.0,Blue Stahli,BR,20,m,US,Male
444,2,0.6309297535714575,Bob Marley & The Wailers,BR,20,m,JM,Male
444,3,0.5,Toro y Moi,BR,20,m,US,Male
444,4,0.43067655807339306,Michael Jackson,BR,20,m,US,Male
444,5,0.38685280723454163,Serj Tankian,BR,20,m,US,Male
444,6,0.3562071871080222,Rush,BR,20,m,US,Male
444,7,0.3333333333333333,Rush,BR,20,m,US,Male
444,8,0.31546487678572877,J Balvin,BR,20,m,CO,Male
444,9,0.3010299956639812,Rob Zombie,BR,20,m,US,Male
444,10,0.2890648263178879,Aaron Smith,BR,20,m,US,Male
445,1,1.0,Tame Impala,US,19,m,AU,Male
445,2,0.6309297535714575,Chuck Berry,US,19,m,US,Male
445,3,0.5,Kanye West,US,19,m,US,Male
445,4,0.43067655807339306,Jenny Lewis,US,19,m,US,Female
445,5,0.38685280723454163,Ariana Grande,US,19,m,US,Female
445,6,0.3562071871080222,PJ Harvey,US,19,m,UK,Female
445,7,0.3333333333333333,Perfume Genius,US,19,m,US,Male
445,8,0.31546487678572877,Haddaway,US,19,m,DE,Male
445,9,0.3010299956639812,Travis Scott,US,19,m,US,Male
445,10,0.2890648263178879,Lana Del Rey,US,19,m,US,Female
446,1,1.0,Chuck Berry,CZ,19,m,US,Male
446,2,0.6309297535714575,Haddaway,CZ,19,m,DE,Male
446,3,0.5,Ariana Grande,CZ,19,m,US,Female
446,4,0.43067655807339306,Kanye West,CZ,19,m,US,Male
446,5,0.38685280723454163,James Blake,CZ,19,m,UK,Male
446,6,0.3562071871080222,Bill Callahan,CZ,19,m,US,Male
446,7,0.3333333333333333,Angel Olsen,CZ,19,m,US,Female
446,8,0.31546487678572877,Lana Del Rey,CZ,19,m,US,Female
446,9,0.3010299956639812,Britney Spears,CZ,19,m,US,Female
446,10,0.2890648263178879,Avril Lavigne,CZ,19,m,CA,Female
447,1,1.0,Bob Marley & The Wailers,RU,18,f,JM,Male
447,2,0.6309297535714575,Vanessa Carlton,RU,18,f,US,Female
447,3,0.5,Adele,RU,18,f,UK,Female
447,4,0.43067655807339306,John Mayer,RU,18,f,IN,Male
447,5,0.38685280723454163,Nik Kershaw,RU,18,f,UK,Male
447,6,0.3562071871080222,Adele,RU,18,f,UK,Female
447,7,0.3333333333333333,Paula Abdul,RU,18,f,US,Female
447,8,0.31546487678572877,Janelle Monáe,RU,18,f,US,Non-binary
447,9,0.3010299956639812,Britney Spears,RU,18,f,US,Female
447,10,0.2890648263178879,Norah Jones,RU,18,f,US,Female
448,1,1.0,Michael Jackson,PL,19,f,US,Male
448,2,0.6309297535714575,DJ Shadow,PL,19,f,US,Male
448,3,0.5,Taylor Swift,PL,19,f,US,Female
448,4,0.43067655807339306,Madonna,PL,19,f,US,Female
448,5,0.38685280723454163,Kacey Musgraves,PL,19,f,US,Female
448,6,0.3562071871080222,Grimes,PL,19,f,CA,Female
448,7,0.3333333333333333,Rod Stewart,PL,19,f,UK,Male
448,8,0.31546487678572877,Ariana Grande,PL,19,f,US,Female
448,9,0.3010299956639812,Mr.Kitty,PL,19,f,US,Male
448,10,0.2890648263178879,Jonathan Davis,PL,19,f,US,Male
449,1,1.0,Grimes,NL,41,m,CA,Female
449,2,0.6309297535714575,Björk,NL,41,m,IS,Female
449,3,0.5,Bob Marley & The Wailers,NL,41,m,JM,Male
449,4,0.43067655807339306,Moby,NL,41,m,US,Male
449,5,0.38685280723454163,Elvis Presley,NL,41,m,US,Male
449,6,0.3562071871080222,Ry x,NL,41,m,AU,Male
449,7,0.3333333333333333,Queen,NL,41,m,JP,Female
449,8,0.31546487678572877,Oneohtrix Point Never,NL,41,m,US,Male
449,9,0.3010299956639812,Carpenter Brut,NL,41,m,FR,Male
449,10,0.2890648263178879,Justin Timberlake,NL,41,m,US,Male
451,1,1.0,Beyoncé,BR,24,m,US,Female
451,2,0.6309297535714575,Kelis,BR,24,m,US,Female
451,3,0.5,DJ Shadow,BR,24,m,US,Male
451,4,0.43067655807339306,Grimes,BR,24,m,CA,Female
451,5,0.38685280723454163,Gwen Stefani,BR,24,m,US,Female
451,6,0.3562071871080222,Taylor Swift,BR,24,m,US,Female
451,7,0.3333333333333333,Madonna,BR,24,m,US,Female
451,8,0.31546487678572877,Kacey Musgraves,BR,24,m,US,Female
451,9,0.3010299956639812,Michael Jackson,BR,24,m,US,Male
451,10,0.2890648263178879,Ariana Grande,BR,24,m,US,Female
452,1,1.0,Toro y Moi,RU,32,m,US,Male
452,2,0.6309297535714575,Michael Jackson,RU,32,m,US,Male
452,3,0.5,James Blake,RU,32,m,UK,Male
452,4,0.43067655807339306,Kelis,RU,32,m,US,Female
452,5,0.38685280723454163,Gwen Stefani,RU,32,m,US,Female
452,6,0.3562071871080222,Ariana Grande,RU,32,m,US,Female
452,7,0.3333333333333333,Ice Cube,RU,32,m,US,Male
452,8,0.31546487678572877,Beyoncé,RU,32,m,US,Female
452,9,0.3010299956639812,Taylor Swift,RU,32,m,US,Female
452,10,0.2890648263178879,IAMX,RU,32,m,DE,Male
453,1,1.0,Madonna,BG,19,m,US,Female
453,2,0.6309297535714575,Eminem,BG,19,m,US,Male
453,3,0.5,Elvis Presley,BG,19,m,US,Male
453,4,0.43067655807339306,Queen,BG,19,m,JP,Female
453,5,0.38685280723454163,Frank Ocean,BG,19,m,US,Male
453,6,0.3562071871080222,Norah Jones,BG,19,m,US,Female
453,7,0.3333333333333333,Britney Spears,BG,19,m,US,Female
453,8,0.31546487678572877,John Mayer,BG,19,m,IN,Male
453,9,0.3010299956639812,Adele,BG,19,m,UK,Female
453,10,0.2890648263178879,Troye Sivan,BG,19,m,AU,Male
454,1,1.0,Dean Blunt,UK,20,m,UK,Male
454,2,0.6309297535714575,Leonard Cohen,UK,20,m,CA,Male
454,3,0.5,Sufjan Stevens,UK,20,m,US,Male
454,4,0.43067655807339306,Sharon Van Etten,UK,20,m,US,Female
454,5,0.38685280723454163,Mac DeMarco,UK,20,m,CA,Male
454,6,0.3562071871080222,Grouper,UK,20,m,US,Female
454,7,0.3333333333333333,Panda Bear,UK,20,m,US,Male
454,8,0.31546487678572877,M. Ward,UK,20,m,US,Male
454,9,0.3010299956639812,Ry x,UK,20,m,AU,Male
454,10,0.2890648263178879,Gil Scott-Heron,UK,20,m,US,Male
455,1,1.0,Adele,PL,19,m,UK,Female
455,2,0.6309297535714575,Rihanna,PL,19,m,UK,Female
455,3,0.5,Nik Kershaw,PL,19,m,UK,Male
455,4,0.43067655807339306,Britney Spears,PL,19,m,US,Female
455,5,0.38685280723454163,Beyoncé,PL,19,m,US,Female
455,6,0.3562071871080222,Perturbator,PL,19,m,FR,Male
455,7,0.3333333333333333,Noisestorm,PL,19,m,IE,Male
455,8,0.31546487678572877,Ariana Grande,PL,19,m,US,Female
455,9,0.3010299956639812,Lisa Miskovsky,PL,19,m,SE,Female
455,10,0.2890648263178879,Kacey Musgraves,PL,19,m,US,Female
456,1,1.0,Jonathan Davis,GR,54,m,US,Male
456,2,0.6309297535714575,Michael Jackson,GR,54,m,US,Male
456,3,0.5,Travis Scott,GR,54,m,US,Male
456,4,0.43067655807339306,Rihanna,GR,54,m,UK,Female
456,5,0.38685280723454163,Gwen Stefani,GR,54,m,US,Female
456,6,0.3562071871080222,Ariana Grande,GR,54,m,US,Female
456,7,0.3333333333333333,Ariana Grande,GR,54,m,US,Female
456,8,0.31546487678572877,Britney Spears,GR,54,m,US,Female
456,9,0.3010299956639812,Kelis,GR,54,m,US,Female
456,10,0.2890648263178879,David Bowie,GR,54,m,UK,Male
457,1,1.0,Bob Marley & The Wailers,MX,23,f,JM,Male
457,2,0.6309297535714575,Rush,MX,23,f,US,Male
457,3,0.5,Aaron Smith,MX,23,f,US,Male
457,4,0.43067655807339306,Carpenter Brut,MX,23,f,FR,Male
457,5,0.38685280723454163,James Blake,MX,23,f,UK,Male
457,6,0.3562071871080222,Toro y Moi,MX,23,f,US,Male
457,7,0.3333333333333333,Nik Kershaw,MX,23,f,UK,Male
457,8,0.31546487678572877,Michael Jackson,MX,23,f,US,Male
457,9,0.3010299956639812,Sia,MX,23,f,AU,Female
457,10,0.2890648263178879,Vitalic,MX,23,f,FR,Male
458,1,1.0,Devin Townsend,RU,52,m,CA,Male
458,2,0.6309297535714575,Sufjan Stevens,RU,52,m,US,Male
458,3,0.5,Grouper,RU,52,m,US,Female
458,4,0.43067655807339306,John Mayer,RU,52,m,IN,Male
458,5,0.38685280723454163,Julie Byrne,RU,52,m,US,Female
458,6,0.3562071871080222,Ariana Grande,RU,52,m,US,Female
458,7,0.3333333333333333,Queen,RU,52,m,JP,Female
458,8,0.31546487678572877,Beyoncé,RU,52,m,US,Female
458,9,0.3010299956639812,Ariana Grande,RU,52,m,US,Female
458,10,0.2890648263178879,Roy Orbison,RU,52,m,US,Male
459,1,1.0,DJ Shadow,RU,27,m,US,Male
459,2,0.6309297535714575,Kacey Musgraves,RU,27,m,US,Female
459,3,0.5,Kelis,RU,27,m,US,Female
459,4,0.43067655807339306,Madonna,RU,27,m,US,Female
459,5,0.38685280723454163,Machine Head,RU,27,m,JP,Male
459,6,0.3562071871080222,Taylor Swift,RU,27,m,US,Female
459,7,0.3333333333333333,Gwen Stefani,RU,27,m,US,Female
459,8,0.31546487678572877,Ariana Grande,RU,27,m,US,Female
459,9,0.3010299956639812,Perturbator,RU,27,m,FR,Male
459,10,0.2890648263178879,Father John Misty,RU,27,m,US,Male
460,1,1.0,Michael Sembello,US,18,m,US,Male
460,2,0.6309297535714575,Eminem,US,18,m,US,Male
460,3,0.5,Beck,US,18,m,DK,Male
460,4,0.43067655807339306,Dolly Parton,US,18,m,US,Female
460,5,0.38685280723454163,Bob Marley & The Wailers,US,18,m,JM,Male
460,6,0.3562071871080222,Queen,US,18,m,JP,Female
460,7,0.3333333333333333,Blue Stahli,US,18,m,US,Male
460,8,0.31546487678572877,Marilyn Manson,US,18,m,US,Male
460,9,0.3010299956639812,Madonna,US,18,m,US,Female
460,10,0.2890648263178879,Carpenter Brut,US,18,m,FR,Male
461,1,1.0,Paula Abdul,CA,37,m,US,Female
461,2,0.6309297535714575,Britney Spears,CA,37,m,US,Female
461,3,0.5,Adele,CA,37,m,UK,Female
461,4,0.43067655807339306,Nik Kershaw,CA,37,m,UK,Male
461,5,0.38685280723454163,Ariana Grande,CA,37,m,US,Female
461,6,0.3562071871080222,Rihanna,CA,37,m,UK,Female
461,7,0.3333333333333333,Toro y Moi,CA,37,m,US,Male
461,8,0.31546487678572877,Britney Spears,CA,37,m,US,Female
461,9,0.3010299956639812,James Blake,CA,37,m,UK,Male
461,10,0.2890648263178879,Ariana Grande,CA,37,m,US,Female
462,1,1.0,Chuck Berry,BR,22,m,US,Male
462,2,0.6309297535714575,Duncan Laurence,BR,22,m,NL,Male
462,3,0.5,Roy Orbison,BR,22,m,US,Male
462,4,0.43067655807339306,Taylor Swift,BR,22,m,US,Female
462,5,0.38685280723454163,John Mayer,BR,22,m,IN,Male
462,6,0.3562071871080222,Adele,BR,22,m,UK,Female
462,7,0.3333333333333333,Leonard Cohen,BR,22,m,CA,Male
462,8,0.31546487678572877,Mahmood,BR,22,m,IT,Male
462,9,0.3010299956639812,Eagle-Eye Cherry,BR,22,m,SE,Male
462,10,0.2890648263178879,Michael Sembello,BR,22,m,US,Male
463,1,1.0,Ry x,DE,22,m,AU,Male
463,2,0.6309297535714575,Daniel Avery,DE,22,m,UK,Male
463,3,0.5,Dean Blunt,DE,22,m,UK,Male
463,4,0.43067655807339306,Leonard Cohen,DE,22,m,CA,Male
463,5,0.38685280723454163,Mac DeMarco,DE,22,m,CA,Male
463,6,0.3562071871080222,Grouper,DE,22,m,US,Female
463,7,0.3333333333333333,Panda Bear,DE,22,m,US,Male
463,8,0.31546487678572877,Gil Scott-Heron,DE,22,m,US,Male
463,9,0.3010299956639812,Sharon Van Etten,DE,22,m,US,Female
463,10,0.2890648263178879,Grouper,DE,22,m,US,Female
464,1,1.0,Corinne Bailey Rae,BR,27,f,UK,Female
464,2,0.6309297535714575,Bob Marley & The Wailers,BR,27,f,JM,Male
464,3,0.5,Billy Joel,BR,27,f,US,Male
464,4,0.43067655807339306,Queen,BR,27,f,JP,Female
464,5,0.38685280723454163,Ozzy Osbourne,BR,27,f,UK,Male
464,6,0.3562071871080222,Carpenter Brut,BR,27,f,FR,Male
464,7,0.3333333333333333,Vanessa Carlton,BR,27,f,US,Female
464,8,0.31546487678572877,Sia,BR,27,f,AU,Female
464,9,0.3010299956639812,Michael Jackson,BR,27,f,US,Male
464,10,0.2890648263178879,Blue Stahli,BR,27,f,US,Male
465,1,1.0,Ry x,BR,19,m,AU,Male
465,2,0.6309297535714575,Daniel Avery,BR,19,m,UK,Male
465,3,0.5,Oneohtrix Point Never,BR,19,m,US,Male
465,4,0.43067655807339306,Roy Orbison,BR,19,m,US,Male
465,5,0.38685280723454163,Grouper,BR,19,m,US,Female
465,6,0.3562071871080222,Nick Drake,BR,19,m,UK,Male
465,7,0.3333333333333333,Kevin Morby,BR,19,m,US,Male
465,8,0.31546487678572877,Eagle-Eye Cherry,BR,19,m,SE,Male
465,9,0.3010299956639812,Michael Sembello,BR,19,m,US,Male
465,10,0.2890648263178879,Queen,BR,19,m,JP,Female
466,1,1.0,Toro y Moi,MX,28,m,US,Male
466,2,0.6309297535714575,Beyoncé,MX,28,m,US,Female
466,3,0.5,James Blake,MX,28,m,UK,Male
466,4,0.43067655807339306,Michael Jackson,MX,28,m,US,Male
466,5,0.38685280723454163,Ice Cube,MX,28,m,US,Male
466,6,0.3562071871080222,Jonathan Davis,MX,28,m,US,Male
466,7,0.3333333333333333,Ariana Grande,MX,28,m,US,Female
466,8,0.31546487678572877,Armin van Buuren,MX,28,m,NL,Male
466,9,0.3010299956639812,James Blake,MX,28,m,UK,Male
466,10,0.2890648263178879,Mr.Kitty,MX,28,m,US,Male
467,1,1.0,Sufjan Stevens,FI,19,m,US,Male
467,2,0.6309297535714575,Julie Byrne,FI,19,m,US,Female
467,3,0.5,Kanye West,FI,19,m,US,Male
467,4,0.43067655807339306,Bill Callahan,FI,19,m,US,Male
467,5,0.38685280723454163,Anna Calvi,FI,19,m,UK,Female
467,6,0.3562071871080222,Ice Cube,FI,19,m,US,Male
467,7,0.3333333333333333,James Blake,FI,19,m,UK,Male
467,8,0.31546487678572877,Tame Impala,FI,19,m,AU,Male
467,9,0.3010299956639812,Sharon Van Etten,FI,19,m,US,Female
467,10,0.2890648263178879,Nick Drake,FI,19,m,UK,Male
468,1,1.0,Panda Bear,AU,33,m,US,Male
468,2,0.6309297535714575,Flume,AU,33,m,AU,Male
468,3,0.5,Sufjan Stevens,AU,33,m,US,Male
468,4,0.43067655807339306,Sharon Van Etten,AU,33,m,US,Female
468,5,0.38685280723454163,Grouper,AU,33,m,US,Female
468,6,0.3562071871080222,Travis Scott,AU,33,m,US,Male
468,7,0.3333333333333333,Gil Scott-Heron,AU,33,m,US,Male
468,8,0.31546487678572877,Panda Bear,AU,33,m,US,Male
468,9,0.3010299956639812,Janelle Monáe,AU,33,m,US,Non-binary
468,10,0.2890648263178879,Lana Del Rey,AU,33,m,US,Female
469,1,1.0,Ariana Grande,FR,25,m,US,Female
469,2,0.6309297535714575,Avril Lavigne,FR,25,m,CA,Female
469,3,0.5,Mariah Carey,FR,25,m,US,Female
469,4,0.43067655807339306,RuPaul,FR,25,m,US,Female
469,5,0.38685280723454163,Mariah Carey,FR,25,m,US,Female
469,6,0.3562071871080222,Justin Timberlake,FR,25,m,US,Male
469,7,0.3333333333333333,Britney Spears,FR,25,m,US,Female
469,8,0.31546487678572877,Ariana Grande,FR,25,m,US,Female
469,9,0.3010299956639812,Rihanna,FR,25,m,UK,Female
469,10,0.2890648263178879,Madonna,FR,25,m,US,Female
470,1,1.0,Michael Jackson,BR,23,m,US,Male
470,2,0.6309297535714575,Aaron Smith,BR,23,m,US,Male
470,3,0.5,Bob Marley & The Wailers,BR,23,m,JM,Male
470,4,0.43067655807339306,Rush,BR,23,m,US,Male
470,5,0.38685280723454163,Carpenter Brut,BR,23,m,FR,Male
470,6,0.3562071871080222,Toro y Moi,BR,23,m,US,Male
470,7,0.3333333333333333,James Blake,BR,23,m,UK,Male
470,8,0.31546487678572877,Vitalic,BR,23,m,FR,Male
470,9,0.3010299956639812,Justin Timberlake,BR,23,m,US,Male
470,10,0.2890648263178879,Sia,BR,23,m,AU,Female
471,1,1.0,Leonard Cohen,AU,18,m,CA,Male
471,2,0.6309297535714575,Sufjan Stevens,AU,18,m,US,Male
471,3,0.5,Mac DeMarco,AU,18,m,CA,Male
471,4,0.43067655807339306,Julie Byrne,AU,18,m,US,Female
471,5,0.38685280723454163,Panda Bear,AU,18,m,US,Male
471,6,0.3562071871080222,John Mayer,AU,18,m,IN,Male
471,7,0.3333333333333333,Kanye West,AU,18,m,US,Male
471,8,0.31546487678572877,Roy Orbison,AU,18,m,US,Male
471,9,0.3010299956639812,Travis Scott,AU,18,m,US,Male
471,10,0.2890648263178879,Kendrick Lamar,AU,18,m,US,Male
472,1,1.0,John Mayer,CA,32,m,IN,Male
472,2,0.6309297535714575,Norah Jones,CA,32,m,US,Female
472,3,0.5,Adele,CA,32,m,UK,Female
472,4,0.43067655807339306,Paula Abdul,CA,32,m,US,Female
472,5,0.38685280723454163,Vanessa Carlton,CA,32,m,US,Female
472,6,0.3562071871080222,Ariana Grande,CA,32,m,US,Female
472,7,0.3333333333333333,Toro y Moi,CA,32,m,US,Male
472,8,0.31546487678572877,James Blake,CA,32,m,UK,Male
472,9,0.3010299956639812,Perturbator,CA,32,m,FR,Male
472,10,0.2890648263178879,Britney Spears,CA,32,m,US,Female
473,1,1.0,Bob Marley & The Wailers,CA,23,f,JM,Male
473,2,0.6309297535714575,Troye Sivan,CA,23,f,AU,Male
473,3,0.5,Janelle Monáe,CA,23,f,US,Non-binary
473,4,0.43067655807339306,J Balvin,CA,23,f,CO,Male
473,5,0.38685280723454163,Nik Kershaw,CA,23,f,UK,Male
473,6,0.3562071871080222,Rush,CA,23,f,US,Male
473,7,0.3333333333333333,Niall Horan,CA,23,f,IE,Male
473,8,0.31546487678572877,Ed Sheeran,CA,23,f,UK,Male
473,9,0.3010299956639812,Ariana Grande,CA,23,f,US,Female
473,10,0.2890648263178879,Nicki Minaj,CA,23,f,US,Female
474,1,1.0,Kelis,ES,25,m,US,Female
474,2,0.6309297535714575,Taylor Swift,ES,25,m,US,Female
474,3,0.5,Ariana Grande,ES,25,m,US,Female
474,4,0.43067655807339306,Perturbator,ES,25,m,FR,Male
474,5,0.38685280723454163,Michael Jackson,ES,25,m,US,Male
474,6,0.3562071871080222,Ariana Grande,ES,25,m,US,Female
474,7,0.3333333333333333,Kelly Clarkson,ES,25,m,US,Female
474,8,0.31546487678572877,Ariana Grande,ES,25,m,US,Female
474,9,0.3010299956639812,Four Tet,ES,25,m,UK,Male
474,10,0.2890648263178879,Grimes,ES,25,m,CA,Female
475,1,1.0,Queen,PL,24,m,JP,Female
475,2,0.6309297535714575,Adele,PL,24,m,UK,Female
475,3,0.5,Travis Scott,PL,24,m,US,Male
475,4,0.43067655807339306,John Mayer,PL,24,m,IN,Male
475,5,0.38685280723454163,Billy Joel,PL,24,m,US,Male
475,6,0.3562071871080222,Vanessa Carlton,PL,24,m,US,Female
475,7,0.3333333333333333,Tame Impala,PL,24,m,AU,Male
475,8,0.31546487678572877,Serj Tankian,PL,24,m,US,Male
475,9,0.3010299956639812,Bob Marley & The Wailers,PL,24,m,JM,Male
475,10,0.2890648263178879,Ariana Grande,PL,24,m,US,Female
476,1,1.0,Ariana Grande,DE,20,m,US,Female
476,2,0.6309297535714575,Kacey Musgraves,DE,20,m,US,Female
476,3,0.5,Perturbator,DE,20,m,FR,Male
476,4,0.43067655807339306,DJ Shadow,DE,20,m,US,Male
476,5,0.38685280723454163,Kelly Clarkson,DE,20,m,US,Female
476,6,0.3562071871080222,Grimes,DE,20,m,CA,Female
476,7,0.3333333333333333,Noisestorm,DE,20,m,IE,Male
476,8,0.31546487678572877,Ariana Grande,DE,20,m,US,Female
476,9,0.3010299956639812,Michael Jackson,DE,20,m,US,Male
476,10,0.2890648263178879,Rihanna,DE,20,m,UK,Female
477,1,1.0,Toro y Moi,PL,22,f,US,Male
477,2,0.6309297535714575,Vitalic,PL,22,f,FR,Male
477,3,0.5,Nik Kershaw,PL,22,f,UK,Male
477,4,0.43067655807339306,James Blake,PL,22,f,UK,Male
477,5,0.38685280723454163,Shawn Mendes,PL,22,f,CA,Male
477,6,0.3562071871080222,Machine Head,PL,22,f,JP,Male
477,7,0.3333333333333333,Ice Cube,PL,22,f,US,Male
477,8,0.31546487678572877,Perturbator,PL,22,f,FR,Male
477,9,0.3010299956639812,Noisestorm,PL,22,f,IE,Male
477,10,0.2890648263178879,Lorde,PL,22,f,NZ,Female
478,1,1.0,Bob Marley & The Wailers,SG,21,m,JM,Male
478,2,0.6309297535714575,Marilyn Manson,SG,21,m,US,Male
478,3,0.5,Britney Spears,SG,21,m,US,Female
478,4,0.43067655807339306,Marilyn Manson,SG,21,m,US,Male
478,5,0.38685280723454163,Carpenter Brut,SG,21,m,FR,Male
478,6,0.3562071871080222,Haddaway,SG,21,m,DE,Male
478,7,0.3333333333333333,John Mayer,SG,21,m,IN,Male
478,8,0.31546487678572877,Blue Stahli,SG,21,m,US,Male
478,9,0.3010299956639812,Carpenter Brut,SG,21,m,FR,Male
478,10,0.2890648263178879,Elvis Presley,SG,21,m,US,Male
479,1,1.0,Bill Callahan,NL,22,m,US,Male
479,2,0.6309297535714575,Oneohtrix Point Never,NL,22,m,US,Male
479,3,0.5,Lil Nas X,NL,22,m,US,Male
479,4,0.43067655807339306,Britney Spears,NL,22,m,US,Female
479,5,0.38685280723454163,Panda Bear,NL,22,m,US,Male
479,6,0.3562071871080222,Panda Bear,NL,22,m,US,Male
479,7,0.3333333333333333,Laura Branigan,NL,22,m,US,Female
479,8,0.31546487678572877,Robyn,NL,22,m,SE,Female
479,9,0.3010299956639812,Björk,NL,22,m,IS,Female
479,10,0.2890648263178879,AFI,NL,22,m,US,Female
480,1,1.0,Queen,JP,25,m,JP,Female
480,2,0.6309297535714575,Bob Marley & The Wailers,JP,25,m,JM,Male
480,3,0.5,Marilyn Manson,JP,25,m,US,Male
480,4,0.43067655807339306,George Ezra,JP,25,m,UK,Male
480,5,0.38685280723454163,Dean Blunt,JP,25,m,UK,Male
480,6,0.3562071871080222,Seal,JP,25,m,UK,Male
480,7,0.3333333333333333,Leonard Cohen,JP,25,m,CA,Male
480,8,0.31546487678572877,Chris Isaak,JP,25,m,US,Male
480,9,0.3010299956639812,Ariana Grande,JP,25,m,US,Female
480,10,0.2890648263178879,Eric Clapton,JP,25,m,UK,Male
481,1,1.0,Vitalic,NO,39,m,FR,Male
481,2,0.6309297535714575,Nik Kershaw,NO,39,m,UK,Male
481,3,0.5,Machine Head,NO,39,m,JP,Male
481,4,0.43067655807339306,Grimes,NO,39,m,CA,Female
481,5,0.38685280723454163,Noisestorm,NO,39,m,IE,Male
481,6,0.3562071871080222,Perturbator,NO,39,m,FR,Male
481,7,0.3333333333333333,Father John Misty,NO,39,m,US,Male
481,8,0.31546487678572877,Kelly Clarkson,NO,39,m,US,Female
481,9,0.3010299956639812,Ariana Grande,NO,39,m,US,Female
481,10,0.2890648263178879,Lisa Miskovsky,NO,39,m,SE,Female
482,1,1.0,Bill Callahan,UK,19,f,US,Male
482,2,0.6309297535714575,Travis Scott,UK,19,f,US,Male
482,3,0.5,Britney Spears,UK,19,f,US,Female
482,4,0.43067655807339306,Lil Nas X,UK,19,f,US,Male
482,5,0.38685280723454163,Laura Branigan,UK,19,f,US,Female
482,6,0.3562071871080222,AFI,UK,19,f,US,Female
482,7,0.3333333333333333,Oneohtrix Point Never,UK,19,f,US,Male
482,8,0.31546487678572877,Jay Reatard,UK,19,f,US,Male
482,9,0.3010299956639812,Björk,UK,19,f,IS,Female
482,10,0.2890648263178879,Taylor McFerrin,UK,19,f,US,Male
483,1,1.0,Julie Byrne,US,26,m,US,Female
483,2,0.6309297535714575,Haddaway,US,26,m,DE,Male
483,3,0.5,Chuck Berry,US,26,m,US,Male
483,4,0.43067655807339306,Lana Del Rey,US,26,m,US,Female
483,5,0.38685280723454163,Duncan Laurence,US,26,m,NL,Male
483,6,0.3562071871080222,Avril Lavigne,US,26,m,CA,Female
483,7,0.3333333333333333,Anna Calvi,US,26,m,UK,Female
483,8,0.31546487678572877,Ariana Grande,US,26,m,US,Female
483,9,0.3010299956639812,Ariana Grande,US,26,m,US,Female
483,10,0.2890648263178879,Travis Scott,US,26,m,US,Male
484,1,1.0,Ozzy Osbourne,RU,21,m,UK,Male
484,2,0.6309297535714575,Mayhem,RU,21,m,CA,Female
484,3,0.5,Frank Zappa,RU,21,m,US,Male
484,4,0.43067655807339306,Leonard Cohen,RU,21,m,CA,Male
484,5,0.38685280723454163,Paul McCartney,RU,21,m,UK,Male
484,6,0.3562071871080222,Tom MacDonald,RU,21,m,CA,Male
484,7,0.3333333333333333,Queen,RU,21,m,JP,Female
484,8,0.31546487678572877,Carpenter Brut,RU,21,m,FR,Male
484,9,0.3010299956639812,Lionel Richie,RU,21,m,US,Male
484,10,0.2890648263178879,Rush,RU,21,m,US,Male
485,1,1.0,Tame Impala,MX,20,m,AU,Male
485,2,0.6309297535714575,Ry x,MX,20,m,AU,Male
485,3,0.5,Travis Scott,MX,20,m,US,Male
485,4,0.43067655807339306,Kevin Morby,MX,20,m,US,Male
485,5,0.38685280723454163,Bill Callahan,MX,20,m,US,Male
485,6,0.3562071871080222,Lana Del Rey,MX,20,m,US,Female
485,7,0.3333333333333333,Angel Olsen,MX,20,m,US,Female
485,8,0.31546487678572877,Sharon Van Etten,MX,20,m,US,Female
485,9,0.3010299956639812,Panda Bear,MX,20,m,US,Male
485,10,0.2890648263178879,Ty Segall,MX,20,m,US,Male
487,1,1.0,Grimes,US,30,m,CA,Female
487,2,0.6309297535714575,Kacey Musgraves,US,30,m,US,Female
487,3,0.5,Michael Jackson,US,30,m,US,Male
487,4,0.43067655807339306,Jonathan Davis,US,30,m,US,Male
487,5,0.38685280723454163,Tycho,US,30,m,US,Male
487,6,0.3562071871080222,Father John Misty,US,30,m,US,Male
487,7,0.3333333333333333,Rod Stewart,US,30,m,UK,Male
487,8,0.31546487678572877,Armin van Buuren,US,30,m,NL,Male
487,9,0.3010299956639812,Moby,US,30,m,US,Male
487,10,0.2890648263178879,Moby,US,30,m,US,Male
488,1,1.0,Father John Misty,UK,42,m,US,Male
488,2,0.6309297535714575,Shawn Mendes,UK,42,m,CA,Male
488,3,0.5,Kelly Clarkson,UK,42,m,US,Female
488,4,0.43067655807339306,IAMX,UK,42,m,DE,Male
488,5,0.38685280723454163,Ariana Grande,UK,42,m,US,Female
488,6,0.3562071871080222,Tycho,UK,42,m,US,Male
488,7,0.3333333333333333,Oliver Koletzki,UK,42,m,DE,Male
488,8,0.31546487678572877,Bob Marley & The Wailers,UK,42,m,JM,Male
488,9,0.3010299956639812,Johnny Cash,UK,42,m,US,Male
488,10,0.2890648263178879,Lana Del Rey,UK,42,m,US,Female
489,1,1.0,Anna Calvi,DE,24,m,UK,Female
489,2,0.6309297535714575,Tame Impala,DE,24,m,AU,Male
489,3,0.5,AFI,DE,24,m,US,Female
489,4,0.43067655807339306,Perfume Genius,DE,24,m,US,Male
489,5,0.38685280723454163,Kanye West,DE,24,m,US,Male
489,6,0.3562071871080222,Nick Drake,DE,24,m,UK,Male
489,7,0.3333333333333333,Pusha T,DE,24,m,US,Male
489,8,0.31546487678572877,Bill Callahan,DE,24,m,US,Male
489,9,0.3010299956639812,Kevin Morby,DE,24,m,US,Male
489,10,0.2890648263178879,James Blake,DE,24,m,UK,Male
490,1,1.0,Maria Rita,AR,24,m,BR,Female
490,2,0.6309297535714575,Chico Buarque,AR,24,m,BR,Male
490,3,0.5,Paulinho Da Viola,AR,24,m,BR,Male
490,4,0.43067655807339306,Lenine,AR,24,m,BR,Male
490,5,0.38685280723454163,Gonzaguinha,AR,24,m,BR,Male
490,6,0.3562071871080222,Curumin,AR,24,m,BR,Male
490,7,0.3333333333333333,Karina Buhr,AR,24,m,BR,Female
490,8,0.31546487678572877,Alicia Keys,AR,24,m,US,Female
490,9,0.3010299956639812,Ana Carolina,AR,24,m,BR,Female
490,10,0.2890648263178879,Chico Buarque,AR,24,m,BR,Male
491,1,1.0,Adele,RU,24,m,UK,Female
491,2,0.6309297535714575,Tycho,RU,24,m,US,Male
491,3,0.5,Rihanna,RU,24,m,UK,Female
491,4,0.43067655807339306,Kacey Musgraves,RU,24,m,US,Female
491,5,0.38685280723454163,Britney Spears,RU,24,m,US,Female
491,6,0.3562071871080222,Beyoncé,RU,24,m,US,Female
491,7,0.3333333333333333,Michael Jackson,RU,24,m,US,Male
491,8,0.31546487678572877,Ariana Grande,RU,24,m,US,Female
491,9,0.3010299956639812,Father John Misty,RU,24,m,US,Male
491,10,0.2890648263178879,Four Tet,RU,24,m,UK,Male
492,1,1.0,Carpenter Brut,UK,34,m,FR,Male
492,2,0.6309297535714575,Blue Stahli,UK,34,m,US,Male
492,3,0.5,Marilyn Manson,UK,34,m,US,Male
492,4,0.43067655807339306,Serj Tankian,UK,34,m,US,Male
492,5,0.38685280723454163,Michael Jackson,UK,34,m,US,Male
492,6,0.3562071871080222,Bob Marley & The Wailers,UK,34,m,JM,Male
492,7,0.3333333333333333,Aaron Smith,UK,34,m,US,Male
492,8,0.31546487678572877,Queen,UK,34,m,JP,Female
492,9,0.3010299956639812,Red,UK,34,m,PL,Male
492,10,0.2890648263178879,Rush,UK,34,m,US,Male
493,1,1.0,Christina Aguilera,PL,20,m,US,Female
493,2,0.6309297535714575,Sabrina Carpenter,PL,20,m,US,Female
493,3,0.5,Michael Jackson,PL,20,m,US,Male
493,4,0.43067655807339306,Aaron Smith,PL,20,m,US,Male
493,5,0.38685280723454163,Katy Perry,PL,20,m,US,Female
493,6,0.3562071871080222,RuPaul,PL,20,m,US,Female
493,7,0.3333333333333333,Rush,PL,20,m,US,Male
493,8,0.31546487678572877,Madonna,PL,20,m,US,Female
493,9,0.3010299956639812,Lorde,PL,20,m,NZ,Female
493,10,0.2890648263178879,Ellie Goulding,PL,20,m,UK,Female
494,1,1.0,Grimes,IT,25,m,CA,Female
494,2,0.6309297535714575,Ariana Grande,IT,25,m,US,Female
494,3,0.5,Beyoncé,IT,25,m,US,Female
494,4,0.43067655807339306,Queen,IT,25,m,JP,Female
494,5,0.38685280723454163,Ry x,IT,25,m,AU,Male
494,6,0.3562071871080222,Oneohtrix Point Never,IT,25,m,US,Male
494,7,0.3333333333333333,Elvis Presley,IT,25,m,US,Male
494,8,0.31546487678572877,Justin Timberlake,IT,25,m,US,Male
494,9,0.3010299956639812,Sia,IT,25,m,AU,Female
494,10,0.2890648263178879,Rush,IT,25,m,US,Male
495,1,1.0,Vitalic,FI,16,m,FR,Male
495,2,0.6309297535714575,Ariana Grande,FI,16,m,US,Female
495,3,0.5,DJ Shadow,FI,16,m,US,Male
495,4,0.43067655807339306,Grimes,FI,16,m,CA,Female
495,5,0.38685280723454163,Machine Head,FI,16,m,JP,Male
495,6,0.3562071871080222,Father John Misty,FI,16,m,US,Male
495,7,0.3333333333333333,Michael Jackson,FI,16,m,US,Male
495,8,0.31546487678572877,Perturbator,FI,16,m,FR,Male
495,9,0.3010299956639812,Ariana Grande,FI,16,m,US,Female
495,10,0.2890648263178879,Tycho,FI,16,m,US,Male
496,1,1.0,Ariana Grande,BR,20,m,US,Female
496,2,0.6309297535714575,Beyoncé,BR,20,m,US,Female
496,3,0.5,Corinne Bailey Rae,BR,20,m,UK,Female
496,4,0.43067655807339306,John Mayer,BR,20,m,IN,Male
496,5,0.38685280723454163,Frank Ocean,BR,20,m,US,Male
496,6,0.3562071871080222,Rita Ora,BR,20,m,UK,Female
496,7,0.3333333333333333,Rihanna,BR,20,m,UK,Female
496,8,0.31546487678572877,Carpenter Brut,BR,20,m,FR,Male
496,9,0.3010299956639812,Kanye West,BR,20,m,US,Male
496,10,0.2890648263178879,Serj Tankian,BR,20,m,US,Male
497,1,1.0,Ariana Grande,NL,33,m,US,Female
497,2,0.6309297535714575,Machine Head,NL,33,m,JP,Male
497,3,0.5,Kelly Clarkson,NL,33,m,US,Female
497,4,0.43067655807339306,Perturbator,NL,33,m,FR,Male
497,5,0.38685280723454163,Noisestorm,NL,33,m,IE,Male
497,6,0.3562071871080222,Michael Jackson,NL,33,m,US,Male
497,7,0.3333333333333333,Ariana Grande,NL,33,m,US,Female
497,8,0.31546487678572877,DJ Shadow,NL,33,m,US,Male
497,9,0.3010299956639812,Ariana Grande,NL,33,m,US,Female
497,10,0.2890648263178879,Rihanna,NL,33,m,UK,Female
498,1,1.0,Toro y Moi,US,17,m,US,Male
498,2,0.6309297535714575,James Blake,US,17,m,UK,Male
498,3,0.5,Troye Sivan,US,17,m,AU,Male
498,4,0.43067655807339306,Perturbator,US,17,m,FR,Male
498,5,0.38685280723454163,Noisestorm,US,17,m,IE,Male
498,6,0.3562071871080222,Ice Cube,US,17,m,US,Male
498,7,0.3333333333333333,Michael Jackson,US,17,m,US,Male
498,8,0.31546487678572877,Lisa Miskovsky,US,17,m,SE,Female
498,9,0.3010299956639812,Shawn Mendes,US,17,m,CA,Male
498,10,0.2890648263178879,Sia,US,17,m,AU,Female
499,1,1.0,Vitalic,AR,30,m,FR,Male
499,2,0.6309297535714575,Nik Kershaw,AR,30,m,UK,Male
499,3,0.5,Noisestorm,AR,30,m,IE,Male
499,4,0.43067655807339306,Perturbator,AR,30,m,FR,Male
499,5,0.38685280723454163,Toro y Moi,AR,30,m,US,Male
499,6,0.3562071871080222,Machine Head,AR,30,m,JP,Male
499,7,0.3333333333333333,James Blake,AR,30,m,UK,Male
499,8,0.31546487678572877,Sia,AR,30,m,AU,Female
499,9,0.3010299956639812,Lisa Miskovsky,AR,30,m,SE,Female
499,10,0.2890648263178879,Troye Sivan,AR,30,m,AU,Male
500,1,1.0,Toro y Moi,BR,20,f,US,Male
500,2,0.6309297535714575,Carpenter Brut,BR,20,f,FR,Male
500,3,0.5,Queen,BR,20,f,JP,Female
500,4,0.43067655807339306,Ozzy Osbourne,BR,20,f,UK,Male
500,5,0.38685280723454163,Blue Stahli,BR,20,f,US,Male
500,6,0.3562071871080222,Michael Jackson,BR,20,f,US,Male
500,7,0.3333333333333333,Bob Marley & The Wailers,BR,20,f,JM,Male
500,8,0.31546487678572877,Adele,BR,20,f,UK,Female
500,9,0.3010299956639812,Kanye West,BR,20,f,US,Male
500,10,0.2890648263178879,Adele,BR,20,f,UK,Female
501,1,1.0,Carpenter Brut,BR,18,m,FR,Male
501,2,0.6309297535714575,Rihanna,BR,18,m,UK,Female
501,3,0.5,Ariana Grande,BR,18,m,US,Female
501,4,0.43067655807339306,James Blake,BR,18,m,UK,Male
501,5,0.38685280723454163,Mariah Carey,BR,18,m,US,Female
501,6,0.3562071871080222,Marilyn Manson,BR,18,m,US,Male
501,7,0.3333333333333333,Katy Perry,BR,18,m,US,Female
501,8,0.31546487678572877,Sia,BR,18,m,AU,Female
501,9,0.3010299956639812,Madison Beer,BR,18,m,US,Female
501,10,0.2890648263178879,Serj Tankian,BR,18,m,US,Male
502,1,1.0,Kevin Morby,PL,18,m,US,Male
502,2,0.6309297535714575,Nick Drake,PL,18,m,UK,Male
502,3,0.5,Caribou,PL,18,m,CA,Male
502,4,0.43067655807339306,Devin Townsend,PL,18,m,CA,Male
502,5,0.38685280723454163,Queen,PL,18,m,JP,Female
502,6,0.3562071871080222,Dean Blunt,PL,18,m,UK,Male
502,7,0.3333333333333333,Bill Callahan,PL,18,m,US,Male
502,8,0.31546487678572877,Michael Sembello,PL,18,m,US,Male
502,9,0.3010299956639812,Bob Marley & The Wailers,PL,18,m,JM,Male
502,10,0.2890648263178879,Lana Del Rey,PL,18,m,US,Female
503,1,1.0,Ry x,NL,51,m,AU,Male
503,2,0.6309297535714575,Grouper,NL,51,m,US,Female
503,3,0.5,Daniel Avery,NL,51,m,UK,Male
503,4,0.43067655807339306,Kevin Morby,NL,51,m,US,Male
503,5,0.38685280723454163,Earl Sweatshirt,NL,51,m,US,Male
503,6,0.3562071871080222,Ariana Grande,NL,51,m,US,Female
503,7,0.3333333333333333,Beyoncé,NL,51,m,US,Female
503,8,0.31546487678572877,Darkside,NL,51,m,UK,Male
503,9,0.3010299956639812,Nick Drake,NL,51,m,UK,Male
503,10,0.2890648263178879,Grouper,NL,51,m,US,Female
504,1,1.0,Earl Sweatshirt,NL,57,m,US,Male
504,2,0.6309297535714575,Leonard Cohen,NL,57,m,CA,Male
504,3,0.5,Dean Blunt,NL,57,m,UK,Male
504,4,0.43067655807339306,Lil Nas X,NL,57,m,US,Male
504,5,0.38685280723454163,Britney Spears,NL,57,m,US,Female
504,6,0.3562071871080222,Robyn,NL,57,m,SE,Female
504,7,0.3333333333333333,Mac DeMarco,NL,57,m,CA,Male
504,8,0.31546487678572877,Björk,NL,57,m,IS,Female
504,9,0.3010299956639812,Sufjan Stevens,NL,57,m,US,Male
504,10,0.2890648263178879,Laura Branigan,NL,57,m,US,Female
505,1,1.0,Earl Sweatshirt,PL,36,f,US,Male
505,2,0.6309297535714575,Nick Drake,PL,36,f,UK,Male
505,3,0.5,Caribou,PL,36,f,CA,Male
505,4,0.43067655807339306,Dean Blunt,PL,36,f,UK,Male
505,5,0.38685280723454163,Leonard Cohen,PL,36,f,CA,Male
505,6,0.3562071871080222,Sharon Van Etten,PL,36,f,US,Female
505,7,0.3333333333333333,Grouper,PL,36,f,US,Female
505,8,0.31546487678572877,Mac DeMarco,PL,36,f,CA,Male
505,9,0.3010299956639812,M. Ward,PL,36,f,US,Male
505,10,0.2890648263178879,Sufjan Stevens,PL,36,f,US,Male
506,1,1.0,Taylor Swift,UA,20,m,US,Female
506,2,0.6309297535714575,Madonna,UA,20,m,US,Female
506,3,0.5,Ariana Grande,UA,20,m,US,Female
506,4,0.43067655807339306,DJ Shadow,UA,20,m,US,Male
506,5,0.38685280723454163,Kacey Musgraves,UA,20,m,US,Female
506,6,0.3562071871080222,Grimes,UA,20,m,CA,Female
506,7,0.3333333333333333,Michael Jackson,UA,20,m,US,Male
506,8,0.31546487678572877,Kelly Clarkson,UA,20,m,US,Female
506,9,0.3010299956639812,Father John Misty,UA,20,m,US,Male
506,10,0.2890648263178879,Rod Stewart,UA,20,m,UK,Male
507,1,1.0,Rush,US,40,m,US,Male
507,2,0.6309297535714575,Rush,US,40,m,US,Male
507,3,0.5,Devin Townsend,US,40,m,CA,Male
507,4,0.43067655807339306,Rush,US,40,m,US,Male
507,5,0.38685280723454163,Rush,US,40,m,US,Male
507,6,0.3562071871080222,Ozzy Osbourne,US,40,m,UK,Male
507,7,0.3333333333333333,Rush,US,40,m,US,Male
507,8,0.31546487678572877,Devin Townsend,US,40,m,CA,Male
507,9,0.3010299956639812,Marilyn Manson,US,40,m,US,Male
507,10,0.2890648263178879,KT Tunstall,US,40,m,UK,Female
509,1,1.0,Rihanna,RU,18,m,UK,Female
509,2,0.6309297535714575,Beyoncé,RU,18,m,US,Female
509,3,0.5,Adele,RU,18,m,UK,Female
509,4,0.43067655807339306,Britney Spears,RU,18,m,US,Female
509,5,0.38685280723454163,Machine Head,RU,18,m,JP,Male
509,6,0.3562071871080222,Ariana Grande,RU,18,m,US,Female
509,7,0.3333333333333333,Nik Kershaw,RU,18,m,UK,Male
509,8,0.31546487678572877,Grimes,RU,18,m,CA,Female
509,9,0.3010299956639812,Thom Yorke,RU,18,m,UK,Male
509,10,0.2890648263178879,Toro y Moi,RU,18,m,US,Male
510,1,1.0,Ariana Grande,PL,31,m,US,Female
510,2,0.6309297535714575,Taylor Swift,PL,31,m,US,Female
510,3,0.5,Ariana Grande,PL,31,m,US,Female
510,4,0.43067655807339306,Ariana Grande,PL,31,m,US,Female
510,5,0.38685280723454163,Queen,PL,31,m,JP,Female
510,6,0.3562071871080222,Miley Cyrus,PL,31,m,US,Non-binary
510,7,0.3333333333333333,Beyoncé,PL,31,m,US,Female
510,8,0.31546487678572877,Miley Cyrus,PL,31,m,US,Non-binary
510,9,0.3010299956639812,Weyes Blood,PL,31,m,US,Female
510,10,0.2890648263178879,Björk,PL,31,m,IS,Female
511,1,1.0,Aaron Smith,MX,22,m,US,Male
511,2,0.6309297535714575,Janelle Monáe,MX,22,m,US,Non-binary
511,3,0.5,Ice Cube,MX,22,m,US,Male
511,4,0.43067655807339306,Sia,MX,22,m,AU,Female
511,5,0.38685280723454163,John Mayer,MX,22,m,IN,Male
511,6,0.3562071871080222,Ariana Grande,MX,22,m,US,Female
511,7,0.3333333333333333,Vanessa Carlton,MX,22,m,US,Female
511,8,0.31546487678572877,Miley Cyrus,MX,22,m,US,Non-binary
511,9,0.3010299956639812,Miley Cyrus,MX,22,m,US,Non-binary
511,10,0.2890648263178879,Lisa Miskovsky,MX,22,m,SE,Female
512,1,1.0,Bob Marley & The Wailers,CA,20,m,JM,Male
512,2,0.6309297535714575,Frank Ocean,CA,20,m,US,Male
512,3,0.5,Devin Townsend,CA,20,m,CA,Male
512,4,0.43067655807339306,Grimes,CA,20,m,CA,Female
512,5,0.38685280723454163,Chelsea Wolfe,CA,20,m,US,Female
512,6,0.3562071871080222,Pional,CA,20,m,ES,Male
512,7,0.3333333333333333,Madonna,CA,20,m,US,Female
512,8,0.31546487678572877,Eric Clapton,CA,20,m,UK,Male
512,9,0.3010299956639812,Perfume Genius,CA,20,m,US,Male
512,10,0.2890648263178879,Moby,CA,20,m,US,Male
513,1,1.0,Vitalic,NL,36,m,FR,Male
513,2,0.6309297535714575,Madonna,NL,36,m,US,Female
513,3,0.5,Kelis,NL,36,m,US,Female
513,4,0.43067655807339306,Gwen Stefani,NL,36,m,US,Female
513,5,0.38685280723454163,Perturbator,NL,36,m,FR,Male
513,6,0.3562071871080222,Kacey Musgraves,NL,36,m,US,Female
513,7,0.3333333333333333,Noisestorm,NL,36,m,IE,Male
513,8,0.31546487678572877,Grimes,NL,36,m,CA,Female
513,9,0.3010299956639812,Ariana Grande,NL,36,m,US,Female
513,10,0.2890648263178879,Lisa Miskovsky,NL,36,m,SE,Female
514,1,1.0,Adele,PL,15,m,UK,Female
514,2,0.6309297535714575,Michael Jackson,PL,15,m,US,Male
514,3,0.5,Toro y Moi,PL,15,m,US,Male
514,4,0.43067655807339306,Ice Cube,PL,15,m,US,Male
514,5,0.38685280723454163,Adele,PL,15,m,UK,Female
514,6,0.3562071871080222,Paula Abdul,PL,15,m,US,Female
514,7,0.3333333333333333,Britney Spears,PL,15,m,US,Female
514,8,0.31546487678572877,Norah Jones,PL,15,m,US,Female
514,9,0.3010299956639812,AFI,PL,15,m,US,Female
514,10,0.2890648263178879,Oliver Koletzki,PL,15,m,DE,Male
515,1,1.0,Chuck Berry,US,30,m,US,Male
515,2,0.6309297535714575,Haddaway,US,30,m,DE,Male
515,3,0.5,Julie Byrne,US,30,m,US,Female
515,4,0.43067655807339306,Lana Del Rey,US,30,m,US,Female
515,5,0.38685280723454163,Avril Lavigne,US,30,m,CA,Female
515,6,0.3562071871080222,Anna Calvi,US,30,m,UK,Female
515,7,0.3333333333333333,Beyoncé,US,30,m,US,Female
515,8,0.31546487678572877,Robyn,US,30,m,SE,Female
515,9,0.3010299956639812,Duncan Laurence,US,30,m,NL,Male
515,10,0.2890648263178879,Ariana Grande,US,30,m,US,Female
516,1,1.0,Kelis,CZ,23,m,US,Female
516,2,0.6309297535714575,Grimes,CZ,23,m,CA,Female
516,3,0.5,Perturbator,CZ,23,m,FR,Male
516,4,0.43067655807339306,Madonna,CZ,23,m,US,Female
516,5,0.38685280723454163,Michael Jackson,CZ,23,m,US,Male
516,6,0.3562071871080222,Father John Misty,CZ,23,m,US,Male
516,7,0.3333333333333333,Ariana Grande,CZ,23,m,US,Female
516,8,0.31546487678572877,Lisa Miskovsky,CZ,23,m,SE,Female
516,9,0.3010299956639812,Tycho,CZ,23,m,US,Male
516,10,0.2890648263178879,Grimes,CZ,23,m,CA,Female
517,1,1.0,Taylor Swift,BR,18,m,US,Female
517,2,0.6309297535714575,Nicki Minaj,BR,18,m,US,Female
517,3,0.5,Beyoncé,BR,18,m,US,Female
517,4,0.43067655807339306,Kelly Clarkson,BR,18,m,US,Female
517,5,0.38685280723454163,Kygo,BR,18,m,NO,Male
517,6,0.3562071871080222,Dua Lipa,BR,18,m,UK,Female
517,7,0.3333333333333333,Roy Orbison,BR,18,m,US,Male
517,8,0.31546487678572877,Rihanna,BR,18,m,UK,Female
517,9,0.3010299956639812,Madonna,BR,18,m,US,Female
517,10,0.2890648263178879,Ariana Grande,BR,18,m,US,Female
518,1,1.0,Taylor Swift,UA,25,m,US,Female
518,2,0.6309297535714575,Toro y Moi,UA,25,m,US,Male
518,3,0.5,Madonna,UA,25,m,US,Female
518,4,0.43067655807339306,Shawn Mendes,UA,25,m,CA,Male
518,5,0.38685280723454163,Beyoncé,UA,25,m,US,Female
518,6,0.3562071871080222,Ice Cube,UA,25,m,US,Male
518,7,0.3333333333333333,Kelly Clarkson,UA,25,m,US,Female
518,8,0.31546487678572877,Ed Sheeran,UA,25,m,UK,Male
518,9,0.3010299956639812,James Blake,UA,25,m,UK,Male
518,10,0.2890648263178879,Eddie Cochran,UA,25,m,US,Male
519,1,1.0,Machine Head,US,22,m,JP,Male
519,2,0.6309297535714575,Madonna,US,22,m,US,Female
519,3,0.5,Noisestorm,US,22,m,IE,Male
519,4,0.43067655807339306,Perturbator,US,22,m,FR,Male
519,5,0.38685280723454163,Grimes,US,22,m,CA,Female
519,6,0.3562071871080222,Kacey Musgraves,US,22,m,US,Female
519,7,0.3333333333333333,DJ Shadow,US,22,m,US,Male
519,8,0.31546487678572877,Ariana Grande,US,22,m,US,Female
519,9,0.3010299956639812,Lisa Miskovsky,US,22,m,SE,Female
519,10,0.2890648263178879,Michael Jackson,US,22,m,US,Male
520,1,1.0,James Blake,IT,33,m,UK,Male
520,2,0.6309297535714575,James Blake,IT,33,m,UK,Male
520,3,0.5,Beyoncé,IT,33,m,US,Female
520,4,0.43067655807339306,Grimes,IT,33,m,CA,Female
520,5,0.38685280723454163,DJ Shadow,IT,33,m,US,Male
520,6,0.3562071871080222,Taylor Swift,IT,33,m,US,Female
520,7,0.3333333333333333,Madonna,IT,33,m,US,Female
520,8,0.31546487678572877,James Arthur,IT,33,m,UK,Male
520,9,0.3010299956639812,Ghost,IT,33,m,UK,Male
520,10,0.2890648263178879,Shawn Mendes,IT,33,m,CA,Male
521,1,1.0,Dean Blunt,RU,21,m,UK,Male
521,2,0.6309297535714575,Mac DeMarco,RU,21,m,CA,Male
521,3,0.5,Leonard Cohen,RU,21,m,CA,Male
521,4,0.43067655807339306,M. Ward,RU,21,m,US,Male
521,5,0.38685280723454163,Ariana Grande,RU,21,m,US,Female
521,6,0.3562071871080222,Grouper,RU,21,m,US,Female
521,7,0.3333333333333333,Sharon Van Etten,RU,21,m,US,Female
521,8,0.31546487678572877,Panda Bear,RU,21,m,US,Male
521,9,0.3010299956639812,John Mayer,RU,21,m,IN,Male
521,10,0.2890648263178879,Sufjan Stevens,RU,21,m,US,Male
522,1,1.0,Chico Buarque,BR,24,m,BR,Male
522,2,0.6309297535714575,Curumin,BR,24,m,BR,Male
522,3,0.5,Gonzaguinha,BR,24,m,BR,Male
522,4,0.43067655807339306,Alicia Keys,BR,24,m,US,Female
522,5,0.38685280723454163,Ricky Martin,BR,24,m,US,Male
522,6,0.3562071871080222,Paulinho Da Viola,BR,24,m,BR,Male
522,7,0.3333333333333333,Clara Nunes,BR,24,m,BR,Female
522,8,0.31546487678572877,Belchior,BR,24,m,BR,Male
522,9,0.3010299956639812,Elis Regina,BR,24,m,BR,Female
522,10,0.2890648263178879,Chico Buarque,BR,24,m,BR,Male
523,1,1.0,Anna Calvi,TR,21,m,UK,Female
523,2,0.6309297535714575,Nick Drake,TR,21,m,UK,Male
523,3,0.5,Ariana Grande,TR,21,m,US,Female
523,4,0.43067655807339306,Chuck Berry,TR,21,m,US,Male
523,5,0.38685280723454163,Haddaway,TR,21,m,DE,Male
523,6,0.3562071871080222,Flume,TR,21,m,AU,Male
523,7,0.3333333333333333,Britney Spears,TR,21,m,US,Female
523,8,0.31546487678572877,Kanye West,TR,21,m,US,Male
523,9,0.3010299956639812,Avril Lavigne,TR,21,m,CA,Female
523,10,0.2890648263178879,Angel Olsen,TR,21,m,US,Female
524,1,1.0,Michael Jackson,RU,23,m,US,Male
524,2,0.6309297535714575,John Mayer,RU,23,m,IN,Male
524,3,0.5,Blue Stahli,RU,23,m,US,Male
524,4,0.43067655807339306,Serj Tankian,RU,23,m,US,Male
524,5,0.38685280723454163,Joe Goddard,RU,23,m,UK,Male
524,6,0.3562071871080222,Madonna,RU,23,m,US,Female
524,7,0.3333333333333333,Frank Ocean,RU,23,m,US,Male
524,8,0.31546487678572877,Ariana Grande,RU,23,m,US,Female
524,9,0.3010299956639812,Adele,RU,23,m,UK,Female
524,10,0.2890648263178879,Norah Jones,RU,23,m,US,Female
525,1,1.0,Noisestorm,BR,24,m,IE,Male
525,2,0.6309297535714575,Kelly Clarkson,BR,24,m,US,Female
525,3,0.5,Madonna,BR,24,m,US,Female
525,4,0.43067655807339306,Shawn Mendes,BR,24,m,CA,Male
525,5,0.38685280723454163,Lisa Miskovsky,BR,24,m,SE,Female
525,6,0.3562071871080222,Rod Stewart,BR,24,m,UK,Male
525,7,0.3333333333333333,Michael Jackson,BR,24,m,US,Male
525,8,0.31546487678572877,James Blake,BR,24,m,UK,Male
525,9,0.3010299956639812,Toro y Moi,BR,24,m,US,Male
525,10,0.2890648263178879,Rihanna,BR,24,m,UK,Female
526,1,1.0,John Maus,RU,21,m,US,Male
526,2,0.6309297535714575,Chelsea Wolfe,RU,21,m,US,Female
526,3,0.5,Beyoncé,RU,21,m,US,Female
526,4,0.43067655807339306,Sufjan Stevens,RU,21,m,US,Male
526,5,0.38685280723454163,Toro y Moi,RU,21,m,US,Male
526,6,0.3562071871080222,Joe Goddard,RU,21,m,UK,Male
526,7,0.3333333333333333,John Maus,RU,21,m,US,Male
526,8,0.31546487678572877,Grimes,RU,21,m,CA,Female
526,9,0.3010299956639812,Aldous Harding,RU,21,m,NZ,Female
526,10,0.2890648263178879,Frank Ocean,RU,21,m,US,Male
527,1,1.0,Nick Drake,UK,23,f,UK,Male
527,2,0.6309297535714575,Dean Blunt,UK,23,f,UK,Male
527,3,0.5,Bill Callahan,UK,23,f,US,Male
527,4,0.43067655807339306,Leonard Cohen,UK,23,f,CA,Male
527,5,0.38685280723454163,Eagle-Eye Cherry,UK,23,f,SE,Male
527,6,0.3562071871080222,Devin Townsend,UK,23,f,CA,Male
527,7,0.3333333333333333,Marilyn Manson,UK,23,f,US,Male
527,8,0.31546487678572877,Michael Sembello,UK,23,f,US,Male
527,9,0.3010299956639812,Queen,UK,23,f,JP,Female
527,10,0.2890648263178879,George Ezra,UK,23,f,UK,Male
528,1,1.0,Tame Impala,DE,24,m,AU,Male
528,2,0.6309297535714575,Travis Scott,DE,24,m,US,Male
528,3,0.5,Chuck Berry,DE,24,m,US,Male
528,4,0.43067655807339306,Anna Calvi,DE,24,m,UK,Female
528,5,0.38685280723454163,Haddaway,DE,24,m,DE,Male
528,6,0.3562071871080222,Duncan Laurence,DE,24,m,NL,Male
528,7,0.3333333333333333,Avril Lavigne,DE,24,m,CA,Female
528,8,0.31546487678572877,Perfume Genius,DE,24,m,US,Male
528,9,0.3010299956639812,Ariana Grande,DE,24,m,US,Female
528,10,0.2890648263178879,PJ Harvey,DE,24,m,UK,Female
529,1,1.0,Madonna,RU,22,m,US,Female
529,2,0.6309297535714575,Aaron Smith,RU,22,m,US,Male
529,3,0.5,Kelis,RU,22,m,US,Female
529,4,0.43067655807339306,Four Tet,RU,22,m,UK,Male
529,5,0.38685280723454163,Vitalic,RU,22,m,FR,Male
529,6,0.3562071871080222,Gwen Stefani,RU,22,m,US,Female
529,7,0.3333333333333333,Grimes,RU,22,m,CA,Female
529,8,0.31546487678572877,Nik Kershaw,RU,22,m,UK,Male
529,9,0.3010299956639812,Thom Yorke,RU,22,m,UK,Male
529,10,0.2890648263178879,Toro y Moi,RU,22,m,US,Male
530,1,1.0,John Mayer,US,32,m,IN,Male
530,2,0.6309297535714575,Adele,US,32,m,UK,Female
530,3,0.5,Ed Sheeran,US,32,m,UK,Male
530,4,0.43067655807339306,Corinne Bailey Rae,US,32,m,UK,Female
530,5,0.38685280723454163,Lana Del Rey,US,32,m,US,Female
530,6,0.3562071871080222,Kelis,US,32,m,US,Female
530,7,0.3333333333333333,Ozzy Osbourne,US,32,m,UK,Male
530,8,0.31546487678572877,Bob Marley & The Wailers,US,32,m,JM,Male
530,9,0.3010299956639812,Gwen Stefani,US,32,m,US,Female
530,10,0.2890648263178879,Frank Ocean,US,32,m,US,Male
531,1,1.0,James Blake,US,22,m,UK,Male
531,2,0.6309297535714575,Beyoncé,US,22,m,US,Female
531,3,0.5,Kelis,US,22,m,US,Female
531,4,0.43067655807339306,Ice Cube,US,22,m,US,Male
531,5,0.38685280723454163,Madonna,US,22,m,US,Female
531,6,0.3562071871080222,Taylor Swift,US,22,m,US,Female
531,7,0.3333333333333333,James Blake,US,22,m,UK,Male
531,8,0.31546487678572877,Mr.Kitty,US,22,m,US,Male
531,9,0.3010299956639812,Rod Stewart,US,22,m,UK,Male
531,10,0.2890648263178879,DJ Shadow,US,22,m,US,Male
532,1,1.0,Howard Shore,PL,34,m,CA,Male
532,2,0.6309297535714575,Paul McCartney,PL,34,m,UK,Male
532,3,0.5,Queen,PL,34,m,JP,Female
532,4,0.43067655807339306,Madeleine Peyroux,PL,34,m,US,Female
532,5,0.38685280723454163,Mayhem,PL,34,m,CA,Female
532,6,0.3562071871080222,Emperor,PL,34,m,UK,Male
532,7,0.3333333333333333,Ozzy Osbourne,PL,34,m,UK,Male
532,8,0.31546487678572877,Leonard Cohen,PL,34,m,CA,Male
532,9,0.3010299956639812,KT Tunstall,PL,34,m,UK,Female
532,10,0.2890648263178879,oOoOO,PL,34,m,US,Male
533,1,1.0,Vitalic,US,22,m,FR,Male
533,2,0.6309297535714575,Ariana Grande,US,22,m,US,Female
533,3,0.5,Machine Head,US,22,m,JP,Male
533,4,0.43067655807339306,Perturbator,US,22,m,FR,Male
533,5,0.38685280723454163,Noisestorm,US,22,m,IE,Male
533,6,0.3562071871080222,Michael Jackson,US,22,m,US,Male
533,7,0.3333333333333333,Lisa Miskovsky,US,22,m,SE,Female
533,8,0.31546487678572877,Kelly Clarkson,US,22,m,US,Female
533,9,0.3010299956639812,Ariana Grande,US,22,m,US,Female
533,10,0.2890648263178879,Rod Stewart,US,22,m,UK,Male
534,1,1.0,Madonna,BR,23,m,US,Female
534,2,0.6309297535714575,Ariana Grande,BR,23,m,US,Female
534,3,0.5,Rihanna,BR,23,m,UK,Female
534,4,0.43067655807339306,Ice Cube,BR,23,m,US,Male
534,5,0.38685280723454163,Armin van Buuren,BR,23,m,NL,Male
534,6,0.3562071871080222,Noisestorm,BR,23,m,IE,Male
534,7,0.3333333333333333,James Blake,BR,23,m,UK,Male
534,8,0.31546487678572877,Sia,BR,23,m,AU,Female
534,9,0.3010299956639812,Mr.Kitty,BR,23,m,US,Male
534,10,0.2890648263178879,Nicki Minaj,BR,23,m,US,Female
535,1,1.0,Kelis,RU,26,m,US,Female
535,2,0.6309297535714575,Noisestorm,RU,26,m,IE,Male
535,3,0.5,Lisa Miskovsky,RU,26,m,SE,Female
535,4,0.43067655807339306,Gwen Stefani,RU,26,m,US,Female
535,5,0.38685280723454163,Taylor Swift,RU,26,m,US,Female
535,6,0.3562071871080222,Michael Jackson,RU,26,m,US,Male
535,7,0.3333333333333333,Madonna,RU,26,m,US,Female
535,8,0.31546487678572877,Mr.Kitty,RU,26,m,US,Male
535,9,0.3010299956639812,Rod Stewart,RU,26,m,UK,Male
535,10,0.2890648263178879,Ariana Grande,RU,26,m,US,Female
536,1,1.0,Toro y Moi,US,23,m,US,Male
536,2,0.6309297535714575,James Blake,US,23,m,UK,Male
536,3,0.5,Troye Sivan,US,23,m,AU,Male
536,4,0.43067655807339306,Machine Head,US,23,m,JP,Male
536,5,0.38685280723454163,Noisestorm,US,23,m,IE,Male
536,6,0.3562071871080222,Ice Cube,US,23,m,US,Male
536,7,0.3333333333333333,Sia,US,23,m,AU,Female
536,8,0.31546487678572877,Michael Jackson,US,23,m,US,Male
536,9,0.3010299956639812,Sia,US,23,m,AU,Female
536,10,0.2890648263178879,James Blake,US,23,m,UK,Male
537,1,1.0,Ariana Grande,UK,22,m,US,Female
537,2,0.6309297535714575,James Blake,UK,22,m,UK,Male
537,3,0.5,Ariana Grande,UK,22,m,US,Female
537,4,0.43067655807339306,DJ Shadow,UK,22,m,US,Male
537,5,0.38685280723454163,Kacey Musgraves,UK,22,m,US,Female
537,6,0.3562071871080222,Mr.Kitty,UK,22,m,US,Male
537,7,0.3333333333333333,Shawn Mendes,UK,22,m,CA,Male
537,8,0.31546487678572877,Rihanna,UK,22,m,UK,Female
537,9,0.3010299956639812,Grimes,UK,22,m,CA,Female
537,10,0.2890648263178879,Ariana Grande,UK,22,m,US,Female
538,1,1.0,Britney Spears,US,23,m,US,Female
538,2,0.6309297535714575,Anna Calvi,US,23,m,UK,Female
538,3,0.5,Robyn,US,23,m,SE,Female
538,4,0.43067655807339306,Tame Impala,US,23,m,AU,Male
538,5,0.38685280723454163,Perfume Genius,US,23,m,US,Male
538,6,0.3562071871080222,Pusha T,US,23,m,US,Male
538,7,0.3333333333333333,Kanye West,US,23,m,US,Male
538,8,0.31546487678572877,James Blake,US,23,m,UK,Male
538,9,0.3010299956639812,Chuck Berry,US,23,m,US,Male
538,10,0.2890648263178879,Bill Callahan,US,23,m,US,Male
539,1,1.0,Ariana Grande,UZ,20,m,US,Female
539,2,0.6309297535714575,Beyoncé,UZ,20,m,US,Female
539,3,0.5,Kelis,UZ,20,m,US,Female
539,4,0.43067655807339306,Gwen Stefani,UZ,20,m,US,Female
539,5,0.38685280723454163,James Blake,UZ,20,m,UK,Male
539,6,0.3562071871080222,Lisa Miskovsky,UZ,20,m,SE,Female
539,7,0.3333333333333333,Taylor Swift,UZ,20,m,US,Female
539,8,0.31546487678572877,Madonna,UZ,20,m,US,Female
539,9,0.3010299956639812,Michael Jackson,UZ,20,m,US,Male
539,10,0.2890648263178879,Rod Stewart,UZ,20,m,UK,Male
540,1,1.0,Toro y Moi,RU,30,m,US,Male
540,2,0.6309297535714575,Beyoncé,RU,30,m,US,Female
540,3,0.5,James Blake,RU,30,m,UK,Male
540,4,0.43067655807339306,Taylor Swift,RU,30,m,US,Female
540,5,0.38685280723454163,Mr.Kitty,RU,30,m,US,Male
540,6,0.3562071871080222,Madonna,RU,30,m,US,Female
540,7,0.3333333333333333,Ice Cube,RU,30,m,US,Male
540,8,0.31546487678572877,Michael Jackson,RU,30,m,US,Male
540,9,0.3010299956639812,Ariana Grande,RU,30,m,US,Female
540,10,0.2890648263178879,Queen,RU,30,m,JP,Female
541,1,1.0,Norah Jones,CR,24,m,US,Female
541,2,0.6309297535714575,Adele,CR,24,m,UK,Female
541,3,0.5,Paula Abdul,CR,24,m,US,Female
541,4,0.43067655807339306,Britney Spears,CR,24,m,US,Female
541,5,0.38685280723454163,Adele,CR,24,m,UK,Female
541,6,0.3562071871080222,Ariana Grande,CR,24,m,US,Female
541,7,0.3333333333333333,Rihanna,CR,24,m,UK,Female
541,8,0.31546487678572877,Britney Spears,CR,24,m,US,Female
541,9,0.3010299956639812,Armin van Buuren,CR,24,m,NL,Male
541,10,0.2890648263178879,Kacey Musgraves,CR,24,m,US,Female
542,1,1.0,James Blake,RU,23,m,UK,Male
542,2,0.6309297535714575,Ice Cube,RU,23,m,US,Male
542,3,0.5,Michael Jackson,RU,23,m,US,Male
542,4,0.43067655807339306,Gwen Stefani,RU,23,m,US,Female
542,5,0.38685280723454163,Ariana Grande,RU,23,m,US,Female
542,6,0.3562071871080222,Kelis,RU,23,m,US,Female
542,7,0.3333333333333333,Beyoncé,RU,23,m,US,Female
542,8,0.31546487678572877,Rod Stewart,RU,23,m,UK,Male
542,9,0.3010299956639812,Madonna,RU,23,m,US,Female
542,10,0.2890648263178879,James Blake,RU,23,m,UK,Male
543,1,1.0,Bob Marley & The Wailers,BY,28,m,JM,Male
543,2,0.6309297535714575,Michael Sembello,BY,28,m,US,Male
543,3,0.5,Blue Stahli,BY,28,m,US,Male
543,4,0.43067655807339306,Marilyn Manson,BY,28,m,US,Male
543,5,0.38685280723454163,Dolly Parton,BY,28,m,US,Female
543,6,0.3562071871080222,Marilyn Manson,BY,28,m,US,Male
543,7,0.3333333333333333,Beck,BY,28,m,DK,Male
543,8,0.31546487678572877,Carpenter Brut,BY,28,m,FR,Male
543,9,0.3010299956639812,Chuck Berry,BY,28,m,US,Male
543,10,0.2890648263178879,Bryan Adams,BY,28,m,CA,Male
544,1,1.0,Beyoncé,DE,17,m,US,Female
544,2,0.6309297535714575,James Blake,DE,17,m,UK,Male
544,3,0.5,Lisa Miskovsky,DE,17,m,SE,Female
544,4,0.43067655807339306,Kelis,DE,17,m,US,Female
544,5,0.38685280723454163,Gwen Stefani,DE,17,m,US,Female
544,6,0.3562071871080222,Taylor Swift,DE,17,m,US,Female
544,7,0.3333333333333333,Madonna,DE,17,m,US,Female
544,8,0.31546487678572877,Michael Jackson,DE,17,m,US,Male
544,9,0.3010299956639812,Grimes,DE,17,m,CA,Female
544,10,0.2890648263178879,DJ Shadow,DE,17,m,US,Male
545,1,1.0,Shawn Mendes,RU,34,m,CA,Male
545,2,0.6309297535714575,Rihanna,RU,34,m,UK,Female
545,3,0.5,Ariana Grande,RU,34,m,US,Female
545,4,0.43067655807339306,Ariana Grande,RU,34,m,US,Female
545,5,0.38685280723454163,Pat Benatar,RU,34,m,US,Female
545,6,0.3562071871080222,AFI,RU,34,m,US,Female
545,7,0.3333333333333333,Troye Sivan,RU,34,m,AU,Male
545,8,0.31546487678572877,Moby,RU,34,m,US,Male
545,9,0.3010299956639812,Oliver Koletzki,RU,34,m,DE,Male
545,10,0.2890648263178879,Chris Cornell,RU,34,m,US,Male
546,1,1.0,Ariana Grande,BR,19,f,US,Female
546,2,0.6309297535714575,Adele,BR,19,f,UK,Female
546,3,0.5,Chuck Berry,BR,19,f,US,Male
546,4,0.43067655807339306,RuPaul,BR,19,f,US,Female
546,5,0.38685280723454163,Taylor Swift,BR,19,f,US,Female
546,6,0.3562071871080222,John Mayer,BR,19,f,IN,Male
546,7,0.3333333333333333,Justin Timberlake,BR,19,f,US,Male
546,8,0.31546487678572877,Mariah Carey,BR,19,f,US,Female
546,9,0.3010299956639812,Billy Joel,BR,19,f,US,Male
546,10,0.2890648263178879,Eminem,BR,19,f,US,Male
547,1,1.0,Grouper,AU,32,m,US,Female
547,2,0.6309297535714575,Sufjan Stevens,AU,32,m,US,Male
547,3,0.5,Grouper,AU,32,m,US,Female
547,4,0.43067655807339306,Haddaway,AU,32,m,DE,Male
547,5,0.38685280723454163,Gil Scott-Heron,AU,32,m,US,Male
547,6,0.3562071871080222,Panda Bear,AU,32,m,US,Male
547,7,0.3333333333333333,Tame Impala,AU,32,m,AU,Male
547,8,0.31546487678572877,Ry x,AU,32,m,AU,Male
547,9,0.3010299956639812,Anna Calvi,AU,32,m,UK,Female
547,10,0.2890648263178879,Travis Scott,AU,32,m,US,Male
548,1,1.0,Ariana Grande,UK,30,m,US,Female
548,2,0.6309297535714575,John Mayer,UK,30,m,IN,Male
548,3,0.5,Carpenter Brut,UK,30,m,FR,Male
548,4,0.43067655807339306,Queen,UK,30,m,JP,Female
548,5,0.38685280723454163,Beyoncé,UK,30,m,US,Female
548,6,0.3562071871080222,Blue Stahli,UK,30,m,US,Male
548,7,0.3333333333333333,Serj Tankian,UK,30,m,US,Male
548,8,0.31546487678572877,Miley Cyrus,UK,30,m,US,Non-binary
548,9,0.3010299956639812,Michael Jackson,UK,30,m,US,Male
548,10,0.2890648263178879,Miley Cyrus,UK,30,m,US,Non-binary
549,1,1.0,Ariana Grande,CA,21,m,US,Female
549,2,0.6309297535714575,Chuck Berry,CA,21,m,US,Male
549,3,0.5,Haddaway,CA,21,m,DE,Male
549,4,0.43067655807339306,Britney Spears,CA,21,m,US,Female
549,5,0.38685280723454163,Avril Lavigne,CA,21,m,CA,Female
549,6,0.3562071871080222,Tame Impala,CA,21,m,AU,Male
549,7,0.3333333333333333,Duncan Laurence,CA,21,m,NL,Male
549,8,0.31546487678572877,Devin Townsend,CA,21,m,CA,Male
549,9,0.3010299956639812,Beyoncé,CA,21,m,US,Female
549,10,0.2890648263178879,Lana Del Rey,CA,21,m,US,Female
550,1,1.0,Taylor Swift,BR,22,m,US,Female
550,2,0.6309297535714575,Kygo,BR,22,m,NO,Male
550,3,0.5,Adele,BR,22,m,UK,Female
550,4,0.43067655807339306,Pedro Sampaio,BR,22,m,BR,Male
550,5,0.38685280723454163,Corinne Bailey Rae,BR,22,m,UK,Female
550,6,0.3562071871080222,Ed Sheeran,BR,22,m,UK,Male
550,7,0.3333333333333333,James Blake,BR,22,m,UK,Male
550,8,0.31546487678572877,Lana Del Rey,BR,22,m,US,Female
550,9,0.3010299956639812,Eric Clapton,BR,22,m,UK,Male
550,10,0.2890648263178879,Bryan Adams,BR,22,m,CA,Male
551,1,1.0,Bob Marley & The Wailers,FI,25,m,JM,Male
551,2,0.6309297535714575,Queen,FI,25,m,JP,Female
551,3,0.5,Marilyn Manson,FI,25,m,US,Male
551,4,0.43067655807339306,Corinne Bailey Rae,FI,25,m,UK,Female
551,5,0.38685280723454163,Rush,FI,25,m,US,Male
551,6,0.3562071871080222,Paula Abdul,FI,25,m,US,Female
551,7,0.3333333333333333,Blue Stahli,FI,25,m,US,Male
551,8,0.31546487678572877,John Mayer,FI,25,m,IN,Male
551,9,0.3010299956639812,Ed Sheeran,FI,25,m,UK,Male
551,10,0.2890648263178879,Rihanna,FI,25,m,UK,Female
552,1,1.0,Queen,US,19,m,JP,Female
552,2,0.6309297535714575,Roy Orbison,US,19,m,US,Male
552,3,0.5,Michael Sembello,US,19,m,US,Male
552,4,0.43067655807339306,Adele,US,19,m,UK,Female
552,5,0.38685280723454163,Taylor Swift,US,19,m,US,Female
552,6,0.3562071871080222,Eagle-Eye Cherry,US,19,m,SE,Male
552,7,0.3333333333333333,Bob Marley & The Wailers,US,19,m,JM,Male
552,8,0.31546487678572877,Mahmood,US,19,m,IT,Male
552,9,0.3010299956639812,Bryan Adams,US,19,m,CA,Male
552,10,0.2890648263178879,Marilyn Manson,US,19,m,US,Male
553,1,1.0,Michael Jackson,CL,23,m,US,Male
553,2,0.6309297535714575,Ariana Grande,CL,23,m,US,Female
553,3,0.5,Kelis,CL,23,m,US,Female
553,4,0.43067655807339306,Gwen Stefani,CL,23,m,US,Female
553,5,0.38685280723454163,James Blake,CL,23,m,UK,Male
553,6,0.3562071871080222,Armin van Buuren,CL,23,m,NL,Male
553,7,0.3333333333333333,Taylor Swift,CL,23,m,US,Female
553,8,0.31546487678572877,Beyoncé,CL,23,m,US,Female
553,9,0.3010299956639812,Madonna,CL,23,m,US,Female
553,10,0.2890648263178879,Shawn Mendes,CL,23,m,CA,Male
554,1,1.0,Vanessa Carlton,US,20,m,US,Female
554,2,0.6309297535714575,Travis Scott,US,20,m,US,Male
554,3,0.5,Sia,US,20,m,AU,Female
554,4,0.43067655807339306,Miley Cyrus,US,20,m,US,Non-binary
554,5,0.38685280723454163,Robyn,US,20,m,SE,Female
554,6,0.3562071871080222,Miley Cyrus,US,20,m,US,Non-binary
554,7,0.3333333333333333,Britney Spears,US,20,m,US,Female
554,8,0.31546487678572877,Nik Kershaw,US,20,m,UK,Male
554,9,0.3010299956639812,Taylor Swift,US,20,m,US,Female
554,10,0.2890648263178879,Noisestorm,US,20,m,IE,Male
555,1,1.0,Paula Abdul,RU,18,m,US,Female
555,2,0.6309297535714575,Norah Jones,RU,18,m,US,Female
555,3,0.5,Michael Jackson,RU,18,m,US,Male
555,4,0.43067655807339306,Rihanna,RU,18,m,UK,Female
555,5,0.38685280723454163,James Blake,RU,18,m,UK,Male
555,6,0.3562071871080222,Ariana Grande,RU,18,m,US,Female
555,7,0.3333333333333333,Gwen Stefani,RU,18,m,US,Female
555,8,0.31546487678572877,Britney Spears,RU,18,m,US,Female
555,9,0.3010299956639812,Kelis,RU,18,m,US,Female
555,10,0.2890648263178879,Ariana Grande,RU,18,m,US,Female
556,1,1.0,John Mayer,TR,18,f,IN,Male
556,2,0.6309297535714575,Grimes,TR,18,f,CA,Female
556,3,0.5,Grimes,TR,18,f,CA,Female
556,4,0.43067655807339306,Blue Stahli,TR,18,f,US,Male
556,5,0.38685280723454163,Troye Sivan,TR,18,f,AU,Male
556,6,0.3562071871080222,Justin Timberlake,TR,18,f,US,Male
556,7,0.3333333333333333,Thom Yorke,TR,18,f,UK,Male
556,8,0.31546487678572877,Rush,TR,18,f,US,Male
556,9,0.3010299956639812,Bob Marley & The Wailers,TR,18,f,JM,Male
556,10,0.2890648263178879,Lana Del Rey,TR,18,f,US,Female
557,1,1.0,Bob Marley & The Wailers,RU,24,m,JM,Male
557,2,0.6309297535714575,Aaron Smith,RU,24,m,US,Male
557,3,0.5,Norah Jones,RU,24,m,US,Female
557,4,0.43067655807339306,Adele,RU,24,m,UK,Female
557,5,0.38685280723454163,Vitalic,RU,24,m,FR,Male
557,6,0.3562071871080222,Janelle Monáe,RU,24,m,US,Non-binary
557,7,0.3333333333333333,Vanessa Carlton,RU,24,m,US,Female
557,8,0.31546487678572877,Paula Abdul,RU,24,m,US,Female
557,9,0.3010299956639812,Adele,RU,24,m,UK,Female
557,10,0.2890648263178879,Britney Spears,RU,24,m,US,Female
558,1,1.0,Vitalic,FR,24,m,FR,Male
558,2,0.6309297535714575,Perturbator,FR,24,m,FR,Male
558,3,0.5,Troye Sivan,FR,24,m,AU,Male
558,4,0.43067655807339306,Rod Stewart,FR,24,m,UK,Male
558,5,0.38685280723454163,Shawn Mendes,FR,24,m,CA,Male
558,6,0.3562071871080222,Apparat,FR,24,m,DE,Male
558,7,0.3333333333333333,Jennifer Paige,FR,24,m,US,Female
558,8,0.31546487678572877,Machine Head,FR,24,m,JP,Male
558,9,0.3010299956639812,Noisestorm,FR,24,m,IE,Male
558,10,0.2890648263178879,James Arthur,FR,24,m,UK,Male
560,1,1.0,Grimes,SK,22,f,CA,Female
560,2,0.6309297535714575,Bob Marley & The Wailers,SK,22,f,JM,Male
560,3,0.5,George Ezra,SK,22,f,UK,Male
560,4,0.43067655807339306,Björk,SK,22,f,IS,Female
560,5,0.38685280723454163,Eric Clapton,SK,22,f,UK,Male
560,6,0.3562071871080222,Sia,SK,22,f,AU,Female
560,7,0.3333333333333333,Ariana Grande,SK,22,f,US,Female
560,8,0.31546487678572877,Queen,SK,22,f,JP,Female
560,9,0.3010299956639812,Ozzy Osbourne,SK,22,f,UK,Male
560,10,0.2890648263178879,Moby,SK,22,f,US,Male
561,1,1.0,Perturbator,PT,21,m,FR,Male
561,2,0.6309297535714575,Britney Spears,PT,21,m,US,Female
561,3,0.5,Lisa Miskovsky,PT,21,m,SE,Female
561,4,0.43067655807339306,James Blake,PT,21,m,UK,Male
561,5,0.38685280723454163,Noisestorm,PT,21,m,IE,Male
561,6,0.3562071871080222,Ariana Grande,PT,21,m,US,Female
561,7,0.3333333333333333,Beyoncé,PT,21,m,US,Female
561,8,0.31546487678572877,DJ Shadow,PT,21,m,US,Male
561,9,0.3010299956639812,Grimes,PT,21,m,CA,Female
561,10,0.2890648263178879,Kelis,PT,21,m,US,Female
562,1,1.0,Rihanna,UK,39,m,UK,Female
562,2,0.6309297535714575,Vitalic,UK,39,m,FR,Male
562,3,0.5,Troye Sivan,UK,39,m,AU,Male
562,4,0.43067655807339306,Nik Kershaw,UK,39,m,UK,Male
562,5,0.38685280723454163,Ariana Grande,UK,39,m,US,Female
562,6,0.3562071871080222,Kelly Clarkson,UK,39,m,US,Female
562,7,0.3333333333333333,Lorde,UK,39,m,NZ,Female
562,8,0.31546487678572877,Mariah Carey,UK,39,m,US,Female
562,9,0.3010299956639812,Machine Head,UK,39,m,JP,Male
562,10,0.2890648263178879,Noisestorm,UK,39,m,IE,Male
563,1,1.0,Nik Kershaw,PL,16,m,UK,Male
563,2,0.6309297535714575,Rod Stewart,PL,16,m,UK,Male
563,3,0.5,Toro y Moi,PL,16,m,US,Male
563,4,0.43067655807339306,Ice Cube,PL,16,m,US,Male
563,5,0.38685280723454163,Paula Abdul,PL,16,m,US,Female
563,6,0.3562071871080222,Norah Jones,PL,16,m,US,Female
563,7,0.3333333333333333,Adele,PL,16,m,UK,Female
563,8,0.31546487678572877,Britney Spears,PL,16,m,US,Female
563,9,0.3010299956639812,Ariana Grande,PL,16,m,US,Female
563,10,0.2890648263178879,James Blake,PL,16,m,UK,Male
564,1,1.0,Kygo,MX,25,m,NO,Male
564,2,0.6309297535714575,Rihanna,MX,25,m,UK,Female
564,3,0.5,Sia,MX,25,m,AU,Female
564,4,0.43067655807339306,Sia,MX,25,m,AU,Female
564,5,0.38685280723454163,Taylor Swift,MX,25,m,US,Female
564,6,0.3562071871080222,Britney Spears,MX,25,m,US,Female
564,7,0.3333333333333333,Nicki Minaj,MX,25,m,US,Female
564,8,0.31546487678572877,Sia,MX,25,m,AU,Female
564,9,0.3010299956639812,Jennifer Lopez,MX,25,m,US,Female
564,10,0.2890648263178879,Madonna,MX,25,m,US,Female
565,1,1.0,Adele,RU,22,m,UK,Female
565,2,0.6309297535714575,Rihanna,RU,22,m,UK,Female
565,3,0.5,Britney Spears,RU,22,m,US,Female
565,4,0.43067655807339306,Michael Jackson,RU,22,m,US,Male
565,5,0.38685280723454163,Beyoncé,RU,22,m,US,Female
565,6,0.3562071871080222,Queen,RU,22,m,JP,Female
565,7,0.3333333333333333,Ariana Grande,RU,22,m,US,Female
565,8,0.31546487678572877,Chris Cornell,RU,22,m,US,Male
565,9,0.3010299956639812,Grimes,RU,22,m,CA,Female
565,10,0.2890648263178879,Chelsea Wolfe,RU,22,m,US,Female
566,1,1.0,Moby,RU,23,m,US,Male
566,2,0.6309297535714575,Crywolf,RU,23,m,US,Male
566,3,0.5,Madonna,RU,23,m,US,Female
566,4,0.43067655807339306,Parov Stelar,RU,23,m,AT,Male
566,5,0.38685280723454163,Beyoncé,RU,23,m,US,Female
566,6,0.3562071871080222,Chris Cornell,RU,23,m,US,Male
566,7,0.3333333333333333,Celldweller,RU,23,m,US,Male
566,8,0.31546487678572877,Johnny Cash,RU,23,m,US,Male
566,9,0.3010299956639812,Ariana Grande,RU,23,m,US,Female
566,10,0.2890648263178879,Ozzy Osbourne,RU,23,m,UK,Male
567,1,1.0,Bob Marley & The Wailers,AU,34,m,JM,Male
567,2,0.6309297535714575,Carpenter Brut,AU,34,m,FR,Male
567,3,0.5,Ariana Grande,AU,34,m,US,Female
567,4,0.43067655807339306,Vitalic,AU,34,m,FR,Male
567,5,0.38685280723454163,Toro y Moi,AU,34,m,US,Male
567,6,0.3562071871080222,Mariah Carey,AU,34,m,US,Female
567,7,0.3333333333333333,Sia,AU,34,m,AU,Female
567,8,0.31546487678572877,Nik Kershaw,AU,34,m,UK,Male
567,9,0.3010299956639812,Ariana Grande,AU,34,m,US,Female
567,10,0.2890648263178879,James Blake,AU,34,m,UK,Male
568,1,1.0,Lana Del Rey,MX,35,m,US,Female
568,2,0.6309297535714575,Pusha T,MX,35,m,US,Male
568,3,0.5,Britney Spears,MX,35,m,US,Female
568,4,0.43067655807339306,Anna Calvi,MX,35,m,UK,Female
568,5,0.38685280723454163,Ry x,MX,35,m,AU,Male
568,6,0.3562071871080222,Billy Joel,MX,35,m,US,Male
568,7,0.3333333333333333,Dolly Parton,MX,35,m,US,Female
568,8,0.31546487678572877,Lil Nas X,MX,35,m,US,Male
568,9,0.3010299956639812,James Blake,MX,35,m,UK,Male
568,10,0.2890648263178879,Kendrick Lamar,MX,35,m,US,Male
569,1,1.0,Ozzy Osbourne,RU,26,m,UK,Male
569,2,0.6309297535714575,Mayhem,RU,26,m,CA,Female
569,3,0.5,Leonard Cohen,RU,26,m,CA,Male
569,4,0.43067655807339306,Rush,RU,26,m,US,Male
569,5,0.38685280723454163,Tame Impala,RU,26,m,AU,Male
569,6,0.3562071871080222,Paul McCartney,RU,26,m,UK,Male
569,7,0.3333333333333333,Tom MacDonald,RU,26,m,CA,Male
569,8,0.31546487678572877,Michael Jackson,RU,26,m,US,Male
569,9,0.3010299956639812,Frank Zappa,RU,26,m,US,Male
569,10,0.2890648263178879,Eminem,RU,26,m,US,Male
570,1,1.0,Kevin Morby,PL,21,m,US,Male
570,2,0.6309297535714575,Earl Sweatshirt,PL,21,m,US,Male
570,3,0.5,Beyoncé,PL,21,m,US,Female
570,4,0.43067655807339306,Nick Drake,PL,21,m,UK,Male
570,5,0.38685280723454163,Ariana Grande,PL,21,m,US,Female
570,6,0.3562071871080222,Leonard Cohen,PL,21,m,CA,Male
570,7,0.3333333333333333,Caribou,PL,21,m,CA,Male
570,8,0.31546487678572877,Adele,PL,21,m,UK,Female
570,9,0.3010299956639812,John Mayer,PL,21,m,IN,Male
570,10,0.2890648263178879,Jenny Lewis,PL,21,m,US,Female
571,1,1.0,Aaron Smith,BR,21,m,US,Male
571,2,0.6309297535714575,Kelis,BR,21,m,US,Female
571,3,0.5,Vitalic,BR,21,m,FR,Male
571,4,0.43067655807339306,Nik Kershaw,BR,21,m,UK,Male
571,5,0.38685280723454163,Machine Head,BR,21,m,JP,Male
571,6,0.3562071871080222,Four Tet,BR,21,m,UK,Male
571,7,0.3333333333333333,Tycho,BR,21,m,US,Male
571,8,0.31546487678572877,Perturbator,BR,21,m,FR,Male
571,9,0.3010299956639812,Grimes,BR,21,m,CA,Female
571,10,0.2890648263178879,Noisestorm,BR,21,m,IE,Male
573,1,1.0,Grouper,UK,25,m,US,Female
573,2,0.6309297535714575,Robyn,UK,25,m,SE,Female
573,3,0.5,Mac DeMarco,UK,25,m,CA,Male
573,4,0.43067655807339306,Sufjan Stevens,UK,25,m,US,Male
573,5,0.38685280723454163,Panda Bear,UK,25,m,US,Male
573,6,0.3562071871080222,Julie Byrne,UK,25,m,US,Female
573,7,0.3333333333333333,Lana Del Rey,UK,25,m,US,Female
573,8,0.31546487678572877,Gil Scott-Heron,UK,25,m,US,Male
573,9,0.3010299956639812,Britney Spears,UK,25,m,US,Female
573,10,0.2890648263178879,Pusha T,UK,25,m,US,Male
574,1,1.0,Beyoncé,RU,20,m,US,Female
574,2,0.6309297535714575,Ariana Grande,RU,20,m,US,Female
574,3,0.5,James Blake,RU,20,m,UK,Male
574,4,0.43067655807339306,Lisa Miskovsky,RU,20,m,SE,Female
574,5,0.38685280723454163,Noisestorm,RU,20,m,IE,Male
574,6,0.3562071871080222,Kelis,RU,20,m,US,Female
574,7,0.3333333333333333,Taylor Swift,RU,20,m,US,Female
574,8,0.31546487678572877,Gwen Stefani,RU,20,m,US,Female
574,9,0.3010299956639812,Mr.Kitty,RU,20,m,US,Male
574,10,0.2890648263178879,Grimes,RU,20,m,CA,Female
575,1,1.0,Grouper,AR,24,f,US,Female
575,2,0.6309297535714575,Taylor Swift,AR,24,f,US,Female
575,3,0.5,Earl Sweatshirt,AR,24,f,US,Male
575,4,0.43067655807339306,Earl Sweatshirt,AR,24,f,US,Male
575,5,0.38685280723454163,Kevin Morby,AR,24,f,US,Male
575,6,0.3562071871080222,Nick Drake,AR,24,f,UK,Male
575,7,0.3333333333333333,Mac DeMarco,AR,24,f,CA,Male
575,8,0.31546487678572877,Daniel Avery,AR,24,f,UK,Male
575,9,0.3010299956639812,George Ezra,AR,24,f,UK,Male
575,10,0.2890648263178879,Darkside,AR,24,f,UK,Male
576,1,1.0,Adele,RU,27,m,UK,Female
576,2,0.6309297535714575,Paula Abdul,RU,27,m,US,Female
576,3,0.5,Rod Stewart,RU,27,m,UK,Male
576,4,0.43067655807339306,Michael Jackson,RU,27,m,US,Male
576,5,0.38685280723454163,Queen,RU,27,m,JP,Female
576,6,0.3562071871080222,Rihanna,RU,27,m,UK,Female
576,7,0.3333333333333333,IAMX,RU,27,m,DE,Male
576,8,0.31546487678572877,Ariana Grande,RU,27,m,US,Female
576,9,0.3010299956639812,Toro y Moi,RU,27,m,US,Male
576,10,0.2890648263178879,Kelis,RU,27,m,US,Female
578,1,1.0,Vitalic,US,26,m,FR,Male
578,2,0.6309297535714575,Machine Head,US,26,m,JP,Male
578,3,0.5,Perturbator,US,26,m,FR,Male
578,4,0.43067655807339306,Noisestorm,US,26,m,IE,Male
578,5,0.38685280723454163,Ariana Grande,US,26,m,US,Female
578,6,0.3562071871080222,Lisa Miskovsky,US,26,m,SE,Female
578,7,0.3333333333333333,Kelly Clarkson,US,26,m,US,Female
578,8,0.31546487678572877,Rod Stewart,US,26,m,UK,Male
578,9,0.3010299956639812,Kacey Musgraves,US,26,m,US,Female
578,10,0.2890648263178879,DJ Shadow,US,26,m,US,Male
579,1,1.0,Sufjan Stevens,BY,25,f,US,Male
579,2,0.6309297535714575,M. Ward,BY,25,f,US,Male
579,3,0.5,Julie Byrne,BY,25,f,US,Female
579,4,0.43067655807339306,Panda Bear,BY,25,f,US,Male
579,5,0.38685280723454163,Anna Calvi,BY,25,f,UK,Female
579,6,0.3562071871080222,Ry x,BY,25,f,AU,Male
579,7,0.3333333333333333,Perfume Genius,BY,25,f,US,Male
579,8,0.31546487678572877,Avril Lavigne,BY,25,f,CA,Female
579,9,0.3010299956639812,Gil Scott-Heron,BY,25,f,US,Male
579,10,0.2890648263178879,Nick Drake,BY,25,f,UK,Male
580,1,1.0,Bob Marley & The Wailers,MX,28,m,JM,Male
580,2,0.6309297535714575,Rush,MX,28,m,US,Male
580,3,0.5,Aaron Smith,MX,28,m,US,Male
580,4,0.43067655807339306,Toro y Moi,MX,28,m,US,Male
580,5,0.38685280723454163,Rush,MX,28,m,US,Male
580,6,0.3562071871080222,Carpenter Brut,MX,28,m,FR,Male
580,7,0.3333333333333333,James Blake,MX,28,m,UK,Male
580,8,0.31546487678572877,Vitalic,MX,28,m,FR,Male
580,9,0.3010299956639812,Nik Kershaw,MX,28,m,UK,Male
580,10,0.2890648263178879,James Blake,MX,28,m,UK,Male
581,1,1.0,Paula Abdul,HU,20,m,US,Female
581,2,0.6309297535714575,Britney Spears,HU,20,m,US,Female
581,3,0.5,Toro y Moi,HU,20,m,US,Male
581,4,0.43067655807339306,Ariana Grande,HU,20,m,US,Female
581,5,0.38685280723454163,Jonathan Davis,HU,20,m,US,Male
581,6,0.3562071871080222,Rod Stewart,HU,20,m,UK,Male
581,7,0.3333333333333333,Rihanna,HU,20,m,UK,Female
581,8,0.31546487678572877,Britney Spears,HU,20,m,US,Female
581,9,0.3010299956639812,Kelis,HU,20,m,US,Female
581,10,0.2890648263178879,Michael Jackson,HU,20,m,US,Male
582,1,1.0,Rihanna,EE,18,m,UK,Female
582,2,0.6309297535714575,Adele,EE,18,m,UK,Female
582,3,0.5,Noisestorm,EE,18,m,IE,Male
582,4,0.43067655807339306,Perturbator,EE,18,m,FR,Male
582,5,0.38685280723454163,Beyoncé,EE,18,m,US,Female
582,6,0.3562071871080222,Lisa Miskovsky,EE,18,m,SE,Female
582,7,0.3333333333333333,Britney Spears,EE,18,m,US,Female
582,8,0.31546487678572877,Ariana Grande,EE,18,m,US,Female
582,9,0.3010299956639812,Michael Jackson,EE,18,m,US,Male
582,10,0.2890648263178879,Mr.Kitty,EE,18,m,US,Male
583,1,1.0,Pedro Sampaio,US,20,f,BR,Male
583,2,0.6309297535714575,Kelly Clarkson,US,20,f,US,Female
583,3,0.5,Adele,US,20,f,UK,Female
583,4,0.43067655807339306,John Mayer,US,20,f,IN,Male
583,5,0.38685280723454163,Lorde,US,20,f,NZ,Female
583,6,0.3562071871080222,Madonna,US,20,f,US,Female
583,7,0.3333333333333333,Lily Allen,US,20,f,UK,Female
583,8,0.31546487678572877,John Mayer,US,20,f,IN,Male
583,9,0.3010299956639812,Chris Isaak,US,20,f,US,Male
583,10,0.2890648263178879,Iggy Azalea,US,20,f,US,Female
584,1,1.0,Caribou,LT,18,m,CA,Male
584,2,0.6309297535714575,Tame Impala,LT,18,m,AU,Male
584,3,0.5,Kevin Morby,LT,18,m,US,Male
584,4,0.43067655807339306,Seal,LT,18,m,UK,Male
584,5,0.38685280723454163,Bob Marley & The Wailers,LT,18,m,JM,Male
584,6,0.3562071871080222,Rihanna,LT,18,m,UK,Female
584,7,0.3333333333333333,Ry x,LT,18,m,AU,Male
584,8,0.31546487678572877,Kendrick Lamar,LT,18,m,US,Male
584,9,0.3010299956639812,Queen,LT,18,m,JP,Female
584,10,0.2890648263178879,Leonard Cohen,LT,18,m,CA,Male
585,1,1.0,Madonna,PT,21,f,US,Female
585,2,0.6309297535714575,Nicki Minaj,PT,21,f,US,Female
585,3,0.5,Adele,PT,21,f,UK,Female
585,4,0.43067655807339306,Ke$ha,PT,21,f,US,Female
585,5,0.38685280723454163,Amerie,PT,21,f,US,Female
585,6,0.3562071871080222,Rita Ora,PT,21,f,UK,Female
585,7,0.3333333333333333,Mary J. Blige,PT,21,f,US,Female
585,8,0.31546487678572877,Beenie Man,PT,21,f,JM,Male
585,9,0.3010299956639812,Rihanna,PT,21,f,UK,Female
585,10,0.2890648263178879,Rihanna,PT,21,f,UK,Female
586,1,1.0,Dean Blunt,RS,23,m,UK,Male
586,2,0.6309297535714575,Leonard Cohen,RS,23,m,CA,Male
586,3,0.5,Mac DeMarco,RS,23,m,CA,Male
586,4,0.43067655807339306,M. Ward,RS,23,m,US,Male
586,5,0.38685280723454163,Sufjan Stevens,RS,23,m,US,Male
586,6,0.3562071871080222,Ariana Grande,RS,23,m,US,Female
586,7,0.3333333333333333,Sharon Van Etten,RS,23,m,US,Female
586,8,0.31546487678572877,Bob Marley & The Wailers,RS,23,m,JM,Male
586,9,0.3010299956639812,Roy Orbison,RS,23,m,US,Male
586,10,0.2890648263178879,Julie Byrne,RS,23,m,US,Female
587,1,1.0,Ozzy Osbourne,ES,24,f,UK,Male
587,2,0.6309297535714575,Mayhem,ES,24,f,CA,Female
587,3,0.5,Carpenter Brut,ES,24,f,FR,Male
587,4,0.43067655807339306,Carpenter Brut,ES,24,f,FR,Male
587,5,0.38685280723454163,Leonard Cohen,ES,24,f,CA,Male
587,6,0.3562071871080222,Rob Zombie,ES,24,f,US,Male
587,7,0.3333333333333333,Rush,ES,24,f,US,Male
587,8,0.31546487678572877,Frank Zappa,ES,24,f,US,Male
587,9,0.3010299956639812,Paul McCartney,ES,24,f,UK,Male
587,10,0.2890648263178879,Queen,ES,24,f,JP,Female
588,1,1.0,Kelis,PL,21,m,US,Female
588,2,0.6309297535714575,Beyoncé,PL,21,m,US,Female
588,3,0.5,James Blake,PL,21,m,UK,Male
588,4,0.43067655807339306,Noisestorm,PL,21,m,IE,Male
588,5,0.38685280723454163,Jennifer Paige,PL,21,m,US,Female
588,6,0.3562071871080222,Bruno Mars,PL,21,m,US,Male
588,7,0.3333333333333333,Pat Benatar,PL,21,m,US,Female
588,8,0.31546487678572877,Kelly Clarkson,PL,21,m,US,Female
588,9,0.3010299956639812,Rihanna,PL,21,m,UK,Female
588,10,0.2890648263178879,James Arthur,PL,21,m,UK,Male
590,1,1.0,Ariana Grande,BR,23,m,US,Female
590,2,0.6309297535714575,Michael Jackson,BR,23,m,US,Male
590,3,0.5,Serj Tankian,BR,23,m,US,Male
590,4,0.43067655807339306,Rita Ora,BR,23,m,UK,Female
590,5,0.38685280723454163,Miley Cyrus,BR,23,m,US,Non-binary
590,6,0.3562071871080222,Beyoncé,BR,23,m,US,Female
590,7,0.3333333333333333,Rush,BR,23,m,US,Male
590,8,0.31546487678572877,Ed Sheeran,BR,23,m,UK,Male
590,9,0.3010299956639812,Miley Cyrus,BR,23,m,US,Non-binary
590,10,0.2890648263178879,John Mayer,BR,23,m,IN,Male
592,1,1.0,Corinne Bailey Rae,BR,20,m,UK,Female
592,2,0.6309297535714575,Toro y Moi,BR,20,m,US,Male
592,3,0.5,Bob Marley & The Wailers,BR,20,m,JM,Male
592,4,0.43067655807339306,Sia,BR,20,m,AU,Female
592,5,0.38685280723454163,Queen,BR,20,m,JP,Female
592,6,0.3562071871080222,Ozzy Osbourne,BR,20,m,UK,Male
592,7,0.3333333333333333,Carpenter Brut,BR,20,m,FR,Male
592,8,0.31546487678572877,Nicki Minaj,BR,20,m,US,Female
592,9,0.3010299956639812,Kacey Musgraves,BR,20,m,US,Female
592,10,0.2890648263178879,Mariah Carey,BR,20,m,US,Female
593,1,1.0,Chuck Berry,JP,27,m,US,Male
593,2,0.6309297535714575,Haddaway,JP,27,m,DE,Male
593,3,0.5,Britney Spears,JP,27,m,US,Female
593,4,0.43067655807339306,Avril Lavigne,JP,27,m,CA,Female
593,5,0.38685280723454163,Anna Calvi,JP,27,m,UK,Female
593,6,0.3562071871080222,Gil Scott-Heron,JP,27,m,US,Male
593,7,0.3333333333333333,Devin Townsend,JP,27,m,CA,Male
593,8,0.31546487678572877,Duncan Laurence,JP,27,m,NL,Male
593,9,0.3010299956639812,Tame Impala,JP,27,m,AU,Male
593,10,0.2890648263178879,Lana Del Rey,JP,27,m,US,Female
594,1,1.0,Perturbator,AU,23,m,FR,Male
594,2,0.6309297535714575,Michael Jackson,AU,23,m,US,Male
594,3,0.5,Ariana Grande,AU,23,m,US,Female
594,4,0.43067655807339306,Lisa Miskovsky,AU,23,m,SE,Female
594,5,0.38685280723454163,Noisestorm,AU,23,m,IE,Male
594,6,0.3562071871080222,Shawn Mendes,AU,23,m,CA,Male
594,7,0.3333333333333333,Mr.Kitty,AU,23,m,US,Male
594,8,0.31546487678572877,Rihanna,AU,23,m,UK,Female
594,9,0.3010299956639812,Ariana Grande,AU,23,m,US,Female
594,10,0.2890648263178879,Armin van Buuren,AU,23,m,NL,Male
595,1,1.0,Lisa Miskovsky,UA,19,m,SE,Female
595,2,0.6309297535714575,Ariana Grande,UA,19,m,US,Female
595,3,0.5,Beyoncé,UA,19,m,US,Female
595,4,0.43067655807339306,Michael Jackson,UA,19,m,US,Male
595,5,0.38685280723454163,Gwen Stefani,UA,19,m,US,Female
595,6,0.3562071871080222,Kelis,UA,19,m,US,Female
595,7,0.3333333333333333,Madonna,UA,19,m,US,Female
595,8,0.31546487678572877,Mr.Kitty,UA,19,m,US,Male
595,9,0.3010299956639812,Taylor Swift,UA,19,m,US,Female
595,10,0.2890648263178879,Grimes,UA,19,m,CA,Female
596,1,1.0,Nik Kershaw,PL,18,f,UK,Male
596,2,0.6309297535714575,Jonathan Davis,PL,18,f,US,Male
596,3,0.5,Vanessa Carlton,PL,18,f,US,Female
596,4,0.43067655807339306,Bob Marley & The Wailers,PL,18,f,JM,Male
596,5,0.38685280723454163,IAMX,PL,18,f,DE,Male
596,6,0.3562071871080222,Chris Isaak,PL,18,f,US,Male
596,7,0.3333333333333333,deadmau5,PL,18,f,CA,Male
596,8,0.31546487678572877,Miley Cyrus,PL,18,f,US,Non-binary
596,9,0.3010299956639812,Dolly Parton,PL,18,f,US,Female
596,10,0.2890648263178879,John Mayer,PL,18,f,IN,Male
597,1,1.0,Rush,RU,36,m,US,Male
597,2,0.6309297535714575,Marilyn Manson,RU,36,m,US,Male
597,3,0.5,Rush,RU,36,m,US,Male
597,4,0.43067655807339306,Marilyn Manson,RU,36,m,US,Male
597,5,0.38685280723454163,Bob Marley & The Wailers,RU,36,m,JM,Male
597,6,0.3562071871080222,Rush,RU,36,m,US,Male
597,7,0.3333333333333333,Rush,RU,36,m,US,Male
597,8,0.31546487678572877,Carpenter Brut,RU,36,m,FR,Male
597,9,0.3010299956639812,Marilyn Manson,RU,36,m,US,Male
597,10,0.2890648263178879,Devin Townsend,RU,36,m,CA,Male
598,1,1.0,Ry x,PL,25,m,AU,Male
598,2,0.6309297535714575,Grouper,PL,25,m,US,Female
598,3,0.5,Earl Sweatshirt,PL,25,m,US,Male
598,4,0.43067655807339306,Kevin Morby,PL,25,m,US,Male
598,5,0.38685280723454163,Bob Marley & The Wailers,PL,25,m,JM,Male
598,6,0.3562071871080222,Nick Drake,PL,25,m,UK,Male
598,7,0.3333333333333333,Chris Isaak,PL,25,m,US,Male
598,8,0.31546487678572877,Caribou,PL,25,m,CA,Male
598,9,0.3010299956639812,Eric Clapton,PL,25,m,UK,Male
598,10,0.2890648263178879,Lana Del Rey,PL,25,m,US,Female
599,1,1.0,Sufjan Stevens,TR,23,m,US,Male
599,2,0.6309297535714575,Chuck Berry,TR,23,m,US,Male
599,3,0.5,Panda Bear,TR,23,m,US,Male
599,4,0.43067655807339306,John Mayer,TR,23,m,IN,Male
599,5,0.38685280723454163,Lana Del Rey,TR,23,m,US,Female
599,6,0.3562071871080222,Anna Calvi,TR,23,m,UK,Female
599,7,0.3333333333333333,Roy Orbison,TR,23,m,US,Male
599,8,0.31546487678572877,Taylor Swift,TR,23,m,US,Female
599,9,0.3010299956639812,Taylor McFerrin,TR,23,m,US,Male
599,10,0.2890648263178879,James Blake,TR,23,m,UK,Male
600,1,1.0,Ariana Grande,NZ,19,m,US,Female
600,2,0.6309297535714575,Kacey Musgraves,NZ,19,m,US,Female
600,3,0.5,Bob Marley & The Wailers,NZ,19,m,JM,Male
600,4,0.43067655807339306,Queen,NZ,19,m,JP,Female
600,5,0.38685280723454163,Beyoncé,NZ,19,m,US,Female
600,6,0.3562071871080222,Rush,NZ,19,m,US,Male
600,7,0.3333333333333333,Corinne Bailey Rae,NZ,19,m,UK,Female
600,8,0.31546487678572877,Serj Tankian,NZ,19,m,US,Male
600,9,0.3010299956639812,Four Tet,NZ,19,m,UK,Male
600,10,0.2890648263178879,Carpenter Brut,NZ,19,m,FR,Male
601,1,1.0,Corinne Bailey Rae,PH,24,f,UK,Female
601,2,0.6309297535714575,Moby,PH,24,f,US,Male
601,3,0.5,Elvis Presley,PH,24,f,US,Male
601,4,0.43067655807339306,Queen,PH,24,f,JP,Female
601,5,0.38685280723454163,Ozzy Osbourne,PH,24,f,UK,Male
601,6,0.3562071871080222,Queen,PH,24,f,JP,Female
601,7,0.3333333333333333,Beyoncé,PH,24,f,US,Female
601,8,0.31546487678572877,Ed Sheeran,PH,24,f,UK,Male
601,9,0.3010299956639812,Ariana Grande,PH,24,f,US,Female
601,10,0.2890648263178879,Sabrina Carpenter,PH,24,f,US,Female
602,1,1.0,Carpenter Brut,BR,22,m,FR,Male
602,2,0.6309297535714575,Marilyn Manson,BR,22,m,US,Male
602,3,0.5,Blue Stahli,BR,22,m,US,Male
602,4,0.43067655807339306,Michael Jackson,BR,22,m,US,Male
602,5,0.38685280723454163,Serj Tankian,BR,22,m,US,Male
602,6,0.3562071871080222,Bob Marley & The Wailers,BR,22,m,JM,Male
602,7,0.3333333333333333,Sia,BR,22,m,AU,Female
602,8,0.31546487678572877,Red,BR,22,m,PL,Male
602,9,0.3010299956639812,Rob Zombie,BR,22,m,US,Male
602,10,0.2890648263178879,Devin Townsend,BR,22,m,CA,Male
603,1,1.0,Madonna,UK,19,f,US,Female
603,2,0.6309297535714575,Vitalic,UK,19,f,FR,Male
603,3,0.5,Nik Kershaw,UK,19,f,UK,Male
603,4,0.43067655807339306,Ariana Grande,UK,19,f,US,Female
603,5,0.38685280723454163,Perturbator,UK,19,f,FR,Male
603,6,0.3562071871080222,Noisestorm,UK,19,f,IE,Male
603,7,0.3333333333333333,Rihanna,UK,19,f,UK,Female
603,8,0.31546487678572877,Ariana Grande,UK,19,f,US,Female
603,9,0.3010299956639812,Machine Head,UK,19,f,JP,Male
603,10,0.2890648263178879,Sia,UK,19,f,AU,Female
604,1,1.0,Vanessa Carlton,CN,21,m,US,Female
604,2,0.6309297535714575,John Mayer,CN,21,m,IN,Male
604,3,0.5,Nik Kershaw,CN,21,m,UK,Male
604,4,0.43067655807339306,Perturbator,CN,21,m,FR,Male
604,5,0.38685280723454163,Sia,CN,21,m,AU,Female
604,6,0.3562071871080222,Miley Cyrus,CN,21,m,US,Non-binary
604,7,0.3333333333333333,Avril Lavigne,CN,21,m,CA,Female
604,8,0.31546487678572877,Haddaway,CN,21,m,DE,Male
604,9,0.3010299956639812,Miley Cyrus,CN,21,m,US,Non-binary
604,10,0.2890648263178879,Adele,CN,21,m,UK,Female
605,1,1.0,Bob Marley & The Wailers,IN,19,m,JM,Male
605,2,0.6309297535714575,Queen,IN,19,m,JP,Female
605,3,0.5,Corinne Bailey Rae,IN,19,m,UK,Female
605,4,0.43067655807339306,Paula Abdul,IN,19,m,US,Female
605,5,0.38685280723454163,Blue Stahli,IN,19,m,US,Male
605,6,0.3562071871080222,Rihanna,IN,19,m,UK,Female
605,7,0.3333333333333333,John Mayer,IN,19,m,IN,Male
605,8,0.31546487678572877,Serj Tankian,IN,19,m,US,Male
605,9,0.3010299956639812,Michael Jackson,IN,19,m,US,Male
605,10,0.2890648263178879,Adele,IN,19,m,UK,Female
606,1,1.0,Anna Calvi,IT,26,m,UK,Female
606,2,0.6309297535714575,Kate Bush,IT,26,m,UK,Female
606,3,0.5,Travis Scott,IT,26,m,US,Male
606,4,0.43067655807339306,Sufjan Stevens,IT,26,m,US,Male
606,5,0.38685280723454163,Jeff Buckley,IT,26,m,US,Male
606,6,0.3562071871080222,Eagle-Eye Cherry,IT,26,m,SE,Male
606,7,0.3333333333333333,Bill Callahan,IT,26,m,US,Male
606,8,0.31546487678572877,Grouper,IT,26,m,US,Female
606,9,0.3010299956639812,Sharon Van Etten,IT,26,m,US,Female
606,10,0.2890648263178879,Adele,IT,26,m,UK,Female
607,1,1.0,Anna Calvi,DE,22,m,UK,Female
607,2,0.6309297535714575,Haddaway,DE,22,m,DE,Male
607,3,0.5,Avril Lavigne,DE,22,m,CA,Female
607,4,0.43067655807339306,Perfume Genius,DE,22,m,US,Male
607,5,0.38685280723454163,Gil Scott-Heron,DE,22,m,US,Male
607,6,0.3562071871080222,Tame Impala,DE,22,m,AU,Male
607,7,0.3333333333333333,Travis Scott,DE,22,m,US,Male
607,8,0.31546487678572877,Bonobo,DE,22,m,UK,Male
607,9,0.3010299956639812,Jeff Buckley,DE,22,m,US,Male
607,10,0.2890648263178879,Sharon Van Etten,DE,22,m,US,Female
608,1,1.0,Rush,RU,20,f,US,Male
608,2,0.6309297535714575,Aaron Smith,RU,20,f,US,Male
608,3,0.5,Bob Marley & The Wailers,RU,20,f,JM,Male
608,4,0.43067655807339306,Christina Aguilera,RU,20,f,US,Female
608,5,0.38685280723454163,Beyoncé,RU,20,f,US,Female
608,6,0.3562071871080222,Carpenter Brut,RU,20,f,FR,Male
608,7,0.3333333333333333,Janelle Monáe,RU,20,f,US,Non-binary
608,8,0.31546487678572877,Katy Perry,RU,20,f,US,Female
608,9,0.3010299956639812,Nicki Minaj,RU,20,f,US,Female
608,10,0.2890648263178879,Rush,RU,20,f,US,Male
609,1,1.0,Bob Marley & The Wailers,AZ,22,f,JM,Male
609,2,0.6309297535714575,KT Tunstall,AZ,22,f,UK,Female
609,3,0.5,Carpenter Brut,AZ,22,f,FR,Male
609,4,0.43067655807339306,Marilyn Manson,AZ,22,f,US,Male
609,5,0.38685280723454163,Carpenter Brut,AZ,22,f,FR,Male
609,6,0.3562071871080222,Bryan Adams,AZ,22,f,CA,Male
609,7,0.3333333333333333,Rush,AZ,22,f,US,Male
609,8,0.31546487678572877,Rob Zombie,AZ,22,f,US,Male
609,9,0.3010299956639812,Serj Tankian,AZ,22,f,US,Male
609,10,0.2890648263178879,Tame Impala,AZ,22,f,AU,Male
610,1,1.0,Sia,RU,21,m,AU,Female
610,2,0.6309297535714575,Ariana Grande,RU,21,m,US,Female
610,3,0.5,Miley Cyrus,RU,21,m,US,Non-binary
610,4,0.43067655807339306,Miley Cyrus,RU,21,m,US,Non-binary
610,5,0.38685280723454163,Ariana Grande,RU,21,m,US,Female
610,6,0.3562071871080222,Rita Ora,RU,21,m,UK,Female
610,7,0.3333333333333333,Vanessa Carlton,RU,21,m,US,Female
610,8,0.31546487678572877,Toro y Moi,RU,21,m,US,Male
610,9,0.3010299956639812,Machine Head,RU,21,m,JP,Male
610,10,0.2890648263178879,Adele,RU,21,m,UK,Female
611,1,1.0,Bob Marley & The Wailers,RU,19,m,JM,Male
611,2,0.6309297535714575,Sia,RU,19,m,AU,Female
611,3,0.5,Vanessa Carlton,RU,19,m,US,Female
611,4,0.43067655807339306,Adele,RU,19,m,UK,Female
611,5,0.38685280723454163,John Mayer,RU,19,m,IN,Male
611,6,0.3562071871080222,Nik Kershaw,RU,19,m,UK,Male
611,7,0.3333333333333333,Ariana Grande,RU,19,m,US,Female
611,8,0.31546487678572877,Machine Head,RU,19,m,JP,Male
611,9,0.3010299956639812,Travis Scott,RU,19,m,US,Male
611,10,0.2890648263178879,Paula Abdul,RU,19,m,US,Female
612,1,1.0,Beyoncé,BY,23,m,US,Female
612,2,0.6309297535714575,Grimes,BY,23,m,CA,Female
612,3,0.5,Perturbator,BY,23,m,FR,Male
612,4,0.43067655807339306,Kacey Musgraves,BY,23,m,US,Female
612,5,0.38685280723454163,Father John Misty,BY,23,m,US,Male
612,6,0.3562071871080222,Lisa Miskovsky,BY,23,m,SE,Female
612,7,0.3333333333333333,Madonna,BY,23,m,US,Female
612,8,0.31546487678572877,Tycho,BY,23,m,US,Male
612,9,0.3010299956639812,Kelis,BY,23,m,US,Female
612,10,0.2890648263178879,Rod Stewart,BY,23,m,UK,Male
613,1,1.0,Perturbator,PL,23,f,FR,Male
613,2,0.6309297535714575,Noisestorm,PL,23,f,IE,Male
613,3,0.5,Lisa Miskovsky,PL,23,f,SE,Female
613,4,0.43067655807339306,Machine Head,PL,23,f,JP,Male
613,5,0.38685280723454163,Shawn Mendes,PL,23,f,CA,Male
613,6,0.3562071871080222,Ariana Grande,PL,23,f,US,Female
613,7,0.3333333333333333,Kelly Clarkson,PL,23,f,US,Female
613,8,0.31546487678572877,Mr.Kitty,PL,23,f,US,Male
613,9,0.3010299956639812,Rod Stewart,PL,23,f,UK,Male
613,10,0.2890648263178879,Ariana Grande,PL,23,f,US,Female
614,1,1.0,Ry x,NL,17,f,AU,Male
614,2,0.6309297535714575,Tame Impala,NL,17,f,AU,Male
614,3,0.5,Travis Scott,NL,17,f,US,Male
614,4,0.43067655807339306,Pusha T,NL,17,f,US,Male
614,5,0.38685280723454163,Anna Calvi,NL,17,f,UK,Female
614,6,0.3562071871080222,Perfume Genius,NL,17,f,US,Male
614,7,0.3333333333333333,Nick Drake,NL,17,f,UK,Male
614,8,0.31546487678572877,Kendrick Lamar,NL,17,f,US,Male
614,9,0.3010299956639812,James Blake,NL,17,f,UK,Male
614,10,0.2890648263178879,Damien Jurado,NL,17,f,US,Male
615,1,1.0,Toro y Moi,CA,51,m,US,Male
615,2,0.6309297535714575,James Blake,CA,51,m,UK,Male
615,3,0.5,Paula Abdul,CA,51,m,US,Female
615,4,0.43067655807339306,Adele,CA,51,m,UK,Female
615,5,0.38685280723454163,Michael Jackson,CA,51,m,US,Male
615,6,0.3562071871080222,Noisestorm,CA,51,m,IE,Male
615,7,0.3333333333333333,Britney Spears,CA,51,m,US,Female
615,8,0.31546487678572877,Jonathan Davis,CA,51,m,US,Male
615,9,0.3010299956639812,Moby,CA,51,m,US,Male
615,10,0.2890648263178879,DJ Shadow,CA,51,m,US,Male
616,1,1.0,Sufjan Stevens,BR,18,m,US,Male
616,2,0.6309297535714575,Laura Branigan,BR,18,m,US,Female
616,3,0.5,Grouper,BR,18,m,US,Female
616,4,0.43067655807339306,Panda Bear,BR,18,m,US,Male
616,5,0.38685280723454163,Lil Nas X,BR,18,m,US,Male
616,6,0.3562071871080222,AFI,BR,18,m,US,Female
616,7,0.3333333333333333,Björk,BR,18,m,IS,Female
616,8,0.31546487678572877,Britney Spears,BR,18,m,US,Female
616,9,0.3010299956639812,Julie Byrne,BR,18,m,US,Female
616,10,0.2890648263178879,Robyn,BR,18,m,SE,Female
617,1,1.0,Mac DeMarco,EE,32,f,CA,Male
617,2,0.6309297535714575,Grouper,EE,32,f,US,Female
617,3,0.5,Sufjan Stevens,EE,32,f,US,Male
617,4,0.43067655807339306,John Mayer,EE,32,f,IN,Male
617,5,0.38685280723454163,Panda Bear,EE,32,f,US,Male
617,6,0.3562071871080222,Tame Impala,EE,32,f,AU,Male
617,7,0.3333333333333333,Roy Orbison,EE,32,f,US,Male
617,8,0.31546487678572877,Julie Byrne,EE,32,f,US,Female
617,9,0.3010299956639812,Taylor Swift,EE,32,f,US,Female
617,10,0.2890648263178879,Devin Townsend,EE,32,f,CA,Male
618,1,1.0,Kevin Morby,PL,17,f,US,Male
618,2,0.6309297535714575,Darkside,PL,17,f,UK,Male
618,3,0.5,Queen,PL,17,f,JP,Female
618,4,0.43067655807339306,Ariana Grande,PL,17,f,US,Female
618,5,0.38685280723454163,Dean Blunt,PL,17,f,UK,Male
618,6,0.3562071871080222,Bill Callahan,PL,17,f,US,Male
618,7,0.3333333333333333,Taylor Swift,PL,17,f,US,Female
618,8,0.31546487678572877,Leonard Cohen,PL,17,f,CA,Male
618,9,0.3010299956639812,Lana Del Rey,PL,17,f,US,Female
618,10,0.2890648263178879,M. Ward,PL,17,f,US,Male
619,1,1.0,Emperor,CZ,27,m,UK,Male
619,2,0.6309297535714575,David Bowie,CZ,27,m,UK,Male
619,3,0.5,David Bowie,CZ,27,m,UK,Male
619,4,0.43067655807339306,Bob Marley & The Wailers,CZ,27,m,JM,Male
619,5,0.38685280723454163,Blue Stahli,CZ,27,m,US,Male
619,6,0.3562071871080222,The Kinks,CZ,27,m,US,Male
619,7,0.3333333333333333,Marilyn Manson,CZ,27,m,US,Male
619,8,0.31546487678572877,Carpenter Brut,CZ,27,m,FR,Male
619,9,0.3010299956639812,Rush,CZ,27,m,US,Male
619,10,0.2890648263178879,Ozzy Osbourne,CZ,27,m,UK,Male
620,1,1.0,Katy Perry,US,22,f,US,Female
620,2,0.6309297535714575,Kanye West,US,22,f,US,Male
620,3,0.5,Britney Spears,US,22,f,US,Female
620,4,0.43067655807339306,Lana Del Rey,US,22,f,US,Female
620,5,0.38685280723454163,Ellie Goulding,US,22,f,UK,Female
620,6,0.3562071871080222,Marilyn Manson,US,22,f,US,Male
620,7,0.3333333333333333,James Blake,US,22,f,UK,Male
620,8,0.31546487678572877,Lorde,US,22,f,NZ,Female
620,9,0.3010299956639812,Nicki Minaj,US,22,f,US,Female
620,10,0.2890648263178879,John Mayer,US,22,f,IN,Male
621,1,1.0,Troye Sivan,BR,19,m,AU,Male
621,2,0.6309297535714575,Vitalic,BR,19,m,FR,Male
621,3,0.5,Sia,BR,19,m,AU,Female
621,4,0.43067655807339306,Justin Timberlake,BR,19,m,US,Male
621,5,0.38685280723454163,Perturbator,BR,19,m,FR,Male
621,6,0.3562071871080222,Noisestorm,BR,19,m,IE,Male
621,7,0.3333333333333333,J Balvin,BR,19,m,CO,Male
621,8,0.31546487678572877,Sia,BR,19,m,AU,Female
621,9,0.3010299956639812,Nicki Minaj,BR,19,m,US,Female
621,10,0.2890648263178879,Michael Jackson,BR,19,m,US,Male
622,1,1.0,Bob Marley & The Wailers,IT,21,f,JM,Male
622,2,0.6309297535714575,Michael Jackson,IT,21,f,US,Male
622,3,0.5,Carpenter Brut,IT,21,f,FR,Male
622,4,0.43067655807339306,Aaron Smith,IT,21,f,US,Male
622,5,0.38685280723454163,Rush,IT,21,f,US,Male
622,6,0.3562071871080222,Kelis,IT,21,f,US,Female
622,7,0.3333333333333333,Four Tet,IT,21,f,UK,Male
622,8,0.31546487678572877,Tycho,IT,21,f,US,Male
622,9,0.3010299956639812,Gwen Stefani,IT,21,f,US,Female
622,10,0.2890648263178879,Thom Yorke,IT,21,f,UK,Male
623,1,1.0,Chuck Berry,RU,21,m,US,Male
623,2,0.6309297535714575,Ariana Grande,RU,21,m,US,Female
623,3,0.5,Haddaway,RU,21,m,DE,Male
623,4,0.43067655807339306,Britney Spears,RU,21,m,US,Female
623,5,0.38685280723454163,Avril Lavigne,RU,21,m,CA,Female
623,6,0.3562071871080222,Devin Townsend,RU,21,m,CA,Male
623,7,0.3333333333333333,Duncan Laurence,RU,21,m,NL,Male
623,8,0.31546487678572877,Beyoncé,RU,21,m,US,Female
623,9,0.3010299956639812,Queen,RU,21,m,JP,Female
623,10,0.2890648263178879,John Mayer,RU,21,m,IN,Male
624,1,1.0,Toro y Moi,UK,50,m,US,Male
624,2,0.6309297535714575,Beyoncé,UK,50,m,US,Female
624,3,0.5,Madonna,UK,50,m,US,Female
624,4,0.43067655807339306,Armin van Buuren,UK,50,m,NL,Male
624,5,0.38685280723454163,James Blake,UK,50,m,UK,Male
624,6,0.3562071871080222,Chris Cornell,UK,50,m,US,Male
624,7,0.3333333333333333,Rihanna,UK,50,m,UK,Female
624,8,0.31546487678572877,Lauren Daigle,UK,50,m,US,Female
624,9,0.3010299956639812,Ice Cube,UK,50,m,US,Male
624,10,0.2890648263178879,Eddie Cochran,UK,50,m,US,Male
626,1,1.0,Carpenter Brut,CZ,19,m,FR,Male
626,2,0.6309297535714575,Carpenter Brut,CZ,19,m,FR,Male
626,3,0.5,Ozzy Osbourne,CZ,19,m,UK,Male
626,4,0.43067655807339306,Mayhem,CZ,19,m,CA,Female
626,5,0.38685280723454163,Rush,CZ,19,m,US,Male
626,6,0.3562071871080222,Serj Tankian,CZ,19,m,US,Male
626,7,0.3333333333333333,Tame Impala,CZ,19,m,AU,Male
626,8,0.31546487678572877,Leonard Cohen,CZ,19,m,CA,Male
626,9,0.3010299956639812,Elvis Presley,CZ,19,m,US,Male
626,10,0.2890648263178879,Eminem,CZ,19,m,US,Male
628,1,1.0,Bob Marley & The Wailers,VE,21,f,JM,Male
628,2,0.6309297535714575,Aaron Smith,VE,21,f,US,Male
628,3,0.5,Toro y Moi,VE,21,f,US,Male
628,4,0.43067655807339306,Vitalic,VE,21,f,FR,Male
628,5,0.38685280723454163,Nik Kershaw,VE,21,f,UK,Male
628,6,0.3562071871080222,James Blake,VE,21,f,UK,Male
628,7,0.3333333333333333,Ice Cube,VE,21,f,US,Male
628,8,0.31546487678572877,Machine Head,VE,21,f,JP,Male
628,9,0.3010299956639812,Noisestorm,VE,21,f,IE,Male
628,10,0.2890648263178879,Perturbator,VE,21,f,FR,Male
629,1,1.0,James Blake,IT,22,m,UK,Male
629,2,0.6309297535714575,Ariana Grande,IT,22,m,US,Female
629,3,0.5,Britney Spears,IT,22,m,US,Female
629,4,0.43067655807339306,James Blake,IT,22,m,UK,Male
629,5,0.38685280723454163,Beyoncé,IT,22,m,US,Female
629,6,0.3562071871080222,Gwen Stefani,IT,22,m,US,Female
629,7,0.3333333333333333,Ariana Grande,IT,22,m,US,Female
629,8,0.31546487678572877,Kelis,IT,22,m,US,Female
629,9,0.3010299956639812,DJ Shadow,IT,22,m,US,Male
629,10,0.2890648263178879,Michael Jackson,IT,22,m,US,Male
630,1,1.0,Ariana Grande,RU,24,m,US,Female
630,2,0.6309297535714575,Perturbator,RU,24,m,FR,Male
630,3,0.5,Ariana Grande,RU,24,m,US,Female
630,4,0.43067655807339306,Michael Jackson,RU,24,m,US,Male
630,5,0.38685280723454163,Noisestorm,RU,24,m,IE,Male
630,6,0.3562071871080222,Rihanna,RU,24,m,UK,Female
630,7,0.3333333333333333,Ariana Grande,RU,24,m,US,Female
630,8,0.31546487678572877,Lisa Miskovsky,RU,24,m,SE,Female
630,9,0.3010299956639812,Troye Sivan,RU,24,m,AU,Male
630,10,0.2890648263178879,Shawn Mendes,RU,24,m,CA,Male
631,1,1.0,Corinne Bailey Rae,PL,21,m,UK,Female
631,2,0.6309297535714575,John Mayer,PL,21,m,IN,Male
631,3,0.5,Queen,PL,21,m,JP,Female
631,4,0.43067655807339306,Bob Marley & The Wailers,PL,21,m,JM,Male
631,5,0.38685280723454163,Queen,PL,21,m,JP,Female
631,6,0.3562071871080222,Carpenter Brut,PL,21,m,FR,Male
631,7,0.3333333333333333,Ozzy Osbourne,PL,21,m,UK,Male
631,8,0.31546487678572877,Queen,PL,21,m,JP,Female
631,9,0.3010299956639812,Vanessa Carlton,PL,21,m,US,Female
631,10,0.2890648263178879,Sia,PL,21,m,AU,Female
632,1,1.0,Vitalic,BR,17,m,FR,Male
632,2,0.6309297535714575,Kacey Musgraves,BR,17,m,US,Female
632,3,0.5,DJ Shadow,BR,17,m,US,Male
632,4,0.43067655807339306,Grimes,BR,17,m,CA,Female
632,5,0.38685280723454163,Machine Head,BR,17,m,JP,Male
632,6,0.3562071871080222,Noisestorm,BR,17,m,IE,Male
632,7,0.3333333333333333,Ariana Grande,BR,17,m,US,Female
632,8,0.31546487678572877,Perturbator,BR,17,m,FR,Male
632,9,0.3010299956639812,Ariana Grande,BR,17,m,US,Female
632,10,0.2890648263178879,Rihanna,BR,17,m,UK,Female
633,1,1.0,Britney Spears,PL,16,m,US,Female
633,2,0.6309297535714575,Ariana Grande,PL,16,m,US,Female
633,3,0.5,Michael Jackson,PL,16,m,US,Male
633,4,0.43067655807339306,Gwen Stefani,PL,16,m,US,Female
633,5,0.38685280723454163,Kelis,PL,16,m,US,Female
633,6,0.3562071871080222,Armin van Buuren,PL,16,m,NL,Male
633,7,0.3333333333333333,Beyoncé,PL,16,m,US,Female
633,8,0.31546487678572877,Taylor Swift,PL,16,m,US,Female
633,9,0.3010299956639812,Grimes,PL,16,m,CA,Female
633,10,0.2890648263178879,Moby,PL,16,m,US,Male
634,1,1.0,Beyoncé,UK,23,f,US,Female
634,2,0.6309297535714575,Ice Cube,UK,23,f,US,Male
634,3,0.5,Kelis,UK,23,f,US,Female
634,4,0.43067655807339306,James Blake,UK,23,f,UK,Male
634,5,0.38685280723454163,Taylor Swift,UK,23,f,US,Female
634,6,0.3562071871080222,Madonna,UK,23,f,US,Female
634,7,0.3333333333333333,Lisa Miskovsky,UK,23,f,SE,Female
634,8,0.31546487678572877,Noisestorm,UK,23,f,IE,Male
634,9,0.3010299956639812,Michael Jackson,UK,23,f,US,Male
634,10,0.2890648263178879,Grimes,UK,23,f,CA,Female
635,1,1.0,Toro y Moi,CZ,35,m,US,Male
635,2,0.6309297535714575,Machine Head,CZ,35,m,JP,Male
635,3,0.5,James Blake,CZ,35,m,UK,Male
635,4,0.43067655807339306,Perturbator,CZ,35,m,FR,Male
635,5,0.38685280723454163,Ice Cube,CZ,35,m,US,Male
635,6,0.3562071871080222,Ariana Grande,CZ,35,m,US,Female
635,7,0.3333333333333333,Beyoncé,CZ,35,m,US,Female
635,8,0.31546487678572877,Kelis,CZ,35,m,US,Female
635,9,0.3010299956639812,Lisa Miskovsky,CZ,35,m,SE,Female
635,10,0.2890648263178879,Gwen Stefani,CZ,35,m,US,Female
636,1,1.0,Ariana Grande,TR,21,m,US,Female
636,2,0.6309297535714575,Toro y Moi,TR,21,m,US,Male
636,3,0.5,Ariana Grande,TR,21,m,US,Female
636,4,0.43067655807339306,Britney Spears,TR,21,m,US,Female
636,5,0.38685280723454163,James Blake,TR,21,m,UK,Male
636,6,0.3562071871080222,Gwen Stefani,TR,21,m,US,Female
636,7,0.3333333333333333,Kelis,TR,21,m,US,Female
636,8,0.31546487678572877,Mr.Kitty,TR,21,m,US,Male
636,9,0.3010299956639812,Beyoncé,TR,21,m,US,Female
636,10,0.2890648263178879,Taylor Swift,TR,21,m,US,Female
637,1,1.0,Kelis,UA,20,m,US,Female
637,2,0.6309297535714575,Gwen Stefani,UA,20,m,US,Female
637,3,0.5,Taylor Swift,UA,20,m,US,Female
637,4,0.43067655807339306,Madonna,UA,20,m,US,Female
637,5,0.38685280723454163,Michael Jackson,UA,20,m,US,Male
637,6,0.3562071871080222,Ariana Grande,UA,20,m,US,Female
637,7,0.3333333333333333,Rod Stewart,UA,20,m,UK,Male
637,8,0.31546487678572877,Jonathan Davis,UA,20,m,US,Male
637,9,0.3010299956639812,Grimes,UA,20,m,CA,Female
637,10,0.2890648263178879,DJ Shadow,UA,20,m,US,Male
638,1,1.0,Toro y Moi,BR,20,m,US,Male
638,2,0.6309297535714575,James Blake,BR,20,m,UK,Male
638,3,0.5,Ariana Grande,BR,20,m,US,Female
638,4,0.43067655807339306,Kelis,BR,20,m,US,Female
638,5,0.38685280723454163,Michael Jackson,BR,20,m,US,Male
638,6,0.3562071871080222,Beyoncé,BR,20,m,US,Female
638,7,0.3333333333333333,Mr.Kitty,BR,20,m,US,Male
638,8,0.31546487678572877,Gwen Stefani,BR,20,m,US,Female
638,9,0.3010299956639812,Rod Stewart,BR,20,m,UK,Male
638,10,0.2890648263178879,Taylor Swift,BR,20,m,US,Female
639,1,1.0,Chuck Berry,UK,30,m,US,Male
639,2,0.6309297535714575,Haddaway,UK,30,m,DE,Male
639,3,0.5,Avril Lavigne,UK,30,m,CA,Female
639,4,0.43067655807339306,Kendrick Lamar,UK,30,m,US,Male
639,5,0.38685280723454163,Pusha T,UK,30,m,US,Male
639,6,0.3562071871080222,Duncan Laurence,UK,30,m,NL,Male
639,7,0.3333333333333333,Kendrick Lamar,UK,30,m,US,Male
639,8,0.31546487678572877,Beyoncé,UK,30,m,US,Female
639,9,0.3010299956639812,James Blake,UK,30,m,UK,Male
639,10,0.2890648263178879,Kendrick Lamar,UK,30,m,US,Male
640,1,1.0,Haddaway,US,17,m,DE,Male
640,2,0.6309297535714575,Chuck Berry,US,17,m,US,Male
640,3,0.5,Duncan Laurence,US,17,m,NL,Male
640,4,0.43067655807339306,Travis Scott,US,17,m,US,Male
640,5,0.38685280723454163,Pusha T,US,17,m,US,Male
640,6,0.3562071871080222,Kendrick Lamar,US,17,m,US,Male
640,7,0.3333333333333333,Kanye West,US,17,m,US,Male
640,8,0.31546487678572877,Kanye West,US,17,m,US,Male
640,9,0.3010299956639812,Kendrick Lamar,US,17,m,US,Male
640,10,0.2890648263178879,Flume,US,17,m,AU,Male
641,1,1.0,Ry x,BG,20,m,AU,Male
641,2,0.6309297535714575,Grouper,BG,20,m,US,Female
641,3,0.5,Daniel Avery,BG,20,m,UK,Male
641,4,0.43067655807339306,Kevin Morby,BG,20,m,US,Male
641,5,0.38685280723454163,Earl Sweatshirt,BG,20,m,US,Male
641,6,0.3562071871080222,Nick Drake,BG,20,m,UK,Male
641,7,0.3333333333333333,Darkside,BG,20,m,UK,Male
641,8,0.31546487678572877,Moby,BG,20,m,US,Male
641,9,0.3010299956639812,Ariana Grande,BG,20,m,US,Female
641,10,0.2890648263178879,Bill Callahan,BG,20,m,US,Male
642,1,1.0,James Blake,RU,21,m,UK,Male
642,2,0.6309297535714575,James Blake,RU,21,m,UK,Male
642,3,0.5,Madonna,RU,21,m,US,Female
642,4,0.43067655807339306,Taylor Swift,RU,21,m,US,Female
642,5,0.38685280723454163,Grimes,RU,21,m,CA,Female
642,6,0.3562071871080222,DJ Shadow,RU,21,m,US,Male
642,7,0.3333333333333333,Kacey Musgraves,RU,21,m,US,Female
642,8,0.31546487678572877,Father John Misty,RU,21,m,US,Male
642,9,0.3010299956639812,Tycho,RU,21,m,US,Male
642,10,0.2890648263178879,Ariana Grande,RU,21,m,US,Female
643,1,1.0,John Mayer,BY,19,f,IN,Male
643,2,0.6309297535714575,Janelle Monáe,BY,19,f,US,Non-binary
643,3,0.5,Adele,BY,19,f,UK,Female
643,4,0.43067655807339306,Norah Jones,BY,19,f,US,Female
643,5,0.38685280723454163,Britney Spears,BY,19,f,US,Female
643,6,0.3562071871080222,Paula Abdul,BY,19,f,US,Female
643,7,0.3333333333333333,Michael Jackson,BY,19,f,US,Male
643,8,0.31546487678572877,Rod Stewart,BY,19,f,UK,Male
643,9,0.3010299956639812,Toro y Moi,BY,19,f,US,Male
643,10,0.2890648263178879,Rihanna,BY,19,f,UK,Female
644,1,1.0,Bob Marley & The Wailers,AZ,20,m,JM,Male
644,2,0.6309297535714575,Aaron Smith,AZ,20,m,US,Male
644,3,0.5,Ice Cube,AZ,20,m,US,Male
644,4,0.43067655807339306,Kacey Musgraves,AZ,20,m,US,Female
644,5,0.38685280723454163,Vitalic,AZ,20,m,FR,Male
644,6,0.3562071871080222,Nik Kershaw,AZ,20,m,UK,Male
644,7,0.3333333333333333,Rihanna,AZ,20,m,UK,Female
644,8,0.31546487678572877,DJ Shadow,AZ,20,m,US,Male
644,9,0.3010299956639812,Machine Head,AZ,20,m,JP,Male
644,10,0.2890648263178879,Grimes,AZ,20,m,CA,Female
645,1,1.0,Vitalic,NO,23,m,FR,Male
645,2,0.6309297535714575,Grimes,NO,23,m,CA,Female
645,3,0.5,Machine Head,NO,23,m,JP,Male
645,4,0.43067655807339306,Ariana Grande,NO,23,m,US,Female
645,5,0.38685280723454163,Perturbator,NO,23,m,FR,Male
645,6,0.3562071871080222,Tycho,NO,23,m,US,Male
645,7,0.3333333333333333,Troye Sivan,NO,23,m,AU,Male
645,8,0.31546487678572877,Noisestorm,NO,23,m,IE,Male
645,9,0.3010299956639812,Michael Jackson,NO,23,m,US,Male
645,10,0.2890648263178879,Mariah Carey,NO,23,m,US,Female
646,1,1.0,Norah Jones,BR,24,m,US,Female
646,2,0.6309297535714575,Paula Abdul,BR,24,m,US,Female
646,3,0.5,Ariana Grande,BR,24,m,US,Female
646,4,0.43067655807339306,Perturbator,BR,24,m,FR,Male
646,5,0.38685280723454163,Nik Kershaw,BR,24,m,UK,Male
646,6,0.3562071871080222,Adele,BR,24,m,UK,Female
646,7,0.3333333333333333,Rihanna,BR,24,m,UK,Female
646,8,0.31546487678572877,Lisa Miskovsky,BR,24,m,SE,Female
646,9,0.3010299956639812,Toro y Moi,BR,24,m,US,Male
646,10,0.2890648263178879,James Blake,BR,24,m,UK,Male
647,1,1.0,Ariana Grande,PL,23,f,US,Female
647,2,0.6309297535714575,Earl Sweatshirt,PL,23,f,US,Male
647,3,0.5,Roy Orbison,PL,23,f,US,Male
647,4,0.43067655807339306,Adele,PL,23,f,UK,Female
647,5,0.38685280723454163,Queen,PL,23,f,JP,Female
647,6,0.3562071871080222,Taylor Swift,PL,23,f,US,Female
647,7,0.3333333333333333,Michael Sembello,PL,23,f,US,Male
647,8,0.31546487678572877,Eagle-Eye Cherry,PL,23,f,SE,Male
647,9,0.3010299956639812,Mahmood,PL,23,f,IT,Male
647,10,0.2890648263178879,Bob Marley & The Wailers,PL,23,f,JM,Male
648,1,1.0,Bob Marley & The Wailers,US,20,m,JM,Male
648,2,0.6309297535714575,Adele,US,20,m,UK,Female
648,3,0.5,Marilyn Manson,US,20,m,US,Male
648,4,0.43067655807339306,Taylor Swift,US,20,m,US,Female
648,5,0.38685280723454163,Ariana Grande,US,20,m,US,Female
648,6,0.3562071871080222,Moby,US,20,m,US,Male
648,7,0.3333333333333333,Rush,US,20,m,US,Male
648,8,0.31546487678572877,Beyoncé,US,20,m,US,Female
648,9,0.3010299956639812,Chris Isaak,US,20,m,US,Male
648,10,0.2890648263178879,Seal,US,20,m,UK,Male
649,1,1.0,Perturbator,RU,17,f,FR,Male
649,2,0.6309297535714575,Taylor Swift,RU,17,f,US,Female
649,3,0.5,Grimes,RU,17,f,CA,Female
649,4,0.43067655807339306,Noisestorm,RU,17,f,IE,Male
649,5,0.38685280723454163,Lisa Miskovsky,RU,17,f,SE,Female
649,6,0.3562071871080222,Michael Jackson,RU,17,f,US,Male
649,7,0.3333333333333333,Ariana Grande,RU,17,f,US,Female
649,8,0.31546487678572877,Rod Stewart,RU,17,f,UK,Male
649,9,0.3010299956639812,Tycho,RU,17,f,US,Male
649,10,0.2890648263178879,Mr.Kitty,RU,17,f,US,Male
650,1,1.0,Beyoncé,BY,24,m,US,Female
650,2,0.6309297535714575,Taylor Swift,BY,24,m,US,Female
650,3,0.5,Toro y Moi,BY,24,m,US,Male
650,4,0.43067655807339306,Michael Jackson,BY,24,m,US,Male
650,5,0.38685280723454163,Rod Stewart,BY,24,m,UK,Male
650,6,0.3562071871080222,Madonna,BY,24,m,US,Female
650,7,0.3333333333333333,James Blake,BY,24,m,UK,Male
650,8,0.31546487678572877,Ice Cube,BY,24,m,US,Male
650,9,0.3010299956639812,Shawn Mendes,BY,24,m,CA,Male
650,10,0.2890648263178879,Queen,BY,24,m,JP,Female
651,1,1.0,AFI,US,17,m,US,Female
651,2,0.6309297535714575,John Mayer,US,17,m,IN,Male
651,3,0.5,Chuck Berry,US,17,m,US,Male
651,4,0.43067655807339306,George Ezra,US,17,m,UK,Male
651,5,0.38685280723454163,Marilyn Manson,US,17,m,US,Male
651,6,0.3562071871080222,RuPaul,US,17,m,US,Female
651,7,0.3333333333333333,Lana Del Rey,US,17,m,US,Female
651,8,0.31546487678572877,Kelis,US,17,m,US,Female
651,9,0.3010299956639812,Mariah Carey,US,17,m,US,Female
651,10,0.2890648263178879,Kanye West,US,17,m,US,Male
652,1,1.0,Paula Abdul,JP,33,m,US,Female
652,2,0.6309297535714575,Rihanna,JP,33,m,UK,Female
652,3,0.5,Rush,JP,33,m,US,Male
652,4,0.43067655807339306,Britney Spears,JP,33,m,US,Female
652,5,0.38685280723454163,Adele,JP,33,m,UK,Female
652,6,0.3562071871080222,Aaron Smith,JP,33,m,US,Male
652,7,0.3333333333333333,Norah Jones,JP,33,m,US,Female
652,8,0.31546487678572877,Britney Spears,JP,33,m,US,Female
652,9,0.3010299956639812,Vanessa Carlton,JP,33,m,US,Female
652,10,0.2890648263178879,Ariana Grande,JP,33,m,US,Female
653,1,1.0,Perturbator,RU,22,m,FR,Male
653,2,0.6309297535714575,Ariana Grande,RU,22,m,US,Female
653,3,0.5,Kacey Musgraves,RU,22,m,US,Female
653,4,0.43067655807339306,Grimes,RU,22,m,CA,Female
653,5,0.38685280723454163,Lisa Miskovsky,RU,22,m,SE,Female
653,6,0.3562071871080222,Kelly Clarkson,RU,22,m,US,Female
653,7,0.3333333333333333,Father John Misty,RU,22,m,US,Male
653,8,0.31546487678572877,Rihanna,RU,22,m,UK,Female
653,9,0.3010299956639812,Ariana Grande,RU,22,m,US,Female
653,10,0.2890648263178879,Ariana Grande,RU,22,m,US,Female
654,1,1.0,Janelle Monáe,CA,18,m,US,Non-binary
654,2,0.6309297535714575,Corinne Bailey Rae,CA,18,m,UK,Female
654,3,0.5,Bob Marley & The Wailers,CA,18,m,JM,Male
654,4,0.43067655807339306,Miley Cyrus,CA,18,m,US,Non-binary
654,5,0.38685280723454163,Queen,CA,18,m,JP,Female
654,6,0.3562071871080222,Ozzy Osbourne,CA,18,m,UK,Male
654,7,0.3333333333333333,Eric Clapton,CA,18,m,UK,Male
654,8,0.31546487678572877,Michael Jackson,CA,18,m,US,Male
654,9,0.3010299956639812,Miley Cyrus,CA,18,m,US,Non-binary
654,10,0.2890648263178879,Blue Stahli,CA,18,m,US,Male
655,1,1.0,Taylor Swift,RU,30,m,US,Female
655,2,0.6309297535714575,Beyoncé,RU,30,m,US,Female
655,3,0.5,Madonna,RU,30,m,US,Female
655,4,0.43067655807339306,Kelly Clarkson,RU,30,m,US,Female
655,5,0.38685280723454163,Shawn Mendes,RU,30,m,CA,Male
655,6,0.3562071871080222,James Blake,RU,30,m,UK,Male
655,7,0.3333333333333333,Queen,RU,30,m,JP,Female
655,8,0.31546487678572877,Rihanna,RU,30,m,UK,Female
655,9,0.3010299956639812,AFI,RU,30,m,US,Female
655,10,0.2890648263178879,Ariana Grande,RU,30,m,US,Female
656,1,1.0,Earl Sweatshirt,IT,24,m,US,Male
656,2,0.6309297535714575,Kevin Morby,IT,24,m,US,Male
656,3,0.5,Bob Marley & The Wailers,IT,24,m,JM,Male
656,4,0.43067655807339306,Nick Drake,IT,24,m,UK,Male
656,5,0.38685280723454163,Marilyn Manson,IT,24,m,US,Male
656,6,0.3562071871080222,Caribou,IT,24,m,CA,Male
656,7,0.3333333333333333,Dean Blunt,IT,24,m,UK,Male
656,8,0.31546487678572877,George Ezra,IT,24,m,UK,Male
656,9,0.3010299956639812,Leonard Cohen,IT,24,m,CA,Male
656,10,0.2890648263178879,Seal,IT,24,m,UK,Male
657,1,1.0,Vitalic,EE,21,m,FR,Male
657,2,0.6309297535714575,Michael Jackson,EE,21,m,US,Male
657,3,0.5,Perturbator,EE,21,m,FR,Male
657,4,0.43067655807339306,Noisestorm,EE,21,m,IE,Male
657,5,0.38685280723454163,Lisa Miskovsky,EE,21,m,SE,Female
657,6,0.3562071871080222,Mr.Kitty,EE,21,m,US,Male
657,7,0.3333333333333333,Rod Stewart,EE,21,m,UK,Male
657,8,0.31546487678572877,Toro y Moi,EE,21,m,US,Male
657,9,0.3010299956639812,Machine Head,EE,21,m,JP,Male
657,10,0.2890648263178879,Kelly Clarkson,EE,21,m,US,Female
658,1,1.0,Adele,BR,19,m,UK,Female
658,2,0.6309297535714575,Toro y Moi,BR,19,m,US,Male
658,3,0.5,John Mayer,BR,19,m,IN,Male
658,4,0.43067655807339306,Carpenter Brut,BR,19,m,FR,Male
658,5,0.38685280723454163,Kelis,BR,19,m,US,Female
658,6,0.3562071871080222,Chico Buarque,BR,19,m,BR,Male
658,7,0.3333333333333333,Criolo,BR,19,m,BR,Male
658,8,0.31546487678572877,Gwen Stefani,BR,19,m,US,Female
658,9,0.3010299956639812,Michael Jackson,BR,19,m,US,Male
658,10,0.2890648263178879,Blue Stahli,BR,19,m,US,Male
659,1,1.0,KT Tunstall,BR,19,f,UK,Female
659,2,0.6309297535714575,Queen,BR,19,f,JP,Female
659,3,0.5,Queen,BR,19,f,JP,Female
659,4,0.43067655807339306,Queen,BR,19,f,JP,Female
659,5,0.38685280723454163,Queen,BR,19,f,JP,Female
659,6,0.3562071871080222,Frank Zappa,BR,19,f,US,Male
659,7,0.3333333333333333,Ozzy Osbourne,BR,19,f,UK,Male
659,8,0.31546487678572877,AFI,BR,19,f,US,Female
659,9,0.3010299956639812,Queen,BR,19,f,JP,Female
659,10,0.2890648263178879,Queen,BR,19,f,JP,Female
660,1,1.0,Kanye West,BG,22,f,US,Male
660,2,0.6309297535714575,Kanye West,BG,22,f,US,Male
660,3,0.5,Grouper,BG,22,f,US,Female
660,4,0.43067655807339306,Kendrick Lamar,BG,22,f,US,Male
660,5,0.38685280723454163,Kanye West,BG,22,f,US,Male
660,6,0.3562071871080222,Mariah Carey,BG,22,f,US,Female
660,7,0.3333333333333333,Kevin Morby,BG,22,f,US,Male
660,8,0.31546487678572877,Darkside,BG,22,f,UK,Male
660,9,0.3010299956639812,Ariana Grande,BG,22,f,US,Female
660,10,0.2890648263178879,Troye Sivan,BG,22,f,AU,Male
661,1,1.0,Mayhem,BR,21,m,CA,Female
661,2,0.6309297535714575,Bob Marley & The Wailers,BR,21,m,JM,Male
661,3,0.5,Paul McCartney,BR,21,m,UK,Male
661,4,0.43067655807339306,Carpenter Brut,BR,21,m,FR,Male
661,5,0.38685280723454163,Queen,BR,21,m,JP,Female
661,6,0.3562071871080222,Tom MacDonald,BR,21,m,CA,Male
661,7,0.3333333333333333,Frank Zappa,BR,21,m,US,Male
661,8,0.31546487678572877,Marilyn Manson,BR,21,m,US,Male
661,9,0.3010299956639812,Carpenter Brut,BR,21,m,FR,Male
661,10,0.2890648263178879,Lionel Richie,BR,21,m,US,Male
662,1,1.0,Toro y Moi,NL,29,f,US,Male
662,2,0.6309297535714575,James Blake,NL,29,f,UK,Male
662,3,0.5,Ice Cube,NL,29,f,US,Male
662,4,0.43067655807339306,Ariana Grande,NL,29,f,US,Female
662,5,0.38685280723454163,Ariana Grande,NL,29,f,US,Female
662,6,0.3562071871080222,Mr.Kitty,NL,29,f,US,Male
662,7,0.3333333333333333,Rihanna,NL,29,f,UK,Female
662,8,0.31546487678572877,James Blake,NL,29,f,UK,Male
662,9,0.3010299956639812,Armin van Buuren,NL,29,f,NL,Male
662,10,0.2890648263178879,Jonathan Davis,NL,29,f,US,Male
663,1,1.0,Dean Blunt,DE,18,m,UK,Male
663,2,0.6309297535714575,Leonard Cohen,DE,18,m,CA,Male
663,3,0.5,Roy Orbison,DE,18,m,US,Male
663,4,0.43067655807339306,Sharon Van Etten,DE,18,m,US,Female
663,5,0.38685280723454163,Queen,DE,18,m,JP,Female
663,6,0.3562071871080222,M. Ward,DE,18,m,US,Male
663,7,0.3333333333333333,Bob Marley & The Wailers,DE,18,m,JM,Male
663,8,0.31546487678572877,Sufjan Stevens,DE,18,m,US,Male
663,9,0.3010299956639812,Eagle-Eye Cherry,DE,18,m,SE,Male
663,10,0.2890648263178879,Mac DeMarco,DE,18,m,CA,Male
664,1,1.0,Paula Abdul,RU,19,m,US,Female
664,2,0.6309297535714575,Norah Jones,RU,19,m,US,Female
664,3,0.5,Adele,RU,19,m,UK,Female
664,4,0.43067655807339306,James Blake,RU,19,m,UK,Male
664,5,0.38685280723454163,Nik Kershaw,RU,19,m,UK,Male
664,6,0.3562071871080222,Ariana Grande,RU,19,m,US,Female
664,7,0.3333333333333333,Britney Spears,RU,19,m,US,Female
664,8,0.31546487678572877,Ice Cube,RU,19,m,US,Male
664,9,0.3010299956639812,Noisestorm,RU,19,m,IE,Male
664,10,0.2890648263178879,Lisa Miskovsky,RU,19,m,SE,Female
665,1,1.0,Queen,HU,25,f,JP,Female
665,2,0.6309297535714575,Carpenter Brut,HU,25,f,FR,Male
665,3,0.5,Marilyn Manson,HU,25,f,US,Male
665,4,0.43067655807339306,Blue Stahli,HU,25,f,US,Male
665,5,0.38685280723454163,Michael Jackson,HU,25,f,US,Male
665,6,0.3562071871080222,James Blake,HU,25,f,UK,Male
665,7,0.3333333333333333,Serj Tankian,HU,25,f,US,Male
665,8,0.31546487678572877,Red,HU,25,f,PL,Male
665,9,0.3010299956639812,Troye Sivan,HU,25,f,AU,Male
665,10,0.2890648263178879,Queen,HU,25,f,JP,Female
666,1,1.0,Tame Impala,DK,38,m,AU,Male
666,2,0.6309297535714575,Eminem,DK,38,m,US,Male
666,3,0.5,Eminem,DK,38,m,US,Male
666,4,0.43067655807339306,Bob Marley & The Wailers,DK,38,m,JM,Male
666,5,0.38685280723454163,Corinne Bailey Rae,DK,38,m,UK,Female
666,6,0.3562071871080222,Ed Sheeran,DK,38,m,UK,Male
666,7,0.3333333333333333,John Mayer,DK,38,m,IN,Male
666,8,0.31546487678572877,Vitalic,DK,38,m,FR,Male
666,9,0.3010299956639812,Queen,DK,38,m,JP,Female
666,10,0.2890648263178879,David Bowie,DK,38,m,UK,Male
668,1,1.0,Kelis,JP,26,m,US,Female
668,2,0.6309297535714575,Gwen Stefani,JP,26,m,US,Female
668,3,0.5,Madonna,JP,26,m,US,Female
668,4,0.43067655807339306,Taylor Swift,JP,26,m,US,Female
668,5,0.38685280723454163,DJ Shadow,JP,26,m,US,Male
668,6,0.3562071871080222,Grimes,JP,26,m,CA,Female
668,7,0.3333333333333333,Ariana Grande,JP,26,m,US,Female
668,8,0.31546487678572877,Mr.Kitty,JP,26,m,US,Male
668,9,0.3010299956639812,Kacey Musgraves,JP,26,m,US,Female
668,10,0.2890648263178879,Jonathan Davis,JP,26,m,US,Male
669,1,1.0,Noisestorm,ID,23,m,IE,Male
669,2,0.6309297535714575,Lisa Miskovsky,ID,23,m,SE,Female
669,3,0.5,Ice Cube,ID,23,m,US,Male
669,4,0.43067655807339306,Machine Head,ID,23,m,JP,Male
669,5,0.38685280723454163,Michael Jackson,ID,23,m,US,Male
669,6,0.3562071871080222,Charles Bolt,ID,23,m,US,Male
669,7,0.3333333333333333,James Blake,ID,23,m,UK,Male
669,8,0.31546487678572877,Mr.Kitty,ID,23,m,US,Male
669,9,0.3010299956639812,Ariana Grande,ID,23,m,US,Female
669,10,0.2890648263178879,Rod Stewart,ID,23,m,UK,Male
670,1,1.0,Adele,UA,21,f,UK,Female
670,2,0.6309297535714575,Lily Allen,UA,21,f,UK,Female
670,3,0.5,Rita Ora,UA,21,f,UK,Female
670,4,0.43067655807339306,Rihanna,UA,21,f,UK,Female
670,5,0.38685280723454163,Iggy Azalea,UA,21,f,US,Female
670,6,0.3562071871080222,Björk,UA,21,f,IS,Female
670,7,0.3333333333333333,Madonna,UA,21,f,US,Female
670,8,0.31546487678572877,Seal,UA,21,f,UK,Male
670,9,0.3010299956639812,Britney Spears,UA,21,f,US,Female
670,10,0.2890648263178879,Nicki Minaj,UA,21,f,US,Female
671,1,1.0,Madonna,BR,21,m,US,Female
671,2,0.6309297535714575,Noisestorm,BR,21,m,IE,Male
671,3,0.5,Shawn Mendes,BR,21,m,CA,Male
671,4,0.43067655807339306,Ariana Grande,BR,21,m,US,Female
671,5,0.38685280723454163,Ariana Grande,BR,21,m,US,Female
671,6,0.3562071871080222,Sia,BR,21,m,AU,Female
671,7,0.3333333333333333,Michael Jackson,BR,21,m,US,Male
671,8,0.31546487678572877,Mariah Carey,BR,21,m,US,Female
671,9,0.3010299956639812,Troye Sivan,BR,21,m,AU,Male
671,10,0.2890648263178879,Perturbator,BR,21,m,FR,Male
672,1,1.0,Travis Scott,IT,22,m,US,Male
672,2,0.6309297535714575,Bill Callahan,IT,22,m,US,Male
672,3,0.5,Angel Olsen,IT,22,m,US,Female
672,4,0.43067655807339306,Lil Nas X,IT,22,m,US,Male
672,5,0.38685280723454163,Laura Branigan,IT,22,m,US,Female
672,6,0.3562071871080222,Britney Spears,IT,22,m,US,Female
672,7,0.3333333333333333,Björk,IT,22,m,IS,Female
672,8,0.31546487678572877,Sharon Van Etten,IT,22,m,US,Female
672,9,0.3010299956639812,John Maus,IT,22,m,US,Male
672,10,0.2890648263178879,AFI,IT,22,m,US,Female
673,1,1.0,Kelis,SE,22,f,US,Female
673,2,0.6309297535714575,Taylor Swift,SE,22,f,US,Female
673,3,0.5,Shawn Mendes,SE,22,f,CA,Male
673,4,0.43067655807339306,Michael Jackson,SE,22,f,US,Male
673,5,0.38685280723454163,Beyoncé,SE,22,f,US,Female
673,6,0.3562071871080222,Madonna,SE,22,f,US,Female
673,7,0.3333333333333333,Kelly Clarkson,SE,22,f,US,Female
673,8,0.31546487678572877,Armin van Buuren,SE,22,f,NL,Male
673,9,0.3010299956639812,Toro y Moi,SE,22,f,US,Male
673,10,0.2890648263178879,James Blake,SE,22,f,UK,Male
674,1,1.0,James Arthur,AR,23,m,UK,Male
674,2,0.6309297535714575,Rod Stewart,AR,23,m,UK,Male
674,3,0.5,Lisa Miskovsky,AR,23,m,SE,Female
674,4,0.43067655807339306,James Blake,AR,23,m,UK,Male
674,5,0.38685280723454163,Armin van Buuren,AR,23,m,NL,Male
674,6,0.3562071871080222,Jonathan Davis,AR,23,m,US,Male
674,7,0.3333333333333333,Toro y Moi,AR,23,m,US,Male
674,8,0.31546487678572877,Michael Jackson,AR,23,m,US,Male
674,9,0.3010299956639812,Justin Bieber,AR,23,m,CA,Male
674,10,0.2890648263178879,Mr.Kitty,AR,23,m,US,Male
675,1,1.0,Madonna,UA,19,f,US,Female
675,2,0.6309297535714575,Troye Sivan,UA,19,f,AU,Male
675,3,0.5,Grimes,UA,19,f,CA,Female
675,4,0.43067655807339306,Nik Kershaw,UA,19,f,UK,Male
675,5,0.38685280723454163,Mariah Carey,UA,19,f,US,Female
675,6,0.3562071871080222,Perturbator,UA,19,f,FR,Male
675,7,0.3333333333333333,Machine Head,UA,19,f,JP,Male
675,8,0.31546487678572877,Lorde,UA,19,f,NZ,Female
675,9,0.3010299956639812,Rihanna,UA,19,f,UK,Female
675,10,0.2890648263178879,Sia,UA,19,f,AU,Female
676,1,1.0,Christina Aguilera,BR,18,m,US,Female
676,2,0.6309297535714575,Sia,BR,18,m,AU,Female
676,3,0.5,Sabrina Carpenter,BR,18,m,US,Female
676,4,0.43067655807339306,Michael Jackson,BR,18,m,US,Male
676,5,0.38685280723454163,Serj Tankian,BR,18,m,US,Male
676,6,0.3562071871080222,Ariana Grande,BR,18,m,US,Female
676,7,0.3333333333333333,Toro y Moi,BR,18,m,US,Male
676,8,0.31546487678572877,RuPaul,BR,18,m,US,Female
676,9,0.3010299956639812,Bob Marley & The Wailers,BR,18,m,JM,Male
676,10,0.2890648263178879,Rob Zombie,BR,18,m,US,Male
677,1,1.0,Tame Impala,PS,18,m,AU,Male
677,2,0.6309297535714575,Ty Segall,PS,18,m,US,Male
677,3,0.5,Pusha T,PS,18,m,US,Male
677,4,0.43067655807339306,Oneohtrix Point Never,PS,18,m,US,Male
677,5,0.38685280723454163,Nick Drake,PS,18,m,UK,Male
677,6,0.3562071871080222,Lil Nas X,PS,18,m,US,Male
677,7,0.3333333333333333,Mitski,PS,18,m,US,Female
677,8,0.31546487678572877,Jenny Lewis,PS,18,m,US,Female
677,9,0.3010299956639812,Jay Reatard,PS,18,m,US,Male
677,10,0.2890648263178879,Adrianne Lenker,PS,18,m,US,Female
678,1,1.0,Earl Sweatshirt,US,19,f,US,Male
678,2,0.6309297535714575,Grouper,US,19,f,US,Female
678,3,0.5,M. Ward,US,19,f,US,Male
678,4,0.43067655807339306,Grouper,US,19,f,US,Female
678,5,0.38685280723454163,Sufjan Stevens,US,19,f,US,Male
678,6,0.3562071871080222,Panda Bear,US,19,f,US,Male
678,7,0.3333333333333333,Robyn,US,19,f,SE,Female
678,8,0.31546487678572877,Britney Spears,US,19,f,US,Female
678,9,0.3010299956639812,Gil Scott-Heron,US,19,f,US,Male
678,10,0.2890648263178879,Ry x,US,19,f,AU,Male
679,1,1.0,Ry x,US,6,m,AU,Male
679,2,0.6309297535714575,Kevin Morby,US,6,m,US,Male
679,3,0.5,Dean Blunt,US,6,m,UK,Male
679,4,0.43067655807339306,Caribou,US,6,m,CA,Male
679,5,0.38685280723454163,Julie Byrne,US,6,m,US,Female
679,6,0.3562071871080222,Leonard Cohen,US,6,m,CA,Male
679,7,0.3333333333333333,Sufjan Stevens,US,6,m,US,Male
679,8,0.31546487678572877,Sharon Van Etten,US,6,m,US,Female
679,9,0.3010299956639812,M. Ward,US,6,m,US,Male
679,10,0.2890648263178879,Panda Bear,US,6,m,US,Male
680,1,1.0,Adele,US,23,f,UK,Female
680,2,0.6309297535714575,Rihanna,US,23,f,UK,Female
680,3,0.5,Michael Jackson,US,23,f,US,Male
680,4,0.43067655807339306,Britney Spears,US,23,f,US,Female
680,5,0.38685280723454163,Ariana Grande,US,23,f,US,Female
680,6,0.3562071871080222,Kelis,US,23,f,US,Female
680,7,0.3333333333333333,Rod Stewart,US,23,f,UK,Male
680,8,0.31546487678572877,Beyoncé,US,23,f,US,Female
680,9,0.3010299956639812,Gwen Stefani,US,23,f,US,Female
680,10,0.2890648263178879,Armin van Buuren,US,23,f,NL,Male
681,1,1.0,Paula Abdul,CO,25,m,US,Female
681,2,0.6309297535714575,Aaron Smith,CO,25,m,US,Male
681,3,0.5,Rihanna,CO,25,m,UK,Female
681,4,0.43067655807339306,Vitalic,CO,25,m,FR,Male
681,5,0.38685280723454163,Machine Head,CO,25,m,JP,Male
681,6,0.3562071871080222,Norah Jones,CO,25,m,US,Female
681,7,0.3333333333333333,Vanessa Carlton,CO,25,m,US,Female
681,8,0.31546487678572877,Nik Kershaw,CO,25,m,UK,Male
681,9,0.3010299956639812,Britney Spears,CO,25,m,US,Female
681,10,0.2890648263178879,Toro y Moi,CO,25,m,US,Male
682,1,1.0,Carpenter Brut,UA,43,m,FR,Male
682,2,0.6309297535714575,Bryan Adams,UA,43,m,CA,Male
682,3,0.5,Rush,UA,43,m,US,Male
682,4,0.43067655807339306,Chris Isaak,UA,43,m,US,Male
682,5,0.38685280723454163,Elvis Presley,UA,43,m,US,Male
682,6,0.3562071871080222,Michael Jackson,UA,43,m,US,Male
682,7,0.3333333333333333,Eminem,UA,43,m,US,Male
682,8,0.31546487678572877,Tame Impala,UA,43,m,AU,Male
682,9,0.3010299956639812,Björk,UA,43,m,IS,Female
682,10,0.2890648263178879,Aaron Smith,UA,43,m,US,Male
683,1,1.0,Bob Marley & The Wailers,US,20,m,JM,Male
683,2,0.6309297535714575,Serj Tankian,US,20,m,US,Male
683,3,0.5,Michael Jackson,US,20,m,US,Male
683,4,0.43067655807339306,Rob Zombie,US,20,m,US,Male
683,5,0.38685280723454163,Aaron Smith,US,20,m,US,Male
683,6,0.3562071871080222,Ice Cube,US,20,m,US,Male
683,7,0.3333333333333333,Rush,US,20,m,US,Male
683,8,0.31546487678572877,DJ Shadow,US,20,m,US,Male
683,9,0.3010299956639812,Rush,US,20,m,US,Male
683,10,0.2890648263178879,Carpenter Brut,US,20,m,FR,Male
684,1,1.0,Marilyn Manson,UA,27,m,US,Male
684,2,0.6309297535714575,Sia,UA,27,m,AU,Female
684,3,0.5,Chris Isaak,UA,27,m,US,Male
684,4,0.43067655807339306,George Ezra,UA,27,m,UK,Male
684,5,0.38685280723454163,John Mayer,UA,27,m,IN,Male
684,6,0.3562071871080222,Seal,UA,27,m,UK,Male
684,7,0.3333333333333333,Billy Joel,UA,27,m,US,Male
684,8,0.31546487678572877,Eagle-Eye Cherry,UA,27,m,SE,Male
684,9,0.3010299956639812,Dolly Parton,UA,27,m,US,Female
684,10,0.2890648263178879,Nicki Minaj,UA,27,m,US,Female
685,1,1.0,Toro y Moi,US,17,f,US,Male
685,2,0.6309297535714575,RuPaul,US,17,f,US,Female
685,3,0.5,Mariah Carey,US,17,f,US,Female
685,4,0.43067655807339306,Billy Joel,US,17,f,US,Male
685,5,0.38685280723454163,Sia,US,17,f,AU,Female
685,6,0.3562071871080222,Fergie,US,17,f,UK,Male
685,7,0.3333333333333333,John Mayer,US,17,f,IN,Male
685,8,0.31546487678572877,Michael Sembello,US,17,f,US,Male
685,9,0.3010299956639812,Edwyn Collins,US,17,f,UK,Male
685,10,0.2890648263178879,Nicki Minaj,US,17,f,US,Female
686,1,1.0,Paul McCartney,PL,21,m,UK,Male
686,2,0.6309297535714575,Bob Marley & The Wailers,PL,21,m,JM,Male
686,3,0.5,Tom MacDonald,PL,21,m,CA,Male
686,4,0.43067655807339306,Queen,PL,21,m,JP,Female
686,5,0.38685280723454163,KT Tunstall,PL,21,m,UK,Female
686,6,0.3562071871080222,Carpenter Brut,PL,21,m,FR,Male
686,7,0.3333333333333333,Marilyn Manson,PL,21,m,US,Male
686,8,0.31546487678572877,Carpenter Brut,PL,21,m,FR,Male
686,9,0.3010299956639812,Bryan Adams,PL,21,m,CA,Male
686,10,0.2890648263178879,Tame Impala,PL,21,m,AU,Male
687,1,1.0,Perturbator,NL,47,m,FR,Male
687,2,0.6309297535714575,Madonna,NL,47,m,US,Female
687,3,0.5,Taylor Swift,NL,47,m,US,Female
687,4,0.43067655807339306,Lisa Miskovsky,NL,47,m,SE,Female
687,5,0.38685280723454163,Michael Jackson,NL,47,m,US,Male
687,6,0.3562071871080222,Ariana Grande,NL,47,m,US,Female
687,7,0.3333333333333333,Mr.Kitty,NL,47,m,US,Male
687,8,0.31546487678572877,DJ Shadow,NL,47,m,US,Male
687,9,0.3010299956639812,Grimes,NL,47,m,CA,Female
687,10,0.2890648263178879,Kelly Clarkson,NL,47,m,US,Female
688,1,1.0,Pusha T,CO,18,m,US,Male
688,2,0.6309297535714575,Kanye West,CO,18,m,US,Male
688,3,0.5,Travis Scott,CO,18,m,US,Male
688,4,0.43067655807339306,Nick Drake,CO,18,m,UK,Male
688,5,0.38685280723454163,Angel Olsen,CO,18,m,US,Female
688,6,0.3562071871080222,Kendrick Lamar,CO,18,m,US,Male
688,7,0.3333333333333333,PJ Harvey,CO,18,m,UK,Female
688,8,0.31546487678572877,Chuck Berry,CO,18,m,US,Male
688,9,0.3010299956639812,Kendrick Lamar,CO,18,m,US,Male
688,10,0.2890648263178879,Kevin Morby,CO,18,m,US,Male
689,1,1.0,Rihanna,RU,22,f,UK,Female
689,2,0.6309297535714575,Aaron Smith,RU,22,f,US,Male
689,3,0.5,Adele,RU,22,f,UK,Female
689,4,0.43067655807339306,Britney Spears,RU,22,f,US,Female
689,5,0.38685280723454163,Vitalic,RU,22,f,FR,Male
689,6,0.3562071871080222,Machine Head,RU,22,f,JP,Male
689,7,0.3333333333333333,Nik Kershaw,RU,22,f,UK,Male
689,8,0.31546487678572877,Ariana Grande,RU,22,f,US,Female
689,9,0.3010299956639812,Madonna,RU,22,f,US,Female
689,10,0.2890648263178879,Taylor Swift,RU,22,f,US,Female
690,1,1.0,James Blake,PL,20,m,UK,Male
690,2,0.6309297535714575,Noisestorm,PL,20,m,IE,Male
690,3,0.5,Ice Cube,PL,20,m,US,Male
690,4,0.43067655807339306,James Blake,PL,20,m,UK,Male
690,5,0.38685280723454163,Rod Stewart,PL,20,m,UK,Male
690,6,0.3562071871080222,Sia,PL,20,m,AU,Female
690,7,0.3333333333333333,Ariana Grande,PL,20,m,US,Female
690,8,0.31546487678572877,Troye Sivan,PL,20,m,AU,Male
690,9,0.3010299956639812,Sia,PL,20,m,AU,Female
690,10,0.2890648263178879,Mariah Carey,PL,20,m,US,Female
691,1,1.0,Grimes,CA,25,m,CA,Female
691,2,0.6309297535714575,Frank Ocean,CA,25,m,US,Male
691,3,0.5,Ry x,CA,25,m,AU,Male
691,4,0.43067655807339306,Britney Spears,CA,25,m,US,Female
691,5,0.38685280723454163,Robyn,CA,25,m,SE,Female
691,6,0.3562071871080222,Kevin Morby,CA,25,m,US,Male
691,7,0.3333333333333333,Earl Sweatshirt,CA,25,m,US,Male
691,8,0.31546487678572877,Darkside,CA,25,m,UK,Male
691,9,0.3010299956639812,Daniel Avery,CA,25,m,UK,Male
691,10,0.2890648263178879,Kanye West,CA,25,m,US,Male
692,1,1.0,Sia,ES,24,m,AU,Female
692,2,0.6309297535714575,John Mayer,ES,24,m,IN,Male
692,3,0.5,Ashley Tisdale,ES,24,m,US,Female
692,4,0.43067655807339306,Britney Spears,ES,24,m,US,Female
692,5,0.38685280723454163,Britney Spears,ES,24,m,US,Female
692,6,0.3562071871080222,Ed Sheeran,ES,24,m,UK,Male
692,7,0.3333333333333333,Ke$ha,ES,24,m,US,Female
692,8,0.31546487678572877,Lorde,ES,24,m,NZ,Female
692,9,0.3010299956639812,Ashlee Simpson,ES,24,m,US,Female
692,10,0.2890648263178879,Nicki Minaj,ES,24,m,US,Female
693,1,1.0,Perturbator,NL,17,f,FR,Male
693,2,0.6309297535714575,Machine Head,NL,17,f,JP,Male
693,3,0.5,Noisestorm,NL,17,f,IE,Male
693,4,0.43067655807339306,Michael Jackson,NL,17,f,US,Male
693,5,0.38685280723454163,James Blake,NL,17,f,UK,Male
693,6,0.3562071871080222,Lisa Miskovsky,NL,17,f,SE,Female
693,7,0.3333333333333333,Rod Stewart,NL,17,f,UK,Male
693,8,0.31546487678572877,Ariana Grande,NL,17,f,US,Female
693,9,0.3010299956639812,Ariana Grande,NL,17,f,US,Female
693,10,0.2890648263178879,Ice Cube,NL,17,f,US,Male
694,1,1.0,Rush,US,20,f,US,Male
694,2,0.6309297535714575,Aaron Smith,US,20,f,US,Male
694,3,0.5,Mariah Carey,US,20,f,US,Female
694,4,0.43067655807339306,Grimes,US,20,f,CA,Female
694,5,0.38685280723454163,Vitalic,US,20,f,FR,Male
694,6,0.3562071871080222,Perturbator,US,20,f,FR,Male
694,7,0.3333333333333333,Hozier,US,20,f,IE,Male
694,8,0.31546487678572877,Sia,US,20,f,AU,Female
694,9,0.3010299956639812,Shawn Mendes,US,20,f,CA,Male
694,10,0.2890648263178879,Michael Jackson,US,20,f,US,Male
695,1,1.0,Noisestorm,PL,21,f,IE,Male
695,2,0.6309297535714575,Lisa Miskovsky,PL,21,f,SE,Female
695,3,0.5,James Blake,PL,21,f,UK,Male
695,4,0.43067655807339306,Madonna,PL,21,f,US,Female
695,5,0.38685280723454163,Michael Jackson,PL,21,f,US,Male
695,6,0.3562071871080222,Ice Cube,PL,21,f,US,Male
695,7,0.3333333333333333,Shawn Mendes,PL,21,f,CA,Male
695,8,0.31546487678572877,Ariana Grande,PL,21,f,US,Female
695,9,0.3010299956639812,Rod Stewart,PL,21,f,UK,Male
695,10,0.2890648263178879,Jonathan Davis,PL,21,f,US,Male
696,1,1.0,Ozzy Osbourne,UA,20,m,UK,Male
696,2,0.6309297535714575,Rush,UA,20,m,US,Male
696,3,0.5,Rush,UA,20,m,US,Male
696,4,0.43067655807339306,Devin Townsend,UA,20,m,CA,Male
696,5,0.38685280723454163,Rush,UA,20,m,US,Male
696,6,0.3562071871080222,Rush,UA,20,m,US,Male
696,7,0.3333333333333333,Ozzy Osbourne,UA,20,m,UK,Male
696,8,0.31546487678572877,Rush,UA,20,m,US,Male
696,9,0.3010299956639812,Devin Townsend,UA,20,m,CA,Male
696,10,0.2890648263178879,Leonard Cohen,UA,20,m,CA,Male
697,1,1.0,Rihanna,DE,18,m,UK,Female
697,2,0.6309297535714575,Ariana Grande,DE,18,m,US,Female
697,3,0.5,Britney Spears,DE,18,m,US,Female
697,4,0.43067655807339306,Beyoncé,DE,18,m,US,Female
697,5,0.38685280723454163,Perturbator,DE,18,m,FR,Male
697,6,0.3562071871080222,James Blake,DE,18,m,UK,Male
697,7,0.3333333333333333,Kelis,DE,18,m,US,Female
697,8,0.31546487678572877,Lisa Miskovsky,DE,18,m,SE,Female
697,9,0.3010299956639812,Taylor Swift,DE,18,m,US,Female
697,10,0.2890648263178879,Gwen Stefani,DE,18,m,US,Female
698,1,1.0,Eagle-Eye Cherry,BR,17,m,SE,Male
698,2,0.6309297535714575,Marilyn Manson,BR,17,m,US,Male
698,3,0.5,Seal,BR,17,m,UK,Male
698,4,0.43067655807339306,Chris Isaak,BR,17,m,US,Male
698,5,0.38685280723454163,Björk,BR,17,m,IS,Female
698,6,0.3562071871080222,Norah Jones,BR,17,m,US,Female
698,7,0.3333333333333333,John Cale,BR,17,m,US,Male
698,8,0.31546487678572877,Michael Sembello,BR,17,m,US,Male
698,9,0.3010299956639812,Kelis,BR,17,m,US,Female
698,10,0.2890648263178879,Edwyn Collins,BR,17,m,UK,Male
699,1,1.0,Rihanna,DE,25,m,UK,Female
699,2,0.6309297535714575,Lisa Miskovsky,DE,25,m,SE,Female
699,3,0.5,Perturbator,DE,25,m,FR,Male
699,4,0.43067655807339306,Noisestorm,DE,25,m,IE,Male
699,5,0.38685280723454163,Britney Spears,DE,25,m,US,Female
699,6,0.3562071871080222,Kelis,DE,25,m,US,Female
699,7,0.3333333333333333,Toro y Moi,DE,25,m,US,Male
699,8,0.31546487678572877,Ariana Grande,DE,25,m,US,Female
699,9,0.3010299956639812,Gwen Stefani,DE,25,m,US,Female
699,10,0.2890648263178879,James Blake,DE,25,m,UK,Male
700,1,1.0,Ariana Grande,RU,24,f,US,Female
700,2,0.6309297535714575,Rihanna,RU,24,f,UK,Female
700,3,0.5,Britney Spears,RU,24,f,US,Female
700,4,0.43067655807339306,Kelis,RU,24,f,US,Female
700,5,0.38685280723454163,Ariana Grande,RU,24,f,US,Female
700,6,0.3562071871080222,Toro y Moi,RU,24,f,US,Male
700,7,0.3333333333333333,Jonathan Davis,RU,24,f,US,Male
700,8,0.31546487678572877,Mr.Kitty,RU,24,f,US,Male
700,9,0.3010299956639812,Gwen Stefani,RU,24,f,US,Female
700,10,0.2890648263178879,Michael Jackson,RU,24,f,US,Male
701,1,1.0,Kevin Morby,NO,23,m,US,Male
701,2,0.6309297535714575,Dean Blunt,NO,23,m,UK,Male
701,3,0.5,Sharon Van Etten,NO,23,m,US,Female
701,4,0.43067655807339306,Leonard Cohen,NO,23,m,CA,Male
701,5,0.38685280723454163,Mac DeMarco,NO,23,m,CA,Male
701,6,0.3562071871080222,M. Ward,NO,23,m,US,Male
701,7,0.3333333333333333,Chuck Berry,NO,23,m,US,Male
701,8,0.31546487678572877,Sufjan Stevens,NO,23,m,US,Male
701,9,0.3010299956639812,Grouper,NO,23,m,US,Female
701,10,0.2890648263178879,Haddaway,NO,23,m,DE,Male
702,1,1.0,Noisestorm,RU,38,m,IE,Male
702,2,0.6309297535714575,Rod Stewart,RU,38,m,UK,Male
702,3,0.5,Shawn Mendes,RU,38,m,CA,Male
702,4,0.43067655807339306,Ariana Grande,RU,38,m,US,Female
702,5,0.38685280723454163,DJ Shadow,RU,38,m,US,Male
702,6,0.3562071871080222,Kacey Musgraves,RU,38,m,US,Female
702,7,0.3333333333333333,Grimes,RU,38,m,CA,Female
702,8,0.31546487678572877,Rihanna,RU,38,m,UK,Female
702,9,0.3010299956639812,Armin van Buuren,RU,38,m,NL,Male
702,10,0.2890648263178879,Mr.Kitty,RU,38,m,US,Male
703,1,1.0,Ariana Grande,US,93,f,US,Female
703,2,0.6309297535714575,Rush,US,93,f,US,Male
703,3,0.5,Kelis,US,93,f,US,Female
703,4,0.43067655807339306,Madonna,US,93,f,US,Female
703,5,0.38685280723454163,Aaron Smith,US,93,f,US,Male
703,6,0.3562071871080222,Taylor Swift,US,93,f,US,Female
703,7,0.3333333333333333,Gwen Stefani,US,93,f,US,Female
703,8,0.31546487678572877,Nik Kershaw,US,93,f,UK,Male
703,9,0.3010299956639812,Ariana Grande,US,93,f,US,Female
703,10,0.2890648263178879,Michael Jackson,US,93,f,US,Male
704,1,1.0,Seal,BR,21,m,UK,Male
704,2,0.6309297535714575,Britney Spears,BR,21,m,US,Female
704,3,0.5,Ke$ha,BR,21,m,US,Female
704,4,0.43067655807339306,Marilyn Manson,BR,21,m,US,Male
704,5,0.38685280723454163,Chaka Khan,BR,21,m,US,Female
704,6,0.3562071871080222,Madonna,BR,21,m,US,Female
704,7,0.3333333333333333,Björk,BR,21,m,IS,Female
704,8,0.31546487678572877,John Mayer,BR,21,m,IN,Male
704,9,0.3010299956639812,Brian McKnight,BR,21,m,US,Male
704,10,0.2890648263178879,John Mayer,BR,21,m,IN,Male
705,1,1.0,Luke Bryan,BR,21,m,US,Male
705,2,0.6309297535714575,Danny Brown,BR,21,m,US,Male
705,3,0.5,Gal Costa,BR,21,m,BR,Female
705,4,0.43067655807339306,Cassadee Pope,BR,21,m,US,Female
705,5,0.38685280723454163,Stan Getz,BR,21,m,US,Male
705,6,0.3562071871080222,Caetano Veloso,BR,21,m,BR,Male
705,7,0.3333333333333333,Toro y Moi,BR,21,m,US,Male
705,8,0.31546487678572877,Marina Lima,BR,21,m,BR,Female
705,9,0.3010299956639812,Rebecca Black,BR,21,m,US,Female
705,10,0.2890648263178879,Shania Twain,BR,21,m,CA,Female
706,1,1.0,Grimes,IT,20,m,CA,Female
706,2,0.6309297535714575,Ry x,IT,20,m,AU,Male
706,3,0.5,Panda Bear,IT,20,m,US,Male
706,4,0.43067655807339306,Grouper,IT,20,m,US,Female
706,5,0.38685280723454163,Vashti Bunyan,IT,20,m,UK,Female
706,6,0.3562071871080222,David Bowie,IT,20,m,UK,Male
706,7,0.3333333333333333,Kanye West,IT,20,m,US,Male
706,8,0.31546487678572877,The Kinks,IT,20,m,US,Male
706,9,0.3010299956639812,Bob Dylan,IT,20,m,US,Male
706,10,0.2890648263178879,Jeff Buckley,IT,20,m,US,Male
707,1,1.0,Ariana Grande,RU,21,m,US,Female
707,2,0.6309297535714575,Beyoncé,RU,21,m,US,Female
707,3,0.5,Kelis,RU,21,m,US,Female
707,4,0.43067655807339306,Gwen Stefani,RU,21,m,US,Female
707,5,0.38685280723454163,James Blake,RU,21,m,UK,Male
707,6,0.3562071871080222,Taylor Swift,RU,21,m,US,Female
707,7,0.3333333333333333,Madonna,RU,21,m,US,Female
707,8,0.31546487678572877,Grimes,RU,21,m,CA,Female
707,9,0.3010299956639812,DJ Shadow,RU,21,m,US,Male
707,10,0.2890648263178879,Michael Jackson,RU,21,m,US,Male
708,1,1.0,Ariana Grande,UK,48,m,US,Female
708,2,0.6309297535714575,Perturbator,UK,48,m,FR,Male
708,3,0.5,Rihanna,UK,48,m,UK,Female
708,4,0.43067655807339306,Ariana Grande,UK,48,m,US,Female
708,5,0.38685280723454163,Michael Jackson,UK,48,m,US,Male
708,6,0.3562071871080222,Four Tet,UK,48,m,UK,Male
708,7,0.3333333333333333,Troye Sivan,UK,48,m,AU,Male
708,8,0.31546487678572877,Ariana Grande,UK,48,m,US,Female
708,9,0.3010299956639812,Machine Head,UK,48,m,JP,Male
708,10,0.2890648263178879,Thom Yorke,UK,48,m,UK,Male
709,1,1.0,Leonard Cohen,DE,18,m,CA,Male
709,2,0.6309297535714575,Grouper,DE,18,m,US,Female
709,3,0.5,Sharon Van Etten,DE,18,m,US,Female
709,4,0.43067655807339306,Mac DeMarco,DE,18,m,CA,Male
709,5,0.38685280723454163,M. Ward,DE,18,m,US,Male
709,6,0.3562071871080222,Ariana Grande,DE,18,m,US,Female
709,7,0.3333333333333333,Michael Sembello,DE,18,m,US,Male
709,8,0.31546487678572877,Sufjan Stevens,DE,18,m,US,Male
709,9,0.3010299956639812,Queen,DE,18,m,JP,Female
709,10,0.2890648263178879,Beyoncé,DE,18,m,US,Female
710,1,1.0,Aaron Smith,HU,33,m,US,Male
710,2,0.6309297535714575,Bob Marley & The Wailers,HU,33,m,JM,Male
710,3,0.5,James Blake,HU,33,m,UK,Male
710,4,0.43067655807339306,Toro y Moi,HU,33,m,US,Male
710,5,0.38685280723454163,Christina Aguilera,HU,33,m,US,Female
710,6,0.3562071871080222,Nik Kershaw,HU,33,m,UK,Male
710,7,0.3333333333333333,Shawn Mendes,HU,33,m,CA,Male
710,8,0.31546487678572877,Vitalic,HU,33,m,FR,Male
710,9,0.3010299956639812,Lorde,HU,33,m,NZ,Female
710,10,0.2890648263178879,Taylor Swift,HU,33,m,US,Female
712,1,1.0,Chuck Berry,DE,18,m,US,Male
712,2,0.6309297535714575,Dean Blunt,DE,18,m,UK,Male
712,3,0.5,Leonard Cohen,DE,18,m,CA,Male
712,4,0.43067655807339306,Sharon Van Etten,DE,18,m,US,Female
712,5,0.38685280723454163,Duncan Laurence,DE,18,m,NL,Male
712,6,0.3562071871080222,Mac DeMarco,DE,18,m,CA,Male
712,7,0.3333333333333333,Sufjan Stevens,DE,18,m,US,Male
712,8,0.31546487678572877,Grouper,DE,18,m,US,Female
712,9,0.3010299956639812,Ariana Grande,DE,18,m,US,Female
712,10,0.2890648263178879,Ariana Grande,DE,18,m,US,Female
713,1,1.0,Taylor Swift,DE,18,m,US,Female
713,2,0.6309297535714575,Madonna,DE,18,m,US,Female
713,3,0.5,Ariana Grande,DE,18,m,US,Female
713,4,0.43067655807339306,Kacey Musgraves,DE,18,m,US,Female
713,5,0.38685280723454163,Armin van Buuren,DE,18,m,NL,Male
713,6,0.3562071871080222,Shawn Mendes,DE,18,m,CA,Male
713,7,0.3333333333333333,Tycho,DE,18,m,US,Male
713,8,0.31546487678572877,Four Tet,DE,18,m,UK,Male
713,9,0.3010299956639812,Moby,DE,18,m,US,Male
713,10,0.2890648263178879,Rihanna,DE,18,m,UK,Female
714,1,1.0,Devin Townsend,PL,20,f,CA,Male
714,2,0.6309297535714575,Roy Orbison,PL,20,f,US,Male
714,3,0.5,Queen,PL,20,f,JP,Female
714,4,0.43067655807339306,Mac DeMarco,PL,20,f,CA,Male
714,5,0.38685280723454163,Grouper,PL,20,f,US,Female
714,6,0.3562071871080222,Julie Byrne,PL,20,f,US,Female
714,7,0.3333333333333333,Taylor Swift,PL,20,f,US,Female
714,8,0.31546487678572877,Michael Sembello,PL,20,f,US,Male
714,9,0.3010299956639812,Adele,PL,20,f,UK,Female
714,10,0.2890648263178879,Eagle-Eye Cherry,PL,20,f,SE,Male
715,1,1.0,Haddaway,RU,22,m,DE,Male
715,2,0.6309297535714575,Devin Townsend,RU,22,m,CA,Male
715,3,0.5,John Mayer,RU,22,m,IN,Male
715,4,0.43067655807339306,Queen,RU,22,m,JP,Female
715,5,0.38685280723454163,Dean Blunt,RU,22,m,UK,Male
715,6,0.3562071871080222,Michael Sembello,RU,22,m,US,Male
715,7,0.3333333333333333,Ariana Grande,RU,22,m,US,Female
715,8,0.31546487678572877,Leonard Cohen,RU,22,m,CA,Male
715,9,0.3010299956639812,Roy Orbison,RU,22,m,US,Male
715,10,0.2890648263178879,Edwyn Collins,RU,22,m,UK,Male
716,1,1.0,Machine Head,BG,24,m,JP,Male
716,2,0.6309297535714575,Kelis,BG,24,m,US,Female
716,3,0.5,Madonna,BG,24,m,US,Female
716,4,0.43067655807339306,Perturbator,BG,24,m,FR,Male
716,5,0.38685280723454163,Lisa Miskovsky,BG,24,m,SE,Female
716,6,0.3562071871080222,Noisestorm,BG,24,m,IE,Male
716,7,0.3333333333333333,Michael Jackson,BG,24,m,US,Male
716,8,0.31546487678572877,Ariana Grande,BG,24,m,US,Female
716,9,0.3010299956639812,Rod Stewart,BG,24,m,UK,Male
716,10,0.2890648263178879,Kelly Clarkson,BG,24,m,US,Female
717,1,1.0,Aaron Smith,BR,22,f,US,Male
717,2,0.6309297535714575,Vitalic,BR,22,f,FR,Male
717,3,0.5,Nik Kershaw,BR,22,f,UK,Male
717,4,0.43067655807339306,Ariana Grande,BR,22,f,US,Female
717,5,0.38685280723454163,Sia,BR,22,f,AU,Female
717,6,0.3562071871080222,Rihanna,BR,22,f,UK,Female
717,7,0.3333333333333333,Mariah Carey,BR,22,f,US,Female
717,8,0.31546487678572877,Machine Head,BR,22,f,JP,Male
717,9,0.3010299956639812,Perturbator,BR,22,f,FR,Male
717,10,0.2890648263178879,Sia,BR,22,f,AU,Female
718,1,1.0,Rihanna,US,20,m,UK,Female
718,2,0.6309297535714575,Beyoncé,US,20,m,US,Female
718,3,0.5,Ariana Grande,US,20,m,US,Female
718,4,0.43067655807339306,Kelis,US,20,m,US,Female
718,5,0.38685280723454163,Gwen Stefani,US,20,m,US,Female
718,6,0.3562071871080222,Madonna,US,20,m,US,Female
718,7,0.3333333333333333,Taylor Swift,US,20,m,US,Female
718,8,0.31546487678572877,Ice Cube,US,20,m,US,Male
718,9,0.3010299956639812,Nik Kershaw,US,20,m,UK,Male
718,10,0.2890648263178879,James Blake,US,20,m,UK,Male
720,1,1.0,James Blake,UK,20,m,UK,Male
720,2,0.6309297535714575,Adele,UK,20,m,UK,Female
720,3,0.5,Rihanna,UK,20,m,UK,Female
720,4,0.43067655807339306,Britney Spears,UK,20,m,US,Female
720,5,0.38685280723454163,Ariana Grande,UK,20,m,US,Female
720,6,0.3562071871080222,Noisestorm,UK,20,m,IE,Male
720,7,0.3333333333333333,Perturbator,UK,20,m,FR,Male
720,8,0.31546487678572877,Beyoncé,UK,20,m,US,Female
720,9,0.3010299956639812,James Blake,UK,20,m,UK,Male
720,10,0.2890648263178879,Lisa Miskovsky,UK,20,m,SE,Female
721,1,1.0,Caetano Veloso,BR,19,f,BR,Male
721,2,0.6309297535714575,Raul Seixas,BR,19,f,BR,Male
721,3,0.5,Geraldo Azevedo,BR,19,f,BR,Male
721,4,0.43067655807339306,Luiza Lian,BR,19,f,BR,Female
721,5,0.38685280723454163,Alceu Valença,BR,19,f,BR,Male
721,6,0.3562071871080222,Caetano Veloso,BR,19,f,BR,Male
721,7,0.3333333333333333,Tim Maia,BR,19,f,BR,Male
721,8,0.31546487678572877,Marisa Monte,BR,19,f,BR,Female
721,9,0.3010299956639812,Phill Veras,BR,19,f,BR,Male
721,10,0.2890648263178879,Lily Allen,BR,19,f,UK,Female
722,1,1.0,Mariah Carey,ID,21,m,US,Female
722,2,0.6309297535714575,Troye Sivan,ID,21,m,AU,Male
722,3,0.5,Noisestorm,ID,21,m,IE,Male
722,4,0.43067655807339306,Nicki Minaj,ID,21,m,US,Female
722,5,0.38685280723454163,J Balvin,ID,21,m,CO,Male
722,6,0.3562071871080222,Sia,ID,21,m,AU,Female
722,7,0.3333333333333333,James Arthur,ID,21,m,UK,Male
722,8,0.31546487678572877,Perturbator,ID,21,m,FR,Male
722,9,0.3010299956639812,Lorde,ID,21,m,NZ,Female
722,10,0.2890648263178879,Michael Jackson,ID,21,m,US,Male
723,1,1.0,Anna Calvi,RU,16,m,UK,Female
723,2,0.6309297535714575,Tame Impala,RU,16,m,AU,Male
723,3,0.5,Big L,RU,16,m,US,Male
723,4,0.43067655807339306,Kendrick Lamar,RU,16,m,US,Male
723,5,0.38685280723454163,Nick Drake,RU,16,m,UK,Male
723,6,0.3562071871080222,Perfume Genius,RU,16,m,US,Male
723,7,0.3333333333333333,Lana Del Rey,RU,16,m,US,Female
723,8,0.31546487678572877,Kendrick Lamar,RU,16,m,US,Male
723,9,0.3010299956639812,Angel Olsen,RU,16,m,US,Female
723,10,0.2890648263178879,Bonobo,RU,16,m,UK,Male
724,1,1.0,Beyoncé,CL,32,m,US,Female
724,2,0.6309297535714575,James Blake,CL,32,m,UK,Male
724,3,0.5,Kelis,CL,32,m,US,Female
724,4,0.43067655807339306,Gwen Stefani,CL,32,m,US,Female
724,5,0.38685280723454163,Ice Cube,CL,32,m,US,Male
724,6,0.3562071871080222,Taylor Swift,CL,32,m,US,Female
724,7,0.3333333333333333,Madonna,CL,32,m,US,Female
724,8,0.31546487678572877,James Blake,CL,32,m,UK,Male
724,9,0.3010299956639812,Ariana Grande,CL,32,m,US,Female
724,10,0.2890648263178879,Kacey Musgraves,CL,32,m,US,Female
725,1,1.0,Kevin Morby,NL,27,f,US,Male
725,2,0.6309297535714575,Nick Drake,NL,27,f,UK,Male
725,3,0.5,Caribou,NL,27,f,CA,Male
725,4,0.43067655807339306,Dean Blunt,NL,27,f,UK,Male
725,5,0.38685280723454163,Leonard Cohen,NL,27,f,CA,Male
725,6,0.3562071871080222,Sharon Van Etten,NL,27,f,US,Female
725,7,0.3333333333333333,Mac DeMarco,NL,27,f,CA,Male
725,8,0.31546487678572877,John Mayer,NL,27,f,IN,Male
725,9,0.3010299956639812,Devin Townsend,NL,27,f,CA,Male
725,10,0.2890648263178879,Roy Orbison,NL,27,f,US,Male
726,1,1.0,Madonna,RU,19,m,US,Female
726,2,0.6309297535714575,Michael Jackson,RU,19,m,US,Male
726,3,0.5,Ariana Grande,RU,19,m,US,Female
726,4,0.43067655807339306,Grimes,RU,19,m,CA,Female
726,5,0.38685280723454163,DJ Shadow,RU,19,m,US,Male
726,6,0.3562071871080222,Kacey Musgraves,RU,19,m,US,Female
726,7,0.3333333333333333,Kelly Clarkson,RU,19,m,US,Female
726,8,0.31546487678572877,Rod Stewart,RU,19,m,UK,Male
726,9,0.3010299956639812,Father John Misty,RU,19,m,US,Male
726,10,0.2890648263178879,Mr.Kitty,RU,19,m,US,Male
727,1,1.0,Grimes,RU,25,m,CA,Female
727,2,0.6309297535714575,Kacey Musgraves,RU,25,m,US,Female
727,3,0.5,Kelis,RU,25,m,US,Female
727,4,0.43067655807339306,Taylor Swift,RU,25,m,US,Female
727,5,0.38685280723454163,Madonna,RU,25,m,US,Female
727,6,0.3562071871080222,Father John Misty,RU,25,m,US,Male
727,7,0.3333333333333333,Tycho,RU,25,m,US,Male
727,8,0.31546487678572877,Michael Jackson,RU,25,m,US,Male
727,9,0.3010299956639812,Ariana Grande,RU,25,m,US,Female
727,10,0.2890648263178879,Mr.Kitty,RU,25,m,US,Male
728,1,1.0,Earl Sweatshirt,JP,21,m,US,Male
728,2,0.6309297535714575,Grouper,JP,21,m,US,Female
728,3,0.5,Kevin Morby,JP,21,m,US,Male
728,4,0.43067655807339306,Queen,JP,21,m,JP,Female
728,5,0.38685280723454163,Darkside,JP,21,m,UK,Male
728,6,0.3562071871080222,Nick Drake,JP,21,m,UK,Male
728,7,0.3333333333333333,Bob Marley & The Wailers,JP,21,m,JM,Male
728,8,0.31546487678572877,Caribou,JP,21,m,CA,Male
728,9,0.3010299956639812,Marilyn Manson,JP,21,m,US,Male
728,10,0.2890648263178879,Bill Callahan,JP,21,m,US,Male
729,1,1.0,Janelle Monáe,BR,23,m,US,Non-binary
729,2,0.6309297535714575,Gwen Stefani,BR,23,m,US,Female
729,3,0.5,Britney Spears,BR,23,m,US,Female
729,4,0.43067655807339306,Kelis,BR,23,m,US,Female
729,5,0.38685280723454163,Ariana Grande,BR,23,m,US,Female
729,6,0.3562071871080222,Shawn Mendes,BR,23,m,CA,Male
729,7,0.3333333333333333,James Blake,BR,23,m,UK,Male
729,8,0.31546487678572877,Ariana Grande,BR,23,m,US,Female
729,9,0.3010299956639812,Toro y Moi,BR,23,m,US,Male
729,10,0.2890648263178879,Ice Cube,BR,23,m,US,Male
730,1,1.0,Kelis,BR,21,m,US,Female
730,2,0.6309297535714575,Beyoncé,BR,21,m,US,Female
730,3,0.5,Taylor Swift,BR,21,m,US,Female
730,4,0.43067655807339306,Rihanna,BR,21,m,UK,Female
730,5,0.38685280723454163,Shawn Mendes,BR,21,m,CA,Male
730,6,0.3562071871080222,James Blake,BR,21,m,UK,Male
730,7,0.3333333333333333,Kelly Clarkson,BR,21,m,US,Female
730,8,0.31546487678572877,Jonathan Davis,BR,21,m,US,Male
730,9,0.3010299956639812,Moby,BR,21,m,US,Male
730,10,0.2890648263178879,Mr.Kitty,BR,21,m,US,Male
731,1,1.0,Aaron Smith,NO,24,f,US,Male
731,2,0.6309297535714575,Gwen Stefani,NO,24,f,US,Female
731,3,0.5,Kelis,NO,24,f,US,Female
731,4,0.43067655807339306,Vitalic,NO,24,f,FR,Male
731,5,0.38685280723454163,Machine Head,NO,24,f,JP,Male
731,6,0.3562071871080222,Nik Kershaw,NO,24,f,UK,Male
731,7,0.3333333333333333,Tycho,NO,24,f,US,Male
731,8,0.31546487678572877,Grimes,NO,24,f,CA,Female
731,9,0.3010299956639812,Perturbator,NO,24,f,FR,Male
731,10,0.2890648263178879,Thom Yorke,NO,24,f,UK,Male
732,1,1.0,Bob Marley & The Wailers,RU,27,m,JM,Male
732,2,0.6309297535714575,Aaron Smith,RU,27,m,US,Male
732,3,0.5,Machine Head,RU,27,m,JP,Male
732,4,0.43067655807339306,John Mayer,RU,27,m,IN,Male
732,5,0.38685280723454163,Adele,RU,27,m,UK,Female
732,6,0.3562071871080222,Vitalic,RU,27,m,FR,Male
732,7,0.3333333333333333,Vanessa Carlton,RU,27,m,US,Female
732,8,0.31546487678572877,Janelle Monáe,RU,27,m,US,Non-binary
732,9,0.3010299956639812,Paula Abdul,RU,27,m,US,Female
732,10,0.2890648263178879,Nik Kershaw,RU,27,m,UK,Male
733,1,1.0,Adele,RU,21,m,UK,Female
733,2,0.6309297535714575,Lisa Miskovsky,RU,21,m,SE,Female
733,3,0.5,Perturbator,RU,21,m,FR,Male
733,4,0.43067655807339306,Nik Kershaw,RU,21,m,UK,Male
733,5,0.38685280723454163,Sia,RU,21,m,AU,Female
733,6,0.3562071871080222,Ed Sheeran,RU,21,m,UK,Male
733,7,0.3333333333333333,Queen,RU,21,m,JP,Female
733,8,0.31546487678572877,Noisestorm,RU,21,m,IE,Male
733,9,0.3010299956639812,Miley Cyrus,RU,21,m,US,Non-binary
733,10,0.2890648263178879,Vanessa Carlton,RU,21,m,US,Female
734,1,1.0,Rush,BR,20,f,US,Male
734,2,0.6309297535714575,Aaron Smith,BR,20,f,US,Male
734,3,0.5,Rush,BR,20,f,US,Male
734,4,0.43067655807339306,Carpenter Brut,BR,20,f,FR,Male
734,5,0.38685280723454163,Shawn Mendes,BR,20,f,CA,Male
734,6,0.3562071871080222,Beyoncé,BR,20,f,US,Female
734,7,0.3333333333333333,DJ Shadow,BR,20,f,US,Male
734,8,0.31546487678572877,Nik Kershaw,BR,20,f,UK,Male
734,9,0.3010299956639812,Vitalic,BR,20,f,FR,Male
734,10,0.2890648263178879,Father John Misty,BR,20,f,US,Male
735,1,1.0,Anna Calvi,ES,21,m,UK,Female
735,2,0.6309297535714575,Gil Scott-Heron,ES,21,m,US,Male
735,3,0.5,Panda Bear,ES,21,m,US,Male
735,4,0.43067655807339306,Tame Impala,ES,21,m,AU,Male
735,5,0.38685280723454163,Perfume Genius,ES,21,m,US,Male
735,6,0.3562071871080222,Chuck Berry,ES,21,m,US,Male
735,7,0.3333333333333333,Kanye West,ES,21,m,US,Male
735,8,0.31546487678572877,Big L,ES,21,m,US,Male
735,9,0.3010299956639812,James Blake,ES,21,m,UK,Male
735,10,0.2890648263178879,Angel Olsen,ES,21,m,US,Female
736,1,1.0,Grouper,BR,17,f,US,Female
736,2,0.6309297535714575,Sufjan Stevens,BR,17,f,US,Male
736,3,0.5,Julie Byrne,BR,17,f,US,Female
736,4,0.43067655807339306,Panda Bear,BR,17,f,US,Male
736,5,0.38685280723454163,Gil Scott-Heron,BR,17,f,US,Male
736,6,0.3562071871080222,Panda Bear,BR,17,f,US,Male
736,7,0.3333333333333333,Chuck Berry,BR,17,f,US,Male
736,8,0.31546487678572877,Ry x,BR,17,f,AU,Male
736,9,0.3010299956639812,Pusha T,BR,17,f,US,Male
736,10,0.2890648263178879,Haddaway,BR,17,f,DE,Male
737,1,1.0,Machine Head,BR,23,m,JP,Male
737,2,0.6309297535714575,Perturbator,BR,23,m,FR,Male
737,3,0.5,Noisestorm,BR,23,m,IE,Male
737,4,0.43067655807339306,Lisa Miskovsky,BR,23,m,SE,Female
737,5,0.38685280723454163,Michael Jackson,BR,23,m,US,Male
737,6,0.3562071871080222,Kacey Musgraves,BR,23,m,US,Female
737,7,0.3333333333333333,DJ Shadow,BR,23,m,US,Male
737,8,0.31546487678572877,Grimes,BR,23,m,CA,Female
737,9,0.3010299956639812,Rod Stewart,BR,23,m,UK,Male
737,10,0.2890648263178879,Mr.Kitty,BR,23,m,US,Male
738,1,1.0,Pusha T,US,19,m,US,Male
738,2,0.6309297535714575,Damien Jurado,US,19,m,US,Male
738,3,0.5,Anna Calvi,US,19,m,UK,Female
738,4,0.43067655807339306,Nick Drake,US,19,m,UK,Male
738,5,0.38685280723454163,Britney Spears,US,19,m,US,Female
738,6,0.3562071871080222,Taylor McFerrin,US,19,m,US,Male
738,7,0.3333333333333333,Bonobo,US,19,m,UK,Male
738,8,0.31546487678572877,Big L,US,19,m,US,Male
738,9,0.3010299956639812,Caribou,US,19,m,CA,Male
738,10,0.2890648263178879,Laura Branigan,US,19,m,US,Female
739,1,1.0,Mariah Carey,SE,23,f,US,Female
739,2,0.6309297535714575,Troye Sivan,SE,23,f,AU,Male
739,3,0.5,Sia,SE,23,f,AU,Female
739,4,0.43067655807339306,J Balvin,SE,23,f,CO,Male
739,5,0.38685280723454163,Noisestorm,SE,23,f,IE,Male
739,6,0.3562071871080222,Sia,SE,23,f,AU,Female
739,7,0.3333333333333333,James Blake,SE,23,f,UK,Male
739,8,0.31546487678572877,Perturbator,SE,23,f,FR,Male
739,9,0.3010299956639812,Justin Timberlake,SE,23,f,US,Male
739,10,0.2890648263178879,Jennifer Lopez,SE,23,f,US,Female
740,1,1.0,Mariah Carey,EE,22,m,US,Female
740,2,0.6309297535714575,Troye Sivan,EE,22,m,AU,Male
740,3,0.5,Lorde,EE,22,m,NZ,Female
740,4,0.43067655807339306,Perturbator,EE,22,m,FR,Male
740,5,0.38685280723454163,DJ Shadow,EE,22,m,US,Male
740,6,0.3562071871080222,J Balvin,EE,22,m,CO,Male
740,7,0.3333333333333333,Sia,EE,22,m,AU,Female
740,8,0.31546487678572877,Lisa Miskovsky,EE,22,m,SE,Female
740,9,0.3010299956639812,Shawn Mendes,EE,22,m,CA,Male
740,10,0.2890648263178879,Father John Misty,EE,22,m,US,Male
742,1,1.0,Michael Jackson,BR,20,f,US,Male
742,2,0.6309297535714575,Bob Marley & The Wailers,BR,20,f,JM,Male
742,3,0.5,Toro y Moi,BR,20,f,US,Male
742,4,0.43067655807339306,Rush,BR,20,f,US,Male
742,5,0.38685280723454163,Aaron Smith,BR,20,f,US,Male
742,6,0.3562071871080222,Rush,BR,20,f,US,Male
742,7,0.3333333333333333,Carpenter Brut,BR,20,f,FR,Male
742,8,0.31546487678572877,James Blake,BR,20,f,UK,Male
742,9,0.3010299956639812,Ice Cube,BR,20,f,US,Male
742,10,0.2890648263178879,Vitalic,BR,20,f,FR,Male
743,1,1.0,Mariah Carey,US,21,f,US,Female
743,2,0.6309297535714575,Taylor Swift,US,21,f,US,Female
743,3,0.5,Sia,US,21,f,AU,Female
743,4,0.43067655807339306,Nicki Minaj,US,21,f,US,Female
743,5,0.38685280723454163,Ellie Goulding,US,21,f,UK,Female
743,6,0.3562071871080222,Lana Del Rey,US,21,f,US,Female
743,7,0.3333333333333333,Kanye West,US,21,f,US,Male
743,8,0.31546487678572877,Pedro Sampaio,US,21,f,BR,Male
743,9,0.3010299956639812,Thom Yorke,US,21,f,UK,Male
743,10,0.2890648263178879,Kygo,US,21,f,NO,Male
744,1,1.0,Chuck Berry,SI,20,m,US,Male
744,2,0.6309297535714575,Queen,SI,20,m,JP,Female
744,3,0.5,M. Ward,SI,20,m,US,Male
744,4,0.43067655807339306,Sufjan Stevens,SI,20,m,US,Male
744,5,0.38685280723454163,Sharon Van Etten,SI,20,m,US,Female
744,6,0.3562071871080222,Julie Byrne,SI,20,m,US,Female
744,7,0.3333333333333333,Grouper,SI,20,m,US,Female
744,8,0.31546487678572877,Haddaway,SI,20,m,DE,Male
744,9,0.3010299956639812,Mayhem,SI,20,m,CA,Female
744,10,0.2890648263178879,Gil Scott-Heron,SI,20,m,US,Male
745,1,1.0,Beyoncé,FR,28,m,US,Female
745,2,0.6309297535714575,Adele,FR,28,m,UK,Female
745,3,0.5,Rihanna,FR,28,m,UK,Female
745,4,0.43067655807339306,Britney Spears,FR,28,m,US,Female
745,5,0.38685280723454163,Vitalic,FR,28,m,FR,Male
745,6,0.3562071871080222,Nik Kershaw,FR,28,m,UK,Male
745,7,0.3333333333333333,Ariana Grande,FR,28,m,US,Female
745,8,0.31546487678572877,Machine Head,FR,28,m,JP,Male
745,9,0.3010299956639812,Perturbator,FR,28,m,FR,Male
745,10,0.2890648263178879,Madonna,FR,28,m,US,Female
746,1,1.0,Rush,BR,17,m,US,Male
746,2,0.6309297535714575,Aaron Smith,BR,17,m,US,Male
746,3,0.5,Bob Marley & The Wailers,BR,17,m,JM,Male
746,4,0.43067655807339306,Mariah Carey,BR,17,m,US,Female
746,5,0.38685280723454163,Troye Sivan,BR,17,m,AU,Male
746,6,0.3562071871080222,Vitalic,BR,17,m,FR,Male
746,7,0.3333333333333333,Noisestorm,BR,17,m,IE,Male
746,8,0.31546487678572877,Toro y Moi,BR,17,m,US,Male
746,9,0.3010299956639812,Nik Kershaw,BR,17,m,UK,Male
746,10,0.2890648263178879,J Balvin,BR,17,m,CO,Male
747,1,1.0,Toro y Moi,BR,20,f,US,Male
747,2,0.6309297535714575,Aaron Smith,BR,20,f,US,Male
747,3,0.5,James Blake,BR,20,f,UK,Male
747,4,0.43067655807339306,Troye Sivan,BR,20,f,AU,Male
747,5,0.38685280723454163,Ariana Grande,BR,20,f,US,Female
747,6,0.3562071871080222,Kacey Musgraves,BR,20,f,US,Female
747,7,0.3333333333333333,Ice Cube,BR,20,f,US,Male
747,8,0.31546487678572877,Vitalic,BR,20,f,FR,Male
747,9,0.3010299956639812,Lorde,BR,20,f,NZ,Female
747,10,0.2890648263178879,Mariah Carey,BR,20,f,US,Female
748,1,1.0,Machine Head,ID,19,m,JP,Male
748,2,0.6309297535714575,Perturbator,ID,19,m,FR,Male
748,3,0.5,Kacey Musgraves,ID,19,m,US,Female
748,4,0.43067655807339306,Noisestorm,ID,19,m,IE,Male
748,5,0.38685280723454163,DJ Shadow,ID,19,m,US,Male
748,6,0.3562071871080222,Michael Jackson,ID,19,m,US,Male
748,7,0.3333333333333333,Ariana Grande,ID,19,m,US,Female
748,8,0.31546487678572877,Grimes,ID,19,m,CA,Female
748,9,0.3010299956639812,Lisa Miskovsky,ID,19,m,SE,Female
748,10,0.2890648263178879,Kelly Clarkson,ID,19,m,US,Female
749,1,1.0,Kelis,RU,20,m,US,Female
749,2,0.6309297535714575,James Blake,RU,20,m,UK,Male
749,3,0.5,Ariana Grande,RU,20,m,US,Female
749,4,0.43067655807339306,Taylor Swift,RU,20,m,US,Female
749,5,0.38685280723454163,Oliver Koletzki,RU,20,m,DE,Male
749,6,0.3562071871080222,AFI,RU,20,m,US,Female
749,7,0.3333333333333333,Beyoncé,RU,20,m,US,Female
749,8,0.31546487678572877,Shawn Mendes,RU,20,m,CA,Male
749,9,0.3010299956639812,Madonna,RU,20,m,US,Female
749,10,0.2890648263178879,Chelsea Wolfe,RU,20,m,US,Female
750,1,1.0,Rihanna,PL,17,m,UK,Female
750,2,0.6309297535714575,Frank Ocean,PL,17,m,US,Male
750,3,0.5,Britney Spears,PL,17,m,US,Female
750,4,0.43067655807339306,Michael Jackson,PL,17,m,US,Male
750,5,0.38685280723454163,Serj Tankian,PL,17,m,US,Male
750,6,0.3562071871080222,Carpenter Brut,PL,17,m,FR,Male
750,7,0.3333333333333333,Tame Impala,PL,17,m,AU,Male
750,8,0.31546487678572877,Norah Jones,PL,17,m,US,Female
750,9,0.3010299956639812,Ariana Grande,PL,17,m,US,Female
750,10,0.2890648263178879,Joe Goddard,PL,17,m,UK,Male
751,1,1.0,Adele,PL,18,m,UK,Female
751,2,0.6309297535714575,Rihanna,PL,18,m,UK,Female
751,3,0.5,Nik Kershaw,PL,18,m,UK,Male
751,4,0.43067655807339306,Britney Spears,PL,18,m,US,Female
751,5,0.38685280723454163,Beyoncé,PL,18,m,US,Female
751,6,0.3562071871080222,Machine Head,PL,18,m,JP,Male
751,7,0.3333333333333333,Ariana Grande,PL,18,m,US,Female
751,8,0.31546487678572877,Kelis,PL,18,m,US,Female
751,9,0.3010299956639812,Gwen Stefani,PL,18,m,US,Female
751,10,0.2890648263178879,Noisestorm,PL,18,m,IE,Male
752,1,1.0,Taylor Swift,FI,20,m,US,Female
752,2,0.6309297535714575,Ariana Grande,FI,20,m,US,Female
752,3,0.5,Bob Marley & The Wailers,FI,20,m,JM,Male
752,4,0.43067655807339306,Sia,FI,20,m,AU,Female
752,5,0.38685280723454163,Queen,FI,20,m,JP,Female
752,6,0.3562071871080222,Justin Timberlake,FI,20,m,US,Male
752,7,0.3333333333333333,Elvis Presley,FI,20,m,US,Male
752,8,0.31546487678572877,Rush,FI,20,m,US,Male
752,9,0.3010299956639812,Marilyn Manson,FI,20,m,US,Male
752,10,0.2890648263178879,Eminem,FI,20,m,US,Male
753,1,1.0,Björk,PL,20,f,IS,Female
753,2,0.6309297535714575,Ariana Grande,PL,20,f,US,Female
753,3,0.5,Adele,PL,20,f,UK,Female
753,4,0.43067655807339306,Frank Ocean,PL,20,f,US,Male
753,5,0.38685280723454163,Kanye West,PL,20,f,US,Male
753,6,0.3562071871080222,Taylor Swift,PL,20,f,US,Female
753,7,0.3333333333333333,John Cale,PL,20,f,US,Male
753,8,0.31546487678572877,Ry x,PL,20,f,AU,Male
753,9,0.3010299956639812,Sufjan Stevens,PL,20,f,US,Male
753,10,0.2890648263178879,Bob Marley & The Wailers,PL,20,f,JM,Male
754,1,1.0,Bill Callahan,NZ,19,f,US,Male
754,2,0.6309297535714575,Damien Jurado,NZ,19,f,US,Male
754,3,0.5,Nick Drake,NZ,19,f,UK,Male
754,4,0.43067655807339306,PJ Harvey,NZ,19,f,UK,Female
754,5,0.38685280723454163,Kanye West,NZ,19,f,US,Male
754,6,0.3562071871080222,Pusha T,NZ,19,f,US,Male
754,7,0.3333333333333333,Travis Scott,NZ,19,f,US,Male
754,8,0.31546487678572877,Scott Walker,NZ,19,f,UK,Male
754,9,0.3010299956639812,Lana Del Rey,NZ,19,f,US,Female
754,10,0.2890648263178879,Angel Olsen,NZ,19,f,US,Female
755,1,1.0,James Blake,UA,19,f,UK,Male
755,2,0.6309297535714575,Gwen Stefani,UA,19,f,US,Female
755,3,0.5,Britney Spears,UA,19,f,US,Female
755,4,0.43067655807339306,Ariana Grande,UA,19,f,US,Female
755,5,0.38685280723454163,Ariana Grande,UA,19,f,US,Female
755,6,0.3562071871080222,Kelis,UA,19,f,US,Female
755,7,0.3333333333333333,Ice Cube,UA,19,f,US,Male
755,8,0.31546487678572877,Beyoncé,UA,19,f,US,Female
755,9,0.3010299956639812,James Blake,UA,19,f,UK,Male
755,10,0.2890648263178879,Madonna,UA,19,f,US,Female
756,1,1.0,Aaron Smith,DE,24,m,US,Male
756,2,0.6309297535714575,Rush,DE,24,m,US,Male
756,3,0.5,Bob Marley & The Wailers,DE,24,m,JM,Male
756,4,0.43067655807339306,Rush,DE,24,m,US,Male
756,5,0.38685280723454163,Carpenter Brut,DE,24,m,FR,Male
756,6,0.3562071871080222,Devin Townsend,DE,24,m,CA,Male
756,7,0.3333333333333333,Sia,DE,24,m,AU,Female
756,8,0.31546487678572877,Justin Timberlake,DE,24,m,US,Male
756,9,0.3010299956639812,Vitalic,DE,24,m,FR,Male
756,10,0.2890648263178879,Shawn Mendes,DE,24,m,CA,Male
757,1,1.0,James Blake,UK,19,f,UK,Male
757,2,0.6309297535714575,Madonna,UK,19,f,US,Female
757,3,0.5,Taylor Swift,UK,19,f,US,Female
757,4,0.43067655807339306,Vitalic,UK,19,f,FR,Male
757,5,0.38685280723454163,Machine Head,UK,19,f,JP,Male
757,6,0.3562071871080222,Ariana Grande,UK,19,f,US,Female
757,7,0.3333333333333333,James Blake,UK,19,f,UK,Male
757,8,0.31546487678572877,Father John Misty,UK,19,f,US,Male
757,9,0.3010299956639812,Kacey Musgraves,UK,19,f,US,Female
757,10,0.2890648263178879,Rod Stewart,UK,19,f,UK,Male
758,1,1.0,Madonna,US,21,f,US,Female
758,2,0.6309297535714575,Michael Jackson,US,21,f,US,Male
758,3,0.5,James Blake,US,21,f,UK,Male
758,4,0.43067655807339306,Mr.Kitty,US,21,f,US,Male
758,5,0.38685280723454163,Ariana Grande,US,21,f,US,Female
758,6,0.3562071871080222,Jonathan Davis,US,21,f,US,Male
758,7,0.3333333333333333,DJ Shadow,US,21,f,US,Male
758,8,0.31546487678572877,Shawn Mendes,US,21,f,CA,Male
758,9,0.3010299956639812,Grimes,US,21,f,CA,Female
758,10,0.2890648263178879,Armin van Buuren,US,21,f,NL,Male
759,1,1.0,Michael Jackson,DE,26,m,US,Male
759,2,0.6309297535714575,Beyoncé,DE,26,m,US,Female
759,3,0.5,Toro y Moi,DE,26,m,US,Male
759,4,0.43067655807339306,Shawn Mendes,DE,26,m,CA,Male
759,5,0.38685280723454163,Madonna,DE,26,m,US,Female
759,6,0.3562071871080222,Taylor Swift,DE,26,m,US,Female
759,7,0.3333333333333333,James Blake,DE,26,m,UK,Male
759,8,0.31546487678572877,Armin van Buuren,DE,26,m,NL,Male
759,9,0.3010299956639812,Ice Cube,DE,26,m,US,Male
759,10,0.2890648263178879,Kelly Clarkson,DE,26,m,US,Female
760,1,1.0,Bob Marley & The Wailers,UA,22,m,JM,Male
760,2,0.6309297535714575,Aaron Smith,UA,22,m,US,Male
760,3,0.5,Carpenter Brut,UA,22,m,FR,Male
760,4,0.43067655807339306,Toro y Moi,UA,22,m,US,Male
760,5,0.38685280723454163,Vitalic,UA,22,m,FR,Male
760,6,0.3562071871080222,Nik Kershaw,UA,22,m,UK,Male
760,7,0.3333333333333333,Noisestorm,UA,22,m,IE,Male
760,8,0.31546487678572877,J Balvin,UA,22,m,CO,Male
760,9,0.3010299956639812,Sia,UA,22,m,AU,Female
760,10,0.2890648263178879,James Blake,UA,22,m,UK,Male
761,1,1.0,Vitalic,NL,23,f,FR,Male
761,2,0.6309297535714575,Perturbator,NL,23,f,FR,Male
761,3,0.5,Kelis,NL,23,f,US,Female
761,4,0.43067655807339306,Machine Head,NL,23,f,JP,Male
761,5,0.38685280723454163,Noisestorm,NL,23,f,IE,Male
761,6,0.3562071871080222,Lisa Miskovsky,NL,23,f,SE,Female
761,7,0.3333333333333333,Toro y Moi,NL,23,f,US,Male
761,8,0.31546487678572877,Gwen Stefani,NL,23,f,US,Female
761,9,0.3010299956639812,Ariana Grande,NL,23,f,US,Female
761,10,0.2890648263178879,Madonna,NL,23,f,US,Female
762,1,1.0,Vitalic,CA,24,m,FR,Male
762,2,0.6309297535714575,Nik Kershaw,CA,24,m,UK,Male
762,3,0.5,Beyoncé,CA,24,m,US,Female
762,4,0.43067655807339306,Perturbator,CA,24,m,FR,Male
762,5,0.38685280723454163,Gwen Stefani,CA,24,m,US,Female
762,6,0.3562071871080222,Noisestorm,CA,24,m,IE,Male
762,7,0.3333333333333333,Kelis,CA,24,m,US,Female
762,8,0.31546487678572877,Lisa Miskovsky,CA,24,m,SE,Female
762,9,0.3010299956639812,Michael Jackson,CA,24,m,US,Male
762,10,0.2890648263178879,Taylor Swift,CA,24,m,US,Female
763,1,1.0,Ariana Grande,RU,23,m,US,Female
763,2,0.6309297535714575,James Blake,RU,23,m,UK,Male
763,3,0.5,Kelis,RU,23,m,US,Female
763,4,0.43067655807339306,Gwen Stefani,RU,23,m,US,Female
763,5,0.38685280723454163,Beyoncé,RU,23,m,US,Female
763,6,0.3562071871080222,Taylor Swift,RU,23,m,US,Female
763,7,0.3333333333333333,Ice Cube,RU,23,m,US,Male
763,8,0.31546487678572877,Michael Jackson,RU,23,m,US,Male
763,9,0.3010299956639812,Madonna,RU,23,m,US,Female
763,10,0.2890648263178879,Mr.Kitty,RU,23,m,US,Male
764,1,1.0,Nik Kershaw,PL,25,m,UK,Male
764,2,0.6309297535714575,Ariana Grande,PL,25,m,US,Female
764,3,0.5,Perturbator,PL,25,m,FR,Male
764,4,0.43067655807339306,Mariah Carey,PL,25,m,US,Female
764,5,0.38685280723454163,Toro y Moi,PL,25,m,US,Male
764,6,0.3562071871080222,Ariana Grande,PL,25,m,US,Female
764,7,0.3333333333333333,Michael Jackson,PL,25,m,US,Male
764,8,0.31546487678572877,Troye Sivan,PL,25,m,AU,Male
764,9,0.3010299956639812,James Blake,PL,25,m,UK,Male
764,10,0.2890648263178879,Noisestorm,PL,25,m,IE,Male
765,1,1.0,John Mayer,BR,21,m,IN,Male
765,2,0.6309297535714575,Marilyn Manson,BR,21,m,US,Male
765,3,0.5,Taylor Swift,BR,21,m,US,Female
765,4,0.43067655807339306,RuPaul,BR,21,m,US,Female
765,5,0.38685280723454163,John Mayer,BR,21,m,IN,Male
765,6,0.3562071871080222,Britney Spears,BR,21,m,US,Female
765,7,0.3333333333333333,Britney Spears,BR,21,m,US,Female
765,8,0.31546487678572877,Alice Caymmi,BR,21,m,BR,Female
765,9,0.3010299956639812,Selena Gomez,BR,21,m,US,Female
765,10,0.2890648263178879,Mariah Carey,BR,21,m,US,Female
766,1,1.0,Noisestorm,DE,17,m,IE,Male
766,2,0.6309297535714575,Machine Head,DE,17,m,JP,Male
766,3,0.5,Lisa Miskovsky,DE,17,m,SE,Female
766,4,0.43067655807339306,James Blake,DE,17,m,UK,Male
766,5,0.38685280723454163,Sia,DE,17,m,AU,Female
766,6,0.3562071871080222,Sia,DE,17,m,AU,Female
766,7,0.3333333333333333,Mariah Carey,DE,17,m,US,Female
766,8,0.31546487678572877,Troye Sivan,DE,17,m,AU,Male
766,9,0.3010299956639812,Ice Cube,DE,17,m,US,Male
766,10,0.2890648263178879,Mr.Kitty,DE,17,m,US,Male
767,1,1.0,Jonathan Davis,RU,24,m,US,Male
767,2,0.6309297535714575,Moby,RU,24,m,US,Male
767,3,0.5,Michael Jackson,RU,24,m,US,Male
767,4,0.43067655807339306,Rihanna,RU,24,m,UK,Female
767,5,0.38685280723454163,Kelis,RU,24,m,US,Female
767,6,0.3562071871080222,Rod Stewart,RU,24,m,UK,Male
767,7,0.3333333333333333,Janelle Monáe,RU,24,m,US,Non-binary
767,8,0.31546487678572877,Queen,RU,24,m,JP,Female
767,9,0.3010299956639812,Britney Spears,RU,24,m,US,Female
767,10,0.2890648263178879,Ariana Grande,RU,24,m,US,Female
768,1,1.0,Ariana Grande,DE,18,m,US,Female
768,2,0.6309297535714575,Nik Kershaw,DE,18,m,UK,Male
768,3,0.5,Ariana Grande,DE,18,m,US,Female
768,4,0.43067655807339306,Norah Jones,DE,18,m,US,Female
768,5,0.38685280723454163,Paula Abdul,DE,18,m,US,Female
768,6,0.3562071871080222,Adele,DE,18,m,UK,Female
768,7,0.3333333333333333,Ariana Grande,DE,18,m,US,Female
768,8,0.31546487678572877,Adele,DE,18,m,UK,Female
768,9,0.3010299956639812,Britney Spears,DE,18,m,US,Female
768,10,0.2890648263178879,Mr.Kitty,DE,18,m,US,Male
769,1,1.0,Chaka Khan,US,22,m,US,Female
769,2,0.6309297535714575,Kanye West,US,22,m,US,Male
769,3,0.5,Kylie Minogue,US,22,m,AU,Female
769,4,0.43067655807339306,Duncan Laurence,US,22,m,NL,Male
769,5,0.38685280723454163,Cher Lloyd,US,22,m,UK,Female
769,6,0.3562071871080222,Britney Spears,US,22,m,US,Female
769,7,0.3333333333333333,Carly Rae Jepsen,US,22,m,CA,Female
769,8,0.31546487678572877,Kelly Clarkson,US,22,m,US,Female
769,9,0.3010299956639812,Beyoncé,US,22,m,US,Female
769,10,0.2890648263178879,Sabrina Carpenter,US,22,m,US,Female
770,1,1.0,Grouper,FR,19,m,US,Female
770,2,0.6309297535714575,Kanye West,FR,19,m,US,Male
770,3,0.5,Darkside,FR,19,m,UK,Male
770,4,0.43067655807339306,Leonard Cohen,FR,19,m,CA,Male
770,5,0.38685280723454163,Dean Blunt,FR,19,m,UK,Male
770,6,0.3562071871080222,Nick Drake,FR,19,m,UK,Male
770,7,0.3333333333333333,Caribou,FR,19,m,CA,Male
770,8,0.31546487678572877,Julie Byrne,FR,19,m,US,Female
770,9,0.3010299956639812,Roy Orbison,FR,19,m,US,Male
770,10,0.2890648263178879,Ariana Grande,FR,19,m,US,Female
771,1,1.0,Bob Marley & The Wailers,PL,17,m,JM,Male
771,2,0.6309297535714575,Adele,PL,17,m,UK,Female
771,3,0.5,Nik Kershaw,PL,17,m,UK,Male
771,4,0.43067655807339306,Ariana Grande,PL,17,m,US,Female
771,5,0.38685280723454163,Travis Scott,PL,17,m,US,Male
771,6,0.3562071871080222,Adele,PL,17,m,UK,Female
771,7,0.3333333333333333,Paula Abdul,PL,17,m,US,Female
771,8,0.31546487678572877,Britney Spears,PL,17,m,US,Female
771,9,0.3010299956639812,Norah Jones,PL,17,m,US,Female
771,10,0.2890648263178879,Janelle Monáe,PL,17,m,US,Non-binary
772,1,1.0,Bob Marley & The Wailers,FR,30,m,JM,Male
772,2,0.6309297535714575,Queen,FR,30,m,JP,Female
772,3,0.5,Aaron Smith,FR,30,m,US,Male
772,4,0.43067655807339306,Thom Yorke,FR,30,m,UK,Male
772,5,0.38685280723454163,Nile,FR,30,m,US,Female
772,6,0.3562071871080222,Vitalic,FR,30,m,FR,Male
772,7,0.3333333333333333,Toro y Moi,FR,30,m,US,Male
772,8,0.31546487678572877,Madeleine Peyroux,FR,30,m,US,Female
772,9,0.3010299956639812,Ariana Grande,FR,30,m,US,Female
772,10,0.2890648263178879,Queen,FR,30,m,JP,Female
773,1,1.0,Kelis,EE,19,m,US,Female
773,2,0.6309297535714575,Taylor Swift,EE,19,m,US,Female
773,3,0.5,Madonna,EE,19,m,US,Female
773,4,0.43067655807339306,Michael Jackson,EE,19,m,US,Male
773,5,0.38685280723454163,Ariana Grande,EE,19,m,US,Female
773,6,0.3562071871080222,Rod Stewart,EE,19,m,UK,Male
773,7,0.3333333333333333,Mr.Kitty,EE,19,m,US,Male
773,8,0.31546487678572877,Kelly Clarkson,EE,19,m,US,Female
773,9,0.3010299956639812,Shawn Mendes,EE,19,m,CA,Male
773,10,0.2890648263178879,Jonathan Davis,EE,19,m,US,Male
774,1,1.0,Vitalic,MX,21,f,FR,Male
774,2,0.6309297535714575,Machine Head,MX,21,f,JP,Male
774,3,0.5,Grimes,MX,21,f,CA,Female
774,4,0.43067655807339306,Perturbator,MX,21,f,FR,Male
774,5,0.38685280723454163,Noisestorm,MX,21,f,IE,Male
774,6,0.3562071871080222,Michael Jackson,MX,21,f,US,Male
774,7,0.3333333333333333,Lisa Miskovsky,MX,21,f,SE,Female
774,8,0.31546487678572877,Tycho,MX,21,f,US,Male
774,9,0.3010299956639812,Ariana Grande,MX,21,f,US,Female
774,10,0.2890648263178879,Troye Sivan,MX,21,f,AU,Male
775,1,1.0,Bob Marley & The Wailers,PL,16,f,JM,Male
775,2,0.6309297535714575,Frank Ocean,PL,16,f,US,Male
775,3,0.5,Tame Impala,PL,16,f,AU,Male
775,4,0.43067655807339306,Kanye West,PL,16,f,US,Male
775,5,0.38685280723454163,Adele,PL,16,f,UK,Female
775,6,0.3562071871080222,Queen,PL,16,f,JP,Female
775,7,0.3333333333333333,Pional,PL,16,f,ES,Male
775,8,0.31546487678572877,Grimes,PL,16,f,CA,Female
775,9,0.3010299956639812,Carpenter Brut,PL,16,f,FR,Male
775,10,0.2890648263178879,John Mayer,PL,16,f,IN,Male
776,1,1.0,Corinne Bailey Rae,RU,18,m,UK,Female
776,2,0.6309297535714575,Bob Marley & The Wailers,RU,18,m,JM,Male
776,3,0.5,Carpenter Brut,RU,18,m,FR,Male
776,4,0.43067655807339306,John Mayer,RU,18,m,IN,Male
776,5,0.38685280723454163,Queen,RU,18,m,JP,Female
776,6,0.3562071871080222,Marilyn Manson,RU,18,m,US,Male
776,7,0.3333333333333333,Adele,RU,18,m,UK,Female
776,8,0.31546487678572877,Blue Stahli,RU,18,m,US,Male
776,9,0.3010299956639812,Serj Tankian,RU,18,m,US,Male
776,10,0.2890648263178879,Rush,RU,18,m,US,Male
777,1,1.0,Ariana Grande,RU,28,m,US,Female
777,2,0.6309297535714575,Beyoncé,RU,28,m,US,Female
777,3,0.5,Bob Marley & The Wailers,RU,28,m,JM,Male
777,4,0.43067655807339306,Marilyn Manson,RU,28,m,US,Male
777,5,0.38685280723454163,Elvis Presley,RU,28,m,US,Male
777,6,0.3562071871080222,Justin Timberlake,RU,28,m,US,Male
777,7,0.3333333333333333,Queen,RU,28,m,JP,Female
777,8,0.31546487678572877,Eminem,RU,28,m,US,Male
777,9,0.3010299956639812,Corinne Bailey Rae,RU,28,m,UK,Female
777,10,0.2890648263178879,Rita Ora,RU,28,m,UK,Female
778,1,1.0,Perturbator,BG,25,m,FR,Male
778,2,0.6309297535714575,Kelis,BG,25,m,US,Female
778,3,0.5,Noisestorm,BG,25,m,IE,Male
778,4,0.43067655807339306,Madonna,BG,25,m,US,Female
778,5,0.38685280723454163,Lisa Miskovsky,BG,25,m,SE,Female
778,6,0.3562071871080222,Michael Jackson,BG,25,m,US,Male
778,7,0.3333333333333333,Grimes,BG,25,m,CA,Female
778,8,0.31546487678572877,Rod Stewart,BG,25,m,UK,Male
778,9,0.3010299956639812,DJ Shadow,BG,25,m,US,Male
778,10,0.2890648263178879,Kacey Musgraves,BG,25,m,US,Female
780,1,1.0,David Bowie,RU,19,m,UK,Male
780,2,0.6309297535714575,Emperor,RU,19,m,UK,Male
780,3,0.5,The Kinks,RU,19,m,US,Male
780,4,0.43067655807339306,Marilyn Manson,RU,19,m,US,Male
780,5,0.38685280723454163,Rush,RU,19,m,US,Male
780,6,0.3562071871080222,Bob Marley & The Wailers,RU,19,m,JM,Male
780,7,0.3333333333333333,Michael Sembello,RU,19,m,US,Male
780,8,0.31546487678572877,Blue Stahli,RU,19,m,US,Male
780,9,0.3010299956639812,Marilyn Manson,RU,19,m,US,Male
780,10,0.2890648263178879,Carpenter Brut,RU,19,m,FR,Male
781,1,1.0,Rihanna,RU,22,f,UK,Female
781,2,0.6309297535714575,Britney Spears,RU,22,f,US,Female
781,3,0.5,Ariana Grande,RU,22,f,US,Female
781,4,0.43067655807339306,James Blake,RU,22,f,UK,Male
781,5,0.38685280723454163,Ice Cube,RU,22,f,US,Male
781,6,0.3562071871080222,Beyoncé,RU,22,f,US,Female
781,7,0.3333333333333333,Michael Jackson,RU,22,f,US,Male
781,8,0.31546487678572877,Kelis,RU,22,f,US,Female
781,9,0.3010299956639812,Gwen Stefani,RU,22,f,US,Female
781,10,0.2890648263178879,Taylor Swift,RU,22,f,US,Female
782,1,1.0,Travis Scott,US,24,m,US,Male
782,2,0.6309297535714575,Chuck Berry,US,24,m,US,Male
782,3,0.5,Mac DeMarco,US,24,m,CA,Male
782,4,0.43067655807339306,Grouper,US,24,m,US,Female
782,5,0.38685280723454163,Haddaway,US,24,m,DE,Male
782,6,0.3562071871080222,Tame Impala,US,24,m,AU,Male
782,7,0.3333333333333333,Ariana Grande,US,24,m,US,Female
782,8,0.31546487678572877,Avril Lavigne,US,24,m,CA,Female
782,9,0.3010299956639812,Big L,US,24,m,US,Male
782,10,0.2890648263178879,Bonobo,US,24,m,UK,Male
783,1,1.0,Pedro Sampaio,BR,15,f,BR,Male
783,2,0.6309297535714575,Seal,BR,15,f,UK,Male
783,3,0.5,Björk,BR,15,f,IS,Female
783,4,0.43067655807339306,Kelly Clarkson,BR,15,f,US,Female
783,5,0.38685280723454163,Usher,BR,15,f,US,Male
783,6,0.3562071871080222,Lily Allen,BR,15,f,UK,Female
783,7,0.3333333333333333,John Mayer,BR,15,f,IN,Male
783,8,0.31546487678572877,Adele,BR,15,f,UK,Female
783,9,0.3010299956639812,Eagle-Eye Cherry,BR,15,f,SE,Male
783,10,0.2890648263178879,Britney Spears,BR,15,f,US,Female
784,1,1.0,Gil Scott-Heron,BR,18,f,US,Male
784,2,0.6309297535714575,Tame Impala,BR,18,f,AU,Male
784,3,0.5,Ry x,BR,18,f,AU,Male
784,4,0.43067655807339306,Anna Calvi,BR,18,f,UK,Female
784,5,0.38685280723454163,Kanye West,BR,18,f,US,Male
784,6,0.3562071871080222,Lil Nas X,BR,18,f,US,Male
784,7,0.3333333333333333,Damien Jurado,BR,18,f,US,Male
784,8,0.31546487678572877,Perfume Genius,BR,18,f,US,Male
784,9,0.3010299956639812,Sharon Van Etten,BR,18,f,US,Female
784,10,0.2890648263178879,Céu,BR,18,f,BR,Female
785,1,1.0,Noisestorm,AR,22,m,IE,Male
785,2,0.6309297535714575,Grimes,AR,22,m,CA,Female
785,3,0.5,Rod Stewart,AR,22,m,UK,Male
785,4,0.43067655807339306,Father John Misty,AR,22,m,US,Male
785,5,0.38685280723454163,Mr.Kitty,AR,22,m,US,Male
785,6,0.3562071871080222,Tycho,AR,22,m,US,Male
785,7,0.3333333333333333,Jonathan Davis,AR,22,m,US,Male
785,8,0.31546487678572877,Armin van Buuren,AR,22,m,NL,Male
785,9,0.3010299956639812,Rihanna,AR,22,m,UK,Female
785,10,0.2890648263178879,Ariana Grande,AR,22,m,US,Female
787,1,1.0,Madonna,BR,18,m,US,Female
787,2,0.6309297535714575,Taylor Swift,BR,18,m,US,Female
787,3,0.5,Shawn Mendes,BR,18,m,CA,Male
787,4,0.43067655807339306,Armin van Buuren,BR,18,m,NL,Male
787,5,0.38685280723454163,Jonathan Davis,BR,18,m,US,Male
787,6,0.3562071871080222,DJ Shadow,BR,18,m,US,Male
787,7,0.3333333333333333,Kelly Clarkson,BR,18,m,US,Female
787,8,0.31546487678572877,Grimes,BR,18,m,CA,Female
787,9,0.3010299956639812,Mr.Kitty,BR,18,m,US,Male
787,10,0.2890648263178879,Kacey Musgraves,BR,18,m,US,Female
788,1,1.0,Sia,US,18,m,AU,Female
788,2,0.6309297535714575,Miley Cyrus,US,18,m,US,Non-binary
788,3,0.5,Toro y Moi,US,18,m,US,Male
788,4,0.43067655807339306,Janelle Monáe,US,18,m,US,Non-binary
788,5,0.38685280723454163,Miley Cyrus,US,18,m,US,Non-binary
788,6,0.3562071871080222,Machine Head,US,18,m,JP,Male
788,7,0.3333333333333333,Ariana Grande,US,18,m,US,Female
788,8,0.31546487678572877,Adele,US,18,m,UK,Female
788,9,0.3010299956639812,Adele,US,18,m,UK,Female
788,10,0.2890648263178879,Norah Jones,US,18,m,US,Female
789,1,1.0,Dean Blunt,UK,17,m,UK,Male
789,2,0.6309297535714575,Leonard Cohen,UK,17,m,CA,Male
789,3,0.5,Sharon Van Etten,UK,17,m,US,Female
789,4,0.43067655807339306,Ariana Grande,UK,17,m,US,Female
789,5,0.38685280723454163,Julie Byrne,UK,17,m,US,Female
789,6,0.3562071871080222,Mac DeMarco,UK,17,m,CA,Male
789,7,0.3333333333333333,M. Ward,UK,17,m,US,Male
789,8,0.31546487678572877,Grouper,UK,17,m,US,Female
789,9,0.3010299956639812,Beyoncé,UK,17,m,US,Female
789,10,0.2890648263178879,Sufjan Stevens,UK,17,m,US,Male
790,1,1.0,Rihanna,UK,30,f,UK,Female
790,2,0.6309297535714575,Ariana Grande,UK,30,f,US,Female
790,3,0.5,Britney Spears,UK,30,f,US,Female
790,4,0.43067655807339306,Lisa Miskovsky,UK,30,f,SE,Female
790,5,0.38685280723454163,Kelis,UK,30,f,US,Female
790,6,0.3562071871080222,Gwen Stefani,UK,30,f,US,Female
790,7,0.3333333333333333,Beyoncé,UK,30,f,US,Female
790,8,0.31546487678572877,Taylor Swift,UK,30,f,US,Female
790,9,0.3010299956639812,Mr.Kitty,UK,30,f,US,Male
790,10,0.2890648263178879,Jonathan Davis,UK,30,f,US,Male
792,1,1.0,Aaron Smith,US,36,m,US,Male
792,2,0.6309297535714575,Rush,US,36,m,US,Male
792,3,0.5,Carpenter Brut,US,36,m,FR,Male
792,4,0.43067655807339306,Vitalic,US,36,m,FR,Male
792,5,0.38685280723454163,Sia,US,36,m,AU,Female
792,6,0.3562071871080222,Nik Kershaw,US,36,m,UK,Male
792,7,0.3333333333333333,Grimes,US,36,m,CA,Female
792,8,0.31546487678572877,Sia,US,36,m,AU,Female
792,9,0.3010299956639812,Justin Timberlake,US,36,m,US,Male
792,10,0.2890648263178879,Michael Jackson,US,36,m,US,Male
793,1,1.0,Bob Marley & The Wailers,PL,16,m,JM,Male
793,2,0.6309297535714575,Moby,PL,16,m,US,Male
793,3,0.5,Eric Clapton,PL,16,m,UK,Male
793,4,0.43067655807339306,Devin Townsend,PL,16,m,CA,Male
793,5,0.38685280723454163,Queen,PL,16,m,JP,Female
793,6,0.3562071871080222,Perfume Genius,PL,16,m,US,Male
793,7,0.3333333333333333,Adele,PL,16,m,UK,Female
793,8,0.31546487678572877,Justin Timberlake,PL,16,m,US,Male
793,9,0.3010299956639812,Chelsea Wolfe,PL,16,m,US,Female
793,10,0.2890648263178879,John Mayer,PL,16,m,IN,Male
794,1,1.0,Troye Sivan,PL,18,f,AU,Male
794,2,0.6309297535714575,Lorde,PL,18,f,NZ,Female
794,3,0.5,DJ Shadow,PL,18,f,US,Male
794,4,0.43067655807339306,Sia,PL,18,f,AU,Female
794,5,0.38685280723454163,Sia,PL,18,f,AU,Female
794,6,0.3562071871080222,Machine Head,PL,18,f,JP,Male
794,7,0.3333333333333333,Perturbator,PL,18,f,FR,Male
794,8,0.31546487678572877,Shawn Mendes,PL,18,f,CA,Male
794,9,0.3010299956639812,J Balvin,PL,18,f,CO,Male
794,10,0.2890648263178879,Father John Misty,PL,18,f,US,Male
795,1,1.0,Ariana Grande,US,19,m,US,Female
795,2,0.6309297535714575,Kacey Musgraves,US,19,m,US,Female
795,3,0.5,DJ Shadow,US,19,m,US,Male
795,4,0.43067655807339306,Grimes,US,19,m,CA,Female
795,5,0.38685280723454163,Noisestorm,US,19,m,IE,Male
795,6,0.3562071871080222,Father John Misty,US,19,m,US,Male
795,7,0.3333333333333333,Lisa Miskovsky,US,19,m,SE,Female
795,8,0.31546487678572877,Rihanna,US,19,m,UK,Female
795,9,0.3010299956639812,Ariana Grande,US,19,m,US,Female
795,10,0.2890648263178879,Rod Stewart,US,19,m,UK,Male
796,1,1.0,Nik Kershaw,RU,18,m,UK,Male
796,2,0.6309297535714575,Paula Abdul,RU,18,m,US,Female
796,3,0.5,Adele,RU,18,m,UK,Female
796,4,0.43067655807339306,Norah Jones,RU,18,m,US,Female
796,5,0.38685280723454163,Ariana Grande,RU,18,m,US,Female
796,6,0.3562071871080222,Rihanna,RU,18,m,UK,Female
796,7,0.3333333333333333,Ice Cube,RU,18,m,US,Male
796,8,0.31546487678572877,Britney Spears,RU,18,m,US,Female
796,9,0.3010299956639812,James Blake,RU,18,m,UK,Male
796,10,0.2890648263178879,Michael Jackson,RU,18,m,US,Male
797,1,1.0,Beyoncé,BR,22,m,US,Female
797,2,0.6309297535714575,Ariana Grande,BR,22,m,US,Female
797,3,0.5,Kelis,BR,22,m,US,Female
797,4,0.43067655807339306,Gwen Stefani,BR,22,m,US,Female
797,5,0.38685280723454163,Madonna,BR,22,m,US,Female
797,6,0.3562071871080222,Taylor Swift,BR,22,m,US,Female
797,7,0.3333333333333333,Michael Jackson,BR,22,m,US,Male
797,8,0.31546487678572877,DJ Shadow,BR,22,m,US,Male
797,9,0.3010299956639812,Grimes,BR,22,m,CA,Female
797,10,0.2890648263178879,Ariana Grande,BR,22,m,US,Female
798,1,1.0,Grimes,SE,25,m,CA,Female
798,2,0.6309297535714575,Beyoncé,SE,25,m,US,Female
798,3,0.5,DJ Shadow,SE,25,m,US,Male
798,4,0.43067655807339306,Kacey Musgraves,SE,25,m,US,Female
798,5,0.38685280723454163,Britney Spears,SE,25,m,US,Female
798,6,0.3562071871080222,Father John Misty,SE,25,m,US,Male
798,7,0.3333333333333333,Tycho,SE,25,m,US,Male
798,8,0.31546487678572877,Ariana Grande,SE,25,m,US,Female
798,9,0.3010299956639812,Perturbator,SE,25,m,FR,Male
798,10,0.2890648263178879,Four Tet,SE,25,m,UK,Male
799,1,1.0,Taylor Swift,PL,17,m,US,Female
799,2,0.6309297535714575,Shawn Mendes,PL,17,m,CA,Male
799,3,0.5,James Blake,PL,17,m,UK,Male
799,4,0.43067655807339306,Beyoncé,PL,17,m,US,Female
799,5,0.38685280723454163,Madonna,PL,17,m,US,Female
799,6,0.3562071871080222,James Arthur,PL,17,m,UK,Male
799,7,0.3333333333333333,Armin van Buuren,PL,17,m,NL,Male
799,8,0.31546487678572877,Ice Cube,PL,17,m,US,Male
799,9,0.3010299956639812,Moby,PL,17,m,US,Male
799,10,0.2890648263178879,Kelly Clarkson,PL,17,m,US,Female
800,1,1.0,Leonard Cohen,US,21,f,CA,Male
800,2,0.6309297535714575,Dean Blunt,US,21,f,UK,Male
800,3,0.5,Sharon Van Etten,US,21,f,US,Female
800,4,0.43067655807339306,Grouper,US,21,f,US,Female
800,5,0.38685280723454163,Julie Byrne,US,21,f,US,Female
800,6,0.3562071871080222,Sufjan Stevens,US,21,f,US,Male
800,7,0.3333333333333333,M. Ward,US,21,f,US,Male
800,8,0.31546487678572877,Ry x,US,21,f,AU,Male
800,9,0.3010299956639812,Panda Bear,US,21,f,US,Male
800,10,0.2890648263178879,Nick Drake,US,21,f,UK,Male
801,1,1.0,Britney Spears,PL,21,m,US,Female
801,2,0.6309297535714575,Ariana Grande,PL,21,m,US,Female
801,3,0.5,James Blake,PL,21,m,UK,Male
801,4,0.43067655807339306,Gwen Stefani,PL,21,m,US,Female
801,5,0.38685280723454163,Mr.Kitty,PL,21,m,US,Male
801,6,0.3562071871080222,Kelis,PL,21,m,US,Female
801,7,0.3333333333333333,Ice Cube,PL,21,m,US,Male
801,8,0.31546487678572877,Michael Jackson,PL,21,m,US,Male
801,9,0.3010299956639812,Taylor Swift,PL,21,m,US,Female
801,10,0.2890648263178879,Beyoncé,PL,21,m,US,Female
802,1,1.0,Chaka Khan,BR,20,m,US,Female
802,2,0.6309297535714575,Duncan Laurence,BR,20,m,NL,Male
802,3,0.5,Kelly Clarkson,BR,20,m,US,Female
802,4,0.43067655807339306,Faith Evans,BR,20,m,US,Female
802,5,0.38685280723454163,Sean Paul,BR,20,m,JM,Male
802,6,0.3562071871080222,Kanye West,BR,20,m,US,Male
802,7,0.3333333333333333,Jennifer Lopez,BR,20,m,US,Female
802,8,0.31546487678572877,Selena,BR,20,m,NL,Female
802,9,0.3010299956639812,Taylor Swift,BR,20,m,US,Female
802,10,0.2890648263178879,Madonna,BR,20,m,US,Female
803,1,1.0,Michael Jackson,US,18,f,US,Male
803,2,0.6309297535714575,Bob Marley & The Wailers,US,18,f,JM,Male
803,3,0.5,James Blake,US,18,f,UK,Male
803,4,0.43067655807339306,Rush,US,18,f,US,Male
803,5,0.38685280723454163,Rush,US,18,f,US,Male
803,6,0.3562071871080222,Carpenter Brut,US,18,f,FR,Male
803,7,0.3333333333333333,Aaron Smith,US,18,f,US,Male
803,8,0.31546487678572877,James Blake,US,18,f,UK,Male
803,9,0.3010299956639812,Nik Kershaw,US,18,f,UK,Male
803,10,0.2890648263178879,Vitalic,US,18,f,FR,Male
804,1,1.0,Phill Veras,NL,20,m,BR,Male
804,2,0.6309297535714575,Phill Veras,NL,20,m,BR,Male
804,3,0.5,Caetano Veloso,NL,20,m,BR,Male
804,4,0.43067655807339306,Mariana Aydar,NL,20,m,BR,Female
804,5,0.38685280723454163,Cartola,NL,20,m,BR,Male
804,6,0.3562071871080222,Maria Gadú,NL,20,m,BR,Female
804,7,0.3333333333333333,Elis Regina,NL,20,m,BR,Female
804,8,0.31546487678572877,Caetano Veloso,NL,20,m,BR,Male
804,9,0.3010299956639812,Alice Caymmi,NL,20,m,BR,Female
804,10,0.2890648263178879,Johnny Hooker,NL,20,m,BR,Male
805,1,1.0,Mayhem,DE,26,m,CA,Female
805,2,0.6309297535714575,Queen,DE,26,m,JP,Female
805,3,0.5,Queen,DE,26,m,JP,Female
805,4,0.43067655807339306,Howard Shore,DE,26,m,CA,Male
805,5,0.38685280723454163,Marilyn Manson,DE,26,m,US,Male
805,6,0.3562071871080222,Frank Zappa,DE,26,m,US,Male
805,7,0.3333333333333333,Queen,DE,26,m,JP,Female
805,8,0.31546487678572877,Venom,DE,26,m,UK,Male
805,9,0.3010299956639812,Leonard Cohen,DE,26,m,CA,Male
805,10,0.2890648263178879,Ozzy Osbourne,DE,26,m,UK,Male
806,1,1.0,Michael Sembello,BR,17,f,US,Male
806,2,0.6309297535714575,Chuck Berry,BR,17,f,US,Male
806,3,0.5,Queen,BR,17,f,JP,Female
806,4,0.43067655807339306,Ariana Grande,BR,17,f,US,Female
806,5,0.38685280723454163,Bob Marley & The Wailers,BR,17,f,JM,Male
806,6,0.3562071871080222,RuPaul,BR,17,f,US,Female
806,7,0.3333333333333333,Eminem,BR,17,f,US,Male
806,8,0.31546487678572877,Queen,BR,17,f,JP,Female
806,9,0.3010299956639812,Billy Joel,BR,17,f,US,Male
806,10,0.2890648263178879,Queen,BR,17,f,JP,Female
807,1,1.0,Haddaway,SK,21,m,DE,Male
807,2,0.6309297535714575,Tame Impala,SK,21,m,AU,Male
807,3,0.5,Queen,SK,21,m,JP,Female
807,4,0.43067655807339306,Gil Scott-Heron,SK,21,m,US,Male
807,5,0.38685280723454163,Bonobo,SK,21,m,UK,Male
807,6,0.3562071871080222,Britney Spears,SK,21,m,US,Female
807,7,0.3333333333333333,Avril Lavigne,SK,21,m,CA,Female
807,8,0.31546487678572877,Angel Olsen,SK,21,m,US,Female
807,9,0.3010299956639812,Pusha T,SK,21,m,US,Male
807,10,0.2890648263178879,John Mayer,SK,21,m,IN,Male
808,1,1.0,Queen,BR,20,m,JP,Female
808,2,0.6309297535714575,John Mayer,BR,20,m,IN,Male
808,3,0.5,Kevin Morby,BR,20,m,US,Male
808,4,0.43067655807339306,Bob Marley & The Wailers,BR,20,m,JM,Male
808,5,0.38685280723454163,Dean Blunt,BR,20,m,UK,Male
808,6,0.3562071871080222,Devin Townsend,BR,20,m,CA,Male
808,7,0.3333333333333333,Edwyn Collins,BR,20,m,UK,Male
808,8,0.31546487678572877,Bryan Adams,BR,20,m,CA,Male
808,9,0.3010299956639812,Seal,BR,20,m,UK,Male
808,10,0.2890648263178879,Eagle-Eye Cherry,BR,20,m,SE,Male
809,1,1.0,Adele,US,15,f,UK,Female
809,2,0.6309297535714575,Rihanna,US,15,f,UK,Female
809,3,0.5,Serj Tankian,US,15,f,US,Male
809,4,0.43067655807339306,Aaron Smith,US,15,f,US,Male
809,5,0.38685280723454163,Rush,US,15,f,US,Male
809,6,0.3562071871080222,Carpenter Brut,US,15,f,FR,Male
809,7,0.3333333333333333,Madonna,US,15,f,US,Female
809,8,0.31546487678572877,Nik Kershaw,US,15,f,UK,Male
809,9,0.3010299956639812,Ariana Grande,US,15,f,US,Female
809,10,0.2890648263178879,Kelis,US,15,f,US,Female
810,1,1.0,Dean Blunt,NL,17,m,UK,Male
810,2,0.6309297535714575,Grouper,NL,17,m,US,Female
810,3,0.5,Mac DeMarco,NL,17,m,CA,Male
810,4,0.43067655807339306,Sufjan Stevens,NL,17,m,US,Male
810,5,0.38685280723454163,Panda Bear,NL,17,m,US,Male
810,6,0.3562071871080222,M. Ward,NL,17,m,US,Male
810,7,0.3333333333333333,Kanye West,NL,17,m,US,Male
810,8,0.31546487678572877,Perfume Genius,NL,17,m,US,Male
810,9,0.3010299956639812,Devin Townsend,NL,17,m,CA,Male
810,10,0.2890648263178879,Gil Scott-Heron,NL,17,m,US,Male
811,1,1.0,Bob Marley & The Wailers,RU,24,m,JM,Male
811,2,0.6309297535714575,Michael Jackson,RU,24,m,US,Male
811,3,0.5,Rush,RU,24,m,US,Male
811,4,0.43067655807339306,Aaron Smith,RU,24,m,US,Male
811,5,0.38685280723454163,Miley Cyrus,RU,24,m,US,Non-binary
811,6,0.3562071871080222,Machine Head,RU,24,m,JP,Male
811,7,0.3333333333333333,Miley Cyrus,RU,24,m,US,Non-binary
811,8,0.31546487678572877,Rita Ora,RU,24,m,UK,Female
811,9,0.3010299956639812,Ariana Grande,RU,24,m,US,Female
811,10,0.2890648263178879,Vitalic,RU,24,m,FR,Male
812,1,1.0,James Blake,US,42,m,UK,Male
812,2,0.6309297535714575,Toro y Moi,US,42,m,US,Male
812,3,0.5,Ariana Grande,US,42,m,US,Female
812,4,0.43067655807339306,Michael Jackson,US,42,m,US,Male
812,5,0.38685280723454163,Noisestorm,US,42,m,IE,Male
812,6,0.3562071871080222,Ice Cube,US,42,m,US,Male
812,7,0.3333333333333333,James Blake,US,42,m,UK,Male
812,8,0.31546487678572877,Shawn Mendes,US,42,m,CA,Male
812,9,0.3010299956639812,Lisa Miskovsky,US,42,m,SE,Female
812,10,0.2890648263178879,Rihanna,US,42,m,UK,Female
813,1,1.0,Rita Ora,PH,17,m,UK,Female
813,2,0.6309297535714575,Adele,PH,17,m,UK,Female
813,3,0.5,Taylor Swift,PH,17,m,US,Female
813,4,0.43067655807339306,Britney Spears,PH,17,m,US,Female
813,5,0.38685280723454163,Taylor Swift,PH,17,m,US,Female
813,6,0.3562071871080222,Miley Cyrus,PH,17,m,US,Non-binary
813,7,0.3333333333333333,RuPaul,PH,17,m,US,Female
813,8,0.31546487678572877,Troye Sivan,PH,17,m,AU,Male
813,9,0.3010299956639812,Jessie J,PH,17,m,UK,Female
813,10,0.2890648263178879,Taylor Swift,PH,17,m,US,Female
814,1,1.0,DJ Shadow,BR,19,f,US,Male
814,2,0.6309297535714575,Grimes,BR,19,f,CA,Female
814,3,0.5,Father John Misty,BR,19,f,US,Male
814,4,0.43067655807339306,Taylor Swift,BR,19,f,US,Female
814,5,0.38685280723454163,Rush,BR,19,f,US,Male
814,6,0.3562071871080222,Aaron Smith,BR,19,f,US,Male
814,7,0.3333333333333333,Tycho,BR,19,f,US,Male
814,8,0.31546487678572877,Gwen Stefani,BR,19,f,US,Female
814,9,0.3010299956639812,Aldous Harding,BR,19,f,NZ,Female
814,10,0.2890648263178879,Ariana Grande,BR,19,f,US,Female
815,1,1.0,Bob Marley & The Wailers,FI,17,m,JM,Male
815,2,0.6309297535714575,Aaron Smith,FI,17,m,US,Male
815,3,0.5,J Balvin,FI,17,m,CO,Male
815,4,0.43067655807339306,Britney Spears,FI,17,m,US,Female
815,5,0.38685280723454163,Lorde,FI,17,m,NZ,Female
815,6,0.3562071871080222,Rush,FI,17,m,US,Male
815,7,0.3333333333333333,Vitalic,FI,17,m,FR,Male
815,8,0.31546487678572877,Janelle Monáe,FI,17,m,US,Non-binary
815,9,0.3010299956639812,Ariana Grande,FI,17,m,US,Female
815,10,0.2890648263178879,Madonna,FI,17,m,US,Female
816,1,1.0,Aaron Smith,CL,18,m,US,Male
816,2,0.6309297535714575,Vitalic,CL,18,m,FR,Male
816,3,0.5,Ariana Grande,CL,18,m,US,Female
816,4,0.43067655807339306,Britney Spears,CL,18,m,US,Female
816,5,0.38685280723454163,Beyoncé,CL,18,m,US,Female
816,6,0.3562071871080222,Kelis,CL,18,m,US,Female
816,7,0.3333333333333333,Taylor Swift,CL,18,m,US,Female
816,8,0.31546487678572877,Grimes,CL,18,m,CA,Female
816,9,0.3010299956639812,Gwen Stefani,CL,18,m,US,Female
816,10,0.2890648263178879,Noisestorm,CL,18,m,IE,Male
817,1,1.0,Gwen Stefani,FI,20,m,US,Female
817,2,0.6309297535714575,Vitalic,FI,20,m,FR,Male
817,3,0.5,Kelis,FI,20,m,US,Female
817,4,0.43067655807339306,Nik Kershaw,FI,20,m,UK,Male
817,5,0.38685280723454163,Machine Head,FI,20,m,JP,Male
817,6,0.3562071871080222,Grimes,FI,20,m,CA,Female
817,7,0.3333333333333333,Perturbator,FI,20,m,FR,Male
817,8,0.31546487678572877,Kelly Clarkson,FI,20,m,US,Female
817,9,0.3010299956639812,Ariana Grande,FI,20,m,US,Female
817,10,0.2890648263178879,Noisestorm,FI,20,m,IE,Male
818,1,1.0,Aaron Smith,US,21,f,US,Male
818,2,0.6309297535714575,Rihanna,US,21,f,UK,Female
818,3,0.5,Vitalic,US,21,f,FR,Male
818,4,0.43067655807339306,Ariana Grande,US,21,f,US,Female
818,5,0.38685280723454163,Nik Kershaw,US,21,f,UK,Male
818,6,0.3562071871080222,Taylor Swift,US,21,f,US,Female
818,7,0.3333333333333333,Kelis,US,21,f,US,Female
818,8,0.31546487678572877,Madonna,US,21,f,US,Female
818,9,0.3010299956639812,Ariana Grande,US,21,f,US,Female
818,10,0.2890648263178879,Gwen Stefani,US,21,f,US,Female
819,1,1.0,Eminem,FR,27,m,US,Male
819,2,0.6309297535714575,Marilyn Manson,FR,27,m,US,Male
819,3,0.5,Queen,FR,27,m,JP,Female
819,4,0.43067655807339306,Corinne Bailey Rae,FR,27,m,UK,Female
819,5,0.38685280723454163,Michael Jackson,FR,27,m,US,Male
819,6,0.3562071871080222,Blue Stahli,FR,27,m,US,Male
819,7,0.3333333333333333,Serj Tankian,FR,27,m,US,Male
819,8,0.31546487678572877,Miley Cyrus,FR,27,m,US,Non-binary
819,9,0.3010299956639812,Carpenter Brut,FR,27,m,FR,Male
819,10,0.2890648263178879,Paula Abdul,FR,27,m,US,Female
820,1,1.0,Ariana Grande,PL,15,f,US,Female
820,2,0.6309297535714575,Paula Abdul,PL,15,f,US,Female
820,3,0.5,Adele,PL,15,f,UK,Female
820,4,0.43067655807339306,Vanessa Carlton,PL,15,f,US,Female
820,5,0.38685280723454163,Beyoncé,PL,15,f,US,Female
820,6,0.3562071871080222,Lisa Miskovsky,PL,15,f,SE,Female
820,7,0.3333333333333333,Adele,PL,15,f,UK,Female
820,8,0.31546487678572877,Rihanna,PL,15,f,UK,Female
820,9,0.3010299956639812,Sufjan Stevens,PL,15,f,US,Male
820,10,0.2890648263178879,Norah Jones,PL,15,f,US,Female
821,1,1.0,Madonna,UK,18,m,US,Female
821,2,0.6309297535714575,Janet Jackson,UK,18,m,US,Female
821,3,0.5,Seal,UK,18,m,UK,Male
821,4,0.43067655807339306,Britney Spears,UK,18,m,US,Female
821,5,0.38685280723454163,Lana Del Rey,UK,18,m,US,Female
821,6,0.3562071871080222,Eagle-Eye Cherry,UK,18,m,SE,Male
821,7,0.3333333333333333,Lana Del Rey,UK,18,m,US,Female
821,8,0.31546487678572877,Toro y Moi,UK,18,m,US,Male
821,9,0.3010299956639812,Sara Bareilles,UK,18,m,US,Female
821,10,0.2890648263178879,Dolly Parton,UK,18,m,US,Female
822,1,1.0,Björk,AT,19,m,IS,Female
822,2,0.6309297535714575,Daniel Avery,AT,19,m,UK,Male
822,3,0.5,Ry x,AT,19,m,AU,Male
822,4,0.43067655807339306,Grouper,AT,19,m,US,Female
822,5,0.38685280723454163,Cass McCombs,AT,19,m,US,Male
822,6,0.3562071871080222,Earl Sweatshirt,AT,19,m,US,Male
822,7,0.3333333333333333,Queen,AT,19,m,JP,Female
822,8,0.31546487678572877,Earl Sweatshirt,AT,19,m,US,Male
822,9,0.3010299956639812,Kevin Morby,AT,19,m,US,Male
822,10,0.2890648263178879,Roy Orbison,AT,19,m,US,Male
823,1,1.0,Bob Marley & The Wailers,CZ,17,m,JM,Male
823,2,0.6309297535714575,Ed Sheeran,CZ,17,m,UK,Male
823,3,0.5,Corinne Bailey Rae,CZ,17,m,UK,Female
823,4,0.43067655807339306,Madonna,CZ,17,m,US,Female
823,5,0.38685280723454163,Moby,CZ,17,m,US,Male
823,6,0.3562071871080222,Eminem,CZ,17,m,US,Male
823,7,0.3333333333333333,Elvis Presley,CZ,17,m,US,Male
823,8,0.31546487678572877,Queen,CZ,17,m,JP,Female
823,9,0.3010299956639812,John Mayer,CZ,17,m,IN,Male
823,10,0.2890648263178879,Norah Jones,CZ,17,m,US,Female
824,1,1.0,Mariah Carey,PL,19,m,US,Female
824,2,0.6309297535714575,Eagle-Eye Cherry,PL,19,m,SE,Male
824,3,0.5,Seal,PL,19,m,UK,Male
824,4,0.43067655807339306,Sophie Ellis-Bextor,PL,19,m,UK,Female
824,5,0.38685280723454163,Nicki Minaj,PL,19,m,US,Female
824,6,0.3562071871080222,Jennifer Lopez,PL,19,m,US,Female
824,7,0.3333333333333333,Nicki Minaj,PL,19,m,US,Female
824,8,0.31546487678572877,Billy Joel,PL,19,m,US,Male
824,9,0.3010299956639812,Fergie,PL,19,m,UK,Male
824,10,0.2890648263178879,Adele,PL,19,m,UK,Female
826,1,1.0,Bob Marley & The Wailers,HR,20,f,JM,Male
826,2,0.6309297535714575,Michael Jackson,HR,20,f,US,Male
826,3,0.5,Queen,HR,20,f,JP,Female
826,4,0.43067655807339306,Machine Head,HR,20,f,JP,Male
826,5,0.38685280723454163,Rush,HR,20,f,US,Male
826,6,0.3562071871080222,Aaron Smith,HR,20,f,US,Male
826,7,0.3333333333333333,Miley Cyrus,HR,20,f,US,Non-binary
826,8,0.31546487678572877,Ariana Grande,HR,20,f,US,Female
826,9,0.3010299956639812,Janelle Monáe,HR,20,f,US,Non-binary
826,10,0.2890648263178879,Miley Cyrus,HR,20,f,US,Non-binary
827,1,1.0,Ry x,UK,20,m,AU,Male
827,2,0.6309297535714575,Queen,UK,20,m,JP,Female
827,3,0.5,Earl Sweatshirt,UK,20,m,US,Male
827,4,0.43067655807339306,Grouper,UK,20,m,US,Female
827,5,0.38685280723454163,Bob Marley & The Wailers,UK,20,m,JM,Male
827,6,0.3562071871080222,Marilyn Manson,UK,20,m,US,Male
827,7,0.3333333333333333,George Ezra,UK,20,m,UK,Male
827,8,0.31546487678572877,Ariana Grande,UK,20,m,US,Female
827,9,0.3010299956639812,Kevin Morby,UK,20,m,US,Male
827,10,0.2890648263178879,Seal,UK,20,m,UK,Male
828,1,1.0,Aaron Smith,BR,22,m,US,Male
828,2,0.6309297535714575,Troye Sivan,BR,22,m,AU,Male
828,3,0.5,Shawn Mendes,BR,22,m,CA,Male
828,4,0.43067655807339306,Jennifer Lopez,BR,22,m,US,Female
828,5,0.38685280723454163,Sia,BR,22,m,AU,Female
828,6,0.3562071871080222,Lorde,BR,22,m,NZ,Female
828,7,0.3333333333333333,Nik Kershaw,BR,22,m,UK,Male
828,8,0.31546487678572877,James Blake,BR,22,m,UK,Male
828,9,0.3010299956639812,Vitalic,BR,22,m,FR,Male
828,10,0.2890648263178879,J Balvin,BR,22,m,CO,Male
829,1,1.0,Grimes,PL,18,f,CA,Female
829,2,0.6309297535714575,Ariana Grande,PL,18,f,US,Female
829,3,0.5,Frank Ocean,PL,18,f,US,Male
829,4,0.43067655807339306,Kanye West,PL,18,f,US,Male
829,5,0.38685280723454163,Björk,PL,18,f,IS,Female
829,6,0.3562071871080222,Beyoncé,PL,18,f,US,Female
829,7,0.3333333333333333,Cass McCombs,PL,18,f,US,Male
829,8,0.31546487678572877,Grouper,PL,18,f,US,Female
829,9,0.3010299956639812,Oneohtrix Point Never,PL,18,f,US,Male
829,10,0.2890648263178879,Queen,PL,18,f,JP,Female
830,1,1.0,Marilyn Manson,UK,28,m,US,Male
830,2,0.6309297535714575,Queen,UK,28,m,JP,Female
830,3,0.5,Miley Cyrus,UK,28,m,US,Non-binary
830,4,0.43067655807339306,Paula Abdul,UK,28,m,US,Female
830,5,0.38685280723454163,Bob Marley & The Wailers,UK,28,m,JM,Male
830,6,0.3562071871080222,Billy Joel,UK,28,m,US,Male
830,7,0.3333333333333333,Eric Clapton,UK,28,m,UK,Male
830,8,0.31546487678572877,Devin Townsend,UK,28,m,CA,Male
830,9,0.3010299956639812,Adele,UK,28,m,UK,Female
830,10,0.2890648263178879,Miley Cyrus,UK,28,m,US,Non-binary
831,1,1.0,Machine Head,AT,21,m,JP,Male
831,2,0.6309297535714575,Kelis,AT,21,m,US,Female
831,3,0.5,Perturbator,AT,21,m,FR,Male
831,4,0.43067655807339306,Gwen Stefani,AT,21,m,US,Female
831,5,0.38685280723454163,Taylor Swift,AT,21,m,US,Female
831,6,0.3562071871080222,Madonna,AT,21,m,US,Female
831,7,0.3333333333333333,Kacey Musgraves,AT,21,m,US,Female
831,8,0.31546487678572877,Michael Jackson,AT,21,m,US,Male
831,9,0.3010299956639812,Ariana Grande,AT,21,m,US,Female
831,10,0.2890648263178879,Father John Misty,AT,21,m,US,Male
832,1,1.0,Caribou,US,20,f,CA,Male
832,2,0.6309297535714575,Dean Blunt,US,20,f,UK,Male
832,3,0.5,Mac DeMarco,US,20,f,CA,Male
832,4,0.43067655807339306,Grouper,US,20,f,US,Female
832,5,0.38685280723454163,Julie Byrne,US,20,f,US,Female
832,6,0.3562071871080222,Sufjan Stevens,US,20,f,US,Male
832,7,0.3333333333333333,Leonard Cohen,US,20,f,CA,Male
832,8,0.31546487678572877,Panda Bear,US,20,f,US,Male
832,9,0.3010299956639812,M. Ward,US,20,f,US,Male
832,10,0.2890648263178879,Bob Marley & The Wailers,US,20,f,JM,Male
833,1,1.0,Troye Sivan,US,46,m,AU,Male
833,2,0.6309297535714575,Rihanna,US,46,m,UK,Female
833,3,0.5,Perturbator,US,46,m,FR,Male
833,4,0.43067655807339306,Michael Jackson,US,46,m,US,Male
833,5,0.38685280723454163,Machine Head,US,46,m,JP,Male
833,6,0.3562071871080222,Lisa Miskovsky,US,46,m,SE,Female
833,7,0.3333333333333333,Lorde,US,46,m,NZ,Female
833,8,0.31546487678572877,Mr.Kitty,US,46,m,US,Male
833,9,0.3010299956639812,Grimes,US,46,m,CA,Female
833,10,0.2890648263178879,Sia,US,46,m,AU,Female
834,1,1.0,Bob Marley & The Wailers,BR,15,f,JM,Male
834,2,0.6309297535714575,James Blake,BR,15,f,UK,Male
834,3,0.5,Devin Townsend,BR,15,f,CA,Male
834,4,0.43067655807339306,Serj Tankian,BR,15,f,US,Male
834,5,0.38685280723454163,Rush,BR,15,f,US,Male
834,6,0.3562071871080222,Johnny Hooker,BR,15,f,BR,Male
834,7,0.3333333333333333,Toro y Moi,BR,15,f,US,Male
834,8,0.31546487678572877,Carpenter Brut,BR,15,f,FR,Male
834,9,0.3010299956639812,Aaron Smith,BR,15,f,US,Male
834,10,0.2890648263178879,Sia,BR,15,f,AU,Female
835,1,1.0,Madonna,RU,17,m,US,Female
835,2,0.6309297535714575,Taylor Swift,RU,17,m,US,Female
835,3,0.5,Kelis,RU,17,m,US,Female
835,4,0.43067655807339306,Four Tet,RU,17,m,UK,Male
835,5,0.38685280723454163,Ariana Grande,RU,17,m,US,Female
835,6,0.3562071871080222,Jonathan Davis,RU,17,m,US,Male
835,7,0.3333333333333333,Grimes,RU,17,m,CA,Female
835,8,0.31546487678572877,Thom Yorke,RU,17,m,UK,Male
835,9,0.3010299956639812,John Maus,RU,17,m,US,Male
835,10,0.2890648263178879,Armin van Buuren,RU,17,m,NL,Male
837,1,1.0,Troye Sivan,BR,21,m,AU,Male
837,2,0.6309297535714575,Queen,BR,21,m,JP,Female
837,3,0.5,Carpenter Brut,BR,21,m,FR,Male
837,4,0.43067655807339306,Lorde,BR,21,m,NZ,Female
837,5,0.38685280723454163,Sia,BR,21,m,AU,Female
837,6,0.3562071871080222,Christina Aguilera,BR,21,m,US,Female
837,7,0.3333333333333333,Blue Stahli,BR,21,m,US,Male
837,8,0.31546487678572877,James Blake,BR,21,m,UK,Male
837,9,0.3010299956639812,Marilyn Manson,BR,21,m,US,Male
837,10,0.2890648263178879,Nicki Minaj,BR,21,m,US,Female
838,1,1.0,Beyoncé,UA,18,m,US,Female
838,2,0.6309297535714575,Ariana Grande,UA,18,m,US,Female
838,3,0.5,Kelis,UA,18,m,US,Female
838,4,0.43067655807339306,Gwen Stefani,UA,18,m,US,Female
838,5,0.38685280723454163,Michael Jackson,UA,18,m,US,Male
838,6,0.3562071871080222,Madonna,UA,18,m,US,Female
838,7,0.3333333333333333,Taylor Swift,UA,18,m,US,Female
838,8,0.31546487678572877,Rod Stewart,UA,18,m,UK,Male
838,9,0.3010299956639812,DJ Shadow,UA,18,m,US,Male
838,10,0.2890648263178879,Grimes,UA,18,m,CA,Female
839,1,1.0,Anna Calvi,NO,21,m,UK,Female
839,2,0.6309297535714575,Gil Scott-Heron,NO,21,m,US,Male
839,3,0.5,Panda Bear,NO,21,m,US,Male
839,4,0.43067655807339306,Haddaway,NO,21,m,DE,Male
839,5,0.38685280723454163,Britney Spears,NO,21,m,US,Female
839,6,0.3562071871080222,Avril Lavigne,NO,21,m,CA,Female
839,7,0.3333333333333333,Ry x,NO,21,m,AU,Male
839,8,0.31546487678572877,Perfume Genius,NO,21,m,US,Male
839,9,0.3010299956639812,Ariana Grande,NO,21,m,US,Female
839,10,0.2890648263178879,Tame Impala,NO,21,m,AU,Male
840,1,1.0,Vitalic,AU,17,m,FR,Male
840,2,0.6309297535714575,Troye Sivan,AU,17,m,AU,Male
840,3,0.5,Mariah Carey,AU,17,m,US,Female
840,4,0.43067655807339306,Machine Head,AU,17,m,JP,Male
840,5,0.38685280723454163,Kacey Musgraves,AU,17,m,US,Female
840,6,0.3562071871080222,Perturbator,AU,17,m,FR,Male
840,7,0.3333333333333333,Lorde,AU,17,m,NZ,Female
840,8,0.31546487678572877,Noisestorm,AU,17,m,IE,Male
840,9,0.3010299956639812,J Balvin,AU,17,m,CO,Male
840,10,0.2890648263178879,Justin Bieber,AU,17,m,CA,Male
842,1,1.0,Frank Ocean,AU,17,m,US,Male
842,2,0.6309297535714575,Adele,AU,17,m,UK,Female
842,3,0.5,John Mayer,AU,17,m,IN,Male
842,4,0.43067655807339306,Kelis,AU,17,m,US,Female
842,5,0.38685280723454163,Corinne Bailey Rae,AU,17,m,UK,Female
842,6,0.3562071871080222,Queen,AU,17,m,JP,Female
842,7,0.3333333333333333,Bob Marley & The Wailers,AU,17,m,JM,Male
842,8,0.31546487678572877,Gwen Stefani,AU,17,m,US,Female
842,9,0.3010299956639812,Rush,AU,17,m,US,Male
842,10,0.2890648263178879,Serj Tankian,AU,17,m,US,Male
843,1,1.0,Robyn,CA,27,m,SE,Female
843,2,0.6309297535714575,Laura Branigan,CA,27,m,US,Female
843,3,0.5,Britney Spears,CA,27,m,US,Female
843,4,0.43067655807339306,AFI,CA,27,m,US,Female
843,5,0.38685280723454163,Chuck Berry,CA,27,m,US,Male
843,6,0.3562071871080222,Ariana Grande,CA,27,m,US,Female
843,7,0.3333333333333333,Haddaway,CA,27,m,DE,Male
843,8,0.31546487678572877,Britney Spears,CA,27,m,US,Female
843,9,0.3010299956639812,Anna Calvi,CA,27,m,UK,Female
843,10,0.2890648263178879,Avril Lavigne,CA,27,m,CA,Female
844,1,1.0,Bill Callahan,AT,19,m,US,Male
844,2,0.6309297535714575,Ry x,AT,19,m,AU,Male
844,3,0.5,Scott Walker,AT,19,m,UK,Male
844,4,0.43067655807339306,Damien Jurado,AT,19,m,US,Male
844,5,0.38685280723454163,Nick Drake,AT,19,m,UK,Male
844,6,0.3562071871080222,Jay Reatard,AT,19,m,US,Male
844,7,0.3333333333333333,Jenny Lewis,AT,19,m,US,Female
844,8,0.31546487678572877,Gil Scott-Heron,AT,19,m,US,Male
844,9,0.3010299956639812,Billy Joel,AT,19,m,US,Male
844,10,0.2890648263178879,PJ Harvey,AT,19,m,UK,Female
845,1,1.0,Vitalic,JP,24,m,FR,Male
845,2,0.6309297535714575,James Blake,JP,24,m,UK,Male
845,3,0.5,Toro y Moi,JP,24,m,US,Male
845,4,0.43067655807339306,Perturbator,JP,24,m,FR,Male
845,5,0.38685280723454163,Madonna,JP,24,m,US,Female
845,6,0.3562071871080222,Noisestorm,JP,24,m,IE,Male
845,7,0.3333333333333333,Ice Cube,JP,24,m,US,Male
845,8,0.31546487678572877,James Blake,JP,24,m,UK,Male
845,9,0.3010299956639812,Michael Jackson,JP,24,m,US,Male
845,10,0.2890648263178879,Lisa Miskovsky,JP,24,m,SE,Female
846,1,1.0,Ry x,MK,24,f,AU,Male
846,2,0.6309297535714575,Daniel Avery,MK,24,f,UK,Male
846,3,0.5,Caribou,MK,24,f,CA,Male
846,4,0.43067655807339306,Dean Blunt,MK,24,f,UK,Male
846,5,0.38685280723454163,Kevin Morby,MK,24,f,US,Male
846,6,0.3562071871080222,Earl Sweatshirt,MK,24,f,US,Male
846,7,0.3333333333333333,M. Ward,MK,24,f,US,Male
846,8,0.31546487678572877,Sufjan Stevens,MK,24,f,US,Male
846,9,0.3010299956639812,Kanye West,MK,24,f,US,Male
846,10,0.2890648263178879,Leonard Cohen,MK,24,f,CA,Male
848,1,1.0,Kelis,UA,21,f,US,Female
848,2,0.6309297535714575,Madonna,UA,21,f,US,Female
848,3,0.5,Taylor Swift,UA,21,f,US,Female
848,4,0.43067655807339306,Perturbator,UA,21,f,FR,Male
848,5,0.38685280723454163,Noisestorm,UA,21,f,IE,Male
848,6,0.3562071871080222,Lisa Miskovsky,UA,21,f,SE,Female
848,7,0.3333333333333333,Michael Jackson,UA,21,f,US,Male
848,8,0.31546487678572877,Ariana Grande,UA,21,f,US,Female
848,9,0.3010299956639812,Kacey Musgraves,UA,21,f,US,Female
848,10,0.2890648263178879,Grimes,UA,21,f,CA,Female
849,1,1.0,Earl Sweatshirt,JP,24,m,US,Male
849,2,0.6309297535714575,Kevin Morby,JP,24,m,US,Male
849,3,0.5,Nick Drake,JP,24,m,UK,Male
849,4,0.43067655807339306,Marilyn Manson,JP,24,m,US,Male
849,5,0.38685280723454163,Bill Callahan,JP,24,m,US,Male
849,6,0.3562071871080222,Caribou,JP,24,m,CA,Male
849,7,0.3333333333333333,Roy Orbison,JP,24,m,US,Male
849,8,0.31546487678572877,Dean Blunt,JP,24,m,UK,Male
849,9,0.3010299956639812,Adele,JP,24,m,UK,Female
849,10,0.2890648263178879,Leonard Cohen,JP,24,m,CA,Male
851,1,1.0,Kelis,RU,16,m,US,Female
851,2,0.6309297535714575,Gwen Stefani,RU,16,m,US,Female
851,3,0.5,Ariana Grande,RU,16,m,US,Female
851,4,0.43067655807339306,Toro y Moi,RU,16,m,US,Male
851,5,0.38685280723454163,Michael Jackson,RU,16,m,US,Male
851,6,0.3562071871080222,Jonathan Davis,RU,16,m,US,Male
851,7,0.3333333333333333,Ice Cube,RU,16,m,US,Male
851,8,0.31546487678572877,James Blake,RU,16,m,UK,Male
851,9,0.3010299956639812,Beyoncé,RU,16,m,US,Female
851,10,0.2890648263178879,Taylor Swift,RU,16,m,US,Female
852,1,1.0,Ry x,BR,31,m,AU,Male
852,2,0.6309297535714575,Grouper,BR,31,m,US,Female
852,3,0.5,Daniel Avery,BR,31,m,UK,Male
852,4,0.43067655807339306,Earl Sweatshirt,BR,31,m,US,Male
852,5,0.38685280723454163,Kevin Morby,BR,31,m,US,Male
852,6,0.3562071871080222,Darkside,BR,31,m,UK,Male
852,7,0.3333333333333333,Nick Drake,BR,31,m,UK,Male
852,8,0.31546487678572877,Leonard Cohen,BR,31,m,CA,Male
852,9,0.3010299956639812,Sharon Van Etten,BR,31,m,US,Female
852,10,0.2890648263178879,Dean Blunt,BR,31,m,UK,Male
853,1,1.0,James Blake,US,40,m,UK,Male
853,2,0.6309297535714575,Kelly Clarkson,US,40,m,US,Female
853,3,0.5,DJ Shadow,US,40,m,US,Male
853,4,0.43067655807339306,Shawn Mendes,US,40,m,CA,Male
853,5,0.38685280723454163,Ariana Grande,US,40,m,US,Female
853,6,0.3562071871080222,James Arthur,US,40,m,UK,Male
853,7,0.3333333333333333,Father John Misty,US,40,m,US,Male
853,8,0.31546487678572877,Grimes,US,40,m,CA,Female
853,9,0.3010299956639812,Kacey Musgraves,US,40,m,US,Female
853,10,0.2890648263178879,Rihanna,US,40,m,UK,Female
854,1,1.0,James Blake,IE,43,m,UK,Male
854,2,0.6309297535714575,Madonna,IE,43,m,US,Female
854,3,0.5,Taylor Swift,IE,43,m,US,Female
854,4,0.43067655807339306,Perturbator,IE,43,m,FR,Male
854,5,0.38685280723454163,Michael Jackson,IE,43,m,US,Male
854,6,0.3562071871080222,Ariana Grande,IE,43,m,US,Female
854,7,0.3333333333333333,Noisestorm,IE,43,m,IE,Male
854,8,0.31546487678572877,Ice Cube,IE,43,m,US,Male
854,9,0.3010299956639812,Kelly Clarkson,IE,43,m,US,Female
854,10,0.2890648263178879,Lisa Miskovsky,IE,43,m,SE,Female
856,1,1.0,Michael Jackson,ES,25,m,US,Male
856,2,0.6309297535714575,Armin van Buuren,ES,25,m,NL,Male
856,3,0.5,Toro y Moi,ES,25,m,US,Male
856,4,0.43067655807339306,Britney Spears,ES,25,m,US,Female
856,5,0.38685280723454163,Oliver Koletzki,ES,25,m,DE,Male
856,6,0.3562071871080222,Gwen Stefani,ES,25,m,US,Female
856,7,0.3333333333333333,Rihanna,ES,25,m,UK,Female
856,8,0.31546487678572877,Ariana Grande,ES,25,m,US,Female
856,9,0.3010299956639812,Ice Cube,ES,25,m,US,Male
856,10,0.2890648263178879,Kelis,ES,25,m,US,Female
857,1,1.0,Bob Marley & The Wailers,NP,29,m,JM,Male
857,2,0.6309297535714575,Aaron Smith,NP,29,m,US,Male
857,3,0.5,Eminem,NP,29,m,US,Male
857,4,0.43067655807339306,Ozzy Osbourne,NP,29,m,UK,Male
857,5,0.38685280723454163,Corinne Bailey Rae,NP,29,m,UK,Female
857,6,0.3562071871080222,Mayhem,NP,29,m,CA,Female
857,7,0.3333333333333333,Justin Timberlake,NP,29,m,US,Male
857,8,0.31546487678572877,Ed Sheeran,NP,29,m,UK,Male
857,9,0.3010299956639812,Vitalic,NP,29,m,FR,Male
857,10,0.2890648263178879,Queen,NP,29,m,JP,Female
858,1,1.0,Serj Tankian,BR,15,m,US,Male
858,2,0.6309297535714575,Bob Marley & The Wailers,BR,15,m,JM,Male
858,3,0.5,Aaron Smith,BR,15,m,US,Male
858,4,0.43067655807339306,Rush,BR,15,m,US,Male
858,5,0.38685280723454163,Rush,BR,15,m,US,Male
858,6,0.3562071871080222,Carpenter Brut,BR,15,m,FR,Male
858,7,0.3333333333333333,Devin Townsend,BR,15,m,CA,Male
858,8,0.31546487678572877,Sia,BR,15,m,AU,Female
858,9,0.3010299956639812,Ice Cube,BR,15,m,US,Male
858,10,0.2890648263178879,Michael Jackson,BR,15,m,US,Male
859,1,1.0,Grouper,PL,18,m,US,Female
859,2,0.6309297535714575,Nick Drake,PL,18,m,UK,Male
859,3,0.5,Queen,PL,18,m,JP,Female
859,4,0.43067655807339306,Kevin Morby,PL,18,m,US,Male
859,5,0.38685280723454163,Devin Townsend,PL,18,m,CA,Male
859,6,0.3562071871080222,Caribou,PL,18,m,CA,Male
859,7,0.3333333333333333,Bob Marley & The Wailers,PL,18,m,JM,Male
859,8,0.31546487678572877,Michael Sembello,PL,18,m,US,Male
859,9,0.3010299956639812,Roy Orbison,PL,18,m,US,Male
859,10,0.2890648263178879,Eagle-Eye Cherry,PL,18,m,SE,Male
860,1,1.0,Carpenter Brut,DE,20,f,FR,Male
860,2,0.6309297535714575,Katy Perry,DE,20,f,US,Female
860,3,0.5,Mika,DE,20,f,BA,Male
860,4,0.43067655807339306,JP Cooper,DE,20,f,UK,Male
860,5,0.38685280723454163,Lana Del Rey,DE,20,f,US,Female
860,6,0.3562071871080222,Perturbator,DE,20,f,FR,Male
860,7,0.3333333333333333,Rush,DE,20,f,US,Male
860,8,0.31546487678572877,Anastacia,DE,20,f,US,Female
860,9,0.3010299956639812,Vitalic,DE,20,f,FR,Male
860,10,0.2890648263178879,Madonna,DE,20,f,US,Female
861,1,1.0,Toro y Moi,UA,18,f,US,Male
861,2,0.6309297535714575,James Blake,UA,18,f,UK,Male
861,3,0.5,Ariana Grande,UA,18,f,US,Female
861,4,0.43067655807339306,Noisestorm,UA,18,f,IE,Male
861,5,0.38685280723454163,Troye Sivan,UA,18,f,AU,Male
861,6,0.3562071871080222,Lisa Miskovsky,UA,18,f,SE,Female
861,7,0.3333333333333333,Mariah Carey,UA,18,f,US,Female
861,8,0.31546487678572877,Rod Stewart,UA,18,f,UK,Male
861,9,0.3010299956639812,Sia,UA,18,f,AU,Female
861,10,0.2890648263178879,Sia,UA,18,f,AU,Female
862,1,1.0,Michael Sembello,PL,17,m,US,Male
862,2,0.6309297535714575,Queen,PL,17,m,JP,Female
862,3,0.5,Bob Marley & The Wailers,PL,17,m,JM,Male
862,4,0.43067655807339306,Ry x,PL,17,m,AU,Male
862,5,0.38685280723454163,Rihanna,PL,17,m,UK,Female
862,6,0.3562071871080222,Devin Townsend,PL,17,m,CA,Male
862,7,0.3333333333333333,Oneohtrix Point Never,PL,17,m,US,Male
862,8,0.31546487678572877,Earl Sweatshirt,PL,17,m,US,Male
862,9,0.3010299956639812,Chris Isaak,PL,17,m,US,Male
862,10,0.2890648263178879,Madonna,PL,17,m,US,Female
863,1,1.0,Devin Townsend,MX,21,m,CA,Male
863,2,0.6309297535714575,Mac DeMarco,MX,21,m,CA,Male
863,3,0.5,Sharon Van Etten,MX,21,m,US,Female
863,4,0.43067655807339306,Grouper,MX,21,m,US,Female
863,5,0.38685280723454163,Ariana Grande,MX,21,m,US,Female
863,6,0.3562071871080222,Roy Orbison,MX,21,m,US,Male
863,7,0.3333333333333333,John Mayer,MX,21,m,IN,Male
863,8,0.31546487678572877,Sufjan Stevens,MX,21,m,US,Male
863,9,0.3010299956639812,Ariana Grande,MX,21,m,US,Female
863,10,0.2890648263178879,Julie Byrne,MX,21,m,US,Female
864,1,1.0,Dean Blunt,IT,23,f,UK,Male
864,2,0.6309297535714575,Leonard Cohen,IT,23,f,CA,Male
864,3,0.5,Sharon Van Etten,IT,23,f,US,Female
864,4,0.43067655807339306,Devin Townsend,IT,23,f,CA,Male
864,5,0.38685280723454163,Haddaway,IT,23,f,DE,Male
864,6,0.3562071871080222,M. Ward,IT,23,f,US,Male
864,7,0.3333333333333333,Sufjan Stevens,IT,23,f,US,Male
864,8,0.31546487678572877,Mac DeMarco,IT,23,f,CA,Male
864,9,0.3010299956639812,Grouper,IT,23,f,US,Female
864,10,0.2890648263178879,Avril Lavigne,IT,23,f,CA,Female
865,1,1.0,Ariana Grande,FI,18,f,US,Female
865,2,0.6309297535714575,Vitalic,FI,18,f,FR,Male
865,3,0.5,Nik Kershaw,FI,18,f,UK,Male
865,4,0.43067655807339306,Ariana Grande,FI,18,f,US,Female
865,5,0.38685280723454163,Kacey Musgraves,FI,18,f,US,Female
865,6,0.3562071871080222,Kelly Clarkson,FI,18,f,US,Female
865,7,0.3333333333333333,Rihanna,FI,18,f,UK,Female
865,8,0.31546487678572877,Ariana Grande,FI,18,f,US,Female
865,9,0.3010299956639812,Machine Head,FI,18,f,JP,Male
865,10,0.2890648263178879,Troye Sivan,FI,18,f,AU,Male
866,1,1.0,Adele,BR,19,m,UK,Female
866,2,0.6309297535714575,Rihanna,BR,19,m,UK,Female
866,3,0.5,Britney Spears,BR,19,m,US,Female
866,4,0.43067655807339306,Beyoncé,BR,19,m,US,Female
866,5,0.38685280723454163,Perturbator,BR,19,m,FR,Male
866,6,0.3562071871080222,Ariana Grande,BR,19,m,US,Female
866,7,0.3333333333333333,James Blake,BR,19,m,UK,Male
866,8,0.31546487678572877,Kelis,BR,19,m,US,Female
866,9,0.3010299956639812,Lisa Miskovsky,BR,19,m,SE,Female
866,10,0.2890648263178879,Gwen Stefani,BR,19,m,US,Female
867,1,1.0,John Mayer,IR,20,m,IN,Male
867,2,0.6309297535714575,Devin Townsend,IR,20,m,CA,Male
867,3,0.5,Roy Orbison,IR,20,m,US,Male
867,4,0.43067655807339306,Queen,IR,20,m,JP,Female
867,5,0.38685280723454163,Taylor Swift,IR,20,m,US,Female
867,6,0.3562071871080222,Adele,IR,20,m,UK,Female
867,7,0.3333333333333333,Michael Sembello,IR,20,m,US,Male
867,8,0.31546487678572877,Eagle-Eye Cherry,IR,20,m,SE,Male
867,9,0.3010299956639812,Mahmood,IR,20,m,IT,Male
867,10,0.2890648263178879,Bob Marley & The Wailers,IR,20,m,JM,Male
869,1,1.0,Michael Jackson,MK,24,m,US,Male
869,2,0.6309297535714575,Bob Marley & The Wailers,MK,24,m,JM,Male
869,3,0.5,Rush,MK,24,m,US,Male
869,4,0.43067655807339306,Aaron Smith,MK,24,m,US,Male
869,5,0.38685280723454163,Rush,MK,24,m,US,Male
869,6,0.3562071871080222,Carpenter Brut,MK,24,m,FR,Male
869,7,0.3333333333333333,Devin Townsend,MK,24,m,CA,Male
869,8,0.31546487678572877,Toro y Moi,MK,24,m,US,Male
869,9,0.3010299956639812,Shawn Mendes,MK,24,m,CA,Male
869,10,0.2890648263178879,Britney Spears,MK,24,m,US,Female
870,1,1.0,John Mayer,BR,14,m,IN,Male
870,2,0.6309297535714575,Grimes,BR,14,m,CA,Female
870,3,0.5,Chris Isaak,BR,14,m,US,Male
870,4,0.43067655807339306,Chuck Berry,BR,14,m,US,Male
870,5,0.38685280723454163,Seal,BR,14,m,UK,Male
870,6,0.3562071871080222,Lana Del Rey,BR,14,m,US,Female
870,7,0.3333333333333333,Eagle-Eye Cherry,BR,14,m,SE,Male
870,8,0.31546487678572877,Kelis,BR,14,m,US,Female
870,9,0.3010299956639812,Joe Goddard,BR,14,m,UK,Male
870,10,0.2890648263178879,Taylor Swift,BR,14,m,US,Female
871,1,1.0,Rush,PL,18,m,US,Male
871,2,0.6309297535714575,Aaron Smith,PL,18,m,US,Male
871,3,0.5,Vitalic,PL,18,m,FR,Male
871,4,0.43067655807339306,Taylor Swift,PL,18,m,US,Female
871,5,0.38685280723454163,Kelis,PL,18,m,US,Female
871,6,0.3562071871080222,Nik Kershaw,PL,18,m,UK,Male
871,7,0.3333333333333333,Ariana Grande,PL,18,m,US,Female
871,8,0.31546487678572877,Machine Head,PL,18,m,JP,Male
871,9,0.3010299956639812,Gwen Stefani,PL,18,m,US,Female
871,10,0.2890648263178879,Tycho,PL,18,m,US,Male
872,1,1.0,Haddaway,PL,25,f,DE,Male
872,2,0.6309297535714575,Queen,PL,25,f,JP,Female
872,3,0.5,Britney Spears,PL,25,f,US,Female
872,4,0.43067655807339306,Avril Lavigne,PL,25,f,CA,Female
872,5,0.38685280723454163,Duncan Laurence,PL,25,f,NL,Male
872,6,0.3562071871080222,Perfume Genius,PL,25,f,US,Male
872,7,0.3333333333333333,Tame Impala,PL,25,f,AU,Male
872,8,0.31546487678572877,Nick Drake,PL,25,f,UK,Male
872,9,0.3010299956639812,Ry x,PL,25,f,AU,Male
872,10,0.2890648263178879,Michael Sembello,PL,25,f,US,Male
873,1,1.0,Ariana Grande,BR,18,m,US,Female
873,2,0.6309297535714575,Adele,BR,18,m,UK,Female
873,3,0.5,Paula Abdul,BR,18,m,US,Female
873,4,0.43067655807339306,Gwen Stefani,BR,18,m,US,Female
873,5,0.38685280723454163,Britney Spears,BR,18,m,US,Female
873,6,0.3562071871080222,Ariana Grande,BR,18,m,US,Female
873,7,0.3333333333333333,Rush,BR,18,m,US,Male
873,8,0.31546487678572877,Bob Marley & The Wailers,BR,18,m,JM,Male
873,9,0.3010299956639812,Rihanna,BR,18,m,UK,Female
873,10,0.2890648263178879,Carpenter Brut,BR,18,m,FR,Male
874,1,1.0,Queen,US,18,f,JP,Female
874,2,0.6309297535714575,Marilyn Manson,US,18,f,US,Male
874,3,0.5,Devin Townsend,US,18,f,CA,Male
874,4,0.43067655807339306,Michael Sembello,US,18,f,US,Male
874,5,0.38685280723454163,Bryan Adams,US,18,f,CA,Male
874,6,0.3562071871080222,Madonna,US,18,f,US,Female
874,7,0.3333333333333333,Bob Marley & The Wailers,US,18,f,JM,Male
874,8,0.31546487678572877,George Ezra,US,18,f,UK,Male
874,9,0.3010299956639812,Seal,US,18,f,UK,Male
874,10,0.2890648263178879,Leonard Cohen,US,18,f,CA,Male
875,1,1.0,Aaron Smith,FI,22,m,US,Male
875,2,0.6309297535714575,Carpenter Brut,FI,22,m,FR,Male
875,3,0.5,Rush,FI,22,m,US,Male
875,4,0.43067655807339306,Rush,FI,22,m,US,Male
875,5,0.38685280723454163,Kacey Musgraves,FI,22,m,US,Female
875,6,0.3562071871080222,Nik Kershaw,FI,22,m,UK,Male
875,7,0.3333333333333333,Ice Cube,FI,22,m,US,Male
875,8,0.31546487678572877,Vitalic,FI,22,m,FR,Male
875,9,0.3010299956639812,Sia,FI,22,m,AU,Female
875,10,0.2890648263178879,Noisestorm,FI,22,m,IE,Male
876,1,1.0,Bob Marley & The Wailers,DE,19,m,JM,Male
876,2,0.6309297535714575,Michael Jackson,DE,19,m,US,Male
876,3,0.5,Serj Tankian,DE,19,m,US,Male
876,4,0.43067655807339306,John Mayer,DE,19,m,IN,Male
876,5,0.38685280723454163,Carpenter Brut,DE,19,m,FR,Male
876,6,0.3562071871080222,Rush,DE,19,m,US,Male
876,7,0.3333333333333333,Adele,DE,19,m,UK,Female
876,8,0.31546487678572877,Machine Head,DE,19,m,JP,Male
876,9,0.3010299956639812,Grimes,DE,19,m,CA,Female
876,10,0.2890648263178879,Aaron Smith,DE,19,m,US,Male
877,1,1.0,Devin Townsend,CA,41,m,CA,Male
877,2,0.6309297535714575,Julie Byrne,CA,41,m,US,Female
877,3,0.5,Ariana Grande,CA,41,m,US,Female
877,4,0.43067655807339306,John Mayer,CA,41,m,IN,Male
877,5,0.38685280723454163,Roy Orbison,CA,41,m,US,Male
877,6,0.3562071871080222,Ariana Grande,CA,41,m,US,Female
877,7,0.3333333333333333,Queen,CA,41,m,JP,Female
877,8,0.31546487678572877,Lana Del Rey,CA,41,m,US,Female
877,9,0.3010299956639812,Grouper,CA,41,m,US,Female
877,10,0.2890648263178879,Anna Calvi,CA,41,m,UK,Female
878,1,1.0,Rihanna,US,21,m,UK,Female
878,2,0.6309297535714575,Beyoncé,US,21,m,US,Female
878,3,0.5,Britney Spears,US,21,m,US,Female
878,4,0.43067655807339306,Ariana Grande,US,21,m,US,Female
878,5,0.38685280723454163,Kelis,US,21,m,US,Female
878,6,0.3562071871080222,Gwen Stefani,US,21,m,US,Female
878,7,0.3333333333333333,Mr.Kitty,US,21,m,US,Male
878,8,0.31546487678572877,Taylor Swift,US,21,m,US,Female
878,9,0.3010299956639812,Madonna,US,21,m,US,Female
878,10,0.2890648263178879,John Maus,US,21,m,US,Male
879,1,1.0,Haddaway,BR,16,m,DE,Male
879,2,0.6309297535714575,Leonard Cohen,BR,16,m,CA,Male
879,3,0.5,M. Ward,BR,16,m,US,Male
879,4,0.43067655807339306,Mac DeMarco,BR,16,m,CA,Male
879,5,0.38685280723454163,Sufjan Stevens,BR,16,m,US,Male
879,6,0.3562071871080222,Devin Townsend,BR,16,m,CA,Male
879,7,0.3333333333333333,Grouper,BR,16,m,US,Female
879,8,0.31546487678572877,Sharon Van Etten,BR,16,m,US,Female
879,9,0.3010299956639812,Queen,BR,16,m,JP,Female
879,10,0.2890648263178879,Panda Bear,BR,16,m,US,Male
880,1,1.0,Queen,PL,18,m,JP,Female
880,2,0.6309297535714575,Devin Townsend,PL,18,m,CA,Male
880,3,0.5,Bob Marley & The Wailers,PL,18,m,JM,Male
880,4,0.43067655807339306,Marilyn Manson,PL,18,m,US,Male
880,5,0.38685280723454163,John Mayer,PL,18,m,IN,Male
880,6,0.3562071871080222,Michael Jackson,PL,18,m,US,Male
880,7,0.3333333333333333,Gwen Stefani,PL,18,m,US,Female
880,8,0.31546487678572877,Serj Tankian,PL,18,m,US,Male
880,9,0.3010299956639812,Blue Stahli,PL,18,m,US,Male
880,10,0.2890648263178879,Rush,PL,18,m,US,Male
882,1,1.0,Seal,RU,25,m,UK,Male
882,2,0.6309297535714575,Rihanna,RU,25,m,UK,Female
882,3,0.5,Adele,RU,25,m,UK,Female
882,4,0.43067655807339306,Michael Sembello,RU,25,m,US,Male
882,5,0.38685280723454163,Beyoncé,RU,25,m,US,Female
882,6,0.3562071871080222,Ariana Grande,RU,25,m,US,Female
882,7,0.3333333333333333,Sabrina Carpenter,RU,25,m,US,Female
882,8,0.31546487678572877,John Mayer,RU,25,m,IN,Male
882,9,0.3010299956639812,Kylie Minogue,RU,25,m,AU,Female
882,10,0.2890648263178879,Edwyn Collins,RU,25,m,UK,Male
883,1,1.0,Tycho,DE,60,m,US,Male
883,2,0.6309297535714575,Adele,DE,60,m,UK,Female
883,3,0.5,James Blake,DE,60,m,UK,Male
883,4,0.43067655807339306,Paula Abdul,DE,60,m,US,Female
883,5,0.38685280723454163,Norah Jones,DE,60,m,US,Female
883,6,0.3562071871080222,Ariana Grande,DE,60,m,US,Female
883,7,0.3333333333333333,DJ Shadow,DE,60,m,US,Male
883,8,0.31546487678572877,Adele,DE,60,m,UK,Female
883,9,0.3010299956639812,Grimes,DE,60,m,CA,Female
883,10,0.2890648263178879,Armin van Buuren,DE,60,m,NL,Male
884,1,1.0,Corinne Bailey Rae,RU,17,m,UK,Female
884,2,0.6309297535714575,Bob Marley & The Wailers,RU,17,m,JM,Male
884,3,0.5,Queen,RU,17,m,JP,Female
884,4,0.43067655807339306,Marilyn Manson,RU,17,m,US,Male
884,5,0.38685280723454163,Miley Cyrus,RU,17,m,US,Non-binary
884,6,0.3562071871080222,Paula Abdul,RU,17,m,US,Female
884,7,0.3333333333333333,Rush,RU,17,m,US,Male
884,8,0.31546487678572877,Blue Stahli,RU,17,m,US,Male
884,9,0.3010299956639812,Rihanna,RU,17,m,UK,Female
884,10,0.2890648263178879,Adele,RU,17,m,UK,Female
885,1,1.0,John Maus,US,43,m,US,Male
885,2,0.6309297535714575,Bob Marley & The Wailers,US,43,m,JM,Male
885,3,0.5,Frank Ocean,US,43,m,US,Male
885,4,0.43067655807339306,Adele,US,43,m,UK,Female
885,5,0.38685280723454163,John Mayer,US,43,m,IN,Male
885,6,0.3562071871080222,Joe Goddard,US,43,m,UK,Male
885,7,0.3333333333333333,Marilyn Manson,US,43,m,US,Male
885,8,0.31546487678572877,Grimes,US,43,m,CA,Female
885,9,0.3010299956639812,Michael Jackson,US,43,m,US,Male
885,10,0.2890648263178879,John Maus,US,43,m,US,Male
886,1,1.0,Kygo,BR,27,m,NO,Male
886,2,0.6309297535714575,Kylie Minogue,BR,27,m,AU,Female
886,3,0.5,Queen,BR,27,m,JP,Female
886,4,0.43067655807339306,Katy Perry,BR,27,m,US,Female
886,5,0.38685280723454163,Eminem,BR,27,m,US,Male
886,6,0.3562071871080222,Pedro Sampaio,BR,27,m,BR,Male
886,7,0.3333333333333333,Mariah Carey,BR,27,m,US,Female
886,8,0.31546487678572877,Nicki Minaj,BR,27,m,US,Female
886,9,0.3010299956639812,Mariah Carey,BR,27,m,US,Female
886,10,0.2890648263178879,Shawn Mendes,BR,27,m,CA,Male
887,1,1.0,Bill Callahan,TR,20,m,US,Male
887,2,0.6309297535714575,Ry x,TR,20,m,AU,Male
887,3,0.5,Britney Spears,TR,20,m,US,Female
887,4,0.43067655807339306,Angel Olsen,TR,20,m,US,Female
887,5,0.38685280723454163,AFI,TR,20,m,US,Female
887,6,0.3562071871080222,Travis Scott,TR,20,m,US,Male
887,7,0.3333333333333333,Jeff Buckley,TR,20,m,US,Male
887,8,0.31546487678572877,Perfume Genius,TR,20,m,US,Male
887,9,0.3010299956639812,Robyn,TR,20,m,SE,Female
887,10,0.2890648263178879,Kevin Morby,TR,20,m,US,Male
888,1,1.0,Vitalic,BY,27,m,FR,Male
888,2,0.6309297535714575,Ice Cube,BY,27,m,US,Male
888,3,0.5,James Blake,BY,27,m,UK,Male
888,4,0.43067655807339306,Machine Head,BY,27,m,JP,Male
888,5,0.38685280723454163,Kacey Musgraves,BY,27,m,US,Female
888,6,0.3562071871080222,Perturbator,BY,27,m,FR,Male
888,7,0.3333333333333333,Noisestorm,BY,27,m,IE,Male
888,8,0.31546487678572877,Ariana Grande,BY,27,m,US,Female
888,9,0.3010299956639812,DJ Shadow,BY,27,m,US,Male
888,10,0.2890648263178879,Ariana Grande,BY,27,m,US,Female
889,1,1.0,DJ Shadow,BR,31,f,US,Male
889,2,0.6309297535714575,Kacey Musgraves,BR,31,f,US,Female
889,3,0.5,Father John Misty,BR,31,f,US,Male
889,4,0.43067655807339306,Grimes,BR,31,f,CA,Female
889,5,0.38685280723454163,Michael Jackson,BR,31,f,US,Male
889,6,0.3562071871080222,Ariana Grande,BR,31,f,US,Female
889,7,0.3333333333333333,Lisa Miskovsky,BR,31,f,SE,Female
889,8,0.31546487678572877,Tycho,BR,31,f,US,Male
889,9,0.3010299956639812,Four Tet,BR,31,f,UK,Male
889,10,0.2890648263178879,Lana Del Rey,BR,31,f,US,Female
890,1,1.0,Bob Marley & The Wailers,DE,22,m,JM,Male
890,2,0.6309297535714575,Rihanna,DE,22,m,UK,Female
890,3,0.5,John Mayer,DE,22,m,IN,Male
890,4,0.43067655807339306,Serj Tankian,DE,22,m,US,Male
890,5,0.38685280723454163,Adele,DE,22,m,UK,Female
890,6,0.3562071871080222,Carpenter Brut,DE,22,m,FR,Male
890,7,0.3333333333333333,Rush,DE,22,m,US,Male
890,8,0.31546487678572877,Norah Jones,DE,22,m,US,Female
890,9,0.3010299956639812,Vanessa Carlton,DE,22,m,US,Female
890,10,0.2890648263178879,Ariana Grande,DE,22,m,US,Female
891,1,1.0,Sia,PE,27,m,AU,Female
891,2,0.6309297535714575,Adele,PE,27,m,UK,Female
891,3,0.5,Moby,PE,27,m,US,Male
891,4,0.43067655807339306,Usher,PE,27,m,US,Male
891,5,0.38685280723454163,Edwyn Collins,PE,27,m,UK,Male
891,6,0.3562071871080222,Corinne Bailey Rae,PE,27,m,UK,Female
891,7,0.3333333333333333,Bryan Adams,PE,27,m,CA,Male
891,8,0.31546487678572877,Taylor Swift,PE,27,m,US,Female
891,9,0.3010299956639812,Michael Sembello,PE,27,m,US,Male
891,10,0.2890648263178879,Madonna,PE,27,m,US,Female
892,1,1.0,Kevin Morby,SE,22,m,US,Male
892,2,0.6309297535714575,Dean Blunt,SE,22,m,UK,Male
892,3,0.5,Ariana Grande,SE,22,m,US,Female
892,4,0.43067655807339306,M. Ward,SE,22,m,US,Male
892,5,0.38685280723454163,Leonard Cohen,SE,22,m,CA,Male
892,6,0.3562071871080222,Taylor Swift,SE,22,m,US,Female
892,7,0.3333333333333333,Mac DeMarco,SE,22,m,CA,Male
892,8,0.31546487678572877,Beyoncé,SE,22,m,US,Female
892,9,0.3010299956639812,Grouper,SE,22,m,US,Female
892,10,0.2890648263178879,Tame Impala,SE,22,m,AU,Male
893,1,1.0,Bob Marley & The Wailers,UK,20,m,JM,Male
893,2,0.6309297535714575,Queen,UK,20,m,JP,Female
893,3,0.5,Paula Abdul,UK,20,m,US,Female
893,4,0.43067655807339306,John Mayer,UK,20,m,IN,Male
893,5,0.38685280723454163,Rihanna,UK,20,m,UK,Female
893,6,0.3562071871080222,Britney Spears,UK,20,m,US,Female
893,7,0.3333333333333333,Michael Jackson,UK,20,m,US,Male
893,8,0.31546487678572877,Serj Tankian,UK,20,m,US,Male
893,9,0.3010299956639812,Blue Stahli,UK,20,m,US,Male
893,10,0.2890648263178879,Rush,UK,20,m,US,Male
894,1,1.0,Chuck Berry,US,23,m,US,Male
894,2,0.6309297535714575,Haddaway,US,23,m,DE,Male
894,3,0.5,Pusha T,US,23,m,US,Male
894,4,0.43067655807339306,Nick Drake,US,23,m,UK,Male
894,5,0.38685280723454163,Avril Lavigne,US,23,m,CA,Female
894,6,0.3562071871080222,Bill Callahan,US,23,m,US,Male
894,7,0.3333333333333333,Lana Del Rey,US,23,m,US,Female
894,8,0.31546487678572877,James Blake,US,23,m,UK,Male
894,9,0.3010299956639812,Duncan Laurence,US,23,m,NL,Male
894,10,0.2890648263178879,Devin Townsend,US,23,m,CA,Male
895,1,1.0,Vitalic,PL,21,f,FR,Male
895,2,0.6309297535714575,James Blake,PL,21,f,UK,Male
895,3,0.5,Perturbator,PL,21,f,FR,Male
895,4,0.43067655807339306,Toro y Moi,PL,21,f,US,Male
895,5,0.38685280723454163,Noisestorm,PL,21,f,IE,Male
895,6,0.3562071871080222,Jennifer Lopez,PL,21,f,US,Female
895,7,0.3333333333333333,Pat Benatar,PL,21,f,US,Female
895,8,0.31546487678572877,Christina Aguilera,PL,21,f,US,Female
895,9,0.3010299956639812,Katy Perry,PL,21,f,US,Female
895,10,0.2890648263178879,Tom Odell,PL,21,f,UK,Male
896,1,1.0,Paula Abdul,BG,14,m,US,Female
896,2,0.6309297535714575,Rihanna,BG,14,m,UK,Female
896,3,0.5,John Mayer,BG,14,m,IN,Male
896,4,0.43067655807339306,Britney Spears,BG,14,m,US,Female
896,5,0.38685280723454163,Michael Jackson,BG,14,m,US,Male
896,6,0.3562071871080222,Frank Ocean,BG,14,m,US,Male
896,7,0.3333333333333333,Ariana Grande,BG,14,m,US,Female
896,8,0.31546487678572877,Adele,BG,14,m,UK,Female
896,9,0.3010299956639812,Ariana Grande,BG,14,m,US,Female
896,10,0.2890648263178879,Carpenter Brut,BG,14,m,FR,Male
897,1,1.0,Adele,US,19,m,UK,Female
897,2,0.6309297535714575,Eagle-Eye Cherry,US,19,m,SE,Male
897,3,0.5,Fergie,US,19,m,UK,Male
897,4,0.43067655807339306,Seal,US,19,m,UK,Male
897,5,0.38685280723454163,Kate Bush,US,19,m,UK,Female
897,6,0.3562071871080222,Joe Goddard,US,19,m,UK,Male
897,7,0.3333333333333333,Edwyn Collins,US,19,m,UK,Male
897,8,0.31546487678572877,Perfume Genius,US,19,m,US,Male
897,9,0.3010299956639812,Björk,US,19,m,IS,Female
897,10,0.2890648263178879,Kanye West,US,19,m,US,Male
899,1,1.0,Ke$ha,AR,19,m,US,Female
899,2,0.6309297535714575,Rihanna,AR,19,m,UK,Female
899,3,0.5,Seal,AR,19,m,UK,Male
899,4,0.43067655807339306,Britney Spears,AR,19,m,US,Female
899,5,0.38685280723454163,Britney Spears,AR,19,m,US,Female
899,6,0.3562071871080222,Lily Allen,AR,19,m,UK,Female
899,7,0.3333333333333333,John Mayer,AR,19,m,IN,Male
899,8,0.31546487678572877,Kelly Clarkson,AR,19,m,US,Female
899,9,0.3010299956639812,Nicki Minaj,AR,19,m,US,Female
899,10,0.2890648263178879,Beyoncé,AR,19,m,US,Female
900,1,1.0,Kevin Morby,BR,18,f,US,Male
900,2,0.6309297535714575,Queen,BR,18,f,JP,Female
900,3,0.5,Caribou,BR,18,f,CA,Male
900,4,0.43067655807339306,Taylor Swift,BR,18,f,US,Female
900,5,0.38685280723454163,Bill Callahan,BR,18,f,US,Male
900,6,0.3562071871080222,Dean Blunt,BR,18,f,UK,Male
900,7,0.3333333333333333,Bob Marley & The Wailers,BR,18,f,JM,Male
900,8,0.31546487678572877,Leonard Cohen,BR,18,f,CA,Male
900,9,0.3010299956639812,Marilyn Manson,BR,18,f,US,Male
900,10,0.2890648263178879,Mac DeMarco,BR,18,f,CA,Male
901,1,1.0,Lisa Miskovsky,MX,24,f,SE,Female
901,2,0.6309297535714575,Noisestorm,MX,24,f,IE,Male
901,3,0.5,Jonathan Davis,MX,24,f,US,Male
901,4,0.43067655807339306,Mr.Kitty,MX,24,f,US,Male
901,5,0.38685280723454163,Moby,MX,24,f,US,Male
901,6,0.3562071871080222,Rita Ora,MX,24,f,UK,Female
901,7,0.3333333333333333,Emperor,MX,24,f,UK,Male
901,8,0.31546487678572877,Bonnie Raitt,MX,24,f,US,Female
901,9,0.3010299956639812,YOB,MX,24,f,UK,Male
901,10,0.2890648263178879,Moby,MX,24,f,US,Male
902,1,1.0,Michael Jackson,BR,15,m,US,Male
902,2,0.6309297535714575,Bob Marley & The Wailers,BR,15,m,JM,Male
902,3,0.5,James Blake,BR,15,m,UK,Male
902,4,0.43067655807339306,Aaron Smith,BR,15,m,US,Male
902,5,0.38685280723454163,Rush,BR,15,m,US,Male
902,6,0.3562071871080222,Toro y Moi,BR,15,m,US,Male
902,7,0.3333333333333333,Rush,BR,15,m,US,Male
902,8,0.31546487678572877,Sia,BR,15,m,AU,Female
902,9,0.3010299956639812,Carpenter Brut,BR,15,m,FR,Male
902,10,0.2890648263178879,James Blake,BR,15,m,UK,Male
903,1,1.0,Vitalic,RU,21,m,FR,Male
903,2,0.6309297535714575,Gwen Stefani,RU,21,m,US,Female
903,3,0.5,Madonna,RU,21,m,US,Female
903,4,0.43067655807339306,Nik Kershaw,RU,21,m,UK,Male
903,5,0.38685280723454163,Taylor Swift,RU,21,m,US,Female
903,6,0.3562071871080222,DJ Shadow,RU,21,m,US,Male
903,7,0.3333333333333333,Ariana Grande,RU,21,m,US,Female
903,8,0.31546487678572877,Grimes,RU,21,m,CA,Female
903,9,0.3010299956639812,Machine Head,RU,21,m,JP,Male
903,10,0.2890648263178879,Michael Jackson,RU,21,m,US,Male
904,1,1.0,Corinne Bailey Rae,BR,18,m,UK,Female
904,2,0.6309297535714575,Michael Sembello,BR,18,m,US,Male
904,3,0.5,Ellie Goulding,BR,18,m,UK,Female
904,4,0.43067655807339306,Queen,BR,18,m,JP,Female
904,5,0.38685280723454163,James Blake,BR,18,m,UK,Male
904,6,0.3562071871080222,Billy Joel,BR,18,m,US,Male
904,7,0.3333333333333333,Eminem,BR,18,m,US,Male
904,8,0.31546487678572877,Queen,BR,18,m,JP,Female
904,9,0.3010299956639812,Bob Marley & The Wailers,BR,18,m,JM,Male
904,10,0.2890648263178879,Queen,BR,18,m,JP,Female
905,1,1.0,Kelis,NL,22,f,US,Female
905,2,0.6309297535714575,Kacey Musgraves,NL,22,f,US,Female
905,3,0.5,Michael Jackson,NL,22,f,US,Male
905,4,0.43067655807339306,Gwen Stefani,NL,22,f,US,Female
905,5,0.38685280723454163,Perturbator,NL,22,f,FR,Male
905,6,0.3562071871080222,Ariana Grande,NL,22,f,US,Female
905,7,0.3333333333333333,Mr.Kitty,NL,22,f,US,Male
905,8,0.31546487678572877,Taylor Swift,NL,22,f,US,Female
905,9,0.3010299956639812,Thom Yorke,NL,22,f,UK,Male
905,10,0.2890648263178879,Madonna,NL,22,f,US,Female
906,1,1.0,Beyoncé,BR,18,m,US,Female
906,2,0.6309297535714575,Kelis,BR,18,m,US,Female
906,3,0.5,Madonna,BR,18,m,US,Female
906,4,0.43067655807339306,James Blake,BR,18,m,UK,Male
906,5,0.38685280723454163,Gwen Stefani,BR,18,m,US,Female
906,6,0.3562071871080222,Taylor Swift,BR,18,m,US,Female
906,7,0.3333333333333333,DJ Shadow,BR,18,m,US,Male
906,8,0.31546487678572877,Grimes,BR,18,m,CA,Female
906,9,0.3010299956639812,Ariana Grande,BR,18,m,US,Female
906,10,0.2890648263178879,Kacey Musgraves,BR,18,m,US,Female
907,1,1.0,Madonna,BY,30,m,US,Female
907,2,0.6309297535714575,Rod Stewart,BY,30,m,UK,Male
907,3,0.5,Neneh Cherry,BY,30,m,SE,Female
907,4,0.43067655807339306,Janelle Monáe,BY,30,m,US,Non-binary
907,5,0.38685280723454163,Rihanna,BY,30,m,UK,Female
907,6,0.3562071871080222,Ariana Grande,BY,30,m,US,Female
907,7,0.3333333333333333,Lisa Miskovsky,BY,30,m,SE,Female
907,8,0.31546487678572877,Kylie Minogue,BY,30,m,AU,Female
907,9,0.3010299956639812,Pat Benatar,BY,30,m,US,Female
907,10,0.2890648263178879,Ed Sheeran,BY,30,m,UK,Male
908,1,1.0,Noisestorm,PY,42,m,IE,Male
908,2,0.6309297535714575,Ariana Grande,PY,42,m,US,Female
908,3,0.5,Ariana Grande,PY,42,m,US,Female
908,4,0.43067655807339306,Michael Jackson,PY,42,m,US,Male
908,5,0.38685280723454163,Mariah Carey,PY,42,m,US,Female
908,6,0.3562071871080222,James Blake,PY,42,m,UK,Male
908,7,0.3333333333333333,Shawn Mendes,PY,42,m,CA,Male
908,8,0.31546487678572877,Troye Sivan,PY,42,m,AU,Male
908,9,0.3010299956639812,Sia,PY,42,m,AU,Female
908,10,0.2890648263178879,Sia,PY,42,m,AU,Female
909,1,1.0,Rihanna,BE,55,m,UK,Female
909,2,0.6309297535714575,Ariana Grande,BE,55,m,US,Female
909,3,0.5,Gwen Stefani,BE,55,m,US,Female
909,4,0.43067655807339306,Britney Spears,BE,55,m,US,Female
909,5,0.38685280723454163,Kelis,BE,55,m,US,Female
909,6,0.3562071871080222,James Blake,BE,55,m,UK,Male
909,7,0.3333333333333333,Mr.Kitty,BE,55,m,US,Male
909,8,0.31546487678572877,Armin van Buuren,BE,55,m,NL,Male
909,9,0.3010299956639812,Ice Cube,BE,55,m,US,Male
909,10,0.2890648263178879,Toro y Moi,BE,55,m,US,Male
910,1,1.0,James Blake,RU,22,m,UK,Male
910,2,0.6309297535714575,James Blake,RU,22,m,UK,Male
910,3,0.5,Ariana Grande,RU,22,m,US,Female
910,4,0.43067655807339306,Kelly Clarkson,RU,22,m,US,Female
910,5,0.38685280723454163,Shawn Mendes,RU,22,m,CA,Male
910,6,0.3562071871080222,DJ Shadow,RU,22,m,US,Male
910,7,0.3333333333333333,Rod Stewart,RU,22,m,UK,Male
910,8,0.31546487678572877,Ariana Grande,RU,22,m,US,Female
910,9,0.3010299956639812,Jonathan Davis,RU,22,m,US,Male
910,10,0.2890648263178879,Troye Sivan,RU,22,m,AU,Male
911,1,1.0,Noisestorm,BR,21,m,IE,Male
911,2,0.6309297535714575,Lisa Miskovsky,BR,21,m,SE,Female
911,3,0.5,DJ Shadow,BR,21,m,US,Male
911,4,0.43067655807339306,Kacey Musgraves,BR,21,m,US,Female
911,5,0.38685280723454163,Grimes,BR,21,m,CA,Female
911,6,0.3562071871080222,Michael Jackson,BR,21,m,US,Male
911,7,0.3333333333333333,Lana Del Rey,BR,21,m,US,Female
911,8,0.31546487678572877,Kelly Clarkson,BR,21,m,US,Female
911,9,0.3010299956639812,Father John Misty,BR,21,m,US,Male
911,10,0.2890648263178879,Mr.Kitty,BR,21,m,US,Male
912,1,1.0,Ariana Grande,US,19,f,US,Female
912,2,0.6309297535714575,Toro y Moi,US,19,f,US,Male
912,3,0.5,Rihanna,US,19,f,UK,Female
912,4,0.43067655807339306,James Blake,US,19,f,UK,Male
912,5,0.38685280723454163,Britney Spears,US,19,f,US,Female
912,6,0.3562071871080222,Noisestorm,US,19,f,IE,Male
912,7,0.3333333333333333,Lisa Miskovsky,US,19,f,SE,Female
912,8,0.31546487678572877,Kelis,US,19,f,US,Female
912,9,0.3010299956639812,Ariana Grande,US,19,f,US,Female
912,10,0.2890648263178879,Beyoncé,US,19,f,US,Female
913,1,1.0,Curumin,BR,32,m,BR,Male
913,2,0.6309297535714575,Alicia Keys,BR,32,m,US,Female
913,3,0.5,Caetano Veloso,BR,32,m,BR,Male
913,4,0.43067655807339306,Elis Regina,BR,32,m,BR,Female
913,5,0.38685280723454163,Chico Buarque,BR,32,m,BR,Male
913,6,0.3562071871080222,El Guincho,BR,32,m,ES,Male
913,7,0.3333333333333333,Phill Veras,BR,32,m,BR,Male
913,8,0.31546487678572877,Toni Tornado,BR,32,m,BR,Male
913,9,0.3010299956639812,Erykah Badu,BR,32,m,US,Female
913,10,0.2890648263178879,Erykah Badu,BR,32,m,US,Female
914,1,1.0,Aaron Smith,UK,20,m,US,Male
914,2,0.6309297535714575,Vitalic,UK,20,m,FR,Male
914,3,0.5,Nik Kershaw,UK,20,m,UK,Male
914,4,0.43067655807339306,Perturbator,UK,20,m,FR,Male
914,5,0.38685280723454163,Machine Head,UK,20,m,JP,Male
914,6,0.3562071871080222,Lisa Miskovsky,UK,20,m,SE,Female
914,7,0.3333333333333333,Michael Jackson,UK,20,m,US,Male
914,8,0.31546487678572877,Noisestorm,UK,20,m,IE,Male
914,9,0.3010299956639812,Kelly Clarkson,UK,20,m,US,Female
914,10,0.2890648263178879,Troye Sivan,UK,20,m,AU,Male
915,1,1.0,Queen,FI,25,m,JP,Female
915,2,0.6309297535714575,Queen,FI,25,m,JP,Female
915,3,0.5,KT Tunstall,FI,25,m,UK,Female
915,4,0.43067655807339306,Frank Zappa,FI,25,m,US,Male
915,5,0.38685280723454163,Venom,FI,25,m,UK,Male
915,6,0.3562071871080222,Nile,FI,25,m,US,Female
915,7,0.3333333333333333,Queen,FI,25,m,JP,Female
915,8,0.31546487678572877,Machine Head,FI,25,m,JP,Male
915,9,0.3010299956639812,Patti Smith,FI,25,m,US,Female
915,10,0.2890648263178879,Queen,FI,25,m,JP,Female
916,1,1.0,James Blake,FI,20,f,UK,Male
916,2,0.6309297535714575,Michael Jackson,FI,20,f,US,Male
916,3,0.5,Beyoncé,FI,20,f,US,Female
916,4,0.43067655807339306,Kelis,FI,20,f,US,Female
916,5,0.38685280723454163,Jonathan Davis,FI,20,f,US,Male
916,6,0.3562071871080222,Taylor Swift,FI,20,f,US,Female
916,7,0.3333333333333333,Moby,FI,20,f,US,Male
916,8,0.31546487678572877,Madonna,FI,20,f,US,Female
916,9,0.3010299956639812,James Blake,FI,20,f,UK,Male
916,10,0.2890648263178879,Grimes,FI,20,f,CA,Female
917,1,1.0,Rihanna,RU,22,m,UK,Female
917,2,0.6309297535714575,Kelis,RU,22,m,US,Female
917,3,0.5,Britney Spears,RU,22,m,US,Female
917,4,0.43067655807339306,Ariana Grande,RU,22,m,US,Female
917,5,0.38685280723454163,Ariana Grande,RU,22,m,US,Female
917,6,0.3562071871080222,Toro y Moi,RU,22,m,US,Male
917,7,0.3333333333333333,Ice Cube,RU,22,m,US,Male
917,8,0.31546487678572877,Shawn Mendes,RU,22,m,CA,Male
917,9,0.3010299956639812,Taylor Swift,RU,22,m,US,Female
917,10,0.2890648263178879,deadmau5,RU,22,m,CA,Male
918,1,1.0,Kelis,BR,20,m,US,Female
918,2,0.6309297535714575,Gwen Stefani,BR,20,m,US,Female
918,3,0.5,Michael Jackson,BR,20,m,US,Male
918,4,0.43067655807339306,Taylor Swift,BR,20,m,US,Female
918,5,0.38685280723454163,Madonna,BR,20,m,US,Female
918,6,0.3562071871080222,James Blake,BR,20,m,UK,Male
918,7,0.3333333333333333,Grimes,BR,20,m,CA,Female
918,8,0.31546487678572877,Jonathan Davis,BR,20,m,US,Male
918,9,0.3010299956639812,DJ Shadow,BR,20,m,US,Male
918,10,0.2890648263178879,Moby,BR,20,m,US,Male
919,1,1.0,Bob Marley & The Wailers,UZ,23,m,JM,Male
919,2,0.6309297535714575,Michael Jackson,UZ,23,m,US,Male
919,3,0.5,Adele,UZ,23,m,UK,Female
919,4,0.43067655807339306,Serj Tankian,UZ,23,m,US,Male
919,5,0.38685280723454163,Carpenter Brut,UZ,23,m,FR,Male
919,6,0.3562071871080222,Madonna,UZ,23,m,US,Female
919,7,0.3333333333333333,Rush,UZ,23,m,US,Male
919,8,0.31546487678572877,Rob Zombie,UZ,23,m,US,Male
919,9,0.3010299956639812,Taylor Swift,UZ,23,m,US,Female
919,10,0.2890648263178879,Vanessa Carlton,UZ,23,m,US,Female
920,1,1.0,Lisa Miskovsky,EE,19,m,SE,Female
920,2,0.6309297535714575,Rihanna,EE,19,m,UK,Female
920,3,0.5,Kelis,EE,19,m,US,Female
920,4,0.43067655807339306,Mr.Kitty,EE,19,m,US,Male
920,5,0.38685280723454163,Ariana Grande,EE,19,m,US,Female
920,6,0.3562071871080222,Gwen Stefani,EE,19,m,US,Female
920,7,0.3333333333333333,Ariana Grande,EE,19,m,US,Female
920,8,0.31546487678572877,Michael Jackson,EE,19,m,US,Male
920,9,0.3010299956639812,Rod Stewart,EE,19,m,UK,Male
920,10,0.2890648263178879,Armin van Buuren,EE,19,m,NL,Male
921,1,1.0,Bob Marley & The Wailers,RU,19,m,JM,Male
921,2,0.6309297535714575,Michael Jackson,RU,19,m,US,Male
921,3,0.5,Serj Tankian,RU,19,m,US,Male
921,4,0.43067655807339306,Rush,RU,19,m,US,Male
921,5,0.38685280723454163,Rob Zombie,RU,19,m,US,Male
921,6,0.3562071871080222,Ice Cube,RU,19,m,US,Male
921,7,0.3333333333333333,Rush,RU,19,m,US,Male
921,8,0.31546487678572877,Aaron Smith,RU,19,m,US,Male
921,9,0.3010299956639812,Carpenter Brut,RU,19,m,FR,Male
921,10,0.2890648263178879,DJ Shadow,RU,19,m,US,Male
922,1,1.0,Michael Jackson,BG,22,m,US,Male
922,2,0.6309297535714575,Ariana Grande,BG,22,m,US,Female
922,3,0.5,Grimes,BG,22,m,CA,Female
922,4,0.43067655807339306,Kacey Musgraves,BG,22,m,US,Female
922,5,0.38685280723454163,Mr.Kitty,BG,22,m,US,Male
922,6,0.3562071871080222,Kelly Clarkson,BG,22,m,US,Female
922,7,0.3333333333333333,Father John Misty,BG,22,m,US,Male
922,8,0.31546487678572877,Shawn Mendes,BG,22,m,CA,Male
922,9,0.3010299956639812,Rihanna,BG,22,m,UK,Female
922,10,0.2890648263178879,Armin van Buuren,BG,22,m,NL,Male
923,1,1.0,Dean Blunt,GE,18,f,UK,Male
923,2,0.6309297535714575,Queen,GE,18,f,JP,Female
923,3,0.5,Taylor Swift,GE,18,f,US,Female
923,4,0.43067655807339306,Leonard Cohen,GE,18,f,CA,Male
923,5,0.38685280723454163,Adele,GE,18,f,UK,Female
923,6,0.3562071871080222,Michael Sembello,GE,18,f,US,Male
923,7,0.3333333333333333,Bob Marley & The Wailers,GE,18,f,JM,Male
923,8,0.31546487678572877,Mahmood,GE,18,f,IT,Male
923,9,0.3010299956639812,M. Ward,GE,18,f,US,Male
923,10,0.2890648263178879,Mac DeMarco,GE,18,f,CA,Male
924,1,1.0,Noisestorm,PH,19,m,IE,Male
924,2,0.6309297535714575,Toro y Moi,PH,19,m,US,Male
924,3,0.5,Britney Spears,PH,19,m,US,Female
924,4,0.43067655807339306,Michael Jackson,PH,19,m,US,Male
924,5,0.38685280723454163,Queen,PH,19,m,JP,Female
924,6,0.3562071871080222,Marilyn Manson,PH,19,m,US,Male
924,7,0.3333333333333333,James Blake,PH,19,m,UK,Male
924,8,0.31546487678572877,Ice Cube,PH,19,m,US,Male
924,9,0.3010299956639812,Mr.Kitty,PH,19,m,US,Male
924,10,0.2890648263178879,Ariana Grande,PH,19,m,US,Female
925,1,1.0,Bob Marley & The Wailers,DE,28,m,JM,Male
925,2,0.6309297535714575,KT Tunstall,DE,28,m,UK,Female
925,3,0.5,Marilyn Manson,DE,28,m,US,Male
925,4,0.43067655807339306,Carpenter Brut,DE,28,m,FR,Male
925,5,0.38685280723454163,Dolly Parton,DE,28,m,US,Female
925,6,0.3562071871080222,Beck,DE,28,m,DK,Male
925,7,0.3333333333333333,David Bowie,DE,28,m,UK,Male
925,8,0.31546487678572877,Bryan Adams,DE,28,m,CA,Male
925,9,0.3010299956639812,Carpenter Brut,DE,28,m,FR,Male
925,10,0.2890648263178879,Chuck Berry,DE,28,m,US,Male
926,1,1.0,Travis Scott,PL,25,m,US,Male
926,2,0.6309297535714575,Janelle Monáe,PL,25,m,US,Non-binary
926,3,0.5,Nik Kershaw,PL,25,m,UK,Male
926,4,0.43067655807339306,Rita Ora,PL,25,m,UK,Female
926,5,0.38685280723454163,Ariana Grande,PL,25,m,US,Female
926,6,0.3562071871080222,Noisestorm,PL,25,m,IE,Male
926,7,0.3333333333333333,Toro y Moi,PL,25,m,US,Male
926,8,0.31546487678572877,Adele,PL,25,m,UK,Female
926,9,0.3010299956639812,Perturbator,PL,25,m,FR,Male
926,10,0.2890648263178879,Paula Abdul,PL,25,m,US,Female
927,1,1.0,James Blake,ID,20,m,UK,Male
927,2,0.6309297535714575,Vitalic,ID,20,m,FR,Male
927,3,0.5,Nik Kershaw,ID,20,m,UK,Male
927,4,0.43067655807339306,Toro y Moi,ID,20,m,US,Male
927,5,0.38685280723454163,Troye Sivan,ID,20,m,AU,Male
927,6,0.3562071871080222,Machine Head,ID,20,m,JP,Male
927,7,0.3333333333333333,Perturbator,ID,20,m,FR,Male
927,8,0.31546487678572877,Noisestorm,ID,20,m,IE,Male
927,9,0.3010299956639812,J Balvin,ID,20,m,CO,Male
927,10,0.2890648263178879,Michael Jackson,ID,20,m,US,Male
928,1,1.0,Grimes,PL,14,m,CA,Female
928,2,0.6309297535714575,Bob Marley & The Wailers,PL,14,m,JM,Male
928,3,0.5,Michael Jackson,PL,14,m,US,Male
928,4,0.43067655807339306,Gwen Stefani,PL,14,m,US,Female
928,5,0.38685280723454163,Serj Tankian,PL,14,m,US,Male
928,6,0.3562071871080222,Rush,PL,14,m,US,Male
928,7,0.3333333333333333,Vanessa Carlton,PL,14,m,US,Female
928,8,0.31546487678572877,Rush,PL,14,m,US,Male
928,9,0.3010299956639812,Grimes,PL,14,m,CA,Female
928,10,0.2890648263178879,Aaron Smith,PL,14,m,US,Male
929,1,1.0,Nik Kershaw,BR,18,f,UK,Male
929,2,0.6309297535714575,Grimes,BR,18,f,CA,Female
929,3,0.5,Rihanna,BR,18,f,UK,Female
929,4,0.43067655807339306,Kacey Musgraves,BR,18,f,US,Female
929,5,0.38685280723454163,Lisa Miskovsky,BR,18,f,SE,Female
929,6,0.3562071871080222,Tycho,BR,18,f,US,Male
929,7,0.3333333333333333,Ariana Grande,BR,18,f,US,Female
929,8,0.31546487678572877,Adele,BR,18,f,UK,Female
929,9,0.3010299956639812,Beyoncé,BR,18,f,US,Female
929,10,0.2890648263178879,Gwen Stefani,BR,18,f,US,Female
930,1,1.0,Vitalic,DE,33,m,FR,Male
930,2,0.6309297535714575,DJ Shadow,DE,33,m,US,Male
930,3,0.5,Grimes,DE,33,m,CA,Female
930,4,0.43067655807339306,Machine Head,DE,33,m,JP,Male
930,5,0.38685280723454163,Perturbator,DE,33,m,FR,Male
930,6,0.3562071871080222,Noisestorm,DE,33,m,IE,Male
930,7,0.3333333333333333,Michael Jackson,DE,33,m,US,Male
930,8,0.31546487678572877,Aldous Harding,DE,33,m,NZ,Female
930,9,0.3010299956639812,Lisa Miskovsky,DE,33,m,SE,Female
930,10,0.2890648263178879,Tycho,DE,33,m,US,Male
931,1,1.0,Machine Head,US,37,m,JP,Male
931,2,0.6309297535714575,Nik Kershaw,US,37,m,UK,Male
931,3,0.5,Rihanna,US,37,m,UK,Female
931,4,0.43067655807339306,Perturbator,US,37,m,FR,Male
931,5,0.38685280723454163,Lisa Miskovsky,US,37,m,SE,Female
931,6,0.3562071871080222,Noisestorm,US,37,m,IE,Male
931,7,0.3333333333333333,Kelis,US,37,m,US,Female
931,8,0.31546487678572877,Gwen Stefani,US,37,m,US,Female
931,9,0.3010299956639812,Ariana Grande,US,37,m,US,Female
931,10,0.2890648263178879,Beyoncé,US,37,m,US,Female
932,1,1.0,Grouper,CA,17,m,US,Female
932,2,0.6309297535714575,Queen,CA,17,m,JP,Female
932,3,0.5,Caribou,CA,17,m,CA,Male
932,4,0.43067655807339306,Ariana Grande,CA,17,m,US,Female
932,5,0.38685280723454163,Taylor Swift,CA,17,m,US,Female
932,6,0.3562071871080222,Dean Blunt,CA,17,m,UK,Male
932,7,0.3333333333333333,Bob Marley & The Wailers,CA,17,m,JM,Male
932,8,0.31546487678572877,Michael Sembello,CA,17,m,US,Male
932,9,0.3010299956639812,Mac DeMarco,CA,17,m,CA,Male
932,10,0.2890648263178879,Marilyn Manson,CA,17,m,US,Male
933,1,1.0,Kelis,RU,15,m,US,Female
933,2,0.6309297535714575,Perturbator,RU,15,m,FR,Male
933,3,0.5,Taylor Swift,RU,15,m,US,Female
933,4,0.43067655807339306,Madonna,RU,15,m,US,Female
933,5,0.38685280723454163,Lisa Miskovsky,RU,15,m,SE,Female
933,6,0.3562071871080222,Michael Jackson,RU,15,m,US,Male
933,7,0.3333333333333333,Grimes,RU,15,m,CA,Female
933,8,0.31546487678572877,Ariana Grande,RU,15,m,US,Female
933,9,0.3010299956639812,Mr.Kitty,RU,15,m,US,Male
933,10,0.2890648263178879,DJ Shadow,RU,15,m,US,Male
934,1,1.0,Taylor Swift,ZA,23,f,US,Female
934,2,0.6309297535714575,Devin Townsend,ZA,23,f,CA,Male
934,3,0.5,Queen,ZA,23,f,JP,Female
934,4,0.43067655807339306,Mahmood,ZA,23,f,IT,Male
934,5,0.38685280723454163,Michael Sembello,ZA,23,f,US,Male
934,6,0.3562071871080222,Eagle-Eye Cherry,ZA,23,f,SE,Male
934,7,0.3333333333333333,Marilyn Manson,ZA,23,f,US,Male
934,8,0.31546487678572877,Edwyn Collins,ZA,23,f,UK,Male
934,9,0.3010299956639812,Bob Marley & The Wailers,ZA,23,f,JM,Male
934,10,0.2890648263178879,Bryan Adams,ZA,23,f,CA,Male
935,1,1.0,Beyoncé,MX,21,m,US,Female
935,2,0.6309297535714575,Frank Ocean,MX,21,m,US,Male
935,3,0.5,Grimes,MX,21,m,CA,Female
935,4,0.43067655807339306,Bob Marley & The Wailers,MX,21,m,JM,Male
935,5,0.38685280723454163,Björk,MX,21,m,IS,Female
935,6,0.3562071871080222,Elvis Presley,MX,21,m,US,Male
935,7,0.3333333333333333,Rush,MX,21,m,US,Male
935,8,0.31546487678572877,Justin Timberlake,MX,21,m,US,Male
935,9,0.3010299956639812,Miley Cyrus,MX,21,m,US,Non-binary
935,10,0.2890648263178879,Queen,MX,21,m,JP,Female
936,1,1.0,Beyoncé,RU,19,f,US,Female
936,2,0.6309297535714575,Kelis,RU,19,f,US,Female
936,3,0.5,Gwen Stefani,RU,19,f,US,Female
936,4,0.43067655807339306,Grimes,RU,19,f,CA,Female
936,5,0.38685280723454163,Taylor Swift,RU,19,f,US,Female
936,6,0.3562071871080222,Madonna,RU,19,f,US,Female
936,7,0.3333333333333333,DJ Shadow,RU,19,f,US,Male
936,8,0.31546487678572877,Kacey Musgraves,RU,19,f,US,Female
936,9,0.3010299956639812,Rod Stewart,RU,19,f,UK,Male
936,10,0.2890648263178879,Ariana Grande,RU,19,f,US,Female
937,1,1.0,Britney Spears,UA,17,f,US,Female
937,2,0.6309297535714575,Nick Drake,UA,17,f,UK,Male
937,3,0.5,Pusha T,UA,17,f,US,Male
937,4,0.43067655807339306,Kanye West,UA,17,f,US,Male
937,5,0.38685280723454163,Damien Jurado,UA,17,f,US,Male
937,6,0.3562071871080222,PJ Harvey,UA,17,f,UK,Female
937,7,0.3333333333333333,James Blake,UA,17,f,UK,Male
937,8,0.31546487678572877,Chuck Berry,UA,17,f,US,Male
937,9,0.3010299956639812,Angel Olsen,UA,17,f,US,Female
937,10,0.2890648263178879,Kevin Morby,UA,17,f,US,Male
938,1,1.0,John Mayer,SE,21,m,IN,Male
938,2,0.6309297535714575,Rihanna,SE,21,m,UK,Female
938,3,0.5,Ed Sheeran,SE,21,m,UK,Male
938,4,0.43067655807339306,Toro y Moi,SE,21,m,US,Male
938,5,0.38685280723454163,Billy Joel,SE,21,m,US,Male
938,6,0.3562071871080222,Queen,SE,21,m,JP,Female
938,7,0.3333333333333333,Corinne Bailey Rae,SE,21,m,UK,Female
938,8,0.31546487678572877,Moby,SE,21,m,US,Male
938,9,0.3010299956639812,Eminem,SE,21,m,US,Male
938,10,0.2890648263178879,Bob Marley & The Wailers,SE,21,m,JM,Male
939,1,1.0,Bob Marley & The Wailers,RU,19,m,JM,Male
939,2,0.6309297535714575,Ozzy Osbourne,RU,19,m,UK,Male
939,3,0.5,Miley Cyrus,RU,19,m,US,Non-binary
939,4,0.43067655807339306,Vitalic,RU,19,m,FR,Male
939,5,0.38685280723454163,Miley Cyrus,RU,19,m,US,Non-binary
939,6,0.3562071871080222,John Mayer,RU,19,m,IN,Male
939,7,0.3333333333333333,Janelle Monáe,RU,19,m,US,Non-binary
939,8,0.31546487678572877,Adele,RU,19,m,UK,Female
939,9,0.3010299956639812,Norah Jones,RU,19,m,US,Female
939,10,0.2890648263178879,Vanessa Carlton,RU,19,m,US,Female
