user_id,rank,exposure,artist,user_country,user_age,user_gender,artist_country,artist_gender
824,1,1.0,Britney Spears,PL,19,m,US,Female
824,2,0.6309297535714575,Mariah Carey,PL,19,m,US,Female
824,3,0.5,Travis Scott,PL,19,m,US,Male
824,4,0.43067655807339306,RuPaul,PL,19,m,US,Female
824,5,0.38685280723454163,Britney Spears,PL,19,m,US,Female
824,7,0.3333333333333333,Chuck Berry,PL,19,m,US,Male
824,8,0.31546487678572877,James Blake,PL,19,m,UK,Male
824,9,0.3010299956639812,Björk,PL,19,m,IS,Female
824,10,0.2890648263178879,James Blake,PL,19,m,UK,Male
824,6,0.3562071871080222,Rihanna,PL,19,m,UK,Female
619,1,1.0,Emperor,CZ,27,m,UK,Male
619,2,0.6309297535714575,Mayhem,CZ,27,m,CA,Female
619,3,0.5,Emperor,CZ,27,m,UK,Male
619,4,0.43067655807339306,Emperor,CZ,27,m,UK,Male
619,5,0.38685280723454163,Emperor,CZ,27,m,UK,Male
619,6,0.3562071871080222,Ihsahn,CZ,27,m,NO,Male
619,7,0.3333333333333333,Thom Yorke,CZ,27,m,UK,Male
619,8,0.31546487678572877,Devin Townsend,CZ,27,m,CA,Male
619,9,0.3010299956639812,Devin Townsend,CZ,27,m,CA,Male
619,10,0.2890648263178879,Devin Townsend,CZ,27,m,CA,Male
826,1,1.0,Leonard Cohen,HR,20,f,CA,Male
826,2,0.6309297535714575,Ozzy Osbourne,HR,20,f,UK,Male
826,3,0.5,Marilyn Manson,HR,20,f,US,Male
826,4,0.43067655807339306,Marilyn Manson,HR,20,f,US,Male
826,5,0.38685280723454163,Ozzy Osbourne,HR,20,f,UK,Male
826,6,0.3562071871080222,Ozzy Osbourne,HR,20,f,UK,Male
826,7,0.3333333333333333,Marilyn Manson,HR,20,f,US,Male
826,8,0.31546487678572877,Marilyn Manson,HR,20,f,US,Male
826,9,0.3010299956639812,Marilyn Manson,HR,20,f,US,Male
826,10,0.2890648263178879,Ozzy Osbourne,HR,20,f,UK,Male
616,1,1.0,Tom Waits,BR,18,m,US,Male
616,2,0.6309297535714575,Townes Van Zandt,BR,18,m,US,Male
616,3,0.5,Big Mama Thornton,BR,18,m,US,Female
616,4,0.43067655807339306,Marissa Nadler,BR,18,m,US,Female
616,5,0.38685280723454163,John Cale,BR,18,m,US,Male
616,6,0.3562071871080222,Bob Dylan,BR,18,m,US,Male
616,7,0.3333333333333333,Isaac Hayes,BR,18,m,US,Male
616,9,0.3010299956639812,Don Patricio,BR,18,m,ES,Male
616,10,0.2890648263178879,Dean Blunt,BR,18,m,UK,Male
616,8,0.31546487678572877,King Krule,BR,18,m,UK,Male
161,1,1.0,Duncan Laurence,FI,19,m,NL,Male
161,2,0.6309297535714575,Taylor Swift,FI,19,m,US,Female
161,3,0.5,Marilyn Manson,FI,19,m,US,Male
161,4,0.43067655807339306,Dido,FI,19,m,UK,Female
161,10,0.2890648263178879,Avril Lavigne,FI,19,m,CA,Female
161,9,0.3010299956639812,Rita Ora,FI,19,m,UK,Female
161,8,0.31546487678572877,Mahmood,FI,19,m,IT,Male
161,7,0.3333333333333333,Alexandra Stan,FI,19,m,RO,Female
161,6,0.3562071871080222,Dido,FI,19,m,UK,Female
161,5,0.38685280723454163,Kygo,FI,19,m,NO,Male
452,1,1.0,Dimension,RU,32,m,ES,Male
452,2,0.6309297535714575,Moby,RU,32,m,US,Male
452,3,0.5,Klaas,RU,32,m,DE,Male
452,4,0.43067655807339306,Noisestorm,RU,32,m,IE,Male
452,5,0.38685280723454163,Carpenter Brut,RU,32,m,FR,Male
452,6,0.3562071871080222,Aaron Smith,RU,32,m,US,Male
452,8,0.31546487678572877,Marilyn Manson,RU,32,m,US,Male
452,10,0.2890648263178879,Timmy Trumpet,RU,32,m,AU,Male
452,9,0.3010299956639812,Tom Odell,RU,32,m,UK,Male
452,7,0.3333333333333333,Carpenter Brut,RU,32,m,FR,Male
725,1,1.0,Sufjan Stevens,NL,27,f,US,Male
725,2,0.6309297535714575,Father John Misty,NL,27,f,US,Male
725,3,0.5,Sufjan Stevens,NL,27,f,US,Male
725,4,0.43067655807339306,Paul Simon,NL,27,f,US,Male
725,5,0.38685280723454163,M. Ward,NL,27,f,US,Male
725,6,0.3562071871080222,Sufjan Stevens,NL,27,f,US,Male
725,7,0.3333333333333333,Paul Simon,NL,27,f,US,Male
725,9,0.3010299956639812,Paolo Nutini,NL,27,f,UK,Male
725,10,0.2890648263178879,Thom Yorke,NL,27,f,UK,Male
725,8,0.31546487678572877,James Vincent McMorrow,NL,27,f,IE,Male
896,1,1.0,Lana Del Rey,BG,14,m,US,Female
896,2,0.6309297535714575,Lana Del Rey,BG,14,m,US,Female
896,3,0.5,Marilyn Manson,BG,14,m,US,Male
896,4,0.43067655807339306,Grimes,BG,14,m,CA,Female
896,5,0.38685280723454163,Chris Isaak,BG,14,m,US,Male
896,6,0.3562071871080222,Beck,BG,14,m,DK,Male
896,7,0.3333333333333333,Lana Del Rey,BG,14,m,US,Female
896,8,0.31546487678572877,Tame Impala,BG,14,m,AU,Male
896,10,0.2890648263178879,Seal,BG,14,m,UK,Male
896,9,0.3010299956639812,David Bowie,BG,14,m,UK,Male
432,1,1.0,Queen,VN,23,m,JP,Female
432,2,0.6309297535714575,Queen,VN,23,m,JP,Female
432,3,0.5,Queen,VN,23,m,JP,Female
432,4,0.43067655807339306,Queen,VN,23,m,JP,Female
432,5,0.38685280723454163,Queen,VN,23,m,JP,Female
432,6,0.3562071871080222,Queen,VN,23,m,JP,Female
432,7,0.3333333333333333,Queen,VN,23,m,JP,Female
432,8,0.31546487678572877,Queen,VN,23,m,JP,Female
432,9,0.3010299956639812,Queen,VN,23,m,JP,Female
432,10,0.2890648263178879,YOB,VN,23,m,UK,Male
277,1,1.0,Wildstylez,PL,28,m,NL,Male
277,2,0.6309297535714575,Nile,PL,28,m,US,Female
277,3,0.5,Valentino Khan,PL,28,m,US,Male
277,4,0.43067655807339306,Jauz,PL,28,m,US,Male
277,5,0.38685280723454163,Shiba San,PL,28,m,FR,Male
277,6,0.3562071871080222,Laurel Halo,PL,28,m,US,Female
277,7,0.3333333333333333,Venom,PL,28,m,UK,Male
277,8,0.31546487678572877,Headhunterz,PL,28,m,NL,Male
277,10,0.2890648263178879,Cássia Eller,PL,28,m,BR,Female
277,9,0.3010299956639812,Venom,PL,28,m,UK,Male
569,1,1.0,Queen,RU,26,m,JP,Female
569,2,0.6309297535714575,Emperor,RU,26,m,UK,Male
569,3,0.5,Queen,RU,26,m,JP,Female
569,4,0.43067655807339306,Queen,RU,26,m,JP,Female
569,5,0.38685280723454163,Ihsahn,RU,26,m,NO,Male
569,6,0.3562071871080222,Queen,RU,26,m,JP,Female
569,7,0.3333333333333333,Queen,RU,26,m,JP,Female
569,9,0.3010299956639812,Mayhem,RU,26,m,CA,Female
569,10,0.2890648263178879,Emperor,RU,26,m,UK,Male
569,8,0.31546487678572877,Emperor,RU,26,m,UK,Male
97,1,1.0,Chuck Berry,SE,23,m,US,Male
97,2,0.6309297535714575,Beck,SE,23,m,DK,Male
97,3,0.5,Grimes,SE,23,m,CA,Female
97,4,0.43067655807339306,Weyes Blood,SE,23,m,US,Female
97,5,0.38685280723454163,Tame Impala,SE,23,m,AU,Male
97,7,0.3333333333333333,Björk,SE,23,m,IS,Female
97,8,0.31546487678572877,PJ Harvey,SE,23,m,UK,Female
97,9,0.3010299956639812,Weyes Blood,SE,23,m,US,Female
97,10,0.2890648263178879,Mahmood,SE,23,m,IT,Male
97,6,0.3562071871080222,Ben Howard,SE,23,m,UK,Male
91,1,1.0,Ariana Grande,US,25,m,US,Female
91,2,0.6309297535714575,Britney Spears,US,25,m,US,Female
91,3,0.5,Britney Spears,US,25,m,US,Female
91,4,0.43067655807339306,Lana Del Rey,US,25,m,US,Female
91,6,0.3562071871080222,Tame Impala,US,25,m,AU,Male
91,7,0.3333333333333333,Avril Lavigne,US,25,m,CA,Female
91,8,0.31546487678572877,Lana Del Rey,US,25,m,US,Female
91,9,0.3010299956639812,Haddaway,US,25,m,DE,Male
91,10,0.2890648263178879,Grimes,US,25,m,CA,Female
91,5,0.38685280723454163,Girl In Red,US,25,m,NO,Female
655,1,1.0,Britney Spears,RU,30,m,US,Female
655,3,0.5,AFI,RU,30,m,US,Female
655,10,0.2890648263178879,Sia,RU,30,m,AU,Female
655,9,0.3010299956639812,Björk,RU,30,m,IS,Female
655,8,0.31546487678572877,Carpenter Brut,RU,30,m,FR,Male
655,7,0.3333333333333333,Mika,RU,30,m,BA,Male
655,6,0.3562071871080222,Perturbator,RU,30,m,FR,Male
655,5,0.38685280723454163,Carpenter Brut,RU,30,m,FR,Male
655,4,0.43067655807339306,The Avener,RU,30,m,FR,Male
655,2,0.6309297535714575,Lost Frequencies,RU,30,m,BE,Male
795,1,1.0,Bryan Adams,US,19,m,CA,Male
795,2,0.6309297535714575,Britney Spears,US,19,m,US,Female
795,3,0.5,Britney Spears,US,19,m,US,Female
795,5,0.38685280723454163,Avril Lavigne,US,19,m,CA,Female
795,6,0.3562071871080222,John Mayer,US,19,m,IN,Male
795,10,0.2890648263178879,Seal,US,19,m,UK,Male
795,9,0.3010299956639812,Corinne Bailey Rae,US,19,m,UK,Female
795,8,0.31546487678572877,Steve Winwood,US,19,m,UK,Male
795,7,0.3333333333333333,Eric Clapton,US,19,m,UK,Male
795,4,0.43067655807339306,George Ezra,US,19,m,UK,Male
793,1,1.0,Ariana Grande,PL,16,m,US,Female
793,2,0.6309297535714575,Robyn,PL,16,m,SE,Female
793,3,0.5,Kacey Musgraves,PL,16,m,US,Female
793,4,0.43067655807339306,Taylor Swift,PL,16,m,US,Female
793,5,0.38685280723454163,Mariah Carey,PL,16,m,US,Female
793,6,0.3562071871080222,Frank Ocean,PL,16,m,US,Male
793,7,0.3333333333333333,Lana Del Rey,PL,16,m,US,Female
793,10,0.2890648263178879,Troye Sivan,PL,16,m,AU,Male
793,9,0.3010299956639812,Jessie J,PL,16,m,UK,Female
793,8,0.31546487678572877,Rihanna,PL,16,m,UK,Female
492,1,1.0,Ariana Grande,UK,34,m,US,Female
492,2,0.6309297535714575,Pitty,UK,34,m,BR,Female
492,4,0.43067655807339306,Britney Spears,UK,34,m,US,Female
492,7,0.3333333333333333,Ariana Grande,UK,34,m,US,Female
492,10,0.2890648263178879,Shakira,UK,34,m,CO,Female
492,9,0.3010299956639812,Pitty,UK,34,m,BR,Female
492,8,0.31546487678572877,Kate Bush,UK,34,m,UK,Female
492,6,0.3562071871080222,Jessie J,UK,34,m,UK,Female
492,5,0.38685280723454163,Amy Winehouse,UK,34,m,UK,Female
492,3,0.5,Sandy,UK,34,m,FR,Female
837,1,1.0,Ariana Grande,BR,21,m,US,Female
837,2,0.6309297535714575,Lana Del Rey,BR,21,m,US,Female
837,3,0.5,Britney Spears,BR,21,m,US,Female
837,4,0.43067655807339306,Britney Spears,BR,21,m,US,Female
837,5,0.38685280723454163,Britney Spears,BR,21,m,US,Female
837,6,0.3562071871080222,Jessie J,BR,21,m,UK,Female
837,7,0.3333333333333333,Rihanna,BR,21,m,UK,Female
837,8,0.31546487678572877,Sia,BR,21,m,AU,Female
837,9,0.3010299956639812,Rihanna,BR,21,m,UK,Female
837,10,0.2890648263178879,Rihanna,BR,21,m,UK,Female
875,1,1.0,Haddaway,FI,22,m,DE,Male
875,2,0.6309297535714575,Britney Spears,FI,22,m,US,Female
875,3,0.5,AFI,FI,22,m,US,Female
875,4,0.43067655807339306,Mahmood,FI,22,m,IT,Male
875,5,0.38685280723454163,Michael Sembello,FI,22,m,US,Male
875,6,0.3562071871080222,Robyn,FI,22,m,SE,Female
875,7,0.3333333333333333,Marilyn Manson,FI,22,m,US,Male
875,10,0.2890648263178879,Bob Marley & The Wailers,FI,22,m,JM,Male
875,9,0.3010299956639812,Bob Marley & The Wailers,FI,22,m,JM,Male
875,8,0.31546487678572877,Alexandra Stan,FI,22,m,RO,Female
211,2,0.6309297535714575,Kylie Minogue,BG,33,f,AU,Female
211,3,0.5,Kylie Minogue,BG,33,f,AU,Female
211,4,0.43067655807339306,George Michael,BG,33,f,UK,Male
211,5,0.38685280723454163,Sophie Ellis-Bextor,BG,33,f,UK,Female
211,8,0.31546487678572877,Sophie Ellis-Bextor,BG,33,f,UK,Female
211,9,0.3010299956639812,Sophie Ellis-Bextor,BG,33,f,UK,Female
211,10,0.2890648263178879,Kylie Minogue,BG,33,f,AU,Female
211,7,0.3333333333333333,Kylie Minogue,BG,33,f,AU,Female
211,6,0.3562071871080222,David Bowie,BG,33,f,UK,Male
211,1,1.0,Gala,BG,33,f,IT,Female
444,1,1.0,Ariana Grande,BR,20,m,US,Female
444,2,0.6309297535714575,Rihanna,BR,20,m,UK,Female
444,3,0.5,Avril Lavigne,BR,20,m,CA,Female
444,4,0.43067655807339306,Lorde,BR,20,m,NZ,Female
444,5,0.38685280723454163,Roy Orbison,BR,20,m,US,Male
444,10,0.2890648263178879,Cartola,BR,20,m,BR,Male
444,9,0.3010299956639812,Caetano Veloso,BR,20,m,BR,Male
444,8,0.31546487678572877,Rihanna,BR,20,m,UK,Female
444,7,0.3333333333333333,Sia,BR,20,m,AU,Female
444,6,0.3562071871080222,Seal,BR,20,m,UK,Male
549,1,1.0,Weyes Blood,CA,21,m,US,Female
549,2,0.6309297535714575,Aldous Harding,CA,21,m,NZ,Female
549,3,0.5,Snail Mail,CA,21,m,US,Female
549,4,0.43067655807339306,Weyes Blood,CA,21,m,US,Female
549,5,0.38685280723454163,Jessica Pratt,CA,21,m,US,Female
549,6,0.3562071871080222,James Blake,CA,21,m,UK,Male
549,9,0.3010299956639812,James Blake,CA,21,m,UK,Male
549,10,0.2890648263178879,Four Tet,CA,21,m,UK,Male
549,8,0.31546487678572877,Anna Calvi,CA,21,m,UK,Female
549,7,0.3333333333333333,James Blake,CA,21,m,UK,Male
166,1,1.0,Haddaway,SE,29,m,DE,Male
166,2,0.6309297535714575,Britney Spears,SE,29,m,US,Female
166,3,0.5,Britney Spears,SE,29,m,US,Female
166,4,0.43067655807339306,Eagle-Eye Cherry,SE,29,m,SE,Male
166,5,0.38685280723454163,Bryan Adams,SE,29,m,CA,Male
166,6,0.3562071871080222,Michael Sembello,SE,29,m,US,Male
166,8,0.31546487678572877,Avril Lavigne,SE,29,m,CA,Female
166,10,0.2890648263178879,George Ezra,SE,29,m,UK,Male
166,9,0.3010299956639812,Steve Winwood,SE,29,m,UK,Male
166,7,0.3333333333333333,Corinne Bailey Rae,SE,29,m,UK,Female
287,1,1.0,Britney Spears,BR,21,m,US,Female
287,2,0.6309297535714575,Jessie J,BR,21,m,UK,Female
287,3,0.5,Mariah Carey,BR,21,m,US,Female
287,4,0.43067655807339306,Kacey Musgraves,BR,21,m,US,Female
287,6,0.3562071871080222,Rihanna,BR,21,m,UK,Female
287,8,0.31546487678572877,Travis Scott,BR,21,m,US,Male
287,9,0.3010299956639812,Sia,BR,21,m,AU,Female
287,10,0.2890648263178879,Avril Lavigne,BR,21,m,CA,Female
287,7,0.3333333333333333,Rihanna,BR,21,m,UK,Female
287,5,0.38685280723454163,Rita Ora,BR,21,m,UK,Female
775,1,1.0,Avril Lavigne,PL,16,f,CA,Female
775,2,0.6309297535714575,Ariana Grande,PL,16,f,US,Female
775,3,0.5,Duncan Laurence,PL,16,f,NL,Male
775,4,0.43067655807339306,Adele,PL,16,f,UK,Female
775,5,0.38685280723454163,Mahmood,PL,16,f,IT,Male
775,6,0.3562071871080222,Britney Spears,PL,16,f,US,Female
775,7,0.3333333333333333,Laura Branigan,PL,16,f,US,Female
775,9,0.3010299956639812,Sia,PL,16,f,AU,Female
775,10,0.2890648263178879,John Maus,PL,16,f,US,Male
775,8,0.31546487678572877,Adele,PL,16,f,UK,Female
40,1,1.0,Lana Del Rey,RU,34,m,US,Female
40,2,0.6309297535714575,Laura Branigan,RU,34,m,US,Female
40,3,0.5,Lana Del Rey,RU,34,m,US,Female
40,4,0.43067655807339306,Emma Ruth Rundle,RU,34,m,US,Female
40,5,0.38685280723454163,Ariana Grande,RU,34,m,US,Female
40,6,0.3562071871080222,Robyn,RU,34,m,SE,Female
40,7,0.3333333333333333,Devin Townsend,RU,34,m,CA,Male
40,9,0.3010299956639812,Carpenter Brut,RU,34,m,FR,Male
40,10,0.2890648263178879,Avril Lavigne,RU,34,m,CA,Female
40,8,0.31546487678572877,Dido,RU,34,m,UK,Female
862,1,1.0,Ariana Grande,PL,17,m,US,Female
862,2,0.6309297535714575,Ariana Grande,PL,17,m,US,Female
862,3,0.5,Ariana Grande,PL,17,m,US,Female
862,4,0.43067655807339306,Lana Del Rey,PL,17,m,US,Female
862,5,0.38685280723454163,Ariana Grande,PL,17,m,US,Female
862,6,0.3562071871080222,Ariana Grande,PL,17,m,US,Female
862,7,0.3333333333333333,Robyn,PL,17,m,SE,Female
862,10,0.2890648263178879,Grimes,PL,17,m,CA,Female
862,9,0.3010299956639812,Rita Ora,PL,17,m,UK,Female
862,8,0.31546487678572877,Jessie J,PL,17,m,UK,Female
226,1,1.0,The Kinks,RU,37,m,US,Male
226,2,0.6309297535714575,David Bowie,RU,37,m,UK,Male
226,3,0.5,Nile,RU,37,m,US,Female
226,4,0.43067655807339306,The Kinks,RU,37,m,US,Male
226,5,0.38685280723454163,David Bowie,RU,37,m,UK,Male
226,6,0.3562071871080222,Tom Waits,RU,37,m,US,Male
226,8,0.31546487678572877,Leonard Cohen,RU,37,m,CA,Male
226,9,0.3010299956639812,Leonard Cohen,RU,37,m,CA,Male
226,10,0.2890648263178879,KT Tunstall,RU,37,m,UK,Female
226,7,0.3333333333333333,David Bowie,RU,37,m,UK,Male
315,1,1.0,Lana Del Rey,US,24,m,US,Female
315,2,0.6309297535714575,Tame Impala,US,24,m,AU,Male
315,3,0.5,Lana Del Rey,US,24,m,US,Female
315,4,0.43067655807339306,Travis Scott,US,24,m,US,Male
315,10,0.2890648263178879,James Blake,US,24,m,UK,Male
315,9,0.3010299956639812,Four Tet,US,24,m,UK,Male
315,8,0.31546487678572877,Tame Impala,US,24,m,AU,Male
315,7,0.3333333333333333,James Blake,US,24,m,UK,Male
315,6,0.3562071871080222,Rihanna,US,24,m,UK,Female
315,5,0.38685280723454163,Thom Yorke,US,24,m,UK,Male
910,1,1.0,Louis Tomlinson,RU,22,m,UK,Male
910,2,0.6309297535714575,James Arthur,RU,22,m,UK,Male
910,3,0.5,Queen,RU,22,m,JP,Female
910,4,0.43067655807339306,Queen,RU,22,m,JP,Female
910,5,0.38685280723454163,Blue Stahli,RU,22,m,US,Male
910,10,0.2890648263178879,Lily Allen,RU,22,m,UK,Female
910,9,0.3010299956639812,Harry Styles,RU,22,m,UK,Male
910,8,0.31546487678572877,Jess Glynne,RU,22,m,UK,Female
910,7,0.3333333333333333,Perturbator,RU,22,m,FR,Male
910,6,0.3562071871080222,Milow,RU,22,m,BE,Male
654,1,1.0,Gregory Alan Isakov,CA,18,m,US,Male
654,2,0.6309297535714575,Adele,CA,18,m,UK,Female
654,3,0.5,Gregory Alan Isakov,CA,18,m,US,Male
654,4,0.43067655807339306,Riley Pearce,CA,18,m,AU,Male
654,5,0.38685280723454163,John Mayer,CA,18,m,IN,Male
654,6,0.3562071871080222,Damien Rice,CA,18,m,IE,Male
654,7,0.3333333333333333,John Mayer,CA,18,m,IN,Male
654,9,0.3010299956639812,Adele,CA,18,m,UK,Female
654,10,0.2890648263178879,Ed Sheeran,CA,18,m,UK,Male
654,8,0.31546487678572877,Thomas Dybdahl,CA,18,m,NO,Male
538,1,1.0,Lush,US,23,m,FI,Male
538,2,0.6309297535714575,Aldous Harding,US,23,m,NZ,Female
538,3,0.5,Jenny Lewis,US,23,m,US,Female
538,4,0.43067655807339306,Jenny Lewis,US,23,m,US,Female
538,5,0.38685280723454163,Sharon Van Etten,US,23,m,US,Female
538,6,0.3562071871080222,Sharon Van Etten,US,23,m,US,Female
538,7,0.3333333333333333,Lush,US,23,m,FI,Male
538,10,0.2890648263178879,Jessica Pratt,US,23,m,US,Female
538,9,0.3010299956639812,Thom Yorke,US,23,m,UK,Male
538,8,0.31546487678572877,Bat for Lashes,US,23,m,UK,Female
860,1,1.0,Bryan Adams,DE,20,f,CA,Male
860,2,0.6309297535714575,Ariana Grande,DE,20,f,US,Female
860,3,0.5,Sia,DE,20,f,AU,Female
860,5,0.38685280723454163,Adele,DE,20,f,UK,Female
860,6,0.3562071871080222,John Mayer,DE,20,f,IN,Male
860,8,0.31546487678572877,Jessie J,DE,20,f,UK,Female
860,10,0.2890648263178879,Niall Horan,DE,20,f,IE,Male
860,9,0.3010299956639812,Kygo,DE,20,f,NO,Male
860,7,0.3333333333333333,James Arthur,DE,20,f,UK,Male
860,4,0.43067655807339306,Dennis Lloyd,DE,20,f,IL,Male
313,1,1.0,Queen,NO,20,m,JP,Female
313,2,0.6309297535714575,DJ Shadow,NO,20,m,US,Male
313,3,0.5,Marilyn Manson,NO,20,m,US,Male
313,4,0.43067655807339306,Britney Spears,NO,20,m,US,Female
313,6,0.3562071871080222,Adele,NO,20,m,UK,Female
313,8,0.31546487678572877,Ariana Grande,NO,20,m,US,Female
313,10,0.2890648263178879,Sia,NO,20,m,AU,Female
313,9,0.3010299956639812,Avril Lavigne,NO,20,m,CA,Female
313,7,0.3333333333333333,George Ezra,NO,20,m,UK,Male
313,5,0.38685280723454163,Wax Tailor,NO,20,m,FR,Male
500,1,1.0,Sia,BR,20,f,AU,Female
500,3,0.5,Robyn,BR,20,f,SE,Female
500,4,0.43067655807339306,Travis Scott,BR,20,f,US,Male
500,6,0.3562071871080222,Britney Spears,BR,20,f,US,Female
500,7,0.3333333333333333,Rita Ora,BR,20,f,UK,Female
500,8,0.31546487678572877,Adele,BR,20,f,UK,Female
500,10,0.2890648263178879,J Balvin,BR,20,f,CO,Male
500,9,0.3010299956639812,Avril Lavigne,BR,20,f,CA,Female
500,5,0.38685280723454163,Rihanna,BR,20,f,UK,Female
500,2,0.6309297535714575,Kygo,BR,20,f,NO,Male
215,1,1.0,Rush,UK,33,m,US,Male
215,2,0.6309297535714575,Rush,UK,33,m,US,Male
215,3,0.5,Manu Chao,UK,33,m,FR,Male
215,4,0.43067655807339306,Bryan Adams,UK,33,m,CA,Male
215,5,0.38685280723454163,2Pac,UK,33,m,US,Male
215,6,0.3562071871080222,Rush,UK,33,m,US,Male
215,8,0.31546487678572877,Dimension,UK,33,m,ES,Male
215,9,0.3010299956639812,Belchior,UK,33,m,BR,Male
215,10,0.2890648263178879,Clare Maguire,UK,33,m,UK,Female
215,7,0.3333333333333333,Manu Chao,UK,33,m,FR,Male
382,1,1.0,Billy Joel,SE,24,m,US,Male
382,2,0.6309297535714575,Haddaway,SE,24,m,DE,Male
382,3,0.5,Beck,SE,24,m,DK,Male
382,4,0.43067655807339306,Billy Joel,SE,24,m,US,Male
382,7,0.3333333333333333,Corinne Bailey Rae,SE,24,m,UK,Female
382,8,0.31546487678572877,Bob Marley & The Wailers,SE,24,m,JM,Male
382,10,0.2890648263178879,Edwyn Collins,SE,24,m,UK,Male
382,9,0.3010299956639812,Seal,SE,24,m,UK,Male
382,6,0.3562071871080222,Sia,SE,24,m,AU,Female
382,5,0.38685280723454163,Wax Tailor,SE,24,m,FR,Male
370,1,1.0,Ariana Grande,IT,22,m,US,Female
370,2,0.6309297535714575,Beck,IT,22,m,DK,Male
370,3,0.5,Bryan Adams,IT,22,m,CA,Male
370,4,0.43067655807339306,Lil Nas X,IT,22,m,US,Male
370,5,0.38685280723454163,Eagle-Eye Cherry,IT,22,m,SE,Male
370,6,0.3562071871080222,Britney Spears,IT,22,m,US,Female
370,9,0.3010299956639812,Avril Lavigne,IT,22,m,CA,Female
370,10,0.2890648263178879,Corinne Bailey Rae,IT,22,m,UK,Female
370,8,0.31546487678572877,George Ezra,IT,22,m,UK,Male
370,7,0.3333333333333333,Adele,IT,22,m,UK,Female
902,1,1.0,Britney Spears,BR,15,m,US,Female
902,2,0.6309297535714575,Adele,BR,15,m,UK,Female
902,3,0.5,Britney Spears,BR,15,m,US,Female
902,4,0.43067655807339306,Taylor Swift,BR,15,m,US,Female
902,5,0.38685280723454163,Ariana Grande,BR,15,m,US,Female
902,6,0.3562071871080222,Ariana Grande,BR,15,m,US,Female
902,7,0.3333333333333333,Ariana Grande,BR,15,m,US,Female
902,8,0.31546487678572877,Ariana Grande,BR,15,m,US,Female
902,10,0.2890648263178879,Jessie J,BR,15,m,UK,Female
902,9,0.3010299956639812,Adele,BR,15,m,UK,Female
526,1,1.0,Mac Miller,RU,21,m,US,Male
526,2,0.6309297535714575,Beck,RU,21,m,DK,Male
526,3,0.5,Lupe Fiasco,RU,21,m,US,Male
526,4,0.43067655807339306,Biz Markie,RU,21,m,US,Male
526,5,0.38685280723454163,Princess Nokia,RU,21,m,US,Non-binary
526,6,0.3562071871080222,Evidence,RU,21,m,US,Male
526,7,0.3333333333333333,Ice Cube,RU,21,m,US,Male
526,8,0.31546487678572877,Freddie King,RU,21,m,US,Male
526,9,0.3010299956639812,Kendrick Lamar,RU,21,m,US,Male
526,10,0.2890648263178879,Kate Bush,RU,21,m,UK,Female
888,1,1.0,Sia,BY,27,m,AU,Female
888,2,0.6309297535714575,Sia,BY,27,m,AU,Female
888,3,0.5,Marilyn Manson,BY,27,m,US,Male
888,4,0.43067655807339306,Britney Spears,BY,27,m,US,Female
888,5,0.38685280723454163,Britney Spears,BY,27,m,US,Female
888,6,0.3562071871080222,Beyoncé,BY,27,m,US,Female
888,8,0.31546487678572877,Sia,BY,27,m,AU,Female
888,9,0.3010299956639812,Jessie J,BY,27,m,UK,Female
888,10,0.2890648263178879,Edwyn Collins,BY,27,m,UK,Male
888,7,0.3333333333333333,Adele,BY,27,m,UK,Female
738,1,1.0,Four Tet,US,19,m,UK,Male
738,2,0.6309297535714575,Frank Ocean,US,19,m,US,Male
738,3,0.5,Frank Ocean,US,19,m,US,Male
738,4,0.43067655807339306,Oneohtrix Point Never,US,19,m,US,Male
738,8,0.31546487678572877,Dean Blunt,US,19,m,UK,Male
738,10,0.2890648263178879,James Blake,US,19,m,UK,Male
738,9,0.3010299956639812,Tame Impala,US,19,m,AU,Male
738,7,0.3333333333333333,James Blake,US,19,m,UK,Male
738,6,0.3562071871080222,Tame Impala,US,19,m,AU,Male
738,5,0.38685280723454163,Thom Yorke,US,19,m,UK,Male
509,1,1.0,Billy Joel,RU,18,m,US,Male
509,2,0.6309297535714575,Mr.Kitty,RU,18,m,US,Male
509,3,0.5,Queen,RU,18,m,JP,Female
509,4,0.43067655807339306,Bryan Adams,RU,18,m,CA,Male
509,5,0.38685280723454163,Tame Impala,RU,18,m,AU,Male
509,6,0.3562071871080222,Jimi Hendrix,RU,18,m,US,Male
509,7,0.3333333333333333,Queen,RU,18,m,JP,Female
509,9,0.3010299956639812,The Notorious B.I.G.,RU,18,m,US,Male
509,10,0.2890648263178879,Carpenter Brut,RU,18,m,FR,Male
509,8,0.31546487678572877,Hozier,RU,18,m,IE,Male
493,1,1.0,Bryan Adams,PL,20,m,CA,Male
493,2,0.6309297535714575,Britney Spears,PL,20,m,US,Female
493,3,0.5,Ariana Grande,PL,20,m,US,Female
493,4,0.43067655807339306,Robyn,PL,20,m,SE,Female
493,5,0.38685280723454163,Billy Joel,PL,20,m,US,Male
493,6,0.3562071871080222,Britney Spears,PL,20,m,US,Female
493,8,0.31546487678572877,Avril Lavigne,PL,20,m,CA,Female
493,10,0.2890648263178879,Dennis Lloyd,PL,20,m,IL,Male
493,9,0.3010299956639812,Ozzy Osbourne,PL,20,m,UK,Male
493,7,0.3333333333333333,Adele,PL,20,m,UK,Female
229,1,1.0,Frank Ocean,PL,32,m,US,Male
229,2,0.6309297535714575,Travis Scott,PL,32,m,US,Male
229,3,0.5,Snail Mail,PL,32,m,US,Female
229,5,0.38685280723454163,Ry x,PL,32,m,AU,Male
229,6,0.3562071871080222,Robyn,PL,32,m,SE,Female
229,7,0.3333333333333333,Thom Yorke,PL,32,m,UK,Male
229,8,0.31546487678572877,Lorde,PL,32,m,NZ,Female
229,10,0.2890648263178879,Tame Impala,PL,32,m,AU,Male
229,9,0.3010299956639812,Dido,PL,32,m,UK,Female
229,4,0.43067655807339306,Pional,PL,32,m,ES,Male
66,1,1.0,Marilyn Manson,CA,24,f,US,Male
66,2,0.6309297535714575,Marilyn Manson,CA,24,f,US,Male
66,3,0.5,Queen,CA,24,f,JP,Female
66,4,0.43067655807339306,Ozzy Osbourne,CA,24,f,UK,Male
66,5,0.38685280723454163,Marilyn Manson,CA,24,f,US,Male
66,6,0.3562071871080222,Britney Spears,CA,24,f,US,Female
66,7,0.3333333333333333,Beck,CA,24,f,DK,Male
66,8,0.31546487678572877,Mahmood,CA,24,f,IT,Male
66,9,0.3010299956639812,Britney Spears,CA,24,f,US,Female
66,10,0.2890648263178879,Perturbator,CA,24,f,FR,Male
473,1,1.0,Bryan Adams,CA,23,f,CA,Male
473,2,0.6309297535714575,Norah Jones,CA,23,f,US,Female
473,6,0.3562071871080222,Sia,CA,23,f,AU,Female
473,7,0.3333333333333333,Seal,CA,23,f,UK,Male
473,8,0.31546487678572877,Sia,CA,23,f,AU,Female
473,10,0.2890648263178879,Sia,CA,23,f,AU,Female
473,9,0.3010299956639812,Steve Winwood,CA,23,f,UK,Male
473,5,0.38685280723454163,Niall Horan,CA,23,f,IE,Male
473,4,0.43067655807339306,Edwyn Collins,CA,23,f,UK,Male
473,3,0.5,Corinne Bailey Rae,CA,23,f,UK,Female
876,1,1.0,Aldous Harding,DE,19,m,NZ,Female
876,2,0.6309297535714575,Toro y Moi,DE,19,m,US,Male
876,3,0.5,Queen,DE,19,m,JP,Female
876,4,0.43067655807339306,Tame Impala,DE,19,m,AU,Male
876,6,0.3562071871080222,Robyn,DE,19,m,SE,Female
876,7,0.3333333333333333,Madonna,DE,19,m,US,Female
876,9,0.3010299956639812,Four Tet,DE,19,m,UK,Male
876,10,0.2890648263178879,Thom Yorke,DE,19,m,UK,Male
876,8,0.31546487678572877,Ry x,DE,19,m,AU,Male
876,5,0.38685280723454163,J Balvin,DE,19,m,CO,Male
151,1,1.0,Earl Sweatshirt,US,24,m,US,Male
151,2,0.6309297535714575,Gil Scott-Heron,US,24,m,US,Male
151,3,0.5,Kanye West,US,24,m,US,Male
151,4,0.43067655807339306,LL Cool J,US,24,m,US,Male
151,5,0.38685280723454163,Ariana Grande,US,24,m,US,Female
151,6,0.3562071871080222,Ariana Grande,US,24,m,US,Female
151,8,0.31546487678572877,Ariana Grande,US,24,m,US,Female
151,9,0.3010299956639812,Toro y Moi,US,24,m,US,Male
151,10,0.2890648263178879,Eric Clapton,US,24,m,UK,Male
151,7,0.3333333333333333,Pedro Sampaio,US,24,m,BR,Male
23,1,1.0,Big L,UK,33,m,US,Male
23,2,0.6309297535714575,Laura Branigan,UK,33,m,US,Female
23,3,0.5,Björk,UK,33,m,IS,Female
23,5,0.38685280723454163,Mayhem,UK,33,m,CA,Female
23,8,0.31546487678572877,Mayhem,UK,33,m,CA,Female
23,10,0.2890648263178879,David Bowie,UK,33,m,UK,Male
23,9,0.3010299956639812,Emperor,UK,33,m,UK,Male
23,7,0.3333333333333333,Bob Marley & The Wailers,UK,33,m,JM,Male
23,6,0.3562071871080222,Kate Bush,UK,33,m,UK,Female
23,4,0.43067655807339306,Bob Marley & The Wailers,UK,33,m,JM,Male
439,1,1.0,Miley Cyrus,IT,23,f,US,Non-binary
439,2,0.6309297535714575,Avril Lavigne,IT,23,f,CA,Female
439,3,0.5,Ariana Grande,IT,23,f,US,Female
439,4,0.43067655807339306,Britney Spears,IT,23,f,US,Female
439,5,0.38685280723454163,Marilyn Manson,IT,23,f,US,Male
439,7,0.3333333333333333,Edwyn Collins,IT,23,f,UK,Male
439,8,0.31546487678572877,Queen,IT,23,f,JP,Female
439,10,0.2890648263178879,Jessie J,IT,23,f,UK,Female
439,9,0.3010299956639812,Ozzy Osbourne,IT,23,f,UK,Male
439,6,0.3562071871080222,Niall Horan,IT,23,f,IE,Male
843,1,1.0,Jeff Buckley,CA,27,m,US,Male
843,2,0.6309297535714575,PJ Harvey,CA,27,m,UK,Female
843,3,0.5,Jay Reatard,CA,27,m,US,Male
843,4,0.43067655807339306,Caribou,CA,27,m,CA,Male
843,5,0.38685280723454163,Elliott Smith,CA,27,m,US,Male
843,6,0.3562071871080222,Weyes Blood,CA,27,m,US,Female
843,8,0.31546487678572877,Scott Walker,CA,27,m,UK,Male
843,9,0.3010299956639812,PJ Harvey,CA,27,m,UK,Female
843,10,0.2890648263178879,FKA twigs,CA,27,m,UK,Female
843,7,0.3333333333333333,PJ Harvey,CA,27,m,UK,Female
121,1,1.0,Leonard Cohen,US,32,f,CA,Male
121,3,0.5,David Bowie,US,32,f,UK,Male
121,5,0.38685280723454163,David Bowie,US,32,f,UK,Male
121,6,0.3562071871080222,Ariel Pink,US,32,f,US,Male
121,10,0.2890648263178879,Scott Walker,US,32,f,UK,Male
121,9,0.3010299956639812,Thom Yorke,US,32,f,UK,Male
121,8,0.31546487678572877,Anna Calvi,US,32,f,UK,Female
121,7,0.3333333333333333,Anna Calvi,US,32,f,UK,Female
121,4,0.43067655807339306,Laura Marling,US,32,f,UK,Female
121,2,0.6309297535714575,Lush,US,32,f,FI,Male
349,1,1.0,The Kinks,SE,24,f,US,Male
349,2,0.6309297535714575,Leonard Cohen,SE,24,f,CA,Male
349,3,0.5,David Bowie,SE,24,f,UK,Male
349,4,0.43067655807339306,KT Tunstall,SE,24,f,UK,Female
349,5,0.38685280723454163,Leonard Cohen,SE,24,f,CA,Male
349,6,0.3562071871080222,Leonard Cohen,SE,24,f,CA,Male
349,9,0.3010299956639812,Emperor,SE,24,f,UK,Male
349,10,0.2890648263178879,KT Tunstall,SE,24,f,UK,Female
349,8,0.31546487678572877,KT Tunstall,SE,24,f,UK,Female
349,7,0.3333333333333333,KT Tunstall,SE,24,f,UK,Female
416,1,1.0,Ariana Grande,BR,25,f,US,Female
416,2,0.6309297535714575,Bryan Adams,BR,25,f,CA,Male
416,3,0.5,Ariana Grande,BR,25,f,US,Female
416,4,0.43067655807339306,Ariana Grande,BR,25,f,US,Female
416,5,0.38685280723454163,Corinne Bailey Rae,BR,25,f,UK,Female
416,7,0.3333333333333333,Avril Lavigne,BR,25,f,CA,Female
416,8,0.31546487678572877,Steve Winwood,BR,25,f,UK,Male
416,10,0.2890648263178879,Rihanna,BR,25,f,UK,Female
416,9,0.3010299956639812,Jessie J,BR,25,f,UK,Female
416,6,0.3562071871080222,George Ezra,BR,25,f,UK,Male
295,1,1.0,Taylor Swift,BG,19,f,US,Female
295,2,0.6309297535714575,Britney Spears,BG,19,f,US,Female
295,3,0.5,Avril Lavigne,BG,19,f,CA,Female
295,4,0.43067655807339306,Taylor Swift,BG,19,f,US,Female
295,5,0.38685280723454163,Sia,BG,19,f,AU,Female
295,6,0.3562071871080222,Britney Spears,BG,19,f,US,Female
295,7,0.3333333333333333,Miley Cyrus,BG,19,f,US,Non-binary
295,10,0.2890648263178879,Adele,BG,19,f,UK,Female
295,9,0.3010299956639812,Sia,BG,19,f,AU,Female
295,8,0.31546487678572877,Rita Ora,BG,19,f,UK,Female
254,1,1.0,Chuck Berry,PL,25,f,US,Male
254,2,0.6309297535714575,AFI,PL,25,f,US,Female
254,3,0.5,Eagle-Eye Cherry,PL,25,f,SE,Male
254,4,0.43067655807339306,Haddaway,PL,25,f,DE,Male
254,5,0.38685280723454163,Marilyn Manson,PL,25,f,US,Male
254,6,0.3562071871080222,Bryan Adams,PL,25,f,CA,Male
254,7,0.3333333333333333,Seal,PL,25,f,UK,Male
254,8,0.31546487678572877,Britney Spears,PL,25,f,US,Female
254,10,0.2890648263178879,Eric Clapton,PL,25,f,UK,Male
254,9,0.3010299956639812,Tame Impala,PL,25,f,AU,Male
230,1,1.0,John Maus,UA,26,m,US,Male
230,2,0.6309297535714575,John Maus,UA,26,m,US,Male
230,3,0.5,John Maus,UA,26,m,US,Male
230,4,0.43067655807339306,John Maus,UA,26,m,US,Male
230,5,0.38685280723454163,Philip Glass,UA,26,m,US,Male
230,7,0.3333333333333333,Thom Yorke,UA,26,m,UK,Male
230,9,0.3010299956639812,Arca,UA,26,m,VE,Non-binary
230,10,0.2890648263178879,Arca,UA,26,m,VE,Non-binary
230,8,0.31546487678572877,Claire Laffut,UA,26,m,FR,Female
230,6,0.3562071871080222,Pional,UA,26,m,ES,Male
301,1,1.0,Chris Isaak,UK,21,m,US,Male
301,2,0.6309297535714575,John Mayer,UK,21,m,IN,Male
301,4,0.43067655807339306,James Blake,UK,21,m,UK,Male
301,6,0.3562071871080222,Corinne Bailey Rae,UK,21,m,UK,Female
301,7,0.3333333333333333,Gwen Stefani,UK,21,m,US,Female
301,10,0.2890648263178879,James Arthur,UK,21,m,UK,Male
301,9,0.3010299956639812,Louis Tomlinson,UK,21,m,UK,Male
301,8,0.31546487678572877,Adele,UK,21,m,UK,Female
301,5,0.38685280723454163,Ed Sheeran,UK,21,m,UK,Male
301,3,0.5,George Ezra,UK,21,m,UK,Male
231,1,1.0,Ihsahn,RS,29,m,NO,Male
231,2,0.6309297535714575,Queen,RS,29,m,JP,Female
231,3,0.5,Nile,RS,29,m,US,Female
231,4,0.43067655807339306,Queen,RS,29,m,JP,Female
231,5,0.38685280723454163,Devin Townsend,RS,29,m,CA,Male
231,6,0.3562071871080222,The Kinks,RS,29,m,US,Male
231,7,0.3333333333333333,The Kinks,RS,29,m,US,Male
231,8,0.31546487678572877,YOB,RS,29,m,UK,Male
231,10,0.2890648263178879,YOB,RS,29,m,UK,Male
231,9,0.3010299956639812,KT Tunstall,RS,29,m,UK,Female
320,1,1.0,Philip Glass,RU,97,m,US,Male
320,2,0.6309297535714575,Beck,RU,97,m,DK,Male
320,3,0.5,Avril Lavigne,RU,97,m,CA,Female
320,4,0.43067655807339306,Sia,RU,97,m,AU,Female
320,5,0.38685280723454163,Seal,RU,97,m,UK,Male
320,6,0.3562071871080222,Billy Joel,RU,97,m,US,Male
320,8,0.31546487678572877,Dennis Lloyd,RU,97,m,IL,Male
320,9,0.3010299956639812,Edwyn Collins,RU,97,m,UK,Male
320,10,0.2890648263178879,Sia,RU,97,m,AU,Female
320,7,0.3333333333333333,Rod Stewart,RU,97,m,UK,Male
558,1,1.0,Lil Nas X,FR,24,m,US,Male
558,2,0.6309297535714575,Ariana Grande,FR,24,m,US,Female
558,3,0.5,Britney Spears,FR,24,m,US,Female
558,4,0.43067655807339306,George Ezra,FR,24,m,UK,Male
558,5,0.38685280723454163,Britney Spears,FR,24,m,US,Female
558,6,0.3562071871080222,Ed Sheeran,FR,24,m,UK,Male
558,10,0.2890648263178879,Jessie J,FR,24,m,UK,Female
558,9,0.3010299956639812,Ed Sheeran,FR,24,m,UK,Male
558,8,0.31546487678572877,Thom Yorke,FR,24,m,UK,Male
558,7,0.3333333333333333,Rita Ora,FR,24,m,UK,Female
633,1,1.0,Moby,PL,16,m,US,Male
633,2,0.6309297535714575,Marilyn Manson,PL,16,m,US,Male
633,3,0.5,Carpenter Brut,PL,16,m,FR,Male
633,4,0.43067655807339306,Marilyn Manson,PL,16,m,US,Male
633,5,0.38685280723454163,Blue Stahli,PL,16,m,US,Male
633,6,0.3562071871080222,Jonathan Davis,PL,16,m,US,Male
633,7,0.3333333333333333,Red,PL,16,m,PL,Male
633,9,0.3010299956639812,Richard Ashcroft,PL,16,m,UK,Male
633,10,0.2890648263178879,Oxxxymiron,PL,16,m,UK,Male
633,8,0.31546487678572877,Carpenter Brut,PL,16,m,FR,Male
177,1,1.0,Britney Spears,US,36,m,US,Female
177,3,0.5,Louis Tomlinson,US,36,m,UK,Male
177,5,0.38685280723454163,Ed Sheeran,US,36,m,UK,Male
177,6,0.3562071871080222,Billy Joel,US,36,m,US,Male
177,10,0.2890648263178879,James Arthur,US,36,m,UK,Male
177,9,0.3010299956639812,Rihanna,US,36,m,UK,Female
177,8,0.31546487678572877,Ed Sheeran,US,36,m,UK,Male
177,7,0.3333333333333333,Adele,US,36,m,UK,Female
177,4,0.43067655807339306,Rita Ora,US,36,m,UK,Female
177,2,0.6309297535714575,Niall Horan,US,36,m,IE,Male
459,1,1.0,Lana Del Rey,RU,27,m,US,Female
459,2,0.6309297535714575,Grimes,RU,27,m,CA,Female
459,3,0.5,Grimes,RU,27,m,CA,Female
459,4,0.43067655807339306,Lana Del Rey,RU,27,m,US,Female
459,5,0.38685280723454163,Mahmood,RU,27,m,IT,Male
459,6,0.3562071871080222,Queen,RU,27,m,JP,Female
459,7,0.3333333333333333,Grimes,RU,27,m,CA,Female
459,9,0.3010299956639812,Björk,RU,27,m,IS,Female
459,10,0.2890648263178879,Tame Impala,RU,27,m,AU,Male
459,8,0.31546487678572877,Vitalic,RU,27,m,FR,Male
693,1,1.0,Lil Nas X,NL,17,f,US,Male
693,2,0.6309297535714575,Britney Spears,NL,17,f,US,Female
693,3,0.5,Justin Timberlake,NL,17,f,US,Male
693,4,0.43067655807339306,Britney Spears,NL,17,f,US,Female
693,5,0.38685280723454163,James Arthur,NL,17,f,UK,Male
693,8,0.31546487678572877,Shawn Mendes,NL,17,f,CA,Male
693,10,0.2890648263178879,Ed Sheeran,NL,17,f,UK,Male
693,9,0.3010299956639812,Ed Sheeran,NL,17,f,UK,Male
693,7,0.3333333333333333,Adele,NL,17,f,UK,Female
693,6,0.3562071871080222,George Ezra,NL,17,f,UK,Male
337,1,1.0,Britney Spears,NL,23,m,US,Female
337,2,0.6309297535714575,Rita Ora,NL,23,m,UK,Female
337,3,0.5,Britney Spears,NL,23,m,US,Female
337,4,0.43067655807339306,Beck,NL,23,m,DK,Male
337,9,0.3010299956639812,Sia,NL,23,m,AU,Female
337,10,0.2890648263178879,Bryan Adams,NL,23,m,CA,Male
337,8,0.31546487678572877,Jessie J,NL,23,m,UK,Female
337,7,0.3333333333333333,Tame Impala,NL,23,m,AU,Male
337,6,0.3562071871080222,Eric Clapton,NL,23,m,UK,Male
337,5,0.38685280723454163,Édith Piaf,NL,23,m,FR,Female
663,1,1.0,Kurt Vile,DE,18,m,US,Male
663,2,0.6309297535714575,Four Tet,DE,18,m,UK,Male
663,3,0.5,Earl Sweatshirt,DE,18,m,US,Male
663,4,0.43067655807339306,Frank Ocean,DE,18,m,US,Male
663,5,0.38685280723454163,Pusha T,DE,18,m,US,Male
663,6,0.3562071871080222,Toro y Moi,DE,18,m,US,Male
663,7,0.3333333333333333,Frank Ocean,DE,18,m,US,Male
663,8,0.31546487678572877,Earl Sweatshirt,DE,18,m,US,Male
663,10,0.2890648263178879,Tame Impala,DE,18,m,AU,Male
663,9,0.3010299956639812,Thom Yorke,DE,18,m,UK,Male
937,1,1.0,Tame Impala,UA,17,f,AU,Male
937,2,0.6309297535714575,Daniel Avery,UA,17,f,UK,Male
937,3,0.5,Toro y Moi,UA,17,f,US,Male
937,4,0.43067655807339306,Tame Impala,UA,17,f,AU,Male
937,5,0.38685280723454163,Toro y Moi,UA,17,f,US,Male
937,6,0.3562071871080222,Aldous Harding,UA,17,f,NZ,Female
937,7,0.3333333333333333,Kevin Morby,UA,17,f,US,Male
937,9,0.3010299956639812,Thom Yorke,UA,17,f,UK,Male
937,10,0.2890648263178879,James Blake,UA,17,f,UK,Male
937,8,0.31546487678572877,James Blake,UA,17,f,UK,Male
834,1,1.0,Ariana Grande,BR,15,f,US,Female
834,2,0.6309297535714575,Lana Del Rey,BR,15,f,US,Female
834,3,0.5,Tame Impala,BR,15,f,AU,Male
834,4,0.43067655807339306,Madonna,BR,15,f,US,Female
834,6,0.3562071871080222,Céu,BR,15,f,BR,Female
834,8,0.31546487678572877,Rihanna,BR,15,f,UK,Female
834,10,0.2890648263178879,Chico Buarque,BR,15,f,BR,Male
834,9,0.3010299956639812,Gal Costa,BR,15,f,BR,Female
834,7,0.3333333333333333,Gilberto Gil,BR,15,f,BR,Male
834,5,0.38685280723454163,Céu,BR,15,f,BR,Female
152,1,1.0,IAMX,DE,25,m,DE,Male
152,2,0.6309297535714575,IAMX,DE,25,m,DE,Male
152,3,0.5,Ghost,DE,25,m,UK,Male
152,4,0.43067655807339306,Edwyn Collins,DE,25,m,UK,Male
152,5,0.38685280723454163,Colter Wall,DE,25,m,CA,Male
152,6,0.3562071871080222,Valerie Broussard,DE,25,m,UK,Female
152,7,0.3333333333333333,Tove Lo,DE,25,m,SE,Female
152,8,0.31546487678572877,Courtney Barnett,DE,25,m,AU,Female
152,9,0.3010299956639812,Meg Myers,DE,25,m,US,Female
152,10,0.2890648263178879,IAMX,DE,25,m,DE,Male
318,1,1.0,Ariana Grande,BR,28,m,US,Female
318,2,0.6309297535714575,Avril Lavigne,BR,28,m,CA,Female
318,3,0.5,Ariana Grande,BR,28,m,US,Female
318,4,0.43067655807339306,Robyn,BR,28,m,SE,Female
318,5,0.38685280723454163,Ariana Grande,BR,28,m,US,Female
318,7,0.3333333333333333,Adele,BR,28,m,UK,Female
318,8,0.31546487678572877,Sia,BR,28,m,AU,Female
318,9,0.3010299956639812,Fergie,BR,28,m,UK,Male
318,10,0.2890648263178879,Adele,BR,28,m,UK,Female
318,6,0.3562071871080222,Rihanna,BR,28,m,UK,Female
242,1,1.0,Marilyn Manson,BR,26,m,US,Male
242,2,0.6309297535714575,Haddaway,BR,26,m,DE,Male
242,3,0.5,Eagle-Eye Cherry,BR,26,m,SE,Male
242,5,0.38685280723454163,Marilyn Manson,BR,26,m,US,Male
242,9,0.3010299956639812,Avril Lavigne,BR,26,m,CA,Female
242,10,0.2890648263178879,Eric Clapton,BR,26,m,UK,Male
242,8,0.31546487678572877,Bob Marley & The Wailers,BR,26,m,JM,Male
242,7,0.3333333333333333,Edwyn Collins,BR,26,m,UK,Male
242,6,0.3562071871080222,Seal,BR,26,m,UK,Male
242,4,0.43067655807339306,Bob Marley & The Wailers,BR,26,m,JM,Male
124,1,1.0,Aldous Harding,BA,23,f,NZ,Female
124,2,0.6309297535714575,Weyes Blood,BA,23,f,US,Female
124,3,0.5,Weyes Blood,BA,23,f,US,Female
124,4,0.43067655807339306,John Maus,BA,23,f,US,Male
124,5,0.38685280723454163,John Maus,BA,23,f,US,Male
124,8,0.31546487678572877,Thom Yorke,BA,23,f,UK,Male
124,10,0.2890648263178879,Tame Impala,BA,23,f,AU,Male
124,9,0.3010299956639812,Leonard Cohen,BA,23,f,CA,Male
124,7,0.3333333333333333,Thom Yorke,BA,23,f,UK,Male
124,6,0.3562071871080222,Ebo Taylor,BA,23,f,GH,Male
859,1,1.0,Kendrick Lamar,PL,18,m,US,Male
859,2,0.6309297535714575,Kendrick Lamar,PL,18,m,US,Male
859,3,0.5,Travis Scott,PL,18,m,US,Male
859,4,0.43067655807339306,Lil Nas X,PL,18,m,US,Male
859,5,0.38685280723454163,Mac Miller,PL,18,m,US,Male
859,6,0.3562071871080222,Frank Ocean,PL,18,m,US,Male
859,7,0.3333333333333333,Ariana Grande,PL,18,m,US,Female
859,8,0.31546487678572877,Denzel Curry,PL,18,m,US,Male
859,10,0.2890648263178879,Ed Sheeran,PL,18,m,UK,Male
859,9,0.3010299956639812,Rihanna,PL,18,m,UK,Female
579,1,1.0,Toro y Moi,BY,25,f,US,Male
579,2,0.6309297535714575,Toro y Moi,BY,25,f,US,Male
579,3,0.5,Patrick Watson,BY,25,f,CA,Male
579,4,0.43067655807339306,Tame Impala,BY,25,f,AU,Male
579,5,0.38685280723454163,The Weeknd,BY,25,f,CA,Male
579,6,0.3562071871080222,Four Tet,BY,25,f,UK,Male
579,7,0.3333333333333333,James Blake,BY,25,f,UK,Male
579,8,0.31546487678572877,Daniel Avery,BY,25,f,UK,Male
579,10,0.2890648263178879,Tamino,BY,25,f,BE,Male
579,9,0.3010299956639812,Arca,BY,25,f,VE,Non-binary
140,1,1.0,Bruno Mars,PL,24,m,US,Male
140,2,0.6309297535714575,Kyary Pamyu Pamyu,PL,24,m,JP,Female
140,3,0.5,Neal Acree,PL,24,m,US,Male
140,4,0.43067655807339306,Helena Deland,PL,24,m,CA,Female
140,5,0.38685280723454163,Mr.Kitty,PL,24,m,US,Male
140,6,0.3562071871080222,Billy Joel,PL,24,m,US,Male
140,7,0.3333333333333333,Mr.Kitty,PL,24,m,US,Male
140,8,0.31546487678572877,Lisa Miskovsky,PL,24,m,SE,Female
140,10,0.2890648263178879,Ozzy Osbourne,PL,24,m,UK,Male
140,9,0.3010299956639812,Ozzy Osbourne,PL,24,m,UK,Male
689,1,1.0,Ariana Grande,RU,22,f,US,Female
689,2,0.6309297535714575,Ariana Grande,RU,22,f,US,Female
689,3,0.5,Ariana Grande,RU,22,f,US,Female
689,4,0.43067655807339306,Britney Spears,RU,22,f,US,Female
689,5,0.38685280723454163,Weyes Blood,RU,22,f,US,Female
689,6,0.3562071871080222,Marilyn Manson,RU,22,f,US,Male
689,7,0.3333333333333333,Ariana Grande,RU,22,f,US,Female
689,8,0.31546487678572877,Lana Del Rey,RU,22,f,US,Female
689,10,0.2890648263178879,Avril Lavigne,RU,22,f,CA,Female
689,9,0.3010299956639812,Rita Ora,RU,22,f,UK,Female
514,1,1.0,Chuck Berry,PL,15,m,US,Male
514,2,0.6309297535714575,Dolly Parton,PL,15,m,US,Female
514,3,0.5,Beck,PL,15,m,DK,Male
514,4,0.43067655807339306,Michael Sembello,PL,15,m,US,Male
514,5,0.38685280723454163,Haddaway,PL,15,m,DE,Male
514,6,0.3562071871080222,Elvis Presley,PL,15,m,US,Male
514,7,0.3333333333333333,Steve Winwood,PL,15,m,UK,Male
514,8,0.31546487678572877,Seal,PL,15,m,UK,Male
514,10,0.2890648263178879,Bob Marley & The Wailers,PL,15,m,JM,Male
514,9,0.3010299956639812,Joni Mitchell,PL,15,m,CA,Female
83,1,1.0,Gil Scott-Heron,FI,25,m,US,Male
83,3,0.5,Joe Goddard,FI,25,m,UK,Male
83,4,0.43067655807339306,Tame Impala,FI,25,m,AU,Male
83,6,0.3562071871080222,James Blake,FI,25,m,UK,Male
83,7,0.3333333333333333,Tame Impala,FI,25,m,AU,Male
83,10,0.2890648263178879,James Blake,FI,25,m,UK,Male
83,9,0.3010299956639812,Bonobo,FI,25,m,UK,Male
83,8,0.31546487678572877,Totally Enormous Extinct Dinosaurs,FI,25,m,UK,Male
83,5,0.38685280723454163,Bob Marley & The Wailers,FI,25,m,JM,Male
83,2,0.6309297535714575,Wax Tailor,FI,25,m,FR,Male
74,1,1.0,Weyes Blood,IT,31,m,US,Female
74,2,0.6309297535714575,Aldous Harding,IT,31,m,NZ,Female
74,3,0.5,Weyes Blood,IT,31,m,US,Female
74,4,0.43067655807339306,Kurt Vile,IT,31,m,US,Male
74,5,0.38685280723454163,John Maus,IT,31,m,US,Male
74,6,0.3562071871080222,Ariana Grande,IT,31,m,US,Female
74,9,0.3010299956639812,Thom Yorke,IT,31,m,UK,Male
74,10,0.2890648263178879,Four Tet,IT,31,m,UK,Male
74,8,0.31546487678572877,Tame Impala,IT,31,m,AU,Male
74,7,0.3333333333333333,Flume,IT,31,m,AU,Male
890,1,1.0,Michael Jackson,DE,22,m,US,Male
890,2,0.6309297535714575,Michael Jackson,DE,22,m,US,Male
890,3,0.5,Michael Jackson,DE,22,m,US,Male
890,4,0.43067655807339306,James Blake,DE,22,m,UK,Male
890,5,0.38685280723454163,Toro y Moi,DE,22,m,US,Male
890,6,0.3562071871080222,James Blake,DE,22,m,UK,Male
890,8,0.31546487678572877,Tame Impala,DE,22,m,AU,Male
890,10,0.2890648263178879,Four Tet,DE,22,m,UK,Male
890,9,0.3010299956639812,Bob Marley & The Wailers,DE,22,m,JM,Male
890,7,0.3333333333333333,Mika,DE,22,m,BA,Male
205,1,1.0,YOB,DE,27,m,UK,Male
205,2,0.6309297535714575,Veronica Maggio,DE,27,m,SE,Female
205,3,0.5,David Bowie,DE,27,m,UK,Male
205,4,0.43067655807339306,Noisestorm,DE,27,m,IE,Male
205,5,0.38685280723454163,Moby,DE,27,m,US,Male
205,6,0.3562071871080222,Moby,DE,27,m,US,Male
205,8,0.31546487678572877,Ghost,DE,27,m,UK,Male
205,10,0.2890648263178879,Frank Turner,DE,27,m,UK,Male
205,9,0.3010299956639812,Limahl,DE,27,m,UK,Male
205,7,0.3333333333333333,Carpenter Brut,DE,27,m,FR,Male
304,1,1.0,Beck,BR,20,m,DK,Male
304,2,0.6309297535714575,Rihanna,BR,20,m,UK,Female
304,3,0.5,Britney Spears,BR,20,m,US,Female
304,4,0.43067655807339306,Seal,BR,20,m,UK,Male
304,5,0.38685280723454163,AFI,BR,20,m,US,Female
304,10,0.2890648263178879,Edwyn Collins,BR,20,m,UK,Male
304,9,0.3010299956639812,Criolo,BR,20,m,BR,Male
304,8,0.31546487678572877,Alanis Morissette,BR,20,m,CA,Female
304,7,0.3333333333333333,Mahmundi,BR,20,m,BR,Female
304,6,0.3562071871080222,Ozzy Osbourne,BR,20,m,UK,Male
85,1,1.0,Moby,DE,27,m,US,Male
85,2,0.6309297535714575,Moby,DE,27,m,US,Male
85,3,0.5,John Frusciante,DE,27,m,US,Male
85,4,0.43067655807339306,Noisestorm,DE,27,m,IE,Male
85,5,0.38685280723454163,Parov Stelar,DE,27,m,AT,Male
85,6,0.3562071871080222,John Frusciante,DE,27,m,US,Male
85,7,0.3333333333333333,Machine Head,DE,27,m,JP,Male
85,8,0.31546487678572877,Vitalic,DE,27,m,FR,Male
85,9,0.3010299956639812,Beck,DE,27,m,DK,Male
85,10,0.2890648263178879,Carpenter Brut,DE,27,m,FR,Male
273,1,1.0,Kanye West,PE,27,f,US,Male
273,2,0.6309297535714575,Kanye West,PE,27,f,US,Male
273,3,0.5,Haddaway,PE,27,f,DE,Male
273,4,0.43067655807339306,Dolly Parton,PE,27,f,US,Female
273,5,0.38685280723454163,Edwyn Collins,PE,27,f,UK,Male
273,6,0.3562071871080222,Toro y Moi,PE,27,f,US,Male
273,8,0.31546487678572877,Thom Yorke,PE,27,f,UK,Male
273,9,0.3010299956639812,Billy Joel,PE,27,f,US,Male
273,10,0.2890648263178879,Édith Piaf,PE,27,f,FR,Female
273,7,0.3333333333333333,Dido,PE,27,f,UK,Female
390,1,1.0,Meg Myers,VA,22,m,US,Female
390,2,0.6309297535714575,Nik Kershaw,VA,22,m,UK,Male
390,3,0.5,Johnny Cash,VA,22,m,US,Male
390,4,0.43067655807339306,Moby,VA,22,m,US,Male
390,5,0.38685280723454163,Mr.Kitty,VA,22,m,US,Male
390,6,0.3562071871080222,Marilyn Manson,VA,22,m,US,Male
390,8,0.31546487678572877,Eminem,VA,22,m,US,Male
390,10,0.2890648263178879,Bob Marley & The Wailers,VA,22,m,JM,Male
390,9,0.3010299956639812,Mahmood,VA,22,m,IT,Male
390,7,0.3333333333333333,Seal,VA,22,m,UK,Male
541,1,1.0,Eagle-Eye Cherry,CR,24,m,SE,Male
541,2,0.6309297535714575,Bob Marley & The Wailers,CR,24,m,JM,Male
541,3,0.5,Bob Marley & The Wailers,CR,24,m,JM,Male
541,4,0.43067655807339306,Bryan Adams,CR,24,m,CA,Male
541,5,0.38685280723454163,Dolly Parton,CR,24,m,US,Female
541,6,0.3562071871080222,Red,CR,24,m,PL,Male
541,7,0.3333333333333333,Queen,CR,24,m,JP,Female
541,10,0.2890648263178879,Bob Marley & The Wailers,CR,24,m,JM,Male
541,9,0.3010299956639812,Seal,CR,24,m,UK,Male
541,8,0.31546487678572877,Edwyn Collins,CR,24,m,UK,Male
241,1,1.0,Marilyn Manson,TR,33,m,US,Male
241,2,0.6309297535714575,Ariana Grande,TR,33,m,US,Female
241,3,0.5,Taylor Swift,TR,33,m,US,Female
241,4,0.43067655807339306,Gwen Stefani,TR,33,m,US,Female
241,5,0.38685280723454163,Britney Spears,TR,33,m,US,Female
241,6,0.3562071871080222,AFI,TR,33,m,US,Female
241,7,0.3333333333333333,Queen,TR,33,m,JP,Female
241,8,0.31546487678572877,Eminem,TR,33,m,US,Male
241,9,0.3010299956639812,Edwyn Collins,TR,33,m,UK,Male
241,10,0.2890648263178879,Ozzy Osbourne,TR,33,m,UK,Male
783,1,1.0,Ariana Grande,BR,15,f,US,Female
783,2,0.6309297535714575,Ariana Grande,BR,15,f,US,Female
783,3,0.5,Britney Spears,BR,15,f,US,Female
783,4,0.43067655807339306,Jessie J,BR,15,f,UK,Female
783,5,0.38685280723454163,Ariana Grande,BR,15,f,US,Female
783,6,0.3562071871080222,Britney Spears,BR,15,f,US,Female
783,9,0.3010299956639812,Adele,BR,15,f,UK,Female
783,10,0.2890648263178879,Rita Ora,BR,15,f,UK,Female
783,8,0.31546487678572877,Adele,BR,15,f,UK,Female
783,7,0.3333333333333333,Rihanna,BR,15,f,UK,Female
60,1,1.0,Moby,UK,25,m,US,Male
60,2,0.6309297535714575,Parov Stelar,UK,25,m,AT,Male
60,3,0.5,Carpenter Brut,UK,25,m,FR,Male
60,4,0.43067655807339306,Moby,UK,25,m,US,Male
60,5,0.38685280723454163,Madonna,UK,25,m,US,Female
60,6,0.3562071871080222,Tame Impala,UK,25,m,AU,Male
60,7,0.3333333333333333,Philip Glass,UK,25,m,US,Male
60,10,0.2890648263178879,Tame Impala,UK,25,m,AU,Male
60,9,0.3010299956639812,Noisestorm,UK,25,m,IE,Male
60,8,0.31546487678572877,Vitalic,UK,25,m,FR,Male
705,1,1.0,Céu,BR,21,m,BR,Female
705,2,0.6309297535714575,Paulinho Da Viola,BR,21,m,BR,Male
705,3,0.5,Reginaldo Rossi,BR,21,m,BR,Male
705,4,0.43067655807339306,Phill Veras,BR,21,m,BR,Male
705,5,0.38685280723454163,Jorge Ben,BR,21,m,BR,Male
705,6,0.3562071871080222,Maria Rita,BR,21,m,BR,Female
705,7,0.3333333333333333,Tim Maia,BR,21,m,BR,Male
705,8,0.31546487678572877,Guilherme Arantes,BR,21,m,BR,Male
705,9,0.3010299956639812,Chico Buarque,BR,21,m,BR,Male
705,10,0.2890648263178879,Clara Nunes,BR,21,m,BR,Female
623,1,1.0,Snail Mail,RU,21,m,US,Female
623,2,0.6309297535714575,Weyes Blood,RU,21,m,US,Female
623,3,0.5,Aldous Harding,RU,21,m,NZ,Female
623,4,0.43067655807339306,Kurt Vile,RU,21,m,US,Male
623,5,0.38685280723454163,Jessica Pratt,RU,21,m,US,Female
623,6,0.3562071871080222,Thom Yorke,RU,21,m,UK,Male
623,7,0.3333333333333333,Four Tet,RU,21,m,UK,Male
623,8,0.31546487678572877,John Maus,RU,21,m,US,Male
623,9,0.3010299956639812,Weyes Blood,RU,21,m,US,Female
623,10,0.2890648263178879,Jessica Pratt,RU,21,m,US,Female
72,1,1.0,Britney Spears,US,39,m,US,Female
72,2,0.6309297535714575,Britney Spears,US,39,m,US,Female
72,3,0.5,Ariana Grande,US,39,m,US,Female
72,4,0.43067655807339306,Adele,US,39,m,UK,Female
72,5,0.38685280723454163,Ed Sheeran,US,39,m,UK,Male
72,6,0.3562071871080222,Adele,US,39,m,UK,Female
72,10,0.2890648263178879,James Blake,US,39,m,UK,Male
72,9,0.3010299956639812,Adele,US,39,m,UK,Female
72,8,0.31546487678572877,Avril Lavigne,US,39,m,CA,Female
72,7,0.3333333333333333,Ed Sheeran,US,39,m,UK,Male
147,1,1.0,Toro y Moi,CZ,45,m,US,Male
147,2,0.6309297535714575,Dido,CZ,45,m,UK,Female
147,3,0.5,Laura Branigan,CZ,45,m,US,Female
147,4,0.43067655807339306,Robyn,CZ,45,m,SE,Female
147,5,0.38685280723454163,Toro y Moi,CZ,45,m,US,Male
147,7,0.3333333333333333,Four Tet,CZ,45,m,UK,Male
147,10,0.2890648263178879,James Blake,CZ,45,m,UK,Male
147,9,0.3010299956639812,James Blake,CZ,45,m,UK,Male
147,8,0.31546487678572877,Tame Impala,CZ,45,m,AU,Male
147,6,0.3562071871080222,Daniel Avery,CZ,45,m,UK,Male
599,1,1.0,Travis Scott,TR,23,m,US,Male
599,2,0.6309297535714575,Travis Scott,TR,23,m,US,Male
599,3,0.5,Lana Del Rey,TR,23,m,US,Female
599,4,0.43067655807339306,Kurt Vile,TR,23,m,US,Male
599,5,0.38685280723454163,Father John Misty,TR,23,m,US,Male
599,6,0.3562071871080222,Tame Impala,TR,23,m,AU,Male
599,10,0.2890648263178879,James Blake,TR,23,m,UK,Male
599,9,0.3010299956639812,Four Tet,TR,23,m,UK,Male
599,8,0.31546487678572877,Grimes,TR,23,m,CA,Female
599,7,0.3333333333333333,James Blake,TR,23,m,UK,Male
854,1,1.0,Ozzy Osbourne,IE,43,m,UK,Male
854,2,0.6309297535714575,Annie Lennox,IE,43,m,UK,Female
854,3,0.5,Eagle-Eye Cherry,IE,43,m,SE,Male
854,4,0.43067655807339306,Mike Oldfield,IE,43,m,UK,Male
854,5,0.38685280723454163,Queen,IE,43,m,JP,Female
854,7,0.3333333333333333,Queen,IE,43,m,JP,Female
854,10,0.2890648263178879,Gustavo Cerati,IE,43,m,AR,Male
854,9,0.3010299956639812,Eric Clapton,IE,43,m,UK,Male
854,8,0.31546487678572877,Mariza,IE,43,m,PT,Female
854,6,0.3562071871080222,Peter Murphy,IE,43,m,UK,Male
832,1,1.0,Lana Del Rey,US,20,f,US,Female
832,2,0.6309297535714575,Marilyn Manson,US,20,f,US,Male
832,3,0.5,Snail Mail,US,20,f,US,Female
832,4,0.43067655807339306,Jessica Pratt,US,20,f,US,Female
832,6,0.3562071871080222,Thom Yorke,US,20,f,UK,Male
832,8,0.31546487678572877,Sia,US,20,f,AU,Female
832,10,0.2890648263178879,Leonard Cohen,US,20,f,CA,Male
832,9,0.3010299956639812,Seal,US,20,f,UK,Male
832,7,0.3333333333333333,Lily Allen,US,20,f,UK,Female
832,5,0.38685280723454163,Bob Marley & The Wailers,US,20,f,JM,Male
912,1,1.0,IAMX,US,19,f,DE,Male
912,2,0.6309297535714575,IAMX,US,19,f,DE,Male
912,3,0.5,IAMX,US,19,f,DE,Male
912,4,0.43067655807339306,IAMX,US,19,f,DE,Male
912,5,0.38685280723454163,IAMX,US,19,f,DE,Male
912,6,0.3562071871080222,Little Richard,US,19,f,US,Male
912,7,0.3333333333333333,Ghost,US,19,f,UK,Male
912,9,0.3010299956639812,Albert Hammond,US,19,f,UK,Male
912,10,0.2890648263178879,Devin Townsend,US,19,f,CA,Male
912,8,0.31546487678572877,Miracle of Sound,US,19,f,IE,Male
33,1,1.0,Eric Clapton,NO,34,m,UK,Male
33,2,0.6309297535714575,Charles Bolt,NO,34,m,US,Male
33,3,0.5,Ariana Grande,NO,34,m,US,Female
33,4,0.43067655807339306,Seal,NO,34,m,UK,Male
33,5,0.38685280723454163,Britney Spears,NO,34,m,US,Female
33,8,0.31546487678572877,Ed Sheeran,NO,34,m,UK,Male
33,9,0.3010299956639812,Avril Lavigne,NO,34,m,CA,Female
33,10,0.2890648263178879,Shawn Mendes,NO,34,m,CA,Male
33,7,0.3333333333333333,Adele,NO,34,m,UK,Female
33,6,0.3562071871080222,Steve Winwood,NO,34,m,UK,Male
86,1,1.0,Frank Ocean,DZ,24,m,US,Male
86,2,0.6309297535714575,Frank Ocean,DZ,24,m,US,Male
86,3,0.5,Denzel Curry,DZ,24,m,US,Male
86,4,0.43067655807339306,Kanye West,DZ,24,m,US,Male
86,5,0.38685280723454163,James Blake,DZ,24,m,UK,Male
86,6,0.3562071871080222,James Blake,DZ,24,m,UK,Male
86,7,0.3333333333333333,Kanye West,DZ,24,m,US,Male
86,8,0.31546487678572877,Kanye West,DZ,24,m,US,Male
86,9,0.3010299956639812,Kurt Vile,DZ,24,m,US,Male
86,10,0.2890648263178879,Girl In Red,DZ,24,m,NO,Female
750,1,1.0,Lana Del Rey,PL,17,m,US,Female
750,2,0.6309297535714575,Weyes Blood,PL,17,m,US,Female
750,5,0.38685280723454163,Grimes,PL,17,m,CA,Female
750,8,0.31546487678572877,Adele,PL,17,m,UK,Female
750,9,0.3010299956639812,Thom Yorke,PL,17,m,UK,Male
750,10,0.2890648263178879,George Ezra,PL,17,m,UK,Male
750,7,0.3333333333333333,Adele,PL,17,m,UK,Female
750,6,0.3562071871080222,Sia,PL,17,m,AU,Female
750,4,0.43067655807339306,James Blake,PL,17,m,UK,Male
750,3,0.5,Keaton Henson,PL,17,m,UK,Male
880,1,1.0,Lana Del Rey,PL,18,m,US,Female
880,2,0.6309297535714575,Britney Spears,PL,18,m,US,Female
880,3,0.5,Robyn,PL,18,m,SE,Female
880,4,0.43067655807339306,Björk,PL,18,m,IS,Female
880,6,0.3562071871080222,Britney Spears,PL,18,m,US,Female
880,8,0.31546487678572877,Rita Ora,PL,18,m,UK,Female
880,10,0.2890648263178879,Mahmood,PL,18,m,IT,Male
880,9,0.3010299956639812,Sia,PL,18,m,AU,Female
880,7,0.3333333333333333,Jessie J,PL,18,m,UK,Female
880,5,0.38685280723454163,Girl In Red,PL,18,m,NO,Female
727,1,1.0,Haddaway,RU,25,m,DE,Male
727,2,0.6309297535714575,Beck,RU,25,m,DK,Male
727,3,0.5,Marilyn Manson,RU,25,m,US,Male
727,4,0.43067655807339306,Marilyn Manson,RU,25,m,US,Male
727,5,0.38685280723454163,Chris Cornell,RU,25,m,US,Male
727,7,0.3333333333333333,Michael Sembello,RU,25,m,US,Male
727,8,0.31546487678572877,Queen,RU,25,m,JP,Female
727,10,0.2890648263178879,Edwyn Collins,RU,25,m,UK,Male
727,9,0.3010299956639812,Ozzy Osbourne,RU,25,m,UK,Male
727,6,0.3562071871080222,Wax Tailor,RU,25,m,FR,Male
322,1,1.0,Ariana Grande,AU,26,m,US,Female
322,2,0.6309297535714575,Ariana Grande,AU,26,m,US,Female
322,3,0.5,Lorde,AU,26,m,NZ,Female
322,4,0.43067655807339306,Robyn,AU,26,m,SE,Female
322,5,0.38685280723454163,Travis Scott,AU,26,m,US,Male
322,6,0.3562071871080222,Taylor Swift,AU,26,m,US,Female
322,7,0.3333333333333333,Ariana Grande,AU,26,m,US,Female
322,8,0.31546487678572877,Lana Del Rey,AU,26,m,US,Female
322,9,0.3010299956639812,Ariana Grande,AU,26,m,US,Female
322,10,0.2890648263178879,James Blake,AU,26,m,UK,Male
15,1,1.0,Weyes Blood,FI,27,m,US,Female
15,2,0.6309297535714575,Aldous Harding,FI,27,m,NZ,Female
15,3,0.5,Weyes Blood,FI,27,m,US,Female
15,4,0.43067655807339306,Jessica Pratt,FI,27,m,US,Female
15,5,0.38685280723454163,James Blake,FI,27,m,UK,Male
15,6,0.3562071871080222,John Maus,FI,27,m,US,Male
15,7,0.3333333333333333,Four Tet,FI,27,m,UK,Male
15,8,0.31546487678572877,James Blake,FI,27,m,UK,Male
15,9,0.3010299956639812,Tame Impala,FI,27,m,AU,Male
15,10,0.2890648263178879,Thom Yorke,FI,27,m,UK,Male
851,1,1.0,Mr.Kitty,RU,16,m,US,Male
851,2,0.6309297535714575,Moby,RU,16,m,US,Male
851,3,0.5,Vitalic,RU,16,m,FR,Male
851,4,0.43067655807339306,Oliver Koletzki,RU,16,m,DE,Male
851,5,0.38685280723454163,Serj Tankian,RU,16,m,US,Male
851,6,0.3562071871080222,Milow,RU,16,m,BE,Male
851,7,0.3333333333333333,Moby,RU,16,m,US,Male
851,10,0.2890648263178879,edIT,RU,16,m,UK,Male
851,9,0.3010299956639812,Jess Glynne,RU,16,m,UK,Female
851,8,0.31546487678572877,The Avener,RU,16,m,FR,Male
373,1,1.0,Carpenter Brut,HU,20,f,FR,Male
373,2,0.6309297535714575,Lana Del Rey,HU,20,f,US,Female
373,3,0.5,Ariana Grande,HU,20,f,US,Female
373,4,0.43067655807339306,Beyoncé,HU,20,f,US,Female
373,7,0.3333333333333333,Lana Del Rey,HU,20,f,US,Female
373,8,0.31546487678572877,Rihanna,HU,20,f,UK,Female
373,10,0.2890648263178879,PJ Harvey,HU,20,f,UK,Female
373,9,0.3010299956639812,Jessie J,HU,20,f,UK,Female
373,6,0.3562071871080222,Sia,HU,20,f,AU,Female
373,5,0.38685280723454163,Rihanna,HU,20,f,UK,Female
810,1,1.0,Lana Del Rey,NL,17,m,US,Female
810,2,0.6309297535714575,Ariana Grande,NL,17,m,US,Female
810,3,0.5,Father John Misty,NL,17,m,US,Male
810,4,0.43067655807339306,Britney Spears,NL,17,m,US,Female
810,5,0.38685280723454163,Ariana Grande,NL,17,m,US,Female
810,9,0.3010299956639812,Jessie J,NL,17,m,UK,Female
810,10,0.2890648263178879,James Blake,NL,17,m,UK,Male
810,8,0.31546487678572877,Tame Impala,NL,17,m,AU,Male
810,7,0.3333333333333333,James Blake,NL,17,m,UK,Male
810,6,0.3562071871080222,Corinne Bailey Rae,NL,17,m,UK,Female
612,1,1.0,Queen,BY,23,m,JP,Female
612,2,0.6309297535714575,Queen,BY,23,m,JP,Female
612,3,0.5,Johnny Cash,BY,23,m,US,Male
612,4,0.43067655807339306,Laura Branigan,BY,23,m,US,Female
612,5,0.38685280723454163,Eminem,BY,23,m,US,Male
612,6,0.3562071871080222,Little Richard,BY,23,m,US,Male
612,7,0.3333333333333333,Dolly Parton,BY,23,m,US,Female
612,8,0.31546487678572877,Edwyn Collins,BY,23,m,UK,Male
612,9,0.3010299956639812,Björk,BY,23,m,IS,Female
612,10,0.2890648263178879,Kate Bush,BY,23,m,UK,Female
772,1,1.0,Queen,FR,30,m,JP,Female
772,2,0.6309297535714575,Queen,FR,30,m,JP,Female
772,3,0.5,Queen,FR,30,m,JP,Female
772,4,0.43067655807339306,Mayhem,FR,30,m,CA,Female
772,5,0.38685280723454163,Queen,FR,30,m,JP,Female
772,6,0.3562071871080222,Emperor,FR,30,m,UK,Male
772,7,0.3333333333333333,Emperor,FR,30,m,UK,Male
772,8,0.31546487678572877,Queen,FR,30,m,JP,Female
772,9,0.3010299956639812,YOB,FR,30,m,UK,Male
772,10,0.2890648263178879,Jimi Hendrix,FR,30,m,US,Male
544,1,1.0,Beck,DE,17,m,DK,Male
544,2,0.6309297535714575,Bryan Adams,DE,17,m,CA,Male
544,3,0.5,Laura Branigan,DE,17,m,US,Female
544,4,0.43067655807339306,Avril Lavigne,DE,17,m,CA,Female
544,5,0.38685280723454163,Chris Isaak,DE,17,m,US,Male
544,6,0.3562071871080222,Billy Joel,DE,17,m,US,Male
544,10,0.2890648263178879,Seal,DE,17,m,UK,Male
544,9,0.3010299956639812,Edwyn Collins,DE,17,m,UK,Male
544,8,0.31546487678572877,Rod Stewart,DE,17,m,UK,Male
544,7,0.3333333333333333,Eric Clapton,DE,17,m,UK,Male
533,1,1.0,Ariana Grande,US,22,m,US,Female
533,2,0.6309297535714575,Lil Nas X,US,22,m,US,Male
533,3,0.5,Britney Spears,US,22,m,US,Female
533,5,0.38685280723454163,Ed Sheeran,US,22,m,UK,Male
533,6,0.3562071871080222,Adele,US,22,m,UK,Female
533,8,0.31546487678572877,Bryan Adams,US,22,m,CA,Male
533,10,0.2890648263178879,Ed Sheeran,US,22,m,UK,Male
533,9,0.3010299956639812,Jessie J,US,22,m,UK,Female
533,7,0.3333333333333333,George Ezra,US,22,m,UK,Male
533,4,0.43067655807339306,Louis Tomlinson,US,22,m,UK,Male
811,1,1.0,Marilyn Manson,RU,24,m,US,Male
811,2,0.6309297535714575,Ozzy Osbourne,RU,24,m,UK,Male
811,3,0.5,Marilyn Manson,RU,24,m,US,Male
811,4,0.43067655807339306,Marilyn Manson,RU,24,m,US,Male
811,5,0.38685280723454163,Ozzy Osbourne,RU,24,m,UK,Male
811,6,0.3562071871080222,Marilyn Manson,RU,24,m,US,Male
811,7,0.3333333333333333,Marilyn Manson,RU,24,m,US,Male
811,10,0.2890648263178879,Ozzy Osbourne,RU,24,m,UK,Male
811,9,0.3010299956639812,Leonard Cohen,RU,24,m,CA,Male
811,8,0.31546487678572877,Ozzy Osbourne,RU,24,m,UK,Male
88,1,1.0,Aldous Harding,NL,24,m,NZ,Female
88,2,0.6309297535714575,Thom Yorke,NL,24,m,UK,Male
88,3,0.5,James Blake,NL,24,m,UK,Male
88,4,0.43067655807339306,Leonard Cohen,NL,24,m,CA,Male
88,5,0.38685280723454163,Robyn,NL,24,m,SE,Female
88,6,0.3562071871080222,Snail Mail,NL,24,m,US,Female
88,7,0.3333333333333333,Weyes Blood,NL,24,m,US,Female
88,8,0.31546487678572877,Jessica Pratt,NL,24,m,US,Female
88,9,0.3010299956639812,Tame Impala,NL,24,m,AU,Male
88,10,0.2890648263178879,Dido,NL,24,m,UK,Female
743,1,1.0,Britney Spears,US,21,f,US,Female
743,2,0.6309297535714575,Ariana Grande,US,21,f,US,Female
743,3,0.5,Troye Sivan,US,21,f,AU,Male
743,4,0.43067655807339306,Rita Ora,US,21,f,UK,Female
743,6,0.3562071871080222,Ariana Grande,US,21,f,US,Female
743,7,0.3333333333333333,Robyn,US,21,f,SE,Female
743,9,0.3010299956639812,Ariana Grande,US,21,f,US,Female
743,10,0.2890648263178879,Taylor Swift,US,21,f,US,Female
743,8,0.31546487678572877,Niall Horan,US,21,f,IE,Male
743,5,0.38685280723454163,Kygo,US,21,f,NO,Male
428,1,1.0,Ariana Grande,NU,21,f,US,Female
428,2,0.6309297535714575,Tame Impala,NU,21,f,AU,Male
428,3,0.5,Daniel Avery,NU,21,f,UK,Male
428,4,0.43067655807339306,James Blake,NU,21,f,UK,Male
428,5,0.38685280723454163,James Blake,NU,21,f,UK,Male
428,6,0.3562071871080222,Gil Scott-Heron,NU,21,f,US,Male
428,7,0.3333333333333333,Joe Goddard,NU,21,f,UK,Male
428,10,0.2890648263178879,Thom Yorke,NU,21,f,UK,Male
428,9,0.3010299956639812,Tame Impala,NU,21,f,AU,Male
428,8,0.31546487678572877,Mahmood,NU,21,f,IT,Male
695,1,1.0,Chris Isaak,PL,21,f,US,Male
695,2,0.6309297535714575,Haddaway,PL,21,f,DE,Male
695,3,0.5,Britney Spears,PL,21,f,US,Female
695,4,0.43067655807339306,Britney Spears,PL,21,f,US,Female
695,6,0.3562071871080222,Seal,PL,21,f,UK,Male
695,7,0.3333333333333333,Avril Lavigne,PL,21,f,CA,Female
695,8,0.31546487678572877,Sia,PL,21,f,AU,Female
695,9,0.3010299956639812,J Balvin,PL,21,f,CO,Male
695,10,0.2890648263178879,Bryan Adams,PL,21,f,CA,Male
695,5,0.38685280723454163,Ed Sheeran,PL,21,f,UK,Male
420,1,1.0,IAMX,DE,34,m,DE,Male
420,2,0.6309297535714575,Alanis Morissette,DE,34,m,CA,Female
420,3,0.5,IAMX,DE,34,m,DE,Male
420,4,0.43067655807339306,Ozzy Osbourne,DE,34,m,UK,Male
420,7,0.3333333333333333,Sarah McLachlan,DE,34,m,CA,Female
420,8,0.31546487678572877,Hozier,DE,34,m,IE,Male
420,10,0.2890648263178879,Frank Turner,DE,34,m,UK,Male
420,9,0.3010299956639812,Tarja,DE,34,m,FI,Female
420,6,0.3562071871080222,Sezen Aksu,DE,34,m,TR,Female
420,5,0.38685280723454163,Gavin James,DE,34,m,IE,Male
95,1,1.0,Weyes Blood,NL,24,m,US,Female
95,2,0.6309297535714575,Weyes Blood,NL,24,m,US,Female
95,3,0.5,Toro y Moi,NL,24,m,US,Male
95,4,0.43067655807339306,Jessica Pratt,NL,24,m,US,Female
95,6,0.3562071871080222,Four Tet,NL,24,m,UK,Male
95,7,0.3333333333333333,James Blake,NL,24,m,UK,Male
95,10,0.2890648263178879,James Blake,NL,24,m,UK,Male
95,9,0.3010299956639812,Tame Impala,NL,24,m,AU,Male
95,8,0.31546487678572877,Tirzah,NL,24,m,UK,Female
95,5,0.38685280723454163,Thom Yorke,NL,24,m,UK,Male
722,1,1.0,Beck,ID,21,m,DK,Male
722,2,0.6309297535714575,Roy Orbison,ID,21,m,US,Male
722,6,0.3562071871080222,Eagle-Eye Cherry,ID,21,m,SE,Male
722,7,0.3333333333333333,George Ezra,ID,21,m,UK,Male
722,9,0.3010299956639812,Adele,ID,21,m,UK,Female
722,10,0.2890648263178879,Avril Lavigne,ID,21,m,CA,Female
722,8,0.31546487678572877,Adele,ID,21,m,UK,Female
722,5,0.38685280723454163,Adele,ID,21,m,UK,Female
722,4,0.43067655807339306,Rihanna,ID,21,m,UK,Female
722,3,0.5,Jessie J,ID,21,m,UK,Female
253,1,1.0,Britney Spears,UK,19,m,US,Female
253,2,0.6309297535714575,Ariana Grande,UK,19,m,US,Female
253,3,0.5,Britney Spears,UK,19,m,US,Female
253,4,0.43067655807339306,Lil Nas X,UK,19,m,US,Male
253,5,0.38685280723454163,Ed Sheeran,UK,19,m,UK,Male
253,6,0.3562071871080222,Adele,UK,19,m,UK,Female
253,7,0.3333333333333333,Miley Cyrus,UK,19,m,US,Non-binary
253,9,0.3010299956639812,Rita Ora,UK,19,m,UK,Female
253,10,0.2890648263178879,Ed Sheeran,UK,19,m,UK,Male
253,8,0.31546487678572877,Adele,UK,19,m,UK,Female
247,1,1.0,Haddaway,DE,43,m,DE,Male
247,2,0.6309297535714575,Billy Joel,DE,43,m,US,Male
247,4,0.43067655807339306,Chuck Berry,DE,43,m,US,Male
247,5,0.38685280723454163,Michael Sembello,DE,43,m,US,Male
247,6,0.3562071871080222,Eric Clapton,DE,43,m,UK,Male
247,9,0.3010299956639812,Seal,DE,43,m,UK,Male
247,10,0.2890648263178879,Bob Marley & The Wailers,DE,43,m,JM,Male
247,8,0.31546487678572877,Rod Stewart,DE,43,m,UK,Male
247,7,0.3333333333333333,Rod Stewart,DE,43,m,UK,Male
247,3,0.5,Dennis Lloyd,DE,43,m,IL,Male
575,1,1.0,Laura Branigan,AR,24,f,US,Female
575,2,0.6309297535714575,Mahmood,AR,24,f,IT,Male
575,3,0.5,Michael Sembello,AR,24,f,US,Male
575,4,0.43067655807339306,Toro y Moi,AR,24,f,US,Male
575,8,0.31546487678572877,Bryan Adams,AR,24,f,CA,Male
575,10,0.2890648263178879,Ry x,AR,24,f,AU,Male
575,9,0.3010299956639812,Four Tet,AR,24,f,UK,Male
575,7,0.3333333333333333,Seal,AR,24,f,UK,Male
575,6,0.3562071871080222,Tame Impala,AR,24,f,AU,Male
575,5,0.38685280723454163,Pional,AR,24,f,ES,Male
731,1,1.0,Ariana Grande,NO,24,f,US,Female
731,2,0.6309297535714575,Britney Spears,NO,24,f,US,Female
731,3,0.5,Ariana Grande,NO,24,f,US,Female
731,4,0.43067655807339306,Britney Spears,NO,24,f,US,Female
731,5,0.38685280723454163,Roy Orbison,NO,24,f,US,Male
731,7,0.3333333333333333,Ariana Grande,NO,24,f,US,Female
731,8,0.31546487678572877,Beyoncé,NO,24,f,US,Female
731,9,0.3010299956639812,John Mayer,NO,24,f,IN,Male
731,10,0.2890648263178879,Jessie J,NO,24,f,UK,Female
731,6,0.3562071871080222,Rita Ora,NO,24,f,UK,Female
597,1,1.0,Emperor,RU,36,m,UK,Male
597,2,0.6309297535714575,The Kinks,RU,36,m,US,Male
597,3,0.5,Nile,RU,36,m,US,Female
597,4,0.43067655807339306,David Bowie,RU,36,m,UK,Male
597,5,0.38685280723454163,Emperor,RU,36,m,UK,Male
597,6,0.3562071871080222,Amanda Palmer,RU,36,m,US,Female
597,7,0.3333333333333333,Emperor,RU,36,m,UK,Male
597,8,0.31546487678572877,The Kinks,RU,36,m,US,Male
597,10,0.2890648263178879,Ghost,RU,36,m,UK,Male
597,9,0.3010299956639812,Leonard Cohen,RU,36,m,CA,Male
305,1,1.0,Beck,DE,26,f,DK,Male
305,2,0.6309297535714575,Dolly Parton,DE,26,f,US,Female
305,3,0.5,Eagle-Eye Cherry,DE,26,f,SE,Male
305,5,0.38685280723454163,George Ezra,DE,26,f,UK,Male
305,6,0.3562071871080222,Billy Joel,DE,26,f,US,Male
305,7,0.3333333333333333,John Mayer,DE,26,f,IN,Male
305,10,0.2890648263178879,Ed Sheeran,DE,26,f,UK,Male
305,9,0.3010299956639812,Mahmood,DE,26,f,IT,Male
305,8,0.31546487678572877,Corinne Bailey Rae,DE,26,f,UK,Female
305,4,0.43067655807339306,Adele,DE,26,f,UK,Female
7,1,1.0,Snail Mail,AU,37,m,US,Female
7,2,0.6309297535714575,John Maus,AU,37,m,US,Male
7,3,0.5,Four Tet,AU,37,m,UK,Male
7,4,0.43067655807339306,Jessica Pratt,AU,37,m,US,Female
7,5,0.38685280723454163,Thom Yorke,AU,37,m,UK,Male
7,7,0.3333333333333333,James Blake,AU,37,m,UK,Male
7,10,0.2890648263178879,Ry x,AU,37,m,AU,Male
7,9,0.3010299956639812,Charlotte Day Wilson,AU,37,m,CA,Female
7,8,0.31546487678572877,Joe Goddard,AU,37,m,UK,Male
7,6,0.3562071871080222,Dean Blunt,AU,37,m,UK,Male
251,1,1.0,Beck,DE,20,m,DK,Male
251,2,0.6309297535714575,Marilyn Manson,DE,20,m,US,Male
251,3,0.5,Bryan Adams,DE,20,m,CA,Male
251,4,0.43067655807339306,Marilyn Manson,DE,20,m,US,Male
251,6,0.3562071871080222,Chuck Berry,DE,20,m,US,Male
251,9,0.3010299956639812,Billy Joel,DE,20,m,US,Male
251,10,0.2890648263178879,Laura Branigan,DE,20,m,US,Female
251,8,0.31546487678572877,Rod Stewart,DE,20,m,UK,Male
251,7,0.3333333333333333,Mahmood,DE,20,m,IT,Male
251,5,0.38685280723454163,Mika,DE,20,m,BA,Male
630,1,1.0,Duncan Laurence,RU,24,m,NL,Male
630,2,0.6309297535714575,Chuck Berry,RU,24,m,US,Male
630,3,0.5,Seal,RU,24,m,UK,Male
630,5,0.38685280723454163,Eagle-Eye Cherry,RU,24,m,SE,Male
630,6,0.3562071871080222,Michael Sembello,RU,24,m,US,Male
630,10,0.2890648263178879,Bryan Adams,RU,24,m,CA,Male
630,9,0.3010299956639812,Björk,RU,24,m,IS,Female
630,8,0.31546487678572877,Edwyn Collins,RU,24,m,UK,Male
630,7,0.3333333333333333,Tame Impala,RU,24,m,AU,Male
630,4,0.43067655807339306,Ester Peony,RU,24,m,RO,Female
789,1,1.0,John Maus,UK,17,m,US,Male
789,2,0.6309297535714575,Mahmood,UK,17,m,IT,Male
789,3,0.5,Weyes Blood,UK,17,m,US,Female
789,4,0.43067655807339306,John Maus,UK,17,m,US,Male
789,5,0.38685280723454163,Thom Yorke,UK,17,m,UK,Male
789,6,0.3562071871080222,Snail Mail,UK,17,m,US,Female
789,7,0.3333333333333333,Weyes Blood,UK,17,m,US,Female
789,8,0.31546487678572877,James Blake,UK,17,m,UK,Male
789,10,0.2890648263178879,King Krule,UK,17,m,UK,Male
789,9,0.3010299956639812,James Blake,UK,17,m,UK,Male
463,1,1.0,Manu Chao,DE,22,m,FR,Male
463,2,0.6309297535714575,Elliott Smith,DE,22,m,US,Male
463,3,0.5,Timmy Trumpet,DE,22,m,AU,Male
463,7,0.3333333333333333,Jorge Ben Jor,DE,22,m,BR,Male
463,8,0.31546487678572877,U.S. Girls,DE,22,m,CA,Female
463,9,0.3010299956639812,Vashti Bunyan,DE,22,m,UK,Female
463,10,0.2890648263178879,Jorge Ben Jor,DE,22,m,BR,Male
463,6,0.3562071871080222,Marisa Monte,DE,22,m,BR,Female
463,5,0.38685280723454163,Anouk,DE,22,m,FR,Female
463,4,0.43067655807339306,Jorge Ben Jor,DE,22,m,BR,Male
176,1,1.0,Adele,UK,28,m,UK,Female
176,2,0.6309297535714575,Ed Sheeran,UK,28,m,UK,Male
176,3,0.5,Justin Timberlake,UK,28,m,US,Male
176,4,0.43067655807339306,James Arthur,UK,28,m,UK,Male
176,5,0.38685280723454163,Ed Sheeran,UK,28,m,UK,Male
176,6,0.3562071871080222,Shawn Mendes,UK,28,m,CA,Male
176,7,0.3333333333333333,Duncan Laurence,UK,28,m,NL,Male
176,9,0.3010299956639812,Eagle-Eye Cherry,UK,28,m,SE,Male
176,10,0.2890648263178879,Adele,UK,28,m,UK,Female
176,8,0.31546487678572877,Adele,UK,28,m,UK,Female
35,1,1.0,James Blake,RU,27,m,UK,Male
35,2,0.6309297535714575,James Blake,RU,27,m,UK,Male
35,3,0.5,Aldous Harding,RU,27,m,NZ,Female
35,4,0.43067655807339306,Beck,RU,27,m,DK,Male
35,5,0.38685280723454163,Four Tet,RU,27,m,UK,Male
35,6,0.3562071871080222,Toro y Moi,RU,27,m,US,Male
35,7,0.3333333333333333,Tame Impala,RU,27,m,AU,Male
35,8,0.31546487678572877,Tame Impala,RU,27,m,AU,Male
35,9,0.3010299956639812,Toro y Moi,RU,27,m,US,Male
35,10,0.2890648263178879,Leonard Cohen,RU,27,m,CA,Male
867,1,1.0,Snail Mail,IR,20,m,US,Female
867,2,0.6309297535714575,Grouper,IR,20,m,US,Female
867,3,0.5,Weyes Blood,IR,20,m,US,Female
867,4,0.43067655807339306,Jessica Pratt,IR,20,m,US,Female
867,5,0.38685280723454163,Aldous Harding,IR,20,m,NZ,Female
867,6,0.3562071871080222,Weyes Blood,IR,20,m,US,Female
867,7,0.3333333333333333,Oneohtrix Point Never,IR,20,m,US,Male
867,8,0.31546487678572877,Grouper,IR,20,m,US,Female
867,9,0.3010299956639812,Grouper,IR,20,m,US,Female
867,10,0.2890648263178879,Four Tet,IR,20,m,UK,Male
319,1,1.0,Moby,UA,21,m,US,Male
319,2,0.6309297535714575,Beck,UA,21,m,DK,Male
319,3,0.5,Marilyn Manson,UA,21,m,US,Male
319,4,0.43067655807339306,Haddaway,UA,21,m,DE,Male
319,5,0.38685280723454163,Louis Tomlinson,UA,21,m,UK,Male
319,8,0.31546487678572877,James Arthur,UA,21,m,UK,Male
319,10,0.2890648263178879,Ozzy Osbourne,UA,21,m,UK,Male
319,9,0.3010299956639812,Rihanna,UA,21,m,UK,Female
319,7,0.3333333333333333,Carpenter Brut,UA,21,m,FR,Male
319,6,0.3562071871080222,Bob Marley & The Wailers,UA,21,m,JM,Male
893,1,1.0,James Blake,UK,20,m,UK,Male
893,2,0.6309297535714575,Lil Nas X,UK,20,m,US,Male
893,3,0.5,Toro y Moi,UK,20,m,US,Male
893,4,0.43067655807339306,Mahmood,UK,20,m,IT,Male
893,5,0.38685280723454163,Tame Impala,UK,20,m,AU,Male
893,6,0.3562071871080222,James Blake,UK,20,m,UK,Male
893,7,0.3333333333333333,Haddaway,UK,20,m,DE,Male
893,8,0.31546487678572877,Nas,UK,20,m,US,Male
893,9,0.3010299956639812,John Mayer,UK,20,m,IN,Male
893,10,0.2890648263178879,George Ezra,UK,20,m,UK,Male
785,1,1.0,Marilyn Manson,AR,22,m,US,Male
785,2,0.6309297535714575,Queen,AR,22,m,JP,Female
785,3,0.5,Haddaway,AR,22,m,DE,Male
785,4,0.43067655807339306,Eagle-Eye Cherry,AR,22,m,SE,Male
785,5,0.38685280723454163,Chris Isaak,AR,22,m,US,Male
785,6,0.3562071871080222,Roy Orbison,AR,22,m,US,Male
785,8,0.31546487678572877,Björk,AR,22,m,IS,Female
785,9,0.3010299956639812,Edwyn Collins,AR,22,m,UK,Male
785,10,0.2890648263178879,Bryan Adams,AR,22,m,CA,Male
785,7,0.3333333333333333,Seal,AR,22,m,UK,Male
237,1,1.0,Ed Sheeran,CZ,21,m,UK,Male
237,2,0.6309297535714575,Ariana Grande,CZ,21,m,US,Female
237,3,0.5,Britney Spears,CZ,21,m,US,Female
237,4,0.43067655807339306,Avril Lavigne,CZ,21,m,CA,Female
237,5,0.38685280723454163,Justin Bieber,CZ,21,m,CA,Male
237,8,0.31546487678572877,Justin Bieber,CZ,21,m,CA,Male
237,10,0.2890648263178879,Tom Odell,CZ,21,m,UK,Male
237,9,0.3010299956639812,Ed Sheeran,CZ,21,m,UK,Male
237,7,0.3333333333333333,George Ezra,CZ,21,m,UK,Male
237,6,0.3562071871080222,Jessie J,CZ,21,m,UK,Female
900,1,1.0,James Blake,BR,18,f,UK,Male
900,2,0.6309297535714575,Aldous Harding,BR,18,f,NZ,Female
900,3,0.5,James Blake,BR,18,f,UK,Male
900,4,0.43067655807339306,Toro y Moi,BR,18,f,US,Male
900,5,0.38685280723454163,Weyes Blood,BR,18,f,US,Female
900,6,0.3562071871080222,Ariana Grande,BR,18,f,US,Female
900,7,0.3333333333333333,Kendrick Lamar,BR,18,f,US,Male
900,9,0.3010299956639812,Thom Yorke,BR,18,f,UK,Male
900,10,0.2890648263178879,Tame Impala,BR,18,f,AU,Male
900,8,0.31546487678572877,Four Tet,BR,18,f,UK,Male
646,1,1.0,Queen,BR,24,m,JP,Female
646,2,0.6309297535714575,Mayhem,BR,24,m,CA,Female
646,3,0.5,Marilyn Manson,BR,24,m,US,Male
646,4,0.43067655807339306,Ozzy Osbourne,BR,24,m,UK,Male
646,5,0.38685280723454163,Marilyn Manson,BR,24,m,US,Male
646,6,0.3562071871080222,Emperor,BR,24,m,UK,Male
646,7,0.3333333333333333,Ozzy Osbourne,BR,24,m,UK,Male
646,8,0.31546487678572877,Queen,BR,24,m,JP,Female
646,10,0.2890648263178879,Leonard Cohen,BR,24,m,CA,Male
646,9,0.3010299956639812,Ozzy Osbourne,BR,24,m,UK,Male
863,1,1.0,Julee Cruise,MX,21,m,US,Female
863,2,0.6309297535714575,John Maus,MX,21,m,US,Male
863,3,0.5,Aldous Harding,MX,21,m,NZ,Female
863,4,0.43067655807339306,Charlotte Day Wilson,MX,21,m,CA,Female
863,5,0.38685280723454163,Thom Yorke,MX,21,m,UK,Male
863,10,0.2890648263178879,Arca,MX,21,m,VE,Non-binary
863,9,0.3010299956639812,Thom Yorke,MX,21,m,UK,Male
863,8,0.31546487678572877,Nick Drake,MX,21,m,UK,Male
863,7,0.3333333333333333,Nick Drake,MX,21,m,UK,Male
863,6,0.3562071871080222,Arca,MX,21,m,VE,Non-binary
333,1,1.0,Kacey Musgraves,FR,30,m,US,Female
333,2,0.6309297535714575,Madonna,FR,30,m,US,Female
333,3,0.5,Beyoncé,FR,30,m,US,Female
333,4,0.43067655807339306,Robyn,FR,30,m,SE,Female
333,5,0.38685280723454163,Travis Scott,FR,30,m,US,Male
333,6,0.3562071871080222,Britney Spears,FR,30,m,US,Female
333,7,0.3333333333333333,Avril Lavigne,FR,30,m,CA,Female
333,8,0.31546487678572877,Tame Impala,FR,30,m,AU,Male
333,10,0.2890648263178879,James Blake,FR,30,m,UK,Male
333,9,0.3010299956639812,James Blake,FR,30,m,UK,Male
369,1,1.0,Britney Spears,ES,111,f,US,Female
369,2,0.6309297535714575,Ariana Grande,ES,111,f,US,Female
369,3,0.5,Britney Spears,ES,111,f,US,Female
369,4,0.43067655807339306,Ariana Grande,ES,111,f,US,Female
369,5,0.38685280723454163,Haddaway,ES,111,f,DE,Male
369,6,0.3562071871080222,Taylor Swift,ES,111,f,US,Female
369,7,0.3333333333333333,Jessie J,ES,111,f,UK,Female
369,8,0.31546487678572877,Miley Cyrus,ES,111,f,US,Non-binary
369,10,0.2890648263178879,Rita Ora,ES,111,f,UK,Female
369,9,0.3010299956639812,Sia,ES,111,f,AU,Female
765,1,1.0,Caetano Veloso,BR,21,m,BR,Male
765,2,0.6309297535714575,Gal Costa,BR,21,m,BR,Female
765,3,0.5,Ariana Grande,BR,21,m,US,Female
765,4,0.43067655807339306,Chico Buarque,BR,21,m,BR,Male
765,5,0.38685280723454163,Caetano Veloso,BR,21,m,BR,Male
765,6,0.3562071871080222,Rihanna,BR,21,m,UK,Female
765,7,0.3333333333333333,Gilberto Gil,BR,21,m,BR,Male
765,9,0.3010299956639812,Caetano Veloso,BR,21,m,BR,Male
765,10,0.2890648263178879,Geraldo Azevedo,BR,21,m,BR,Male
765,8,0.31546487678572877,Gilberto Gil,BR,21,m,BR,Male
252,1,1.0,Oneohtrix Point Never,SE,21,m,US,Male
252,2,0.6309297535714575,Four Tet,SE,21,m,UK,Male
252,3,0.5,Snail Mail,SE,21,m,US,Female
252,4,0.43067655807339306,Aldous Harding,SE,21,m,NZ,Female
252,5,0.38685280723454163,Jessica Pratt,SE,21,m,US,Female
252,6,0.3562071871080222,Julie Byrne,SE,21,m,US,Female
252,7,0.3333333333333333,Lil Nas X,SE,21,m,US,Male
252,8,0.31546487678572877,Thom Yorke,SE,21,m,UK,Male
252,9,0.3010299956639812,Apparat,SE,21,m,DE,Male
252,10,0.2890648263178879,Joe Goddard,SE,21,m,UK,Male
52,1,1.0,Aldous Harding,AT,27,m,NZ,Female
52,2,0.6309297535714575,Thom Yorke,AT,27,m,UK,Male
52,4,0.43067655807339306,Bob Marley & The Wailers,AT,27,m,JM,Male
52,7,0.3333333333333333,Tame Impala,AT,27,m,AU,Male
52,8,0.31546487678572877,Grimes,AT,27,m,CA,Female
52,9,0.3010299956639812,Scott Walker,AT,27,m,UK,Male
52,10,0.2890648263178879,David Bowie,AT,27,m,UK,Male
52,6,0.3562071871080222,Scott Walker,AT,27,m,UK,Male
52,5,0.38685280723454163,Grimes,AT,27,m,CA,Female
52,3,0.5,Tame Impala,AT,27,m,AU,Male
694,1,1.0,Bryan Adams,US,20,f,CA,Male
694,2,0.6309297535714575,Adele,US,20,f,UK,Female
694,3,0.5,Taylor Swift,US,20,f,US,Female
694,4,0.43067655807339306,George Ezra,US,20,f,UK,Male
694,8,0.31546487678572877,John Mayer,US,20,f,IN,Male
694,10,0.2890648263178879,Adele,US,20,f,UK,Female
694,9,0.3010299956639812,Rihanna,US,20,f,UK,Female
694,7,0.3333333333333333,Ed Sheeran,US,20,f,UK,Male
694,6,0.3562071871080222,Adele,US,20,f,UK,Female
694,5,0.38685280723454163,Dennis Lloyd,US,20,f,IL,Male
556,1,1.0,Britney Spears,TR,18,f,US,Female
556,2,0.6309297535714575,Britney Spears,TR,18,f,US,Female
556,3,0.5,Ariana Grande,TR,18,f,US,Female
556,4,0.43067655807339306,Robyn,TR,18,f,SE,Female
556,5,0.38685280723454163,Avril Lavigne,TR,18,f,CA,Female
556,10,0.2890648263178879,Grimes,TR,18,f,CA,Female
556,9,0.3010299956639812,Dido,TR,18,f,UK,Female
556,8,0.31546487678572877,Adele,TR,18,f,UK,Female
556,7,0.3333333333333333,Rihanna,TR,18,f,UK,Female
556,6,0.3562071871080222,Thom Yorke,TR,18,f,UK,Male
822,1,1.0,Carpenter Brut,AT,19,m,FR,Male
822,2,0.6309297535714575,Parov Stelar,AT,19,m,AT,Male
822,3,0.5,Lil Nas X,AT,19,m,US,Male
822,4,0.43067655807339306,Planningtorock,AT,19,m,UK,Non-binary
822,5,0.38685280723454163,Sufjan Stevens,AT,19,m,US,Male
822,6,0.3562071871080222,Father John Misty,AT,19,m,US,Male
822,7,0.3333333333333333,Tame Impala,AT,19,m,AU,Male
822,9,0.3010299956639812,Rihanna,AT,19,m,UK,Female
822,10,0.2890648263178879,Graham Nash,AT,19,m,UK,Male
822,8,0.31546487678572877,I-Roy,AT,19,m,JM,Male
119,1,1.0,Loreen,RU,34,m,SE,Female
119,2,0.6309297535714575,Betty Davis,RU,34,m,US,Female
119,3,0.5,Mylène Farmer,RU,34,m,FR,Female
119,4,0.43067655807339306,Fever Ray,RU,34,m,SE,Non-binary
119,5,0.38685280723454163,Laura Branigan,RU,34,m,US,Female
119,10,0.2890648263178879,Natalia Kills,RU,34,m,UK,Female
119,9,0.3010299956639812,Ester Peony,RU,34,m,RO,Female
119,8,0.31546487678572877,Mahmood,RU,34,m,IT,Male
119,7,0.3333333333333333,David Bowie,RU,34,m,UK,Male
119,6,0.3562071871080222,Robbie Williams,RU,34,m,UK,Male
116,1,1.0,Britney Spears,US,25,m,US,Female
116,2,0.6309297535714575,Britney Spears,US,25,m,US,Female
116,7,0.3333333333333333,Jessie J,US,25,m,UK,Female
116,8,0.31546487678572877,Avril Lavigne,US,25,m,CA,Female
116,10,0.2890648263178879,Adele,US,25,m,UK,Female
116,9,0.3010299956639812,Adele,US,25,m,UK,Female
116,6,0.3562071871080222,Ed Sheeran,US,25,m,UK,Male
116,5,0.38685280723454163,Rihanna,US,25,m,UK,Female
116,4,0.43067655807339306,Adele,US,25,m,UK,Female
116,3,0.5,Rita Ora,US,25,m,UK,Female
582,1,1.0,Tame Impala,EE,18,m,AU,Male
582,2,0.6309297535714575,Lana Del Rey,EE,18,m,US,Female
582,3,0.5,Four Tet,EE,18,m,UK,Male
582,4,0.43067655807339306,Toro y Moi,EE,18,m,US,Male
582,5,0.38685280723454163,Beck,EE,18,m,DK,Male
582,10,0.2890648263178879,Thom Yorke,EE,18,m,UK,Male
582,9,0.3010299956639812,James Blake,EE,18,m,UK,Male
582,8,0.31546487678572877,Tame Impala,EE,18,m,AU,Male
582,7,0.3333333333333333,Tame Impala,EE,18,m,AU,Male
582,6,0.3562071871080222,Pional,EE,18,m,ES,Male
935,1,1.0,Toro y Moi,MX,21,m,US,Male
935,2,0.6309297535714575,Toro y Moi,MX,21,m,US,Male
935,3,0.5,Snail Mail,MX,21,m,US,Female
935,4,0.43067655807339306,Laura Branigan,MX,21,m,US,Female
935,5,0.38685280723454163,Tame Impala,MX,21,m,AU,Male
935,6,0.3562071871080222,Grimes,MX,21,m,CA,Female
935,7,0.3333333333333333,Chuck Berry,MX,21,m,US,Male
935,8,0.31546487678572877,Four Tet,MX,21,m,UK,Male
935,10,0.2890648263178879,David Bowie,MX,21,m,UK,Male
935,9,0.3010299956639812,Daniel Avery,MX,21,m,UK,Male
496,1,1.0,Beck,BR,20,m,DK,Male
496,2,0.6309297535714575,Toro y Moi,BR,20,m,US,Male
496,3,0.5,Billy Joel,BR,20,m,US,Male
496,4,0.43067655807339306,Édith Piaf,BR,20,m,FR,Female
496,5,0.38685280723454163,Kendrick Lamar,BR,20,m,US,Male
496,10,0.2890648263178879,Bryan Adams,BR,20,m,CA,Male
496,9,0.3010299956639812,Tame Impala,BR,20,m,AU,Male
496,8,0.31546487678572877,Édith Piaf,BR,20,m,FR,Female
496,7,0.3333333333333333,Eric Clapton,BR,20,m,UK,Male
496,6,0.3562071871080222,Bob Marley & The Wailers,BR,20,m,JM,Male
466,1,1.0,Chuck Berry,MX,28,m,US,Male
466,2,0.6309297535714575,Eric Clapton,MX,28,m,UK,Male
466,3,0.5,Little Richard,MX,28,m,US,Male
466,4,0.43067655807339306,Beck,MX,28,m,DK,Male
466,6,0.3562071871080222,Eagle-Eye Cherry,MX,28,m,SE,Male
466,8,0.31546487678572877,Seal,MX,28,m,UK,Male
466,10,0.2890648263178879,Avril Lavigne,MX,28,m,CA,Female
466,9,0.3010299956639812,Adele,MX,28,m,UK,Female
466,7,0.3333333333333333,Ed Sheeran,MX,28,m,UK,Male
466,5,0.38685280723454163,DJ Snake,MX,28,m,FR,Male
376,1,1.0,Toro y Moi,US,22,f,US,Male
376,2,0.6309297535714575,Kurt Vile,US,22,f,US,Male
376,3,0.5,James Blake,US,22,f,UK,Male
376,4,0.43067655807339306,Kendrick Lamar,US,22,f,US,Male
376,5,0.38685280723454163,James Blake,US,22,f,UK,Male
376,6,0.3562071871080222,Frank Ocean,US,22,f,US,Male
376,7,0.3333333333333333,Frank Ocean,US,22,f,US,Male
376,10,0.2890648263178879,Tame Impala,US,22,f,AU,Male
376,9,0.3010299956639812,Four Tet,US,22,f,UK,Male
376,8,0.31546487678572877,Tame Impala,US,22,f,AU,Male
647,1,1.0,Laura Marling,PL,23,f,UK,Female
647,2,0.6309297535714575,Billy Joel,PL,23,f,US,Male
647,3,0.5,Patrick Watson,PL,23,f,CA,Male
647,4,0.43067655807339306,Thom Yorke,PL,23,f,UK,Male
647,6,0.3562071871080222,Tamino,PL,23,f,BE,Male
647,7,0.3333333333333333,Julie Fowlis,PL,23,f,UK,Female
647,8,0.31546487678572877,Billy Bragg,PL,23,f,UK,Male
647,9,0.3010299956639812,Patrick Watson,PL,23,f,CA,Male
647,10,0.2890648263178879,Kent,PL,23,f,FR,Male
647,5,0.38685280723454163,Christine and the Queens,PL,23,f,FR,Male
135,1,1.0,Darkside,UK,19,m,UK,Male
135,2,0.6309297535714575,Beyoncé,UK,19,m,US,Female
135,3,0.5,Ariana Grande,UK,19,m,US,Female
135,4,0.43067655807339306,Kurt Vile,UK,19,m,US,Male
135,7,0.3333333333333333,Ghost,UK,19,m,UK,Male
135,8,0.31546487678572877,Snail Mail,UK,19,m,US,Female
135,9,0.3010299956639812,Thom Yorke,UK,19,m,UK,Male
135,10,0.2890648263178879,Bonobo,UK,19,m,UK,Male
135,6,0.3562071871080222,Bonobo,UK,19,m,UK,Male
135,5,0.38685280723454163,Bonobo,UK,19,m,UK,Male
671,1,1.0,Lil Nas X,BR,21,m,US,Male
671,3,0.5,Edwyn Collins,BR,21,m,UK,Male
671,4,0.43067655807339306,Akon,BR,21,m,SN,Male
671,5,0.38685280723454163,Sean Paul,BR,21,m,JM,Male
671,6,0.3562071871080222,Bryan Adams,BR,21,m,CA,Male
671,7,0.3333333333333333,Björk,BR,21,m,IS,Female
671,8,0.31546487678572877,Marilyn Manson,BR,21,m,US,Male
671,10,0.2890648263178879,Sia,BR,21,m,AU,Female
671,9,0.3010299956639812,George Ezra,BR,21,m,UK,Male
671,2,0.6309297535714575,Milow,BR,21,m,BE,Male
806,1,1.0,Ariana Grande,BR,17,f,US,Female
806,2,0.6309297535714575,Britney Spears,BR,17,f,US,Female
806,3,0.5,Taylor Swift,BR,17,f,US,Female
806,4,0.43067655807339306,Jessie J,BR,17,f,UK,Female
806,5,0.38685280723454163,Rita Ora,BR,17,f,UK,Female
806,6,0.3562071871080222,Ariana Grande,BR,17,f,US,Female
806,7,0.3333333333333333,Robyn,BR,17,f,SE,Female
806,8,0.31546487678572877,Avril Lavigne,BR,17,f,CA,Female
806,9,0.3010299956639812,Jennifer Lopez,BR,17,f,US,Female
806,10,0.2890648263178879,Sia,BR,17,f,AU,Female
610,1,1.0,FKA twigs,RU,21,m,UK,Female
610,2,0.6309297535714575,Aaron Smith,RU,21,m,US,Male
610,3,0.5,Elliott Smith,RU,21,m,US,Male
610,4,0.43067655807339306,Rome,RU,21,m,IL,Male
610,5,0.38685280723454163,Klaas,RU,21,m,DE,Male
610,6,0.3562071871080222,Lou Reed,RU,21,m,US,Male
610,7,0.3333333333333333,"Parks, Squares and Alleys",RU,21,m,RU,Male
610,10,0.2890648263178879,Andy Shauf,RU,21,m,CA,Male
610,9,0.3010299956639812,David Bowie,RU,21,m,UK,Male
610,8,0.31546487678572877,Kate Bush,RU,21,m,UK,Female
524,1,1.0,Lana Del Rey,RU,23,m,US,Female
524,2,0.6309297535714575,Britney Spears,RU,23,m,US,Female
524,3,0.5,Britney Spears,RU,23,m,US,Female
524,4,0.43067655807339306,Beck,RU,23,m,DK,Male
524,5,0.38685280723454163,Ariana Grande,RU,23,m,US,Female
524,7,0.3333333333333333,Sia,RU,23,m,AU,Female
524,8,0.31546487678572877,Avril Lavigne,RU,23,m,CA,Female
524,9,0.3010299956639812,Lana Del Rey,RU,23,m,US,Female
524,10,0.2890648263178879,Rita Ora,RU,23,m,UK,Female
524,6,0.3562071871080222,Mahmood,RU,23,m,IT,Male
584,1,1.0,Britney Spears,LT,18,m,US,Female
584,2,0.6309297535714575,Miley Cyrus,LT,18,m,US,Non-binary
584,3,0.5,Janelle Monáe,LT,18,m,US,Non-binary
584,4,0.43067655807339306,Britney Spears,LT,18,m,US,Female
584,5,0.38685280723454163,Madonna,LT,18,m,US,Female
584,7,0.3333333333333333,Kanye West,LT,18,m,US,Male
584,8,0.31546487678572877,Ariana Grande,LT,18,m,US,Female
584,10,0.2890648263178879,Sia,LT,18,m,AU,Female
584,9,0.3010299956639812,Bob Marley & The Wailers,LT,18,m,JM,Male
584,6,0.3562071871080222,Wax Tailor,LT,18,m,FR,Male
790,1,1.0,IAMX,UK,30,f,DE,Male
790,2,0.6309297535714575,IAMX,UK,30,f,DE,Male
790,3,0.5,IAMX,UK,30,f,DE,Male
790,4,0.43067655807339306,IAMX,UK,30,f,DE,Male
790,5,0.38685280723454163,Edwyn Collins,UK,30,f,UK,Male
790,6,0.3562071871080222,Tove Lo,UK,30,f,SE,Female
790,7,0.3333333333333333,Beck,UK,30,f,DK,Male
790,8,0.31546487678572877,Britney Spears,UK,30,f,US,Female
790,10,0.2890648263178879,Ghost,UK,30,f,UK,Male
790,9,0.3010299956639812,Oxxxymiron,UK,30,f,UK,Male
170,1,1.0,Tycho,AT,24,m,US,Male
170,2,0.6309297535714575,Oneohtrix Point Never,AT,24,m,US,Male
170,3,0.5,Earl Sweatshirt,AT,24,m,US,Male
170,4,0.43067655807339306,Snail Mail,AT,24,m,US,Female
170,5,0.38685280723454163,Joe Goddard,AT,24,m,UK,Male
170,6,0.3562071871080222,James Blake,AT,24,m,UK,Male
170,8,0.31546487678572877,James Blake,AT,24,m,UK,Male
170,9,0.3010299956639812,Tame Impala,AT,24,m,AU,Male
170,10,0.2890648263178879,Tame Impala,AT,24,m,AU,Male
170,7,0.3333333333333333,Thom Yorke,AT,24,m,UK,Male
407,1,1.0,Ariana Grande,US,25,m,US,Female
407,2,0.6309297535714575,Britney Spears,US,25,m,US,Female
407,3,0.5,Britney Spears,US,25,m,US,Female
407,4,0.43067655807339306,Robyn,US,25,m,SE,Female
407,6,0.3562071871080222,Avril Lavigne,US,25,m,CA,Female
407,9,0.3010299956639812,Jessie J,US,25,m,UK,Female
407,10,0.2890648263178879,Adele,US,25,m,UK,Female
407,8,0.31546487678572877,Adele,US,25,m,UK,Female
407,7,0.3333333333333333,Sia,US,25,m,AU,Female
407,5,0.38685280723454163,Adele,US,25,m,UK,Female
187,1,1.0,Britney Spears,CA,27,m,US,Female
187,2,0.6309297535714575,Adele,CA,27,m,UK,Female
187,3,0.5,Bryan Adams,CA,27,m,CA,Male
187,4,0.43067655807339306,Billy Joel,CA,27,m,US,Male
187,5,0.38685280723454163,Corinne Bailey Rae,CA,27,m,UK,Female
187,7,0.3333333333333333,Haddaway,CA,27,m,DE,Male
187,10,0.2890648263178879,Ed Sheeran,CA,27,m,UK,Male
187,9,0.3010299956639812,Ed Sheeran,CA,27,m,UK,Male
187,8,0.31546487678572877,Eric Clapton,CA,27,m,UK,Male
187,6,0.3562071871080222,Tom Odell,CA,27,m,UK,Male
102,1,1.0,Aldous Harding,US,21,m,NZ,Female
102,2,0.6309297535714575,Ariana Grande,US,21,m,US,Female
102,3,0.5,Kurt Vile,US,21,m,US,Male
102,4,0.43067655807339306,Kacey Musgraves,US,21,m,US,Female
102,5,0.38685280723454163,Four Tet,US,21,m,UK,Male
102,6,0.3562071871080222,Toro y Moi,US,21,m,US,Male
102,7,0.3333333333333333,Thom Yorke,US,21,m,UK,Male
102,9,0.3010299956639812,Lana Del Rey,US,21,m,US,Female
102,10,0.2890648263178879,Grimes,US,21,m,CA,Female
102,8,0.31546487678572877,Tirzah,US,21,m,UK,Female
167,1,1.0,Beck,PL,23,f,DK,Male
167,2,0.6309297535714575,Edwyn Collins,PL,23,f,UK,Male
167,3,0.5,DJ Shadow,PL,23,f,US,Male
167,4,0.43067655807339306,Queen,PL,23,f,JP,Female
167,5,0.38685280723454163,Moby,PL,23,f,US,Male
167,6,0.3562071871080222,Bob Marley & The Wailers,PL,23,f,JM,Male
167,7,0.3333333333333333,Miley Cyrus,PL,23,f,US,Non-binary
167,8,0.31546487678572877,IAMX,PL,23,f,DE,Male
167,9,0.3010299956639812,Laura Branigan,PL,23,f,US,Female
167,10,0.2890648263178879,Elvis Presley,PL,23,f,US,Male
470,1,1.0,Ariana Grande,BR,23,m,US,Female
470,2,0.6309297535714575,Ariana Grande,BR,23,m,US,Female
470,3,0.5,Britney Spears,BR,23,m,US,Female
470,4,0.43067655807339306,Britney Spears,BR,23,m,US,Female
470,5,0.38685280723454163,Lana Del Rey,BR,23,m,US,Female
470,6,0.3562071871080222,Ariana Grande,BR,23,m,US,Female
470,8,0.31546487678572877,Beyoncé,BR,23,m,US,Female
470,10,0.2890648263178879,Jessie J,BR,23,m,UK,Female
470,9,0.3010299956639812,Adele,BR,23,m,UK,Female
470,7,0.3333333333333333,J Balvin,BR,23,m,CO,Male
2,1,1.0,Queen,US,29,f,JP,Female
2,2,0.6309297535714575,Queen,US,29,f,JP,Female
2,3,0.5,Marilyn Manson,US,29,f,US,Male
2,4,0.43067655807339306,Queen,US,29,f,JP,Female
2,5,0.38685280723454163,Leonard Cohen,US,29,f,CA,Male
2,6,0.3562071871080222,Marilyn Manson,US,29,f,US,Male
2,9,0.3010299956639812,Leonard Cohen,US,29,f,CA,Male
2,10,0.2890648263178879,Leonard Cohen,US,29,f,CA,Male
2,8,0.31546487678572877,Ozzy Osbourne,US,29,f,UK,Male
2,7,0.3333333333333333,Ozzy Osbourne,US,29,f,UK,Male
335,1,1.0,Laura Branigan,UK,25,m,US,Female
335,2,0.6309297535714575,Queen,UK,25,m,JP,Female
335,3,0.5,Ariana Grande,UK,25,m,US,Female
335,4,0.43067655807339306,Queen,UK,25,m,JP,Female
335,5,0.38685280723454163,Britney Spears,UK,25,m,US,Female
335,6,0.3562071871080222,Lil Nas X,UK,25,m,US,Male
335,7,0.3333333333333333,Eagle-Eye Cherry,UK,25,m,SE,Male
335,9,0.3010299956639812,Haddaway,UK,25,m,DE,Male
335,10,0.2890648263178879,Eric Clapton,UK,25,m,UK,Male
335,8,0.31546487678572877,Ed Sheeran,UK,25,m,UK,Male
936,1,1.0,Marilyn Manson,RU,19,f,US,Male
936,2,0.6309297535714575,Beck,RU,19,f,DK,Male
936,3,0.5,Carpenter Brut,RU,19,f,FR,Male
936,4,0.43067655807339306,Marilyn Manson,RU,19,f,US,Male
936,5,0.38685280723454163,Eric Clapton,RU,19,f,UK,Male
936,10,0.2890648263178879,Moby,RU,19,f,US,Male
936,9,0.3010299956639812,Perturbator,RU,19,f,FR,Male
936,8,0.31546487678572877,Ozzy Osbourne,RU,19,f,UK,Male
936,7,0.3333333333333333,Peter Murphy,RU,19,f,UK,Male
936,6,0.3562071871080222,Carpenter Brut,RU,19,f,FR,Male
921,1,1.0,Ariana Grande,RU,19,m,US,Female
921,2,0.6309297535714575,Mariah Carey,RU,19,m,US,Female
921,3,0.5,Ariana Grande,RU,19,m,US,Female
921,4,0.43067655807339306,Taylor Swift,RU,19,m,US,Female
921,5,0.38685280723454163,Ariana Grande,RU,19,m,US,Female
921,6,0.3562071871080222,Robyn,RU,19,m,SE,Female
921,7,0.3333333333333333,Kacey Musgraves,RU,19,m,US,Female
921,9,0.3010299956639812,Troye Sivan,RU,19,m,AU,Male
921,10,0.2890648263178879,Rita Ora,RU,19,m,UK,Female
921,8,0.31546487678572877,Jessie J,RU,19,m,UK,Female
746,1,1.0,Dennis Lloyd,BR,17,m,IL,Male
746,2,0.6309297535714575,Ariana Grande,BR,17,m,US,Female
746,3,0.5,Haddaway,BR,17,m,DE,Male
746,4,0.43067655807339306,Beyoncé,BR,17,m,US,Female
746,7,0.3333333333333333,Dido,BR,17,m,UK,Female
746,8,0.31546487678572877,Sia,BR,17,m,AU,Female
746,10,0.2890648263178879,Sia,BR,17,m,AU,Female
746,9,0.3010299956639812,Richard Ashcroft,BR,17,m,UK,Male
746,6,0.3562071871080222,Jessie J,BR,17,m,UK,Female
746,5,0.38685280723454163,Jess Glynne,BR,17,m,UK,Female
399,1,1.0,Blue Stahli,RU,24,m,US,Male
399,2,0.6309297535714575,IAMX,RU,24,m,DE,Male
399,3,0.5,Perturbator,RU,24,m,FR,Male
399,4,0.43067655807339306,IAMX,RU,24,m,DE,Male
399,5,0.38685280723454163,IAMX,RU,24,m,DE,Male
399,6,0.3562071871080222,Red,RU,24,m,PL,Male
399,7,0.3333333333333333,Marilyn Manson,RU,24,m,US,Male
399,8,0.31546487678572877,Marilyn Manson,RU,24,m,US,Male
399,9,0.3010299956639812,Beck,RU,24,m,DK,Male
399,10,0.2890648263178879,Marilyn Manson,RU,24,m,US,Male
697,1,1.0,Mayhem,DE,18,m,CA,Female
697,3,0.5,Tom Waits,DE,18,m,US,Male
697,4,0.43067655807339306,Eminem,DE,18,m,US,Male
697,5,0.38685280723454163,Emperor,DE,18,m,UK,Male
697,6,0.3562071871080222,Thom Yorke,DE,18,m,UK,Male
697,8,0.31546487678572877,Rihanna,DE,18,m,UK,Female
697,9,0.3010299956639812,Howard Shore,DE,18,m,CA,Male
697,10,0.2890648263178879,Eric Clapton,DE,18,m,UK,Male
697,7,0.3333333333333333,Andrew Lloyd Webber,DE,18,m,UK,Male
697,2,0.6309297535714575,Marisa Monte,DE,18,m,BR,Female
744,1,1.0,Lana Del Rey,SI,20,m,US,Female
744,2,0.6309297535714575,Jessica Pratt,SI,20,m,US,Female
744,4,0.43067655807339306,Leonard Cohen,SI,20,m,CA,Male
744,5,0.38685280723454163,Anna Calvi,SI,20,m,UK,Female
744,7,0.3333333333333333,Lana Del Rey,SI,20,m,US,Female
744,10,0.2890648263178879,PJ Harvey,SI,20,m,UK,Female
744,9,0.3010299956639812,Anna Calvi,SI,20,m,UK,Female
744,8,0.31546487678572877,David Bowie,SI,20,m,UK,Male
744,6,0.3562071871080222,Thom Yorke,SI,20,m,UK,Male
744,3,0.5,Laura Marling,SI,20,m,UK,Female
858,1,1.0,Britney Spears,BR,15,m,US,Female
858,2,0.6309297535714575,Britney Spears,BR,15,m,US,Female
858,3,0.5,Ariana Grande,BR,15,m,US,Female
858,4,0.43067655807339306,Adele,BR,15,m,UK,Female
858,5,0.38685280723454163,Ariana Grande,BR,15,m,US,Female
858,6,0.3562071871080222,John Mayer,BR,15,m,IN,Male
858,7,0.3333333333333333,Rita Ora,BR,15,m,UK,Female
858,8,0.31546487678572877,Ed Sheeran,BR,15,m,UK,Male
858,10,0.2890648263178879,Justin Bieber,BR,15,m,CA,Male
858,9,0.3010299956639812,Corinne Bailey Rae,BR,15,m,UK,Female
36,1,1.0,Dolly Parton,US,37,m,US,Female
36,2,0.6309297535714575,Bryan Adams,US,37,m,CA,Male
36,3,0.5,Beck,US,37,m,DK,Male
36,4,0.43067655807339306,Elvis Presley,US,37,m,US,Male
36,6,0.3562071871080222,Ariana Grande,US,37,m,US,Female
36,7,0.3333333333333333,Rod Stewart,US,37,m,UK,Male
36,8,0.31546487678572877,Avril Lavigne,US,37,m,CA,Female
36,9,0.3010299956639812,Britney Spears,US,37,m,US,Female
36,10,0.2890648263178879,Eric Clapton,US,37,m,UK,Male
36,5,0.38685280723454163,Édith Piaf,US,37,m,FR,Female
441,1,1.0,Beck,PL,27,m,DK,Male
441,2,0.6309297535714575,Eric Clapton,PL,27,m,UK,Male
441,3,0.5,Elvis Presley,PL,27,m,US,Male
441,4,0.43067655807339306,AFI,PL,27,m,US,Female
441,5,0.38685280723454163,Queen,PL,27,m,JP,Female
441,6,0.3562071871080222,Duncan Laurence,PL,27,m,NL,Male
441,10,0.2890648263178879,Bob Marley & The Wailers,PL,27,m,JM,Male
441,9,0.3010299956639812,Seal,PL,27,m,UK,Male
441,8,0.31546487678572877,Bob Marley & The Wailers,PL,27,m,JM,Male
441,7,0.3333333333333333,Adele,PL,27,m,UK,Female
923,1,1.0,John Maus,GE,18,f,US,Male
923,2,0.6309297535714575,Toro y Moi,GE,18,f,US,Male
923,3,0.5,Toro y Moi,GE,18,f,US,Male
923,4,0.43067655807339306,Thom Yorke,GE,18,f,UK,Male
923,5,0.38685280723454163,Apparat,GE,18,f,DE,Male
923,6,0.3562071871080222,Tame Impala,GE,18,f,AU,Male
923,7,0.3333333333333333,Four Tet,GE,18,f,UK,Male
923,8,0.31546487678572877,Joe Goddard,GE,18,f,UK,Male
923,9,0.3010299956639812,Tame Impala,GE,18,f,AU,Male
923,10,0.2890648263178879,Tame Impala,GE,18,f,AU,Male
447,1,1.0,Klaas,RU,18,f,DE,Male
447,2,0.6309297535714575,Christine and the Queens,RU,18,f,FR,Male
447,3,0.5,Noisestorm,RU,18,f,IE,Male
447,4,0.43067655807339306,Gary Numan,RU,18,f,UK,Male
447,6,0.3562071871080222,Christine and the Queens,RU,18,f,FR,Male
447,8,0.31546487678572877,Christine and the Queens,RU,18,f,FR,Male
447,10,0.2890648263178879,Vitalic,RU,18,f,FR,Male
447,9,0.3010299956639812,Parov Stelar,RU,18,f,AT,Male
447,7,0.3333333333333333,Grimes,RU,18,f,CA,Female
447,5,0.38685280723454163,Dimension,RU,18,f,ES,Male
165,1,1.0,Rush,BR,22,m,US,Male
165,2,0.6309297535714575,Rush,BR,22,m,US,Male
165,3,0.5,Rush,BR,22,m,US,Male
165,4,0.43067655807339306,Bryan Adams,BR,22,m,CA,Male
165,5,0.38685280723454163,Rush,BR,22,m,US,Male
165,6,0.3562071871080222,Rush,BR,22,m,US,Male
165,7,0.3333333333333333,Rush,BR,22,m,US,Male
165,8,0.31546487678572877,Dido,BR,22,m,UK,Female
165,10,0.2890648263178879,YOB,BR,22,m,UK,Male
165,9,0.3010299956639812,Ozzy Osbourne,BR,22,m,UK,Male
391,1,1.0,Britney Spears,BR,22,m,US,Female
391,2,0.6309297535714575,Britney Spears,BR,22,m,US,Female
391,3,0.5,Tame Impala,BR,22,m,AU,Male
391,5,0.38685280723454163,Avril Lavigne,BR,22,m,CA,Female
391,7,0.3333333333333333,Caetano Veloso,BR,22,m,BR,Male
391,10,0.2890648263178879,Céu,BR,22,m,BR,Female
391,9,0.3010299956639812,Jessie J,BR,22,m,UK,Female
391,8,0.31546487678572877,Rihanna,BR,22,m,UK,Female
391,6,0.3562071871080222,Adele,BR,22,m,UK,Female
391,4,0.43067655807339306,Rihanna,BR,22,m,UK,Female
243,1,1.0,Bryan Adams,FI,24,m,CA,Male
243,2,0.6309297535714575,Beck,FI,24,m,DK,Male
243,3,0.5,Eric Clapton,FI,24,m,UK,Male
243,4,0.43067655807339306,Eagle-Eye Cherry,FI,24,m,SE,Male
243,5,0.38685280723454163,Haddaway,FI,24,m,DE,Male
243,6,0.3562071871080222,Laura Branigan,FI,24,m,US,Female
243,7,0.3333333333333333,Corinne Bailey Rae,FI,24,m,UK,Female
243,8,0.31546487678572877,Seal,FI,24,m,UK,Male
243,10,0.2890648263178879,Adele,FI,24,m,UK,Female
243,9,0.3010299956639812,Dennis Lloyd,FI,24,m,IL,Male
181,1,1.0,Lana Del Rey,PT,25,m,US,Female
181,2,0.6309297535714575,Britney Spears,PT,25,m,US,Female
181,3,0.5,Travis Scott,PT,25,m,US,Male
181,4,0.43067655807339306,Sia,PT,25,m,AU,Female
181,5,0.38685280723454163,Sia,PT,25,m,AU,Female
181,6,0.3562071871080222,Weyes Blood,PT,25,m,US,Female
181,8,0.31546487678572877,Sia,PT,25,m,AU,Female
181,9,0.3010299956639812,Dido,PT,25,m,UK,Female
181,10,0.2890648263178879,Sia,PT,25,m,AU,Female
181,7,0.3333333333333333,Rihanna,PT,25,m,UK,Female
808,1,1.0,Travis Scott,BR,20,m,US,Male
808,2,0.6309297535714575,James Blake,BR,20,m,UK,Male
808,4,0.43067655807339306,James Blake,BR,20,m,UK,Male
808,6,0.3562071871080222,Ariana Grande,BR,20,m,US,Female
808,9,0.3010299956639812,Adele,BR,20,m,UK,Female
808,10,0.2890648263178879,Thom Yorke,BR,20,m,UK,Male
808,8,0.31546487678572877,J Balvin,BR,20,m,CO,Male
808,7,0.3333333333333333,Criolo,BR,20,m,BR,Male
808,5,0.38685280723454163,Caetano Veloso,BR,20,m,BR,Male
808,3,0.5,Mahmood,BR,20,m,IT,Male
21,2,0.6309297535714575,Hubert Lenoir,UK,46,m,CA,Male
21,3,0.5,Djavan,UK,46,m,BR,Male
21,6,0.3562071871080222,Belchior,UK,46,m,BR,Male
21,8,0.31546487678572877,Tim Maia,UK,46,m,BR,Male
21,10,0.2890648263178879,Ozzy Osbourne,UK,46,m,UK,Male
21,9,0.3010299956639812,Ayub Ogada,UK,46,m,KE,Male
21,7,0.3333333333333333,Belchior,UK,46,m,BR,Male
21,5,0.38685280723454163,Adriana Calcanhotto,UK,46,m,BR,Female
21,4,0.43067655807339306,Alceu Valença,UK,46,m,BR,Male
21,1,1.0,Caetano Veloso,UK,46,m,BR,Male
213,1,1.0,Weyes Blood,LV,32,m,US,Female
213,2,0.6309297535714575,Thom Yorke,LV,32,m,UK,Male
213,3,0.5,Snail Mail,LV,32,m,US,Female
213,4,0.43067655807339306,Four Tet,LV,32,m,UK,Male
213,5,0.38685280723454163,Weyes Blood,LV,32,m,US,Female
213,6,0.3562071871080222,Kurt Vile,LV,32,m,US,Male
213,8,0.31546487678572877,James Blake,LV,32,m,UK,Male
213,10,0.2890648263178879,James Blake,LV,32,m,UK,Male
213,9,0.3010299956639812,Tame Impala,LV,32,m,AU,Male
213,7,0.3333333333333333,Dean Blunt,LV,32,m,UK,Male
856,1,1.0,Beck,ES,25,m,DK,Male
856,2,0.6309297535714575,Jimi Hendrix,ES,25,m,US,Male
856,3,0.5,Michael Jackson,ES,25,m,US,Male
856,4,0.43067655807339306,Serj Tankian,ES,25,m,US,Male
856,5,0.38685280723454163,Elvis Presley,ES,25,m,US,Male
856,7,0.3333333333333333,David Bowie,ES,25,m,UK,Male
856,8,0.31546487678572877,Edwyn Collins,ES,25,m,UK,Male
856,10,0.2890648263178879,AFI,ES,25,m,US,Female
856,9,0.3010299956639812,Nik Kershaw,ES,25,m,UK,Male
856,6,0.3562071871080222,Rod Stewart,ES,25,m,UK,Male
870,1,1.0,Ariana Grande,BR,14,m,US,Female
870,2,0.6309297535714575,Frank Ocean,BR,14,m,US,Male
870,3,0.5,Mariah Carey,BR,14,m,US,Female
870,4,0.43067655807339306,Robyn,BR,14,m,SE,Female
870,5,0.38685280723454163,Frank Ocean,BR,14,m,US,Male
870,6,0.3562071871080222,Kacey Musgraves,BR,14,m,US,Female
870,9,0.3010299956639812,Rihanna,BR,14,m,UK,Female
870,10,0.2890648263178879,James Blake,BR,14,m,UK,Male
870,8,0.31546487678572877,James Blake,BR,14,m,UK,Male
870,7,0.3333333333333333,Troye Sivan,BR,14,m,AU,Male
701,1,1.0,Emma Ruth Rundle,NO,23,m,US,Female
701,2,0.6309297535714575,Tori Amos,NO,23,m,US,Female
701,3,0.5,Chelsea Wolfe,NO,23,m,US,Female
701,4,0.43067655807339306,Chelsea Wolfe,NO,23,m,US,Female
701,5,0.38685280723454163,Tori Amos,NO,23,m,US,Female
701,6,0.3562071871080222,Chelsea Wolfe,NO,23,m,US,Female
701,7,0.3333333333333333,Marissa Nadler,NO,23,m,US,Female
701,8,0.31546487678572877,Tori Amos,NO,23,m,US,Female
701,9,0.3010299956639812,Lana Del Rey,NO,23,m,US,Female
701,10,0.2890648263178879,Chico Buarque,NO,23,m,BR,Male
419,1,1.0,Ozzy Osbourne,UK,21,m,UK,Male
419,2,0.6309297535714575,Marilyn Manson,UK,21,m,US,Male
419,3,0.5,Marilyn Manson,UK,21,m,US,Male
419,4,0.43067655807339306,Beck,UK,21,m,DK,Male
419,5,0.38685280723454163,AFI,UK,21,m,US,Female
419,6,0.3562071871080222,Chuck Berry,UK,21,m,US,Male
419,9,0.3010299956639812,Bryan Adams,UK,21,m,CA,Male
419,10,0.2890648263178879,Edwyn Collins,UK,21,m,UK,Male
419,8,0.31546487678572877,Ozzy Osbourne,UK,21,m,UK,Male
419,7,0.3333333333333333,Ozzy Osbourne,UK,21,m,UK,Male
346,1,1.0,Jessica Pratt,CA,18,m,US,Female
346,2,0.6309297535714575,John Maus,CA,18,m,US,Male
346,3,0.5,Snail Mail,CA,18,m,US,Female
346,4,0.43067655807339306,Apparat,CA,18,m,DE,Male
346,5,0.38685280723454163,Kacey Musgraves,CA,18,m,US,Female
346,6,0.3562071871080222,Twin Shadow,CA,18,m,US,Male
346,10,0.2890648263178879,Four Tet,CA,18,m,UK,Male
346,9,0.3010299956639812,Grimes,CA,18,m,CA,Female
346,8,0.31546487678572877,PJ Harvey,CA,18,m,UK,Female
346,7,0.3333333333333333,PJ Harvey,CA,18,m,UK,Female
330,1,1.0,Four Tet,NL,25,m,UK,Male
330,2,0.6309297535714575,Tame Impala,NL,25,m,AU,Male
330,3,0.5,Thom Yorke,NL,25,m,UK,Male
330,4,0.43067655807339306,Snail Mail,NL,25,m,US,Female
330,5,0.38685280723454163,Tame Impala,NL,25,m,AU,Male
330,6,0.3562071871080222,Daniel Avery,NL,25,m,UK,Male
330,9,0.3010299956639812,Pional,NL,25,m,ES,Male
330,10,0.2890648263178879,Darkside,NL,25,m,UK,Male
330,8,0.31546487678572877,James Blake,NL,25,m,UK,Male
330,7,0.3333333333333333,Joe Goddard,NL,25,m,UK,Male
236,1,1.0,Marilyn Manson,RU,22,f,US,Male
236,2,0.6309297535714575,Sia,RU,22,f,AU,Female
236,3,0.5,Sia,RU,22,f,AU,Female
236,4,0.43067655807339306,Britney Spears,RU,22,f,US,Female
236,7,0.3333333333333333,Bryan Adams,RU,22,f,CA,Male
236,8,0.31546487678572877,Eric Clapton,RU,22,f,UK,Male
236,10,0.2890648263178879,Sia,RU,22,f,AU,Female
236,9,0.3010299956639812,Adele,RU,22,f,UK,Female
236,6,0.3562071871080222,Dennis Lloyd,RU,22,f,IL,Male
236,5,0.38685280723454163,Ed Sheeran,RU,22,f,UK,Male
103,1,1.0,Feist,CZ,22,m,CA,Female
103,2,0.6309297535714575,Feist,CZ,22,m,CA,Female
103,3,0.5,Feist,CZ,22,m,CA,Female
103,4,0.43067655807339306,Feist,CZ,22,m,CA,Female
103,5,0.38685280723454163,Björk,CZ,22,m,IS,Female
103,6,0.3562071871080222,Aimee Mann,CZ,22,m,US,Female
103,7,0.3333333333333333,Tame Impala,CZ,22,m,AU,Male
103,8,0.31546487678572877,Enya,CZ,22,m,IE,Female
103,10,0.2890648263178879,Leonard Cohen,CZ,22,m,CA,Male
103,9,0.3010299956639812,Manu Chao,CZ,22,m,FR,Male
842,1,1.0,Grimes,AU,17,m,CA,Female
842,2,0.6309297535714575,Avril Lavigne,AU,17,m,CA,Female
842,3,0.5,Ariana Grande,AU,17,m,US,Female
842,4,0.43067655807339306,Sia,AU,17,m,AU,Female
842,5,0.38685280723454163,Laura Branigan,AU,17,m,US,Female
842,6,0.3562071871080222,Britney Spears,AU,17,m,US,Female
842,10,0.2890648263178879,Jessie J,AU,17,m,UK,Female
842,9,0.3010299956639812,Rihanna,AU,17,m,UK,Female
842,8,0.31546487678572877,Rihanna,AU,17,m,UK,Female
842,7,0.3333333333333333,Dennis Lloyd,AU,17,m,IL,Male
934,1,1.0,Toro y Moi,ZA,23,f,US,Male
934,2,0.6309297535714575,Travis Scott,ZA,23,f,US,Male
934,3,0.5,Ariana Grande,ZA,23,f,US,Female
934,4,0.43067655807339306,Tame Impala,ZA,23,f,AU,Male
934,5,0.38685280723454163,Four Tet,ZA,23,f,UK,Male
934,6,0.3562071871080222,Kacey Musgraves,ZA,23,f,US,Female
934,7,0.3333333333333333,James Blake,ZA,23,f,UK,Male
934,8,0.31546487678572877,Daniel Avery,ZA,23,f,UK,Male
934,10,0.2890648263178879,James Blake,ZA,23,f,UK,Male
934,9,0.3010299956639812,Wax Tailor,ZA,23,f,FR,Male
265,1,1.0,Ariana Grande,US,25,m,US,Female
265,2,0.6309297535714575,Ariana Grande,US,25,m,US,Female
265,3,0.5,Thom Yorke,US,25,m,UK,Male
265,4,0.43067655807339306,Ariana Grande,US,25,m,US,Female
265,5,0.38685280723454163,Frank Ocean,US,25,m,US,Male
265,7,0.3333333333333333,James Blake,US,25,m,UK,Male
265,10,0.2890648263178879,Troye Sivan,US,25,m,AU,Male
265,9,0.3010299956639812,Astrud Gilberto,US,25,m,BR,Female
265,8,0.31546487678572877,Tame Impala,US,25,m,AU,Male
265,6,0.3562071871080222,Kygo,US,25,m,NO,Male
471,1,1.0,Toro y Moi,AU,18,m,US,Male
471,2,0.6309297535714575,Snail Mail,AU,18,m,US,Female
471,3,0.5,James Blake,AU,18,m,UK,Male
471,4,0.43067655807339306,Weyes Blood,AU,18,m,US,Female
471,5,0.38685280723454163,James Blake,AU,18,m,UK,Male
471,6,0.3562071871080222,Ariana Grande,AU,18,m,US,Female
471,7,0.3333333333333333,Ariana Grande,AU,18,m,US,Female
471,8,0.31546487678572877,Four Tet,AU,18,m,UK,Male
471,9,0.3010299956639812,Thom Yorke,AU,18,m,UK,Male
471,10,0.2890648263178879,Flume,AU,18,m,AU,Male
716,1,1.0,Beck,BG,24,m,DK,Male
716,2,0.6309297535714575,Chuck Berry,BG,24,m,US,Male
716,3,0.5,Haddaway,BG,24,m,DE,Male
716,4,0.43067655807339306,Queen,BG,24,m,JP,Female
716,5,0.38685280723454163,Britney Spears,BG,24,m,US,Female
716,6,0.3562071871080222,Bob Marley & The Wailers,BG,24,m,JM,Male
716,7,0.3333333333333333,Bryan Adams,BG,24,m,CA,Male
716,10,0.2890648263178879,Eric Clapton,BG,24,m,UK,Male
716,9,0.3010299956639812,Bob Marley & The Wailers,BG,24,m,JM,Male
716,8,0.31546487678572877,George Ezra,BG,24,m,UK,Male
926,1,1.0,Robert Palmer,PL,25,m,US,Male
926,2,0.6309297535714575,Gotye,PL,25,m,AU,Male
926,3,0.5,IU,PL,25,m,KR,Female
926,4,0.43067655807339306,Aesop Rock,PL,25,m,US,Male
926,10,0.2890648263178879,Cássia Eller,PL,25,m,BR,Female
926,9,0.3010299956639812,Salvador Sobral,PL,25,m,PT,Male
926,8,0.31546487678572877,Olivia Newton-John,PL,25,m,AU,Female
926,7,0.3333333333333333,Robbie Williams,PL,25,m,UK,Male
926,6,0.3562071871080222,YEZI,PL,25,m,KR,Female
926,5,0.38685280723454163,Lush,PL,25,m,FI,Male
637,1,1.0,Lisa Miskovsky,UA,20,m,SE,Female
637,2,0.6309297535714575,Marilyn Manson,UA,20,m,US,Male
637,3,0.5,Carpenter Brut,UA,20,m,FR,Male
637,4,0.43067655807339306,Serj Tankian,UA,20,m,US,Male
637,5,0.38685280723454163,Dimension,UA,20,m,ES,Male
637,6,0.3562071871080222,Aaron Smith,UA,20,m,US,Male
637,10,0.2890648263178879,Noisestorm,UA,20,m,IE,Male
637,9,0.3010299956639812,Ozzy Osbourne,UA,20,m,UK,Male
637,8,0.31546487678572877,Vitalic,UA,20,m,FR,Male
637,7,0.3333333333333333,Carpenter Brut,UA,20,m,FR,Male
127,1,1.0,Thom Yorke,NL,37,m,UK,Male
127,2,0.6309297535714575,Aldous Harding,NL,37,m,NZ,Female
127,3,0.5,Weyes Blood,NL,37,m,US,Female
127,4,0.43067655807339306,John Maus,NL,37,m,US,Male
127,5,0.38685280723454163,Weyes Blood,NL,37,m,US,Female
127,6,0.3562071871080222,Kurt Vile,NL,37,m,US,Male
127,7,0.3333333333333333,Snail Mail,NL,37,m,US,Female
127,9,0.3010299956639812,Tame Impala,NL,37,m,AU,Male
127,10,0.2890648263178879,Dean Blunt,NL,37,m,UK,Male
127,8,0.31546487678572877,Ebo Taylor,NL,37,m,GH,Male
227,1,1.0,Billy Joel,UK,23,m,US,Male
227,2,0.6309297535714575,Rush,UK,23,m,US,Male
227,3,0.5,Haddaway,UK,23,m,DE,Male
227,4,0.43067655807339306,Queen,UK,23,m,JP,Female
227,5,0.38685280723454163,Eagle-Eye Cherry,UK,23,m,SE,Male
227,6,0.3562071871080222,Britney Spears,UK,23,m,US,Female
227,7,0.3333333333333333,Billy Joel,UK,23,m,US,Male
227,8,0.31546487678572877,Britney Spears,UK,23,m,US,Female
227,10,0.2890648263178879,Sia,UK,23,m,AU,Female
227,9,0.3010299956639812,Eric Clapton,UK,23,m,UK,Male
289,1,1.0,Queen,BY,25,m,JP,Female
289,2,0.6309297535714575,Eagle-Eye Cherry,BY,25,m,SE,Male
289,3,0.5,Bryan Adams,BY,25,m,CA,Male
289,4,0.43067655807339306,Beck,BY,25,m,DK,Male
289,5,0.38685280723454163,AFI,BY,25,m,US,Female
289,7,0.3333333333333333,Charles Bolt,BY,25,m,US,Male
289,10,0.2890648263178879,Corinne Bailey Rae,BY,25,m,UK,Female
289,9,0.3010299956639812,Adele,BY,25,m,UK,Female
289,8,0.31546487678572877,Perturbator,BY,25,m,FR,Male
289,6,0.3562071871080222,Annie Lennox,BY,25,m,UK,Female
175,1,1.0,Kylie Minogue,RU,28,m,AU,Female
175,2,0.6309297535714575,Dido,RU,28,m,UK,Female
175,4,0.43067655807339306,David Bowie,RU,28,m,UK,Male
175,5,0.38685280723454163,Kylie Minogue,RU,28,m,AU,Female
175,6,0.3562071871080222,Dido,RU,28,m,UK,Female
175,8,0.31546487678572877,Kylie Minogue,RU,28,m,AU,Female
175,9,0.3010299956639812,David Bowie,RU,28,m,UK,Male
175,10,0.2890648263178879,Vanessa Paradis,RU,28,m,FR,Female
175,7,0.3333333333333333,David Bowie,RU,28,m,UK,Male
175,3,0.5,Dido,RU,28,m,UK,Female
528,1,1.0,Thom Yorke,DE,24,m,UK,Male
528,2,0.6309297535714575,Toro y Moi,DE,24,m,US,Male
528,3,0.5,Charlotte Day Wilson,DE,24,m,CA,Female
528,4,0.43067655807339306,Snail Mail,DE,24,m,US,Female
528,5,0.38685280723454163,Four Tet,DE,24,m,UK,Male
528,6,0.3562071871080222,Mahmood,DE,24,m,IT,Male
528,10,0.2890648263178879,Tame Impala,DE,24,m,AU,Male
528,9,0.3010299956639812,Ry x,DE,24,m,AU,Male
528,8,0.31546487678572877,Arca,DE,24,m,VE,Non-binary
528,7,0.3333333333333333,Nik Kershaw,DE,24,m,UK,Male
644,1,1.0,Ariana Grande,AZ,20,m,US,Female
644,2,0.6309297535714575,Britney Spears,AZ,20,m,US,Female
644,3,0.5,Britney Spears,AZ,20,m,US,Female
644,4,0.43067655807339306,Robyn,AZ,20,m,SE,Female
644,5,0.38685280723454163,Taylor Swift,AZ,20,m,US,Female
644,6,0.3562071871080222,Ariana Grande,AZ,20,m,US,Female
644,8,0.31546487678572877,Adele,AZ,20,m,UK,Female
644,10,0.2890648263178879,Jessie J,AZ,20,m,UK,Female
644,9,0.3010299956639812,Bryan Adams,AZ,20,m,CA,Male
644,7,0.3333333333333333,Rita Ora,AZ,20,m,UK,Female
203,1,1.0,Britney Spears,FI,26,f,US,Female
203,2,0.6309297535714575,Britney Spears,FI,26,f,US,Female
203,3,0.5,Rita Ora,FI,26,f,UK,Female
203,4,0.43067655807339306,Taylor Swift,FI,26,f,US,Female
203,5,0.38685280723454163,Avril Lavigne,FI,26,f,CA,Female
203,6,0.3562071871080222,Jessie J,FI,26,f,UK,Female
203,7,0.3333333333333333,Miley Cyrus,FI,26,f,US,Non-binary
203,9,0.3010299956639812,Ariana Grande,FI,26,f,US,Female
203,10,0.2890648263178879,Sia,FI,26,f,AU,Female
203,8,0.31546487678572877,Kygo,FI,26,f,NO,Male
897,1,1.0,Britney Spears,US,19,m,US,Female
897,2,0.6309297535714575,Weyes Blood,US,19,m,US,Female
897,3,0.5,Travis Scott,US,19,m,US,Male
897,4,0.43067655807339306,Lil Nas X,US,19,m,US,Male
897,5,0.38685280723454163,Weyes Blood,US,19,m,US,Female
897,6,0.3562071871080222,Robyn,US,19,m,SE,Female
897,7,0.3333333333333333,Lana Del Rey,US,19,m,US,Female
897,9,0.3010299956639812,Jessie J,US,19,m,UK,Female
897,10,0.2890648263178879,Avril Lavigne,US,19,m,CA,Female
897,8,0.31546487678572877,James Blake,US,19,m,UK,Male
729,1,1.0,Blue Stahli,BR,23,m,US,Male
729,2,0.6309297535714575,Marilyn Manson,BR,23,m,US,Male
729,3,0.5,Paul Stanley,BR,23,m,US,Male
729,4,0.43067655807339306,Queen,BR,23,m,JP,Female
729,5,0.38685280723454163,Jonathan Davis,BR,23,m,US,Male
729,6,0.3562071871080222,Marilyn Manson,BR,23,m,US,Male
729,8,0.31546487678572877,Carpenter Brut,BR,23,m,FR,Male
729,10,0.2890648263178879,Carpenter Brut,BR,23,m,FR,Male
729,9,0.3010299956639812,Eric Clapton,BR,23,m,UK,Male
729,7,0.3333333333333333,Richard Ashcroft,BR,23,m,UK,Male
891,1,1.0,Ariana Grande,PE,27,m,US,Female
891,2,0.6309297535714575,Jessie J,PE,27,m,UK,Female
891,3,0.5,Britney Spears,PE,27,m,US,Female
891,4,0.43067655807339306,Britney Spears,PE,27,m,US,Female
891,9,0.3010299956639812,Avril Lavigne,PE,27,m,CA,Female
891,10,0.2890648263178879,Avril Lavigne,PE,27,m,CA,Female
891,8,0.31546487678572877,Adele,PE,27,m,UK,Female
891,7,0.3333333333333333,Rihanna,PE,27,m,UK,Female
891,6,0.3562071871080222,Kygo,PE,27,m,NO,Male
891,5,0.38685280723454163,Adele,PE,27,m,UK,Female
600,1,1.0,Kendrick Lamar,NZ,19,m,US,Male
600,2,0.6309297535714575,Kendrick Lamar,NZ,19,m,US,Male
600,3,0.5,Blue Stahli,NZ,19,m,US,Male
600,4,0.43067655807339306,J. Cole,NZ,19,m,US,Male
600,5,0.38685280723454163,J. Cole,NZ,19,m,US,Male
600,6,0.3562071871080222,J. Cole,NZ,19,m,US,Male
600,7,0.3333333333333333,Eminem,NZ,19,m,US,Male
600,10,0.2890648263178879,Oxxxymiron,NZ,19,m,UK,Male
600,9,0.3010299956639812,Criolo,NZ,19,m,BR,Male
600,8,0.31546487678572877,Criolo,NZ,19,m,BR,Male
427,1,1.0,Rush,NL,40,m,US,Male
427,2,0.6309297535714575,Rush,NL,40,m,US,Male
427,3,0.5,Rush,NL,40,m,US,Male
427,4,0.43067655807339306,Rush,NL,40,m,US,Male
427,5,0.38685280723454163,Rush,NL,40,m,US,Male
427,6,0.3562071871080222,Rush,NL,40,m,US,Male
427,8,0.31546487678572877,David Bowie,NL,40,m,UK,Male
427,10,0.2890648263178879,David Bowie,NL,40,m,UK,Male
427,9,0.3010299956639812,Bryan Ferry,NL,40,m,UK,Male
427,7,0.3333333333333333,Mylène Farmer,NL,40,m,FR,Female
757,1,1.0,Kylie Minogue,UK,19,f,AU,Female
757,2,0.6309297535714575,Duncan Laurence,UK,19,f,NL,Male
757,3,0.5,Haddaway,UK,19,f,DE,Male
757,4,0.43067655807339306,Annie Lennox,UK,19,f,UK,Female
757,6,0.3562071871080222,Rick Astley,UK,19,f,UK,Male
757,10,0.2890648263178879,Steve Winwood,UK,19,f,UK,Male
757,9,0.3010299956639812,Dennis Lloyd,UK,19,f,IL,Male
757,8,0.31546487678572877,Mika,UK,19,f,BA,Male
757,7,0.3333333333333333,Kylie Minogue,UK,19,f,AU,Female
757,5,0.38685280723454163,Jordan Rakei,UK,19,f,UK,Male
734,1,1.0,Britney Spears,BR,20,f,US,Female
734,2,0.6309297535714575,Ariana Grande,BR,20,f,US,Female
734,3,0.5,Ariana Grande,BR,20,f,US,Female
734,4,0.43067655807339306,Ariana Grande,BR,20,f,US,Female
734,5,0.38685280723454163,Ariana Grande,BR,20,f,US,Female
734,6,0.3562071871080222,Miley Cyrus,BR,20,f,US,Non-binary
734,10,0.2890648263178879,Avril Lavigne,BR,20,f,CA,Female
734,9,0.3010299956639812,Sia,BR,20,f,AU,Female
734,8,0.31546487678572877,Rihanna,BR,20,f,UK,Female
734,7,0.3333333333333333,Adele,BR,20,f,UK,Female
762,1,1.0,Queen,CA,24,m,JP,Female
762,2,0.6309297535714575,Philip Glass,CA,24,m,US,Male
762,3,0.5,Chris Isaak,CA,24,m,US,Male
762,4,0.43067655807339306,Eagle-Eye Cherry,CA,24,m,SE,Male
762,5,0.38685280723454163,Eric Clapton,CA,24,m,UK,Male
762,6,0.3562071871080222,Annie Lennox,CA,24,m,UK,Female
762,7,0.3333333333333333,Charles Bolt,CA,24,m,US,Male
762,8,0.31546487678572877,Johnny Cash,CA,24,m,US,Male
762,10,0.2890648263178879,Howard Shore,CA,24,m,CA,Male
762,9,0.3010299956639812,Jorge Drexler,CA,24,m,UY,Male
704,1,1.0,Britney Spears,BR,21,m,US,Female
704,2,0.6309297535714575,Ariana Grande,BR,21,m,US,Female
704,3,0.5,Britney Spears,BR,21,m,US,Female
704,4,0.43067655807339306,Jessie J,BR,21,m,UK,Female
704,5,0.38685280723454163,Britney Spears,BR,21,m,US,Female
704,7,0.3333333333333333,Adele,BR,21,m,UK,Female
704,10,0.2890648263178879,Avril Lavigne,BR,21,m,CA,Female
704,9,0.3010299956639812,Avril Lavigne,BR,21,m,CA,Female
704,8,0.31546487678572877,Sia,BR,21,m,AU,Female
704,6,0.3562071871080222,J Balvin,BR,21,m,CO,Male
54,1,1.0,Toro y Moi,ES,31,f,US,Male
54,2,0.6309297535714575,Kurt Vile,ES,31,f,US,Male
54,3,0.5,Apparat,ES,31,f,DE,Male
54,4,0.43067655807339306,Toro y Moi,ES,31,f,US,Male
54,5,0.38685280723454163,Aldous Harding,ES,31,f,NZ,Female
54,6,0.3562071871080222,Ry x,ES,31,f,AU,Male
54,10,0.2890648263178879,Mahmood,ES,31,f,IT,Male
54,9,0.3010299956639812,Ry x,ES,31,f,AU,Male
54,8,0.31546487678572877,James Blake,ES,31,f,UK,Male
54,7,0.3333333333333333,Tame Impala,ES,31,f,AU,Male
92,1,1.0,Travis Scott,DE,28,m,US,Male
92,2,0.6309297535714575,Travis Scott,DE,28,m,US,Male
92,3,0.5,Aldous Harding,DE,28,m,NZ,Female
92,4,0.43067655807339306,Kacey Musgraves,DE,28,m,US,Female
92,5,0.38685280723454163,oOoOO,DE,28,m,US,Male
92,6,0.3562071871080222,Lana Del Rey,DE,28,m,US,Female
92,7,0.3333333333333333,Leonard Cohen,DE,28,m,CA,Male
92,9,0.3010299956639812,Grimes,DE,28,m,CA,Female
92,10,0.2890648263178879,Bryan Ferry,DE,28,m,UK,Male
92,8,0.31546487678572877,James Blake,DE,28,m,UK,Male
552,1,1.0,Weyes Blood,US,19,m,US,Female
552,2,0.6309297535714575,Snail Mail,US,19,m,US,Female
552,3,0.5,Thom Yorke,US,19,m,UK,Male
552,4,0.43067655807339306,John Maus,US,19,m,US,Male
552,5,0.38685280723454163,Perfume Genius,US,19,m,US,Male
552,6,0.3562071871080222,Kurt Vile,US,19,m,US,Male
552,7,0.3333333333333333,John Maus,US,19,m,US,Male
552,8,0.31546487678572877,Four Tet,US,19,m,UK,Male
552,10,0.2890648263178879,Joe Goddard,US,19,m,UK,Male
552,9,0.3010299956639812,Tamino,US,19,m,BE,Male
44,1,1.0,Travis Scott,US,24,f,US,Male
44,2,0.6309297535714575,Britney Spears,US,24,f,US,Female
44,4,0.43067655807339306,Ariana Grande,US,24,f,US,Female
44,5,0.38685280723454163,James Blake,US,24,f,UK,Male
44,6,0.3562071871080222,Taylor Swift,US,24,f,US,Female
44,7,0.3333333333333333,Ariana Grande,US,24,f,US,Female
44,8,0.31546487678572877,Britney Spears,US,24,f,US,Female
44,10,0.2890648263178879,Rita Ora,US,24,f,UK,Female
44,9,0.3010299956639812,Adele,US,24,f,UK,Female
44,3,0.5,J Balvin,US,24,f,CO,Male
9,1,1.0,Leonard Cohen,FI,30,m,CA,Male
9,2,0.6309297535714575,Leonard Cohen,FI,30,m,CA,Male
9,3,0.5,Marilyn Manson,FI,30,m,US,Male
9,4,0.43067655807339306,Queen,FI,30,m,JP,Female
9,5,0.38685280723454163,Marilyn Manson,FI,30,m,US,Male
9,6,0.3562071871080222,Marilyn Manson,FI,30,m,US,Male
9,7,0.3333333333333333,Marilyn Manson,FI,30,m,US,Male
9,8,0.31546487678572877,Leonard Cohen,FI,30,m,CA,Male
9,9,0.3010299956639812,Mayhem,FI,30,m,CA,Female
9,10,0.2890648263178879,Ihsahn,FI,30,m,NO,Male
141,1,1.0,Noisestorm,US,21,f,IE,Male
141,2,0.6309297535714575,Bruno Mars,US,21,f,US,Male
141,3,0.5,Lorde,US,21,f,NZ,Female
141,4,0.43067655807339306,David Bowie,US,21,f,UK,Male
141,5,0.38685280723454163,Tame Impala,US,21,f,AU,Male
141,6,0.3562071871080222,Agnes Obel,US,21,f,DK,Female
141,7,0.3333333333333333,King Dude,US,21,f,US,Male
141,9,0.3010299956639812,Public Memory,US,21,f,US,Male
141,10,0.2890648263178879,Tame Impala,US,21,f,AU,Male
141,8,0.31546487678572877,Thom Yorke,US,21,f,UK,Male
388,1,1.0,James Blake,BR,22,m,UK,Male
388,2,0.6309297535714575,Toro y Moi,BR,22,m,US,Male
388,4,0.43067655807339306,Aldous Harding,BR,22,m,NZ,Female
388,6,0.3562071871080222,Pional,BR,22,m,ES,Male
388,7,0.3333333333333333,James Blake,BR,22,m,UK,Male
388,9,0.3010299956639812,Tame Impala,BR,22,m,AU,Male
388,10,0.2890648263178879,Tame Impala,BR,22,m,AU,Male
388,8,0.31546487678572877,Devin Townsend,BR,22,m,CA,Male
388,5,0.38685280723454163,Édith Piaf,BR,22,m,FR,Female
388,3,0.5,Édith Piaf,BR,22,m,FR,Female
928,1,1.0,Ariana Grande,PL,14,m,US,Female
928,2,0.6309297535714575,Ariana Grande,PL,14,m,US,Female
928,3,0.5,Travis Scott,PL,14,m,US,Male
928,4,0.43067655807339306,Frank Ocean,PL,14,m,US,Male
928,5,0.38685280723454163,Ariana Grande,PL,14,m,US,Female
928,6,0.3562071871080222,Ariana Grande,PL,14,m,US,Female
928,10,0.2890648263178879,Louis Tomlinson,PL,14,m,UK,Male
928,9,0.3010299956639812,Rihanna,PL,14,m,UK,Female
928,8,0.31546487678572877,Troye Sivan,PL,14,m,AU,Male
928,7,0.3333333333333333,Skepta,PL,14,m,UK,Male
472,1,1.0,Queen,CA,32,m,JP,Female
472,2,0.6309297535714575,Queen,CA,32,m,JP,Female
472,3,0.5,Bryan Adams,CA,32,m,CA,Male
472,4,0.43067655807339306,Queen,CA,32,m,JP,Female
472,5,0.38685280723454163,Queen,CA,32,m,JP,Female
472,6,0.3562071871080222,Billy Joel,CA,32,m,US,Male
472,7,0.3333333333333333,Queen,CA,32,m,JP,Female
472,10,0.2890648263178879,Seal,CA,32,m,UK,Male
472,9,0.3010299956639812,Avril Lavigne,CA,32,m,CA,Female
472,8,0.31546487678572877,Rod Stewart,CA,32,m,UK,Male
39,1,1.0,Weyes Blood,US,27,m,US,Female
39,2,0.6309297535714575,Kurt Vile,US,27,m,US,Male
39,3,0.5,Weyes Blood,US,27,m,US,Female
39,4,0.43067655807339306,James Blake,US,27,m,UK,Male
39,5,0.38685280723454163,Weyes Blood,US,27,m,US,Female
39,6,0.3562071871080222,Apparat,US,27,m,DE,Male
39,10,0.2890648263178879,Tame Impala,US,27,m,AU,Male
39,9,0.3010299956639812,James Blake,US,27,m,UK,Male
39,8,0.31546487678572877,Thom Yorke,US,27,m,UK,Male
39,7,0.3333333333333333,Four Tet,US,27,m,UK,Male
506,1,1.0,Serj Tankian,UA,20,m,US,Male
506,2,0.6309297535714575,Marilyn Manson,UA,20,m,US,Male
506,3,0.5,Queen,UA,20,m,JP,Female
506,4,0.43067655807339306,Celldweller,UA,20,m,US,Male
506,5,0.38685280723454163,Björk,UA,20,m,IS,Female
506,7,0.3333333333333333,Beck,UA,20,m,DK,Male
506,8,0.31546487678572877,Moby,UA,20,m,US,Male
506,10,0.2890648263178879,Edwyn Collins,UA,20,m,UK,Male
506,9,0.3010299956639812,Carpenter Brut,UA,20,m,FR,Male
506,6,0.3562071871080222,Mika,UA,20,m,BA,Male
8,1,1.0,Rita Ora,AU,26,m,UK,Female
8,2,0.6309297535714575,Ariana Grande,AU,26,m,US,Female
8,4,0.43067655807339306,Adele,AU,26,m,UK,Female
8,6,0.3562071871080222,James Blake,AU,26,m,UK,Male
8,8,0.31546487678572877,Sia,AU,26,m,AU,Female
8,9,0.3010299956639812,Rihanna,AU,26,m,UK,Female
8,10,0.2890648263178879,James Blake,AU,26,m,UK,Male
8,7,0.3333333333333333,Troye Sivan,AU,26,m,AU,Male
8,5,0.38685280723454163,Avril Lavigne,AU,26,m,CA,Female
8,3,0.5,Kygo,AU,26,m,NO,Male
75,1,1.0,James Blake,NO,28,m,UK,Male
75,2,0.6309297535714575,James Blake,NO,28,m,UK,Male
75,3,0.5,Toro y Moi,NO,28,m,US,Male
75,4,0.43067655807339306,Kurt Vile,NO,28,m,US,Male
75,5,0.38685280723454163,John Maus,NO,28,m,US,Male
75,6,0.3562071871080222,Toro y Moi,NO,28,m,US,Male
75,7,0.3333333333333333,José González,NO,28,m,SE,Male
75,8,0.31546487678572877,Snail Mail,NO,28,m,US,Female
75,10,0.2890648263178879,Bonobo,NO,28,m,UK,Male
75,9,0.3010299956639812,Tame Impala,NO,28,m,AU,Male
411,1,1.0,Thom Yorke,PL,24,m,UK,Male
411,2,0.6309297535714575,Snail Mail,PL,24,m,US,Female
411,3,0.5,Weyes Blood,PL,24,m,US,Female
411,4,0.43067655807339306,Tame Impala,PL,24,m,AU,Male
411,5,0.38685280723454163,Daniel Avery,PL,24,m,UK,Male
411,6,0.3562071871080222,Tame Impala,PL,24,m,AU,Male
411,8,0.31546487678572877,Rejjie Snow,PL,24,m,IE,Male
411,9,0.3010299956639812,Charlotte Day Wilson,PL,24,m,CA,Female
411,10,0.2890648263178879,Nick Drake,PL,24,m,UK,Male
411,7,0.3333333333333333,Bonobo,PL,24,m,UK,Male
379,3,0.5,Gotye,RU,95,m,AU,Male
379,4,0.43067655807339306,Fred V & Grafix,RU,95,m,UK,Male
379,5,0.38685280723454163,David Bowie,RU,95,m,UK,Male
379,7,0.3333333333333333,Salmo,RU,95,m,IT,Male
379,10,0.2890648263178879,KT Tunstall,RU,95,m,UK,Female
379,9,0.3010299956639812,Annie Lennox,RU,95,m,UK,Female
379,8,0.31546487678572877,Emperor,RU,95,m,UK,Male
379,6,0.3562071871080222,Chico Buarque,RU,95,m,BR,Male
379,2,0.6309297535714575,Frank Turner,RU,95,m,UK,Male
379,1,1.0,Sophie Ellis-Bextor,RU,95,m,UK,Female
745,1,1.0,Joe Dassin,FR,28,m,FR,Male
745,2,0.6309297535714575,Billy Joel,FR,28,m,US,Male
745,3,0.5,Roy Orbison,FR,28,m,US,Male
745,5,0.38685280723454163,Jacques Brel,FR,28,m,BE,Male
745,6,0.3562071871080222,Bob Marley & The Wailers,FR,28,m,JM,Male
745,7,0.3333333333333333,Bob Marley & The Wailers,FR,28,m,JM,Male
745,10,0.2890648263178879,Bob Marley & The Wailers,FR,28,m,JM,Male
745,9,0.3010299956639812,Bryan Adams,FR,28,m,CA,Male
745,8,0.31546487678572877,Eric Clapton,FR,28,m,UK,Male
745,4,0.43067655807339306,Wax Tailor,FR,28,m,FR,Male
604,1,1.0,Little Walter,CN,21,m,US,Male
604,2,0.6309297535714575,Elmore James,CN,21,m,US,Male
604,3,0.5,Al Green,CN,21,m,US,Male
604,4,0.43067655807339306,Big Mama Thornton,CN,21,m,US,Female
604,5,0.38685280723454163,Muddy Waters,CN,21,m,US,Male
604,6,0.3562071871080222,Jimi Hendrix,CN,21,m,US,Male
604,9,0.3010299956639812,Robin Trower,CN,21,m,UK,Male
604,10,0.2890648263178879,Sérgio Mendes & Brasil '66,CN,21,m,BR,Male
604,8,0.31546487678572877,The Weeknd,CN,21,m,CA,Male
604,7,0.3333333333333333,Annie Lennox,CN,21,m,UK,Female
34,1,1.0,Father John Misty,UK,28,m,US,Male
34,2,0.6309297535714575,Sufjan Stevens,UK,28,m,US,Male
34,3,0.5,Ariana Grande,UK,28,m,US,Female
34,4,0.43067655807339306,Janelle Monáe,UK,28,m,US,Non-binary
34,5,0.38685280723454163,Beyoncé,UK,28,m,US,Female
34,7,0.3333333333333333,John Mayer,UK,28,m,IN,Male
34,9,0.3010299956639812,Billy Joel,UK,28,m,US,Male
34,10,0.2890648263178879,Seal,UK,28,m,UK,Male
34,8,0.31546487678572877,Thom Yorke,UK,28,m,UK,Male
34,6,0.3562071871080222,Ed Sheeran,UK,28,m,UK,Male
490,1,1.0,Kate Bush,AR,24,m,UK,Female
490,2,0.6309297535714575,Caetano Veloso,AR,24,m,BR,Male
490,3,0.5,Belchior,AR,24,m,BR,Male
490,4,0.43067655807339306,Cartola,AR,24,m,BR,Male
490,5,0.38685280723454163,Caetano Veloso,AR,24,m,BR,Male
490,6,0.3562071871080222,Gilberto Gil,AR,24,m,BR,Male
490,7,0.3333333333333333,Gilberto Gil,AR,24,m,BR,Male
490,8,0.31546487678572877,Marina Lima,AR,24,m,BR,Female
490,9,0.3010299956639812,Mahmundi,AR,24,m,BR,Female
490,10,0.2890648263178879,Oswaldo Montenegro,AR,24,m,BR,Male
19,1,1.0,Snail Mail,SE,26,m,US,Female
19,2,0.6309297535714575,Aldous Harding,SE,26,m,NZ,Female
19,3,0.5,Julie Byrne,SE,26,m,US,Female
19,4,0.43067655807339306,Kurt Vile,SE,26,m,US,Male
19,5,0.38685280723454163,Thom Yorke,SE,26,m,UK,Male
19,6,0.3562071871080222,Four Tet,SE,26,m,UK,Male
19,7,0.3333333333333333,Grouper,SE,26,m,US,Female
19,10,0.2890648263178879,Arca,SE,26,m,VE,Non-binary
19,9,0.3010299956639812,Dean Blunt,SE,26,m,UK,Male
19,8,0.31546487678572877,Arca,SE,26,m,VE,Non-binary
805,1,1.0,Emperor,DE,26,m,UK,Male
805,2,0.6309297535714575,The Kinks,DE,26,m,US,Male
805,3,0.5,Chelsea Wolfe,DE,26,m,US,Female
805,4,0.43067655807339306,Noisestorm,DE,26,m,IE,Male
805,5,0.38685280723454163,Venom,DE,26,m,UK,Male
805,6,0.3562071871080222,Russian Red,DE,26,m,ES,Female
805,10,0.2890648263178879,David Bowie,DE,26,m,UK,Male
805,9,0.3010299956639812,David Bowie,DE,26,m,UK,Male
805,8,0.31546487678572877,Kate Bush,DE,26,m,UK,Female
805,7,0.3333333333333333,Scott Walker,DE,26,m,UK,Male
272,1,1.0,Tame Impala,UK,29,m,AU,Male
272,2,0.6309297535714575,Chris Isaak,UK,29,m,US,Male
272,3,0.5,Toro y Moi,UK,29,m,US,Male
272,4,0.43067655807339306,Travis Scott,UK,29,m,US,Male
272,5,0.38685280723454163,Britney Spears,UK,29,m,US,Female
272,6,0.3562071871080222,Michael Sembello,UK,29,m,US,Male
272,7,0.3333333333333333,Parov Stelar,UK,29,m,AT,Male
272,10,0.2890648263178879,Bob Marley & The Wailers,UK,29,m,JM,Male
272,9,0.3010299956639812,deadmau5,UK,29,m,CA,Male
272,8,0.31546487678572877,Sean Paul,UK,29,m,JM,Male
291,1,1.0,Justin Timberlake,NL,32,m,US,Male
291,2,0.6309297535714575,Adele,NL,32,m,UK,Female
291,3,0.5,Ed Sheeran,NL,32,m,UK,Male
291,4,0.43067655807339306,George Ezra,NL,32,m,UK,Male
291,5,0.38685280723454163,Adele,NL,32,m,UK,Female
291,7,0.3333333333333333,Justin Bieber,NL,32,m,CA,Male
291,8,0.31546487678572877,Shawn Mendes,NL,32,m,CA,Male
291,10,0.2890648263178879,Adele,NL,32,m,UK,Female
291,9,0.3010299956639812,James Arthur,NL,32,m,UK,Male
291,6,0.3562071871080222,Dennis Lloyd,NL,32,m,IL,Male
527,1,1.0,Ariana Grande,UK,23,f,US,Female
527,2,0.6309297535714575,Ariana Grande,UK,23,f,US,Female
527,4,0.43067655807339306,Lil Nas X,UK,23,f,US,Male
527,5,0.38685280723454163,Ariana Grande,UK,23,f,US,Female
527,8,0.31546487678572877,DJ Shadow,UK,23,f,US,Male
527,10,0.2890648263178879,Tame Impala,UK,23,f,AU,Male
527,9,0.3010299956639812,Jessie J,UK,23,f,UK,Female
527,7,0.3333333333333333,Adele,UK,23,f,UK,Female
527,6,0.3562071871080222,Sia,UK,23,f,AU,Female
527,3,0.5,Mahmood,UK,23,f,IT,Male
590,1,1.0,Beck,BR,23,m,DK,Male
590,2,0.6309297535714575,AFI,BR,23,m,US,Female
590,3,0.5,Tame Impala,BR,23,m,AU,Male
590,4,0.43067655807339306,Eagle-Eye Cherry,BR,23,m,SE,Male
590,5,0.38685280723454163,Dido,BR,23,m,UK,Female
590,6,0.3562071871080222,Marilyn Manson,BR,23,m,US,Male
590,7,0.3333333333333333,Laura Branigan,BR,23,m,US,Female
590,8,0.31546487678572877,Tame Impala,BR,23,m,AU,Male
590,10,0.2890648263178879,Tame Impala,BR,23,m,AU,Male
590,9,0.3010299956639812,Eric Clapton,BR,23,m,UK,Male
561,1,1.0,Devin Townsend,PT,21,m,CA,Male
561,2,0.6309297535714575,Emperor,PT,21,m,UK,Male
561,3,0.5,Devin Townsend,PT,21,m,CA,Male
561,4,0.43067655807339306,Mr.Kitty,PT,21,m,US,Male
561,5,0.38685280723454163,Devin Townsend,PT,21,m,CA,Male
561,6,0.3562071871080222,Devin Townsend,PT,21,m,CA,Male
561,9,0.3010299956639812,Carpenter Brut,PT,21,m,FR,Male
561,10,0.2890648263178879,Tame Impala,PT,21,m,AU,Male
561,8,0.31546487678572877,Devin Townsend,PT,21,m,CA,Male
561,7,0.3333333333333333,David Bowie,PT,21,m,UK,Male
393,1,1.0,jerkcurb,BR,20,m,UK,Male
393,3,0.5,Jaakko Eino Kalevi,BR,20,m,FI,Male
393,4,0.43067655807339306,Rone,BR,20,m,US,Male
393,5,0.38685280723454163,Wildstylez,BR,20,m,NL,Male
393,8,0.31546487678572877,PJ Harvey,BR,20,m,UK,Female
393,9,0.3010299956639812,Daniel Avery,BR,20,m,UK,Male
393,10,0.2890648263178879,Kylie Minogue,BR,20,m,AU,Female
393,7,0.3333333333333333,Clarence Clarity,BR,20,m,UK,Male
393,6,0.3562071871080222,King Krule,BR,20,m,UK,Male
393,2,0.6309297535714575,Shiba San,BR,20,m,FR,Male
5,1,1.0,Weyes Blood,SE,28,m,US,Female
5,2,0.6309297535714575,Aldous Harding,SE,28,m,NZ,Female
5,3,0.5,Weyes Blood,SE,28,m,US,Female
5,5,0.38685280723454163,John Maus,SE,28,m,US,Male
5,6,0.3562071871080222,Ry x,SE,28,m,AU,Male
5,10,0.2890648263178879,Thom Yorke,SE,28,m,UK,Male
5,9,0.3010299956639812,Four Tet,SE,28,m,UK,Male
5,8,0.31546487678572877,Ry x,SE,28,m,AU,Male
5,7,0.3333333333333333,James Blake,SE,28,m,UK,Male
5,4,0.43067655807339306,Mahmood,SE,28,m,IT,Male
217,1,1.0,Eagle-Eye Cherry,RU,26,m,SE,Male
217,2,0.6309297535714575,Britney Spears,RU,26,m,US,Female
217,3,0.5,Britney Spears,RU,26,m,US,Female
217,4,0.43067655807339306,Haddaway,RU,26,m,DE,Male
217,5,0.38685280723454163,Chris Isaak,RU,26,m,US,Male
217,9,0.3010299956639812,Sia,RU,26,m,AU,Female
217,10,0.2890648263178879,George Ezra,RU,26,m,UK,Male
217,8,0.31546487678572877,Avril Lavigne,RU,26,m,CA,Female
217,7,0.3333333333333333,Eric Clapton,RU,26,m,UK,Male
217,6,0.3562071871080222,Ed Sheeran,RU,26,m,UK,Male
816,1,1.0,Vance Joy,CL,18,m,AU,Male
816,2,0.6309297535714575,Iron & Wine,CL,18,m,US,Male
816,3,0.5,Ray LaMontagne,CL,18,m,US,Male
816,4,0.43067655807339306,Gregory Alan Isakov,CL,18,m,US,Male
816,5,0.38685280723454163,AFI,CL,18,m,US,Female
816,6,0.3562071871080222,Aldous Harding,CL,18,m,NZ,Female
816,7,0.3333333333333333,Billy Joel,CL,18,m,US,Male
816,8,0.31546487678572877,John Mayer,CL,18,m,IN,Male
816,10,0.2890648263178879,Bryan Adams,CL,18,m,CA,Male
816,9,0.3010299956639812,Lydia,CL,18,m,ES,Female
507,1,1.0,Queen,US,40,m,JP,Female
507,2,0.6309297535714575,Queen,US,40,m,JP,Female
507,3,0.5,Queen,US,40,m,JP,Female
507,4,0.43067655807339306,Queen,US,40,m,JP,Female
507,5,0.38685280723454163,Queen,US,40,m,JP,Female
507,6,0.3562071871080222,Queen,US,40,m,JP,Female
507,7,0.3333333333333333,Emperor,US,40,m,UK,Male
507,8,0.31546487678572877,Queen,US,40,m,JP,Female
507,9,0.3010299956639812,Emperor,US,40,m,UK,Male
507,10,0.2890648263178879,Emperor,US,40,m,UK,Male
316,1,1.0,Bryan Adams,FI,21,m,CA,Male
316,2,0.6309297535714575,Beck,FI,21,m,DK,Male
316,3,0.5,Eagle-Eye Cherry,FI,21,m,SE,Male
316,4,0.43067655807339306,Eric Clapton,FI,21,m,UK,Male
316,5,0.38685280723454163,Haddaway,FI,21,m,DE,Male
316,6,0.3562071871080222,Bob Marley & The Wailers,FI,21,m,JM,Male
316,10,0.2890648263178879,Edwyn Collins,FI,21,m,UK,Male
316,9,0.3010299956639812,Bob Marley & The Wailers,FI,21,m,JM,Male
316,8,0.31546487678572877,Nik Kershaw,FI,21,m,UK,Male
316,7,0.3333333333333333,Seal,FI,21,m,UK,Male
239,1,1.0,Ariana Grande,NZ,39,m,US,Female
239,2,0.6309297535714575,James Blake,NZ,39,m,UK,Male
239,3,0.5,James Blake,NZ,39,m,UK,Male
239,4,0.43067655807339306,Robyn,NZ,39,m,SE,Female
239,5,0.38685280723454163,Britney Spears,NZ,39,m,US,Female
239,6,0.3562071871080222,Britney Spears,NZ,39,m,US,Female
239,10,0.2890648263178879,Eric Clapton,NZ,39,m,UK,Male
239,9,0.3010299956639812,George Ezra,NZ,39,m,UK,Male
239,8,0.31546487678572877,Bob Marley & The Wailers,NZ,39,m,JM,Male
239,7,0.3333333333333333,Jessie J,NZ,39,m,UK,Female
656,1,1.0,Apparat,IT,24,m,DE,Male
656,2,0.6309297535714575,Toro y Moi,IT,24,m,US,Male
656,3,0.5,Tame Impala,IT,24,m,AU,Male
656,4,0.43067655807339306,Aldous Harding,IT,24,m,NZ,Female
656,5,0.38685280723454163,Weyes Blood,IT,24,m,US,Female
656,6,0.3562071871080222,Kurt Vile,IT,24,m,US,Male
656,7,0.3333333333333333,Snail Mail,IT,24,m,US,Female
656,10,0.2890648263178879,Charlotte Day Wilson,IT,24,m,CA,Female
656,9,0.3010299956639812,James Blake,IT,24,m,UK,Male
656,8,0.31546487678572877,Four Tet,IT,24,m,UK,Male
914,1,1.0,Ariana Grande,UK,20,m,US,Female
914,2,0.6309297535714575,Lil Nas X,UK,20,m,US,Male
914,3,0.5,Laura Branigan,UK,20,m,US,Female
914,4,0.43067655807339306,Dolly Parton,UK,20,m,US,Female
914,5,0.38685280723454163,Robyn,UK,20,m,SE,Female
914,6,0.3562071871080222,Eagle-Eye Cherry,UK,20,m,SE,Male
914,8,0.31546487678572877,George Ezra,UK,20,m,UK,Male
914,10,0.2890648263178879,Corinne Bailey Rae,UK,20,m,UK,Female
914,9,0.3010299956639812,Adele,UK,20,m,UK,Female
914,7,0.3333333333333333,Eric Clapton,UK,20,m,UK,Male
939,1,1.0,Queen,RU,19,m,JP,Female
939,2,0.6309297535714575,Queen,RU,19,m,JP,Female
939,3,0.5,Marilyn Manson,RU,19,m,US,Male
939,4,0.43067655807339306,Marilyn Manson,RU,19,m,US,Male
939,7,0.3333333333333333,Richard Ashcroft,RU,19,m,UK,Male
939,8,0.31546487678572877,Leonard Cohen,RU,19,m,CA,Male
939,9,0.3010299956639812,Leonard Cohen,RU,19,m,CA,Male
939,10,0.2890648263178879,Leonard Cohen,RU,19,m,CA,Male
939,6,0.3562071871080222,Ozzy Osbourne,RU,19,m,UK,Male
939,5,0.38685280723454163,Jenni Vartiainen,RU,19,m,FI,Female
29,1,1.0,Queen,US,25,m,JP,Female
29,2,0.6309297535714575,Queen,US,25,m,JP,Female
29,3,0.5,Roy Orbison,US,25,m,US,Male
29,5,0.38685280723454163,Britney Spears,US,25,m,US,Female
29,6,0.3562071871080222,Wax Tailor,US,25,m,FR,Male
29,8,0.31546487678572877,Dennis Lloyd,US,25,m,IL,Male
29,10,0.2890648263178879,Iron & Wine,US,25,m,US,Male
29,9,0.3010299956639812,Bryan Adams,US,25,m,CA,Male
29,7,0.3333333333333333,Sia,US,25,m,AU,Female
29,4,0.43067655807339306,Damien Rice,US,25,m,IE,Male
402,1,1.0,Billy Joel,DE,22,m,US,Male
402,2,0.6309297535714575,Haddaway,DE,22,m,DE,Male
402,3,0.5,Miley Cyrus,DE,22,m,US,Non-binary
402,4,0.43067655807339306,Avril Lavigne,DE,22,m,CA,Female
402,8,0.31546487678572877,Ed Sheeran,DE,22,m,UK,Male
402,10,0.2890648263178879,Sia,DE,22,m,AU,Female
402,9,0.3010299956639812,Niall Horan,DE,22,m,IE,Male
402,7,0.3333333333333333,Seal,DE,22,m,UK,Male
402,6,0.3562071871080222,George Ezra,DE,22,m,UK,Male
402,5,0.38685280723454163,Jessie J,DE,22,m,UK,Female
256,1,1.0,Adam Levine,UK,24,m,US,Male
256,2,0.6309297535714575,Duncan Sheik,UK,24,m,US,Male
256,3,0.5,Jenny Lewis,UK,24,m,US,Female
256,4,0.43067655807339306,Little Richard,UK,24,m,US,Male
256,7,0.3333333333333333,Albert Hammond,UK,24,m,UK,Male
256,10,0.2890648263178879,Lisa Hannigan,UK,24,m,IE,Female
256,9,0.3010299956639812,Bob Marley & The Wailers,UK,24,m,JM,Male
256,8,0.31546487678572877,Tina Charles,UK,24,m,UK,Female
256,6,0.3562071871080222,Boston Bun,UK,24,m,FR,Male
256,5,0.38685280723454163,Benjamin Biolay,UK,24,m,FR,Male
339,1,1.0,Britney Spears,US,27,m,US,Female
339,2,0.6309297535714575,Britney Spears,US,27,m,US,Female
339,3,0.5,John Mayer,US,27,m,IN,Male
339,4,0.43067655807339306,Duncan Laurence,US,27,m,NL,Male
339,5,0.38685280723454163,Bryan Adams,US,27,m,CA,Male
339,9,0.3010299956639812,Avril Lavigne,US,27,m,CA,Female
339,10,0.2890648263178879,Jessie J,US,27,m,UK,Female
339,8,0.31546487678572877,Sia,US,27,m,AU,Female
339,7,0.3333333333333333,Edwyn Collins,US,27,m,UK,Male
339,6,0.3562071871080222,Ed Sheeran,US,27,m,UK,Male
111,1,1.0,Celldweller,US,30,m,US,Male
111,2,0.6309297535714575,Red,US,30,m,PL,Male
111,3,0.5,Carpenter Brut,US,30,m,FR,Male
111,4,0.43067655807339306,Celldweller,US,30,m,US,Male
111,5,0.38685280723454163,Nero,US,30,m,DE,Male
111,6,0.3562071871080222,Perturbator,US,30,m,FR,Male
111,7,0.3333333333333333,Carpenter Brut,US,30,m,FR,Male
111,8,0.31546487678572877,Blue Stahli,US,30,m,US,Male
111,9,0.3010299956639812,Queen,US,30,m,JP,Female
111,10,0.2890648263178879,Serj Tankian,US,30,m,US,Male
740,1,1.0,Britney Spears,EE,22,m,US,Female
740,2,0.6309297535714575,Ariana Grande,EE,22,m,US,Female
740,3,0.5,Adele,EE,22,m,UK,Female
740,4,0.43067655807339306,Britney Spears,EE,22,m,US,Female
740,5,0.38685280723454163,Billy Joel,EE,22,m,US,Male
740,6,0.3562071871080222,Lil Nas X,EE,22,m,US,Male
740,7,0.3333333333333333,Corinne Bailey Rae,EE,22,m,UK,Female
740,10,0.2890648263178879,Bryan Adams,EE,22,m,CA,Male
740,9,0.3010299956639812,Ed Sheeran,EE,22,m,UK,Male
740,8,0.31546487678572877,Adele,EE,22,m,UK,Female
468,1,1.0,Kurt Vile,AU,33,m,US,Male
468,2,0.6309297535714575,Grimes,AU,33,m,CA,Female
468,3,0.5,Apparat,AU,33,m,DE,Male
468,4,0.43067655807339306,Tame Impala,AU,33,m,AU,Male
468,10,0.2890648263178879,Four Tet,AU,33,m,UK,Male
468,9,0.3010299956639812,Grimes,AU,33,m,CA,Female
468,8,0.31546487678572877,Grimes,AU,33,m,CA,Female
468,7,0.3333333333333333,Tame Impala,AU,33,m,AU,Male
468,6,0.3562071871080222,Ry x,AU,33,m,AU,Male
468,5,0.38685280723454163,Kate Bush,AU,33,m,UK,Female
68,1,1.0,Waxahatchee,DE,27,m,US,Female
68,2,0.6309297535714575,Soccer Mommy,DE,27,m,US,Female
68,3,0.5,Andrew McMahon in the Wilderness,DE,27,m,US,Male
68,4,0.43067655807339306,Waxahatchee,DE,27,m,US,Female
68,5,0.38685280723454163,Waxahatchee,DE,27,m,US,Female
68,6,0.3562071871080222,Anna Burch,DE,27,m,US,Female
68,7,0.3333333333333333,Snail Mail,DE,27,m,US,Female
68,8,0.31546487678572877,Snail Mail,DE,27,m,US,Female
68,9,0.3010299956639812,Ty Segall,DE,27,m,US,Male
68,10,0.2890648263178879,Girl In Red,DE,27,m,NO,Female
112,1,1.0,Queen,DK,30,m,JP,Female
112,2,0.6309297535714575,Björk,DK,30,m,IS,Female
112,3,0.5,Queen,DK,30,m,JP,Female
112,4,0.43067655807339306,Chris Isaak,DK,30,m,US,Male
112,5,0.38685280723454163,Marilyn Manson,DK,30,m,US,Male
112,7,0.3333333333333333,Ozzy Osbourne,DK,30,m,UK,Male
112,8,0.31546487678572877,Sia,DK,30,m,AU,Female
112,9,0.3010299956639812,Eric Clapton,DK,30,m,UK,Male
112,10,0.2890648263178879,Bob Marley & The Wailers,DK,30,m,JM,Male
112,6,0.3562071871080222,Edwyn Collins,DK,30,m,UK,Male
670,1,1.0,Ariana Grande,UA,21,f,US,Female
670,2,0.6309297535714575,Jessie J,UA,21,f,UK,Female
670,3,0.5,Ariana Grande,UA,21,f,US,Female
670,4,0.43067655807339306,Rita Ora,UA,21,f,UK,Female
670,6,0.3562071871080222,Troye Sivan,UA,21,f,AU,Male
670,9,0.3010299956639812,J Balvin,UA,21,f,CO,Male
670,10,0.2890648263178879,Fergie,UA,21,f,UK,Male
670,8,0.31546487678572877,Adele,UA,21,f,UK,Female
670,7,0.3333333333333333,Sia,UA,21,f,AU,Female
670,5,0.38685280723454163,Niall Horan,UA,21,f,IE,Male
446,1,1.0,Snail Mail,CZ,19,m,US,Female
446,2,0.6309297535714575,Ariel Pink,CZ,19,m,US,Male
446,3,0.5,Four Tet,CZ,19,m,UK,Male
446,4,0.43067655807339306,Jessica Pratt,CZ,19,m,US,Female
446,6,0.3562071871080222,Twin Shadow,CZ,19,m,US,Male
446,7,0.3333333333333333,Toro y Moi,CZ,19,m,US,Male
446,8,0.31546487678572877,Kacey Musgraves,CZ,19,m,US,Female
446,10,0.2890648263178879,Caribou,CZ,19,m,CA,Male
446,9,0.3010299956639812,Nick Drake,CZ,19,m,UK,Male
446,5,0.38685280723454163,Rejjie Snow,CZ,19,m,IE,Male
491,1,1.0,Celldweller,RU,24,m,US,Male
491,2,0.6309297535714575,Noisestorm,RU,24,m,IE,Male
491,3,0.5,Celldweller,RU,24,m,US,Male
491,4,0.43067655807339306,Marilyn Manson,RU,24,m,US,Male
491,5,0.38685280723454163,Michael Jackson,RU,24,m,US,Male
491,6,0.3562071871080222,Vitalic,RU,24,m,FR,Male
491,7,0.3333333333333333,Moby,RU,24,m,US,Male
491,8,0.31546487678572877,Mr.Kitty,RU,24,m,US,Male
491,10,0.2890648263178879,Tristam,RU,24,m,CA,Male
491,9,0.3010299956639812,Kavinsky,RU,24,m,FR,Male
212,1,1.0,Moby,DE,24,m,US,Male
212,2,0.6309297535714575,Beck,DE,24,m,DK,Male
212,3,0.5,Queen,DE,24,m,JP,Female
212,4,0.43067655807339306,Tame Impala,DE,24,m,AU,Male
212,5,0.38685280723454163,Chuck Berry,DE,24,m,US,Male
212,6,0.3562071871080222,Bob Marley & The Wailers,DE,24,m,JM,Male
212,7,0.3333333333333333,AFI,DE,24,m,US,Female
212,8,0.31546487678572877,Jimi Hendrix,DE,24,m,US,Male
212,10,0.2890648263178879,James Blake,DE,24,m,UK,Male
212,9,0.3010299956639812,James Blake,DE,24,m,UK,Male
574,1,1.0,Red,RU,20,m,PL,Male
574,2,0.6309297535714575,Blue Stahli,RU,20,m,US,Male
574,3,0.5,Marilyn Manson,RU,20,m,US,Male
574,4,0.43067655807339306,Ozzy Osbourne,RU,20,m,UK,Male
574,5,0.38685280723454163,Oxxxymiron,RU,20,m,UK,Male
574,6,0.3562071871080222,Marilyn Manson,RU,20,m,US,Male
574,7,0.3333333333333333,AFI,RU,20,m,US,Female
574,9,0.3010299956639812,AFI,RU,20,m,US,Female
574,10,0.2890648263178879,Mika,RU,20,m,BA,Male
574,8,0.31546487678572877,Edwyn Collins,RU,20,m,UK,Male
456,1,1.0,Rush,GR,54,m,US,Male
456,2,0.6309297535714575,Chuck Berry,GR,54,m,US,Male
456,3,0.5,Eric Clapton,GR,54,m,UK,Male
456,4,0.43067655807339306,Marilyn Manson,GR,54,m,US,Male
456,5,0.38685280723454163,Marilyn Manson,GR,54,m,US,Male
456,6,0.3562071871080222,Bryan Adams,GR,54,m,CA,Male
456,7,0.3333333333333333,Eagle-Eye Cherry,GR,54,m,SE,Male
456,9,0.3010299956639812,Beck,GR,54,m,DK,Male
456,10,0.2890648263178879,Seal,GR,54,m,UK,Male
456,8,0.31546487678572877,Jessie J,GR,54,m,UK,Female
341,1,1.0,Waldeck,RU,23,f,AT,Male
341,2,0.6309297535714575,Parov Stelar,RU,23,f,AT,Male
341,3,0.5,Mahmood,RU,23,f,IT,Male
341,5,0.38685280723454163,deadmau5,RU,23,f,CA,Male
341,6,0.3562071871080222,Chelsea Wolfe,RU,23,f,US,Female
341,7,0.3333333333333333,Odetta,RU,23,f,US,Female
341,8,0.31546487678572877,Tame Impala,RU,23,f,AU,Male
341,10,0.2890648263178879,Grimes,RU,23,f,CA,Female
341,9,0.3010299956639812,Carpenter Brut,RU,23,f,FR,Male
341,4,0.43067655807339306,Noisestorm,RU,23,f,IE,Male
199,1,1.0,Aldous Harding,BR,26,f,NZ,Female
199,2,0.6309297535714575,PJ Harvey,BR,26,f,UK,Female
199,3,0.5,Kate Bush,BR,26,f,UK,Female
199,4,0.43067655807339306,Suede,BR,26,f,US,Female
199,5,0.38685280723454163,Thom Yorke,BR,26,f,UK,Male
199,6,0.3562071871080222,Chuck Berry,BR,26,f,US,Male
199,7,0.3333333333333333,Nick Drake,BR,26,f,UK,Male
199,8,0.31546487678572877,Avril Lavigne,BR,26,f,CA,Female
199,10,0.2890648263178879,Grimes,BR,26,f,CA,Female
199,9,0.3010299956639812,Adele,BR,26,f,UK,Female
142,1,1.0,Tom Waits,US,36,m,US,Male
142,2,0.6309297535714575,Venom,US,36,m,UK,Male
142,3,0.5,Venom,US,36,m,UK,Male
142,4,0.43067655807339306,Emperor,US,36,m,UK,Male
142,5,0.38685280723454163,Russian Red,US,36,m,ES,Female
142,6,0.3562071871080222,Thom Yorke,US,36,m,UK,Male
142,7,0.3333333333333333,Thom Yorke,US,36,m,UK,Male
142,8,0.31546487678572877,Marisa Monte,US,36,m,BR,Female
142,10,0.2890648263178879,Marisa Monte,US,36,m,BR,Female
142,9,0.3010299956639812,Emperor,US,36,m,UK,Male
886,1,1.0,Jessie J,BR,27,m,UK,Female
886,2,0.6309297535714575,Taylor Swift,BR,27,m,US,Female
886,3,0.5,Adele,BR,27,m,UK,Female
886,4,0.43067655807339306,Sia,BR,27,m,AU,Female
886,6,0.3562071871080222,Avril Lavigne,BR,27,m,CA,Female
886,8,0.31546487678572877,J Balvin,BR,27,m,CO,Male
886,10,0.2890648263178879,Adele,BR,27,m,UK,Female
886,9,0.3010299956639812,Ed Sheeran,BR,27,m,UK,Male
886,7,0.3333333333333333,Rihanna,BR,27,m,UK,Female
886,5,0.38685280723454163,Anitta,BR,27,m,BR,Female
821,1,1.0,Miley Cyrus,UK,18,m,US,Non-binary
821,4,0.43067655807339306,Avril Lavigne,UK,18,m,CA,Female
821,6,0.3562071871080222,Sia,UK,18,m,AU,Female
821,7,0.3333333333333333,Jennifer Lopez,UK,18,m,US,Female
821,10,0.2890648263178879,Adele,UK,18,m,UK,Female
821,9,0.3010299956639812,Bruno Major,UK,18,m,UK,Male
821,8,0.31546487678572877,Adele,UK,18,m,UK,Female
821,5,0.38685280723454163,Kygo,UK,18,m,NO,Male
821,3,0.5,J Balvin,UK,18,m,CO,Male
821,2,0.6309297535714575,Mahmood,UK,18,m,IT,Male
338,1,1.0,Britney Spears,BR,22,m,US,Female
338,2,0.6309297535714575,Ariana Grande,BR,22,m,US,Female
338,4,0.43067655807339306,Jessie J,BR,22,m,UK,Female
338,5,0.38685280723454163,Ariana Grande,BR,22,m,US,Female
338,10,0.2890648263178879,Troye Sivan,BR,22,m,AU,Male
338,9,0.3010299956639812,Avril Lavigne,BR,22,m,CA,Female
338,8,0.31546487678572877,Adele,BR,22,m,UK,Female
338,7,0.3333333333333333,Rihanna,BR,22,m,UK,Female
338,6,0.3562071871080222,Ed Sheeran,BR,22,m,UK,Male
338,3,0.5,Kygo,BR,22,m,NO,Male
583,1,1.0,Ariana Grande,US,20,f,US,Female
583,2,0.6309297535714575,Britney Spears,US,20,f,US,Female
583,3,0.5,Britney Spears,US,20,f,US,Female
583,4,0.43067655807339306,Ariana Grande,US,20,f,US,Female
583,5,0.38685280723454163,Ariana Grande,US,20,f,US,Female
583,6,0.3562071871080222,Britney Spears,US,20,f,US,Female
583,7,0.3333333333333333,Jessie J,US,20,f,UK,Female
583,8,0.31546487678572877,Britney Spears,US,20,f,US,Female
583,10,0.2890648263178879,Avril Lavigne,US,20,f,CA,Female
583,9,0.3010299956639812,Fergie,US,20,f,UK,Male
257,1,1.0,Russian Red,LT,23,m,ES,Female
257,2,0.6309297535714575,Emperor,LT,23,m,UK,Male
257,3,0.5,Venom,LT,23,m,UK,Male
257,4,0.43067655807339306,Venom,LT,23,m,UK,Male
257,5,0.38685280723454163,Tom Waits,LT,23,m,US,Male
257,6,0.3562071871080222,Queen,LT,23,m,JP,Female
257,10,0.2890648263178879,Ihsahn,LT,23,m,NO,Male
257,9,0.3010299956639812,KT Tunstall,LT,23,m,UK,Female
257,8,0.31546487678572877,Marisa Monte,LT,23,m,BR,Female
257,7,0.3333333333333333,Marisa Monte,LT,23,m,BR,Female
220,1,1.0,Marilyn Manson,RU,23,m,US,Male
220,2,0.6309297535714575,Duncan Laurence,RU,23,m,NL,Male
220,3,0.5,Avril Lavigne,RU,23,m,CA,Female
220,4,0.43067655807339306,Bryan Adams,RU,23,m,CA,Male
220,8,0.31546487678572877,Edwyn Collins,RU,23,m,UK,Male
220,10,0.2890648263178879,Björk,RU,23,m,IS,Female
220,9,0.3010299956639812,Ed Sheeran,RU,23,m,UK,Male
220,7,0.3333333333333333,Ozzy Osbourne,RU,23,m,UK,Male
220,6,0.3562071871080222,Jessie J,RU,23,m,UK,Female
220,5,0.38685280723454163,Bob Marley & The Wailers,RU,23,m,JM,Male
903,1,1.0,Charles Aznavour,RU,21,m,FR,Male
903,2,0.6309297535714575,Lil Nas X,RU,21,m,US,Male
903,3,0.5,Joe Dassin,RU,21,m,FR,Male
903,5,0.38685280723454163,Jacques Brel,RU,21,m,BE,Male
903,6,0.3562071871080222,Louis Tomlinson,RU,21,m,UK,Male
903,8,0.31546487678572877,Ed Sheeran,RU,21,m,UK,Male
903,10,0.2890648263178879,Angèle,RU,21,m,BE,Female
903,9,0.3010299956639812,Carpenter Brut,RU,21,m,FR,Male
903,7,0.3333333333333333,Kygo,RU,21,m,NO,Male
903,4,0.43067655807339306,Angèle,RU,21,m,BE,Female
755,1,1.0,Roy Orbison,UA,19,f,US,Male
755,2,0.6309297535714575,Dido,UA,19,f,UK,Female
755,3,0.5,Justin Timberlake,UA,19,f,US,Male
755,4,0.43067655807339306,Robyn,UA,19,f,SE,Female
755,6,0.3562071871080222,Porter Robinson,UA,19,f,US,Male
755,7,0.3333333333333333,Michael Jackson,UA,19,f,US,Male
755,10,0.2890648263178879,Girl In Red,UA,19,f,NO,Female
755,9,0.3010299956639812,Ed Sheeran,UA,19,f,UK,Male
755,8,0.31546487678572877,Syn Cole,UA,19,f,EE,Male
755,5,0.38685280723454163,Dimension,UA,19,f,ES,Male
380,1,1.0,Ariana Grande,NO,21,m,US,Female
380,2,0.6309297535714575,Frank Ocean,NO,21,m,US,Male
380,3,0.5,Travis Scott,NO,21,m,US,Male
380,4,0.43067655807339306,Earl Sweatshirt,NO,21,m,US,Male
380,5,0.38685280723454163,Ariana Grande,NO,21,m,US,Female
380,6,0.3562071871080222,Ariana Grande,NO,21,m,US,Female
380,10,0.2890648263178879,James Blake,NO,21,m,UK,Male
380,9,0.3010299956639812,James Blake,NO,21,m,UK,Male
380,8,0.31546487678572877,Girl In Red,NO,21,m,NO,Female
380,7,0.3333333333333333,Adele,NO,21,m,UK,Female
365,1,1.0,Weyes Blood,PL,24,m,US,Female
365,2,0.6309297535714575,Weyes Blood,PL,24,m,US,Female
365,3,0.5,Weyes Blood,PL,24,m,US,Female
365,4,0.43067655807339306,Jenny Lewis,PL,24,m,US,Female
365,5,0.38685280723454163,Dolly Parton,PL,24,m,US,Female
365,7,0.3333333333333333,Lil Nas X,PL,24,m,US,Male
365,8,0.31546487678572877,Billy Joel,PL,24,m,US,Male
365,9,0.3010299956639812,Björk,PL,24,m,IS,Female
365,10,0.2890648263178879,Britney Spears,PL,24,m,US,Female
365,6,0.3562071871080222,Lush,PL,24,m,FI,Male
576,1,1.0,Vitalic,RU,27,m,FR,Male
576,2,0.6309297535714575,Mr.Kitty,RU,27,m,US,Male
576,3,0.5,Carpenter Brut,RU,27,m,FR,Male
576,5,0.38685280723454163,Noisestorm,RU,27,m,IE,Male
576,6,0.3562071871080222,Dimension,RU,27,m,ES,Male
576,7,0.3333333333333333,Carpenter Brut,RU,27,m,FR,Male
576,8,0.31546487678572877,Klaas,RU,27,m,DE,Male
576,10,0.2890648263178879,Marilyn Manson,RU,27,m,US,Male
576,9,0.3010299956639812,Gary Numan,RU,27,m,UK,Male
576,4,0.43067655807339306,Vitalic,RU,27,m,FR,Male
125,1,1.0,Edwyn Collins,FR,33,m,UK,Male
125,2,0.6309297535714575,Michael Sembello,FR,33,m,US,Male
125,3,0.5,Beck,FR,33,m,DK,Male
125,4,0.43067655807339306,Rod Stewart,FR,33,m,UK,Male
125,5,0.38685280723454163,Lana Del Rey,FR,33,m,US,Female
125,6,0.3562071871080222,Chris Isaak,FR,33,m,US,Male
125,7,0.3333333333333333,Laura Branigan,FR,33,m,US,Female
125,8,0.31546487678572877,Rob Zombie,FR,33,m,US,Male
125,9,0.3010299956639812,Marilyn Manson,FR,33,m,US,Male
125,10,0.2890648263178879,Grimes,FR,33,m,CA,Female
460,1,1.0,Jessie J,US,18,m,UK,Female
460,2,0.6309297535714575,Mariah Carey,US,18,m,US,Female
460,3,0.5,Rihanna,US,18,m,UK,Female
460,4,0.43067655807339306,Avril Lavigne,US,18,m,CA,Female
460,5,0.38685280723454163,Troye Sivan,US,18,m,AU,Male
460,7,0.3333333333333333,Robyn,US,18,m,SE,Female
460,8,0.31546487678572877,Sia,US,18,m,AU,Female
460,9,0.3010299956639812,Fergie,US,18,m,UK,Male
460,10,0.2890648263178879,Rihanna,US,18,m,UK,Female
460,6,0.3562071871080222,Kygo,US,18,m,NO,Male
105,1,1.0,Eagle-Eye Cherry,FI,23,f,SE,Male
105,2,0.6309297535714575,Edwyn Collins,FI,23,f,UK,Male
105,3,0.5,Duncan Laurence,FI,23,f,NL,Male
105,4,0.43067655807339306,Chuck Berry,FI,23,f,US,Male
105,5,0.38685280723454163,Vanessa Carlton,FI,23,f,US,Female
105,6,0.3562071871080222,Britney Spears,FI,23,f,US,Female
105,7,0.3333333333333333,Britney Spears,FI,23,f,US,Female
105,10,0.2890648263178879,Eminem,FI,23,f,US,Male
105,9,0.3010299956639812,Mahmood,FI,23,f,IT,Male
105,8,0.31546487678572877,Bob Marley & The Wailers,FI,23,f,JM,Male
328,1,1.0,Sufjan Stevens,US,22,m,US,Male
328,2,0.6309297535714575,M. Ward,US,22,m,US,Male
328,3,0.5,Frank Ocean,US,22,m,US,Male
328,4,0.43067655807339306,Nick Drake,US,22,m,UK,Male
328,5,0.38685280723454163,Kanye West,US,22,m,US,Male
328,6,0.3562071871080222,Sufjan Stevens,US,22,m,US,Male
328,7,0.3333333333333333,Connan Mockasin,US,22,m,NZ,Male
328,8,0.31546487678572877,Townes Van Zandt,US,22,m,US,Male
328,9,0.3010299956639812,Frank Ocean,US,22,m,US,Male
328,10,0.2890648263178879,Ebo Taylor,US,22,m,GH,Male
160,1,1.0,Skrillex,CZ,36,m,US,Male
160,2,0.6309297535714575,deadmau5,CZ,36,m,CA,Male
160,3,0.5,Porter Robinson,CZ,36,m,US,Male
160,4,0.43067655807339306,Bonobo,CZ,36,m,UK,Male
160,5,0.38685280723454163,Feed Me,CZ,36,m,UK,Male
160,6,0.3562071871080222,Skrillex,CZ,36,m,US,Male
160,7,0.3333333333333333,Wax Tailor,CZ,36,m,FR,Male
160,8,0.31546487678572877,Ken Ashcorp,CZ,36,m,UK,Male
160,9,0.3010299956639812,Porter Robinson,CZ,36,m,US,Male
160,10,0.2890648263178879,Vitalic,CZ,36,m,FR,Male
820,1,1.0,Weyes Blood,PL,15,f,US,Female
820,2,0.6309297535714575,Weyes Blood,PL,15,f,US,Female
820,3,0.5,Laura Branigan,PL,15,f,US,Female
820,4,0.43067655807339306,Lana Del Rey,PL,15,f,US,Female
820,6,0.3562071871080222,Chuck Berry,PL,15,f,US,Male
820,7,0.3333333333333333,Nik Kershaw,PL,15,f,UK,Male
820,8,0.31546487678572877,Tame Impala,PL,15,f,AU,Male
820,9,0.3010299956639812,Rod Stewart,PL,15,f,UK,Male
820,10,0.2890648263178879,Benjamin Francis Leftwich,PL,15,f,UK,Male
820,5,0.38685280723454163,Bob Marley & The Wailers,PL,15,f,JM,Male
100,1,1.0,Amanda Palmer,FI,31,m,US,Female
100,2,0.6309297535714575,Queen,FI,31,m,JP,Female
100,3,0.5,Emperor,FI,31,m,UK,Male
100,4,0.43067655807339306,Queen,FI,31,m,JP,Female
100,5,0.38685280723454163,Queen,FI,31,m,JP,Female
100,6,0.3562071871080222,Emperor,FI,31,m,UK,Male
100,8,0.31546487678572877,Queen,FI,31,m,JP,Female
100,10,0.2890648263178879,KT Tunstall,FI,31,m,UK,Female
100,9,0.3010299956639812,KT Tunstall,FI,31,m,UK,Female
100,7,0.3333333333333333,Ihsahn,FI,31,m,NO,Male
703,1,1.0,Lil Nas X,US,93,f,US,Male
703,2,0.6309297535714575,Britney Spears,US,93,f,US,Female
703,3,0.5,Lana Del Rey,US,93,f,US,Female
703,4,0.43067655807339306,Ozzy Osbourne,US,93,f,UK,Male
703,5,0.38685280723454163,Ed Sheeran,US,93,f,UK,Male
703,8,0.31546487678572877,Ariana Grande,US,93,f,US,Female
703,9,0.3010299956639812,Tom Odell,US,93,f,UK,Male
703,10,0.2890648263178879,Adele,US,93,f,UK,Female
703,7,0.3333333333333333,James Arthur,US,93,f,UK,Male
703,6,0.3562071871080222,Rita Ora,US,93,f,UK,Female
204,1,1.0,Rita Ora,BR,24,m,UK,Female
204,2,0.6309297535714575,Britney Spears,BR,24,m,US,Female
204,3,0.5,Ariana Grande,BR,24,m,US,Female
204,7,0.3333333333333333,Sia,BR,24,m,AU,Female
204,10,0.2890648263178879,Sia,BR,24,m,AU,Female
204,9,0.3010299956639812,Adele,BR,24,m,UK,Female
204,8,0.31546487678572877,Adele,BR,24,m,UK,Female
204,6,0.3562071871080222,Kygo,BR,24,m,NO,Male
204,5,0.38685280723454163,Niall Horan,BR,24,m,IE,Male
204,4,0.43067655807339306,J Balvin,BR,24,m,CO,Male
938,1,1.0,Ariana Grande,SE,21,m,US,Female
938,2,0.6309297535714575,Britney Spears,SE,21,m,US,Female
938,3,0.5,Ariana Grande,SE,21,m,US,Female
938,4,0.43067655807339306,Ariana Grande,SE,21,m,US,Female
938,5,0.38685280723454163,Ariana Grande,SE,21,m,US,Female
938,6,0.3562071871080222,Taylor Swift,SE,21,m,US,Female
938,7,0.3333333333333333,Rihanna,SE,21,m,UK,Female
938,8,0.31546487678572877,Britney Spears,SE,21,m,US,Female
938,10,0.2890648263178879,Rihanna,SE,21,m,UK,Female
938,9,0.3010299956639812,Rita Ora,SE,21,m,UK,Female
639,1,1.0,Snail Mail,UK,30,m,US,Female
639,2,0.6309297535714575,Kurt Vile,UK,30,m,US,Male
639,3,0.5,Oneohtrix Point Never,UK,30,m,US,Male
639,4,0.43067655807339306,Toro y Moi,UK,30,m,US,Male
639,5,0.38685280723454163,Weyes Blood,UK,30,m,US,Female
639,6,0.3562071871080222,Four Tet,UK,30,m,UK,Male
639,7,0.3333333333333333,John Maus,UK,30,m,US,Male
639,8,0.31546487678572877,Aldous Harding,UK,30,m,NZ,Female
639,9,0.3010299956639812,Thom Yorke,UK,30,m,UK,Male
639,10,0.2890648263178879,Sufjan Stevens,UK,30,m,US,Male
899,1,1.0,Ariana Grande,AR,19,m,US,Female
899,2,0.6309297535714575,Ariana Grande,AR,19,m,US,Female
899,3,0.5,Rita Ora,AR,19,m,UK,Female
899,4,0.43067655807339306,Ariana Grande,AR,19,m,US,Female
899,5,0.38685280723454163,Avril Lavigne,AR,19,m,CA,Female
899,9,0.3010299956639812,Adele,AR,19,m,UK,Female
899,10,0.2890648263178879,Troye Sivan,AR,19,m,AU,Male
899,8,0.31546487678572877,Rihanna,AR,19,m,UK,Female
899,7,0.3333333333333333,Adele,AR,19,m,UK,Female
899,6,0.3562071871080222,Fergie,AR,19,m,UK,Male
895,1,1.0,Sia,PL,21,f,AU,Female
895,2,0.6309297535714575,Robyn,PL,21,f,SE,Female
895,3,0.5,Paula Abdul,PL,21,f,US,Female
895,4,0.43067655807339306,Miley Cyrus,PL,21,f,US,Non-binary
895,6,0.3562071871080222,Bryan Adams,PL,21,f,CA,Male
895,10,0.2890648263178879,Adele,PL,21,f,UK,Female
895,9,0.3010299956639812,Adele,PL,21,f,UK,Female
895,8,0.31546487678572877,Sia,PL,21,f,AU,Female
895,7,0.3333333333333333,Fergie,PL,21,f,UK,Male
895,5,0.38685280723454163,Niall Horan,PL,21,f,IE,Male
595,1,1.0,Marilyn Manson,UA,19,m,US,Male
595,2,0.6309297535714575,Rob Zombie,UA,19,m,US,Male
595,3,0.5,AFI,UA,19,m,US,Female
595,4,0.43067655807339306,Blue Stahli,UA,19,m,US,Male
595,5,0.38685280723454163,Marilyn Manson,UA,19,m,US,Male
595,6,0.3562071871080222,Ozzy Osbourne,UA,19,m,UK,Male
595,8,0.31546487678572877,Serj Tankian,UA,19,m,US,Male
595,10,0.2890648263178879,Richard Ashcroft,UA,19,m,UK,Male
595,9,0.3010299956639812,Ozzy Osbourne,UA,19,m,UK,Male
595,7,0.3333333333333333,Vitalic,UA,19,m,FR,Male
45,1,1.0,Avril Lavigne,DE,34,m,CA,Female
45,2,0.6309297535714575,Marilyn Manson,DE,34,m,US,Male
45,3,0.5,Avril Lavigne,DE,34,m,CA,Female
45,4,0.43067655807339306,Sia,DE,34,m,AU,Female
45,6,0.3562071871080222,Iyeoka,DE,34,m,US,Female
45,7,0.3333333333333333,Sia,DE,34,m,AU,Female
45,8,0.31546487678572877,Melanie C,DE,34,m,UK,Female
45,9,0.3010299956639812,Sia,DE,34,m,AU,Female
45,10,0.2890648263178879,Lost Frequencies,DE,34,m,BE,Male
45,5,0.38685280723454163,Lost Frequencies,DE,34,m,BE,Male
422,1,1.0,Rihanna,NL,22,f,UK,Female
422,2,0.6309297535714575,Ariana Grande,NL,22,f,US,Female
422,3,0.5,Madonna,NL,22,f,US,Female
422,5,0.38685280723454163,Rihanna,NL,22,f,UK,Female
422,6,0.3562071871080222,Girl In Red,NL,22,f,NO,Female
422,7,0.3333333333333333,Sia,NL,22,f,AU,Female
422,8,0.31546487678572877,Madonna,NL,22,f,US,Female
422,10,0.2890648263178879,Adele,NL,22,f,UK,Female
422,9,0.3010299956639812,Jessie J,NL,22,f,UK,Female
422,4,0.43067655807339306,Steve Winwood,NL,22,f,UK,Male
554,1,1.0,Aesop Rock,US,20,m,US,Male
554,2,0.6309297535714575,Aesop Rock,US,20,m,US,Male
554,3,0.5,J. Cole,US,20,m,US,Male
554,4,0.43067655807339306,J. Cole,US,20,m,US,Male
554,5,0.38685280723454163,Aesop Rock,US,20,m,US,Male
554,6,0.3562071871080222,J. Cole,US,20,m,US,Male
554,7,0.3333333333333333,Watsky,US,20,m,US,Male
554,8,0.31546487678572877,Blue Stahli,US,20,m,US,Male
554,9,0.3010299956639812,Barbelle,US,20,m,SE,Male
554,10,0.2890648263178879,Emperor,US,20,m,UK,Male
892,1,1.0,Beck,SE,22,m,DK,Male
892,9,0.3010299956639812,Mahmood,SE,22,m,IT,Male
892,10,0.2890648263178879,Arca,SE,22,m,VE,Non-binary
892,8,0.31546487678572877,Seal,SE,22,m,UK,Male
892,7,0.3333333333333333,Thom Yorke,SE,22,m,UK,Male
892,6,0.3562071871080222,Edwyn Collins,SE,22,m,UK,Male
892,5,0.38685280723454163,Steve Winwood,SE,22,m,UK,Male
892,4,0.43067655807339306,Nik Kershaw,SE,22,m,UK,Male
892,3,0.5,Bob Marley & The Wailers,SE,22,m,JM,Male
892,2,0.6309297535714575,Bob Marley & The Wailers,SE,22,m,JM,Male
702,1,1.0,Bryan Adams,RU,38,m,CA,Male
702,2,0.6309297535714575,Eagle-Eye Cherry,RU,38,m,SE,Male
702,5,0.38685280723454163,Haddaway,RU,38,m,DE,Male
702,6,0.3562071871080222,Beck,RU,38,m,DK,Male
702,7,0.3333333333333333,Corinne Bailey Rae,RU,38,m,UK,Female
702,8,0.31546487678572877,Ed Sheeran,RU,38,m,UK,Male
702,10,0.2890648263178879,Ed Sheeran,RU,38,m,UK,Male
702,9,0.3010299956639812,George Ezra,RU,38,m,UK,Male
702,4,0.43067655807339306,Adele,RU,38,m,UK,Female
702,3,0.5,Adele,RU,38,m,UK,Female
662,1,1.0,Britney Spears,NL,29,f,US,Female
662,2,0.6309297535714575,Bryan Adams,NL,29,f,CA,Male
662,3,0.5,Britney Spears,NL,29,f,US,Female
662,4,0.43067655807339306,Billy Joel,NL,29,f,US,Male
662,5,0.38685280723454163,Marilyn Manson,NL,29,f,US,Male
662,7,0.3333333333333333,Dolly Parton,NL,29,f,US,Female
662,10,0.2890648263178879,Steve Winwood,NL,29,f,UK,Male
662,9,0.3010299956639812,Bob Marley & The Wailers,NL,29,f,JM,Male
662,8,0.31546487678572877,Corinne Bailey Rae,NL,29,f,UK,Female
662,6,0.3562071871080222,Jessie J,NL,29,f,UK,Female
235,1,1.0,Toro y Moi,DE,23,m,US,Male
235,2,0.6309297535714575,Toro y Moi,DE,23,m,US,Male
235,3,0.5,Tame Impala,DE,23,m,AU,Male
235,4,0.43067655807339306,Alexander Rybak,DE,23,m,NO,Male
235,6,0.3562071871080222,Édith Piaf,DE,23,m,FR,Female
235,7,0.3333333333333333,Daniel Avery,DE,23,m,UK,Male
235,8,0.31546487678572877,jerkcurb,DE,23,m,UK,Male
235,9,0.3010299956639812,Ben Howard,DE,23,m,UK,Male
235,10,0.2890648263178879,Srbuk,DE,23,m,AM,Female
235,5,0.38685280723454163,Bob Marley & The Wailers,DE,23,m,JM,Male
172,1,1.0,Snail Mail,US,19,m,US,Female
172,2,0.6309297535714575,Kurt Vile,US,19,m,US,Male
172,3,0.5,Julia Holter,US,19,m,US,Female
172,4,0.43067655807339306,Jessica Pratt,US,19,m,US,Female
172,5,0.38685280723454163,Waxahatchee,US,19,m,US,Female
172,6,0.3562071871080222,Thom Yorke,US,19,m,UK,Male
172,7,0.3333333333333333,Aldous Harding,US,19,m,NZ,Female
172,8,0.31546487678572877,Soccer Mommy,US,19,m,US,Female
172,9,0.3010299956639812,Grouper,US,19,m,US,Female
172,10,0.2890648263178879,Jessica Pratt,US,19,m,US,Female
585,1,1.0,Ariana Grande,PT,21,f,US,Female
585,2,0.6309297535714575,Britney Spears,PT,21,f,US,Female
585,3,0.5,Ariana Grande,PT,21,f,US,Female
585,4,0.43067655807339306,Ariana Grande,PT,21,f,US,Female
585,5,0.38685280723454163,Jessie J,PT,21,f,UK,Female
585,6,0.3562071871080222,Beyoncé,PT,21,f,US,Female
585,7,0.3333333333333333,Britney Spears,PT,21,f,US,Female
585,10,0.2890648263178879,J Balvin,PT,21,f,CO,Male
585,9,0.3010299956639812,Fergie,PT,21,f,UK,Male
585,8,0.31546487678572877,Rihanna,PT,21,f,UK,Female
264,1,1.0,Haddaway,CZ,23,m,DE,Male
264,2,0.6309297535714575,Beck,CZ,23,m,DK,Male
264,3,0.5,Chuck Berry,CZ,23,m,US,Male
264,4,0.43067655807339306,Eagle-Eye Cherry,CZ,23,m,SE,Male
264,5,0.38685280723454163,Seal,CZ,23,m,UK,Male
264,6,0.3562071871080222,Billy Joel,CZ,23,m,US,Male
264,7,0.3333333333333333,Mahmood,CZ,23,m,IT,Male
264,8,0.31546487678572877,Laura Branigan,CZ,23,m,US,Female
264,10,0.2890648263178879,Björk,CZ,23,m,IS,Female
264,9,0.3010299956639812,Grimes,CZ,23,m,CA,Female
374,1,1.0,Queen,UA,24,f,JP,Female
374,2,0.6309297535714575,Marilyn Manson,UA,24,f,US,Male
374,3,0.5,Ozzy Osbourne,UA,24,f,UK,Male
374,4,0.43067655807339306,Marilyn Manson,UA,24,f,US,Male
374,5,0.38685280723454163,Blue Stahli,UA,24,f,US,Male
374,7,0.3333333333333333,Ozzy Osbourne,UA,24,f,UK,Male
374,9,0.3010299956639812,Marilyn Manson,UA,24,f,US,Male
374,10,0.2890648263178879,Ry x,UA,24,f,AU,Male
374,8,0.31546487678572877,Dimension,UA,24,f,ES,Male
374,6,0.3562071871080222,Ozzy Osbourne,UA,24,f,UK,Male
196,1,1.0,Kanye West,MX,25,m,US,Male
196,2,0.6309297535714575,AFI,MX,25,m,US,Female
196,3,0.5,Kylie Minogue,MX,25,m,AU,Female
196,10,0.2890648263178879,Björk,MX,25,m,IS,Female
196,9,0.3010299956639812,Mylène Farmer,MX,25,m,FR,Female
196,8,0.31546487678572877,James Blake,MX,25,m,UK,Male
196,7,0.3333333333333333,Mahmood,MX,25,m,IT,Male
196,6,0.3562071871080222,David Bowie,MX,25,m,UK,Male
196,5,0.38685280723454163,Édith Piaf,MX,25,m,FR,Female
196,4,0.43067655807339306,Ester Peony,MX,25,m,RO,Female
207,1,1.0,Lil Nas X,BE,38,m,US,Male
207,2,0.6309297535714575,Gregory Alan Isakov,BE,38,m,US,Male
207,3,0.5,Adele,BE,38,m,UK,Female
207,4,0.43067655807339306,Ariana Grande,BE,38,m,US,Female
207,5,0.38685280723454163,Adele,BE,38,m,UK,Female
207,6,0.3562071871080222,James Blake,BE,38,m,UK,Male
207,7,0.3333333333333333,James Blake,BE,38,m,UK,Male
207,8,0.31546487678572877,Ed Sheeran,BE,38,m,UK,Male
207,10,0.2890648263178879,Adele,BE,38,m,UK,Female
207,9,0.3010299956639812,Justin Bieber,BE,38,m,CA,Male
809,1,1.0,Jessie J,US,15,f,UK,Female
809,2,0.6309297535714575,Britney Spears,US,15,f,US,Female
809,3,0.5,Ice Cube,US,15,f,US,Male
809,4,0.43067655807339306,Lil Nas X,US,15,f,US,Male
809,5,0.38685280723454163,Britney Spears,US,15,f,US,Female
809,7,0.3333333333333333,Bob Marley & The Wailers,US,15,f,JM,Male
809,8,0.31546487678572877,Björk,US,15,f,IS,Female
809,10,0.2890648263178879,Bob Marley & The Wailers,US,15,f,JM,Male
809,9,0.3010299956639812,Rod Stewart,US,15,f,UK,Male
809,6,0.3562071871080222,Bob Marley & The Wailers,US,15,f,JM,Male
362,1,1.0,Beck,NL,26,m,DK,Male
362,2,0.6309297535714575,Billy Joel,NL,26,m,US,Male
362,3,0.5,Chuck Berry,NL,26,m,US,Male
362,4,0.43067655807339306,Tame Impala,NL,26,m,AU,Male
362,5,0.38685280723454163,Avril Lavigne,NL,26,m,CA,Female
362,6,0.3562071871080222,Roy Orbison,NL,26,m,US,Male
362,10,0.2890648263178879,Corinne Bailey Rae,NL,26,m,UK,Female
362,9,0.3010299956639812,George Ezra,NL,26,m,UK,Male
362,8,0.31546487678572877,Bob Marley & The Wailers,NL,26,m,JM,Male
362,7,0.3333333333333333,Ed Sheeran,NL,26,m,UK,Male
535,1,1.0,Lana Del Rey,RU,26,m,US,Female
535,2,0.6309297535714575,Marilyn Manson,RU,26,m,US,Male
535,3,0.5,Britney Spears,RU,26,m,US,Female
535,4,0.43067655807339306,Beck,RU,26,m,DK,Male
535,5,0.38685280723454163,Britney Spears,RU,26,m,US,Female
535,7,0.3333333333333333,Lana Del Rey,RU,26,m,US,Female
535,8,0.31546487678572877,Björk,RU,26,m,IS,Female
535,10,0.2890648263178879,Adele,RU,26,m,UK,Female
535,9,0.3010299956639812,Ed Sheeran,RU,26,m,UK,Male
535,6,0.3562071871080222,Eric Clapton,RU,26,m,UK,Male
615,1,1.0,Johnny Winter,CA,51,m,US,Male
615,2,0.6309297535714575,Jimi Hendrix,CA,51,m,US,Male
615,3,0.5,Isaac Hayes,CA,51,m,US,Male
615,5,0.38685280723454163,Steven Price,CA,51,m,UK,Male
615,6,0.3562071871080222,Roy Orbison,CA,51,m,US,Male
615,7,0.3333333333333333,Jimi Hendrix,CA,51,m,US,Male
615,9,0.3010299956639812,Howard Shore,CA,51,m,CA,Male
615,10,0.2890648263178879,Zaz,CA,51,m,FR,Female
615,8,0.31546487678572877,Astrud Gilberto,CA,51,m,BR,Female
615,4,0.43067655807339306,Édith Piaf,CA,51,m,FR,Female
271,1,1.0,James Arthur,BE,38,m,UK,Male
271,2,0.6309297535714575,Louis Tomlinson,BE,38,m,UK,Male
271,4,0.43067655807339306,Bryan Adams,BE,38,m,CA,Male
271,6,0.3562071871080222,Rihanna,BE,38,m,UK,Female
271,8,0.31546487678572877,Lana Del Rey,BE,38,m,US,Female
271,9,0.3010299956639812,Édith Piaf,BE,38,m,FR,Female
271,10,0.2890648263178879,Corinne Bailey Rae,BE,38,m,UK,Female
271,7,0.3333333333333333,Jessie J,BE,38,m,UK,Female
271,5,0.38685280723454163,Wax Tailor,BE,38,m,FR,Male
271,3,0.5,Bob Marley & The Wailers,BE,38,m,JM,Male
603,1,1.0,Shawn Mendes,UK,19,f,CA,Male
603,2,0.6309297535714575,Ed Sheeran,UK,19,f,UK,Male
603,3,0.5,James Arthur,UK,19,f,UK,Male
603,4,0.43067655807339306,Bryan Adams,UK,19,f,CA,Male
603,5,0.38685280723454163,Ariana Grande,UK,19,f,US,Female
603,6,0.3562071871080222,Sia,UK,19,f,AU,Female
603,7,0.3333333333333333,Louis Tomlinson,UK,19,f,UK,Male
603,8,0.31546487678572877,Adele,UK,19,f,UK,Female
603,9,0.3010299956639812,Justin Bieber,UK,19,f,CA,Male
603,10,0.2890648263178879,Sia,UK,19,f,AU,Female
802,1,1.0,Rita Ora,BR,20,m,UK,Female
802,2,0.6309297535714575,Kylie Minogue,BR,20,m,AU,Female
802,3,0.5,Robyn,BR,20,m,SE,Female
802,4,0.43067655807339306,Roberta Flack,BR,20,m,US,Female
802,5,0.38685280723454163,Taylor Swift,BR,20,m,US,Female
802,6,0.3562071871080222,Taylor Swift,BR,20,m,US,Female
802,8,0.31546487678572877,J Balvin,BR,20,m,CO,Male
802,10,0.2890648263178879,Rihanna,BR,20,m,UK,Female
802,9,0.3010299956639812,Pedro Sampaio,BR,20,m,BR,Male
802,7,0.3333333333333333,Rihanna,BR,20,m,UK,Female
932,1,1.0,James Blake,CA,17,m,UK,Male
932,2,0.6309297535714575,James Blake,CA,17,m,UK,Male
932,3,0.5,Father John Misty,CA,17,m,US,Male
932,4,0.43067655807339306,Eminem,CA,17,m,US,Male
932,6,0.3562071871080222,Earl Sweatshirt,CA,17,m,US,Male
932,7,0.3333333333333333,Nas,CA,17,m,US,Male
932,10,0.2890648263178879,Grimes,CA,17,m,CA,Female
932,9,0.3010299956639812,Tame Impala,CA,17,m,AU,Male
932,8,0.31546487678572877,Rihanna,CA,17,m,UK,Female
932,5,0.38685280723454163,Rejjie Snow,CA,17,m,IE,Male
169,1,1.0,Grouper,SE,24,m,US,Female
169,2,0.6309297535714575,Emma Ruth Rundle,SE,24,m,US,Female
169,3,0.5,Grouper,SE,24,m,US,Female
169,4,0.43067655807339306,Toro y Moi,SE,24,m,US,Male
169,5,0.38685280723454163,Marissa Nadler,SE,24,m,US,Female
169,6,0.3562071871080222,Tycho,SE,24,m,US,Male
169,7,0.3333333333333333,Weyes Blood,SE,24,m,US,Female
169,10,0.2890648263178879,Ghost,SE,24,m,UK,Male
169,9,0.3010299956639812,Four Tet,SE,24,m,UK,Male
169,8,0.31546487678572877,Arca,SE,24,m,VE,Non-binary
519,1,1.0,Britney Spears,US,22,m,US,Female
519,2,0.6309297535714575,Beck,US,22,m,DK,Male
519,3,0.5,Britney Spears,US,22,m,US,Female
519,4,0.43067655807339306,Marilyn Manson,US,22,m,US,Male
519,5,0.38685280723454163,Jessie J,US,22,m,UK,Female
519,6,0.3562071871080222,Björk,US,22,m,IS,Female
519,7,0.3333333333333333,Sia,US,22,m,AU,Female
519,8,0.31546487678572877,Rod Stewart,US,22,m,UK,Male
519,9,0.3010299956639812,Seal,US,22,m,UK,Male
519,10,0.2890648263178879,Ghost,US,22,m,UK,Male
747,1,1.0,Bryan Adams,BR,20,f,CA,Male
747,2,0.6309297535714575,Haddaway,BR,20,f,DE,Male
747,3,0.5,Jennifer Paige,BR,20,f,US,Female
747,5,0.38685280723454163,Ariana Grande,BR,20,f,US,Female
747,6,0.3562071871080222,Taylor Swift,BR,20,f,US,Female
747,8,0.31546487678572877,Grimes,BR,20,f,CA,Female
747,9,0.3010299956639812,Seal,BR,20,f,UK,Male
747,10,0.2890648263178879,Rihanna,BR,20,f,UK,Female
747,7,0.3333333333333333,Louis Tomlinson,BR,20,f,UK,Male
747,4,0.43067655807339306,Steve Winwood,BR,20,f,UK,Male
183,1,1.0,Snail Mail,US,25,m,US,Female
183,2,0.6309297535714575,Jessica Pratt,US,25,m,US,Female
183,3,0.5,Scott Walker,US,25,m,UK,Male
183,4,0.43067655807339306,John Maus,US,25,m,US,Male
183,5,0.38685280723454163,Lana Del Rey,US,25,m,US,Female
183,6,0.3562071871080222,Princess Chelsea,US,25,m,NZ,Female
183,10,0.2890648263178879,Ben Howard,US,25,m,UK,Male
183,9,0.3010299956639812,Grimes,US,25,m,CA,Female
183,8,0.31546487678572877,Kate Bush,US,25,m,UK,Female
183,7,0.3333333333333333,Scott Walker,US,25,m,UK,Male
440,1,1.0,Angèle,FR,23,m,BE,Female
440,2,0.6309297535714575,John Lennon,FR,23,m,UK,Male
440,3,0.5,PJ Harvey,FR,23,m,UK,Female
440,4,0.43067655807339306,Orelsan,FR,23,m,FR,Male
440,5,0.38685280723454163,Orelsan,FR,23,m,FR,Male
440,6,0.3562071871080222,April March,FR,23,m,US,Female
440,7,0.3333333333333333,PJ Harvey,FR,23,m,UK,Female
440,8,0.31546487678572877,Édith Piaf,FR,23,m,FR,Female
440,9,0.3010299956639812,Lil Nas X,FR,23,m,US,Male
440,10,0.2890648263178879,Lush,FR,23,m,FI,Male
453,1,1.0,Madonna,BG,19,m,US,Female
453,2,0.6309297535714575,Travis Scott,BG,19,m,US,Male
453,3,0.5,Carpenter Brut,BG,19,m,FR,Male
453,5,0.38685280723454163,Dolly Parton,BG,19,m,US,Female
453,6,0.3562071871080222,Kacey Musgraves,BG,19,m,US,Female
453,10,0.2890648263178879,Jorge Ben,BG,19,m,BR,Male
453,9,0.3010299956639812,Caetano Veloso,BG,19,m,BR,Male
453,8,0.31546487678572877,J Balvin,BG,19,m,CO,Male
453,7,0.3333333333333333,Rihanna,BG,19,m,UK,Female
453,4,0.43067655807339306,Carpenter Brut,BG,19,m,FR,Male
739,1,1.0,Eagle-Eye Cherry,SE,23,f,SE,Male
739,2,0.6309297535714575,Billy Joel,SE,23,f,US,Male
739,3,0.5,Roy Orbison,SE,23,f,US,Male
739,5,0.38685280723454163,Bryan Adams,SE,23,f,CA,Male
739,6,0.3562071871080222,Britney Spears,SE,23,f,US,Female
739,7,0.3333333333333333,John Mayer,SE,23,f,IN,Male
739,8,0.31546487678572877,Ed Sheeran,SE,23,f,UK,Male
739,10,0.2890648263178879,Eric Clapton,SE,23,f,UK,Male
739,9,0.3010299956639812,Corinne Bailey Rae,SE,23,f,UK,Female
739,4,0.43067655807339306,Niall Horan,SE,23,f,IE,Male
649,1,1.0,Bryan Adams,RU,17,f,CA,Male
649,2,0.6309297535714575,Laura Branigan,RU,17,f,US,Female
649,3,0.5,Haddaway,RU,17,f,DE,Male
649,4,0.43067655807339306,Eagle-Eye Cherry,RU,17,f,SE,Male
649,5,0.38685280723454163,Billy Joel,RU,17,f,US,Male
649,6,0.3562071871080222,Chuck Berry,RU,17,f,US,Male
649,7,0.3333333333333333,Seal,RU,17,f,UK,Male
649,8,0.31546487678572877,Beck,RU,17,f,DK,Male
649,10,0.2890648263178879,Avril Lavigne,RU,17,f,CA,Female
649,9,0.3010299956639812,George Ezra,RU,17,f,UK,Male
641,1,1.0,Leonard Cohen,BG,20,m,CA,Male
641,2,0.6309297535714575,Aldous Harding,BG,20,m,NZ,Female
641,3,0.5,Chelsea Wolfe,BG,20,m,US,Female
641,4,0.43067655807339306,Weyes Blood,BG,20,m,US,Female
641,6,0.3562071871080222,Laura Marling,BG,20,m,UK,Female
641,7,0.3333333333333333,Jeff Buckley,BG,20,m,US,Male
641,10,0.2890648263178879,Kate Bush,BG,20,m,UK,Female
641,9,0.3010299956639812,Tame Impala,BG,20,m,AU,Male
641,8,0.31546487678572877,David Bowie,BG,20,m,UK,Male
641,5,0.38685280723454163,PJ Harvey,BG,20,m,UK,Female
690,1,1.0,Red,PL,20,m,PL,Male
690,2,0.6309297535714575,Britney Spears,PL,20,m,US,Female
690,3,0.5,Perturbator,PL,20,m,FR,Male
690,4,0.43067655807339306,Queen,PL,20,m,JP,Female
690,5,0.38685280723454163,Britney Spears,PL,20,m,US,Female
690,6,0.3562071871080222,Haddaway,PL,20,m,DE,Male
690,7,0.3333333333333333,Björk,PL,20,m,IS,Female
690,8,0.31546487678572877,Blue Stahli,PL,20,m,US,Male
690,10,0.2890648263178879,Sia,PL,20,m,AU,Female
690,9,0.3010299956639812,Ozzy Osbourne,PL,20,m,UK,Male
596,1,1.0,Christine and the Queens,PL,18,f,FR,Male
596,2,0.6309297535714575,Christine and the Queens,PL,18,f,FR,Male
596,3,0.5,Ken Ashcorp,PL,18,f,UK,Male
596,4,0.43067655807339306,Rome,PL,18,f,IL,Male
596,7,0.3333333333333333,Saint Saviour,PL,18,f,UK,Female
596,10,0.2890648263178879,Elis Regina,PL,18,f,BR,Female
596,9,0.3010299956639812,Rome,PL,18,f,IL,Male
596,8,0.31546487678572877,edIT,PL,18,f,UK,Male
596,6,0.3562071871080222,Matt Monro,PL,18,f,UK,Male
596,5,0.38685280723454163,Timmy Trumpet,PL,18,f,AU,Male
657,1,1.0,Lil Nas X,EE,21,m,US,Male
657,2,0.6309297535714575,Adele,EE,21,m,UK,Female
657,3,0.5,Billy Joel,EE,21,m,US,Male
657,4,0.43067655807339306,Robyn,EE,21,m,SE,Female
657,5,0.38685280723454163,Eagle-Eye Cherry,EE,21,m,SE,Male
657,9,0.3010299956639812,Bryan Adams,EE,21,m,CA,Male
657,10,0.2890648263178879,Avril Lavigne,EE,21,m,CA,Female
657,8,0.31546487678572877,James Blake,EE,21,m,UK,Male
657,7,0.3333333333333333,Rihanna,EE,21,m,UK,Female
657,6,0.3562071871080222,Jessie J,EE,21,m,UK,Female
351,1,1.0,Marilyn Manson,NO,21,m,US,Male
351,2,0.6309297535714575,Blue Stahli,NO,21,m,US,Male
351,3,0.5,DJ Shadow,NO,21,m,US,Male
351,4,0.43067655807339306,Lazerhawk,NO,21,m,US,Male
351,5,0.38685280723454163,Beck,NO,21,m,DK,Male
351,6,0.3562071871080222,Red,NO,21,m,PL,Male
351,7,0.3333333333333333,Mr.Kitty,NO,21,m,US,Male
351,8,0.31546487678572877,Lisa Miskovsky,NO,21,m,SE,Female
351,10,0.2890648263178879,Perturbator,NO,21,m,FR,Male
351,9,0.3010299956639812,Vitalic,NO,21,m,FR,Male
504,1,1.0,Weyes Blood,NL,57,m,US,Female
504,2,0.6309297535714575,Björk,NL,57,m,IS,Female
504,3,0.5,Weyes Blood,NL,57,m,US,Female
504,4,0.43067655807339306,Weyes Blood,NL,57,m,US,Female
504,5,0.38685280723454163,Aimee Mann,NL,57,m,US,Female
504,6,0.3562071871080222,Jenny Lewis,NL,57,m,US,Female
504,7,0.3333333333333333,Dolly Parton,NL,57,m,US,Female
504,10,0.2890648263178879,Bat for Lashes,NL,57,m,UK,Female
504,9,0.3010299956639812,Lush,NL,57,m,FI,Male
504,8,0.31546487678572877,Lush,NL,57,m,FI,Male
162,1,1.0,Aldous Harding,NL,39,m,NZ,Female
162,2,0.6309297535714575,James Blake,NL,39,m,UK,Male
162,3,0.5,James Blake,NL,39,m,UK,Male
162,4,0.43067655807339306,Billy Joel,NL,39,m,US,Male
162,5,0.38685280723454163,Lil Nas X,NL,39,m,US,Male
162,6,0.3562071871080222,Adele,NL,39,m,UK,Female
162,10,0.2890648263178879,PJ Harvey,NL,39,m,UK,Female
162,9,0.3010299956639812,PJ Harvey,NL,39,m,UK,Female
162,8,0.31546487678572877,Bryan Adams,NL,39,m,CA,Male
162,7,0.3333333333333333,Tame Impala,NL,39,m,AU,Male
498,1,1.0,Ariana Grande,US,17,m,US,Female
498,2,0.6309297535714575,Britney Spears,US,17,m,US,Female
498,3,0.5,Britney Spears,US,17,m,US,Female
498,4,0.43067655807339306,Rita Ora,US,17,m,UK,Female
498,5,0.38685280723454163,Taylor Swift,US,17,m,US,Female
498,6,0.3562071871080222,Ariana Grande,US,17,m,US,Female
498,8,0.31546487678572877,Ozzy Osbourne,US,17,m,UK,Male
498,10,0.2890648263178879,Adele,US,17,m,UK,Female
498,9,0.3010299956639812,Cher Lloyd,US,17,m,UK,Female
498,7,0.3333333333333333,Ed Sheeran,US,17,m,UK,Male
56,1,1.0,Gregory Alan Isakov,US,26,m,US,Male
56,2,0.6309297535714575,Travis Scott,US,26,m,US,Male
56,3,0.5,Joe Goddard,US,26,m,UK,Male
56,8,0.31546487678572877,Bob Marley & The Wailers,US,26,m,JM,Male
56,9,0.3010299956639812,Ben Howard,US,26,m,UK,Male
56,10,0.2890648263178879,Bryan Adams,US,26,m,CA,Male
56,7,0.3333333333333333,Eric Clapton,US,26,m,UK,Male
56,6,0.3562071871080222,Hozier,US,26,m,IE,Male
56,5,0.38685280723454163,Four Tet,US,26,m,UK,Male
56,4,0.43067655807339306,Adele,US,26,m,UK,Female
539,1,1.0,Serj Tankian,UZ,20,m,US,Male
539,2,0.6309297535714575,Ozzy Osbourne,UZ,20,m,UK,Male
539,3,0.5,Ozzy Osbourne,UZ,20,m,UK,Male
539,4,0.43067655807339306,Rob Zombie,UZ,20,m,US,Male
539,5,0.38685280723454163,Mayhem,UZ,20,m,CA,Female
539,6,0.3562071871080222,Moby,UZ,20,m,US,Male
539,7,0.3333333333333333,Red,UZ,20,m,PL,Male
539,10,0.2890648263178879,Raul Seixas,UZ,20,m,BR,Male
539,9,0.3010299956639812,Cássia Eller,UZ,20,m,BR,Female
539,8,0.31546487678572877,Raul Seixas,UZ,20,m,BR,Male
724,1,1.0,Neneh Cherry,CL,32,m,SE,Female
724,2,0.6309297535714575,Steve Winwood,CL,32,m,UK,Male
724,3,0.5,Pat Benatar,CL,32,m,US,Female
724,4,0.43067655807339306,Jennifer Paige,CL,32,m,US,Female
724,5,0.38685280723454163,Dennis Lloyd,CL,32,m,IL,Male
724,6,0.3562071871080222,Jess Glynne,CL,32,m,UK,Female
724,8,0.31546487678572877,Mark Morrison,CL,32,m,UK,Male
724,9,0.3010299956639812,George Ezra,CL,32,m,UK,Male
724,10,0.2890648263178879,Seal,CL,32,m,UK,Male
724,7,0.3333333333333333,Annie Lennox,CL,32,m,UK,Female
864,1,1.0,Chelsea Wolfe,IT,23,f,US,Female
864,2,0.6309297535714575,Tame Impala,IT,23,f,AU,Male
864,3,0.5,Princess Chelsea,IT,23,f,NZ,Female
864,4,0.43067655807339306,Emma Ruth Rundle,IT,23,f,US,Female
864,5,0.38685280723454163,Chelsea Wolfe,IT,23,f,US,Female
864,6,0.3562071871080222,IAMX,IT,23,f,DE,Male
864,7,0.3333333333333333,PJ Harvey,IT,23,f,UK,Female
864,8,0.31546487678572877,Lana Del Rey,IT,23,f,US,Female
864,9,0.3010299956639812,Chelsea Wolfe,IT,23,f,US,Female
864,10,0.2890648263178879,Copeland,IT,23,f,UK,Female
364,1,1.0,Eagle-Eye Cherry,ID,27,m,SE,Male
364,2,0.6309297535714575,George Ezra,ID,27,m,UK,Male
364,3,0.5,Britney Spears,ID,27,m,US,Female
364,7,0.3333333333333333,Adele,ID,27,m,UK,Female
364,10,0.2890648263178879,Justin Bieber,ID,27,m,CA,Male
364,9,0.3010299956639812,Louis Tomlinson,ID,27,m,UK,Male
364,8,0.31546487678572877,Avril Lavigne,ID,27,m,CA,Female
364,6,0.3562071871080222,Eric Clapton,ID,27,m,UK,Male
364,5,0.38685280723454163,Adele,ID,27,m,UK,Female
364,4,0.43067655807339306,Niall Horan,ID,27,m,IE,Male
718,1,1.0,Duncan Sheik,US,20,m,US,Male
718,2,0.6309297535714575,Billie Holiday,US,20,m,US,Female
718,3,0.5,Billie Holiday,US,20,m,US,Female
718,4,0.43067655807339306,Billie Holiday,US,20,m,US,Female
718,5,0.38685280723454163,Benjamin Francis Leftwich,US,20,m,UK,Male
718,6,0.3562071871080222,Billie Holiday,US,20,m,US,Female
718,7,0.3333333333333333,Tash Sultana,US,20,m,AU,Other
718,8,0.31546487678572877,Imogen Heap,US,20,m,UK,Female
718,10,0.2890648263178879,Corinne Bailey Rae,US,20,m,UK,Female
718,9,0.3010299956639812,Imogen Heap,US,20,m,UK,Female
286,1,1.0,Carpenter Brut,AU,21,m,FR,Male
286,2,0.6309297535714575,Ariana Grande,AU,21,m,US,Female
286,4,0.43067655807339306,Travis Scott,AU,21,m,US,Male
286,5,0.38685280723454163,Celldweller,AU,21,m,US,Male
286,10,0.2890648263178879,Ed Sheeran,AU,21,m,UK,Male
286,9,0.3010299956639812,Adele,AU,21,m,UK,Female
286,8,0.31546487678572877,James Blake,AU,21,m,UK,Male
286,7,0.3333333333333333,Adele,AU,21,m,UK,Female
286,6,0.3562071871080222,George Ezra,AU,21,m,UK,Male
286,3,0.5,Mika,AU,21,m,BA,Male
481,1,1.0,Queen,NO,39,m,JP,Female
481,2,0.6309297535714575,Britney Spears,NO,39,m,US,Female
481,3,0.5,Ariana Grande,NO,39,m,US,Female
481,4,0.43067655807339306,Marilyn Manson,NO,39,m,US,Male
481,5,0.38685280723454163,Britney Spears,NO,39,m,US,Female
481,6,0.3562071871080222,Ariana Grande,NO,39,m,US,Female
481,7,0.3333333333333333,Ariana Grande,NO,39,m,US,Female
481,10,0.2890648263178879,Jessie J,NO,39,m,UK,Female
481,9,0.3010299956639812,Adele,NO,39,m,UK,Female
481,8,0.31546487678572877,Sia,NO,39,m,AU,Female
324,1,1.0,Bryan Adams,AQ,27,f,CA,Male
324,2,0.6309297535714575,Haddaway,AQ,27,f,DE,Male
324,3,0.5,Chuck Berry,AQ,27,f,US,Male
324,4,0.43067655807339306,AFI,AQ,27,f,US,Female
324,5,0.38685280723454163,Billy Joel,AQ,27,f,US,Male
324,6,0.3562071871080222,Billy Joel,AQ,27,f,US,Male
324,10,0.2890648263178879,Edwyn Collins,AQ,27,f,UK,Male
324,9,0.3010299956639812,Eric Clapton,AQ,27,f,UK,Male
324,8,0.31546487678572877,Bob Marley & The Wailers,AQ,27,f,JM,Male
324,7,0.3333333333333333,Bob Marley & The Wailers,AQ,27,f,JM,Male
920,1,1.0,Blue Stahli,EE,19,m,US,Male
920,2,0.6309297535714575,Red,EE,19,m,PL,Male
920,3,0.5,Nero,EE,19,m,DE,Male
920,4,0.43067655807339306,Carpenter Brut,EE,19,m,FR,Male
920,5,0.38685280723454163,Queen,EE,19,m,JP,Female
920,6,0.3562071871080222,Carpenter Brut,EE,19,m,FR,Male
920,7,0.3333333333333333,Perturbator,EE,19,m,FR,Male
920,8,0.31546487678572877,Red,EE,19,m,PL,Male
920,10,0.2890648263178879,Oxxxymiron,EE,19,m,UK,Male
920,9,0.3010299956639812,Joe Dassin,EE,19,m,FR,Male
375,1,1.0,Rush,AT,32,m,US,Male
375,2,0.6309297535714575,Rush,AT,32,m,US,Male
375,3,0.5,Norah Jones,AT,32,m,US,Female
375,4,0.43067655807339306,Norah Jones,AT,32,m,US,Female
375,10,0.2890648263178879,Anitta,AT,32,m,BR,Female
375,9,0.3010299956639812,Sia,AT,32,m,AU,Female
375,8,0.31546487678572877,Jessie J,AT,32,m,UK,Female
375,7,0.3333333333333333,Anitta,AT,32,m,BR,Female
375,6,0.3562071871080222,Kygo,AT,32,m,NO,Male
375,5,0.38685280723454163,Greeicy,AT,32,m,CO,Female
645,1,1.0,Britney Spears,NO,23,m,US,Female
645,2,0.6309297535714575,Laura Branigan,NO,23,m,US,Female
645,3,0.5,Ariana Grande,NO,23,m,US,Female
645,4,0.43067655807339306,Ariana Grande,NO,23,m,US,Female
645,10,0.2890648263178879,George Ezra,NO,23,m,UK,Male
645,9,0.3010299956639812,Avril Lavigne,NO,23,m,CA,Female
645,8,0.31546487678572877,Jessie J,NO,23,m,UK,Female
645,7,0.3333333333333333,Adele,NO,23,m,UK,Female
645,6,0.3562071871080222,Rita Ora,NO,23,m,UK,Female
645,5,0.38685280723454163,Dido,NO,23,m,UK,Female
336,1,1.0,George Ezra,NZ,32,f,UK,Male
336,3,0.5,Ed Sheeran,NZ,32,f,UK,Male
336,5,0.38685280723454163,Adele,NZ,32,f,UK,Female
336,7,0.3333333333333333,Ed Sheeran,NZ,32,f,UK,Male
336,10,0.2890648263178879,Jess Glynne,NZ,32,f,UK,Female
336,9,0.3010299956639812,Rita Ora,NZ,32,f,UK,Female
336,8,0.31546487678572877,Niall Horan,NZ,32,f,IE,Male
336,6,0.3562071871080222,Tom Odell,NZ,32,f,UK,Male
336,4,0.43067655807339306,Dennis Lloyd,NZ,32,f,IL,Male
336,2,0.6309297535714575,Eric Clapton,NZ,32,f,UK,Male
510,1,1.0,Laura Branigan,PL,31,m,US,Female
510,2,0.6309297535714575,Moby,PL,31,m,US,Male
510,3,0.5,Rod Stewart,PL,31,m,UK,Male
510,4,0.43067655807339306,Chuck Berry,PL,31,m,US,Male
510,5,0.38685280723454163,Devin Townsend,PL,31,m,CA,Male
510,9,0.3010299956639812,Rod Stewart,PL,31,m,UK,Male
510,10,0.2890648263178879,Ian Brown,PL,31,m,UK,Male
510,8,0.31546487678572877,Perturbator,PL,31,m,FR,Male
510,7,0.3333333333333333,Eric Clapton,PL,31,m,UK,Male
510,6,0.3562071871080222,David Bowie,PL,31,m,UK,Male
394,1,1.0,Ed Sheeran,FR,27,m,UK,Male
394,2,0.6309297535714575,Ed Sheeran,FR,27,m,UK,Male
394,3,0.5,Tame Impala,FR,27,m,AU,Male
394,4,0.43067655807339306,Ed Sheeran,FR,27,m,UK,Male
394,5,0.38685280723454163,Red,FR,27,m,PL,Male
394,6,0.3562071871080222,Lionel Richie,FR,27,m,US,Male
394,7,0.3333333333333333,Caribou,FR,27,m,CA,Male
394,10,0.2890648263178879,Morrissey,FR,27,m,UK,Male
394,9,0.3010299956639812,Bob Marley & The Wailers,FR,27,m,JM,Male
394,8,0.31546487678572877,Bob Marley & The Wailers,FR,27,m,JM,Male
12,1,1.0,Ariana Grande,NO,27,f,US,Female
12,2,0.6309297535714575,Travis Scott,NO,27,f,US,Male
12,3,0.5,Lana Del Rey,NO,27,f,US,Female
12,4,0.43067655807339306,Ariana Grande,NO,27,f,US,Female
12,5,0.38685280723454163,Avril Lavigne,NO,27,f,CA,Female
12,6,0.3562071871080222,Jessie J,NO,27,f,UK,Female
12,9,0.3010299956639812,Ariana Grande,NO,27,f,US,Female
12,10,0.2890648263178879,Rita Ora,NO,27,f,UK,Female
12,8,0.31546487678572877,James Blake,NO,27,f,UK,Male
12,7,0.3333333333333333,J Balvin,NO,27,f,CO,Male
754,1,1.0,Snail Mail,NZ,19,f,US,Female
754,2,0.6309297535714575,Kurt Vile,NZ,19,f,US,Male
754,3,0.5,Toro y Moi,NZ,19,f,US,Male
754,4,0.43067655807339306,James Blake,NZ,19,f,UK,Male
754,5,0.38685280723454163,Jessica Pratt,NZ,19,f,US,Female
754,6,0.3562071871080222,James Blake,NZ,19,f,UK,Male
754,7,0.3333333333333333,Four Tet,NZ,19,f,UK,Male
754,8,0.31546487678572877,Cass McCombs,NZ,19,f,US,Male
754,9,0.3010299956639812,Twin Shadow,NZ,19,f,US,Male
754,10,0.2890648263178879,Tame Impala,NZ,19,f,AU,Male
477,1,1.0,Britney Spears,PL,22,f,US,Female
477,2,0.6309297535714575,Britney Spears,PL,22,f,US,Female
477,3,0.5,Ariana Grande,PL,22,f,US,Female
477,4,0.43067655807339306,Ariana Grande,PL,22,f,US,Female
477,5,0.38685280723454163,Britney Spears,PL,22,f,US,Female
477,8,0.31546487678572877,Ariana Grande,PL,22,f,US,Female
477,9,0.3010299956639812,Adele,PL,22,f,UK,Female
477,10,0.2890648263178879,Jessie J,PL,22,f,UK,Female
477,7,0.3333333333333333,Rita Ora,PL,22,f,UK,Female
477,6,0.3562071871080222,Ed Sheeran,PL,22,f,UK,Male
613,1,1.0,Lana Del Rey,PL,23,f,US,Female
613,2,0.6309297535714575,Elvis Presley,PL,23,f,US,Male
613,3,0.5,Ozzy Osbourne,PL,23,f,UK,Male
613,4,0.43067655807339306,Lil Nas X,PL,23,f,US,Male
613,5,0.38685280723454163,Robyn,PL,23,f,SE,Female
613,6,0.3562071871080222,Rihanna,PL,23,f,UK,Female
613,8,0.31546487678572877,Mahmood,PL,23,f,IT,Male
613,9,0.3010299956639812,James Blake,PL,23,f,UK,Male
613,10,0.2890648263178879,Ed Sheeran,PL,23,f,UK,Male
613,7,0.3333333333333333,Dido,PL,23,f,UK,Female
106,1,1.0,Britney Spears,FI,22,f,US,Female
106,2,0.6309297535714575,Marilyn Manson,FI,22,f,US,Male
106,3,0.5,Haddaway,FI,22,f,DE,Male
106,4,0.43067655807339306,Ariana Grande,FI,22,f,US,Female
106,6,0.3562071871080222,Laura Branigan,FI,22,f,US,Female
106,7,0.3333333333333333,Björk,FI,22,f,IS,Female
106,10,0.2890648263178879,Sia,FI,22,f,AU,Female
106,9,0.3010299956639812,Jessie J,FI,22,f,UK,Female
106,8,0.31546487678572877,Edwyn Collins,FI,22,f,UK,Male
106,5,0.38685280723454163,Ozzy Osbourne,FI,22,f,UK,Male
658,1,1.0,Laura Branigan,BR,19,m,US,Female
658,2,0.6309297535714575,Lana Del Rey,BR,19,m,US,Female
658,3,0.5,Chris Isaak,BR,19,m,US,Male
658,4,0.43067655807339306,Britney Spears,BR,19,m,US,Female
658,5,0.38685280723454163,Michael Sembello,BR,19,m,US,Male
658,6,0.3562071871080222,Britney Spears,BR,19,m,US,Female
658,8,0.31546487678572877,Beck,BR,19,m,DK,Male
658,9,0.3010299956639812,Tame Impala,BR,19,m,AU,Male
658,10,0.2890648263178879,Rihanna,BR,19,m,UK,Female
658,7,0.3333333333333333,Caetano Veloso,BR,19,m,BR,Male
919,1,1.0,Lana Del Rey,UZ,23,m,US,Female
919,2,0.6309297535714575,Lana Del Rey,UZ,23,m,US,Female
919,3,0.5,Grimes,UZ,23,m,CA,Female
919,4,0.43067655807339306,Grimes,UZ,23,m,CA,Female
919,5,0.38685280723454163,Lana Del Rey,UZ,23,m,US,Female
919,6,0.3562071871080222,Grimes,UZ,23,m,CA,Female
919,7,0.3333333333333333,Britney Spears,UZ,23,m,US,Female
919,8,0.31546487678572877,Grimes,UZ,23,m,CA,Female
919,10,0.2890648263178879,Tom Odell,UZ,23,m,UK,Male
919,9,0.3010299956639812,Rita Ora,UZ,23,m,UK,Female
347,1,1.0,Marilyn Manson,UY,26,m,US,Male
347,2,0.6309297535714575,Queen,UY,26,m,JP,Female
347,3,0.5,Sia,UY,26,m,AU,Female
347,4,0.43067655807339306,Eagle-Eye Cherry,UY,26,m,SE,Male
347,5,0.38685280723454163,Bryan Adams,UY,26,m,CA,Male
347,6,0.3562071871080222,Marilyn Manson,UY,26,m,US,Male
347,7,0.3333333333333333,Sia,UY,26,m,AU,Female
347,9,0.3010299956639812,Eric Clapton,UY,26,m,UK,Male
347,10,0.2890648263178879,Mika,UY,26,m,BA,Male
347,8,0.31546487678572877,Edwyn Collins,UY,26,m,UK,Male
14,1,1.0,Grouper,US,32,m,US,Female
14,2,0.6309297535714575,Panda Bear,US,32,m,US,Male
14,3,0.5,Grouper,US,32,m,US,Female
14,4,0.43067655807339306,Grouper,US,32,m,US,Female
14,5,0.38685280723454163,Jenny Hval,US,32,m,NO,Female
14,6,0.3562071871080222,Jessica Pratt,US,32,m,US,Female
14,7,0.3333333333333333,Jessica Pratt,US,32,m,US,Female
14,10,0.2890648263178879,Jenny Hval,US,32,m,NO,Female
14,9,0.3010299956639812,FKA twigs,US,32,m,UK,Female
14,8,0.31546487678572877,FKA twigs,US,32,m,UK,Female
267,1,1.0,Ariana Grande,PL,28,m,US,Female
267,2,0.6309297535714575,Haddaway,PL,28,m,DE,Male
267,3,0.5,Avril Lavigne,PL,28,m,CA,Female
267,4,0.43067655807339306,Britney Spears,PL,28,m,US,Female
267,5,0.38685280723454163,Rita Ora,PL,28,m,UK,Female
267,8,0.31546487678572877,Adele,PL,28,m,UK,Female
267,10,0.2890648263178879,Jessie J,PL,28,m,UK,Female
267,9,0.3010299956639812,Sia,PL,28,m,AU,Female
267,7,0.3333333333333333,Ed Sheeran,PL,28,m,UK,Male
267,6,0.3562071871080222,Ed Sheeran,PL,28,m,UK,Male
258,1,1.0,Tycho,FI,20,f,US,Male
258,2,0.6309297535714575,Lisa Miskovsky,FI,20,f,SE,Female
258,3,0.5,Tracy Chapman,FI,20,f,US,Female
258,4,0.43067655807339306,Queen,FI,20,f,JP,Female
258,5,0.38685280723454163,Kelly Clarkson,FI,20,f,US,Female
258,7,0.3333333333333333,James Blake,FI,20,f,UK,Male
258,8,0.31546487678572877,Alanis Morissette,FI,20,f,CA,Female
258,10,0.2890648263178879,Alanis Morissette,FI,20,f,CA,Female
258,9,0.3010299956639812,Benjamin Francis Leftwich,FI,20,f,UK,Male
258,6,0.3562071871080222,Kate Bush,FI,20,f,UK,Female
474,1,1.0,Marilyn Manson,ES,25,m,US,Male
474,2,0.6309297535714575,Grimes,ES,25,m,CA,Female
474,4,0.43067655807339306,Queen,ES,25,m,JP,Female
474,6,0.3562071871080222,Carpenter Brut,ES,25,m,FR,Male
474,8,0.31546487678572877,Lisa Miskovsky,ES,25,m,SE,Female
474,10,0.2890648263178879,Eric Clapton,ES,25,m,UK,Male
474,9,0.3010299956639812,Tame Impala,ES,25,m,AU,Male
474,7,0.3333333333333333,Dido,ES,25,m,UK,Female
474,5,0.38685280723454163,Ghost,ES,25,m,UK,Male
474,3,0.5,Noisestorm,ES,25,m,IE,Male
933,1,1.0,Björk,RU,15,m,IS,Female
933,2,0.6309297535714575,Edwyn Collins,RU,15,m,UK,Male
933,3,0.5,Beck,RU,15,m,DK,Male
933,4,0.43067655807339306,Haddaway,RU,15,m,DE,Male
933,5,0.38685280723454163,Blue Stahli,RU,15,m,US,Male
933,6,0.3562071871080222,Moby,RU,15,m,US,Male
933,10,0.2890648263178879,Avril Lavigne,RU,15,m,CA,Female
933,9,0.3010299956639812,Ozzy Osbourne,RU,15,m,UK,Male
933,8,0.31546487678572877,Miracle of Sound,RU,15,m,IE,Male
933,7,0.3333333333333333,Kygo,RU,15,m,NO,Male
168,1,1.0,Father John Misty,NO,22,m,US,Male
168,2,0.6309297535714575,Gregory Alan Isakov,NO,22,m,US,Male
168,3,0.5,Ray LaMontagne,NO,22,m,US,Male
168,5,0.38685280723454163,Four Tet,NO,22,m,UK,Male
168,6,0.3562071871080222,George Ezra,NO,22,m,UK,Male
168,7,0.3333333333333333,Lily Allen,NO,22,m,UK,Female
168,9,0.3010299956639812,Adele,NO,22,m,UK,Female
168,10,0.2890648263178879,James Blake,NO,22,m,UK,Male
168,8,0.31546487678572877,Joe Goddard,NO,22,m,UK,Male
168,4,0.43067655807339306,James Blake,NO,22,m,UK,Male
321,1,1.0,Ariana Grande,US,22,m,US,Female
321,2,0.6309297535714575,Taylor Swift,US,22,m,US,Female
321,3,0.5,Jessie J,US,22,m,UK,Female
321,4,0.43067655807339306,Britney Spears,US,22,m,US,Female
321,5,0.38685280723454163,Jennifer Lopez,US,22,m,US,Female
321,6,0.3562071871080222,Björk,US,22,m,IS,Female
321,10,0.2890648263178879,Sia,US,22,m,AU,Female
321,9,0.3010299956639812,Rita Ora,US,22,m,UK,Female
321,8,0.31546487678572877,Ozzy Osbourne,US,22,m,UK,Male
321,7,0.3333333333333333,Sia,US,22,m,AU,Female
70,1,1.0,Marilyn Manson,NL,33,m,US,Male
70,2,0.6309297535714575,Beck,NL,33,m,DK,Male
70,3,0.5,Laura Branigan,NL,33,m,US,Female
70,4,0.43067655807339306,Björk,NL,33,m,IS,Female
70,5,0.38685280723454163,Bryan Adams,NL,33,m,CA,Male
70,6,0.3562071871080222,Britney Spears,NL,33,m,US,Female
70,10,0.2890648263178879,Edwyn Collins,NL,33,m,UK,Male
70,9,0.3010299956639812,Bob Marley & The Wailers,NL,33,m,JM,Male
70,8,0.31546487678572877,Dido,NL,33,m,UK,Female
70,7,0.3333333333333333,Rita Ora,NL,33,m,UK,Female
761,2,0.6309297535714575,Gustavo Cerati,NL,23,f,AR,Male
761,3,0.5,Gilda,NL,23,f,AR,Female
761,6,0.3562071871080222,Marilina Bertoldi,NL,23,f,AR,Female
761,7,0.3333333333333333,Rihanna,NL,23,f,UK,Female
761,9,0.3010299956639812,Gustavo Cerati,NL,23,f,AR,Male
761,10,0.2890648263178879,Flume,NL,23,f,AU,Male
761,8,0.31546487678572877,Jorge Drexler,NL,23,f,UY,Male
761,5,0.38685280723454163,Alejandro Sanz,NL,23,f,ES,Male
761,4,0.43067655807339306,Marilina Bertoldi,NL,23,f,AR,Female
761,1,1.0,Amon Tobin,NL,23,f,BR,Male
756,1,1.0,Ariana Grande,DE,24,m,US,Female
756,2,0.6309297535714575,Taylor Swift,DE,24,m,US,Female
756,3,0.5,Britney Spears,DE,24,m,US,Female
756,5,0.38685280723454163,Avril Lavigne,DE,24,m,CA,Female
756,6,0.3562071871080222,Britney Spears,DE,24,m,US,Female
756,7,0.3333333333333333,Taylor Swift,DE,24,m,US,Female
756,10,0.2890648263178879,Sia,DE,24,m,AU,Female
756,9,0.3010299956639812,Rita Ora,DE,24,m,UK,Female
756,8,0.31546487678572877,Rihanna,DE,24,m,UK,Female
756,4,0.43067655807339306,Dennis Lloyd,DE,24,m,IL,Male
193,1,1.0,Aldous Harding,UK,27,m,NZ,Female
193,2,0.6309297535714575,Weyes Blood,UK,27,m,US,Female
193,3,0.5,Weyes Blood,UK,27,m,US,Female
193,4,0.43067655807339306,Weyes Blood,UK,27,m,US,Female
193,5,0.38685280723454163,John Maus,UK,27,m,US,Male
193,6,0.3562071871080222,Perfume Genius,UK,27,m,US,Male
193,7,0.3333333333333333,Ry x,UK,27,m,AU,Male
193,9,0.3010299956639812,Ry x,UK,27,m,AU,Male
193,10,0.2890648263178879,Four Tet,UK,27,m,UK,Male
193,8,0.31546487678572877,Thom Yorke,UK,27,m,UK,Male
218,1,1.0,Justin Timberlake,SE,33,m,US,Male
218,2,0.6309297535714575,Rita Ora,SE,33,m,UK,Female
218,3,0.5,John Mayer,SE,33,m,IN,Male
218,5,0.38685280723454163,Eric Clapton,SE,33,m,UK,Male
218,7,0.3333333333333333,Ed Sheeran,SE,33,m,UK,Male
218,9,0.3010299956639812,Avril Lavigne,SE,33,m,CA,Female
218,10,0.2890648263178879,George Ezra,SE,33,m,UK,Male
218,8,0.31546487678572877,Jessie J,SE,33,m,UK,Female
218,6,0.3562071871080222,Tom Odell,SE,33,m,UK,Male
218,4,0.43067655807339306,George Ezra,SE,33,m,UK,Male
636,1,1.0,Chuck Berry,TR,21,m,US,Male
636,2,0.6309297535714575,Rush,TR,21,m,US,Male
636,3,0.5,Rush,TR,21,m,US,Male
636,4,0.43067655807339306,Billy Joel,TR,21,m,US,Male
636,5,0.38685280723454163,Steve Winwood,TR,21,m,UK,Male
636,7,0.3333333333333333,Ozzy Osbourne,TR,21,m,UK,Male
636,8,0.31546487678572877,Rush,TR,21,m,US,Male
636,10,0.2890648263178879,Dennis Lloyd,TR,21,m,IL,Male
636,9,0.3010299956639812,Rod Stewart,TR,21,m,UK,Male
636,6,0.3562071871080222,Corinne Bailey Rae,TR,21,m,UK,Female
476,1,1.0,Beck,DE,20,m,DK,Male
476,2,0.6309297535714575,Eagle-Eye Cherry,DE,20,m,SE,Male
476,3,0.5,Chuck Berry,DE,20,m,US,Male
476,4,0.43067655807339306,Marilyn Manson,DE,20,m,US,Male
476,5,0.38685280723454163,Haddaway,DE,20,m,DE,Male
476,7,0.3333333333333333,Eminem,DE,20,m,US,Male
476,8,0.31546487678572877,Eric Clapton,DE,20,m,UK,Male
476,10,0.2890648263178879,Edwyn Collins,DE,20,m,UK,Male
476,9,0.3010299956639812,Tame Impala,DE,20,m,AU,Male
476,6,0.3562071871080222,Bob Marley & The Wailers,DE,20,m,JM,Male
117,1,1.0,James Arthur,NO,35,f,UK,Male
117,2,0.6309297535714575,Ray LaMontagne,NO,35,f,US,Male
117,3,0.5,Charles Bolt,NO,35,f,US,Male
117,4,0.43067655807339306,Billy Joel,NO,35,f,US,Male
117,7,0.3333333333333333,Eric Clapton,NO,35,f,UK,Male
117,8,0.31546487678572877,Adele,NO,35,f,UK,Female
117,10,0.2890648263178879,Ronan Keating,NO,35,f,IE,Male
117,9,0.3010299956639812,Ed Sheeran,NO,35,f,UK,Male
117,6,0.3562071871080222,Tom Odell,NO,35,f,UK,Male
117,5,0.38685280723454163,Jessie J,NO,35,f,UK,Female
478,1,1.0,Tom MacDonald,SG,21,m,CA,Male
478,2,0.6309297535714575,Mayhem,SG,21,m,CA,Female
478,3,0.5,Celldweller,SG,21,m,US,Male
478,7,0.3333333333333333,Raul Seixas,SG,21,m,BR,Male
478,9,0.3010299956639812,Nick Drake,SG,21,m,UK,Male
478,10,0.2890648263178879,Vitalic,SG,21,m,FR,Male
478,8,0.31546487678572877,Peter Tosh,SG,21,m,JM,Male
478,6,0.3562071871080222,Cássia Eller,SG,21,m,BR,Female
478,5,0.38685280723454163,Patrick Watson,SG,21,m,CA,Male
478,4,0.43067655807339306,Don Patricio,SG,21,m,ES,Male
415,1,1.0,Britney Spears,NL,20,f,US,Female
415,2,0.6309297535714575,Haddaway,NL,20,f,DE,Male
415,3,0.5,Marilyn Manson,NL,20,f,US,Male
415,4,0.43067655807339306,Avril Lavigne,NL,20,f,CA,Female
415,5,0.38685280723454163,Eagle-Eye Cherry,NL,20,f,SE,Male
415,6,0.3562071871080222,Ariana Grande,NL,20,f,US,Female
415,9,0.3010299956639812,Sia,NL,20,f,AU,Female
415,10,0.2890648263178879,Adele,NL,20,f,UK,Female
415,8,0.31546487678572877,Jessie J,NL,20,f,UK,Female
415,7,0.3333333333333333,Bryan Adams,NL,20,f,CA,Male
495,1,1.0,Lana Del Rey,FI,16,m,US,Female
495,2,0.6309297535714575,Marilyn Manson,FI,16,m,US,Male
495,4,0.43067655807339306,AFI,FI,16,m,US,Female
495,5,0.38685280723454163,Britney Spears,FI,16,m,US,Female
495,6,0.3562071871080222,Carpenter Brut,FI,16,m,FR,Male
495,8,0.31546487678572877,Madonna,FI,16,m,US,Female
495,9,0.3010299956639812,Björk,FI,16,m,IS,Female
495,10,0.2890648263178879,Tame Impala,FI,16,m,AU,Male
495,7,0.3333333333333333,Bob Marley & The Wailers,FI,16,m,JM,Male
495,3,0.5,Jorge Ben,FI,16,m,BR,Male
4,1,1.0,Eagle-Eye Cherry,UK,32,m,SE,Male
4,2,0.6309297535714575,Michael Sembello,UK,32,m,US,Male
4,3,0.5,Beck,UK,32,m,DK,Male
4,4,0.43067655807339306,Billy Joel,UK,32,m,US,Male
4,6,0.3562071871080222,Edwyn Collins,UK,32,m,UK,Male
4,7,0.3333333333333333,Seal,UK,32,m,UK,Male
4,10,0.2890648263178879,Avril Lavigne,UK,32,m,CA,Female
4,9,0.3010299956639812,Nik Kershaw,UK,32,m,UK,Male
4,8,0.31546487678572877,Corinne Bailey Rae,UK,32,m,UK,Female
4,5,0.38685280723454163,Steve Winwood,UK,32,m,UK,Male
413,1,1.0,Billy Joel,IL,21,m,US,Male
413,2,0.6309297535714575,Chuck Berry,IL,21,m,US,Male
413,3,0.5,Beck,IL,21,m,DK,Male
413,4,0.43067655807339306,Rush,IL,21,m,US,Male
413,5,0.38685280723454163,Bob Marley & The Wailers,IL,21,m,JM,Male
413,6,0.3562071871080222,Tame Impala,IL,21,m,AU,Male
413,7,0.3333333333333333,Laura Branigan,IL,21,m,US,Female
413,8,0.31546487678572877,Dolly Parton,IL,21,m,US,Female
413,10,0.2890648263178879,Édith Piaf,IL,21,m,FR,Female
413,9,0.3010299956639812,Bob Marley & The Wailers,IL,21,m,JM,Male
763,1,1.0,Red,RU,23,m,PL,Male
763,2,0.6309297535714575,Celldweller,RU,23,m,US,Male
763,3,0.5,Carpenter Brut,RU,23,m,FR,Male
763,4,0.43067655807339306,Carpenter Brut,RU,23,m,FR,Male
763,5,0.38685280723454163,Celldweller,RU,23,m,US,Male
763,6,0.3562071871080222,Perturbator,RU,23,m,FR,Male
763,7,0.3333333333333333,Celldweller,RU,23,m,US,Male
763,8,0.31546487678572877,Queen,RU,23,m,JP,Female
763,9,0.3010299956639812,Serj Tankian,RU,23,m,US,Male
763,10,0.2890648263178879,Nero,RU,23,m,DE,Male
817,1,1.0,Chuck Berry,FI,20,m,US,Male
817,2,0.6309297535714575,Bryan Adams,FI,20,m,CA,Male
817,3,0.5,Dolly Parton,FI,20,m,US,Female
817,4,0.43067655807339306,Billy Joel,FI,20,m,US,Male
817,8,0.31546487678572877,Ariana Grande,FI,20,m,US,Female
817,10,0.2890648263178879,Eric Clapton,FI,20,m,UK,Male
817,9,0.3010299956639812,Ed Sheeran,FI,20,m,UK,Male
817,7,0.3333333333333333,Corinne Bailey Rae,FI,20,m,UK,Female
817,6,0.3562071871080222,Seal,FI,20,m,UK,Male
817,5,0.38685280723454163,George Ezra,FI,20,m,UK,Male
839,1,1.0,Weyes Blood,NO,21,m,US,Female
839,2,0.6309297535714575,Weyes Blood,NO,21,m,US,Female
839,3,0.5,Aldous Harding,NO,21,m,NZ,Female
839,4,0.43067655807339306,Weyes Blood,NO,21,m,US,Female
839,5,0.38685280723454163,Thom Yorke,NO,21,m,UK,Male
839,6,0.3562071871080222,Billy Joel,NO,21,m,US,Male
839,7,0.3333333333333333,Chuck Berry,NO,21,m,US,Male
839,10,0.2890648263178879,Billy Bragg,NO,21,m,UK,Male
839,9,0.3010299956639812,Bat for Lashes,NO,21,m,UK,Female
839,8,0.31546487678572877,Édith Piaf,NO,21,m,FR,Female
632,1,1.0,Ariana Grande,BR,17,m,US,Female
632,2,0.6309297535714575,Adele,BR,17,m,UK,Female
632,3,0.5,Britney Spears,BR,17,m,US,Female
632,4,0.43067655807339306,Lil Nas X,BR,17,m,US,Male
632,5,0.38685280723454163,Adele,BR,17,m,UK,Female
632,6,0.3562071871080222,George Ezra,BR,17,m,UK,Male
632,7,0.3333333333333333,Britney Spears,BR,17,m,US,Female
632,8,0.31546487678572877,Justin Timberlake,BR,17,m,US,Male
632,10,0.2890648263178879,Ed Sheeran,BR,17,m,UK,Male
632,9,0.3010299956639812,Adele,BR,17,m,UK,Female
708,1,1.0,Ed Sheeran,UK,48,m,UK,Male
708,3,0.5,Adele,UK,48,m,UK,Female
708,4,0.43067655807339306,Britney Spears,UK,48,m,US,Female
708,5,0.38685280723454163,Eric Clapton,UK,48,m,UK,Male
708,6,0.3562071871080222,Ed Sheeran,UK,48,m,UK,Male
708,8,0.31546487678572877,Robyn,UK,48,m,SE,Female
708,10,0.2890648263178879,Girl In Red,UK,48,m,NO,Female
708,9,0.3010299956639812,Jessie J,UK,48,m,UK,Female
708,7,0.3333333333333333,Sia,UK,48,m,AU,Female
708,2,0.6309297535714575,Dennis Lloyd,UK,48,m,IL,Male
885,1,1.0,Robyn,US,43,m,SE,Female
885,2,0.6309297535714575,Ariana Grande,US,43,m,US,Female
885,4,0.43067655807339306,Frank Ocean,US,43,m,US,Male
885,6,0.3562071871080222,Ariana Grande,US,43,m,US,Female
885,7,0.3333333333333333,James Blake,US,43,m,UK,Male
885,10,0.2890648263178879,James Blake,US,43,m,UK,Male
885,9,0.3010299956639812,Girl In Red,US,43,m,NO,Female
885,8,0.31546487678572877,Rita Ora,US,43,m,UK,Female
885,5,0.38685280723454163,J Balvin,US,43,m,CO,Male
885,3,0.5,Mahmood,US,43,m,IT,Male
497,1,1.0,Björk,NL,33,m,IS,Female
497,2,0.6309297535714575,Janelle Monáe,NL,33,m,US,Non-binary
497,3,0.5,Britney Spears,NL,33,m,US,Female
497,4,0.43067655807339306,Ariana Grande,NL,33,m,US,Female
497,5,0.38685280723454163,Britney Spears,NL,33,m,US,Female
497,6,0.3562071871080222,Ester Peony,NL,33,m,RO,Female
497,7,0.3333333333333333,Beck,NL,33,m,DK,Male
497,10,0.2890648263178879,Devin Townsend,NL,33,m,CA,Male
497,9,0.3010299956639812,Rita Ora,NL,33,m,UK,Female
497,8,0.31546487678572877,George Ezra,NL,33,m,UK,Male
6,1,1.0,Ariana Grande,US,33,m,US,Female
6,2,0.6309297535714575,Britney Spears,US,33,m,US,Female
6,3,0.5,Seal,US,33,m,UK,Male
6,4,0.43067655807339306,Ariana Grande,US,33,m,US,Female
6,5,0.38685280723454163,Britney Spears,US,33,m,US,Female
6,6,0.3562071871080222,Bryan Adams,US,33,m,CA,Male
6,7,0.3333333333333333,Haddaway,US,33,m,DE,Male
6,10,0.2890648263178879,Adele,US,33,m,UK,Female
6,9,0.3010299956639812,Jessie J,US,33,m,UK,Female
6,8,0.31546487678572877,Corinne Bailey Rae,US,33,m,UK,Female
906,1,1.0,Elvis Presley,BR,18,m,US,Male
906,2,0.6309297535714575,AFI,BR,18,m,US,Female
906,3,0.5,Eddie Cochran,BR,18,m,US,Male
906,4,0.43067655807339306,Beck,BR,18,m,DK,Male
906,5,0.38685280723454163,Eminem,BR,18,m,US,Male
906,6,0.3562071871080222,Roy Orbison,BR,18,m,US,Male
906,7,0.3333333333333333,Nik Kershaw,BR,18,m,UK,Male
906,10,0.2890648263178879,Bryan Adams,BR,18,m,CA,Male
906,9,0.3010299956639812,Bob Marley & The Wailers,BR,18,m,JM,Male
906,8,0.31546487678572877,Rod Stewart,BR,18,m,UK,Male
449,1,1.0,Toro y Moi,NL,41,m,US,Male
449,2,0.6309297535714575,Tame Impala,NL,41,m,AU,Male
449,3,0.5,Four Tet,NL,41,m,UK,Male
449,4,0.43067655807339306,Beck,NL,41,m,DK,Male
449,5,0.38685280723454163,James Blake,NL,41,m,UK,Male
449,6,0.3562071871080222,Snail Mail,NL,41,m,US,Female
449,7,0.3333333333333333,John Maus,NL,41,m,US,Male
449,10,0.2890648263178879,James Blake,NL,41,m,UK,Male
449,9,0.3010299956639812,Mahmood,NL,41,m,IT,Male
449,8,0.31546487678572877,Pional,NL,41,m,ES,Male
853,1,1.0,Ariana Grande,US,40,m,US,Female
853,2,0.6309297535714575,Britney Spears,US,40,m,US,Female
853,3,0.5,Lil Nas X,US,40,m,US,Male
853,4,0.43067655807339306,Roy Orbison,US,40,m,US,Male
853,5,0.38685280723454163,Eagle-Eye Cherry,US,40,m,SE,Male
853,6,0.3562071871080222,Britney Spears,US,40,m,US,Female
853,7,0.3333333333333333,Bryan Adams,US,40,m,CA,Male
853,10,0.2890648263178879,Ed Sheeran,US,40,m,UK,Male
853,9,0.3010299956639812,Jessie J,US,40,m,UK,Female
853,8,0.31546487678572877,Sia,US,40,m,AU,Female
99,1,1.0,Julia Holter,US,42,m,US,Female
99,2,0.6309297535714575,Aldous Harding,US,42,m,NZ,Female
99,3,0.5,Jessica Pratt,US,42,m,US,Female
99,4,0.43067655807339306,Weyes Blood,US,42,m,US,Female
99,5,0.38685280723454163,Kurt Vile,US,42,m,US,Male
99,6,0.3562071871080222,Weyes Blood,US,42,m,US,Female
99,7,0.3333333333333333,Grouper,US,42,m,US,Female
99,8,0.31546487678572877,Panda Bear,US,42,m,US,Male
99,10,0.2890648263178879,Tirzah,US,42,m,UK,Female
99,9,0.3010299956639812,James Blake,US,42,m,UK,Male
31,1,1.0,Aldous Harding,US,25,m,NZ,Female
31,2,0.6309297535714575,Snail Mail,US,25,m,US,Female
31,3,0.5,Jessica Pratt,US,25,m,US,Female
31,4,0.43067655807339306,Jeff Buckley,US,25,m,US,Male
31,5,0.38685280723454163,Mitski,US,25,m,US,Female
31,6,0.3562071871080222,James Blake,US,25,m,UK,Male
31,10,0.2890648263178879,James Blake,US,25,m,UK,Male
31,9,0.3010299956639812,PJ Harvey,US,25,m,UK,Female
31,8,0.31546487678572877,PJ Harvey,US,25,m,UK,Female
31,7,0.3333333333333333,Thom Yorke,US,25,m,UK,Male
306,1,1.0,Avril Lavigne,FI,19,f,CA,Female
306,2,0.6309297535714575,Rita Ora,FI,19,f,UK,Female
306,3,0.5,Taylor Swift,FI,19,f,US,Female
306,4,0.43067655807339306,Laura Branigan,FI,19,f,US,Female
306,5,0.38685280723454163,RuPaul,FI,19,f,US,Female
306,6,0.3562071871080222,Miley Cyrus,FI,19,f,US,Non-binary
306,8,0.31546487678572877,Miley Cyrus,FI,19,f,US,Non-binary
306,10,0.2890648263178879,Björk,FI,19,f,IS,Female
306,9,0.3010299956639812,Adele,FI,19,f,UK,Female
306,7,0.3333333333333333,J Balvin,FI,19,f,CO,Male
403,1,1.0,John Mayer,IR,32,m,IN,Male
403,2,0.6309297535714575,Ed Sheeran,IR,32,m,UK,Male
403,3,0.5,John Mayer,IR,32,m,IN,Male
403,4,0.43067655807339306,Corinne Bailey Rae,IR,32,m,UK,Female
403,5,0.38685280723454163,George Ezra,IR,32,m,UK,Male
403,8,0.31546487678572877,Ed Sheeran,IR,32,m,UK,Male
403,9,0.3010299956639812,Adele,IR,32,m,UK,Female
403,10,0.2890648263178879,Justin Bieber,IR,32,m,CA,Male
403,7,0.3333333333333333,Shawn Mendes,IR,32,m,CA,Male
403,6,0.3562071871080222,Eric Clapton,IR,32,m,UK,Male
143,1,1.0,Kacey Musgraves,DE,26,m,US,Female
143,2,0.6309297535714575,Beyoncé,DE,26,m,US,Female
143,3,0.5,Thom Yorke,DE,26,m,UK,Male
143,4,0.43067655807339306,Robyn,DE,26,m,SE,Female
143,5,0.38685280723454163,Snail Mail,DE,26,m,US,Female
143,6,0.3562071871080222,Toro y Moi,DE,26,m,US,Male
143,7,0.3333333333333333,Ariana Grande,DE,26,m,US,Female
143,8,0.31546487678572877,Weyes Blood,DE,26,m,US,Female
143,10,0.2890648263178879,James Blake,DE,26,m,UK,Male
143,9,0.3010299956639812,Dido,DE,26,m,UK,Female
692,1,1.0,Ariana Grande,ES,24,m,US,Female
692,2,0.6309297535714575,Taylor Swift,ES,24,m,US,Female
692,3,0.5,Britney Spears,ES,24,m,US,Female
692,4,0.43067655807339306,Britney Spears,ES,24,m,US,Female
692,5,0.38685280723454163,Jessie J,ES,24,m,UK,Female
692,10,0.2890648263178879,Adele,ES,24,m,UK,Female
692,9,0.3010299956639812,Kygo,ES,24,m,NO,Male
692,8,0.31546487678572877,Rihanna,ES,24,m,UK,Female
692,7,0.3333333333333333,Niall Horan,ES,24,m,IE,Male
692,6,0.3562071871080222,Ed Sheeran,ES,24,m,UK,Male
873,1,1.0,Marilyn Manson,BR,18,m,US,Male
873,2,0.6309297535714575,Sia,BR,18,m,AU,Female
873,3,0.5,Sezen Aksu,BR,18,m,TR,Female
873,4,0.43067655807339306,Emeli Sandé,BR,18,m,UK,Female
873,6,0.3562071871080222,Lost Frequencies,BR,18,m,BE,Male
873,7,0.3333333333333333,Beyoncé,BR,18,m,US,Female
873,8,0.31546487678572877,Sia,BR,18,m,AU,Female
873,10,0.2890648263178879,Rihanna,BR,18,m,UK,Female
873,9,0.3010299956639812,Lost Frequencies,BR,18,m,BE,Male
873,5,0.38685280723454163,Gülşen,BR,18,m,TR,Female
797,1,1.0,Beck,BR,22,m,DK,Male
797,2,0.6309297535714575,Chuck Berry,BR,22,m,US,Male
797,3,0.5,Eagle-Eye Cherry,BR,22,m,SE,Male
797,4,0.43067655807339306,Marilyn Manson,BR,22,m,US,Male
797,5,0.38685280723454163,Rush,BR,22,m,US,Male
797,6,0.3562071871080222,Ozzy Osbourne,BR,22,m,UK,Male
797,7,0.3333333333333333,Haddaway,BR,22,m,DE,Male
797,9,0.3010299956639812,Marilyn Manson,BR,22,m,US,Male
797,10,0.2890648263178879,Tame Impala,BR,22,m,AU,Male
797,8,0.31546487678572877,Raul Seixas,BR,22,m,BR,Male
464,1,1.0,Ariana Grande,BR,27,f,US,Female
464,2,0.6309297535714575,Avril Lavigne,BR,27,f,CA,Female
464,3,0.5,Avril Lavigne,BR,27,f,CA,Female
464,4,0.43067655807339306,Jessie J,BR,27,f,UK,Female
464,5,0.38685280723454163,Britney Spears,BR,27,f,US,Female
464,6,0.3562071871080222,Ariana Grande,BR,27,f,US,Female
464,7,0.3333333333333333,Britney Spears,BR,27,f,US,Female
464,8,0.31546487678572877,Sia,BR,27,f,AU,Female
464,9,0.3010299956639812,Britney Spears,BR,27,f,US,Female
464,10,0.2890648263178879,Rita Ora,BR,27,f,UK,Female
532,3,0.5,deadmau5 & Kaskade,PL,34,m,CA,Male
532,5,0.38685280723454163,Russian Red,PL,34,m,ES,Female
532,6,0.3562071871080222,Loreena McKennitt,PL,34,m,CA,Female
532,8,0.31546487678572877,Tom MacDonald,PL,34,m,CA,Male
532,9,0.3010299956639812,Maluma,PL,34,m,CO,Male
532,10,0.2890648263178879,Projota,PL,34,m,BR,Male
532,7,0.3333333333333333,Chad VanGaalen,PL,34,m,CA,Male
532,4,0.43067655807339306,Vance Joy,PL,34,m,AU,Male
532,2,0.6309297535714575,Criolo,PL,34,m,BR,Male
532,1,1.0,Marilina Bertoldi,PL,34,m,AR,Female
157,1,1.0,Queen,NL,19,f,JP,Female
157,2,0.6309297535714575,Britney Spears,NL,19,f,US,Female
157,3,0.5,Britney Spears,NL,19,f,US,Female
157,5,0.38685280723454163,Eminem,NL,19,f,US,Male
157,6,0.3562071871080222,Ozzy Osbourne,NL,19,f,UK,Male
157,7,0.3333333333333333,Seal,NL,19,f,UK,Male
157,8,0.31546487678572877,Marilyn Manson,NL,19,f,US,Male
157,10,0.2890648263178879,Björk,NL,19,f,IS,Female
157,9,0.3010299956639812,Ellinoora,NL,19,f,FI,Female
157,4,0.43067655807339306,Perturbator,NL,19,f,FR,Male
520,1,1.0,Eric Clapton,IT,33,m,UK,Male
520,2,0.6309297535714575,Chuck Berry,IT,33,m,US,Male
520,4,0.43067655807339306,Eagle-Eye Cherry,IT,33,m,SE,Male
520,5,0.38685280723454163,AFI,IT,33,m,US,Female
520,9,0.3010299956639812,Lil Nas X,IT,33,m,US,Male
520,10,0.2890648263178879,Shawn Mendes,IT,33,m,CA,Male
520,8,0.31546487678572877,Sia,IT,33,m,AU,Female
520,7,0.3333333333333333,Bob Marley & The Wailers,IT,33,m,JM,Male
520,6,0.3562071871080222,John Lennon,IT,33,m,UK,Male
520,3,0.5,Angèle,IT,33,m,BE,Female
778,1,1.0,Billy Joel,BG,25,m,US,Male
778,2,0.6309297535714575,Bob Marley & The Wailers,BG,25,m,JM,Male
778,3,0.5,Chuck Berry,BG,25,m,US,Male
778,5,0.38685280723454163,Manu Chao,BG,25,m,FR,Male
778,6,0.3562071871080222,Bob Marley & The Wailers,BG,25,m,JM,Male
778,9,0.3010299956639812,Nik Kershaw,BG,25,m,UK,Male
778,10,0.2890648263178879,Bryan Adams,BG,25,m,CA,Male
778,8,0.31546487678572877,Rod Stewart,BG,25,m,UK,Male
778,7,0.3333333333333333,Albert Hammond,BG,25,m,UK,Male
778,4,0.43067655807339306,Eros Ramazzotti,BG,25,m,IT,Male
857,1,1.0,Queen,NP,29,m,JP,Female
857,2,0.6309297535714575,Queen,NP,29,m,JP,Female
857,3,0.5,Queen,NP,29,m,JP,Female
857,4,0.43067655807339306,Queen,NP,29,m,JP,Female
857,5,0.38685280723454163,Queen,NP,29,m,JP,Female
857,6,0.3562071871080222,Queen,NP,29,m,JP,Female
857,7,0.3333333333333333,YOB,NP,29,m,UK,Male
857,8,0.31546487678572877,YOB,NP,29,m,UK,Male
857,9,0.3010299956639812,Queen,NP,29,m,JP,Female
857,10,0.2890648263178879,Emperor,NP,29,m,UK,Male
232,1,1.0,John Mayer,AT,26,m,IN,Male
232,2,0.6309297535714575,Corinne Bailey Rae,AT,26,m,UK,Female
232,3,0.5,Lil Nas X,AT,26,m,US,Male
232,6,0.3562071871080222,Eagle-Eye Cherry,AT,26,m,SE,Male
232,8,0.31546487678572877,Ariana Grande,AT,26,m,US,Female
232,10,0.2890648263178879,Adele,AT,26,m,UK,Female
232,9,0.3010299956639812,Jessie J,AT,26,m,UK,Female
232,7,0.3333333333333333,Adele,AT,26,m,UK,Female
232,5,0.38685280723454163,Ed Sheeran,AT,26,m,UK,Male
232,4,0.43067655807339306,Dennis Lloyd,AT,26,m,IL,Male
742,1,1.0,Britney Spears,BR,20,f,US,Female
742,2,0.6309297535714575,Ariana Grande,BR,20,f,US,Female
742,3,0.5,Ariana Grande,BR,20,f,US,Female
742,4,0.43067655807339306,Ariana Grande,BR,20,f,US,Female
742,5,0.38685280723454163,Britney Spears,BR,20,f,US,Female
742,6,0.3562071871080222,Taylor Swift,BR,20,f,US,Female
742,7,0.3333333333333333,Ariana Grande,BR,20,f,US,Female
742,8,0.31546487678572877,Ariana Grande,BR,20,f,US,Female
742,9,0.3010299956639812,Jessie J,BR,20,f,UK,Female
742,10,0.2890648263178879,Rita Ora,BR,20,f,UK,Female
767,1,1.0,Vitalic,RU,24,m,FR,Male
767,2,0.6309297535714575,IAMX,RU,24,m,DE,Male
767,3,0.5,Noisestorm,RU,24,m,IE,Male
767,4,0.43067655807339306,Lisa Miskovsky,RU,24,m,SE,Female
767,5,0.38685280723454163,Carpenter Brut,RU,24,m,FR,Male
767,6,0.3562071871080222,Timmy Trumpet,RU,24,m,AU,Male
767,10,0.2890648263178879,Armin van Buuren,RU,24,m,NL,Male
767,9,0.3010299956639812,The Avener,RU,24,m,FR,Male
767,8,0.31546487678572877,Perturbator,RU,24,m,FR,Male
767,7,0.3333333333333333,Kavinsky,RU,24,m,FR,Male
37,1,1.0,Ariana Grande,US,32,f,US,Female
37,2,0.6309297535714575,Ariana Grande,US,32,f,US,Female
37,3,0.5,Ariana Grande,US,32,f,US,Female
37,4,0.43067655807339306,Ariana Grande,US,32,f,US,Female
37,5,0.38685280723454163,Mariah Carey,US,32,f,US,Female
37,6,0.3562071871080222,Taylor Swift,US,32,f,US,Female
37,8,0.31546487678572877,James Blake,US,32,f,UK,Male
37,10,0.2890648263178879,Rihanna,US,32,f,UK,Female
37,9,0.3010299956639812,Jessie J,US,32,f,UK,Female
37,7,0.3333333333333333,James Blake,US,32,f,UK,Male
777,1,1.0,IAMX,RU,28,m,DE,Male
777,2,0.6309297535714575,Four Tet,RU,28,m,UK,Male
777,3,0.5,Queen,RU,28,m,JP,Female
777,5,0.38685280723454163,Ry x,RU,28,m,AU,Male
777,10,0.2890648263178879,Miguel Bosé,RU,28,m,ES,Male
777,9,0.3010299956639812,Jenni Vartiainen,RU,28,m,FI,Female
777,8,0.31546487678572877,Minke,RU,28,m,UK,Female
777,7,0.3333333333333333,Mariza,RU,28,m,PT,Female
777,6,0.3562071871080222,Annie Lennox,RU,28,m,UK,Female
777,4,0.43067655807339306,Gustavo Cerati,RU,28,m,AR,Male
294,1,1.0,Ed Sheeran,FI,21,m,UK,Male
294,2,0.6309297535714575,Sia,FI,21,m,AU,Female
294,3,0.5,Ariana Grande,FI,21,m,US,Female
294,4,0.43067655807339306,Adele,FI,21,m,UK,Female
294,5,0.38685280723454163,Taylor Swift,FI,21,m,US,Female
294,6,0.3562071871080222,Shawn Mendes,FI,21,m,CA,Male
294,7,0.3333333333333333,Sia,FI,21,m,AU,Female
294,9,0.3010299956639812,Avril Lavigne,FI,21,m,CA,Female
294,10,0.2890648263178879,Sia,FI,21,m,AU,Female
294,8,0.31546487678572877,Ed Sheeran,FI,21,m,UK,Male
366,1,1.0,Thom Yorke,FI,19,f,UK,Male
366,2,0.6309297535714575,Aldous Harding,FI,19,f,NZ,Female
366,3,0.5,Travis Scott,FI,19,f,US,Male
366,4,0.43067655807339306,Lana Del Rey,FI,19,f,US,Female
366,5,0.38685280723454163,John Maus,FI,19,f,US,Male
366,6,0.3562071871080222,Kurt Vile,FI,19,f,US,Male
366,7,0.3333333333333333,John Maus,FI,19,f,US,Male
366,8,0.31546487678572877,Charlotte Day Wilson,FI,19,f,CA,Female
366,9,0.3010299956639812,Björk,FI,19,f,IS,Female
366,10,0.2890648263178879,Four Tet,FI,19,f,UK,Male
831,1,1.0,Carpenter Brut,AT,21,m,FR,Male
831,2,0.6309297535714575,Moby,AT,21,m,US,Male
831,3,0.5,Mr.Kitty,AT,21,m,US,Male
831,4,0.43067655807339306,Vitalic,AT,21,m,FR,Male
831,5,0.38685280723454163,Marilyn Manson,AT,21,m,US,Male
831,6,0.3562071871080222,Grimes,AT,21,m,CA,Female
831,7,0.3333333333333333,Mahmood,AT,21,m,IT,Male
831,8,0.31546487678572877,Aaron Smith,AT,21,m,US,Male
831,10,0.2890648263178879,Carpenter Brut,AT,21,m,FR,Male
831,9,0.3010299956639812,Tame Impala,AT,21,m,AU,Male
764,1,1.0,Shawn Mendes,PL,25,m,CA,Male
764,2,0.6309297535714575,Ed Sheeran,PL,25,m,UK,Male
764,3,0.5,Sia,PL,25,m,AU,Female
764,4,0.43067655807339306,Ariana Grande,PL,25,m,US,Female
764,5,0.38685280723454163,Bryan Adams,PL,25,m,CA,Male
764,6,0.3562071871080222,Britney Spears,PL,25,m,US,Female
764,9,0.3010299956639812,Adele,PL,25,m,UK,Female
764,10,0.2890648263178879,Tom Odell,PL,25,m,UK,Male
764,8,0.31546487678572877,George Ezra,PL,25,m,UK,Male
764,7,0.3333333333333333,Jessie J,PL,25,m,UK,Female
381,1,1.0,Jenny Lewis,RS,40,f,US,Female
381,2,0.6309297535714575,Jeff Buckley,RS,40,f,US,Male
381,3,0.5,Jenny Lewis,RS,40,f,US,Female
381,4,0.43067655807339306,Björk,RS,40,f,IS,Female
381,5,0.38685280723454163,Bat for Lashes,RS,40,f,UK,Female
381,6,0.3562071871080222,Grimes,RS,40,f,CA,Female
381,7,0.3333333333333333,PJ Harvey,RS,40,f,UK,Female
381,8,0.31546487678572877,Lush,RS,40,f,FI,Male
381,10,0.2890648263178879,Lush,RS,40,f,FI,Male
381,9,0.3010299956639812,James Blake,RS,40,f,UK,Male
389,1,1.0,FELIX SANDMAN,ES,28,m,SE,Male
389,2,0.6309297535714575,James Arthur,ES,28,m,UK,Male
389,3,0.5,Adele,ES,28,m,UK,Female
389,4,0.43067655807339306,Ed Sheeran,ES,28,m,UK,Male
389,5,0.38685280723454163,Nicki Minaj,ES,28,m,US,Female
389,6,0.3562071871080222,Ed Sheeran,ES,28,m,UK,Male
389,7,0.3333333333333333,Justin Bieber,ES,28,m,CA,Male
389,8,0.31546487678572877,Jesse McCartney,ES,28,m,US,Male
389,9,0.3010299956639812,Justin Bieber,ES,28,m,CA,Male
389,10,0.2890648263178879,James Vincent McMorrow,ES,28,m,IE,Male
844,1,1.0,Weyes Blood,AT,19,m,US,Female
844,2,0.6309297535714575,Weyes Blood,AT,19,m,US,Female
844,3,0.5,Weyes Blood,AT,19,m,US,Female
844,4,0.43067655807339306,Aldous Harding,AT,19,m,NZ,Female
844,5,0.38685280723454163,Snail Mail,AT,19,m,US,Female
844,6,0.3562071871080222,Jessica Pratt,AT,19,m,US,Female
844,7,0.3333333333333333,Snail Mail,AT,19,m,US,Female
844,8,0.31546487678572877,Jessica Pratt,AT,19,m,US,Female
844,10,0.2890648263178879,Sharon Van Etten,AT,19,m,US,Female
844,9,0.3010299956639812,Bat for Lashes,AT,19,m,UK,Female
82,1,1.0,Bryan Adams,RU,26,m,CA,Male
82,2,0.6309297535714575,Corinne Bailey Rae,RU,26,m,UK,Female
82,4,0.43067655807339306,Ed Sheeran,RU,26,m,UK,Male
82,6,0.3562071871080222,Shawn Mendes,RU,26,m,CA,Male
82,8,0.31546487678572877,Avril Lavigne,RU,26,m,CA,Female
82,10,0.2890648263178879,Jess Glynne,RU,26,m,UK,Female
82,9,0.3010299956639812,Tom Odell,RU,26,m,UK,Male
82,7,0.3333333333333333,Ed Sheeran,RU,26,m,UK,Male
82,5,0.38685280723454163,Dennis Lloyd,RU,26,m,IL,Male
82,3,0.5,Ed Sheeran,RU,26,m,UK,Male
884,1,1.0,Kacey Musgraves,RU,17,m,US,Female
884,2,0.6309297535714575,Kacey Musgraves,RU,17,m,US,Female
884,3,0.5,Mr.Kitty,RU,17,m,US,Male
884,4,0.43067655807339306,Princess Chelsea,RU,17,m,NZ,Female
884,5,0.38685280723454163,Weyes Blood,RU,17,m,US,Female
884,6,0.3562071871080222,Snail Mail,RU,17,m,US,Female
884,7,0.3333333333333333,Grimes,RU,17,m,CA,Female
884,8,0.31546487678572877,Weyes Blood,RU,17,m,US,Female
884,10,0.2890648263178879,Kacey Musgraves,RU,17,m,US,Female
884,9,0.3010299956639812,Vitalic,RU,17,m,FR,Male
560,1,1.0,Hozier,SK,22,f,IE,Male
560,2,0.6309297535714575,Hozier,SK,22,f,IE,Male
560,3,0.5,Tycho,SK,22,f,US,Male
560,4,0.43067655807339306,Emilie Autumn,SK,22,f,US,Female
560,5,0.38685280723454163,James Blake,SK,22,f,UK,Male
560,6,0.3562071871080222,Thom Yorke,SK,22,f,UK,Male
560,7,0.3333333333333333,James Blake,SK,22,f,UK,Male
560,9,0.3010299956639812,Four Tet,SK,22,f,UK,Male
560,10,0.2890648263178879,Ry x,SK,22,f,AU,Male
560,8,0.31546487678572877,Ry x,SK,22,f,AU,Male
240,1,1.0,Peter Bradley Adams,DE,25,m,US,Male
240,2,0.6309297535714575,Jack Johnson,DE,25,m,US,Male
240,3,0.5,James Vincent McMorrow,DE,25,m,IE,Male
240,4,0.43067655807339306,Chris Stapleton,DE,25,m,US,Male
240,6,0.3562071871080222,Chris Stapleton,DE,25,m,US,Male
240,8,0.31546487678572877,Ane Brun,DE,25,m,NO,Female
240,10,0.2890648263178879,Carla Bruni,DE,25,m,FR,Female
240,9,0.3010299956639812,Riley Pearce,DE,25,m,AU,Male
240,7,0.3333333333333333,Thomas Dybdahl,DE,25,m,NO,Male
240,5,0.38685280723454163,Damien Rice,DE,25,m,IE,Male
308,1,1.0,Britney Spears,AU,27,f,US,Female
308,2,0.6309297535714575,Ghost,AU,27,f,UK,Male
308,3,0.5,Sia,AU,27,f,AU,Female
308,4,0.43067655807339306,Britney Spears,AU,27,f,US,Female
308,5,0.38685280723454163,Seal,AU,27,f,UK,Male
308,7,0.3333333333333333,Sia,AU,27,f,AU,Female
308,9,0.3010299956639812,Edwyn Collins,AU,27,f,UK,Male
308,10,0.2890648263178879,Lost Frequencies,AU,27,f,BE,Male
308,8,0.31546487678572877,Sia,AU,27,f,AU,Female
308,6,0.3562071871080222,Lianne La Havas,AU,27,f,UK,Female
578,1,1.0,Britney Spears,US,26,m,US,Female
578,2,0.6309297535714575,Britney Spears,US,26,m,US,Female
578,3,0.5,Duncan Laurence,US,26,m,NL,Male
578,4,0.43067655807339306,Mahmood,US,26,m,IT,Male
578,5,0.38685280723454163,Laura Branigan,US,26,m,US,Female
578,7,0.3333333333333333,Haddaway,US,26,m,DE,Male
578,8,0.31546487678572877,Michael Sembello,US,26,m,US,Male
578,9,0.3010299956639812,Michael Jackson,US,26,m,US,Male
578,10,0.2890648263178879,Sean Paul,US,26,m,JM,Male
578,6,0.3562071871080222,Alexandra Stan,US,26,m,RO,Female
323,1,1.0,Ariana Grande,IE,36,m,US,Female
323,2,0.6309297535714575,James Blake,IE,36,m,UK,Male
323,3,0.5,James Blake,IE,36,m,UK,Male
323,4,0.43067655807339306,Britney Spears,IE,36,m,US,Female
323,5,0.38685280723454163,Britney Spears,IE,36,m,US,Female
323,6,0.3562071871080222,Avril Lavigne,IE,36,m,CA,Female
323,9,0.3010299956639812,Adele,IE,36,m,UK,Female
323,10,0.2890648263178879,Thom Yorke,IE,36,m,UK,Male
323,8,0.31546487678572877,Joe Goddard,IE,36,m,UK,Male
323,7,0.3333333333333333,Jessie J,IE,36,m,UK,Female
292,1,1.0,Devin Townsend,SI,19,m,CA,Male
292,2,0.6309297535714575,Rush,SI,19,m,US,Male
292,5,0.38685280723454163,Tarja,SI,19,m,FI,Female
292,6,0.3562071871080222,Devin Townsend,SI,19,m,CA,Male
292,10,0.2890648263178879,David Bowie,SI,19,m,UK,Male
292,9,0.3010299956639812,Emperor,SI,19,m,UK,Male
292,8,0.31546487678572877,David Bowie,SI,19,m,UK,Male
292,7,0.3333333333333333,Sylvaine,SI,19,m,NO,Female
292,4,0.43067655807339306,Ihsahn,SI,19,m,NO,Male
292,3,0.5,Rory Gallagher,SI,19,m,IE,Male
344,1,1.0,Beck,IT,24,f,DK,Male
344,2,0.6309297535714575,Taylor Swift,IT,24,f,US,Female
344,3,0.5,Kelly Clarkson,IT,24,f,US,Female
344,7,0.3333333333333333,Sampha,IT,24,f,UK,Male
344,8,0.31546487678572877,Taylor Swift,IT,24,f,US,Female
344,10,0.2890648263178879,Ellie Goulding,IT,24,f,UK,Female
344,9,0.3010299956639812,Carl Espen,IT,24,f,NO,Male
344,6,0.3562071871080222,Ellie Goulding,IT,24,f,UK,Female
344,5,0.38685280723454163,Graham Coxon,IT,24,f,UK,Male
344,4,0.43067655807339306,Ellie Goulding,IT,24,f,UK,Female
479,1,1.0,Aldous Harding,NL,22,m,NZ,Female
479,2,0.6309297535714575,Thom Yorke,NL,22,m,UK,Male
479,3,0.5,Snail Mail,NL,22,m,US,Female
479,4,0.43067655807339306,Julia Holter,NL,22,m,US,Female
479,5,0.38685280723454163,Four Tet,NL,22,m,UK,Male
479,6,0.3562071871080222,Jessica Pratt,NL,22,m,US,Female
479,7,0.3333333333333333,James Blake,NL,22,m,UK,Male
479,8,0.31546487678572877,Grimes,NL,22,m,CA,Female
479,10,0.2890648263178879,Tame Impala,NL,22,m,AU,Male
479,9,0.3010299956639812,James Blake,NL,22,m,UK,Male
691,1,1.0,Amanda Palmer,CA,25,m,US,Female
691,2,0.6309297535714575,Dido,CA,25,m,UK,Female
691,3,0.5,David Bowie,CA,25,m,UK,Male
691,5,0.38685280723454163,David Bowie,CA,25,m,UK,Male
691,6,0.3562071871080222,Fever Ray,CA,25,m,SE,Non-binary
691,8,0.31546487678572877,Leonard Cohen,CA,25,m,CA,Male
691,9,0.3010299956639812,Thom Yorke,CA,25,m,UK,Male
691,10,0.2890648263178879,David Bowie,CA,25,m,UK,Male
691,7,0.3333333333333333,Mylène Farmer,CA,25,m,FR,Female
691,4,0.43067655807339306,Róisín Murphy,CA,25,m,IE,Female
185,1,1.0,Billy Joel,NL,22,m,US,Male
185,2,0.6309297535714575,Haddaway,NL,22,m,DE,Male
185,3,0.5,Chuck Berry,NL,22,m,US,Male
185,4,0.43067655807339306,Corinne Bailey Rae,NL,22,m,UK,Female
185,5,0.38685280723454163,Vanessa Carlton,NL,22,m,US,Female
185,6,0.3562071871080222,Seal,NL,22,m,UK,Male
185,7,0.3333333333333333,Neil Diamond,NL,22,m,US,Male
185,8,0.31546487678572877,Nik Kershaw,NL,22,m,UK,Male
185,10,0.2890648263178879,Dennis Lloyd,NL,22,m,IL,Male
185,9,0.3010299956639812,Bob Marley & The Wailers,NL,22,m,JM,Male
537,1,1.0,Britney Spears,UK,22,m,US,Female
537,2,0.6309297535714575,Ariana Grande,UK,22,m,US,Female
537,3,0.5,Britney Spears,UK,22,m,US,Female
537,4,0.43067655807339306,Chris Isaak,UK,22,m,US,Male
537,5,0.38685280723454163,Duncan Laurence,UK,22,m,NL,Male
537,6,0.3562071871080222,Roy Orbison,UK,22,m,US,Male
537,7,0.3333333333333333,Bryan Adams,UK,22,m,CA,Male
537,10,0.2890648263178879,Seal,UK,22,m,UK,Male
537,9,0.3010299956639812,Jessie J,UK,22,m,UK,Female
537,8,0.31546487678572877,Edwyn Collins,UK,22,m,UK,Male
173,1,1.0,Gregory Alan Isakov,US,37,m,US,Male
173,2,0.6309297535714575,Ray LaMontagne,US,37,m,US,Male
173,3,0.5,Peter Bradley Adams,US,37,m,US,Male
173,4,0.43067655807339306,Weyes Blood,US,37,m,US,Female
173,5,0.38685280723454163,Adele,US,37,m,UK,Female
173,7,0.3333333333333333,Four Tet,US,37,m,UK,Male
173,9,0.3010299956639812,Ben Howard,US,37,m,UK,Male
173,10,0.2890648263178879,James Blake,US,37,m,UK,Male
173,8,0.31546487678572877,Adele,US,37,m,UK,Female
173,6,0.3562071871080222,Adele,US,37,m,UK,Female
924,1,1.0,Marilyn Manson,PH,19,m,US,Male
924,2,0.6309297535714575,Marilyn Manson,PH,19,m,US,Male
924,3,0.5,Marilyn Manson,PH,19,m,US,Male
924,4,0.43067655807339306,Ozzy Osbourne,PH,19,m,UK,Male
924,6,0.3562071871080222,Britney Spears,PH,19,m,US,Female
924,7,0.3333333333333333,Marilyn Manson,PH,19,m,US,Male
924,8,0.31546487678572877,Seal,PH,19,m,UK,Male
924,9,0.3010299956639812,Bryan Adams,PH,19,m,CA,Male
924,10,0.2890648263178879,Chuck Berry,PH,19,m,US,Male
924,5,0.38685280723454163,Noisestorm,PH,19,m,IE,Male
80,1,1.0,Red,RU,24,m,PL,Male
80,2,0.6309297535714575,Blue Stahli,RU,24,m,US,Male
80,3,0.5,Moby,RU,24,m,US,Male
80,4,0.43067655807339306,Meg Myers,RU,24,m,US,Female
80,5,0.38685280723454163,Björk,RU,24,m,IS,Female
80,6,0.3562071871080222,Rob Zombie,RU,24,m,US,Male
80,7,0.3333333333333333,Beck,RU,24,m,DK,Male
80,8,0.31546487678572877,Moby,RU,24,m,US,Male
80,10,0.2890648263178879,Edwyn Collins,RU,24,m,UK,Male
80,9,0.3010299956639812,Oxxxymiron,RU,24,m,UK,Male
434,1,1.0,Mayhem,RU,25,m,CA,Female
434,2,0.6309297535714575,Emperor,RU,25,m,UK,Male
434,3,0.5,Mayhem,RU,25,m,CA,Female
434,4,0.43067655807339306,Ihsahn,RU,25,m,NO,Male
434,5,0.38685280723454163,Nile,RU,25,m,US,Female
434,6,0.3562071871080222,Queen,RU,25,m,JP,Female
434,7,0.3333333333333333,Mayhem,RU,25,m,CA,Female
434,8,0.31546487678572877,Russian Red,RU,25,m,ES,Female
434,10,0.2890648263178879,Vashti Bunyan,RU,25,m,UK,Female
434,9,0.3010299956639812,KT Tunstall,RU,25,m,UK,Female
149,1,1.0,Ry x,PL,32,m,AU,Male
149,2,0.6309297535714575,John Maus,PL,32,m,US,Male
149,3,0.5,Aldous Harding,PL,32,m,NZ,Female
149,4,0.43067655807339306,James Blake,PL,32,m,UK,Male
149,5,0.38685280723454163,Four Tet,PL,32,m,UK,Male
149,6,0.3562071871080222,Weyes Blood,PL,32,m,US,Female
149,7,0.3333333333333333,James Blake,PL,32,m,UK,Male
149,8,0.31546487678572877,Mahmood,PL,32,m,IT,Male
149,9,0.3010299956639812,Perfume Genius,PL,32,m,US,Male
149,10,0.2890648263178879,Joe Goddard,PL,32,m,UK,Male
759,1,1.0,Roy Orbison,DE,26,m,US,Male
759,2,0.6309297535714575,Seal,DE,26,m,UK,Male
759,3,0.5,Haddaway,DE,26,m,DE,Male
759,4,0.43067655807339306,Eagle-Eye Cherry,DE,26,m,SE,Male
759,5,0.38685280723454163,Billy Joel,DE,26,m,US,Male
759,6,0.3562071871080222,Rod Stewart,DE,26,m,UK,Male
759,7,0.3333333333333333,Dolly Parton,DE,26,m,US,Female
759,8,0.31546487678572877,Nik Kershaw,DE,26,m,UK,Male
759,10,0.2890648263178879,Ed Sheeran,DE,26,m,UK,Male
759,9,0.3010299956639812,Edwyn Collins,DE,26,m,UK,Male
717,1,1.0,Ariana Grande,BR,22,f,US,Female
717,2,0.6309297535714575,Sia,BR,22,f,AU,Female
717,3,0.5,Adele,BR,22,f,UK,Female
717,4,0.43067655807339306,Justin Timberlake,BR,22,f,US,Male
717,5,0.38685280723454163,Adele,BR,22,f,UK,Female
717,6,0.3562071871080222,Sia,BR,22,f,AU,Female
717,7,0.3333333333333333,Justin Bieber,BR,22,f,CA,Male
717,10,0.2890648263178879,George Ezra,BR,22,f,UK,Male
717,9,0.3010299956639812,Sia,BR,22,f,AU,Female
717,8,0.31546487678572877,Adele,BR,22,f,UK,Female
677,1,1.0,Weyes Blood,PS,18,m,US,Female
677,2,0.6309297535714575,Jessica Pratt,PS,18,m,US,Female
677,3,0.5,Jessica Pratt,PS,18,m,US,Female
677,4,0.43067655807339306,Thom Yorke,PS,18,m,UK,Male
677,5,0.38685280723454163,Julia Holter,PS,18,m,US,Female
677,6,0.3562071871080222,Cass McCombs,PS,18,m,US,Male
677,7,0.3333333333333333,Angel Olsen,PS,18,m,US,Female
677,9,0.3010299956639812,James Blake,PS,18,m,UK,Male
677,10,0.2890648263178879,Dean Blunt,PS,18,m,UK,Male
677,8,0.31546487678572877,James Blake,PS,18,m,UK,Male
911,1,1.0,Marilyn Manson,BR,21,m,US,Male
911,2,0.6309297535714575,Laura Branigan,BR,21,m,US,Female
911,3,0.5,AFI,BR,21,m,US,Female
911,4,0.43067655807339306,Moby,BR,21,m,US,Male
911,5,0.38685280723454163,Marilyn Manson,BR,21,m,US,Male
911,7,0.3333333333333333,Bob Marley & The Wailers,BR,21,m,JM,Male
911,9,0.3010299956639812,Bob Marley & The Wailers,BR,21,m,JM,Male
911,10,0.2890648263178879,Jorge Ben,BR,21,m,BR,Male
911,8,0.31546487678572877,Caetano Veloso,BR,21,m,BR,Male
911,6,0.3562071871080222,Bob Marley & The Wailers,BR,21,m,JM,Male
317,1,1.0,Wild Nothing,US,23,m,US,Male
317,2,0.6309297535714575,Yung Lean,US,23,m,SE,Male
317,3,0.5,Sally Dige,US,23,m,DE,Female
317,4,0.43067655807339306,Rob Zombie,US,23,m,US,Male
317,5,0.38685280723454163,The Weeknd,US,23,m,CA,Male
317,6,0.3562071871080222,Boston Bun,US,23,m,FR,Male
317,10,0.2890648263178879,Nick Lowe,US,23,m,UK,Male
317,9,0.3010299956639812,Eros Ramazzotti,US,23,m,IT,Male
317,8,0.31546487678572877,Akon,US,23,m,SN,Male
317,7,0.3333333333333333,Eros Ramazzotti,US,23,m,IT,Male
581,1,1.0,Waldeck,HU,20,m,AT,Male
581,2,0.6309297535714575,Moby,HU,20,m,US,Male
581,5,0.38685280723454163,Frank Turner,HU,20,m,UK,Male
581,7,0.3333333333333333,Brian Eno,HU,20,m,UK,Male
581,10,0.2890648263178879,Miracle of Sound,HU,20,m,IE,Male
581,9,0.3010299956639812,Charles Aznavour,HU,20,m,FR,Male
581,8,0.31546487678572877,George Harrison,HU,20,m,UK,Male
581,6,0.3562071871080222,Ozzy Osbourne,HU,20,m,UK,Male
581,4,0.43067655807339306,Arca,HU,20,m,VE,Non-binary
581,3,0.5,Mika,HU,20,m,BA,Male
706,1,1.0,Aldous Harding,IT,20,m,NZ,Female
706,2,0.6309297535714575,Jenny Lewis,IT,20,m,US,Female
706,3,0.5,Snail Mail,IT,20,m,US,Female
706,5,0.38685280723454163,Björk,IT,20,m,IS,Female
706,10,0.2890648263178879,PJ Harvey,IT,20,m,UK,Female
706,9,0.3010299956639812,Bat for Lashes,IT,20,m,UK,Female
706,8,0.31546487678572877,Grimes,IT,20,m,CA,Female
706,7,0.3333333333333333,Lush,IT,20,m,FI,Male
706,6,0.3562071871080222,PJ Harvey,IT,20,m,UK,Female
706,4,0.43067655807339306,Lush,IT,20,m,FI,Male
605,1,1.0,Ariana Grande,IN,19,m,US,Female
605,2,0.6309297535714575,Travis Scott,IN,19,m,US,Male
605,3,0.5,Ariana Grande,IN,19,m,US,Female
605,4,0.43067655807339306,Tame Impala,IN,19,m,AU,Male
605,5,0.38685280723454163,Ariana Grande,IN,19,m,US,Female
605,6,0.3562071871080222,Lana Del Rey,IN,19,m,US,Female
605,7,0.3333333333333333,Britney Spears,IN,19,m,US,Female
605,8,0.31546487678572877,Beck,IN,19,m,DK,Male
605,9,0.3010299956639812,Britney Spears,IN,19,m,US,Female
605,10,0.2890648263178879,Lana Del Rey,IN,19,m,US,Female
617,1,1.0,James Blake,EE,32,f,UK,Male
617,2,0.6309297535714575,Toro y Moi,EE,32,f,US,Male
617,3,0.5,Weyes Blood,EE,32,f,US,Female
617,4,0.43067655807339306,Snail Mail,EE,32,f,US,Female
617,5,0.38685280723454163,Thom Yorke,EE,32,f,UK,Male
617,6,0.3562071871080222,Apparat,EE,32,f,DE,Male
617,7,0.3333333333333333,John Maus,EE,32,f,US,Male
617,8,0.31546487678572877,Four Tet,EE,32,f,UK,Male
617,9,0.3010299956639812,Kurt Vile,EE,32,f,US,Male
617,10,0.2890648263178879,Tame Impala,EE,32,f,AU,Male
93,1,1.0,Bryan Adams,FI,23,m,CA,Male
93,2,0.6309297535714575,Eagle-Eye Cherry,FI,23,m,SE,Male
93,3,0.5,Beck,FI,23,m,DK,Male
93,4,0.43067655807339306,Michael Sembello,FI,23,m,US,Male
93,7,0.3333333333333333,Seal,FI,23,m,UK,Male
93,9,0.3010299956639812,Avril Lavigne,FI,23,m,CA,Female
93,10,0.2890648263178879,Bob Marley & The Wailers,FI,23,m,JM,Male
93,8,0.31546487678572877,Nik Kershaw,FI,23,m,UK,Male
93,6,0.3562071871080222,Edwyn Collins,FI,23,m,UK,Male
93,5,0.38685280723454163,Bob Marley & The Wailers,FI,23,m,JM,Male
798,1,1.0,IU,SE,25,m,KR,Female
798,2,0.6309297535714575,YOB,SE,25,m,UK,Male
798,3,0.5,Ghost,SE,25,m,UK,Male
798,4,0.43067655807339306,G-DRAGON,SE,25,m,KR,Male
798,5,0.38685280723454163,Mahmood,SE,25,m,IT,Male
798,7,0.3333333333333333,Chris Isaak,SE,25,m,US,Male
798,10,0.2890648263178879,IU,SE,25,m,KR,Female
798,9,0.3010299956639812,Sunmi,SE,25,m,KR,Female
798,8,0.31546487678572877,Bonobo,SE,25,m,UK,Male
798,6,0.3562071871080222,Girl In Red,SE,25,m,NO,Female
55,1,1.0,Tycho,US,24,m,US,Male
55,2,0.6309297535714575,Lisa Miskovsky,US,24,m,SE,Female
55,3,0.5,Flume,US,24,m,AU,Male
55,4,0.43067655807339306,Benjamin Booker,US,24,m,US,Male
55,5,0.38685280723454163,Billy Joel,US,24,m,US,Male
55,6,0.3562071871080222,Iron & Wine,US,24,m,US,Male
55,7,0.3333333333333333,Devendra Banhart,US,24,m,US,Male
55,10,0.2890648263178879,Ben Howard,US,24,m,UK,Male
55,9,0.3010299956639812,Édith Piaf,US,24,m,FR,Female
55,8,0.31546487678572877,Tame Impala,US,24,m,AU,Male
278,1,1.0,Devin Townsend,FI,25,m,CA,Male
278,2,0.6309297535714575,Beck,FI,25,m,DK,Male
278,3,0.5,Devin Townsend,FI,25,m,CA,Male
278,4,0.43067655807339306,Red,FI,25,m,PL,Male
278,6,0.3562071871080222,Carpenter Brut,FI,25,m,FR,Male
278,7,0.3333333333333333,Carpenter Brut,FI,25,m,FR,Male
278,8,0.31546487678572877,Devin Townsend,FI,25,m,CA,Male
278,9,0.3010299956639812,Emperor,FI,25,m,UK,Male
278,10,0.2890648263178879,David Bowie,FI,25,m,UK,Male
278,5,0.38685280723454163,Rory Gallagher,FI,25,m,IE,Male
437,1,1.0,Kurt Vile,FR,23,m,US,Male
437,2,0.6309297535714575,Snail Mail,FR,23,m,US,Female
437,3,0.5,John Maus,FR,23,m,US,Male
437,4,0.43067655807339306,Weyes Blood,FR,23,m,US,Female
437,5,0.38685280723454163,Toro y Moi,FR,23,m,US,Male
437,6,0.3562071871080222,Weyes Blood,FR,23,m,US,Female
437,7,0.3333333333333333,Jessica Pratt,FR,23,m,US,Female
437,10,0.2890648263178879,Joe Goddard,FR,23,m,UK,Male
437,9,0.3010299956639812,Tame Impala,FR,23,m,AU,Male
437,8,0.31546487678572877,Tirzah,FR,23,m,UK,Female
209,1,1.0,AFI,UK,23,m,US,Female
209,2,0.6309297535714575,Haddaway,UK,23,m,DE,Male
209,3,0.5,Eminem,UK,23,m,US,Male
209,4,0.43067655807339306,Ariana Grande,UK,23,m,US,Female
209,5,0.38685280723454163,Britney Spears,UK,23,m,US,Female
209,6,0.3562071871080222,Britney Spears,UK,23,m,US,Female
209,7,0.3333333333333333,Michael Sembello,UK,23,m,US,Male
209,10,0.2890648263178879,Ghost,UK,23,m,UK,Male
209,9,0.3010299956639812,Bob Marley & The Wailers,UK,23,m,JM,Male
209,8,0.31546487678572877,Bryan Adams,UK,23,m,CA,Male
487,1,1.0,Beck,US,30,m,DK,Male
487,2,0.6309297535714575,Ariana Grande,US,30,m,US,Female
487,3,0.5,Britney Spears,US,30,m,US,Female
487,4,0.43067655807339306,Britney Spears,US,30,m,US,Female
487,6,0.3562071871080222,Ariana Grande,US,30,m,US,Female
487,7,0.3333333333333333,Haddaway,US,30,m,DE,Male
487,10,0.2890648263178879,Rita Ora,US,30,m,UK,Female
487,9,0.3010299956639812,Sia,US,30,m,AU,Female
487,8,0.31546487678572877,Sia,US,30,m,AU,Female
487,5,0.38685280723454163,Mika,US,30,m,BA,Male
367,1,1.0,Britney Spears,US,21,f,US,Female
367,2,0.6309297535714575,Billy Joel,US,21,f,US,Male
367,3,0.5,John Mayer,US,21,f,IN,Male
367,4,0.43067655807339306,John Mayer,US,21,f,IN,Male
367,5,0.38685280723454163,Adele,US,21,f,UK,Female
367,6,0.3562071871080222,Ed Sheeran,US,21,f,UK,Male
367,8,0.31546487678572877,Adele,US,21,f,UK,Female
367,9,0.3010299956639812,Roy Orbison,US,21,f,US,Male
367,10,0.2890648263178879,Adele,US,21,f,UK,Female
367,7,0.3333333333333333,George Ezra,US,21,f,UK,Male
661,1,1.0,Mayhem,BR,21,m,CA,Female
661,2,0.6309297535714575,Mayhem,BR,21,m,CA,Female
661,3,0.5,Annihilator,BR,21,m,UK,Male
661,4,0.43067655807339306,Venom,BR,21,m,UK,Male
661,5,0.38685280723454163,Emperor,BR,21,m,UK,Male
661,6,0.3562071871080222,Jerry Cantrell,BR,21,m,US,Male
661,7,0.3333333333333333,Red,BR,21,m,PL,Male
661,9,0.3010299956639812,Venom,BR,21,m,UK,Male
661,10,0.2890648263178879,Emperor,BR,21,m,UK,Male
661,8,0.31546487678572877,Marisa Monte,BR,21,m,BR,Female
133,1,1.0,Mariah Carey,US,21,f,US,Female
133,2,0.6309297535714575,Taylor Swift,US,21,f,US,Female
133,3,0.5,Rita Ora,US,21,f,UK,Female
133,4,0.43067655807339306,Ariana Grande,US,21,f,US,Female
133,5,0.38685280723454163,Rihanna,US,21,f,UK,Female
133,6,0.3562071871080222,Beyoncé,US,21,f,US,Female
133,8,0.31546487678572877,Robyn,US,21,f,SE,Female
133,10,0.2890648263178879,Avril Lavigne,US,21,f,CA,Female
133,9,0.3010299956639812,Troye Sivan,US,21,f,AU,Male
133,7,0.3333333333333333,Kygo,US,21,f,NO,Male
732,1,1.0,Marilyn Manson,RU,27,m,US,Male
732,2,0.6309297535714575,Marilyn Manson,RU,27,m,US,Male
732,3,0.5,Marilyn Manson,RU,27,m,US,Male
732,4,0.43067655807339306,Marilyn Manson,RU,27,m,US,Male
732,5,0.38685280723454163,Ozzy Osbourne,RU,27,m,UK,Male
732,6,0.3562071871080222,Marilyn Manson,RU,27,m,US,Male
732,7,0.3333333333333333,Marilyn Manson,RU,27,m,US,Male
732,8,0.31546487678572877,Marilyn Manson,RU,27,m,US,Male
732,9,0.3010299956639812,Marilyn Manson,RU,27,m,US,Male
732,10,0.2890648263178879,Leonard Cohen,RU,27,m,CA,Male
688,1,1.0,Kurt Vile,CO,18,m,US,Male
688,2,0.6309297535714575,Grimes,CO,18,m,CA,Female
688,3,0.5,Weyes Blood,CO,18,m,US,Female
688,4,0.43067655807339306,Thom Yorke,CO,18,m,UK,Male
688,5,0.38685280723454163,Four Tet,CO,18,m,UK,Male
688,6,0.3562071871080222,Snail Mail,CO,18,m,US,Female
688,7,0.3333333333333333,Weyes Blood,CO,18,m,US,Female
688,10,0.2890648263178879,James Blake,CO,18,m,UK,Male
688,9,0.3010299956639812,James Blake,CO,18,m,UK,Male
688,8,0.31546487678572877,Mahmood,CO,18,m,IT,Male
77,1,1.0,Marilyn Manson,FI,31,m,US,Male
77,2,0.6309297535714575,Marilyn Manson,FI,31,m,US,Male
77,3,0.5,Marilyn Manson,FI,31,m,US,Male
77,4,0.43067655807339306,Marilyn Manson,FI,31,m,US,Male
77,6,0.3562071871080222,Ozzy Osbourne,FI,31,m,UK,Male
77,7,0.3333333333333333,Ozzy Osbourne,FI,31,m,UK,Male
77,9,0.3010299956639812,Marilyn Manson,FI,31,m,US,Male
77,10,0.2890648263178879,Ozzy Osbourne,FI,31,m,UK,Male
77,8,0.31546487678572877,Carpenter Brut,FI,31,m,FR,Male
77,5,0.38685280723454163,Ozzy Osbourne,FI,31,m,UK,Male
76,1,1.0,Charles Bolt,DE,61,m,US,Male
76,2,0.6309297535714575,Howlin' Wolf,DE,61,m,US,Male
76,3,0.5,Elvis Presley,DE,61,m,US,Male
76,4,0.43067655807339306,Leonard Cohen,DE,61,m,CA,Male
76,5,0.38685280723454163,Little Walter,DE,61,m,US,Male
76,6,0.3562071871080222,Little Richard,DE,61,m,US,Male
76,10,0.2890648263178879,Juan Magán,DE,61,m,ES,Male
76,9,0.3010299956639812,Eric Clapton,DE,61,m,UK,Male
76,8,0.31546487678572877,DJ Snake,DE,61,m,FR,Male
76,7,0.3333333333333333,Lisa,DE,61,m,IT,Female
483,1,1.0,Snail Mail,US,26,m,US,Female
483,2,0.6309297535714575,Tame Impala,US,26,m,AU,Male
483,3,0.5,John Maus,US,26,m,US,Male
483,4,0.43067655807339306,Mitski,US,26,m,US,Female
483,5,0.38685280723454163,Lil Nas X,US,26,m,US,Male
483,6,0.3562071871080222,Robyn,US,26,m,SE,Female
483,8,0.31546487678572877,Grimes,US,26,m,CA,Female
483,10,0.2890648263178879,The Tallest Man on Earth,US,26,m,SE,Male
483,9,0.3010299956639812,Thom Yorke,US,26,m,UK,Male
483,7,0.3333333333333333,James Blake,US,26,m,UK,Male
769,1,1.0,Ariana Grande,US,22,m,US,Female
769,2,0.6309297535714575,Ariana Grande,US,22,m,US,Female
769,3,0.5,Ariana Grande,US,22,m,US,Female
769,4,0.43067655807339306,Ariana Grande,US,22,m,US,Female
769,5,0.38685280723454163,Britney Spears,US,22,m,US,Female
769,6,0.3562071871080222,Jessie J,US,22,m,UK,Female
769,7,0.3333333333333333,Ariana Grande,US,22,m,US,Female
769,8,0.31546487678572877,Rita Ora,US,22,m,UK,Female
769,10,0.2890648263178879,Sia,US,22,m,AU,Female
769,9,0.3010299956639812,Fergie,US,22,m,UK,Male
146,1,1.0,Chelsea Wolfe,EE,28,f,US,Female
146,2,0.6309297535714575,Tori Amos,EE,28,f,US,Female
146,3,0.5,Chelsea Wolfe,EE,28,f,US,Female
146,4,0.43067655807339306,Princess Chelsea,EE,28,f,NZ,Female
146,5,0.38685280723454163,Emma Ruth Rundle,EE,28,f,US,Female
146,6,0.3562071871080222,Tori Amos,EE,28,f,US,Female
146,7,0.3333333333333333,Copeland,EE,28,f,UK,Female
146,8,0.31546487678572877,Emma Ruth Rundle,EE,28,f,US,Female
146,9,0.3010299956639812,Tori Amos,EE,28,f,US,Female
146,10,0.2890648263178879,Tori Amos,EE,28,f,US,Female
751,1,1.0,Carpenter Brut,PL,18,m,FR,Male
751,2,0.6309297535714575,Vitalic,PL,18,m,FR,Male
751,3,0.5,Celldweller,PL,18,m,US,Male
751,4,0.43067655807339306,Celldweller,PL,18,m,US,Male
751,5,0.38685280723454163,Frank Ocean,PL,18,m,US,Male
751,6,0.3562071871080222,Celldweller,PL,18,m,US,Male
751,7,0.3333333333333333,Tove Lo,PL,18,m,SE,Female
751,8,0.31546487678572877,Nero,PL,18,m,DE,Male
751,9,0.3010299956639812,Perturbator,PL,18,m,FR,Male
751,10,0.2890648263178879,Planningtorock,PL,18,m,UK,Non-binary
284,1,1.0,Bryan Adams,DE,22,m,CA,Male
284,2,0.6309297535714575,Haddaway,DE,22,m,DE,Male
284,3,0.5,Beck,DE,22,m,DK,Male
284,4,0.43067655807339306,Billy Joel,DE,22,m,US,Male
284,10,0.2890648263178879,Seal,DE,22,m,UK,Male
284,9,0.3010299956639812,Corinne Bailey Rae,DE,22,m,UK,Female
284,8,0.31546487678572877,Eric Clapton,DE,22,m,UK,Male
284,7,0.3333333333333333,Steve Winwood,DE,22,m,UK,Male
284,6,0.3562071871080222,Bryan Ferry,DE,22,m,UK,Male
284,5,0.38685280723454163,Dennis Lloyd,DE,22,m,IL,Male
715,1,1.0,Tom Waits,RU,22,m,US,Male
715,2,0.6309297535714575,David Bowie,RU,22,m,UK,Male
715,3,0.5,PJ Harvey,RU,22,m,UK,Female
715,4,0.43067655807339306,Grimes,RU,22,m,CA,Female
715,5,0.38685280723454163,Lou Reed,RU,22,m,US,Male
715,6,0.3562071871080222,Grouper,RU,22,m,US,Female
715,10,0.2890648263178879,George Harrison,RU,22,m,UK,Male
715,9,0.3010299956639812,Morrissey,RU,22,m,UK,Male
715,8,0.31546487678572877,PJ Harvey,RU,22,m,UK,Female
715,7,0.3333333333333333,Bryan Ferry,RU,22,m,UK,Male
438,1,1.0,Bryan Adams,UK,30,m,CA,Male
438,2,0.6309297535714575,Lil Nas X,UK,30,m,US,Male
438,3,0.5,Adele,UK,30,m,UK,Female
438,4,0.43067655807339306,Roy Orbison,UK,30,m,US,Male
438,5,0.38685280723454163,Dennis Lloyd,UK,30,m,IL,Male
438,6,0.3562071871080222,Charles Bolt,UK,30,m,US,Male
438,10,0.2890648263178879,Jess Glynne,UK,30,m,UK,Female
438,9,0.3010299956639812,Ronan Keating,UK,30,m,IE,Male
438,8,0.31546487678572877,Steve Winwood,UK,30,m,UK,Male
438,7,0.3333333333333333,George Ezra,UK,30,m,UK,Male
27,1,1.0,deadmau5,BY,32,m,CA,Male
27,2,0.6309297535714575,Porter Robinson,BY,32,m,US,Male
27,3,0.5,Bonobo,BY,32,m,UK,Male
27,4,0.43067655807339306,Parov Stelar,BY,32,m,AT,Male
27,5,0.38685280723454163,Aaron Smith,BY,32,m,US,Male
27,6,0.3562071871080222,Porter Robinson,BY,32,m,US,Male
27,7,0.3333333333333333,Bonobo,BY,32,m,UK,Male
27,8,0.31546487678572877,Queen,BY,32,m,JP,Female
27,9,0.3010299956639812,Oliver Koletzki,BY,32,m,DE,Male
27,10,0.2890648263178879,Carpenter Brut,BY,32,m,FR,Male
396,1,1.0,Ariana Grande,US,18,f,US,Female
396,2,0.6309297535714575,Britney Spears,US,18,f,US,Female
396,3,0.5,Sia,US,18,f,AU,Female
396,4,0.43067655807339306,Eagle-Eye Cherry,US,18,f,SE,Male
396,5,0.38685280723454163,Edwyn Collins,US,18,f,UK,Male
396,6,0.3562071871080222,Marilyn Manson,US,18,f,US,Male
396,10,0.2890648263178879,Mahmood,US,18,f,IT,Male
396,9,0.3010299956639812,Seal,US,18,f,UK,Male
396,8,0.31546487678572877,Jess Glynne,US,18,f,UK,Female
396,7,0.3333333333333333,Rita Ora,US,18,f,UK,Female
190,1,1.0,Toro y Moi,PT,27,m,US,Male
190,2,0.6309297535714575,Toro y Moi,PT,27,m,US,Male
190,3,0.5,Four Tet,PT,27,m,UK,Male
190,4,0.43067655807339306,Tame Impala,PT,27,m,AU,Male
190,5,0.38685280723454163,Father John Misty,PT,27,m,US,Male
190,6,0.3562071871080222,Frank Ocean,PT,27,m,US,Male
190,7,0.3333333333333333,Toro y Moi,PT,27,m,US,Male
190,8,0.31546487678572877,Beck,PT,27,m,DK,Male
190,10,0.2890648263178879,Flume,PT,27,m,AU,Male
190,9,0.3010299956639812,Édith Piaf,PT,27,m,FR,Female
448,1,1.0,Eagle-Eye Cherry,PL,19,f,SE,Male
448,2,0.6309297535714575,Marilyn Manson,PL,19,f,US,Male
448,3,0.5,Beck,PL,19,f,DK,Male
448,4,0.43067655807339306,Blue Stahli,PL,19,f,US,Male
448,5,0.38685280723454163,Queen,PL,19,f,JP,Female
448,6,0.3562071871080222,Eric Clapton,PL,19,f,UK,Male
448,10,0.2890648263178879,Edwyn Collins,PL,19,f,UK,Male
448,9,0.3010299956639812,Ozzy Osbourne,PL,19,f,UK,Male
448,8,0.31546487678572877,Carpenter Brut,PL,19,f,FR,Male
448,7,0.3333333333333333,Adele,PL,19,f,UK,Female
685,1,1.0,Taylor Swift,US,17,f,US,Female
685,2,0.6309297535714575,Troye Sivan,US,17,f,AU,Male
685,3,0.5,Mariah Carey,US,17,f,US,Female
685,4,0.43067655807339306,Ariana Grande,US,17,f,US,Female
685,5,0.38685280723454163,Rita Ora,US,17,f,UK,Female
685,6,0.3562071871080222,Britney Spears,US,17,f,US,Female
685,7,0.3333333333333333,Jessie J,US,17,f,UK,Female
685,10,0.2890648263178879,Kygo,US,17,f,NO,Male
685,9,0.3010299956639812,Fergie,US,17,f,UK,Male
685,8,0.31546487678572877,Rihanna,US,17,f,UK,Female
50,1,1.0,Queen,BE,27,m,JP,Female
50,2,0.6309297535714575,John Mayer,BE,27,m,IN,Male
50,3,0.5,Marilyn Manson,BE,27,m,US,Male
50,5,0.38685280723454163,Corinne Bailey Rae,BE,27,m,UK,Female
50,8,0.31546487678572877,Avril Lavigne,BE,27,m,CA,Female
50,10,0.2890648263178879,Sia,BE,27,m,AU,Female
50,9,0.3010299956639812,George Ezra,BE,27,m,UK,Male
50,7,0.3333333333333333,Eric Clapton,BE,27,m,UK,Male
50,6,0.3562071871080222,Mahmood,BE,27,m,IT,Male
50,4,0.43067655807339306,Jessie J,BE,27,m,UK,Female
621,1,1.0,Britney Spears,BR,19,m,US,Female
621,2,0.6309297535714575,Britney Spears,BR,19,m,US,Female
621,3,0.5,Robyn,BR,19,m,SE,Female
621,4,0.43067655807339306,Avril Lavigne,BR,19,m,CA,Female
621,5,0.38685280723454163,Adele,BR,19,m,UK,Female
621,6,0.3562071871080222,Sia,BR,19,m,AU,Female
621,10,0.2890648263178879,Corinne Bailey Rae,BR,19,m,UK,Female
621,9,0.3010299956639812,Bryan Adams,BR,19,m,CA,Male
621,8,0.31546487678572877,Eric Clapton,BR,19,m,UK,Male
621,7,0.3333333333333333,Ed Sheeran,BR,19,m,UK,Male
540,1,1.0,Marilyn Manson,RU,30,m,US,Male
540,3,0.5,Moby,RU,30,m,US,Male
540,6,0.3562071871080222,Sia,RU,30,m,AU,Female
540,7,0.3333333333333333,Sia,RU,30,m,AU,Female
540,9,0.3010299956639812,Bryan Adams,RU,30,m,CA,Male
540,10,0.2890648263178879,Carpenter Brut,RU,30,m,FR,Male
540,8,0.31546487678572877,Avril Lavigne,RU,30,m,CA,Female
540,5,0.38685280723454163,Sia,RU,30,m,AU,Female
540,4,0.43067655807339306,Ozzy Osbourne,RU,30,m,UK,Male
540,2,0.6309297535714575,Carpenter Brut,RU,30,m,FR,Male
101,1,1.0,Ariana Grande,PL,37,m,US,Female
101,2,0.6309297535714575,Ariana Grande,PL,37,m,US,Female
101,3,0.5,Ariana Grande,PL,37,m,US,Female
101,4,0.43067655807339306,Ariana Grande,PL,37,m,US,Female
101,5,0.38685280723454163,Ariana Grande,PL,37,m,US,Female
101,6,0.3562071871080222,Taylor Swift,PL,37,m,US,Female
101,7,0.3333333333333333,Janelle Monáe,PL,37,m,US,Non-binary
101,10,0.2890648263178879,Troye Sivan,PL,37,m,AU,Male
101,9,0.3010299956639812,Rita Ora,PL,37,m,UK,Female
101,8,0.31546487678572877,Rihanna,PL,37,m,UK,Female
905,1,1.0,Norah Jones,NL,22,f,US,Female
905,2,0.6309297535714575,Leonard Cohen,NL,22,f,CA,Male
905,3,0.5,Sia,NL,22,f,AU,Female
905,4,0.43067655807339306,Ariana Grande,NL,22,f,US,Female
905,5,0.38685280723454163,Sia,NL,22,f,AU,Female
905,8,0.31546487678572877,Corinne Bailey Rae,NL,22,f,UK,Female
905,9,0.3010299956639812,George Ezra,NL,22,f,UK,Male
905,10,0.2890648263178879,Ed Sheeran,NL,22,f,UK,Male
905,7,0.3333333333333333,Sia,NL,22,f,AU,Female
905,6,0.3562071871080222,Jessie J,NL,22,f,UK,Female
929,1,1.0,Ariana Grande,BR,18,f,US,Female
929,2,0.6309297535714575,Raul Seixas,BR,18,f,BR,Male
929,3,0.5,Robyn,BR,18,f,SE,Female
929,4,0.43067655807339306,Tame Impala,BR,18,f,AU,Male
929,5,0.38685280723454163,Ben Howard,BR,18,f,UK,Male
929,6,0.3562071871080222,Belchior,BR,18,f,BR,Male
929,7,0.3333333333333333,Ben Howard,BR,18,f,UK,Male
929,10,0.2890648263178879,Adele,BR,18,f,UK,Female
929,9,0.3010299956639812,Patrick Watson,BR,18,f,CA,Male
929,8,0.31546487678572877,Johnny Hooker,BR,18,f,BR,Male
879,1,1.0,Astrud Gilberto,BR,16,m,BR,Female
879,2,0.6309297535714575,Ice Cube,BR,16,m,US,Male
879,3,0.5,Sufjan Stevens,BR,16,m,US,Male
879,4,0.43067655807339306,Father John Misty,BR,16,m,US,Male
879,7,0.3333333333333333,David Bowie,BR,16,m,UK,Male
879,10,0.2890648263178879,David Bowie,BR,16,m,UK,Male
879,9,0.3010299956639812,David Bowie,BR,16,m,UK,Male
879,8,0.31546487678572877,Bryan Ferry,BR,16,m,UK,Male
879,6,0.3562071871080222,Lost Frequencies,BR,16,m,BE,Male
879,5,0.38685280723454163,Édith Piaf,BR,16,m,FR,Female
593,1,1.0,Weyes Blood,JP,27,m,US,Female
593,2,0.6309297535714575,Aldous Harding,JP,27,m,NZ,Female
593,3,0.5,John Maus,JP,27,m,US,Male
593,4,0.43067655807339306,Weyes Blood,JP,27,m,US,Female
593,5,0.38685280723454163,Weyes Blood,JP,27,m,US,Female
593,6,0.3562071871080222,Four Tet,JP,27,m,UK,Male
593,8,0.31546487678572877,Tame Impala,JP,27,m,AU,Male
593,9,0.3010299956639812,Björk,JP,27,m,IS,Female
593,10,0.2890648263178879,PJ Harvey,JP,27,m,UK,Female
593,7,0.3333333333333333,PJ Harvey,JP,27,m,UK,Female
828,1,1.0,Britney Spears,BR,22,m,US,Female
828,2,0.6309297535714575,Ariana Grande,BR,22,m,US,Female
828,3,0.5,Sia,BR,22,m,AU,Female
828,4,0.43067655807339306,Sia,BR,22,m,AU,Female
828,7,0.3333333333333333,Sia,BR,22,m,AU,Female
828,9,0.3010299956639812,Ed Sheeran,BR,22,m,UK,Male
828,10,0.2890648263178879,Tom Odell,BR,22,m,UK,Male
828,8,0.31546487678572877,Adele,BR,22,m,UK,Female
828,6,0.3562071871080222,Jessie J,BR,22,m,UK,Female
828,5,0.38685280723454163,Ed Sheeran,BR,22,m,UK,Male
326,1,1.0,John Maus,NL,26,m,US,Male
326,2,0.6309297535714575,Snail Mail,NL,26,m,US,Female
326,3,0.5,Aldous Harding,NL,26,m,NZ,Female
326,4,0.43067655807339306,John Maus,NL,26,m,US,Male
326,5,0.38685280723454163,Weyes Blood,NL,26,m,US,Female
326,6,0.3562071871080222,Laura Marling,NL,26,m,UK,Female
326,7,0.3333333333333333,Kevin Morby,NL,26,m,US,Male
326,10,0.2890648263178879,Cate le Bon,NL,26,m,UK,Female
326,9,0.3010299956639812,Ry x,NL,26,m,AU,Male
326,8,0.31546487678572877,Arca,NL,26,m,VE,Non-binary
770,1,1.0,John Maus,FR,19,m,US,Male
770,3,0.5,Ice Cube,FR,19,m,US,Male
770,4,0.43067655807339306,Bryan Adams,FR,19,m,CA,Male
770,5,0.38685280723454163,Edwyn Collins,FR,19,m,UK,Male
770,6,0.3562071871080222,Duncan Laurence,FR,19,m,NL,Male
770,9,0.3010299956639812,James Arthur,FR,19,m,UK,Male
770,10,0.2890648263178879,Lily Allen,FR,19,m,UK,Female
770,8,0.31546487678572877,Thom Yorke,FR,19,m,UK,Male
770,7,0.3333333333333333,Jess Glynne,FR,19,m,UK,Female
770,2,0.6309297535714575,Milow,FR,19,m,BE,Male
386,1,1.0,Marilyn Manson,BR,21,m,US,Male
386,2,0.6309297535714575,Beck,BR,21,m,DK,Male
386,3,0.5,Edwyn Collins,BR,21,m,UK,Male
386,4,0.43067655807339306,Björk,BR,21,m,IS,Female
386,5,0.38685280723454163,Eminem,BR,21,m,US,Male
386,6,0.3562071871080222,Björk,BR,21,m,IS,Female
386,7,0.3333333333333333,Bob Marley & The Wailers,BR,21,m,JM,Male
386,9,0.3010299956639812,Bryan Adams,BR,21,m,CA,Male
386,10,0.2890648263178879,Ozzy Osbourne,BR,21,m,UK,Male
386,8,0.31546487678572877,Bob Marley & The Wailers,BR,21,m,JM,Male
274,1,1.0,Carpenter Brut,DE,24,m,FR,Male
274,2,0.6309297535714575,Mr.Kitty,DE,24,m,US,Male
274,3,0.5,Vitalic,DE,24,m,FR,Male
274,4,0.43067655807339306,Carpenter Brut,DE,24,m,FR,Male
274,5,0.38685280723454163,Ils,DE,24,m,UK,Male
274,6,0.3562071871080222,Oliver Koletzki,DE,24,m,DE,Male
274,7,0.3333333333333333,Perturbator,DE,24,m,FR,Male
274,10,0.2890648263178879,Dimension,DE,24,m,ES,Male
274,9,0.3010299956639812,Noisestorm,DE,24,m,IE,Male
274,8,0.31546487678572877,Vitalic,DE,24,m,FR,Male
206,1,1.0,Rush,BG,30,m,US,Male
206,2,0.6309297535714575,Billy Joel,BG,30,m,US,Male
206,3,0.5,Bryan Adams,BG,30,m,CA,Male
206,4,0.43067655807339306,Queen,BG,30,m,JP,Female
206,5,0.38685280723454163,Queen,BG,30,m,JP,Female
206,6,0.3562071871080222,Chuck Berry,BG,30,m,US,Male
206,7,0.3333333333333333,Frank Zappa,BG,30,m,US,Male
206,10,0.2890648263178879,Rod Stewart,BG,30,m,UK,Male
206,9,0.3010299956639812,Bob Marley & The Wailers,BG,30,m,JM,Male
206,8,0.31546487678572877,Bob Marley & The Wailers,BG,30,m,JM,Male
233,1,1.0,Billy Joel,NL,20,m,US,Male
233,2,0.6309297535714575,Bryan Adams,NL,20,m,CA,Male
233,3,0.5,Eagle-Eye Cherry,NL,20,m,SE,Male
233,5,0.38685280723454163,Justin Bieber,NL,20,m,CA,Male
233,6,0.3562071871080222,Shawn Mendes,NL,20,m,CA,Male
233,7,0.3333333333333333,Ed Sheeran,NL,20,m,UK,Male
233,8,0.31546487678572877,Eric Clapton,NL,20,m,UK,Male
233,9,0.3010299956639812,George Ezra,NL,20,m,UK,Male
233,10,0.2890648263178879,Corinne Bailey Rae,NL,20,m,UK,Female
233,4,0.43067655807339306,Adele,NL,20,m,UK,Female
350,1,1.0,Marilyn Manson,RU,25,m,US,Male
350,2,0.6309297535714575,Marilyn Manson,RU,25,m,US,Male
350,3,0.5,Red,RU,25,m,PL,Male
350,4,0.43067655807339306,Ozzy Osbourne,RU,25,m,UK,Male
350,5,0.38685280723454163,Haddaway,RU,25,m,DE,Male
350,6,0.3562071871080222,Marilyn Manson,RU,25,m,US,Male
350,7,0.3333333333333333,Michael Jackson,RU,25,m,US,Male
350,8,0.31546487678572877,ATB,RU,25,m,DE,Male
350,9,0.3010299956639812,Beck,RU,25,m,DK,Male
350,10,0.2890648263178879,Gary Moore,RU,25,m,UK,Male
814,1,1.0,Hozier,BR,19,f,IE,Male
814,2,0.6309297535714575,Hozier,BR,19,f,IE,Male
814,3,0.5,Lil Nas X,BR,19,f,US,Male
814,4,0.43067655807339306,Hozier,BR,19,f,IE,Male
814,5,0.38685280723454163,Jeff Buckley,BR,19,f,US,Male
814,7,0.3333333333333333,Haddaway,BR,19,f,DE,Male
814,8,0.31546487678572877,Hozier,BR,19,f,IE,Male
814,10,0.2890648263178879,Adele,BR,19,f,UK,Female
814,9,0.3010299956639812,Tame Impala,BR,19,f,AU,Male
814,6,0.3562071871080222,Carpenter Brut,BR,19,f,FR,Male
24,1,1.0,RuPaul,US,27,m,US,Female
24,2,0.6309297535714575,Katy Perry,US,27,m,US,Female
24,3,0.5,Mariah Carey,US,27,m,US,Female
24,8,0.31546487678572877,Kylie Minogue,US,27,m,AU,Female
24,9,0.3010299956639812,Sia,US,27,m,AU,Female
24,10,0.2890648263178879,Vanessa Paradis,US,27,m,FR,Female
24,7,0.3333333333333333,Sia,US,27,m,AU,Female
24,6,0.3562071871080222,Kylie Minogue,US,27,m,AU,Female
24,5,0.38685280723454163,Kylie Minogue,US,27,m,AU,Female
24,4,0.43067655807339306,Dido,US,27,m,UK,Female
652,1,1.0,Toro y Moi,JP,33,m,US,Male
652,2,0.6309297535714575,Thom Yorke,JP,33,m,UK,Male
652,3,0.5,Toro y Moi,JP,33,m,US,Male
652,4,0.43067655807339306,Mahmood,JP,33,m,IT,Male
652,5,0.38685280723454163,James Blake,JP,33,m,UK,Male
652,7,0.3333333333333333,Duncan Laurence,JP,33,m,NL,Male
652,10,0.2890648263178879,Tame Impala,JP,33,m,AU,Male
652,9,0.3010299956639812,James Blake,JP,33,m,UK,Male
652,8,0.31546487678572877,Ry x,JP,33,m,AU,Male
652,6,0.3562071871080222,George Ezra,JP,33,m,UK,Male
829,1,1.0,Lil Nas X,PL,18,f,US,Male
829,2,0.6309297535714575,Britney Spears,PL,18,f,US,Female
829,3,0.5,Toro y Moi,PL,18,f,US,Male
829,5,0.38685280723454163,Dido,PL,18,f,UK,Female
829,9,0.3010299956639812,Grimes,PL,18,f,CA,Female
829,10,0.2890648263178879,James Blake,PL,18,f,UK,Male
829,8,0.31546487678572877,James Blake,PL,18,f,UK,Male
829,7,0.3333333333333333,Adele,PL,18,f,UK,Female
829,6,0.3562071871080222,Édith Piaf,PL,18,f,FR,Female
829,4,0.43067655807339306,Pional,PL,18,f,ES,Male
673,1,1.0,Laura Branigan,SE,22,f,US,Female
673,2,0.6309297535714575,Roy Orbison,SE,22,f,US,Male
673,3,0.5,Marilyn Manson,SE,22,f,US,Male
673,7,0.3333333333333333,Bryan Adams,SE,22,f,CA,Male
673,8,0.31546487678572877,Rihanna,SE,22,f,UK,Female
673,9,0.3010299956639812,Edwyn Collins,SE,22,f,UK,Male
673,10,0.2890648263178879,Manu Chao,SE,22,f,FR,Male
673,6,0.3562071871080222,Ozzy Osbourne,SE,22,f,UK,Male
673,5,0.38685280723454163,Wax Tailor,SE,22,f,FR,Male
673,4,0.43067655807339306,Édith Piaf,SE,22,f,FR,Female
749,1,1.0,Ozzy Osbourne,RU,20,m,UK,Male
749,2,0.6309297535714575,Moby,RU,20,m,US,Male
749,3,0.5,Red,RU,20,m,PL,Male
749,4,0.43067655807339306,Blue Stahli,RU,20,m,US,Male
749,5,0.38685280723454163,Björk,RU,20,m,IS,Female
749,6,0.3562071871080222,Haddaway,RU,20,m,DE,Male
749,7,0.3333333333333333,Marilyn Manson,RU,20,m,US,Male
749,10,0.2890648263178879,Ozzy Osbourne,RU,20,m,UK,Male
749,9,0.3010299956639812,Ozzy Osbourne,RU,20,m,UK,Male
749,8,0.31546487678572877,Sia,RU,20,m,AU,Female
343,1,1.0,Britney Spears,FI,26,m,US,Female
343,2,0.6309297535714575,Britney Spears,FI,26,m,US,Female
343,10,0.2890648263178879,Rihanna,FI,26,m,UK,Female
343,9,0.3010299956639812,Nik Kershaw,FI,26,m,UK,Male
343,8,0.31546487678572877,Avril Lavigne,FI,26,m,CA,Female
343,7,0.3333333333333333,Rita Ora,FI,26,m,UK,Female
343,6,0.3562071871080222,Rihanna,FI,26,m,UK,Female
343,5,0.38685280723454163,Edwyn Collins,FI,26,m,UK,Male
343,4,0.43067655807339306,Bob Marley & The Wailers,FI,26,m,JM,Male
343,3,0.5,Alexander Rybak,FI,26,m,NO,Male
650,1,1.0,Serj Tankian,BY,24,m,US,Male
650,2,0.6309297535714575,Ozzy Osbourne,BY,24,m,UK,Male
650,3,0.5,Haddaway,BY,24,m,DE,Male
650,4,0.43067655807339306,Queen,BY,24,m,JP,Female
650,5,0.38685280723454163,Britney Spears,BY,24,m,US,Female
650,6,0.3562071871080222,Jonathan Davis,BY,24,m,US,Male
650,8,0.31546487678572877,Sia,BY,24,m,AU,Female
650,10,0.2890648263178879,Eric Clapton,BY,24,m,UK,Male
650,9,0.3010299956639812,Bob Marley & The Wailers,BY,24,m,JM,Male
650,7,0.3333333333333333,Mika,BY,24,m,BA,Male
179,1,1.0,Britney Spears,UK,27,m,US,Female
179,2,0.6309297535714575,Britney Spears,UK,27,m,US,Female
179,3,0.5,Ariana Grande,UK,27,m,US,Female
179,4,0.43067655807339306,Ariana Grande,UK,27,m,US,Female
179,5,0.38685280723454163,Robyn,UK,27,m,SE,Female
179,9,0.3010299956639812,Avril Lavigne,UK,27,m,CA,Female
179,10,0.2890648263178879,Adele,UK,27,m,UK,Female
179,8,0.31546487678572877,Jessie J,UK,27,m,UK,Female
179,7,0.3333333333333333,Rita Ora,UK,27,m,UK,Female
179,6,0.3562071871080222,Sia,UK,27,m,AU,Female
475,1,1.0,Kylie Minogue,PL,24,m,AU,Female
475,2,0.6309297535714575,Kylie Minogue,PL,24,m,AU,Female
475,3,0.5,George Michael,PL,24,m,UK,Male
475,4,0.43067655807339306,Vanessa Paradis,PL,24,m,FR,Female
475,5,0.38685280723454163,Gala,PL,24,m,IT,Female
475,7,0.3333333333333333,Kylie Minogue,PL,24,m,AU,Female
475,8,0.31546487678572877,Róisín Murphy,PL,24,m,IE,Female
475,9,0.3010299956639812,Kylie Minogue,PL,24,m,AU,Female
475,10,0.2890648263178879,Sophie Ellis-Bextor,PL,24,m,UK,Female
475,6,0.3562071871080222,Sophie Ellis-Bextor,PL,24,m,UK,Female
907,1,1.0,Loreen,BY,30,m,SE,Female
907,2,0.6309297535714575,Mahmood,BY,30,m,IT,Male
907,3,0.5,Vitalic,BY,30,m,FR,Male
907,5,0.38685280723454163,Carpenter Brut,BY,30,m,FR,Male
907,7,0.3333333333333333,Beck,BY,30,m,DK,Male
907,8,0.31546487678572877,Chris Isaak,BY,30,m,US,Male
907,9,0.3010299956639812,Perturbator,BY,30,m,FR,Male
907,10,0.2890648263178879,Vanessa Paradis,BY,30,m,FR,Female
907,6,0.3562071871080222,Ester Peony,BY,30,m,RO,Female
907,4,0.43067655807339306,Mika,BY,30,m,BA,Male
502,1,1.0,Travis Scott,PL,18,m,US,Male
502,2,0.6309297535714575,Lana Del Rey,PL,18,m,US,Female
502,3,0.5,Ariana Grande,PL,18,m,US,Female
502,4,0.43067655807339306,John Maus,PL,18,m,US,Male
502,5,0.38685280723454163,Weyes Blood,PL,18,m,US,Female
502,7,0.3333333333333333,Kanye West,PL,18,m,US,Male
502,10,0.2890648263178879,Tame Impala,PL,18,m,AU,Male
502,9,0.3010299956639812,Grimes,PL,18,m,CA,Female
502,8,0.31546487678572877,Astrud Gilberto,PL,18,m,BR,Female
502,6,0.3562071871080222,James Blake,PL,18,m,UK,Male
803,1,1.0,Ariana Grande,US,18,f,US,Female
803,2,0.6309297535714575,Britney Spears,US,18,f,US,Female
803,3,0.5,Rita Ora,US,18,f,UK,Female
803,4,0.43067655807339306,Janelle Monáe,US,18,f,US,Non-binary
803,5,0.38685280723454163,Paris Hilton,US,18,f,US,Female
803,6,0.3562071871080222,Ariana Grande,US,18,f,US,Female
803,8,0.31546487678572877,Corinne Bailey Rae,US,18,f,UK,Female
803,9,0.3010299956639812,Kygo,US,18,f,NO,Male
803,10,0.2890648263178879,Rihanna,US,18,f,UK,Female
803,7,0.3333333333333333,Adele,US,18,f,UK,Female
563,1,1.0,Cass Elliot,PL,16,m,US,Female
563,2,0.6309297535714575,Vitalic,PL,16,m,FR,Male
563,4,0.43067655807339306,John Frusciante,PL,16,m,US,Male
563,5,0.38685280723454163,Moby,PL,16,m,US,Male
563,7,0.3333333333333333,Parov Stelar,PL,16,m,AT,Male
563,9,0.3010299956639812,Carpenter Brut,PL,16,m,FR,Male
563,10,0.2890648263178879,Christine and the Queens,PL,16,m,FR,Male
563,8,0.31546487678572877,Raul Seixas,PL,16,m,BR,Male
563,6,0.3562071871080222,Caetano Veloso,PL,16,m,BR,Male
563,3,0.5,Raul Seixas,PL,16,m,BR,Male
915,1,1.0,Rush,FI,25,m,US,Male
915,2,0.6309297535714575,Rush,FI,25,m,US,Male
915,3,0.5,Rush,FI,25,m,US,Male
915,4,0.43067655807339306,Rush,FI,25,m,US,Male
915,5,0.38685280723454163,Rush,FI,25,m,US,Male
915,6,0.3562071871080222,Rush,FI,25,m,US,Male
915,7,0.3333333333333333,Rush,FI,25,m,US,Male
915,8,0.31546487678572877,Rush,FI,25,m,US,Male
915,9,0.3010299956639812,Rush,FI,25,m,US,Male
915,10,0.2890648263178879,Rush,FI,25,m,US,Male
377,1,1.0,Snail Mail,BE,36,m,US,Female
377,2,0.6309297535714575,Weyes Blood,BE,36,m,US,Female
377,3,0.5,Weyes Blood,BE,36,m,US,Female
377,4,0.43067655807339306,Sufjan Stevens,BE,36,m,US,Male
377,5,0.38685280723454163,Beck,BE,36,m,DK,Male
377,6,0.3562071871080222,Weyes Blood,BE,36,m,US,Female
377,8,0.31546487678572877,Mac DeMarco,BE,36,m,CA,Male
377,10,0.2890648263178879,PJ Harvey,BE,36,m,UK,Female
377,9,0.3010299956639812,Nick Drake,BE,36,m,UK,Male
377,7,0.3333333333333333,PJ Harvey,BE,36,m,UK,Female
47,1,1.0,Moby,RU,28,m,US,Male
47,2,0.6309297535714575,Chris Cornell,RU,28,m,US,Male
47,3,0.5,Chris Cornell,RU,28,m,US,Male
47,5,0.38685280723454163,Moby,RU,28,m,US,Male
47,6,0.3562071871080222,Venom,RU,28,m,UK,Male
47,9,0.3010299956639812,Lil Halima,RU,28,m,NO,Female
47,10,0.2890648263178879,Thom Yorke,RU,28,m,UK,Male
47,8,0.31546487678572877,Darkher,RU,28,m,UK,Female
47,7,0.3333333333333333,Noisestorm,RU,28,m,IE,Male
47,4,0.43067655807339306,Caetano Veloso,RU,28,m,BR,Male
250,1,1.0,Ariana Grande,UA,26,m,US,Female
250,2,0.6309297535714575,Lana Del Rey,UA,26,m,US,Female
250,3,0.5,Lana Del Rey,UA,26,m,US,Female
250,4,0.43067655807339306,Robyn,UA,26,m,SE,Female
250,5,0.38685280723454163,Ariana Grande,UA,26,m,US,Female
250,6,0.3562071871080222,Britney Spears,UA,26,m,US,Female
250,7,0.3333333333333333,Taylor Swift,UA,26,m,US,Female
250,10,0.2890648263178879,Jessie J,UA,26,m,UK,Female
250,9,0.3010299956639812,Sia,UA,26,m,AU,Female
250,8,0.31546487678572877,Sia,UA,26,m,AU,Female
642,1,1.0,Beck,RU,21,m,DK,Male
642,2,0.6309297535714575,Moby,RU,21,m,US,Male
642,3,0.5,Björk,RU,21,m,IS,Female
642,5,0.38685280723454163,Ozzy Osbourne,RU,21,m,UK,Male
642,6,0.3562071871080222,Britney Spears,RU,21,m,US,Female
642,10,0.2890648263178879,Carpenter Brut,RU,21,m,FR,Male
642,9,0.3010299956639812,Edwyn Collins,RU,21,m,UK,Male
642,8,0.31546487678572877,Seal,RU,21,m,UK,Male
642,7,0.3333333333333333,Mahmood,RU,21,m,IT,Male
642,4,0.43067655807339306,Perturbator,RU,21,m,FR,Male
922,1,1.0,Beck,BG,22,m,DK,Male
922,2,0.6309297535714575,Chuck Berry,BG,22,m,US,Male
922,3,0.5,Edwyn Collins,BG,22,m,UK,Male
922,4,0.43067655807339306,Eagle-Eye Cherry,BG,22,m,SE,Male
922,5,0.38685280723454163,Björk,BG,22,m,IS,Female
922,6,0.3562071871080222,Eminem,BG,22,m,US,Male
922,7,0.3333333333333333,Laura Branigan,BG,22,m,US,Female
922,8,0.31546487678572877,Marilyn Manson,BG,22,m,US,Male
922,9,0.3010299956639812,Queen,BG,22,m,JP,Female
922,10,0.2890648263178879,Bob Marley & The Wailers,BG,22,m,JM,Male
400,1,1.0,Ed Sheeran,DE,24,m,UK,Male
400,2,0.6309297535714575,Ed Sheeran,DE,24,m,UK,Male
400,3,0.5,Demi Lovato,DE,24,m,US,Non-binary
400,4,0.43067655807339306,Demi Lovato,DE,24,m,US,Non-binary
400,5,0.38685280723454163,Demi Lovato,DE,24,m,US,Non-binary
400,6,0.3562071871080222,Ed Sheeran,DE,24,m,UK,Male
400,7,0.3333333333333333,Ed Sheeran,DE,24,m,UK,Male
400,8,0.31546487678572877,Sinitta,DE,24,m,UK,Female
400,9,0.3010299956639812,Troye Sivan,DE,24,m,AU,Male
400,10,0.2890648263178879,Sia,DE,24,m,AU,Female
150,1,1.0,Cassadee Pope,US,25,m,US,Female
150,2,0.6309297535714575,Jon Pardi,US,25,m,US,Male
150,3,0.5,Blake Shelton,US,25,m,US,Male
150,4,0.43067655807339306,Thomas Rhett,US,25,m,US,Male
150,5,0.38685280723454163,Brett Eldredge,US,25,m,US,Male
150,6,0.3562071871080222,Projota,US,25,m,BR,Male
150,7,0.3333333333333333,Blake Shelton,US,25,m,US,Male
150,8,0.31546487678572877,Kip Moore,US,25,m,US,Male
150,10,0.2890648263178879,Projota,US,25,m,BR,Male
150,9,0.3010299956639812,Lenine,US,25,m,BR,Male
263,1,1.0,Joe Goddard,CZ,35,m,UK,Male
263,2,0.6309297535714575,Ry x,CZ,35,m,AU,Male
263,3,0.5,Four Tet,CZ,35,m,UK,Male
263,4,0.43067655807339306,Aldous Harding,CZ,35,m,NZ,Female
263,5,0.38685280723454163,Ry x,CZ,35,m,AU,Male
263,6,0.3562071871080222,James Blake,CZ,35,m,UK,Male
263,7,0.3333333333333333,Twin Shadow,CZ,35,m,US,Male
263,9,0.3010299956639812,James Blake,CZ,35,m,UK,Male
263,10,0.2890648263178879,Pional,CZ,35,m,ES,Male
263,8,0.31546487678572877,Thom Yorke,CZ,35,m,UK,Male
700,1,1.0,Serj Tankian,RU,24,f,US,Male
700,2,0.6309297535714575,Serj Tankian,RU,24,f,US,Male
700,3,0.5,Peter Tosh,RU,24,f,JM,Male
700,4,0.43067655807339306,Ozzy Osbourne,RU,24,f,UK,Male
700,5,0.38685280723454163,Machine Head,RU,24,f,JP,Male
700,6,0.3562071871080222,Luis Bacalov,RU,24,f,AR,Male
700,7,0.3333333333333333,Lady Sovereign,RU,24,f,UK,Female
700,10,0.2890648263178879,Ozzy Osbourne,RU,24,f,UK,Male
700,9,0.3010299956639812,Ozzy Osbourne,RU,24,f,UK,Male
700,8,0.31546487678572877,Raul Seixas,RU,24,f,BR,Male
87,1,1.0,PJ Harvey,UK,22,m,UK,Female
87,2,0.6309297535714575,Jeff Buckley,UK,22,m,US,Male
87,3,0.5,PJ Harvey,UK,22,m,UK,Female
87,4,0.43067655807339306,Weyes Blood,UK,22,m,US,Female
87,7,0.3333333333333333,PJ Harvey,UK,22,m,UK,Female
87,9,0.3010299956639812,Grimes,UK,22,m,CA,Female
87,10,0.2890648263178879,Scott Walker,UK,22,m,UK,Male
87,8,0.31546487678572877,Thom Yorke,UK,22,m,UK,Male
87,6,0.3562071871080222,David Bowie,UK,22,m,UK,Male
87,5,0.38685280723454163,Lily Allen,UK,22,m,UK,Female
547,1,1.0,Aldous Harding,AU,32,m,NZ,Female
547,2,0.6309297535714575,Kate Bush,AU,32,m,UK,Female
547,3,0.5,Weyes Blood,AU,32,m,US,Female
547,4,0.43067655807339306,Weyes Blood,AU,32,m,US,Female
547,5,0.38685280723454163,Snail Mail,AU,32,m,US,Female
547,6,0.3562071871080222,James Blake,AU,32,m,UK,Male
547,7,0.3333333333333333,James Blake,AU,32,m,UK,Male
547,8,0.31546487678572877,Twin Shadow,AU,32,m,US,Male
547,10,0.2890648263178879,Astrud Gilberto,AU,32,m,BR,Female
547,9,0.3010299956639812,Kate Bush,AU,32,m,UK,Female
548,1,1.0,Dolly Parton,UK,30,m,US,Female
548,2,0.6309297535714575,Moby,UK,30,m,US,Male
548,3,0.5,Kanye West,UK,30,m,US,Male
548,4,0.43067655807339306,Eagle-Eye Cherry,UK,30,m,SE,Male
548,5,0.38685280723454163,John Mayer,UK,30,m,IN,Male
548,7,0.3333333333333333,Édith Piaf,UK,30,m,FR,Female
548,9,0.3010299956639812,Björk,UK,30,m,IS,Female
548,10,0.2890648263178879,Tame Impala,UK,30,m,AU,Male
548,8,0.31546487678572877,Bob Marley & The Wailers,UK,30,m,JM,Male
548,6,0.3562071871080222,Édith Piaf,UK,30,m,FR,Female
555,1,1.0,Celldweller,RU,18,m,US,Male
555,2,0.6309297535714575,Queen,RU,18,m,JP,Female
555,3,0.5,Red,RU,18,m,PL,Male
555,4,0.43067655807339306,Nero,RU,18,m,DE,Male
555,7,0.3333333333333333,Celldweller,RU,18,m,US,Male
555,8,0.31546487678572877,Devin Townsend,RU,18,m,CA,Male
555,9,0.3010299956639812,Rob Zombie,RU,18,m,US,Male
555,10,0.2890648263178879,Vitalic,RU,18,m,FR,Male
555,6,0.3562071871080222,Édith Piaf,RU,18,m,FR,Female
555,5,0.38685280723454163,Joe Dassin,RU,18,m,FR,Male
94,1,1.0,Ariana Grande,OM,26,m,US,Female
94,2,0.6309297535714575,Bryan Adams,OM,26,m,CA,Male
94,3,0.5,Sia,OM,26,m,AU,Female
94,4,0.43067655807339306,Britney Spears,OM,26,m,US,Female
94,5,0.38685280723454163,Roy Orbison,OM,26,m,US,Male
94,6,0.3562071871080222,Marilyn Manson,OM,26,m,US,Male
94,7,0.3333333333333333,Britney Spears,OM,26,m,US,Female
94,10,0.2890648263178879,Sia,OM,26,m,AU,Female
94,9,0.3010299956639812,Sia,OM,26,m,AU,Female
94,8,0.31546487678572877,Jessie J,OM,26,m,UK,Female
455,1,1.0,Tame Impala,PL,19,m,AU,Male
455,2,0.6309297535714575,Mayhem,PL,19,m,CA,Female
455,3,0.5,Carpenter Brut,PL,19,m,FR,Male
455,4,0.43067655807339306,Grimes,PL,19,m,CA,Female
455,5,0.38685280723454163,Devin Townsend,PL,19,m,CA,Male
455,6,0.3562071871080222,IAMX,PL,19,m,DE,Male
455,9,0.3010299956639812,David Bowie,PL,19,m,UK,Male
455,10,0.2890648263178879,Barrington Levy,PL,19,m,JM,Male
455,8,0.31546487678572877,Emperor,PL,19,m,UK,Male
455,7,0.3333333333333333,YOB,PL,19,m,UK,Male
840,1,1.0,Avril Lavigne,AU,17,m,CA,Female
840,2,0.6309297535714575,Taylor Swift,AU,17,m,US,Female
840,3,0.5,Robyn,AU,17,m,SE,Female
840,5,0.38685280723454163,Adele,AU,17,m,UK,Female
840,6,0.3562071871080222,Paula Abdul,AU,17,m,US,Female
840,7,0.3333333333333333,Adele,AU,17,m,UK,Female
840,10,0.2890648263178879,Corinne Bailey Rae,AU,17,m,UK,Female
840,9,0.3010299956639812,Rita Ora,AU,17,m,UK,Female
840,8,0.31546487678572877,Ed Sheeran,AU,17,m,UK,Male
840,4,0.43067655807339306,Eric Clapton,AU,17,m,UK,Male
11,1,1.0,Tame Impala,FI,26,m,AU,Male
11,2,0.6309297535714575,Rush,FI,26,m,US,Male
11,3,0.5,Devin Townsend,FI,26,m,CA,Male
11,4,0.43067655807339306,Laura Branigan,FI,26,m,US,Female
11,5,0.38685280723454163,Duncan Laurence,FI,26,m,NL,Male
11,6,0.3562071871080222,Eminem,FI,26,m,US,Male
11,9,0.3010299956639812,Bob Marley & The Wailers,FI,26,m,JM,Male
11,10,0.2890648263178879,James Blake,FI,26,m,UK,Male
11,8,0.31546487678572877,Devin Townsend,FI,26,m,CA,Male
11,7,0.3333333333333333,Emperor,FI,26,m,UK,Male
219,1,1.0,Beck,SE,22,m,DK,Male
219,2,0.6309297535714575,Haddaway,SE,22,m,DE,Male
219,5,0.38685280723454163,John Maus,SE,22,m,US,Male
219,6,0.3562071871080222,Four Tet,SE,22,m,UK,Male
219,7,0.3333333333333333,Moby,SE,22,m,US,Male
219,10,0.2890648263178879,James Blake,SE,22,m,UK,Male
219,9,0.3010299956639812,Grimes,SE,22,m,CA,Female
219,8,0.31546487678572877,Mahmood,SE,22,m,IT,Male
219,4,0.43067655807339306,Kygo,SE,22,m,NO,Male
219,3,0.5,Édith Piaf,SE,22,m,FR,Female
669,1,1.0,Justin Timberlake,ID,23,m,US,Male
669,2,0.6309297535714575,Billy Joel,ID,23,m,US,Male
669,3,0.5,George Ezra,ID,23,m,UK,Male
669,4,0.43067655807339306,Bryan Adams,ID,23,m,CA,Male
669,9,0.3010299956639812,Corinne Bailey Rae,ID,23,m,UK,Female
669,10,0.2890648263178879,Shawn Mendes,ID,23,m,CA,Male
669,8,0.31546487678572877,Adele,ID,23,m,UK,Female
669,7,0.3333333333333333,Adele,ID,23,m,UK,Female
669,6,0.3562071871080222,Eric Clapton,ID,23,m,UK,Male
669,5,0.38685280723454163,James Arthur,ID,23,m,UK,Male
730,1,1.0,Beck,BR,21,m,DK,Male
730,2,0.6309297535714575,Bryan Adams,BR,21,m,CA,Male
730,3,0.5,Roy Orbison,BR,21,m,US,Male
730,4,0.43067655807339306,Marilyn Manson,BR,21,m,US,Male
730,5,0.38685280723454163,Rush,BR,21,m,US,Male
730,6,0.3562071871080222,AFI,BR,21,m,US,Female
730,7,0.3333333333333333,Chris Isaak,BR,21,m,US,Male
730,9,0.3010299956639812,Seal,BR,21,m,UK,Male
730,10,0.2890648263178879,Rihanna,BR,21,m,UK,Female
730,8,0.31546487678572877,Bob Marley & The Wailers,BR,21,m,JM,Male
735,1,1.0,Thom Yorke,ES,21,m,UK,Male
735,2,0.6309297535714575,Weyes Blood,ES,21,m,US,Female
735,3,0.5,Weyes Blood,ES,21,m,US,Female
735,4,0.43067655807339306,Tycho,ES,21,m,US,Male
735,6,0.3562071871080222,Perfume Genius,ES,21,m,US,Male
735,7,0.3333333333333333,Toro y Moi,ES,21,m,US,Male
735,9,0.3010299956639812,Charlotte Day Wilson,ES,21,m,CA,Female
735,10,0.2890648263178879,Patrick Watson,ES,21,m,CA,Male
735,8,0.31546487678572877,Mahmood,ES,21,m,IT,Male
735,5,0.38685280723454163,Tamino,ES,21,m,BE,Male
753,1,1.0,Grimes,PL,20,f,CA,Female
753,2,0.6309297535714575,Lana Del Rey,PL,20,f,US,Female
753,3,0.5,Grimes,PL,20,f,CA,Female
753,5,0.38685280723454163,Mr.Kitty,PL,20,f,US,Male
753,6,0.3562071871080222,Tame Impala,PL,20,f,AU,Male
753,7,0.3333333333333333,Zola Jesus,PL,20,f,US,Female
753,10,0.2890648263178879,Grimes,PL,20,f,CA,Female
753,9,0.3010299956639812,David Bowie,PL,20,f,UK,Male
753,8,0.31546487678572877,Keaton Henson,PL,20,f,UK,Male
753,4,0.43067655807339306,Perturbator,PL,20,f,FR,Male
268,1,1.0,Chuck Berry,CO,33,m,US,Male
268,2,0.6309297535714575,Billy Joel,CO,33,m,US,Male
268,3,0.5,Bryan Adams,CO,33,m,CA,Male
268,4,0.43067655807339306,Seal,CO,33,m,UK,Male
268,5,0.38685280723454163,Roy Orbison,CO,33,m,US,Male
268,6,0.3562071871080222,Dolly Parton,CO,33,m,US,Female
268,7,0.3333333333333333,Eagle-Eye Cherry,CO,33,m,SE,Male
268,10,0.2890648263178879,Bob Marley & The Wailers,CO,33,m,JM,Male
268,9,0.3010299956639812,Rod Stewart,CO,33,m,UK,Male
268,8,0.31546487678572877,Edwyn Collins,CO,33,m,UK,Male
84,1,1.0,Mark Ronson,RU,34,m,UK,Male
84,2,0.6309297535714575,Julee Cruise,RU,34,m,US,Female
84,3,0.5,Betta Lemme,RU,34,m,US,Female
84,4,0.43067655807339306,Charlotte Day Wilson,RU,34,m,CA,Female
84,5,0.38685280723454163,Bryan Ferry,RU,34,m,UK,Male
84,7,0.3333333333333333,Thom Yorke,RU,34,m,UK,Male
84,10,0.2890648263178879,Thom Yorke,RU,34,m,UK,Male
84,9,0.3010299956639812,Scott Walker,RU,34,m,UK,Male
84,8,0.31546487678572877,KT Tunstall,RU,34,m,UK,Female
84,6,0.3562071871080222,Lily Allen,RU,34,m,UK,Female
249,1,1.0,Beck,TR,31,m,DK,Male
249,2,0.6309297535714575,Chuck Berry,TR,31,m,US,Male
249,3,0.5,Bryan Adams,TR,31,m,CA,Male
249,4,0.43067655807339306,Dolly Parton,TR,31,m,US,Female
249,5,0.38685280723454163,John Mayer,TR,31,m,IN,Male
249,10,0.2890648263178879,Seal,TR,31,m,UK,Male
249,9,0.3010299956639812,Bob Marley & The Wailers,TR,31,m,JM,Male
249,8,0.31546487678572877,Bob Marley & The Wailers,TR,31,m,JM,Male
249,7,0.3333333333333333,Ed Sheeran,TR,31,m,UK,Male
249,6,0.3562071871080222,Ed Sheeran,TR,31,m,UK,Male
401,1,1.0,Britney Spears,US,22,m,US,Female
401,2,0.6309297535714575,Ariana Grande,US,22,m,US,Female
401,3,0.5,Britney Spears,US,22,m,US,Female
401,4,0.43067655807339306,Adele,US,22,m,UK,Female
401,5,0.38685280723454163,Gloria Trevi,US,22,m,MX,Female
401,6,0.3562071871080222,Maluma,US,22,m,CO,Male
401,8,0.31546487678572877,Fonseca,US,22,m,CO,Male
401,10,0.2890648263178879,Adele,US,22,m,UK,Female
401,9,0.3010299956639812,Adele,US,22,m,UK,Female
401,7,0.3333333333333333,Wolfine,US,22,m,CO,Male
357,1,1.0,Carpenter Brut,FR,20,m,FR,Male
357,2,0.6309297535714575,Marilyn Manson,FR,20,m,US,Male
357,3,0.5,Marilyn Manson,FR,20,m,US,Male
357,4,0.43067655807339306,Moby,FR,20,m,US,Male
357,5,0.38685280723454163,Carpenter Brut,FR,20,m,FR,Male
357,7,0.3333333333333333,Blue Stahli,FR,20,m,US,Male
357,10,0.2890648263178879,Björk,FR,20,m,IS,Female
357,9,0.3010299956639812,Tame Impala,FR,20,m,AU,Male
357,8,0.31546487678572877,Kavinsky,FR,20,m,FR,Male
357,6,0.3562071871080222,The Avener,FR,20,m,FR,Male
153,1,1.0,Sibylle Baier,BR,39,m,DE,Female
153,2,0.6309297535714575,Sibylle Baier,BR,39,m,DE,Female
153,3,0.5,Sibylle Baier,BR,39,m,DE,Female
153,4,0.43067655807339306,Elliott Smith,BR,39,m,US,Male
153,5,0.38685280723454163,Cat Power,BR,39,m,US,Female
153,6,0.3562071871080222,Elvis Presley,BR,39,m,US,Male
153,8,0.31546487678572877,Townes Van Zandt,BR,39,m,US,Male
153,10,0.2890648263178879,Peter Frampton,BR,39,m,UK,Male
153,9,0.3010299956639812,Julia Brown,BR,39,m,BR,Female
153,7,0.3333333333333333,Boston Bun,BR,39,m,FR,Male
680,1,1.0,Mr.Kitty,US,23,f,US,Male
680,2,0.6309297535714575,Aaron Smith,US,23,f,US,Male
680,3,0.5,Blue Stahli,US,23,f,US,Male
680,4,0.43067655807339306,Carpenter Brut,US,23,f,FR,Male
680,5,0.38685280723454163,Vitalic,US,23,f,FR,Male
680,6,0.3562071871080222,Perturbator,US,23,f,FR,Male
680,7,0.3333333333333333,Lisa Miskovsky,US,23,f,SE,Female
680,8,0.31546487678572877,Moby,US,23,f,US,Male
680,10,0.2890648263178879,Dimension,US,23,f,ES,Male
680,9,0.3010299956639812,Ozzy Osbourne,US,23,f,UK,Male
461,1,1.0,Noisestorm,CA,37,m,IE,Male
461,2,0.6309297535714575,John Frusciante,CA,37,m,US,Male
461,3,0.5,Moby,CA,37,m,US,Male
461,4,0.43067655807339306,John Frusciante,CA,37,m,US,Male
461,5,0.38685280723454163,John Frusciante,CA,37,m,US,Male
461,6,0.3562071871080222,Machine Head,CA,37,m,JP,Male
461,7,0.3333333333333333,John Frusciante,CA,37,m,US,Male
461,8,0.31546487678572877,Moby,CA,37,m,US,Male
461,9,0.3010299956639812,Carpenter Brut,CA,37,m,FR,Male
461,10,0.2890648263178879,Carpenter Brut,CA,37,m,FR,Male
686,1,1.0,Mayhem,PL,21,m,CA,Female
686,2,0.6309297535714575,Mayhem,PL,21,m,CA,Female
686,3,0.5,Mayhem,PL,21,m,CA,Female
686,4,0.43067655807339306,Emperor,PL,21,m,UK,Male
686,5,0.38685280723454163,Russian Red,PL,21,m,ES,Female
686,6,0.3562071871080222,Queen,PL,21,m,JP,Female
686,7,0.3333333333333333,Ihsahn,PL,21,m,NO,Male
686,8,0.31546487678572877,Queen,PL,21,m,JP,Female
686,9,0.3010299956639812,Queen,PL,21,m,JP,Female
686,10,0.2890648263178879,Queen,PL,21,m,JP,Female
18,1,1.0,Britney Spears,PL,29,m,US,Female
18,2,0.6309297535714575,Britney Spears,PL,29,m,US,Female
18,3,0.5,Ariana Grande,PL,29,m,US,Female
18,4,0.43067655807339306,Haddaway,PL,29,m,DE,Male
18,5,0.38685280723454163,Avril Lavigne,PL,29,m,CA,Female
18,6,0.3562071871080222,Eagle-Eye Cherry,PL,29,m,SE,Male
18,7,0.3333333333333333,Bryan Adams,PL,29,m,CA,Male
18,8,0.31546487678572877,Britney Spears,PL,29,m,US,Female
18,10,0.2890648263178879,Seal,PL,29,m,UK,Male
18,9,0.3010299956639812,Jessie J,PL,29,m,UK,Female
332,1,1.0,Marilyn Manson,FI,18,f,US,Male
332,2,0.6309297535714575,Britney Spears,FI,18,f,US,Female
332,3,0.5,Jennifer Lopez,FI,18,f,US,Female
332,4,0.43067655807339306,Norah Jones,FI,18,f,US,Female
332,6,0.3562071871080222,Jessie J,FI,18,f,UK,Female
332,10,0.2890648263178879,Bryan Adams,FI,18,f,CA,Male
332,9,0.3010299956639812,Tom Odell,FI,18,f,UK,Male
332,8,0.31546487678572877,Edwyn Collins,FI,18,f,UK,Male
332,7,0.3333333333333333,Sia,FI,18,f,AU,Female
332,5,0.38685280723454163,Sia,FI,18,f,AU,Female
290,1,1.0,Lil Nas X,ID,25,f,US,Male
290,2,0.6309297535714575,Corinne Bailey Rae,ID,25,f,UK,Female
290,3,0.5,John Mayer,ID,25,f,IN,Male
290,4,0.43067655807339306,Dennis Lloyd,ID,25,f,IL,Male
290,5,0.38685280723454163,George Ezra,ID,25,f,UK,Male
290,6,0.3562071871080222,Billy Joel,ID,25,f,US,Male
290,8,0.31546487678572877,Ed Sheeran,ID,25,f,UK,Male
290,10,0.2890648263178879,Niall Horan,ID,25,f,IE,Male
290,9,0.3010299956639812,Rita Ora,ID,25,f,UK,Female
290,7,0.3333333333333333,Ed Sheeran,ID,25,f,UK,Male
188,1,1.0,Britney Spears,UK,22,m,US,Female
188,2,0.6309297535714575,Britney Spears,UK,22,m,US,Female
188,3,0.5,Ariana Grande,UK,22,m,US,Female
188,4,0.43067655807339306,Ariana Grande,UK,22,m,US,Female
188,5,0.38685280723454163,Jessie J,UK,22,m,UK,Female
188,10,0.2890648263178879,Niall Horan,UK,22,m,IE,Male
188,9,0.3010299956639812,Avril Lavigne,UK,22,m,CA,Female
188,8,0.31546487678572877,Ed Sheeran,UK,22,m,UK,Male
188,7,0.3333333333333333,Adele,UK,22,m,UK,Female
188,6,0.3562071871080222,Rita Ora,UK,22,m,UK,Female
543,1,1.0,Emperor,BY,28,m,UK,Male
543,2,0.6309297535714575,Emperor,BY,28,m,UK,Male
543,3,0.5,Russian Red,BY,28,m,ES,Female
543,4,0.43067655807339306,Tom Waits,BY,28,m,US,Male
543,5,0.38685280723454163,Venom,BY,28,m,UK,Male
543,6,0.3562071871080222,Venom,BY,28,m,UK,Male
543,7,0.3333333333333333,Marisa Monte,BY,28,m,BR,Female
543,8,0.31546487678572877,Thom Yorke,BY,28,m,UK,Male
543,10,0.2890648263178879,Emperor,BY,28,m,UK,Male
543,9,0.3010299956639812,Thom Yorke,BY,28,m,UK,Male
81,1,1.0,Queen,LV,22,m,JP,Female
81,2,0.6309297535714575,Ariana Grande,LV,22,m,US,Female
81,3,0.5,Tycho,LV,22,m,US,Male
81,4,0.43067655807339306,Kacey Musgraves,LV,22,m,US,Female
81,5,0.38685280723454163,Billy Joel,LV,22,m,US,Male
81,6,0.3562071871080222,Beck,LV,22,m,DK,Male
81,7,0.3333333333333333,Ariana Grande,LV,22,m,US,Female
81,8,0.31546487678572877,Ariana Grande,LV,22,m,US,Female
81,9,0.3010299956639812,Snail Mail,LV,22,m,US,Female
81,10,0.2890648263178879,Mahmood,LV,22,m,IT,Male
930,1,1.0,Ariana Grande,DE,33,m,US,Female
930,2,0.6309297535714575,Ariana Grande,DE,33,m,US,Female
930,3,0.5,Ariana Grande,DE,33,m,US,Female
930,4,0.43067655807339306,Ariana Grande,DE,33,m,US,Female
930,6,0.3562071871080222,Ed Sheeran,DE,33,m,UK,Male
930,7,0.3333333333333333,Britney Spears,DE,33,m,US,Female
930,10,0.2890648263178879,Lily Allen,DE,33,m,UK,Female
930,9,0.3010299956639812,Adele,DE,33,m,UK,Female
930,8,0.31546487678572877,Rita Ora,DE,33,m,UK,Female
930,5,0.38685280723454163,Louis Tomlinson,DE,33,m,UK,Male
668,1,1.0,Queen,JP,26,m,JP,Female
668,2,0.6309297535714575,Marilyn Manson,JP,26,m,US,Male
668,3,0.5,Queen,JP,26,m,JP,Female
668,4,0.43067655807339306,Dolly Parton,JP,26,m,US,Female
668,5,0.38685280723454163,Eric Clapton,JP,26,m,UK,Male
668,6,0.3562071871080222,Billy Joel,JP,26,m,US,Male
668,8,0.31546487678572877,Laura Branigan,JP,26,m,US,Female
668,9,0.3010299956639812,Michael Jackson,JP,26,m,US,Male
668,10,0.2890648263178879,Amy Macdonald,JP,26,m,UK,Female
668,7,0.3333333333333333,Ozzy Osbourne,JP,26,m,UK,Male
154,1,1.0,J. Cole,NL,31,m,US,Male
154,10,0.2890648263178879,Belchior,NL,31,m,BR,Male
154,9,0.3010299956639812,Caetano Veloso,NL,31,m,BR,Male
154,8,0.31546487678572877,Ken Ashcorp,NL,31,m,UK,Male
154,7,0.3333333333333333,Toquinho,NL,31,m,BR,Male
154,6,0.3562071871080222,Belchior,NL,31,m,BR,Male
154,5,0.38685280723454163,Elis Regina,NL,31,m,BR,Female
154,4,0.43067655807339306,Djavan,NL,31,m,BR,Male
154,3,0.5,Manu Chao,NL,31,m,FR,Male
154,2,0.6309297535714575,Marina Lima,NL,31,m,BR,Female
776,1,1.0,Travis Scott,RU,18,m,US,Male
776,2,0.6309297535714575,Ariana Grande,RU,18,m,US,Female
776,3,0.5,Ariana Grande,RU,18,m,US,Female
776,4,0.43067655807339306,Ariana Grande,RU,18,m,US,Female
776,5,0.38685280723454163,Girl In Red,RU,18,m,NO,Female
776,6,0.3562071871080222,Ariana Grande,RU,18,m,US,Female
776,7,0.3333333333333333,Ariana Grande,RU,18,m,US,Female
776,9,0.3010299956639812,Britney Spears,RU,18,m,US,Female
776,10,0.2890648263178879,Jessie J,RU,18,m,UK,Female
776,8,0.31546487678572877,J Balvin,RU,18,m,CO,Male
325,1,1.0,James Blake,UK,28,m,UK,Male
325,2,0.6309297535714575,James Blake,UK,28,m,UK,Male
325,3,0.5,Four Tet,UK,28,m,UK,Male
325,4,0.43067655807339306,Thom Yorke,UK,28,m,UK,Male
325,5,0.38685280723454163,Kevin Morby,UK,28,m,US,Male
325,9,0.3010299956639812,Charlotte Day Wilson,UK,28,m,CA,Female
325,10,0.2890648263178879,Tame Impala,UK,28,m,AU,Male
325,8,0.31546487678572877,Joe Goddard,UK,28,m,UK,Male
325,7,0.3333333333333333,Ry x,UK,28,m,AU,Male
325,6,0.3562071871080222,James Blake,UK,28,m,UK,Male
721,1,1.0,Cartola,BR,19,f,BR,Male
721,2,0.6309297535714575,Caetano Veloso,BR,19,f,BR,Male
721,3,0.5,Gilberto Gil,BR,19,f,BR,Male
721,4,0.43067655807339306,Chico Buarque,BR,19,f,BR,Male
721,5,0.38685280723454163,Gilberto Gil,BR,19,f,BR,Male
721,6,0.3562071871080222,Gilberto Gil,BR,19,f,BR,Male
721,7,0.3333333333333333,Geraldo Azevedo,BR,19,f,BR,Male
721,8,0.31546487678572877,Caetano Veloso,BR,19,f,BR,Male
721,9,0.3010299956639812,Erasmo Carlos,BR,19,f,BR,Male
721,10,0.2890648263178879,Caetano Veloso,BR,19,f,BR,Male
17,1,1.0,Grouper,SE,25,f,US,Female
17,2,0.6309297535714575,Grouper,SE,25,f,US,Female
17,3,0.5,Grouper,SE,25,f,US,Female
17,4,0.43067655807339306,Grouper,SE,25,f,US,Female
17,5,0.38685280723454163,Grouper,SE,25,f,US,Female
17,6,0.3562071871080222,Oneohtrix Point Never,SE,25,f,US,Male
17,7,0.3333333333333333,Grouper,SE,25,f,US,Female
17,10,0.2890648263178879,Four Tet,SE,25,f,UK,Male
17,9,0.3010299956639812,Dean Blunt,SE,25,f,UK,Male
17,8,0.31546487678572877,Jenny Hval,SE,25,f,NO,Female
801,1,1.0,Moby,PL,21,m,US,Male
801,2,0.6309297535714575,Wax Tailor,PL,21,m,FR,Male
801,3,0.5,Billy Joel,PL,21,m,US,Male
801,4,0.43067655807339306,Lisa Miskovsky,PL,21,m,SE,Female
801,5,0.38685280723454163,The Tallest Man on Earth,PL,21,m,SE,Male
801,7,0.3333333333333333,Porter Robinson,PL,21,m,US,Male
801,8,0.31546487678572877,Afterlife,PL,21,m,UK,Male
801,10,0.2890648263178879,Galt Macdermot,PL,21,m,CA,Male
801,9,0.3010299956639812,Ken Ashcorp,PL,21,m,UK,Male
801,6,0.3562071871080222,Mahmood,PL,21,m,IT,Male
144,1,1.0,Britney Spears,ES,25,f,US,Female
144,2,0.6309297535714575,Britney Spears,ES,25,f,US,Female
144,3,0.5,Loreen,ES,25,f,SE,Female
144,4,0.43067655807339306,Björk,ES,25,f,IS,Female
144,5,0.38685280723454163,Rita Ora,ES,25,f,UK,Female
144,6,0.3562071871080222,Ariana Grande,ES,25,f,US,Female
144,9,0.3010299956639812,Tove Lo,ES,25,f,SE,Female
144,10,0.2890648263178879,Rita Ora,ES,25,f,UK,Female
144,8,0.31546487678572877,Adele,ES,25,f,UK,Female
144,7,0.3333333333333333,Alexander Rybak,ES,25,f,NO,Male
901,1,1.0,Elvis Presley,MX,24,f,US,Male
901,2,0.6309297535714575,Bryan Adams,MX,24,f,CA,Male
901,3,0.5,AFI,MX,24,f,US,Female
901,5,0.38685280723454163,Edwyn Collins,MX,24,f,UK,Male
901,6,0.3562071871080222,Eagle-Eye Cherry,MX,24,f,SE,Male
901,7,0.3333333333333333,Michael Sembello,MX,24,f,US,Male
901,8,0.31546487678572877,Bob Dylan,MX,24,f,US,Male
901,10,0.2890648263178879,Rod Stewart,MX,24,f,UK,Male
901,9,0.3010299956639812,Seal,MX,24,f,UK,Male
901,4,0.43067655807339306,Manu Chao,MX,24,f,FR,Male
758,1,1.0,Eagle-Eye Cherry,US,21,f,SE,Male
758,2,0.6309297535714575,Queen,US,21,f,JP,Female
758,3,0.5,Laura Branigan,US,21,f,US,Female
758,4,0.43067655807339306,Marilyn Manson,US,21,f,US,Male
758,5,0.38685280723454163,Haddaway,US,21,f,DE,Male
758,6,0.3562071871080222,AFI,US,21,f,US,Female
758,7,0.3333333333333333,Chuck Berry,US,21,f,US,Male
758,9,0.3010299956639812,Eric Clapton,US,21,f,UK,Male
758,10,0.2890648263178879,Avril Lavigne,US,21,f,CA,Female
758,8,0.31546487678572877,Bryan Adams,US,21,f,CA,Male
917,1,1.0,Marilyn Manson,RU,22,m,US,Male
917,2,0.6309297535714575,Moby,RU,22,m,US,Male
917,3,0.5,Ozzy Osbourne,RU,22,m,UK,Male
917,4,0.43067655807339306,Moby,RU,22,m,US,Male
917,5,0.38685280723454163,Marilyn Manson,RU,22,m,US,Male
917,6,0.3562071871080222,Beck,RU,22,m,DK,Male
917,8,0.31546487678572877,Björk,RU,22,m,IS,Female
917,10,0.2890648263178879,Eric Clapton,RU,22,m,UK,Male
917,9,0.3010299956639812,Vitalic,RU,22,m,FR,Male
917,7,0.3333333333333333,Lost Frequencies,RU,22,m,BE,Male
602,1,1.0,Britney Spears,BR,22,m,US,Female
602,2,0.6309297535714575,Rita Ora,BR,22,m,UK,Female
602,3,0.5,Jessie J,BR,22,m,UK,Female
602,4,0.43067655807339306,Taylor Swift,BR,22,m,US,Female
602,5,0.38685280723454163,Ariana Grande,BR,22,m,US,Female
602,6,0.3562071871080222,Ariana Grande,BR,22,m,US,Female
602,7,0.3333333333333333,Miley Cyrus,BR,22,m,US,Non-binary
602,8,0.31546487678572877,Sia,BR,22,m,AU,Female
602,10,0.2890648263178879,Avril Lavigne,BR,22,m,CA,Female
602,9,0.3010299956639812,Rihanna,BR,22,m,UK,Female
609,1,1.0,Emperor,AZ,22,f,UK,Male
609,2,0.6309297535714575,Emperor,AZ,22,f,UK,Male
609,3,0.5,Venom,AZ,22,f,UK,Male
609,4,0.43067655807339306,Venom,AZ,22,f,UK,Male
609,5,0.38685280723454163,Alice Cooper,AZ,22,f,US,Male
609,6,0.3562071871080222,Tom Waits,AZ,22,f,US,Male
609,7,0.3333333333333333,Marisa Monte,AZ,22,f,BR,Female
609,8,0.31546487678572877,Thom Yorke,AZ,22,f,UK,Male
609,10,0.2890648263178879,Thom Yorke,AZ,22,f,UK,Male
609,9,0.3010299956639812,Marisa Monte,AZ,22,f,BR,Female
819,1,1.0,Lil Nas X,FR,27,m,US,Male
819,2,0.6309297535714575,Angèle,FR,27,m,BE,Female
819,3,0.5,Angèle,FR,27,m,BE,Female
819,4,0.43067655807339306,Édith Piaf,FR,27,m,FR,Female
819,5,0.38685280723454163,Joe Goddard,FR,27,m,UK,Male
819,7,0.3333333333333333,Bob Marley & The Wailers,FR,27,m,JM,Male
819,9,0.3010299956639812,John Lennon,FR,27,m,UK,Male
819,10,0.2890648263178879,Tame Impala,FR,27,m,AU,Male
819,8,0.31546487678572877,Lily Allen,FR,27,m,UK,Female
819,6,0.3562071871080222,Bob Marley & The Wailers,FR,27,m,JM,Male
159,1,1.0,Jimi Hendrix,SE,25,m,US,Male
159,2,0.6309297535714575,Beck,SE,25,m,DK,Male
159,3,0.5,Bob Marley & The Wailers,SE,25,m,JM,Male
159,4,0.43067655807339306,Billy Joel,SE,25,m,US,Male
159,5,0.38685280723454163,Weyes Blood,SE,25,m,US,Female
159,6,0.3562071871080222,Otis Redding,SE,25,m,US,Male
159,7,0.3333333333333333,Weyes Blood,SE,25,m,US,Female
159,9,0.3010299956639812,Grimes,SE,25,m,CA,Female
159,10,0.2890648263178879,Carpenter Brut,SE,25,m,FR,Male
159,8,0.31546487678572877,Bob Marley & The Wailers,SE,25,m,JM,Male
503,1,1.0,Thom Yorke,NL,51,m,UK,Male
503,2,0.6309297535714575,Billy Joel,NL,51,m,US,Male
503,3,0.5,Chuck Berry,NL,51,m,US,Male
503,4,0.43067655807339306,Tame Impala,NL,51,m,AU,Male
503,5,0.38685280723454163,James Blake,NL,51,m,UK,Male
503,6,0.3562071871080222,James Blake,NL,51,m,UK,Male
503,8,0.31546487678572877,Leonard Cohen,NL,51,m,CA,Male
503,10,0.2890648263178879,Nik Kershaw,NL,51,m,UK,Male
503,9,0.3010299956639812,Four Tet,NL,51,m,UK,Male
503,7,0.3333333333333333,Mahmood,NL,51,m,IT,Male
518,1,1.0,Moby,UA,25,m,US,Male
518,2,0.6309297535714575,Ozzy Osbourne,UA,25,m,UK,Male
518,3,0.5,Marilyn Manson,UA,25,m,US,Male
518,4,0.43067655807339306,Britney Spears,UA,25,m,US,Female
518,5,0.38685280723454163,Britney Spears,UA,25,m,US,Female
518,7,0.3333333333333333,Chuck Berry,UA,25,m,US,Male
518,8,0.31546487678572877,Aaron Smith,UA,25,m,US,Male
518,10,0.2890648263178879,Bryan Adams,UA,25,m,CA,Male
518,9,0.3010299956639812,Perturbator,UA,25,m,FR,Male
518,6,0.3562071871080222,Carpenter Brut,UA,25,m,FR,Male
469,1,1.0,Kylie Minogue,FR,25,m,AU,Female
469,2,0.6309297535714575,Dido,FR,25,m,UK,Female
469,3,0.5,Dido,FR,25,m,UK,Female
469,4,0.43067655807339306,ionnalee,FR,25,m,SE,Female
469,5,0.38685280723454163,"ZEDD, Katy Perry",FR,25,m,US,Female
469,6,0.3562071871080222,Fever Ray,FR,25,m,SE,Non-binary
469,7,0.3333333333333333,Kylie Minogue,FR,25,m,AU,Female
469,8,0.31546487678572877,Fever Ray,FR,25,m,SE,Non-binary
469,10,0.2890648263178879,Lorde,FR,25,m,NZ,Female
469,9,0.3010299956639812,Esteman,FR,25,m,CO,Male
98,1,1.0,Rush,CA,23,m,US,Male
98,2,0.6309297535714575,Rush,CA,23,m,US,Male
98,3,0.5,Rush,CA,23,m,US,Male
98,4,0.43067655807339306,Rush,CA,23,m,US,Male
98,5,0.38685280723454163,Rush,CA,23,m,US,Male
98,6,0.3562071871080222,Rush,CA,23,m,US,Male
98,7,0.3333333333333333,Rush,CA,23,m,US,Male
98,8,0.31546487678572877,Rush,CA,23,m,US,Male
98,9,0.3010299956639812,Rush,CA,23,m,US,Male
98,10,0.2890648263178879,Red,CA,23,m,PL,Male
442,1,1.0,Mac DeMarco,US,26,m,CA,Male
442,2,0.6309297535714575,Ty Segall,US,26,m,US,Male
442,3,0.5,Grouper,US,26,m,US,Female
442,5,0.38685280723454163,Mac DeMarco,US,26,m,CA,Male
442,7,0.3333333333333333,King Krule,US,26,m,UK,Male
442,9,0.3010299956639812,Tame Impala,US,26,m,AU,Male
442,10,0.2890648263178879,Grimes,US,26,m,CA,Female
442,8,0.31546487678572877,Tame Impala,US,26,m,AU,Male
442,6,0.3562071871080222,King Krule,US,26,m,UK,Male
442,4,0.43067655807339306,King Krule,US,26,m,UK,Male
536,1,1.0,Britney Spears,US,23,m,US,Female
536,2,0.6309297535714575,Eagle-Eye Cherry,US,23,m,SE,Male
536,3,0.5,Haddaway,US,23,m,DE,Male
536,4,0.43067655807339306,Bryan Adams,US,23,m,CA,Male
536,5,0.38685280723454163,Avril Lavigne,US,23,m,CA,Female
536,10,0.2890648263178879,Sia,US,23,m,AU,Female
536,9,0.3010299956639812,Corinne Bailey Rae,US,23,m,UK,Female
536,8,0.31546487678572877,George Ezra,US,23,m,UK,Male
536,7,0.3333333333333333,Ed Sheeran,US,23,m,UK,Male
536,6,0.3562071871080222,Edwyn Collins,US,23,m,UK,Male
678,1,1.0,Grimes,US,19,f,CA,Female
678,2,0.6309297535714575,Aldous Harding,US,19,f,NZ,Female
678,3,0.5,Jenny Lewis,US,19,f,US,Female
678,4,0.43067655807339306,Jenny Lewis,US,19,f,US,Female
678,6,0.3562071871080222,Jeff Buckley,US,19,f,US,Male
678,7,0.3333333333333333,Sharon Van Etten,US,19,f,US,Female
678,8,0.31546487678572877,Jeff Buckley,US,19,f,US,Male
678,9,0.3010299956639812,Bat for Lashes,US,19,f,UK,Female
678,10,0.2890648263178879,Billy Bragg,US,19,f,UK,Male
678,5,0.38685280723454163,PJ Harvey,US,19,f,UK,Female
494,1,1.0,Billy Joel,IT,25,m,US,Male
494,2,0.6309297535714575,Four Tet,IT,25,m,UK,Male
494,3,0.5,Pional,IT,25,m,ES,Male
494,4,0.43067655807339306,Beck,IT,25,m,DK,Male
494,5,0.38685280723454163,John Maus,IT,25,m,US,Male
494,6,0.3562071871080222,Joe Goddard,IT,25,m,UK,Male
494,7,0.3333333333333333,Bryan Adams,IT,25,m,CA,Male
494,10,0.2890648263178879,Daniel Avery,IT,25,m,UK,Male
494,9,0.3010299956639812,James Blake,IT,25,m,UK,Male
494,8,0.31546487678572877,Tame Impala,IT,25,m,AU,Male
299,1,1.0,Britney Spears,AU,24,m,US,Female
299,2,0.6309297535714575,Sia,AU,24,m,AU,Female
299,3,0.5,Edwyn Collins,AU,24,m,UK,Male
299,4,0.43067655807339306,Sia,AU,24,m,AU,Female
299,7,0.3333333333333333,Bob Marley & The Wailers,AU,24,m,JM,Male
299,10,0.2890648263178879,Bryan Adams,AU,24,m,CA,Male
299,9,0.3010299956639812,Jessie J,AU,24,m,UK,Female
299,8,0.31546487678572877,Adele,AU,24,m,UK,Female
299,6,0.3562071871080222,Dennis Lloyd,AU,24,m,IL,Male
299,5,0.38685280723454163,Rod Stewart,AU,24,m,UK,Male
96,1,1.0,Britney Spears,SE,27,m,US,Female
96,2,0.6309297535714575,Britney Spears,SE,27,m,US,Female
96,3,0.5,Avril Lavigne,SE,27,m,CA,Female
96,4,0.43067655807339306,Eagle-Eye Cherry,SE,27,m,SE,Male
96,10,0.2890648263178879,Jessie J,SE,27,m,UK,Female
96,9,0.3010299956639812,Seal,SE,27,m,UK,Male
96,8,0.31546487678572877,Sia,SE,27,m,AU,Female
96,7,0.3333333333333333,Ed Sheeran,SE,27,m,UK,Male
96,6,0.3562071871080222,Steve Winwood,SE,27,m,UK,Male
96,5,0.38685280723454163,Adele,SE,27,m,UK,Female
210,1,1.0,Justin Bieber,FI,19,f,CA,Male
210,2,0.6309297535714575,James Arthur,FI,19,f,UK,Male
210,3,0.5,Jesse McCartney,FI,19,f,US,Male
210,4,0.43067655807339306,Justin Bieber,FI,19,f,CA,Male
210,5,0.38685280723454163,Nicki Minaj,FI,19,f,US,Female
210,6,0.3562071871080222,Adele,FI,19,f,UK,Female
210,7,0.3333333333333333,Ed Sheeran,FI,19,f,UK,Male
210,8,0.31546487678572877,James Vincent McMorrow,FI,19,f,IE,Male
210,9,0.3010299956639812,Michelle Williams,FI,19,f,US,Female
210,10,0.2890648263178879,Ed Sheeran,FI,19,f,UK,Male
773,1,1.0,Beck,EE,19,m,DK,Male
773,2,0.6309297535714575,Chuck Berry,EE,19,m,US,Male
773,3,0.5,Billy Joel,EE,19,m,US,Male
773,4,0.43067655807339306,Eric Clapton,EE,19,m,UK,Male
773,5,0.38685280723454163,Bob Marley & The Wailers,EE,19,m,JM,Male
773,10,0.2890648263178879,Bob Marley & The Wailers,EE,19,m,JM,Male
773,9,0.3010299956639812,Nik Kershaw,EE,19,m,UK,Male
773,8,0.31546487678572877,David Bowie,EE,19,m,UK,Male
773,7,0.3333333333333333,Edwyn Collins,EE,19,m,UK,Male
773,6,0.3562071871080222,Dido,EE,19,m,UK,Female
163,1,1.0,Toro y Moi,US,23,m,US,Male
163,2,0.6309297535714575,Four Tet,US,23,m,UK,Male
163,3,0.5,Tame Impala,US,23,m,AU,Male
163,4,0.43067655807339306,Gil Scott-Heron,US,23,m,US,Male
163,5,0.38685280723454163,Tame Impala,US,23,m,AU,Male
163,6,0.3562071871080222,Snail Mail,US,23,m,US,Female
163,7,0.3333333333333333,Pional,US,23,m,ES,Male
163,8,0.31546487678572877,Daniel Avery,US,23,m,UK,Male
163,9,0.3010299956639812,jerkcurb,US,23,m,UK,Male
163,10,0.2890648263178879,James Blake,US,23,m,UK,Male
138,1,1.0,Oneohtrix Point Never,SE,19,f,US,Male
138,2,0.6309297535714575,Travis Scott,SE,19,f,US,Male
138,3,0.5,Frank Ocean,SE,19,f,US,Male
138,4,0.43067655807339306,Earl Sweatshirt,SE,19,f,US,Male
138,6,0.3562071871080222,Kanye West,SE,19,f,US,Male
138,7,0.3333333333333333,Travis Scott,SE,19,f,US,Male
138,10,0.2890648263178879,Four Tet,SE,19,f,UK,Male
138,9,0.3010299956639812,Girl In Red,SE,19,f,NO,Female
138,8,0.31546487678572877,Astrud Gilberto,SE,19,f,BR,Female
138,5,0.38685280723454163,Johnny Hooker,SE,19,f,BR,Male
417,1,1.0,Robyn,BR,19,m,SE,Female
417,2,0.6309297535714575,Ariana Grande,BR,19,m,US,Female
417,3,0.5,James Blake,BR,19,m,UK,Male
417,4,0.43067655807339306,Grimes,BR,19,m,CA,Female
417,6,0.3562071871080222,Kurt Vile,BR,19,m,US,Male
417,7,0.3333333333333333,John Maus,BR,19,m,US,Male
417,8,0.31546487678572877,Thom Yorke,BR,19,m,UK,Male
417,10,0.2890648263178879,Tame Impala,BR,19,m,AU,Male
417,9,0.3010299956639812,Four Tet,BR,19,m,UK,Male
417,5,0.38685280723454163,J Balvin,BR,19,m,CO,Male
634,1,1.0,Ed Sheeran,UK,23,f,UK,Male
634,2,0.6309297535714575,Bryan Adams,UK,23,f,CA,Male
634,3,0.5,Ed Sheeran,UK,23,f,UK,Male
634,4,0.43067655807339306,Billy Joel,UK,23,f,US,Male
634,5,0.38685280723454163,Ed Sheeran,UK,23,f,UK,Male
634,6,0.3562071871080222,Shawn Mendes,UK,23,f,CA,Male
634,7,0.3333333333333333,Ed Sheeran,UK,23,f,UK,Male
634,9,0.3010299956639812,Ed Sheeran,UK,23,f,UK,Male
634,10,0.2890648263178879,Bob Marley & The Wailers,UK,23,f,JM,Male
634,8,0.31546487678572877,Bob Marley & The Wailers,UK,23,f,JM,Male
546,1,1.0,Ariana Grande,BR,19,f,US,Female
546,2,0.6309297535714575,Lana Del Rey,BR,19,f,US,Female
546,3,0.5,Sia,BR,19,f,AU,Female
546,4,0.43067655807339306,Travis Scott,BR,19,f,US,Male
546,5,0.38685280723454163,Ariana Grande,BR,19,f,US,Female
546,7,0.3333333333333333,Rihanna,BR,19,f,UK,Female
546,8,0.31546487678572877,Kanye West,BR,19,f,US,Male
546,9,0.3010299956639812,Sia,BR,19,f,AU,Female
546,10,0.2890648263178879,Jessie J,BR,19,f,UK,Female
546,6,0.3562071871080222,Dennis Lloyd,BR,19,f,IL,Male
30,1,1.0,Snail Mail,US,39,f,US,Female
30,2,0.6309297535714575,Aldous Harding,US,39,f,NZ,Female
30,3,0.5,Weyes Blood,US,39,f,US,Female
30,4,0.43067655807339306,Snail Mail,US,39,f,US,Female
30,5,0.38685280723454163,Weyes Blood,US,39,f,US,Female
30,6,0.3562071871080222,Weyes Blood,US,39,f,US,Female
30,7,0.3333333333333333,Ariel Pink,US,39,f,US,Male
30,8,0.31546487678572877,John Maus,US,39,f,US,Male
30,9,0.3010299956639812,Angel Olsen,US,39,f,US,Female
30,10,0.2890648263178879,Tirzah,US,39,f,UK,Female
687,1,1.0,Lil Nas X,NL,47,m,US,Male
687,2,0.6309297535714575,Billy Joel,NL,47,m,US,Male
687,3,0.5,Angèle,NL,47,m,BE,Female
687,4,0.43067655807339306,Corinne Bailey Rae,NL,47,m,UK,Female
687,6,0.3562071871080222,Angèle,NL,47,m,BE,Female
687,10,0.2890648263178879,Lily Allen,NL,47,m,UK,Female
687,9,0.3010299956639812,Ed Sheeran,NL,47,m,UK,Male
687,8,0.31546487678572877,PJ Harvey,NL,47,m,UK,Female
687,7,0.3333333333333333,Nik Kershaw,NL,47,m,UK,Male
687,5,0.38685280723454163,Steve Winwood,NL,47,m,UK,Male
421,1,1.0,Dimension,PL,24,m,ES,Male
421,2,0.6309297535714575,Mr.Kitty,PL,24,m,US,Male
421,3,0.5,Oliver Koletzki,PL,24,m,DE,Male
421,4,0.43067655807339306,Bishu,PL,24,m,CA,Male
421,5,0.38685280723454163,Crywolf,PL,24,m,US,Male
421,6,0.3562071871080222,Porter Robinson,PL,24,m,US,Male
421,7,0.3333333333333333,Oliver Koletzki,PL,24,m,DE,Male
421,8,0.31546487678572877,edIT,PL,24,m,UK,Male
421,9,0.3010299956639812,Watsky,PL,24,m,US,Male
421,10,0.2890648263178879,Lady Sovereign,PL,24,m,UK,Female
223,1,1.0,Weyes Blood,SE,43,m,US,Female
223,2,0.6309297535714575,Mahmood,SE,43,m,IT,Male
223,3,0.5,Weyes Blood,SE,43,m,US,Female
223,4,0.43067655807339306,Weyes Blood,SE,43,m,US,Female
223,5,0.38685280723454163,Fever Ray,SE,43,m,SE,Non-binary
223,6,0.3562071871080222,Björk,SE,43,m,IS,Female
223,7,0.3333333333333333,Björk,SE,43,m,IS,Female
223,8,0.31546487678572877,Aldous Harding,SE,43,m,NZ,Female
223,9,0.3010299956639812,Dido,SE,43,m,UK,Female
223,10,0.2890648263178879,Mitski,SE,43,m,US,Female
515,1,1.0,Aldous Harding,US,30,m,NZ,Female
515,2,0.6309297535714575,Sharon Van Etten,US,30,m,US,Female
515,3,0.5,Sharon Van Etten,US,30,m,US,Female
515,4,0.43067655807339306,Björk,US,30,m,IS,Female
515,6,0.3562071871080222,Bat for Lashes,US,30,m,UK,Female
515,7,0.3333333333333333,Lush,US,30,m,FI,Male
515,10,0.2890648263178879,Björk,US,30,m,IS,Female
515,9,0.3010299956639812,Björk,US,30,m,IS,Female
515,8,0.31546487678572877,Grimes,US,30,m,CA,Female
515,5,0.38685280723454163,Lush,US,30,m,FI,Male
340,1,1.0,Eagle-Eye Cherry,PT,34,m,SE,Male
340,2,0.6309297535714575,Dolly Parton,PT,34,m,US,Female
340,3,0.5,Marilyn Manson,PT,34,m,US,Male
340,4,0.43067655807339306,Haddaway,PT,34,m,DE,Male
340,10,0.2890648263178879,Eric Clapton,PT,34,m,UK,Male
340,9,0.3010299956639812,Seal,PT,34,m,UK,Male
340,8,0.31546487678572877,Ed Sheeran,PT,34,m,UK,Male
340,7,0.3333333333333333,Edwyn Collins,PT,34,m,UK,Male
340,6,0.3562071871080222,Rod Stewart,PT,34,m,UK,Male
340,5,0.38685280723454163,Bob Marley & The Wailers,PT,34,m,JM,Male
696,1,1.0,Mayhem,UA,20,m,CA,Female
696,2,0.6309297535714575,Mayhem,UA,20,m,CA,Female
696,3,0.5,Nile,UA,20,m,US,Female
696,4,0.43067655807339306,The Kinks,UA,20,m,US,Male
696,5,0.38685280723454163,Amanda Palmer,UA,20,m,US,Female
696,6,0.3562071871080222,KT Tunstall,UA,20,m,UK,Female
696,7,0.3333333333333333,Emperor,UA,20,m,UK,Male
696,8,0.31546487678572877,Russian Red,UA,20,m,ES,Female
696,10,0.2890648263178879,Mayhem,UA,20,m,CA,Female
696,9,0.3010299956639812,KT Tunstall,UA,20,m,UK,Female
137,1,1.0,Miracle of Sound,HR,49,m,IE,Male
137,2,0.6309297535714575,Chris Rea,HR,49,m,UK,Male
137,3,0.5,David Bowie,HR,49,m,UK,Male
137,4,0.43067655807339306,Dido,HR,49,m,UK,Female
137,5,0.38685280723454163,Dido,HR,49,m,UK,Female
137,8,0.31546487678572877,Venom,HR,49,m,UK,Male
137,9,0.3010299956639812,Chris Rea,HR,49,m,UK,Male
137,10,0.2890648263178879,Dido,HR,49,m,UK,Female
137,7,0.3333333333333333,David Bowie,HR,49,m,UK,Male
137,6,0.3562071871080222,Chris Rea,HR,49,m,UK,Male
525,1,1.0,Billy Joel,BR,24,m,US,Male
525,2,0.6309297535714575,Chuck Berry,BR,24,m,US,Male
525,3,0.5,Bryan Adams,BR,24,m,CA,Male
525,4,0.43067655807339306,Jon Pardi,BR,24,m,US,Male
525,9,0.3010299956639812,Akon,BR,24,m,SN,Male
525,10,0.2890648263178879,Eric Clapton,BR,24,m,UK,Male
525,8,0.31546487678572877,Edwyn Collins,BR,24,m,UK,Male
525,7,0.3333333333333333,Kygo,BR,24,m,NO,Male
525,6,0.3562071871080222,George Ezra,BR,24,m,UK,Male
525,5,0.38685280723454163,Lenine,BR,24,m,BR,Male
130,1,1.0,Suede,NO,37,m,US,Female
130,2,0.6309297535714575,Weyes Blood,NO,37,m,US,Female
130,3,0.5,Weyes Blood,NO,37,m,US,Female
130,4,0.43067655807339306,Weyes Blood,NO,37,m,US,Female
130,5,0.38685280723454163,Lush,NO,37,m,FI,Male
130,6,0.3562071871080222,Lush,NO,37,m,FI,Male
130,7,0.3333333333333333,Aldous Harding,NO,37,m,NZ,Female
130,9,0.3010299956639812,Björk,NO,37,m,IS,Female
130,10,0.2890648263178879,Scott Walker,NO,37,m,UK,Male
130,8,0.31546487678572877,David Bowie,NO,37,m,UK,Male
813,1,1.0,Billie Holiday,PH,17,m,US,Female
813,2,0.6309297535714575,DJ Bobo,PH,17,m,CH,Male
813,3,0.5,Billie Holiday,PH,17,m,US,Female
813,4,0.43067655807339306,Owl City,PH,17,m,US,Male
813,5,0.38685280723454163,Erykah Badu,PH,17,m,US,Female
813,7,0.3333333333333333,Ils,PH,17,m,UK,Male
813,10,0.2890648263178879,Shaggy,PH,17,m,JM,Male
813,9,0.3010299956639812,SOHN,PH,17,m,UK,Male
813,8,0.31546487678572877,Enrique Iglesias,PH,17,m,ES,Male
813,6,0.3562071871080222,Ann Lee,PH,17,m,IT,Female
457,1,1.0,Britney Spears,MX,23,f,US,Female
457,2,0.6309297535714575,Lil Nas X,MX,23,f,US,Male
457,3,0.5,Britney Spears,MX,23,f,US,Female
457,4,0.43067655807339306,Taylor Swift,MX,23,f,US,Female
457,8,0.31546487678572877,Avril Lavigne,MX,23,f,CA,Female
457,9,0.3010299956639812,Troye Sivan,MX,23,f,AU,Male
457,10,0.2890648263178879,Ed Sheeran,MX,23,f,UK,Male
457,7,0.3333333333333333,Sia,MX,23,f,AU,Female
457,6,0.3562071871080222,Rihanna,MX,23,f,UK,Female
457,5,0.38685280723454163,Adele,MX,23,f,UK,Female
164,1,1.0,Weyes Blood,DE,23,m,US,Female
164,2,0.6309297535714575,Weyes Blood,DE,23,m,US,Female
164,3,0.5,Weyes Blood,DE,23,m,US,Female
164,4,0.43067655807339306,Kurt Vile,DE,23,m,US,Male
164,5,0.38685280723454163,Jessica Pratt,DE,23,m,US,Female
164,6,0.3562071871080222,Snail Mail,DE,23,m,US,Female
164,7,0.3333333333333333,John Maus,DE,23,m,US,Male
164,10,0.2890648263178879,James Blake,DE,23,m,UK,Male
164,9,0.3010299956639812,Thom Yorke,DE,23,m,UK,Male
164,8,0.31546487678572877,James Blake,DE,23,m,UK,Male
345,1,1.0,Four Tet,MX,26,m,UK,Male
345,2,0.6309297535714575,Kurt Vile,MX,26,m,US,Male
345,3,0.5,Thom Yorke,MX,26,m,UK,Male
345,5,0.38685280723454163,Tame Impala,MX,26,m,AU,Male
345,10,0.2890648263178879,Ry x,MX,26,m,AU,Male
345,9,0.3010299956639812,James Blake,MX,26,m,UK,Male
345,8,0.31546487678572877,Daniel Avery,MX,26,m,UK,Male
345,7,0.3333333333333333,Rejjie Snow,MX,26,m,IE,Male
345,6,0.3562071871080222,Joe Goddard,MX,26,m,UK,Male
345,4,0.43067655807339306,Mahmood,MX,26,m,IT,Male
545,1,1.0,Haddaway,RU,34,m,DE,Male
545,2,0.6309297535714575,Laura Branigan,RU,34,m,US,Female
545,3,0.5,Britney Spears,RU,34,m,US,Female
545,4,0.43067655807339306,Eagle-Eye Cherry,RU,34,m,SE,Male
545,5,0.38685280723454163,Britney Spears,RU,34,m,US,Female
545,6,0.3562071871080222,Bryan Adams,RU,34,m,CA,Male
545,7,0.3333333333333333,Björk,RU,34,m,IS,Female
545,9,0.3010299956639812,Avril Lavigne,RU,34,m,CA,Female
545,10,0.2890648263178879,Edwyn Collins,RU,34,m,UK,Male
545,8,0.31546487678572877,Sia,RU,34,m,AU,Female
551,1,1.0,Tycho,FI,25,m,US,Male
551,2,0.6309297535714575,Toro y Moi,FI,25,m,US,Male
551,3,0.5,Ry x,FI,25,m,AU,Male
551,4,0.43067655807339306,Adele,FI,25,m,UK,Female
551,6,0.3562071871080222,Adele,FI,25,m,UK,Female
551,9,0.3010299956639812,James Blake,FI,25,m,UK,Male
551,10,0.2890648263178879,City and Colour,FI,25,m,CA,Male
551,8,0.31546487678572877,Sia,FI,25,m,AU,Female
551,7,0.3333333333333333,Adele,FI,25,m,UK,Female
551,5,0.38685280723454163,Thom Yorke,FI,25,m,UK,Male
557,1,1.0,Queen,RU,24,m,JP,Female
557,2,0.6309297535714575,Queen,RU,24,m,JP,Female
557,3,0.5,Mayhem,RU,24,m,CA,Female
557,4,0.43067655807339306,Queen,RU,24,m,JP,Female
557,5,0.38685280723454163,Rush,RU,24,m,US,Male
557,6,0.3562071871080222,Queen,RU,24,m,JP,Female
557,7,0.3333333333333333,Queen,RU,24,m,JP,Female
557,8,0.31546487678572877,Ils,RU,24,m,UK,Male
557,9,0.3010299956639812,YOB,RU,24,m,UK,Male
557,10,0.2890648263178879,Mayhem,RU,24,m,CA,Female
443,1,1.0,Aldous Harding,BR,20,m,NZ,Female
443,2,0.6309297535714575,Sharon Van Etten,BR,20,m,US,Female
443,3,0.5,Sharon Van Etten,BR,20,m,US,Female
443,4,0.43067655807339306,Björk,BR,20,m,IS,Female
443,5,0.38685280723454163,Bat for Lashes,BR,20,m,UK,Female
443,6,0.3562071871080222,Neko Case,BR,20,m,US,Female
443,7,0.3333333333333333,Aimee Mann,BR,20,m,US,Female
443,8,0.31546487678572877,Björk,BR,20,m,IS,Female
443,10,0.2890648263178879,Björk,BR,20,m,IS,Female
443,9,0.3010299956639812,Lush,BR,20,m,FI,Male
238,1,1.0,Blue Stahli,PL,25,m,US,Male
238,2,0.6309297535714575,Celldweller,PL,25,m,US,Male
238,3,0.5,Carpenter Brut,PL,25,m,FR,Male
238,4,0.43067655807339306,Hugh Laurie,PL,25,m,UK,Male
238,5,0.38685280723454163,Carpenter Brut,PL,25,m,FR,Male
238,6,0.3562071871080222,Mayhem,PL,25,m,CA,Female
238,10,0.2890648263178879,Perturbator,PL,25,m,FR,Male
238,9,0.3010299956639812,Orianthi,PL,25,m,AU,Female
238,8,0.31546487678572877,Gavin James,PL,25,m,IE,Male
238,7,0.3333333333333333,Cássia Eller,PL,25,m,BR,Female
248,1,1.0,Ariana Grande,US,26,m,US,Female
248,2,0.6309297535714575,Four Tet,US,26,m,UK,Male
248,3,0.5,Janelle Monáe,US,26,m,US,Non-binary
248,5,0.38685280723454163,James Blake,US,26,m,UK,Male
248,6,0.3562071871080222,Tame Impala,US,26,m,AU,Male
248,10,0.2890648263178879,James Blake,US,26,m,UK,Male
248,9,0.3010299956639812,Björk,US,26,m,IS,Female
248,8,0.31546487678572877,Bob Marley & The Wailers,US,26,m,JM,Male
248,7,0.3333333333333333,Bob Marley & The Wailers,US,26,m,JM,Male
248,4,0.43067655807339306,Girl In Red,US,26,m,NO,Female
607,1,1.0,Sufjan Stevens,DE,22,m,US,Male
607,2,0.6309297535714575,Kurt Vile,DE,22,m,US,Male
607,3,0.5,Weyes Blood,DE,22,m,US,Female
607,4,0.43067655807339306,Aldous Harding,DE,22,m,NZ,Female
607,5,0.38685280723454163,John Maus,DE,22,m,US,Male
607,6,0.3562071871080222,Gregory Alan Isakov,DE,22,m,US,Male
607,7,0.3333333333333333,James Blake,DE,22,m,UK,Male
607,10,0.2890648263178879,Thom Yorke,DE,22,m,UK,Male
607,9,0.3010299956639812,James Blake,DE,22,m,UK,Male
607,8,0.31546487678572877,Tame Impala,DE,22,m,AU,Male
61,1,1.0,Emperor,FI,30,m,UK,Male
61,2,0.6309297535714575,Mayhem,FI,30,m,CA,Female
61,3,0.5,Mayhem,FI,30,m,CA,Female
61,4,0.43067655807339306,Emperor,FI,30,m,UK,Male
61,5,0.38685280723454163,Lionel Richie,FI,30,m,US,Male
61,6,0.3562071871080222,Ihsahn,FI,30,m,NO,Male
61,7,0.3333333333333333,Mayhem,FI,30,m,CA,Female
61,10,0.2890648263178879,Devin Townsend,FI,30,m,CA,Male
61,9,0.3010299956639812,Emperor,FI,30,m,UK,Male
61,8,0.31546487678572877,Mark Knopfler,FI,30,m,UK,Male
833,1,1.0,Ariana Grande,US,46,m,US,Female
833,2,0.6309297535714575,Britney Spears,US,46,m,US,Female
833,3,0.5,Taylor Swift,US,46,m,US,Female
833,5,0.38685280723454163,Britney Spears,US,46,m,US,Female
833,6,0.3562071871080222,Avril Lavigne,US,46,m,CA,Female
833,9,0.3010299956639812,Jessie J,US,46,m,UK,Female
833,10,0.2890648263178879,Rita Ora,US,46,m,UK,Female
833,8,0.31546487678572877,Adele,US,46,m,UK,Female
833,7,0.3333333333333333,Fergie,US,46,m,UK,Male
833,4,0.43067655807339306,Niall Horan,US,46,m,IE,Male
568,1,1.0,Toro y Moi,MX,35,m,US,Male
568,2,0.6309297535714575,Daniel Avery,MX,35,m,UK,Male
568,3,0.5,Pional,MX,35,m,ES,Male
568,4,0.43067655807339306,Madlib,MX,35,m,US,Male
568,8,0.31546487678572877,Four Tet,MX,35,m,UK,Male
568,9,0.3010299956639812,Aldous RH,MX,35,m,UK,Male
568,10,0.2890648263178879,Tame Impala,MX,35,m,AU,Male
568,7,0.3333333333333333,Tame Impala,MX,35,m,AU,Male
568,6,0.3562071871080222,jerkcurb,MX,35,m,UK,Male
568,5,0.38685280723454163,Brandy,MX,35,m,BE,Male
275,1,1.0,Duncan Laurence,UK,39,m,NL,Male
275,2,0.6309297535714575,Tamino,UK,39,m,BE,Male
275,4,0.43067655807339306,Thom Yorke,UK,39,m,UK,Male
275,5,0.38685280723454163,David Bowie,UK,39,m,UK,Male
275,6,0.3562071871080222,Bryan Ferry,UK,39,m,UK,Male
275,7,0.3333333333333333,Mahmood,UK,39,m,IT,Male
275,10,0.2890648263178879,Patrick Watson,UK,39,m,CA,Male
275,9,0.3010299956639812,James Vincent McMorrow,UK,39,m,IE,Male
275,8,0.31546487678572877,Nik Kershaw,UK,39,m,UK,Male
275,3,0.5,Édith Piaf,UK,39,m,FR,Female
480,1,1.0,Aldous Harding,JP,25,m,NZ,Female
480,2,0.6309297535714575,Kurt Vile,JP,25,m,US,Male
480,3,0.5,Weyes Blood,JP,25,m,US,Female
480,4,0.43067655807339306,Toro y Moi,JP,25,m,US,Male
480,5,0.38685280723454163,Four Tet,JP,25,m,UK,Male
480,6,0.3562071871080222,Thom Yorke,JP,25,m,UK,Male
480,7,0.3333333333333333,Tame Impala,JP,25,m,AU,Male
480,8,0.31546487678572877,Weyes Blood,JP,25,m,US,Female
480,9,0.3010299956639812,Jessica Pratt,JP,25,m,US,Female
480,10,0.2890648263178879,Tame Impala,JP,25,m,AU,Male
22,1,1.0,Laura Branigan,AU,29,f,US,Female
22,2,0.6309297535714575,Lil Nas X,AU,29,f,US,Male
22,3,0.5,Queen,AU,29,f,JP,Female
22,4,0.43067655807339306,Robyn,AU,29,f,SE,Female
22,5,0.38685280723454163,Ariana Grande,AU,29,f,US,Female
22,6,0.3562071871080222,Queen,AU,29,f,JP,Female
22,7,0.3333333333333333,Dido,AU,29,f,UK,Female
22,10,0.2890648263178879,Skepta,AU,29,f,UK,Male
22,9,0.3010299956639812,Edwyn Collins,AU,29,f,UK,Male
22,8,0.31546487678572877,David Bowie,AU,29,f,UK,Male
361,1,1.0,Aldous Harding,PL,26,m,NZ,Female
361,2,0.6309297535714575,Snail Mail,PL,26,m,US,Female
361,3,0.5,Jessica Pratt,PL,26,m,US,Female
361,4,0.43067655807339306,Tame Impala,PL,26,m,AU,Male
361,5,0.38685280723454163,James Blake,PL,26,m,UK,Male
361,6,0.3562071871080222,Four Tet,PL,26,m,UK,Male
361,7,0.3333333333333333,Kurt Vile,PL,26,m,US,Male
361,8,0.31546487678572877,James Blake,PL,26,m,UK,Male
361,9,0.3010299956639812,Thom Yorke,PL,26,m,UK,Male
361,10,0.2890648263178879,Grimes,PL,26,m,CA,Female
587,1,1.0,Emperor,ES,24,f,UK,Male
587,2,0.6309297535714575,Mayhem,ES,24,f,CA,Female
587,3,0.5,Emperor,ES,24,f,UK,Male
587,4,0.43067655807339306,Mayhem,ES,24,f,CA,Female
587,5,0.38685280723454163,Emperor,ES,24,f,UK,Male
587,6,0.3562071871080222,Emperor,ES,24,f,UK,Male
587,7,0.3333333333333333,Dozer,ES,24,f,NL,Male
587,9,0.3010299956639812,Russian Red,ES,24,f,ES,Female
587,10,0.2890648263178879,Emperor,ES,24,f,UK,Male
587,8,0.31546487678572877,Venom,ES,24,f,UK,Male
665,1,1.0,Sia,HU,25,f,AU,Female
665,2,0.6309297535714575,Britney Spears,HU,25,f,US,Female
665,3,0.5,Beyoncé,HU,25,f,US,Female
665,4,0.43067655807339306,Britney Spears,HU,25,f,US,Female
665,5,0.38685280723454163,Ariana Grande,HU,25,f,US,Female
665,6,0.3562071871080222,Jessie J,HU,25,f,UK,Female
665,7,0.3333333333333333,Sia,HU,25,f,AU,Female
665,8,0.31546487678572877,Lana Del Rey,HU,25,f,US,Female
665,10,0.2890648263178879,Björk,HU,25,f,IS,Female
665,9,0.3010299956639812,Kylie Minogue,HU,25,f,AU,Female
787,1,1.0,Queen,BR,18,m,JP,Female
787,2,0.6309297535714575,Adele,BR,18,m,UK,Female
787,3,0.5,Britney Spears,BR,18,m,US,Female
787,4,0.43067655807339306,Britney Spears,BR,18,m,US,Female
787,5,0.38685280723454163,AFI,BR,18,m,US,Female
787,10,0.2890648263178879,Ed Sheeran,BR,18,m,UK,Male
787,9,0.3010299956639812,Ed Sheeran,BR,18,m,UK,Male
787,8,0.31546487678572877,Jessie J,BR,18,m,UK,Female
787,7,0.3333333333333333,Édith Piaf,BR,18,m,FR,Female
787,6,0.3562071871080222,Criolo,BR,18,m,BR,Male
107,1,1.0,Travis Scott,UK,20,f,US,Male
107,2,0.6309297535714575,Ariana Grande,UK,20,f,US,Female
107,3,0.5,James Blake,UK,20,f,UK,Male
107,4,0.43067655807339306,James Blake,UK,20,f,UK,Male
107,5,0.38685280723454163,Toro y Moi,UK,20,f,US,Male
107,6,0.3562071871080222,Earl Sweatshirt,UK,20,f,US,Male
107,7,0.3333333333333333,Ariana Grande,UK,20,f,US,Female
107,8,0.31546487678572877,Ariana Grande,UK,20,f,US,Female
107,10,0.2890648263178879,Tame Impala,UK,20,f,AU,Male
107,9,0.3010299956639812,Four Tet,UK,20,f,UK,Male
454,1,1.0,Jimi Hendrix,UK,20,m,US,Male
454,2,0.6309297535714575,Gregory Alan Isakov,UK,20,m,US,Male
454,3,0.5,Ariana Grande,UK,20,m,US,Female
454,4,0.43067655807339306,Apparat,UK,20,m,DE,Male
454,5,0.38685280723454163,The Tallest Man on Earth,UK,20,m,SE,Male
454,6,0.3562071871080222,Billy Joel,UK,20,m,US,Male
454,7,0.3333333333333333,Iron & Wine,UK,20,m,US,Male
454,9,0.3010299956639812,Édith Piaf,UK,20,m,FR,Female
454,10,0.2890648263178879,Ry x,UK,20,m,AU,Male
454,8,0.31546487678572877,Pional,UK,20,m,ES,Male
501,1,1.0,Britney Spears,BR,18,m,US,Female
501,2,0.6309297535714575,Robyn,BR,18,m,SE,Female
501,3,0.5,Ariana Grande,BR,18,m,US,Female
501,4,0.43067655807339306,Mariah Carey,BR,18,m,US,Female
501,5,0.38685280723454163,Avril Lavigne,BR,18,m,CA,Female
501,6,0.3562071871080222,Taylor Swift,BR,18,m,US,Female
501,8,0.31546487678572877,Jessie J,BR,18,m,UK,Female
501,10,0.2890648263178879,Rita Ora,BR,18,m,UK,Female
501,9,0.3010299956639812,Troye Sivan,BR,18,m,AU,Male
501,7,0.3333333333333333,Fergie,BR,18,m,UK,Male
412,1,1.0,Four Tet,UA,33,m,UK,Male
412,2,0.6309297535714575,Ry x,UA,33,m,AU,Male
412,3,0.5,Twin Shadow,UA,33,m,US,Male
412,4,0.43067655807339306,Joe Goddard,UA,33,m,UK,Male
412,5,0.38685280723454163,Kurt Vile,UA,33,m,US,Male
412,7,0.3333333333333333,Tame Impala,UA,33,m,AU,Male
412,10,0.2890648263178879,James Blake,UA,33,m,UK,Male
412,9,0.3010299956639812,Thom Yorke,UA,33,m,UK,Male
412,8,0.31546487678572877,James Blake,UA,33,m,UK,Male
412,6,0.3562071871080222,Ry x,UA,33,m,AU,Male
733,1,1.0,Marilyn Manson,RU,21,m,US,Male
733,2,0.6309297535714575,The White Buffalo,RU,21,m,US,Male
733,3,0.5,Marilyn Manson,RU,21,m,US,Male
733,4,0.43067655807339306,Fever Ray,RU,21,m,SE,Non-binary
733,5,0.38685280723454163,Ozzy Osbourne,RU,21,m,UK,Male
733,6,0.3562071871080222,Christine and the Queens,RU,21,m,FR,Male
733,7,0.3333333333333333,Marilyn Manson,RU,21,m,US,Male
733,8,0.31546487678572877,Timmy Trumpet,RU,21,m,AU,Male
733,10,0.2890648263178879,Devin Townsend,RU,21,m,CA,Male
733,9,0.3010299956639812,Ozzy Osbourne,RU,21,m,UK,Male
359,1,1.0,Marilyn Manson,PL,24,m,US,Male
359,2,0.6309297535714575,Moby,PL,24,m,US,Male
359,3,0.5,Marilyn Manson,PL,24,m,US,Male
359,4,0.43067655807339306,Marilyn Manson,PL,24,m,US,Male
359,5,0.38685280723454163,Marilyn Manson,PL,24,m,US,Male
359,6,0.3562071871080222,Ozzy Osbourne,PL,24,m,UK,Male
359,7,0.3333333333333333,Marilyn Manson,PL,24,m,US,Male
359,8,0.31546487678572877,Ozzy Osbourne,PL,24,m,UK,Male
359,9,0.3010299956639812,Leonard Cohen,PL,24,m,CA,Male
359,10,0.2890648263178879,Ozzy Osbourne,PL,24,m,UK,Male
823,1,1.0,Lana Del Rey,CZ,17,m,US,Female
823,2,0.6309297535714575,Travis Scott,CZ,17,m,US,Male
823,3,0.5,Lil Nas X,CZ,17,m,US,Male
823,4,0.43067655807339306,Blueface,CZ,17,m,US,Male
823,5,0.38685280723454163,Róisín Murphy,CZ,17,m,IE,Female
823,6,0.3562071871080222,Frank Ocean,CZ,17,m,US,Male
823,7,0.3333333333333333,Skepta,CZ,17,m,UK,Male
823,8,0.31546487678572877,Lana Del Rey,CZ,17,m,US,Female
823,10,0.2890648263178879,Jessie J,CZ,17,m,UK,Female
823,9,0.3010299956639812,Rita Ora,CZ,17,m,UK,Female
871,1,1.0,Björk,PL,18,m,IS,Female
871,2,0.6309297535714575,Beck,PL,18,m,DK,Male
871,3,0.5,Marilyn Manson,PL,18,m,US,Male
871,4,0.43067655807339306,Edwyn Collins,PL,18,m,UK,Male
871,5,0.38685280723454163,Björk,PL,18,m,IS,Female
871,7,0.3333333333333333,Duncan Laurence,PL,18,m,NL,Male
871,9,0.3010299956639812,David Bowie,PL,18,m,UK,Male
871,10,0.2890648263178879,Mahmood,PL,18,m,IT,Male
871,8,0.31546487678572877,Dido,PL,18,m,UK,Female
871,6,0.3562071871080222,James Blake,PL,18,m,UK,Male
846,1,1.0,Lisa Germano,MK,24,f,US,Female
846,2,0.6309297535714575,David Bowie,MK,24,f,UK,Male
846,3,0.5,Elliott Smith,MK,24,f,US,Male
846,4,0.43067655807339306,Marilyn Manson,MK,24,f,US,Male
846,5,0.38685280723454163,Nina Simone,MK,24,f,US,Female
846,6,0.3562071871080222,Aretha Franklin,MK,24,f,US,Female
846,9,0.3010299956639812,Mc IG,MK,24,f,BR,Male
846,10,0.2890648263178879,Anna Calvi,MK,24,f,UK,Female
846,8,0.31546487678572877,PJ Harvey,MK,24,f,UK,Female
846,7,0.3333333333333333,David Bowie,MK,24,f,UK,Male
799,1,1.0,Billy Joel,PL,17,m,US,Male
799,2,0.6309297535714575,Bryan Adams,PL,17,m,CA,Male
799,3,0.5,Haddaway,PL,17,m,DE,Male
799,4,0.43067655807339306,Michael Sembello,PL,17,m,US,Male
799,5,0.38685280723454163,Dolly Parton,PL,17,m,US,Female
799,6,0.3562071871080222,John Mayer,PL,17,m,IN,Male
799,8,0.31546487678572877,Steve Winwood,PL,17,m,UK,Male
799,9,0.3010299956639812,Björk,PL,17,m,IS,Female
799,10,0.2890648263178879,Edwyn Collins,PL,17,m,UK,Male
799,7,0.3333333333333333,Rod Stewart,PL,17,m,UK,Male
531,1,1.0,Celldweller,US,22,m,US,Male
531,2,0.6309297535714575,Celldweller,US,22,m,US,Male
531,3,0.5,Red,US,22,m,PL,Male
531,5,0.38685280723454163,Marilyn Manson,US,22,m,US,Male
531,7,0.3333333333333333,Nero,US,22,m,DE,Male
531,8,0.31546487678572877,Laura Branigan,US,22,m,US,Female
531,10,0.2890648263178879,Devin Townsend,US,22,m,CA,Male
531,9,0.3010299956639812,Kavinsky,US,22,m,FR,Male
531,6,0.3562071871080222,Vitalic,US,22,m,FR,Male
531,4,0.43067655807339306,Noisestorm,US,22,m,IE,Male
51,1,1.0,Robyn,SE,25,m,SE,Female
51,2,0.6309297535714575,Edwyn Collins,SE,25,m,UK,Male
51,3,0.5,Dolly Parton,SE,25,m,US,Female
51,4,0.43067655807339306,Eagle-Eye Cherry,SE,25,m,SE,Male
51,5,0.38685280723454163,Chuck Berry,SE,25,m,US,Male
51,10,0.2890648263178879,Thom Yorke,SE,25,m,UK,Male
51,9,0.3010299956639812,Ozzy Osbourne,SE,25,m,UK,Male
51,8,0.31546487678572877,Seal,SE,25,m,UK,Male
51,7,0.3333333333333333,Eric Clapton,SE,25,m,UK,Male
51,6,0.3562071871080222,George Ezra,SE,25,m,UK,Male
684,1,1.0,David Bowie,UA,27,m,UK,Male
684,2,0.6309297535714575,Dido,UA,27,m,UK,Female
684,3,0.5,Lana Del Rey,UA,27,m,US,Female
684,4,0.43067655807339306,Kylie Minogue,UA,27,m,AU,Female
684,6,0.3562071871080222,Kate Bush,UA,27,m,UK,Female
684,9,0.3010299956639812,Kate Bush,UA,27,m,UK,Female
684,10,0.2890648263178879,Mylène Farmer,UA,27,m,FR,Female
684,8,0.31546487678572877,Tina Turner,UA,27,m,CH,Female
684,7,0.3333333333333333,Bryan Ferry,UA,27,m,UK,Male
684,5,0.38685280723454163,Rihanna,UA,27,m,UK,Female
354,1,1.0,Laura Branigan,UK,21,m,US,Female
354,2,0.6309297535714575,Lana Del Rey,UK,21,m,US,Female
354,4,0.43067655807339306,James Blake,UK,21,m,UK,Male
354,5,0.38685280723454163,Avril Lavigne,UK,21,m,CA,Female
354,7,0.3333333333333333,Britney Spears,UK,21,m,US,Female
354,10,0.2890648263178879,Grimes,UK,21,m,CA,Female
354,9,0.3010299956639812,James Blake,UK,21,m,UK,Male
354,8,0.31546487678572877,Grimes,UK,21,m,CA,Female
354,6,0.3562071871080222,PJ Harvey,UK,21,m,UK,Female
354,3,0.5,Édith Piaf,UK,21,m,FR,Female
653,1,1.0,Eric Clapton,RU,22,m,UK,Male
653,2,0.6309297535714575,Beck,RU,22,m,DK,Male
653,3,0.5,Marilyn Manson,RU,22,m,US,Male
653,4,0.43067655807339306,AFI,RU,22,m,US,Female
653,6,0.3562071871080222,Bryan Adams,RU,22,m,CA,Male
653,10,0.2890648263178879,Bob Marley & The Wailers,RU,22,m,JM,Male
653,9,0.3010299956639812,Ozzy Osbourne,RU,22,m,UK,Male
653,8,0.31546487678572877,Bob Marley & The Wailers,RU,22,m,JM,Male
653,7,0.3333333333333333,Seal,RU,22,m,UK,Male
653,5,0.38685280723454163,Mika,RU,22,m,BA,Male
815,1,1.0,Britney Spears,FI,17,m,US,Female
815,2,0.6309297535714575,Ariana Grande,FI,17,m,US,Female
815,3,0.5,Duncan Laurence,FI,17,m,NL,Male
815,4,0.43067655807339306,Taylor Swift,FI,17,m,US,Female
815,5,0.38685280723454163,Chris Isaak,FI,17,m,US,Male
815,6,0.3562071871080222,John Mayer,FI,17,m,IN,Male
815,9,0.3010299956639812,Adele,FI,17,m,UK,Female
815,10,0.2890648263178879,Ed Sheeran,FI,17,m,UK,Male
815,8,0.31546487678572877,Sia,FI,17,m,AU,Female
815,7,0.3333333333333333,Adele,FI,17,m,UK,Female
818,1,1.0,Queen,US,21,f,JP,Female
818,2,0.6309297535714575,Beck,US,21,f,DK,Male
818,3,0.5,Queen,US,21,f,JP,Female
818,4,0.43067655807339306,Chuck Berry,US,21,f,US,Male
818,5,0.38685280723454163,Toro y Moi,US,21,f,US,Male
818,6,0.3562071871080222,Queen,US,21,f,JP,Female
818,7,0.3333333333333333,Billy Joel,US,21,f,US,Male
818,10,0.2890648263178879,Eric Clapton,US,21,f,UK,Male
818,9,0.3010299956639812,Daniel Avery,US,21,f,UK,Male
818,8,0.31546487678572877,Carpenter Brut,US,21,f,FR,Male
118,1,1.0,Queen,CZ,30,m,JP,Female
118,2,0.6309297535714575,Eagle-Eye Cherry,CZ,30,m,SE,Male
118,3,0.5,Bryan Adams,CZ,30,m,CA,Male
118,4,0.43067655807339306,Beck,CZ,30,m,DK,Male
118,5,0.38685280723454163,Haddaway,CZ,30,m,DE,Male
118,6,0.3562071871080222,John Mayer,CZ,30,m,IN,Male
118,7,0.3333333333333333,Eric Clapton,CZ,30,m,UK,Male
118,8,0.31546487678572877,Hozier,CZ,30,m,IE,Male
118,10,0.2890648263178879,Ozzy Osbourne,CZ,30,m,UK,Male
118,9,0.3010299956639812,George Ezra,CZ,30,m,UK,Male
766,1,1.0,Haddaway,DE,17,m,DE,Male
766,2,0.6309297535714575,Justin Timberlake,DE,17,m,US,Male
766,3,0.5,Britney Spears,DE,17,m,US,Female
766,6,0.3562071871080222,Adele,DE,17,m,UK,Female
766,7,0.3333333333333333,Ed Sheeran,DE,17,m,UK,Male
766,8,0.31546487678572877,Roy Orbison,DE,17,m,US,Male
766,10,0.2890648263178879,Eric Clapton,DE,17,m,UK,Male
766,9,0.3010299956639812,Sia,DE,17,m,AU,Female
766,5,0.38685280723454163,Seal,DE,17,m,UK,Male
766,4,0.43067655807339306,Adele,DE,17,m,UK,Female
156,1,1.0,Ozzy Osbourne,NL,28,m,UK,Male
156,2,0.6309297535714575,Marilyn Manson,NL,28,m,US,Male
156,3,0.5,Chuck Berry,NL,28,m,US,Male
156,4,0.43067655807339306,Queen,NL,28,m,JP,Female
156,5,0.38685280723454163,Eagle-Eye Cherry,NL,28,m,SE,Male
156,6,0.3562071871080222,Red,NL,28,m,PL,Male
156,7,0.3333333333333333,Rob Zombie,NL,28,m,US,Male
156,9,0.3010299956639812,Elvis Presley,NL,28,m,US,Male
156,10,0.2890648263178879,Carpenter Brut,NL,28,m,FR,Male
156,8,0.31546487678572877,Edwyn Collins,NL,28,m,UK,Male
378,2,0.6309297535714575,James Blake,ES,23,m,UK,Male
378,3,0.5,Michael Sembello,ES,23,m,US,Male
378,5,0.38685280723454163,Kygo,ES,23,m,NO,Male
378,8,0.31546487678572877,Parov Stelar,ES,23,m,AT,Male
378,9,0.3010299956639812,Seal,ES,23,m,UK,Male
378,10,0.2890648263178879,James Blake,ES,23,m,UK,Male
378,7,0.3333333333333333,George Ezra,ES,23,m,UK,Male
378,6,0.3562071871080222,Sia,ES,23,m,AU,Female
378,4,0.43067655807339306,Mahmood,ES,23,m,IT,Male
378,1,1.0,Édith Piaf,ES,23,m,FR,Female
352,1,1.0,Travis Scott,RU,24,m,US,Male
352,2,0.6309297535714575,Lana Del Rey,RU,24,m,US,Female
352,3,0.5,Ariana Grande,RU,24,m,US,Female
352,5,0.38685280723454163,Frank Ocean,RU,24,m,US,Male
352,6,0.3562071871080222,Ariana Grande,RU,24,m,US,Female
352,7,0.3333333333333333,Ariana Grande,RU,24,m,US,Female
352,8,0.31546487678572877,Kanye West,RU,24,m,US,Male
352,9,0.3010299956639812,Blueface,RU,24,m,US,Male
352,10,0.2890648263178879,Girl In Red,RU,24,m,NO,Female
352,4,0.43067655807339306,J Balvin,RU,24,m,CO,Male
384,1,1.0,Céu,BR,23,m,BR,Female
384,2,0.6309297535714575,Alice Caymmi,BR,23,m,BR,Female
384,3,0.5,Criolo,BR,23,m,BR,Male
384,4,0.43067655807339306,Belchior,BR,23,m,BR,Male
384,5,0.38685280723454163,Devin Townsend,BR,23,m,CA,Male
384,6,0.3562071871080222,Caetano Veloso,BR,23,m,BR,Male
384,7,0.3333333333333333,Marina Lima,BR,23,m,BR,Female
384,8,0.31546487678572877,Tame Impala,BR,23,m,AU,Male
384,10,0.2890648263178879,Daniel Avery,BR,23,m,UK,Male
384,9,0.3010299956639812,Kate Bush,BR,23,m,UK,Female
67,1,1.0,Sufjan Stevens,UK,27,m,US,Male
67,2,0.6309297535714575,Snail Mail,UK,27,m,US,Female
67,3,0.5,Weyes Blood,UK,27,m,US,Female
67,4,0.43067655807339306,Tame Impala,UK,27,m,AU,Male
67,5,0.38685280723454163,Earl Sweatshirt,UK,27,m,US,Male
67,6,0.3562071871080222,Kurt Vile,UK,27,m,US,Male
67,7,0.3333333333333333,Thom Yorke,UK,27,m,UK,Male
67,8,0.31546487678572877,Snail Mail,UK,27,m,US,Female
67,9,0.3010299956639812,Weyes Blood,UK,27,m,US,Female
67,10,0.2890648263178879,Four Tet,UK,27,m,UK,Male
594,1,1.0,Chuck Berry,AU,23,m,US,Male
594,2,0.6309297535714575,Roy Orbison,AU,23,m,US,Male
594,5,0.38685280723454163,Corinne Bailey Rae,AU,23,m,UK,Female
594,6,0.3562071871080222,John Mayer,AU,23,m,IN,Male
594,10,0.2890648263178879,Seal,AU,23,m,UK,Male
594,9,0.3010299956639812,George Ezra,AU,23,m,UK,Male
594,8,0.31546487678572877,Avril Lavigne,AU,23,m,CA,Female
594,7,0.3333333333333333,Steve Winwood,AU,23,m,UK,Male
594,4,0.43067655807339306,Dennis Lloyd,AU,23,m,IL,Male
594,3,0.5,Bob Marley & The Wailers,AU,23,m,JM,Male
245,1,1.0,Bryan Adams,PL,22,m,CA,Male
245,3,0.5,Chris Isaak,PL,22,m,US,Male
245,4,0.43067655807339306,Britney Spears,PL,22,m,US,Female
245,5,0.38685280723454163,Seal,PL,22,m,UK,Male
245,6,0.3562071871080222,Roy Orbison,PL,22,m,US,Male
245,7,0.3333333333333333,Beck,PL,22,m,DK,Male
245,8,0.31546487678572877,Britney Spears,PL,22,m,US,Female
245,10,0.2890648263178879,Avril Lavigne,PL,22,m,CA,Female
245,9,0.3010299956639812,Eric Clapton,PL,22,m,UK,Male
245,2,0.6309297535714575,Mika,PL,22,m,BA,Male
270,1,1.0,Britney Spears,PL,23,f,US,Female
270,2,0.6309297535714575,Britney Spears,PL,23,f,US,Female
270,3,0.5,Roy Orbison,PL,23,f,US,Male
270,4,0.43067655807339306,Justin Timberlake,PL,23,f,US,Male
270,5,0.38685280723454163,Haddaway,PL,23,f,DE,Male
270,6,0.3562071871080222,Ariana Grande,PL,23,f,US,Female
270,7,0.3333333333333333,Ed Sheeran,PL,23,f,UK,Male
270,9,0.3010299956639812,Mahmood,PL,23,f,IT,Male
270,10,0.2890648263178879,Ed Sheeran,PL,23,f,UK,Male
270,8,0.31546487678572877,Adele,PL,23,f,UK,Female
108,1,1.0,Bryan Adams,US,27,m,CA,Male
108,2,0.6309297535714575,Ariana Grande,US,27,m,US,Female
108,3,0.5,Laura Branigan,US,27,m,US,Female
108,5,0.38685280723454163,Corinne Bailey Rae,US,27,m,UK,Female
108,7,0.3333333333333333,Sia,US,27,m,AU,Female
108,10,0.2890648263178879,Steve Winwood,US,27,m,UK,Male
108,9,0.3010299956639812,Avril Lavigne,US,27,m,CA,Female
108,8,0.31546487678572877,Dennis Lloyd,US,27,m,IL,Male
108,6,0.3562071871080222,Seal,US,27,m,UK,Male
108,4,0.43067655807339306,George Ezra,US,27,m,UK,Male
638,1,1.0,Marilyn Manson,BR,20,m,US,Male
638,2,0.6309297535714575,Ozzy Osbourne,BR,20,m,UK,Male
638,3,0.5,Marilyn Manson,BR,20,m,US,Male
638,4,0.43067655807339306,Marilyn Manson,BR,20,m,US,Male
638,6,0.3562071871080222,Marilyn Manson,BR,20,m,US,Male
638,9,0.3010299956639812,Björk,BR,20,m,IS,Female
638,10,0.2890648263178879,Ozzy Osbourne,BR,20,m,UK,Male
638,8,0.31546487678572877,Ozzy Osbourne,BR,20,m,UK,Male
638,7,0.3333333333333333,Bob Marley & The Wailers,BR,20,m,JM,Male
638,5,0.38685280723454163,Carpenter Brut,BR,20,m,FR,Male
660,1,1.0,Ariana Grande,BG,22,f,US,Female
660,2,0.6309297535714575,Kurt Vile,BG,22,f,US,Male
660,3,0.5,Four Tet,BG,22,f,UK,Male
660,5,0.38685280723454163,Twin Shadow,BG,22,f,US,Male
660,6,0.3562071871080222,Robyn,BG,22,f,SE,Female
660,9,0.3010299956639812,Ry x,BG,22,f,AU,Male
660,10,0.2890648263178879,Ry x,BG,22,f,AU,Male
660,8,0.31546487678572877,Joe Goddard,BG,22,f,UK,Male
660,7,0.3333333333333333,Daniel Avery,BG,22,f,UK,Male
660,4,0.43067655807339306,Mahmood,BG,22,f,IT,Male
309,1,1.0,Oswaldo Montenegro,BR,21,f,BR,Male
309,2,0.6309297535714575,Caetano Veloso,BR,21,f,BR,Male
309,3,0.5,Belchior,BR,21,f,BR,Male
309,4,0.43067655807339306,Cartola,BR,21,f,BR,Male
309,5,0.38685280723454163,Caetano Veloso,BR,21,f,BR,Male
309,6,0.3562071871080222,Céu,BR,21,f,BR,Female
309,7,0.3333333333333333,Phill Veras,BR,21,f,BR,Male
309,8,0.31546487678572877,Gilberto Gil,BR,21,f,BR,Male
309,9,0.3010299956639812,Céu,BR,21,f,BR,Female
309,10,0.2890648263178879,Caetano Veloso,BR,21,f,BR,Male
676,1,1.0,Ariana Grande,BR,18,m,US,Female
676,2,0.6309297535714575,Britney Spears,BR,18,m,US,Female
676,3,0.5,Ariana Grande,BR,18,m,US,Female
676,4,0.43067655807339306,Britney Spears,BR,18,m,US,Female
676,5,0.38685280723454163,Ariana Grande,BR,18,m,US,Female
676,6,0.3562071871080222,Britney Spears,BR,18,m,US,Female
676,9,0.3010299956639812,Avril Lavigne,BR,18,m,CA,Female
676,10,0.2890648263178879,Rihanna,BR,18,m,UK,Female
676,8,0.31546487678572877,Rita Ora,BR,18,m,UK,Female
676,7,0.3333333333333333,Sia,BR,18,m,AU,Female
878,1,1.0,Beck,US,21,m,DK,Male
878,2,0.6309297535714575,Bryan Adams,US,21,m,CA,Male
878,3,0.5,Queen,US,21,m,JP,Female
878,4,0.43067655807339306,Queen,US,21,m,JP,Female
878,5,0.38685280723454163,Haddaway,US,21,m,DE,Male
878,6,0.3562071871080222,Queen,US,21,m,JP,Female
878,7,0.3333333333333333,Laura Branigan,US,21,m,US,Female
878,10,0.2890648263178879,Seal,US,21,m,UK,Male
878,9,0.3010299956639812,Carpenter Brut,US,21,m,FR,Male
878,8,0.31546487678572877,Édith Piaf,US,21,m,FR,Female
73,1,1.0,Jessica Pratt,CH,32,m,US,Female
73,2,0.6309297535714575,Aldous Harding,CH,32,m,NZ,Female
73,3,0.5,Beck,CH,32,m,DK,Male
73,4,0.43067655807339306,Kacey Musgraves,CH,32,m,US,Female
73,5,0.38685280723454163,Michael Jackson,CH,32,m,US,Male
73,7,0.3333333333333333,James Blake,CH,32,m,UK,Male
73,8,0.31546487678572877,Toro y Moi,CH,32,m,US,Male
73,10,0.2890648263178879,James Blake,CH,32,m,UK,Male
73,9,0.3010299956639812,Rod Stewart,CH,32,m,UK,Male
73,6,0.3562071871080222,Bob Marley & The Wailers,CH,32,m,JM,Male
397,1,1.0,Michael Sembello,UK,24,m,US,Male
397,5,0.38685280723454163,Billy Joel,UK,24,m,US,Male
397,6,0.3562071871080222,George Ezra,UK,24,m,UK,Male
397,7,0.3333333333333333,Avril Lavigne,UK,24,m,CA,Female
397,8,0.31546487678572877,Seal,UK,24,m,UK,Male
397,10,0.2890648263178879,Eric Clapton,UK,24,m,UK,Male
397,9,0.3010299956639812,Bob Marley & The Wailers,UK,24,m,JM,Male
397,4,0.43067655807339306,Adele,UK,24,m,UK,Female
397,3,0.5,James Blake,UK,24,m,UK,Male
397,2,0.6309297535714575,Mahmood,UK,24,m,IT,Male
588,1,1.0,Duncan Laurence,PL,21,m,NL,Male
588,2,0.6309297535714575,Sia,PL,21,m,AU,Female
588,3,0.5,Britney Spears,PL,21,m,US,Female
588,5,0.38685280723454163,Queen,PL,21,m,JP,Female
588,6,0.3562071871080222,Moby,PL,21,m,US,Male
588,7,0.3333333333333333,George Ezra,PL,21,m,UK,Male
588,9,0.3010299956639812,Mika,PL,21,m,BA,Male
588,10,0.2890648263178879,Adele,PL,21,m,UK,Female
588,8,0.31546487678572877,Sia,PL,21,m,AU,Female
588,4,0.43067655807339306,Corinne Bailey Rae,PL,21,m,UK,Female
792,1,1.0,Britney Spears,US,36,m,US,Female
792,2,0.6309297535714575,Ariana Grande,US,36,m,US,Female
792,3,0.5,Britney Spears,US,36,m,US,Female
792,4,0.43067655807339306,Taylor Swift,US,36,m,US,Female
792,5,0.38685280723454163,Ariana Grande,US,36,m,US,Female
792,6,0.3562071871080222,Adele,US,36,m,UK,Female
792,8,0.31546487678572877,Avril Lavigne,US,36,m,CA,Female
792,10,0.2890648263178879,Rihanna,US,36,m,UK,Female
792,9,0.3010299956639812,Adele,US,36,m,UK,Female
792,7,0.3333333333333333,Rita Ora,US,36,m,UK,Female
635,1,1.0,Bryan Ferry,CZ,35,m,UK,Male
635,2,0.6309297535714575,Robert Palmer,CZ,35,m,US,Male
635,3,0.5,Robert Palmer,CZ,35,m,US,Male
635,4,0.43067655807339306,Annie Lennox,CZ,35,m,UK,Female
635,5,0.38685280723454163,Mark Morrison,CZ,35,m,UK,Male
635,6,0.3562071871080222,Morrissey,CZ,35,m,UK,Male
635,7,0.3333333333333333,Flipper,CZ,35,m,IL,Male
635,8,0.31546487678572877,Waldeck,CZ,35,m,AT,Male
635,10,0.2890648263178879,Frank Turner,CZ,35,m,UK,Male
635,9,0.3010299956639812,Mike Oldfield,CZ,35,m,UK,Male
925,1,1.0,Mayhem,DE,28,m,CA,Female
925,2,0.6309297535714575,Mayhem,DE,28,m,CA,Female
925,3,0.5,Emperor,DE,28,m,UK,Male
925,4,0.43067655807339306,Emperor,DE,28,m,UK,Male
925,5,0.38685280723454163,Russian Red,DE,28,m,ES,Female
925,6,0.3562071871080222,Venom,DE,28,m,UK,Male
925,7,0.3333333333333333,Venom,DE,28,m,UK,Male
925,10,0.2890648263178879,Thom Yorke,DE,28,m,UK,Male
925,9,0.3010299956639812,Ghost,DE,28,m,UK,Male
925,8,0.31546487678572877,Angèle,DE,28,m,BE,Female
334,1,1.0,Emperor,SE,21,m,UK,Male
334,2,0.6309297535714575,Tom Waits,SE,21,m,US,Male
334,3,0.5,Thom Yorke,SE,21,m,UK,Male
334,5,0.38685280723454163,Emperor,SE,21,m,UK,Male
334,6,0.3562071871080222,Haddaway,SE,21,m,DE,Male
334,8,0.31546487678572877,Rihanna,SE,21,m,UK,Female
334,10,0.2890648263178879,Adele,SE,21,m,UK,Female
334,9,0.3010299956639812,Venom,SE,21,m,UK,Male
334,7,0.3333333333333333,Seal,SE,21,m,UK,Male
334,4,0.43067655807339306,Russian Red,SE,21,m,ES,Female
436,1,1.0,Ariana Grande,BY,26,m,US,Female
436,2,0.6309297535714575,Ariana Grande,BY,26,m,US,Female
436,5,0.38685280723454163,Ariana Grande,BY,26,m,US,Female
436,6,0.3562071871080222,Adele,BY,26,m,UK,Female
436,7,0.3333333333333333,Jessie J,BY,26,m,UK,Female
436,10,0.2890648263178879,Anitta,BY,26,m,BR,Female
436,9,0.3010299956639812,Kygo,BY,26,m,NO,Male
436,8,0.31546487678572877,Adele,BY,26,m,UK,Female
436,4,0.43067655807339306,Anitta,BY,26,m,BR,Female
436,3,0.5,J Balvin,BY,26,m,CO,Male
752,1,1.0,Parov Stelar,FI,20,m,AT,Male
752,2,0.6309297535714575,Wax Tailor,FI,20,m,FR,Male
752,3,0.5,Porter Robinson,FI,20,m,US,Male
752,4,0.43067655807339306,Skrillex,FI,20,m,US,Male
752,5,0.38685280723454163,Bonobo,FI,20,m,UK,Male
752,6,0.3562071871080222,Skrillex,FI,20,m,US,Male
752,7,0.3333333333333333,Feed Me,FI,20,m,UK,Male
752,10,0.2890648263178879,Ils,FI,20,m,UK,Male
752,9,0.3010299956639812,Ken Ashcorp,FI,20,m,UK,Male
752,8,0.31546487678572877,Édith Piaf,FI,20,m,FR,Female
800,1,1.0,YEZI,US,21,f,KR,Female
800,2,0.6309297535714575,Kelela,US,21,f,US,Female
800,3,0.5,Hayden James,US,21,f,AU,Male
800,4,0.43067655807339306,Shirley Bassey,US,21,f,MC,Female
800,5,0.38685280723454163,Aaliyah,US,21,f,US,Female
800,6,0.3562071871080222,Jessie Ware,US,21,f,UK,Female
800,7,0.3333333333333333,Tiffany Young,US,21,f,KR,Female
800,10,0.2890648263178879,Ben Howard,US,21,f,UK,Male
800,9,0.3010299956639812,PJ Harvey,US,21,f,UK,Female
800,8,0.31546487678572877,Sondre Lerche,US,21,f,NO,Male
794,1,1.0,Billy Joel,PL,18,f,US,Male
794,2,0.6309297535714575,Eagle-Eye Cherry,PL,18,f,SE,Male
794,3,0.5,Haddaway,PL,18,f,DE,Male
794,4,0.43067655807339306,Duncan Laurence,PL,18,f,NL,Male
794,5,0.38685280723454163,Britney Spears,PL,18,f,US,Female
794,6,0.3562071871080222,Bryan Adams,PL,18,f,CA,Male
794,8,0.31546487678572877,Seal,PL,18,f,UK,Male
794,9,0.3010299956639812,Avril Lavigne,PL,18,f,CA,Female
794,10,0.2890648263178879,Ed Sheeran,PL,18,f,UK,Male
794,7,0.3333333333333333,Eric Clapton,PL,18,f,UK,Male
192,1,1.0,Queen,US,25,m,JP,Female
192,2,0.6309297535714575,Devin Townsend,US,25,m,CA,Male
192,3,0.5,Queen,US,25,m,JP,Female
192,4,0.43067655807339306,Queen,US,25,m,JP,Female
192,5,0.38685280723454163,Philip Glass,US,25,m,US,Male
192,6,0.3562071871080222,Queen,US,25,m,JP,Female
192,10,0.2890648263178879,Vashti Bunyan,US,25,m,UK,Female
192,9,0.3010299956639812,David Bowie,US,25,m,UK,Male
192,8,0.31546487678572877,David Bowie,US,25,m,UK,Male
192,7,0.3333333333333333,Emperor,US,25,m,UK,Male
158,1,1.0,Weyes Blood,HU,33,m,US,Female
158,2,0.6309297535714575,Angèle,HU,33,m,BE,Female
158,3,0.5,Weyes Blood,HU,33,m,US,Female
158,4,0.43067655807339306,Weyes Blood,HU,33,m,US,Female
158,5,0.38685280723454163,Angèle,HU,33,m,BE,Female
158,6,0.3562071871080222,Aldous Harding,HU,33,m,NZ,Female
158,8,0.31546487678572877,Björk,HU,33,m,IS,Female
158,9,0.3010299956639812,Lily Allen,HU,33,m,UK,Female
158,10,0.2890648263178879,Björk,HU,33,m,IS,Female
158,7,0.3333333333333333,John Lennon,HU,33,m,UK,Male
643,1,1.0,Blue Stahli,BY,19,f,US,Male
643,2,0.6309297535714575,Ozzy Osbourne,BY,19,f,UK,Male
643,3,0.5,Carpenter Brut,BY,19,f,FR,Male
643,4,0.43067655807339306,IAMX,BY,19,f,DE,Male
643,5,0.38685280723454163,Moby,BY,19,f,US,Male
643,6,0.3562071871080222,Princess Chelsea,BY,19,f,NZ,Female
643,8,0.31546487678572877,Carpenter Brut,BY,19,f,FR,Male
643,9,0.3010299956639812,Vitalic,BY,19,f,FR,Male
643,10,0.2890648263178879,Perturbator,BY,19,f,FR,Male
643,7,0.3333333333333333,Ozzy Osbourne,BY,19,f,UK,Male
261,1,1.0,Lana Del Rey,RO,28,m,US,Female
261,2,0.6309297535714575,Rihanna,RO,28,m,UK,Female
261,3,0.5,Sia,RO,28,m,AU,Female
261,4,0.43067655807339306,Sia,RO,28,m,AU,Female
261,5,0.38685280723454163,Carpenter Brut,RO,28,m,FR,Male
261,6,0.3562071871080222,Chris Isaak,RO,28,m,US,Male
261,8,0.31546487678572877,Rihanna,RO,28,m,UK,Female
261,10,0.2890648263178879,Jessie J,RO,28,m,UK,Female
261,9,0.3010299956639812,Rihanna,RO,28,m,UK,Female
261,7,0.3333333333333333,Rihanna,RO,28,m,UK,Female
198,1,1.0,Big L,US,20,m,US,Male
198,2,0.6309297535714575,Kanye West,US,20,m,US,Male
198,3,0.5,Beck,US,20,m,DK,Male
198,4,0.43067655807339306,Common,US,20,m,US,Male
198,5,0.38685280723454163,AFI,US,20,m,US,Female
198,6,0.3562071871080222,Kanye West,US,20,m,US,Male
198,7,0.3333333333333333,Earl Sweatshirt,US,20,m,US,Male
198,8,0.31546487678572877,Bob Marley & The Wailers,US,20,m,JM,Male
198,9,0.3010299956639812,Chuck Berry,US,20,m,US,Male
198,10,0.2890648263178879,Kate Bush,US,20,m,UK,Female
221,1,1.0,Mariah Carey,US,24,m,US,Female
221,2,0.6309297535714575,Troye Sivan,US,24,m,AU,Male
221,3,0.5,Robyn,US,24,m,SE,Female
221,4,0.43067655807339306,Rihanna,US,24,m,UK,Female
221,8,0.31546487678572877,Rita Ora,US,24,m,UK,Female
221,10,0.2890648263178879,Troye Sivan,US,24,m,AU,Male
221,9,0.3010299956639812,Adele,US,24,m,UK,Female
221,7,0.3333333333333333,Adele,US,24,m,UK,Female
221,6,0.3562071871080222,Ed Sheeran,US,24,m,UK,Male
221,5,0.38685280723454163,Rihanna,US,24,m,UK,Female
774,1,1.0,Britney Spears,MX,21,f,US,Female
774,2,0.6309297535714575,Haddaway,MX,21,f,DE,Male
774,3,0.5,Marilyn Manson,MX,21,f,US,Male
774,7,0.3333333333333333,Edwyn Collins,MX,21,f,UK,Male
774,8,0.31546487678572877,Björk,MX,21,f,IS,Female
774,10,0.2890648263178879,Ozzy Osbourne,MX,21,f,UK,Male
774,9,0.3010299956639812,Avril Lavigne,MX,21,f,CA,Female
774,6,0.3562071871080222,Seal,MX,21,f,UK,Male
774,5,0.38685280723454163,Eric Clapton,MX,21,f,UK,Male
774,4,0.43067655807339306,Mika,MX,21,f,BA,Male
424,1,1.0,Britney Spears,TR,23,f,US,Female
424,2,0.6309297535714575,Britney Spears,TR,23,f,US,Female
424,5,0.38685280723454163,Avril Lavigne,TR,23,f,CA,Female
424,6,0.3562071871080222,Jessie J,TR,23,f,UK,Female
424,10,0.2890648263178879,George Ezra,TR,23,f,UK,Male
424,9,0.3010299956639812,Niall Horan,TR,23,f,IE,Male
424,8,0.31546487678572877,Adele,TR,23,f,UK,Female
424,7,0.3333333333333333,Kygo,TR,23,f,NO,Male
424,4,0.43067655807339306,Adele,TR,23,f,UK,Female
424,3,0.5,Adele,TR,23,f,UK,Female
26,1,1.0,Bryan Adams,AT,28,m,CA,Male
26,2,0.6309297535714575,Eric Clapton,AT,28,m,UK,Male
26,4,0.43067655807339306,Britney Spears,AT,28,m,US,Female
26,5,0.38685280723454163,Britney Spears,AT,28,m,US,Female
26,6,0.3562071871080222,Marilyn Manson,AT,28,m,US,Male
26,8,0.31546487678572877,Chris Isaak,AT,28,m,US,Male
26,10,0.2890648263178879,Avril Lavigne,AT,28,m,CA,Female
26,9,0.3010299956639812,Bob Marley & The Wailers,AT,28,m,JM,Male
26,7,0.3333333333333333,George Ezra,AT,28,m,UK,Male
26,3,0.5,Dennis Lloyd,AT,28,m,IL,Male
43,1,1.0,Cass Elliot,US,25,m,US,Female
43,2,0.6309297535714575,Moby,US,25,m,US,Male
43,3,0.5,Aaron Smith,US,25,m,US,Male
43,4,0.43067655807339306,Moby,US,25,m,US,Male
43,6,0.3562071871080222,Klaas,US,25,m,DE,Male
43,7,0.3333333333333333,Carpenter Brut,US,25,m,FR,Male
43,8,0.31546487678572877,Vitalic,US,25,m,FR,Male
43,10,0.2890648263178879,Timmy Trumpet,US,25,m,AU,Male
43,9,0.3010299956639812,Dimension,US,25,m,ES,Male
43,5,0.38685280723454163,Carpenter Brut,US,25,m,FR,Male
53,1,1.0,Weyes Blood,US,26,m,US,Female
53,2,0.6309297535714575,Snail Mail,US,26,m,US,Female
53,3,0.5,Snail Mail,US,26,m,US,Female
53,4,0.43067655807339306,Oneohtrix Point Never,US,26,m,US,Male
53,5,0.38685280723454163,Grouper,US,26,m,US,Female
53,6,0.3562071871080222,Weyes Blood,US,26,m,US,Female
53,9,0.3010299956639812,Cate le Bon,US,26,m,UK,Female
53,10,0.2890648263178879,Jenny Hval,US,26,m,NO,Female
53,8,0.31546487678572877,Thom Yorke,US,26,m,UK,Male
53,7,0.3333333333333333,Tirzah,US,26,m,UK,Female
672,1,1.0,Weyes Blood,IT,22,m,US,Female
672,2,0.6309297535714575,Toro y Moi,IT,22,m,US,Male
672,3,0.5,Toro y Moi,IT,22,m,US,Male
672,6,0.3562071871080222,Kanye West,IT,22,m,US,Male
672,9,0.3010299956639812,James Blake,IT,22,m,UK,Male
672,10,0.2890648263178879,James Blake,IT,22,m,UK,Male
672,8,0.31546487678572877,Thom Yorke,IT,22,m,UK,Male
672,7,0.3333333333333333,Girl In Red,IT,22,m,NO,Female
672,5,0.38685280723454163,Pional,IT,22,m,ES,Male
672,4,0.43067655807339306,Mahmood,IT,22,m,IT,Male
435,1,1.0,Marilyn Manson,FI,18,f,US,Male
435,2,0.6309297535714575,Marilyn Manson,FI,18,f,US,Male
435,3,0.5,Marilyn Manson,FI,18,f,US,Male
435,4,0.43067655807339306,Marilyn Manson,FI,18,f,US,Male
435,5,0.38685280723454163,Ozzy Osbourne,FI,18,f,UK,Male
435,10,0.2890648263178879,Björk,FI,18,f,IS,Female
435,9,0.3010299956639812,Pedro Sampaio,FI,18,f,BR,Male
435,8,0.31546487678572877,Richard Ashcroft,FI,18,f,UK,Male
435,7,0.3333333333333333,Louis Tomlinson,FI,18,f,UK,Male
435,6,0.3562071871080222,Carpenter Brut,FI,18,f,FR,Male
136,1,1.0,Lazerhawk,RU,25,m,US,Male
136,2,0.6309297535714575,YOB,RU,25,m,UK,Male
136,3,0.5,Panda Bear,RU,25,m,US,Male
136,4,0.43067655807339306,Veronica Maggio,RU,25,m,SE,Female
136,5,0.38685280723454163,Townes Van Zandt,RU,25,m,US,Male
136,7,0.3333333333333333,Ghost,RU,25,m,UK,Male
136,10,0.2890648263178879,Emperor,RU,25,m,UK,Male
136,9,0.3010299956639812,Jaakko Eino Kalevi,RU,25,m,FI,Male
136,8,0.31546487678572877,Scott Walker,RU,25,m,UK,Male
136,6,0.3562071871080222,David Bowie,RU,25,m,UK,Male
624,1,1.0,Beck,UK,50,m,DK,Male
624,2,0.6309297535714575,AFI,UK,50,m,US,Female
624,3,0.5,Haddaway,UK,50,m,DE,Male
624,4,0.43067655807339306,Chuck Berry,UK,50,m,US,Male
624,5,0.38685280723454163,Britney Spears,UK,50,m,US,Female
624,6,0.3562071871080222,Eagle-Eye Cherry,UK,50,m,SE,Male
624,7,0.3333333333333333,Britney Spears,UK,50,m,US,Female
624,9,0.3010299956639812,Ozzy Osbourne,UK,50,m,UK,Male
624,10,0.2890648263178879,Sia,UK,50,m,AU,Female
624,8,0.31546487678572877,Seal,UK,50,m,UK,Male
281,1,1.0,James Blake,UK,23,m,UK,Male
281,2,0.6309297535714575,Aldous Harding,UK,23,m,NZ,Female
281,3,0.5,Snail Mail,UK,23,m,US,Female
281,4,0.43067655807339306,Kurt Vile,UK,23,m,US,Male
281,5,0.38685280723454163,Thom Yorke,UK,23,m,UK,Male
281,6,0.3562071871080222,Weyes Blood,UK,23,m,US,Female
281,7,0.3333333333333333,PJ Harvey,UK,23,m,UK,Female
281,10,0.2890648263178879,Joe Goddard,UK,23,m,UK,Male
281,9,0.3010299956639812,Tame Impala,UK,23,m,AU,Male
281,8,0.31546487678572877,Édith Piaf,UK,23,m,FR,Female
266,1,1.0,Robyn,ES,27,m,SE,Female
266,2,0.6309297535714575,Beyoncé,ES,27,m,US,Female
266,3,0.5,Kacey Musgraves,ES,27,m,US,Female
266,4,0.43067655807339306,Toro y Moi,ES,27,m,US,Male
266,5,0.38685280723454163,Tame Impala,ES,27,m,AU,Male
266,6,0.3562071871080222,Ariana Grande,ES,27,m,US,Female
266,10,0.2890648263178879,Four Tet,ES,27,m,UK,Male
266,9,0.3010299956639812,Dido,ES,27,m,UK,Female
266,8,0.31546487678572877,James Blake,ES,27,m,UK,Male
266,7,0.3333333333333333,Adele,ES,27,m,UK,Female
342,1,1.0,Gregory Alan Isakov,NO,22,m,US,Male
342,2,0.6309297535714575,Ray LaMontagne,NO,22,m,US,Male
342,10,0.2890648263178879,James Blake,NO,22,m,UK,Male
342,9,0.3010299956639812,Hozier,NO,22,m,IE,Male
342,8,0.31546487678572877,George Ezra,NO,22,m,UK,Male
342,7,0.3333333333333333,Ry x,NO,22,m,AU,Male
342,6,0.3562071871080222,Four Tet,NO,22,m,UK,Male
342,5,0.38685280723454163,Joe Goddard,NO,22,m,UK,Male
342,4,0.43067655807339306,Damien Rice,NO,22,m,IE,Male
342,3,0.5,Adele,NO,22,m,UK,Female
570,1,1.0,Weyes Blood,PL,21,m,US,Female
570,2,0.6309297535714575,Weyes Blood,PL,21,m,US,Female
570,3,0.5,Weyes Blood,PL,21,m,US,Female
570,4,0.43067655807339306,Grimes,PL,21,m,CA,Female
570,5,0.38685280723454163,Wax Tailor,PL,21,m,FR,Male
570,7,0.3333333333333333,Chelsea Wolfe,PL,21,m,US,Female
570,8,0.31546487678572877,PJ Harvey,PL,21,m,UK,Female
570,10,0.2890648263178879,Tame Impala,PL,21,m,AU,Male
570,9,0.3010299956639812,Grimes,PL,21,m,CA,Female
570,6,0.3562071871080222,Girl In Red,PL,21,m,NO,Female
606,1,1.0,Kacey Musgraves,IT,26,m,US,Female
606,2,0.6309297535714575,Tame Impala,IT,26,m,AU,Male
606,3,0.5,Grimes,IT,26,m,CA,Female
606,4,0.43067655807339306,Jessica Pratt,IT,26,m,US,Female
606,5,0.38685280723454163,Grimes,IT,26,m,CA,Female
606,6,0.3562071871080222,Robyn,IT,26,m,SE,Female
606,7,0.3333333333333333,Lana Del Rey,IT,26,m,US,Female
606,8,0.31546487678572877,Janelle Monáe,IT,26,m,US,Non-binary
606,9,0.3010299956639812,Grimes,IT,26,m,CA,Female
606,10,0.2890648263178879,Sufjan Stevens,IT,26,m,US,Male
521,1,1.0,Billy Joel,RU,21,m,US,Male
521,2,0.6309297535714575,Eagle-Eye Cherry,RU,21,m,SE,Male
521,3,0.5,Haddaway,RU,21,m,DE,Male
521,4,0.43067655807339306,Beck,RU,21,m,DK,Male
521,5,0.38685280723454163,Nik Kershaw,RU,21,m,UK,Male
521,7,0.3333333333333333,Edwyn Collins,RU,21,m,UK,Male
521,8,0.31546487678572877,Dolly Parton,RU,21,m,US,Female
521,10,0.2890648263178879,Devin Townsend,RU,21,m,CA,Male
521,9,0.3010299956639812,Grimes,RU,21,m,CA,Female
521,6,0.3562071871080222,Carpenter Brut,RU,21,m,FR,Male
807,1,1.0,Aldous Harding,SK,21,m,NZ,Female
807,2,0.6309297535714575,Weyes Blood,SK,21,m,US,Female
807,3,0.5,Weyes Blood,SK,21,m,US,Female
807,4,0.43067655807339306,Thom Yorke,SK,21,m,UK,Male
807,5,0.38685280723454163,Weyes Blood,SK,21,m,US,Female
807,6,0.3562071871080222,Kurt Vile,SK,21,m,US,Male
807,8,0.31546487678572877,Thom Yorke,SK,21,m,UK,Male
807,9,0.3010299956639812,James Blake,SK,21,m,UK,Male
807,10,0.2890648263178879,James Blake,SK,21,m,UK,Male
807,7,0.3333333333333333,Kate Bush,SK,21,m,UK,Female
433,1,1.0,Chelsea Wolfe,DE,32,f,US,Female
433,2,0.6309297535714575,Chelsea Wolfe,DE,32,f,US,Female
433,3,0.5,Chelsea Wolfe,DE,32,f,US,Female
433,4,0.43067655807339306,Tori Amos,DE,32,f,US,Female
433,5,0.38685280723454163,Chelsea Wolfe,DE,32,f,US,Female
433,6,0.3562071871080222,Copeland,DE,32,f,UK,Female
433,7,0.3333333333333333,Emma Ruth Rundle,DE,32,f,US,Female
433,9,0.3010299956639812,Planningtorock,DE,32,f,UK,Non-binary
433,10,0.2890648263178879,Dernière Volonté,DE,32,f,FR,Male
433,8,0.31546487678572877,Dernière Volonté,DE,32,f,FR,Male
348,1,1.0,Thom Yorke,BR,19,m,UK,Male
348,2,0.6309297535714575,Leonard Cohen,BR,19,m,CA,Male
348,3,0.5,Cat Power,BR,19,m,US,Female
348,4,0.43067655807339306,Leonard Cohen,BR,19,m,CA,Male
348,5,0.38685280723454163,Gary Numan,BR,19,m,UK,Male
348,6,0.3562071871080222,Weyes Blood,BR,19,m,US,Female
348,7,0.3333333333333333,Leonard Cohen,BR,19,m,CA,Male
348,8,0.31546487678572877,Jessica Pratt,BR,19,m,US,Female
348,10,0.2890648263178879,Caribou,BR,19,m,CA,Male
348,9,0.3010299956639812,Leonard Cohen,BR,19,m,CA,Male
214,1,1.0,John Maus,DE,21,m,US,Male
214,2,0.6309297535714575,Grouper,DE,21,m,US,Female
214,3,0.5,Grouper,DE,21,m,US,Female
214,4,0.43067655807339306,Earl Sweatshirt,DE,21,m,US,Male
214,5,0.38685280723454163,John Maus,DE,21,m,US,Male
214,6,0.3562071871080222,Grouper,DE,21,m,US,Female
214,7,0.3333333333333333,Lil Nas X,DE,21,m,US,Male
214,8,0.31546487678572877,Panda Bear,DE,21,m,US,Male
214,10,0.2890648263178879,Arca,DE,21,m,VE,Non-binary
214,9,0.3010299956639812,Arca,DE,21,m,VE,Non-binary
861,1,1.0,Britney Spears,UA,18,f,US,Female
861,2,0.6309297535714575,Britney Spears,UA,18,f,US,Female
861,3,0.5,Moby,UA,18,f,US,Male
861,4,0.43067655807339306,Eagle-Eye Cherry,UA,18,f,SE,Male
861,5,0.38685280723454163,Ariana Grande,UA,18,f,US,Female
861,6,0.3562071871080222,Avril Lavigne,UA,18,f,CA,Female
861,9,0.3010299956639812,Björk,UA,18,f,IS,Female
861,10,0.2890648263178879,Sia,UA,18,f,AU,Female
861,8,0.31546487678572877,Adele,UA,18,f,UK,Female
861,7,0.3333333333333333,Jessie J,UA,18,f,UK,Female
64,1,1.0,Kurt Vile,SE,27,m,US,Male
64,2,0.6309297535714575,Aldous Harding,SE,27,m,NZ,Female
64,3,0.5,Weyes Blood,SE,27,m,US,Female
64,4,0.43067655807339306,John Maus,SE,27,m,US,Male
64,5,0.38685280723454163,James Blake,SE,27,m,UK,Male
64,6,0.3562071871080222,Thom Yorke,SE,27,m,UK,Male
64,7,0.3333333333333333,Tame Impala,SE,27,m,AU,Male
64,10,0.2890648263178879,Flume,SE,27,m,AU,Male
64,9,0.3010299956639812,Dean Blunt,SE,27,m,UK,Male
64,8,0.31546487678572877,Joe Goddard,SE,27,m,UK,Male
123,1,1.0,Gregory Alan Isakov,BR,25,m,US,Male
123,2,0.6309297535714575,Gregory Alan Isakov,BR,25,m,US,Male
123,3,0.5,John Mayer,BR,25,m,IN,Male
123,4,0.43067655807339306,Father John Misty,BR,25,m,US,Male
123,5,0.38685280723454163,Adele,BR,25,m,UK,Female
123,6,0.3562071871080222,John Mayer,BR,25,m,IN,Male
123,8,0.31546487678572877,Ben Howard,BR,25,m,UK,Male
123,10,0.2890648263178879,Four Tet,BR,25,m,UK,Male
123,9,0.3010299956639812,Damien Rice,BR,25,m,IE,Male
123,7,0.3333333333333333,Bonobo,BR,25,m,UK,Male
530,1,1.0,Ariana Grande,US,32,m,US,Female
530,2,0.6309297535714575,Ariana Grande,US,32,m,US,Female
530,3,0.5,Robyn,US,32,m,SE,Female
530,4,0.43067655807339306,Lana Del Rey,US,32,m,US,Female
530,5,0.38685280723454163,Taylor Swift,US,32,m,US,Female
530,6,0.3562071871080222,Ariana Grande,US,32,m,US,Female
530,10,0.2890648263178879,James Blake,US,32,m,UK,Male
530,9,0.3010299956639812,Thom Yorke,US,32,m,UK,Male
530,8,0.31546487678572877,Rita Ora,US,32,m,UK,Female
530,7,0.3333333333333333,Rihanna,US,32,m,UK,Female
648,1,1.0,James Blake,US,20,m,UK,Male
648,2,0.6309297535714575,James Blake,US,20,m,UK,Male
648,3,0.5,Aldous Harding,US,20,m,NZ,Female
648,4,0.43067655807339306,Weyes Blood,US,20,m,US,Female
648,5,0.38685280723454163,Snail Mail,US,20,m,US,Female
648,6,0.3562071871080222,Philip Glass,US,20,m,US,Male
648,7,0.3333333333333333,Tom Waits,US,20,m,US,Male
648,8,0.31546487678572877,John Maus,US,20,m,US,Male
648,9,0.3010299956639812,Kurt Vile,US,20,m,US,Male
648,10,0.2890648263178879,Four Tet,US,20,m,UK,Male
488,1,1.0,Britney Spears,UK,42,m,US,Female
488,2,0.6309297535714575,Eagle-Eye Cherry,UK,42,m,SE,Male
488,3,0.5,Avril Lavigne,UK,42,m,CA,Female
488,7,0.3333333333333333,AFI,UK,42,m,US,Female
488,10,0.2890648263178879,Eric Clapton,UK,42,m,UK,Male
488,9,0.3010299956639812,Edwyn Collins,UK,42,m,UK,Male
488,8,0.31546487678572877,Bob Marley & The Wailers,UK,42,m,JM,Male
488,6,0.3562071871080222,Nik Kershaw,UK,42,m,UK,Male
488,5,0.38685280723454163,Édith Piaf,UK,42,m,FR,Female
488,4,0.43067655807339306,Bob Marley & The Wailers,UK,42,m,JM,Male
505,1,1.0,Toro y Moi,PL,36,f,US,Male
505,2,0.6309297535714575,Toro y Moi,PL,36,f,US,Male
505,3,0.5,Four Tet,PL,36,f,UK,Male
505,4,0.43067655807339306,Thom Yorke,PL,36,f,UK,Male
505,6,0.3562071871080222,Kurt Vile,PL,36,f,US,Male
505,7,0.3333333333333333,Charlotte Day Wilson,PL,36,f,CA,Female
505,8,0.31546487678572877,John Maus,PL,36,f,US,Male
505,9,0.3010299956639812,John Maus,PL,36,f,US,Male
505,10,0.2890648263178879,Tame Impala,PL,36,f,AU,Male
505,5,0.38685280723454163,Mahmood,PL,36,f,IT,Male
71,1,1.0,Little Walter,PL,25,m,US,Male
71,2,0.6309297535714575,Howlin' Wolf,PL,25,m,US,Male
71,4,0.43067655807339306,Robin Trower,PL,25,m,UK,Male
71,5,0.38685280723454163,Elmore James,PL,25,m,US,Male
71,7,0.3333333333333333,Annie Lennox,PL,25,m,UK,Female
71,8,0.31546487678572877,Nick Lowe,PL,25,m,UK,Male
71,10,0.2890648263178879,Devin Townsend,PL,25,m,CA,Male
71,9,0.3010299956639812,Annie Lennox,PL,25,m,UK,Female
71,6,0.3562071871080222,Emperor,PL,25,m,UK,Male
71,3,0.5,Mc IG,PL,25,m,BR,Male
675,1,1.0,Avril Lavigne,UA,19,f,CA,Female
675,2,0.6309297535714575,Jessie J,UA,19,f,UK,Female
675,6,0.3562071871080222,Bryan Adams,UA,19,f,CA,Male
675,8,0.31546487678572877,Sia,UA,19,f,AU,Female
675,9,0.3010299956639812,Sia,UA,19,f,AU,Female
675,10,0.2890648263178879,Sia,UA,19,f,AU,Female
675,7,0.3333333333333333,Sia,UA,19,f,AU,Female
675,5,0.38685280723454163,Eric Clapton,UA,19,f,UK,Male
675,4,0.43067655807339306,Adele,UA,19,f,UK,Female
675,3,0.5,Rihanna,UA,19,f,UK,Female
406,1,1.0,Panda Bear,PL,16,m,US,Male
406,2,0.6309297535714575,Jessica Pratt,PL,16,m,US,Female
406,3,0.5,Oneohtrix Point Never,PL,16,m,US,Male
406,4,0.43067655807339306,Oneohtrix Point Never,PL,16,m,US,Male
406,5,0.38685280723454163,Oneohtrix Point Never,PL,16,m,US,Male
406,6,0.3562071871080222,Jessica Pratt,PL,16,m,US,Female
406,7,0.3333333333333333,Weyes Blood,PL,16,m,US,Female
406,8,0.31546487678572877,Jenny Hval,PL,16,m,NO,Female
406,10,0.2890648263178879,Jenny Hval,PL,16,m,NO,Female
406,9,0.3010299956639812,Arca,PL,16,m,VE,Non-binary
601,1,1.0,Ariana Grande,PH,24,f,US,Female
601,2,0.6309297535714575,Robyn,PH,24,f,SE,Female
601,3,0.5,Ariana Grande,PH,24,f,US,Female
601,4,0.43067655807339306,Taylor Swift,PH,24,f,US,Female
601,5,0.38685280723454163,Ariana Grande,PH,24,f,US,Female
601,6,0.3562071871080222,Ariana Grande,PH,24,f,US,Female
601,7,0.3333333333333333,Travis Scott,PH,24,f,US,Male
601,8,0.31546487678572877,Britney Spears,PH,24,f,US,Female
601,9,0.3010299956639812,Lil Nas X,PH,24,f,US,Male
601,10,0.2890648263178879,Rita Ora,PH,24,f,UK,Female
303,1,1.0,Marilyn Manson,RU,25,f,US,Male
303,2,0.6309297535714575,Queen,RU,25,f,JP,Female
303,3,0.5,Ozzy Osbourne,RU,25,f,UK,Male
303,4,0.43067655807339306,Marilyn Manson,RU,25,f,US,Male
303,5,0.38685280723454163,Marilyn Manson,RU,25,f,US,Male
303,6,0.3562071871080222,Moby,RU,25,f,US,Male
303,7,0.3333333333333333,Ozzy Osbourne,RU,25,f,UK,Male
303,10,0.2890648263178879,Carpenter Brut,RU,25,f,FR,Male
303,9,0.3010299956639812,Bob Marley & The Wailers,RU,25,f,JM,Male
303,8,0.31546487678572877,Carpenter Brut,RU,25,f,FR,Male
131,1,1.0,Mayhem,DE,24,m,CA,Female
131,2,0.6309297535714575,Emperor,DE,24,m,UK,Male
131,3,0.5,IAMX,DE,24,m,DE,Male
131,4,0.43067655807339306,Thom Yorke,DE,24,m,UK,Male
131,5,0.38685280723454163,Ihsahn,DE,24,m,NO,Male
131,6,0.3562071871080222,Venom,DE,24,m,UK,Male
131,7,0.3333333333333333,Russian Red,DE,24,m,ES,Female
131,10,0.2890648263178879,Emperor,DE,24,m,UK,Male
131,9,0.3010299956639812,Emperor,DE,24,m,UK,Male
131,8,0.31546487678572877,Ghost,DE,24,m,UK,Male
889,1,1.0,Adele,BR,31,f,UK,Female
889,2,0.6309297535714575,Adele,BR,31,f,UK,Female
889,3,0.5,Avril Lavigne,BR,31,f,CA,Female
889,4,0.43067655807339306,Ariana Grande,BR,31,f,US,Female
889,5,0.38685280723454163,Adele,BR,31,f,UK,Female
889,6,0.3562071871080222,Shawn Mendes,BR,31,f,CA,Male
889,10,0.2890648263178879,Justin Bieber,BR,31,f,CA,Male
889,9,0.3010299956639812,Ed Sheeran,BR,31,f,UK,Male
889,8,0.31546487678572877,Bryan Adams,BR,31,f,CA,Male
889,7,0.3333333333333333,George Ezra,BR,31,f,UK,Male
462,1,1.0,Travis Scott,BR,22,m,US,Male
462,2,0.6309297535714575,Earl Sweatshirt,BR,22,m,US,Male
462,3,0.5,Earl Sweatshirt,BR,22,m,US,Male
462,4,0.43067655807339306,Four Tet,BR,22,m,UK,Male
462,6,0.3562071871080222,James Blake,BR,22,m,UK,Male
462,7,0.3333333333333333,Ariana Grande,BR,22,m,US,Female
462,8,0.31546487678572877,James Blake,BR,22,m,UK,Male
462,10,0.2890648263178879,Tame Impala,BR,22,m,AU,Male
462,9,0.3010299956639812,J Balvin,BR,22,m,CO,Male
462,5,0.38685280723454163,Girl In Red,BR,22,m,NO,Female
65,1,1.0,Father John Misty,CR,31,m,US,Male
65,2,0.6309297535714575,Snail Mail,CR,31,m,US,Female
65,3,0.5,Kurt Vile,CR,31,m,US,Male
65,4,0.43067655807339306,Tame Impala,CR,31,m,AU,Male
65,5,0.38685280723454163,Thom Yorke,CR,31,m,UK,Male
65,6,0.3562071871080222,Julee Cruise,CR,31,m,US,Female
65,9,0.3010299956639812,Bob Marley & The Wailers,CR,31,m,JM,Male
65,10,0.2890648263178879,James Blake,CR,31,m,UK,Male
65,8,0.31546487678572877,Bob Marley & The Wailers,CR,31,m,JM,Male
65,7,0.3333333333333333,Tame Impala,CR,31,m,AU,Male
184,1,1.0,Adele,BR,20,m,UK,Female
184,3,0.5,Gregory Alan Isakov,BR,20,m,US,Male
184,4,0.43067655807339306,Adele,BR,20,m,UK,Female
184,7,0.3333333333333333,Ray LaMontagne,BR,20,m,US,Male
184,10,0.2890648263178879,Ed Sheeran,BR,20,m,UK,Male
184,9,0.3010299956639812,George Ezra,BR,20,m,UK,Male
184,8,0.31546487678572877,Corinne Bailey Rae,BR,20,m,UK,Female
184,6,0.3562071871080222,Adele,BR,20,m,UK,Female
184,5,0.38685280723454163,Tame Impala,BR,20,m,AU,Male
184,2,0.6309297535714575,J Balvin,BR,20,m,CO,Male
542,1,1.0,Mr.Kitty,RU,23,m,US,Male
542,2,0.6309297535714575,Carpenter Brut,RU,23,m,FR,Male
542,3,0.5,Vitalic,RU,23,m,FR,Male
542,4,0.43067655807339306,Oliver Koletzki,RU,23,m,DE,Male
542,5,0.38685280723454163,Moby,RU,23,m,US,Male
542,6,0.3562071871080222,Grimes,RU,23,m,CA,Female
542,10,0.2890648263178879,Ozzy Osbourne,RU,23,m,UK,Male
542,9,0.3010299956639812,Gary Numan,RU,23,m,UK,Male
542,8,0.31546487678572877,Kavinsky,RU,23,m,FR,Male
542,7,0.3333333333333333,Tame Impala,RU,23,m,AU,Male
931,1,1.0,Bob Marley & The Wailers,US,37,m,JM,Male
931,2,0.6309297535714575,David Bowie,US,37,m,UK,Male
931,3,0.5,Serj Tankian,US,37,m,US,Male
931,4,0.43067655807339306,Bob Marley & The Wailers,US,37,m,JM,Male
931,5,0.38685280723454163,Madonna,US,37,m,US,Female
931,6,0.3562071871080222,Astrud Gilberto,US,37,m,BR,Female
931,7,0.3333333333333333,Michael Jackson,US,37,m,US,Male
931,10,0.2890648263178879,PJ Harvey,US,37,m,UK,Female
931,9,0.3010299956639812,Nick Drake,US,37,m,UK,Male
931,8,0.31546487678572877,Ghost,US,37,m,UK,Male
865,1,1.0,Rob Zombie,FI,18,f,US,Male
865,3,0.5,Blue Stahli,FI,18,f,US,Male
865,4,0.43067655807339306,Edwyn Collins,FI,18,f,UK,Male
865,5,0.38685280723454163,Sia,FI,18,f,AU,Female
865,6,0.3562071871080222,Red,FI,18,f,PL,Male
865,7,0.3333333333333333,Sia,FI,18,f,AU,Female
865,8,0.31546487678572877,Sia,FI,18,f,AU,Female
865,10,0.2890648263178879,Ozzy Osbourne,FI,18,f,UK,Male
865,9,0.3010299956639812,Oxxxymiron,FI,18,f,UK,Male
865,2,0.6309297535714575,Lost Frequencies,FI,18,f,BE,Male
812,1,1.0,Queen,US,42,m,JP,Female
812,2,0.6309297535714575,Queen,US,42,m,JP,Female
812,3,0.5,Queen,US,42,m,JP,Female
812,4,0.43067655807339306,Marilyn Manson,US,42,m,US,Male
812,5,0.38685280723454163,Marilyn Manson,US,42,m,US,Male
812,10,0.2890648263178879,Mika,US,42,m,BA,Male
812,9,0.3010299956639812,Perturbator,US,42,m,FR,Male
812,8,0.31546487678572877,Bryan Adams,US,42,m,CA,Male
812,7,0.3333333333333333,Lady Sovereign,US,42,m,UK,Female
812,6,0.3562071871080222,Astrud Gilberto,US,42,m,BR,Female
300,1,1.0,Perfume Genius,PL,24,f,US,Male
300,2,0.6309297535714575,Aldous Harding,PL,24,f,NZ,Female
300,3,0.5,Kurt Vile,PL,24,f,US,Male
300,4,0.43067655807339306,James Blake,PL,24,f,UK,Male
300,5,0.38685280723454163,Rejjie Snow,PL,24,f,IE,Male
300,6,0.3562071871080222,James Blake,PL,24,f,UK,Male
300,7,0.3333333333333333,Oneohtrix Point Never,PL,24,f,US,Male
300,8,0.31546487678572877,Gregory Alan Isakov,PL,24,f,US,Male
300,9,0.3010299956639812,Wild Nothing,PL,24,f,US,Male
300,10,0.2890648263178879,James Blake,PL,24,f,UK,Male
129,1,1.0,John Maus,US,23,m,US,Male
129,2,0.6309297535714575,Weyes Blood,US,23,m,US,Female
129,3,0.5,Lana Del Rey,US,23,m,US,Female
129,4,0.43067655807339306,Sufjan Stevens,US,23,m,US,Male
129,5,0.38685280723454163,Emma Ruth Rundle,US,23,m,US,Female
129,6,0.3562071871080222,Father John Misty,US,23,m,US,Male
129,7,0.3333333333333333,Ariana Grande,US,23,m,US,Female
129,9,0.3010299956639812,Travis Scott,US,23,m,US,Male
129,10,0.2890648263178879,Charlotte Day Wilson,US,23,m,CA,Female
129,8,0.31546487678572877,Girl In Red,US,23,m,NO,Female
353,1,1.0,Rush,SK,24,m,US,Male
353,2,0.6309297535714575,Rush,SK,24,m,US,Male
353,3,0.5,Rush,SK,24,m,US,Male
353,4,0.43067655807339306,Rush,SK,24,m,US,Male
353,5,0.38685280723454163,Rush,SK,24,m,US,Male
353,6,0.3562071871080222,Rush,SK,24,m,US,Male
353,7,0.3333333333333333,Rush,SK,24,m,US,Male
353,8,0.31546487678572877,Rush,SK,24,m,US,Male
353,9,0.3010299956639812,Rush,SK,24,m,US,Male
353,10,0.2890648263178879,YOB,SK,24,m,UK,Male
58,1,1.0,Marilyn Manson,MX,35,m,US,Male
58,2,0.6309297535714575,Beck,MX,35,m,DK,Male
58,3,0.5,Billy Joel,MX,35,m,US,Male
58,6,0.3562071871080222,George Ezra,MX,35,m,UK,Male
58,7,0.3333333333333333,Sia,MX,35,m,AU,Female
58,10,0.2890648263178879,Shawn Mendes,MX,35,m,CA,Male
58,9,0.3010299956639812,Ozzy Osbourne,MX,35,m,UK,Male
58,8,0.31546487678572877,Rod Stewart,MX,35,m,UK,Male
58,5,0.38685280723454163,Adele,MX,35,m,UK,Female
58,4,0.43067655807339306,Ed Sheeran,MX,35,m,UK,Male
564,1,1.0,Dido,MX,25,m,UK,Female
564,2,0.6309297535714575,Paula Abdul,MX,25,m,US,Female
564,3,0.5,Avril Lavigne,MX,25,m,CA,Female
564,4,0.43067655807339306,Laura Branigan,MX,25,m,US,Female
564,5,0.38685280723454163,Haddaway,MX,25,m,DE,Male
564,6,0.3562071871080222,Madonna,MX,25,m,US,Female
564,7,0.3333333333333333,Madonna,MX,25,m,US,Female
564,10,0.2890648263178879,Róisín Murphy,MX,25,m,IE,Female
564,9,0.3010299956639812,Edwyn Collins,MX,25,m,UK,Male
564,8,0.31546487678572877,Seal,MX,25,m,UK,Male
887,1,1.0,Weyes Blood,TR,20,m,US,Female
887,2,0.6309297535714575,Weyes Blood,TR,20,m,US,Female
887,3,0.5,Weyes Blood,TR,20,m,US,Female
887,4,0.43067655807339306,Weyes Blood,TR,20,m,US,Female
887,7,0.3333333333333333,Sharon Van Etten,TR,20,m,US,Female
887,8,0.31546487678572877,Neko Case,TR,20,m,US,Female
887,10,0.2890648263178879,Jenny Hval,TR,20,m,NO,Female
887,9,0.3010299956639812,Tirzah,TR,20,m,UK,Female
887,6,0.3562071871080222,Lush,TR,20,m,FI,Male
887,5,0.38685280723454163,Lush,TR,20,m,FI,Male
145,1,1.0,Mariah Carey,US,19,m,US,Female
145,2,0.6309297535714575,Troye Sivan,US,19,m,AU,Male
145,3,0.5,Ariana Grande,US,19,m,US,Female
145,4,0.43067655807339306,Robyn,US,19,m,SE,Female
145,5,0.38685280723454163,Dawn Richard,US,19,m,US,Female
145,6,0.3562071871080222,Taylor Swift,US,19,m,US,Female
145,8,0.31546487678572877,Rita Ora,US,19,m,UK,Female
145,10,0.2890648263178879,Rihanna,US,19,m,UK,Female
145,9,0.3010299956639812,Rihanna,US,19,m,UK,Female
145,7,0.3333333333333333,Troye Sivan,US,19,m,AU,Male
451,1,1.0,Beck,BR,24,m,DK,Male
451,2,0.6309297535714575,Elvis Presley,BR,24,m,US,Male
451,3,0.5,Queen,BR,24,m,JP,Female
451,4,0.43067655807339306,Bryan Adams,BR,24,m,CA,Male
451,5,0.38685280723454163,Queen,BR,24,m,JP,Female
451,6,0.3562071871080222,Eagle-Eye Cherry,BR,24,m,SE,Male
451,8,0.31546487678572877,Eric Clapton,BR,24,m,UK,Male
451,9,0.3010299956639812,Ozzy Osbourne,BR,24,m,UK,Male
451,10,0.2890648263178879,Bob Marley & The Wailers,BR,24,m,JM,Male
451,7,0.3333333333333333,Bob Marley & The Wailers,BR,24,m,JM,Male
398,1,1.0,Snail Mail,HK,17,m,US,Female
398,2,0.6309297535714575,Wild Nothing,HK,17,m,US,Male
398,3,0.5,Toro y Moi,HK,17,m,US,Male
398,4,0.43067655807339306,Flume,HK,17,m,AU,Male
398,5,0.38685280723454163,Toro y Moi,HK,17,m,US,Male
398,6,0.3562071871080222,Thom Yorke,HK,17,m,UK,Male
398,10,0.2890648263178879,Four Tet,HK,17,m,UK,Male
398,9,0.3010299956639812,Joe Goddard,HK,17,m,UK,Male
398,8,0.31546487678572877,Paolo Nutini,HK,17,m,UK,Male
398,7,0.3333333333333333,James Blake,HK,17,m,UK,Male
883,1,1.0,Howlin' Wolf,DE,60,m,US,Male
883,2,0.6309297535714575,Taj Mahal,DE,60,m,US,Male
883,3,0.5,Elmore James,DE,60,m,US,Male
883,4,0.43067655807339306,Chet Baker,DE,60,m,US,Male
883,5,0.38685280723454163,Gil Scott-Heron,DE,60,m,US,Male
883,6,0.3562071871080222,James Brown,DE,60,m,NZ,Male
883,7,0.3333333333333333,Billy Joel,DE,60,m,US,Male
883,9,0.3010299956639812,Buddy Holly,DE,60,m,US,Male
883,10,0.2890648263178879,Édith Piaf,DE,60,m,FR,Female
883,8,0.31546487678572877,Édith Piaf,DE,60,m,FR,Female
517,1,1.0,Ariana Grande,BR,18,m,US,Female
517,2,0.6309297535714575,Mariah Carey,BR,18,m,US,Female
517,3,0.5,Avril Lavigne,BR,18,m,CA,Female
517,4,0.43067655807339306,Travis Scott,BR,18,m,US,Male
517,5,0.38685280723454163,Ariana Grande,BR,18,m,US,Female
517,7,0.3333333333333333,J Balvin,BR,18,m,CO,Male
517,10,0.2890648263178879,Troye Sivan,BR,18,m,AU,Male
517,9,0.3010299956639812,Kylie Minogue,BR,18,m,AU,Female
517,8,0.31546487678572877,Jessie J,BR,18,m,UK,Female
517,6,0.3562071871080222,Fergie,BR,18,m,UK,Male
307,1,1.0,IU,BE,26,f,KR,Female
307,2,0.6309297535714575,Roy Kim,BE,26,f,KR,Male
307,3,0.5,IU,BE,26,f,KR,Female
307,4,0.43067655807339306,Lee Hi,BE,26,f,KR,Female
307,5,0.38685280723454163,dying in designer,BE,26,f,US,Male
307,6,0.3562071871080222,Kyary Pamyu Pamyu,BE,26,f,JP,Female
307,7,0.3333333333333333,Jhené Aiko,BE,26,f,US,Female
307,8,0.31546487678572877,Tiffany Young,BE,26,f,KR,Female
307,9,0.3010299956639812,Hayden James,BE,26,f,AU,Male
307,10,0.2890648263178879,Rufus Wainwright,BE,26,f,CA,Male
62,1,1.0,Ariana Grande,AR,27,m,US,Female
62,2,0.6309297535714575,Dawn Richard,AR,27,m,US,Female
62,3,0.5,Ariana Grande,AR,27,m,US,Female
62,4,0.43067655807339306,Mariah Carey,AR,27,m,US,Female
62,5,0.38685280723454163,Ariana Grande,AR,27,m,US,Female
62,6,0.3562071871080222,Ariana Grande,AR,27,m,US,Female
62,7,0.3333333333333333,Robyn,AR,27,m,SE,Female
62,8,0.31546487678572877,Kimbra,AR,27,m,US,Female
62,10,0.2890648263178879,Troye Sivan,AR,27,m,AU,Male
62,9,0.3010299956639812,Troye Sivan,AR,27,m,AU,Male
225,1,1.0,James Blake,PL,28,m,UK,Male
225,2,0.6309297535714575,James Blake,PL,28,m,UK,Male
225,3,0.5,Four Tet,PL,28,m,UK,Male
225,4,0.43067655807339306,Tame Impala,PL,28,m,AU,Male
225,5,0.38685280723454163,Apparat,PL,28,m,DE,Male
225,6,0.3562071871080222,Ariana Grande,PL,28,m,US,Female
225,7,0.3333333333333333,Kurt Vile,PL,28,m,US,Male
225,9,0.3010299956639812,Mahmood,PL,28,m,IT,Male
225,10,0.2890648263178879,Thom Yorke,PL,28,m,UK,Male
225,8,0.31546487678572877,Joe Goddard,PL,28,m,UK,Male
562,1,1.0,Ariana Grande,UK,39,m,US,Female
562,2,0.6309297535714575,Britney Spears,UK,39,m,US,Female
562,3,0.5,Britney Spears,UK,39,m,US,Female
562,4,0.43067655807339306,Avril Lavigne,UK,39,m,CA,Female
562,8,0.31546487678572877,Sia,UK,39,m,AU,Female
562,9,0.3010299956639812,Sia,UK,39,m,AU,Female
562,10,0.2890648263178879,George Ezra,UK,39,m,UK,Male
562,7,0.3333333333333333,Jessie J,UK,39,m,UK,Female
562,6,0.3562071871080222,Adele,UK,39,m,UK,Female
562,5,0.38685280723454163,Dennis Lloyd,UK,39,m,IL,Male
104,1,1.0,Justin Timberlake,IR,25,m,US,Male
104,2,0.6309297535714575,Lily Allen,IR,25,m,UK,Female
104,3,0.5,Tom Odell,IR,25,m,UK,Male
104,5,0.38685280723454163,Shawn Mendes,IR,25,m,CA,Male
104,6,0.3562071871080222,Louis Tomlinson,IR,25,m,UK,Male
104,7,0.3333333333333333,Ed Sheeran,IR,25,m,UK,Male
104,9,0.3010299956639812,Ed Sheeran,IR,25,m,UK,Male
104,10,0.2890648263178879,Niall Horan,IR,25,m,IE,Male
104,8,0.31546487678572877,James Arthur,IR,25,m,UK,Male
104,4,0.43067655807339306,Milow,IR,25,m,BE,Male
927,1,1.0,Britney Spears,ID,20,m,US,Female
927,2,0.6309297535714575,Ariana Grande,ID,20,m,US,Female
927,3,0.5,Britney Spears,ID,20,m,US,Female
927,4,0.43067655807339306,Ariana Grande,ID,20,m,US,Female
927,5,0.38685280723454163,Robyn,ID,20,m,SE,Female
927,6,0.3562071871080222,Taylor Swift,ID,20,m,US,Female
927,8,0.31546487678572877,Avril Lavigne,ID,20,m,CA,Female
927,9,0.3010299956639812,Rihanna,ID,20,m,UK,Female
927,10,0.2890648263178879,Jessie J,ID,20,m,UK,Female
927,7,0.3333333333333333,Rita Ora,ID,20,m,UK,Female
410,1,1.0,Tame Impala,UK,22,m,AU,Male
410,2,0.6309297535714575,James Blake,UK,22,m,UK,Male
410,3,0.5,Ariana Grande,UK,22,m,US,Female
410,4,0.43067655807339306,James Blake,UK,22,m,UK,Male
410,5,0.38685280723454163,Sufjan Stevens,UK,22,m,US,Male
410,6,0.3562071871080222,Beck,UK,22,m,DK,Male
410,7,0.3333333333333333,Kurt Vile,UK,22,m,US,Male
410,10,0.2890648263178879,Four Tet,UK,22,m,UK,Male
410,9,0.3010299956639812,Pional,UK,22,m,ES,Male
410,8,0.31546487678572877,Joe Goddard,UK,22,m,UK,Male
723,1,1.0,Sufjan Stevens,RU,16,m,US,Male
723,2,0.6309297535714575,Sufjan Stevens,RU,16,m,US,Male
723,3,0.5,Weyes Blood,RU,16,m,US,Female
723,4,0.43067655807339306,Frank Ocean,RU,16,m,US,Male
723,5,0.38685280723454163,John Maus,RU,16,m,US,Male
723,6,0.3562071871080222,Kanye West,RU,16,m,US,Male
723,7,0.3333333333333333,Sufjan Stevens,RU,16,m,US,Male
723,8,0.31546487678572877,John Maus,RU,16,m,US,Male
723,9,0.3010299956639812,Earl Sweatshirt,RU,16,m,US,Male
723,10,0.2890648263178879,Weyes Blood,RU,16,m,US,Female
409,1,1.0,Ariana Grande,BR,21,m,US,Female
409,2,0.6309297535714575,Lana Del Rey,BR,21,m,US,Female
409,3,0.5,Beck,BR,21,m,DK,Male
409,4,0.43067655807339306,Rihanna,BR,21,m,UK,Female
409,5,0.38685280723454163,Adele,BR,21,m,UK,Female
409,9,0.3010299956639812,Rihanna,BR,21,m,UK,Female
409,10,0.2890648263178879,Ghost,BR,21,m,UK,Male
409,8,0.31546487678572877,Adele,BR,21,m,UK,Female
409,7,0.3333333333333333,Adele,BR,21,m,UK,Female
409,6,0.3562071871080222,J Balvin,BR,21,m,CO,Male
909,1,1.0,Édith Piaf,BE,55,m,FR,Female
909,2,0.6309297535714575,Bob Marley & The Wailers,BE,55,m,JM,Male
909,3,0.5,PJ Harvey,BE,55,m,UK,Female
909,4,0.43067655807339306,John Lennon,BE,55,m,UK,Male
909,6,0.3562071871080222,Bryan Adams,BE,55,m,CA,Male
909,10,0.2890648263178879,Orelsan,BE,55,m,FR,Male
909,9,0.3010299956639812,Wax Tailor,BE,55,m,FR,Male
909,8,0.31546487678572877,PJ Harvey,BE,55,m,UK,Female
909,7,0.3333333333333333,Lily Allen,BE,55,m,UK,Female
909,5,0.38685280723454163,Ben Howard,BE,55,m,UK,Male
567,1,1.0,Lana Del Rey,AU,34,m,US,Female
567,4,0.43067655807339306,Ozzy Osbourne,AU,34,m,UK,Male
567,5,0.38685280723454163,Anitta,AU,34,m,BR,Female
567,10,0.2890648263178879,Clara Nunes,AU,34,m,BR,Female
567,9,0.3010299956639812,Ozzy Osbourne,AU,34,m,UK,Male
567,8,0.31546487678572877,Rihanna,AU,34,m,UK,Female
567,7,0.3333333333333333,Adele,AU,34,m,UK,Female
567,6,0.3562071871080222,Alexandra Stan,AU,34,m,RO,Female
567,3,0.5,Anitta,AU,34,m,BR,Female
567,2,0.6309297535714575,Milow,AU,34,m,BE,Male
358,1,1.0,Carpenter Brut,DK,19,m,FR,Male
358,2,0.6309297535714575,Marilyn Manson,DK,19,m,US,Male
358,3,0.5,Ariana Grande,DK,19,m,US,Female
358,4,0.43067655807339306,Ariana Grande,DK,19,m,US,Female
358,5,0.38685280723454163,Ariana Grande,DK,19,m,US,Female
358,6,0.3562071871080222,Taylor Swift,DK,19,m,US,Female
358,7,0.3333333333333333,Rita Ora,DK,19,m,UK,Female
358,10,0.2890648263178879,Fergie,DK,19,m,UK,Male
358,9,0.3010299956639812,Rihanna,DK,19,m,UK,Female
358,8,0.31546487678572877,Jessie J,DK,19,m,UK,Female
845,1,1.0,John Mayer,JP,24,m,IN,Male
845,2,0.6309297535714575,Ed Sheeran,JP,24,m,UK,Male
845,3,0.5,Nicki Minaj,JP,24,m,US,Female
845,4,0.43067655807339306,Justin Bieber,JP,24,m,CA,Male
845,5,0.38685280723454163,George Ezra,JP,24,m,UK,Male
845,7,0.3333333333333333,Avril Lavigne,JP,24,m,CA,Female
845,10,0.2890648263178879,George Ezra,JP,24,m,UK,Male
845,9,0.3010299956639812,Jessie J,JP,24,m,UK,Female
845,8,0.31546487678572877,Ed Sheeran,JP,24,m,UK,Male
845,6,0.3562071871080222,Inna,JP,24,m,RO,Female
683,1,1.0,Ariana Grande,US,20,m,US,Female
683,2,0.6309297535714575,Lil Nas X,US,20,m,US,Male
683,3,0.5,Britney Spears,US,20,m,US,Female
683,4,0.43067655807339306,Wax Tailor,US,20,m,FR,Male
683,5,0.38685280723454163,Britney Spears,US,20,m,US,Female
683,6,0.3562071871080222,Laura Branigan,US,20,m,US,Female
683,7,0.3333333333333333,Ariana Grande,US,20,m,US,Female
683,10,0.2890648263178879,Rita Ora,US,20,m,UK,Female
683,9,0.3010299956639812,Carpenter Brut,US,20,m,FR,Male
683,8,0.31546487678572877,Bob Marley & The Wailers,US,20,m,JM,Male
782,1,1.0,Grimes,US,24,m,CA,Female
782,2,0.6309297535714575,Grimes,US,24,m,CA,Female
782,6,0.3562071871080222,Kanye West,US,24,m,US,Male
782,7,0.3333333333333333,Grimes,US,24,m,CA,Female
782,10,0.2890648263178879,Grimes,US,24,m,CA,Female
782,9,0.3010299956639812,James Blake,US,24,m,UK,Male
782,8,0.31546487678572877,Paolo Nutini,US,24,m,UK,Male
782,5,0.38685280723454163,Ebo Taylor,US,24,m,GH,Male
782,4,0.43067655807339306,Rihanna,US,24,m,UK,Female
782,3,0.5,Astrud Gilberto,US,24,m,BR,Female
280,3,0.5,Laura Groves,RU,27,m,UK,Female
280,4,0.43067655807339306,Rome,RU,27,m,IL,Male
280,5,0.38685280723454163,Joni Mitchell,RU,27,m,CA,Female
280,6,0.3562071871080222,Paul McCartney,RU,27,m,UK,Male
280,7,0.3333333333333333,Thomas Dybdahl,RU,27,m,NO,Male
280,9,0.3010299956639812,Main-de-Gloire,RU,27,m,BY,Male
280,10,0.2890648263178879,Owen Pallett,RU,27,m,CA,Non-binary
280,8,0.31546487678572877,Rome,RU,27,m,IL,Male
280,2,0.6309297535714575,Fergie,RU,27,m,UK,Male
280,1,1.0,Bonnie Tyler,RU,27,m,UK,Female
355,1,1.0,Beck,HR,24,m,DK,Male
355,2,0.6309297535714575,AFI,HR,24,m,US,Female
355,3,0.5,Ozzy Osbourne,HR,24,m,UK,Male
355,4,0.43067655807339306,Chuck Berry,HR,24,m,US,Male
355,5,0.38685280723454163,Queen,HR,24,m,JP,Female
355,10,0.2890648263178879,Tame Impala,HR,24,m,AU,Male
355,9,0.3010299956639812,Edwyn Collins,HR,24,m,UK,Male
355,8,0.31546487678572877,Ozzy Osbourne,HR,24,m,UK,Male
355,7,0.3333333333333333,Eric Clapton,HR,24,m,UK,Male
355,6,0.3562071871080222,Édith Piaf,HR,24,m,FR,Female
882,1,1.0,Mariah Carey,RU,25,m,US,Female
882,2,0.6309297535714575,Dawn Richard,RU,25,m,US,Female
882,3,0.5,Chaka Khan,RU,25,m,US,Female
882,4,0.43067655807339306,Ariana Grande,RU,25,m,US,Female
882,5,0.38685280723454163,Ariana Grande,RU,25,m,US,Female
882,6,0.3562071871080222,Beck,RU,25,m,DK,Male
882,7,0.3333333333333333,Neneh Cherry,RU,25,m,SE,Female
882,8,0.31546487678572877,Ariana Grande,RU,25,m,US,Female
882,10,0.2890648263178879,Mahmood,RU,25,m,IT,Male
882,9,0.3010299956639812,King Krule,RU,25,m,UK,Male
784,1,1.0,Tame Impala,BR,18,f,AU,Male
784,3,0.5,Gilberto Gil,BR,18,f,BR,Male
784,5,0.38685280723454163,Oswaldo Montenegro,BR,18,f,BR,Male
784,6,0.3562071871080222,Gilberto Gil,BR,18,f,BR,Male
784,9,0.3010299956639812,Geraldo Azevedo,BR,18,f,BR,Male
784,10,0.2890648263178879,Chico Buarque,BR,18,f,BR,Male
784,8,0.31546487678572877,Caetano Veloso,BR,18,f,BR,Male
784,7,0.3333333333333333,Gilberto Gil,BR,18,f,BR,Male
784,4,0.43067655807339306,Chico Buarque,BR,18,f,BR,Male
784,2,0.6309297535714575,Marina Lima,BR,18,f,BR,Female
269,1,1.0,AFI,UK,22,m,US,Female
269,2,0.6309297535714575,Marilyn Manson,UK,22,m,US,Male
269,3,0.5,Beck,UK,22,m,DK,Male
269,4,0.43067655807339306,Blue Stahli,UK,22,m,US,Male
269,5,0.38685280723454163,Queen,UK,22,m,JP,Female
269,6,0.3562071871080222,Moby,UK,22,m,US,Male
269,7,0.3333333333333333,Eagle-Eye Cherry,UK,22,m,SE,Male
269,8,0.31546487678572877,Queen,UK,22,m,JP,Female
269,9,0.3010299956639812,Rob Zombie,UK,22,m,US,Male
269,10,0.2890648263178879,Eric Clapton,UK,22,m,UK,Male
32,1,1.0,Britney Spears,BE,37,m,US,Female
32,4,0.43067655807339306,Jessie J,BE,37,m,UK,Female
32,5,0.38685280723454163,Marilyn Manson,BE,37,m,US,Male
32,7,0.3333333333333333,Björk,BE,37,m,IS,Female
32,9,0.3010299956639812,Rod Stewart,BE,37,m,UK,Male
32,10,0.2890648263178879,Seal,BE,37,m,UK,Male
32,8,0.31546487678572877,Ghost,BE,37,m,UK,Male
32,6,0.3562071871080222,Sia,BE,37,m,AU,Female
32,3,0.5,Bob Marley & The Wailers,BE,37,m,JM,Male
32,2,0.6309297535714575,Bob Marley & The Wailers,BE,37,m,JM,Male
110,1,1.0,John Mayer,BR,24,m,IN,Male
110,2,0.6309297535714575,Ariana Grande,BR,24,m,US,Female
110,3,0.5,Adele,BR,24,m,UK,Female
110,4,0.43067655807339306,Adele,BR,24,m,UK,Female
110,5,0.38685280723454163,John Mayer,BR,24,m,IN,Male
110,6,0.3562071871080222,Gregory Alan Isakov,BR,24,m,US,Male
110,7,0.3333333333333333,John Mayer,BR,24,m,IN,Male
110,10,0.2890648263178879,Tame Impala,BR,24,m,AU,Male
110,9,0.3010299956639812,George Ezra,BR,24,m,UK,Male
110,8,0.31546487678572877,Ed Sheeran,BR,24,m,UK,Male
804,1,1.0,Luke Combs,NL,20,m,US,Male
804,2,0.6309297535714575,Clara Nunes,NL,20,m,BR,Female
804,8,0.31546487678572877,Raul Seixas,NL,20,m,BR,Male
804,10,0.2890648263178879,Raul Seixas,NL,20,m,BR,Male
804,9,0.3010299956639812,Projota,NL,20,m,BR,Male
804,7,0.3333333333333333,Frejat,NL,20,m,BR,Male
804,6,0.3562071871080222,Maluma,NL,20,m,CO,Male
804,5,0.38685280723454163,Nick Lowe,NL,20,m,UK,Male
804,4,0.43067655807339306,Xuxa,NL,20,m,BR,Female
804,3,0.5,Projota,NL,20,m,BR,Male
629,1,1.0,Chuck Berry,IT,22,m,US,Male
629,2,0.6309297535714575,Rob Zombie,IT,22,m,US,Male
629,3,0.5,Little Richard,IT,22,m,US,Male
629,4,0.43067655807339306,Caparezza,IT,22,m,IT,Male
629,5,0.38685280723454163,AFI,IT,22,m,US,Female
629,6,0.3562071871080222,David Bowie,IT,22,m,UK,Male
629,8,0.31546487678572877,Bob Marley & The Wailers,IT,22,m,JM,Male
629,10,0.2890648263178879,Manu Chao,IT,22,m,FR,Male
629,9,0.3010299956639812,Manu Chao,IT,22,m,FR,Male
629,7,0.3333333333333333,Bob Marley & The Wailers,IT,22,m,JM,Male
228,1,1.0,Taylor Swift,US,28,m,US,Female
228,2,0.6309297535714575,Kacey Musgraves,US,28,m,US,Female
228,4,0.43067655807339306,Taylor Swift,US,28,m,US,Female
228,5,0.38685280723454163,Beyoncé,US,28,m,US,Female
228,6,0.3562071871080222,Ariana Grande,US,28,m,US,Female
228,10,0.2890648263178879,Rita Ora,US,28,m,UK,Female
228,9,0.3010299956639812,Jessie J,US,28,m,UK,Female
228,8,0.31546487678572877,Rihanna,US,28,m,UK,Female
228,7,0.3333333333333333,Rihanna,US,28,m,UK,Female
228,3,0.5,Kygo,US,28,m,NO,Male
246,1,1.0,Duncan Laurence,FI,28,m,NL,Male
246,2,0.6309297535714575,Devin Townsend,FI,28,m,CA,Male
246,3,0.5,Ihsahn,FI,28,m,NO,Male
246,5,0.38685280723454163,Emperor,FI,28,m,UK,Male
246,6,0.3562071871080222,Bryan Adams,FI,28,m,CA,Male
246,7,0.3333333333333333,Ed Sheeran,FI,28,m,UK,Male
246,8,0.31546487678572877,Rod Stewart,FI,28,m,UK,Male
246,10,0.2890648263178879,Björk,FI,28,m,IS,Female
246,9,0.3010299956639812,Eric Clapton,FI,28,m,UK,Male
246,4,0.43067655807339306,David Bowie,FI,28,m,UK,Male
679,1,1.0,Justin Nozuka,US,6,m,US,Male
679,2,0.6309297535714575,Hozier,US,6,m,IE,Male
679,3,0.5,Iron & Wine,US,6,m,US,Male
679,5,0.38685280723454163,Tame Impala,US,6,m,AU,Male
679,6,0.3562071871080222,Chet Baker,US,6,m,US,Male
679,7,0.3333333333333333,Ray LaMontagne,US,6,m,US,Male
679,10,0.2890648263178879,Bryan Adams,US,6,m,CA,Male
679,9,0.3010299956639812,Ben Howard,US,6,m,UK,Male
679,8,0.31546487678572877,Bonobo,US,6,m,UK,Male
679,4,0.43067655807339306,Hozier,US,6,m,IE,Male
737,1,1.0,Bryan Adams,BR,23,m,CA,Male
737,2,0.6309297535714575,Beck,BR,23,m,DK,Male
737,3,0.5,Haddaway,BR,23,m,DE,Male
737,4,0.43067655807339306,Marilyn Manson,BR,23,m,US,Male
737,5,0.38685280723454163,Eagle-Eye Cherry,BR,23,m,SE,Male
737,6,0.3562071871080222,Billy Joel,BR,23,m,US,Male
737,7,0.3333333333333333,Eric Clapton,BR,23,m,UK,Male
737,8,0.31546487678572877,Marilyn Manson,BR,23,m,US,Male
737,9,0.3010299956639812,Edwyn Collins,BR,23,m,UK,Male
737,10,0.2890648263178879,Rod Stewart,BR,23,m,UK,Male
414,1,1.0,Ariana Grande,US,20,m,US,Female
414,2,0.6309297535714575,Ariana Grande,US,20,m,US,Female
414,3,0.5,Taylor Swift,US,20,m,US,Female
414,4,0.43067655807339306,Ariana Grande,US,20,m,US,Female
414,5,0.38685280723454163,Britney Spears,US,20,m,US,Female
414,6,0.3562071871080222,Jessie J,US,20,m,UK,Female
414,7,0.3333333333333333,Ariana Grande,US,20,m,US,Female
414,10,0.2890648263178879,Rihanna,US,20,m,UK,Female
414,9,0.3010299956639812,Sia,US,20,m,AU,Female
414,8,0.31546487678572877,Sia,US,20,m,AU,Female
872,1,1.0,Julia Holter,PL,25,f,US,Female
872,2,0.6309297535714575,Snail Mail,PL,25,f,US,Female
872,3,0.5,Thom Yorke,PL,25,f,UK,Male
872,5,0.38685280723454163,Aldous Harding,PL,25,f,NZ,Female
872,6,0.3562071871080222,Angel Olsen,PL,25,f,US,Female
872,9,0.3010299956639812,Weyes Blood,PL,25,f,US,Female
872,10,0.2890648263178879,Cate le Bon,PL,25,f,UK,Female
872,8,0.31546487678572877,Jenny Hval,PL,25,f,NO,Female
872,7,0.3333333333333333,Dean Blunt,PL,25,f,UK,Male
872,4,0.43067655807339306,Arca,PL,25,f,VE,Non-binary
200,1,1.0,Ozzy Osbourne,RU,26,m,UK,Male
200,2,0.6309297535714575,Haddaway,RU,26,m,DE,Male
200,3,0.5,Beck,RU,26,m,DK,Male
200,4,0.43067655807339306,Björk,RU,26,m,IS,Female
200,5,0.38685280723454163,Sia,RU,26,m,AU,Female
200,8,0.31546487678572877,Bryan Adams,RU,26,m,CA,Male
200,9,0.3010299956639812,Edwyn Collins,RU,26,m,UK,Male
200,10,0.2890648263178879,Sia,RU,26,m,AU,Female
200,7,0.3333333333333333,Adele,RU,26,m,UK,Female
200,6,0.3562071871080222,Rita Ora,RU,26,m,UK,Female
296,1,1.0,Weyes Blood,NL,23,m,US,Female
296,2,0.6309297535714575,Weyes Blood,NL,23,m,US,Female
296,3,0.5,Jessica Pratt,NL,23,m,US,Female
296,4,0.43067655807339306,Four Tet,NL,23,m,UK,Male
296,5,0.38685280723454163,James Blake,NL,23,m,UK,Male
296,7,0.3333333333333333,Jessica Pratt,NL,23,m,US,Female
296,8,0.31546487678572877,Bill Callahan,NL,23,m,US,Male
296,9,0.3010299956639812,Apparat,NL,23,m,DE,Male
296,10,0.2890648263178879,James Blake,NL,23,m,UK,Male
296,6,0.3562071871080222,Arca,NL,23,m,VE,Non-binary
174,1,1.0,Father John Misty,NL,45,m,US,Male
174,2,0.6309297535714575,Graham Nash,NL,45,m,UK,Male
174,3,0.5,Tim Buckley,NL,45,m,US,Male
174,4,0.43067655807339306,Devendra Banhart,NL,45,m,US,Male
174,5,0.38685280723454163,Dillinger,NL,45,m,UK,Male
174,6,0.3562071871080222,Sean Lennon,NL,45,m,US,Male
174,7,0.3333333333333333,2Pac,NL,45,m,US,Male
174,8,0.31546487678572877,Devendra Banhart,NL,45,m,US,Male
174,9,0.3010299956639812,George Harrison,NL,45,m,UK,Male
174,10,0.2890648263178879,Bob Marley & The Wailers,NL,45,m,JM,Male
664,1,1.0,Celldweller,RU,19,m,US,Male
664,2,0.6309297535714575,Agent Orange,RU,19,m,US,Male
664,3,0.5,Reinier Zonneveld,RU,19,m,NL,Male
664,4,0.43067655807339306,Prince Buster,RU,19,m,JM,Male
664,5,0.38685280723454163,AFI,RU,19,m,US,Female
664,6,0.3562071871080222,Rob Zombie,RU,19,m,US,Male
664,8,0.31546487678572877,AFI,RU,19,m,US,Female
664,9,0.3010299956639812,Vitalic,RU,19,m,FR,Male
664,10,0.2890648263178879,Richard Ashcroft,RU,19,m,UK,Male
664,7,0.3333333333333333,Carpenter Brut,RU,19,m,FR,Male
626,1,1.0,Mayhem,CZ,19,m,CA,Female
626,2,0.6309297535714575,Emperor,CZ,19,m,UK,Male
626,3,0.5,Emperor,CZ,19,m,UK,Male
626,4,0.43067655807339306,Russian Red,CZ,19,m,ES,Female
626,5,0.38685280723454163,Tom Waits,CZ,19,m,US,Male
626,6,0.3562071871080222,Thom Yorke,CZ,19,m,UK,Male
626,7,0.3333333333333333,Emperor,CZ,19,m,UK,Male
626,10,0.2890648263178879,Marisa Monte,CZ,19,m,BR,Female
626,9,0.3010299956639812,Emperor,CZ,19,m,UK,Male
626,8,0.31546487678572877,Ihsahn,CZ,19,m,NO,Male
25,1,1.0,Louis Tomlinson,US,31,m,UK,Male
25,2,0.6309297535714575,James Arthur,US,31,m,UK,Male
25,3,0.5,Ariana Grande,US,31,m,US,Female
25,4,0.43067655807339306,Ed Sheeran,US,31,m,UK,Male
25,7,0.3333333333333333,Shawn Mendes,US,31,m,CA,Male
25,9,0.3010299956639812,Ed Sheeran,US,31,m,UK,Male
25,10,0.2890648263178879,Rihanna,US,31,m,UK,Female
25,8,0.31546487678572877,Lily Allen,US,31,m,UK,Female
25,6,0.3562071871080222,Kygo,US,31,m,NO,Male
25,5,0.38685280723454163,Adele,US,31,m,UK,Female
618,1,1.0,Toro y Moi,PL,17,f,US,Male
618,2,0.6309297535714575,Toro y Moi,PL,17,f,US,Male
618,5,0.38685280723454163,jerkcurb,PL,17,f,UK,Male
618,6,0.3562071871080222,Mahmood,PL,17,f,IT,Male
618,7,0.3333333333333333,Édith Piaf,PL,17,f,FR,Female
618,10,0.2890648263178879,James Blake,PL,17,f,UK,Male
618,9,0.3010299956639812,Grimes,PL,17,f,CA,Female
618,8,0.31546487678572877,Four Tet,PL,17,f,UK,Male
618,4,0.43067655807339306,Ghost,PL,17,f,UK,Male
618,3,0.5,Belchior,PL,17,f,BR,Male
620,1,1.0,Ariana Grande,US,22,f,US,Female
620,2,0.6309297535714575,Jessie J,US,22,f,UK,Female
620,3,0.5,Taylor Swift,US,22,f,US,Female
620,4,0.43067655807339306,Ariana Grande,US,22,f,US,Female
620,5,0.38685280723454163,Ariana Grande,US,22,f,US,Female
620,6,0.3562071871080222,Ariana Grande,US,22,f,US,Female
620,7,0.3333333333333333,Sia,US,22,f,AU,Female
620,8,0.31546487678572877,Robyn,US,22,f,SE,Female
620,9,0.3010299956639812,Avril Lavigne,US,22,f,CA,Female
620,10,0.2890648263178879,Sia,US,22,f,AU,Female
201,1,1.0,Weyes Blood,BR,30,m,US,Female
201,2,0.6309297535714575,Aldous Harding,BR,30,m,NZ,Female
201,3,0.5,Thom Yorke,BR,30,m,UK,Male
201,4,0.43067655807339306,Weyes Blood,BR,30,m,US,Female
201,5,0.38685280723454163,PJ Harvey,BR,30,m,UK,Female
201,6,0.3562071871080222,Weyes Blood,BR,30,m,US,Female
201,10,0.2890648263178879,David Bowie,BR,30,m,UK,Male
201,9,0.3010299956639812,Dido,BR,30,m,UK,Female
201,8,0.31546487678572877,Anna Calvi,BR,30,m,UK,Female
201,7,0.3333333333333333,Four Tet,BR,30,m,UK,Male
651,1,1.0,Robyn,US,17,m,SE,Female
651,2,0.6309297535714575,Mariah Carey,US,17,m,US,Female
651,3,0.5,Travis Scott,US,17,m,US,Male
651,4,0.43067655807339306,Britney Spears,US,17,m,US,Female
651,5,0.38685280723454163,Rita Ora,US,17,m,UK,Female
651,6,0.3562071871080222,Lorde,US,17,m,NZ,Female
651,7,0.3333333333333333,Robyn,US,17,m,SE,Female
651,10,0.2890648263178879,Jessie J,US,17,m,UK,Female
651,9,0.3010299956639812,James Blake,US,17,m,UK,Male
651,8,0.31546487678572877,James Blake,US,17,m,UK,Male
771,1,1.0,Noisestorm,PL,17,m,IE,Male
771,2,0.6309297535714575,Klaas,PL,17,m,DE,Male
771,3,0.5,Lisa Miskovsky,PL,17,m,SE,Female
771,4,0.43067655807339306,Christine and the Queens,PL,17,m,FR,Male
771,5,0.38685280723454163,Christine and the Queens,PL,17,m,FR,Male
771,10,0.2890648263178879,Dimension,PL,17,m,ES,Male
771,9,0.3010299956639812,Carpenter Brut,PL,17,m,FR,Male
771,8,0.31546487678572877,Carpenter Brut,PL,17,m,FR,Male
771,7,0.3333333333333333,Christine and the Queens,PL,17,m,FR,Male
771,6,0.3562071871080222,edIT,PL,17,m,UK,Male
838,1,1.0,AFI,UA,18,m,US,Female
838,2,0.6309297535714575,Red,UA,18,m,PL,Male
838,3,0.5,Carpenter Brut,UA,18,m,FR,Male
838,4,0.43067655807339306,Blue Stahli,UA,18,m,US,Male
838,5,0.38685280723454163,Eagle-Eye Cherry,UA,18,m,SE,Male
838,6,0.3562071871080222,Queen,UA,18,m,JP,Female
838,7,0.3333333333333333,Marilyn Manson,UA,18,m,US,Male
838,8,0.31546487678572877,Celldweller,UA,18,m,US,Male
838,9,0.3010299956639812,Carpenter Brut,UA,18,m,FR,Male
838,10,0.2890648263178879,Mika,UA,18,m,BA,Male
363,1,1.0,Mr.Kitty,RU,22,m,US,Male
363,2,0.6309297535714575,Dimension,RU,22,m,ES,Male
363,3,0.5,Noisestorm,RU,22,m,IE,Male
363,4,0.43067655807339306,Grimes,RU,22,m,CA,Female
363,5,0.38685280723454163,Vitalic,RU,22,m,FR,Male
363,7,0.3333333333333333,Timmy Trumpet,RU,22,m,AU,Male
363,8,0.31546487678572877,Blue Stahli,RU,22,m,US,Male
363,9,0.3010299956639812,Lana Del Rey,RU,22,m,US,Female
363,10,0.2890648263178879,Lisa Miskovsky,RU,22,m,SE,Female
363,6,0.3562071871080222,Vitalic,RU,22,m,FR,Male
171,1,1.0,Father John Misty,US,26,m,US,Male
171,2,0.6309297535714575,DJ Shadow,US,26,m,US,Male
171,3,0.5,Sufjan Stevens,US,26,m,US,Male
171,4,0.43067655807339306,Sufjan Stevens,US,26,m,US,Male
171,5,0.38685280723454163,M. Ward,US,26,m,US,Male
171,6,0.3562071871080222,Elliott Smith,US,26,m,US,Male
171,7,0.3333333333333333,Father John Misty,US,26,m,US,Male
171,9,0.3010299956639812,Thom Yorke,US,26,m,UK,Male
171,10,0.2890648263178879,Mac DeMarco,US,26,m,CA,Male
171,8,0.31546487678572877,Anna Calvi,US,26,m,UK,Female
788,1,1.0,Bonobo,US,18,m,UK,Male
788,2,0.6309297535714575,Dimension,US,18,m,ES,Male
788,3,0.5,Bonobo,US,18,m,UK,Male
788,4,0.43067655807339306,Oliver Koletzki,US,18,m,DE,Male
788,5,0.38685280723454163,Bonobo,US,18,m,UK,Male
788,6,0.3562071871080222,Fred V & Grafix,US,18,m,UK,Male
788,7,0.3333333333333333,Sufjan Stevens,US,18,m,US,Male
788,10,0.2890648263178879,Joe Dassin,US,18,m,FR,Male
788,9,0.3010299956639812,Vitalic,US,18,m,FR,Male
788,8,0.31546487678572877,Bonobo,US,18,m,UK,Male
913,1,1.0,Gilberto Gil,BR,32,m,BR,Male
913,2,0.6309297535714575,Caetano Veloso,BR,32,m,BR,Male
913,3,0.5,Geraldo Azevedo,BR,32,m,BR,Male
913,4,0.43067655807339306,Gilberto Gil,BR,32,m,BR,Male
913,5,0.38685280723454163,Céu,BR,32,m,BR,Female
913,6,0.3562071871080222,Marina Lima,BR,32,m,BR,Female
913,7,0.3333333333333333,Gilberto Gil,BR,32,m,BR,Male
913,8,0.31546487678572877,Sérgio Sampaio,BR,32,m,BR,Male
913,9,0.3010299956639812,Belchior,BR,32,m,BR,Male
913,10,0.2890648263178879,Mariana Aydar,BR,32,m,BR,Female
830,1,1.0,Ariana Grande,UK,28,m,US,Female
830,2,0.6309297535714575,Ariana Grande,UK,28,m,US,Female
830,3,0.5,Ariana Grande,UK,28,m,US,Female
830,4,0.43067655807339306,Ariana Grande,UK,28,m,US,Female
830,5,0.38685280723454163,Travis Scott,UK,28,m,US,Male
830,6,0.3562071871080222,Britney Spears,UK,28,m,US,Female
830,8,0.31546487678572877,Tame Impala,UK,28,m,AU,Male
830,9,0.3010299956639812,James Blake,UK,28,m,UK,Male
830,10,0.2890648263178879,James Blake,UK,28,m,UK,Male
830,7,0.3333333333333333,Rita Ora,UK,28,m,UK,Female
780,1,1.0,Emperor,RU,19,m,UK,Male
780,2,0.6309297535714575,Emperor,RU,19,m,UK,Male
780,3,0.5,Elton John,RU,19,m,UK,Male
780,4,0.43067655807339306,Tom Waits,RU,19,m,US,Male
780,5,0.38685280723454163,Thom Yorke,RU,19,m,UK,Male
780,6,0.3562071871080222,Emperor,RU,19,m,UK,Male
780,7,0.3333333333333333,Thom Yorke,RU,19,m,UK,Male
780,8,0.31546487678572877,Venom,RU,19,m,UK,Male
780,9,0.3010299956639812,Emperor,RU,19,m,UK,Male
780,10,0.2890648263178879,Venom,RU,19,m,UK,Male
48,1,1.0,Aldous Harding,IT,26,m,NZ,Female
48,2,0.6309297535714575,Tycho,IT,26,m,US,Male
48,3,0.5,Weyes Blood,IT,26,m,US,Female
48,4,0.43067655807339306,Weyes Blood,IT,26,m,US,Female
48,5,0.38685280723454163,Peter Bradley Adams,IT,26,m,US,Male
48,6,0.3562071871080222,Dolly Parton,IT,26,m,US,Female
48,9,0.3010299956639812,Ozzy Osbourne,IT,26,m,UK,Male
48,10,0.2890648263178879,Four Tet,IT,26,m,UK,Male
48,8,0.31546487678572877,Devin Townsend,IT,26,m,CA,Male
48,7,0.3333333333333333,Kate Bush,IT,26,m,UK,Female
57,1,1.0,Ariana Grande,VE,26,m,US,Female
57,2,0.6309297535714575,Perturbator,VE,26,m,FR,Male
57,3,0.5,Travis Scott,VE,26,m,US,Male
57,4,0.43067655807339306,Lana Del Rey,VE,26,m,US,Female
57,5,0.38685280723454163,St. Vincent,VE,26,m,US,Female
57,6,0.3562071871080222,Ariana Grande,VE,26,m,US,Female
57,7,0.3333333333333333,Ariana Grande,VE,26,m,US,Female
57,10,0.2890648263178879,Grimes,VE,26,m,CA,Female
57,9,0.3010299956639812,Tame Impala,VE,26,m,AU,Male
57,8,0.31546487678572877,James Blake,VE,26,m,UK,Male
385,1,1.0,James Blake,US,36,m,UK,Male
385,2,0.6309297535714575,James Blake,US,36,m,UK,Male
385,3,0.5,Tame Impala,US,36,m,AU,Male
385,4,0.43067655807339306,Ariana Grande,US,36,m,US,Female
385,7,0.3333333333333333,Beck,US,36,m,DK,Male
385,8,0.31546487678572877,Kacey Musgraves,US,36,m,US,Female
385,9,0.3010299956639812,Thom Yorke,US,36,m,UK,Male
385,10,0.2890648263178879,Daniel Avery,US,36,m,UK,Male
385,6,0.3562071871080222,Bob Marley & The Wailers,US,36,m,JM,Male
385,5,0.38685280723454163,Édith Piaf,US,36,m,FR,Female
852,1,1.0,Tori Amos,BR,31,m,US,Female
852,5,0.38685280723454163,Gilberto Gil,BR,31,m,BR,Male
852,6,0.3562071871080222,Jorge Ben,BR,31,m,BR,Male
852,7,0.3333333333333333,Cartola,BR,31,m,BR,Male
852,8,0.31546487678572877,Caetano Veloso,BR,31,m,BR,Male
852,10,0.2890648263178879,Chico Buarque,BR,31,m,BR,Male
852,9,0.3010299956639812,Oswaldo Montenegro,BR,31,m,BR,Male
852,4,0.43067655807339306,Gilberto Gil,BR,31,m,BR,Male
852,3,0.5,Gilberto Gil,BR,31,m,BR,Male
852,2,0.6309297535714575,Maria Gadú,BR,31,m,BR,Female
698,1,1.0,Ariana Grande,BR,17,m,US,Female
698,2,0.6309297535714575,Taylor Swift,BR,17,m,US,Female
698,3,0.5,Troye Sivan,BR,17,m,AU,Male
698,4,0.43067655807339306,Britney Spears,BR,17,m,US,Female
698,6,0.3562071871080222,Taylor Swift,BR,17,m,US,Female
698,7,0.3333333333333333,Frank Ocean,BR,17,m,US,Male
698,10,0.2890648263178879,James Blake,BR,17,m,UK,Male
698,9,0.3010299956639812,James Blake,BR,17,m,UK,Male
698,8,0.31546487678572877,Jessie J,BR,17,m,UK,Female
698,5,0.38685280723454163,Mahmood,BR,17,m,IT,Male
916,1,1.0,Duncan Laurence,FI,20,f,NL,Male
916,5,0.38685280723454163,John Maus,FI,20,f,US,Male
916,6,0.3562071871080222,Ozzy Osbourne,FI,20,f,UK,Male
916,10,0.2890648263178879,Björk,FI,20,f,IS,Female
916,9,0.3010299956639812,Vitalic,FI,20,f,FR,Male
916,8,0.31546487678572877,Sia,FI,20,f,AU,Female
916,7,0.3333333333333333,Billy Idol,FI,20,f,UK,Male
916,4,0.43067655807339306,Alexander Rybak,FI,20,f,NO,Male
916,3,0.5,Srbuk,FI,20,f,AM,Female
916,2,0.6309297535714575,Noisestorm,FI,20,f,IE,Male
760,1,1.0,Ariana Grande,UA,22,m,US,Female
760,2,0.6309297535714575,Britney Spears,UA,22,m,US,Female
760,3,0.5,Ariana Grande,UA,22,m,US,Female
760,4,0.43067655807339306,Britney Spears,UA,22,m,US,Female
760,5,0.38685280723454163,Ariana Grande,UA,22,m,US,Female
760,6,0.3562071871080222,Ariana Grande,UA,22,m,US,Female
760,7,0.3333333333333333,Rita Ora,UA,22,m,UK,Female
760,8,0.31546487678572877,Ariana Grande,UA,22,m,US,Female
760,9,0.3010299956639812,Taylor Swift,UA,22,m,US,Female
760,10,0.2890648263178879,Jessie J,UA,22,m,UK,Female
894,1,1.0,Jessica Pratt,US,23,m,US,Female
894,2,0.6309297535714575,Grouper,US,23,m,US,Female
894,3,0.5,Snail Mail,US,23,m,US,Female
894,5,0.38685280723454163,Grouper,US,23,m,US,Female
894,6,0.3562071871080222,Panda Bear,US,23,m,US,Male
894,7,0.3333333333333333,Jessica Pratt,US,23,m,US,Female
894,10,0.2890648263178879,Thom Yorke,US,23,m,UK,Male
894,9,0.3010299956639812,Tirzah,US,23,m,UK,Female
894,8,0.31546487678572877,Arca,US,23,m,VE,Non-binary
894,4,0.43067655807339306,Jenny Hval,US,23,m,NO,Female
553,1,1.0,Charles Bolt,CL,23,m,US,Male
553,2,0.6309297535714575,Eric Clapton,CL,23,m,UK,Male
553,3,0.5,Beck,CL,23,m,DK,Male
553,4,0.43067655807339306,Bob Dylan,CL,23,m,US,Male
553,5,0.38685280723454163,Haddaway,CL,23,m,DE,Male
553,6,0.3562071871080222,Marilyn Manson,CL,23,m,US,Male
553,7,0.3333333333333333,Eddie Cochran,CL,23,m,US,Male
553,8,0.31546487678572877,Roy Orbison,CL,23,m,US,Male
553,9,0.3010299956639812,Bryan Adams,CL,23,m,CA,Male
553,10,0.2890648263178879,Bob Marley & The Wailers,CL,23,m,JM,Male
827,1,1.0,Toro y Moi,UK,20,m,US,Male
827,2,0.6309297535714575,Toro y Moi,UK,20,m,US,Male
827,3,0.5,Gil Scott-Heron,UK,20,m,US,Male
827,4,0.43067655807339306,Tame Impala,UK,20,m,AU,Male
827,5,0.38685280723454163,Toro y Moi,UK,20,m,US,Male
827,6,0.3562071871080222,James Blake,UK,20,m,UK,Male
827,7,0.3333333333333333,Pional,UK,20,m,ES,Male
827,8,0.31546487678572877,James Blake,UK,20,m,UK,Male
827,9,0.3010299956639812,Tame Impala,UK,20,m,AU,Male
827,10,0.2890648263178879,Rejjie Snow,UK,20,m,IE,Male
598,1,1.0,Toro y Moi,PL,25,m,US,Male
598,2,0.6309297535714575,Janelle Monáe,PL,25,m,US,Non-binary
598,3,0.5,Thom Yorke,PL,25,m,UK,Male
598,4,0.43067655807339306,John Maus,PL,25,m,US,Male
598,7,0.3333333333333333,Beck,PL,25,m,DK,Male
598,8,0.31546487678572877,John Maus,PL,25,m,US,Male
598,9,0.3010299956639812,Tame Impala,PL,25,m,AU,Male
598,10,0.2890648263178879,James Blake,PL,25,m,UK,Male
598,6,0.3562071871080222,Dido,PL,25,m,UK,Female
598,5,0.38685280723454163,Mahmood,PL,25,m,IT,Male
41,1,1.0,Toro y Moi,US,26,f,US,Male
41,2,0.6309297535714575,Tame Impala,US,26,f,AU,Male
41,3,0.5,Toro y Moi,US,26,f,US,Male
41,4,0.43067655807339306,Gil Scott-Heron,US,26,f,US,Male
41,5,0.38685280723454163,Beck,US,26,f,DK,Male
41,6,0.3562071871080222,Ice Cube,US,26,f,US,Male
41,7,0.3333333333333333,Four Tet,US,26,f,UK,Male
41,9,0.3010299956639812,Daniel Avery,US,26,f,UK,Male
41,10,0.2890648263178879,jerkcurb,US,26,f,UK,Male
41,8,0.31546487678572877,Pional,US,26,f,ES,Male
311,1,1.0,Adele,SE,37,m,UK,Female
311,2,0.6309297535714575,Gregory Alan Isakov,SE,37,m,US,Male
311,3,0.5,John Mayer,SE,37,m,IN,Male
311,4,0.43067655807339306,Ariana Grande,SE,37,m,US,Female
311,6,0.3562071871080222,John Mayer,SE,37,m,IN,Male
311,7,0.3333333333333333,George Ezra,SE,37,m,UK,Male
311,8,0.31546487678572877,Billy Joel,SE,37,m,US,Male
311,10,0.2890648263178879,Adele,SE,37,m,UK,Female
311,9,0.3010299956639812,Ry x,SE,37,m,AU,Male
311,5,0.38685280723454163,Damien Rice,SE,37,m,IE,Male
707,1,1.0,Blue Stahli,RU,21,m,US,Male
707,2,0.6309297535714575,Serj Tankian,RU,21,m,US,Male
707,3,0.5,Celldweller,RU,21,m,US,Male
707,4,0.43067655807339306,Marilyn Manson,RU,21,m,US,Male
707,5,0.38685280723454163,Rob Zombie,RU,21,m,US,Male
707,6,0.3562071871080222,Carpenter Brut,RU,21,m,FR,Male
707,7,0.3333333333333333,Carpenter Brut,RU,21,m,FR,Male
707,8,0.31546487678572877,Celldweller,RU,21,m,US,Male
707,9,0.3010299956639812,Mr.Kitty,RU,21,m,US,Male
707,10,0.2890648263178879,Ozzy Osbourne,RU,21,m,UK,Male
529,1,1.0,Ariana Grande,RU,22,m,US,Female
529,2,0.6309297535714575,Lil Nas X,RU,22,m,US,Male
529,4,0.43067655807339306,Ariana Grande,RU,22,m,US,Female
529,5,0.38685280723454163,Ariana Grande,RU,22,m,US,Female
529,6,0.3562071871080222,Ariana Grande,RU,22,m,US,Female
529,10,0.2890648263178879,Bob Marley & The Wailers,RU,22,m,JM,Male
529,9,0.3010299956639812,Dido,RU,22,m,UK,Female
529,8,0.31546487678572877,Jessie J,RU,22,m,UK,Female
529,7,0.3333333333333333,Angèle,RU,22,m,BE,Female
529,3,0.5,Niall Horan,RU,22,m,IE,Male
571,1,1.0,Haddaway,BR,21,m,DE,Male
571,2,0.6309297535714575,Eagle-Eye Cherry,BR,21,m,SE,Male
571,3,0.5,Billy Joel,BR,21,m,US,Male
571,7,0.3333333333333333,Seal,BR,21,m,UK,Male
571,10,0.2890648263178879,Avril Lavigne,BR,21,m,CA,Female
571,9,0.3010299956639812,George Ezra,BR,21,m,UK,Male
571,8,0.31546487678572877,Ed Sheeran,BR,21,m,UK,Male
571,6,0.3562071871080222,Eric Clapton,BR,21,m,UK,Male
571,5,0.38685280723454163,Corinne Bailey Rae,BR,21,m,UK,Female
571,4,0.43067655807339306,Ed Sheeran,BR,21,m,UK,Male
674,1,1.0,Britney Spears,AR,23,m,US,Female
674,2,0.6309297535714575,Seal,AR,23,m,UK,Male
674,3,0.5,Beck,AR,23,m,DK,Male
674,7,0.3333333333333333,Ed Sheeran,AR,23,m,UK,Male
674,9,0.3010299956639812,J Balvin,AR,23,m,CO,Male
674,10,0.2890648263178879,Avril Lavigne,AR,23,m,CA,Female
674,8,0.31546487678572877,Peter Murphy,AR,23,m,UK,Male
674,6,0.3562071871080222,Rod Stewart,AR,23,m,UK,Male
674,5,0.38685280723454163,George Ezra,AR,23,m,UK,Male
674,4,0.43067655807339306,Adele,AR,23,m,UK,Female
404,1,1.0,Beck,UK,20,f,DK,Male
404,2,0.6309297535714575,Britney Spears,UK,20,f,US,Female
404,3,0.5,Britney Spears,UK,20,f,US,Female
404,4,0.43067655807339306,Queen,UK,20,f,JP,Female
404,5,0.38685280723454163,Haddaway,UK,20,f,DE,Male
404,7,0.3333333333333333,Ed Sheeran,UK,20,f,UK,Male
404,9,0.3010299956639812,George Ezra,UK,20,f,UK,Male
404,10,0.2890648263178879,Adele,UK,20,f,UK,Female
404,8,0.31546487678572877,Eric Clapton,UK,20,f,UK,Male
404,6,0.3562071871080222,Ozzy Osbourne,UK,20,f,UK,Male
28,1,1.0,Marilyn Manson,FI,26,m,US,Male
28,2,0.6309297535714575,Ozzy Osbourne,FI,26,m,UK,Male
28,3,0.5,Marilyn Manson,FI,26,m,US,Male
28,4,0.43067655807339306,Marilyn Manson,FI,26,m,US,Male
28,5,0.38685280723454163,Marilyn Manson,FI,26,m,US,Male
28,6,0.3562071871080222,Marilyn Manson,FI,26,m,US,Male
28,7,0.3333333333333333,Ozzy Osbourne,FI,26,m,UK,Male
28,8,0.31546487678572877,Ozzy Osbourne,FI,26,m,UK,Male
28,10,0.2890648263178879,Ozzy Osbourne,FI,26,m,UK,Male
28,9,0.3010299956639812,Leonard Cohen,FI,26,m,CA,Male
276,1,1.0,Ariana Grande,NO,27,m,US,Female
276,2,0.6309297535714575,Travis Scott,NO,27,m,US,Male
276,3,0.5,Adele,NO,27,m,UK,Female
276,6,0.3562071871080222,George Ezra,NO,27,m,UK,Male
276,8,0.31546487678572877,Tame Impala,NO,27,m,AU,Male
276,10,0.2890648263178879,Jessie J,NO,27,m,UK,Female
276,9,0.3010299956639812,James Blake,NO,27,m,UK,Male
276,7,0.3333333333333333,James Blake,NO,27,m,UK,Male
276,5,0.38685280723454163,Corinne Bailey Rae,NO,27,m,UK,Female
276,4,0.43067655807339306,Adele,NO,27,m,UK,Female
485,1,1.0,John Maus,MX,20,m,US,Male
485,2,0.6309297535714575,Weyes Blood,MX,20,m,US,Female
485,3,0.5,Weyes Blood,MX,20,m,US,Female
485,4,0.43067655807339306,John Maus,MX,20,m,US,Male
485,5,0.38685280723454163,Weyes Blood,MX,20,m,US,Female
485,10,0.2890648263178879,Dean Blunt,MX,20,m,UK,Male
485,9,0.3010299956639812,Arca,MX,20,m,VE,Non-binary
485,8,0.31546487678572877,Bat for Lashes,MX,20,m,UK,Female
485,7,0.3333333333333333,Arca,MX,20,m,VE,Non-binary
485,6,0.3562071871080222,Lush,MX,20,m,FI,Male
565,1,1.0,AFI,RU,22,m,US,Female
565,2,0.6309297535714575,Marilyn Manson,RU,22,m,US,Male
565,3,0.5,Rob Zombie,RU,22,m,US,Male
565,4,0.43067655807339306,AFI,RU,22,m,US,Female
565,5,0.38685280723454163,Marilyn Manson,RU,22,m,US,Male
565,8,0.31546487678572877,Queen,RU,22,m,JP,Female
565,9,0.3010299956639812,Queen,RU,22,m,JP,Female
565,10,0.2890648263178879,Carpenter Brut,RU,22,m,FR,Male
565,7,0.3333333333333333,Dimension,RU,22,m,ES,Male
565,6,0.3562071871080222,The Avener,RU,22,m,FR,Male
877,1,1.0,James Blake,CA,41,m,UK,Male
877,2,0.6309297535714575,James Blake,CA,41,m,UK,Male
877,3,0.5,Weyes Blood,CA,41,m,US,Female
877,4,0.43067655807339306,Snail Mail,CA,41,m,US,Female
877,5,0.38685280723454163,Weyes Blood,CA,41,m,US,Female
877,6,0.3562071871080222,Thom Yorke,CA,41,m,UK,Male
877,7,0.3333333333333333,Apparat,CA,41,m,DE,Male
877,8,0.31546487678572877,Four Tet,CA,41,m,UK,Male
877,10,0.2890648263178879,Ry x,CA,41,m,AU,Male
877,9,0.3010299956639812,Tame Impala,CA,41,m,AU,Male
331,1,1.0,Gregory Alan Isakov,PL,36,m,US,Male
331,2,0.6309297535714575,Ray LaMontagne,PL,36,m,US,Male
331,3,0.5,Justin Nozuka,PL,36,m,US,Male
331,5,0.38685280723454163,John Mayer,PL,36,m,IN,Male
331,6,0.3562071871080222,Sufjan Stevens,PL,36,m,US,Male
331,9,0.3010299956639812,Ben Howard,PL,36,m,UK,Male
331,10,0.2890648263178879,Damien Rice,PL,36,m,IE,Male
331,8,0.31546487678572877,Novo Amor,PL,36,m,UK,Male
331,7,0.3333333333333333,Hozier,PL,36,m,IE,Male
331,4,0.43067655807339306,Ben Howard,PL,36,m,UK,Male
128,1,1.0,Toro y Moi,AU,24,m,US,Male
128,2,0.6309297535714575,Four Tet,AU,24,m,UK,Male
128,3,0.5,Apparat,AU,24,m,DE,Male
128,4,0.43067655807339306,John Maus,AU,24,m,US,Male
128,5,0.38685280723454163,Kurt Vile,AU,24,m,US,Male
128,6,0.3562071871080222,James Blake,AU,24,m,UK,Male
128,7,0.3333333333333333,Toro y Moi,AU,24,m,US,Male
128,8,0.31546487678572877,James Blake,AU,24,m,UK,Male
128,9,0.3010299956639812,Daniel Avery,AU,24,m,UK,Male
128,10,0.2890648263178879,Bonobo,AU,24,m,UK,Male
714,1,1.0,Frank Ocean,PL,20,f,US,Male
714,2,0.6309297535714575,Sufjan Stevens,PL,20,f,US,Male
714,3,0.5,Sufjan Stevens,PL,20,f,US,Male
714,4,0.43067655807339306,Frank Ocean,PL,20,f,US,Male
714,5,0.38685280723454163,Kurt Vile,PL,20,f,US,Male
714,6,0.3562071871080222,Frank Ocean,PL,20,f,US,Male
714,8,0.31546487678572877,James Blake,PL,20,f,UK,Male
714,10,0.2890648263178879,Four Tet,PL,20,f,UK,Male
714,9,0.3010299956639812,James Blake,PL,20,f,UK,Male
714,7,0.3333333333333333,Girl In Red,PL,20,f,NO,Female
848,1,1.0,Rob Zombie,UA,21,f,US,Male
848,2,0.6309297535714575,AFI,UA,21,f,US,Female
848,3,0.5,Moby,UA,21,f,US,Male
848,4,0.43067655807339306,Chris Cornell,UA,21,f,US,Male
848,5,0.38685280723454163,Beck,UA,21,f,DK,Male
848,6,0.3562071871080222,Serj Tankian,UA,21,f,US,Male
848,8,0.31546487678572877,Ozzy Osbourne,UA,21,f,UK,Male
848,10,0.2890648263178879,Ozzy Osbourne,UA,21,f,UK,Male
848,9,0.3010299956639812,Raul Seixas,UA,21,f,BR,Male
848,7,0.3333333333333333,Cássia Eller,UA,21,f,BR,Female
713,1,1.0,Britney Spears,DE,18,m,US,Female
713,2,0.6309297535714575,Britney Spears,DE,18,m,US,Female
713,4,0.43067655807339306,Sia,DE,18,m,AU,Female
713,5,0.38685280723454163,Björk,DE,18,m,IS,Female
713,7,0.3333333333333333,Tom Odell,DE,18,m,UK,Male
713,8,0.31546487678572877,Eric Clapton,DE,18,m,UK,Male
713,9,0.3010299956639812,Ed Sheeran,DE,18,m,UK,Male
713,10,0.2890648263178879,Edwyn Collins,DE,18,m,UK,Male
713,6,0.3562071871080222,Seal,DE,18,m,UK,Male
713,3,0.5,Ozzy Osbourne,DE,18,m,UK,Male
224,1,1.0,ScHoolboy Q,NL,29,m,US,Male
224,2,0.6309297535714575,Eminem,NL,29,m,US,Male
224,3,0.5,Styles P,NL,29,m,US,Male
224,4,0.43067655807339306,Grimes,NL,29,m,CA,Female
224,6,0.3562071871080222,Eminem,NL,29,m,US,Male
224,8,0.31546487678572877,Tame Impala,NL,29,m,AU,Male
224,10,0.2890648263178879,Connie Constance,NL,29,m,UK,Female
224,9,0.3010299956639812,Lily Allen,NL,29,m,UK,Female
224,7,0.3333333333333333,James Blake,NL,29,m,UK,Male
224,5,0.38685280723454163,Kate Bush,NL,29,m,UK,Female
484,1,1.0,Russian Red,RU,21,m,ES,Female
484,2,0.6309297535714575,Venom,RU,21,m,UK,Male
484,3,0.5,Tom Waits,RU,21,m,US,Male
484,4,0.43067655807339306,Emperor,RU,21,m,UK,Male
484,5,0.38685280723454163,Marisa Monte,RU,21,m,BR,Female
484,6,0.3562071871080222,Madeleine Peyroux,RU,21,m,US,Female
484,7,0.3333333333333333,Thom Yorke,RU,21,m,UK,Male
484,8,0.31546487678572877,Ihsahn,RU,21,m,NO,Male
484,9,0.3010299956639812,Thom Yorke,RU,21,m,UK,Male
484,10,0.2890648263178879,Marisa Monte,RU,21,m,BR,Female
49,1,1.0,Julee Cruise,HU,22,f,US,Female
49,2,0.6309297535714575,Philip Glass,HU,22,f,US,Male
49,3,0.5,Arthur Russell,HU,22,f,US,Male
49,4,0.43067655807339306,Charlotte Day Wilson,HU,22,f,CA,Female
49,5,0.38685280723454163,Tame Impala,HU,22,f,AU,Male
49,6,0.3562071871080222,Thom Yorke,HU,22,f,UK,Male
49,8,0.31546487678572877,Darkside,HU,22,f,UK,Male
49,9,0.3010299956639812,Tame Impala,HU,22,f,AU,Male
49,10,0.2890648263178879,Tame Impala,HU,22,f,AU,Male
49,7,0.3333333333333333,Mark Pritchard,HU,22,f,UK,Male
3,4,0.43067655807339306,Scott Walker,CH,27,m,UK,Male
3,6,0.3562071871080222,Kevin Morby,CH,27,m,US,Male
3,7,0.3333333333333333,Caribou,CH,27,m,CA,Male
3,10,0.2890648263178879,Nick Drake,CH,27,m,UK,Male
3,9,0.3010299956639812,PJ Harvey,CH,27,m,UK,Female
3,8,0.31546487678572877,Thom Yorke,CH,27,m,UK,Male
3,5,0.38685280723454163,Nick Drake,CH,27,m,UK,Male
3,3,0.5,David Bowie,CH,27,m,UK,Male
3,2,0.6309297535714575,Dean Blunt,CH,27,m,UK,Male
3,1,1.0,PJ Harvey,CH,27,m,UK,Female
608,1,1.0,Duncan Laurence,RU,20,f,NL,Male
608,2,0.6309297535714575,Ariana Grande,RU,20,f,US,Female
608,3,0.5,Rita Ora,RU,20,f,UK,Female
608,4,0.43067655807339306,Avril Lavigne,RU,20,f,CA,Female
608,5,0.38685280723454163,Madonna,RU,20,f,US,Female
608,8,0.31546487678572877,Mahmood,RU,20,f,IT,Male
608,10,0.2890648263178879,Adele,RU,20,f,UK,Female
608,9,0.3010299956639812,Ed Sheeran,RU,20,f,UK,Male
608,7,0.3333333333333333,Jessie J,RU,20,f,UK,Female
608,6,0.3562071871080222,Adele,RU,20,f,UK,Female
835,1,1.0,Marilyn Manson,RU,17,m,US,Male
835,2,0.6309297535714575,Marilyn Manson,RU,17,m,US,Male
835,3,0.5,Carpenter Brut,RU,17,m,FR,Male
835,4,0.43067655807339306,Grimes,RU,17,m,CA,Female
835,5,0.38685280723454163,Beck,RU,17,m,DK,Male
835,6,0.3562071871080222,Marilyn Manson,RU,17,m,US,Male
835,7,0.3333333333333333,Red,RU,17,m,PL,Male
835,9,0.3010299956639812,Mahmood,RU,17,m,IT,Male
835,10,0.2890648263178879,Mika,RU,17,m,BA,Male
835,8,0.31546487678572877,Ozzy Osbourne,RU,17,m,UK,Male
288,1,1.0,Queen,CA,22,m,JP,Female
288,2,0.6309297535714575,Red,CA,22,m,PL,Male
288,3,0.5,Edwyn Collins,CA,22,m,UK,Male
288,4,0.43067655807339306,Serj Tankian,CA,22,m,US,Male
288,5,0.38685280723454163,Lisa Miskovsky,CA,22,m,SE,Female
288,10,0.2890648263178879,Marika Hackman,CA,22,m,UK,Female
288,9,0.3010299956639812,Carpenter Brut,CA,22,m,FR,Male
288,8,0.31546487678572877,Perturbator,CA,22,m,FR,Male
288,7,0.3333333333333333,Richard Ashcroft,CA,22,m,UK,Male
288,6,0.3562071871080222,Afterlife,CA,22,m,UK,Male
297,1,1.0,Tame Impala,US,23,m,AU,Male
297,2,0.6309297535714575,Pional,US,23,m,ES,Male
297,3,0.5,Kurt Vile,US,23,m,US,Male
297,4,0.43067655807339306,Frank Ocean,US,23,m,US,Male
297,5,0.38685280723454163,Daniel Avery,US,23,m,UK,Male
297,6,0.3562071871080222,Joe Goddard,US,23,m,UK,Male
297,7,0.3333333333333333,Tame Impala,US,23,m,AU,Male
297,10,0.2890648263178879,jerkcurb,US,23,m,UK,Male
297,9,0.3010299956639812,Tame Impala,US,23,m,AU,Male
297,8,0.31546487678572877,Thom Yorke,US,23,m,UK,Male
38,2,0.6309297535714575,Ariana Grande,BR,25,m,US,Female
38,3,0.5,Ariana Grande,BR,25,m,US,Female
38,4,0.43067655807339306,Lorde,BR,25,m,NZ,Female
38,5,0.38685280723454163,Jessie J,BR,25,m,UK,Female
38,8,0.31546487678572877,Troye Sivan,BR,25,m,AU,Male
38,10,0.2890648263178879,Rita Ora,BR,25,m,UK,Female
38,9,0.3010299956639812,Rihanna,BR,25,m,UK,Female
38,7,0.3333333333333333,Troye Sivan,BR,25,m,AU,Male
38,6,0.3562071871080222,Sia,BR,25,m,AU,Female
38,1,1.0,Pedro Sampaio,BR,25,m,BR,Male
429,1,1.0,Kate Bush,RU,26,m,UK,Female
429,2,0.6309297535714575,Aaliyah,RU,26,m,US,Female
429,3,0.5,Jennifer Paige,RU,26,m,US,Female
429,4,0.43067655807339306,Chris Squire,RU,26,m,UK,Male
429,5,0.38685280723454163,Sting,RU,26,m,UK,Male
429,6,0.3562071871080222,Edwyn Collins,RU,26,m,UK,Male
429,10,0.2890648263178879,Chris Rea,RU,26,m,UK,Male
429,9,0.3010299956639812,Paul McCartney,RU,26,m,UK,Male
429,8,0.31546487678572877,Annihilator,RU,26,m,UK,Male
429,7,0.3333333333333333,Paul McCartney,RU,26,m,UK,Male
371,1,1.0,Eagle-Eye Cherry,PL,24,f,SE,Male
371,2,0.6309297535714575,Britney Spears,PL,24,f,US,Female
371,3,0.5,Lil Nas X,PL,24,f,US,Male
371,4,0.43067655807339306,Adele,PL,24,f,UK,Female
371,5,0.38685280723454163,Justin Bieber,PL,24,f,CA,Male
371,6,0.3562071871080222,Robyn,PL,24,f,SE,Female
371,7,0.3333333333333333,Kelis,PL,24,f,US,Female
371,8,0.31546487678572877,Norah Jones,PL,24,f,US,Female
371,9,0.3010299956639812,Corinne Bailey Rae,PL,24,f,UK,Female
371,10,0.2890648263178879,Rihanna,PL,24,f,UK,Female
113,1,1.0,Weyes Blood,NL,34,m,US,Female
113,2,0.6309297535714575,Weyes Blood,NL,34,m,US,Female
113,3,0.5,Snail Mail,NL,34,m,US,Female
113,4,0.43067655807339306,Ariel Pink,NL,34,m,US,Male
113,5,0.38685280723454163,Perfume Genius,NL,34,m,US,Male
113,6,0.3562071871080222,John Maus,NL,34,m,US,Male
113,10,0.2890648263178879,Dean Blunt,NL,34,m,UK,Male
113,9,0.3010299956639812,Patrick Watson,NL,34,m,CA,Male
113,8,0.31546487678572877,Billy Bragg,NL,34,m,UK,Male
113,7,0.3333333333333333,Four Tet,NL,34,m,UK,Male
194,1,1.0,Ariana Grande,UK,25,m,US,Female
194,2,0.6309297535714575,Britney Spears,UK,25,m,US,Female
194,3,0.5,Britney Spears,UK,25,m,US,Female
194,5,0.38685280723454163,Avril Lavigne,UK,25,m,CA,Female
194,6,0.3562071871080222,Jessie J,UK,25,m,UK,Female
194,7,0.3333333333333333,Rita Ora,UK,25,m,UK,Female
194,10,0.2890648263178879,Adele,UK,25,m,UK,Female
194,9,0.3010299956639812,Adele,UK,25,m,UK,Female
194,8,0.31546487678572877,Fergie,UK,25,m,UK,Male
194,4,0.43067655807339306,Adele,UK,25,m,UK,Female
748,1,1.0,Chuck Berry,ID,19,m,US,Male
748,2,0.6309297535714575,AFI,ID,19,m,US,Female
748,3,0.5,Eagle-Eye Cherry,ID,19,m,SE,Male
748,4,0.43067655807339306,Marilyn Manson,ID,19,m,US,Male
748,6,0.3562071871080222,Bryan Adams,ID,19,m,CA,Male
748,8,0.31546487678572877,Edwyn Collins,ID,19,m,UK,Male
748,10,0.2890648263178879,Ozzy Osbourne,ID,19,m,UK,Male
748,9,0.3010299956639812,Eric Clapton,ID,19,m,UK,Male
748,7,0.3333333333333333,Bob Marley & The Wailers,ID,19,m,JM,Male
748,5,0.38685280723454163,Bob Marley & The Wailers,ID,19,m,JM,Male
681,1,1.0,Björk,CO,25,m,IS,Female
681,2,0.6309297535714575,Britney Spears,CO,25,m,US,Female
681,3,0.5,Britney Spears,CO,25,m,US,Female
681,4,0.43067655807339306,Beck,CO,25,m,DK,Male
681,5,0.38685280723454163,Ozzy Osbourne,CO,25,m,UK,Male
681,6,0.3562071871080222,Eminem,CO,25,m,US,Male
681,10,0.2890648263178879,Edwyn Collins,CO,25,m,UK,Male
681,9,0.3010299956639812,Bob Marley & The Wailers,CO,25,m,JM,Male
681,8,0.31546487678572877,Sia,CO,25,m,AU,Female
681,7,0.3333333333333333,Sia,CO,25,m,AU,Female
513,1,1.0,Ariana Grande,NL,36,m,US,Female
513,2,0.6309297535714575,Ariana Grande,NL,36,m,US,Female
513,3,0.5,Robyn,NL,36,m,SE,Female
513,4,0.43067655807339306,Ariana Grande,NL,36,m,US,Female
513,5,0.38685280723454163,Miley Cyrus,NL,36,m,US,Non-binary
513,6,0.3562071871080222,Madonna,NL,36,m,US,Female
513,7,0.3333333333333333,Rihanna,NL,36,m,UK,Female
513,10,0.2890648263178879,Thom Yorke,NL,36,m,UK,Male
513,9,0.3010299956639812,Adele,NL,36,m,UK,Female
513,8,0.31546487678572877,Jessie J,NL,36,m,UK,Female
90,1,1.0,Ariana Grande,BR,25,m,US,Female
90,2,0.6309297535714575,Ariana Grande,BR,25,m,US,Female
90,3,0.5,Ariana Grande,BR,25,m,US,Female
90,4,0.43067655807339306,Ariana Grande,BR,25,m,US,Female
90,5,0.38685280723454163,Ariana Grande,BR,25,m,US,Female
90,6,0.3562071871080222,Britney Spears,BR,25,m,US,Female
90,7,0.3333333333333333,Britney Spears,BR,25,m,US,Female
90,8,0.31546487678572877,Rita Ora,BR,25,m,UK,Female
90,9,0.3010299956639812,Christina Aguilera,BR,25,m,US,Female
90,10,0.2890648263178879,Rihanna,BR,25,m,UK,Female
768,1,1.0,Salmo,DE,18,m,IT,Male
768,2,0.6309297535714575,Aesop Rock,DE,18,m,US,Male
768,3,0.5,Nas,DE,18,m,US,Male
768,4,0.43067655807339306,Aesop Rock,DE,18,m,US,Male
768,5,0.38685280723454163,Common,DE,18,m,US,Male
768,6,0.3562071871080222,ScHoolboy Q,DE,18,m,US,Male
768,7,0.3333333333333333,Caparezza,DE,18,m,IT,Male
768,8,0.31546487678572877,IAMX,DE,18,m,DE,Male
768,9,0.3010299956639812,Queen,DE,18,m,JP,Female
768,10,0.2890648263178879,Sting,DE,18,m,UK,Male
580,1,1.0,Calvin Harris,MX,28,m,UK,Male
580,2,0.6309297535714575,Ariana Grande,MX,28,m,US,Female
580,3,0.5,Bruno Mars,MX,28,m,US,Male
580,4,0.43067655807339306,Ed Sheeran,MX,28,m,UK,Male
580,5,0.38685280723454163,Billy Joel,MX,28,m,US,Male
580,6,0.3562071871080222,Troye Sivan,MX,28,m,AU,Male
580,7,0.3333333333333333,Britney Spears,MX,28,m,US,Female
580,10,0.2890648263178879,Jessie J,MX,28,m,UK,Female
580,9,0.3010299956639812,Kylie Minogue,MX,28,m,AU,Female
580,8,0.31546487678572877,J Balvin,MX,28,m,CO,Male
611,1,1.0,Noisestorm,RU,19,m,IE,Male
611,2,0.6309297535714575,Vitalic,RU,19,m,FR,Male
611,3,0.5,Klaas,RU,19,m,DE,Male
611,4,0.43067655807339306,IAMX,RU,19,m,DE,Male
611,5,0.38685280723454163,Timmy Trumpet,RU,19,m,AU,Male
611,6,0.3562071871080222,Crywolf,RU,19,m,US,Male
611,7,0.3333333333333333,edIT,RU,19,m,UK,Male
611,8,0.31546487678572877,Christine and the Queens,RU,19,m,FR,Male
611,10,0.2890648263178879,IAMX,RU,19,m,DE,Male
611,9,0.3010299956639812,Kavinsky,RU,19,m,FR,Male
465,1,1.0,Lil Nas X,BR,19,m,US,Male
465,2,0.6309297535714575,Ariana Grande,BR,19,m,US,Female
465,3,0.5,Mac Miller,BR,19,m,US,Male
465,4,0.43067655807339306,Ariana Grande,BR,19,m,US,Female
465,5,0.38685280723454163,Ariana Grande,BR,19,m,US,Female
465,6,0.3562071871080222,Kanye West,BR,19,m,US,Male
465,10,0.2890648263178879,Bob Marley & The Wailers,BR,19,m,JM,Male
465,9,0.3010299956639812,Tame Impala,BR,19,m,AU,Male
465,8,0.31546487678572877,Bob Marley & The Wailers,BR,19,m,JM,Male
465,7,0.3333333333333333,Rihanna,BR,19,m,UK,Female
16,1,1.0,Justin Timberlake,NL,25,m,US,Male
16,2,0.6309297535714575,Eagle-Eye Cherry,NL,25,m,SE,Male
16,3,0.5,Britney Spears,NL,25,m,US,Female
16,4,0.43067655807339306,Ed Sheeran,NL,25,m,UK,Male
16,5,0.38685280723454163,Britney Spears,NL,25,m,US,Female
16,6,0.3562071871080222,Bryan Adams,NL,25,m,CA,Male
16,7,0.3333333333333333,John Mayer,NL,25,m,IN,Male
16,10,0.2890648263178879,Adele,NL,25,m,UK,Female
16,9,0.3010299956639812,Jess Glynne,NL,25,m,UK,Female
16,8,0.31546487678572877,Ed Sheeran,NL,25,m,UK,Male
182,1,1.0,Linda Ronstadt,DE,26,m,US,Female
182,2,0.6309297535714575,Laura Nyro,DE,26,m,US,Female
182,3,0.5,Olivia Newton-John,DE,26,m,AU,Female
182,4,0.43067655807339306,Laura Nyro,DE,26,m,US,Female
182,5,0.38685280723454163,St. Vincent,DE,26,m,US,Female
182,6,0.3562071871080222,Weyes Blood,DE,26,m,US,Female
182,7,0.3333333333333333,Weyes Blood,DE,26,m,US,Female
182,8,0.31546487678572877,Björk,DE,26,m,IS,Female
182,9,0.3010299956639812,Dionne Warwick,DE,26,m,US,Female
182,10,0.2890648263178879,Björk,DE,26,m,IS,Female
550,1,1.0,Britney Spears,BR,22,m,US,Female
550,2,0.6309297535714575,Ariana Grande,BR,22,m,US,Female
550,3,0.5,Avril Lavigne,BR,22,m,CA,Female
550,4,0.43067655807339306,Jessie J,BR,22,m,UK,Female
550,5,0.38685280723454163,Taylor Swift,BR,22,m,US,Female
550,6,0.3562071871080222,Ariana Grande,BR,22,m,US,Female
550,9,0.3010299956639812,J Balvin,BR,22,m,CO,Male
550,10,0.2890648263178879,Fergie,BR,22,m,UK,Male
550,8,0.31546487678572877,Adele,BR,22,m,UK,Female
550,7,0.3333333333333333,Rihanna,BR,22,m,UK,Female
709,1,1.0,Tycho,DE,18,m,US,Male
709,2,0.6309297535714575,Oneohtrix Point Never,DE,18,m,US,Male
709,3,0.5,Joe Goddard,DE,18,m,UK,Male
709,4,0.43067655807339306,Apparat,DE,18,m,DE,Male
709,6,0.3562071871080222,Wild Nothing,DE,18,m,US,Male
709,9,0.3010299956639812,Pional,DE,18,m,ES,Male
709,10,0.2890648263178879,Four Tet,DE,18,m,UK,Male
709,8,0.31546487678572877,Dimension,DE,18,m,ES,Male
709,7,0.3333333333333333,Wax Tailor,DE,18,m,FR,Male
709,5,0.38685280723454163,Tame Impala,DE,18,m,AU,Male
908,1,1.0,Avril Lavigne,PY,42,m,CA,Female
908,2,0.6309297535714575,Britney Spears,PY,42,m,US,Female
908,3,0.5,Britney Spears,PY,42,m,US,Female
908,4,0.43067655807339306,Sia,PY,42,m,AU,Female
908,5,0.38685280723454163,Billy Joel,PY,42,m,US,Male
908,10,0.2890648263178879,Jessie J,PY,42,m,UK,Female
908,9,0.3010299956639812,Ed Sheeran,PY,42,m,UK,Male
908,8,0.31546487678572877,George Ezra,PY,42,m,UK,Male
908,7,0.3333333333333333,Adele,PY,42,m,UK,Female
908,6,0.3562071871080222,Adele,PY,42,m,UK,Female
134,1,1.0,John Mayer,US,31,m,IN,Male
134,2,0.6309297535714575,Corinne Bailey Rae,US,31,m,UK,Female
134,3,0.5,Seal,US,31,m,UK,Male
134,6,0.3562071871080222,Haddaway,US,31,m,DE,Male
134,10,0.2890648263178879,Adele,US,31,m,UK,Female
134,9,0.3010299956639812,Ed Sheeran,US,31,m,UK,Male
134,8,0.31546487678572877,George Ezra,US,31,m,UK,Male
134,7,0.3333333333333333,Dennis Lloyd,US,31,m,IL,Male
134,5,0.38685280723454163,Eric Clapton,US,31,m,UK,Male
134,4,0.43067655807339306,Adele,US,31,m,UK,Female
191,1,1.0,Ozzy Osbourne,AR,28,m,UK,Male
191,2,0.6309297535714575,Beck,AR,28,m,DK,Male
191,3,0.5,Marilyn Manson,AR,28,m,US,Male
191,4,0.43067655807339306,Chuck Berry,AR,28,m,US,Male
191,5,0.38685280723454163,Duncan Laurence,AR,28,m,NL,Male
191,6,0.3562071871080222,Laura Branigan,AR,28,m,US,Female
191,7,0.3333333333333333,Ed Sheeran,AR,28,m,UK,Male
191,10,0.2890648263178879,Eric Clapton,AR,28,m,UK,Male
191,9,0.3010299956639812,Seal,AR,28,m,UK,Male
191,8,0.31546487678572877,Sia,AR,28,m,AU,Female
511,1,1.0,Eminem,MX,22,m,US,Male
511,2,0.6309297535714575,Howard Shore,MX,22,m,CA,Male
511,3,0.5,Jerry Cantrell,MX,22,m,US,Male
511,4,0.43067655807339306,Lisa,MX,22,m,IT,Female
511,6,0.3562071871080222,Vance Joy,MX,22,m,AU,Male
511,9,0.3010299956639812,Leonard Cohen,MX,22,m,CA,Male
511,10,0.2890648263178879,Devin Townsend,MX,22,m,CA,Male
511,8,0.31546487678572877,Arvo Pärt,MX,22,m,EE,Male
511,7,0.3333333333333333,Curumin,MX,22,m,BR,Male
511,5,0.38685280723454163,Robert Wyatt,MX,22,m,UK,Male
796,1,1.0,Machine Head,RU,18,m,JP,Male
796,2,0.6309297535714575,Mr.Kitty,RU,18,m,US,Male
796,3,0.5,Klaas,RU,18,m,DE,Male
796,5,0.38685280723454163,Moby,RU,18,m,US,Male
796,6,0.3562071871080222,Dimension,RU,18,m,ES,Male
796,8,0.31546487678572877,Vitalic,RU,18,m,FR,Male
796,10,0.2890648263178879,Timmy Trumpet,RU,18,m,AU,Male
796,9,0.3010299956639812,Perturbator,RU,18,m,FR,Male
796,7,0.3333333333333333,Kavinsky,RU,18,m,FR,Male
796,4,0.43067655807339306,Vitalic,RU,18,m,FR,Male
216,1,1.0,Marilyn Manson,RU,26,m,US,Male
216,2,0.6309297535714575,Red,RU,26,m,PL,Male
216,3,0.5,Björk,RU,26,m,IS,Female
216,4,0.43067655807339306,Marilyn Manson,RU,26,m,US,Male
216,5,0.38685280723454163,Ozzy Osbourne,RU,26,m,UK,Male
216,7,0.3333333333333333,Blue Stahli,RU,26,m,US,Male
216,10,0.2890648263178879,Edwyn Collins,RU,26,m,UK,Male
216,9,0.3010299956639812,Sia,RU,26,m,AU,Female
216,8,0.31546487678572877,Richard Ashcroft,RU,26,m,UK,Male
216,6,0.3562071871080222,Lost Frequencies,RU,26,m,BE,Male
566,1,1.0,Marilyn Manson,RU,23,m,US,Male
566,2,0.6309297535714575,Serj Tankian,RU,23,m,US,Male
566,3,0.5,Carpenter Brut,RU,23,m,FR,Male
566,4,0.43067655807339306,Ozzy Osbourne,RU,23,m,UK,Male
566,5,0.38685280723454163,Red,RU,23,m,PL,Male
566,6,0.3562071871080222,Mr.Kitty,RU,23,m,US,Male
566,8,0.31546487678572877,Vitalic,RU,23,m,FR,Male
566,9,0.3010299956639812,Dimension,RU,23,m,ES,Male
566,10,0.2890648263178879,Perturbator,RU,23,m,FR,Male
566,7,0.3333333333333333,Mika,RU,23,m,BA,Male
534,1,1.0,Lil Nas X,BR,23,m,US,Male
534,2,0.6309297535714575,Ed Sheeran,BR,23,m,UK,Male
534,3,0.5,George Ezra,BR,23,m,UK,Male
534,4,0.43067655807339306,Justin Timberlake,BR,23,m,US,Male
534,5,0.38685280723454163,Ed Sheeran,BR,23,m,UK,Male
534,6,0.3562071871080222,Bryan Adams,BR,23,m,CA,Male
534,7,0.3333333333333333,Eagle-Eye Cherry,BR,23,m,SE,Male
534,9,0.3010299956639812,Adele,BR,23,m,UK,Female
534,10,0.2890648263178879,Adele,BR,23,m,UK,Female
534,8,0.31546487678572877,Adele,BR,23,m,UK,Female
262,1,1.0,Tame Impala,PL,41,m,AU,Male
262,2,0.6309297535714575,Four Tet,PL,41,m,UK,Male
262,3,0.5,Britney Spears,PL,41,m,US,Female
262,4,0.43067655807339306,Dolly Parton,PL,41,m,US,Female
262,6,0.3562071871080222,John Maus,PL,41,m,US,Male
262,7,0.3333333333333333,Tame Impala,PL,41,m,AU,Male
262,10,0.2890648263178879,Björk,PL,41,m,IS,Female
262,9,0.3010299956639812,Bonobo,PL,41,m,UK,Male
262,8,0.31546487678572877,Darkside,PL,41,m,UK,Male
262,5,0.38685280723454163,Mahmood,PL,41,m,IT,Male
499,1,1.0,Ariana Grande,AR,30,m,US,Female
499,2,0.6309297535714575,Britney Spears,AR,30,m,US,Female
499,3,0.5,Taylor Swift,AR,30,m,US,Female
499,4,0.43067655807339306,Britney Spears,AR,30,m,US,Female
499,5,0.38685280723454163,Robyn,AR,30,m,SE,Female
499,6,0.3562071871080222,Miley Cyrus,AR,30,m,US,Non-binary
499,7,0.3333333333333333,Britney Spears,AR,30,m,US,Female
499,9,0.3010299956639812,Jessie J,AR,30,m,UK,Female
499,10,0.2890648263178879,Avril Lavigne,AR,30,m,CA,Female
499,8,0.31546487678572877,Fergie,AR,30,m,UK,Male
573,1,1.0,Kanye West,UK,25,m,US,Male
573,2,0.6309297535714575,Travis Scott,UK,25,m,US,Male
573,3,0.5,Frank Ocean,UK,25,m,US,Male
573,4,0.43067655807339306,Kanye West,UK,25,m,US,Male
573,5,0.38685280723454163,Kanye West,UK,25,m,US,Male
573,6,0.3562071871080222,Ariana Grande,UK,25,m,US,Female
573,7,0.3333333333333333,Travis Scott,UK,25,m,US,Male
573,8,0.31546487678572877,Frank Ocean,UK,25,m,US,Male
573,10,0.2890648263178879,Flume,UK,25,m,AU,Male
573,9,0.3010299956639812,Four Tet,UK,25,m,UK,Male
431,1,1.0,Ariana Grande,US,26,f,US,Female
431,2,0.6309297535714575,Ariana Grande,US,26,f,US,Female
431,3,0.5,Taylor Swift,US,26,f,US,Female
431,4,0.43067655807339306,Robyn,US,26,f,SE,Female
431,6,0.3562071871080222,Jessie J,US,26,f,UK,Female
431,10,0.2890648263178879,Troye Sivan,US,26,f,AU,Male
431,9,0.3010299956639812,Avril Lavigne,US,26,f,CA,Female
431,8,0.31546487678572877,Avril Lavigne,US,26,f,CA,Female
431,7,0.3333333333333333,Rihanna,US,26,f,UK,Female
431,5,0.38685280723454163,Pedro Sampaio,US,26,f,BR,Male
202,1,1.0,Britney Spears,BE,44,f,US,Female
202,2,0.6309297535714575,Ed Sheeran,BE,44,f,UK,Male
202,3,0.5,Shawn Mendes,BE,44,f,CA,Male
202,4,0.43067655807339306,Roy Orbison,BE,44,f,US,Male
202,5,0.38685280723454163,Chris Isaak,BE,44,f,US,Male
202,6,0.3562071871080222,Eagle-Eye Cherry,BE,44,f,SE,Male
202,7,0.3333333333333333,Beck,BE,44,f,DK,Male
202,8,0.31546487678572877,Ed Sheeran,BE,44,f,UK,Male
202,9,0.3010299956639812,Seal,BE,44,f,UK,Male
202,10,0.2890648263178879,Adele,BE,44,f,UK,Female
126,1,1.0,Britney Spears,SK,26,m,US,Female
126,2,0.6309297535714575,Ariana Grande,SK,26,m,US,Female
126,3,0.5,Britney Spears,SK,26,m,US,Female
126,4,0.43067655807339306,Kelis,SK,26,m,US,Female
126,7,0.3333333333333333,Ed Sheeran,SK,26,m,UK,Male
126,8,0.31546487678572877,Billy Joel,SK,26,m,US,Male
126,10,0.2890648263178879,Jessie J,SK,26,m,UK,Female
126,9,0.3010299956639812,Bob Marley & The Wailers,SK,26,m,JM,Male
126,6,0.3562071871080222,Louis Tomlinson,SK,26,m,UK,Male
126,5,0.38685280723454163,Niall Horan,SK,26,m,IE,Male
282,1,1.0,IAMX,UK,28,m,DE,Male
282,2,0.6309297535714575,Duncan Laurence,UK,28,m,NL,Male
282,3,0.5,IAMX,UK,28,m,DE,Male
282,4,0.43067655807339306,Edwyn Collins,UK,28,m,UK,Male
282,5,0.38685280723454163,RuPaul,UK,28,m,US,Female
282,6,0.3562071871080222,Britney Spears,UK,28,m,US,Female
282,7,0.3333333333333333,Haddaway,UK,28,m,DE,Male
282,8,0.31546487678572877,Mahmood,UK,28,m,IT,Male
282,9,0.3010299956639812,Tove Lo,UK,28,m,SE,Female
282,10,0.2890648263178879,Ghost,UK,28,m,UK,Male
710,1,1.0,Britney Spears,HU,33,m,US,Female
710,2,0.6309297535714575,Britney Spears,HU,33,m,US,Female
710,3,0.5,Sia,HU,33,m,AU,Female
710,4,0.43067655807339306,Ariana Grande,HU,33,m,US,Female
710,7,0.3333333333333333,Avril Lavigne,HU,33,m,CA,Female
710,10,0.2890648263178879,Jessie J,HU,33,m,UK,Female
710,9,0.3010299956639812,Edwyn Collins,HU,33,m,UK,Male
710,8,0.31546487678572877,Sia,HU,33,m,AU,Female
710,6,0.3562071871080222,Sia,HU,33,m,AU,Female
710,5,0.38685280723454163,Adele,HU,33,m,UK,Female
659,1,1.0,Emperor,BR,19,f,UK,Male
659,2,0.6309297535714575,Emperor,BR,19,f,UK,Male
659,3,0.5,Russian Red,BR,19,f,ES,Female
659,4,0.43067655807339306,Emperor,BR,19,f,UK,Male
659,5,0.38685280723454163,Thom Yorke,BR,19,f,UK,Male
659,6,0.3562071871080222,Rihanna,BR,19,f,UK,Female
659,7,0.3333333333333333,Alice Cooper,BR,19,f,US,Male
659,8,0.31546487678572877,Emperor,BR,19,f,UK,Male
659,9,0.3010299956639812,Ry x,BR,19,f,AU,Male
659,10,0.2890648263178879,Kygo,BR,19,f,NO,Male
781,1,1.0,Oliver Koletzki,RU,22,f,DE,Male
781,2,0.6309297535714575,Vitalic,RU,22,f,FR,Male
781,3,0.5,Mr.Kitty,RU,22,f,US,Male
781,4,0.43067655807339306,Moby,RU,22,f,US,Male
781,5,0.38685280723454163,Serj Tankian,RU,22,f,US,Male
781,6,0.3562071871080222,Crywolf,RU,22,f,US,Male
781,7,0.3333333333333333,Blue Stahli,RU,22,f,US,Male
781,8,0.31546487678572877,Timmy Trumpet,RU,22,f,AU,Male
781,9,0.3010299956639812,edIT,RU,22,f,UK,Male
781,10,0.2890648263178879,Parov Stelar,RU,22,f,AT,Male
302,1,1.0,Copeland,PL,22,m,UK,Female
302,2,0.6309297535714575,Princess Chelsea,PL,22,m,NZ,Female
302,3,0.5,Barrington Levy,PL,22,m,JM,Male
302,4,0.43067655807339306,King Dude,PL,22,m,US,Male
302,10,0.2890648263178879,Elton John,PL,22,m,UK,Male
302,9,0.3010299956639812,PJ Harvey,PL,22,m,UK,Female
302,8,0.31546487678572877,Charlotte Day Wilson,PL,22,m,CA,Female
302,7,0.3333333333333333,Rod Stewart,PL,22,m,UK,Male
302,6,0.3562071871080222,Tame Impala,PL,22,m,AU,Male
302,5,0.38685280723454163,Dernière Volonté,PL,22,m,FR,Male
712,1,1.0,Kanye West,DE,18,m,US,Male
712,2,0.6309297535714575,Kanye West,DE,18,m,US,Male
712,3,0.5,Gil Scott-Heron,DE,18,m,US,Male
712,4,0.43067655807339306,Toro y Moi,DE,18,m,US,Male
712,5,0.38685280723454163,Kanye West,DE,18,m,US,Male
712,6,0.3562071871080222,Stan Getz,DE,18,m,US,Male
712,7,0.3333333333333333,Tame Impala,DE,18,m,AU,Male
712,8,0.31546487678572877,Toro y Moi,DE,18,m,US,Male
712,9,0.3010299956639812,James Blake,DE,18,m,UK,Male
712,10,0.2890648263178879,Kendrick Lamar,DE,18,m,US,Male
622,1,1.0,Lana Del Rey,IT,21,f,US,Female
622,2,0.6309297535714575,Grimes,IT,21,f,CA,Female
622,3,0.5,Ariana Grande,IT,21,f,US,Female
622,4,0.43067655807339306,Tame Impala,IT,21,f,AU,Male
622,6,0.3562071871080222,Lil Nas X,IT,21,f,US,Male
622,7,0.3333333333333333,Taylor Swift,IT,21,f,US,Female
622,10,0.2890648263178879,Rita Ora,IT,21,f,UK,Female
622,9,0.3010299956639812,Rihanna,IT,21,f,UK,Female
622,8,0.31546487678572877,Mahmood,IT,21,f,IT,Male
622,5,0.38685280723454163,Dennis Lloyd,IT,21,f,IL,Male
120,1,1.0,Louis Tomlinson,UK,22,m,UK,Male
120,2,0.6309297535714575,Tycho,UK,22,m,US,Male
120,3,0.5,James Arthur,UK,22,m,UK,Male
120,4,0.43067655807339306,Ariana Grande,UK,22,m,US,Female
120,5,0.38685280723454163,Adele,UK,22,m,UK,Female
120,8,0.31546487678572877,Duncan Laurence,UK,22,m,NL,Male
120,9,0.3010299956639812,Lily Allen,UK,22,m,UK,Female
120,10,0.2890648263178879,Harry Styles,UK,22,m,UK,Male
120,7,0.3333333333333333,Rihanna,UK,22,m,UK,Female
120,6,0.3562071871080222,Ed Sheeran,UK,22,m,UK,Male
849,1,1.0,Aldous Harding,JP,24,m,NZ,Female
849,2,0.6309297535714575,Apparat,JP,24,m,DE,Male
849,3,0.5,Snail Mail,JP,24,m,US,Female
849,4,0.43067655807339306,Four Tet,JP,24,m,UK,Male
849,5,0.38685280723454163,Kurt Vile,JP,24,m,US,Male
849,6,0.3562071871080222,James Blake,JP,24,m,UK,Male
849,8,0.31546487678572877,Ry x,JP,24,m,AU,Male
849,10,0.2890648263178879,James Blake,JP,24,m,UK,Male
849,9,0.3010299956639812,Tame Impala,JP,24,m,AU,Male
849,7,0.3333333333333333,Joe Goddard,JP,24,m,UK,Male
312,1,1.0,Femi Kuti,US,29,m,NG,Male
312,2,0.6309297535714575,Yung Hurn,US,29,m,AT,Male
312,3,0.5,Tom Waits,US,29,m,US,Male
312,4,0.43067655807339306,Christine and the Queens,US,29,m,FR,Male
312,6,0.3562071871080222,John Mayer,US,29,m,IN,Male
312,8,0.31546487678572877,Kaytranada,US,29,m,CA,Male
312,10,0.2890648263178879,Tarja,US,29,m,FI,Female
312,9,0.3010299956639812,Manu Chao,US,29,m,FR,Male
312,7,0.3333333333333333,Claire Laffut,US,29,m,FR,Female
312,5,0.38685280723454163,Projota,US,29,m,BR,Male
728,1,1.0,Toro y Moi,JP,21,m,US,Male
728,2,0.6309297535714575,James Blake,JP,21,m,UK,Male
728,3,0.5,James Blake,JP,21,m,UK,Male
728,4,0.43067655807339306,Tame Impala,JP,21,m,AU,Male
728,5,0.38685280723454163,Four Tet,JP,21,m,UK,Male
728,7,0.3333333333333333,Toro y Moi,JP,21,m,US,Male
728,8,0.31546487678572877,Joe Goddard,JP,21,m,UK,Male
728,9,0.3010299956639812,Daniel Avery,JP,21,m,UK,Male
728,10,0.2890648263178879,Pional,JP,21,m,ES,Male
728,6,0.3562071871080222,Rejjie Snow,JP,21,m,IE,Male
482,1,1.0,Weyes Blood,UK,19,f,US,Female
482,2,0.6309297535714575,Snail Mail,UK,19,f,US,Female
482,3,0.5,Kurt Vile,UK,19,f,US,Male
482,4,0.43067655807339306,Weyes Blood,UK,19,f,US,Female
482,5,0.38685280723454163,Cass McCombs,UK,19,f,US,Male
482,6,0.3562071871080222,Twin Shadow,UK,19,f,US,Male
482,7,0.3333333333333333,Leonard Cohen,UK,19,f,CA,Male
482,8,0.31546487678572877,Bill Callahan,UK,19,f,US,Male
482,10,0.2890648263178879,Tame Impala,UK,19,f,AU,Male
482,9,0.3010299956639812,Tame Impala,UK,19,f,AU,Male
189,1,1.0,Aldous Harding,CA,23,m,NZ,Female
189,2,0.6309297535714575,Ariana Grande,CA,23,m,US,Female
189,3,0.5,Weyes Blood,CA,23,m,US,Female
189,4,0.43067655807339306,Kurt Vile,CA,23,m,US,Male
189,6,0.3562071871080222,Toro y Moi,CA,23,m,US,Male
189,7,0.3333333333333333,Grimes,CA,23,m,CA,Female
189,9,0.3010299956639812,James Blake,CA,23,m,UK,Male
189,10,0.2890648263178879,Thom Yorke,CA,23,m,UK,Male
189,8,0.31546487678572877,Tame Impala,CA,23,m,AU,Male
189,5,0.38685280723454163,James Blake,CA,23,m,UK,Male
726,1,1.0,Marilyn Manson,RU,19,m,US,Male
726,2,0.6309297535714575,Red,RU,19,m,PL,Male
726,3,0.5,Queen,RU,19,m,JP,Female
726,4,0.43067655807339306,Paul Stanley,RU,19,m,US,Male
726,5,0.38685280723454163,Marilyn Manson,RU,19,m,US,Male
726,8,0.31546487678572877,Haddaway,RU,19,m,DE,Male
726,9,0.3010299956639812,Moby,RU,19,m,US,Male
726,10,0.2890648263178879,Ozzy Osbourne,RU,19,m,UK,Male
726,7,0.3333333333333333,Carpenter Brut,RU,19,m,FR,Male
726,6,0.3562071871080222,Perturbator,RU,19,m,FR,Male
69,1,1.0,Rush,PL,33,m,US,Male
69,2,0.6309297535714575,Rush,PL,33,m,US,Male
69,3,0.5,Rush,PL,33,m,US,Male
69,4,0.43067655807339306,Rush,PL,33,m,US,Male
69,5,0.38685280723454163,Rush,PL,33,m,US,Male
69,6,0.3562071871080222,Rush,PL,33,m,US,Male
69,7,0.3333333333333333,Rush,PL,33,m,US,Male
69,8,0.31546487678572877,Rush,PL,33,m,US,Male
69,9,0.3010299956639812,Rush,PL,33,m,US,Male
69,10,0.2890648263178879,YOB,PL,33,m,UK,Male
699,1,1.0,Sia,DE,25,m,AU,Female
699,2,0.6309297535714575,Hubert Lenoir,DE,25,m,CA,Male
699,3,0.5,Anjulie,DE,25,m,CA,Female
699,4,0.43067655807339306,Dennis Lloyd,DE,25,m,IL,Male
699,5,0.38685280723454163,Jimmy Cliff,DE,25,m,JM,Male
699,8,0.31546487678572877,Rod Stewart,DE,25,m,UK,Male
699,9,0.3010299956639812,Sia,DE,25,m,AU,Female
699,10,0.2890648263178879,Katie Melua,DE,25,m,UK,Female
699,7,0.3333333333333333,Salvador Sobral,DE,25,m,PT,Male
699,6,0.3562071871080222,Seu Jorge,DE,25,m,BR,Male
78,1,1.0,Bryan Adams,NO,29,m,CA,Male
78,3,0.5,Lil Nas X,NO,29,m,US,Male
78,5,0.38685280723454163,George Ezra,NO,29,m,UK,Male
78,6,0.3562071871080222,John Mayer,NO,29,m,IN,Male
78,8,0.31546487678572877,Ed Sheeran,NO,29,m,UK,Male
78,9,0.3010299956639812,Avril Lavigne,NO,29,m,CA,Female
78,10,0.2890648263178879,Shawn Mendes,NO,29,m,CA,Male
78,7,0.3333333333333333,Adele,NO,29,m,UK,Female
78,4,0.43067655807339306,Adele,NO,29,m,UK,Female
78,2,0.6309297535714575,Niall Horan,NO,29,m,IE,Male
628,1,1.0,Ariana Grande,VE,21,f,US,Female
628,2,0.6309297535714575,Ariana Grande,VE,21,f,US,Female
628,3,0.5,Britney Spears,VE,21,f,US,Female
628,4,0.43067655807339306,Robyn,VE,21,f,SE,Female
628,5,0.38685280723454163,Lana Del Rey,VE,21,f,US,Female
628,6,0.3562071871080222,Adele,VE,21,f,UK,Female
628,9,0.3010299956639812,Adele,VE,21,f,UK,Female
628,10,0.2890648263178879,Jessie J,VE,21,f,UK,Female
628,8,0.31546487678572877,Ed Sheeran,VE,21,f,UK,Male
628,7,0.3333333333333333,Adele,VE,21,f,UK,Female
467,1,1.0,Panda Bear,FI,19,m,US,Male
467,2,0.6309297535714575,Jenny Hval,FI,19,m,NO,Female
467,3,0.5,Julia Holter,FI,19,m,US,Female
467,4,0.43067655807339306,Oneohtrix Point Never,FI,19,m,US,Male
467,5,0.38685280723454163,Panda Bear,FI,19,m,US,Male
467,6,0.3562071871080222,Adrianne Lenker,FI,19,m,US,Female
467,7,0.3333333333333333,Oneohtrix Point Never,FI,19,m,US,Male
467,8,0.31546487678572877,Angel Olsen,FI,19,m,US,Female
467,10,0.2890648263178879,Jenny Hval,FI,19,m,NO,Female
467,9,0.3010299956639812,Arca,FI,19,m,VE,Non-binary
918,1,1.0,Britney Spears,BR,20,m,US,Female
918,2,0.6309297535714575,Bryan Adams,BR,20,m,CA,Male
918,3,0.5,Britney Spears,BR,20,m,US,Female
918,4,0.43067655807339306,Billy Joel,BR,20,m,US,Male
918,5,0.38685280723454163,Avril Lavigne,BR,20,m,CA,Female
918,6,0.3562071871080222,Haddaway,BR,20,m,DE,Male
918,7,0.3333333333333333,Marilyn Manson,BR,20,m,US,Male
918,10,0.2890648263178879,Hozier,BR,20,m,IE,Male
918,9,0.3010299956639812,Dennis Lloyd,BR,20,m,IL,Male
918,8,0.31546487678572877,Seal,BR,20,m,UK,Male
445,1,1.0,Earl Sweatshirt,US,19,m,US,Male
445,2,0.6309297535714575,Weyes Blood,US,19,m,US,Female
445,3,0.5,Weyes Blood,US,19,m,US,Female
445,4,0.43067655807339306,John Maus,US,19,m,US,Male
445,5,0.38685280723454163,Weyes Blood,US,19,m,US,Female
445,7,0.3333333333333333,Björk,US,19,m,IS,Female
445,8,0.31546487678572877,Four Tet,US,19,m,UK,Male
445,9,0.3010299956639812,Tame Impala,US,19,m,AU,Male
445,10,0.2890648263178879,James Blake,US,19,m,UK,Male
445,6,0.3562071871080222,James Blake,US,19,m,UK,Male
89,1,1.0,Bryan Adams,CH,22,m,CA,Male
89,2,0.6309297535714575,Britney Spears,CH,22,m,US,Female
89,3,0.5,George Ezra,CH,22,m,UK,Male
89,4,0.43067655807339306,Britney Spears,CH,22,m,US,Female
89,5,0.38685280723454163,Ariana Grande,CH,22,m,US,Female
89,6,0.3562071871080222,Eagle-Eye Cherry,CH,22,m,SE,Male
89,8,0.31546487678572877,Avril Lavigne,CH,22,m,CA,Female
89,10,0.2890648263178879,Corinne Bailey Rae,CH,22,m,UK,Female
89,9,0.3010299956639812,Steve Winwood,CH,22,m,UK,Male
89,7,0.3333333333333333,Niall Horan,CH,22,m,IE,Male
279,1,1.0,Ariana Grande,BR,27,f,US,Female
279,2,0.6309297535714575,Mariah Carey,BR,27,f,US,Female
279,3,0.5,Ariana Grande,BR,27,f,US,Female
279,4,0.43067655807339306,Ariana Grande,BR,27,f,US,Female
279,10,0.2890648263178879,Troye Sivan,BR,27,f,AU,Male
279,9,0.3010299956639812,Rihanna,BR,27,f,UK,Female
279,8,0.31546487678572877,Fergie,BR,27,f,UK,Male
279,7,0.3333333333333333,Jessie J,BR,27,f,UK,Female
279,6,0.3562071871080222,Rita Ora,BR,27,f,UK,Female
279,5,0.38685280723454163,Rihanna,BR,27,f,UK,Female
736,1,1.0,Kanye West,BR,17,f,US,Male
736,2,0.6309297535714575,Kanye West,BR,17,f,US,Male
736,3,0.5,Weyes Blood,BR,17,f,US,Female
736,4,0.43067655807339306,Kanye West,BR,17,f,US,Male
736,5,0.38685280723454163,Mayhem,BR,17,f,CA,Female
736,6,0.3562071871080222,Totally Enormous Extinct Dinosaurs,BR,17,f,UK,Male
736,7,0.3333333333333333,Kanye West,BR,17,f,US,Male
736,10,0.2890648263178879,Grimes,BR,17,f,CA,Female
736,9,0.3010299956639812,Thom Yorke,BR,17,f,UK,Male
736,8,0.31546487678572877,Marilina Bertoldi,BR,17,f,AR,Female
310,1,1.0,Mayhem,US,28,m,CA,Female
310,2,0.6309297535714575,Emperor,US,28,m,UK,Male
310,3,0.5,Emperor,US,28,m,UK,Male
310,4,0.43067655807339306,Queen,US,28,m,JP,Female
310,5,0.38685280723454163,Philip Glass,US,28,m,US,Male
310,6,0.3562071871080222,Jimi Hendrix,US,28,m,US,Male
310,7,0.3333333333333333,Jimi Hendrix,US,28,m,US,Male
310,10,0.2890648263178879,Venom,US,28,m,UK,Male
310,9,0.3010299956639812,Thom Yorke,US,28,m,UK,Male
310,8,0.31546487678572877,Russian Red,US,28,m,ES,Female
132,1,1.0,Dean Blunt,UK,36,m,UK,Male
132,2,0.6309297535714575,John Maus,UK,36,m,US,Male
132,3,0.5,John Maus,UK,36,m,US,Male
132,4,0.43067655807339306,Thom Yorke,UK,36,m,UK,Male
132,5,0.38685280723454163,Grimes,UK,36,m,CA,Female
132,6,0.3562071871080222,Leonard Cohen,UK,36,m,CA,Male
132,7,0.3333333333333333,Ariel Pink,UK,36,m,US,Male
132,10,0.2890648263178879,Four Tet,UK,36,m,UK,Male
132,9,0.3010299956639812,Anna Calvi,UK,36,m,UK,Female
132,8,0.31546487678572877,Tame Impala,UK,36,m,AU,Male
516,1,1.0,Billy Joel,CZ,23,m,US,Male
516,2,0.6309297535714575,Billy Joel,CZ,23,m,US,Male
516,3,0.5,Neil Diamond,CZ,23,m,US,Male
516,4,0.43067655807339306,Eagle-Eye Cherry,CZ,23,m,SE,Male
516,5,0.38685280723454163,Nik Kershaw,CZ,23,m,UK,Male
516,6,0.3562071871080222,John Mayer,CZ,23,m,IN,Male
516,8,0.31546487678572877,Corinne Bailey Rae,CZ,23,m,UK,Female
516,10,0.2890648263178879,Bob Marley & The Wailers,CZ,23,m,JM,Male
516,9,0.3010299956639812,Steve Winwood,CZ,23,m,UK,Male
516,7,0.3333333333333333,Edwyn Collins,CZ,23,m,UK,Male
79,1,1.0,Beck,US,25,m,DK,Male
79,2,0.6309297535714575,James Blake,US,25,m,UK,Male
79,7,0.3333333333333333,James Blake,US,25,m,UK,Male
79,9,0.3010299956639812,Thom Yorke,US,25,m,UK,Male
79,10,0.2890648263178879,George Ezra,US,25,m,UK,Male
79,8,0.31546487678572877,Ed Sheeran,US,25,m,UK,Male
79,6,0.3562071871080222,Tame Impala,US,25,m,AU,Male
79,5,0.38685280723454163,Corinne Bailey Rae,US,25,m,UK,Female
79,4,0.43067655807339306,Mahmood,US,25,m,IT,Male
79,3,0.5,Adele,US,25,m,UK,Female
430,1,1.0,Julia Holter,ES,39,m,US,Female
430,2,0.6309297535714575,Jessica Pratt,ES,39,m,US,Female
430,3,0.5,Weyes Blood,ES,39,m,US,Female
430,4,0.43067655807339306,Aldous Harding,ES,39,m,NZ,Female
430,5,0.38685280723454163,Weyes Blood,ES,39,m,US,Female
430,6,0.3562071871080222,Jessica Pratt,ES,39,m,US,Female
430,7,0.3333333333333333,Panda Bear,ES,39,m,US,Male
430,8,0.31546487678572877,Weyes Blood,ES,39,m,US,Female
430,9,0.3010299956639812,Tirzah,ES,39,m,UK,Female
430,10,0.2890648263178879,Jenny Hval,ES,39,m,NO,Female
360,1,1.0,Adele,JP,24,m,UK,Female
360,2,0.6309297535714575,U.S. Girls,JP,24,m,CA,Female
360,4,0.43067655807339306,Devendra Banhart,JP,24,m,US,Male
360,5,0.38685280723454163,Sia,JP,24,m,AU,Female
360,6,0.3562071871080222,Julee Cruise,JP,24,m,US,Female
360,8,0.31546487678572877,U.S. Girls,JP,24,m,CA,Female
360,10,0.2890648263178879,Adele,JP,24,m,UK,Female
360,9,0.3010299956639812,KT Tunstall,JP,24,m,UK,Female
360,7,0.3333333333333333,Graham Coxon,JP,24,m,UK,Male
360,3,0.5,Sezen Aksu,JP,24,m,TR,Female
640,1,1.0,Jessica Pratt,US,17,m,US,Female
640,2,0.6309297535714575,Weyes Blood,US,17,m,US,Female
640,3,0.5,Snail Mail,US,17,m,US,Female
640,4,0.43067655807339306,Janelle Monáe,US,17,m,US,Non-binary
640,5,0.38685280723454163,Weyes Blood,US,17,m,US,Female
640,6,0.3562071871080222,Kurt Vile,US,17,m,US,Male
640,8,0.31546487678572877,Thom Yorke,US,17,m,UK,Male
640,10,0.2890648263178879,Four Tet,US,17,m,UK,Male
640,9,0.3010299956639812,Grimes,US,17,m,CA,Female
640,7,0.3333333333333333,Dean Blunt,US,17,m,UK,Male
148,1,1.0,Ariana Grande,NL,27,m,US,Female
148,2,0.6309297535714575,Taylor Swift,NL,27,m,US,Female
148,3,0.5,Jessie J,NL,27,m,UK,Female
148,4,0.43067655807339306,Jennifer Lopez,NL,27,m,US,Female
148,6,0.3562071871080222,Ed Sheeran,NL,27,m,UK,Male
148,10,0.2890648263178879,Adele,NL,27,m,UK,Female
148,9,0.3010299956639812,Niall Horan,NL,27,m,IE,Male
148,8,0.31546487678572877,Adele,NL,27,m,UK,Female
148,7,0.3333333333333333,Ed Sheeran,NL,27,m,UK,Male
148,5,0.38685280723454163,Rihanna,NL,27,m,UK,Female
383,1,1.0,Ariana Grande,AU,26,f,US,Female
383,2,0.6309297535714575,Travis Scott,AU,26,f,US,Male
383,3,0.5,Björk,AU,26,f,IS,Female
383,4,0.43067655807339306,Janelle Monáe,AU,26,f,US,Non-binary
383,7,0.3333333333333333,Edwyn Collins,AU,26,f,UK,Male
383,8,0.31546487678572877,Duncan Laurence,AU,26,f,NL,Male
383,9,0.3010299956639812,Bob Marley & The Wailers,AU,26,f,JM,Male
383,10,0.2890648263178879,Avril Lavigne,AU,26,f,CA,Female
383,6,0.3562071871080222,Jessie J,AU,26,f,UK,Female
383,5,0.38685280723454163,Seal,AU,26,f,UK,Male
904,1,1.0,Britney Spears,BR,18,m,US,Female
904,2,0.6309297535714575,Britney Spears,BR,18,m,US,Female
904,3,0.5,Mariah Carey,BR,18,m,US,Female
904,5,0.38685280723454163,Ariana Grande,BR,18,m,US,Female
904,6,0.3562071871080222,Ariana Grande,BR,18,m,US,Female
904,7,0.3333333333333333,Troye Sivan,BR,18,m,AU,Male
904,8,0.31546487678572877,Travis Scott,BR,18,m,US,Male
904,9,0.3010299956639812,Sia,BR,18,m,AU,Female
904,10,0.2890648263178879,Adele,BR,18,m,UK,Female
904,4,0.43067655807339306,J Balvin,BR,18,m,CO,Male
259,1,1.0,Lana Del Rey,BG,26,m,US,Female
259,2,0.6309297535714575,Marilyn Manson,BG,26,m,US,Male
259,3,0.5,Beck,BG,26,m,DK,Male
259,4,0.43067655807339306,Britney Spears,BG,26,m,US,Female
259,5,0.38685280723454163,Britney Spears,BG,26,m,US,Female
259,6,0.3562071871080222,Tame Impala,BG,26,m,AU,Male
259,8,0.31546487678572877,Travis Scott,BG,26,m,US,Male
259,10,0.2890648263178879,Bob Marley & The Wailers,BG,26,m,JM,Male
259,9,0.3010299956639812,Sia,BG,26,m,AU,Female
259,7,0.3333333333333333,Bob Marley & The Wailers,BG,26,m,JM,Male
586,1,1.0,Justin Nozuka,RS,23,m,US,Male
586,2,0.6309297535714575,Pional,RS,23,m,ES,Male
586,3,0.5,Four Tet,RS,23,m,UK,Male
586,4,0.43067655807339306,Kevin Morby,RS,23,m,US,Male
586,6,0.3562071871080222,Tame Impala,RS,23,m,AU,Male
586,7,0.3333333333333333,Manu Chao,RS,23,m,FR,Male
586,10,0.2890648263178879,Dimension,RS,23,m,ES,Male
586,9,0.3010299956639812,Alexandra Stan,RS,23,m,RO,Female
586,8,0.31546487678572877,Bob Marley & The Wailers,RS,23,m,JM,Male
586,5,0.38685280723454163,Novo Amor,RS,23,m,UK,Male
1,1,1.0,Mahmood,UK,29,m,IT,Male
1,2,0.6309297535714575,Laura Pausini,UK,29,m,IT,Female
1,3,0.5,Seal,UK,29,m,UK,Male
1,5,0.38685280723454163,Kristen Barry,UK,29,m,US,Female
1,8,0.31546487678572877,Céline Dion,UK,29,m,CA,Female
1,9,0.3010299956639812,Jordan Rakei,UK,29,m,UK,Male
1,10,0.2890648263178879,Akon,UK,29,m,SN,Male
1,7,0.3333333333333333,Calvin Harris,UK,29,m,UK,Male
1,6,0.3562071871080222,Ester Peony,UK,29,m,RO,Female
1,4,0.43067655807339306,Four Tet,UK,29,m,UK,Male
512,1,1.0,U.S. Girls,CA,20,m,CA,Female
512,2,0.6309297535714575,Sampha,CA,20,m,UK,Male
512,3,0.5,Kendrick Lamar,CA,20,m,US,Male
512,4,0.43067655807339306,Mos Def,CA,20,m,US,Male
512,6,0.3562071871080222,Kanye West,CA,20,m,US,Male
512,7,0.3333333333333333,2Pac,CA,20,m,US,Male
512,9,0.3010299956639812,Rihanna,CA,20,m,UK,Female
512,10,0.2890648263178879,Mac DeMarco,CA,20,m,CA,Male
512,8,0.31546487678572877,Mac DeMarco,CA,20,m,CA,Male
512,5,0.38685280723454163,Criolo,CA,20,m,BR,Male
395,1,1.0,Thom Yorke,SE,21,m,UK,Male
395,2,0.6309297535714575,Snail Mail,SE,21,m,US,Female
395,3,0.5,Beck,SE,21,m,DK,Male
395,4,0.43067655807339306,Travis Scott,SE,21,m,US,Male
395,5,0.38685280723454163,Toro y Moi,SE,21,m,US,Male
395,6,0.3562071871080222,Ariana Grande,SE,21,m,US,Female
395,7,0.3333333333333333,Leonard Cohen,SE,21,m,CA,Male
395,10,0.2890648263178879,Four Tet,SE,21,m,UK,Male
395,9,0.3010299956639812,Adele,SE,21,m,UK,Female
395,8,0.31546487678572877,James Blake,SE,21,m,UK,Male
592,1,1.0,Britney Spears,BR,20,m,US,Female
592,2,0.6309297535714575,Jessie J,BR,20,m,UK,Female
592,4,0.43067655807339306,Taylor Swift,BR,20,m,US,Female
592,5,0.38685280723454163,Avril Lavigne,BR,20,m,CA,Female
592,6,0.3562071871080222,Rita Ora,BR,20,m,UK,Female
592,7,0.3333333333333333,Britney Spears,BR,20,m,US,Female
592,8,0.31546487678572877,Beyoncé,BR,20,m,US,Female
592,9,0.3010299956639812,Robyn,BR,20,m,SE,Female
592,10,0.2890648263178879,Fergie,BR,20,m,UK,Male
592,3,0.5,Kygo,BR,20,m,NO,Male
408,1,1.0,Britney Spears,BR,25,m,US,Female
408,2,0.6309297535714575,Ariana Grande,BR,25,m,US,Female
408,3,0.5,Robyn,BR,25,m,SE,Female
408,8,0.31546487678572877,Avril Lavigne,BR,25,m,CA,Female
408,10,0.2890648263178879,Seal,BR,25,m,UK,Male
408,9,0.3010299956639812,Edwyn Collins,BR,25,m,UK,Male
408,7,0.3333333333333333,Ed Sheeran,BR,25,m,UK,Male
408,6,0.3562071871080222,Sia,BR,25,m,AU,Female
408,5,0.38685280723454163,Sia,BR,25,m,AU,Female
408,4,0.43067655807339306,Steve Winwood,BR,25,m,UK,Male
874,1,1.0,Ariana Grande,US,18,f,US,Female
874,2,0.6309297535714575,Toro y Moi,US,18,f,US,Male
874,3,0.5,Travis Scott,US,18,f,US,Male
874,4,0.43067655807339306,Britney Spears,US,18,f,US,Female
874,5,0.38685280723454163,Britney Spears,US,18,f,US,Female
874,6,0.3562071871080222,James Blake,US,18,f,UK,Male
874,7,0.3333333333333333,James Blake,US,18,f,UK,Male
874,8,0.31546487678572877,Tame Impala,US,18,f,AU,Male
874,9,0.3010299956639812,Four Tet,US,18,f,UK,Male
874,10,0.2890648263178879,Thom Yorke,US,18,f,UK,Male
42,1,1.0,John Mayer,SK,24,m,IN,Male
42,2,0.6309297535714575,AFI,SK,24,m,US,Female
42,3,0.5,Father John Misty,SK,24,m,US,Male
42,4,0.43067655807339306,Haddaway,SK,24,m,DE,Male
42,5,0.38685280723454163,Eric Clapton,SK,24,m,UK,Male
42,8,0.31546487678572877,Elvis Presley,SK,24,m,US,Male
42,10,0.2890648263178879,Ghost,SK,24,m,UK,Male
42,9,0.3010299956639812,Adele,SK,24,m,UK,Female
42,7,0.3333333333333333,Mahmood,SK,24,m,IT,Male
42,6,0.3562071871080222,Ed Sheeran,SK,24,m,UK,Male
682,1,1.0,Queen,UA,43,m,JP,Female
682,2,0.6309297535714575,Queen,UA,43,m,JP,Female
682,3,0.5,Queen,UA,43,m,JP,Female
682,4,0.43067655807339306,Queen,UA,43,m,JP,Female
682,5,0.38685280723454163,Queen,UA,43,m,JP,Female
682,6,0.3562071871080222,Queen,UA,43,m,JP,Female
682,7,0.3333333333333333,Queen,UA,43,m,JP,Female
682,8,0.31546487678572877,Queen,UA,43,m,JP,Female
682,10,0.2890648263178879,YOB,UA,43,m,UK,Male
682,9,0.3010299956639812,YOB,UA,43,m,UK,Male
489,1,1.0,Aldous Harding,DE,24,m,NZ,Female
489,2,0.6309297535714575,Cass McCombs,DE,24,m,US,Male
489,3,0.5,Bill Callahan,DE,24,m,US,Male
489,4,0.43067655807339306,Julia Holter,DE,24,m,US,Female
489,5,0.38685280723454163,Thom Yorke,DE,24,m,UK,Male
489,6,0.3562071871080222,Kevin Morby,DE,24,m,US,Male
489,7,0.3333333333333333,Kurt Vile,DE,24,m,US,Male
489,8,0.31546487678572877,Caribou,DE,24,m,CA,Male
489,10,0.2890648263178879,Dean Blunt,DE,24,m,UK,Male
489,9,0.3010299956639812,James Blake,DE,24,m,UK,Male
20,1,1.0,James Blake,US,40,m,UK,Male
20,2,0.6309297535714575,Weyes Blood,US,40,m,US,Female
20,3,0.5,Four Tet,US,40,m,UK,Male
20,4,0.43067655807339306,James Blake,US,40,m,UK,Male
20,5,0.38685280723454163,John Maus,US,40,m,US,Male
20,6,0.3562071871080222,Weyes Blood,US,40,m,US,Female
20,7,0.3333333333333333,Toro y Moi,US,40,m,US,Male
20,8,0.31546487678572877,Twin Shadow,US,40,m,US,Male
20,9,0.3010299956639812,Weyes Blood,US,40,m,US,Female
20,10,0.2890648263178879,Joe Goddard,US,40,m,UK,Male
387,1,1.0,Vance Joy,PL,21,m,AU,Male
387,2,0.6309297535714575,Queen,PL,21,m,JP,Female
387,6,0.3562071871080222,Michael Bublé,PL,21,m,CA,Male
387,7,0.3333333333333333,Fred V & Grafix,PL,21,m,UK,Male
387,8,0.31546487678572877,Annie Lennox,PL,21,m,UK,Female
387,10,0.2890648263178879,David Sylvian,PL,21,m,UK,Male
387,9,0.3010299956639812,Roberta Sá,PL,21,m,BR,Female
387,5,0.38685280723454163,George Harrison,PL,21,m,UK,Male
387,4,0.43067655807339306,Tarja,PL,21,m,FI,Female
387,3,0.5,Calvin Harris,PL,21,m,UK,Male
115,1,1.0,Weyes Blood,NL,39,m,US,Female
115,2,0.6309297535714575,Weyes Blood,NL,39,m,US,Female
115,3,0.5,Snail Mail,NL,39,m,US,Female
115,4,0.43067655807339306,Aldous Harding,NL,39,m,NZ,Female
115,5,0.38685280723454163,Jessica Pratt,NL,39,m,US,Female
115,6,0.3562071871080222,Emma Ruth Rundle,NL,39,m,US,Female
115,7,0.3333333333333333,Chelsea Wolfe,NL,39,m,US,Female
115,8,0.31546487678572877,Jessica Pratt,NL,39,m,US,Female
115,10,0.2890648263178879,Thom Yorke,NL,39,m,UK,Male
115,9,0.3010299956639812,Bat for Lashes,NL,39,m,UK,Female
523,1,1.0,Earl Sweatshirt,TR,21,m,US,Male
523,2,0.6309297535714575,Snail Mail,TR,21,m,US,Female
523,3,0.5,Apparat,TR,21,m,DE,Male
523,4,0.43067655807339306,Earl Sweatshirt,TR,21,m,US,Male
523,5,0.38685280723454163,Toro y Moi,TR,21,m,US,Male
523,6,0.3562071871080222,Janelle Monáe,TR,21,m,US,Non-binary
523,10,0.2890648263178879,James Blake,TR,21,m,UK,Male
523,9,0.3010299956639812,Tame Impala,TR,21,m,AU,Male
523,8,0.31546487678572877,James Blake,TR,21,m,UK,Male
523,7,0.3333333333333333,Tirzah,TR,21,m,UK,Female
720,1,1.0,Queen,UK,20,m,JP,Female
720,2,0.6309297535714575,Marilyn Manson,UK,20,m,US,Male
720,3,0.5,Marilyn Manson,UK,20,m,US,Male
720,4,0.43067655807339306,Ozzy Osbourne,UK,20,m,UK,Male
720,5,0.38685280723454163,Queen,UK,20,m,JP,Female
720,6,0.3562071871080222,Marilyn Manson,UK,20,m,US,Male
720,7,0.3333333333333333,Leonard Cohen,UK,20,m,CA,Male
720,8,0.31546487678572877,Leonard Cohen,UK,20,m,CA,Male
720,10,0.2890648263178879,Ozzy Osbourne,UK,20,m,UK,Male
720,9,0.3010299956639812,Ozzy Osbourne,UK,20,m,UK,Male
186,1,1.0,Weyes Blood,FR,33,m,US,Female
186,2,0.6309297535714575,Jessica Pratt,FR,33,m,US,Female
186,3,0.5,Weyes Blood,FR,33,m,US,Female
186,4,0.43067655807339306,Jessica Pratt,FR,33,m,US,Female
186,5,0.38685280723454163,Snail Mail,FR,33,m,US,Female
186,6,0.3562071871080222,Aldous Harding,FR,33,m,NZ,Female
186,10,0.2890648263178879,Thom Yorke,FR,33,m,UK,Male
186,9,0.3010299956639812,Jenny Hval,FR,33,m,NO,Female
186,8,0.31546487678572877,Cate le Bon,FR,33,m,UK,Female
186,7,0.3333333333333333,Arca,FR,33,m,VE,Non-binary
458,1,1.0,Thom Yorke,RU,52,m,UK,Male
458,2,0.6309297535714575,Chelsea Wolfe,RU,52,m,US,Female
458,3,0.5,Jessica Pratt,RU,52,m,US,Female
458,4,0.43067655807339306,Laura Marling,RU,52,m,UK,Female
458,5,0.38685280723454163,Tame Impala,RU,52,m,AU,Male
458,6,0.3562071871080222,Leonard Cohen,RU,52,m,CA,Male
458,7,0.3333333333333333,Weyes Blood,RU,52,m,US,Female
458,8,0.31546487678572877,Aldous Harding,RU,52,m,NZ,Female
458,10,0.2890648263178879,Tame Impala,RU,52,m,AU,Male
458,9,0.3010299956639812,Four Tet,RU,52,m,UK,Male
155,1,1.0,Britney Spears,RU,30,m,US,Female
155,2,0.6309297535714575,Eagle-Eye Cherry,RU,30,m,SE,Male
155,3,0.5,Avril Lavigne,RU,30,m,CA,Female
155,5,0.38685280723454163,Chris Isaak,RU,30,m,US,Male
155,8,0.31546487678572877,Bryan Adams,RU,30,m,CA,Male
155,10,0.2890648263178879,Jessie J,RU,30,m,UK,Female
155,9,0.3010299956639812,Sia,RU,30,m,AU,Female
155,7,0.3333333333333333,Adele,RU,30,m,UK,Female
155,6,0.3562071871080222,Rita Ora,RU,30,m,UK,Female
155,4,0.43067655807339306,Niall Horan,RU,30,m,IE,Male
869,1,1.0,Marilyn Manson,MK,24,m,US,Male
869,2,0.6309297535714575,Ariana Grande,MK,24,m,US,Female
869,3,0.5,Britney Spears,MK,24,m,US,Female
869,4,0.43067655807339306,Jessie J,MK,24,m,UK,Female
869,5,0.38685280723454163,Dennis Lloyd,MK,24,m,IL,Male
869,6,0.3562071871080222,Miley Cyrus,MK,24,m,US,Non-binary
869,7,0.3333333333333333,Norah Jones,MK,24,m,US,Female
869,9,0.3010299956639812,Lana Del Rey,MK,24,m,US,Female
869,10,0.2890648263178879,Avril Lavigne,MK,24,m,CA,Female
869,8,0.31546487678572877,Tom Odell,MK,24,m,UK,Male
372,1,1.0,Dido,SI,25,m,UK,Female
372,2,0.6309297535714575,Robyn,SI,25,m,SE,Female
372,3,0.5,Lorde,SI,25,m,NZ,Female
372,4,0.43067655807339306,Ariana Grande,SI,25,m,US,Female
372,5,0.38685280723454163,Lana Del Rey,SI,25,m,US,Female
372,6,0.3562071871080222,Weyes Blood,SI,25,m,US,Female
372,8,0.31546487678572877,Kylie Minogue,SI,25,m,AU,Female
372,9,0.3010299956639812,Ariana Grande,SI,25,m,US,Female
372,10,0.2890648263178879,James Blake,SI,25,m,UK,Male
372,7,0.3333333333333333,James Blake,SI,25,m,UK,Male
234,1,1.0,Beck,AU,30,m,DK,Male
234,2,0.6309297535714575,Carpenter Brut,AU,30,m,FR,Male
234,3,0.5,Red,AU,30,m,PL,Male
234,4,0.43067655807339306,Carpenter Brut,AU,30,m,FR,Male
234,5,0.38685280723454163,Aldous Harding,AU,30,m,NZ,Female
234,8,0.31546487678572877,Björk,AU,30,m,IS,Female
234,9,0.3010299956639812,Vitalic,AU,30,m,FR,Male
234,10,0.2890648263178879,Daniel Avery,AU,30,m,UK,Male
234,7,0.3333333333333333,Tame Impala,AU,30,m,AU,Male
234,6,0.3562071871080222,James Blake,AU,30,m,UK,Male
522,1,1.0,Gal Costa,BR,24,m,BR,Female
522,2,0.6309297535714575,Chico Buarque,BR,24,m,BR,Male
522,3,0.5,Sérgio Sampaio,BR,24,m,BR,Male
522,4,0.43067655807339306,Oswaldo Montenegro,BR,24,m,BR,Male
522,5,0.38685280723454163,Cartola,BR,24,m,BR,Male
522,6,0.3562071871080222,Caetano Veloso,BR,24,m,BR,Male
522,7,0.3333333333333333,Beto Guedes,BR,24,m,BR,Male
522,8,0.31546487678572877,Chico Buarque,BR,24,m,BR,Male
522,9,0.3010299956639812,Adriana Calcanhotto,BR,24,m,BR,Female
522,10,0.2890648263178879,Belchior,BR,24,m,BR,Male
866,1,1.0,Ihsahn,BR,19,m,NO,Male
866,2,0.6309297535714575,Willie Nelson,BR,19,m,US,Male
866,3,0.5,AFI,BR,19,m,US,Female
866,4,0.43067655807339306,Vitalic,BR,19,m,FR,Male
866,6,0.3562071871080222,Billy Idol,BR,19,m,UK,Male
866,8,0.31546487678572877,Mayhem,BR,19,m,CA,Female
866,9,0.3010299956639812,Tame Impala,BR,19,m,AU,Male
866,10,0.2890648263178879,Barrington Levy,BR,19,m,JM,Male
866,7,0.3333333333333333,Vitalic,BR,19,m,FR,Male
866,5,0.38685280723454163,Liam Gallagher,BR,19,m,UK,Male
614,1,1.0,Sufjan Stevens,NL,17,f,US,Male
614,2,0.6309297535714575,M. Ward,NL,17,f,US,Male
614,3,0.5,Frank Ocean,NL,17,f,US,Male
614,4,0.43067655807339306,Sufjan Stevens,NL,17,f,US,Male
614,5,0.38685280723454163,Kurt Vile,NL,17,f,US,Male
614,6,0.3562071871080222,Frank Ocean,NL,17,f,US,Male
614,8,0.31546487678572877,Snail Mail,NL,17,f,US,Female
614,10,0.2890648263178879,Flume,NL,17,f,AU,Male
614,9,0.3010299956639812,Four Tet,NL,17,f,UK,Male
614,7,0.3333333333333333,Mahmood,NL,17,f,IT,Male
631,1,1.0,Ariana Grande,PL,21,m,US,Female
631,2,0.6309297535714575,Britney Spears,PL,21,m,US,Female
631,3,0.5,Britney Spears,PL,21,m,US,Female
631,4,0.43067655807339306,Britney Spears,PL,21,m,US,Female
631,5,0.38685280723454163,Ariana Grande,PL,21,m,US,Female
631,10,0.2890648263178879,Jessie J,PL,21,m,UK,Female
631,9,0.3010299956639812,Ella Henderson,PL,21,m,UK,Female
631,8,0.31546487678572877,Rihanna,PL,21,m,UK,Female
631,7,0.3333333333333333,Niall Horan,PL,21,m,IE,Male
631,6,0.3562071871080222,Troye Sivan,PL,21,m,AU,Male
293,1,1.0,Rush,FI,30,m,US,Male
293,2,0.6309297535714575,Rush,FI,30,m,US,Male
293,3,0.5,Rush,FI,30,m,US,Male
293,4,0.43067655807339306,Rush,FI,30,m,US,Male
293,5,0.38685280723454163,Rush,FI,30,m,US,Male
293,6,0.3562071871080222,Rush,FI,30,m,US,Male
293,7,0.3333333333333333,Rush,FI,30,m,US,Male
293,8,0.31546487678572877,Bryan Adams,FI,30,m,CA,Male
293,9,0.3010299956639812,Jorge Ben,FI,30,m,BR,Male
293,10,0.2890648263178879,Manu Chao,FI,30,m,FR,Male
666,1,1.0,Emperor,DK,38,m,UK,Male
666,2,0.6309297535714575,The Kinks,DK,38,m,US,Male
666,3,0.5,Nile,DK,38,m,US,Female
666,4,0.43067655807339306,Queen,DK,38,m,JP,Female
666,5,0.38685280723454163,Emperor,DK,38,m,UK,Male
666,7,0.3333333333333333,KT Tunstall,DK,38,m,UK,Female
666,10,0.2890648263178879,Paul McCartney,DK,38,m,UK,Male
666,9,0.3010299956639812,KT Tunstall,DK,38,m,UK,Female
666,8,0.31546487678572877,Emperor,DK,38,m,UK,Male
666,6,0.3562071871080222,KT Tunstall,DK,38,m,UK,Female
178,1,1.0,Carpenter Brut,ES,29,m,FR,Male
178,2,0.6309297535714575,Marilyn Manson,ES,29,m,US,Male
178,4,0.43067655807339306,Queen,ES,29,m,JP,Female
178,6,0.3562071871080222,Alanis Morissette,ES,29,m,CA,Female
178,7,0.3333333333333333,Tarja,ES,29,m,FI,Female
178,8,0.31546487678572877,Paul Oakenfold,ES,29,m,UK,Male
178,10,0.2890648263178879,Perturbator,ES,29,m,FR,Male
178,9,0.3010299956639812,Peter Murphy,ES,29,m,UK,Male
178,5,0.38685280723454163,Carpenter Brut,ES,29,m,FR,Male
178,3,0.5,Mika,ES,29,m,BA,Male
