user_id,rank,exposure,artist,user_country,user_age,user_gender,artist_country,artist_gender
1,1,1.0,Grimes,UK,29,m,CA,Female
1,2,0.6309297535714575,John Maus,UK,29,m,US,Male
1,3,0.5,Queen,UK,29,m,JP,Female
1,4,0.43067655807339306,Weyes Blood,UK,29,m,US,Female
1,5,0.38685280723454163,Kurt Vile,UK,29,m,US,Male
1,6,0.3562071871080222,Grimes,UK,29,m,CA,Female
1,7,0.3333333333333333,Apparat,UK,29,m,DE,Male
1,8,0.31546487678572877,Kanye West,UK,29,m,US,Male
1,9,0.3010299956639812,Lily Allen,UK,29,m,UK,Female
1,10,0.2890648263178879,Weyes Blood,UK,29,m,US,Female
2,1,1.0,Grimes,US,29,f,CA,Female
2,2,0.6309297535714575,Kanye West,US,29,f,US,Male
2,3,0.5,Sia,US,29,f,AU,Female
2,4,0.43067655807339306,RuPaul,US,29,f,US,Female
2,5,0.38685280723454163,Avril Lavigne,US,29,f,CA,Female
2,6,0.3562071871080222,John Maus,US,29,f,US,Male
2,7,0.3333333333333333,Jennifer Lopez,US,29,f,US,Female
2,8,0.31546487678572877,Lily Allen,US,29,f,UK,Female
2,9,0.3010299956639812,Lisa Miskovsky,US,29,f,SE,Female
2,10,0.2890648263178879,Apparat,US,29,f,DE,Male
3,1,1.0,Elvis Presley,CH,27,m,US,Male
3,2,0.6309297535714575,Adele,CH,27,m,UK,Female
3,3,0.5,Madonna,CH,27,m,US,Female
3,4,0.43067655807339306,Ariana Grande,CH,27,m,US,Female
3,5,0.38685280723454163,Seal,CH,27,m,UK,Male
3,6,0.3562071871080222,Ed Sheeran,CH,27,m,UK,Male
3,7,0.3333333333333333,Billy Joel,CH,27,m,US,Male
3,8,0.31546487678572877,Carpenter Brut,CH,27,m,FR,Male
3,9,0.3010299956639812,Bob Marley & The Wailers,CH,27,m,JM,Male
3,10,0.2890648263178879,Ozzy Osbourne,CH,27,m,UK,Male
4,1,1.0,Tove Lo,UK,32,m,SE,Female
4,2,0.6309297535714575,Kygo,UK,32,m,NO,Male
4,3,0.5,Ariana Grande,UK,32,m,US,Female
4,4,0.43067655807339306,Ed Sheeran,UK,32,m,UK,Male
4,5,0.38685280723454163,Jess Glynne,UK,32,m,UK,Female
4,6,0.3562071871080222,Charles Bolt,UK,32,m,US,Male
4,7,0.3333333333333333,Twin Shadow,UK,32,m,US,Male
4,8,0.31546487678572877,Toro y Moi,UK,32,m,US,Male
4,9,0.3010299956639812,Dennis Lloyd,UK,32,m,IL,Male
4,10,0.2890648263178879,Dimension,UK,32,m,ES,Male
5,1,1.0,Oneohtrix Point Never,SE,28,m,US,Male
5,2,0.6309297535714575,Chelsea Wolfe,SE,28,m,US,Female
5,3,0.5,Arca,SE,28,m,VE,Non-binary
5,4,0.43067655807339306,PJ Harvey,SE,28,m,UK,Female
5,5,0.38685280723454163,Devendra Banhart,SE,28,m,US,Male
5,6,0.3562071871080222,Marilyn Manson,SE,28,m,US,Male
5,7,0.3333333333333333,Lana Del Rey,SE,28,m,US,Female
5,8,0.31546487678572877,Paula Abdul,SE,28,m,US,Female
5,9,0.3010299956639812,Rita Ora,SE,28,m,UK,Female
5,10,0.2890648263178879,Rush,SE,28,m,US,Male
6,1,1.0,Joe Goddard,US,33,m,UK,Male
6,2,0.6309297535714575,Elliott Smith,US,33,m,US,Male
6,3,0.5,Gregory Alan Isakov,US,33,m,US,Male
6,4,0.43067655807339306,Dennis Lloyd,US,33,m,IL,Male
6,5,0.38685280723454163,Lana Del Rey,US,33,m,US,Female
6,6,0.3562071871080222,Toro y Moi,US,33,m,US,Male
6,7,0.3333333333333333,Britney Spears,US,33,m,US,Female
6,8,0.31546487678572877,Twin Shadow,US,33,m,US,Male
6,9,0.3010299956639812,Christina Aguilera,US,33,m,US,Female
6,10,0.2890648263178879,Rihanna,US,33,m,UK,Female
7,1,1.0,George Ezra,AU,37,m,UK,Male
7,2,0.6309297535714575,Marilyn Manson,AU,37,m,US,Male
7,3,0.5,Queen,AU,37,m,JP,Female
7,4,0.43067655807339306,Sia,AU,37,m,AU,Female
7,5,0.38685280723454163,Ariana Grande,AU,37,m,US,Female
7,6,0.3562071871080222,Taylor Swift,AU,37,m,US,Female
7,7,0.3333333333333333,Bob Marley & The Wailers,AU,37,m,JM,Male
7,8,0.31546487678572877,Jessie J,AU,37,m,UK,Female
7,9,0.3010299956639812,Adele,AU,37,m,UK,Female
7,10,0.2890648263178879,Chelsea Wolfe,AU,37,m,US,Female
8,1,1.0,Jess Glynne,AU,26,m,UK,Female
8,2,0.6309297535714575,Queen,AU,26,m,JP,Female
8,3,0.5,Dennis Lloyd,AU,26,m,IL,Male
8,4,0.43067655807339306,Chelsea Wolfe,AU,26,m,US,Female
8,5,0.38685280723454163,Frank Ocean,AU,26,m,US,Male
8,6,0.3562071871080222,Camila Cabello,AU,26,m,US,Female
8,7,0.3333333333333333,Niall Horan,AU,26,m,IE,Male
8,8,0.31546487678572877,Charles Bolt,AU,26,m,US,Male
8,9,0.3010299956639812,Iggy Azalea,AU,26,m,US,Female
8,10,0.2890648263178879,Kylie Minogue,AU,26,m,AU,Female
9,1,1.0,Apparat,FI,30,m,DE,Male
9,2,0.6309297535714575,Kurt Vile,FI,30,m,US,Male
9,3,0.5,Kanye West,FI,30,m,US,Male
9,4,0.43067655807339306,Sia,FI,30,m,AU,Female
9,5,0.38685280723454163,Grimes,FI,30,m,CA,Female
9,6,0.3562071871080222,Weyes Blood,FI,30,m,US,Female
9,7,0.3333333333333333,Frank Ocean,FI,30,m,US,Male
9,8,0.31546487678572877,Lisa Miskovsky,FI,30,m,SE,Female
9,9,0.3010299956639812,Avril Lavigne,FI,30,m,CA,Female
9,10,0.2890648263178879,Jennifer Lopez,FI,30,m,US,Female
11,1,1.0,Ed Sheeran,FI,26,m,UK,Male
11,2,0.6309297535714575,Tove Lo,FI,26,m,SE,Female
11,3,0.5,Ariana Grande,FI,26,m,US,Female
11,4,0.43067655807339306,Kygo,FI,26,m,NO,Male
11,5,0.38685280723454163,Twin Shadow,FI,26,m,US,Male
11,6,0.3562071871080222,Ed Sheeran,FI,26,m,UK,Male
11,7,0.3333333333333333,Toro y Moi,FI,26,m,US,Male
11,8,0.31546487678572877,Jess Glynne,FI,26,m,UK,Female
11,9,0.3010299956639812,IAMX,FI,26,m,DE,Male
11,10,0.2890648263178879,Charles Bolt,FI,26,m,US,Male
12,1,1.0,Queen,NO,27,f,JP,Female
12,2,0.6309297535714575,Toro y Moi,NO,27,f,US,Male
12,3,0.5,Twin Shadow,NO,27,f,US,Male
12,4,0.43067655807339306,Dido,NO,27,f,UK,Female
12,5,0.38685280723454163,IAMX,NO,27,f,DE,Male
12,6,0.3562071871080222,Beyoncé,NO,27,f,US,Female
12,7,0.3333333333333333,Moby,NO,27,f,US,Male
12,8,0.31546487678572877,Tame Impala,NO,27,f,AU,Male
12,9,0.3010299956639812,Gregory Alan Isakov,NO,27,f,US,Male
12,10,0.2890648263178879,AFI,NO,27,f,US,Female
14,1,1.0,Chelsea Wolfe,US,32,m,US,Female
14,2,0.6309297535714575,PJ Harvey,US,32,m,UK,Female
14,3,0.5,Damien Jurado,US,32,m,US,Male
14,4,0.43067655807339306,Billy Joel,US,32,m,US,Male
14,5,0.38685280723454163,Sharon Van Etten,US,32,m,US,Female
14,6,0.3562071871080222,Carpenter Brut,US,32,m,FR,Male
14,7,0.3333333333333333,PJ Harvey,US,32,m,UK,Female
14,8,0.31546487678572877,Bat for Lashes,US,32,m,UK,Female
14,9,0.3010299956639812,Mac DeMarco,US,32,m,CA,Male
14,10,0.2890648263178879,Kanye West,US,32,m,US,Male
15,1,1.0,Ozzy Osbourne,FI,27,m,UK,Male
15,2,0.6309297535714575,Justin Timberlake,FI,27,m,US,Male
15,3,0.5,Britney Spears,FI,27,m,US,Female
15,4,0.43067655807339306,Sharon Van Etten,FI,27,m,US,Female
15,5,0.38685280723454163,Marilyn Manson,FI,27,m,US,Male
15,6,0.3562071871080222,Paula Abdul,FI,27,m,US,Female
15,7,0.3333333333333333,Rush,FI,27,m,US,Male
15,8,0.31546487678572877,Rita Ora,FI,27,m,UK,Female
15,9,0.3010299956639812,Michael Jackson,FI,27,m,US,Male
15,10,0.2890648263178879,Lorde,FI,27,m,NZ,Female
16,1,1.0,Weyes Blood,NL,25,m,US,Female
16,2,0.6309297535714575,Elliott Smith,NL,25,m,US,Male
16,3,0.5,Jess Glynne,NL,25,m,UK,Female
16,4,0.43067655807339306,Twin Shadow,NL,25,m,US,Male
16,5,0.38685280723454163,Toro y Moi,NL,25,m,US,Male
16,6,0.3562071871080222,Mayhem,NL,25,m,CA,Female
16,7,0.3333333333333333,Moby,NL,25,m,US,Male
16,8,0.31546487678572877,AFI,NL,25,m,US,Female
16,9,0.3010299956639812,YOB,NL,25,m,UK,Male
16,10,0.2890648263178879,Dido,NL,25,m,UK,Female
17,1,1.0,Chelsea Wolfe,SE,25,f,US,Female
17,2,0.6309297535714575,Ozzy Osbourne,SE,25,f,UK,Male
17,3,0.5,PJ Harvey,SE,25,f,UK,Female
17,4,0.43067655807339306,Justin Timberlake,SE,25,f,US,Male
17,5,0.38685280723454163,Devendra Banhart,SE,25,f,US,Male
17,6,0.3562071871080222,Britney Spears,SE,25,f,US,Female
17,7,0.3333333333333333,Lana Del Rey,SE,25,f,US,Female
17,8,0.31546487678572877,Marilyn Manson,SE,25,f,US,Male
17,9,0.3010299956639812,Paula Abdul,SE,25,f,US,Female
17,10,0.2890648263178879,Rush,SE,25,f,US,Male
18,1,1.0,Ed Sheeran,PL,29,m,UK,Male
18,2,0.6309297535714575,Kygo,PL,29,m,NO,Male
18,3,0.5,Twin Shadow,PL,29,m,US,Male
18,4,0.43067655807339306,Toro y Moi,PL,29,m,US,Male
18,5,0.38685280723454163,Ed Sheeran,PL,29,m,UK,Male
18,6,0.3562071871080222,Charles Bolt,PL,29,m,US,Male
18,7,0.3333333333333333,Jess Glynne,PL,29,m,UK,Female
18,8,0.31546487678572877,IAMX,PL,29,m,DE,Male
18,9,0.3010299956639812,Tame Impala,PL,29,m,AU,Male
18,10,0.2890648263178879,Dido,PL,29,m,UK,Female
19,1,1.0,Bob Marley & The Wailers,SE,26,m,JM,Male
19,2,0.6309297535714575,Kurt Vile,SE,26,m,US,Male
19,3,0.5,Ozzy Osbourne,SE,26,m,UK,Male
19,4,0.43067655807339306,Jay Reatard,SE,26,m,US,Male
19,5,0.38685280723454163,Justin Timberlake,SE,26,m,US,Male
19,6,0.3562071871080222,Leonard Cohen,SE,26,m,CA,Male
19,7,0.3333333333333333,Britney Spears,SE,26,m,US,Female
19,8,0.31546487678572877,Lana Del Rey,SE,26,m,US,Female
19,9,0.3010299956639812,Queen,SE,26,m,JP,Female
19,10,0.2890648263178879,Angel Olsen,SE,26,m,US,Female
20,1,1.0,Justin Timberlake,US,40,m,US,Male
20,2,0.6309297535714575,Lana Del Rey,US,40,m,US,Female
20,3,0.5,Britney Spears,US,40,m,US,Female
20,4,0.43067655807339306,Marilyn Manson,US,40,m,US,Male
20,5,0.38685280723454163,Leonard Cohen,US,40,m,CA,Male
20,6,0.3562071871080222,Paula Abdul,US,40,m,US,Female
20,7,0.3333333333333333,Angel Olsen,US,40,m,US,Female
20,8,0.31546487678572877,Kurt Vile,US,40,m,US,Male
20,9,0.3010299956639812,Marissa Nadler,US,40,m,US,Female
20,10,0.2890648263178879,Rush,US,40,m,US,Male
21,1,1.0,Michael Jackson,UK,46,m,US,Male
21,2,0.6309297535714575,Rihanna,UK,46,m,UK,Female
21,3,0.5,Nicki Minaj,UK,46,m,US,Female
21,4,0.43067655807339306,Britney Spears,UK,46,m,US,Female
21,5,0.38685280723454163,James Arthur,UK,46,m,UK,Male
21,6,0.3562071871080222,John Maus,UK,46,m,US,Male
21,7,0.3333333333333333,RuPaul,UK,46,m,US,Female
21,8,0.31546487678572877,Apparat,UK,46,m,DE,Male
21,9,0.3010299956639812,Rod Stewart,UK,46,m,UK,Male
21,10,0.2890648263178879,Moby,UK,46,m,US,Male
22,1,1.0,Jennifer Paige,AU,29,f,US,Female
22,2,0.6309297535714575,Queen,AU,29,f,JP,Female
22,3,0.5,Chelsea Wolfe,AU,29,f,US,Female
22,4,0.43067655807339306,Tove Lo,AU,29,f,SE,Female
22,5,0.38685280723454163,Ariana Grande,AU,29,f,US,Female
22,6,0.3562071871080222,Ed Sheeran,AU,29,f,UK,Male
22,7,0.3333333333333333,Kygo,AU,29,f,NO,Male
22,8,0.31546487678572877,Jess Glynne,AU,29,f,UK,Female
22,9,0.3010299956639812,Charles Bolt,AU,29,f,US,Male
22,10,0.2890648263178879,Ed Sheeran,AU,29,f,UK,Male
23,1,1.0,PJ Harvey,UK,33,m,UK,Female
23,2,0.6309297535714575,Damien Jurado,UK,33,m,US,Male
23,3,0.5,Marilyn Manson,UK,33,m,US,Male
23,4,0.43067655807339306,PJ Harvey,UK,33,m,UK,Female
23,5,0.38685280723454163,Jessie J,UK,33,m,UK,Female
23,6,0.3562071871080222,Oneohtrix Point Never,UK,33,m,US,Male
23,7,0.3333333333333333,Kanye West,UK,33,m,US,Male
23,8,0.31546487678572877,Sharon Van Etten,UK,33,m,US,Female
23,9,0.3010299956639812,Mac DeMarco,UK,33,m,CA,Male
23,10,0.2890648263178879,Bob Marley & The Wailers,UK,33,m,JM,Male
24,1,1.0,Kygo,US,27,m,NO,Male
24,2,0.6309297535714575,Jess Glynne,US,27,m,UK,Female
24,3,0.5,Ed Sheeran,US,27,m,UK,Male
24,4,0.43067655807339306,Ry x,US,27,m,AU,Male
24,5,0.38685280723454163,Charles Bolt,US,27,m,US,Male
24,6,0.3562071871080222,Dido,US,27,m,UK,Female
24,7,0.3333333333333333,Christina Aguilera,US,27,m,US,Female
24,8,0.31546487678572877,Weyes Blood,US,27,m,US,Female
24,9,0.3010299956639812,Joe Goddard,US,27,m,UK,Male
24,10,0.2890648263178879,Dennis Lloyd,US,27,m,IL,Male
25,1,1.0,Ed Sheeran,US,31,m,UK,Male
25,2,0.6309297535714575,Chelsea Wolfe,US,31,m,US,Female
25,3,0.5,Ed Sheeran,US,31,m,UK,Male
25,4,0.43067655807339306,Elliott Smith,US,31,m,US,Male
25,5,0.38685280723454163,Jess Glynne,US,31,m,UK,Female
25,6,0.3562071871080222,Toro y Moi,US,31,m,US,Male
25,7,0.3333333333333333,Charles Bolt,US,31,m,US,Male
25,8,0.31546487678572877,Twin Shadow,US,31,m,US,Male
25,9,0.3010299956639812,Dido,US,31,m,UK,Female
25,10,0.2890648263178879,Christina Aguilera,US,31,m,US,Female
26,1,1.0,Britney Spears,AT,28,m,US,Female
26,2,0.6309297535714575,YOB,AT,28,m,UK,Male
26,3,0.5,Beyoncé,AT,28,m,US,Female
26,4,0.43067655807339306,Lana Del Rey,AT,28,m,US,Female
26,5,0.38685280723454163,Toro y Moi,AT,28,m,US,Male
26,6,0.3562071871080222,Celldweller,AT,28,m,US,Male
26,7,0.3333333333333333,Celldweller,AT,28,m,US,Male
26,8,0.31546487678572877,Christina Aguilera,AT,28,m,US,Female
26,9,0.3010299956639812,Twin Shadow,AT,28,m,US,Male
26,10,0.2890648263178879,Armin van Buuren,AT,28,m,NL,Male
27,1,1.0,Frank Ocean,BY,32,m,US,Male
27,2,0.6309297535714575,John Maus,BY,32,m,US,Male
27,3,0.5,Tove Lo,BY,32,m,SE,Female
27,4,0.43067655807339306,Ed Sheeran,BY,32,m,UK,Male
27,5,0.38685280723454163,Ariana Grande,BY,32,m,US,Female
27,6,0.3562071871080222,Kygo,BY,32,m,NO,Male
27,7,0.3333333333333333,Ry x,BY,32,m,AU,Male
27,8,0.31546487678572877,Ed Sheeran,BY,32,m,UK,Male
27,9,0.3010299956639812,Jess Glynne,BY,32,m,UK,Female
27,10,0.2890648263178879,Weyes Blood,BY,32,m,US,Female
28,1,1.0,Grimes,FI,26,m,CA,Female
28,2,0.6309297535714575,Kanye West,FI,26,m,US,Male
28,3,0.5,Avril Lavigne,FI,26,m,CA,Female
28,4,0.43067655807339306,Frank Ocean,FI,26,m,US,Male
28,5,0.38685280723454163,Lily Allen,FI,26,m,UK,Female
28,6,0.3562071871080222,John Maus,FI,26,m,US,Male
28,7,0.3333333333333333,Queen,FI,26,m,JP,Female
28,8,0.31546487678572877,Katy Perry,FI,26,m,US,Female
28,9,0.3010299956639812,Chelsea Wolfe,FI,26,m,US,Female
28,10,0.2890648263178879,Jennifer Paige,FI,26,m,US,Female
29,1,1.0,Tove Lo,US,25,m,SE,Female
29,2,0.6309297535714575,Kygo,US,25,m,NO,Male
29,3,0.5,Ariana Grande,US,25,m,US,Female
29,4,0.43067655807339306,Charles Bolt,US,25,m,US,Male
29,5,0.38685280723454163,Jess Glynne,US,25,m,UK,Female
29,6,0.3562071871080222,IAMX,US,25,m,DE,Male
29,7,0.3333333333333333,AFI,US,25,m,US,Female
29,8,0.31546487678572877,Elliott Smith,US,25,m,US,Male
29,9,0.3010299956639812,Dimension,US,25,m,ES,Male
29,10,0.2890648263178879,Moby,US,25,m,US,Male
30,1,1.0,Kanye West,US,39,f,US,Male
30,2,0.6309297535714575,Elvis Presley,US,39,f,US,Male
30,3,0.5,Madonna,US,39,f,US,Female
30,4,0.43067655807339306,Ariana Grande,US,39,f,US,Female
30,5,0.38685280723454163,Chelsea Wolfe,US,39,f,US,Female
30,6,0.3562071871080222,Wild Nothing,US,39,f,US,Male
30,7,0.3333333333333333,Seal,US,39,f,UK,Male
30,8,0.31546487678572877,Angel Olsen,US,39,f,US,Female
30,9,0.3010299956639812,Jay Reatard,US,39,f,US,Male
30,10,0.2890648263178879,Marissa Nadler,US,39,f,US,Female
31,1,1.0,Mac DeMarco,US,25,m,CA,Male
31,2,0.6309297535714575,Britney Spears,US,25,m,US,Female
31,3,0.5,Bat for Lashes,US,25,m,UK,Female
31,4,0.43067655807339306,Paula Abdul,US,25,m,US,Female
31,5,0.38685280723454163,Emma Ruth Rundle,US,25,m,US,Female
31,6,0.3562071871080222,Kanye West,US,25,m,US,Male
31,7,0.3333333333333333,Travis Scott,US,25,m,US,Male
31,8,0.31546487678572877,Mitski,US,25,m,US,Female
31,9,0.3010299956639812,Rush,US,25,m,US,Male
31,10,0.2890648263178879,Kurt Vile,US,25,m,US,Male
32,1,1.0,Ariana Grande,BE,37,m,US,Female
32,2,0.6309297535714575,Ed Sheeran,BE,37,m,UK,Male
32,3,0.5,Elliott Smith,BE,37,m,US,Male
32,4,0.43067655807339306,Kygo,BE,37,m,NO,Male
32,5,0.38685280723454163,Twin Shadow,BE,37,m,US,Male
32,6,0.3562071871080222,Toro y Moi,BE,37,m,US,Male
32,7,0.3333333333333333,Ed Sheeran,BE,37,m,UK,Male
32,8,0.31546487678572877,Jess Glynne,BE,37,m,UK,Female
32,9,0.3010299956639812,Charles Bolt,BE,37,m,US,Male
32,10,0.2890648263178879,IAMX,BE,37,m,DE,Male
33,1,1.0,Grimes,NO,34,m,CA,Female
33,2,0.6309297535714575,Ariana Grande,NO,34,m,US,Female
33,3,0.5,Weyes Blood,NO,34,m,US,Female
33,4,0.43067655807339306,Frank Ocean,NO,34,m,US,Male
33,5,0.38685280723454163,John Maus,NO,34,m,US,Male
33,6,0.3562071871080222,AFI,NO,34,m,US,Female
33,7,0.3333333333333333,Little Richard,NO,34,m,US,Male
33,8,0.31546487678572877,Ry x,NO,34,m,AU,Male
33,9,0.3010299956639812,Britney Spears,NO,34,m,US,Female
33,10,0.2890648263178879,Weyes Blood,NO,34,m,US,Female
34,1,1.0,Panda Bear,UK,28,m,US,Male
34,2,0.6309297535714575,Taylor McFerrin,UK,28,m,US,Male
34,3,0.5,Dean Blunt,UK,28,m,UK,Male
34,4,0.43067655807339306,Panda Bear,UK,28,m,US,Male
34,5,0.38685280723454163,Arca,UK,28,m,VE,Non-binary
34,6,0.3562071871080222,Bill Callahan,UK,28,m,US,Male
34,7,0.3333333333333333,Sharon Van Etten,UK,28,m,US,Female
34,8,0.31546487678572877,John Maus,UK,28,m,US,Male
34,9,0.3010299956639812,Grouper,UK,28,m,US,Female
34,10,0.2890648263178879,Laura Marling,UK,28,m,UK,Female
35,1,1.0,Lily Allen,RU,27,m,UK,Female
35,2,0.6309297535714575,Queen,RU,27,m,JP,Female
35,3,0.5,Jennifer Paige,RU,27,m,US,Female
35,4,0.43067655807339306,Chelsea Wolfe,RU,27,m,US,Female
35,5,0.38685280723454163,Louis Tomlinson,RU,27,m,UK,Male
35,6,0.3562071871080222,Ed Sheeran,RU,27,m,UK,Male
35,7,0.3333333333333333,Tove Lo,RU,27,m,SE,Female
35,8,0.31546487678572877,Ariana Grande,RU,27,m,US,Female
35,9,0.3010299956639812,Leonard Cohen,RU,27,m,CA,Male
35,10,0.2890648263178879,Sufjan Stevens,RU,27,m,US,Male
36,1,1.0,Frank Ocean,US,37,m,US,Male
36,2,0.6309297535714575,John Maus,US,37,m,US,Male
36,3,0.5,IAMX,US,37,m,DE,Male
36,4,0.43067655807339306,Moby,US,37,m,US,Male
36,5,0.38685280723454163,Dimension,US,37,m,ES,Male
36,6,0.3562071871080222,AFI,US,37,m,US,Female
36,7,0.3333333333333333,Taylor Swift,US,37,m,US,Female
36,8,0.31546487678572877,Madonna,US,37,m,US,Female
36,9,0.3010299956639812,Lana Del Rey,US,37,m,US,Female
36,10,0.2890648263178879,Pedro Sampaio,US,37,m,BR,Male
37,1,1.0,Queen,US,32,f,JP,Female
37,2,0.6309297535714575,Ed Sheeran,US,32,f,UK,Male
37,3,0.5,Ed Sheeran,US,32,f,UK,Male
37,4,0.43067655807339306,Ellie Goulding,US,32,f,UK,Female
37,5,0.38685280723454163,Taylor Swift,US,32,f,US,Female
37,6,0.3562071871080222,Chelsea Wolfe,US,32,f,US,Female
37,7,0.3333333333333333,Grimes,US,32,f,CA,Female
37,8,0.31546487678572877,Mariah Carey,US,32,f,US,Female
37,9,0.3010299956639812,Britney Spears,US,32,f,US,Female
37,10,0.2890648263178879,Madonna,US,32,f,US,Female
38,1,1.0,Queen,BR,25,m,JP,Female
38,2,0.6309297535714575,John Maus,BR,25,m,US,Male
38,3,0.5,Chelsea Wolfe,BR,25,m,US,Female
38,4,0.43067655807339306,Charles Bolt,BR,25,m,US,Male
38,5,0.38685280723454163,Weyes Blood,BR,25,m,US,Female
38,6,0.3562071871080222,Ry x,BR,25,m,AU,Male
38,7,0.3333333333333333,Joe Goddard,BR,25,m,UK,Male
38,8,0.31546487678572877,Elliott Smith,BR,25,m,US,Male
38,9,0.3010299956639812,Toro y Moi,BR,25,m,US,Male
38,10,0.2890648263178879,Kelly Clarkson,BR,25,m,US,Female
39,1,1.0,Billy Joel,US,27,m,US,Male
39,2,0.6309297535714575,Carpenter Brut,US,27,m,FR,Male
39,3,0.5,Ozzy Osbourne,US,27,m,UK,Male
39,4,0.43067655807339306,Queen,US,27,m,JP,Female
39,5,0.38685280723454163,Justin Timberlake,US,27,m,US,Male
39,6,0.3562071871080222,Emma Ruth Rundle,US,27,m,US,Female
39,7,0.3333333333333333,PJ Harvey,US,27,m,UK,Female
39,8,0.31546487678572877,Lana Del Rey,US,27,m,US,Female
39,9,0.3010299956639812,James Blake,US,27,m,UK,Male
39,10,0.2890648263178879,Danny Brown,US,27,m,US,Male
40,1,1.0,Louis Tomlinson,RU,34,m,UK,Male
40,2,0.6309297535714575,Queen,RU,34,m,JP,Female
40,3,0.5,Tove Lo,RU,34,m,SE,Female
40,4,0.43067655807339306,Chelsea Wolfe,RU,34,m,US,Female
40,5,0.38685280723454163,Ariana Grande,RU,34,m,US,Female
40,6,0.3562071871080222,Ed Sheeran,RU,34,m,UK,Male
40,7,0.3333333333333333,Kygo,RU,34,m,NO,Male
40,8,0.31546487678572877,Twin Shadow,RU,34,m,US,Male
40,9,0.3010299956639812,Ed Sheeran,RU,34,m,UK,Male
40,10,0.2890648263178879,Jess Glynne,RU,34,m,UK,Female
41,1,1.0,Oneohtrix Point Never,US,26,f,US,Male
41,2,0.6309297535714575,Chelsea Wolfe,US,26,f,US,Female
41,3,0.5,Arca,US,26,f,VE,Non-binary
41,4,0.43067655807339306,Ozzy Osbourne,US,26,f,UK,Male
41,5,0.38685280723454163,PJ Harvey,US,26,f,UK,Female
41,6,0.3562071871080222,Devendra Banhart,US,26,f,US,Male
41,7,0.3333333333333333,Marilyn Manson,US,26,f,US,Male
41,8,0.31546487678572877,Lana Del Rey,US,26,f,US,Female
41,9,0.3010299956639812,Paula Abdul,US,26,f,US,Female
41,10,0.2890648263178879,Kanye West,US,26,f,US,Male
42,1,1.0,Jennifer Paige,SK,24,m,US,Female
42,2,0.6309297535714575,Tove Lo,SK,24,m,SE,Female
42,3,0.5,Pional,SK,24,m,ES,Male
42,4,0.43067655807339306,Leonard Cohen,SK,24,m,CA,Male
42,5,0.38685280723454163,Ariana Grande,SK,24,m,US,Female
42,6,0.3562071871080222,Perfume Genius,SK,24,m,US,Male
42,7,0.3333333333333333,Jessica Pratt,SK,24,m,US,Female
42,8,0.31546487678572877,Ed Sheeran,SK,24,m,UK,Male
42,9,0.3010299956639812,Kygo,SK,24,m,NO,Male
42,10,0.2890648263178879,IAMX,SK,24,m,DE,Male
43,1,1.0,Queen,US,25,m,JP,Female
43,2,0.6309297535714575,Ry x,US,25,m,AU,Male
43,3,0.5,Weyes Blood,US,25,m,US,Female
43,4,0.43067655807339306,Ariana Grande,US,25,m,US,Female
43,5,0.38685280723454163,Joe Goddard,US,25,m,UK,Male
43,6,0.3562071871080222,Kygo,US,25,m,NO,Male
43,7,0.3333333333333333,Ed Sheeran,US,25,m,UK,Male
43,8,0.31546487678572877,Elliott Smith,US,25,m,US,Male
43,9,0.3010299956639812,Twin Shadow,US,25,m,US,Male
43,10,0.2890648263178879,Jess Glynne,US,25,m,UK,Female
44,1,1.0,Jennifer Paige,US,24,f,US,Female
44,2,0.6309297535714575,Louis Tomlinson,US,24,f,UK,Male
44,3,0.5,Queen,US,24,f,JP,Female
44,4,0.43067655807339306,Ariana Grande,US,24,f,US,Female
44,5,0.38685280723454163,Chelsea Wolfe,US,24,f,US,Female
44,6,0.3562071871080222,Tove Lo,US,24,f,SE,Female
44,7,0.3333333333333333,Ed Sheeran,US,24,f,UK,Male
44,8,0.31546487678572877,Kygo,US,24,f,NO,Male
44,9,0.3010299956639812,Chelsea Wolfe,US,24,f,US,Female
44,10,0.2890648263178879,Earl Sweatshirt,US,24,f,US,Male
45,1,1.0,Queen,DE,34,m,JP,Female
45,2,0.6309297535714575,Ed Sheeran,DE,34,m,UK,Male
45,3,0.5,Chelsea Wolfe,DE,34,m,US,Female
45,4,0.43067655807339306,Jess Glynne,DE,34,m,UK,Female
45,5,0.38685280723454163,Ed Sheeran,DE,34,m,UK,Male
45,6,0.3562071871080222,Ry x,DE,34,m,AU,Male
45,7,0.3333333333333333,Charles Bolt,DE,34,m,US,Male
45,8,0.31546487678572877,Weyes Blood,DE,34,m,US,Female
45,9,0.3010299956639812,Joe Goddard,DE,34,m,UK,Male
45,10,0.2890648263178879,Dennis Lloyd,DE,34,m,IL,Male
47,1,1.0,Sia,RU,28,m,AU,Female
47,2,0.6309297535714575,George Ezra,RU,28,m,UK,Male
47,3,0.5,Queen,RU,28,m,JP,Female
47,4,0.43067655807339306,Jessie J,RU,28,m,UK,Female
47,5,0.38685280723454163,Bob Marley & The Wailers,RU,28,m,JM,Male
47,6,0.3562071871080222,Ariana Grande,RU,28,m,US,Female
47,7,0.3333333333333333,Marilyn Manson,RU,28,m,US,Male
47,8,0.31546487678572877,Taylor Swift,RU,28,m,US,Female
47,9,0.3010299956639812,Ariana Grande,RU,28,m,US,Female
47,10,0.2890648263178879,Ariana Grande,RU,28,m,US,Female
48,1,1.0,Lily Allen,IT,26,m,UK,Female
48,2,0.6309297535714575,Louis Tomlinson,IT,26,m,UK,Male
48,3,0.5,Avril Lavigne,IT,26,m,CA,Female
48,4,0.43067655807339306,Jennifer Paige,IT,26,m,US,Female
48,5,0.38685280723454163,Katy Perry,IT,26,m,US,Female
48,6,0.3562071871080222,Perfume Genius,IT,26,m,US,Male
48,7,0.3333333333333333,Wild Nothing,IT,26,m,US,Male
48,8,0.31546487678572877,Ed Sheeran,IT,26,m,UK,Male
48,9,0.3010299956639812,Tove Lo,IT,26,m,SE,Female
48,10,0.2890648263178879,Chelsea Wolfe,IT,26,m,US,Female
49,1,1.0,Oneohtrix Point Never,HU,22,f,US,Male
49,2,0.6309297535714575,Chelsea Wolfe,HU,22,f,US,Female
49,3,0.5,Arca,HU,22,f,VE,Non-binary
49,4,0.43067655807339306,PJ Harvey,HU,22,f,UK,Female
49,5,0.38685280723454163,Devendra Banhart,HU,22,f,US,Male
49,6,0.3562071871080222,Ozzy Osbourne,HU,22,f,UK,Male
49,7,0.3333333333333333,Kanye West,HU,22,f,US,Male
49,8,0.31546487678572877,Justin Timberlake,HU,22,f,US,Male
49,9,0.3010299956639812,Damien Jurado,HU,22,f,US,Male
49,10,0.2890648263178879,PJ Harvey,HU,22,f,UK,Female
50,1,1.0,Grimes,BE,27,m,CA,Female
50,2,0.6309297535714575,Kurt Vile,BE,27,m,US,Male
50,3,0.5,Frank Ocean,BE,27,m,US,Male
50,4,0.43067655807339306,Weyes Blood,BE,27,m,US,Female
50,5,0.38685280723454163,John Maus,BE,27,m,US,Male
50,6,0.3562071871080222,Alexander Rybak,BE,27,m,NO,Male
50,7,0.3333333333333333,Kelly Clarkson,BE,27,m,US,Female
50,8,0.31546487678572877,Annie Lennox,BE,27,m,UK,Female
50,9,0.3010299956639812,Celldweller,BE,27,m,US,Male
50,10,0.2890648263178879,Selena Gomez,BE,27,m,US,Female
51,1,1.0,Dennis Lloyd,SE,25,m,IL,Male
51,2,0.6309297535714575,AFI,SE,25,m,US,Female
51,3,0.5,Celldweller,SE,25,m,US,Male
51,4,0.43067655807339306,Dido,SE,25,m,UK,Female
51,5,0.38685280723454163,Jessica Pratt,SE,25,m,US,Female
51,6,0.3562071871080222,Pional,SE,25,m,ES,Male
51,7,0.3333333333333333,Earl Sweatshirt,SE,25,m,US,Male
51,8,0.31546487678572877,Beyoncé,SE,25,m,US,Female
51,9,0.3010299956639812,Chelsea Wolfe,SE,25,m,US,Female
51,10,0.2890648263178879,Timmy Trumpet,SE,25,m,AU,Male
52,1,1.0,Billy Joel,AT,27,m,US,Male
52,2,0.6309297535714575,Carpenter Brut,AT,27,m,FR,Male
52,3,0.5,Ozzy Osbourne,AT,27,m,UK,Male
52,4,0.43067655807339306,Justin Timberlake,AT,27,m,US,Male
52,5,0.38685280723454163,Queen,AT,27,m,JP,Female
52,6,0.3562071871080222,Britney Spears,AT,27,m,US,Female
52,7,0.3333333333333333,Marilyn Manson,AT,27,m,US,Male
52,8,0.31546487678572877,Lana Del Rey,AT,27,m,US,Female
52,9,0.3010299956639812,Paula Abdul,AT,27,m,US,Female
52,10,0.2890648263178879,Kanye West,AT,27,m,US,Male
53,1,1.0,Adele,US,26,m,UK,Female
53,2,0.6309297535714575,Madonna,US,26,m,US,Female
53,3,0.5,Elvis Presley,US,26,m,US,Male
53,4,0.43067655807339306,Ariana Grande,US,26,m,US,Female
53,5,0.38685280723454163,Seal,US,26,m,UK,Male
53,6,0.3562071871080222,Kurt Vile,US,26,m,US,Male
53,7,0.3333333333333333,Chelsea Wolfe,US,26,m,US,Female
53,8,0.31546487678572877,Marissa Nadler,US,26,m,US,Female
53,9,0.3010299956639812,Billy Joel,US,26,m,US,Male
53,10,0.2890648263178879,Ty Segall,US,26,m,US,Male
54,1,1.0,Bob Marley & The Wailers,ES,31,f,JM,Male
54,2,0.6309297535714575,Justin Timberlake,ES,31,f,US,Male
54,3,0.5,Ozzy Osbourne,ES,31,f,UK,Male
54,4,0.43067655807339306,Queen,ES,31,f,JP,Female
54,5,0.38685280723454163,Lana Del Rey,ES,31,f,US,Female
54,6,0.3562071871080222,Marilyn Manson,ES,31,f,US,Male
54,7,0.3333333333333333,Paula Abdul,ES,31,f,US,Female
54,8,0.31546487678572877,Rush,ES,31,f,US,Male
54,9,0.3010299956639812,Rita Ora,ES,31,f,UK,Female
54,10,0.2890648263178879,Michael Jackson,ES,31,f,US,Male
55,1,1.0,Lily Allen,US,24,m,UK,Female
55,2,0.6309297535714575,Louis Tomlinson,US,24,m,UK,Male
55,3,0.5,Katy Perry,US,24,m,US,Female
55,4,0.43067655807339306,Jennifer Paige,US,24,m,US,Female
55,5,0.38685280723454163,Queen,US,24,m,JP,Female
55,6,0.3562071871080222,Elliott Smith,US,24,m,US,Male
55,7,0.3333333333333333,Chelsea Wolfe,US,24,m,US,Female
55,8,0.31546487678572877,Ed Sheeran,US,24,m,UK,Male
55,9,0.3010299956639812,Twin Shadow,US,24,m,US,Male
55,10,0.2890648263178879,Tove Lo,US,24,m,SE,Female
56,1,1.0,Oneohtrix Point Never,US,26,m,US,Male
56,2,0.6309297535714575,Laura Marling,US,26,m,UK,Female
56,3,0.5,Panda Bear,US,26,m,US,Male
56,4,0.43067655807339306,Chelsea Wolfe,US,26,m,US,Female
56,5,0.38685280723454163,Arca,US,26,m,VE,Non-binary
56,6,0.3562071871080222,Ozzy Osbourne,US,26,m,UK,Male
56,7,0.3333333333333333,PJ Harvey,US,26,m,UK,Female
56,8,0.31546487678572877,Devendra Banhart,US,26,m,US,Male
56,9,0.3010299956639812,Kanye West,US,26,m,US,Male
56,10,0.2890648263178879,Lana Del Rey,US,26,m,US,Female
57,1,1.0,Jess Glynne,VE,26,m,UK,Female
57,2,0.6309297535714575,Dennis Lloyd,VE,26,m,IL,Male
57,3,0.5,Twin Shadow,VE,26,m,US,Male
57,4,0.43067655807339306,Dido,VE,26,m,UK,Female
57,5,0.38685280723454163,Gregory Alan Isakov,VE,26,m,US,Male
57,6,0.3562071871080222,Britney Spears,VE,26,m,US,Female
57,7,0.3333333333333333,Rihanna,VE,26,m,UK,Female
57,8,0.31546487678572877,Beyoncé,VE,26,m,US,Female
57,9,0.3010299956639812,Christina Aguilera,VE,26,m,US,Female
57,10,0.2890648263178879,Tame Impala,VE,26,m,AU,Male
58,1,1.0,Frank Ocean,MX,35,m,US,Male
58,2,0.6309297535714575,John Maus,MX,35,m,US,Male
58,3,0.5,Dimension,MX,35,m,ES,Male
58,4,0.43067655807339306,Britney Spears,MX,35,m,US,Female
58,5,0.38685280723454163,Rihanna,MX,35,m,UK,Female
58,6,0.3562071871080222,Christina Aguilera,MX,35,m,US,Female
58,7,0.3333333333333333,Alexander Rybak,MX,35,m,NO,Male
58,8,0.31546487678572877,Lana Del Rey,MX,35,m,US,Female
58,9,0.3010299956639812,Roberta Flack,MX,35,m,US,Female
58,10,0.2890648263178879,Avril Lavigne,MX,35,m,CA,Female
60,1,1.0,Jennifer Paige,UK,25,m,US,Female
60,2,0.6309297535714575,Elliott Smith,UK,25,m,US,Male
60,3,0.5,Queen,UK,25,m,JP,Female
60,4,0.43067655807339306,Twin Shadow,UK,25,m,US,Male
60,5,0.38685280723454163,Louis Tomlinson,UK,25,m,UK,Male
60,6,0.3562071871080222,Chelsea Wolfe,UK,25,m,US,Female
60,7,0.3333333333333333,Toro y Moi,UK,25,m,US,Male
60,8,0.31546487678572877,Ariana Grande,UK,25,m,US,Female
60,9,0.3010299956639812,Tove Lo,UK,25,m,SE,Female
60,10,0.2890648263178879,Ed Sheeran,UK,25,m,UK,Male
61,1,1.0,Ariana Grande,FI,30,m,US,Female
61,2,0.6309297535714575,Grimes,FI,30,m,CA,Female
61,3,0.5,Madonna,FI,30,m,US,Female
61,4,0.43067655807339306,Kelis,FI,30,m,US,Female
61,5,0.38685280723454163,Thom Yorke,FI,30,m,UK,Male
61,6,0.3562071871080222,Weyes Blood,FI,30,m,US,Female
61,7,0.3333333333333333,Noisestorm,FI,30,m,IE,Male
61,8,0.31546487678572877,Rita Ora,FI,30,m,UK,Female
61,9,0.3010299956639812,John Maus,FI,30,m,US,Male
61,10,0.2890648263178879,Kurt Vile,FI,30,m,US,Male
62,1,1.0,Chelsea Wolfe,AR,27,m,US,Female
62,2,0.6309297535714575,Ed Sheeran,AR,27,m,UK,Male
62,3,0.5,Elliott Smith,AR,27,m,US,Male
62,4,0.43067655807339306,Twin Shadow,AR,27,m,US,Male
62,5,0.38685280723454163,Jess Glynne,AR,27,m,UK,Female
62,6,0.3562071871080222,Charles Bolt,AR,27,m,US,Male
62,7,0.3333333333333333,Toro y Moi,AR,27,m,US,Male
62,8,0.31546487678572877,Ed Sheeran,AR,27,m,UK,Male
62,9,0.3010299956639812,IAMX,AR,27,m,DE,Male
62,10,0.2890648263178879,Dennis Lloyd,AR,27,m,IL,Male
64,1,1.0,Ozzy Osbourne,SE,27,m,UK,Male
64,2,0.6309297535714575,Lana Del Rey,SE,27,m,US,Female
64,3,0.5,Marilyn Manson,SE,27,m,US,Male
64,4,0.43067655807339306,Paula Abdul,SE,27,m,US,Female
64,5,0.38685280723454163,Michael Jackson,SE,27,m,US,Male
64,6,0.3562071871080222,Kurt Vile,SE,27,m,US,Male
64,7,0.3333333333333333,Rush,SE,27,m,US,Male
64,8,0.31546487678572877,Rita Ora,SE,27,m,UK,Female
64,9,0.3010299956639812,Lorde,SE,27,m,NZ,Female
64,10,0.2890648263178879,Marissa Nadler,SE,27,m,US,Female
65,1,1.0,Marissa Nadler,CR,31,m,US,Female
65,2,0.6309297535714575,Chelsea Wolfe,CR,31,m,US,Female
65,3,0.5,Ariana Grande,CR,31,m,US,Female
65,4,0.43067655807339306,Elvis Presley,CR,31,m,US,Male
65,5,0.38685280723454163,Angel Olsen,CR,31,m,US,Female
65,6,0.3562071871080222,Kurt Vile,CR,31,m,US,Male
65,7,0.3333333333333333,Emma Ruth Rundle,CR,31,m,US,Female
65,8,0.31546487678572877,Seal,CR,31,m,UK,Male
65,9,0.3010299956639812,Flume,CR,31,m,AU,Male
65,10,0.2890648263178879,Björk,CR,31,m,IS,Female
66,1,1.0,Tove Lo,CA,24,f,SE,Female
66,2,0.6309297535714575,Ariana Grande,CA,24,f,US,Female
66,3,0.5,Kygo,CA,24,f,NO,Male
66,4,0.43067655807339306,Toro y Moi,CA,24,f,US,Male
66,5,0.38685280723454163,Charles Bolt,CA,24,f,US,Male
66,6,0.3562071871080222,Jess Glynne,CA,24,f,UK,Female
66,7,0.3333333333333333,Tame Impala,CA,24,f,AU,Male
66,8,0.31546487678572877,Dido,CA,24,f,UK,Female
66,9,0.3010299956639812,Dennis Lloyd,CA,24,f,IL,Male
66,10,0.2890648263178879,Mayhem,CA,24,f,CA,Female
67,1,1.0,Elvis Presley,UK,27,m,US,Male
67,2,0.6309297535714575,Billy Joel,UK,27,m,US,Male
67,3,0.5,Carpenter Brut,UK,27,m,FR,Male
67,4,0.43067655807339306,Bob Marley & The Wailers,UK,27,m,JM,Male
67,5,0.38685280723454163,Ozzy Osbourne,UK,27,m,UK,Male
67,6,0.3562071871080222,Queen,UK,27,m,JP,Female
67,7,0.3333333333333333,Kurt Vile,UK,27,m,US,Male
67,8,0.31546487678572877,Justin Timberlake,UK,27,m,US,Male
67,9,0.3010299956639812,Emma Ruth Rundle,UK,27,m,US,Female
67,10,0.2890648263178879,Britney Spears,UK,27,m,US,Female
68,1,1.0,Oneohtrix Point Never,DE,27,m,US,Male
68,2,0.6309297535714575,Elvis Presley,DE,27,m,US,Male
68,3,0.5,Chelsea Wolfe,DE,27,m,US,Female
68,4,0.43067655807339306,Laura Marling,DE,27,m,UK,Female
68,5,0.38685280723454163,Seal,DE,27,m,UK,Male
68,6,0.3562071871080222,Arca,DE,27,m,VE,Non-binary
68,7,0.3333333333333333,PJ Harvey,DE,27,m,UK,Female
68,8,0.31546487678572877,Devendra Banhart,DE,27,m,US,Male
68,9,0.3010299956639812,Billy Joel,DE,27,m,US,Male
68,10,0.2890648263178879,Carpenter Brut,DE,27,m,FR,Male
69,1,1.0,Britney Spears,PL,33,m,US,Female
69,2,0.6309297535714575,Nicki Minaj,PL,33,m,US,Female
69,3,0.5,Toro y Moi,PL,33,m,US,Male
69,4,0.43067655807339306,Rihanna,PL,33,m,UK,Female
69,5,0.38685280723454163,Sia,PL,33,m,AU,Female
69,6,0.3562071871080222,Nicki Minaj,PL,33,m,US,Female
69,7,0.3333333333333333,Troye Sivan,PL,33,m,AU,Male
69,8,0.31546487678572877,Grimes,PL,33,m,CA,Female
69,9,0.3010299956639812,Gwen Stefani,PL,33,m,US,Female
69,10,0.2890648263178879,Kelly Clarkson,PL,33,m,US,Female
70,1,1.0,Ry x,NL,33,m,AU,Male
70,2,0.6309297535714575,Dennis Lloyd,NL,33,m,IL,Male
70,3,0.5,Rihanna,NL,33,m,UK,Female
70,4,0.43067655807339306,Joe Goddard,NL,33,m,UK,Male
70,5,0.38685280723454163,Elliott Smith,NL,33,m,US,Male
70,6,0.3562071871080222,Weyes Blood,NL,33,m,US,Female
70,7,0.3333333333333333,AFI,NL,33,m,US,Female
70,8,0.31546487678572877,Dido,NL,33,m,UK,Female
70,9,0.3010299956639812,Beyoncé,NL,33,m,US,Female
70,10,0.2890648263178879,Moby,NL,33,m,US,Male
71,1,1.0,Dolly Parton,PL,25,m,US,Female
71,2,0.6309297535714575,Taylor Swift,PL,25,m,US,Female
71,3,0.5,Tycho,PL,25,m,US,Male
71,4,0.43067655807339306,Toro y Moi,PL,25,m,US,Male
71,5,0.38685280723454163,James Blake,PL,25,m,UK,Male
71,6,0.3562071871080222,Miley Cyrus,PL,25,m,US,Non-binary
71,7,0.3333333333333333,Lil Nas X,PL,25,m,US,Male
71,8,0.31546487678572877,Edwyn Collins,PL,25,m,UK,Male
71,9,0.3010299956639812,Janelle Monáe,PL,25,m,US,Non-binary
71,10,0.2890648263178879,Ariana Grande,PL,25,m,US,Female
72,1,1.0,Ed Sheeran,US,39,m,UK,Male
72,2,0.6309297535714575,Ry x,US,39,m,AU,Male
72,3,0.5,Jess Glynne,US,39,m,UK,Female
72,4,0.43067655807339306,Ed Sheeran,US,39,m,UK,Male
72,5,0.38685280723454163,Elliott Smith,US,39,m,US,Male
72,6,0.3562071871080222,Charles Bolt,US,39,m,US,Male
72,7,0.3333333333333333,Twin Shadow,US,39,m,US,Male
72,8,0.31546487678572877,Toro y Moi,US,39,m,US,Male
72,9,0.3010299956639812,IAMX,US,39,m,DE,Male
72,10,0.2890648263178879,Dennis Lloyd,US,39,m,IL,Male
73,1,1.0,Oneohtrix Point Never,CH,32,m,US,Male
73,2,0.6309297535714575,Panda Bear,CH,32,m,US,Male
73,3,0.5,John Maus,CH,32,m,US,Male
73,4,0.43067655807339306,Laura Marling,CH,32,m,UK,Female
73,5,0.38685280723454163,John Maus,CH,32,m,US,Male
73,6,0.3562071871080222,PJ Harvey,CH,32,m,UK,Female
73,7,0.3333333333333333,Arca,CH,32,m,VE,Non-binary
73,8,0.31546487678572877,Paula Abdul,CH,32,m,US,Female
73,9,0.3010299956639812,Chelsea Wolfe,CH,32,m,US,Female
73,10,0.2890648263178879,Rob Zombie,CH,32,m,US,Male
74,1,1.0,Paula Abdul,IT,31,m,US,Female
74,2,0.6309297535714575,Rita Ora,IT,31,m,UK,Female
74,3,0.5,Oneohtrix Point Never,IT,31,m,US,Male
74,4,0.43067655807339306,Michael Jackson,IT,31,m,US,Male
74,5,0.38685280723454163,Rob Zombie,IT,31,m,US,Male
74,6,0.3562071871080222,Chelsea Wolfe,IT,31,m,US,Female
74,7,0.3333333333333333,PJ Harvey,IT,31,m,UK,Female
74,8,0.31546487678572877,Arca,IT,31,m,VE,Non-binary
74,9,0.3010299956639812,Red,IT,31,m,PL,Male
74,10,0.2890648263178879,Lorde,IT,31,m,NZ,Female
75,1,1.0,Panda Bear,NO,28,m,US,Male
75,2,0.6309297535714575,Chelsea Wolfe,NO,28,m,US,Female
75,3,0.5,Oneohtrix Point Never,NO,28,m,US,Male
75,4,0.43067655807339306,John Maus,NO,28,m,US,Male
75,5,0.38685280723454163,Laura Marling,NO,28,m,UK,Female
75,6,0.3562071871080222,Arca,NO,28,m,VE,Non-binary
75,7,0.3333333333333333,PJ Harvey,NO,28,m,UK,Female
75,8,0.31546487678572877,Leonard Cohen,NO,28,m,CA,Male
75,9,0.3010299956639812,Devendra Banhart,NO,28,m,US,Male
75,10,0.2890648263178879,Michael Jackson,NO,28,m,US,Male
76,1,1.0,Ry x,DE,61,m,AU,Male
76,2,0.6309297535714575,Weyes Blood,DE,61,m,US,Female
76,3,0.5,Elliott Smith,DE,61,m,US,Male
76,4,0.43067655807339306,Queen,DE,61,m,JP,Female
76,5,0.38685280723454163,Twin Shadow,DE,61,m,US,Male
76,6,0.3562071871080222,Joe Goddard,DE,61,m,UK,Male
76,7,0.3333333333333333,Lily Allen,DE,61,m,UK,Female
76,8,0.31546487678572877,Toro y Moi,DE,61,m,US,Male
76,9,0.3010299956639812,Chelsea Wolfe,DE,61,m,US,Female
76,10,0.2890648263178879,Louis Tomlinson,DE,61,m,UK,Male
77,1,1.0,John Maus,FI,31,m,US,Male
77,2,0.6309297535714575,RuPaul,FI,31,m,US,Female
77,3,0.5,Sia,FI,31,m,AU,Female
77,4,0.43067655807339306,Kanye West,FI,31,m,US,Male
77,5,0.38685280723454163,Apparat,FI,31,m,DE,Male
77,6,0.3562071871080222,Grimes,FI,31,m,CA,Female
77,7,0.3333333333333333,Kurt Vile,FI,31,m,US,Male
77,8,0.31546487678572877,Weyes Blood,FI,31,m,US,Female
77,9,0.3010299956639812,Avril Lavigne,FI,31,m,CA,Female
77,10,0.2890648263178879,Lisa Miskovsky,FI,31,m,SE,Female
78,1,1.0,Queen,NO,29,m,JP,Female
78,2,0.6309297535714575,Chelsea Wolfe,NO,29,m,US,Female
78,3,0.5,Mariah Carey,NO,29,m,US,Female
78,4,0.43067655807339306,Troye Sivan,NO,29,m,AU,Male
78,5,0.38685280723454163,Britney Spears,NO,29,m,US,Female
78,6,0.3562071871080222,Frank Ocean,NO,29,m,US,Male
78,7,0.3333333333333333,Weyes Blood,NO,29,m,US,Female
78,8,0.31546487678572877,Lorde,NO,29,m,NZ,Female
78,9,0.3010299956639812,Camila Cabello,NO,29,m,US,Female
78,10,0.2890648263178879,Bruno Mars,NO,29,m,US,Male
79,1,1.0,Ed Sheeran,US,25,m,UK,Male
79,2,0.6309297535714575,Tove Lo,US,25,m,SE,Female
79,3,0.5,Ariana Grande,US,25,m,US,Female
79,4,0.43067655807339306,Kygo,US,25,m,NO,Male
79,5,0.38685280723454163,Charles Bolt,US,25,m,US,Male
79,6,0.3562071871080222,Ed Sheeran,US,25,m,UK,Male
79,7,0.3333333333333333,Jess Glynne,US,25,m,UK,Female
79,8,0.31546487678572877,IAMX,US,25,m,DE,Male
79,9,0.3010299956639812,Dennis Lloyd,US,25,m,IL,Male
79,10,0.2890648263178879,Sufjan Stevens,US,25,m,US,Male
80,1,1.0,Queen,RU,24,m,JP,Female
80,2,0.6309297535714575,Ed Sheeran,RU,24,m,UK,Male
80,3,0.5,Ariana Grande,RU,24,m,US,Female
80,4,0.43067655807339306,Kygo,RU,24,m,NO,Male
80,5,0.38685280723454163,Ry x,RU,24,m,AU,Male
80,6,0.3562071871080222,Ed Sheeran,RU,24,m,UK,Male
80,7,0.3333333333333333,Jess Glynne,RU,24,m,UK,Female
80,8,0.31546487678572877,Weyes Blood,RU,24,m,US,Female
80,9,0.3010299956639812,Charles Bolt,RU,24,m,US,Male
80,10,0.2890648263178879,Joe Goddard,RU,24,m,UK,Male
81,1,1.0,Ed Sheeran,LV,22,m,UK,Male
81,2,0.6309297535714575,Kygo,LV,22,m,NO,Male
81,3,0.5,Elliott Smith,LV,22,m,US,Male
81,4,0.43067655807339306,Ed Sheeran,LV,22,m,UK,Male
81,5,0.38685280723454163,Jess Glynne,LV,22,m,UK,Female
81,6,0.3562071871080222,Toro y Moi,LV,22,m,US,Male
81,7,0.3333333333333333,Twin Shadow,LV,22,m,US,Male
81,8,0.31546487678572877,Charles Bolt,LV,22,m,US,Male
81,9,0.3010299956639812,IAMX,LV,22,m,DE,Male
81,10,0.2890648263178879,Dido,LV,22,m,UK,Female
82,1,1.0,Tove Lo,RU,26,m,SE,Female
82,2,0.6309297535714575,Kygo,RU,26,m,NO,Male
82,3,0.5,Ry x,RU,26,m,AU,Male
82,4,0.43067655807339306,Ed Sheeran,RU,26,m,UK,Male
82,5,0.38685280723454163,Charles Bolt,RU,26,m,US,Male
82,6,0.3562071871080222,Elliott Smith,RU,26,m,US,Male
82,7,0.3333333333333333,IAMX,RU,26,m,DE,Male
82,8,0.31546487678572877,Dennis Lloyd,RU,26,m,IL,Male
82,9,0.3010299956639812,Christina Aguilera,RU,26,m,US,Female
82,10,0.2890648263178879,Toro y Moi,RU,26,m,US,Male
83,1,1.0,PJ Harvey,FI,25,m,UK,Female
83,2,0.6309297535714575,Paula Abdul,FI,25,m,US,Female
83,3,0.5,Mac DeMarco,FI,25,m,CA,Male
83,4,0.43067655807339306,Bat for Lashes,FI,25,m,UK,Female
83,5,0.38685280723454163,Rita Ora,FI,25,m,UK,Female
83,6,0.3562071871080222,Rush,FI,25,m,US,Male
83,7,0.3333333333333333,Oneohtrix Point Never,FI,25,m,US,Male
83,8,0.31546487678572877,Michael Jackson,FI,25,m,US,Male
83,9,0.3010299956639812,Lorde,FI,25,m,NZ,Female
83,10,0.2890648263178879,Sharon Van Etten,FI,25,m,US,Female
84,1,1.0,Ozzy Osbourne,RU,34,m,UK,Male
84,2,0.6309297535714575,Bob Marley & The Wailers,RU,34,m,JM,Male
84,3,0.5,Justin Timberlake,RU,34,m,US,Male
84,4,0.43067655807339306,Caribou,RU,34,m,CA,Male
84,5,0.38685280723454163,John Maus,RU,34,m,US,Male
84,6,0.3562071871080222,Panda Bear,RU,34,m,US,Male
84,7,0.3333333333333333,Britney Spears,RU,34,m,US,Female
84,8,0.31546487678572877,Oneohtrix Point Never,RU,34,m,US,Male
84,9,0.3010299956639812,Chelsea Wolfe,RU,34,m,US,Female
84,10,0.2890648263178879,Laura Marling,RU,34,m,UK,Female
85,1,1.0,Lily Allen,DE,27,m,UK,Female
85,2,0.6309297535714575,Avril Lavigne,DE,27,m,CA,Female
85,3,0.5,Queen,DE,27,m,JP,Female
85,4,0.43067655807339306,Katy Perry,DE,27,m,US,Female
85,5,0.38685280723454163,Louis Tomlinson,DE,27,m,UK,Male
85,6,0.3562071871080222,Jennifer Paige,DE,27,m,US,Female
85,7,0.3333333333333333,Chelsea Wolfe,DE,27,m,US,Female
85,8,0.31546487678572877,Ed Sheeran,DE,27,m,UK,Male
85,9,0.3010299956639812,Tove Lo,DE,27,m,SE,Female
85,10,0.2890648263178879,Frank Ocean,DE,27,m,US,Male
86,1,1.0,Britney Spears,DZ,24,m,US,Female
86,2,0.6309297535714575,Nicki Minaj,DZ,24,m,US,Female
86,3,0.5,Gwen Stefani,DZ,24,m,US,Female
86,4,0.43067655807339306,RuPaul,DZ,24,m,US,Female
86,5,0.38685280723454163,Wax Tailor,DZ,24,m,FR,Male
86,6,0.3562071871080222,Jennifer Lopez,DZ,24,m,US,Female
86,7,0.3333333333333333,Sia,DZ,24,m,AU,Female
86,8,0.31546487678572877,Adele,DZ,24,m,UK,Female
86,9,0.3010299956639812,Justin Timberlake,DZ,24,m,US,Male
86,10,0.2890648263178879,Lily Allen,DZ,24,m,UK,Female
87,1,1.0,Damien Jurado,UK,22,m,US,Male
87,2,0.6309297535714575,Mac DeMarco,UK,22,m,CA,Male
87,3,0.5,Kanye West,UK,22,m,US,Male
87,4,0.43067655807339306,Bat for Lashes,UK,22,m,UK,Female
87,5,0.38685280723454163,Seal,UK,22,m,UK,Male
87,6,0.3562071871080222,Ariana Grande,UK,22,m,US,Female
87,7,0.3333333333333333,Wild Nothing,UK,22,m,US,Male
87,8,0.31546487678572877,Chelsea Wolfe,UK,22,m,US,Female
87,9,0.3010299956639812,Billy Joel,UK,22,m,US,Male
87,10,0.2890648263178879,Jay Reatard,UK,22,m,US,Male
88,1,1.0,Oneohtrix Point Never,NL,24,m,US,Male
88,2,0.6309297535714575,Chelsea Wolfe,NL,24,m,US,Female
88,3,0.5,Devendra Banhart,NL,24,m,US,Male
88,4,0.43067655807339306,Kanye West,NL,24,m,US,Male
88,5,0.38685280723454163,Paula Abdul,NL,24,m,US,Female
88,6,0.3562071871080222,Damien Jurado,NL,24,m,US,Male
88,7,0.3333333333333333,Rush,NL,24,m,US,Male
88,8,0.31546487678572877,PJ Harvey,NL,24,m,UK,Female
88,9,0.3010299956639812,Rita Ora,NL,24,m,UK,Female
88,10,0.2890648263178879,Michael Jackson,NL,24,m,US,Male
89,1,1.0,Weyes Blood,CH,22,m,US,Female
89,2,0.6309297535714575,Joe Goddard,CH,22,m,UK,Male
89,3,0.5,Elliott Smith,CH,22,m,US,Male
89,4,0.43067655807339306,IAMX,CH,22,m,DE,Male
89,5,0.38685280723454163,Toro y Moi,CH,22,m,US,Male
89,6,0.3562071871080222,Twin Shadow,CH,22,m,US,Male
89,7,0.3333333333333333,Dennis Lloyd,CH,22,m,IL,Male
89,8,0.31546487678572877,Christina Aguilera,CH,22,m,US,Female
89,9,0.3010299956639812,Rihanna,CH,22,m,UK,Female
89,10,0.2890648263178879,Beyoncé,CH,22,m,US,Female
90,1,1.0,Charles Bolt,BR,25,m,US,Male
90,2,0.6309297535714575,Grimes,BR,25,m,CA,Female
90,3,0.5,Johnny Hooker,BR,25,m,BR,Male
90,4,0.43067655807339306,Jorge Ben,BR,25,m,BR,Male
90,5,0.38685280723454163,Weyes Blood,BR,25,m,US,Female
90,6,0.3562071871080222,IAMX,BR,25,m,DE,Male
90,7,0.3333333333333333,Céu,BR,25,m,BR,Female
90,8,0.31546487678572877,Steve Winwood,BR,25,m,UK,Male
90,9,0.3010299956639812,AFI,BR,25,m,US,Female
90,10,0.2890648263178879,Gal Costa,BR,25,m,BR,Female
91,1,1.0,Tove Lo,US,25,m,SE,Female
91,2,0.6309297535714575,Ariana Grande,US,25,m,US,Female
91,3,0.5,Ed Sheeran,US,25,m,UK,Male
91,4,0.43067655807339306,Kygo,US,25,m,NO,Male
91,5,0.38685280723454163,Ed Sheeran,US,25,m,UK,Male
91,6,0.3562071871080222,Jess Glynne,US,25,m,UK,Female
91,7,0.3333333333333333,Charles Bolt,US,25,m,US,Male
91,8,0.31546487678572877,IAMX,US,25,m,DE,Male
91,9,0.3010299956639812,Leonard Cohen,US,25,m,CA,Male
91,10,0.2890648263178879,Pional,US,25,m,ES,Male
92,1,1.0,Kanye West,DE,28,m,US,Male
92,2,0.6309297535714575,Lily Allen,DE,28,m,UK,Female
92,3,0.5,Avril Lavigne,DE,28,m,CA,Female
92,4,0.43067655807339306,Lisa Miskovsky,DE,28,m,SE,Female
92,5,0.38685280723454163,Ry x,DE,28,m,AU,Male
92,6,0.3562071871080222,Katy Perry,DE,28,m,US,Female
92,7,0.3333333333333333,Jennifer Paige,DE,28,m,US,Female
92,8,0.31546487678572877,Queen,DE,28,m,JP,Female
92,9,0.3010299956639812,Louis Tomlinson,DE,28,m,UK,Male
92,10,0.2890648263178879,Elliott Smith,DE,28,m,US,Male
93,1,1.0,Elliott Smith,FI,23,m,US,Male
93,2,0.6309297535714575,Jess Glynne,FI,23,m,UK,Female
93,3,0.5,Twin Shadow,FI,23,m,US,Male
93,4,0.43067655807339306,Charles Bolt,FI,23,m,US,Male
93,5,0.38685280723454163,Toro y Moi,FI,23,m,US,Male
93,6,0.3562071871080222,IAMX,FI,23,m,DE,Male
93,7,0.3333333333333333,Dennis Lloyd,FI,23,m,IL,Male
93,8,0.31546487678572877,Dido,FI,23,m,UK,Female
93,9,0.3010299956639812,Tame Impala,FI,23,m,AU,Male
93,10,0.2890648263178879,Dimension,FI,23,m,ES,Male
94,1,1.0,Tove Lo,OM,26,m,SE,Female
94,2,0.6309297535714575,Ed Sheeran,OM,26,m,UK,Male
94,3,0.5,Twin Shadow,OM,26,m,US,Male
94,4,0.43067655807339306,Kygo,OM,26,m,NO,Male
94,5,0.38685280723454163,Toro y Moi,OM,26,m,US,Male
94,6,0.3562071871080222,Jess Glynne,OM,26,m,UK,Female
94,7,0.3333333333333333,Ed Sheeran,OM,26,m,UK,Male
94,8,0.31546487678572877,Charles Bolt,OM,26,m,US,Male
94,9,0.3010299956639812,Dennis Lloyd,OM,26,m,IL,Male
94,10,0.2890648263178879,IAMX,OM,26,m,DE,Male
95,1,1.0,Ariana Grande,NL,24,m,US,Female
95,2,0.6309297535714575,Elvis Presley,NL,24,m,US,Male
95,3,0.5,Seal,NL,24,m,UK,Male
95,4,0.43067655807339306,Kurt Vile,NL,24,m,US,Male
95,5,0.38685280723454163,James Blake,NL,24,m,UK,Male
95,6,0.3562071871080222,The Tallest Man on Earth,NL,24,m,SE,Male
95,7,0.3333333333333333,Danny Brown,NL,24,m,US,Male
95,8,0.31546487678572877,Billy Joel,NL,24,m,US,Male
95,9,0.3010299956639812,Emma Ruth Rundle,NL,24,m,US,Female
95,10,0.2890648263178879,Carpenter Brut,NL,24,m,FR,Male
96,1,1.0,IAMX,SE,27,m,DE,Male
96,2,0.6309297535714575,Dennis Lloyd,SE,27,m,IL,Male
96,3,0.5,Dido,SE,27,m,UK,Female
96,4,0.43067655807339306,Twin Shadow,SE,27,m,US,Male
96,5,0.38685280723454163,Beyoncé,SE,27,m,US,Female
96,6,0.3562071871080222,Christina Aguilera,SE,27,m,US,Female
96,7,0.3333333333333333,Britney Spears,SE,27,m,US,Female
96,8,0.31546487678572877,Moby,SE,27,m,US,Male
96,9,0.3010299956639812,Rihanna,SE,27,m,UK,Female
96,10,0.2890648263178879,Dimension,SE,27,m,ES,Male
97,1,1.0,Elvis Presley,SE,23,m,US,Male
97,2,0.6309297535714575,Angel Olsen,SE,23,m,US,Female
97,3,0.5,Kanye West,SE,23,m,US,Male
97,4,0.43067655807339306,Chelsea Wolfe,SE,23,m,US,Female
97,5,0.38685280723454163,Ariana Grande,SE,23,m,US,Female
97,6,0.3562071871080222,Leonard Cohen,SE,23,m,CA,Male
97,7,0.3333333333333333,Marissa Nadler,SE,23,m,US,Female
97,8,0.31546487678572877,Wild Nothing,SE,23,m,US,Male
97,9,0.3010299956639812,Billy Joel,SE,23,m,US,Male
97,10,0.2890648263178879,Danny Brown,SE,23,m,US,Male
98,1,1.0,Avril Lavigne,CA,23,m,CA,Female
98,2,0.6309297535714575,Lily Allen,CA,23,m,UK,Female
98,3,0.5,Chelsea Wolfe,CA,23,m,US,Female
98,4,0.43067655807339306,Louis Tomlinson,CA,23,m,UK,Male
98,5,0.38685280723454163,Apparat,CA,23,m,DE,Male
98,6,0.3562071871080222,Tove Lo,CA,23,m,SE,Female
98,7,0.3333333333333333,Ed Sheeran,CA,23,m,UK,Male
98,8,0.31546487678572877,Jennifer Paige,CA,23,m,US,Female
98,9,0.3010299956639812,Kygo,CA,23,m,NO,Male
98,10,0.2890648263178879,Weyes Blood,CA,23,m,US,Female
99,1,1.0,Elvis Presley,US,42,m,US,Male
99,2,0.6309297535714575,Madonna,US,42,m,US,Female
99,3,0.5,Ariana Grande,US,42,m,US,Female
99,4,0.43067655807339306,Seal,US,42,m,UK,Male
99,5,0.38685280723454163,Marissa Nadler,US,42,m,US,Female
99,6,0.3562071871080222,Kurt Vile,US,42,m,US,Male
99,7,0.3333333333333333,Danny Brown,US,42,m,US,Male
99,8,0.31546487678572877,Ed Sheeran,US,42,m,UK,Male
99,9,0.3010299956639812,Frank Ocean,US,42,m,US,Male
99,10,0.2890648263178879,Ty Segall,US,42,m,US,Male
100,1,1.0,Rita Ora,FI,31,m,UK,Female
100,2,0.6309297535714575,Eminem,FI,31,m,US,Male
100,3,0.5,Mr.Kitty,FI,31,m,US,Male
100,4,0.43067655807339306,Aaron Smith,FI,31,m,US,Male
100,5,0.38685280723454163,Lorde,FI,31,m,NZ,Female
100,6,0.3562071871080222,John Maus,FI,31,m,US,Male
100,7,0.3333333333333333,Ariana Grande,FI,31,m,US,Female
100,8,0.31546487678572877,Justin Timberlake,FI,31,m,US,Male
100,9,0.3010299956639812,Britney Spears,FI,31,m,US,Female
100,10,0.2890648263178879,Corinne Bailey Rae,FI,31,m,UK,Female
101,1,1.0,Twin Shadow,PL,37,m,US,Male
101,2,0.6309297535714575,Toro y Moi,PL,37,m,US,Male
101,3,0.5,Ed Sheeran,PL,37,m,UK,Male
101,4,0.43067655807339306,Kygo,PL,37,m,NO,Male
101,5,0.38685280723454163,Tame Impala,PL,37,m,AU,Male
101,6,0.3562071871080222,Sufjan Stevens,PL,37,m,US,Male
101,7,0.3333333333333333,Ed Sheeran,PL,37,m,UK,Male
101,8,0.31546487678572877,Leonard Cohen,PL,37,m,CA,Male
101,9,0.3010299956639812,Charles Bolt,PL,37,m,US,Male
101,10,0.2890648263178879,Pional,PL,37,m,ES,Male
102,1,1.0,Sharon Van Etten,US,21,m,US,Female
102,2,0.6309297535714575,Oneohtrix Point Never,US,21,m,US,Male
102,3,0.5,Michael Jackson,US,21,m,US,Male
102,4,0.43067655807339306,Rob Zombie,US,21,m,US,Male
102,5,0.38685280723454163,Lorde,US,21,m,NZ,Female
102,6,0.3562071871080222,Kurt Vile,US,21,m,US,Male
102,7,0.3333333333333333,Marissa Nadler,US,21,m,US,Female
102,8,0.31546487678572877,Wild Nothing,US,21,m,US,Male
102,9,0.3010299956639812,Travis Scott,US,21,m,US,Male
102,10,0.2890648263178879,Kelis,US,21,m,US,Female
103,1,1.0,Oneohtrix Point Never,CZ,22,m,US,Male
103,2,0.6309297535714575,Panda Bear,CZ,22,m,US,Male
103,3,0.5,Chelsea Wolfe,CZ,22,m,US,Female
103,4,0.43067655807339306,Adele,CZ,22,m,UK,Female
103,5,0.38685280723454163,Madonna,CZ,22,m,US,Female
103,6,0.3562071871080222,Arca,CZ,22,m,VE,Non-binary
103,7,0.3333333333333333,Elvis Presley,CZ,22,m,US,Male
103,8,0.31546487678572877,Devendra Banhart,CZ,22,m,US,Male
103,9,0.3010299956639812,Ariana Grande,CZ,22,m,US,Female
103,10,0.2890648263178879,PJ Harvey,CZ,22,m,UK,Female
104,1,1.0,Chelsea Wolfe,IR,25,m,US,Female
104,2,0.6309297535714575,Queen,IR,25,m,JP,Female
104,3,0.5,Ry x,IR,25,m,AU,Male
104,4,0.43067655807339306,Dennis Lloyd,IR,25,m,IL,Male
104,5,0.38685280723454163,Weyes Blood,IR,25,m,US,Female
104,6,0.3562071871080222,Joe Goddard,IR,25,m,UK,Male
104,7,0.3333333333333333,Elliott Smith,IR,25,m,US,Male
104,8,0.31546487678572877,Christina Aguilera,IR,25,m,US,Female
104,9,0.3010299956639812,Beyoncé,IR,25,m,US,Female
104,10,0.2890648263178879,Gregory Alan Isakov,IR,25,m,US,Male
105,1,1.0,Jess Glynne,FI,23,f,UK,Female
105,2,0.6309297535714575,Elliott Smith,FI,23,f,US,Male
105,3,0.5,Charles Bolt,FI,23,f,US,Male
105,4,0.43067655807339306,IAMX,FI,23,f,DE,Male
105,5,0.38685280723454163,Dennis Lloyd,FI,23,f,IL,Male
105,6,0.3562071871080222,Toro y Moi,FI,23,f,US,Male
105,7,0.3333333333333333,Twin Shadow,FI,23,f,US,Male
105,8,0.31546487678572877,Christina Aguilera,FI,23,f,US,Female
105,9,0.3010299956639812,Dido,FI,23,f,UK,Female
105,10,0.2890648263178879,Beyoncé,FI,23,f,US,Female
106,1,1.0,Queen,FI,22,f,JP,Female
106,2,0.6309297535714575,John Maus,FI,22,f,US,Male
106,3,0.5,Ry x,FI,22,f,AU,Male
106,4,0.43067655807339306,Weyes Blood,FI,22,f,US,Female
106,5,0.38685280723454163,Charles Bolt,FI,22,f,US,Male
106,6,0.3562071871080222,Joe Goddard,FI,22,f,UK,Male
106,7,0.3333333333333333,IAMX,FI,22,f,DE,Male
106,8,0.31546487678572877,Elliott Smith,FI,22,f,US,Male
106,9,0.3010299956639812,Toro y Moi,FI,22,f,US,Male
106,10,0.2890648263178879,Taylor Swift,FI,22,f,US,Female
107,1,1.0,Caribou,UK,20,f,CA,Male
107,2,0.6309297535714575,John Maus,UK,20,f,US,Male
107,3,0.5,Oneohtrix Point Never,UK,20,f,US,Male
107,4,0.43067655807339306,Chelsea Wolfe,UK,20,f,US,Female
107,5,0.38685280723454163,Panda Bear,UK,20,f,US,Male
107,6,0.3562071871080222,John Maus,UK,20,f,US,Male
107,7,0.3333333333333333,Laura Marling,UK,20,f,UK,Female
107,8,0.31546487678572877,Rush,UK,20,f,US,Male
107,9,0.3010299956639812,Arca,UK,20,f,VE,Non-binary
107,10,0.2890648263178879,PJ Harvey,UK,20,f,UK,Female
108,1,1.0,Queen,US,27,m,JP,Female
108,2,0.6309297535714575,Chelsea Wolfe,US,27,m,US,Female
108,3,0.5,Kygo,US,27,m,NO,Male
108,4,0.43067655807339306,Ry x,US,27,m,AU,Male
108,5,0.38685280723454163,Jess Glynne,US,27,m,UK,Female
108,6,0.3562071871080222,Charles Bolt,US,27,m,US,Male
108,7,0.3333333333333333,Elliott Smith,US,27,m,US,Male
108,8,0.31546487678572877,IAMX,US,27,m,DE,Male
108,9,0.3010299956639812,Dennis Lloyd,US,27,m,IL,Male
108,10,0.2890648263178879,Christina Aguilera,US,27,m,US,Female
110,1,1.0,Tove Lo,BR,24,m,SE,Female
110,2,0.6309297535714575,Jennifer Paige,BR,24,m,US,Female
110,3,0.5,Ed Sheeran,BR,24,m,UK,Male
110,4,0.43067655807339306,Queen,BR,24,m,JP,Female
110,5,0.38685280723454163,Ariana Grande,BR,24,m,US,Female
110,6,0.3562071871080222,Kygo,BR,24,m,NO,Male
110,7,0.3333333333333333,Twin Shadow,BR,24,m,US,Male
110,8,0.31546487678572877,Jess Glynne,BR,24,m,UK,Female
110,9,0.3010299956639812,Ed Sheeran,BR,24,m,UK,Male
110,10,0.2890648263178879,Dennis Lloyd,BR,24,m,IL,Male
111,1,1.0,Queen,US,30,m,JP,Female
111,2,0.6309297535714575,Tove Lo,US,30,m,SE,Female
111,3,0.5,Ed Sheeran,US,30,m,UK,Male
111,4,0.43067655807339306,Chelsea Wolfe,US,30,m,US,Female
111,5,0.38685280723454163,Ariana Grande,US,30,m,US,Female
111,6,0.3562071871080222,Kygo,US,30,m,NO,Male
111,7,0.3333333333333333,Ry x,US,30,m,AU,Male
111,8,0.31546487678572877,Weyes Blood,US,30,m,US,Female
111,9,0.3010299956639812,Ed Sheeran,US,30,m,UK,Male
111,10,0.2890648263178879,Charles Bolt,US,30,m,US,Male
112,1,1.0,Jess Glynne,DK,30,m,UK,Female
112,2,0.6309297535714575,Twin Shadow,DK,30,m,US,Male
112,3,0.5,Charles Bolt,DK,30,m,US,Male
112,4,0.43067655807339306,IAMX,DK,30,m,DE,Male
112,5,0.38685280723454163,Dido,DK,30,m,UK,Female
112,6,0.3562071871080222,Dennis Lloyd,DK,30,m,IL,Male
112,7,0.3333333333333333,Christina Aguilera,DK,30,m,US,Female
112,8,0.31546487678572877,Tame Impala,DK,30,m,AU,Male
112,9,0.3010299956639812,Rihanna,DK,30,m,UK,Female
112,10,0.2890648263178879,Moby,DK,30,m,US,Male
113,1,1.0,Kurt Vile,NL,34,m,US,Male
113,2,0.6309297535714575,Angel Olsen,NL,34,m,US,Female
113,3,0.5,Billy Joel,NL,34,m,US,Male
113,4,0.43067655807339306,Bob Marley & The Wailers,NL,34,m,JM,Male
113,5,0.38685280723454163,Carpenter Brut,NL,34,m,FR,Male
113,6,0.3562071871080222,Ty Segall,NL,34,m,US,Male
113,7,0.3333333333333333,James Blake,NL,34,m,UK,Male
113,8,0.31546487678572877,Flume,NL,34,m,AU,Male
113,9,0.3010299956639812,Ozzy Osbourne,NL,34,m,UK,Male
113,10,0.2890648263178879,Frank Ocean,NL,34,m,US,Male
115,1,1.0,Ozzy Osbourne,NL,39,m,UK,Male
115,2,0.6309297535714575,Justin Timberlake,NL,39,m,US,Male
115,3,0.5,Lana Del Rey,NL,39,m,US,Female
115,4,0.43067655807339306,Marilyn Manson,NL,39,m,US,Male
115,5,0.38685280723454163,Paula Abdul,NL,39,m,US,Female
115,6,0.3562071871080222,Rita Ora,NL,39,m,UK,Female
115,7,0.3333333333333333,Rush,NL,39,m,US,Male
115,8,0.31546487678572877,Kanye West,NL,39,m,US,Male
115,9,0.3010299956639812,Lorde,NL,39,m,NZ,Female
115,10,0.2890648263178879,Noisestorm,NL,39,m,IE,Male
116,1,1.0,Ry x,US,25,m,AU,Male
116,2,0.6309297535714575,Elliott Smith,US,25,m,US,Male
116,3,0.5,Dennis Lloyd,US,25,m,IL,Male
116,4,0.43067655807339306,Toro y Moi,US,25,m,US,Male
116,5,0.38685280723454163,Twin Shadow,US,25,m,US,Male
116,6,0.3562071871080222,IAMX,US,25,m,DE,Male
116,7,0.3333333333333333,Dido,US,25,m,UK,Female
116,8,0.31546487678572877,Christina Aguilera,US,25,m,US,Female
116,9,0.3010299956639812,Rihanna,US,25,m,UK,Female
116,10,0.2890648263178879,Beyoncé,US,25,m,US,Female
117,1,1.0,Lily Allen,NO,35,f,UK,Female
117,2,0.6309297535714575,Louis Tomlinson,NO,35,f,UK,Male
117,3,0.5,Sia,NO,35,f,AU,Female
117,4,0.43067655807339306,Grimes,NO,35,f,CA,Female
117,5,0.38685280723454163,John Maus,NO,35,f,US,Male
117,6,0.3562071871080222,Lisa Miskovsky,NO,35,f,SE,Female
117,7,0.3333333333333333,Apparat,NO,35,f,DE,Male
117,8,0.31546487678572877,Kurt Vile,NO,35,f,US,Male
117,9,0.3010299956639812,John Mayer,NO,35,f,IN,Male
117,10,0.2890648263178879,City and Colour,NO,35,f,CA,Male
118,1,1.0,Ariana Grande,CZ,30,m,US,Female
118,2,0.6309297535714575,Elliott Smith,CZ,30,m,US,Male
118,3,0.5,Kygo,CZ,30,m,NO,Male
118,4,0.43067655807339306,Jess Glynne,CZ,30,m,UK,Female
118,5,0.38685280723454163,Charles Bolt,CZ,30,m,US,Male
118,6,0.3562071871080222,IAMX,CZ,30,m,DE,Male
118,7,0.3333333333333333,Twin Shadow,CZ,30,m,US,Male
118,8,0.31546487678572877,Toro y Moi,CZ,30,m,US,Male
118,9,0.3010299956639812,Dennis Lloyd,CZ,30,m,IL,Male
118,10,0.2890648263178879,AFI,CZ,30,m,US,Female
119,1,1.0,Toro y Moi,RU,34,m,US,Male
119,2,0.6309297535714575,Mariah Carey,RU,34,m,US,Female
119,3,0.5,Travis Scott,RU,34,m,US,Male
119,4,0.43067655807339306,Madison Beer,RU,34,m,US,Female
119,5,0.38685280723454163,Ed Sheeran,RU,34,m,UK,Male
119,6,0.3562071871080222,Ariana Grande,RU,34,m,US,Female
119,7,0.3333333333333333,Queen,RU,34,m,JP,Female
119,8,0.31546487678572877,Britney Spears,RU,34,m,US,Female
119,9,0.3010299956639812,Frank Ocean,RU,34,m,US,Male
119,10,0.2890648263178879,Father John Misty,RU,34,m,US,Male
120,1,1.0,Ed Sheeran,UK,22,m,UK,Male
120,2,0.6309297535714575,Ariana Grande,UK,22,m,US,Female
120,3,0.5,Ed Sheeran,UK,22,m,UK,Male
120,4,0.43067655807339306,Jess Glynne,UK,22,m,UK,Female
120,5,0.38685280723454163,Charles Bolt,UK,22,m,US,Male
120,6,0.3562071871080222,Toro y Moi,UK,22,m,US,Male
120,7,0.3333333333333333,Twin Shadow,UK,22,m,US,Male
120,8,0.31546487678572877,IAMX,UK,22,m,DE,Male
120,9,0.3010299956639812,Dido,UK,22,m,UK,Female
120,10,0.2890648263178879,Dennis Lloyd,UK,22,m,IL,Male
121,1,1.0,Adele,US,32,f,UK,Female
121,2,0.6309297535714575,Elvis Presley,US,32,f,US,Male
121,3,0.5,Madonna,US,32,f,US,Female
121,4,0.43067655807339306,Ariana Grande,US,32,f,US,Female
121,5,0.38685280723454163,Seal,US,32,f,UK,Male
121,6,0.3562071871080222,Kanye West,US,32,f,US,Male
121,7,0.3333333333333333,Ed Sheeran,US,32,f,UK,Male
121,8,0.31546487678572877,Sharon Van Etten,US,32,f,US,Female
121,9,0.3010299956639812,Billy Joel,US,32,f,US,Male
121,10,0.2890648263178879,Carpenter Brut,US,32,f,FR,Male
123,1,1.0,Weyes Blood,BR,25,m,US,Female
123,2,0.6309297535714575,Lily Allen,BR,25,m,UK,Female
123,3,0.5,Louis Tomlinson,BR,25,m,UK,Male
123,4,0.43067655807339306,Chelsea Wolfe,BR,25,m,US,Female
123,5,0.38685280723454163,Katy Perry,BR,25,m,US,Female
123,6,0.3562071871080222,Ed Sheeran,BR,25,m,UK,Male
123,7,0.3333333333333333,Charles Bolt,BR,25,m,US,Male
123,8,0.31546487678572877,Queen,BR,25,m,JP,Female
123,9,0.3010299956639812,Kanye West,BR,25,m,US,Male
123,10,0.2890648263178879,Tove Lo,BR,25,m,SE,Female
124,1,1.0,Ozzy Osbourne,BA,23,f,UK,Male
124,2,0.6309297535714575,Justin Timberlake,BA,23,f,US,Male
124,3,0.5,Chelsea Wolfe,BA,23,f,US,Female
124,4,0.43067655807339306,PJ Harvey,BA,23,f,UK,Female
124,5,0.38685280723454163,Arca,BA,23,f,VE,Non-binary
124,6,0.3562071871080222,Marilyn Manson,BA,23,f,US,Male
124,7,0.3333333333333333,Queen,BA,23,f,JP,Female
124,8,0.31546487678572877,Lana Del Rey,BA,23,f,US,Female
124,9,0.3010299956639812,Rush,BA,23,f,US,Male
124,10,0.2890648263178879,Paula Abdul,BA,23,f,US,Female
125,1,1.0,Ry x,FR,33,m,AU,Male
125,2,0.6309297535714575,Jess Glynne,FR,33,m,UK,Female
125,3,0.5,Charles Bolt,FR,33,m,US,Male
125,4,0.43067655807339306,Joe Goddard,FR,33,m,UK,Male
125,5,0.38685280723454163,Elliott Smith,FR,33,m,US,Male
125,6,0.3562071871080222,Dido,FR,33,m,UK,Female
125,7,0.3333333333333333,Dennis Lloyd,FR,33,m,IL,Male
125,8,0.31546487678572877,Christina Aguilera,FR,33,m,US,Female
125,9,0.3010299956639812,IAMX,FR,33,m,DE,Male
125,10,0.2890648263178879,Rihanna,FR,33,m,UK,Female
126,1,1.0,Queen,SK,26,m,JP,Female
126,2,0.6309297535714575,Christina Aguilera,SK,26,m,US,Female
126,3,0.5,Dennis Lloyd,SK,26,m,IL,Male
126,4,0.43067655807339306,Weyes Blood,SK,26,m,US,Female
126,5,0.38685280723454163,Moby,SK,26,m,US,Male
126,6,0.3562071871080222,Joe Goddard,SK,26,m,UK,Male
126,7,0.3333333333333333,Dimension,SK,26,m,ES,Male
126,8,0.31546487678572877,AFI,SK,26,m,US,Female
126,9,0.3010299956639812,Pat Benatar,SK,26,m,US,Female
126,10,0.2890648263178879,Elliott Smith,SK,26,m,US,Male
127,1,1.0,George Ezra,NL,37,m,UK,Male
127,2,0.6309297535714575,Marilyn Manson,NL,37,m,US,Male
127,3,0.5,Taylor Swift,NL,37,m,US,Female
127,4,0.43067655807339306,Bob Marley & The Wailers,NL,37,m,JM,Male
127,5,0.38685280723454163,Ty Segall,NL,37,m,US,Male
127,6,0.3562071871080222,Elvis Presley,NL,37,m,US,Male
127,7,0.3333333333333333,Adele,NL,37,m,UK,Female
127,8,0.31546487678572877,Ariana Grande,NL,37,m,US,Female
127,9,0.3010299956639812,Madonna,NL,37,m,US,Female
127,10,0.2890648263178879,Elliott Smith,NL,37,m,US,Male
128,1,1.0,Oneohtrix Point Never,AU,24,m,US,Male
128,2,0.6309297535714575,Laura Marling,AU,24,m,UK,Female
128,3,0.5,Chelsea Wolfe,AU,24,m,US,Female
128,4,0.43067655807339306,Paula Abdul,AU,24,m,US,Female
128,5,0.38685280723454163,PJ Harvey,AU,24,m,UK,Female
128,6,0.3562071871080222,Rita Ora,AU,24,m,UK,Female
128,7,0.3333333333333333,Arca,AU,24,m,VE,Non-binary
128,8,0.31546487678572877,Rob Zombie,AU,24,m,US,Male
128,9,0.3010299956639812,Michael Jackson,AU,24,m,US,Male
128,10,0.2890648263178879,Devendra Banhart,AU,24,m,US,Male
129,1,1.0,Bob Marley & The Wailers,US,23,m,JM,Male
129,2,0.6309297535714575,Oneohtrix Point Never,US,23,m,US,Male
129,3,0.5,Sharon Van Etten,US,23,m,US,Female
129,4,0.43067655807339306,Justin Timberlake,US,23,m,US,Male
129,5,0.38685280723454163,Ozzy Osbourne,US,23,m,UK,Male
129,6,0.3562071871080222,Lana Del Rey,US,23,m,US,Female
129,7,0.3333333333333333,Britney Spears,US,23,m,US,Female
129,8,0.31546487678572877,Marilyn Manson,US,23,m,US,Male
129,9,0.3010299956639812,Queen,US,23,m,JP,Female
129,10,0.2890648263178879,Flume,US,23,m,AU,Male
130,1,1.0,PJ Harvey,NO,37,m,UK,Female
130,2,0.6309297535714575,Adele,NO,37,m,UK,Female
130,3,0.5,Elvis Presley,NO,37,m,US,Male
130,4,0.43067655807339306,Madonna,NO,37,m,US,Female
130,5,0.38685280723454163,Ariana Grande,NO,37,m,US,Female
130,6,0.3562071871080222,Damien Jurado,NO,37,m,US,Male
130,7,0.3333333333333333,Seal,NO,37,m,UK,Male
130,8,0.31546487678572877,PJ Harvey,NO,37,m,UK,Female
130,9,0.3010299956639812,Oneohtrix Point Never,NO,37,m,US,Male
130,10,0.2890648263178879,Mac DeMarco,NO,37,m,CA,Male
131,1,1.0,Frank Ocean,DE,24,m,US,Male
131,2,0.6309297535714575,Lily Allen,DE,24,m,UK,Female
131,3,0.5,Avril Lavigne,DE,24,m,CA,Female
131,4,0.43067655807339306,Katy Perry,DE,24,m,US,Female
131,5,0.38685280723454163,Chelsea Wolfe,DE,24,m,US,Female
131,6,0.3562071871080222,Louis Tomlinson,DE,24,m,UK,Male
131,7,0.3333333333333333,Jennifer Paige,DE,24,m,US,Female
131,8,0.31546487678572877,Ry x,DE,24,m,AU,Male
131,9,0.3010299956639812,Tove Lo,DE,24,m,SE,Female
131,10,0.2890648263178879,Weyes Blood,DE,24,m,US,Female
132,1,1.0,Chelsea Wolfe,UK,36,m,US,Female
132,2,0.6309297535714575,Ariana Grande,UK,36,m,US,Female
132,3,0.5,Haddaway,UK,36,m,DE,Male
132,4,0.43067655807339306,Taylor Swift,UK,36,m,US,Female
132,5,0.38685280723454163,Duncan Laurence,UK,36,m,NL,Male
132,6,0.3562071871080222,Britney Spears,UK,36,m,US,Female
132,7,0.3333333333333333,Eagle-Eye Cherry,UK,36,m,SE,Male
132,8,0.31546487678572877,Eric Clapton,UK,36,m,UK,Male
132,9,0.3010299956639812,Emma Ruth Rundle,UK,36,m,US,Female
132,10,0.2890648263178879,Robyn,UK,36,m,SE,Female
133,1,1.0,Lily Allen,US,21,f,UK,Female
133,2,0.6309297535714575,Louis Tomlinson,US,21,f,UK,Male
133,3,0.5,Weyes Blood,US,21,f,US,Female
133,4,0.43067655807339306,Billy Joel,US,21,f,US,Male
133,5,0.38685280723454163,Devin Townsend,US,21,f,CA,Male
133,6,0.3562071871080222,Father John Misty,US,21,f,US,Male
133,7,0.3333333333333333,Four Tet,US,21,f,UK,Male
133,8,0.31546487678572877,Lisa Miskovsky,US,21,f,SE,Female
133,9,0.3010299956639812,Snail Mail,US,21,f,US,Female
133,10,0.2890648263178879,Grimes,US,21,f,CA,Female
134,1,1.0,Joe Goddard,US,31,m,UK,Male
134,2,0.6309297535714575,Weyes Blood,US,31,m,US,Female
134,3,0.5,Ry x,US,31,m,AU,Male
134,4,0.43067655807339306,Dimension,US,31,m,ES,Male
134,5,0.38685280723454163,IAMX,US,31,m,DE,Male
134,6,0.3562071871080222,Pat Benatar,US,31,m,US,Female
134,7,0.3333333333333333,Christina Aguilera,US,31,m,US,Female
134,8,0.31546487678572877,Beyoncé,US,31,m,US,Female
134,9,0.3010299956639812,Rihanna,US,31,m,UK,Female
134,10,0.2890648263178879,Britney Spears,US,31,m,US,Female
135,1,1.0,Justin Timberlake,UK,19,m,US,Male
135,2,0.6309297535714575,Britney Spears,UK,19,m,US,Female
135,3,0.5,Marilyn Manson,UK,19,m,US,Male
135,4,0.43067655807339306,Father John Misty,UK,19,m,US,Male
135,5,0.38685280723454163,James Blake,UK,19,m,UK,Male
135,6,0.3562071871080222,Rita Ora,UK,19,m,UK,Female
135,7,0.3333333333333333,Michael Jackson,UK,19,m,US,Male
135,8,0.31546487678572877,Paula Abdul,UK,19,m,US,Female
135,9,0.3010299956639812,Lorde,UK,19,m,NZ,Female
135,10,0.2890648263178879,Wild Nothing,UK,19,m,US,Male
136,1,1.0,Chelsea Wolfe,RU,25,m,US,Female
136,2,0.6309297535714575,Ariana Grande,RU,25,m,US,Female
136,3,0.5,Elvis Presley,RU,25,m,US,Male
136,4,0.43067655807339306,Arca,RU,25,m,VE,Non-binary
136,5,0.38685280723454163,Seal,RU,25,m,UK,Male
136,6,0.3562071871080222,PJ Harvey,RU,25,m,UK,Female
136,7,0.3333333333333333,Devendra Banhart,RU,25,m,US,Male
136,8,0.31546487678572877,Billy Joel,RU,25,m,US,Male
136,9,0.3010299956639812,Carpenter Brut,RU,25,m,FR,Male
136,10,0.2890648263178879,PJ Harvey,RU,25,m,UK,Female
137,1,1.0,John Maus,HR,49,m,US,Male
137,2,0.6309297535714575,Kanye West,HR,49,m,US,Male
137,3,0.5,Kurt Vile,HR,49,m,US,Male
137,4,0.43067655807339306,Jennifer Lopez,HR,49,m,US,Female
137,5,0.38685280723454163,Lily Allen,HR,49,m,UK,Female
137,6,0.3562071871080222,Grimes,HR,49,m,CA,Female
137,7,0.3333333333333333,Weyes Blood,HR,49,m,US,Female
137,8,0.31546487678572877,Avril Lavigne,HR,49,m,CA,Female
137,9,0.3010299956639812,Lisa Miskovsky,HR,49,m,SE,Female
137,10,0.2890648263178879,Katy Perry,HR,49,m,US,Female
138,1,1.0,Kanye West,SE,19,f,US,Male
138,2,0.6309297535714575,Elvis Presley,SE,19,f,US,Male
138,3,0.5,Damien Jurado,SE,19,f,US,Male
138,4,0.43067655807339306,Mac DeMarco,SE,19,f,CA,Male
138,5,0.38685280723454163,Ariana Grande,SE,19,f,US,Female
138,6,0.3562071871080222,PJ Harvey,SE,19,f,UK,Female
138,7,0.3333333333333333,Sharon Van Etten,SE,19,f,US,Female
138,8,0.31546487678572877,Bat for Lashes,SE,19,f,UK,Female
138,9,0.3010299956639812,Seal,SE,19,f,UK,Male
138,10,0.2890648263178879,Oneohtrix Point Never,SE,19,f,US,Male
140,1,1.0,Avril Lavigne,PL,24,m,CA,Female
140,2,0.6309297535714575,Lily Allen,PL,24,m,UK,Female
140,3,0.5,Queen,PL,24,m,JP,Female
140,4,0.43067655807339306,Katy Perry,PL,24,m,US,Female
140,5,0.38685280723454163,Louis Tomlinson,PL,24,m,UK,Male
140,6,0.3562071871080222,Chelsea Wolfe,PL,24,m,US,Female
140,7,0.3333333333333333,Ed Sheeran,PL,24,m,UK,Male
140,8,0.31546487678572877,Jennifer Paige,PL,24,m,US,Female
140,9,0.3010299956639812,Tove Lo,PL,24,m,SE,Female
140,10,0.2890648263178879,Ariana Grande,PL,24,m,US,Female
141,1,1.0,Queen,US,21,f,JP,Female
141,2,0.6309297535714575,Ry x,US,21,f,AU,Male
141,3,0.5,Ed Sheeran,US,21,f,UK,Male
141,4,0.43067655807339306,Jennifer Paige,US,21,f,US,Female
141,5,0.38685280723454163,Chelsea Wolfe,US,21,f,US,Female
141,6,0.3562071871080222,Joe Goddard,US,21,f,UK,Male
141,7,0.3333333333333333,Tove Lo,US,21,f,SE,Female
141,8,0.31546487678572877,Ariana Grande,US,21,f,US,Female
141,9,0.3010299956639812,Elliott Smith,US,21,f,US,Male
141,10,0.2890648263178879,Twin Shadow,US,21,f,US,Male
142,1,1.0,M. Ward,US,36,m,US,Male
142,2,0.6309297535714575,Miley Cyrus,US,36,m,US,Non-binary
142,3,0.5,Sharon Van Etten,US,36,m,US,Female
142,4,0.43067655807339306,Bill Callahan,US,36,m,US,Male
142,5,0.38685280723454163,Jenny Lewis,US,36,m,US,Female
142,6,0.3562071871080222,Caribou,US,36,m,CA,Male
142,7,0.3333333333333333,Edwyn Collins,US,36,m,UK,Male
142,8,0.31546487678572877,Sia,US,36,m,AU,Female
142,9,0.3010299956639812,Panda Bear,US,36,m,US,Male
142,10,0.2890648263178879,Panda Bear,US,36,m,US,Male
143,1,1.0,Chelsea Wolfe,DE,26,m,US,Female
143,2,0.6309297535714575,Devendra Banhart,DE,26,m,US,Male
143,3,0.5,Rush,DE,26,m,US,Male
143,4,0.43067655807339306,Michael Jackson,DE,26,m,US,Male
143,5,0.38685280723454163,Rob Zombie,DE,26,m,US,Male
143,6,0.3562071871080222,Kanye West,DE,26,m,US,Male
143,7,0.3333333333333333,Damien Jurado,DE,26,m,US,Male
143,8,0.31546487678572877,Red,DE,26,m,PL,Male
143,9,0.3010299956639812,Sia,DE,26,m,AU,Female
143,10,0.2890648263178879,Eminem,DE,26,m,US,Male
144,1,1.0,Ry x,ES,25,f,AU,Male
144,2,0.6309297535714575,Jess Glynne,ES,25,f,UK,Female
144,3,0.5,Weyes Blood,ES,25,f,US,Female
144,4,0.43067655807339306,Joe Goddard,ES,25,f,UK,Male
144,5,0.38685280723454163,Charles Bolt,ES,25,f,US,Male
144,6,0.3562071871080222,Elliott Smith,ES,25,f,US,Male
144,7,0.3333333333333333,IAMX,ES,25,f,DE,Male
144,8,0.31546487678572877,Toro y Moi,ES,25,f,US,Male
144,9,0.3010299956639812,Dido,ES,25,f,UK,Female
144,10,0.2890648263178879,Dennis Lloyd,ES,25,f,IL,Male
145,1,1.0,Queen,US,19,m,JP,Female
145,2,0.6309297535714575,Ed Sheeran,US,19,m,UK,Male
145,3,0.5,Chelsea Wolfe,US,19,m,US,Female
145,4,0.43067655807339306,Mariah Carey,US,19,m,US,Female
145,5,0.38685280723454163,Twin Shadow,US,19,m,US,Male
145,6,0.3562071871080222,Toro y Moi,US,19,m,US,Male
145,7,0.3333333333333333,Jess Glynne,US,19,m,UK,Female
145,8,0.31546487678572877,Taylor Swift,US,19,m,US,Female
145,9,0.3010299956639812,Ed Sheeran,US,19,m,UK,Male
145,10,0.2890648263178879,Beyoncé,US,19,m,US,Female
146,1,1.0,Ariana Grande,EE,28,f,US,Female
146,2,0.6309297535714575,Elvis Presley,EE,28,f,US,Male
146,3,0.5,Seal,EE,28,f,UK,Male
146,4,0.43067655807339306,Billy Joel,EE,28,f,US,Male
146,5,0.38685280723454163,Carpenter Brut,EE,28,f,FR,Male
146,6,0.3562071871080222,Justin Timberlake,EE,28,f,US,Male
146,7,0.3333333333333333,Ozzy Osbourne,EE,28,f,UK,Male
146,8,0.31546487678572877,John Maus,EE,28,f,US,Male
146,9,0.3010299956639812,Caribou,EE,28,f,CA,Male
146,10,0.2890648263178879,Bob Marley & The Wailers,EE,28,f,JM,Male
147,1,1.0,Jennifer Paige,CZ,45,m,US,Female
147,2,0.6309297535714575,Louis Tomlinson,CZ,45,m,UK,Male
147,3,0.5,Queen,CZ,45,m,JP,Female
147,4,0.43067655807339306,Ariana Grande,CZ,45,m,US,Female
147,5,0.38685280723454163,Chelsea Wolfe,CZ,45,m,US,Female
147,6,0.3562071871080222,Tove Lo,CZ,45,m,SE,Female
147,7,0.3333333333333333,Ed Sheeran,CZ,45,m,UK,Male
147,8,0.31546487678572877,Kygo,CZ,45,m,NO,Male
147,9,0.3010299956639812,Jess Glynne,CZ,45,m,UK,Female
147,10,0.2890648263178879,Ed Sheeran,CZ,45,m,UK,Male
148,1,1.0,Queen,NL,27,m,JP,Female
148,2,0.6309297535714575,Weyes Blood,NL,27,m,US,Female
148,3,0.5,Frank Ocean,NL,27,m,US,Male
148,4,0.43067655807339306,IAMX,NL,27,m,DE,Male
148,5,0.38685280723454163,John Maus,NL,27,m,US,Male
148,6,0.3562071871080222,Dimension,NL,27,m,ES,Male
148,7,0.3333333333333333,Ry x,NL,27,m,AU,Male
148,8,0.31546487678572877,Moby,NL,27,m,US,Male
148,9,0.3010299956639812,Pat Benatar,NL,27,m,US,Female
148,10,0.2890648263178879,AFI,NL,27,m,US,Female
149,1,1.0,Lily Allen,PL,32,m,UK,Female
149,2,0.6309297535714575,Avril Lavigne,PL,32,m,CA,Female
149,3,0.5,Queen,PL,32,m,JP,Female
149,4,0.43067655807339306,Katy Perry,PL,32,m,US,Female
149,5,0.38685280723454163,Jennifer Paige,PL,32,m,US,Female
149,6,0.3562071871080222,Louis Tomlinson,PL,32,m,UK,Male
149,7,0.3333333333333333,Chelsea Wolfe,PL,32,m,US,Female
149,8,0.31546487678572877,Ed Sheeran,PL,32,m,UK,Male
149,9,0.3010299956639812,Tove Lo,PL,32,m,SE,Female
149,10,0.2890648263178879,Ariana Grande,PL,32,m,US,Female
150,1,1.0,Sia,US,25,m,AU,Female
150,2,0.6309297535714575,RuPaul,US,25,m,US,Female
150,3,0.5,Lily Allen,US,25,m,UK,Female
150,4,0.43067655807339306,Four Tet,US,25,m,UK,Male
150,5,0.38685280723454163,Katy Perry,US,25,m,US,Female
150,6,0.3562071871080222,Jennifer Lopez,US,25,m,US,Female
150,7,0.3333333333333333,Avril Lavigne,US,25,m,CA,Female
150,8,0.31546487678572877,Kacey Musgraves,US,25,m,US,Female
150,9,0.3010299956639812,Lisa Miskovsky,US,25,m,SE,Female
150,10,0.2890648263178879,Janelle Monáe,US,25,m,US,Non-binary
151,1,1.0,Queen,US,24,m,JP,Female
151,2,0.6309297535714575,Ry x,US,24,m,AU,Male
151,3,0.5,Louis Tomlinson,US,24,m,UK,Male
151,4,0.43067655807339306,Joe Goddard,US,24,m,UK,Male
151,5,0.38685280723454163,Chelsea Wolfe,US,24,m,US,Female
151,6,0.3562071871080222,Weyes Blood,US,24,m,US,Female
151,7,0.3333333333333333,Elliott Smith,US,24,m,US,Male
151,8,0.31546487678572877,Ed Sheeran,US,24,m,UK,Male
151,9,0.3010299956639812,Toro y Moi,US,24,m,US,Male
151,10,0.2890648263178879,Jess Glynne,US,24,m,UK,Female
152,1,1.0,Lily Allen,DE,25,m,UK,Female
152,2,0.6309297535714575,Weyes Blood,DE,25,m,US,Female
152,3,0.5,Frank Ocean,DE,25,m,US,Male
152,4,0.43067655807339306,Queen,DE,25,m,JP,Female
152,5,0.38685280723454163,Louis Tomlinson,DE,25,m,UK,Male
152,6,0.3562071871080222,Jennifer Paige,DE,25,m,US,Female
152,7,0.3333333333333333,Chelsea Wolfe,DE,25,m,US,Female
152,8,0.31546487678572877,Ed Sheeran,DE,25,m,UK,Male
152,9,0.3010299956639812,John Maus,DE,25,m,US,Male
152,10,0.2890648263178879,Ariana Grande,DE,25,m,US,Female
153,1,1.0,Chelsea Wolfe,BR,39,m,US,Female
153,2,0.6309297535714575,Taylor Swift,BR,39,m,US,Female
153,3,0.5,Britney Spears,BR,39,m,US,Female
153,4,0.43067655807339306,Queen,BR,39,m,JP,Female
153,5,0.38685280723454163,Ariana Grande,BR,39,m,US,Female
153,6,0.3562071871080222,Sia,BR,39,m,AU,Female
153,7,0.3333333333333333,Devendra Banhart,BR,39,m,US,Male
153,8,0.31546487678572877,Jessie J,BR,39,m,UK,Female
153,9,0.3010299956639812,Edwyn Collins,BR,39,m,UK,Male
153,10,0.2890648263178879,Robyn,BR,39,m,SE,Female
154,1,1.0,Grimes,NL,31,m,CA,Female
154,2,0.6309297535714575,Kanye West,NL,31,m,US,Male
154,3,0.5,Lily Allen,NL,31,m,UK,Female
154,4,0.43067655807339306,Queen,NL,31,m,JP,Female
154,5,0.38685280723454163,Weyes Blood,NL,31,m,US,Female
154,6,0.3562071871080222,Frank Ocean,NL,31,m,US,Male
154,7,0.3333333333333333,Avril Lavigne,NL,31,m,CA,Female
154,8,0.31546487678572877,Katy Perry,NL,31,m,US,Female
154,9,0.3010299956639812,Louis Tomlinson,NL,31,m,UK,Male
154,10,0.2890648263178879,Chelsea Wolfe,NL,31,m,US,Female
155,1,1.0,Ed Sheeran,RU,30,m,UK,Male
155,2,0.6309297535714575,Elliott Smith,RU,30,m,US,Male
155,3,0.5,Twin Shadow,RU,30,m,US,Male
155,4,0.43067655807339306,Toro y Moi,RU,30,m,US,Male
155,5,0.38685280723454163,Ed Sheeran,RU,30,m,UK,Male
155,6,0.3562071871080222,Jess Glynne,RU,30,m,UK,Female
155,7,0.3333333333333333,Charles Bolt,RU,30,m,US,Male
155,8,0.31546487678572877,Dido,RU,30,m,UK,Female
155,9,0.3010299956639812,IAMX,RU,30,m,DE,Male
155,10,0.2890648263178879,Tame Impala,RU,30,m,AU,Male
156,1,1.0,Toro y Moi,NL,28,m,US,Male
156,2,0.6309297535714575,Twin Shadow,NL,28,m,US,Male
156,3,0.5,AFI,NL,28,m,US,Female
156,4,0.43067655807339306,Dennis Lloyd,NL,28,m,IL,Male
156,5,0.38685280723454163,Dido,NL,28,m,UK,Female
156,6,0.3562071871080222,Gregory Alan Isakov,NL,28,m,US,Male
156,7,0.3333333333333333,Rihanna,NL,28,m,UK,Female
156,8,0.31546487678572877,YOB,NL,28,m,UK,Male
156,9,0.3010299956639812,Beyoncé,NL,28,m,US,Female
156,10,0.2890648263178879,Britney Spears,NL,28,m,US,Female
157,1,1.0,Dennis Lloyd,NL,19,f,IL,Male
157,2,0.6309297535714575,IAMX,NL,19,f,DE,Male
157,3,0.5,Britney Spears,NL,19,f,US,Female
157,4,0.43067655807339306,Christina Aguilera,NL,19,f,US,Female
157,5,0.38685280723454163,Ry x,NL,19,f,AU,Male
157,6,0.3562071871080222,Dimension,NL,19,f,ES,Male
157,7,0.3333333333333333,Rihanna,NL,19,f,UK,Female
157,8,0.31546487678572877,Gregory Alan Isakov,NL,19,f,US,Male
157,9,0.3010299956639812,Weyes Blood,NL,19,f,US,Female
157,10,0.2890648263178879,Joe Goddard,NL,19,f,UK,Male
158,1,1.0,Britney Spears,HU,33,m,US,Female
158,2,0.6309297535714575,Gwen Stefani,HU,33,m,US,Female
158,3,0.5,Justin Bieber,HU,33,m,CA,Male
158,4,0.43067655807339306,Kanye West,HU,33,m,US,Male
158,5,0.38685280723454163,Nicki Minaj,HU,33,m,US,Female
158,6,0.3562071871080222,Sia,HU,33,m,AU,Female
158,7,0.3333333333333333,Adele,HU,33,m,UK,Female
158,8,0.31546487678572877,Justin Timberlake,HU,33,m,US,Male
158,9,0.3010299956639812,Lisa Miskovsky,HU,33,m,SE,Female
158,10,0.2890648263178879,Jennifer Lopez,HU,33,m,US,Female
159,1,1.0,Kanye West,SE,25,m,US,Male
159,2,0.6309297535714575,Lisa Miskovsky,SE,25,m,SE,Female
159,3,0.5,Lily Allen,SE,25,m,UK,Female
159,4,0.43067655807339306,Queen,SE,25,m,JP,Female
159,5,0.38685280723454163,Chelsea Wolfe,SE,25,m,US,Female
159,6,0.3562071871080222,Avril Lavigne,SE,25,m,CA,Female
159,7,0.3333333333333333,Jennifer Paige,SE,25,m,US,Female
159,8,0.31546487678572877,Wild Nothing,SE,25,m,US,Male
159,9,0.3010299956639812,Katy Perry,SE,25,m,US,Female
159,10,0.2890648263178879,Pusha T,SE,25,m,US,Male
160,1,1.0,Grimes,CZ,36,m,CA,Female
160,2,0.6309297535714575,Weyes Blood,CZ,36,m,US,Female
160,3,0.5,Sia,CZ,36,m,AU,Female
160,4,0.43067655807339306,Kanye West,CZ,36,m,US,Male
160,5,0.38685280723454163,Frank Ocean,CZ,36,m,US,Male
160,6,0.3562071871080222,RuPaul,CZ,36,m,US,Female
160,7,0.3333333333333333,Lisa Miskovsky,CZ,36,m,SE,Female
160,8,0.31546487678572877,John Maus,CZ,36,m,US,Male
160,9,0.3010299956639812,Lily Allen,CZ,36,m,UK,Female
160,10,0.2890648263178879,Jennifer Lopez,CZ,36,m,US,Female
161,1,1.0,Queen,FI,19,m,JP,Female
161,2,0.6309297535714575,Grimes,FI,19,m,CA,Female
161,3,0.5,Chelsea Wolfe,FI,19,m,US,Female
161,4,0.43067655807339306,Britney Spears,FI,19,m,US,Female
161,5,0.38685280723454163,Weyes Blood,FI,19,m,US,Female
161,6,0.3562071871080222,Frank Ocean,FI,19,m,US,Male
161,7,0.3333333333333333,Rihanna,FI,19,m,UK,Female
161,8,0.31546487678572877,Avril Lavigne,FI,19,m,CA,Female
161,9,0.3010299956639812,Charles Bolt,FI,19,m,US,Male
161,10,0.2890648263178879,IAMX,FI,19,m,DE,Male
162,1,1.0,Bob Marley & The Wailers,NL,39,m,JM,Male
162,2,0.6309297535714575,Chelsea Wolfe,NL,39,m,US,Female
162,3,0.5,Jeff Buckley,NL,39,m,US,Male
162,4,0.43067655807339306,Kurt Vile,NL,39,m,US,Male
162,5,0.38685280723454163,Jay Reatard,NL,39,m,US,Male
162,6,0.3562071871080222,Britney Spears,NL,39,m,US,Female
162,7,0.3333333333333333,Justin Timberlake,NL,39,m,US,Male
162,8,0.31546487678572877,Angel Olsen,NL,39,m,US,Female
162,9,0.3010299956639812,Wild Nothing,NL,39,m,US,Male
162,10,0.2890648263178879,Lana Del Rey,NL,39,m,US,Female
163,1,1.0,Oneohtrix Point Never,US,23,m,US,Male
163,2,0.6309297535714575,Panda Bear,US,23,m,US,Male
163,3,0.5,Chelsea Wolfe,US,23,m,US,Female
163,4,0.43067655807339306,John Maus,US,23,m,US,Male
163,5,0.38685280723454163,Marilyn Manson,US,23,m,US,Male
163,6,0.3562071871080222,Lana Del Rey,US,23,m,US,Female
163,7,0.3333333333333333,PJ Harvey,US,23,m,UK,Female
163,8,0.31546487678572877,Rush,US,23,m,US,Male
163,9,0.3010299956639812,Arca,US,23,m,VE,Non-binary
163,10,0.2890648263178879,Paula Abdul,US,23,m,US,Female
164,1,1.0,Damien Jurado,DE,23,m,US,Male
164,2,0.6309297535714575,PJ Harvey,DE,23,m,UK,Female
164,3,0.5,Kanye West,DE,23,m,US,Male
164,4,0.43067655807339306,Sharon Van Etten,DE,23,m,US,Female
164,5,0.38685280723454163,Justin Timberlake,DE,23,m,US,Male
164,6,0.3562071871080222,Mac DeMarco,DE,23,m,CA,Male
164,7,0.3333333333333333,Oneohtrix Point Never,DE,23,m,US,Male
164,8,0.31546487678572877,Bat for Lashes,DE,23,m,UK,Female
164,9,0.3010299956639812,Marilyn Manson,DE,23,m,US,Male
164,10,0.2890648263178879,Lana Del Rey,DE,23,m,US,Female
165,1,1.0,Louis Tomlinson,BR,22,m,UK,Male
165,2,0.6309297535714575,Tove Lo,BR,22,m,SE,Female
165,3,0.5,Ed Sheeran,BR,22,m,UK,Male
165,4,0.43067655807339306,Jennifer Paige,BR,22,m,US,Female
165,5,0.38685280723454163,Weyes Blood,BR,22,m,US,Female
165,6,0.3562071871080222,Kygo,BR,22,m,NO,Male
165,7,0.3333333333333333,Grimes,BR,22,m,CA,Female
165,8,0.31546487678572877,Ariana Grande,BR,22,m,US,Female
165,9,0.3010299956639812,Frank Ocean,BR,22,m,US,Male
165,10,0.2890648263178879,John Maus,BR,22,m,US,Male
166,1,1.0,Christina Aguilera,SE,29,m,US,Female
166,2,0.6309297535714575,IAMX,SE,29,m,DE,Male
166,3,0.5,Dido,SE,29,m,UK,Female
166,4,0.43067655807339306,Rihanna,SE,29,m,UK,Female
166,5,0.38685280723454163,Moby,SE,29,m,US,Male
166,6,0.3562071871080222,Pat Benatar,SE,29,m,US,Female
166,7,0.3333333333333333,AFI,SE,29,m,US,Female
166,8,0.31546487678572877,Mariah Carey,SE,29,m,US,Female
166,9,0.3010299956639812,Roberta Flack,SE,29,m,US,Female
166,10,0.2890648263178879,Ry x,SE,29,m,AU,Male
167,1,1.0,Ariana Grande,PL,23,f,US,Female
167,2,0.6309297535714575,Kygo,PL,23,f,NO,Male
167,3,0.5,Jess Glynne,PL,23,f,UK,Female
167,4,0.43067655807339306,Ry x,PL,23,f,AU,Male
167,5,0.38685280723454163,IAMX,PL,23,f,DE,Male
167,6,0.3562071871080222,Weyes Blood,PL,23,f,US,Female
167,7,0.3333333333333333,Joe Goddard,PL,23,f,UK,Male
167,8,0.31546487678572877,Dennis Lloyd,PL,23,f,IL,Male
167,9,0.3010299956639812,Elliott Smith,PL,23,f,US,Male
167,10,0.2890648263178879,Dimension,PL,23,f,ES,Male
168,1,1.0,Twin Shadow,NO,22,m,US,Male
168,2,0.6309297535714575,Jennifer Paige,NO,22,m,US,Female
168,3,0.5,Chelsea Wolfe,NO,22,m,US,Female
168,4,0.43067655807339306,Queen,NO,22,m,JP,Female
168,5,0.38685280723454163,Ed Sheeran,NO,22,m,UK,Male
168,6,0.3562071871080222,Tove Lo,NO,22,m,SE,Female
168,7,0.3333333333333333,Ariana Grande,NO,22,m,US,Female
168,8,0.31546487678572877,Charles Bolt,NO,22,m,US,Male
168,9,0.3010299956639812,Kygo,NO,22,m,NO,Male
168,10,0.2890648263178879,Tame Impala,NO,22,m,AU,Male
169,1,1.0,Kanye West,SE,24,m,US,Male
169,2,0.6309297535714575,Ozzy Osbourne,SE,24,m,UK,Male
169,3,0.5,Bob Marley & The Wailers,SE,24,m,JM,Male
169,4,0.43067655807339306,PJ Harvey,SE,24,m,UK,Female
169,5,0.38685280723454163,Justin Timberlake,SE,24,m,US,Male
169,6,0.3562071871080222,Damien Jurado,SE,24,m,US,Male
169,7,0.3333333333333333,Mac DeMarco,SE,24,m,CA,Male
169,8,0.31546487678572877,Queen,SE,24,m,JP,Female
169,9,0.3010299956639812,Marilyn Manson,SE,24,m,US,Male
169,10,0.2890648263178879,Sharon Van Etten,SE,24,m,US,Female
170,1,1.0,Ozzy Osbourne,AT,24,m,UK,Male
170,2,0.6309297535714575,Kanye West,AT,24,m,US,Male
170,3,0.5,Lana Del Rey,AT,24,m,US,Female
170,4,0.43067655807339306,Marilyn Manson,AT,24,m,US,Male
170,5,0.38685280723454163,Damien Jurado,AT,24,m,US,Male
170,6,0.3562071871080222,Britney Spears,AT,24,m,US,Female
170,7,0.3333333333333333,PJ Harvey,AT,24,m,UK,Female
170,8,0.31546487678572877,Paula Abdul,AT,24,m,US,Female
170,9,0.3010299956639812,Mac DeMarco,AT,24,m,CA,Male
170,10,0.2890648263178879,Rush,AT,24,m,US,Male
171,1,1.0,Adele,US,26,m,UK,Female
171,2,0.6309297535714575,Ariana Grande,US,26,m,US,Female
171,3,0.5,Elvis Presley,US,26,m,US,Male
171,4,0.43067655807339306,Seal,US,26,m,UK,Male
171,5,0.38685280723454163,Ed Sheeran,US,26,m,UK,Male
171,6,0.3562071871080222,Billy Joel,US,26,m,US,Male
171,7,0.3333333333333333,Carpenter Brut,US,26,m,FR,Male
171,8,0.31546487678572877,Bob Marley & The Wailers,US,26,m,JM,Male
171,9,0.3010299956639812,Marissa Nadler,US,26,m,US,Female
171,10,0.2890648263178879,Chelsea Wolfe,US,26,m,US,Female
172,1,1.0,Oneohtrix Point Never,US,19,m,US,Male
172,2,0.6309297535714575,Chelsea Wolfe,US,19,m,US,Female
172,3,0.5,Arca,US,19,m,VE,Non-binary
172,4,0.43067655807339306,PJ Harvey,US,19,m,UK,Female
172,5,0.38685280723454163,Devendra Banhart,US,19,m,US,Male
172,6,0.3562071871080222,Ozzy Osbourne,US,19,m,UK,Male
172,7,0.3333333333333333,Justin Timberlake,US,19,m,US,Male
172,8,0.31546487678572877,Kanye West,US,19,m,US,Male
172,9,0.3010299956639812,Marilyn Manson,US,19,m,US,Male
172,10,0.2890648263178879,Queen,US,19,m,JP,Female
173,1,1.0,Jennifer Paige,US,37,m,US,Female
173,2,0.6309297535714575,Louis Tomlinson,US,37,m,UK,Male
173,3,0.5,Queen,US,37,m,JP,Female
173,4,0.43067655807339306,Chelsea Wolfe,US,37,m,US,Female
173,5,0.38685280723454163,Tove Lo,US,37,m,SE,Female
173,6,0.3562071871080222,Ed Sheeran,US,37,m,UK,Male
173,7,0.3333333333333333,Ariana Grande,US,37,m,US,Female
173,8,0.31546487678572877,Twin Shadow,US,37,m,US,Male
173,9,0.3010299956639812,Toro y Moi,US,37,m,US,Male
173,10,0.2890648263178879,Kygo,US,37,m,NO,Male
174,1,1.0,Oneohtrix Point Never,NL,45,m,US,Male
174,2,0.6309297535714575,Chelsea Wolfe,NL,45,m,US,Female
174,3,0.5,Laura Marling,NL,45,m,UK,Female
174,4,0.43067655807339306,John Maus,NL,45,m,US,Male
174,5,0.38685280723454163,Arca,NL,45,m,VE,Non-binary
174,6,0.3562071871080222,Devendra Banhart,NL,45,m,US,Male
174,7,0.3333333333333333,PJ Harvey,NL,45,m,UK,Female
174,8,0.31546487678572877,Marilyn Manson,NL,45,m,US,Male
174,9,0.3010299956639812,Bob Marley & The Wailers,NL,45,m,JM,Male
174,10,0.2890648263178879,Adele,NL,45,m,UK,Female
175,1,1.0,John Maus,RU,28,m,US,Male
175,2,0.6309297535714575,Tove Lo,RU,28,m,SE,Female
175,3,0.5,Grimes,RU,28,m,CA,Female
175,4,0.43067655807339306,Kurt Vile,RU,28,m,US,Male
175,5,0.38685280723454163,Apparat,RU,28,m,DE,Male
175,6,0.3562071871080222,Ariana Grande,RU,28,m,US,Female
175,7,0.3333333333333333,Queen,RU,28,m,JP,Female
175,8,0.31546487678572877,Kygo,RU,28,m,NO,Male
175,9,0.3010299956639812,Ed Sheeran,RU,28,m,UK,Male
175,10,0.2890648263178879,Frank Ocean,RU,28,m,US,Male
176,1,1.0,Tove Lo,UK,28,m,SE,Female
176,2,0.6309297535714575,Ed Sheeran,UK,28,m,UK,Male
176,3,0.5,Ariana Grande,UK,28,m,US,Female
176,4,0.43067655807339306,Kygo,UK,28,m,NO,Male
176,5,0.38685280723454163,Ed Sheeran,UK,28,m,UK,Male
176,6,0.3562071871080222,Jess Glynne,UK,28,m,UK,Female
176,7,0.3333333333333333,Charles Bolt,UK,28,m,US,Male
176,8,0.31546487678572877,IAMX,UK,28,m,DE,Male
176,9,0.3010299956639812,Sufjan Stevens,UK,28,m,US,Male
176,10,0.2890648263178879,Tame Impala,UK,28,m,AU,Male
177,1,1.0,Ry x,US,36,m,AU,Male
177,2,0.6309297535714575,Weyes Blood,US,36,m,US,Female
177,3,0.5,Joe Goddard,US,36,m,UK,Male
177,4,0.43067655807339306,Elliott Smith,US,36,m,US,Male
177,5,0.38685280723454163,IAMX,US,36,m,DE,Male
177,6,0.3562071871080222,Christina Aguilera,US,36,m,US,Female
177,7,0.3333333333333333,Beyoncé,US,36,m,US,Female
177,8,0.31546487678572877,Toro y Moi,US,36,m,US,Male
177,9,0.3010299956639812,Britney Spears,US,36,m,US,Female
177,10,0.2890648263178879,Mariah Carey,US,36,m,US,Female
178,1,1.0,John Maus,ES,29,m,US,Male
178,2,0.6309297535714575,Queen,ES,29,m,JP,Female
178,3,0.5,Chelsea Wolfe,ES,29,m,US,Female
178,4,0.43067655807339306,Ed Sheeran,ES,29,m,UK,Male
178,5,0.38685280723454163,Ry x,ES,29,m,AU,Male
178,6,0.3562071871080222,Ariana Grande,ES,29,m,US,Female
178,7,0.3333333333333333,Joe Goddard,ES,29,m,UK,Male
178,8,0.31546487678572877,Weyes Blood,ES,29,m,US,Female
178,9,0.3010299956639812,Elliott Smith,ES,29,m,US,Male
178,10,0.2890648263178879,Ed Sheeran,ES,29,m,UK,Male
179,1,1.0,Ed Sheeran,UK,27,m,UK,Male
179,2,0.6309297535714575,Jess Glynne,UK,27,m,UK,Female
179,3,0.5,Charles Bolt,UK,27,m,US,Male
179,4,0.43067655807339306,Ed Sheeran,UK,27,m,UK,Male
179,5,0.38685280723454163,Twin Shadow,UK,27,m,US,Male
179,6,0.3562071871080222,Toro y Moi,UK,27,m,US,Male
179,7,0.3333333333333333,Dido,UK,27,m,UK,Female
179,8,0.31546487678572877,IAMX,UK,27,m,DE,Male
179,9,0.3010299956639812,Dennis Lloyd,UK,27,m,IL,Male
179,10,0.2890648263178879,Christina Aguilera,UK,27,m,US,Female
181,1,1.0,Queen,PT,25,m,JP,Female
181,2,0.6309297535714575,John Maus,PT,25,m,US,Male
181,3,0.5,Ry x,PT,25,m,AU,Male
181,4,0.43067655807339306,Jess Glynne,PT,25,m,UK,Female
181,5,0.38685280723454163,AFI,PT,25,m,US,Female
181,6,0.3562071871080222,Gregory Alan Isakov,PT,25,m,US,Male
181,7,0.3333333333333333,Joe Goddard,PT,25,m,UK,Male
181,8,0.31546487678572877,Elliott Smith,PT,25,m,US,Male
181,9,0.3010299956639812,Charles Bolt,PT,25,m,US,Male
181,10,0.2890648263178879,Christina Aguilera,PT,25,m,US,Female
182,1,1.0,Oneohtrix Point Never,DE,26,m,US,Male
182,2,0.6309297535714575,Ariana Grande,DE,26,m,US,Female
182,3,0.5,John Maus,DE,26,m,US,Male
182,4,0.43067655807339306,Chelsea Wolfe,DE,26,m,US,Female
182,5,0.38685280723454163,Madonna,DE,26,m,US,Female
182,6,0.3562071871080222,Elvis Presley,DE,26,m,US,Male
182,7,0.3333333333333333,Laura Marling,DE,26,m,UK,Female
182,8,0.31546487678572877,Seal,DE,26,m,UK,Male
182,9,0.3010299956639812,PJ Harvey,DE,26,m,UK,Female
182,10,0.2890648263178879,Devendra Banhart,DE,26,m,US,Male
183,1,1.0,Kurt Vile,US,25,m,US,Male
183,2,0.6309297535714575,Angel Olsen,US,25,m,US,Female
183,3,0.5,Adele,US,25,m,UK,Female
183,4,0.43067655807339306,George Ezra,US,25,m,UK,Male
183,5,0.38685280723454163,Marilyn Manson,US,25,m,US,Male
183,6,0.3562071871080222,Sia,US,25,m,AU,Female
183,7,0.3333333333333333,Helado Negro,US,25,m,US,Male
183,8,0.31546487678572877,James Blake,US,25,m,UK,Male
183,9,0.3010299956639812,Spinvis,US,25,m,NL,Male
183,10,0.2890648263178879,Madonna,US,25,m,US,Female
184,1,1.0,Chelsea Wolfe,BR,20,m,US,Female
184,2,0.6309297535714575,Jennifer Paige,BR,20,m,US,Female
184,3,0.5,Ed Sheeran,BR,20,m,UK,Male
184,4,0.43067655807339306,Peter Bradley Adams,BR,20,m,US,Male
184,5,0.38685280723454163,Tame Impala,BR,20,m,AU,Male
184,6,0.3562071871080222,Queen,BR,20,m,JP,Female
184,7,0.3333333333333333,Pional,BR,20,m,ES,Male
184,8,0.31546487678572877,Ariana Grande,BR,20,m,US,Female
184,9,0.3010299956639812,Earl Sweatshirt,BR,20,m,US,Male
184,10,0.2890648263178879,Leonard Cohen,BR,20,m,CA,Male
185,1,1.0,Frank Ocean,NL,22,m,US,Male
185,2,0.6309297535714575,Ry x,NL,22,m,AU,Male
185,3,0.5,Joe Goddard,NL,22,m,UK,Male
185,4,0.43067655807339306,Weyes Blood,NL,22,m,US,Female
185,5,0.38685280723454163,Elliott Smith,NL,22,m,US,Male
185,6,0.3562071871080222,AFI,NL,22,m,US,Female
185,7,0.3333333333333333,Lana Del Rey,NL,22,m,US,Female
185,8,0.31546487678572877,Gregory Alan Isakov,NL,22,m,US,Male
185,9,0.3010299956639812,Twin Shadow,NL,22,m,US,Male
185,10,0.2890648263178879,Toro y Moi,NL,22,m,US,Male
186,1,1.0,Elvis Presley,FR,33,m,US,Male
186,2,0.6309297535714575,Billy Joel,FR,33,m,US,Male
186,3,0.5,Carpenter Brut,FR,33,m,FR,Male
186,4,0.43067655807339306,Bob Marley & The Wailers,FR,33,m,JM,Male
186,5,0.38685280723454163,Sharon Van Etten,FR,33,m,US,Female
186,6,0.3562071871080222,Ozzy Osbourne,FR,33,m,UK,Male
186,7,0.3333333333333333,Justin Timberlake,FR,33,m,US,Male
186,8,0.31546487678572877,Queen,FR,33,m,JP,Female
186,9,0.3010299956639812,Marilyn Manson,FR,33,m,US,Male
186,10,0.2890648263178879,Lana Del Rey,FR,33,m,US,Female
187,1,1.0,IAMX,CA,27,m,DE,Male
187,2,0.6309297535714575,Christina Aguilera,CA,27,m,US,Female
187,3,0.5,Beyoncé,CA,27,m,US,Female
187,4,0.43067655807339306,Dennis Lloyd,CA,27,m,IL,Male
187,5,0.38685280723454163,Britney Spears,CA,27,m,US,Female
187,6,0.3562071871080222,Mariah Carey,CA,27,m,US,Female
187,7,0.3333333333333333,Rihanna,CA,27,m,UK,Female
187,8,0.31546487678572877,Ry x,CA,27,m,AU,Male
187,9,0.3010299956639812,Avril Lavigne,CA,27,m,CA,Female
187,10,0.2890648263178879,Lana Del Rey,CA,27,m,US,Female
188,1,1.0,Ry x,UK,22,m,AU,Male
188,2,0.6309297535714575,Weyes Blood,UK,22,m,US,Female
188,3,0.5,Elliott Smith,UK,22,m,US,Male
188,4,0.43067655807339306,Twin Shadow,UK,22,m,US,Male
188,5,0.38685280723454163,Toro y Moi,UK,22,m,US,Male
188,6,0.3562071871080222,IAMX,UK,22,m,DE,Male
188,7,0.3333333333333333,Dido,UK,22,m,UK,Female
188,8,0.31546487678572877,Moby,UK,22,m,US,Male
188,9,0.3010299956639812,Gregory Alan Isakov,UK,22,m,US,Male
188,10,0.2890648263178879,AFI,UK,22,m,US,Female
189,1,1.0,Kanye West,CA,23,m,US,Male
189,2,0.6309297535714575,Michael Jackson,CA,23,m,US,Male
189,3,0.5,Damien Jurado,CA,23,m,US,Male
189,4,0.43067655807339306,PJ Harvey,CA,23,m,UK,Female
189,5,0.38685280723454163,Mac DeMarco,CA,23,m,CA,Male
189,6,0.3562071871080222,Bat for Lashes,CA,23,m,UK,Female
189,7,0.3333333333333333,Sharon Van Etten,CA,23,m,US,Female
189,8,0.31546487678572877,Chelsea Wolfe,CA,23,m,US,Female
189,9,0.3010299956639812,Lorde,CA,23,m,NZ,Female
189,10,0.2890648263178879,Oneohtrix Point Never,CA,23,m,US,Male
190,1,1.0,Sharon Van Etten,PT,27,m,US,Female
190,2,0.6309297535714575,PJ Harvey,PT,27,m,UK,Female
190,3,0.5,Paula Abdul,PT,27,m,US,Female
190,4,0.43067655807339306,Rita Ora,PT,27,m,UK,Female
190,5,0.38685280723454163,Rush,PT,27,m,US,Male
190,6,0.3562071871080222,Rob Zombie,PT,27,m,US,Male
190,7,0.3333333333333333,Michael Jackson,PT,27,m,US,Male
190,8,0.31546487678572877,Red,PT,27,m,PL,Male
190,9,0.3010299956639812,Emma Ruth Rundle,PT,27,m,US,Female
190,10,0.2890648263178879,Jay Reatard,PT,27,m,US,Male
191,1,1.0,Ariana Grande,AR,28,m,US,Female
191,2,0.6309297535714575,Kygo,AR,28,m,NO,Male
191,3,0.5,Jess Glynne,AR,28,m,UK,Female
191,4,0.43067655807339306,Charles Bolt,AR,28,m,US,Male
191,5,0.38685280723454163,Toro y Moi,AR,28,m,US,Male
191,6,0.3562071871080222,Twin Shadow,AR,28,m,US,Male
191,7,0.3333333333333333,Dennis Lloyd,AR,28,m,IL,Male
191,8,0.31546487678572877,AFI,AR,28,m,US,Female
191,9,0.3010299956639812,Moby,AR,28,m,US,Male
191,10,0.2890648263178879,Dimension,AR,28,m,ES,Male
192,1,1.0,Grimes,US,25,m,CA,Female
192,2,0.6309297535714575,Thom Yorke,US,25,m,UK,Male
192,3,0.5,Apparat,US,25,m,DE,Male
192,4,0.43067655807339306,Ariana Grande,US,25,m,US,Female
192,5,0.38685280723454163,Ariana Grande,US,25,m,US,Female
192,6,0.3562071871080222,Rihanna,US,25,m,UK,Female
192,7,0.3333333333333333,John Maus,US,25,m,US,Male
192,8,0.31546487678572877,Ariana Grande,US,25,m,US,Female
192,9,0.3010299956639812,Kurt Vile,US,25,m,US,Male
192,10,0.2890648263178879,Britney Spears,US,25,m,US,Female
193,1,1.0,Elvis Presley,UK,27,m,US,Male
193,2,0.6309297535714575,Angel Olsen,UK,27,m,US,Female
193,3,0.5,Madonna,UK,27,m,US,Female
193,4,0.43067655807339306,Ariana Grande,UK,27,m,US,Female
193,5,0.38685280723454163,Jay Reatard,UK,27,m,US,Male
193,6,0.3562071871080222,Marissa Nadler,UK,27,m,US,Female
193,7,0.3333333333333333,Leonard Cohen,UK,27,m,CA,Male
193,8,0.31546487678572877,Seal,UK,27,m,UK,Male
193,9,0.3010299956639812,Kurt Vile,UK,27,m,US,Male
193,10,0.2890648263178879,King Krule,UK,27,m,UK,Male
194,1,1.0,Grimes,UK,25,m,CA,Female
194,2,0.6309297535714575,Kurt Vile,UK,25,m,US,Male
194,3,0.5,Queen,UK,25,m,JP,Female
194,4,0.43067655807339306,Chelsea Wolfe,UK,25,m,US,Female
194,5,0.38685280723454163,Frank Ocean,UK,25,m,US,Male
194,6,0.3562071871080222,Weyes Blood,UK,25,m,US,Female
194,7,0.3333333333333333,Charles Bolt,UK,25,m,US,Male
194,8,0.31546487678572877,John Maus,UK,25,m,US,Male
194,9,0.3010299956639812,Pedro Sampaio,UK,25,m,BR,Male
194,10,0.2890648263178879,Ariana Grande,UK,25,m,US,Female
196,1,1.0,Lily Allen,MX,25,m,UK,Female
196,2,0.6309297535714575,Weyes Blood,MX,25,m,US,Female
196,3,0.5,John Maus,MX,25,m,US,Male
196,4,0.43067655807339306,Ry x,MX,25,m,AU,Male
196,5,0.38685280723454163,Lisa Miskovsky,MX,25,m,SE,Female
196,6,0.3562071871080222,Katy Perry,MX,25,m,US,Female
196,7,0.3333333333333333,Weyes Blood,MX,25,m,US,Female
196,8,0.31546487678572877,Louis Tomlinson,MX,25,m,UK,Male
196,9,0.3010299956639812,Jennifer Paige,MX,25,m,US,Female
196,10,0.2890648263178879,Elliott Smith,MX,25,m,US,Male
198,1,1.0,Lily Allen,US,20,m,UK,Female
198,2,0.6309297535714575,Queen,US,20,m,JP,Female
198,3,0.5,Katy Perry,US,20,m,US,Female
198,4,0.43067655807339306,Jennifer Paige,US,20,m,US,Female
198,5,0.38685280723454163,Louis Tomlinson,US,20,m,UK,Male
198,6,0.3562071871080222,Chelsea Wolfe,US,20,m,US,Female
198,7,0.3333333333333333,Tove Lo,US,20,m,SE,Female
198,8,0.31546487678572877,Ed Sheeran,US,20,m,UK,Male
198,9,0.3010299956639812,Elliott Smith,US,20,m,US,Male
198,10,0.2890648263178879,Ariana Grande,US,20,m,US,Female
199,1,1.0,Marilyn Manson,BR,26,f,US,Male
199,2,0.6309297535714575,Sia,BR,26,f,AU,Female
199,3,0.5,Elvis Presley,BR,26,f,US,Male
199,4,0.43067655807339306,Seal,BR,26,f,UK,Male
199,5,0.38685280723454163,Madonna,BR,26,f,US,Female
199,6,0.3562071871080222,Kurt Vile,BR,26,f,US,Male
199,7,0.3333333333333333,Angel Olsen,BR,26,f,US,Female
199,8,0.31546487678572877,Jeff Buckley,BR,26,f,US,Male
199,9,0.3010299956639812,Chelsea Wolfe,BR,26,f,US,Female
199,10,0.2890648263178879,Leonard Cohen,BR,26,f,CA,Male
200,1,1.0,Grimes,RU,26,m,CA,Female
200,2,0.6309297535714575,Kurt Vile,RU,26,m,US,Male
200,3,0.5,Weyes Blood,RU,26,m,US,Female
200,4,0.43067655807339306,Sabrina Carpenter,RU,26,m,US,Female
200,5,0.38685280723454163,Ellie Goulding,RU,26,m,UK,Female
200,6,0.3562071871080222,Frank Ocean,RU,26,m,US,Male
200,7,0.3333333333333333,Alexander Rybak,RU,26,m,NO,Male
200,8,0.31546487678572877,Dawn Richard,RU,26,m,US,Female
200,9,0.3010299956639812,John Maus,RU,26,m,US,Male
200,10,0.2890648263178879,Mariah Carey,RU,26,m,US,Female
201,1,1.0,Sia,BR,30,m,AU,Female
201,2,0.6309297535714575,Kurt Vile,BR,30,m,US,Male
201,3,0.5,Adele,BR,30,m,UK,Female
201,4,0.43067655807339306,Emma Ruth Rundle,BR,30,m,US,Female
201,5,0.38685280723454163,Danny Brown,BR,30,m,US,Male
201,6,0.3562071871080222,Madonna,BR,30,m,US,Female
201,7,0.3333333333333333,Leonard Cohen,BR,30,m,CA,Male
201,8,0.31546487678572877,Elvis Presley,BR,30,m,US,Male
201,9,0.3010299956639812,Waxahatchee,BR,30,m,US,Female
201,10,0.2890648263178879,Philip Glass,BR,30,m,US,Male
202,1,1.0,Grimes,BE,44,f,CA,Female
202,2,0.6309297535714575,IAMX,BE,44,f,DE,Male
202,3,0.5,Weyes Blood,BE,44,f,US,Female
202,4,0.43067655807339306,Frank Ocean,BE,44,f,US,Male
202,5,0.38685280723454163,John Maus,BE,44,f,US,Male
202,6,0.3562071871080222,Dido,BE,44,f,UK,Female
202,7,0.3333333333333333,Avril Lavigne,BE,44,f,CA,Female
202,8,0.31546487678572877,Moby,BE,44,f,US,Male
202,9,0.3010299956639812,Pedro Sampaio,BE,44,f,BR,Male
202,10,0.2890648263178879,Kelly Clarkson,BE,44,f,US,Female
203,1,1.0,Queen,FI,26,f,JP,Female
203,2,0.6309297535714575,Ry x,FI,26,f,AU,Male
203,3,0.5,Joe Goddard,FI,26,f,UK,Male
203,4,0.43067655807339306,Weyes Blood,FI,26,f,US,Female
203,5,0.38685280723454163,Elliott Smith,FI,26,f,US,Male
203,6,0.3562071871080222,Pedro Sampaio,FI,26,f,BR,Male
203,7,0.3333333333333333,Moby,FI,26,f,US,Male
203,8,0.31546487678572877,AFI,FI,26,f,US,Female
203,9,0.3010299956639812,Toro y Moi,FI,26,f,US,Male
203,10,0.2890648263178879,Kelly Clarkson,FI,26,f,US,Female
204,1,1.0,Queen,BR,24,m,JP,Female
204,2,0.6309297535714575,Chelsea Wolfe,BR,24,m,US,Female
204,3,0.5,Charles Bolt,BR,24,m,US,Male
204,4,0.43067655807339306,John Maus,BR,24,m,US,Male
204,5,0.38685280723454163,Cécile McLorin Salvant,BR,24,m,FR,Female
204,6,0.3562071871080222,Ry x,BR,24,m,AU,Male
204,7,0.3333333333333333,Weyes Blood,BR,24,m,US,Female
204,8,0.31546487678572877,Beyoncé,BR,24,m,US,Female
204,9,0.3010299956639812,Britney Spears,BR,24,m,US,Female
204,10,0.2890648263178879,Blueface,BR,24,m,US,Male
205,1,1.0,Louis Tomlinson,DE,27,m,UK,Male
205,2,0.6309297535714575,Jennifer Paige,DE,27,m,US,Female
205,3,0.5,Queen,DE,27,m,JP,Female
205,4,0.43067655807339306,Tove Lo,DE,27,m,SE,Female
205,5,0.38685280723454163,Chelsea Wolfe,DE,27,m,US,Female
205,6,0.3562071871080222,Ed Sheeran,DE,27,m,UK,Male
205,7,0.3333333333333333,Ariana Grande,DE,27,m,US,Female
205,8,0.31546487678572877,Kygo,DE,27,m,NO,Male
205,9,0.3010299956639812,Ry x,DE,27,m,AU,Male
205,10,0.2890648263178879,Jess Glynne,DE,27,m,UK,Female
206,1,1.0,Ed Sheeran,BG,30,m,UK,Male
206,2,0.6309297535714575,Ed Sheeran,BG,30,m,UK,Male
206,3,0.5,Mayhem,BG,30,m,CA,Female
206,4,0.43067655807339306,Jess Glynne,BG,30,m,UK,Female
206,5,0.38685280723454163,Elliott Smith,BG,30,m,US,Male
206,6,0.3562071871080222,Charles Bolt,BG,30,m,US,Male
206,7,0.3333333333333333,IAMX,BG,30,m,DE,Male
206,8,0.31546487678572877,Toro y Moi,BG,30,m,US,Male
206,9,0.3010299956639812,YOB,BG,30,m,UK,Male
206,10,0.2890648263178879,Dimension,BG,30,m,ES,Male
207,1,1.0,Queen,BE,38,m,JP,Female
207,2,0.6309297535714575,Chelsea Wolfe,BE,38,m,US,Female
207,3,0.5,Jennifer Paige,BE,38,m,US,Female
207,4,0.43067655807339306,Louis Tomlinson,BE,38,m,UK,Male
207,5,0.38685280723454163,Ed Sheeran,BE,38,m,UK,Male
207,6,0.3562071871080222,Tove Lo,BE,38,m,SE,Female
207,7,0.3333333333333333,Ariana Grande,BE,38,m,US,Female
207,8,0.31546487678572877,Kygo,BE,38,m,NO,Male
207,9,0.3010299956639812,Pional,BE,38,m,ES,Male
207,10,0.2890648263178879,Leonard Cohen,BE,38,m,CA,Male
209,1,1.0,Ed Sheeran,UK,23,m,UK,Male
209,2,0.6309297535714575,Queen,UK,23,m,JP,Female
209,3,0.5,Weyes Blood,UK,23,m,US,Female
209,4,0.43067655807339306,Louis Tomlinson,UK,23,m,UK,Male
209,5,0.38685280723454163,Jessica Pratt,UK,23,m,US,Female
209,6,0.3562071871080222,Ariana Grande,UK,23,m,US,Female
209,7,0.3333333333333333,Tove Lo,UK,23,m,SE,Female
209,8,0.31546487678572877,Kygo,UK,23,m,NO,Male
209,9,0.3010299956639812,Lana Del Rey,UK,23,m,US,Female
209,10,0.2890648263178879,Chelsea Wolfe,UK,23,m,US,Female
210,1,1.0,Queen,FI,19,f,JP,Female
210,2,0.6309297535714575,Ed Sheeran,FI,19,f,UK,Male
210,3,0.5,Ariana Grande,FI,19,f,US,Female
210,4,0.43067655807339306,Kygo,FI,19,f,NO,Male
210,5,0.38685280723454163,Jess Glynne,FI,19,f,UK,Female
210,6,0.3562071871080222,Ed Sheeran,FI,19,f,UK,Male
210,7,0.3333333333333333,Ry x,FI,19,f,AU,Male
210,8,0.31546487678572877,Charles Bolt,FI,19,f,US,Male
210,9,0.3010299956639812,Dennis Lloyd,FI,19,f,IL,Male
210,10,0.2890648263178879,Weyes Blood,FI,19,f,US,Female
211,1,1.0,Madonna,BG,33,f,US,Female
211,2,0.6309297535714575,Pedro Sampaio,BG,33,f,BR,Male
211,3,0.5,Chris Rea,BG,33,f,UK,Male
211,4,0.43067655807339306,Mariah Carey,BG,33,f,US,Female
211,5,0.38685280723454163,Sophie Ellis-Bextor,BG,33,f,UK,Female
211,6,0.3562071871080222,Avril Lavigne,BG,33,f,CA,Female
211,7,0.3333333333333333,Ester Peony,BG,33,f,RO,Female
211,8,0.31546487678572877,Madonna,BG,33,f,US,Female
211,9,0.3010299956639812,Cher,BG,33,f,US,Female
211,10,0.2890648263178879,Britney Spears,BG,33,f,US,Female
212,1,1.0,Kygo,DE,24,m,NO,Male
212,2,0.6309297535714575,Ry x,DE,24,m,AU,Male
212,3,0.5,Weyes Blood,DE,24,m,US,Female
212,4,0.43067655807339306,Jess Glynne,DE,24,m,UK,Female
212,5,0.38685280723454163,Joe Goddard,DE,24,m,UK,Male
212,6,0.3562071871080222,Charles Bolt,DE,24,m,US,Male
212,7,0.3333333333333333,Elliott Smith,DE,24,m,US,Male
212,8,0.31546487678572877,Toro y Moi,DE,24,m,US,Male
212,9,0.3010299956639812,Dennis Lloyd,DE,24,m,IL,Male
212,10,0.2890648263178879,Twin Shadow,DE,24,m,US,Male
213,1,1.0,Billy Joel,LV,32,m,US,Male
213,2,0.6309297535714575,Carpenter Brut,LV,32,m,FR,Male
213,3,0.5,Bob Marley & The Wailers,LV,32,m,JM,Male
213,4,0.43067655807339306,Ozzy Osbourne,LV,32,m,UK,Male
213,5,0.38685280723454163,Justin Timberlake,LV,32,m,US,Male
213,6,0.3562071871080222,Wild Nothing,LV,32,m,US,Male
213,7,0.3333333333333333,Flume,LV,32,m,AU,Male
213,8,0.31546487678572877,Queen,LV,32,m,JP,Female
213,9,0.3010299956639812,Marissa Nadler,LV,32,m,US,Female
213,10,0.2890648263178879,Chelsea Wolfe,LV,32,m,US,Female
214,1,1.0,Damien Jurado,DE,21,m,US,Male
214,2,0.6309297535714575,Mac DeMarco,DE,21,m,CA,Male
214,3,0.5,Sharon Van Etten,DE,21,m,US,Female
214,4,0.43067655807339306,Bat for Lashes,DE,21,m,UK,Female
214,5,0.38685280723454163,Chelsea Wolfe,DE,21,m,US,Female
214,6,0.3562071871080222,Justin Timberlake,DE,21,m,US,Male
214,7,0.3333333333333333,Queen,DE,21,m,JP,Female
214,8,0.31546487678572877,Marilyn Manson,DE,21,m,US,Male
214,9,0.3010299956639812,Frank Ocean,DE,21,m,US,Male
214,10,0.2890648263178879,Wild Nothing,DE,21,m,US,Male
215,1,1.0,Grimes,UK,33,m,CA,Female
215,2,0.6309297535714575,Lily Allen,UK,33,m,UK,Female
215,3,0.5,John Maus,UK,33,m,US,Male
215,4,0.43067655807339306,Lisa Miskovsky,UK,33,m,SE,Female
215,5,0.38685280723454163,Louis Tomlinson,UK,33,m,UK,Male
215,6,0.3562071871080222,Katy Perry,UK,33,m,US,Female
215,7,0.3333333333333333,Chelsea Wolfe,UK,33,m,US,Female
215,8,0.31546487678572877,Apparat,UK,33,m,DE,Male
215,9,0.3010299956639812,Kanye West,UK,33,m,US,Male
215,10,0.2890648263178879,Tove Lo,UK,33,m,SE,Female
216,1,1.0,Ry x,RU,26,m,AU,Male
216,2,0.6309297535714575,Weyes Blood,RU,26,m,US,Female
216,3,0.5,Joe Goddard,RU,26,m,UK,Male
216,4,0.43067655807339306,Jess Glynne,RU,26,m,UK,Female
216,5,0.38685280723454163,Elliott Smith,RU,26,m,US,Male
216,6,0.3562071871080222,Charles Bolt,RU,26,m,US,Male
216,7,0.3333333333333333,Toro y Moi,RU,26,m,US,Male
216,8,0.31546487678572877,IAMX,RU,26,m,DE,Male
216,9,0.3010299956639812,Twin Shadow,RU,26,m,US,Male
216,10,0.2890648263178879,Dennis Lloyd,RU,26,m,IL,Male
217,1,1.0,Ry x,RU,26,m,AU,Male
217,2,0.6309297535714575,Weyes Blood,RU,26,m,US,Female
217,3,0.5,Joe Goddard,RU,26,m,UK,Male
217,4,0.43067655807339306,Elliott Smith,RU,26,m,US,Male
217,5,0.38685280723454163,Charles Bolt,RU,26,m,US,Male
217,6,0.3562071871080222,Twin Shadow,RU,26,m,US,Male
217,7,0.3333333333333333,Toro y Moi,RU,26,m,US,Male
217,8,0.31546487678572877,IAMX,RU,26,m,DE,Male
217,9,0.3010299956639812,Dido,RU,26,m,UK,Female
217,10,0.2890648263178879,Dennis Lloyd,RU,26,m,IL,Male
218,1,1.0,Frank Ocean,SE,33,m,US,Male
218,2,0.6309297535714575,Weyes Blood,SE,33,m,US,Female
218,3,0.5,Rihanna,SE,33,m,UK,Female
218,4,0.43067655807339306,Milow,SE,33,m,BE,Male
218,5,0.38685280723454163,John Maus,SE,33,m,US,Male
218,6,0.3562071871080222,Alexander Rybak,SE,33,m,NO,Male
218,7,0.3333333333333333,Nik Kershaw,SE,33,m,UK,Male
218,8,0.31546487678572877,Madonna,SE,33,m,US,Female
218,9,0.3010299956639812,Kelly Clarkson,SE,33,m,US,Female
218,10,0.2890648263178879,Oliver Koletzki,SE,33,m,DE,Male
219,1,1.0,Kanye West,SE,22,m,US,Male
219,2,0.6309297535714575,Avril Lavigne,SE,22,m,CA,Female
219,3,0.5,Jennifer Lopez,SE,22,m,US,Female
219,4,0.43067655807339306,Lily Allen,SE,22,m,UK,Female
219,5,0.38685280723454163,Queen,SE,22,m,JP,Female
219,6,0.3562071871080222,Jennifer Paige,SE,22,m,US,Female
219,7,0.3333333333333333,Katy Perry,SE,22,m,US,Female
219,8,0.31546487678572877,Chelsea Wolfe,SE,22,m,US,Female
219,9,0.3010299956639812,Louis Tomlinson,SE,22,m,UK,Male
219,10,0.2890648263178879,Tove Lo,SE,22,m,SE,Female
220,1,1.0,Queen,RU,23,m,JP,Female
220,2,0.6309297535714575,John Maus,RU,23,m,US,Male
220,3,0.5,Ry x,RU,23,m,AU,Male
220,4,0.43067655807339306,Dimension,RU,23,m,ES,Male
220,5,0.38685280723454163,Weyes Blood,RU,23,m,US,Female
220,6,0.3562071871080222,Moby,RU,23,m,US,Male
220,7,0.3333333333333333,Joe Goddard,RU,23,m,UK,Male
220,8,0.31546487678572877,Selena Gomez,RU,23,m,US,Female
220,9,0.3010299956639812,Pedro Sampaio,RU,23,m,BR,Male
220,10,0.2890648263178879,Elliott Smith,RU,23,m,US,Male
221,1,1.0,Jess Glynne,US,24,m,UK,Female
221,2,0.6309297535714575,Christina Aguilera,US,24,m,US,Female
221,3,0.5,Chelsea Wolfe,US,24,m,US,Female
221,4,0.43067655807339306,Queen,US,24,m,JP,Female
221,5,0.38685280723454163,Ben Howard,US,24,m,UK,Male
221,6,0.3562071871080222,Rihanna,US,24,m,UK,Female
221,7,0.3333333333333333,Kendrick Lamar,US,24,m,US,Male
221,8,0.31546487678572877,Mariah Carey,US,24,m,US,Female
221,9,0.3010299956639812,Britney Spears,US,24,m,US,Female
221,10,0.2890648263178879,Kacey Musgraves,US,24,m,US,Female
223,1,1.0,Ariana Grande,SE,43,m,US,Female
223,2,0.6309297535714575,Elvis Presley,SE,43,m,US,Male
223,3,0.5,Seal,SE,43,m,UK,Male
223,4,0.43067655807339306,Billy Joel,SE,43,m,US,Male
223,5,0.38685280723454163,Sharon Van Etten,SE,43,m,US,Female
223,6,0.3562071871080222,Carpenter Brut,SE,43,m,FR,Male
223,7,0.3333333333333333,Kanye West,SE,43,m,US,Male
223,8,0.31546487678572877,Oneohtrix Point Never,SE,43,m,US,Male
223,9,0.3010299956639812,Bob Marley & The Wailers,SE,43,m,JM,Male
223,10,0.2890648263178879,Ozzy Osbourne,SE,43,m,UK,Male
224,1,1.0,Panda Bear,NL,29,m,US,Male
224,2,0.6309297535714575,Oneohtrix Point Never,NL,29,m,US,Male
224,3,0.5,Chelsea Wolfe,NL,29,m,US,Female
224,4,0.43067655807339306,John Maus,NL,29,m,US,Male
224,5,0.38685280723454163,Laura Marling,NL,29,m,UK,Female
224,6,0.3562071871080222,Arca,NL,29,m,VE,Non-binary
224,7,0.3333333333333333,Carpenter Brut,NL,29,m,FR,Male
224,8,0.31546487678572877,Billy Joel,NL,29,m,US,Male
224,9,0.3010299956639812,PJ Harvey,NL,29,m,UK,Female
224,10,0.2890648263178879,Devendra Banhart,NL,29,m,US,Male
225,1,1.0,Ariana Grande,PL,28,m,US,Female
225,2,0.6309297535714575,Queen,PL,28,m,JP,Female
225,3,0.5,Tove Lo,PL,28,m,SE,Female
225,4,0.43067655807339306,Chelsea Wolfe,PL,28,m,US,Female
225,5,0.38685280723454163,Ed Sheeran,PL,28,m,UK,Male
225,6,0.3562071871080222,Kygo,PL,28,m,NO,Male
225,7,0.3333333333333333,Charles Bolt,PL,28,m,US,Male
225,8,0.31546487678572877,Perfume Genius,PL,28,m,US,Male
225,9,0.3010299956639812,Leonard Cohen,PL,28,m,CA,Male
225,10,0.2890648263178879,Ed Sheeran,PL,28,m,UK,Male
226,1,1.0,Pusha T,RU,37,m,US,Male
226,2,0.6309297535714575,Dean Blunt,RU,37,m,UK,Male
226,3,0.5,Dolly Parton,RU,37,m,US,Female
226,4,0.43067655807339306,Mac DeMarco,RU,37,m,CA,Male
226,5,0.38685280723454163,Twin Shadow,RU,37,m,US,Male
226,6,0.3562071871080222,Taylor McFerrin,RU,37,m,US,Male
226,7,0.3333333333333333,Wild Nothing,RU,37,m,US,Male
226,8,0.31546487678572877,Emma Ruth Rundle,RU,37,m,US,Female
226,9,0.3010299956639812,Toro y Moi,RU,37,m,US,Male
226,10,0.2890648263178879,Sharon Van Etten,RU,37,m,US,Female
227,1,1.0,Jess Glynne,UK,23,m,UK,Female
227,2,0.6309297535714575,Charles Bolt,UK,23,m,US,Male
227,3,0.5,IAMX,UK,23,m,DE,Male
227,4,0.43067655807339306,Twin Shadow,UK,23,m,US,Male
227,5,0.38685280723454163,Dido,UK,23,m,UK,Female
227,6,0.3562071871080222,Dennis Lloyd,UK,23,m,IL,Male
227,7,0.3333333333333333,Christina Aguilera,UK,23,m,US,Female
227,8,0.31546487678572877,Moby,UK,23,m,US,Male
227,9,0.3010299956639812,Beyoncé,UK,23,m,US,Female
227,10,0.2890648263178879,Britney Spears,UK,23,m,US,Female
228,1,1.0,Apparat,US,28,m,DE,Male
228,2,0.6309297535714575,Weyes Blood,US,28,m,US,Female
228,3,0.5,Louis Tomlinson,US,28,m,UK,Male
228,4,0.43067655807339306,Lisa Miskovsky,US,28,m,SE,Female
228,5,0.38685280723454163,Mariah Carey,US,28,m,US,Female
228,6,0.3562071871080222,Camila Cabello,US,28,m,US,Female
228,7,0.3333333333333333,Beyoncé,US,28,m,US,Female
228,8,0.31546487678572877,Weyes Blood,US,28,m,US,Female
228,9,0.3010299956639812,Mariah Carey,US,28,m,US,Female
228,10,0.2890648263178879,John Maus,US,28,m,US,Male
229,1,1.0,Paula Abdul,PL,32,m,US,Female
229,2,0.6309297535714575,Rush,PL,32,m,US,Male
229,3,0.5,Leonard Cohen,PL,32,m,CA,Male
229,4,0.43067655807339306,Michael Jackson,PL,32,m,US,Male
229,5,0.38685280723454163,Marissa Nadler,PL,32,m,US,Female
229,6,0.3562071871080222,Chelsea Wolfe,PL,32,m,US,Female
229,7,0.3333333333333333,Perfume Genius,PL,32,m,US,Male
229,8,0.31546487678572877,Angel Olsen,PL,32,m,US,Female
229,9,0.3010299956639812,Kendrick Lamar,PL,32,m,US,Male
229,10,0.2890648263178879,Leonard Cohen,PL,32,m,CA,Male
230,1,1.0,Oneohtrix Point Never,UA,26,m,US,Male
230,2,0.6309297535714575,Panda Bear,UA,26,m,US,Male
230,3,0.5,Ozzy Osbourne,UA,26,m,UK,Male
230,4,0.43067655807339306,Chelsea Wolfe,UA,26,m,US,Female
230,5,0.38685280723454163,Justin Timberlake,UA,26,m,US,Male
230,6,0.3562071871080222,PJ Harvey,UA,26,m,UK,Female
230,7,0.3333333333333333,Marilyn Manson,UA,26,m,US,Male
230,8,0.31546487678572877,Britney Spears,UA,26,m,US,Female
230,9,0.3010299956639812,Queen,UA,26,m,JP,Female
230,10,0.2890648263178879,Devendra Banhart,UA,26,m,US,Male
231,1,1.0,Ariana Grande,RS,29,m,US,Female
231,2,0.6309297535714575,Aldous Harding,RS,29,m,NZ,Female
231,3,0.5,Thom Yorke,RS,29,m,UK,Male
231,4,0.43067655807339306,The Kinks,RS,29,m,US,Male
231,5,0.38685280723454163,John Maus,RS,29,m,US,Male
231,6,0.3562071871080222,Apparat,RS,29,m,DE,Male
231,7,0.3333333333333333,Weyes Blood,RS,29,m,US,Female
231,8,0.31546487678572877,Rihanna,RS,29,m,UK,Female
231,9,0.3010299956639812,J Balvin,RS,29,m,CO,Male
231,10,0.2890648263178879,Sia,RS,29,m,AU,Female
232,1,1.0,Weyes Blood,AT,26,m,US,Female
232,2,0.6309297535714575,Dennis Lloyd,AT,26,m,IL,Male
232,3,0.5,Christina Aguilera,AT,26,m,US,Female
232,4,0.43067655807339306,IAMX,AT,26,m,DE,Male
232,5,0.38685280723454163,Rihanna,AT,26,m,UK,Female
232,6,0.3562071871080222,Britney Spears,AT,26,m,US,Female
232,7,0.3333333333333333,Beyoncé,AT,26,m,US,Female
232,8,0.31546487678572877,Dido,AT,26,m,UK,Female
232,9,0.3010299956639812,Moby,AT,26,m,US,Male
232,10,0.2890648263178879,Gregory Alan Isakov,AT,26,m,US,Male
233,1,1.0,Queen,NL,20,m,JP,Female
233,2,0.6309297535714575,IAMX,NL,20,m,DE,Male
233,3,0.5,Pat Benatar,NL,20,m,US,Female
233,4,0.43067655807339306,AFI,NL,20,m,US,Female
233,5,0.38685280723454163,Ry x,NL,20,m,AU,Male
233,6,0.3562071871080222,Pedro Sampaio,NL,20,m,BR,Male
233,7,0.3333333333333333,Joe Goddard,NL,20,m,UK,Male
233,8,0.31546487678572877,Lana Del Rey,NL,20,m,US,Female
233,9,0.3010299956639812,Norah Jones,NL,20,m,US,Female
233,10,0.2890648263178879,Madison Beer,NL,20,m,US,Female
234,1,1.0,Queen,AU,30,m,JP,Female
234,2,0.6309297535714575,Lily Allen,AU,30,m,UK,Female
234,3,0.5,Chelsea Wolfe,AU,30,m,US,Female
234,4,0.43067655807339306,Tame Impala,AU,30,m,AU,Male
234,5,0.38685280723454163,Louis Tomlinson,AU,30,m,UK,Male
234,6,0.3562071871080222,Leonard Cohen,AU,30,m,CA,Male
234,7,0.3333333333333333,Katy Perry,AU,30,m,US,Female
234,8,0.31546487678572877,Ed Sheeran,AU,30,m,UK,Male
234,9,0.3010299956639812,Jennifer Paige,AU,30,m,US,Female
234,10,0.2890648263178879,Chelsea Wolfe,AU,30,m,US,Female
235,1,1.0,Jennifer Paige,DE,23,m,US,Female
235,2,0.6309297535714575,Chelsea Wolfe,DE,23,m,US,Female
235,3,0.5,Louis Tomlinson,DE,23,m,UK,Male
235,4,0.43067655807339306,Tove Lo,DE,23,m,SE,Female
235,5,0.38685280723454163,Ed Sheeran,DE,23,m,UK,Male
235,6,0.3562071871080222,Ariana Grande,DE,23,m,US,Female
235,7,0.3333333333333333,Kygo,DE,23,m,NO,Male
235,8,0.31546487678572877,Twin Shadow,DE,23,m,US,Male
235,9,0.3010299956639812,Jess Glynne,DE,23,m,UK,Female
235,10,0.2890648263178879,Ed Sheeran,DE,23,m,UK,Male
236,1,1.0,Jess Glynne,RU,22,f,UK,Female
236,2,0.6309297535714575,Dennis Lloyd,RU,22,f,IL,Male
236,3,0.5,Elliott Smith,RU,22,f,US,Male
236,4,0.43067655807339306,IAMX,RU,22,f,DE,Male
236,5,0.38685280723454163,Dido,RU,22,f,UK,Female
236,6,0.3562071871080222,Lana Del Rey,RU,22,f,US,Female
236,7,0.3333333333333333,Christina Aguilera,RU,22,f,US,Female
236,8,0.31546487678572877,Beyoncé,RU,22,f,US,Female
236,9,0.3010299956639812,Rihanna,RU,22,f,UK,Female
236,10,0.2890648263178879,Britney Spears,RU,22,f,US,Female
237,1,1.0,Kygo,CZ,21,m,NO,Male
237,2,0.6309297535714575,Charles Bolt,CZ,21,m,US,Male
237,3,0.5,Elliott Smith,CZ,21,m,US,Male
237,4,0.43067655807339306,Jess Glynne,CZ,21,m,UK,Female
237,5,0.38685280723454163,IAMX,CZ,21,m,DE,Male
237,6,0.3562071871080222,Twin Shadow,CZ,21,m,US,Male
237,7,0.3333333333333333,Toro y Moi,CZ,21,m,US,Male
237,8,0.31546487678572877,Moby,CZ,21,m,US,Male
237,9,0.3010299956639812,AFI,CZ,21,m,US,Female
237,10,0.2890648263178879,Dennis Lloyd,CZ,21,m,IL,Male
238,1,1.0,Queen,PL,25,m,JP,Female
238,2,0.6309297535714575,Ed Sheeran,PL,25,m,UK,Male
238,3,0.5,Ariana Grande,PL,25,m,US,Female
238,4,0.43067655807339306,Ry x,PL,25,m,AU,Male
238,5,0.38685280723454163,Kygo,PL,25,m,NO,Male
238,6,0.3562071871080222,Weyes Blood,PL,25,m,US,Female
238,7,0.3333333333333333,Joe Goddard,PL,25,m,UK,Male
238,8,0.31546487678572877,Jess Glynne,PL,25,m,UK,Female
238,9,0.3010299956639812,Ed Sheeran,PL,25,m,UK,Male
238,10,0.2890648263178879,Elliott Smith,PL,25,m,US,Male
239,1,1.0,Twin Shadow,NZ,39,m,US,Male
239,2,0.6309297535714575,Jess Glynne,NZ,39,m,UK,Female
239,3,0.5,Dido,NZ,39,m,UK,Female
239,4,0.43067655807339306,Charles Bolt,NZ,39,m,US,Male
239,5,0.38685280723454163,IAMX,NZ,39,m,DE,Male
239,6,0.3562071871080222,Sufjan Stevens,NZ,39,m,US,Male
239,7,0.3333333333333333,Tame Impala,NZ,39,m,AU,Male
239,8,0.31546487678572877,Moby,NZ,39,m,US,Male
239,9,0.3010299956639812,Rihanna,NZ,39,m,UK,Female
239,10,0.2890648263178879,Lana Del Rey,NZ,39,m,US,Female
240,1,1.0,George Ezra,DE,25,m,UK,Male
240,2,0.6309297535714575,Ozzy Osbourne,DE,25,m,UK,Male
240,3,0.5,Ariana Grande,DE,25,m,US,Female
240,4,0.43067655807339306,Billy Joel,DE,25,m,US,Male
240,5,0.38685280723454163,James Blake,DE,25,m,UK,Male
240,6,0.3562071871080222,Frank Ocean,DE,25,m,US,Male
240,7,0.3333333333333333,Elvis Presley,DE,25,m,US,Male
240,8,0.31546487678572877,Lana Del Rey,DE,25,m,US,Female
240,9,0.3010299956639812,Janelle Monáe,DE,25,m,US,Non-binary
240,10,0.2890648263178879,Beck,DE,25,m,DK,Male
241,1,1.0,John Maus,TR,33,m,US,Male
241,2,0.6309297535714575,Weyes Blood,TR,33,m,US,Female
241,3,0.5,Ry x,TR,33,m,AU,Male
241,4,0.43067655807339306,Celldweller,TR,33,m,US,Male
241,5,0.38685280723454163,Joe Goddard,TR,33,m,UK,Male
241,6,0.3562071871080222,Alexander Rybak,TR,33,m,NO,Male
241,7,0.3333333333333333,Iron & Wine,TR,33,m,US,Male
241,8,0.31546487678572877,Mayhem,TR,33,m,CA,Female
241,9,0.3010299956639812,Dawn Richard,TR,33,m,US,Female
241,10,0.2890648263178879,Oliver Koletzki,TR,33,m,DE,Male
242,1,1.0,Tove Lo,BR,26,m,SE,Female
242,2,0.6309297535714575,Ed Sheeran,BR,26,m,UK,Male
242,3,0.5,Ariana Grande,BR,26,m,US,Female
242,4,0.43067655807339306,Kygo,BR,26,m,NO,Male
242,5,0.38685280723454163,Ed Sheeran,BR,26,m,UK,Male
242,6,0.3562071871080222,Charles Bolt,BR,26,m,US,Male
242,7,0.3333333333333333,Jess Glynne,BR,26,m,UK,Female
242,8,0.31546487678572877,Pional,BR,26,m,ES,Male
242,9,0.3010299956639812,Leonard Cohen,BR,26,m,CA,Male
242,10,0.2890648263178879,Jessica Pratt,BR,26,m,US,Female
243,1,1.0,Ry x,FI,24,m,AU,Male
243,2,0.6309297535714575,Dennis Lloyd,FI,24,m,IL,Male
243,3,0.5,Weyes Blood,FI,24,m,US,Female
243,4,0.43067655807339306,Joe Goddard,FI,24,m,UK,Male
243,5,0.38685280723454163,Christina Aguilera,FI,24,m,US,Female
243,6,0.3562071871080222,Britney Spears,FI,24,m,US,Female
243,7,0.3333333333333333,Elliott Smith,FI,24,m,US,Male
243,8,0.31546487678572877,Lana Del Rey,FI,24,m,US,Female
243,9,0.3010299956639812,Rihanna,FI,24,m,UK,Female
243,10,0.2890648263178879,Beyoncé,FI,24,m,US,Female
245,1,1.0,Joe Goddard,PL,22,m,UK,Male
245,2,0.6309297535714575,Weyes Blood,PL,22,m,US,Female
245,3,0.5,AFI,PL,22,m,US,Female
245,4,0.43067655807339306,Elliott Smith,PL,22,m,US,Male
245,5,0.38685280723454163,Britney Spears,PL,22,m,US,Female
245,6,0.3562071871080222,Beyoncé,PL,22,m,US,Female
245,7,0.3333333333333333,Christina Aguilera,PL,22,m,US,Female
245,8,0.31546487678572877,Moby,PL,22,m,US,Male
245,9,0.3010299956639812,Gregory Alan Isakov,PL,22,m,US,Male
245,10,0.2890648263178879,Toro y Moi,PL,22,m,US,Male
246,1,1.0,Louis Tomlinson,FI,28,m,UK,Male
246,2,0.6309297535714575,Jennifer Paige,FI,28,m,US,Female
246,3,0.5,Chelsea Wolfe,FI,28,m,US,Female
246,4,0.43067655807339306,Tove Lo,FI,28,m,SE,Female
246,5,0.38685280723454163,Ariana Grande,FI,28,m,US,Female
246,6,0.3562071871080222,Kygo,FI,28,m,NO,Male
246,7,0.3333333333333333,Ry x,FI,28,m,AU,Male
246,8,0.31546487678572877,Ed Sheeran,FI,28,m,UK,Male
246,9,0.3010299956639812,Jess Glynne,FI,28,m,UK,Female
246,10,0.2890648263178879,Elliott Smith,FI,28,m,US,Male
247,1,1.0,Elliott Smith,DE,43,m,US,Male
247,2,0.6309297535714575,IAMX,DE,43,m,DE,Male
247,3,0.5,Dennis Lloyd,DE,43,m,IL,Male
247,4,0.43067655807339306,Twin Shadow,DE,43,m,US,Male
247,5,0.38685280723454163,Moby,DE,43,m,US,Male
247,6,0.3562071871080222,Toro y Moi,DE,43,m,US,Male
247,7,0.3333333333333333,Dimension,DE,43,m,ES,Male
247,8,0.31546487678572877,AFI,DE,43,m,US,Female
247,9,0.3010299956639812,Rihanna,DE,43,m,UK,Female
247,10,0.2890648263178879,Dido,DE,43,m,UK,Female
248,1,1.0,Oneohtrix Point Never,US,26,m,US,Male
248,2,0.6309297535714575,Chelsea Wolfe,US,26,m,US,Female
248,3,0.5,Arca,US,26,m,VE,Non-binary
248,4,0.43067655807339306,Devendra Banhart,US,26,m,US,Male
248,5,0.38685280723454163,Kanye West,US,26,m,US,Male
248,6,0.3562071871080222,PJ Harvey,US,26,m,UK,Female
248,7,0.3333333333333333,Damien Jurado,US,26,m,US,Male
248,8,0.31546487678572877,Britney Spears,US,26,m,US,Female
248,9,0.3010299956639812,Mac DeMarco,US,26,m,CA,Male
248,10,0.2890648263178879,Lana Del Rey,US,26,m,US,Female
249,1,1.0,Tove Lo,TR,31,m,SE,Female
249,2,0.6309297535714575,Ariana Grande,TR,31,m,US,Female
249,3,0.5,Kygo,TR,31,m,NO,Male
249,4,0.43067655807339306,Jess Glynne,TR,31,m,UK,Female
249,5,0.38685280723454163,IAMX,TR,31,m,DE,Male
249,6,0.3562071871080222,Dennis Lloyd,TR,31,m,IL,Male
249,7,0.3333333333333333,Moby,TR,31,m,US,Male
249,8,0.31546487678572877,Dimension,TR,31,m,ES,Male
249,9,0.3010299956639812,Lana Del Rey,TR,31,m,US,Female
249,10,0.2890648263178879,AFI,TR,31,m,US,Female
250,1,1.0,IAMX,UA,26,m,DE,Male
250,2,0.6309297535714575,Dennis Lloyd,UA,26,m,IL,Male
250,3,0.5,AFI,UA,26,m,US,Female
250,4,0.43067655807339306,Britney Spears,UA,26,m,US,Female
250,5,0.38685280723454163,Christina Aguilera,UA,26,m,US,Female
250,6,0.3562071871080222,Moby,UA,26,m,US,Male
250,7,0.3333333333333333,Rihanna,UA,26,m,UK,Female
250,8,0.31546487678572877,Pat Benatar,UA,26,m,US,Female
250,9,0.3010299956639812,Dimension,UA,26,m,ES,Male
250,10,0.2890648263178879,Dido,UA,26,m,UK,Female
251,1,1.0,Weyes Blood,DE,20,m,US,Female
251,2,0.6309297535714575,Elliott Smith,DE,20,m,US,Male
251,3,0.5,Toro y Moi,DE,20,m,US,Male
251,4,0.43067655807339306,Twin Shadow,DE,20,m,US,Male
251,5,0.38685280723454163,Pat Benatar,DE,20,m,US,Female
251,6,0.3562071871080222,Beyoncé,DE,20,m,US,Female
251,7,0.3333333333333333,Rihanna,DE,20,m,UK,Female
251,8,0.31546487678572877,Britney Spears,DE,20,m,US,Female
251,9,0.3010299956639812,Dido,DE,20,m,UK,Female
251,10,0.2890648263178879,AFI,DE,20,m,US,Female
252,1,1.0,Carpenter Brut,SE,21,m,FR,Male
252,2,0.6309297535714575,Ozzy Osbourne,SE,21,m,UK,Male
252,3,0.5,Bob Marley & The Wailers,SE,21,m,JM,Male
252,4,0.43067655807339306,Kurt Vile,SE,21,m,US,Male
252,5,0.38685280723454163,Britney Spears,SE,21,m,US,Female
252,6,0.3562071871080222,Queen,SE,21,m,JP,Female
252,7,0.3333333333333333,Marilyn Manson,SE,21,m,US,Male
252,8,0.31546487678572877,Paula Abdul,SE,21,m,US,Female
252,9,0.3010299956639812,Travis Scott,SE,21,m,US,Male
252,10,0.2890648263178879,Kendrick Lamar,SE,21,m,US,Male
253,1,1.0,Ariana Grande,UK,19,m,US,Female
253,2,0.6309297535714575,Ed Sheeran,UK,19,m,UK,Male
253,3,0.5,Kygo,UK,19,m,NO,Male
253,4,0.43067655807339306,Jess Glynne,UK,19,m,UK,Female
253,5,0.38685280723454163,Ed Sheeran,UK,19,m,UK,Male
253,6,0.3562071871080222,Charles Bolt,UK,19,m,US,Male
253,7,0.3333333333333333,Dennis Lloyd,UK,19,m,IL,Male
253,8,0.31546487678572877,IAMX,UK,19,m,DE,Male
253,9,0.3010299956639812,Dido,UK,19,m,UK,Female
253,10,0.2890648263178879,Toro y Moi,UK,19,m,US,Male
254,1,1.0,Tove Lo,PL,25,f,SE,Female
254,2,0.6309297535714575,Ed Sheeran,PL,25,f,UK,Male
254,3,0.5,Kygo,PL,25,f,NO,Male
254,4,0.43067655807339306,Twin Shadow,PL,25,f,US,Male
254,5,0.38685280723454163,Toro y Moi,PL,25,f,US,Male
254,6,0.3562071871080222,Ed Sheeran,PL,25,f,UK,Male
254,7,0.3333333333333333,Jess Glynne,PL,25,f,UK,Female
254,8,0.31546487678572877,Charles Bolt,PL,25,f,US,Male
254,9,0.3010299956639812,Tame Impala,PL,25,f,AU,Male
254,10,0.2890648263178879,IAMX,PL,25,f,DE,Male
256,1,1.0,Kanye West,UK,24,m,US,Male
256,2,0.6309297535714575,Lily Allen,UK,24,m,UK,Female
256,3,0.5,Avril Lavigne,UK,24,m,CA,Female
256,4,0.43067655807339306,Queen,UK,24,m,JP,Female
256,5,0.38685280723454163,Katy Perry,UK,24,m,US,Female
256,6,0.3562071871080222,Louis Tomlinson,UK,24,m,UK,Male
256,7,0.3333333333333333,Chelsea Wolfe,UK,24,m,US,Female
256,8,0.31546487678572877,Jennifer Paige,UK,24,m,US,Female
256,9,0.3010299956639812,Ed Sheeran,UK,24,m,UK,Male
256,10,0.2890648263178879,Tove Lo,UK,24,m,SE,Female
257,1,1.0,Toro y Moi,LT,23,m,US,Male
257,2,0.6309297535714575,Ariana Grande,LT,23,m,US,Female
257,3,0.5,Grimes,LT,23,m,CA,Female
257,4,0.43067655807339306,Madonna,LT,23,m,US,Female
257,5,0.38685280723454163,Rita Ora,LT,23,m,UK,Female
257,6,0.3562071871080222,Thom Yorke,LT,23,m,UK,Male
257,7,0.3333333333333333,Weyes Blood,LT,23,m,US,Female
257,8,0.31546487678572877,Rihanna,LT,23,m,UK,Female
257,9,0.3010299956639812,Jimi Hendrix,LT,23,m,US,Male
257,10,0.2890648263178879,Apparat,LT,23,m,DE,Male
258,1,1.0,Queen,FI,20,f,JP,Female
258,2,0.6309297535714575,Jennifer Paige,FI,20,f,US,Female
258,3,0.5,Louis Tomlinson,FI,20,f,UK,Male
258,4,0.43067655807339306,Chelsea Wolfe,FI,20,f,US,Female
258,5,0.38685280723454163,Ed Sheeran,FI,20,f,UK,Male
258,6,0.3562071871080222,Kygo,FI,20,f,NO,Male
258,7,0.3333333333333333,Jess Glynne,FI,20,f,UK,Female
258,8,0.31546487678572877,Charles Bolt,FI,20,f,US,Male
258,9,0.3010299956639812,Ry x,FI,20,f,AU,Male
258,10,0.2890648263178879,Gregory Alan Isakov,FI,20,f,US,Male
259,1,1.0,Tove Lo,BG,26,m,SE,Female
259,2,0.6309297535714575,Ariana Grande,BG,26,m,US,Female
259,3,0.5,Kygo,BG,26,m,NO,Male
259,4,0.43067655807339306,Charles Bolt,BG,26,m,US,Male
259,5,0.38685280723454163,Sufjan Stevens,BG,26,m,US,Male
259,6,0.3562071871080222,Pional,BG,26,m,ES,Male
259,7,0.3333333333333333,Leonard Cohen,BG,26,m,CA,Male
259,8,0.31546487678572877,Jess Glynne,BG,26,m,UK,Female
259,9,0.3010299956639812,Jessica Pratt,BG,26,m,US,Female
259,10,0.2890648263178879,Wild Nothing,BG,26,m,US,Male
261,1,1.0,John Maus,RO,28,m,US,Male
261,2,0.6309297535714575,Chelsea Wolfe,RO,28,m,US,Female
261,3,0.5,Ry x,RO,28,m,AU,Male
261,4,0.43067655807339306,Joe Goddard,RO,28,m,UK,Male
261,5,0.38685280723454163,Charles Bolt,RO,28,m,US,Male
261,6,0.3562071871080222,Weyes Blood,RO,28,m,US,Female
261,7,0.3333333333333333,Elliott Smith,RO,28,m,US,Male
261,8,0.31546487678572877,Dennis Lloyd,RO,28,m,IL,Male
261,9,0.3010299956639812,IAMX,RO,28,m,DE,Male
261,10,0.2890648263178879,Dido,RO,28,m,UK,Female
262,1,1.0,Arca,PL,41,m,VE,Non-binary
262,2,0.6309297535714575,Oneohtrix Point Never,PL,41,m,US,Male
262,3,0.5,Kanye West,PL,41,m,US,Male
262,4,0.43067655807339306,Rush,PL,41,m,US,Male
262,5,0.38685280723454163,James Arthur,PL,41,m,UK,Male
262,6,0.3562071871080222,Wax Tailor,PL,41,m,FR,Male
262,7,0.3333333333333333,Damien Jurado,PL,41,m,US,Male
262,8,0.31546487678572877,Sharon Van Etten,PL,41,m,US,Female
262,9,0.3010299956639812,Kanye West,PL,41,m,US,Male
262,10,0.2890648263178879,Mac DeMarco,PL,41,m,CA,Male
263,1,1.0,Arca,CZ,35,m,VE,Non-binary
263,2,0.6309297535714575,Bill Callahan,CZ,35,m,US,Male
263,3,0.5,Panda Bear,CZ,35,m,US,Male
263,4,0.43067655807339306,John Maus,CZ,35,m,US,Male
263,5,0.38685280723454163,Oneohtrix Point Never,CZ,35,m,US,Male
263,6,0.3562071871080222,Caribou,CZ,35,m,CA,Male
263,7,0.3333333333333333,Panda Bear,CZ,35,m,US,Male
263,8,0.31546487678572877,Laura Marling,CZ,35,m,UK,Female
263,9,0.3010299956639812,John Maus,CZ,35,m,US,Male
263,10,0.2890648263178879,Paula Abdul,CZ,35,m,US,Female
264,1,1.0,Weyes Blood,CZ,23,m,US,Female
264,2,0.6309297535714575,Joe Goddard,CZ,23,m,UK,Male
264,3,0.5,Elliott Smith,CZ,23,m,US,Male
264,4,0.43067655807339306,Jess Glynne,CZ,23,m,UK,Female
264,5,0.38685280723454163,Twin Shadow,CZ,23,m,US,Male
264,6,0.3562071871080222,Toro y Moi,CZ,23,m,US,Male
264,7,0.3333333333333333,Charles Bolt,CZ,23,m,US,Male
264,8,0.31546487678572877,Dennis Lloyd,CZ,23,m,IL,Male
264,9,0.3010299956639812,Dido,CZ,23,m,UK,Female
264,10,0.2890648263178879,Tame Impala,CZ,23,m,AU,Male
265,1,1.0,Oneohtrix Point Never,US,25,m,US,Male
265,2,0.6309297535714575,Panda Bear,US,25,m,US,Male
265,3,0.5,Chelsea Wolfe,US,25,m,US,Female
265,4,0.43067655807339306,Arca,US,25,m,VE,Non-binary
265,5,0.38685280723454163,Laura Marling,US,25,m,UK,Female
265,6,0.3562071871080222,John Maus,US,25,m,US,Male
265,7,0.3333333333333333,Lana Del Rey,US,25,m,US,Female
265,8,0.31546487678572877,Rob Zombie,US,25,m,US,Male
265,9,0.3010299956639812,Michael Jackson,US,25,m,US,Male
265,10,0.2890648263178879,Paula Abdul,US,25,m,US,Female
266,1,1.0,Ariana Grande,ES,27,m,US,Female
266,2,0.6309297535714575,Queen,ES,27,m,JP,Female
266,3,0.5,Ed Sheeran,ES,27,m,UK,Male
266,4,0.43067655807339306,Tove Lo,ES,27,m,SE,Female
266,5,0.38685280723454163,Kygo,ES,27,m,NO,Male
266,6,0.3562071871080222,Ed Sheeran,ES,27,m,UK,Male
266,7,0.3333333333333333,Charles Bolt,ES,27,m,US,Male
266,8,0.31546487678572877,Earl Sweatshirt,ES,27,m,US,Male
266,9,0.3010299956639812,Jess Glynne,ES,27,m,UK,Female
266,10,0.2890648263178879,Pusha T,ES,27,m,US,Male
267,1,1.0,John Maus,PL,28,m,US,Male
267,2,0.6309297535714575,Beyoncé,PL,28,m,US,Female
267,3,0.5,Mariah Carey,PL,28,m,US,Female
267,4,0.43067655807339306,Ry x,PL,28,m,AU,Male
267,5,0.38685280723454163,Weyes Blood,PL,28,m,US,Female
267,6,0.3562071871080222,Dennis Lloyd,PL,28,m,IL,Male
267,7,0.3333333333333333,Joe Goddard,PL,28,m,UK,Male
267,8,0.31546487678572877,Britney Spears,PL,28,m,US,Female
267,9,0.3010299956639812,Taylor Swift,PL,28,m,US,Female
267,10,0.2890648263178879,Elliott Smith,PL,28,m,US,Male
268,1,1.0,Ariana Grande,CO,33,m,US,Female
268,2,0.6309297535714575,Twin Shadow,CO,33,m,US,Male
268,3,0.5,Toro y Moi,CO,33,m,US,Male
268,4,0.43067655807339306,IAMX,CO,33,m,DE,Male
268,5,0.38685280723454163,Dennis Lloyd,CO,33,m,IL,Male
268,6,0.3562071871080222,Tame Impala,CO,33,m,AU,Male
268,7,0.3333333333333333,Sufjan Stevens,CO,33,m,US,Male
268,8,0.31546487678572877,Pional,CO,33,m,ES,Male
268,9,0.3010299956639812,Jessica Pratt,CO,33,m,US,Female
268,10,0.2890648263178879,Leonard Cohen,CO,33,m,CA,Male
269,1,1.0,Kygo,UK,22,m,NO,Male
269,2,0.6309297535714575,Jess Glynne,UK,22,m,UK,Female
269,3,0.5,IAMX,UK,22,m,DE,Male
269,4,0.43067655807339306,Twin Shadow,UK,22,m,US,Male
269,5,0.38685280723454163,Toro y Moi,UK,22,m,US,Male
269,6,0.3562071871080222,Dennis Lloyd,UK,22,m,IL,Male
269,7,0.3333333333333333,Moby,UK,22,m,US,Male
269,8,0.31546487678572877,Dimension,UK,22,m,ES,Male
269,9,0.3010299956639812,AFI,UK,22,m,US,Female
269,10,0.2890648263178879,Gregory Alan Isakov,UK,22,m,US,Male
270,1,1.0,Ry x,PL,23,f,AU,Male
270,2,0.6309297535714575,Joe Goddard,PL,23,f,UK,Male
270,3,0.5,Weyes Blood,PL,23,f,US,Female
270,4,0.43067655807339306,Elliott Smith,PL,23,f,US,Male
270,5,0.38685280723454163,IAMX,PL,23,f,DE,Male
270,6,0.3562071871080222,Dennis Lloyd,PL,23,f,IL,Male
270,7,0.3333333333333333,Toro y Moi,PL,23,f,US,Male
270,8,0.31546487678572877,Christina Aguilera,PL,23,f,US,Female
270,9,0.3010299956639812,Twin Shadow,PL,23,f,US,Male
270,10,0.2890648263178879,Dido,PL,23,f,UK,Female
271,1,1.0,Ariana Grande,BE,38,m,US,Female
271,2,0.6309297535714575,Joe Goddard,BE,38,m,UK,Male
271,3,0.5,Elliott Smith,BE,38,m,US,Male
271,4,0.43067655807339306,Charles Bolt,BE,38,m,US,Male
271,5,0.38685280723454163,Weyes Blood,BE,38,m,US,Female
271,6,0.3562071871080222,Toro y Moi,BE,38,m,US,Male
271,7,0.3333333333333333,Ed Sheeran,BE,38,m,UK,Male
271,8,0.31546487678572877,Ed Sheeran,BE,38,m,UK,Male
271,9,0.3010299956639812,Pat Benatar,BE,38,m,US,Female
271,10,0.2890648263178879,Beyoncé,BE,38,m,US,Female
272,1,1.0,Ed Sheeran,UK,29,m,UK,Male
272,2,0.6309297535714575,Ed Sheeran,UK,29,m,UK,Male
272,3,0.5,Jess Glynne,UK,29,m,UK,Female
272,4,0.43067655807339306,Charles Bolt,UK,29,m,US,Male
272,5,0.38685280723454163,Dennis Lloyd,UK,29,m,IL,Male
272,6,0.3562071871080222,IAMX,UK,29,m,DE,Male
272,7,0.3333333333333333,Christina Aguilera,UK,29,m,US,Female
272,8,0.31546487678572877,Dido,UK,29,m,UK,Female
272,9,0.3010299956639812,Twin Shadow,UK,29,m,US,Male
272,10,0.2890648263178879,Beyoncé,UK,29,m,US,Female
273,1,1.0,Lily Allen,PE,27,f,UK,Female
273,2,0.6309297535714575,Queen,PE,27,f,JP,Female
273,3,0.5,Katy Perry,PE,27,f,US,Female
273,4,0.43067655807339306,Avril Lavigne,PE,27,f,CA,Female
273,5,0.38685280723454163,Jennifer Paige,PE,27,f,US,Female
273,6,0.3562071871080222,Louis Tomlinson,PE,27,f,UK,Male
273,7,0.3333333333333333,Chelsea Wolfe,PE,27,f,US,Female
273,8,0.31546487678572877,Ed Sheeran,PE,27,f,UK,Male
273,9,0.3010299956639812,Ariana Grande,PE,27,f,US,Female
273,10,0.2890648263178879,Tove Lo,PE,27,f,SE,Female
274,1,1.0,Jennifer Paige,DE,24,m,US,Female
274,2,0.6309297535714575,Ed Sheeran,DE,24,m,UK,Male
274,3,0.5,Tove Lo,DE,24,m,SE,Female
274,4,0.43067655807339306,Ariana Grande,DE,24,m,US,Female
274,5,0.38685280723454163,Kygo,DE,24,m,NO,Male
274,6,0.3562071871080222,Ry x,DE,24,m,AU,Male
274,7,0.3333333333333333,Ed Sheeran,DE,24,m,UK,Male
274,8,0.31546487678572877,Jess Glynne,DE,24,m,UK,Female
274,9,0.3010299956639812,Charles Bolt,DE,24,m,US,Male
274,10,0.2890648263178879,Joe Goddard,DE,24,m,UK,Male
275,1,1.0,Queen,UK,39,m,JP,Female
275,2,0.6309297535714575,Tove Lo,UK,39,m,SE,Female
275,3,0.5,Ariana Grande,UK,39,m,US,Female
275,4,0.43067655807339306,Chelsea Wolfe,UK,39,m,US,Female
275,5,0.38685280723454163,Kygo,UK,39,m,NO,Male
275,6,0.3562071871080222,Ry x,UK,39,m,AU,Male
275,7,0.3333333333333333,Joe Goddard,UK,39,m,UK,Male
275,8,0.31546487678572877,Charles Bolt,UK,39,m,US,Male
275,9,0.3010299956639812,Elliott Smith,UK,39,m,US,Male
275,10,0.2890648263178879,Jess Glynne,UK,39,m,UK,Female
276,1,1.0,Ed Sheeran,NO,27,m,UK,Male
276,2,0.6309297535714575,Jess Glynne,NO,27,m,UK,Female
276,3,0.5,Ed Sheeran,NO,27,m,UK,Male
276,4,0.43067655807339306,Twin Shadow,NO,27,m,US,Male
276,5,0.38685280723454163,Charles Bolt,NO,27,m,US,Male
276,6,0.3562071871080222,Toro y Moi,NO,27,m,US,Male
276,7,0.3333333333333333,Dennis Lloyd,NO,27,m,IL,Male
276,8,0.31546487678572877,IAMX,NO,27,m,DE,Male
276,9,0.3010299956639812,Christina Aguilera,NO,27,m,US,Female
276,10,0.2890648263178879,Gregory Alan Isakov,NO,27,m,US,Male
277,1,1.0,Toro y Moi,PL,28,m,US,Male
277,2,0.6309297535714575,Miley Cyrus,PL,28,m,US,Non-binary
277,3,0.5,Edwyn Collins,PL,28,m,UK,Male
277,4,0.43067655807339306,Ariana Grande,PL,28,m,US,Female
277,5,0.38685280723454163,Miley Cyrus,PL,28,m,US,Non-binary
277,6,0.3562071871080222,Sia,PL,28,m,AU,Female
277,7,0.3333333333333333,Grimes,PL,28,m,CA,Female
277,8,0.31546487678572877,Elvis Presley,PL,28,m,US,Male
277,9,0.3010299956639812,Four Tet,PL,28,m,UK,Male
277,10,0.2890648263178879,Aldous Harding,PL,28,m,NZ,Female
278,1,1.0,Ed Sheeran,FI,25,m,UK,Male
278,2,0.6309297535714575,Tove Lo,FI,25,m,SE,Female
278,3,0.5,Ry x,FI,25,m,AU,Male
278,4,0.43067655807339306,Ariana Grande,FI,25,m,US,Female
278,5,0.38685280723454163,Joe Goddard,FI,25,m,UK,Male
278,6,0.3562071871080222,Ed Sheeran,FI,25,m,UK,Male
278,7,0.3333333333333333,Kygo,FI,25,m,NO,Male
278,8,0.31546487678572877,Elliott Smith,FI,25,m,US,Male
278,9,0.3010299956639812,Weyes Blood,FI,25,m,US,Female
278,10,0.2890648263178879,IAMX,FI,25,m,DE,Male
279,1,1.0,Queen,BR,27,f,JP,Female
279,2,0.6309297535714575,Ed Sheeran,BR,27,f,UK,Male
279,3,0.5,Chelsea Wolfe,BR,27,f,US,Female
279,4,0.43067655807339306,Jess Glynne,BR,27,f,UK,Female
279,5,0.38685280723454163,Ry x,BR,27,f,AU,Male
279,6,0.3562071871080222,Ed Sheeran,BR,27,f,UK,Male
279,7,0.3333333333333333,Charles Bolt,BR,27,f,US,Male
279,8,0.31546487678572877,Pedro Sampaio,BR,27,f,BR,Male
279,9,0.3010299956639812,Joe Goddard,BR,27,f,UK,Male
279,10,0.2890648263178879,Kelly Clarkson,BR,27,f,US,Female
280,1,1.0,George Ezra,RU,27,m,UK,Male
280,2,0.6309297535714575,Four Tet,RU,27,m,UK,Male
280,3,0.5,Adele,RU,27,m,UK,Female
280,4,0.43067655807339306,Ozzy Osbourne,RU,27,m,UK,Male
280,5,0.38685280723454163,Dennis Lloyd,RU,27,m,IL,Male
280,6,0.3562071871080222,James Blake,RU,27,m,UK,Male
280,7,0.3333333333333333,Billy Joel,RU,27,m,US,Male
280,8,0.31546487678572877,Edwyn Collins,RU,27,m,UK,Male
280,9,0.3010299956639812,Lorde,RU,27,m,NZ,Female
280,10,0.2890648263178879,Frank Ocean,RU,27,m,US,Male
281,1,1.0,Mac DeMarco,UK,23,m,CA,Male
281,2,0.6309297535714575,Carpenter Brut,UK,23,m,FR,Male
281,3,0.5,Billy Joel,UK,23,m,US,Male
281,4,0.43067655807339306,Sharon Van Etten,UK,23,m,US,Female
281,5,0.38685280723454163,Bob Marley & The Wailers,UK,23,m,JM,Male
281,6,0.3562071871080222,Oneohtrix Point Never,UK,23,m,US,Male
281,7,0.3333333333333333,Bat for Lashes,UK,23,m,UK,Female
281,8,0.31546487678572877,Ozzy Osbourne,UK,23,m,UK,Male
281,9,0.3010299956639812,Justin Timberlake,UK,23,m,US,Male
281,10,0.2890648263178879,Queen,UK,23,m,JP,Female
282,1,1.0,Ariana Grande,UK,28,m,US,Female
282,2,0.6309297535714575,Kygo,UK,28,m,NO,Male
282,3,0.5,Jess Glynne,UK,28,m,UK,Female
282,4,0.43067655807339306,Ry x,UK,28,m,AU,Male
282,5,0.38685280723454163,Joe Goddard,UK,28,m,UK,Male
282,6,0.3562071871080222,Dennis Lloyd,UK,28,m,IL,Male
282,7,0.3333333333333333,Weyes Blood,UK,28,m,US,Female
282,8,0.31546487678572877,Elliott Smith,UK,28,m,US,Male
282,9,0.3010299956639812,Beyoncé,UK,28,m,US,Female
282,10,0.2890648263178879,Britney Spears,UK,28,m,US,Female
284,1,1.0,Ry x,DE,22,m,AU,Male
284,2,0.6309297535714575,Weyes Blood,DE,22,m,US,Female
284,3,0.5,Joe Goddard,DE,22,m,UK,Male
284,4,0.43067655807339306,Britney Spears,DE,22,m,US,Female
284,5,0.38685280723454163,Elliott Smith,DE,22,m,US,Male
284,6,0.3562071871080222,Christina Aguilera,DE,22,m,US,Female
284,7,0.3333333333333333,Rihanna,DE,22,m,UK,Female
284,8,0.31546487678572877,Pat Benatar,DE,22,m,US,Female
284,9,0.3010299956639812,Dido,DE,22,m,UK,Female
284,10,0.2890648263178879,Toro y Moi,DE,22,m,US,Male
286,1,1.0,Ed Sheeran,AU,21,m,UK,Male
286,2,0.6309297535714575,Twin Shadow,AU,21,m,US,Male
286,3,0.5,Toro y Moi,AU,21,m,US,Male
286,4,0.43067655807339306,Kygo,AU,21,m,NO,Male
286,5,0.38685280723454163,Ed Sheeran,AU,21,m,UK,Male
286,6,0.3562071871080222,Jess Glynne,AU,21,m,UK,Female
286,7,0.3333333333333333,Charles Bolt,AU,21,m,US,Male
286,8,0.31546487678572877,Tame Impala,AU,21,m,AU,Male
286,9,0.3010299956639812,IAMX,AU,21,m,DE,Male
286,10,0.2890648263178879,Sufjan Stevens,AU,21,m,US,Male
287,1,1.0,Jess Glynne,BR,21,m,UK,Female
287,2,0.6309297535714575,Weyes Blood,BR,21,m,US,Female
287,3,0.5,Kurt Vile,BR,21,m,US,Male
287,4,0.43067655807339306,Queen,BR,21,m,JP,Female
287,5,0.38685280723454163,Ed Sheeran,BR,21,m,UK,Male
287,6,0.3562071871080222,Weyes Blood,BR,21,m,US,Female
287,7,0.3333333333333333,Ed Sheeran,BR,21,m,UK,Male
287,8,0.31546487678572877,Niall Horan,BR,21,m,IE,Male
287,9,0.3010299956639812,John Maus,BR,21,m,US,Male
287,10,0.2890648263178879,Amerie,BR,21,m,US,Female
288,1,1.0,Queen,CA,22,m,JP,Female
288,2,0.6309297535714575,Ariana Grande,CA,22,m,US,Female
288,3,0.5,Ed Sheeran,CA,22,m,UK,Male
288,4,0.43067655807339306,Jess Glynne,CA,22,m,UK,Female
288,5,0.38685280723454163,Charles Bolt,CA,22,m,US,Male
288,6,0.3562071871080222,John Maus,CA,22,m,US,Male
288,7,0.3333333333333333,Beyoncé,CA,22,m,US,Female
288,8,0.31546487678572877,Britney Spears,CA,22,m,US,Female
288,9,0.3010299956639812,Dennis Lloyd,CA,22,m,IL,Male
288,10,0.2890648263178879,Christina Aguilera,CA,22,m,US,Female
289,1,1.0,Ry x,BY,25,m,AU,Male
289,2,0.6309297535714575,Weyes Blood,BY,25,m,US,Female
289,3,0.5,Jess Glynne,BY,25,m,UK,Female
289,4,0.43067655807339306,Elliott Smith,BY,25,m,US,Male
289,5,0.38685280723454163,IAMX,BY,25,m,DE,Male
289,6,0.3562071871080222,Dido,BY,25,m,UK,Female
289,7,0.3333333333333333,Toro y Moi,BY,25,m,US,Male
289,8,0.31546487678572877,Twin Shadow,BY,25,m,US,Male
289,9,0.3010299956639812,Dennis Lloyd,BY,25,m,IL,Male
289,10,0.2890648263178879,Beyoncé,BY,25,m,US,Female
290,1,1.0,John Maus,ID,25,f,US,Male
290,2,0.6309297535714575,Ry x,ID,25,f,AU,Male
290,3,0.5,Jess Glynne,ID,25,f,UK,Female
290,4,0.43067655807339306,Weyes Blood,ID,25,f,US,Female
290,5,0.38685280723454163,Charles Bolt,ID,25,f,US,Male
290,6,0.3562071871080222,Joe Goddard,ID,25,f,UK,Male
290,7,0.3333333333333333,Elliott Smith,ID,25,f,US,Male
290,8,0.31546487678572877,IAMX,ID,25,f,DE,Male
290,9,0.3010299956639812,Twin Shadow,ID,25,f,US,Male
290,10,0.2890648263178879,Dido,ID,25,f,UK,Female
291,1,1.0,Ariana Grande,NL,32,m,US,Female
291,2,0.6309297535714575,Queen,NL,32,m,JP,Female
291,3,0.5,Kygo,NL,32,m,NO,Male
291,4,0.43067655807339306,Ry x,NL,32,m,AU,Male
291,5,0.38685280723454163,IAMX,NL,32,m,DE,Male
291,6,0.3562071871080222,Weyes Blood,NL,32,m,US,Female
291,7,0.3333333333333333,Christina Aguilera,NL,32,m,US,Female
291,8,0.31546487678572877,Joe Goddard,NL,32,m,UK,Male
291,9,0.3010299956639812,Britney Spears,NL,32,m,US,Female
291,10,0.2890648263178879,Moby,NL,32,m,US,Male
292,1,1.0,Sia,SI,19,m,AU,Female
292,2,0.6309297535714575,John Maus,SI,19,m,US,Male
292,3,0.5,Jennifer Lopez,SI,19,m,US,Female
292,4,0.43067655807339306,Lisa Miskovsky,SI,19,m,SE,Female
292,5,0.38685280723454163,Queen,SI,19,m,JP,Female
292,6,0.3562071871080222,Lily Allen,SI,19,m,UK,Female
292,7,0.3333333333333333,Avril Lavigne,SI,19,m,CA,Female
292,8,0.31546487678572877,Apparat,SI,19,m,DE,Male
292,9,0.3010299956639812,Kanye West,SI,19,m,US,Male
292,10,0.2890648263178879,Katy Perry,SI,19,m,US,Female
293,1,1.0,Lily Allen,FI,30,m,UK,Female
293,2,0.6309297535714575,John Maus,FI,30,m,US,Male
293,3,0.5,Queen,FI,30,m,JP,Female
293,4,0.43067655807339306,Avril Lavigne,FI,30,m,CA,Female
293,5,0.38685280723454163,Louis Tomlinson,FI,30,m,UK,Male
293,6,0.3562071871080222,Kanye West,FI,30,m,US,Male
293,7,0.3333333333333333,Katy Perry,FI,30,m,US,Female
293,8,0.31546487678572877,Chelsea Wolfe,FI,30,m,US,Female
293,9,0.3010299956639812,Apparat,FI,30,m,DE,Male
293,10,0.2890648263178879,Tove Lo,FI,30,m,SE,Female
294,1,1.0,Charles Bolt,FI,21,m,US,Male
294,2,0.6309297535714575,Dennis Lloyd,FI,21,m,IL,Male
294,3,0.5,IAMX,FI,21,m,DE,Male
294,4,0.43067655807339306,Dido,FI,21,m,UK,Female
294,5,0.38685280723454163,Lana Del Rey,FI,21,m,US,Female
294,6,0.3562071871080222,Beyoncé,FI,21,m,US,Female
294,7,0.3333333333333333,Christina Aguilera,FI,21,m,US,Female
294,8,0.31546487678572877,Ry x,FI,21,m,AU,Male
294,9,0.3010299956639812,Britney Spears,FI,21,m,US,Female
294,10,0.2890648263178879,Rihanna,FI,21,m,UK,Female
295,1,1.0,Jess Glynne,BG,19,f,UK,Female
295,2,0.6309297535714575,Kylie Minogue,BG,19,f,AU,Female
295,3,0.5,Madonna,BG,19,f,US,Female
295,4,0.43067655807339306,Queen,BG,19,f,JP,Female
295,5,0.38685280723454163,Britney Spears,BG,19,f,US,Female
295,6,0.3562071871080222,Madonna,BG,19,f,US,Female
295,7,0.3333333333333333,Elliott Smith,BG,19,f,US,Male
295,8,0.31546487678572877,Chelsea Wolfe,BG,19,f,US,Female
295,9,0.3010299956639812,Twin Shadow,BG,19,f,US,Male
295,10,0.2890648263178879,Niall Horan,BG,19,f,IE,Male
296,1,1.0,George Ezra,NL,23,m,UK,Male
296,2,0.6309297535714575,Sia,NL,23,m,AU,Female
296,3,0.5,Marilyn Manson,NL,23,m,US,Male
296,4,0.43067655807339306,Taylor Swift,NL,23,m,US,Female
296,5,0.38685280723454163,Jessie J,NL,23,m,UK,Female
296,6,0.3562071871080222,Bob Marley & The Wailers,NL,23,m,JM,Male
296,7,0.3333333333333333,Adele,NL,23,m,UK,Female
296,8,0.31546487678572877,Chelsea Wolfe,NL,23,m,US,Female
296,9,0.3010299956639812,The Tallest Man on Earth,NL,23,m,SE,Male
296,10,0.2890648263178879,Madonna,NL,23,m,US,Female
297,1,1.0,Sharon Van Etten,US,23,m,US,Female
297,2,0.6309297535714575,Chelsea Wolfe,US,23,m,US,Female
297,3,0.5,Lana Del Rey,US,23,m,US,Female
297,4,0.43067655807339306,Frank Ocean,US,23,m,US,Male
297,5,0.38685280723454163,Wild Nothing,US,23,m,US,Male
297,6,0.3562071871080222,Marissa Nadler,US,23,m,US,Female
297,7,0.3333333333333333,The Tallest Man on Earth,US,23,m,SE,Male
297,8,0.31546487678572877,Angel Olsen,US,23,m,US,Female
297,9,0.3010299956639812,Paula Abdul,US,23,m,US,Female
297,10,0.2890648263178879,Rita Ora,US,23,m,UK,Female
299,1,1.0,Ry x,AU,24,m,AU,Male
299,2,0.6309297535714575,Weyes Blood,AU,24,m,US,Female
299,3,0.5,Joe Goddard,AU,24,m,UK,Male
299,4,0.43067655807339306,Elliott Smith,AU,24,m,US,Male
299,5,0.38685280723454163,Toro y Moi,AU,24,m,US,Male
299,6,0.3562071871080222,Twin Shadow,AU,24,m,US,Male
299,7,0.3333333333333333,Charles Bolt,AU,24,m,US,Male
299,8,0.31546487678572877,IAMX,AU,24,m,DE,Male
299,9,0.3010299956639812,Dennis Lloyd,AU,24,m,IL,Male
299,10,0.2890648263178879,Tame Impala,AU,24,m,AU,Male
300,1,1.0,PJ Harvey,PL,24,f,UK,Female
300,2,0.6309297535714575,Sharon Van Etten,PL,24,f,US,Female
300,3,0.5,Oneohtrix Point Never,PL,24,f,US,Male
300,4,0.43067655807339306,Mac DeMarco,PL,24,f,CA,Male
300,5,0.38685280723454163,Elvis Presley,PL,24,f,US,Male
300,6,0.3562071871080222,Marissa Nadler,PL,24,f,US,Female
300,7,0.3333333333333333,Chelsea Wolfe,PL,24,f,US,Female
300,8,0.31546487678572877,Kurt Vile,PL,24,f,US,Male
300,9,0.3010299956639812,Jeff Buckley,PL,24,f,US,Male
300,10,0.2890648263178879,The Tallest Man on Earth,PL,24,f,SE,Male
301,1,1.0,Queen,UK,21,m,JP,Female
301,2,0.6309297535714575,Beyoncé,UK,21,m,US,Female
301,3,0.5,Rihanna,UK,21,m,UK,Female
301,4,0.43067655807339306,Moby,UK,21,m,US,Male
301,5,0.38685280723454163,Roberta Flack,UK,21,m,US,Female
301,6,0.3562071871080222,Weyes Blood,UK,21,m,US,Female
301,7,0.3333333333333333,Avril Lavigne,UK,21,m,CA,Female
301,8,0.31546487678572877,Pedro Sampaio,UK,21,m,BR,Male
301,9,0.3010299956639812,Elliott Smith,UK,21,m,US,Male
301,10,0.2890648263178879,Tom Odell,UK,21,m,UK,Male
302,1,1.0,Laura Marling,PL,22,m,UK,Female
302,2,0.6309297535714575,Oneohtrix Point Never,PL,22,m,US,Male
302,3,0.5,Panda Bear,PL,22,m,US,Male
302,4,0.43067655807339306,John Maus,PL,22,m,US,Male
302,5,0.38685280723454163,PJ Harvey,PL,22,m,UK,Female
302,6,0.3562071871080222,Carpenter Brut,PL,22,m,FR,Male
302,7,0.3333333333333333,Arca,PL,22,m,VE,Non-binary
302,8,0.31546487678572877,Billy Joel,PL,22,m,US,Male
302,9,0.3010299956639812,Devendra Banhart,PL,22,m,US,Male
302,10,0.2890648263178879,Justin Timberlake,PL,22,m,US,Male
303,1,1.0,Frank Ocean,RU,25,f,US,Male
303,2,0.6309297535714575,John Maus,RU,25,f,US,Male
303,3,0.5,Katy Perry,RU,25,f,US,Female
303,4,0.43067655807339306,Queen,RU,25,f,JP,Female
303,5,0.38685280723454163,Lily Allen,RU,25,f,UK,Female
303,6,0.3562071871080222,Ry x,RU,25,f,AU,Male
303,7,0.3333333333333333,Weyes Blood,RU,25,f,US,Female
303,8,0.31546487678572877,Ed Sheeran,RU,25,f,UK,Male
303,9,0.3010299956639812,Jennifer Paige,RU,25,f,US,Female
303,10,0.2890648263178879,Chelsea Wolfe,RU,25,f,US,Female
304,1,1.0,Chelsea Wolfe,BR,20,m,US,Female
304,2,0.6309297535714575,Jess Glynne,BR,20,m,UK,Female
304,3,0.5,Charles Bolt,BR,20,m,US,Male
304,4,0.43067655807339306,Ry x,BR,20,m,AU,Male
304,5,0.38685280723454163,Dennis Lloyd,BR,20,m,IL,Male
304,6,0.3562071871080222,Joe Goddard,BR,20,m,UK,Male
304,7,0.3333333333333333,Moby,BR,20,m,US,Male
304,8,0.31546487678572877,AFI,BR,20,m,US,Female
304,9,0.3010299956639812,Elliott Smith,BR,20,m,US,Male
304,10,0.2890648263178879,IAMX,BR,20,m,DE,Male
305,1,1.0,Ed Sheeran,DE,26,f,UK,Male
305,2,0.6309297535714575,Chelsea Wolfe,DE,26,f,US,Female
305,3,0.5,Queen,DE,26,f,JP,Female
305,4,0.43067655807339306,Tove Lo,DE,26,f,SE,Female
305,5,0.38685280723454163,Ariana Grande,DE,26,f,US,Female
305,6,0.3562071871080222,Kygo,DE,26,f,NO,Male
305,7,0.3333333333333333,Charles Bolt,DE,26,f,US,Male
305,8,0.31546487678572877,Ed Sheeran,DE,26,f,UK,Male
305,9,0.3010299956639812,Jess Glynne,DE,26,f,UK,Female
305,10,0.2890648263178879,IAMX,DE,26,f,DE,Male
306,1,1.0,Queen,FI,19,f,JP,Female
306,2,0.6309297535714575,Charles Bolt,FI,19,f,US,Male
306,3,0.5,John Maus,FI,19,f,US,Male
306,4,0.43067655807339306,Chelsea Wolfe,FI,19,f,US,Female
306,5,0.38685280723454163,Grimes,FI,19,f,CA,Female
306,6,0.3562071871080222,Camila Cabello,FI,19,f,US,Female
306,7,0.3333333333333333,Taylor Swift,FI,19,f,US,Female
306,8,0.31546487678572877,IAMX,FI,19,f,DE,Male
306,9,0.3010299956639812,Cher,FI,19,f,US,Female
306,10,0.2890648263178879,Kylie Minogue,FI,19,f,AU,Female
307,1,1.0,Adele,BE,26,f,UK,Female
307,2,0.6309297535714575,Oneohtrix Point Never,BE,26,f,US,Male
307,3,0.5,Arca,BE,26,f,VE,Non-binary
307,4,0.43067655807339306,Madonna,BE,26,f,US,Female
307,5,0.38685280723454163,Elvis Presley,BE,26,f,US,Male
307,6,0.3562071871080222,Ariana Grande,BE,26,f,US,Female
307,7,0.3333333333333333,Devendra Banhart,BE,26,f,US,Male
307,8,0.31546487678572877,Ed Sheeran,BE,26,f,UK,Male
307,9,0.3010299956639812,PJ Harvey,BE,26,f,UK,Female
307,10,0.2890648263178879,Seal,BE,26,f,UK,Male
308,1,1.0,Ed Sheeran,AU,27,f,UK,Male
308,2,0.6309297535714575,Jess Glynne,AU,27,f,UK,Female
308,3,0.5,Ed Sheeran,AU,27,f,UK,Male
308,4,0.43067655807339306,Frank Ocean,AU,27,f,US,Male
308,5,0.38685280723454163,John Maus,AU,27,f,US,Male
308,6,0.3562071871080222,Ariana Grande,AU,27,f,US,Female
308,7,0.3333333333333333,Ry x,AU,27,f,AU,Male
308,8,0.31546487678572877,Joe Goddard,AU,27,f,UK,Male
308,9,0.3010299956639812,Charles Bolt,AU,27,f,US,Male
308,10,0.2890648263178879,Celldweller,AU,27,f,US,Male
309,1,1.0,Dylan Scott,BR,21,f,US,Male
309,2,0.6309297535714575,Erykah Badu,BR,21,f,US,Female
309,3,0.5,Thomas Rhett,BR,21,f,US,Male
309,4,0.43067655807339306,Sam Hunt,BR,21,f,NZ,Male
309,5,0.38685280723454163,Gal Costa,BR,21,f,BR,Female
309,6,0.3562071871080222,Norah Jones,BR,21,f,US,Female
309,7,0.3333333333333333,Projota,BR,21,f,BR,Male
309,8,0.31546487678572877,Chico César,BR,21,f,BR,Male
309,9,0.3010299956639812,Isabella Taviani,BR,21,f,BR,Female
309,10,0.2890648263178879,Elis Regina,BR,21,f,BR,Female
310,1,1.0,Ariana Grande,US,28,m,US,Female
310,2,0.6309297535714575,Madonna,US,28,m,US,Female
310,3,0.5,Kelis,US,28,m,US,Female
310,4,0.43067655807339306,Rita Ora,US,28,m,UK,Female
310,5,0.38685280723454163,John Maus,US,28,m,US,Male
310,6,0.3562071871080222,Noisestorm,US,28,m,IE,Male
310,7,0.3333333333333333,Kurt Vile,US,28,m,US,Male
310,8,0.31546487678572877,Rihanna,US,28,m,UK,Female
310,9,0.3010299956639812,Apparat,US,28,m,DE,Male
310,10,0.2890648263178879,Lorde,US,28,m,NZ,Female
311,1,1.0,Oneohtrix Point Never,SE,37,m,US,Male
311,2,0.6309297535714575,Chelsea Wolfe,SE,37,m,US,Female
311,3,0.5,Arca,SE,37,m,VE,Non-binary
311,4,0.43067655807339306,Devendra Banhart,SE,37,m,US,Male
311,5,0.38685280723454163,PJ Harvey,SE,37,m,UK,Female
311,6,0.3562071871080222,Kanye West,SE,37,m,US,Male
311,7,0.3333333333333333,Ben Howard,SE,37,m,UK,Male
311,8,0.31546487678572877,Sharon Van Etten,SE,37,m,US,Female
311,9,0.3010299956639812,Chet Baker,SE,37,m,US,Male
311,10,0.2890648263178879,Langhorne Slim,SE,37,m,US,Male
312,1,1.0,Adele,US,29,m,UK,Female
312,2,0.6309297535714575,George Ezra,US,29,m,UK,Male
312,3,0.5,Four Tet,US,29,m,UK,Male
312,4,0.43067655807339306,Ariana Grande,US,29,m,US,Female
312,5,0.38685280723454163,Ed Sheeran,US,29,m,UK,Male
312,6,0.3562071871080222,Billy Joel,US,29,m,US,Male
312,7,0.3333333333333333,Lana Del Rey,US,29,m,US,Female
312,8,0.31546487678572877,Lorde,US,29,m,NZ,Female
312,9,0.3010299956639812,Ozzy Osbourne,US,29,m,UK,Male
312,10,0.2890648263178879,Duncan Laurence,US,29,m,NL,Male
313,1,1.0,Queen,NO,20,m,JP,Female
313,2,0.6309297535714575,Chelsea Wolfe,NO,20,m,US,Female
313,3,0.5,Ariana Grande,NO,20,m,US,Female
313,4,0.43067655807339306,Ed Sheeran,NO,20,m,UK,Male
313,5,0.38685280723454163,Tove Lo,NO,20,m,SE,Female
313,6,0.3562071871080222,Sufjan Stevens,NO,20,m,US,Male
313,7,0.3333333333333333,Leonard Cohen,NO,20,m,CA,Male
313,8,0.31546487678572877,Pional,NO,20,m,ES,Male
313,9,0.3010299956639812,Perfume Genius,NO,20,m,US,Male
313,10,0.2890648263178879,Kygo,NO,20,m,NO,Male
315,1,1.0,Jennifer Paige,US,24,m,US,Female
315,2,0.6309297535714575,Queen,US,24,m,JP,Female
315,3,0.5,Chelsea Wolfe,US,24,m,US,Female
315,4,0.43067655807339306,Ed Sheeran,US,24,m,UK,Male
315,5,0.38685280723454163,Tove Lo,US,24,m,SE,Female
315,6,0.3562071871080222,Ariana Grande,US,24,m,US,Female
315,7,0.3333333333333333,Kygo,US,24,m,NO,Male
315,8,0.31546487678572877,Ed Sheeran,US,24,m,UK,Male
315,9,0.3010299956639812,Jess Glynne,US,24,m,UK,Female
315,10,0.2890648263178879,Charles Bolt,US,24,m,US,Male
316,1,1.0,Tove Lo,FI,21,m,SE,Female
316,2,0.6309297535714575,Ariana Grande,FI,21,m,US,Female
316,3,0.5,Kygo,FI,21,m,NO,Male
316,4,0.43067655807339306,Jess Glynne,FI,21,m,UK,Female
316,5,0.38685280723454163,Charles Bolt,FI,21,m,US,Male
316,6,0.3562071871080222,IAMX,FI,21,m,DE,Male
316,7,0.3333333333333333,Tame Impala,FI,21,m,AU,Male
316,8,0.31546487678572877,Dennis Lloyd,FI,21,m,IL,Male
316,9,0.3010299956639812,AFI,FI,21,m,US,Female
316,10,0.2890648263178879,Dido,FI,21,m,UK,Female
317,1,1.0,Marilyn Manson,US,23,m,US,Male
317,2,0.6309297535714575,Adele,US,23,m,UK,Female
317,3,0.5,Madonna,US,23,m,US,Female
317,4,0.43067655807339306,Elvis Presley,US,23,m,US,Male
317,5,0.38685280723454163,Ariana Grande,US,23,m,US,Female
317,6,0.3562071871080222,Seal,US,23,m,UK,Male
317,7,0.3333333333333333,Billy Joel,US,23,m,US,Male
317,8,0.31546487678572877,Ed Sheeran,US,23,m,UK,Male
317,9,0.3010299956639812,Carpenter Brut,US,23,m,FR,Male
317,10,0.2890648263178879,Bill Callahan,US,23,m,US,Male
318,1,1.0,Queen,BR,28,m,JP,Female
318,2,0.6309297535714575,Chelsea Wolfe,BR,28,m,US,Female
318,3,0.5,Charles Bolt,BR,28,m,US,Male
318,4,0.43067655807339306,Frank Ocean,BR,28,m,US,Male
318,5,0.38685280723454163,Weyes Blood,BR,28,m,US,Female
318,6,0.3562071871080222,IAMX,BR,28,m,DE,Male
318,7,0.3333333333333333,Cher,BR,28,m,US,Female
318,8,0.31546487678572877,Lana Del Rey,BR,28,m,US,Female
318,9,0.3010299956639812,Kacey Musgraves,BR,28,m,US,Female
318,10,0.2890648263178879,Cécile McLorin Salvant,BR,28,m,FR,Female
319,1,1.0,Ariana Grande,UA,21,m,US,Female
319,2,0.6309297535714575,Kygo,UA,21,m,NO,Male
319,3,0.5,Twin Shadow,UA,21,m,US,Male
319,4,0.43067655807339306,Charles Bolt,UA,21,m,US,Male
319,5,0.38685280723454163,Toro y Moi,UA,21,m,US,Male
319,6,0.3562071871080222,Jess Glynne,UA,21,m,UK,Female
319,7,0.3333333333333333,Moby,UA,21,m,US,Male
319,8,0.31546487678572877,Dimension,UA,21,m,ES,Male
319,9,0.3010299956639812,AFI,UA,21,m,US,Female
319,10,0.2890648263178879,Dennis Lloyd,UA,21,m,IL,Male
320,1,1.0,Jennifer Paige,RU,97,m,US,Female
320,2,0.6309297535714575,Ed Sheeran,RU,97,m,UK,Male
320,3,0.5,Tove Lo,RU,97,m,SE,Female
320,4,0.43067655807339306,Ariana Grande,RU,97,m,US,Female
320,5,0.38685280723454163,Kygo,RU,97,m,NO,Male
320,6,0.3562071871080222,Ed Sheeran,RU,97,m,UK,Male
320,7,0.3333333333333333,Jess Glynne,RU,97,m,UK,Female
320,8,0.31546487678572877,Twin Shadow,RU,97,m,US,Male
320,9,0.3010299956639812,Charles Bolt,RU,97,m,US,Male
320,10,0.2890648263178879,Toro y Moi,RU,97,m,US,Male
321,1,1.0,John Maus,US,22,m,US,Male
321,2,0.6309297535714575,IAMX,US,22,m,DE,Male
321,3,0.5,Pedro Sampaio,US,22,m,BR,Male
321,4,0.43067655807339306,Selena Gomez,US,22,m,US,Female
321,5,0.38685280723454163,Ry x,US,22,m,AU,Male
321,6,0.3562071871080222,Madonna,US,22,m,US,Female
321,7,0.3333333333333333,Ariana Grande,US,22,m,US,Female
321,8,0.31546487678572877,Kelly Clarkson,US,22,m,US,Female
321,9,0.3010299956639812,Lana Del Rey,US,22,m,US,Female
321,10,0.2890648263178879,Joe Goddard,US,22,m,UK,Male
322,1,1.0,Queen,AU,26,m,JP,Female
322,2,0.6309297535714575,Gregory Alan Isakov,AU,26,m,US,Male
322,3,0.5,Britney Spears,AU,26,m,US,Female
322,4,0.43067655807339306,Dawn Richard,AU,26,m,US,Female
322,5,0.38685280723454163,Tame Impala,AU,26,m,AU,Male
322,6,0.3562071871080222,Pional,AU,26,m,ES,Male
322,7,0.3333333333333333,Earl Sweatshirt,AU,26,m,US,Male
322,8,0.31546487678572877,Pedro Sampaio,AU,26,m,BR,Male
322,9,0.3010299956639812,Sufjan Stevens,AU,26,m,US,Male
322,10,0.2890648263178879,Beyoncé,AU,26,m,US,Female
323,1,1.0,Jess Glynne,IE,36,m,UK,Female
323,2,0.6309297535714575,IAMX,IE,36,m,DE,Male
323,3,0.5,Twin Shadow,IE,36,m,US,Male
323,4,0.43067655807339306,Toro y Moi,IE,36,m,US,Male
323,5,0.38685280723454163,Dennis Lloyd,IE,36,m,IL,Male
323,6,0.3562071871080222,Dido,IE,36,m,UK,Female
323,7,0.3333333333333333,Christina Aguilera,IE,36,m,US,Female
323,8,0.31546487678572877,Dimension,IE,36,m,ES,Male
323,9,0.3010299956639812,Moby,IE,36,m,US,Male
323,10,0.2890648263178879,Beyoncé,IE,36,m,US,Female
324,1,1.0,Ed Sheeran,AQ,27,f,UK,Male
324,2,0.6309297535714575,Tove Lo,AQ,27,f,SE,Female
324,3,0.5,Ariana Grande,AQ,27,f,US,Female
324,4,0.43067655807339306,Kygo,AQ,27,f,NO,Male
324,5,0.38685280723454163,Ed Sheeran,AQ,27,f,UK,Male
324,6,0.3562071871080222,Charles Bolt,AQ,27,f,US,Male
324,7,0.3333333333333333,Jess Glynne,AQ,27,f,UK,Female
324,8,0.31546487678572877,IAMX,AQ,27,f,DE,Male
324,9,0.3010299956639812,Tame Impala,AQ,27,f,AU,Male
324,10,0.2890648263178879,Sufjan Stevens,AQ,27,f,US,Male
325,1,1.0,Madonna,UK,28,m,US,Female
325,2,0.6309297535714575,Elvis Presley,UK,28,m,US,Male
325,3,0.5,Ariana Grande,UK,28,m,US,Female
325,4,0.43067655807339306,Seal,UK,28,m,UK,Male
325,5,0.38685280723454163,Billy Joel,UK,28,m,US,Male
325,6,0.3562071871080222,Carpenter Brut,UK,28,m,FR,Male
325,7,0.3333333333333333,Bob Marley & The Wailers,UK,28,m,JM,Male
325,8,0.31546487678572877,Marissa Nadler,UK,28,m,US,Female
325,9,0.3010299956639812,Ozzy Osbourne,UK,28,m,UK,Male
325,10,0.2890648263178879,Justin Timberlake,UK,28,m,US,Male
326,1,1.0,Elvis Presley,NL,26,m,US,Male
326,2,0.6309297535714575,Ed Sheeran,NL,26,m,UK,Male
326,3,0.5,Madonna,NL,26,m,US,Female
326,4,0.43067655807339306,Chelsea Wolfe,NL,26,m,US,Female
326,5,0.38685280723454163,Ariana Grande,NL,26,m,US,Female
326,6,0.3562071871080222,Frank Ocean,NL,26,m,US,Male
326,7,0.3333333333333333,Billy Joel,NL,26,m,US,Male
326,8,0.31546487678572877,Angel Olsen,NL,26,m,US,Female
326,9,0.3010299956639812,Kurt Vile,NL,26,m,US,Male
326,10,0.2890648263178879,Helado Negro,NL,26,m,US,Male
328,1,1.0,Elvis Presley,US,22,m,US,Male
328,2,0.6309297535714575,Madonna,US,22,m,US,Female
328,3,0.5,Ariana Grande,US,22,m,US,Female
328,4,0.43067655807339306,Seal,US,22,m,UK,Male
328,5,0.38685280723454163,Sharon Van Etten,US,22,m,US,Female
328,6,0.3562071871080222,PJ Harvey,US,22,m,UK,Female
328,7,0.3333333333333333,Kanye West,US,22,m,US,Male
328,8,0.31546487678572877,Billy Joel,US,22,m,US,Male
328,9,0.3010299956639812,Oneohtrix Point Never,US,22,m,US,Male
328,10,0.2890648263178879,Carpenter Brut,US,22,m,FR,Male
330,1,1.0,Ozzy Osbourne,NL,25,m,UK,Male
330,2,0.6309297535714575,PJ Harvey,NL,25,m,UK,Female
330,3,0.5,Bob Marley & The Wailers,NL,25,m,JM,Male
330,4,0.43067655807339306,Kanye West,NL,25,m,US,Male
330,5,0.38685280723454163,Justin Timberlake,NL,25,m,US,Male
330,6,0.3562071871080222,Sharon Van Etten,NL,25,m,US,Female
330,7,0.3333333333333333,Mac DeMarco,NL,25,m,CA,Male
330,8,0.31546487678572877,Oneohtrix Point Never,NL,25,m,US,Male
330,9,0.3010299956639812,Marilyn Manson,NL,25,m,US,Male
330,10,0.2890648263178879,Lana Del Rey,NL,25,m,US,Female
331,1,1.0,Lily Allen,PL,36,m,UK,Female
331,2,0.6309297535714575,Ry x,PL,36,m,AU,Male
331,3,0.5,Jennifer Paige,PL,36,m,US,Female
331,4,0.43067655807339306,Queen,PL,36,m,JP,Female
331,5,0.38685280723454163,Louis Tomlinson,PL,36,m,UK,Male
331,6,0.3562071871080222,Joe Goddard,PL,36,m,UK,Male
331,7,0.3333333333333333,Chelsea Wolfe,PL,36,m,US,Female
331,8,0.31546487678572877,Tove Lo,PL,36,m,SE,Female
331,9,0.3010299956639812,Ed Sheeran,PL,36,m,UK,Male
331,10,0.2890648263178879,Elliott Smith,PL,36,m,US,Male
332,1,1.0,Dennis Lloyd,FI,18,f,IL,Male
332,2,0.6309297535714575,John Maus,FI,18,f,US,Male
332,3,0.5,IAMX,FI,18,f,DE,Male
332,4,0.43067655807339306,Rihanna,FI,18,f,UK,Female
332,5,0.38685280723454163,Dido,FI,18,f,UK,Female
332,6,0.3562071871080222,Ry x,FI,18,f,AU,Male
332,7,0.3333333333333333,Dimension,FI,18,f,ES,Male
332,8,0.31546487678572877,Moby,FI,18,f,US,Male
332,9,0.3010299956639812,AFI,FI,18,f,US,Female
332,10,0.2890648263178879,Weyes Blood,FI,18,f,US,Female
333,1,1.0,Ariana Grande,FR,30,m,US,Female
333,2,0.6309297535714575,Ed Sheeran,FR,30,m,UK,Male
333,3,0.5,Kygo,FR,30,m,NO,Male
333,4,0.43067655807339306,Perfume Genius,FR,30,m,US,Male
333,5,0.38685280723454163,Björk,FR,30,m,IS,Female
333,6,0.3562071871080222,Travis Scott,FR,30,m,US,Male
333,7,0.3333333333333333,Kacey Musgraves,FR,30,m,US,Female
333,8,0.31546487678572877,Jessica Pratt,FR,30,m,US,Female
333,9,0.3010299956639812,Chelsea Wolfe,FR,30,m,US,Female
333,10,0.2890648263178879,Pusha T,FR,30,m,US,Male
334,1,1.0,Frank Ocean,SE,21,m,US,Male
334,2,0.6309297535714575,John Maus,SE,21,m,US,Male
334,3,0.5,Sia,SE,21,m,AU,Female
334,4,0.43067655807339306,Kanye West,SE,21,m,US,Male
334,5,0.38685280723454163,Jennifer Lopez,SE,21,m,US,Female
334,6,0.3562071871080222,Lisa Miskovsky,SE,21,m,SE,Female
334,7,0.3333333333333333,Ry x,SE,21,m,AU,Male
334,8,0.31546487678572877,Avril Lavigne,SE,21,m,CA,Female
334,9,0.3010299956639812,Lily Allen,SE,21,m,UK,Female
334,10,0.2890648263178879,Chelsea Wolfe,SE,21,m,US,Female
335,1,1.0,Ed Sheeran,UK,25,m,UK,Male
335,2,0.6309297535714575,Ariana Grande,UK,25,m,US,Female
335,3,0.5,Kygo,UK,25,m,NO,Male
335,4,0.43067655807339306,Twin Shadow,UK,25,m,US,Male
335,5,0.38685280723454163,Toro y Moi,UK,25,m,US,Male
335,6,0.3562071871080222,Ed Sheeran,UK,25,m,UK,Male
335,7,0.3333333333333333,Jess Glynne,UK,25,m,UK,Female
335,8,0.31546487678572877,Charles Bolt,UK,25,m,US,Male
335,9,0.3010299956639812,IAMX,UK,25,m,DE,Male
335,10,0.2890648263178879,Tame Impala,UK,25,m,AU,Male
336,1,1.0,Chelsea Wolfe,NZ,32,f,US,Female
336,2,0.6309297535714575,John Maus,NZ,32,f,US,Male
336,3,0.5,Queen,NZ,32,f,JP,Female
336,4,0.43067655807339306,Apparat,NZ,32,f,DE,Male
336,5,0.38685280723454163,Kurt Vile,NZ,32,f,US,Male
336,6,0.3562071871080222,Grimes,NZ,32,f,CA,Female
336,7,0.3333333333333333,Weyes Blood,NZ,32,f,US,Female
336,8,0.31546487678572877,Alexander Rybak,NZ,32,f,NO,Male
336,9,0.3010299956639812,IAMX,NZ,32,f,DE,Male
336,10,0.2890648263178879,John Maus,NZ,32,f,US,Male
337,1,1.0,AFI,NL,23,m,US,Female
337,2,0.6309297535714575,Elliott Smith,NL,23,m,US,Male
337,3,0.5,Twin Shadow,NL,23,m,US,Male
337,4,0.43067655807339306,Beyoncé,NL,23,m,US,Female
337,5,0.38685280723454163,Toro y Moi,NL,23,m,US,Male
337,6,0.3562071871080222,Mariah Carey,NL,23,m,US,Female
337,7,0.3333333333333333,Nik Kershaw,NL,23,m,UK,Male
337,8,0.31546487678572877,Pat Benatar,NL,23,m,US,Female
337,9,0.3010299956639812,Taylor Swift,NL,23,m,US,Female
337,10,0.2890648263178879,Grimes,NL,23,m,CA,Female
338,1,1.0,Chelsea Wolfe,BR,22,m,US,Female
338,2,0.6309297535714575,Charles Bolt,BR,22,m,US,Male
338,3,0.5,IAMX,BR,22,m,DE,Male
338,4,0.43067655807339306,John Maus,BR,22,m,US,Male
338,5,0.38685280723454163,Dennis Lloyd,BR,22,m,IL,Male
338,6,0.3562071871080222,Dido,BR,22,m,UK,Female
338,7,0.3333333333333333,Ry x,BR,22,m,AU,Male
338,8,0.31546487678572877,Weyes Blood,BR,22,m,US,Female
338,9,0.3010299956639812,Pedro Sampaio,BR,22,m,BR,Male
338,10,0.2890648263178879,Joe Goddard,BR,22,m,UK,Male
339,1,1.0,Frank Ocean,US,27,m,US,Male
339,2,0.6309297535714575,Ry x,US,27,m,AU,Male
339,3,0.5,Moby,US,27,m,US,Male
339,4,0.43067655807339306,Joe Goddard,US,27,m,UK,Male
339,5,0.38685280723454163,Lana Del Rey,US,27,m,US,Female
339,6,0.3562071871080222,Pat Benatar,US,27,m,US,Female
339,7,0.3333333333333333,Elliott Smith,US,27,m,US,Male
339,8,0.31546487678572877,Weyes Blood,US,27,m,US,Female
339,9,0.3010299956639812,Milow,US,27,m,BE,Male
339,10,0.2890648263178879,Roberta Flack,US,27,m,US,Female
340,1,1.0,Twin Shadow,PT,34,m,US,Male
340,2,0.6309297535714575,Dennis Lloyd,PT,34,m,IL,Male
340,3,0.5,Toro y Moi,PT,34,m,US,Male
340,4,0.43067655807339306,Beyoncé,PT,34,m,US,Female
340,5,0.38685280723454163,AFI,PT,34,m,US,Female
340,6,0.3562071871080222,Dimension,PT,34,m,ES,Male
340,7,0.3333333333333333,Moby,PT,34,m,US,Male
340,8,0.31546487678572877,Britney Spears,PT,34,m,US,Female
340,9,0.3010299956639812,Dido,PT,34,m,UK,Female
340,10,0.2890648263178879,Lana Del Rey,PT,34,m,US,Female
341,1,1.0,Lily Allen,RU,23,f,UK,Female
341,2,0.6309297535714575,Ry x,RU,23,f,AU,Male
341,3,0.5,Queen,RU,23,f,JP,Female
341,4,0.43067655807339306,Louis Tomlinson,RU,23,f,UK,Male
341,5,0.38685280723454163,Elliott Smith,RU,23,f,US,Male
341,6,0.3562071871080222,Jennifer Paige,RU,23,f,US,Female
341,7,0.3333333333333333,Twin Shadow,RU,23,f,US,Male
341,8,0.31546487678572877,Ed Sheeran,RU,23,f,UK,Male
341,9,0.3010299956639812,Tove Lo,RU,23,f,SE,Female
341,10,0.2890648263178879,Toro y Moi,RU,23,f,US,Male
342,1,1.0,Elvis Presley,NO,22,m,US,Male
342,2,0.6309297535714575,Billy Joel,NO,22,m,US,Male
342,3,0.5,Carpenter Brut,NO,22,m,FR,Male
342,4,0.43067655807339306,Ozzy Osbourne,NO,22,m,UK,Male
342,5,0.38685280723454163,Bob Marley & The Wailers,NO,22,m,JM,Male
342,6,0.3562071871080222,Kendrick Lamar,NO,22,m,US,Male
342,7,0.3333333333333333,Marissa Nadler,NO,22,m,US,Female
342,8,0.31546487678572877,Lana Del Rey,NO,22,m,US,Female
342,9,0.3010299956639812,Marilyn Manson,NO,22,m,US,Male
342,10,0.2890648263178879,Danny Brown,NO,22,m,US,Male
343,1,1.0,Grimes,FI,26,m,CA,Female
343,2,0.6309297535714575,Weyes Blood,FI,26,m,US,Female
343,3,0.5,Charles Bolt,FI,26,m,US,Male
343,4,0.43067655807339306,Frank Ocean,FI,26,m,US,Male
343,5,0.38685280723454163,Dido,FI,26,m,UK,Female
343,6,0.3562071871080222,Dennis Lloyd,FI,26,m,IL,Male
343,7,0.3333333333333333,Rihanna,FI,26,m,UK,Female
343,8,0.31546487678572877,John Maus,FI,26,m,US,Male
343,9,0.3010299956639812,IAMX,FI,26,m,DE,Male
343,10,0.2890648263178879,Taylor Swift,FI,26,m,US,Female
344,1,1.0,Tove Lo,IT,24,f,SE,Female
344,2,0.6309297535714575,Kygo,IT,24,f,NO,Male
344,3,0.5,Louis Tomlinson,IT,24,f,UK,Male
344,4,0.43067655807339306,John Maus,IT,24,f,US,Male
344,5,0.38685280723454163,Dido,IT,24,f,UK,Female
344,6,0.3562071871080222,Grimes,IT,24,f,CA,Female
344,7,0.3333333333333333,Ed Sheeran,IT,24,f,UK,Male
344,8,0.31546487678572877,Beyoncé,IT,24,f,US,Female
344,9,0.3010299956639812,Chelsea Wolfe,IT,24,f,US,Female
344,10,0.2890648263178879,Jess Glynne,IT,24,f,UK,Female
345,1,1.0,Oneohtrix Point Never,MX,26,m,US,Male
345,2,0.6309297535714575,Chelsea Wolfe,MX,26,m,US,Female
345,3,0.5,PJ Harvey,MX,26,m,UK,Female
345,4,0.43067655807339306,Paula Abdul,MX,26,m,US,Female
345,5,0.38685280723454163,Arca,MX,26,m,VE,Non-binary
345,6,0.3562071871080222,Devendra Banhart,MX,26,m,US,Male
345,7,0.3333333333333333,Rob Zombie,MX,26,m,US,Male
345,8,0.31546487678572877,Michael Jackson,MX,26,m,US,Male
345,9,0.3010299956639812,Kanye West,MX,26,m,US,Male
345,10,0.2890648263178879,Rod Stewart,MX,26,m,UK,Male
346,1,1.0,Elvis Presley,CA,18,m,US,Male
346,2,0.6309297535714575,Ariana Grande,CA,18,m,US,Female
346,3,0.5,Angel Olsen,CA,18,m,US,Female
346,4,0.43067655807339306,Marissa Nadler,CA,18,m,US,Female
346,5,0.38685280723454163,Kurt Vile,CA,18,m,US,Male
346,6,0.3562071871080222,Billy Joel,CA,18,m,US,Male
346,7,0.3333333333333333,Danny Brown,CA,18,m,US,Male
346,8,0.31546487678572877,Hana Vu,CA,18,m,US,Female
346,9,0.3010299956639812,Carpenter Brut,CA,18,m,FR,Male
346,10,0.2890648263178879,Bob Marley & The Wailers,CA,18,m,JM,Male
347,1,1.0,Weyes Blood,UY,26,m,US,Female
347,2,0.6309297535714575,Frank Ocean,UY,26,m,US,Male
347,3,0.5,John Maus,UY,26,m,US,Male
347,4,0.43067655807339306,Charles Bolt,UY,26,m,US,Male
347,5,0.38685280723454163,Ry x,UY,26,m,AU,Male
347,6,0.3562071871080222,Joe Goddard,UY,26,m,UK,Male
347,7,0.3333333333333333,Dido,UY,26,m,UK,Female
347,8,0.31546487678572877,Weyes Blood,UY,26,m,US,Female
347,9,0.3010299956639812,Britney Spears,UY,26,m,US,Female
347,10,0.2890648263178879,Beyoncé,UY,26,m,US,Female
348,1,1.0,Marilyn Manson,BR,19,m,US,Male
348,2,0.6309297535714575,Adele,BR,19,m,UK,Female
348,3,0.5,Elvis Presley,BR,19,m,US,Male
348,4,0.43067655807339306,Kanye West,BR,19,m,US,Male
348,5,0.38685280723454163,Madonna,BR,19,m,US,Female
348,6,0.3562071871080222,Seal,BR,19,m,UK,Male
348,7,0.3333333333333333,Oneohtrix Point Never,BR,19,m,US,Male
348,8,0.31546487678572877,Ariana Grande,BR,19,m,US,Female
348,9,0.3010299956639812,Sharon Van Etten,BR,19,m,US,Female
348,10,0.2890648263178879,Ed Sheeran,BR,19,m,UK,Male
349,1,1.0,Toro y Moi,SE,24,f,US,Male
349,2,0.6309297535714575,Ariana Grande,SE,24,f,US,Female
349,3,0.5,Miley Cyrus,SE,24,f,US,Non-binary
349,4,0.43067655807339306,Grimes,SE,24,f,CA,Female
349,5,0.38685280723454163,Four Tet,SE,24,f,UK,Male
349,6,0.3562071871080222,George Ezra,SE,24,f,UK,Male
349,7,0.3333333333333333,Bob Marley & The Wailers,SE,24,f,JM,Male
349,8,0.31546487678572877,Aldous Harding,SE,24,f,NZ,Female
349,9,0.3010299956639812,Kelis,SE,24,f,US,Female
349,10,0.2890648263178879,Madonna,SE,24,f,US,Female
350,1,1.0,Ry x,RU,25,m,AU,Male
350,2,0.6309297535714575,Dennis Lloyd,RU,25,m,IL,Male
350,3,0.5,Britney Spears,RU,25,m,US,Female
350,4,0.43067655807339306,Weyes Blood,RU,25,m,US,Female
350,5,0.38685280723454163,Joe Goddard,RU,25,m,UK,Male
350,6,0.3562071871080222,Christina Aguilera,RU,25,m,US,Female
350,7,0.3333333333333333,Rihanna,RU,25,m,UK,Female
350,8,0.31546487678572877,Beyoncé,RU,25,m,US,Female
350,9,0.3010299956639812,Elliott Smith,RU,25,m,US,Male
350,10,0.2890648263178879,Pat Benatar,RU,25,m,US,Female
351,1,1.0,Jennifer Paige,NO,21,m,US,Female
351,2,0.6309297535714575,Louis Tomlinson,NO,21,m,UK,Male
351,3,0.5,Queen,NO,21,m,JP,Female
351,4,0.43067655807339306,Chelsea Wolfe,NO,21,m,US,Female
351,5,0.38685280723454163,Tove Lo,NO,21,m,SE,Female
351,6,0.3562071871080222,Ed Sheeran,NO,21,m,UK,Male
351,7,0.3333333333333333,Ariana Grande,NO,21,m,US,Female
351,8,0.31546487678572877,Pional,NO,21,m,ES,Male
351,9,0.3010299956639812,Leonard Cohen,NO,21,m,CA,Male
351,10,0.2890648263178879,Perfume Genius,NO,21,m,US,Male
352,1,1.0,Ed Sheeran,RU,24,m,UK,Male
352,2,0.6309297535714575,Ariana Grande,RU,24,m,US,Female
352,3,0.5,Kygo,RU,24,m,NO,Male
352,4,0.43067655807339306,Jess Glynne,RU,24,m,UK,Female
352,5,0.38685280723454163,Elliott Smith,RU,24,m,US,Male
352,6,0.3562071871080222,Ed Sheeran,RU,24,m,UK,Male
352,7,0.3333333333333333,Charles Bolt,RU,24,m,US,Male
352,8,0.31546487678572877,IAMX,RU,24,m,DE,Male
352,9,0.3010299956639812,Toro y Moi,RU,24,m,US,Male
352,10,0.2890648263178879,Twin Shadow,RU,24,m,US,Male
353,1,1.0,Grimes,SK,24,m,CA,Female
353,2,0.6309297535714575,Britney Spears,SK,24,m,US,Female
353,3,0.5,Nicki Minaj,SK,24,m,US,Female
353,4,0.43067655807339306,John Maus,SK,24,m,US,Male
353,5,0.38685280723454163,Thom Yorke,SK,24,m,UK,Male
353,6,0.3562071871080222,DJ Shadow,SK,24,m,US,Male
353,7,0.3333333333333333,Gwen Stefani,SK,24,m,US,Female
353,8,0.31546487678572877,Sia,SK,24,m,AU,Female
353,9,0.3010299956639812,Troye Sivan,SK,24,m,AU,Male
353,10,0.2890648263178879,Apparat,SK,24,m,DE,Male
354,1,1.0,Sharon Van Etten,UK,21,m,US,Female
354,2,0.6309297535714575,Oneohtrix Point Never,UK,21,m,US,Male
354,3,0.5,Mac DeMarco,UK,21,m,CA,Male
354,4,0.43067655807339306,Bat for Lashes,UK,21,m,UK,Female
354,5,0.38685280723454163,Kanye West,UK,21,m,US,Male
354,6,0.3562071871080222,Bob Marley & The Wailers,UK,21,m,JM,Male
354,7,0.3333333333333333,Ozzy Osbourne,UK,21,m,UK,Male
354,8,0.31546487678572877,Justin Timberlake,UK,21,m,US,Male
354,9,0.3010299956639812,Chelsea Wolfe,UK,21,m,US,Female
354,10,0.2890648263178879,Marilyn Manson,UK,21,m,US,Male
355,1,1.0,Tove Lo,HR,24,m,SE,Female
355,2,0.6309297535714575,Twin Shadow,HR,24,m,US,Male
355,3,0.5,Ariana Grande,HR,24,m,US,Female
355,4,0.43067655807339306,Kygo,HR,24,m,NO,Male
355,5,0.38685280723454163,Jess Glynne,HR,24,m,UK,Female
355,6,0.3562071871080222,IAMX,HR,24,m,DE,Male
355,7,0.3333333333333333,Sufjan Stevens,HR,24,m,US,Male
355,8,0.31546487678572877,AFI,HR,24,m,US,Female
355,9,0.3010299956639812,Perfume Genius,HR,24,m,US,Male
355,10,0.2890648263178879,Leonard Cohen,HR,24,m,CA,Male
357,1,1.0,Kygo,FR,20,m,NO,Male
357,2,0.6309297535714575,Jess Glynne,FR,20,m,UK,Female
357,3,0.5,Charles Bolt,FR,20,m,US,Male
357,4,0.43067655807339306,Elliott Smith,FR,20,m,US,Male
357,5,0.38685280723454163,Dennis Lloyd,FR,20,m,IL,Male
357,6,0.3562071871080222,Toro y Moi,FR,20,m,US,Male
357,7,0.3333333333333333,Moby,FR,20,m,US,Male
357,8,0.31546487678572877,Beyoncé,FR,20,m,US,Female
357,9,0.3010299956639812,Britney Spears,FR,20,m,US,Female
357,10,0.2890648263178879,Twin Shadow,FR,20,m,US,Male
358,1,1.0,John Maus,DK,19,m,US,Male
358,2,0.6309297535714575,Christina Aguilera,DK,19,m,US,Female
358,3,0.5,Dimension,DK,19,m,ES,Male
358,4,0.43067655807339306,Ry x,DK,19,m,AU,Male
358,5,0.38685280723454163,IAMX,DK,19,m,DE,Male
358,6,0.3562071871080222,Dido,DK,19,m,UK,Female
358,7,0.3333333333333333,Moby,DK,19,m,US,Male
358,8,0.31546487678572877,Joe Goddard,DK,19,m,UK,Male
358,9,0.3010299956639812,Weyes Blood,DK,19,m,US,Female
358,10,0.2890648263178879,Mariah Carey,DK,19,m,US,Female
359,1,1.0,Sia,PL,24,m,AU,Female
359,2,0.6309297535714575,Kanye West,PL,24,m,US,Male
359,3,0.5,Kurt Vile,PL,24,m,US,Male
359,4,0.43067655807339306,Grimes,PL,24,m,CA,Female
359,5,0.38685280723454163,Weyes Blood,PL,24,m,US,Female
359,6,0.3562071871080222,Avril Lavigne,PL,24,m,CA,Female
359,7,0.3333333333333333,Lisa Miskovsky,PL,24,m,SE,Female
359,8,0.31546487678572877,Jennifer Lopez,PL,24,m,US,Female
359,9,0.3010299956639812,Frank Ocean,PL,24,m,US,Male
359,10,0.2890648263178879,Lily Allen,PL,24,m,UK,Female
360,1,1.0,Queen,JP,24,m,JP,Female
360,2,0.6309297535714575,Katy Perry,JP,24,m,US,Female
360,3,0.5,Jennifer Paige,JP,24,m,US,Female
360,4,0.43067655807339306,Louis Tomlinson,JP,24,m,UK,Male
360,5,0.38685280723454163,Tove Lo,JP,24,m,SE,Female
360,6,0.3562071871080222,Chelsea Wolfe,JP,24,m,US,Female
360,7,0.3333333333333333,Kygo,JP,24,m,NO,Male
360,8,0.31546487678572877,Ariana Grande,JP,24,m,US,Female
360,9,0.3010299956639812,Ed Sheeran,JP,24,m,UK,Male
360,10,0.2890648263178879,Ry x,JP,24,m,AU,Male
361,1,1.0,Oneohtrix Point Never,PL,26,m,US,Male
361,2,0.6309297535714575,PJ Harvey,PL,26,m,UK,Female
361,3,0.5,Devendra Banhart,PL,26,m,US,Male
361,4,0.43067655807339306,Rush,PL,26,m,US,Male
361,5,0.38685280723454163,Paula Abdul,PL,26,m,US,Female
361,6,0.3562071871080222,Michael Jackson,PL,26,m,US,Male
361,7,0.3333333333333333,Kanye West,PL,26,m,US,Male
361,8,0.31546487678572877,Rita Ora,PL,26,m,UK,Female
361,9,0.3010299956639812,PJ Harvey,PL,26,m,UK,Female
361,10,0.2890648263178879,Rob Zombie,PL,26,m,US,Male
362,1,1.0,Ed Sheeran,NL,26,m,UK,Male
362,2,0.6309297535714575,Ariana Grande,NL,26,m,US,Female
362,3,0.5,Kygo,NL,26,m,NO,Male
362,4,0.43067655807339306,Twin Shadow,NL,26,m,US,Male
362,5,0.38685280723454163,Ed Sheeran,NL,26,m,UK,Male
362,6,0.3562071871080222,Jess Glynne,NL,26,m,UK,Female
362,7,0.3333333333333333,Charles Bolt,NL,26,m,US,Male
362,8,0.31546487678572877,IAMX,NL,26,m,DE,Male
362,9,0.3010299956639812,Tame Impala,NL,26,m,AU,Male
362,10,0.2890648263178879,Sufjan Stevens,NL,26,m,US,Male
363,1,1.0,Kygo,RU,22,m,NO,Male
363,2,0.6309297535714575,Jess Glynne,RU,22,m,UK,Female
363,3,0.5,Ry x,RU,22,m,AU,Male
363,4,0.43067655807339306,Charles Bolt,RU,22,m,US,Male
363,5,0.38685280723454163,Weyes Blood,RU,22,m,US,Female
363,6,0.3562071871080222,IAMX,RU,22,m,DE,Male
363,7,0.3333333333333333,Joe Goddard,RU,22,m,UK,Male
363,8,0.31546487678572877,Elliott Smith,RU,22,m,US,Male
363,9,0.3010299956639812,Moby,RU,22,m,US,Male
363,10,0.2890648263178879,Dennis Lloyd,RU,22,m,IL,Male
364,1,1.0,Weyes Blood,ID,27,m,US,Female
364,2,0.6309297535714575,Kelly Clarkson,ID,27,m,US,Female
364,3,0.5,IAMX,ID,27,m,DE,Male
364,4,0.43067655807339306,Pedro Sampaio,ID,27,m,BR,Male
364,5,0.38685280723454163,Selena Gomez,ID,27,m,US,Female
364,6,0.3562071871080222,Moby,ID,27,m,US,Male
364,7,0.3333333333333333,Dimension,ID,27,m,ES,Male
364,8,0.31546487678572877,Niall Horan,ID,27,m,IE,Male
364,9,0.3010299956639812,Elliott Smith,ID,27,m,US,Male
364,10,0.2890648263178879,Madonna,ID,27,m,US,Female
365,1,1.0,Britney Spears,PL,24,m,US,Female
365,2,0.6309297535714575,Nicki Minaj,PL,24,m,US,Female
365,3,0.5,Rihanna,PL,24,m,UK,Female
365,4,0.43067655807339306,RuPaul,PL,24,m,US,Female
365,5,0.38685280723454163,Gwen Stefani,PL,24,m,US,Female
365,6,0.3562071871080222,Wax Tailor,PL,24,m,FR,Male
365,7,0.3333333333333333,Nicki Minaj,PL,24,m,US,Female
365,8,0.31546487678572877,Sia,PL,24,m,AU,Female
365,9,0.3010299956639812,Kanye West,PL,24,m,US,Male
365,10,0.2890648263178879,Moby,PL,24,m,US,Male
366,1,1.0,PJ Harvey,FI,19,f,UK,Female
366,2,0.6309297535714575,Justin Timberlake,FI,19,f,US,Male
366,3,0.5,Britney Spears,FI,19,f,US,Female
366,4,0.43067655807339306,Damien Jurado,FI,19,f,US,Male
366,5,0.38685280723454163,Sharon Van Etten,FI,19,f,US,Female
366,6,0.3562071871080222,Kanye West,FI,19,f,US,Male
366,7,0.3333333333333333,Paula Abdul,FI,19,f,US,Female
366,8,0.31546487678572877,Marilyn Manson,FI,19,f,US,Male
366,9,0.3010299956639812,Lana Del Rey,FI,19,f,US,Female
366,10,0.2890648263178879,Rita Ora,FI,19,f,UK,Female
367,1,1.0,Queen,US,21,f,JP,Female
367,2,0.6309297535714575,Ry x,US,21,f,AU,Male
367,3,0.5,Joe Goddard,US,21,f,UK,Male
367,4,0.43067655807339306,Moby,US,21,f,US,Male
367,5,0.38685280723454163,IAMX,US,21,f,DE,Male
367,6,0.3562071871080222,Weyes Blood,US,21,f,US,Female
367,7,0.3333333333333333,Tycho,US,21,f,US,Male
367,8,0.31546487678572877,Mariah Carey,US,21,f,US,Female
367,9,0.3010299956639812,Dimension,US,21,f,ES,Male
367,10,0.2890648263178879,Neil Diamond,US,21,f,US,Male
369,1,1.0,Jess Glynne,ES,111,f,UK,Female
369,2,0.6309297535714575,Dennis Lloyd,ES,111,f,IL,Male
369,3,0.5,IAMX,ES,111,f,DE,Male
369,4,0.43067655807339306,Christina Aguilera,ES,111,f,US,Female
369,5,0.38685280723454163,Dido,ES,111,f,UK,Female
369,6,0.3562071871080222,Elliott Smith,ES,111,f,US,Male
369,7,0.3333333333333333,Britney Spears,ES,111,f,US,Female
369,8,0.31546487678572877,Beyoncé,ES,111,f,US,Female
369,9,0.3010299956639812,Rihanna,ES,111,f,UK,Female
369,10,0.2890648263178879,Moby,ES,111,f,US,Male
370,1,1.0,Tove Lo,IT,22,m,SE,Female
370,2,0.6309297535714575,Ed Sheeran,IT,22,m,UK,Male
370,3,0.5,Ariana Grande,IT,22,m,US,Female
370,4,0.43067655807339306,Kygo,IT,22,m,NO,Male
370,5,0.38685280723454163,Ed Sheeran,IT,22,m,UK,Male
370,6,0.3562071871080222,Jess Glynne,IT,22,m,UK,Female
370,7,0.3333333333333333,Sufjan Stevens,IT,22,m,US,Male
370,8,0.31546487678572877,IAMX,IT,22,m,DE,Male
370,9,0.3010299956639812,Tame Impala,IT,22,m,AU,Male
370,10,0.2890648263178879,Charles Bolt,IT,22,m,US,Male
371,1,1.0,Queen,PL,24,f,JP,Female
371,2,0.6309297535714575,Frank Ocean,PL,24,f,US,Male
371,3,0.5,John Maus,PL,24,f,US,Male
371,4,0.43067655807339306,Bruno Mars,PL,24,f,US,Male
371,5,0.38685280723454163,Celldweller,PL,24,f,US,Male
371,6,0.3562071871080222,Pedro Sampaio,PL,24,f,BR,Male
371,7,0.3333333333333333,Annie Lennox,PL,24,f,UK,Female
371,8,0.31546487678572877,Rod Stewart,PL,24,f,UK,Male
371,9,0.3010299956639812,Celldweller,PL,24,f,US,Male
371,10,0.2890648263178879,Joe Goddard,PL,24,f,UK,Male
372,1,1.0,Queen,SI,25,m,JP,Female
372,2,0.6309297535714575,Ed Sheeran,SI,25,m,UK,Male
372,3,0.5,Chelsea Wolfe,SI,25,m,US,Female
372,4,0.43067655807339306,Ed Sheeran,SI,25,m,UK,Male
372,5,0.38685280723454163,Jess Glynne,SI,25,m,UK,Female
372,6,0.3562071871080222,Ry x,SI,25,m,AU,Male
372,7,0.3333333333333333,Weyes Blood,SI,25,m,US,Female
372,8,0.31546487678572877,Charles Bolt,SI,25,m,US,Male
372,9,0.3010299956639812,Christina Aguilera,SI,25,m,US,Female
372,10,0.2890648263178879,Beyoncé,SI,25,m,US,Female
373,1,1.0,Tove Lo,HU,20,f,SE,Female
373,2,0.6309297535714575,Chelsea Wolfe,HU,20,f,US,Female
373,3,0.5,Ed Sheeran,HU,20,f,UK,Male
373,4,0.43067655807339306,Ariana Grande,HU,20,f,US,Female
373,5,0.38685280723454163,Kygo,HU,20,f,NO,Male
373,6,0.3562071871080222,Ed Sheeran,HU,20,f,UK,Male
373,7,0.3333333333333333,Jess Glynne,HU,20,f,UK,Female
373,8,0.31546487678572877,Charles Bolt,HU,20,f,US,Male
373,9,0.3010299956639812,IAMX,HU,20,f,DE,Male
373,10,0.2890648263178879,Elliott Smith,HU,20,f,US,Male
374,1,1.0,Jennifer Paige,UA,24,f,US,Female
374,2,0.6309297535714575,Louis Tomlinson,UA,24,f,UK,Male
374,3,0.5,Chelsea Wolfe,UA,24,f,US,Female
374,4,0.43067655807339306,Ed Sheeran,UA,24,f,UK,Male
374,5,0.38685280723454163,Ariana Grande,UA,24,f,US,Female
374,6,0.3562071871080222,Tove Lo,UA,24,f,SE,Female
374,7,0.3333333333333333,Kygo,UA,24,f,NO,Male
374,8,0.31546487678572877,Elliott Smith,UA,24,f,US,Male
374,9,0.3010299956639812,Ed Sheeran,UA,24,f,UK,Male
374,10,0.2890648263178879,Twin Shadow,UA,24,f,US,Male
375,1,1.0,Chelsea Wolfe,AT,32,m,US,Female
375,2,0.6309297535714575,Jess Glynne,AT,32,m,UK,Female
375,3,0.5,John Maus,AT,32,m,US,Male
375,4,0.43067655807339306,Charles Bolt,AT,32,m,US,Male
375,5,0.38685280723454163,IAMX,AT,32,m,DE,Male
375,6,0.3562071871080222,Ry x,AT,32,m,AU,Male
375,7,0.3333333333333333,Dido,AT,32,m,UK,Female
375,8,0.31546487678572877,Dennis Lloyd,AT,32,m,IL,Male
375,9,0.3010299956639812,Beyoncé,AT,32,m,US,Female
375,10,0.2890648263178879,Britney Spears,AT,32,m,US,Female
376,1,1.0,Oneohtrix Point Never,US,22,f,US,Male
376,2,0.6309297535714575,Chelsea Wolfe,US,22,f,US,Female
376,3,0.5,Arca,US,22,f,VE,Non-binary
376,4,0.43067655807339306,PJ Harvey,US,22,f,UK,Female
376,5,0.38685280723454163,Devendra Banhart,US,22,f,US,Male
376,6,0.3562071871080222,Justin Timberlake,US,22,f,US,Male
376,7,0.3333333333333333,Britney Spears,US,22,f,US,Female
376,8,0.31546487678572877,Lana Del Rey,US,22,f,US,Female
376,9,0.3010299956639812,Kanye West,US,22,f,US,Male
376,10,0.2890648263178879,PJ Harvey,US,22,f,UK,Female
377,1,1.0,Elvis Presley,BE,36,m,US,Male
377,2,0.6309297535714575,Madonna,BE,36,m,US,Female
377,3,0.5,Ariana Grande,BE,36,m,US,Female
377,4,0.43067655807339306,Ed Sheeran,BE,36,m,UK,Male
377,5,0.38685280723454163,Gregory Alan Isakov,BE,36,m,US,Male
377,6,0.3562071871080222,Leonard Cohen,BE,36,m,CA,Male
377,7,0.3333333333333333,Kurt Vile,BE,36,m,US,Male
377,8,0.31546487678572877,Billy Joel,BE,36,m,US,Male
377,9,0.3010299956639812,Flume,BE,36,m,AU,Male
377,10,0.2890648263178879,Seal,BE,36,m,UK,Male
378,1,1.0,Ed Sheeran,ES,23,m,UK,Male
378,2,0.6309297535714575,Ry x,ES,23,m,AU,Male
378,3,0.5,Ariana Grande,ES,23,m,US,Female
378,4,0.43067655807339306,Charles Bolt,ES,23,m,US,Male
378,5,0.38685280723454163,Elliott Smith,ES,23,m,US,Male
378,6,0.3562071871080222,Jess Glynne,ES,23,m,UK,Female
378,7,0.3333333333333333,Twin Shadow,ES,23,m,US,Male
378,8,0.31546487678572877,IAMX,ES,23,m,DE,Male
378,9,0.3010299956639812,Toro y Moi,ES,23,m,US,Male
378,10,0.2890648263178879,Dimension,ES,23,m,ES,Male
379,1,1.0,Toro y Moi,RU,95,m,US,Male
379,2,0.6309297535714575,Miley Cyrus,RU,95,m,US,Non-binary
379,3,0.5,Lil Nas X,RU,95,m,US,Male
379,4,0.43067655807339306,Miley Cyrus,RU,95,m,US,Non-binary
379,5,0.38685280723454163,Ariana Grande,RU,95,m,US,Female
379,6,0.3562071871080222,Sia,RU,95,m,AU,Female
379,7,0.3333333333333333,Elvis Presley,RU,95,m,US,Male
379,8,0.31546487678572877,Grimes,RU,95,m,CA,Female
379,9,0.3010299956639812,Frank Ocean,RU,95,m,US,Male
379,10,0.2890648263178879,Four Tet,RU,95,m,UK,Male
380,1,1.0,Jennifer Paige,NO,21,m,US,Female
380,2,0.6309297535714575,Queen,NO,21,m,JP,Female
380,3,0.5,Katy Perry,NO,21,m,US,Female
380,4,0.43067655807339306,Louis Tomlinson,NO,21,m,UK,Male
380,5,0.38685280723454163,Chelsea Wolfe,NO,21,m,US,Female
380,6,0.3562071871080222,Tove Lo,NO,21,m,SE,Female
380,7,0.3333333333333333,Ariana Grande,NO,21,m,US,Female
380,8,0.31546487678572877,Ed Sheeran,NO,21,m,UK,Male
380,9,0.3010299956639812,Kygo,NO,21,m,NO,Male
380,10,0.2890648263178879,Sufjan Stevens,NO,21,m,US,Male
381,1,1.0,Sia,RS,40,f,AU,Female
381,2,0.6309297535714575,George Ezra,RS,40,f,UK,Male
381,3,0.5,Chelsea Wolfe,RS,40,f,US,Female
381,4,0.43067655807339306,Bob Marley & The Wailers,RS,40,f,JM,Male
381,5,0.38685280723454163,Taylor Swift,RS,40,f,US,Female
381,6,0.3562071871080222,Angel Olsen,RS,40,f,US,Female
381,7,0.3333333333333333,Kurt Vile,RS,40,f,US,Male
381,8,0.31546487678572877,Kanye West,RS,40,f,US,Male
381,9,0.3010299956639812,Adele,RS,40,f,UK,Female
381,10,0.2890648263178879,Philip Glass,RS,40,f,US,Male
382,1,1.0,Ariana Grande,SE,24,m,US,Female
382,2,0.6309297535714575,Ry x,SE,24,m,AU,Male
382,3,0.5,Joe Goddard,SE,24,m,UK,Male
382,4,0.43067655807339306,IAMX,SE,24,m,DE,Male
382,5,0.38685280723454163,Weyes Blood,SE,24,m,US,Female
382,6,0.3562071871080222,Elliott Smith,SE,24,m,US,Male
382,7,0.3333333333333333,Dennis Lloyd,SE,24,m,IL,Male
382,8,0.31546487678572877,AFI,SE,24,m,US,Female
382,9,0.3010299956639812,Gregory Alan Isakov,SE,24,m,US,Male
382,10,0.2890648263178879,Toro y Moi,SE,24,m,US,Male
383,1,1.0,Ry x,AU,26,f,AU,Male
383,2,0.6309297535714575,Weyes Blood,AU,26,f,US,Female
383,3,0.5,Elliott Smith,AU,26,f,US,Male
383,4,0.43067655807339306,Rihanna,AU,26,f,UK,Female
383,5,0.38685280723454163,Beyoncé,AU,26,f,US,Female
383,6,0.3562071871080222,Britney Spears,AU,26,f,US,Female
383,7,0.3333333333333333,Twin Shadow,AU,26,f,US,Male
383,8,0.31546487678572877,Mariah Carey,AU,26,f,US,Female
383,9,0.3010299956639812,Toro y Moi,AU,26,f,US,Male
383,10,0.2890648263178879,Avril Lavigne,AU,26,f,CA,Female
384,1,1.0,George Ezra,BR,23,m,UK,Male
384,2,0.6309297535714575,Jessie J,BR,23,m,UK,Female
384,3,0.5,Sia,BR,23,m,AU,Female
384,4,0.43067655807339306,Marilyn Manson,BR,23,m,US,Male
384,5,0.38685280723454163,PJ Harvey,BR,23,m,UK,Female
384,6,0.3562071871080222,Adele,BR,23,m,UK,Female
384,7,0.3333333333333333,John Maus,BR,23,m,US,Male
384,8,0.31546487678572877,Bob Marley & The Wailers,BR,23,m,JM,Male
384,9,0.3010299956639812,Bill Callahan,BR,23,m,US,Male
384,10,0.2890648263178879,Taylor Swift,BR,23,m,US,Female
385,1,1.0,Ed Sheeran,US,36,m,UK,Male
385,2,0.6309297535714575,Kygo,US,36,m,NO,Male
385,3,0.5,Elliott Smith,US,36,m,US,Male
385,4,0.43067655807339306,Jess Glynne,US,36,m,UK,Female
385,5,0.38685280723454163,Twin Shadow,US,36,m,US,Male
385,6,0.3562071871080222,Ed Sheeran,US,36,m,UK,Male
385,7,0.3333333333333333,Toro y Moi,US,36,m,US,Male
385,8,0.31546487678572877,Charles Bolt,US,36,m,US,Male
385,9,0.3010299956639812,IAMX,US,36,m,DE,Male
385,10,0.2890648263178879,Dido,US,36,m,UK,Female
386,1,1.0,Lily Allen,BR,21,m,UK,Female
386,2,0.6309297535714575,Avril Lavigne,BR,21,m,CA,Female
386,3,0.5,Queen,BR,21,m,JP,Female
386,4,0.43067655807339306,Chelsea Wolfe,BR,21,m,US,Female
386,5,0.38685280723454163,Jennifer Paige,BR,21,m,US,Female
386,6,0.3562071871080222,Louis Tomlinson,BR,21,m,UK,Male
386,7,0.3333333333333333,Pional,BR,21,m,ES,Male
386,8,0.31546487678572877,Katy Perry,BR,21,m,US,Female
386,9,0.3010299956639812,Leonard Cohen,BR,21,m,CA,Male
386,10,0.2890648263178879,Ed Sheeran,BR,21,m,UK,Male
387,1,1.0,Miley Cyrus,PL,21,m,US,Non-binary
387,2,0.6309297535714575,Toro y Moi,PL,21,m,US,Male
387,3,0.5,Tycho,PL,21,m,US,Male
387,4,0.43067655807339306,James Blake,PL,21,m,UK,Male
387,5,0.38685280723454163,Edwyn Collins,PL,21,m,UK,Male
387,6,0.3562071871080222,Janelle Monáe,PL,21,m,US,Non-binary
387,7,0.3333333333333333,Miley Cyrus,PL,21,m,US,Non-binary
387,8,0.31546487678572877,Rob Zombie,PL,21,m,US,Male
387,9,0.3010299956639812,Ariana Grande,PL,21,m,US,Female
387,10,0.2890648263178879,Lil Nas X,PL,21,m,US,Male
388,1,1.0,Britney Spears,BR,22,m,US,Female
388,2,0.6309297535714575,Wax Tailor,BR,22,m,FR,Male
388,3,0.5,Jennifer Lopez,BR,22,m,US,Female
388,4,0.43067655807339306,Gwen Stefani,BR,22,m,US,Female
388,5,0.38685280723454163,Sia,BR,22,m,AU,Female
388,6,0.3562071871080222,Justin Timberlake,BR,22,m,US,Male
388,7,0.3333333333333333,Kanye West,BR,22,m,US,Male
388,8,0.31546487678572877,Lisa Miskovsky,BR,22,m,SE,Female
388,9,0.3010299956639812,Adele,BR,22,m,UK,Female
388,10,0.2890648263178879,Queen,BR,22,m,JP,Female
389,1,1.0,Frank Ocean,ES,28,m,US,Male
389,2,0.6309297535714575,John Maus,ES,28,m,US,Male
389,3,0.5,Jess Glynne,ES,28,m,UK,Female
389,4,0.43067655807339306,Charles Bolt,ES,28,m,US,Male
389,5,0.38685280723454163,Ry x,ES,28,m,AU,Male
389,6,0.3562071871080222,Dennis Lloyd,ES,28,m,IL,Male
389,7,0.3333333333333333,IAMX,ES,28,m,DE,Male
389,8,0.31546487678572877,Joe Goddard,ES,28,m,UK,Male
389,9,0.3010299956639812,Weyes Blood,ES,28,m,US,Female
389,10,0.2890648263178879,Elliott Smith,ES,28,m,US,Male
390,1,1.0,Jess Glynne,VA,22,m,UK,Female
390,2,0.6309297535714575,Ariana Grande,VA,22,m,US,Female
390,3,0.5,Ry x,VA,22,m,AU,Male
390,4,0.43067655807339306,Charles Bolt,VA,22,m,US,Male
390,5,0.38685280723454163,Kygo,VA,22,m,NO,Male
390,6,0.3562071871080222,Dennis Lloyd,VA,22,m,IL,Male
390,7,0.3333333333333333,Weyes Blood,VA,22,m,US,Female
390,8,0.31546487678572877,Joe Goddard,VA,22,m,UK,Male
390,9,0.3010299956639812,Elliott Smith,VA,22,m,US,Male
390,10,0.2890648263178879,Britney Spears,VA,22,m,US,Female
391,1,1.0,Jennifer Paige,BR,22,m,US,Female
391,2,0.6309297535714575,John Maus,BR,22,m,US,Male
391,3,0.5,Tove Lo,BR,22,m,SE,Female
391,4,0.43067655807339306,Ry x,BR,22,m,AU,Male
391,5,0.38685280723454163,Louis Tomlinson,BR,22,m,UK,Male
391,6,0.3562071871080222,Justin Timberlake,BR,22,m,US,Male
391,7,0.3333333333333333,Queen,BR,22,m,JP,Female
391,8,0.31546487678572877,Clara Nunes,BR,22,m,BR,Female
391,9,0.3010299956639812,Queen Naija,BR,22,m,US,Female
391,10,0.2890648263178879,Caetano Veloso,BR,22,m,BR,Male
393,1,1.0,Ariana Grande,BR,20,m,US,Female
393,2,0.6309297535714575,Madonna,BR,20,m,US,Female
393,3,0.5,Elvis Presley,BR,20,m,US,Male
393,4,0.43067655807339306,Seal,BR,20,m,UK,Male
393,5,0.38685280723454163,Ed Sheeran,BR,20,m,UK,Male
393,6,0.3562071871080222,Billy Joel,BR,20,m,US,Male
393,7,0.3333333333333333,Carpenter Brut,BR,20,m,FR,Male
393,8,0.31546487678572877,Oneohtrix Point Never,BR,20,m,US,Male
393,9,0.3010299956639812,Chelsea Wolfe,BR,20,m,US,Female
393,10,0.2890648263178879,Laura Marling,BR,20,m,UK,Female
394,1,1.0,Justin Timberlake,FR,27,m,US,Male
394,2,0.6309297535714575,Ozzy Osbourne,FR,27,m,UK,Male
394,3,0.5,Laura Marling,FR,27,m,UK,Female
394,4,0.43067655807339306,Oneohtrix Point Never,FR,27,m,US,Male
394,5,0.38685280723454163,Marilyn Manson,FR,27,m,US,Male
394,6,0.3562071871080222,Panda Bear,FR,27,m,US,Male
394,7,0.3333333333333333,Chelsea Wolfe,FR,27,m,US,Female
394,8,0.31546487678572877,John Maus,FR,27,m,US,Male
394,9,0.3010299956639812,PJ Harvey,FR,27,m,UK,Female
394,10,0.2890648263178879,Queen,FR,27,m,JP,Female
395,1,1.0,Chelsea Wolfe,SE,21,m,US,Female
395,2,0.6309297535714575,Rush,SE,21,m,US,Male
395,3,0.5,PJ Harvey,SE,21,m,UK,Female
395,4,0.43067655807339306,Paula Abdul,SE,21,m,US,Female
395,5,0.38685280723454163,Rita Ora,SE,21,m,UK,Female
395,6,0.3562071871080222,Rob Zombie,SE,21,m,US,Male
395,7,0.3333333333333333,Michael Jackson,SE,21,m,US,Male
395,8,0.31546487678572877,Noisestorm,SE,21,m,IE,Male
395,9,0.3010299956639812,Lorde,SE,21,m,NZ,Female
395,10,0.2890648263178879,Kanye West,SE,21,m,US,Male
396,1,1.0,Sia,US,18,f,AU,Female
396,2,0.6309297535714575,Jennifer Lopez,US,18,f,US,Female
396,3,0.5,Lily Allen,US,18,f,UK,Female
396,4,0.43067655807339306,Jennifer Paige,US,18,f,US,Female
396,5,0.38685280723454163,Katy Perry,US,18,f,US,Female
396,6,0.3562071871080222,Louis Tomlinson,US,18,f,UK,Male
396,7,0.3333333333333333,Pusha T,US,18,f,US,Male
396,8,0.31546487678572877,Sufjan Stevens,US,18,f,US,Male
396,9,0.3010299956639812,Tove Lo,US,18,f,SE,Female
396,10,0.2890648263178879,Chelsea Wolfe,US,18,f,US,Female
397,1,1.0,Ed Sheeran,UK,24,m,UK,Male
397,2,0.6309297535714575,Tove Lo,UK,24,m,SE,Female
397,3,0.5,Ariana Grande,UK,24,m,US,Female
397,4,0.43067655807339306,Kygo,UK,24,m,NO,Male
397,5,0.38685280723454163,Jess Glynne,UK,24,m,UK,Female
397,6,0.3562071871080222,Ed Sheeran,UK,24,m,UK,Male
397,7,0.3333333333333333,Charles Bolt,UK,24,m,US,Male
397,8,0.31546487678572877,Lana Del Rey,UK,24,m,US,Female
397,9,0.3010299956639812,Perfume Genius,UK,24,m,US,Male
397,10,0.2890648263178879,AFI,UK,24,m,US,Female
398,1,1.0,Ozzy Osbourne,HK,17,m,UK,Male
398,2,0.6309297535714575,Queen,HK,17,m,JP,Female
398,3,0.5,Justin Timberlake,HK,17,m,US,Male
398,4,0.43067655807339306,Lana Del Rey,HK,17,m,US,Female
398,5,0.38685280723454163,Britney Spears,HK,17,m,US,Female
398,6,0.3562071871080222,Emma Ruth Rundle,HK,17,m,US,Female
398,7,0.3333333333333333,Marissa Nadler,HK,17,m,US,Female
398,8,0.31546487678572877,James Blake,HK,17,m,UK,Male
398,9,0.3010299956639812,Kendrick Lamar,HK,17,m,US,Male
398,10,0.2890648263178879,Danny Brown,HK,17,m,US,Male
399,1,1.0,Queen,RU,24,m,JP,Female
399,2,0.6309297535714575,Chelsea Wolfe,RU,24,m,US,Female
399,3,0.5,Weyes Blood,RU,24,m,US,Female
399,4,0.43067655807339306,Frank Ocean,RU,24,m,US,Male
399,5,0.38685280723454163,Ariana Grande,RU,24,m,US,Female
399,6,0.3562071871080222,John Maus,RU,24,m,US,Male
399,7,0.3333333333333333,Charles Bolt,RU,24,m,US,Male
399,8,0.31546487678572877,Ry x,RU,24,m,AU,Male
399,9,0.3010299956639812,Joe Goddard,RU,24,m,UK,Male
399,10,0.2890648263178879,Dennis Lloyd,RU,24,m,IL,Male
400,1,1.0,Lily Allen,DE,24,m,UK,Female
400,2,0.6309297535714575,Grimes,DE,24,m,CA,Female
400,3,0.5,Louis Tomlinson,DE,24,m,UK,Male
400,4,0.43067655807339306,Jennifer Paige,DE,24,m,US,Female
400,5,0.38685280723454163,Tove Lo,DE,24,m,SE,Female
400,6,0.3562071871080222,Queen,DE,24,m,JP,Female
400,7,0.3333333333333333,Ariana Grande,DE,24,m,US,Female
400,8,0.31546487678572877,Weyes Blood,DE,24,m,US,Female
400,9,0.3010299956639812,Kygo,DE,24,m,NO,Male
400,10,0.2890648263178879,Frank Ocean,DE,24,m,US,Male
401,1,1.0,Ed Sheeran,US,22,m,UK,Male
401,2,0.6309297535714575,John Maus,US,22,m,US,Male
401,3,0.5,Jess Glynne,US,22,m,UK,Female
401,4,0.43067655807339306,Ry x,US,22,m,AU,Male
401,5,0.38685280723454163,Charles Bolt,US,22,m,US,Male
401,6,0.3562071871080222,Joe Goddard,US,22,m,UK,Male
401,7,0.3333333333333333,Weyes Blood,US,22,m,US,Female
401,8,0.31546487678572877,Elliott Smith,US,22,m,US,Male
401,9,0.3010299956639812,IAMX,US,22,m,DE,Male
401,10,0.2890648263178879,Dennis Lloyd,US,22,m,IL,Male
402,1,1.0,Ry x,DE,22,m,AU,Male
402,2,0.6309297535714575,Joe Goddard,DE,22,m,UK,Male
402,3,0.5,Christina Aguilera,DE,22,m,US,Female
402,4,0.43067655807339306,Moby,DE,22,m,US,Male
402,5,0.38685280723454163,Beyoncé,DE,22,m,US,Female
402,6,0.3562071871080222,Weyes Blood,DE,22,m,US,Female
402,7,0.3333333333333333,Elliott Smith,DE,22,m,US,Male
402,8,0.31546487678572877,Mariah Carey,DE,22,m,US,Female
402,9,0.3010299956639812,Gregory Alan Isakov,DE,22,m,US,Male
402,10,0.2890648263178879,Steve Winwood,DE,22,m,UK,Male
403,1,1.0,Weyes Blood,IR,32,m,US,Female
403,2,0.6309297535714575,Queen,IR,32,m,JP,Female
403,3,0.5,Frank Ocean,IR,32,m,US,Male
403,4,0.43067655807339306,John Maus,IR,32,m,US,Male
403,5,0.38685280723454163,Ry x,IR,32,m,AU,Male
403,6,0.3562071871080222,Joe Goddard,IR,32,m,UK,Male
403,7,0.3333333333333333,Britney Spears,IR,32,m,US,Female
403,8,0.31546487678572877,Christina Aguilera,IR,32,m,US,Female
403,9,0.3010299956639812,Weyes Blood,IR,32,m,US,Female
403,10,0.2890648263178879,Moby,IR,32,m,US,Male
404,1,1.0,Jess Glynne,UK,20,f,UK,Female
404,2,0.6309297535714575,Charles Bolt,UK,20,f,US,Male
404,3,0.5,IAMX,UK,20,f,DE,Male
404,4,0.43067655807339306,Twin Shadow,UK,20,f,US,Male
404,5,0.38685280723454163,Toro y Moi,UK,20,f,US,Male
404,6,0.3562071871080222,Dennis Lloyd,UK,20,f,IL,Male
404,7,0.3333333333333333,Moby,UK,20,f,US,Male
404,8,0.31546487678572877,Dimension,UK,20,f,ES,Male
404,9,0.3010299956639812,Dido,UK,20,f,UK,Female
404,10,0.2890648263178879,Gregory Alan Isakov,UK,20,f,US,Male
406,1,1.0,Ariana Grande,PL,16,m,US,Female
406,2,0.6309297535714575,Elvis Presley,PL,16,m,US,Male
406,3,0.5,Seal,PL,16,m,UK,Male
406,4,0.43067655807339306,Billy Joel,PL,16,m,US,Male
406,5,0.38685280723454163,Carpenter Brut,PL,16,m,FR,Male
406,6,0.3562071871080222,Damien Jurado,PL,16,m,US,Male
406,7,0.3333333333333333,Ozzy Osbourne,PL,16,m,UK,Male
406,8,0.31546487678572877,PJ Harvey,PL,16,m,UK,Female
406,9,0.3010299956639812,Bob Marley & The Wailers,PL,16,m,JM,Male
406,10,0.2890648263178879,Kanye West,PL,16,m,US,Male
407,1,1.0,Ed Sheeran,US,25,m,UK,Male
407,2,0.6309297535714575,Kygo,US,25,m,NO,Male
407,3,0.5,Jess Glynne,US,25,m,UK,Female
407,4,0.43067655807339306,Ed Sheeran,US,25,m,UK,Male
407,5,0.38685280723454163,Charles Bolt,US,25,m,US,Male
407,6,0.3562071871080222,Twin Shadow,US,25,m,US,Male
407,7,0.3333333333333333,Toro y Moi,US,25,m,US,Male
407,8,0.31546487678572877,IAMX,US,25,m,DE,Male
407,9,0.3010299956639812,Dido,US,25,m,UK,Female
407,10,0.2890648263178879,Dennis Lloyd,US,25,m,IL,Male
408,1,1.0,Charles Bolt,BR,25,m,US,Male
408,2,0.6309297535714575,IAMX,BR,25,m,DE,Male
408,3,0.5,Dido,BR,25,m,UK,Female
408,4,0.43067655807339306,Ry x,BR,25,m,AU,Male
408,5,0.38685280723454163,Moby,BR,25,m,US,Male
408,6,0.3562071871080222,AFI,BR,25,m,US,Female
408,7,0.3333333333333333,Weyes Blood,BR,25,m,US,Female
408,8,0.31546487678572877,Lana Del Rey,BR,25,m,US,Female
408,9,0.3010299956639812,Dimension,BR,25,m,ES,Male
408,10,0.2890648263178879,Joe Goddard,BR,25,m,UK,Male
409,1,1.0,Queen,BR,21,m,JP,Female
409,2,0.6309297535714575,Ed Sheeran,BR,21,m,UK,Male
409,3,0.5,Kygo,BR,21,m,NO,Male
409,4,0.43067655807339306,Jess Glynne,BR,21,m,UK,Female
409,5,0.38685280723454163,Charles Bolt,BR,21,m,US,Male
409,6,0.3562071871080222,Ed Sheeran,BR,21,m,UK,Male
409,7,0.3333333333333333,Dennis Lloyd,BR,21,m,IL,Male
409,8,0.31546487678572877,Toro y Moi,BR,21,m,US,Male
409,9,0.3010299956639812,Dido,BR,21,m,UK,Female
409,10,0.2890648263178879,IAMX,BR,21,m,DE,Male
410,1,1.0,Lily Allen,UK,22,m,UK,Female
410,2,0.6309297535714575,Avril Lavigne,UK,22,m,CA,Female
410,3,0.5,Chelsea Wolfe,UK,22,m,US,Female
410,4,0.43067655807339306,Queen,UK,22,m,JP,Female
410,5,0.38685280723454163,Louis Tomlinson,UK,22,m,UK,Male
410,6,0.3562071871080222,Jennifer Paige,UK,22,m,US,Female
410,7,0.3333333333333333,Ed Sheeran,UK,22,m,UK,Male
410,8,0.31546487678572877,Katy Perry,UK,22,m,US,Female
410,9,0.3010299956639812,Charles Bolt,UK,22,m,US,Male
410,10,0.2890648263178879,Tove Lo,UK,22,m,SE,Female
411,1,1.0,Billy Joel,PL,24,m,US,Male
411,2,0.6309297535714575,Carpenter Brut,PL,24,m,FR,Male
411,3,0.5,Lana Del Rey,PL,24,m,US,Female
411,4,0.43067655807339306,Ozzy Osbourne,PL,24,m,UK,Male
411,5,0.38685280723454163,Angel Olsen,PL,24,m,US,Female
411,6,0.3562071871080222,Björk,PL,24,m,IS,Female
411,7,0.3333333333333333,Marilyn Manson,PL,24,m,US,Male
411,8,0.31546487678572877,Sunmi,PL,24,m,KR,Female
411,9,0.3010299956639812,Paula Abdul,PL,24,m,US,Female
411,10,0.2890648263178879,Marissa Nadler,PL,24,m,US,Female
412,1,1.0,Caribou,UA,33,m,CA,Male
412,2,0.6309297535714575,Oneohtrix Point Never,UA,33,m,US,Male
412,3,0.5,Panda Bear,UA,33,m,US,Male
412,4,0.43067655807339306,John Maus,UA,33,m,US,Male
412,5,0.38685280723454163,Laura Marling,UA,33,m,UK,Female
412,6,0.3562071871080222,Chelsea Wolfe,UA,33,m,US,Female
412,7,0.3333333333333333,John Maus,UA,33,m,US,Male
412,8,0.31546487678572877,John Maus,UA,33,m,US,Male
412,9,0.3010299956639812,Arca,UA,33,m,VE,Non-binary
412,10,0.2890648263178879,PJ Harvey,UA,33,m,UK,Female
413,1,1.0,Lily Allen,IL,21,m,UK,Female
413,2,0.6309297535714575,Chelsea Wolfe,IL,21,m,US,Female
413,3,0.5,Louis Tomlinson,IL,21,m,UK,Male
413,4,0.43067655807339306,Katy Perry,IL,21,m,US,Female
413,5,0.38685280723454163,Jennifer Paige,IL,21,m,US,Female
413,6,0.3562071871080222,Jessica Pratt,IL,21,m,US,Female
413,7,0.3333333333333333,Ed Sheeran,IL,21,m,UK,Male
413,8,0.31546487678572877,Ariana Grande,IL,21,m,US,Female
413,9,0.3010299956639812,Pional,IL,21,m,ES,Male
413,10,0.2890648263178879,Tove Lo,IL,21,m,SE,Female
414,1,1.0,Ed Sheeran,US,20,m,UK,Male
414,2,0.6309297535714575,Chelsea Wolfe,US,20,m,US,Female
414,3,0.5,Charles Bolt,US,20,m,US,Male
414,4,0.43067655807339306,Selena Gomez,US,20,m,US,Female
414,5,0.38685280723454163,Dawn Richard,US,20,m,US,Female
414,6,0.3562071871080222,Kelly Clarkson,US,20,m,US,Female
414,7,0.3333333333333333,John Maus,US,20,m,US,Male
414,8,0.31546487678572877,Pedro Sampaio,US,20,m,BR,Male
414,9,0.3010299956639812,Ariana Grande,US,20,m,US,Female
414,10,0.2890648263178879,Madison Beer,US,20,m,US,Female
415,1,1.0,Kygo,NL,20,f,NO,Male
415,2,0.6309297535714575,Ed Sheeran,NL,20,f,UK,Male
415,3,0.5,Jess Glynne,NL,20,f,UK,Female
415,4,0.43067655807339306,Charles Bolt,NL,20,f,US,Male
415,5,0.38685280723454163,Beyoncé,NL,20,f,US,Female
415,6,0.3562071871080222,IAMX,NL,20,f,DE,Male
415,7,0.3333333333333333,Elliott Smith,NL,20,f,US,Male
415,8,0.31546487678572877,Christina Aguilera,NL,20,f,US,Female
415,9,0.3010299956639812,Dido,NL,20,f,UK,Female
415,10,0.2890648263178879,Britney Spears,NL,20,f,US,Female
416,1,1.0,Queen,BR,25,f,JP,Female
416,2,0.6309297535714575,Chelsea Wolfe,BR,25,f,US,Female
416,3,0.5,Weyes Blood,BR,25,f,US,Female
416,4,0.43067655807339306,Frank Ocean,BR,25,f,US,Male
416,5,0.38685280723454163,John Maus,BR,25,f,US,Male
416,6,0.3562071871080222,Charles Bolt,BR,25,f,US,Male
416,7,0.3333333333333333,Ry x,BR,25,f,AU,Male
416,8,0.31546487678572877,Beyoncé,BR,25,f,US,Female
416,9,0.3010299956639812,IAMX,BR,25,f,DE,Male
416,10,0.2890648263178879,Rihanna,BR,25,f,UK,Female
417,1,1.0,Ozzy Osbourne,BR,19,m,UK,Male
417,2,0.6309297535714575,Chelsea Wolfe,BR,19,m,US,Female
417,3,0.5,Marilyn Manson,BR,19,m,US,Male
417,4,0.43067655807339306,Damien Jurado,BR,19,m,US,Male
417,5,0.38685280723454163,Oneohtrix Point Never,BR,19,m,US,Male
417,6,0.3562071871080222,Sia,BR,19,m,AU,Female
417,7,0.3333333333333333,Kacey Musgraves,BR,19,m,US,Female
417,8,0.31546487678572877,Rihanna,BR,19,m,UK,Female
417,9,0.3010299956639812,Britney Spears,BR,19,m,US,Female
417,10,0.2890648263178879,Rod Stewart,BR,19,m,UK,Male
419,1,1.0,Ed Sheeran,UK,21,m,UK,Male
419,2,0.6309297535714575,Grimes,UK,21,m,CA,Female
419,3,0.5,Kygo,UK,21,m,NO,Male
419,4,0.43067655807339306,Frank Ocean,UK,21,m,US,Male
419,5,0.38685280723454163,Tove Lo,UK,21,m,SE,Female
419,6,0.3562071871080222,John Maus,UK,21,m,US,Male
419,7,0.3333333333333333,Ariana Grande,UK,21,m,US,Female
419,8,0.31546487678572877,Louis Tomlinson,UK,21,m,UK,Male
419,9,0.3010299956639812,Dimension,UK,21,m,ES,Male
419,10,0.2890648263178879,Jess Glynne,UK,21,m,UK,Female
420,1,1.0,Kurt Vile,DE,34,m,US,Male
420,2,0.6309297535714575,Grimes,DE,34,m,CA,Female
420,3,0.5,Louis Tomlinson,DE,34,m,UK,Male
420,4,0.43067655807339306,Queen,DE,34,m,JP,Female
420,5,0.38685280723454163,Jennifer Paige,DE,34,m,US,Female
420,6,0.3562071871080222,Tove Lo,DE,34,m,SE,Female
420,7,0.3333333333333333,Weyes Blood,DE,34,m,US,Female
420,8,0.31546487678572877,Chelsea Wolfe,DE,34,m,US,Female
420,9,0.3010299956639812,Ariana Grande,DE,34,m,US,Female
420,10,0.2890648263178879,Frank Ocean,DE,34,m,US,Male
421,1,1.0,Louis Tomlinson,PL,24,m,UK,Male
421,2,0.6309297535714575,Queen,PL,24,m,JP,Female
421,3,0.5,Jennifer Paige,PL,24,m,US,Female
421,4,0.43067655807339306,Chelsea Wolfe,PL,24,m,US,Female
421,5,0.38685280723454163,Tove Lo,PL,24,m,SE,Female
421,6,0.3562071871080222,Frank Ocean,PL,24,m,US,Male
421,7,0.3333333333333333,Ed Sheeran,PL,24,m,UK,Male
421,8,0.31546487678572877,Ariana Grande,PL,24,m,US,Female
421,9,0.3010299956639812,Kygo,PL,24,m,NO,Male
421,10,0.2890648263178879,Charles Bolt,PL,24,m,US,Male
422,1,1.0,Tove Lo,NL,22,f,SE,Female
422,2,0.6309297535714575,Ariana Grande,NL,22,f,US,Female
422,3,0.5,Kygo,NL,22,f,NO,Male
422,4,0.43067655807339306,Ed Sheeran,NL,22,f,UK,Male
422,5,0.38685280723454163,Ed Sheeran,NL,22,f,UK,Male
422,6,0.3562071871080222,Jess Glynne,NL,22,f,UK,Female
422,7,0.3333333333333333,Charles Bolt,NL,22,f,US,Male
422,8,0.31546487678572877,Toro y Moi,NL,22,f,US,Male
422,9,0.3010299956639812,Twin Shadow,NL,22,f,US,Male
422,10,0.2890648263178879,Dido,NL,22,f,UK,Female
424,1,1.0,Christina Aguilera,TR,23,f,US,Female
424,2,0.6309297535714575,IAMX,TR,23,f,DE,Male
424,3,0.5,Beyoncé,TR,23,f,US,Female
424,4,0.43067655807339306,Britney Spears,TR,23,f,US,Female
424,5,0.38685280723454163,Twin Shadow,TR,23,f,US,Male
424,6,0.3562071871080222,Mariah Carey,TR,23,f,US,Female
424,7,0.3333333333333333,Dimension,TR,23,f,ES,Male
424,8,0.31546487678572877,Pat Benatar,TR,23,f,US,Female
424,9,0.3010299956639812,AFI,TR,23,f,US,Female
424,10,0.2890648263178879,Gregory Alan Isakov,TR,23,f,US,Male
427,1,1.0,Grimes,NL,40,m,CA,Female
427,2,0.6309297535714575,Nicki Minaj,NL,40,m,US,Female
427,3,0.5,Thom Yorke,NL,40,m,UK,Male
427,4,0.43067655807339306,DJ Shadow,NL,40,m,US,Male
427,5,0.38685280723454163,John Maus,NL,40,m,US,Male
427,6,0.3562071871080222,Rod Stewart,NL,40,m,UK,Male
427,7,0.3333333333333333,RuPaul,NL,40,m,US,Female
427,8,0.31546487678572877,Queen,NL,40,m,JP,Female
427,9,0.3010299956639812,Lily Allen,NL,40,m,UK,Female
427,10,0.2890648263178879,Lisa Miskovsky,NL,40,m,SE,Female
428,1,1.0,Arca,NU,21,f,VE,Non-binary
428,2,0.6309297535714575,Devendra Banhart,NU,21,f,US,Male
428,3,0.5,Kanye West,NU,21,f,US,Male
428,4,0.43067655807339306,Lana Del Rey,NU,21,f,US,Female
428,5,0.38685280723454163,Rush,NU,21,f,US,Male
428,6,0.3562071871080222,Rita Ora,NU,21,f,UK,Female
428,7,0.3333333333333333,PJ Harvey,NU,21,f,UK,Female
428,8,0.31546487678572877,Damien Jurado,NU,21,f,US,Male
428,9,0.3010299956639812,Michael Jackson,NU,21,f,US,Male
428,10,0.2890648263178879,Rob Zombie,NU,21,f,US,Male
429,1,1.0,Queen,RU,26,m,JP,Female
429,2,0.6309297535714575,Louis Tomlinson,RU,26,m,UK,Male
429,3,0.5,Tove Lo,RU,26,m,SE,Female
429,4,0.43067655807339306,Ariana Grande,RU,26,m,US,Female
429,5,0.38685280723454163,Chelsea Wolfe,RU,26,m,US,Female
429,6,0.3562071871080222,Ed Sheeran,RU,26,m,UK,Male
429,7,0.3333333333333333,Kygo,RU,26,m,NO,Male
429,8,0.31546487678572877,Weyes Blood,RU,26,m,US,Female
429,9,0.3010299956639812,Elliott Smith,RU,26,m,US,Male
429,10,0.2890648263178879,Jess Glynne,RU,26,m,UK,Female
430,1,1.0,Elvis Presley,ES,39,m,US,Male
430,2,0.6309297535714575,Ariana Grande,ES,39,m,US,Female
430,3,0.5,Seal,ES,39,m,UK,Male
430,4,0.43067655807339306,Billy Joel,ES,39,m,US,Male
430,5,0.38685280723454163,Carpenter Brut,ES,39,m,FR,Male
430,6,0.3562071871080222,Bob Marley & The Wailers,ES,39,m,JM,Male
430,7,0.3333333333333333,Ozzy Osbourne,ES,39,m,UK,Male
430,8,0.31546487678572877,Jay Reatard,ES,39,m,US,Male
430,9,0.3010299956639812,Justin Timberlake,ES,39,m,US,Male
430,10,0.2890648263178879,Kurt Vile,ES,39,m,US,Male
431,1,1.0,Louis Tomlinson,US,26,f,UK,Male
431,2,0.6309297535714575,Jess Glynne,US,26,f,UK,Female
431,3,0.5,Toro y Moi,US,26,f,US,Male
431,4,0.43067655807339306,Lorde,US,26,f,NZ,Female
431,5,0.38685280723454163,DJ Shadow,US,26,f,US,Male
431,6,0.3562071871080222,Billy Joel,US,26,f,US,Male
431,7,0.3333333333333333,Ed Sheeran,US,26,f,UK,Male
431,8,0.31546487678572877,Grimes,US,26,f,CA,Female
431,9,0.3010299956639812,Four Tet,US,26,f,UK,Male
431,10,0.2890648263178879,Frank Ocean,US,26,f,US,Male
432,1,1.0,John Maus,VN,23,m,US,Male
432,2,0.6309297535714575,Sia,VN,23,m,AU,Female
432,3,0.5,Rihanna,VN,23,m,UK,Female
432,4,0.43067655807339306,Ariana Grande,VN,23,m,US,Female
432,5,0.38685280723454163,Nicki Minaj,VN,23,m,US,Female
432,6,0.3562071871080222,Apparat,VN,23,m,DE,Male
432,7,0.3333333333333333,Kurt Vile,VN,23,m,US,Male
432,8,0.31546487678572877,Britney Spears,VN,23,m,US,Female
432,9,0.3010299956639812,Rush,VN,23,m,US,Male
432,10,0.2890648263178879,Klaas,VN,23,m,DE,Male
433,1,1.0,Ariana Grande,DE,32,f,US,Female
433,2,0.6309297535714575,Madonna,DE,32,f,US,Female
433,3,0.5,Elvis Presley,DE,32,f,US,Male
433,4,0.43067655807339306,Seal,DE,32,f,UK,Male
433,5,0.38685280723454163,John Maus,DE,32,f,US,Male
433,6,0.3562071871080222,Laura Marling,DE,32,f,UK,Female
433,7,0.3333333333333333,Oneohtrix Point Never,DE,32,f,US,Male
433,8,0.31546487678572877,Panda Bear,DE,32,f,US,Male
433,9,0.3010299956639812,John Maus,DE,32,f,US,Male
433,10,0.2890648263178879,Carpenter Brut,DE,32,f,FR,Male
434,1,1.0,Toro y Moi,RU,25,m,US,Male
434,2,0.6309297535714575,Ariana Grande,RU,25,m,US,Female
434,3,0.5,Grimes,RU,25,m,CA,Female
434,4,0.43067655807339306,Madonna,RU,25,m,US,Female
434,5,0.38685280723454163,Thom Yorke,RU,25,m,UK,Male
434,6,0.3562071871080222,Kurt Vile,RU,25,m,US,Male
434,7,0.3333333333333333,Rita Ora,RU,25,m,UK,Female
434,8,0.31546487678572877,Lorde,RU,25,m,NZ,Female
434,9,0.3010299956639812,Adele,RU,25,m,UK,Female
434,10,0.2890648263178879,Tom MacDonald,RU,25,m,CA,Male
435,1,1.0,Weyes Blood,FI,18,f,US,Female
435,2,0.6309297535714575,Ed Sheeran,FI,18,f,UK,Male
435,3,0.5,Joe Goddard,FI,18,f,UK,Male
435,4,0.43067655807339306,Ariana Grande,FI,18,f,US,Female
435,5,0.38685280723454163,Elliott Smith,FI,18,f,US,Male
435,6,0.3562071871080222,Tove Lo,FI,18,f,SE,Female
435,7,0.3333333333333333,Kygo,FI,18,f,NO,Male
435,8,0.31546487678572877,Twin Shadow,FI,18,f,US,Male
435,9,0.3010299956639812,Toro y Moi,FI,18,f,US,Male
435,10,0.2890648263178879,Ed Sheeran,FI,18,f,UK,Male
436,1,1.0,Ed Sheeran,BY,26,m,UK,Male
436,2,0.6309297535714575,Jess Glynne,BY,26,m,UK,Female
436,3,0.5,Ed Sheeran,BY,26,m,UK,Male
436,4,0.43067655807339306,Ry x,BY,26,m,AU,Male
436,5,0.38685280723454163,Charles Bolt,BY,26,m,US,Male
436,6,0.3562071871080222,Weyes Blood,BY,26,m,US,Female
436,7,0.3333333333333333,IAMX,BY,26,m,DE,Male
436,8,0.31546487678572877,Dennis Lloyd,BY,26,m,IL,Male
436,9,0.3010299956639812,Elliott Smith,BY,26,m,US,Male
436,10,0.2890648263178879,Dido,BY,26,m,UK,Female
437,1,1.0,Kurt Vile,FR,23,m,US,Male
437,2,0.6309297535714575,Ty Segall,FR,23,m,US,Male
437,3,0.5,Billy Joel,FR,23,m,US,Male
437,4,0.43067655807339306,Jenny Hval,FR,23,m,NO,Female
437,5,0.38685280723454163,Bob Marley & The Wailers,FR,23,m,JM,Male
437,6,0.3562071871080222,Angel Olsen,FR,23,m,US,Female
437,7,0.3333333333333333,Damien Jurado,FR,23,m,US,Male
437,8,0.31546487678572877,Anna Calvi,FR,23,m,UK,Female
437,9,0.3010299956639812,Ozzy Osbourne,FR,23,m,UK,Male
437,10,0.2890648263178879,Jeff Buckley,FR,23,m,US,Male
438,1,1.0,Jess Glynne,UK,30,m,UK,Female
438,2,0.6309297535714575,Ry x,UK,30,m,AU,Male
438,3,0.5,Weyes Blood,UK,30,m,US,Female
438,4,0.43067655807339306,Joe Goddard,UK,30,m,UK,Male
438,5,0.38685280723454163,IAMX,UK,30,m,DE,Male
438,6,0.3562071871080222,Elliott Smith,UK,30,m,US,Male
438,7,0.3333333333333333,Beyoncé,UK,30,m,US,Female
438,8,0.31546487678572877,Lana Del Rey,UK,30,m,US,Female
438,9,0.3010299956639812,Moby,UK,30,m,US,Male
438,10,0.2890648263178879,Dimension,UK,30,m,ES,Male
439,1,1.0,Jess Glynne,IT,23,f,UK,Female
439,2,0.6309297535714575,Ry x,IT,23,f,AU,Male
439,3,0.5,Weyes Blood,IT,23,f,US,Female
439,4,0.43067655807339306,Joe Goddard,IT,23,f,UK,Male
439,5,0.38685280723454163,Moby,IT,23,f,US,Male
439,6,0.3562071871080222,AFI,IT,23,f,US,Female
439,7,0.3333333333333333,Gregory Alan Isakov,IT,23,f,US,Male
439,8,0.31546487678572877,Christina Aguilera,IT,23,f,US,Female
439,9,0.3010299956639812,Elliott Smith,IT,23,f,US,Male
439,10,0.2890648263178879,Lana Del Rey,IT,23,f,US,Female
440,1,1.0,Frank Ocean,FR,23,m,US,Male
440,2,0.6309297535714575,Kanye West,FR,23,m,US,Male
440,3,0.5,Lisa Miskovsky,FR,23,m,SE,Female
440,4,0.43067655807339306,Avril Lavigne,FR,23,m,CA,Female
440,5,0.38685280723454163,Queen,FR,23,m,JP,Female
440,6,0.3562071871080222,Ry x,FR,23,m,AU,Male
440,7,0.3333333333333333,Louis Tomlinson,FR,23,m,UK,Male
440,8,0.31546487678572877,Joe Goddard,FR,23,m,UK,Male
440,9,0.3010299956639812,Katy Perry,FR,23,m,US,Female
440,10,0.2890648263178879,Chelsea Wolfe,FR,23,m,US,Female
441,1,1.0,Kygo,PL,27,m,NO,Male
441,2,0.6309297535714575,Ed Sheeran,PL,27,m,UK,Male
441,3,0.5,Jess Glynne,PL,27,m,UK,Female
441,4,0.43067655807339306,IAMX,PL,27,m,DE,Male
441,5,0.38685280723454163,Twin Shadow,PL,27,m,US,Male
441,6,0.3562071871080222,YOB,PL,27,m,UK,Male
441,7,0.3333333333333333,Toro y Moi,PL,27,m,US,Male
441,8,0.31546487678572877,AFI,PL,27,m,US,Female
441,9,0.3010299956639812,Dennis Lloyd,PL,27,m,IL,Male
441,10,0.2890648263178879,Gregory Alan Isakov,PL,27,m,US,Male
442,1,1.0,Arca,US,26,m,VE,Non-binary
442,2,0.6309297535714575,PJ Harvey,US,26,m,UK,Female
442,3,0.5,Devendra Banhart,US,26,m,US,Male
442,4,0.43067655807339306,Billy Joel,US,26,m,US,Male
442,5,0.38685280723454163,Carpenter Brut,US,26,m,FR,Male
442,6,0.3562071871080222,Bob Marley & The Wailers,US,26,m,JM,Male
442,7,0.3333333333333333,Damien Jurado,US,26,m,US,Male
442,8,0.31546487678572877,Ozzy Osbourne,US,26,m,UK,Male
442,9,0.3010299956639812,Kanye West,US,26,m,US,Male
442,10,0.2890648263178879,PJ Harvey,US,26,m,UK,Female
443,1,1.0,Taylor Swift,BR,20,m,US,Female
443,2,0.6309297535714575,Marilyn Manson,BR,20,m,US,Male
443,3,0.5,Bob Marley & The Wailers,BR,20,m,JM,Male
443,4,0.43067655807339306,Adele,BR,20,m,UK,Female
443,5,0.38685280723454163,Chelsea Wolfe,BR,20,m,US,Female
443,6,0.3562071871080222,Madonna,BR,20,m,US,Female
443,7,0.3333333333333333,Seal,BR,20,m,UK,Male
443,8,0.31546487678572877,Ariana Grande,BR,20,m,US,Female
443,9,0.3010299956639812,Elvis Presley,BR,20,m,US,Male
443,10,0.2890648263178879,Kurt Vile,BR,20,m,US,Male
444,1,1.0,Jess Glynne,BR,20,m,UK,Female
444,2,0.6309297535714575,Elliott Smith,BR,20,m,US,Male
444,3,0.5,Ed Sheeran,BR,20,m,UK,Male
444,4,0.43067655807339306,Joe Goddard,BR,20,m,UK,Male
444,5,0.38685280723454163,Christina Aguilera,BR,20,m,US,Female
444,6,0.3562071871080222,Mariah Carey,BR,20,m,US,Female
444,7,0.3333333333333333,AFI,BR,20,m,US,Female
444,8,0.31546487678572877,Charles Bolt,BR,20,m,US,Male
444,9,0.3010299956639812,Dennis Lloyd,BR,20,m,IL,Male
444,10,0.2890648263178879,Toro y Moi,BR,20,m,US,Male
445,1,1.0,Elvis Presley,US,19,m,US,Male
445,2,0.6309297535714575,Billy Joel,US,19,m,US,Male
445,3,0.5,Carpenter Brut,US,19,m,FR,Male
445,4,0.43067655807339306,Ozzy Osbourne,US,19,m,UK,Male
445,5,0.38685280723454163,Bob Marley & The Wailers,US,19,m,JM,Male
445,6,0.3562071871080222,Justin Timberlake,US,19,m,US,Male
445,7,0.3333333333333333,Queen,US,19,m,JP,Female
445,8,0.31546487678572877,Lana Del Rey,US,19,m,US,Female
445,9,0.3010299956639812,Britney Spears,US,19,m,US,Female
445,10,0.2890648263178879,Marilyn Manson,US,19,m,US,Male
446,1,1.0,Emma Ruth Rundle,CZ,19,m,US,Female
446,2,0.6309297535714575,Angel Olsen,CZ,19,m,US,Female
446,3,0.5,Jeff Buckley,CZ,19,m,US,Male
446,4,0.43067655807339306,Danny Brown,CZ,19,m,US,Male
446,5,0.38685280723454163,Ty Segall,CZ,19,m,US,Male
446,6,0.3562071871080222,Bob Marley & The Wailers,CZ,19,m,JM,Male
446,7,0.3333333333333333,Kurt Vile,CZ,19,m,US,Male
446,8,0.31546487678572877,Princess Chelsea,CZ,19,m,NZ,Female
446,9,0.3010299956639812,Jenny Hval,CZ,19,m,NO,Female
446,10,0.2890648263178879,Anna Calvi,CZ,19,m,UK,Female
447,1,1.0,Lily Allen,RU,18,f,UK,Female
447,2,0.6309297535714575,Frank Ocean,RU,18,f,US,Male
447,3,0.5,Queen,RU,18,f,JP,Female
447,4,0.43067655807339306,John Maus,RU,18,f,US,Male
447,5,0.38685280723454163,Louis Tomlinson,RU,18,f,UK,Male
447,6,0.3562071871080222,Jennifer Paige,RU,18,f,US,Female
447,7,0.3333333333333333,Tove Lo,RU,18,f,SE,Female
447,8,0.31546487678572877,Ed Sheeran,RU,18,f,UK,Male
447,9,0.3010299956639812,Ariana Grande,RU,18,f,US,Female
447,10,0.2890648263178879,Ry x,RU,18,f,AU,Male
448,1,1.0,Weyes Blood,PL,19,f,US,Female
448,2,0.6309297535714575,Joe Goddard,PL,19,f,UK,Male
448,3,0.5,Jess Glynne,PL,19,f,UK,Female
448,4,0.43067655807339306,Charles Bolt,PL,19,f,US,Male
448,5,0.38685280723454163,Elliott Smith,PL,19,f,US,Male
448,6,0.3562071871080222,IAMX,PL,19,f,DE,Male
448,7,0.3333333333333333,Toro y Moi,PL,19,f,US,Male
448,8,0.31546487678572877,Twin Shadow,PL,19,f,US,Male
448,9,0.3010299956639812,Moby,PL,19,f,US,Male
448,10,0.2890648263178879,Dennis Lloyd,PL,19,f,IL,Male
449,1,1.0,Jennifer Paige,NL,41,m,US,Female
449,2,0.6309297535714575,Louis Tomlinson,NL,41,m,UK,Male
449,3,0.5,Katy Perry,NL,41,m,US,Female
449,4,0.43067655807339306,Queen,NL,41,m,JP,Female
449,5,0.38685280723454163,Tove Lo,NL,41,m,SE,Female
449,6,0.3562071871080222,Ariana Grande,NL,41,m,US,Female
449,7,0.3333333333333333,Ed Sheeran,NL,41,m,UK,Male
449,8,0.31546487678572877,Chelsea Wolfe,NL,41,m,US,Female
449,9,0.3010299956639812,Kygo,NL,41,m,NO,Male
449,10,0.2890648263178879,Ed Sheeran,NL,41,m,UK,Male
451,1,1.0,Ariana Grande,BR,24,m,US,Female
451,2,0.6309297535714575,Kygo,BR,24,m,NO,Male
451,3,0.5,Jess Glynne,BR,24,m,UK,Female
451,4,0.43067655807339306,Ed Sheeran,BR,24,m,UK,Male
451,5,0.38685280723454163,Charles Bolt,BR,24,m,US,Male
451,6,0.3562071871080222,IAMX,BR,24,m,DE,Male
451,7,0.3333333333333333,Twin Shadow,BR,24,m,US,Male
451,8,0.31546487678572877,Toro y Moi,BR,24,m,US,Male
451,9,0.3010299956639812,Dennis Lloyd,BR,24,m,IL,Male
451,10,0.2890648263178879,Dido,BR,24,m,UK,Female
452,1,1.0,Ariana Grande,RU,32,m,US,Female
452,2,0.6309297535714575,John Maus,RU,32,m,US,Male
452,3,0.5,Jess Glynne,RU,32,m,UK,Female
452,4,0.43067655807339306,Ry x,RU,32,m,AU,Male
452,5,0.38685280723454163,Joe Goddard,RU,32,m,UK,Male
452,6,0.3562071871080222,Dennis Lloyd,RU,32,m,IL,Male
452,7,0.3333333333333333,Weyes Blood,RU,32,m,US,Female
452,8,0.31546487678572877,Beyoncé,RU,32,m,US,Female
452,9,0.3010299956639812,Elliott Smith,RU,32,m,US,Male
452,10,0.2890648263178879,Britney Spears,RU,32,m,US,Female
453,1,1.0,Ry x,BG,19,m,AU,Male
453,2,0.6309297535714575,Tove Lo,BG,19,m,SE,Female
453,3,0.5,Kygo,BG,19,m,NO,Male
453,4,0.43067655807339306,Ed Sheeran,BG,19,m,UK,Male
453,5,0.38685280723454163,Weyes Blood,BG,19,m,US,Female
453,6,0.3562071871080222,Charles Bolt,BG,19,m,US,Male
453,7,0.3333333333333333,Elliott Smith,BG,19,m,US,Male
453,8,0.31546487678572877,Twin Shadow,BG,19,m,US,Male
453,9,0.3010299956639812,Toro y Moi,BG,19,m,US,Male
453,10,0.2890648263178879,Jess Glynne,BG,19,m,UK,Female
454,1,1.0,Marilyn Manson,UK,20,m,US,Male
454,2,0.6309297535714575,Adele,UK,20,m,UK,Female
454,3,0.5,Elvis Presley,UK,20,m,US,Male
454,4,0.43067655807339306,Madonna,UK,20,m,US,Female
454,5,0.38685280723454163,Ariana Grande,UK,20,m,US,Female
454,6,0.3562071871080222,Seal,UK,20,m,UK,Male
454,7,0.3333333333333333,Bob Marley & The Wailers,UK,20,m,JM,Male
454,8,0.31546487678572877,Billy Joel,UK,20,m,US,Male
454,9,0.3010299956639812,Kanye West,UK,20,m,US,Male
454,10,0.2890648263178879,Carpenter Brut,UK,20,m,FR,Male
455,1,1.0,Queen,PL,19,m,JP,Female
455,2,0.6309297535714575,Lily Allen,PL,19,m,UK,Female
455,3,0.5,John Maus,PL,19,m,US,Male
455,4,0.43067655807339306,Louis Tomlinson,PL,19,m,UK,Male
455,5,0.38685280723454163,Jennifer Paige,PL,19,m,US,Female
455,6,0.3562071871080222,Tove Lo,PL,19,m,SE,Female
455,7,0.3333333333333333,Ed Sheeran,PL,19,m,UK,Male
455,8,0.31546487678572877,Ry x,PL,19,m,AU,Male
455,9,0.3010299956639812,Ariana Grande,PL,19,m,US,Female
455,10,0.2890648263178879,Weyes Blood,PL,19,m,US,Female
456,1,1.0,Grimes,GR,54,m,CA,Female
456,2,0.6309297535714575,Weyes Blood,GR,54,m,US,Female
456,3,0.5,Kurt Vile,GR,54,m,US,Male
456,4,0.43067655807339306,Jess Glynne,GR,54,m,UK,Female
456,5,0.38685280723454163,Charles Bolt,GR,54,m,US,Male
456,6,0.3562071871080222,Frank Ocean,GR,54,m,US,Male
456,7,0.3333333333333333,John Maus,GR,54,m,US,Male
456,8,0.31546487678572877,IAMX,GR,54,m,DE,Male
456,9,0.3010299956639812,Rush,GR,54,m,US,Male
456,10,0.2890648263178879,Rush,GR,54,m,US,Male
457,1,1.0,Queen,MX,23,f,JP,Female
457,2,0.6309297535714575,Ry x,MX,23,f,AU,Male
457,3,0.5,Charles Bolt,MX,23,f,US,Male
457,4,0.43067655807339306,Joe Goddard,MX,23,f,UK,Male
457,5,0.38685280723454163,Elliott Smith,MX,23,f,US,Male
457,6,0.3562071871080222,Toro y Moi,MX,23,f,US,Male
457,7,0.3333333333333333,Madonna,MX,23,f,US,Female
457,8,0.31546487678572877,Pedro Sampaio,MX,23,f,BR,Male
457,9,0.3010299956639812,Selena Gomez,MX,23,f,US,Female
457,10,0.2890648263178879,IAMX,MX,23,f,DE,Male
458,1,1.0,Oneohtrix Point Never,RU,52,m,US,Male
458,2,0.6309297535714575,Chelsea Wolfe,RU,52,m,US,Female
458,3,0.5,Ozzy Osbourne,RU,52,m,UK,Male
458,4,0.43067655807339306,Arca,RU,52,m,VE,Non-binary
458,5,0.38685280723454163,PJ Harvey,RU,52,m,UK,Female
458,6,0.3562071871080222,Justin Timberlake,RU,52,m,US,Male
458,7,0.3333333333333333,Devendra Banhart,RU,52,m,US,Male
458,8,0.31546487678572877,Queen,RU,52,m,JP,Female
458,9,0.3010299956639812,Marilyn Manson,RU,52,m,US,Male
458,10,0.2890648263178879,Lana Del Rey,RU,52,m,US,Female
459,1,1.0,Ariana Grande,RU,27,m,US,Female
459,2,0.6309297535714575,Kygo,RU,27,m,NO,Male
459,3,0.5,Ed Sheeran,RU,27,m,UK,Male
459,4,0.43067655807339306,Jess Glynne,RU,27,m,UK,Female
459,5,0.38685280723454163,Charles Bolt,RU,27,m,US,Male
459,6,0.3562071871080222,IAMX,RU,27,m,DE,Male
459,7,0.3333333333333333,Dennis Lloyd,RU,27,m,IL,Male
459,8,0.31546487678572877,Toro y Moi,RU,27,m,US,Male
459,9,0.3010299956639812,Twin Shadow,RU,27,m,US,Male
459,10,0.2890648263178879,Christina Aguilera,RU,27,m,US,Female
460,1,1.0,John Maus,US,18,m,US,Male
460,2,0.6309297535714575,Grimes,US,18,m,CA,Female
460,3,0.5,Apparat,US,18,m,DE,Male
460,4,0.43067655807339306,Kurt Vile,US,18,m,US,Male
460,5,0.38685280723454163,Charles Bolt,US,18,m,US,Male
460,6,0.3562071871080222,Lorde,US,18,m,NZ,Female
460,7,0.3333333333333333,Chelsea Wolfe,US,18,m,US,Female
460,8,0.31546487678572877,Queen,US,18,m,JP,Female
460,9,0.3010299956639812,Miley Cyrus,US,18,m,US,Non-binary
460,10,0.2890648263178879,Frank Ocean,US,18,m,US,Male
461,1,1.0,Grimes,CA,37,m,CA,Female
461,2,0.6309297535714575,Avril Lavigne,CA,37,m,CA,Female
461,3,0.5,Lily Allen,CA,37,m,UK,Female
461,4,0.43067655807339306,Weyes Blood,CA,37,m,US,Female
461,5,0.38685280723454163,Queen,CA,37,m,JP,Female
461,6,0.3562071871080222,Frank Ocean,CA,37,m,US,Male
461,7,0.3333333333333333,Katy Perry,CA,37,m,US,Female
461,8,0.31546487678572877,Louis Tomlinson,CA,37,m,UK,Male
461,9,0.3010299956639812,Jennifer Paige,CA,37,m,US,Female
461,10,0.2890648263178879,John Maus,CA,37,m,US,Male
462,1,1.0,Oneohtrix Point Never,BR,22,m,US,Male
462,2,0.6309297535714575,Justin Timberlake,BR,22,m,US,Male
462,3,0.5,Ozzy Osbourne,BR,22,m,UK,Male
462,4,0.43067655807339306,Devendra Banhart,BR,22,m,US,Male
462,5,0.38685280723454163,Lana Del Rey,BR,22,m,US,Female
462,6,0.3562071871080222,Paula Abdul,BR,22,m,US,Female
462,7,0.3333333333333333,Marilyn Manson,BR,22,m,US,Male
462,8,0.31546487678572877,Rush,BR,22,m,US,Male
462,9,0.3010299956639812,Damien Jurado,BR,22,m,US,Male
462,10,0.2890648263178879,Rita Ora,BR,22,m,UK,Female
463,1,1.0,Chelsea Wolfe,DE,22,m,US,Female
463,2,0.6309297535714575,Jessie J,DE,22,m,UK,Female
463,3,0.5,PJ Harvey,DE,22,m,UK,Female
463,4,0.43067655807339306,Marilyn Manson,DE,22,m,US,Male
463,5,0.38685280723454163,Sia,DE,22,m,AU,Female
463,6,0.3562071871080222,Robyn,DE,22,m,SE,Female
463,7,0.3333333333333333,Ariana Grande,DE,22,m,US,Female
463,8,0.31546487678572877,George Ezra,DE,22,m,UK,Male
463,9,0.3010299956639812,Taylor Swift,DE,22,m,US,Female
463,10,0.2890648263178879,Ariana Grande,DE,22,m,US,Female
464,1,1.0,Jess Glynne,BR,27,f,UK,Female
464,2,0.6309297535714575,Charles Bolt,BR,27,f,US,Male
464,3,0.5,Ry x,BR,27,f,AU,Male
464,4,0.43067655807339306,Dennis Lloyd,BR,27,f,IL,Male
464,5,0.38685280723454163,IAMX,BR,27,f,DE,Male
464,6,0.3562071871080222,Beyoncé,BR,27,f,US,Female
464,7,0.3333333333333333,Joe Goddard,BR,27,f,UK,Male
464,8,0.31546487678572877,Weyes Blood,BR,27,f,US,Female
464,9,0.3010299956639812,Christina Aguilera,BR,27,f,US,Female
464,10,0.2890648263178879,Britney Spears,BR,27,f,US,Female
465,1,1.0,Tove Lo,BR,19,m,SE,Female
465,2,0.6309297535714575,Louis Tomlinson,BR,19,m,UK,Male
465,3,0.5,Jennifer Paige,BR,19,m,US,Female
465,4,0.43067655807339306,Ed Sheeran,BR,19,m,UK,Male
465,5,0.38685280723454163,Sufjan Stevens,BR,19,m,US,Male
465,6,0.3562071871080222,Ariana Grande,BR,19,m,US,Female
465,7,0.3333333333333333,Tame Impala,BR,19,m,AU,Male
465,8,0.31546487678572877,Pional,BR,19,m,ES,Male
465,9,0.3010299956639812,Jessica Pratt,BR,19,m,US,Female
465,10,0.2890648263178879,Ed Sheeran,BR,19,m,UK,Male
466,1,1.0,John Maus,MX,28,m,US,Male
466,2,0.6309297535714575,Dennis Lloyd,MX,28,m,IL,Male
466,3,0.5,Ry x,MX,28,m,AU,Male
466,4,0.43067655807339306,Weyes Blood,MX,28,m,US,Female
466,5,0.38685280723454163,Christina Aguilera,MX,28,m,US,Female
466,6,0.3562071871080222,Britney Spears,MX,28,m,US,Female
466,7,0.3333333333333333,Joe Goddard,MX,28,m,UK,Male
466,8,0.31546487678572877,Lana Del Rey,MX,28,m,US,Female
466,9,0.3010299956639812,Elliott Smith,MX,28,m,US,Male
466,10,0.2890648263178879,Rihanna,MX,28,m,UK,Female
467,1,1.0,PJ Harvey,FI,19,m,UK,Female
467,2,0.6309297535714575,George Ezra,FI,19,m,UK,Male
467,3,0.5,Sia,FI,19,m,AU,Female
467,4,0.43067655807339306,Damien Jurado,FI,19,m,US,Male
467,5,0.38685280723454163,Marilyn Manson,FI,19,m,US,Male
467,6,0.3562071871080222,Ariana Grande,FI,19,m,US,Female
467,7,0.3333333333333333,PJ Harvey,FI,19,m,UK,Female
467,8,0.31546487678572877,Jessie J,FI,19,m,UK,Female
467,9,0.3010299956639812,Taylor Swift,FI,19,m,US,Female
467,10,0.2890648263178879,Bob Marley & The Wailers,FI,19,m,JM,Male
468,1,1.0,Chelsea Wolfe,AU,33,m,US,Female
468,2,0.6309297535714575,Michael Jackson,AU,33,m,US,Male
468,3,0.5,Sia,AU,33,m,AU,Female
468,4,0.43067655807339306,Kate Bush,AU,33,m,UK,Female
468,5,0.38685280723454163,Rush,AU,33,m,US,Male
468,6,0.3562071871080222,Damien Jurado,AU,33,m,US,Male
468,7,0.3333333333333333,Sharon Van Etten,AU,33,m,US,Female
468,8,0.31546487678572877,Sia,AU,33,m,AU,Female
468,9,0.3010299956639812,Wax Tailor,AU,33,m,FR,Male
468,10,0.2890648263178879,Rihanna,AU,33,m,UK,Female
469,1,1.0,Lily Allen,FR,25,m,UK,Female
469,2,0.6309297535714575,Travis Scott,FR,25,m,US,Male
469,3,0.5,Kygo,FR,25,m,NO,Male
469,4,0.43067655807339306,Ariana Grande,FR,25,m,US,Female
469,5,0.38685280723454163,Rod Stewart,FR,25,m,UK,Male
469,6,0.3562071871080222,Tove Lo,FR,25,m,SE,Female
469,7,0.3333333333333333,Lana Del Rey,FR,25,m,US,Female
469,8,0.31546487678572877,Louis Tomlinson,FR,25,m,UK,Male
469,9,0.3010299956639812,John Mayer,FR,25,m,IN,Male
469,10,0.2890648263178879,Chris Isaak,FR,25,m,US,Male
470,1,1.0,John Maus,BR,23,m,US,Male
470,2,0.6309297535714575,Ry x,BR,23,m,AU,Male
470,3,0.5,Weyes Blood,BR,23,m,US,Female
470,4,0.43067655807339306,Joe Goddard,BR,23,m,UK,Male
470,5,0.38685280723454163,Charles Bolt,BR,23,m,US,Male
470,6,0.3562071871080222,Dido,BR,23,m,UK,Female
470,7,0.3333333333333333,Elliott Smith,BR,23,m,US,Male
470,8,0.31546487678572877,IAMX,BR,23,m,DE,Male
470,9,0.3010299956639812,Toro y Moi,BR,23,m,US,Male
470,10,0.2890648263178879,Beyoncé,BR,23,m,US,Female
471,1,1.0,Sharon Van Etten,AU,18,m,US,Female
471,2,0.6309297535714575,Chelsea Wolfe,AU,18,m,US,Female
471,3,0.5,Justin Timberlake,AU,18,m,US,Male
471,4,0.43067655807339306,Marilyn Manson,AU,18,m,US,Male
471,5,0.38685280723454163,Britney Spears,AU,18,m,US,Female
471,6,0.3562071871080222,Lana Del Rey,AU,18,m,US,Female
471,7,0.3333333333333333,Jay Reatard,AU,18,m,US,Male
471,8,0.31546487678572877,Frank Ocean,AU,18,m,US,Male
471,9,0.3010299956639812,Paula Abdul,AU,18,m,US,Female
471,10,0.2890648263178879,Angel Olsen,AU,18,m,US,Female
472,1,1.0,Tove Lo,CA,32,m,SE,Female
472,2,0.6309297535714575,Ed Sheeran,CA,32,m,UK,Male
472,3,0.5,Ry x,CA,32,m,AU,Male
472,4,0.43067655807339306,Ariana Grande,CA,32,m,US,Female
472,5,0.38685280723454163,Kygo,CA,32,m,NO,Male
472,6,0.3562071871080222,Weyes Blood,CA,32,m,US,Female
472,7,0.3333333333333333,Elliott Smith,CA,32,m,US,Male
472,8,0.31546487678572877,Ed Sheeran,CA,32,m,UK,Male
472,9,0.3010299956639812,Joe Goddard,CA,32,m,UK,Male
472,10,0.2890648263178879,Jess Glynne,CA,32,m,UK,Female
473,1,1.0,Chelsea Wolfe,CA,23,f,US,Female
473,2,0.6309297535714575,Queen,CA,23,f,JP,Female
473,3,0.5,IAMX,CA,23,f,DE,Male
473,4,0.43067655807339306,Weyes Blood,CA,23,f,US,Female
473,5,0.38685280723454163,Frank Ocean,CA,23,f,US,Male
473,6,0.3562071871080222,John Maus,CA,23,f,US,Male
473,7,0.3333333333333333,AFI,CA,23,f,US,Female
473,8,0.31546487678572877,Moby,CA,23,f,US,Male
473,9,0.3010299956639812,Pedro Sampaio,CA,23,f,BR,Male
473,10,0.2890648263178879,Lana Del Rey,CA,23,f,US,Female
474,1,1.0,Ariana Grande,ES,25,m,US,Female
474,2,0.6309297535714575,Kygo,ES,25,m,NO,Male
474,3,0.5,Jess Glynne,ES,25,m,UK,Female
474,4,0.43067655807339306,IAMX,ES,25,m,DE,Male
474,5,0.38685280723454163,Twin Shadow,ES,25,m,US,Male
474,6,0.3562071871080222,Dennis Lloyd,ES,25,m,IL,Male
474,7,0.3333333333333333,Dido,ES,25,m,UK,Female
474,8,0.31546487678572877,Moby,ES,25,m,US,Male
474,9,0.3010299956639812,Beyoncé,ES,25,m,US,Female
474,10,0.2890648263178879,AFI,ES,25,m,US,Female
475,1,1.0,Lily Allen,PL,24,m,UK,Female
475,2,0.6309297535714575,Grimes,PL,24,m,CA,Female
475,3,0.5,Avril Lavigne,PL,24,m,CA,Female
475,4,0.43067655807339306,Jennifer Paige,PL,24,m,US,Female
475,5,0.38685280723454163,Louis Tomlinson,PL,24,m,UK,Male
475,6,0.3562071871080222,Tove Lo,PL,24,m,SE,Female
475,7,0.3333333333333333,John Maus,PL,24,m,US,Male
475,8,0.31546487678572877,Ariana Grande,PL,24,m,US,Female
475,9,0.3010299956639812,Weyes Blood,PL,24,m,US,Female
475,10,0.2890648263178879,Grimes,PL,24,m,CA,Female
476,1,1.0,Ed Sheeran,DE,20,m,UK,Male
476,2,0.6309297535714575,Elliott Smith,DE,20,m,US,Male
476,3,0.5,Kygo,DE,20,m,NO,Male
476,4,0.43067655807339306,Twin Shadow,DE,20,m,US,Male
476,5,0.38685280723454163,Ed Sheeran,DE,20,m,UK,Male
476,6,0.3562071871080222,Jess Glynne,DE,20,m,UK,Female
476,7,0.3333333333333333,Charles Bolt,DE,20,m,US,Male
476,8,0.31546487678572877,Toro y Moi,DE,20,m,US,Male
476,9,0.3010299956639812,Dennis Lloyd,DE,20,m,IL,Male
476,10,0.2890648263178879,IAMX,DE,20,m,DE,Male
477,1,1.0,Ed Sheeran,PL,22,f,UK,Male
477,2,0.6309297535714575,Charles Bolt,PL,22,f,US,Male
477,3,0.5,Dennis Lloyd,PL,22,f,IL,Male
477,4,0.43067655807339306,IAMX,PL,22,f,DE,Male
477,5,0.38685280723454163,Britney Spears,PL,22,f,US,Female
477,6,0.3562071871080222,AFI,PL,22,f,US,Female
477,7,0.3333333333333333,Beyoncé,PL,22,f,US,Female
477,8,0.31546487678572877,Moby,PL,22,f,US,Male
477,9,0.3010299956639812,Dimension,PL,22,f,ES,Male
477,10,0.2890648263178879,Christina Aguilera,PL,22,f,US,Female
478,1,1.0,Miley Cyrus,SG,21,m,US,Non-binary
478,2,0.6309297535714575,George Ezra,SG,21,m,UK,Male
478,3,0.5,Ariana Grande,SG,21,m,US,Female
478,4,0.43067655807339306,Grimes,SG,21,m,CA,Female
478,5,0.38685280723454163,Rob Zombie,SG,21,m,US,Male
478,6,0.3562071871080222,Madonna,SG,21,m,US,Female
478,7,0.3333333333333333,Kelis,SG,21,m,US,Female
478,8,0.31546487678572877,Norah Jones,SG,21,m,US,Female
478,9,0.3010299956639812,Noisestorm,SG,21,m,IE,Male
478,10,0.2890648263178879,Michael Jackson,SG,21,m,US,Male
479,1,1.0,Elvis Presley,NL,22,m,US,Male
479,2,0.6309297535714575,Madonna,NL,22,m,US,Female
479,3,0.5,Ariana Grande,NL,22,m,US,Female
479,4,0.43067655807339306,Seal,NL,22,m,UK,Male
479,5,0.38685280723454163,Emma Ruth Rundle,NL,22,m,US,Female
479,6,0.3562071871080222,Ed Sheeran,NL,22,m,UK,Male
479,7,0.3333333333333333,James Blake,NL,22,m,UK,Male
479,8,0.31546487678572877,Carpenter Brut,NL,22,m,FR,Male
479,9,0.3010299956639812,Billy Joel,NL,22,m,US,Male
479,10,0.2890648263178879,Bob Marley & The Wailers,NL,22,m,JM,Male
480,1,1.0,Oneohtrix Point Never,JP,25,m,US,Male
480,2,0.6309297535714575,Laura Marling,JP,25,m,UK,Female
480,3,0.5,Chelsea Wolfe,JP,25,m,US,Female
480,4,0.43067655807339306,John Maus,JP,25,m,US,Male
480,5,0.38685280723454163,Panda Bear,JP,25,m,US,Male
480,6,0.3562071871080222,John Maus,JP,25,m,US,Male
480,7,0.3333333333333333,Paula Abdul,JP,25,m,US,Female
480,8,0.31546487678572877,PJ Harvey,JP,25,m,UK,Female
480,9,0.3010299956639812,Arca,JP,25,m,VE,Non-binary
480,10,0.2890648263178879,Rob Zombie,JP,25,m,US,Male
481,1,1.0,Ed Sheeran,NO,39,m,UK,Male
481,2,0.6309297535714575,Kygo,NO,39,m,NO,Male
481,3,0.5,Ed Sheeran,NO,39,m,UK,Male
481,4,0.43067655807339306,Jess Glynne,NO,39,m,UK,Female
481,5,0.38685280723454163,Twin Shadow,NO,39,m,US,Male
481,6,0.3562071871080222,Toro y Moi,NO,39,m,US,Male
481,7,0.3333333333333333,Charles Bolt,NO,39,m,US,Male
481,8,0.31546487678572877,IAMX,NO,39,m,DE,Male
481,9,0.3010299956639812,Dennis Lloyd,NO,39,m,IL,Male
481,10,0.2890648263178879,Tame Impala,NO,39,m,AU,Male
482,1,1.0,Marilyn Manson,UK,19,f,US,Male
482,2,0.6309297535714575,Bob Marley & The Wailers,UK,19,f,JM,Male
482,3,0.5,Adele,UK,19,f,UK,Female
482,4,0.43067655807339306,Elvis Presley,UK,19,f,US,Male
482,5,0.38685280723454163,Madonna,UK,19,f,US,Female
482,6,0.3562071871080222,Seal,UK,19,f,UK,Male
482,7,0.3333333333333333,Ariana Grande,UK,19,f,US,Female
482,8,0.31546487678572877,Ty Segall,UK,19,f,US,Male
482,9,0.3010299956639812,Ed Sheeran,UK,19,f,UK,Male
482,10,0.2890648263178879,Jeff Buckley,UK,19,f,US,Male
483,1,1.0,Chelsea Wolfe,US,26,m,US,Female
483,2,0.6309297535714575,Arca,US,26,m,VE,Non-binary
483,3,0.5,Ozzy Osbourne,US,26,m,UK,Male
483,4,0.43067655807339306,Bob Marley & The Wailers,US,26,m,JM,Male
483,5,0.38685280723454163,Justin Timberlake,US,26,m,US,Male
483,6,0.3562071871080222,Kanye West,US,26,m,US,Male
483,7,0.3333333333333333,Queen,US,26,m,JP,Female
483,8,0.31546487678572877,Britney Spears,US,26,m,US,Female
483,9,0.3010299956639812,Marilyn Manson,US,26,m,US,Male
483,10,0.2890648263178879,Lana Del Rey,US,26,m,US,Female
484,1,1.0,Apparat,RU,21,m,DE,Male
484,2,0.6309297535714575,Rihanna,RU,21,m,UK,Female
484,3,0.5,Ariana Grande,RU,21,m,US,Female
484,4,0.43067655807339306,Britney Spears,RU,21,m,US,Female
484,5,0.38685280723454163,Weyes Blood,RU,21,m,US,Female
484,6,0.3562071871080222,Nicki Minaj,RU,21,m,US,Female
484,7,0.3333333333333333,Grimes,RU,21,m,CA,Female
484,8,0.31546487678572877,Frank Ocean,RU,21,m,US,Male
484,9,0.3010299956639812,James Arthur,RU,21,m,UK,Male
484,10,0.2890648263178879,Klaas,RU,21,m,DE,Male
485,1,1.0,Bob Marley & The Wailers,MX,20,m,JM,Male
485,2,0.6309297535714575,Adele,MX,20,m,UK,Female
485,3,0.5,Elvis Presley,MX,20,m,US,Male
485,4,0.43067655807339306,Madonna,MX,20,m,US,Female
485,5,0.38685280723454163,Seal,MX,20,m,UK,Male
485,6,0.3562071871080222,Ariana Grande,MX,20,m,US,Female
485,7,0.3333333333333333,Angel Olsen,MX,20,m,US,Female
485,8,0.31546487678572877,Ed Sheeran,MX,20,m,UK,Male
485,9,0.3010299956639812,Marissa Nadler,MX,20,m,US,Female
485,10,0.2890648263178879,Jay Reatard,MX,20,m,US,Male
487,1,1.0,Jess Glynne,US,30,m,UK,Female
487,2,0.6309297535714575,Charles Bolt,US,30,m,US,Male
487,3,0.5,Dennis Lloyd,US,30,m,IL,Male
487,4,0.43067655807339306,Dimension,US,30,m,ES,Male
487,5,0.38685280723454163,Toro y Moi,US,30,m,US,Male
487,6,0.3562071871080222,Twin Shadow,US,30,m,US,Male
487,7,0.3333333333333333,Dido,US,30,m,UK,Female
487,8,0.31546487678572877,Beyoncé,US,30,m,US,Female
487,9,0.3010299956639812,AFI,US,30,m,US,Female
487,10,0.2890648263178879,Britney Spears,US,30,m,US,Female
488,1,1.0,Toro y Moi,UK,42,m,US,Male
488,2,0.6309297535714575,Christina Aguilera,UK,42,m,US,Female
488,3,0.5,Beyoncé,UK,42,m,US,Female
488,4,0.43067655807339306,Twin Shadow,UK,42,m,US,Male
488,5,0.38685280723454163,Mayhem,UK,42,m,CA,Female
488,6,0.3562071871080222,Britney Spears,UK,42,m,US,Female
488,7,0.3333333333333333,Rihanna,UK,42,m,UK,Female
488,8,0.31546487678572877,Lana Del Rey,UK,42,m,US,Female
488,9,0.3010299956639812,YOB,UK,42,m,UK,Male
488,10,0.2890648263178879,Mariah Carey,UK,42,m,US,Female
489,1,1.0,Billy Joel,DE,24,m,US,Male
489,2,0.6309297535714575,Carpenter Brut,DE,24,m,FR,Male
489,3,0.5,Bob Marley & The Wailers,DE,24,m,JM,Male
489,4,0.43067655807339306,Ozzy Osbourne,DE,24,m,UK,Male
489,5,0.38685280723454163,Justin Timberlake,DE,24,m,US,Male
489,6,0.3562071871080222,Queen,DE,24,m,JP,Female
489,7,0.3333333333333333,PJ Harvey,DE,24,m,UK,Female
489,8,0.31546487678572877,Britney Spears,DE,24,m,US,Female
489,9,0.3010299956639812,Marilyn Manson,DE,24,m,US,Male
489,10,0.2890648263178879,Sharon Van Etten,DE,24,m,US,Female
490,1,1.0,Dylan Scott,AR,24,m,US,Male
490,2,0.6309297535714575,Erykah Badu,AR,24,m,US,Female
490,3,0.5,Toro y Moi,AR,24,m,US,Male
490,4,0.43067655807339306,Thomas Rhett,AR,24,m,US,Male
490,5,0.38685280723454163,Chico Buarque,AR,24,m,BR,Male
490,6,0.3562071871080222,Luke Bryan,AR,24,m,US,Male
490,7,0.3333333333333333,Sam Hunt,AR,24,m,NZ,Male
490,8,0.31546487678572877,Gal Costa,AR,24,m,BR,Female
490,9,0.3010299956639812,Gal Costa,AR,24,m,BR,Female
490,10,0.2890648263178879,Chico César,AR,24,m,BR,Male
491,1,1.0,Tove Lo,RU,24,m,SE,Female
491,2,0.6309297535714575,Ariana Grande,RU,24,m,US,Female
491,3,0.5,Kygo,RU,24,m,NO,Male
491,4,0.43067655807339306,Twin Shadow,RU,24,m,US,Male
491,5,0.38685280723454163,Ed Sheeran,RU,24,m,UK,Male
491,6,0.3562071871080222,Jess Glynne,RU,24,m,UK,Female
491,7,0.3333333333333333,Charles Bolt,RU,24,m,US,Male
491,8,0.31546487678572877,Tame Impala,RU,24,m,AU,Male
491,9,0.3010299956639812,Dido,RU,24,m,UK,Female
491,10,0.2890648263178879,IAMX,RU,24,m,DE,Male
492,1,1.0,Louis Tomlinson,UK,34,m,UK,Male
492,2,0.6309297535714575,Kygo,UK,34,m,NO,Male
492,3,0.5,Ed Sheeran,UK,34,m,UK,Male
492,4,0.43067655807339306,Frank Ocean,UK,34,m,US,Male
492,5,0.38685280723454163,Queen,UK,34,m,JP,Female
492,6,0.3562071871080222,Christina Aguilera,UK,34,m,US,Female
492,7,0.3333333333333333,Jess Glynne,UK,34,m,UK,Female
492,8,0.31546487678572877,Chelsea Wolfe,UK,34,m,US,Female
492,9,0.3010299956639812,Ed Sheeran,UK,34,m,UK,Male
492,10,0.2890648263178879,John Maus,UK,34,m,US,Male
493,1,1.0,Milow,PL,20,m,BE,Male
493,2,0.6309297535714575,Thom Yorke,PL,20,m,UK,Male
493,3,0.5,Grimes,PL,20,m,CA,Female
493,4,0.43067655807339306,Charles Bolt,PL,20,m,US,Male
493,5,0.38685280723454163,Chelsea Wolfe,PL,20,m,US,Female
493,6,0.3562071871080222,John Maus,PL,20,m,US,Male
493,7,0.3333333333333333,Queen,PL,20,m,JP,Female
493,8,0.31546487678572877,Kanye West,PL,20,m,US,Male
493,9,0.3010299956639812,Weyes Blood,PL,20,m,US,Female
493,10,0.2890648263178879,Camila Cabello,PL,20,m,US,Female
494,1,1.0,Arca,IT,25,m,VE,Non-binary
494,2,0.6309297535714575,Ozzy Osbourne,IT,25,m,UK,Male
494,3,0.5,Kanye West,IT,25,m,US,Male
494,4,0.43067655807339306,Damien Jurado,IT,25,m,US,Male
494,5,0.38685280723454163,Lana Del Rey,IT,25,m,US,Female
494,6,0.3562071871080222,PJ Harvey,IT,25,m,UK,Female
494,7,0.3333333333333333,Mac DeMarco,IT,25,m,CA,Male
494,8,0.31546487678572877,Sharon Van Etten,IT,25,m,US,Female
494,9,0.3010299956639812,Bat for Lashes,IT,25,m,UK,Female
494,10,0.2890648263178879,Paula Abdul,IT,25,m,US,Female
495,1,1.0,Ed Sheeran,FI,16,m,UK,Male
495,2,0.6309297535714575,Ariana Grande,FI,16,m,US,Female
495,3,0.5,Kygo,FI,16,m,NO,Male
495,4,0.43067655807339306,Elliott Smith,FI,16,m,US,Male
495,5,0.38685280723454163,Ed Sheeran,FI,16,m,UK,Male
495,6,0.3562071871080222,Jess Glynne,FI,16,m,UK,Female
495,7,0.3333333333333333,Charles Bolt,FI,16,m,US,Male
495,8,0.31546487678572877,Twin Shadow,FI,16,m,US,Male
495,9,0.3010299956639812,Toro y Moi,FI,16,m,US,Male
495,10,0.2890648263178879,IAMX,FI,16,m,DE,Male
496,1,1.0,Louis Tomlinson,BR,20,m,UK,Male
496,2,0.6309297535714575,Jennifer Paige,BR,20,m,US,Female
496,3,0.5,Tove Lo,BR,20,m,SE,Female
496,4,0.43067655807339306,Ariana Grande,BR,20,m,US,Female
496,5,0.38685280723454163,Ed Sheeran,BR,20,m,UK,Male
496,6,0.3562071871080222,Charles Bolt,BR,20,m,US,Male
496,7,0.3333333333333333,Ed Sheeran,BR,20,m,UK,Male
496,8,0.31546487678572877,Kygo,BR,20,m,NO,Male
496,9,0.3010299956639812,Twin Shadow,BR,20,m,US,Male
496,10,0.2890648263178879,Jess Glynne,BR,20,m,UK,Female
497,1,1.0,Queen,NL,33,m,JP,Female
497,2,0.6309297535714575,Elliott Smith,NL,33,m,US,Male
497,3,0.5,Kygo,NL,33,m,NO,Male
497,4,0.43067655807339306,Twin Shadow,NL,33,m,US,Male
497,5,0.38685280723454163,Toro y Moi,NL,33,m,US,Male
497,6,0.3562071871080222,Ed Sheeran,NL,33,m,UK,Male
497,7,0.3333333333333333,Jess Glynne,NL,33,m,UK,Female
497,8,0.31546487678572877,Charles Bolt,NL,33,m,US,Male
497,9,0.3010299956639812,IAMX,NL,33,m,DE,Male
497,10,0.2890648263178879,Tame Impala,NL,33,m,AU,Male
498,1,1.0,Ry x,US,17,m,AU,Male
498,2,0.6309297535714575,Joe Goddard,US,17,m,UK,Male
498,3,0.5,Britney Spears,US,17,m,US,Female
498,4,0.43067655807339306,Dido,US,17,m,UK,Female
498,5,0.38685280723454163,Weyes Blood,US,17,m,US,Female
498,6,0.3562071871080222,Beyoncé,US,17,m,US,Female
498,7,0.3333333333333333,Elliott Smith,US,17,m,US,Male
498,8,0.31546487678572877,Moby,US,17,m,US,Male
498,9,0.3010299956639812,Dennis Lloyd,US,17,m,IL,Male
498,10,0.2890648263178879,AFI,US,17,m,US,Female
499,1,1.0,Charles Bolt,AR,30,m,US,Male
499,2,0.6309297535714575,John Maus,AR,30,m,US,Male
499,3,0.5,IAMX,AR,30,m,DE,Male
499,4,0.43067655807339306,Dennis Lloyd,AR,30,m,IL,Male
499,5,0.38685280723454163,Christina Aguilera,AR,30,m,US,Female
499,6,0.3562071871080222,Beyoncé,AR,30,m,US,Female
499,7,0.3333333333333333,Britney Spears,AR,30,m,US,Female
499,8,0.31546487678572877,Dido,AR,30,m,UK,Female
499,9,0.3010299956639812,Ry x,AR,30,m,AU,Male
499,10,0.2890648263178879,Moby,AR,30,m,US,Male
500,1,1.0,Jess Glynne,BR,20,f,UK,Female
500,2,0.6309297535714575,Justin Timberlake,BR,20,f,US,Male
500,3,0.5,Kurt Vile,BR,20,f,US,Male
500,4,0.43067655807339306,Britney Spears,BR,20,f,US,Female
500,5,0.38685280723454163,Adele,BR,20,f,UK,Female
500,6,0.3562071871080222,Madonna,BR,20,f,US,Female
500,7,0.3333333333333333,Norah Jones,BR,20,f,US,Female
500,8,0.31546487678572877,Weyes Blood,BR,20,f,US,Female
500,9,0.3010299956639812,Queen,BR,20,f,JP,Female
500,10,0.2890648263178879,Alexandra Stan,BR,20,f,RO,Female
501,1,1.0,Ed Sheeran,BR,18,m,UK,Male
501,2,0.6309297535714575,Queen,BR,18,m,JP,Female
501,3,0.5,Chelsea Wolfe,BR,18,m,US,Female
501,4,0.43067655807339306,Dennis Lloyd,BR,18,m,IL,Male
501,5,0.38685280723454163,Charles Bolt,BR,18,m,US,Male
501,6,0.3562071871080222,Weyes Blood,BR,18,m,US,Female
501,7,0.3333333333333333,Ariana Grande,BR,18,m,US,Female
501,8,0.31546487678572877,Ellie Goulding,BR,18,m,UK,Female
501,9,0.3010299956639812,Kelly Clarkson,BR,18,m,US,Female
501,10,0.2890648263178879,Lorde,BR,18,m,NZ,Female
502,1,1.0,Lily Allen,PL,18,m,UK,Female
502,2,0.6309297535714575,Avril Lavigne,PL,18,m,CA,Female
502,3,0.5,Jennifer Lopez,PL,18,m,US,Female
502,4,0.43067655807339306,Lisa Miskovsky,PL,18,m,SE,Female
502,5,0.38685280723454163,Jennifer Paige,PL,18,m,US,Female
502,6,0.3562071871080222,Queen,PL,18,m,JP,Female
502,7,0.3333333333333333,Katy Perry,PL,18,m,US,Female
502,8,0.31546487678572877,Chelsea Wolfe,PL,18,m,US,Female
502,9,0.3010299956639812,Louis Tomlinson,PL,18,m,UK,Male
502,10,0.2890648263178879,Leonard Cohen,PL,18,m,CA,Male
503,1,1.0,Sia,NL,51,m,AU,Female
503,2,0.6309297535714575,RuPaul,NL,51,m,US,Female
503,3,0.5,Kanye West,NL,51,m,US,Male
503,4,0.43067655807339306,Lisa Miskovsky,NL,51,m,SE,Female
503,5,0.38685280723454163,Lily Allen,NL,51,m,UK,Female
503,6,0.3562071871080222,Avril Lavigne,NL,51,m,CA,Female
503,7,0.3333333333333333,Jennifer Lopez,NL,51,m,US,Female
503,8,0.31546487678572877,Queen,NL,51,m,JP,Female
503,9,0.3010299956639812,Louis Tomlinson,NL,51,m,UK,Male
503,10,0.2890648263178879,Jennifer Paige,NL,51,m,US,Female
504,1,1.0,George Ezra,NL,57,m,UK,Male
504,2,0.6309297535714575,Sia,NL,57,m,AU,Female
504,3,0.5,Taylor Swift,NL,57,m,US,Female
504,4,0.43067655807339306,Marilyn Manson,NL,57,m,US,Male
504,5,0.38685280723454163,Bob Marley & The Wailers,NL,57,m,JM,Male
504,6,0.3562071871080222,PJ Harvey,NL,57,m,UK,Female
504,7,0.3333333333333333,Devendra Banhart,NL,57,m,US,Male
504,8,0.31546487678572877,Adele,NL,57,m,UK,Female
504,9,0.3010299956639812,Madonna,NL,57,m,US,Female
504,10,0.2890648263178879,Elvis Presley,NL,57,m,US,Male
505,1,1.0,Sharon Van Etten,PL,36,f,US,Female
505,2,0.6309297535714575,PJ Harvey,PL,36,f,UK,Female
505,3,0.5,Oneohtrix Point Never,PL,36,f,US,Male
505,4,0.43067655807339306,Bob Marley & The Wailers,PL,36,f,JM,Male
505,5,0.38685280723454163,Ozzy Osbourne,PL,36,f,UK,Male
505,6,0.3562071871080222,Justin Timberlake,PL,36,f,US,Male
505,7,0.3333333333333333,Queen,PL,36,f,JP,Female
505,8,0.31546487678572877,Marissa Nadler,PL,36,f,US,Female
505,9,0.3010299956639812,Marilyn Manson,PL,36,f,US,Male
505,10,0.2890648263178879,Lana Del Rey,PL,36,f,US,Female
506,1,1.0,Ed Sheeran,UA,20,m,UK,Male
506,2,0.6309297535714575,Ariana Grande,UA,20,m,US,Female
506,3,0.5,Kygo,UA,20,m,NO,Male
506,4,0.43067655807339306,Ed Sheeran,UA,20,m,UK,Male
506,5,0.38685280723454163,Twin Shadow,UA,20,m,US,Male
506,6,0.3562071871080222,Jess Glynne,UA,20,m,UK,Female
506,7,0.3333333333333333,Toro y Moi,UA,20,m,US,Male
506,8,0.31546487678572877,Charles Bolt,UA,20,m,US,Male
506,9,0.3010299956639812,IAMX,UA,20,m,DE,Male
506,10,0.2890648263178879,Dennis Lloyd,UA,20,m,IL,Male
507,1,1.0,Toro y Moi,US,40,m,US,Male
507,2,0.6309297535714575,Miley Cyrus,US,40,m,US,Non-binary
507,3,0.5,Grimes,US,40,m,CA,Female
507,4,0.43067655807339306,Miley Cyrus,US,40,m,US,Non-binary
507,5,0.38685280723454163,Sia,US,40,m,AU,Female
507,6,0.3562071871080222,George Ezra,US,40,m,UK,Male
507,7,0.3333333333333333,Ariana Grande,US,40,m,US,Female
507,8,0.31546487678572877,Weyes Blood,US,40,m,US,Female
507,9,0.3010299956639812,Kurt Vile,US,40,m,US,Male
507,10,0.2890648263178879,Thom Yorke,US,40,m,UK,Male
509,1,1.0,Ed Sheeran,RU,18,m,UK,Male
509,2,0.6309297535714575,Tove Lo,RU,18,m,SE,Female
509,3,0.5,Ariana Grande,RU,18,m,US,Female
509,4,0.43067655807339306,Kygo,RU,18,m,NO,Male
509,5,0.38685280723454163,Ed Sheeran,RU,18,m,UK,Male
509,6,0.3562071871080222,Charles Bolt,RU,18,m,US,Male
509,7,0.3333333333333333,Elliott Smith,RU,18,m,US,Male
509,8,0.31546487678572877,Jess Glynne,RU,18,m,UK,Female
509,9,0.3010299956639812,Twin Shadow,RU,18,m,US,Male
509,10,0.2890648263178879,Toro y Moi,RU,18,m,US,Male
510,1,1.0,Chelsea Wolfe,PL,31,m,US,Female
510,2,0.6309297535714575,Lily Allen,PL,31,m,UK,Female
510,3,0.5,YOB,PL,31,m,UK,Male
510,4,0.43067655807339306,Louis Tomlinson,PL,31,m,UK,Male
510,5,0.38685280723454163,Ed Sheeran,PL,31,m,UK,Male
510,6,0.3562071871080222,Jennifer Paige,PL,31,m,US,Female
510,7,0.3333333333333333,Tove Lo,PL,31,m,SE,Female
510,8,0.31546487678572877,Elliott Smith,PL,31,m,US,Male
510,9,0.3010299956639812,Weyes Blood,PL,31,m,US,Female
510,10,0.2890648263178879,Ed Sheeran,PL,31,m,UK,Male
511,1,1.0,John Maus,MX,22,m,US,Male
511,2,0.6309297535714575,Grimes,MX,22,m,CA,Female
511,3,0.5,Kurt Vile,MX,22,m,US,Male
511,4,0.43067655807339306,Avril Lavigne,MX,22,m,CA,Female
511,5,0.38685280723454163,Weyes Blood,MX,22,m,US,Female
511,6,0.3562071871080222,Lily Allen,MX,22,m,UK,Female
511,7,0.3333333333333333,Katy Perry,MX,22,m,US,Female
511,8,0.31546487678572877,Queen,MX,22,m,JP,Female
511,9,0.3010299956639812,Frank Ocean,MX,22,m,US,Male
511,10,0.2890648263178879,Jennifer Paige,MX,22,m,US,Female
512,1,1.0,Lily Allen,CA,20,m,UK,Female
512,2,0.6309297535714575,Weyes Blood,CA,20,m,US,Female
512,3,0.5,Jennifer Paige,CA,20,m,US,Female
512,4,0.43067655807339306,Queen,CA,20,m,JP,Female
512,5,0.38685280723454163,Elliott Smith,CA,20,m,US,Male
512,6,0.3562071871080222,Louis Tomlinson,CA,20,m,UK,Male
512,7,0.3333333333333333,Twin Shadow,CA,20,m,US,Male
512,8,0.31546487678572877,Ariana Grande,CA,20,m,US,Female
512,9,0.3010299956639812,Tove Lo,CA,20,m,SE,Female
512,10,0.2890648263178879,Chelsea Wolfe,CA,20,m,US,Female
513,1,1.0,Elliott Smith,NL,36,m,US,Male
513,2,0.6309297535714575,Tove Lo,NL,36,m,SE,Female
513,3,0.5,Ed Sheeran,NL,36,m,UK,Male
513,4,0.43067655807339306,Ariana Grande,NL,36,m,US,Female
513,5,0.38685280723454163,Kygo,NL,36,m,NO,Male
513,6,0.3562071871080222,Twin Shadow,NL,36,m,US,Male
513,7,0.3333333333333333,Toro y Moi,NL,36,m,US,Male
513,8,0.31546487678572877,Ed Sheeran,NL,36,m,UK,Male
513,9,0.3010299956639812,Jess Glynne,NL,36,m,UK,Female
513,10,0.2890648263178879,Charles Bolt,NL,36,m,US,Male
514,1,1.0,Frank Ocean,PL,15,m,US,Male
514,2,0.6309297535714575,Ed Sheeran,PL,15,m,UK,Male
514,3,0.5,Jennifer Paige,PL,15,m,US,Female
514,4,0.43067655807339306,Tove Lo,PL,15,m,SE,Female
514,5,0.38685280723454163,Ariana Grande,PL,15,m,US,Female
514,6,0.3562071871080222,Weyes Blood,PL,15,m,US,Female
514,7,0.3333333333333333,Ry x,PL,15,m,AU,Male
514,8,0.31546487678572877,Jess Glynne,PL,15,m,UK,Female
514,9,0.3010299956639812,Ed Sheeran,PL,15,m,UK,Male
514,10,0.2890648263178879,Kygo,PL,15,m,NO,Male
515,1,1.0,Elvis Presley,US,30,m,US,Male
515,2,0.6309297535714575,Carpenter Brut,US,30,m,FR,Male
515,3,0.5,Billy Joel,US,30,m,US,Male
515,4,0.43067655807339306,Bob Marley & The Wailers,US,30,m,JM,Male
515,5,0.38685280723454163,Ozzy Osbourne,US,30,m,UK,Male
515,6,0.3562071871080222,Kanye West,US,30,m,US,Male
515,7,0.3333333333333333,Justin Timberlake,US,30,m,US,Male
515,8,0.31546487678572877,Queen,US,30,m,JP,Female
515,9,0.3010299956639812,Lana Del Rey,US,30,m,US,Female
515,10,0.2890648263178879,Marilyn Manson,US,30,m,US,Male
516,1,1.0,Queen,CZ,23,m,JP,Female
516,2,0.6309297535714575,Chelsea Wolfe,CZ,23,m,US,Female
516,3,0.5,Ry x,CZ,23,m,AU,Male
516,4,0.43067655807339306,Joe Goddard,CZ,23,m,UK,Male
516,5,0.38685280723454163,Jess Glynne,CZ,23,m,UK,Female
516,6,0.3562071871080222,Elliott Smith,CZ,23,m,US,Male
516,7,0.3333333333333333,Toro y Moi,CZ,23,m,US,Male
516,8,0.31546487678572877,Twin Shadow,CZ,23,m,US,Male
516,9,0.3010299956639812,Rihanna,CZ,23,m,UK,Female
516,10,0.2890648263178879,IAMX,CZ,23,m,DE,Male
517,1,1.0,Louis Tomlinson,BR,18,m,UK,Male
517,2,0.6309297535714575,Jess Glynne,BR,18,m,UK,Female
517,3,0.5,Nicki Minaj,BR,18,m,US,Female
517,4,0.43067655807339306,Weyes Blood,BR,18,m,US,Female
517,5,0.38685280723454163,Dennis Lloyd,BR,18,m,IL,Male
517,6,0.3562071871080222,Niall Horan,BR,18,m,IE,Male
517,7,0.3333333333333333,Lisa Miskovsky,BR,18,m,SE,Female
517,8,0.31546487678572877,Britney Spears,BR,18,m,US,Female
517,9,0.3010299956639812,Laura Branigan,BR,18,m,US,Female
517,10,0.2890648263178879,Toro y Moi,BR,18,m,US,Male
518,1,1.0,Ry x,UA,25,m,AU,Male
518,2,0.6309297535714575,Dido,UA,25,m,UK,Female
518,3,0.5,Christina Aguilera,UA,25,m,US,Female
518,4,0.43067655807339306,Joe Goddard,UA,25,m,UK,Male
518,5,0.38685280723454163,Elliott Smith,UA,25,m,US,Male
518,6,0.3562071871080222,Steve Winwood,UA,25,m,UK,Male
518,7,0.3333333333333333,Tom Odell,UA,25,m,UK,Male
518,8,0.31546487678572877,Weyes Blood,UA,25,m,US,Female
518,9,0.3010299956639812,Mayhem,UA,25,m,CA,Female
518,10,0.2890648263178879,Mariah Carey,UA,25,m,US,Female
519,1,1.0,Kygo,US,22,m,NO,Male
519,2,0.6309297535714575,Elliott Smith,US,22,m,US,Male
519,3,0.5,Ed Sheeran,US,22,m,UK,Male
519,4,0.43067655807339306,Twin Shadow,US,22,m,US,Male
519,5,0.38685280723454163,Jess Glynne,US,22,m,UK,Female
519,6,0.3562071871080222,Toro y Moi,US,22,m,US,Male
519,7,0.3333333333333333,Charles Bolt,US,22,m,US,Male
519,8,0.31546487678572877,IAMX,US,22,m,DE,Male
519,9,0.3010299956639812,Dido,US,22,m,UK,Female
519,10,0.2890648263178879,Dennis Lloyd,US,22,m,IL,Male
520,1,1.0,Weyes Blood,IT,33,m,US,Female
520,2,0.6309297535714575,Elliott Smith,IT,33,m,US,Male
520,3,0.5,Britney Spears,IT,33,m,US,Female
520,4,0.43067655807339306,Beyoncé,IT,33,m,US,Female
520,5,0.38685280723454163,Pat Benatar,IT,33,m,US,Female
520,6,0.3562071871080222,Lana Del Rey,IT,33,m,US,Female
520,7,0.3333333333333333,Toro y Moi,IT,33,m,US,Male
520,8,0.31546487678572877,Christina Aguilera,IT,33,m,US,Female
520,9,0.3010299956639812,Gregory Alan Isakov,IT,33,m,US,Male
520,10,0.2890648263178879,Celldweller,IT,33,m,US,Male
521,1,1.0,Ozzy Osbourne,RU,21,m,UK,Male
521,2,0.6309297535714575,Bob Marley & The Wailers,RU,21,m,JM,Male
521,3,0.5,Justin Timberlake,RU,21,m,US,Male
521,4,0.43067655807339306,Lana Del Rey,RU,21,m,US,Female
521,5,0.38685280723454163,Damien Jurado,RU,21,m,US,Male
521,6,0.3562071871080222,Marilyn Manson,RU,21,m,US,Male
521,7,0.3333333333333333,Mac DeMarco,RU,21,m,CA,Male
521,8,0.31546487678572877,Rush,RU,21,m,US,Male
521,9,0.3010299956639812,Paula Abdul,RU,21,m,US,Female
521,10,0.2890648263178879,Rita Ora,RU,21,m,UK,Female
522,1,1.0,Sam Hunt,BR,24,m,NZ,Male
522,2,0.6309297535714575,Lily Allen,BR,24,m,UK,Female
522,3,0.5,Norah Jones,BR,24,m,US,Female
522,4,0.43067655807339306,Isabella Taviani,BR,24,m,BR,Female
522,5,0.38685280723454163,Jake Bugg,BR,24,m,UK,Male
522,6,0.3562071871080222,Paulo Ricardo,BR,24,m,BR,Male
522,7,0.3333333333333333,Baden Powell,BR,24,m,BR,Male
522,8,0.31546487678572877,Vinícius de Moraes,BR,24,m,BR,Male
522,9,0.3010299956639812,Chico Buarque,BR,24,m,BR,Male
522,10,0.2890648263178879,Cassadee Pope,BR,24,m,US,Female
523,1,1.0,Ozzy Osbourne,TR,21,m,UK,Male
523,2,0.6309297535714575,Justin Timberlake,TR,21,m,US,Male
523,3,0.5,Queen,TR,21,m,JP,Female
523,4,0.43067655807339306,Britney Spears,TR,21,m,US,Female
523,5,0.38685280723454163,Lana Del Rey,TR,21,m,US,Female
523,6,0.3562071871080222,Marilyn Manson,TR,21,m,US,Male
523,7,0.3333333333333333,Frank Ocean,TR,21,m,US,Male
523,8,0.31546487678572877,Paula Abdul,TR,21,m,US,Female
523,9,0.3010299956639812,Chelsea Wolfe,TR,21,m,US,Female
523,10,0.2890648263178879,Emma Ruth Rundle,TR,21,m,US,Female
524,1,1.0,Tove Lo,RU,23,m,SE,Female
524,2,0.6309297535714575,Ariana Grande,RU,23,m,US,Female
524,3,0.5,Kygo,RU,23,m,NO,Male
524,4,0.43067655807339306,Jess Glynne,RU,23,m,UK,Female
524,5,0.38685280723454163,Charles Bolt,RU,23,m,US,Male
524,6,0.3562071871080222,IAMX,RU,23,m,DE,Male
524,7,0.3333333333333333,Dido,RU,23,m,UK,Female
524,8,0.31546487678572877,Tame Impala,RU,23,m,AU,Male
524,9,0.3010299956639812,Dennis Lloyd,RU,23,m,IL,Male
524,10,0.2890648263178879,Pional,RU,23,m,ES,Male
525,1,1.0,Ed Sheeran,BR,24,m,UK,Male
525,2,0.6309297535714575,Kygo,BR,24,m,NO,Male
525,3,0.5,Jess Glynne,BR,24,m,UK,Female
525,4,0.43067655807339306,Ry x,BR,24,m,AU,Male
525,5,0.38685280723454163,Ed Sheeran,BR,24,m,UK,Male
525,6,0.3562071871080222,Weyes Blood,BR,24,m,US,Female
525,7,0.3333333333333333,Charles Bolt,BR,24,m,US,Male
525,8,0.31546487678572877,Joe Goddard,BR,24,m,UK,Male
525,9,0.3010299956639812,Dennis Lloyd,BR,24,m,IL,Male
525,10,0.2890648263178879,Elliott Smith,BR,24,m,US,Male
526,1,1.0,John Maus,RU,21,m,US,Male
526,2,0.6309297535714575,Nicki Minaj,RU,21,m,US,Female
526,3,0.5,Sia,RU,21,m,AU,Female
526,4,0.43067655807339306,Britney Spears,RU,21,m,US,Female
526,5,0.38685280723454163,Troye Sivan,RU,21,m,AU,Male
526,6,0.3562071871080222,Gwen Stefani,RU,21,m,US,Female
526,7,0.3333333333333333,Kurt Vile,RU,21,m,US,Male
526,8,0.31546487678572877,Grimes,RU,21,m,CA,Female
526,9,0.3010299956639812,Rod Stewart,RU,21,m,UK,Male
526,10,0.2890648263178879,Wax Tailor,RU,21,m,FR,Male
527,1,1.0,Panda Bear,UK,23,f,US,Male
527,2,0.6309297535714575,John Maus,UK,23,f,US,Male
527,3,0.5,Oneohtrix Point Never,UK,23,f,US,Male
527,4,0.43067655807339306,Panda Bear,UK,23,f,US,Male
527,5,0.38685280723454163,John Maus,UK,23,f,US,Male
527,6,0.3562071871080222,John Maus,UK,23,f,US,Male
527,7,0.3333333333333333,Caribou,UK,23,f,CA,Male
527,8,0.31546487678572877,Chelsea Wolfe,UK,23,f,US,Female
527,9,0.3010299956639812,Laura Marling,UK,23,f,UK,Female
527,10,0.2890648263178879,Nick Drake,UK,23,f,UK,Male
528,1,1.0,Justin Timberlake,DE,24,m,US,Male
528,2,0.6309297535714575,Ozzy Osbourne,DE,24,m,UK,Male
528,3,0.5,Sharon Van Etten,DE,24,m,US,Female
528,4,0.43067655807339306,Britney Spears,DE,24,m,US,Female
528,5,0.38685280723454163,Marilyn Manson,DE,24,m,US,Male
528,6,0.3562071871080222,Chelsea Wolfe,DE,24,m,US,Female
528,7,0.3333333333333333,Paula Abdul,DE,24,m,US,Female
528,8,0.31546487678572877,Michael Jackson,DE,24,m,US,Male
528,9,0.3010299956639812,Rush,DE,24,m,US,Male
528,10,0.2890648263178879,Rita Ora,DE,24,m,UK,Female
529,1,1.0,Ed Sheeran,RU,22,m,UK,Male
529,2,0.6309297535714575,Twin Shadow,RU,22,m,US,Male
529,3,0.5,Toro y Moi,RU,22,m,US,Male
529,4,0.43067655807339306,Jess Glynne,RU,22,m,UK,Female
529,5,0.38685280723454163,Charles Bolt,RU,22,m,US,Male
529,6,0.3562071871080222,IAMX,RU,22,m,DE,Male
529,7,0.3333333333333333,Ed Sheeran,RU,22,m,UK,Male
529,8,0.31546487678572877,Tame Impala,RU,22,m,AU,Male
529,9,0.3010299956639812,Sufjan Stevens,RU,22,m,US,Male
529,10,0.2890648263178879,Leonard Cohen,RU,22,m,CA,Male
530,1,1.0,Jess Glynne,US,32,m,UK,Female
530,2,0.6309297535714575,Dimension,US,32,m,ES,Male
530,3,0.5,AFI,US,32,m,US,Female
530,4,0.43067655807339306,Dennis Lloyd,US,32,m,IL,Male
530,5,0.38685280723454163,Gregory Alan Isakov,US,32,m,US,Male
530,6,0.3562071871080222,Britney Spears,US,32,m,US,Female
530,7,0.3333333333333333,Dido,US,32,m,UK,Female
530,8,0.31546487678572877,Christina Aguilera,US,32,m,US,Female
530,9,0.3010299956639812,Beyoncé,US,32,m,US,Female
530,10,0.2890648263178879,Rihanna,US,32,m,UK,Female
531,1,1.0,Ed Sheeran,US,22,m,UK,Male
531,2,0.6309297535714575,Ariana Grande,US,22,m,US,Female
531,3,0.5,Kygo,US,22,m,NO,Male
531,4,0.43067655807339306,Elliott Smith,US,22,m,US,Male
531,5,0.38685280723454163,Ed Sheeran,US,22,m,UK,Male
531,6,0.3562071871080222,Charles Bolt,US,22,m,US,Male
531,7,0.3333333333333333,Jess Glynne,US,22,m,UK,Female
531,8,0.31546487678572877,Toro y Moi,US,22,m,US,Male
531,9,0.3010299956639812,Twin Shadow,US,22,m,US,Male
531,10,0.2890648263178879,IAMX,US,22,m,DE,Male
532,1,1.0,Miley Cyrus,PL,34,m,US,Non-binary
532,2,0.6309297535714575,Tycho,PL,34,m,US,Male
532,3,0.5,Toro y Moi,PL,34,m,US,Male
532,4,0.43067655807339306,Miley Cyrus,PL,34,m,US,Non-binary
532,5,0.38685280723454163,Sia,PL,34,m,AU,Female
532,6,0.3562071871080222,Grimes,PL,34,m,CA,Female
532,7,0.3333333333333333,Ariana Grande,PL,34,m,US,Female
532,8,0.31546487678572877,Frank Ocean,PL,34,m,US,Male
532,9,0.3010299956639812,Four Tet,PL,34,m,UK,Male
532,10,0.2890648263178879,Aldous Harding,PL,34,m,NZ,Female
533,1,1.0,Jess Glynne,US,22,m,UK,Female
533,2,0.6309297535714575,Twin Shadow,US,22,m,US,Male
533,3,0.5,Toro y Moi,US,22,m,US,Male
533,4,0.43067655807339306,IAMX,US,22,m,DE,Male
533,5,0.38685280723454163,Dido,US,22,m,UK,Female
533,6,0.3562071871080222,Christina Aguilera,US,22,m,US,Female
533,7,0.3333333333333333,Moby,US,22,m,US,Male
533,8,0.31546487678572877,Rihanna,US,22,m,UK,Female
533,9,0.3010299956639812,AFI,US,22,m,US,Female
533,10,0.2890648263178879,Beyoncé,US,22,m,US,Female
534,1,1.0,Weyes Blood,BR,23,m,US,Female
534,2,0.6309297535714575,Beyoncé,BR,23,m,US,Female
534,3,0.5,Britney Spears,BR,23,m,US,Female
534,4,0.43067655807339306,Christina Aguilera,BR,23,m,US,Female
534,5,0.38685280723454163,Dido,BR,23,m,UK,Female
534,6,0.3562071871080222,Joe Goddard,BR,23,m,UK,Male
534,7,0.3333333333333333,Rihanna,BR,23,m,UK,Female
534,8,0.31546487678572877,Dimension,BR,23,m,ES,Male
534,9,0.3010299956639812,Mariah Carey,BR,23,m,US,Female
534,10,0.2890648263178879,Blueface,BR,23,m,US,Male
535,1,1.0,Jess Glynne,RU,26,m,UK,Female
535,2,0.6309297535714575,IAMX,RU,26,m,DE,Male
535,3,0.5,Twin Shadow,RU,26,m,US,Male
535,4,0.43067655807339306,Dennis Lloyd,RU,26,m,IL,Male
535,5,0.38685280723454163,Dido,RU,26,m,UK,Female
535,6,0.3562071871080222,Moby,RU,26,m,US,Male
535,7,0.3333333333333333,AFI,RU,26,m,US,Female
535,8,0.31546487678572877,Dimension,RU,26,m,ES,Male
535,9,0.3010299956639812,Christina Aguilera,RU,26,m,US,Female
535,10,0.2890648263178879,Rihanna,RU,26,m,UK,Female
536,1,1.0,Jess Glynne,US,23,m,UK,Female
536,2,0.6309297535714575,Dennis Lloyd,US,23,m,IL,Male
536,3,0.5,IAMX,US,23,m,DE,Male
536,4,0.43067655807339306,Christina Aguilera,US,23,m,US,Female
536,5,0.38685280723454163,Elliott Smith,US,23,m,US,Male
536,6,0.3562071871080222,Beyoncé,US,23,m,US,Female
536,7,0.3333333333333333,Britney Spears,US,23,m,US,Female
536,8,0.31546487678572877,Moby,US,23,m,US,Male
536,9,0.3010299956639812,AFI,US,23,m,US,Female
536,10,0.2890648263178879,Dido,US,23,m,UK,Female
537,1,1.0,IAMX,UK,22,m,DE,Male
537,2,0.6309297535714575,Christina Aguilera,UK,22,m,US,Female
537,3,0.5,Twin Shadow,UK,22,m,US,Male
537,4,0.43067655807339306,Dennis Lloyd,UK,22,m,IL,Male
537,5,0.38685280723454163,Dido,UK,22,m,UK,Female
537,6,0.3562071871080222,Moby,UK,22,m,US,Male
537,7,0.3333333333333333,Britney Spears,UK,22,m,US,Female
537,8,0.31546487678572877,Rihanna,UK,22,m,UK,Female
537,9,0.3010299956639812,AFI,UK,22,m,US,Female
537,10,0.2890648263178879,Beyoncé,UK,22,m,US,Female
538,1,1.0,PJ Harvey,US,23,m,UK,Female
538,2,0.6309297535714575,Damien Jurado,US,23,m,US,Male
538,3,0.5,Mac DeMarco,US,23,m,CA,Male
538,4,0.43067655807339306,PJ Harvey,US,23,m,UK,Female
538,5,0.38685280723454163,Kanye West,US,23,m,US,Male
538,6,0.3562071871080222,Oneohtrix Point Never,US,23,m,US,Male
538,7,0.3333333333333333,Bob Marley & The Wailers,US,23,m,JM,Male
538,8,0.31546487678572877,Bat for Lashes,US,23,m,UK,Female
538,9,0.3010299956639812,Ozzy Osbourne,US,23,m,UK,Male
538,10,0.2890648263178879,Justin Timberlake,US,23,m,US,Male
539,1,1.0,Jennifer Paige,UZ,20,m,US,Female
539,2,0.6309297535714575,Ry x,UZ,20,m,AU,Male
539,3,0.5,Chelsea Wolfe,UZ,20,m,US,Female
539,4,0.43067655807339306,Tove Lo,UZ,20,m,SE,Female
539,5,0.38685280723454163,Weyes Blood,UZ,20,m,US,Female
539,6,0.3562071871080222,Ed Sheeran,UZ,20,m,UK,Male
539,7,0.3333333333333333,Ariana Grande,UZ,20,m,US,Female
539,8,0.31546487678572877,Elliott Smith,UZ,20,m,US,Male
539,9,0.3010299956639812,Joe Goddard,UZ,20,m,UK,Male
539,10,0.2890648263178879,Kygo,UZ,20,m,NO,Male
540,1,1.0,Frank Ocean,RU,30,m,US,Male
540,2,0.6309297535714575,John Maus,RU,30,m,US,Male
540,3,0.5,Jess Glynne,RU,30,m,UK,Female
540,4,0.43067655807339306,Charles Bolt,RU,30,m,US,Male
540,5,0.38685280723454163,Ry x,RU,30,m,AU,Male
540,6,0.3562071871080222,IAMX,RU,30,m,DE,Male
540,7,0.3333333333333333,Joe Goddard,RU,30,m,UK,Male
540,8,0.31546487678572877,Weyes Blood,RU,30,m,US,Female
540,9,0.3010299956639812,Elliott Smith,RU,30,m,US,Male
540,10,0.2890648263178879,Dennis Lloyd,RU,30,m,IL,Male
541,1,1.0,Kanye West,CR,24,m,US,Male
541,2,0.6309297535714575,Louis Tomlinson,CR,24,m,UK,Male
541,3,0.5,Ed Sheeran,CR,24,m,UK,Male
541,4,0.43067655807339306,Lily Allen,CR,24,m,UK,Female
541,5,0.38685280723454163,Weyes Blood,CR,24,m,US,Female
541,6,0.3562071871080222,Avril Lavigne,CR,24,m,CA,Female
541,7,0.3333333333333333,Tove Lo,CR,24,m,SE,Female
541,8,0.31546487678572877,Jennifer Paige,CR,24,m,US,Female
541,9,0.3010299956639812,Ed Sheeran,CR,24,m,UK,Male
541,10,0.2890648263178879,Charles Bolt,CR,24,m,US,Male
542,1,1.0,Ed Sheeran,RU,23,m,UK,Male
542,2,0.6309297535714575,Ariana Grande,RU,23,m,US,Female
542,3,0.5,Ed Sheeran,RU,23,m,UK,Male
542,4,0.43067655807339306,Jess Glynne,RU,23,m,UK,Female
542,5,0.38685280723454163,Charles Bolt,RU,23,m,US,Male
542,6,0.3562071871080222,Dennis Lloyd,RU,23,m,IL,Male
542,7,0.3333333333333333,AFI,RU,23,m,US,Female
542,8,0.31546487678572877,Moby,RU,23,m,US,Male
542,9,0.3010299956639812,Britney Spears,RU,23,m,US,Female
542,10,0.2890648263178879,Elliott Smith,RU,23,m,US,Male
543,1,1.0,Kurt Vile,BY,28,m,US,Male
543,2,0.6309297535714575,Apparat,BY,28,m,DE,Male
543,3,0.5,Eminem,BY,28,m,US,Male
543,4,0.43067655807339306,Britney Spears,BY,28,m,US,Female
543,5,0.38685280723454163,Weyes Blood,BY,28,m,US,Female
543,6,0.3562071871080222,Sia,BY,28,m,AU,Female
543,7,0.3333333333333333,J Balvin,BY,28,m,CO,Male
543,8,0.31546487678572877,Michael Jackson,BY,28,m,US,Male
543,9,0.3010299956639812,Rihanna,BY,28,m,UK,Female
543,10,0.2890648263178879,Rod Stewart,BY,28,m,UK,Male
544,1,1.0,Chelsea Wolfe,DE,17,m,US,Female
544,2,0.6309297535714575,Tove Lo,DE,17,m,SE,Female
544,3,0.5,Kygo,DE,17,m,NO,Male
544,4,0.43067655807339306,Ed Sheeran,DE,17,m,UK,Male
544,5,0.38685280723454163,Ariana Grande,DE,17,m,US,Female
544,6,0.3562071871080222,Ed Sheeran,DE,17,m,UK,Male
544,7,0.3333333333333333,Jess Glynne,DE,17,m,UK,Female
544,8,0.31546487678572877,Charles Bolt,DE,17,m,US,Male
544,9,0.3010299956639812,Toro y Moi,DE,17,m,US,Male
544,10,0.2890648263178879,IAMX,DE,17,m,DE,Male
545,1,1.0,John Maus,RU,34,m,US,Male
545,2,0.6309297535714575,Ry x,RU,34,m,AU,Male
545,3,0.5,Rihanna,RU,34,m,UK,Female
545,4,0.43067655807339306,Joe Goddard,RU,34,m,UK,Male
545,5,0.38685280723454163,Moby,RU,34,m,US,Male
545,6,0.3562071871080222,Lana Del Rey,RU,34,m,US,Female
545,7,0.3333333333333333,Pat Benatar,RU,34,m,US,Female
545,8,0.31546487678572877,Weyes Blood,RU,34,m,US,Female
545,9,0.3010299956639812,Avril Lavigne,RU,34,m,CA,Female
545,10,0.2890648263178879,Elliott Smith,RU,34,m,US,Male
546,1,1.0,Dido,BR,19,f,UK,Female
546,2,0.6309297535714575,John Maus,BR,19,f,US,Male
546,3,0.5,Christina Aguilera,BR,19,f,US,Female
546,4,0.43067655807339306,Beyoncé,BR,19,f,US,Female
546,5,0.38685280723454163,Charles Bolt,BR,19,f,US,Male
546,6,0.3562071871080222,Britney Spears,BR,19,f,US,Female
546,7,0.3333333333333333,Avril Lavigne,BR,19,f,CA,Female
546,8,0.31546487678572877,Ry x,BR,19,f,AU,Male
546,9,0.3010299956639812,Weyes Blood,BR,19,f,US,Female
546,10,0.2890648263178879,IAMX,BR,19,f,DE,Male
547,1,1.0,PJ Harvey,AU,32,m,UK,Female
547,2,0.6309297535714575,Damien Jurado,AU,32,m,US,Male
547,3,0.5,Sharon Van Etten,AU,32,m,US,Female
547,4,0.43067655807339306,Mac DeMarco,AU,32,m,CA,Male
547,5,0.38685280723454163,Ozzy Osbourne,AU,32,m,UK,Male
547,6,0.3562071871080222,Oneohtrix Point Never,AU,32,m,US,Male
547,7,0.3333333333333333,Bat for Lashes,AU,32,m,UK,Female
547,8,0.31546487678572877,Justin Timberlake,AU,32,m,US,Male
547,9,0.3010299956639812,Marilyn Manson,AU,32,m,US,Male
547,10,0.2890648263178879,Queen,AU,32,m,JP,Female
548,1,1.0,Louis Tomlinson,UK,30,m,UK,Male
548,2,0.6309297535714575,Jennifer Paige,UK,30,m,US,Female
548,3,0.5,Chelsea Wolfe,UK,30,m,US,Female
548,4,0.43067655807339306,Tove Lo,UK,30,m,SE,Female
548,5,0.38685280723454163,Ariana Grande,UK,30,m,US,Female
548,6,0.3562071871080222,Ed Sheeran,UK,30,m,UK,Male
548,7,0.3333333333333333,Charles Bolt,UK,30,m,US,Male
548,8,0.31546487678572877,Leonard Cohen,UK,30,m,CA,Male
548,9,0.3010299956639812,Perfume Genius,UK,30,m,US,Male
548,10,0.2890648263178879,Pional,UK,30,m,ES,Male
549,1,1.0,Carpenter Brut,CA,21,m,FR,Male
549,2,0.6309297535714575,PJ Harvey,CA,21,m,UK,Female
549,3,0.5,Damien Jurado,CA,21,m,US,Male
549,4,0.43067655807339306,Bob Marley & The Wailers,CA,21,m,JM,Male
549,5,0.38685280723454163,Ozzy Osbourne,CA,21,m,UK,Male
549,6,0.3562071871080222,Mac DeMarco,CA,21,m,CA,Male
549,7,0.3333333333333333,Sharon Van Etten,CA,21,m,US,Female
549,8,0.31546487678572877,Justin Timberlake,CA,21,m,US,Male
549,9,0.3010299956639812,Oneohtrix Point Never,CA,21,m,US,Male
549,10,0.2890648263178879,Bat for Lashes,CA,21,m,UK,Female
550,1,1.0,Jess Glynne,BR,22,m,UK,Female
550,2,0.6309297535714575,Ed Sheeran,BR,22,m,UK,Male
550,3,0.5,Weyes Blood,BR,22,m,US,Female
550,4,0.43067655807339306,Queen,BR,22,m,JP,Female
550,5,0.38685280723454163,Criolo,BR,22,m,BR,Male
550,6,0.3562071871080222,Ellie Goulding,BR,22,m,UK,Female
550,7,0.3333333333333333,Chelsea Wolfe,BR,22,m,US,Female
550,8,0.31546487678572877,Kelly Clarkson,BR,22,m,US,Female
550,9,0.3010299956639812,Madonna,BR,22,m,US,Female
550,10,0.2890648263178879,John Maus,BR,22,m,US,Male
551,1,1.0,Tove Lo,FI,25,m,SE,Female
551,2,0.6309297535714575,Ed Sheeran,FI,25,m,UK,Male
551,3,0.5,Chelsea Wolfe,FI,25,m,US,Female
551,4,0.43067655807339306,Ariana Grande,FI,25,m,US,Female
551,5,0.38685280723454163,Kygo,FI,25,m,NO,Male
551,6,0.3562071871080222,Elliott Smith,FI,25,m,US,Male
551,7,0.3333333333333333,Ed Sheeran,FI,25,m,UK,Male
551,8,0.31546487678572877,Jess Glynne,FI,25,m,UK,Female
551,9,0.3010299956639812,Charles Bolt,FI,25,m,US,Male
551,10,0.2890648263178879,Twin Shadow,FI,25,m,US,Male
552,1,1.0,Oneohtrix Point Never,US,19,m,US,Male
552,2,0.6309297535714575,Ozzy Osbourne,US,19,m,UK,Male
552,3,0.5,Chelsea Wolfe,US,19,m,US,Female
552,4,0.43067655807339306,Justin Timberlake,US,19,m,US,Male
552,5,0.38685280723454163,Arca,US,19,m,VE,Non-binary
552,6,0.3562071871080222,Marilyn Manson,US,19,m,US,Male
552,7,0.3333333333333333,Lana Del Rey,US,19,m,US,Female
552,8,0.31546487678572877,Paula Abdul,US,19,m,US,Female
552,9,0.3010299956639812,Rita Ora,US,19,m,UK,Female
552,10,0.2890648263178879,Kanye West,US,19,m,US,Male
553,1,1.0,Tove Lo,CL,23,m,SE,Female
553,2,0.6309297535714575,Ariana Grande,CL,23,m,US,Female
553,3,0.5,Kygo,CL,23,m,NO,Male
553,4,0.43067655807339306,Ed Sheeran,CL,23,m,UK,Male
553,5,0.38685280723454163,Jess Glynne,CL,23,m,UK,Female
553,6,0.3562071871080222,IAMX,CL,23,m,DE,Male
553,7,0.3333333333333333,Elliott Smith,CL,23,m,US,Male
553,8,0.31546487678572877,Dennis Lloyd,CL,23,m,IL,Male
553,9,0.3010299956639812,Dimension,CL,23,m,ES,Male
553,10,0.2890648263178879,Moby,CL,23,m,US,Male
554,1,1.0,John Maus,US,20,m,US,Male
554,2,0.6309297535714575,Kurt Vile,US,20,m,US,Male
554,3,0.5,Britney Spears,US,20,m,US,Female
554,4,0.43067655807339306,Grimes,US,20,m,CA,Female
554,5,0.38685280723454163,RuPaul,US,20,m,US,Female
554,6,0.3562071871080222,Apparat,US,20,m,DE,Male
554,7,0.3333333333333333,Sia,US,20,m,AU,Female
554,8,0.31546487678572877,Queen,US,20,m,JP,Female
554,9,0.3010299956639812,Weyes Blood,US,20,m,US,Female
554,10,0.2890648263178879,Lisa Miskovsky,US,20,m,SE,Female
555,1,1.0,Ed Sheeran,RU,18,m,UK,Male
555,2,0.6309297535714575,Kygo,RU,18,m,NO,Male
555,3,0.5,Ariana Grande,RU,18,m,US,Female
555,4,0.43067655807339306,Jess Glynne,RU,18,m,UK,Female
555,5,0.38685280723454163,Ry x,RU,18,m,AU,Male
555,6,0.3562071871080222,Joe Goddard,RU,18,m,UK,Male
555,7,0.3333333333333333,Weyes Blood,RU,18,m,US,Female
555,8,0.31546487678572877,IAMX,RU,18,m,DE,Male
555,9,0.3010299956639812,Dennis Lloyd,RU,18,m,IL,Male
555,10,0.2890648263178879,Elliott Smith,RU,18,m,US,Male
556,1,1.0,Queen,TR,18,f,JP,Female
556,2,0.6309297535714575,Chelsea Wolfe,TR,18,f,US,Female
556,3,0.5,Elliott Smith,TR,18,f,US,Male
556,4,0.43067655807339306,Charles Bolt,TR,18,f,US,Male
556,5,0.38685280723454163,Mariah Carey,TR,18,f,US,Female
556,6,0.3562071871080222,Britney Spears,TR,18,f,US,Female
556,7,0.3333333333333333,Lana Del Rey,TR,18,f,US,Female
556,8,0.31546487678572877,Dennis Lloyd,TR,18,f,IL,Male
556,9,0.3010299956639812,Twin Shadow,TR,18,f,US,Male
556,10,0.2890648263178879,Selena Gomez,TR,18,f,US,Female
557,1,1.0,Kanye West,RU,24,m,US,Male
557,2,0.6309297535714575,Apparat,RU,24,m,DE,Male
557,3,0.5,Jennifer Lopez,RU,24,m,US,Female
557,4,0.43067655807339306,Kurt Vile,RU,24,m,US,Male
557,5,0.38685280723454163,Lisa Miskovsky,RU,24,m,SE,Female
557,6,0.3562071871080222,Avril Lavigne,RU,24,m,CA,Female
557,7,0.3333333333333333,Lily Allen,RU,24,m,UK,Female
557,8,0.31546487678572877,Grimes,RU,24,m,CA,Female
557,9,0.3010299956639812,Katy Perry,RU,24,m,US,Female
557,10,0.2890648263178879,Weyes Blood,RU,24,m,US,Female
558,1,1.0,Weyes Blood,FR,24,m,US,Female
558,2,0.6309297535714575,Beyoncé,FR,24,m,US,Female
558,3,0.5,IAMX,FR,24,m,DE,Male
558,4,0.43067655807339306,Moby,FR,24,m,US,Male
558,5,0.38685280723454163,Twin Shadow,FR,24,m,US,Male
558,6,0.3562071871080222,Milow,FR,24,m,BE,Male
558,7,0.3333333333333333,Dimension,FR,24,m,ES,Male
558,8,0.31546487678572877,Celldweller,FR,24,m,US,Male
558,9,0.3010299956639812,Avril Lavigne,FR,24,m,CA,Female
558,10,0.2890648263178879,Elvis Presley,FR,24,m,US,Male
560,1,1.0,Sia,SK,22,f,AU,Female
560,2,0.6309297535714575,Britney Spears,SK,22,f,US,Female
560,3,0.5,Ariana Grande,SK,22,f,US,Female
560,4,0.43067655807339306,Klaas,SK,22,f,DE,Male
560,5,0.38685280723454163,Nicki Minaj,SK,22,f,US,Female
560,6,0.3562071871080222,Rush,SK,22,f,US,Male
560,7,0.3333333333333333,Mariah Carey,SK,22,f,US,Female
560,8,0.31546487678572877,Wax Tailor,SK,22,f,FR,Male
560,9,0.3010299956639812,Rihanna,SK,22,f,UK,Female
560,10,0.2890648263178879,James Arthur,SK,22,f,UK,Male
561,1,1.0,Ed Sheeran,PT,21,m,UK,Male
561,2,0.6309297535714575,Tove Lo,PT,21,m,SE,Female
561,3,0.5,Ry x,PT,21,m,AU,Male
561,4,0.43067655807339306,Ariana Grande,PT,21,m,US,Female
561,5,0.38685280723454163,Weyes Blood,PT,21,m,US,Female
561,6,0.3562071871080222,Joe Goddard,PT,21,m,UK,Male
561,7,0.3333333333333333,Kygo,PT,21,m,NO,Male
561,8,0.31546487678572877,Ed Sheeran,PT,21,m,UK,Male
561,9,0.3010299956639812,Elliott Smith,PT,21,m,US,Male
561,10,0.2890648263178879,Jess Glynne,PT,21,m,UK,Female
562,1,1.0,Jess Glynne,UK,39,m,UK,Female
562,2,0.6309297535714575,Ed Sheeran,UK,39,m,UK,Male
562,3,0.5,Charles Bolt,UK,39,m,US,Male
562,4,0.43067655807339306,Christina Aguilera,UK,39,m,US,Female
562,5,0.38685280723454163,Rihanna,UK,39,m,UK,Female
562,6,0.3562071871080222,IAMX,UK,39,m,DE,Male
562,7,0.3333333333333333,Beyoncé,UK,39,m,US,Female
562,8,0.31546487678572877,Dennis Lloyd,UK,39,m,IL,Male
562,9,0.3010299956639812,Avril Lavigne,UK,39,m,CA,Female
562,10,0.2890648263178879,Britney Spears,UK,39,m,US,Female
563,1,1.0,Weyes Blood,PL,16,m,US,Female
563,2,0.6309297535714575,Avril Lavigne,PL,16,m,CA,Female
563,3,0.5,Frank Ocean,PL,16,m,US,Male
563,4,0.43067655807339306,Lily Allen,PL,16,m,UK,Female
563,5,0.38685280723454163,Katy Perry,PL,16,m,US,Female
563,6,0.3562071871080222,John Maus,PL,16,m,US,Male
563,7,0.3333333333333333,Ry x,PL,16,m,AU,Male
563,8,0.31546487678572877,Weyes Blood,PL,16,m,US,Female
563,9,0.3010299956639812,Louis Tomlinson,PL,16,m,UK,Male
563,10,0.2890648263178879,Jennifer Paige,PL,16,m,US,Female
564,1,1.0,Charles Bolt,MX,25,m,US,Male
564,2,0.6309297535714575,John Maus,MX,25,m,US,Male
564,3,0.5,Grimes,MX,25,m,CA,Female
564,4,0.43067655807339306,Chelsea Wolfe,MX,25,m,US,Female
564,5,0.38685280723454163,Dennis Lloyd,MX,25,m,IL,Male
564,6,0.3562071871080222,Apparat,MX,25,m,DE,Male
564,7,0.3333333333333333,Bruno Mars,MX,25,m,US,Male
564,8,0.31546487678572877,Madonna,MX,25,m,US,Female
564,9,0.3010299956639812,Niall Horan,MX,25,m,IE,Male
564,10,0.2890648263178879,Queen,MX,25,m,JP,Female
565,1,1.0,Tove Lo,RU,22,m,SE,Female
565,2,0.6309297535714575,Ed Sheeran,RU,22,m,UK,Male
565,3,0.5,Ariana Grande,RU,22,m,US,Female
565,4,0.43067655807339306,Kygo,RU,22,m,NO,Male
565,5,0.38685280723454163,Ed Sheeran,RU,22,m,UK,Male
565,6,0.3562071871080222,Charles Bolt,RU,22,m,US,Male
565,7,0.3333333333333333,Jess Glynne,RU,22,m,UK,Female
565,8,0.31546487678572877,AFI,RU,22,m,US,Female
565,9,0.3010299956639812,YOB,RU,22,m,UK,Male
565,10,0.2890648263178879,Dennis Lloyd,RU,22,m,IL,Male
566,1,1.0,Lana Del Rey,RU,23,m,US,Female
566,2,0.6309297535714575,Ry x,RU,23,m,AU,Male
566,3,0.5,Weyes Blood,RU,23,m,US,Female
566,4,0.43067655807339306,Pat Benatar,RU,23,m,US,Female
566,5,0.38685280723454163,Mariah Carey,RU,23,m,US,Female
566,6,0.3562071871080222,Rihanna,RU,23,m,UK,Female
566,7,0.3333333333333333,Joe Goddard,RU,23,m,UK,Male
566,8,0.31546487678572877,Dido,RU,23,m,UK,Female
566,9,0.3010299956639812,Gregory Alan Isakov,RU,23,m,US,Male
566,10,0.2890648263178879,Steve Winwood,RU,23,m,UK,Male
567,1,1.0,Queen,AU,34,m,JP,Female
567,2,0.6309297535714575,Ed Sheeran,AU,34,m,UK,Male
567,3,0.5,Chelsea Wolfe,AU,34,m,US,Female
567,4,0.43067655807339306,Frank Ocean,AU,34,m,US,Male
567,5,0.38685280723454163,Dennis Lloyd,AU,34,m,IL,Male
567,6,0.3562071871080222,John Maus,AU,34,m,US,Male
567,7,0.3333333333333333,Charles Bolt,AU,34,m,US,Male
567,8,0.31546487678572877,Ed Sheeran,AU,34,m,UK,Male
567,9,0.3010299956639812,Mariah Carey,AU,34,m,US,Female
567,10,0.2890648263178879,Rihanna,AU,34,m,UK,Female
568,1,1.0,Ariana Grande,MX,35,m,US,Female
568,2,0.6309297535714575,Elvis Presley,MX,35,m,US,Male
568,3,0.5,Seal,MX,35,m,UK,Male
568,4,0.43067655807339306,PJ Harvey,MX,35,m,UK,Female
568,5,0.38685280723454163,Ed Sheeran,MX,35,m,UK,Male
568,6,0.3562071871080222,Billy Joel,MX,35,m,US,Male
568,7,0.3333333333333333,Kanye West,MX,35,m,US,Male
568,8,0.31546487678572877,Damien Jurado,MX,35,m,US,Male
568,9,0.3010299956639812,Carpenter Brut,MX,35,m,FR,Male
568,10,0.2890648263178879,PJ Harvey,MX,35,m,UK,Female
569,1,1.0,John Maus,RU,26,m,US,Male
569,2,0.6309297535714575,Kurt Vile,RU,26,m,US,Male
569,3,0.5,Apparat,RU,26,m,DE,Male
569,4,0.43067655807339306,Sia,RU,26,m,AU,Female
569,5,0.38685280723454163,Ariana Grande,RU,26,m,US,Female
569,6,0.3562071871080222,Rihanna,RU,26,m,UK,Female
569,7,0.3333333333333333,Rush,RU,26,m,US,Male
569,8,0.31546487678572877,Weyes Blood,RU,26,m,US,Female
569,9,0.3010299956639812,Nicki Minaj,RU,26,m,US,Female
569,10,0.2890648263178879,Britney Spears,RU,26,m,US,Female
570,1,1.0,Oneohtrix Point Never,PL,21,m,US,Male
570,2,0.6309297535714575,Devendra Banhart,PL,21,m,US,Male
570,3,0.5,Arca,PL,21,m,VE,Non-binary
570,4,0.43067655807339306,Sharon Van Etten,PL,21,m,US,Female
570,5,0.38685280723454163,PJ Harvey,PL,21,m,UK,Female
570,6,0.3562071871080222,Kanye West,PL,21,m,US,Male
570,7,0.3333333333333333,Britney Spears,PL,21,m,US,Female
570,8,0.31546487678572877,Bat for Lashes,PL,21,m,UK,Female
570,9,0.3010299956639812,Marilyn Manson,PL,21,m,US,Male
570,10,0.2890648263178879,Queen,PL,21,m,JP,Female
571,1,1.0,Ed Sheeran,BR,21,m,UK,Male
571,2,0.6309297535714575,Jess Glynne,BR,21,m,UK,Female
571,3,0.5,Charles Bolt,BR,21,m,US,Male
571,4,0.43067655807339306,Toro y Moi,BR,21,m,US,Male
571,5,0.38685280723454163,Twin Shadow,BR,21,m,US,Male
571,6,0.3562071871080222,IAMX,BR,21,m,DE,Male
571,7,0.3333333333333333,Dennis Lloyd,BR,21,m,IL,Male
571,8,0.31546487678572877,Dido,BR,21,m,UK,Female
571,9,0.3010299956639812,Christina Aguilera,BR,21,m,US,Female
571,10,0.2890648263178879,Moby,BR,21,m,US,Male
573,1,1.0,Oneohtrix Point Never,UK,25,m,US,Male
573,2,0.6309297535714575,PJ Harvey,UK,25,m,UK,Female
573,3,0.5,Devendra Banhart,UK,25,m,US,Male
573,4,0.43067655807339306,Carpenter Brut,UK,25,m,FR,Male
573,5,0.38685280723454163,Billy Joel,UK,25,m,US,Male
573,6,0.3562071871080222,Ozzy Osbourne,UK,25,m,UK,Male
573,7,0.3333333333333333,Bob Marley & The Wailers,UK,25,m,JM,Male
573,8,0.31546487678572877,Justin Timberlake,UK,25,m,US,Male
573,9,0.3010299956639812,Britney Spears,UK,25,m,US,Female
573,10,0.2890648263178879,Damien Jurado,UK,25,m,US,Male
574,1,1.0,Tove Lo,RU,20,m,SE,Female
574,2,0.6309297535714575,John Maus,RU,20,m,US,Male
574,3,0.5,Ariana Grande,RU,20,m,US,Female
574,4,0.43067655807339306,Kygo,RU,20,m,NO,Male
574,5,0.38685280723454163,Ry x,RU,20,m,AU,Male
574,6,0.3562071871080222,Jess Glynne,RU,20,m,UK,Female
574,7,0.3333333333333333,Charles Bolt,RU,20,m,US,Male
574,8,0.31546487678572877,Joe Goddard,RU,20,m,UK,Male
574,9,0.3010299956639812,Weyes Blood,RU,20,m,US,Female
574,10,0.2890648263178879,Elliott Smith,RU,20,m,US,Male
575,1,1.0,Klaas,AR,24,f,DE,Male
575,2,0.6309297535714575,Gwen Stefani,AR,24,f,US,Female
575,3,0.5,Kanye West,AR,24,f,US,Male
575,4,0.43067655807339306,Nicki Minaj,AR,24,f,US,Female
575,5,0.38685280723454163,Sia,AR,24,f,AU,Female
575,6,0.3562071871080222,Rihanna,AR,24,f,UK,Female
575,7,0.3333333333333333,Troye Sivan,AR,24,f,AU,Male
575,8,0.31546487678572877,Nicki Minaj,AR,24,f,US,Female
575,9,0.3010299956639812,Justin Timberlake,AR,24,f,US,Male
575,10,0.2890648263178879,Lisa Miskovsky,AR,24,f,SE,Female
576,1,1.0,Jennifer Paige,RU,27,m,US,Female
576,2,0.6309297535714575,Ed Sheeran,RU,27,m,UK,Male
576,3,0.5,Tove Lo,RU,27,m,SE,Female
576,4,0.43067655807339306,Ariana Grande,RU,27,m,US,Female
576,5,0.38685280723454163,Elliott Smith,RU,27,m,US,Male
576,6,0.3562071871080222,Kygo,RU,27,m,NO,Male
576,7,0.3333333333333333,Ed Sheeran,RU,27,m,UK,Male
576,8,0.31546487678572877,IAMX,RU,27,m,DE,Male
576,9,0.3010299956639812,Charles Bolt,RU,27,m,US,Male
576,10,0.2890648263178879,Jess Glynne,RU,27,m,UK,Female
578,1,1.0,Ed Sheeran,US,26,m,UK,Male
578,2,0.6309297535714575,Kygo,US,26,m,NO,Male
578,3,0.5,Ry x,US,26,m,AU,Male
578,4,0.43067655807339306,Weyes Blood,US,26,m,US,Female
578,5,0.38685280723454163,Jess Glynne,US,26,m,UK,Female
578,6,0.3562071871080222,Ed Sheeran,US,26,m,UK,Male
578,7,0.3333333333333333,Elliott Smith,US,26,m,US,Male
578,8,0.31546487678572877,Charles Bolt,US,26,m,US,Male
578,9,0.3010299956639812,Toro y Moi,US,26,m,US,Male
578,10,0.2890648263178879,Twin Shadow,US,26,m,US,Male
579,1,1.0,Carpenter Brut,BY,25,f,FR,Male
579,2,0.6309297535714575,Billy Joel,BY,25,f,US,Male
579,3,0.5,Bob Marley & The Wailers,BY,25,f,JM,Male
579,4,0.43067655807339306,Sharon Van Etten,BY,25,f,US,Female
579,5,0.38685280723454163,Damien Jurado,BY,25,f,US,Male
579,6,0.3562071871080222,Justin Timberlake,BY,25,f,US,Male
579,7,0.3333333333333333,PJ Harvey,BY,25,f,UK,Female
579,8,0.31546487678572877,Ozzy Osbourne,BY,25,f,UK,Male
579,9,0.3010299956639812,Oneohtrix Point Never,BY,25,f,US,Male
579,10,0.2890648263178879,Queen,BY,25,f,JP,Female
580,1,1.0,Tove Lo,MX,28,m,SE,Female
580,2,0.6309297535714575,Chelsea Wolfe,MX,28,m,US,Female
580,3,0.5,Ariana Grande,MX,28,m,US,Female
580,4,0.43067655807339306,Ed Sheeran,MX,28,m,UK,Male
580,5,0.38685280723454163,Elliott Smith,MX,28,m,US,Male
580,6,0.3562071871080222,Kygo,MX,28,m,NO,Male
580,7,0.3333333333333333,Twin Shadow,MX,28,m,US,Male
580,8,0.31546487678572877,Ed Sheeran,MX,28,m,UK,Male
580,9,0.3010299956639812,Jess Glynne,MX,28,m,UK,Female
580,10,0.2890648263178879,Toro y Moi,MX,28,m,US,Male
581,1,1.0,Louis Tomlinson,HU,20,m,UK,Male
581,2,0.6309297535714575,Ed Sheeran,HU,20,m,UK,Male
581,3,0.5,Chelsea Wolfe,HU,20,m,US,Female
581,4,0.43067655807339306,Jennifer Paige,HU,20,m,US,Female
581,5,0.38685280723454163,Tove Lo,HU,20,m,SE,Female
581,6,0.3562071871080222,Ed Sheeran,HU,20,m,UK,Male
581,7,0.3333333333333333,Frank Ocean,HU,20,m,US,Male
581,8,0.31546487678572877,Ariana Grande,HU,20,m,US,Female
581,9,0.3010299956639812,Kygo,HU,20,m,NO,Male
581,10,0.2890648263178879,Jess Glynne,HU,20,m,UK,Female
582,1,1.0,Tove Lo,EE,18,m,SE,Female
582,2,0.6309297535714575,Ariana Grande,EE,18,m,US,Female
582,3,0.5,Kygo,EE,18,m,NO,Male
582,4,0.43067655807339306,Jess Glynne,EE,18,m,UK,Female
582,5,0.38685280723454163,Charles Bolt,EE,18,m,US,Male
582,6,0.3562071871080222,IAMX,EE,18,m,DE,Male
582,7,0.3333333333333333,Dennis Lloyd,EE,18,m,IL,Male
582,8,0.31546487678572877,Toro y Moi,EE,18,m,US,Male
582,9,0.3010299956639812,Twin Shadow,EE,18,m,US,Male
582,10,0.2890648263178879,Dimension,EE,18,m,ES,Male
583,1,1.0,Frank Ocean,US,20,f,US,Male
583,2,0.6309297535714575,Lisa Miskovsky,US,20,f,SE,Female
583,3,0.5,Billy Joel,US,20,f,US,Male
583,4,0.43067655807339306,Devin Townsend,US,20,f,CA,Male
583,5,0.38685280723454163,Jess Glynne,US,20,f,UK,Female
583,6,0.3562071871080222,Grimes,US,20,f,CA,Female
583,7,0.3333333333333333,Father John Misty,US,20,f,US,Male
583,8,0.31546487678572877,Thom Yorke,US,20,f,UK,Male
583,9,0.3010299956639812,Ed Sheeran,US,20,f,UK,Male
583,10,0.2890648263178879,Weyes Blood,US,20,f,US,Female
584,1,1.0,Michael Jackson,LT,18,m,US,Male
584,2,0.6309297535714575,Perfume Genius,LT,18,m,US,Male
584,3,0.5,Kelis,LT,18,m,US,Female
584,4,0.43067655807339306,Oneohtrix Point Never,LT,18,m,US,Male
584,5,0.38685280723454163,Mick Jenkins,LT,18,m,US,Male
584,6,0.3562071871080222,Red,LT,18,m,PL,Male
584,7,0.3333333333333333,Sharon Van Etten,LT,18,m,US,Female
584,8,0.31546487678572877,Rob Zombie,LT,18,m,US,Male
584,9,0.3010299956639812,PJ Harvey,LT,18,m,UK,Female
584,10,0.2890648263178879,Hana Vu,LT,18,m,US,Female
585,1,1.0,Jess Glynne,PT,21,f,UK,Female
585,2,0.6309297535714575,Laura Branigan,PT,21,f,US,Female
585,3,0.5,Lisa Miskovsky,PT,21,f,SE,Female
585,4,0.43067655807339306,Dennis Lloyd,PT,21,f,IL,Male
585,5,0.38685280723454163,Toro y Moi,PT,21,f,US,Male
585,6,0.3562071871080222,Chaka Khan,PT,21,f,US,Female
585,7,0.3333333333333333,Kacey Musgraves,PT,21,f,US,Female
585,8,0.31546487678572877,Four Tet,PT,21,f,UK,Male
585,9,0.3010299956639812,Ed Sheeran,PT,21,f,UK,Male
585,10,0.2890648263178879,Billy Joel,PT,21,f,US,Male
586,1,1.0,Lily Allen,RS,23,m,UK,Female
586,2,0.6309297535714575,Katy Perry,RS,23,m,US,Female
586,3,0.5,Chelsea Wolfe,RS,23,m,US,Female
586,4,0.43067655807339306,Louis Tomlinson,RS,23,m,UK,Male
586,5,0.38685280723454163,Jennifer Paige,RS,23,m,US,Female
586,6,0.3562071871080222,Queen,RS,23,m,JP,Female
586,7,0.3333333333333333,Ed Sheeran,RS,23,m,UK,Male
586,8,0.31546487678572877,Tove Lo,RS,23,m,SE,Female
586,9,0.3010299956639812,Ariana Grande,RS,23,m,US,Female
586,10,0.2890648263178879,Charles Bolt,RS,23,m,US,Male
587,1,1.0,Britney Spears,ES,24,f,US,Female
587,2,0.6309297535714575,Weyes Blood,ES,24,f,US,Female
587,3,0.5,Grimes,ES,24,f,CA,Female
587,4,0.43067655807339306,Frank Ocean,ES,24,f,US,Male
587,5,0.38685280723454163,Gwen Stefani,ES,24,f,US,Female
587,6,0.3562071871080222,Sia,ES,24,f,AU,Female
587,7,0.3333333333333333,John Maus,ES,24,f,US,Male
587,8,0.31546487678572877,RuPaul,ES,24,f,US,Female
587,9,0.3010299956639812,Kanye West,ES,24,f,US,Male
587,10,0.2890648263178879,Adele,ES,24,f,UK,Female
588,1,1.0,Queen,PL,21,m,JP,Female
588,2,0.6309297535714575,Frank Ocean,PL,21,m,US,Male
588,3,0.5,AFI,PL,21,m,US,Female
588,4,0.43067655807339306,Weyes Blood,PL,21,m,US,Female
588,5,0.38685280723454163,IAMX,PL,21,m,DE,Male
588,6,0.3562071871080222,Christina Aguilera,PL,21,m,US,Female
588,7,0.3333333333333333,Joe Goddard,PL,21,m,UK,Male
588,8,0.31546487678572877,Ry x,PL,21,m,AU,Male
588,9,0.3010299956639812,Rihanna,PL,21,m,UK,Female
588,10,0.2890648263178879,Neil Diamond,PL,21,m,US,Male
590,1,1.0,Queen,BR,23,m,JP,Female
590,2,0.6309297535714575,Chelsea Wolfe,BR,23,m,US,Female
590,3,0.5,Jennifer Paige,BR,23,m,US,Female
590,4,0.43067655807339306,Ed Sheeran,BR,23,m,UK,Male
590,5,0.38685280723454163,Tove Lo,BR,23,m,SE,Female
590,6,0.3562071871080222,Ariana Grande,BR,23,m,US,Female
590,7,0.3333333333333333,Ed Sheeran,BR,23,m,UK,Male
590,8,0.31546487678572877,Kygo,BR,23,m,NO,Male
590,9,0.3010299956639812,Charles Bolt,BR,23,m,US,Male
590,10,0.2890648263178879,Jess Glynne,BR,23,m,UK,Female
592,1,1.0,Queen,BR,20,m,JP,Female
592,2,0.6309297535714575,Jess Glynne,BR,20,m,UK,Female
592,3,0.5,Chelsea Wolfe,BR,20,m,US,Female
592,4,0.43067655807339306,John Maus,BR,20,m,US,Male
592,5,0.38685280723454163,Charles Bolt,BR,20,m,US,Male
592,6,0.3562071871080222,Ry x,BR,20,m,AU,Male
592,7,0.3333333333333333,Dennis Lloyd,BR,20,m,IL,Male
592,8,0.31546487678572877,Weyes Blood,BR,20,m,US,Female
592,9,0.3010299956639812,Joe Goddard,BR,20,m,UK,Male
592,10,0.2890648263178879,Lorde,BR,20,m,NZ,Female
593,1,1.0,Oneohtrix Point Never,JP,27,m,US,Male
593,2,0.6309297535714575,Chelsea Wolfe,JP,27,m,US,Female
593,3,0.5,Ozzy Osbourne,JP,27,m,UK,Male
593,4,0.43067655807339306,Justin Timberlake,JP,27,m,US,Male
593,5,0.38685280723454163,PJ Harvey,JP,27,m,UK,Female
593,6,0.3562071871080222,Arca,JP,27,m,VE,Non-binary
593,7,0.3333333333333333,Marilyn Manson,JP,27,m,US,Male
593,8,0.31546487678572877,Lana Del Rey,JP,27,m,US,Female
593,9,0.3010299956639812,Paula Abdul,JP,27,m,US,Female
593,10,0.2890648263178879,Rush,JP,27,m,US,Male
594,1,1.0,Twin Shadow,AU,23,m,US,Male
594,2,0.6309297535714575,Toro y Moi,AU,23,m,US,Male
594,3,0.5,Gregory Alan Isakov,AU,23,m,US,Male
594,4,0.43067655807339306,Dido,AU,23,m,UK,Female
594,5,0.38685280723454163,Moby,AU,23,m,US,Male
594,6,0.3562071871080222,Beyoncé,AU,23,m,US,Female
594,7,0.3333333333333333,AFI,AU,23,m,US,Female
594,8,0.31546487678572877,Christina Aguilera,AU,23,m,US,Female
594,9,0.3010299956639812,Britney Spears,AU,23,m,US,Female
594,10,0.2890648263178879,Lana Del Rey,AU,23,m,US,Female
595,1,1.0,Ed Sheeran,UA,19,m,UK,Male
595,2,0.6309297535714575,Twin Shadow,UA,19,m,US,Male
595,3,0.5,Kygo,UA,19,m,NO,Male
595,4,0.43067655807339306,Toro y Moi,UA,19,m,US,Male
595,5,0.38685280723454163,Ed Sheeran,UA,19,m,UK,Male
595,6,0.3562071871080222,Charles Bolt,UA,19,m,US,Male
595,7,0.3333333333333333,Jess Glynne,UA,19,m,UK,Female
595,8,0.31546487678572877,IAMX,UA,19,m,DE,Male
595,9,0.3010299956639812,Tame Impala,UA,19,m,AU,Male
595,10,0.2890648263178879,Sufjan Stevens,UA,19,m,US,Male
596,1,1.0,Britney Spears,PL,18,f,US,Female
596,2,0.6309297535714575,Grimes,PL,18,f,CA,Female
596,3,0.5,Rihanna,PL,18,f,UK,Female
596,4,0.43067655807339306,Sia,PL,18,f,AU,Female
596,5,0.38685280723454163,Kanye West,PL,18,f,US,Male
596,6,0.3562071871080222,Thom Yorke,PL,18,f,UK,Male
596,7,0.3333333333333333,Jennifer Lopez,PL,18,f,US,Female
596,8,0.31546487678572877,John Maus,PL,18,f,US,Male
596,9,0.3010299956639812,Aldous Harding,PL,18,f,NZ,Female
596,10,0.2890648263178879,Queen,PL,18,f,JP,Female
597,1,1.0,Toro y Moi,RU,36,m,US,Male
597,2,0.6309297535714575,Ariana Grande,RU,36,m,US,Female
597,3,0.5,Grimes,RU,36,m,CA,Female
597,4,0.43067655807339306,Aldous Harding,RU,36,m,NZ,Female
597,5,0.38685280723454163,Lorde,RU,36,m,NZ,Female
597,6,0.3562071871080222,Eminem,RU,36,m,US,Male
597,7,0.3333333333333333,Weyes Blood,RU,36,m,US,Female
597,8,0.31546487678572877,Thom Yorke,RU,36,m,UK,Male
597,9,0.3010299956639812,Corinne Bailey Rae,RU,36,m,UK,Female
597,10,0.2890648263178879,Sia,RU,36,m,AU,Female
598,1,1.0,Britney Spears,PL,25,m,US,Female
598,2,0.6309297535714575,Nicki Minaj,PL,25,m,US,Female
598,3,0.5,Wax Tailor,PL,25,m,FR,Male
598,4,0.43067655807339306,Rihanna,PL,25,m,UK,Female
598,5,0.38685280723454163,Klaas,PL,25,m,DE,Male
598,6,0.3562071871080222,Gwen Stefani,PL,25,m,US,Female
598,7,0.3333333333333333,Jennifer Lopez,PL,25,m,US,Female
598,8,0.31546487678572877,Troye Sivan,PL,25,m,AU,Male
598,9,0.3010299956639812,Kanye West,PL,25,m,US,Male
598,10,0.2890648263178879,Moby,PL,25,m,US,Male
599,1,1.0,Marilyn Manson,TR,23,m,US,Male
599,2,0.6309297535714575,Paula Abdul,TR,23,m,US,Female
599,3,0.5,Emma Ruth Rundle,TR,23,m,US,Female
599,4,0.43067655807339306,Rush,TR,23,m,US,Male
599,5,0.38685280723454163,Marissa Nadler,TR,23,m,US,Female
599,6,0.3562071871080222,Kurt Vile,TR,23,m,US,Male
599,7,0.3333333333333333,Noisestorm,TR,23,m,IE,Male
599,8,0.31546487678572877,Jay Reatard,TR,23,m,US,Male
599,9,0.3010299956639812,Michael Jackson,TR,23,m,US,Male
599,10,0.2890648263178879,Rob Zombie,TR,23,m,US,Male
600,1,1.0,Weyes Blood,NZ,19,m,US,Female
600,2,0.6309297535714575,Frank Ocean,NZ,19,m,US,Male
600,3,0.5,Queen,NZ,19,m,JP,Female
600,4,0.43067655807339306,John Maus,NZ,19,m,US,Male
600,5,0.38685280723454163,Lily Allen,NZ,19,m,UK,Female
600,6,0.3562071871080222,Avril Lavigne,NZ,19,m,CA,Female
600,7,0.3333333333333333,Katy Perry,NZ,19,m,US,Female
600,8,0.31546487678572877,Chelsea Wolfe,NZ,19,m,US,Female
600,9,0.3010299956639812,Louis Tomlinson,NZ,19,m,UK,Male
600,10,0.2890648263178879,Ed Sheeran,NZ,19,m,UK,Male
601,1,1.0,Chelsea Wolfe,PH,24,f,US,Female
601,2,0.6309297535714575,Queen,PH,24,f,JP,Female
601,3,0.5,Ed Sheeran,PH,24,f,UK,Male
601,4,0.43067655807339306,Twin Shadow,PH,24,f,US,Male
601,5,0.38685280723454163,IAMX,PH,24,f,DE,Male
601,6,0.3562071871080222,Kacey Musgraves,PH,24,f,US,Female
601,7,0.3333333333333333,Selena Gomez,PH,24,f,US,Female
601,8,0.31546487678572877,Moby,PH,24,f,US,Male
601,9,0.3010299956639812,Kelly Clarkson,PH,24,f,US,Female
601,10,0.2890648263178879,Gregory Alan Isakov,PH,24,f,US,Male
602,1,1.0,Queen,BR,22,m,JP,Female
602,2,0.6309297535714575,Chelsea Wolfe,BR,22,m,US,Female
602,3,0.5,Charles Bolt,BR,22,m,US,Male
602,4,0.43067655807339306,IAMX,BR,22,m,DE,Male
602,5,0.38685280723454163,John Maus,BR,22,m,US,Male
602,6,0.3562071871080222,Ry x,BR,22,m,AU,Male
602,7,0.3333333333333333,Selena Gomez,BR,22,m,US,Female
602,8,0.31546487678572877,Kelly Clarkson,BR,22,m,US,Female
602,9,0.3010299956639812,AFI,BR,22,m,US,Female
602,10,0.2890648263178879,Lana Del Rey,BR,22,m,US,Female
603,1,1.0,Frank Ocean,UK,19,f,US,Male
603,2,0.6309297535714575,Beyoncé,UK,19,f,US,Female
603,3,0.5,Britney Spears,UK,19,f,US,Female
603,4,0.43067655807339306,John Maus,UK,19,f,US,Male
603,5,0.38685280723454163,Christina Aguilera,UK,19,f,US,Female
603,6,0.3562071871080222,Mariah Carey,UK,19,f,US,Female
603,7,0.3333333333333333,Avril Lavigne,UK,19,f,CA,Female
603,8,0.31546487678572877,Rihanna,UK,19,f,UK,Female
603,9,0.3010299956639812,AFI,UK,19,f,US,Female
603,10,0.2890648263178879,Ry x,UK,19,f,AU,Male
604,1,1.0,Toro y Moi,CN,21,m,US,Male
604,2,0.6309297535714575,Grimes,CN,21,m,CA,Female
604,3,0.5,Nicki Minaj,CN,21,m,US,Female
604,4,0.43067655807339306,John Maus,CN,21,m,US,Male
604,5,0.38685280723454163,Sia,CN,21,m,AU,Female
604,6,0.3562071871080222,DJ Shadow,CN,21,m,US,Male
604,7,0.3333333333333333,Kanye West,CN,21,m,US,Male
604,8,0.31546487678572877,Britney Spears,CN,21,m,US,Female
604,9,0.3010299956639812,Rihanna,CN,21,m,UK,Female
604,10,0.2890648263178879,Gwen Stefani,CN,21,m,US,Female
605,1,1.0,Chelsea Wolfe,IN,19,m,US,Female
605,2,0.6309297535714575,Ed Sheeran,IN,19,m,UK,Male
605,3,0.5,Tove Lo,IN,19,m,SE,Female
605,4,0.43067655807339306,Kygo,IN,19,m,NO,Male
605,5,0.38685280723454163,Tame Impala,IN,19,m,AU,Male
605,6,0.3562071871080222,Ed Sheeran,IN,19,m,UK,Male
605,7,0.3333333333333333,Leonard Cohen,IN,19,m,CA,Male
605,8,0.31546487678572877,Jess Glynne,IN,19,m,UK,Female
605,9,0.3010299956639812,Charles Bolt,IN,19,m,US,Male
605,10,0.2890648263178879,Wild Nothing,IN,19,m,US,Male
606,1,1.0,Wax Tailor,IT,26,m,FR,Male
606,2,0.6309297535714575,Ben Howard,IT,26,m,UK,Male
606,3,0.5,Kanye West,IT,26,m,US,Male
606,4,0.43067655807339306,Mariah Carey,IT,26,m,US,Female
606,5,0.38685280723454163,Michael Jackson,IT,26,m,US,Male
606,6,0.3562071871080222,Sia,IT,26,m,AU,Female
606,7,0.3333333333333333,Rihanna,IT,26,m,UK,Female
606,8,0.31546487678572877,Sia,IT,26,m,AU,Female
606,9,0.3010299956639812,Rihanna,IT,26,m,UK,Female
606,10,0.2890648263178879,Sia,IT,26,m,AU,Female
607,1,1.0,Devendra Banhart,DE,22,m,US,Male
607,2,0.6309297535714575,Kanye West,DE,22,m,US,Male
607,3,0.5,Marilyn Manson,DE,22,m,US,Male
607,4,0.43067655807339306,Sharon Van Etten,DE,22,m,US,Female
607,5,0.38685280723454163,PJ Harvey,DE,22,m,UK,Female
607,6,0.3562071871080222,Lana Del Rey,DE,22,m,US,Female
607,7,0.3333333333333333,Damien Jurado,DE,22,m,US,Male
607,8,0.31546487678572877,Mac DeMarco,DE,22,m,CA,Male
607,9,0.3010299956639812,Oneohtrix Point Never,DE,22,m,US,Male
607,10,0.2890648263178879,Britney Spears,DE,22,m,US,Female
608,1,1.0,Queen,RU,20,f,JP,Female
608,2,0.6309297535714575,Chelsea Wolfe,RU,20,f,US,Female
608,3,0.5,John Maus,RU,20,f,US,Male
608,4,0.43067655807339306,Grimes,RU,20,f,CA,Female
608,5,0.38685280723454163,Lorde,RU,20,f,NZ,Female
608,6,0.3562071871080222,Apparat,RU,20,f,DE,Male
608,7,0.3333333333333333,Mariah Carey,RU,20,f,US,Female
608,8,0.31546487678572877,Niall Horan,RU,20,f,IE,Male
608,9,0.3010299956639812,Lana Del Rey,RU,20,f,US,Female
608,10,0.2890648263178879,Taylor Swift,RU,20,f,US,Female
609,1,1.0,Grimes,AZ,22,f,CA,Female
609,2,0.6309297535714575,Rita Ora,AZ,22,f,UK,Female
609,3,0.5,Noisestorm,AZ,22,f,IE,Male
609,4,0.43067655807339306,John Maus,AZ,22,f,US,Male
609,5,0.38685280723454163,Kurt Vile,AZ,22,f,US,Male
609,6,0.3562071871080222,Apparat,AZ,22,f,DE,Male
609,7,0.3333333333333333,Ariana Grande,AZ,22,f,US,Female
609,8,0.31546487678572877,Lorde,AZ,22,f,NZ,Female
609,9,0.3010299956639812,Mr.Kitty,AZ,22,f,US,Male
609,10,0.2890648263178879,Eminem,AZ,22,f,US,Male
610,1,1.0,Lily Allen,RU,21,m,UK,Female
610,2,0.6309297535714575,Avril Lavigne,RU,21,m,CA,Female
610,3,0.5,Weyes Blood,RU,21,m,US,Female
610,4,0.43067655807339306,Queen,RU,21,m,JP,Female
610,5,0.38685280723454163,Katy Perry,RU,21,m,US,Female
610,6,0.3562071871080222,Frank Ocean,RU,21,m,US,Male
610,7,0.3333333333333333,Louis Tomlinson,RU,21,m,UK,Male
610,8,0.31546487678572877,Jennifer Paige,RU,21,m,US,Female
610,9,0.3010299956639812,John Maus,RU,21,m,US,Male
610,10,0.2890648263178879,Tove Lo,RU,21,m,SE,Female
611,1,1.0,Ed Sheeran,RU,19,m,UK,Male
611,2,0.6309297535714575,Ariana Grande,RU,19,m,US,Female
611,3,0.5,Kygo,RU,19,m,NO,Male
611,4,0.43067655807339306,Ed Sheeran,RU,19,m,UK,Male
611,5,0.38685280723454163,Frank Ocean,RU,19,m,US,Male
611,6,0.3562071871080222,Jess Glynne,RU,19,m,UK,Female
611,7,0.3333333333333333,John Maus,RU,19,m,US,Male
611,8,0.31546487678572877,Charles Bolt,RU,19,m,US,Male
611,9,0.3010299956639812,IAMX,RU,19,m,DE,Male
611,10,0.2890648263178879,Ry x,RU,19,m,AU,Male
612,1,1.0,Ed Sheeran,BY,23,m,UK,Male
612,2,0.6309297535714575,Elliott Smith,BY,23,m,US,Male
612,3,0.5,Ariana Grande,BY,23,m,US,Female
612,4,0.43067655807339306,Kygo,BY,23,m,NO,Male
612,5,0.38685280723454163,Ed Sheeran,BY,23,m,UK,Male
612,6,0.3562071871080222,Twin Shadow,BY,23,m,US,Male
612,7,0.3333333333333333,Toro y Moi,BY,23,m,US,Male
612,8,0.31546487678572877,Jess Glynne,BY,23,m,UK,Female
612,9,0.3010299956639812,Charles Bolt,BY,23,m,US,Male
612,10,0.2890648263178879,IAMX,BY,23,m,DE,Male
613,1,1.0,Kygo,PL,23,f,NO,Male
613,2,0.6309297535714575,Ry x,PL,23,f,AU,Male
613,3,0.5,Joe Goddard,PL,23,f,UK,Male
613,4,0.43067655807339306,Dennis Lloyd,PL,23,f,IL,Male
613,5,0.38685280723454163,Elliott Smith,PL,23,f,US,Male
613,6,0.3562071871080222,Dido,PL,23,f,UK,Female
613,7,0.3333333333333333,IAMX,PL,23,f,DE,Male
613,8,0.31546487678572877,Twin Shadow,PL,23,f,US,Male
613,9,0.3010299956639812,Toro y Moi,PL,23,f,US,Male
613,10,0.2890648263178879,Rihanna,PL,23,f,UK,Female
614,1,1.0,Elvis Presley,NL,17,f,US,Male
614,2,0.6309297535714575,Ariana Grande,NL,17,f,US,Female
614,3,0.5,Sharon Van Etten,NL,17,f,US,Female
614,4,0.43067655807339306,Billy Joel,NL,17,f,US,Male
614,5,0.38685280723454163,Carpenter Brut,NL,17,f,FR,Male
614,6,0.3562071871080222,Bob Marley & The Wailers,NL,17,f,JM,Male
614,7,0.3333333333333333,Ozzy Osbourne,NL,17,f,UK,Male
614,8,0.31546487678572877,Bat for Lashes,NL,17,f,UK,Female
614,9,0.3010299956639812,Frank Ocean,NL,17,f,US,Male
614,10,0.2890648263178879,Justin Timberlake,NL,17,f,US,Male
615,1,1.0,Frank Ocean,CA,51,m,US,Male
615,2,0.6309297535714575,Kanye West,CA,51,m,US,Male
615,3,0.5,John Maus,CA,51,m,US,Male
615,4,0.43067655807339306,Ry x,CA,51,m,AU,Male
615,5,0.38685280723454163,Chelsea Wolfe,CA,51,m,US,Female
615,6,0.3562071871080222,Lily Allen,CA,51,m,UK,Female
615,7,0.3333333333333333,Avril Lavigne,CA,51,m,CA,Female
615,8,0.31546487678572877,Elliott Smith,CA,51,m,US,Male
615,9,0.3010299956639812,Joe Goddard,CA,51,m,UK,Male
615,10,0.2890648263178879,Katy Perry,CA,51,m,US,Female
616,1,1.0,Elvis Presley,BR,18,m,US,Male
616,2,0.6309297535714575,Ariana Grande,BR,18,m,US,Female
616,3,0.5,Carpenter Brut,BR,18,m,FR,Male
616,4,0.43067655807339306,Billy Joel,BR,18,m,US,Male
616,5,0.38685280723454163,John Maus,BR,18,m,US,Male
616,6,0.3562071871080222,Oneohtrix Point Never,BR,18,m,US,Male
616,7,0.3333333333333333,Panda Bear,BR,18,m,US,Male
616,8,0.31546487678572877,Ozzy Osbourne,BR,18,m,UK,Male
616,9,0.3010299956639812,John Maus,BR,18,m,US,Male
616,10,0.2890648263178879,Laura Marling,BR,18,m,UK,Female
617,1,1.0,Oneohtrix Point Never,EE,32,f,US,Male
617,2,0.6309297535714575,Panda Bear,EE,32,f,US,Male
617,3,0.5,John Maus,EE,32,f,US,Male
617,4,0.43067655807339306,Chelsea Wolfe,EE,32,f,US,Female
617,5,0.38685280723454163,John Maus,EE,32,f,US,Male
617,6,0.3562071871080222,Laura Marling,EE,32,f,UK,Female
617,7,0.3333333333333333,Arca,EE,32,f,VE,Non-binary
617,8,0.31546487678572877,PJ Harvey,EE,32,f,UK,Female
617,9,0.3010299956639812,Devendra Banhart,EE,32,f,US,Male
617,10,0.2890648263178879,Paula Abdul,EE,32,f,US,Female
618,1,1.0,Justin Timberlake,PL,17,f,US,Male
618,2,0.6309297535714575,Ozzy Osbourne,PL,17,f,UK,Male
618,3,0.5,Paula Abdul,PL,17,f,US,Female
618,4,0.43067655807339306,Rush,PL,17,f,US,Male
618,5,0.38685280723454163,Noisestorm,PL,17,f,IE,Male
618,6,0.3562071871080222,Chelsea Wolfe,PL,17,f,US,Female
618,7,0.3333333333333333,Arca,PL,17,f,VE,Non-binary
618,8,0.31546487678572877,John Maus,PL,17,f,US,Male
618,9,0.3010299956639812,Oneohtrix Point Never,PL,17,f,US,Male
618,10,0.2890648263178879,PJ Harvey,PL,17,f,UK,Female
619,1,1.0,Frank Ocean,CZ,27,m,US,Male
619,2,0.6309297535714575,Nicki Minaj,CZ,27,m,US,Female
619,3,0.5,Britney Spears,CZ,27,m,US,Female
619,4,0.43067655807339306,Rihanna,CZ,27,m,UK,Female
619,5,0.38685280723454163,John Maus,CZ,27,m,US,Male
619,6,0.3562071871080222,Gwen Stefani,CZ,27,m,US,Female
619,7,0.3333333333333333,Kelly Clarkson,CZ,27,m,US,Female
619,8,0.31546487678572877,Wax Tailor,CZ,27,m,FR,Male
619,9,0.3010299956639812,Nicki Minaj,CZ,27,m,US,Female
619,10,0.2890648263178879,RuPaul,CZ,27,m,US,Female
620,1,1.0,Louis Tomlinson,US,22,f,UK,Male
620,2,0.6309297535714575,Taylor Swift,US,22,f,US,Female
620,3,0.5,Kylie Minogue,US,22,f,AU,Female
620,4,0.43067655807339306,Chaka Khan,US,22,f,US,Female
620,5,0.38685280723454163,Sabrina Carpenter,US,22,f,US,Female
620,6,0.3562071871080222,Lisa Miskovsky,US,22,f,SE,Female
620,7,0.3333333333333333,Jess Glynne,US,22,f,UK,Female
620,8,0.31546487678572877,Camila Cabello,US,22,f,US,Female
620,9,0.3010299956639812,Grimes,US,22,f,CA,Female
620,10,0.2890648263178879,Madonna,US,22,f,US,Female
621,1,1.0,IAMX,BR,19,m,DE,Male
621,2,0.6309297535714575,Britney Spears,BR,19,m,US,Female
621,3,0.5,Beyoncé,BR,19,m,US,Female
621,4,0.43067655807339306,Toro y Moi,BR,19,m,US,Male
621,5,0.38685280723454163,Rihanna,BR,19,m,UK,Female
621,6,0.3562071871080222,Christina Aguilera,BR,19,m,US,Female
621,7,0.3333333333333333,Twin Shadow,BR,19,m,US,Male
621,8,0.31546487678572877,Pat Benatar,BR,19,m,US,Female
621,9,0.3010299956639812,Dido,BR,19,m,UK,Female
621,10,0.2890648263178879,Celldweller,BR,19,m,US,Male
622,1,1.0,Ed Sheeran,IT,21,f,UK,Male
622,2,0.6309297535714575,Ariana Grande,IT,21,f,US,Female
622,3,0.5,Kygo,IT,21,f,NO,Male
622,4,0.43067655807339306,Jess Glynne,IT,21,f,UK,Female
622,5,0.38685280723454163,Ed Sheeran,IT,21,f,UK,Male
622,6,0.3562071871080222,Charles Bolt,IT,21,f,US,Male
622,7,0.3333333333333333,Twin Shadow,IT,21,f,US,Male
622,8,0.31546487678572877,Toro y Moi,IT,21,f,US,Male
622,9,0.3010299956639812,IAMX,IT,21,f,DE,Male
622,10,0.2890648263178879,Dido,IT,21,f,UK,Female
623,1,1.0,Oneohtrix Point Never,RU,21,m,US,Male
623,2,0.6309297535714575,Ozzy Osbourne,RU,21,m,UK,Male
623,3,0.5,Justin Timberlake,RU,21,m,US,Male
623,4,0.43067655807339306,Kanye West,RU,21,m,US,Male
623,5,0.38685280723454163,Marilyn Manson,RU,21,m,US,Male
623,6,0.3562071871080222,Lana Del Rey,RU,21,m,US,Female
623,7,0.3333333333333333,PJ Harvey,RU,21,m,UK,Female
623,8,0.31546487678572877,Damien Jurado,RU,21,m,US,Male
623,9,0.3010299956639812,Paula Abdul,RU,21,m,US,Female
623,10,0.2890648263178879,Sharon Van Etten,RU,21,m,US,Female
624,1,1.0,Frank Ocean,UK,50,m,US,Male
624,2,0.6309297535714575,John Maus,UK,50,m,US,Male
624,3,0.5,Rihanna,UK,50,m,UK,Female
624,4,0.43067655807339306,Christina Aguilera,UK,50,m,US,Female
624,5,0.38685280723454163,Ry x,UK,50,m,AU,Male
624,6,0.3562071871080222,Joe Goddard,UK,50,m,UK,Male
624,7,0.3333333333333333,Dimension,UK,50,m,ES,Male
624,8,0.31546487678572877,Gregory Alan Isakov,UK,50,m,US,Male
624,9,0.3010299956639812,Elliott Smith,UK,50,m,US,Male
624,10,0.2890648263178879,Alexander Rybak,UK,50,m,NO,Male
626,1,1.0,Eminem,CZ,19,m,US,Male
626,2,0.6309297535714575,John Maus,CZ,19,m,US,Male
626,3,0.5,Sia,CZ,19,m,AU,Female
626,4,0.43067655807339306,Britney Spears,CZ,19,m,US,Female
626,5,0.38685280723454163,Ariana Grande,CZ,19,m,US,Female
626,6,0.3562071871080222,Rihanna,CZ,19,m,UK,Female
626,7,0.3333333333333333,Apparat,CZ,19,m,DE,Male
626,8,0.31546487678572877,Kurt Vile,CZ,19,m,US,Male
626,9,0.3010299956639812,Sia,CZ,19,m,AU,Female
626,10,0.2890648263178879,Michael Jackson,CZ,19,m,US,Male
628,1,1.0,Ed Sheeran,VE,21,f,UK,Male
628,2,0.6309297535714575,Kygo,VE,21,f,NO,Male
628,3,0.5,Jess Glynne,VE,21,f,UK,Female
628,4,0.43067655807339306,Ed Sheeran,VE,21,f,UK,Male
628,5,0.38685280723454163,Charles Bolt,VE,21,f,US,Male
628,6,0.3562071871080222,Elliott Smith,VE,21,f,US,Male
628,7,0.3333333333333333,IAMX,VE,21,f,DE,Male
628,8,0.31546487678572877,Dennis Lloyd,VE,21,f,IL,Male
628,9,0.3010299956639812,Toro y Moi,VE,21,f,US,Male
628,10,0.2890648263178879,Twin Shadow,VE,21,f,US,Male
629,1,1.0,Ed Sheeran,IT,22,m,UK,Male
629,2,0.6309297535714575,Tove Lo,IT,22,m,SE,Female
629,3,0.5,Ed Sheeran,IT,22,m,UK,Male
629,4,0.43067655807339306,Ry x,IT,22,m,AU,Male
629,5,0.38685280723454163,Ariana Grande,IT,22,m,US,Female
629,6,0.3562071871080222,Kygo,IT,22,m,NO,Male
629,7,0.3333333333333333,Charles Bolt,IT,22,m,US,Male
629,8,0.31546487678572877,Weyes Blood,IT,22,m,US,Female
629,9,0.3010299956639812,Joe Goddard,IT,22,m,UK,Male
629,10,0.2890648263178879,Jess Glynne,IT,22,m,UK,Female
630,1,1.0,Kygo,RU,24,m,NO,Male
630,2,0.6309297535714575,Elliott Smith,RU,24,m,US,Male
630,3,0.5,Ed Sheeran,RU,24,m,UK,Male
630,4,0.43067655807339306,Jess Glynne,RU,24,m,UK,Female
630,5,0.38685280723454163,Toro y Moi,RU,24,m,US,Male
630,6,0.3562071871080222,Twin Shadow,RU,24,m,US,Male
630,7,0.3333333333333333,Charles Bolt,RU,24,m,US,Male
630,8,0.31546487678572877,Dido,RU,24,m,UK,Female
630,9,0.3010299956639812,IAMX,RU,24,m,DE,Male
630,10,0.2890648263178879,Dennis Lloyd,RU,24,m,IL,Male
631,1,1.0,Jess Glynne,PL,21,m,UK,Female
631,2,0.6309297535714575,Charles Bolt,PL,21,m,US,Male
631,3,0.5,Ry x,PL,21,m,AU,Male
631,4,0.43067655807339306,Dennis Lloyd,PL,21,m,IL,Male
631,5,0.38685280723454163,IAMX,PL,21,m,DE,Male
631,6,0.3562071871080222,Dido,PL,21,m,UK,Female
631,7,0.3333333333333333,Weyes Blood,PL,21,m,US,Female
631,8,0.31546487678572877,Joe Goddard,PL,21,m,UK,Male
631,9,0.3010299956639812,Christina Aguilera,PL,21,m,US,Female
631,10,0.2890648263178879,Elliott Smith,PL,21,m,US,Male
632,1,1.0,Ed Sheeran,BR,17,m,UK,Male
632,2,0.6309297535714575,Ariana Grande,BR,17,m,US,Female
632,3,0.5,Kygo,BR,17,m,NO,Male
632,4,0.43067655807339306,Ed Sheeran,BR,17,m,UK,Male
632,5,0.38685280723454163,Jess Glynne,BR,17,m,UK,Female
632,6,0.3562071871080222,Twin Shadow,BR,17,m,US,Male
632,7,0.3333333333333333,Toro y Moi,BR,17,m,US,Male
632,8,0.31546487678572877,IAMX,BR,17,m,DE,Male
632,9,0.3010299956639812,Dennis Lloyd,BR,17,m,IL,Male
632,10,0.2890648263178879,Dido,BR,17,m,UK,Female
633,1,1.0,Frank Ocean,PL,16,m,US,Male
633,2,0.6309297535714575,John Maus,PL,16,m,US,Male
633,3,0.5,Kygo,PL,16,m,NO,Male
633,4,0.43067655807339306,Ry x,PL,16,m,AU,Male
633,5,0.38685280723454163,Weyes Blood,PL,16,m,US,Female
633,6,0.3562071871080222,Charles Bolt,PL,16,m,US,Male
633,7,0.3333333333333333,Joe Goddard,PL,16,m,UK,Male
633,8,0.31546487678572877,Elliott Smith,PL,16,m,US,Male
633,9,0.3010299956639812,IAMX,PL,16,m,DE,Male
633,10,0.2890648263178879,Dennis Lloyd,PL,16,m,IL,Male
634,1,1.0,John Maus,UK,23,f,US,Male
634,2,0.6309297535714575,Chelsea Wolfe,UK,23,f,US,Female
634,3,0.5,Ry x,UK,23,f,AU,Male
634,4,0.43067655807339306,Weyes Blood,UK,23,f,US,Female
634,5,0.38685280723454163,Tove Lo,UK,23,f,SE,Female
634,6,0.3562071871080222,Joe Goddard,UK,23,f,UK,Male
634,7,0.3333333333333333,Ariana Grande,UK,23,f,US,Female
634,8,0.31546487678572877,Elliott Smith,UK,23,f,US,Male
634,9,0.3010299956639812,Kygo,UK,23,f,NO,Male
634,10,0.2890648263178879,Twin Shadow,UK,23,f,US,Male
635,1,1.0,Jennifer Paige,CZ,35,m,US,Female
635,2,0.6309297535714575,Louis Tomlinson,CZ,35,m,UK,Male
635,3,0.5,Queen,CZ,35,m,JP,Female
635,4,0.43067655807339306,Tove Lo,CZ,35,m,SE,Female
635,5,0.38685280723454163,Weyes Blood,CZ,35,m,US,Female
635,6,0.3562071871080222,Frank Ocean,CZ,35,m,US,Male
635,7,0.3333333333333333,Ed Sheeran,CZ,35,m,UK,Male
635,8,0.31546487678572877,John Maus,CZ,35,m,US,Male
635,9,0.3010299956639812,Ariana Grande,CZ,35,m,US,Female
635,10,0.2890648263178879,Chelsea Wolfe,CZ,35,m,US,Female
636,1,1.0,Jennifer Paige,TR,21,m,US,Female
636,2,0.6309297535714575,Tove Lo,TR,21,m,SE,Female
636,3,0.5,Kygo,TR,21,m,NO,Male
636,4,0.43067655807339306,Ariana Grande,TR,21,m,US,Female
636,5,0.38685280723454163,Jess Glynne,TR,21,m,UK,Female
636,6,0.3562071871080222,Charles Bolt,TR,21,m,US,Male
636,7,0.3333333333333333,Joe Goddard,TR,21,m,UK,Male
636,8,0.31546487678572877,Weyes Blood,TR,21,m,US,Female
636,9,0.3010299956639812,Elliott Smith,TR,21,m,US,Male
636,10,0.2890648263178879,IAMX,TR,21,m,DE,Male
637,1,1.0,Ed Sheeran,UA,20,m,UK,Male
637,2,0.6309297535714575,Ariana Grande,UA,20,m,US,Female
637,3,0.5,Ed Sheeran,UA,20,m,UK,Male
637,4,0.43067655807339306,Jess Glynne,UA,20,m,UK,Female
637,5,0.38685280723454163,Charles Bolt,UA,20,m,US,Male
637,6,0.3562071871080222,Elliott Smith,UA,20,m,US,Male
637,7,0.3333333333333333,IAMX,UA,20,m,DE,Male
637,8,0.31546487678572877,Twin Shadow,UA,20,m,US,Male
637,9,0.3010299956639812,Toro y Moi,UA,20,m,US,Male
637,10,0.2890648263178879,Dennis Lloyd,UA,20,m,IL,Male
638,1,1.0,Tove Lo,BR,20,m,SE,Female
638,2,0.6309297535714575,Ed Sheeran,BR,20,m,UK,Male
638,3,0.5,Ry x,BR,20,m,AU,Male
638,4,0.43067655807339306,Ariana Grande,BR,20,m,US,Female
638,5,0.38685280723454163,Weyes Blood,BR,20,m,US,Female
638,6,0.3562071871080222,Kygo,BR,20,m,NO,Male
638,7,0.3333333333333333,Joe Goddard,BR,20,m,UK,Male
638,8,0.31546487678572877,Elliott Smith,BR,20,m,US,Male
638,9,0.3010299956639812,Ed Sheeran,BR,20,m,UK,Male
638,10,0.2890648263178879,Jess Glynne,BR,20,m,UK,Female
639,1,1.0,Oneohtrix Point Never,UK,30,m,US,Male
639,2,0.6309297535714575,Paula Abdul,UK,30,m,US,Female
639,3,0.5,PJ Harvey,UK,30,m,UK,Female
639,4,0.43067655807339306,Damien Jurado,UK,30,m,US,Male
639,5,0.38685280723454163,Mac DeMarco,UK,30,m,CA,Male
639,6,0.3562071871080222,Sharon Van Etten,UK,30,m,US,Female
639,7,0.3333333333333333,Rob Zombie,UK,30,m,US,Male
639,8,0.31546487678572877,Noisestorm,UK,30,m,IE,Male
639,9,0.3010299956639812,Michael Jackson,UK,30,m,US,Male
639,10,0.2890648263178879,Lorde,UK,30,m,NZ,Female
640,1,1.0,Marilyn Manson,US,17,m,US,Male
640,2,0.6309297535714575,Britney Spears,US,17,m,US,Female
640,3,0.5,Paula Abdul,US,17,m,US,Female
640,4,0.43067655807339306,Rush,US,17,m,US,Male
640,5,0.38685280723454163,Rita Ora,US,17,m,UK,Female
640,6,0.3562071871080222,Michael Jackson,US,17,m,US,Male
640,7,0.3333333333333333,Marissa Nadler,US,17,m,US,Female
640,8,0.31546487678572877,Lorde,US,17,m,NZ,Female
640,9,0.3010299956639812,Perfume Genius,US,17,m,US,Male
640,10,0.2890648263178879,Lorde,US,17,m,NZ,Female
641,1,1.0,Oneohtrix Point Never,BG,20,m,US,Male
641,2,0.6309297535714575,Panda Bear,BG,20,m,US,Male
641,3,0.5,Chelsea Wolfe,BG,20,m,US,Female
641,4,0.43067655807339306,PJ Harvey,BG,20,m,UK,Female
641,5,0.38685280723454163,Devendra Banhart,BG,20,m,US,Male
641,6,0.3562071871080222,Arca,BG,20,m,VE,Non-binary
641,7,0.3333333333333333,PJ Harvey,BG,20,m,UK,Female
641,8,0.31546487678572877,Damien Jurado,BG,20,m,US,Male
641,9,0.3010299956639812,Britney Spears,BG,20,m,US,Female
641,10,0.2890648263178879,Queen,BG,20,m,JP,Female
642,1,1.0,Ry x,RU,21,m,AU,Male
642,2,0.6309297535714575,Weyes Blood,RU,21,m,US,Female
642,3,0.5,Joe Goddard,RU,21,m,UK,Male
642,4,0.43067655807339306,Beyoncé,RU,21,m,US,Female
642,5,0.38685280723454163,Elliott Smith,RU,21,m,US,Male
642,6,0.3562071871080222,Rihanna,RU,21,m,UK,Female
642,7,0.3333333333333333,Mariah Carey,RU,21,m,US,Female
642,8,0.31546487678572877,Toro y Moi,RU,21,m,US,Male
642,9,0.3010299956639812,Pat Benatar,RU,21,m,US,Female
642,10,0.2890648263178879,Lana Del Rey,RU,21,m,US,Female
643,1,1.0,Tove Lo,BY,19,f,SE,Female
643,2,0.6309297535714575,Louis Tomlinson,BY,19,f,UK,Male
643,3,0.5,Jess Glynne,BY,19,f,UK,Female
643,4,0.43067655807339306,Jennifer Paige,BY,19,f,US,Female
643,5,0.38685280723454163,Kygo,BY,19,f,NO,Male
643,6,0.3562071871080222,Frank Ocean,BY,19,f,US,Male
643,7,0.3333333333333333,Ariana Grande,BY,19,f,US,Female
643,8,0.31546487678572877,Charles Bolt,BY,19,f,US,Male
643,9,0.3010299956639812,AFI,BY,19,f,US,Female
643,10,0.2890648263178879,deadmau5,BY,19,f,CA,Male
644,1,1.0,Ed Sheeran,AZ,20,m,UK,Male
644,2,0.6309297535714575,Kygo,AZ,20,m,NO,Male
644,3,0.5,Jess Glynne,AZ,20,m,UK,Female
644,4,0.43067655807339306,Ed Sheeran,AZ,20,m,UK,Male
644,5,0.38685280723454163,Charles Bolt,AZ,20,m,US,Male
644,6,0.3562071871080222,Toro y Moi,AZ,20,m,US,Male
644,7,0.3333333333333333,Dido,AZ,20,m,UK,Female
644,8,0.31546487678572877,IAMX,AZ,20,m,DE,Male
644,9,0.3010299956639812,Dennis Lloyd,AZ,20,m,IL,Male
644,10,0.2890648263178879,Twin Shadow,AZ,20,m,US,Male
645,1,1.0,Elliott Smith,NO,23,m,US,Male
645,2,0.6309297535714575,IAMX,NO,23,m,DE,Male
645,3,0.5,Twin Shadow,NO,23,m,US,Male
645,4,0.43067655807339306,Dennis Lloyd,NO,23,m,IL,Male
645,5,0.38685280723454163,Toro y Moi,NO,23,m,US,Male
645,6,0.3562071871080222,Moby,NO,23,m,US,Male
645,7,0.3333333333333333,Dido,NO,23,m,UK,Female
645,8,0.31546487678572877,Beyoncé,NO,23,m,US,Female
645,9,0.3010299956639812,AFI,NO,23,m,US,Female
645,10,0.2890648263178879,Britney Spears,NO,23,m,US,Female
646,1,1.0,Sia,BR,24,m,AU,Female
646,2,0.6309297535714575,Kanye West,BR,24,m,US,Male
646,3,0.5,Apparat,BR,24,m,DE,Male
646,4,0.43067655807339306,Queen,BR,24,m,JP,Female
646,5,0.38685280723454163,Kurt Vile,BR,24,m,US,Male
646,6,0.3562071871080222,Grimes,BR,24,m,CA,Female
646,7,0.3333333333333333,Weyes Blood,BR,24,m,US,Female
646,8,0.31546487678572877,Lisa Miskovsky,BR,24,m,SE,Female
646,9,0.3010299956639812,Avril Lavigne,BR,24,m,CA,Female
646,10,0.2890648263178879,Jennifer Lopez,BR,24,m,US,Female
647,1,1.0,Oneohtrix Point Never,PL,23,f,US,Male
647,2,0.6309297535714575,Chelsea Wolfe,PL,23,f,US,Female
647,3,0.5,Ozzy Osbourne,PL,23,f,UK,Male
647,4,0.43067655807339306,Justin Timberlake,PL,23,f,US,Male
647,5,0.38685280723454163,Bob Marley & The Wailers,PL,23,f,JM,Male
647,6,0.3562071871080222,PJ Harvey,PL,23,f,UK,Female
647,7,0.3333333333333333,Arca,PL,23,f,VE,Non-binary
647,8,0.31546487678572877,Britney Spears,PL,23,f,US,Female
647,9,0.3010299956639812,Queen,PL,23,f,JP,Female
647,10,0.2890648263178879,Devendra Banhart,PL,23,f,US,Male
648,1,1.0,Marilyn Manson,US,20,m,US,Male
648,2,0.6309297535714575,Britney Spears,US,20,m,US,Female
648,3,0.5,Lana Del Rey,US,20,m,US,Female
648,4,0.43067655807339306,Paula Abdul,US,20,m,US,Female
648,5,0.38685280723454163,Rita Ora,US,20,m,UK,Female
648,6,0.3562071871080222,Rob Zombie,US,20,m,US,Male
648,7,0.3333333333333333,Lorde,US,20,m,NZ,Female
648,8,0.31546487678572877,Oneohtrix Point Never,US,20,m,US,Male
648,9,0.3010299956639812,Noisestorm,US,20,m,IE,Male
648,10,0.2890648263178879,Michael Jackson,US,20,m,US,Male
649,1,1.0,Ariana Grande,RU,17,f,US,Female
649,2,0.6309297535714575,Kygo,RU,17,f,NO,Male
649,3,0.5,Ed Sheeran,RU,17,f,UK,Male
649,4,0.43067655807339306,Jess Glynne,RU,17,f,UK,Female
649,5,0.38685280723454163,Charles Bolt,RU,17,f,US,Male
649,6,0.3562071871080222,Toro y Moi,RU,17,f,US,Male
649,7,0.3333333333333333,Twin Shadow,RU,17,f,US,Male
649,8,0.31546487678572877,IAMX,RU,17,f,DE,Male
649,9,0.3010299956639812,Dennis Lloyd,RU,17,f,IL,Male
649,10,0.2890648263178879,Dido,RU,17,f,UK,Female
650,1,1.0,Ry x,BY,24,m,AU,Male
650,2,0.6309297535714575,Dido,BY,24,m,UK,Female
650,3,0.5,Joe Goddard,BY,24,m,UK,Male
650,4,0.43067655807339306,Christina Aguilera,BY,24,m,US,Female
650,5,0.38685280723454163,Pat Benatar,BY,24,m,US,Female
650,6,0.3562071871080222,Elliott Smith,BY,24,m,US,Male
650,7,0.3333333333333333,Weyes Blood,BY,24,m,US,Female
650,8,0.31546487678572877,Parov Stelar,BY,24,m,AT,Male
650,9,0.3010299956639812,Rihanna,BY,24,m,UK,Female
650,10,0.2890648263178879,Tom Odell,BY,24,m,UK,Male
651,1,1.0,Queen,US,17,m,JP,Female
651,2,0.6309297535714575,Ed Sheeran,US,17,m,UK,Male
651,3,0.5,Beyoncé,US,17,m,US,Female
651,4,0.43067655807339306,Jess Glynne,US,17,m,UK,Female
651,5,0.38685280723454163,Madonna,US,17,m,US,Female
651,6,0.3562071871080222,Blueface,US,17,m,US,Male
651,7,0.3333333333333333,Elliott Smith,US,17,m,US,Male
651,8,0.31546487678572877,Chelsea Wolfe,US,17,m,US,Female
651,9,0.3010299956639812,Iggy Azalea,US,17,m,US,Female
651,10,0.2890648263178879,Ed Sheeran,US,17,m,UK,Male
652,1,1.0,Queen,JP,33,m,JP,Female
652,2,0.6309297535714575,Chelsea Wolfe,JP,33,m,US,Female
652,3,0.5,Tove Lo,JP,33,m,SE,Female
652,4,0.43067655807339306,Ariana Grande,JP,33,m,US,Female
652,5,0.38685280723454163,Kygo,JP,33,m,NO,Male
652,6,0.3562071871080222,Ed Sheeran,JP,33,m,UK,Male
652,7,0.3333333333333333,Jess Glynne,JP,33,m,UK,Female
652,8,0.31546487678572877,Tame Impala,JP,33,m,AU,Male
652,9,0.3010299956639812,Charles Bolt,JP,33,m,US,Male
652,10,0.2890648263178879,Sufjan Stevens,JP,33,m,US,Male
653,1,1.0,Jess Glynne,RU,22,m,UK,Female
653,2,0.6309297535714575,Charles Bolt,RU,22,m,US,Male
653,3,0.5,IAMX,RU,22,m,DE,Male
653,4,0.43067655807339306,Dennis Lloyd,RU,22,m,IL,Male
653,5,0.38685280723454163,Dido,RU,22,m,UK,Female
653,6,0.3562071871080222,Toro y Moi,RU,22,m,US,Male
653,7,0.3333333333333333,Twin Shadow,RU,22,m,US,Male
653,8,0.31546487678572877,Beyoncé,RU,22,m,US,Female
653,9,0.3010299956639812,Lana Del Rey,RU,22,m,US,Female
653,10,0.2890648263178879,Christina Aguilera,RU,22,m,US,Female
654,1,1.0,Sia,CA,18,m,AU,Female
654,2,0.6309297535714575,Kurt Vile,CA,18,m,US,Male
654,3,0.5,Lily Allen,CA,18,m,UK,Female
654,4,0.43067655807339306,Weyes Blood,CA,18,m,US,Female
654,5,0.38685280723454163,Kanye West,CA,18,m,US,Male
654,6,0.3562071871080222,Louis Tomlinson,CA,18,m,UK,Male
654,7,0.3333333333333333,Avril Lavigne,CA,18,m,CA,Female
654,8,0.31546487678572877,Frank Ocean,CA,18,m,US,Male
654,9,0.3010299956639812,Katy Perry,CA,18,m,US,Female
654,10,0.2890648263178879,Jennifer Paige,CA,18,m,US,Female
655,1,1.0,Ry x,RU,30,m,AU,Male
655,2,0.6309297535714575,Britney Spears,RU,30,m,US,Female
655,3,0.5,Joe Goddard,RU,30,m,UK,Male
655,4,0.43067655807339306,Weyes Blood,RU,30,m,US,Female
655,5,0.38685280723454163,Beyoncé,RU,30,m,US,Female
655,6,0.3562071871080222,AFI,RU,30,m,US,Female
655,7,0.3333333333333333,Elliott Smith,RU,30,m,US,Male
655,8,0.31546487678572877,Christina Aguilera,RU,30,m,US,Female
655,9,0.3010299956639812,Dido,RU,30,m,UK,Female
655,10,0.2890648263178879,Pat Benatar,RU,30,m,US,Female
656,1,1.0,Paula Abdul,IT,24,m,US,Female
656,2,0.6309297535714575,Laura Marling,IT,24,m,UK,Female
656,3,0.5,Caribou,IT,24,m,CA,Male
656,4,0.43067655807339306,Oneohtrix Point Never,IT,24,m,US,Male
656,5,0.38685280723454163,Panda Bear,IT,24,m,US,Male
656,6,0.3562071871080222,Rita Ora,IT,24,m,UK,Female
656,7,0.3333333333333333,John Maus,IT,24,m,US,Male
656,8,0.31546487678572877,Rob Zombie,IT,24,m,US,Male
656,9,0.3010299956639812,Noisestorm,IT,24,m,IE,Male
656,10,0.2890648263178879,Michael Jackson,IT,24,m,US,Male
657,1,1.0,Queen,EE,21,m,JP,Female
657,2,0.6309297535714575,IAMX,EE,21,m,DE,Male
657,3,0.5,AFI,EE,21,m,US,Female
657,4,0.43067655807339306,Ben Howard,EE,21,m,UK,Male
657,5,0.38685280723454163,Lana Del Rey,EE,21,m,US,Female
657,6,0.3562071871080222,Moby,EE,21,m,US,Male
657,7,0.3333333333333333,Christina Aguilera,EE,21,m,US,Female
657,8,0.31546487678572877,Chet Baker,EE,21,m,US,Male
657,9,0.3010299956639812,Rihanna,EE,21,m,UK,Female
657,10,0.2890648263178879,Sufjan Stevens,EE,21,m,US,Male
658,1,1.0,Tove Lo,BR,19,m,SE,Female
658,2,0.6309297535714575,Jennifer Paige,BR,19,m,US,Female
658,3,0.5,Weyes Blood,BR,19,m,US,Female
658,4,0.43067655807339306,Ariana Grande,BR,19,m,US,Female
658,5,0.38685280723454163,Queen,BR,19,m,JP,Female
658,6,0.3562071871080222,Louis Tomlinson,BR,19,m,UK,Male
658,7,0.3333333333333333,Raul Seixas,BR,19,m,BR,Male
658,8,0.31546487678572877,John Maus,BR,19,m,US,Male
658,9,0.3010299956639812,Ed Sheeran,BR,19,m,UK,Male
658,10,0.2890648263178879,Chelsea Wolfe,BR,19,m,US,Female
659,1,1.0,Ariana Grande,BR,19,f,US,Female
659,2,0.6309297535714575,Nile,BR,19,f,US,Female
659,3,0.5,Queen,BR,19,f,JP,Female
659,4,0.43067655807339306,Nile,BR,19,f,US,Female
659,5,0.38685280723454163,Chelsea Wolfe,BR,19,f,US,Female
659,6,0.3562071871080222,Pusha T,BR,19,f,US,Male
659,7,0.3333333333333333,Rob Zombie,BR,19,f,US,Male
659,8,0.31546487678572877,KT Tunstall,BR,19,f,UK,Female
659,9,0.3010299956639812,David Bowie,BR,19,f,UK,Male
659,10,0.2890648263178879,Queen,BR,19,f,JP,Female
660,1,1.0,Lily Allen,BG,22,f,UK,Female
660,2,0.6309297535714575,Jennifer Paige,BG,22,f,US,Female
660,3,0.5,Lisa Miskovsky,BG,22,f,SE,Female
660,4,0.43067655807339306,Ariana Grande,BG,22,f,US,Female
660,5,0.38685280723454163,Leonard Cohen,BG,22,f,CA,Male
660,6,0.3562071871080222,Katy Perry,BG,22,f,US,Female
660,7,0.3333333333333333,Louis Tomlinson,BG,22,f,UK,Male
660,8,0.31546487678572877,Ed Sheeran,BG,22,f,UK,Male
660,9,0.3010299956639812,Chelsea Wolfe,BG,22,f,US,Female
660,10,0.2890648263178879,Tove Lo,BG,22,f,SE,Female
661,1,1.0,Queen,BR,21,m,JP,Female
661,2,0.6309297535714575,Sia,BR,21,m,AU,Female
661,3,0.5,Kanye West,BR,21,m,US,Male
661,4,0.43067655807339306,Jennifer Lopez,BR,21,m,US,Female
661,5,0.38685280723454163,Lisa Miskovsky,BR,21,m,SE,Female
661,6,0.3562071871080222,Lily Allen,BR,21,m,UK,Female
661,7,0.3333333333333333,Avril Lavigne,BR,21,m,CA,Female
661,8,0.31546487678572877,Frank Ocean,BR,21,m,US,Male
661,9,0.3010299956639812,Katy Perry,BR,21,m,US,Female
661,10,0.2890648263178879,John Maus,BR,21,m,US,Male
662,1,1.0,John Maus,NL,29,f,US,Male
662,2,0.6309297535714575,Ry x,NL,29,f,AU,Male
662,3,0.5,Britney Spears,NL,29,f,US,Female
662,4,0.43067655807339306,Christina Aguilera,NL,29,f,US,Female
662,5,0.38685280723454163,Weyes Blood,NL,29,f,US,Female
662,6,0.3562071871080222,Joe Goddard,NL,29,f,UK,Male
662,7,0.3333333333333333,Moby,NL,29,f,US,Male
662,8,0.31546487678572877,Pat Benatar,NL,29,f,US,Female
662,9,0.3010299956639812,Rihanna,NL,29,f,UK,Female
662,10,0.2890648263178879,Mariah Carey,NL,29,f,US,Female
663,1,1.0,Chelsea Wolfe,DE,18,m,US,Female
663,2,0.6309297535714575,Oneohtrix Point Never,DE,18,m,US,Male
663,3,0.5,PJ Harvey,DE,18,m,UK,Female
663,4,0.43067655807339306,Arca,DE,18,m,VE,Non-binary
663,5,0.38685280723454163,Devendra Banhart,DE,18,m,US,Male
663,6,0.3562071871080222,Paula Abdul,DE,18,m,US,Female
663,7,0.3333333333333333,Rita Ora,DE,18,m,UK,Female
663,8,0.31546487678572877,Damien Jurado,DE,18,m,US,Male
663,9,0.3010299956639812,Rob Zombie,DE,18,m,US,Male
663,10,0.2890648263178879,Mac DeMarco,DE,18,m,CA,Male
664,1,1.0,Weyes Blood,RU,19,m,US,Female
664,2,0.6309297535714575,Queen,RU,19,m,JP,Female
664,3,0.5,Frank Ocean,RU,19,m,US,Male
664,4,0.43067655807339306,Lily Allen,RU,19,m,UK,Female
664,5,0.38685280723454163,Louis Tomlinson,RU,19,m,UK,Male
664,6,0.3562071871080222,John Maus,RU,19,m,US,Male
664,7,0.3333333333333333,Chelsea Wolfe,RU,19,m,US,Female
664,8,0.31546487678572877,Jennifer Paige,RU,19,m,US,Female
664,9,0.3010299956639812,Tove Lo,RU,19,m,SE,Female
664,10,0.2890648263178879,Ry x,RU,19,m,AU,Male
665,1,1.0,Queen,HU,25,f,JP,Female
665,2,0.6309297535714575,Chelsea Wolfe,HU,25,f,US,Female
665,3,0.5,Jess Glynne,HU,25,f,UK,Female
665,4,0.43067655807339306,Charles Bolt,HU,25,f,US,Male
665,5,0.38685280723454163,Ry x,HU,25,f,AU,Male
665,6,0.3562071871080222,IAMX,HU,25,f,DE,Male
665,7,0.3333333333333333,Dennis Lloyd,HU,25,f,IL,Male
665,8,0.31546487678572877,Rihanna,HU,25,f,UK,Female
665,9,0.3010299956639812,Joe Goddard,HU,25,f,UK,Male
665,10,0.2890648263178879,Lana Del Rey,HU,25,f,US,Female
666,1,1.0,Grimes,DK,38,m,CA,Female
666,2,0.6309297535714575,John Maus,DK,38,m,US,Male
666,3,0.5,Kurt Vile,DK,38,m,US,Male
666,4,0.43067655807339306,Apparat,DK,38,m,DE,Male
666,5,0.38685280723454163,Ariana Grande,DK,38,m,US,Female
666,6,0.3562071871080222,Britney Spears,DK,38,m,US,Female
666,7,0.3333333333333333,Rihanna,DK,38,m,UK,Female
666,8,0.31546487678572877,Sia,DK,38,m,AU,Female
666,9,0.3010299956639812,Ariana Grande,DK,38,m,US,Female
666,10,0.2890648263178879,Ariana Grande,DK,38,m,US,Female
668,1,1.0,Tove Lo,JP,26,m,SE,Female
668,2,0.6309297535714575,Ariana Grande,JP,26,m,US,Female
668,3,0.5,Kygo,JP,26,m,NO,Male
668,4,0.43067655807339306,Jess Glynne,JP,26,m,UK,Female
668,5,0.38685280723454163,Charles Bolt,JP,26,m,US,Male
668,6,0.3562071871080222,IAMX,JP,26,m,DE,Male
668,7,0.3333333333333333,Twin Shadow,JP,26,m,US,Male
668,8,0.31546487678572877,Toro y Moi,JP,26,m,US,Male
668,9,0.3010299956639812,Dennis Lloyd,JP,26,m,IL,Male
668,10,0.2890648263178879,Mayhem,JP,26,m,CA,Female
669,1,1.0,Queen,ID,23,m,JP,Female
669,2,0.6309297535714575,Frank Ocean,ID,23,m,US,Male
669,3,0.5,Christina Aguilera,ID,23,m,US,Female
669,4,0.43067655807339306,John Maus,ID,23,m,US,Male
669,5,0.38685280723454163,IAMX,ID,23,m,DE,Male
669,6,0.3562071871080222,Britney Spears,ID,23,m,US,Female
669,7,0.3333333333333333,Lana Del Rey,ID,23,m,US,Female
669,8,0.31546487678572877,Dimension,ID,23,m,ES,Male
669,9,0.3010299956639812,Ry x,ID,23,m,AU,Male
669,10,0.2890648263178879,Joe Goddard,ID,23,m,UK,Male
670,1,1.0,DJ Shadow,UA,21,f,US,Male
670,2,0.6309297535714575,Grimes,UA,21,f,CA,Female
670,3,0.5,Thom Yorke,UA,21,f,UK,Male
670,4,0.43067655807339306,Ed Sheeran,UA,21,f,UK,Male
670,5,0.38685280723454163,Louis Tomlinson,UA,21,f,UK,Male
670,6,0.3562071871080222,Queen,UA,21,f,JP,Female
670,7,0.3333333333333333,Jess Glynne,UA,21,f,UK,Female
670,8,0.31546487678572877,Weyes Blood,UA,21,f,US,Female
670,9,0.3010299956639812,John Maus,UA,21,f,US,Male
670,10,0.2890648263178879,Kacey Musgraves,UA,21,f,US,Female
671,1,1.0,John Maus,BR,21,m,US,Male
671,2,0.6309297535714575,Apparat,BR,21,m,DE,Male
671,3,0.5,Grimes,BR,21,m,CA,Female
671,4,0.43067655807339306,Frank Ocean,BR,21,m,US,Male
671,5,0.38685280723454163,Weyes Blood,BR,21,m,US,Female
671,6,0.3562071871080222,John Maus,BR,21,m,US,Male
671,7,0.3333333333333333,Moby,BR,21,m,US,Male
671,8,0.31546487678572877,Dido,BR,21,m,UK,Female
671,9,0.3010299956639812,Rihanna,BR,21,m,UK,Female
671,10,0.2890648263178879,Justin Bieber,BR,21,m,CA,Male
672,1,1.0,Marilyn Manson,IT,22,m,US,Male
672,2,0.6309297535714575,Bob Marley & The Wailers,IT,22,m,JM,Male
672,3,0.5,Adele,IT,22,m,UK,Female
672,4,0.43067655807339306,Kurt Vile,IT,22,m,US,Male
672,5,0.38685280723454163,Elvis Presley,IT,22,m,US,Male
672,6,0.3562071871080222,Frank Ocean,IT,22,m,US,Male
672,7,0.3333333333333333,Marissa Nadler,IT,22,m,US,Female
672,8,0.31546487678572877,Madonna,IT,22,m,US,Female
672,9,0.3010299956639812,Ariana Grande,IT,22,m,US,Female
672,10,0.2890648263178879,Seal,IT,22,m,UK,Male
673,1,1.0,Ariana Grande,SE,22,f,US,Female
673,2,0.6309297535714575,John Maus,SE,22,f,US,Male
673,3,0.5,Ry x,SE,22,f,AU,Male
673,4,0.43067655807339306,Joe Goddard,SE,22,f,UK,Male
673,5,0.38685280723454163,Weyes Blood,SE,22,f,US,Female
673,6,0.3562071871080222,Elliott Smith,SE,22,f,US,Male
673,7,0.3333333333333333,Dennis Lloyd,SE,22,f,IL,Male
673,8,0.31546487678572877,Toro y Moi,SE,22,f,US,Male
673,9,0.3010299956639812,Dido,SE,22,f,UK,Female
673,10,0.2890648263178879,Twin Shadow,SE,22,f,US,Male
674,1,1.0,Queen,AR,23,m,JP,Female
674,2,0.6309297535714575,Ed Sheeran,AR,23,m,UK,Male
674,3,0.5,John Maus,AR,23,m,US,Male
674,4,0.43067655807339306,Dennis Lloyd,AR,23,m,IL,Male
674,5,0.38685280723454163,Christina Aguilera,AR,23,m,US,Female
674,6,0.3562071871080222,AFI,AR,23,m,US,Female
674,7,0.3333333333333333,Weyes Blood,AR,23,m,US,Female
674,8,0.31546487678572877,Ry x,AR,23,m,AU,Male
674,9,0.3010299956639812,Dimension,AR,23,m,ES,Male
674,10,0.2890648263178879,Joe Goddard,AR,23,m,UK,Male
675,1,1.0,Ed Sheeran,UA,19,f,UK,Male
675,2,0.6309297535714575,Ariana Grande,UA,19,f,US,Female
675,3,0.5,Tove Lo,UA,19,f,SE,Female
675,4,0.43067655807339306,Ed Sheeran,UA,19,f,UK,Male
675,5,0.38685280723454163,Kygo,UA,19,f,NO,Male
675,6,0.3562071871080222,Jess Glynne,UA,19,f,UK,Female
675,7,0.3333333333333333,Charles Bolt,UA,19,f,US,Male
675,8,0.31546487678572877,Dido,UA,19,f,UK,Female
675,9,0.3010299956639812,Lana Del Rey,UA,19,f,US,Female
675,10,0.2890648263178879,AFI,UA,19,f,US,Female
676,1,1.0,Queen,BR,18,m,JP,Female
676,2,0.6309297535714575,Chelsea Wolfe,BR,18,m,US,Female
676,3,0.5,Charles Bolt,BR,18,m,US,Male
676,4,0.43067655807339306,Ry x,BR,18,m,AU,Male
676,5,0.38685280723454163,Weyes Blood,BR,18,m,US,Female
676,6,0.3562071871080222,Selena Gomez,BR,18,m,US,Female
676,7,0.3333333333333333,Joe Goddard,BR,18,m,UK,Male
676,8,0.31546487678572877,Lorde,BR,18,m,NZ,Female
676,9,0.3010299956639812,Madison Beer,BR,18,m,US,Female
676,10,0.2890648263178879,Kelly Clarkson,BR,18,m,US,Female
677,1,1.0,Bob Marley & The Wailers,PS,18,m,JM,Male
677,2,0.6309297535714575,Adele,PS,18,m,UK,Female
677,3,0.5,Elvis Presley,PS,18,m,US,Male
677,4,0.43067655807339306,Kanye West,PS,18,m,US,Male
677,5,0.38685280723454163,Madonna,PS,18,m,US,Female
677,6,0.3562071871080222,Ariana Grande,PS,18,m,US,Female
677,7,0.3333333333333333,Angel Olsen,PS,18,m,US,Female
677,8,0.31546487678572877,Seal,PS,18,m,UK,Male
677,9,0.3010299956639812,Jeff Buckley,PS,18,m,US,Male
677,10,0.2890648263178879,Ed Sheeran,PS,18,m,UK,Male
678,1,1.0,Elvis Presley,US,19,f,US,Male
678,2,0.6309297535714575,Madonna,US,19,f,US,Female
678,3,0.5,Seal,US,19,f,UK,Male
678,4,0.43067655807339306,Ariana Grande,US,19,f,US,Female
678,5,0.38685280723454163,Kurt Vile,US,19,f,US,Male
678,6,0.3562071871080222,Jay Reatard,US,19,f,US,Male
678,7,0.3333333333333333,Ed Sheeran,US,19,f,UK,Male
678,8,0.31546487678572877,Marissa Nadler,US,19,f,US,Female
678,9,0.3010299956639812,Wild Nothing,US,19,f,US,Male
678,10,0.2890648263178879,Chelsea Wolfe,US,19,f,US,Female
679,1,1.0,Kanye West,US,6,m,US,Male
679,2,0.6309297535714575,Ariana Grande,US,6,m,US,Female
679,3,0.5,Ozzy Osbourne,US,6,m,UK,Male
679,4,0.43067655807339306,Sharon Van Etten,US,6,m,US,Female
679,5,0.38685280723454163,Damien Jurado,US,6,m,US,Male
679,6,0.3562071871080222,Billy Joel,US,6,m,US,Male
679,7,0.3333333333333333,PJ Harvey,US,6,m,UK,Female
679,8,0.31546487678572877,Chelsea Wolfe,US,6,m,US,Female
679,9,0.3010299956639812,Marilyn Manson,US,6,m,US,Male
679,10,0.2890648263178879,Justin Timberlake,US,6,m,US,Male
680,1,1.0,Kygo,US,23,f,NO,Male
680,2,0.6309297535714575,Ariana Grande,US,23,f,US,Female
680,3,0.5,Ry x,US,23,f,AU,Male
680,4,0.43067655807339306,Jess Glynne,US,23,f,UK,Female
680,5,0.38685280723454163,Weyes Blood,US,23,f,US,Female
680,6,0.3562071871080222,Joe Goddard,US,23,f,UK,Male
680,7,0.3333333333333333,Charles Bolt,US,23,f,US,Male
680,8,0.31546487678572877,Elliott Smith,US,23,f,US,Male
680,9,0.3010299956639812,Dennis Lloyd,US,23,f,IL,Male
680,10,0.2890648263178879,IAMX,US,23,f,DE,Male
681,1,1.0,Ed Sheeran,CO,25,m,UK,Male
681,2,0.6309297535714575,Tove Lo,CO,25,m,SE,Female
681,3,0.5,Kygo,CO,25,m,NO,Male
681,4,0.43067655807339306,Ed Sheeran,CO,25,m,UK,Male
681,5,0.38685280723454163,Jess Glynne,CO,25,m,UK,Female
681,6,0.3562071871080222,Tame Impala,CO,25,m,AU,Male
681,7,0.3333333333333333,Charles Bolt,CO,25,m,US,Male
681,8,0.31546487678572877,Sufjan Stevens,CO,25,m,US,Male
681,9,0.3010299956639812,Leonard Cohen,CO,25,m,CA,Male
681,10,0.2890648263178879,IAMX,CO,25,m,DE,Male
682,1,1.0,Grimes,UA,43,m,CA,Female
682,2,0.6309297535714575,Kurt Vile,UA,43,m,US,Male
682,3,0.5,Rita Ora,UA,43,m,UK,Female
682,4,0.43067655807339306,John Maus,UA,43,m,US,Male
682,5,0.38685280723454163,Apparat,UA,43,m,DE,Male
682,6,0.3562071871080222,Noisestorm,UA,43,m,IE,Male
682,7,0.3333333333333333,Ariana Grande,UA,43,m,US,Female
682,8,0.31546487678572877,Frank Ocean,UA,43,m,US,Male
682,9,0.3010299956639812,Eminem,UA,43,m,US,Male
682,10,0.2890648263178879,Mr.Kitty,UA,43,m,US,Male
683,1,1.0,Ed Sheeran,US,20,m,UK,Male
683,2,0.6309297535714575,Jess Glynne,US,20,m,UK,Female
683,3,0.5,Ed Sheeran,US,20,m,UK,Male
683,4,0.43067655807339306,Charles Bolt,US,20,m,US,Male
683,5,0.38685280723454163,Dennis Lloyd,US,20,m,IL,Male
683,6,0.3562071871080222,Dido,US,20,m,UK,Female
683,7,0.3333333333333333,Beyoncé,US,20,m,US,Female
683,8,0.31546487678572877,Elliott Smith,US,20,m,US,Male
683,9,0.3010299956639812,IAMX,US,20,m,DE,Male
683,10,0.2890648263178879,Britney Spears,US,20,m,US,Female
684,1,1.0,Louis Tomlinson,UA,27,m,UK,Male
684,2,0.6309297535714575,Queen,UA,27,m,JP,Female
684,3,0.5,Jess Glynne,UA,27,m,UK,Female
684,4,0.43067655807339306,Ed Sheeran,UA,27,m,UK,Male
684,5,0.38685280723454163,Avril Lavigne,UA,27,m,CA,Female
684,6,0.3562071871080222,Chelsea Wolfe,UA,27,m,US,Female
684,7,0.3333333333333333,Charles Bolt,UA,27,m,US,Male
684,8,0.31546487678572877,Britney Spears,UA,27,m,US,Female
684,9,0.3010299956639812,Mariah Carey,UA,27,m,US,Female
684,10,0.2890648263178879,Dennis Lloyd,UA,27,m,IL,Male
685,1,1.0,Chelsea Wolfe,US,17,f,US,Female
685,2,0.6309297535714575,Beyoncé,US,17,f,US,Female
685,3,0.5,Charles Bolt,US,17,f,US,Male
685,4,0.43067655807339306,Ry x,US,17,f,AU,Male
685,5,0.38685280723454163,Britney Spears,US,17,f,US,Female
685,6,0.3562071871080222,Weyes Blood,US,17,f,US,Female
685,7,0.3333333333333333,IAMX,US,17,f,DE,Male
685,8,0.31546487678572877,Joe Goddard,US,17,f,UK,Male
685,9,0.3010299956639812,Elliott Smith,US,17,f,US,Male
685,10,0.2890648263178879,Dennis Lloyd,US,17,f,IL,Male
686,1,1.0,John Maus,PL,21,m,US,Male
686,2,0.6309297535714575,Kurt Vile,PL,21,m,US,Male
686,3,0.5,Apparat,PL,21,m,DE,Male
686,4,0.43067655807339306,Sia,PL,21,m,AU,Female
686,5,0.38685280723454163,Rod Stewart,PL,21,m,UK,Male
686,6,0.3562071871080222,Rihanna,PL,21,m,UK,Female
686,7,0.3333333333333333,Ariana Grande,PL,21,m,US,Female
686,8,0.31546487678572877,Nicki Minaj,PL,21,m,US,Female
686,9,0.3010299956639812,Britney Spears,PL,21,m,US,Female
686,10,0.2890648263178879,Rush,PL,21,m,US,Male
687,1,1.0,Ed Sheeran,NL,47,m,UK,Male
687,2,0.6309297535714575,Ariana Grande,NL,47,m,US,Female
687,3,0.5,Kygo,NL,47,m,NO,Male
687,4,0.43067655807339306,Jess Glynne,NL,47,m,UK,Female
687,5,0.38685280723454163,Ed Sheeran,NL,47,m,UK,Male
687,6,0.3562071871080222,Charles Bolt,NL,47,m,US,Male
687,7,0.3333333333333333,IAMX,NL,47,m,DE,Male
687,8,0.31546487678572877,Elliott Smith,NL,47,m,US,Male
687,9,0.3010299956639812,Dennis Lloyd,NL,47,m,IL,Male
687,10,0.2890648263178879,Dido,NL,47,m,UK,Female
688,1,1.0,Bob Marley & The Wailers,CO,18,m,JM,Male
688,2,0.6309297535714575,Justin Timberlake,CO,18,m,US,Male
688,3,0.5,Ozzy Osbourne,CO,18,m,UK,Male
688,4,0.43067655807339306,Angel Olsen,CO,18,m,US,Female
688,5,0.38685280723454163,Wild Nothing,CO,18,m,US,Male
688,6,0.3562071871080222,Jay Reatard,CO,18,m,US,Male
688,7,0.3333333333333333,Queen,CO,18,m,JP,Female
688,8,0.31546487678572877,Marissa Nadler,CO,18,m,US,Female
688,9,0.3010299956639812,Kurt Vile,CO,18,m,US,Male
688,10,0.2890648263178879,Leonard Cohen,CO,18,m,CA,Male
689,1,1.0,Twin Shadow,RU,22,f,US,Male
689,2,0.6309297535714575,Jess Glynne,RU,22,f,UK,Female
689,3,0.5,Charles Bolt,RU,22,f,US,Male
689,4,0.43067655807339306,Tame Impala,RU,22,f,AU,Male
689,5,0.38685280723454163,Pional,RU,22,f,ES,Male
689,6,0.3562071871080222,Leonard Cohen,RU,22,f,CA,Male
689,7,0.3333333333333333,Sufjan Stevens,RU,22,f,US,Male
689,8,0.31546487678572877,Earl Sweatshirt,RU,22,f,US,Male
689,9,0.3010299956639812,Dido,RU,22,f,UK,Female
689,10,0.2890648263178879,Perfume Genius,RU,22,f,US,Male
690,1,1.0,Ry x,PL,20,m,AU,Male
690,2,0.6309297535714575,Beyoncé,PL,20,m,US,Female
690,3,0.5,Joe Goddard,PL,20,m,UK,Male
690,4,0.43067655807339306,Weyes Blood,PL,20,m,US,Female
690,5,0.38685280723454163,Britney Spears,PL,20,m,US,Female
690,6,0.3562071871080222,Elliott Smith,PL,20,m,US,Male
690,7,0.3333333333333333,Lana Del Rey,PL,20,m,US,Female
690,8,0.31546487678572877,AFI,PL,20,m,US,Female
690,9,0.3010299956639812,Christina Aguilera,PL,20,m,US,Female
690,10,0.2890648263178879,Rihanna,PL,20,m,UK,Female
691,1,1.0,Kanye West,CA,25,m,US,Male
691,2,0.6309297535714575,Sia,CA,25,m,AU,Female
691,3,0.5,Jennifer Lopez,CA,25,m,US,Female
691,4,0.43067655807339306,Lily Allen,CA,25,m,UK,Female
691,5,0.38685280723454163,Avril Lavigne,CA,25,m,CA,Female
691,6,0.3562071871080222,Chelsea Wolfe,CA,25,m,US,Female
691,7,0.3333333333333333,Twin Shadow,CA,25,m,US,Male
691,8,0.31546487678572877,Katy Perry,CA,25,m,US,Female
691,9,0.3010299956639812,Jennifer Paige,CA,25,m,US,Female
691,10,0.2890648263178879,Louis Tomlinson,CA,25,m,UK,Male
692,1,1.0,Ed Sheeran,ES,24,m,UK,Male
692,2,0.6309297535714575,Ed Sheeran,ES,24,m,UK,Male
692,3,0.5,Grimes,ES,24,m,CA,Female
692,4,0.43067655807339306,Queen,ES,24,m,JP,Female
692,5,0.38685280723454163,Weyes Blood,ES,24,m,US,Female
692,6,0.3562071871080222,Usher,ES,24,m,US,Male
692,7,0.3333333333333333,Kanye West,ES,24,m,US,Male
692,8,0.31546487678572877,Cécile McLorin Salvant,ES,24,m,FR,Female
692,9,0.3010299956639812,Thom Yorke,ES,24,m,UK,Male
692,10,0.2890648263178879,John Maus,ES,24,m,US,Male
693,1,1.0,Ry x,NL,17,f,AU,Male
693,2,0.6309297535714575,Beyoncé,NL,17,f,US,Female
693,3,0.5,Britney Spears,NL,17,f,US,Female
693,4,0.43067655807339306,Joe Goddard,NL,17,f,UK,Male
693,5,0.38685280723454163,Moby,NL,17,f,US,Male
693,6,0.3562071871080222,Christina Aguilera,NL,17,f,US,Female
693,7,0.3333333333333333,Weyes Blood,NL,17,f,US,Female
693,8,0.31546487678572877,Dido,NL,17,f,UK,Female
693,9,0.3010299956639812,AFI,NL,17,f,US,Female
693,10,0.2890648263178879,Rihanna,NL,17,f,UK,Female
694,1,1.0,Ed Sheeran,US,20,f,UK,Male
694,2,0.6309297535714575,Chelsea Wolfe,US,20,f,US,Female
694,3,0.5,Queen,US,20,f,JP,Female
694,4,0.43067655807339306,Beyoncé,US,20,f,US,Female
694,5,0.38685280723454163,Weyes Blood,US,20,f,US,Female
694,6,0.3562071871080222,Joe Goddard,US,20,f,UK,Male
694,7,0.3333333333333333,Ry x,US,20,f,AU,Male
694,8,0.31546487678572877,Moby,US,20,f,US,Male
694,9,0.3010299956639812,Dimension,US,20,f,ES,Male
694,10,0.2890648263178879,Elliott Smith,US,20,f,US,Male
695,1,1.0,Jess Glynne,PL,21,f,UK,Female
695,2,0.6309297535714575,Kygo,PL,21,f,NO,Male
695,3,0.5,Ry x,PL,21,f,AU,Male
695,4,0.43067655807339306,Weyes Blood,PL,21,f,US,Female
695,5,0.38685280723454163,Joe Goddard,PL,21,f,UK,Male
695,6,0.3562071871080222,Charles Bolt,PL,21,f,US,Male
695,7,0.3333333333333333,Elliott Smith,PL,21,f,US,Male
695,8,0.31546487678572877,IAMX,PL,21,f,DE,Male
695,9,0.3010299956639812,Dennis Lloyd,PL,21,f,IL,Male
695,10,0.2890648263178879,Twin Shadow,PL,21,f,US,Male
696,1,1.0,Toro y Moi,UA,20,m,US,Male
696,2,0.6309297535714575,Ariana Grande,UA,20,m,US,Female
696,3,0.5,Sia,UA,20,m,AU,Female
696,4,0.43067655807339306,Miley Cyrus,UA,20,m,US,Non-binary
696,5,0.38685280723454163,Grimes,UA,20,m,CA,Female
696,6,0.3562071871080222,George Ezra,UA,20,m,UK,Male
696,7,0.3333333333333333,Four Tet,UA,20,m,UK,Male
696,8,0.31546487678572877,Madonna,UA,20,m,US,Female
696,9,0.3010299956639812,Seal,UA,20,m,UK,Male
696,10,0.2890648263178879,Thom Yorke,UA,20,m,UK,Male
697,1,1.0,Frank Ocean,DE,18,m,US,Male
697,2,0.6309297535714575,Jennifer Paige,DE,18,m,US,Female
697,3,0.5,Louis Tomlinson,DE,18,m,UK,Male
697,4,0.43067655807339306,Chelsea Wolfe,DE,18,m,US,Female
697,5,0.38685280723454163,Ry x,DE,18,m,AU,Male
697,6,0.3562071871080222,Ed Sheeran,DE,18,m,UK,Male
697,7,0.3333333333333333,Tove Lo,DE,18,m,SE,Female
697,8,0.31546487678572877,Ariana Grande,DE,18,m,US,Female
697,9,0.3010299956639812,Elliott Smith,DE,18,m,US,Male
697,10,0.2890648263178879,Weyes Blood,DE,18,m,US,Female
698,1,1.0,Louis Tomlinson,BR,17,m,UK,Male
698,2,0.6309297535714575,Ed Sheeran,BR,17,m,UK,Male
698,3,0.5,Kygo,BR,17,m,NO,Male
698,4,0.43067655807339306,Queen,BR,17,m,JP,Female
698,5,0.38685280723454163,Chelsea Wolfe,BR,17,m,US,Female
698,6,0.3562071871080222,Tove Lo,BR,17,m,SE,Female
698,7,0.3333333333333333,Earl Sweatshirt,BR,17,m,US,Male
698,8,0.31546487678572877,Daniel Avery,BR,17,m,UK,Male
698,9,0.3010299956639812,Ed Sheeran,BR,17,m,UK,Male
698,10,0.2890648263178879,Pusha T,BR,17,m,US,Male
699,1,1.0,Tove Lo,DE,25,m,SE,Female
699,2,0.6309297535714575,Jennifer Paige,DE,25,m,US,Female
699,3,0.5,Ed Sheeran,DE,25,m,UK,Male
699,4,0.43067655807339306,Grimes,DE,25,m,CA,Female
699,5,0.38685280723454163,Louis Tomlinson,DE,25,m,UK,Male
699,6,0.3562071871080222,Apparat,DE,25,m,DE,Male
699,7,0.3333333333333333,Kurt Vile,DE,25,m,US,Male
699,8,0.31546487678572877,Chelsea Wolfe,DE,25,m,US,Female
699,9,0.3010299956639812,Queen,DE,25,m,JP,Female
699,10,0.2890648263178879,Ariana Grande,DE,25,m,US,Female
700,1,1.0,Queen,RU,24,f,JP,Female
700,2,0.6309297535714575,Jennifer Paige,RU,24,f,US,Female
700,3,0.5,Tove Lo,RU,24,f,SE,Female
700,4,0.43067655807339306,Frank Ocean,RU,24,f,US,Male
700,5,0.38685280723454163,Ed Sheeran,RU,24,f,UK,Male
700,6,0.3562071871080222,Chelsea Wolfe,RU,24,f,US,Female
700,7,0.3333333333333333,Ariana Grande,RU,24,f,US,Female
700,8,0.31546487678572877,Kygo,RU,24,f,NO,Male
700,9,0.3010299956639812,Jess Glynne,RU,24,f,UK,Female
700,10,0.2890648263178879,Ry x,RU,24,f,AU,Male
701,1,1.0,Oneohtrix Point Never,NO,23,m,US,Male
701,2,0.6309297535714575,Ariana Grande,NO,23,m,US,Female
701,3,0.5,Panda Bear,NO,23,m,US,Male
701,4,0.43067655807339306,Madonna,NO,23,m,US,Female
701,5,0.38685280723454163,Elvis Presley,NO,23,m,US,Male
701,6,0.3562071871080222,Seal,NO,23,m,UK,Male
701,7,0.3333333333333333,Ed Sheeran,NO,23,m,UK,Male
701,8,0.31546487678572877,Arca,NO,23,m,VE,Non-binary
701,9,0.3010299956639812,Devendra Banhart,NO,23,m,US,Male
701,10,0.2890648263178879,PJ Harvey,NO,23,m,UK,Female
702,1,1.0,Britney Spears,RU,38,m,US,Female
702,2,0.6309297535714575,IAMX,RU,38,m,DE,Male
702,3,0.5,Mariah Carey,RU,38,m,US,Female
702,4,0.43067655807339306,Rihanna,RU,38,m,UK,Female
702,5,0.38685280723454163,Moby,RU,38,m,US,Male
702,6,0.3562071871080222,Pat Benatar,RU,38,m,US,Female
702,7,0.3333333333333333,Ry x,RU,38,m,AU,Male
702,8,0.31546487678572877,Avril Lavigne,RU,38,m,CA,Female
702,9,0.3010299956639812,AFI,RU,38,m,US,Female
702,10,0.2890648263178879,Joe Goddard,RU,38,m,UK,Male
703,1,1.0,Jess Glynne,US,93,f,UK,Female
703,2,0.6309297535714575,Ed Sheeran,US,93,f,UK,Male
703,3,0.5,Charles Bolt,US,93,f,US,Male
703,4,0.43067655807339306,IAMX,US,93,f,DE,Male
703,5,0.38685280723454163,Dido,US,93,f,UK,Female
703,6,0.3562071871080222,Beyoncé,US,93,f,US,Female
703,7,0.3333333333333333,Toro y Moi,US,93,f,US,Male
703,8,0.31546487678572877,Rihanna,US,93,f,UK,Female
703,9,0.3010299956639812,Twin Shadow,US,93,f,US,Male
703,10,0.2890648263178879,Christina Aguilera,US,93,f,US,Female
704,1,1.0,Louis Tomlinson,BR,21,m,UK,Male
704,2,0.6309297535714575,Jess Glynne,BR,21,m,UK,Female
704,3,0.5,Grimes,BR,21,m,CA,Female
704,4,0.43067655807339306,Lisa Miskovsky,BR,21,m,SE,Female
704,5,0.38685280723454163,Thom Yorke,BR,21,m,UK,Male
704,6,0.3562071871080222,John Maus,BR,21,m,US,Male
704,7,0.3333333333333333,Dennis Lloyd,BR,21,m,IL,Male
704,8,0.31546487678572877,Madonna,BR,21,m,US,Female
704,9,0.3010299956639812,Ed Sheeran,BR,21,m,UK,Male
704,10,0.2890648263178879,Niall Horan,BR,21,m,IE,Male
705,1,1.0,Shania Twain,BR,21,m,CA,Female
705,2,0.6309297535714575,PJ Harvey,BR,21,m,UK,Female
705,3,0.5,Kip Moore,BR,21,m,US,Male
705,4,0.43067655807339306,Seu Jorge,BR,21,m,BR,Male
705,5,0.38685280723454163,Bob Dylan,BR,21,m,US,Male
705,6,0.3562071871080222,"Tyler, the Creator",BR,21,m,US,Male
705,7,0.3333333333333333,Janis Joplin,BR,21,m,US,Female
705,8,0.31546487678572877,Chase Rice,BR,21,m,US,Male
705,9,0.3010299956639812,Gilberto Gil,BR,21,m,BR,Male
705,10,0.2890648263178879,Pitty,BR,21,m,BR,Female
706,1,1.0,Philip Glass,IT,20,m,US,Male
706,2,0.6309297535714575,Britney Spears,IT,20,m,US,Female
706,3,0.5,Taylor Swift,IT,20,m,US,Female
706,4,0.43067655807339306,Emma Ruth Rundle,IT,20,m,US,Female
706,5,0.38685280723454163,Kanye West,IT,20,m,US,Male
706,6,0.3562071871080222,George Ezra,IT,20,m,UK,Male
706,7,0.3333333333333333,Beyoncé,IT,20,m,US,Female
706,8,0.31546487678572877,Chelsea Wolfe,IT,20,m,US,Female
706,9,0.3010299956639812,Marilyn Manson,IT,20,m,US,Male
706,10,0.2890648263178879,Ariana Grande,IT,20,m,US,Female
707,1,1.0,John Maus,RU,21,m,US,Male
707,2,0.6309297535714575,Tove Lo,RU,21,m,SE,Female
707,3,0.5,Ed Sheeran,RU,21,m,UK,Male
707,4,0.43067655807339306,Ariana Grande,RU,21,m,US,Female
707,5,0.38685280723454163,Ry x,RU,21,m,AU,Male
707,6,0.3562071871080222,Kygo,RU,21,m,NO,Male
707,7,0.3333333333333333,Weyes Blood,RU,21,m,US,Female
707,8,0.31546487678572877,Joe Goddard,RU,21,m,UK,Male
707,9,0.3010299956639812,Elliott Smith,RU,21,m,US,Male
707,10,0.2890648263178879,Ed Sheeran,RU,21,m,UK,Male
708,1,1.0,IAMX,UK,48,m,DE,Male
708,2,0.6309297535714575,Moby,UK,48,m,US,Male
708,3,0.5,Toro y Moi,UK,48,m,US,Male
708,4,0.43067655807339306,Lana Del Rey,UK,48,m,US,Female
708,5,0.38685280723454163,Dimension,UK,48,m,ES,Male
708,6,0.3562071871080222,Christina Aguilera,UK,48,m,US,Female
708,7,0.3333333333333333,Beyoncé,UK,48,m,US,Female
708,8,0.31546487678572877,Twin Shadow,UK,48,m,US,Male
708,9,0.3010299956639812,Rihanna,UK,48,m,UK,Female
708,10,0.2890648263178879,Pat Benatar,UK,48,m,US,Female
709,1,1.0,Oneohtrix Point Never,DE,18,m,US,Male
709,2,0.6309297535714575,Chelsea Wolfe,DE,18,m,US,Female
709,3,0.5,Billy Joel,DE,18,m,US,Male
709,4,0.43067655807339306,Arca,DE,18,m,VE,Non-binary
709,5,0.38685280723454163,PJ Harvey,DE,18,m,UK,Female
709,6,0.3562071871080222,Ozzy Osbourne,DE,18,m,UK,Male
709,7,0.3333333333333333,Justin Timberlake,DE,18,m,US,Male
709,8,0.31546487678572877,Devendra Banhart,DE,18,m,US,Male
709,9,0.3010299956639812,Queen,DE,18,m,JP,Female
709,10,0.2890648263178879,Marilyn Manson,DE,18,m,US,Male
710,1,1.0,John Maus,HU,33,m,US,Male
710,2,0.6309297535714575,Ry x,HU,33,m,AU,Male
710,3,0.5,Charles Bolt,HU,33,m,US,Male
710,4,0.43067655807339306,Weyes Blood,HU,33,m,US,Female
710,5,0.38685280723454163,Joe Goddard,HU,33,m,UK,Male
710,6,0.3562071871080222,Elliott Smith,HU,33,m,US,Male
710,7,0.3333333333333333,IAMX,HU,33,m,DE,Male
710,8,0.31546487678572877,Taylor Swift,HU,33,m,US,Female
710,9,0.3010299956639812,Toro y Moi,HU,33,m,US,Male
710,10,0.2890648263178879,Pat Benatar,HU,33,m,US,Female
712,1,1.0,Oneohtrix Point Never,DE,18,m,US,Male
712,2,0.6309297535714575,Panda Bear,DE,18,m,US,Male
712,3,0.5,John Maus,DE,18,m,US,Male
712,4,0.43067655807339306,Chelsea Wolfe,DE,18,m,US,Female
712,5,0.38685280723454163,Laura Marling,DE,18,m,UK,Female
712,6,0.3562071871080222,John Maus,DE,18,m,US,Male
712,7,0.3333333333333333,Arca,DE,18,m,VE,Non-binary
712,8,0.31546487678572877,PJ Harvey,DE,18,m,UK,Female
712,9,0.3010299956639812,Devendra Banhart,DE,18,m,US,Male
712,10,0.2890648263178879,Justin Timberlake,DE,18,m,US,Male
713,1,1.0,Weyes Blood,DE,18,m,US,Female
713,2,0.6309297535714575,Elliott Smith,DE,18,m,US,Male
713,3,0.5,Dennis Lloyd,DE,18,m,IL,Male
713,4,0.43067655807339306,Toro y Moi,DE,18,m,US,Male
713,5,0.38685280723454163,Twin Shadow,DE,18,m,US,Male
713,6,0.3562071871080222,Beyoncé,DE,18,m,US,Female
713,7,0.3333333333333333,Britney Spears,DE,18,m,US,Female
713,8,0.31546487678572877,Lana Del Rey,DE,18,m,US,Female
713,9,0.3010299956639812,Christina Aguilera,DE,18,m,US,Female
713,10,0.2890648263178879,Rihanna,DE,18,m,UK,Female
714,1,1.0,Oneohtrix Point Never,PL,20,f,US,Male
714,2,0.6309297535714575,Chelsea Wolfe,PL,20,f,US,Female
714,3,0.5,Marilyn Manson,PL,20,f,US,Male
714,4,0.43067655807339306,Arca,PL,20,f,VE,Non-binary
714,5,0.38685280723454163,Lana Del Rey,PL,20,f,US,Female
714,6,0.3562071871080222,PJ Harvey,PL,20,f,UK,Female
714,7,0.3333333333333333,Paula Abdul,PL,20,f,US,Female
714,8,0.31546487678572877,Devendra Banhart,PL,20,f,US,Male
714,9,0.3010299956639812,Rita Ora,PL,20,f,UK,Female
714,10,0.2890648263178879,Rob Zombie,PL,20,f,US,Male
715,1,1.0,Elvis Presley,RU,22,m,US,Male
715,2,0.6309297535714575,Oneohtrix Point Never,RU,22,m,US,Male
715,3,0.5,Chelsea Wolfe,RU,22,m,US,Female
715,4,0.43067655807339306,Billy Joel,RU,22,m,US,Male
715,5,0.38685280723454163,Carpenter Brut,RU,22,m,FR,Male
715,6,0.3562071871080222,Ozzy Osbourne,RU,22,m,UK,Male
715,7,0.3333333333333333,Justin Timberlake,RU,22,m,US,Male
715,8,0.31546487678572877,Bob Marley & The Wailers,RU,22,m,JM,Male
715,9,0.3010299956639812,PJ Harvey,RU,22,m,UK,Female
715,10,0.2890648263178879,Devendra Banhart,RU,22,m,US,Male
716,1,1.0,Ry x,BG,24,m,AU,Male
716,2,0.6309297535714575,Joe Goddard,BG,24,m,UK,Male
716,3,0.5,Weyes Blood,BG,24,m,US,Female
716,4,0.43067655807339306,Christina Aguilera,BG,24,m,US,Female
716,5,0.38685280723454163,Beyoncé,BG,24,m,US,Female
716,6,0.3562071871080222,IAMX,BG,24,m,DE,Male
716,7,0.3333333333333333,Britney Spears,BG,24,m,US,Female
716,8,0.31546487678572877,Elliott Smith,BG,24,m,US,Male
716,9,0.3010299956639812,Dido,BG,24,m,UK,Female
716,10,0.2890648263178879,Mariah Carey,BG,24,m,US,Female
717,1,1.0,Christina Aguilera,BR,22,f,US,Female
717,2,0.6309297535714575,Britney Spears,BR,22,f,US,Female
717,3,0.5,Beyoncé,BR,22,f,US,Female
717,4,0.43067655807339306,Ry x,BR,22,f,AU,Male
717,5,0.38685280723454163,Lana Del Rey,BR,22,f,US,Female
717,6,0.3562071871080222,Rihanna,BR,22,f,UK,Female
717,7,0.3333333333333333,Dido,BR,22,f,UK,Female
717,8,0.31546487678572877,Joe Goddard,BR,22,f,UK,Male
717,9,0.3010299956639812,Mariah Carey,BR,22,f,US,Female
717,10,0.2890648263178879,Moby,BR,22,f,US,Male
718,1,1.0,Lily Allen,US,20,m,UK,Female
718,2,0.6309297535714575,Jennifer Paige,US,20,m,US,Female
718,3,0.5,Katy Perry,US,20,m,US,Female
718,4,0.43067655807339306,Louis Tomlinson,US,20,m,UK,Male
718,5,0.38685280723454163,Frank Ocean,US,20,m,US,Male
718,6,0.3562071871080222,Tove Lo,US,20,m,SE,Female
718,7,0.3333333333333333,Ariana Grande,US,20,m,US,Female
718,8,0.31546487678572877,Ed Sheeran,US,20,m,UK,Male
718,9,0.3010299956639812,Queen,US,20,m,JP,Female
718,10,0.2890648263178879,John Maus,US,20,m,US,Male
720,1,1.0,Kanye West,UK,20,m,US,Male
720,2,0.6309297535714575,Avril Lavigne,UK,20,m,CA,Female
720,3,0.5,Frank Ocean,UK,20,m,US,Male
720,4,0.43067655807339306,Lily Allen,UK,20,m,UK,Female
720,5,0.38685280723454163,Katy Perry,UK,20,m,US,Female
720,6,0.3562071871080222,John Maus,UK,20,m,US,Male
720,7,0.3333333333333333,Chelsea Wolfe,UK,20,m,US,Female
720,8,0.31546487678572877,Jennifer Paige,UK,20,m,US,Female
720,9,0.3010299956639812,Louis Tomlinson,UK,20,m,UK,Male
720,10,0.2890648263178879,Ed Sheeran,UK,20,m,UK,Male
721,1,1.0,Luke Bryan,BR,19,f,US,Male
721,2,0.6309297535714575,Jon Pardi,BR,19,f,US,Male
721,3,0.5,Isabella Taviani,BR,19,f,BR,Female
721,4,0.43067655807339306,Gavin DeGraw,BR,19,f,US,Male
721,5,0.38685280723454163,Trent Tomlinson,BR,19,f,US,Male
721,6,0.3562071871080222,Paulo Ricardo,BR,19,f,BR,Male
721,7,0.3333333333333333,Thomas Rhett,BR,19,f,US,Male
721,8,0.31546487678572877,Norah Jones,BR,19,f,US,Female
721,9,0.3010299956639812,Chico Buarque,BR,19,f,BR,Male
721,10,0.2890648263178879,Miley Cyrus,BR,19,f,US,Non-binary
722,1,1.0,Christina Aguilera,ID,21,m,US,Female
722,2,0.6309297535714575,Ry x,ID,21,m,AU,Male
722,3,0.5,Beyoncé,ID,21,m,US,Female
722,4,0.43067655807339306,IAMX,ID,21,m,DE,Male
722,5,0.38685280723454163,Joe Goddard,ID,21,m,UK,Male
722,6,0.3562071871080222,Britney Spears,ID,21,m,US,Female
722,7,0.3333333333333333,Dimension,ID,21,m,ES,Male
722,8,0.31546487678572877,Weyes Blood,ID,21,m,US,Female
722,9,0.3010299956639812,Mariah Carey,ID,21,m,US,Female
722,10,0.2890648263178879,Rihanna,ID,21,m,UK,Female
723,1,1.0,Elvis Presley,RU,16,m,US,Male
723,2,0.6309297535714575,Sharon Van Etten,RU,16,m,US,Female
723,3,0.5,Oneohtrix Point Never,RU,16,m,US,Male
723,4,0.43067655807339306,Carpenter Brut,RU,16,m,FR,Male
723,5,0.38685280723454163,Billy Joel,RU,16,m,US,Male
723,6,0.3562071871080222,Bob Marley & The Wailers,RU,16,m,JM,Male
723,7,0.3333333333333333,Ozzy Osbourne,RU,16,m,UK,Male
723,8,0.31546487678572877,Emma Ruth Rundle,RU,16,m,US,Female
723,9,0.3010299956639812,Justin Timberlake,RU,16,m,US,Male
723,10,0.2890648263178879,Frank Ocean,RU,16,m,US,Male
724,1,1.0,Queen,CL,32,m,JP,Female
724,2,0.6309297535714575,Chelsea Wolfe,CL,32,m,US,Female
724,3,0.5,Tove Lo,CL,32,m,SE,Female
724,4,0.43067655807339306,Ed Sheeran,CL,32,m,UK,Male
724,5,0.38685280723454163,Ry x,CL,32,m,AU,Male
724,6,0.3562071871080222,Ariana Grande,CL,32,m,US,Female
724,7,0.3333333333333333,Weyes Blood,CL,32,m,US,Female
724,8,0.31546487678572877,Kygo,CL,32,m,NO,Male
724,9,0.3010299956639812,Joe Goddard,CL,32,m,UK,Male
724,10,0.2890648263178879,Elliott Smith,CL,32,m,US,Male
725,1,1.0,Oneohtrix Point Never,NL,27,f,US,Male
725,2,0.6309297535714575,Panda Bear,NL,27,f,US,Male
725,3,0.5,John Maus,NL,27,f,US,Male
725,4,0.43067655807339306,Laura Marling,NL,27,f,UK,Female
725,5,0.38685280723454163,Chelsea Wolfe,NL,27,f,US,Female
725,6,0.3562071871080222,John Maus,NL,27,f,US,Male
725,7,0.3333333333333333,Arca,NL,27,f,VE,Non-binary
725,8,0.31546487678572877,PJ Harvey,NL,27,f,UK,Female
725,9,0.3010299956639812,Ozzy Osbourne,NL,27,f,UK,Male
725,10,0.2890648263178879,Justin Timberlake,NL,27,f,US,Male
726,1,1.0,Ry x,RU,19,m,AU,Male
726,2,0.6309297535714575,Weyes Blood,RU,19,m,US,Female
726,3,0.5,Joe Goddard,RU,19,m,UK,Male
726,4,0.43067655807339306,Elliott Smith,RU,19,m,US,Male
726,5,0.38685280723454163,Twin Shadow,RU,19,m,US,Male
726,6,0.3562071871080222,Toro y Moi,RU,19,m,US,Male
726,7,0.3333333333333333,IAMX,RU,19,m,DE,Male
726,8,0.31546487678572877,Dido,RU,19,m,UK,Female
726,9,0.3010299956639812,Dennis Lloyd,RU,19,m,IL,Male
726,10,0.2890648263178879,Christina Aguilera,RU,19,m,US,Female
727,1,1.0,Kygo,RU,25,m,NO,Male
727,2,0.6309297535714575,Elliott Smith,RU,25,m,US,Male
727,3,0.5,Jess Glynne,RU,25,m,UK,Female
727,4,0.43067655807339306,Charles Bolt,RU,25,m,US,Male
727,5,0.38685280723454163,Twin Shadow,RU,25,m,US,Male
727,6,0.3562071871080222,Toro y Moi,RU,25,m,US,Male
727,7,0.3333333333333333,IAMX,RU,25,m,DE,Male
727,8,0.31546487678572877,Dido,RU,25,m,UK,Female
727,9,0.3010299956639812,Dennis Lloyd,RU,25,m,IL,Male
727,10,0.2890648263178879,Sufjan Stevens,RU,25,m,US,Male
728,1,1.0,Queen,JP,21,m,JP,Female
728,2,0.6309297535714575,Jennifer Paige,JP,21,m,US,Female
728,3,0.5,Louis Tomlinson,JP,21,m,UK,Male
728,4,0.43067655807339306,Chelsea Wolfe,JP,21,m,US,Female
728,5,0.38685280723454163,Ed Sheeran,JP,21,m,UK,Male
728,6,0.3562071871080222,Tove Lo,JP,21,m,SE,Female
728,7,0.3333333333333333,Ariana Grande,JP,21,m,US,Female
728,8,0.31546487678572877,Kygo,JP,21,m,NO,Male
728,9,0.3010299956639812,Tame Impala,JP,21,m,AU,Male
728,10,0.2890648263178879,Sufjan Stevens,JP,21,m,US,Male
729,1,1.0,Frank Ocean,BR,23,m,US,Male
729,2,0.6309297535714575,John Maus,BR,23,m,US,Male
729,3,0.5,Jess Glynne,BR,23,m,UK,Female
729,4,0.43067655807339306,Ry x,BR,23,m,AU,Male
729,5,0.38685280723454163,IAMX,BR,23,m,DE,Male
729,6,0.3562071871080222,Weyes Blood,BR,23,m,US,Female
729,7,0.3333333333333333,Moby,BR,23,m,US,Male
729,8,0.31546487678572877,Dennis Lloyd,BR,23,m,IL,Male
729,9,0.3010299956639812,Joe Goddard,BR,23,m,UK,Male
729,10,0.2890648263178879,Elliott Smith,BR,23,m,US,Male
730,1,1.0,Dennis Lloyd,BR,21,m,IL,Male
730,2,0.6309297535714575,IAMX,BR,21,m,DE,Male
730,3,0.5,Ry x,BR,21,m,AU,Male
730,4,0.43067655807339306,Dido,BR,21,m,UK,Female
730,5,0.38685280723454163,Moby,BR,21,m,US,Male
730,6,0.3562071871080222,Britney Spears,BR,21,m,US,Female
730,7,0.3333333333333333,Pat Benatar,BR,21,m,US,Female
730,8,0.31546487678572877,Lana Del Rey,BR,21,m,US,Female
730,9,0.3010299956639812,Christina Aguilera,BR,21,m,US,Female
730,10,0.2890648263178879,Beyoncé,BR,21,m,US,Female
731,1,1.0,Ed Sheeran,NO,24,f,UK,Male
731,2,0.6309297535714575,Elliott Smith,NO,24,f,US,Male
731,3,0.5,Jess Glynne,NO,24,f,UK,Female
731,4,0.43067655807339306,Charles Bolt,NO,24,f,US,Male
731,5,0.38685280723454163,Toro y Moi,NO,24,f,US,Male
731,6,0.3562071871080222,Twin Shadow,NO,24,f,US,Male
731,7,0.3333333333333333,Dido,NO,24,f,UK,Female
731,8,0.31546487678572877,IAMX,NO,24,f,DE,Male
731,9,0.3010299956639812,Dennis Lloyd,NO,24,f,IL,Male
731,10,0.2890648263178879,Christina Aguilera,NO,24,f,US,Female
732,1,1.0,Kurt Vile,RU,27,m,US,Male
732,2,0.6309297535714575,Grimes,RU,27,m,CA,Female
732,3,0.5,Weyes Blood,RU,27,m,US,Female
732,4,0.43067655807339306,Sia,RU,27,m,AU,Female
732,5,0.38685280723454163,Kanye West,RU,27,m,US,Male
732,6,0.3562071871080222,Frank Ocean,RU,27,m,US,Male
732,7,0.3333333333333333,Avril Lavigne,RU,27,m,CA,Female
732,8,0.31546487678572877,John Maus,RU,27,m,US,Male
732,9,0.3010299956639812,Lisa Miskovsky,RU,27,m,SE,Female
732,10,0.2890648263178879,Jennifer Lopez,RU,27,m,US,Female
733,1,1.0,Grimes,RU,21,m,CA,Female
733,2,0.6309297535714575,Britney Spears,RU,21,m,US,Female
733,3,0.5,John Maus,RU,21,m,US,Male
733,4,0.43067655807339306,Rod Stewart,RU,21,m,UK,Male
733,5,0.38685280723454163,Sia,RU,21,m,AU,Female
733,6,0.3562071871080222,Weyes Blood,RU,21,m,US,Female
733,7,0.3333333333333333,Kurt Vile,RU,21,m,US,Male
733,8,0.31546487678572877,Kanye West,RU,21,m,US,Male
733,9,0.3010299956639812,Apparat,RU,21,m,DE,Male
733,10,0.2890648263178879,RuPaul,RU,21,m,US,Female
734,1,1.0,Ry x,BR,20,f,AU,Male
734,2,0.6309297535714575,Pedro Sampaio,BR,20,f,BR,Male
734,3,0.5,Weyes Blood,BR,20,f,US,Female
734,4,0.43067655807339306,Joe Goddard,BR,20,f,UK,Male
734,5,0.38685280723454163,Madison Beer,BR,20,f,US,Female
734,6,0.3562071871080222,Kelly Clarkson,BR,20,f,US,Female
734,7,0.3333333333333333,Selena Gomez,BR,20,f,US,Female
734,8,0.31546487678572877,Ariana Grande,BR,20,f,US,Female
734,9,0.3010299956639812,Madonna,BR,20,f,US,Female
734,10,0.2890648263178879,IAMX,BR,20,f,DE,Male
735,1,1.0,Seal,ES,21,m,UK,Male
735,2,0.6309297535714575,Billy Joel,ES,21,m,US,Male
735,3,0.5,Wild Nothing,ES,21,m,US,Male
735,4,0.43067655807339306,Leonard Cohen,ES,21,m,CA,Male
735,5,0.38685280723454163,Kurt Vile,ES,21,m,US,Male
735,6,0.3562071871080222,Jay Reatard,ES,21,m,US,Male
735,7,0.3333333333333333,Carpenter Brut,ES,21,m,FR,Male
735,8,0.31546487678572877,Bob Marley & The Wailers,ES,21,m,JM,Male
735,9,0.3010299956639812,Angel Olsen,ES,21,m,US,Female
735,10,0.2890648263178879,Ozzy Osbourne,ES,21,m,UK,Male
736,1,1.0,PJ Harvey,BR,17,f,UK,Female
736,2,0.6309297535714575,Elvis Presley,BR,17,f,US,Male
736,3,0.5,Seal,BR,17,f,UK,Male
736,4,0.43067655807339306,Damien Jurado,BR,17,f,US,Male
736,5,0.38685280723454163,PJ Harvey,BR,17,f,UK,Female
736,6,0.3562071871080222,Carpenter Brut,BR,17,f,FR,Male
736,7,0.3333333333333333,Billy Joel,BR,17,f,US,Male
736,8,0.31546487678572877,Sharon Van Etten,BR,17,f,US,Female
736,9,0.3010299956639812,Oneohtrix Point Never,BR,17,f,US,Male
736,10,0.2890648263178879,Bob Marley & The Wailers,BR,17,f,JM,Male
737,1,1.0,Elliott Smith,BR,23,m,US,Male
737,2,0.6309297535714575,Jess Glynne,BR,23,m,UK,Female
737,3,0.5,Ed Sheeran,BR,23,m,UK,Male
737,4,0.43067655807339306,Twin Shadow,BR,23,m,US,Male
737,5,0.38685280723454163,Charles Bolt,BR,23,m,US,Male
737,6,0.3562071871080222,Toro y Moi,BR,23,m,US,Male
737,7,0.3333333333333333,IAMX,BR,23,m,DE,Male
737,8,0.31546487678572877,Dennis Lloyd,BR,23,m,IL,Male
737,9,0.3010299956639812,Dido,BR,23,m,UK,Female
737,10,0.2890648263178879,Tame Impala,BR,23,m,AU,Male
738,1,1.0,Sharon Van Etten,US,19,m,US,Female
738,2,0.6309297535714575,Elvis Presley,US,19,m,US,Male
738,3,0.5,Seal,US,19,m,UK,Male
738,4,0.43067655807339306,Marissa Nadler,US,19,m,US,Female
738,5,0.38685280723454163,Danny Brown,US,19,m,US,Male
738,6,0.3562071871080222,Emma Ruth Rundle,US,19,m,US,Female
738,7,0.3333333333333333,Jay Reatard,US,19,m,US,Male
738,8,0.31546487678572877,Leonard Cohen,US,19,m,CA,Male
738,9,0.3010299956639812,Angel Olsen,US,19,m,US,Female
738,10,0.2890648263178879,James Blake,US,19,m,UK,Male
739,1,1.0,Frank Ocean,SE,23,f,US,Male
739,2,0.6309297535714575,John Maus,SE,23,f,US,Male
739,3,0.5,IAMX,SE,23,f,DE,Male
739,4,0.43067655807339306,Ry x,SE,23,f,AU,Male
739,5,0.38685280723454163,Moby,SE,23,f,US,Male
739,6,0.3562071871080222,Elvis Presley,SE,23,f,US,Male
739,7,0.3333333333333333,Rihanna,SE,23,f,UK,Female
739,8,0.31546487678572877,Joe Goddard,SE,23,f,UK,Male
739,9,0.3010299956639812,Steve Winwood,SE,23,f,UK,Male
739,10,0.2890648263178879,Pedro Sampaio,SE,23,f,BR,Male
740,1,1.0,Joe Goddard,EE,22,m,UK,Male
740,2,0.6309297535714575,Weyes Blood,EE,22,m,US,Female
740,3,0.5,Pat Benatar,EE,22,m,US,Female
740,4,0.43067655807339306,Christina Aguilera,EE,22,m,US,Female
740,5,0.38685280723454163,Twin Shadow,EE,22,m,US,Male
740,6,0.3562071871080222,Mariah Carey,EE,22,m,US,Female
740,7,0.3333333333333333,Roberta Flack,EE,22,m,US,Female
740,8,0.31546487678572877,Toro y Moi,EE,22,m,US,Male
740,9,0.3010299956639812,Lana Del Rey,EE,22,m,US,Female
740,10,0.2890648263178879,Elvis Presley,EE,22,m,US,Male
742,1,1.0,Jess Glynne,BR,20,f,UK,Female
742,2,0.6309297535714575,Ry x,BR,20,f,AU,Male
742,3,0.5,Charles Bolt,BR,20,f,US,Male
742,4,0.43067655807339306,Dennis Lloyd,BR,20,f,IL,Male
742,5,0.38685280723454163,Elliott Smith,BR,20,f,US,Male
742,6,0.3562071871080222,Dido,BR,20,f,UK,Female
742,7,0.3333333333333333,IAMX,BR,20,f,DE,Male
742,8,0.31546487678572877,Christina Aguilera,BR,20,f,US,Female
742,9,0.3010299956639812,Beyoncé,BR,20,f,US,Female
742,10,0.2890648263178879,Britney Spears,BR,20,f,US,Female
743,1,1.0,Louis Tomlinson,US,21,f,UK,Male
743,2,0.6309297535714575,Jess Glynne,US,21,f,UK,Female
743,3,0.5,Ed Sheeran,US,21,f,UK,Male
743,4,0.43067655807339306,Madonna,US,21,f,US,Female
743,5,0.38685280723454163,Ed Sheeran,US,21,f,UK,Male
743,6,0.3562071871080222,Chelsea Wolfe,US,21,f,US,Female
743,7,0.3333333333333333,Sia,US,21,f,AU,Female
743,8,0.31546487678572877,Madonna,US,21,f,US,Female
743,9,0.3010299956639812,John Maus,US,21,f,US,Male
743,10,0.2890648263178879,Taylor Swift,US,21,f,US,Female
744,1,1.0,Madonna,SI,20,m,US,Female
744,2,0.6309297535714575,Elvis Presley,SI,20,m,US,Male
744,3,0.5,Ariana Grande,SI,20,m,US,Female
744,4,0.43067655807339306,Kanye West,SI,20,m,US,Male
744,5,0.38685280723454163,Ed Sheeran,SI,20,m,UK,Male
744,6,0.3562071871080222,Sharon Van Etten,SI,20,m,US,Female
744,7,0.3333333333333333,Carpenter Brut,SI,20,m,FR,Male
744,8,0.31546487678572877,Billy Joel,SI,20,m,US,Male
744,9,0.3010299956639812,Chelsea Wolfe,SI,20,m,US,Female
744,10,0.2890648263178879,Bob Marley & The Wailers,SI,20,m,JM,Male
745,1,1.0,Jennifer Paige,FR,28,m,US,Female
745,2,0.6309297535714575,Ed Sheeran,FR,28,m,UK,Male
745,3,0.5,Queen,FR,28,m,JP,Female
745,4,0.43067655807339306,Chelsea Wolfe,FR,28,m,US,Female
745,5,0.38685280723454163,Tove Lo,FR,28,m,SE,Female
745,6,0.3562071871080222,Ariana Grande,FR,28,m,US,Female
745,7,0.3333333333333333,Kygo,FR,28,m,NO,Male
745,8,0.31546487678572877,Elliott Smith,FR,28,m,US,Male
745,9,0.3010299956639812,Jess Glynne,FR,28,m,UK,Female
745,10,0.2890648263178879,Ed Sheeran,FR,28,m,UK,Male
746,1,1.0,Ed Sheeran,BR,17,m,UK,Male
746,2,0.6309297535714575,Weyes Blood,BR,17,m,US,Female
746,3,0.5,Queen,BR,17,m,JP,Female
746,4,0.43067655807339306,Chelsea Wolfe,BR,17,m,US,Female
746,5,0.38685280723454163,Frank Ocean,BR,17,m,US,Male
746,6,0.3562071871080222,Ed Sheeran,BR,17,m,UK,Male
746,7,0.3333333333333333,Charles Bolt,BR,17,m,US,Male
746,8,0.31546487678572877,John Maus,BR,17,m,US,Male
746,9,0.3010299956639812,Ry x,BR,17,m,AU,Male
746,10,0.2890648263178879,IAMX,BR,17,m,DE,Male
747,1,1.0,Chelsea Wolfe,BR,20,f,US,Female
747,2,0.6309297535714575,Queen,BR,20,f,JP,Female
747,3,0.5,Charles Bolt,BR,20,f,US,Male
747,4,0.43067655807339306,Mariah Carey,BR,20,f,US,Female
747,5,0.38685280723454163,Rihanna,BR,20,f,UK,Female
747,6,0.3562071871080222,Frank Ocean,BR,20,f,US,Male
747,7,0.3333333333333333,Britney Spears,BR,20,f,US,Female
747,8,0.31546487678572877,Dido,BR,20,f,UK,Female
747,9,0.3010299956639812,Beyoncé,BR,20,f,US,Female
747,10,0.2890648263178879,Taylor Swift,BR,20,f,US,Female
748,1,1.0,Ed Sheeran,ID,19,m,UK,Male
748,2,0.6309297535714575,Weyes Blood,ID,19,m,US,Female
748,3,0.5,Jess Glynne,ID,19,m,UK,Female
748,4,0.43067655807339306,Elliott Smith,ID,19,m,US,Male
748,5,0.38685280723454163,Ed Sheeran,ID,19,m,UK,Male
748,6,0.3562071871080222,Charles Bolt,ID,19,m,US,Male
748,7,0.3333333333333333,Twin Shadow,ID,19,m,US,Male
748,8,0.31546487678572877,Toro y Moi,ID,19,m,US,Male
748,9,0.3010299956639812,IAMX,ID,19,m,DE,Male
748,10,0.2890648263178879,Dido,ID,19,m,UK,Female
749,1,1.0,Ry x,RU,20,m,AU,Male
749,2,0.6309297535714575,Dennis Lloyd,RU,20,m,IL,Male
749,3,0.5,Joe Goddard,RU,20,m,UK,Male
749,4,0.43067655807339306,Weyes Blood,RU,20,m,US,Female
749,5,0.38685280723454163,Elliott Smith,RU,20,m,US,Male
749,6,0.3562071871080222,Dido,RU,20,m,UK,Female
749,7,0.3333333333333333,Lana Del Rey,RU,20,m,US,Female
749,8,0.31546487678572877,Rihanna,RU,20,m,UK,Female
749,9,0.3010299956639812,Beyoncé,RU,20,m,US,Female
749,10,0.2890648263178879,Britney Spears,RU,20,m,US,Female
750,1,1.0,Ed Sheeran,PL,17,m,UK,Male
750,2,0.6309297535714575,Charles Bolt,PL,17,m,US,Male
750,3,0.5,Ed Sheeran,PL,17,m,UK,Male
750,4,0.43067655807339306,Jess Glynne,PL,17,m,UK,Female
750,5,0.38685280723454163,Leonard Cohen,PL,17,m,CA,Male
750,6,0.3562071871080222,Pional,PL,17,m,ES,Male
750,7,0.3333333333333333,Jessica Pratt,PL,17,m,US,Female
750,8,0.31546487678572877,IAMX,PL,17,m,DE,Male
750,9,0.3010299956639812,Dido,PL,17,m,UK,Female
750,10,0.2890648263178879,Wild Nothing,PL,17,m,US,Male
751,1,1.0,Queen,PL,18,m,JP,Female
751,2,0.6309297535714575,Jennifer Paige,PL,18,m,US,Female
751,3,0.5,Louis Tomlinson,PL,18,m,UK,Male
751,4,0.43067655807339306,Chelsea Wolfe,PL,18,m,US,Female
751,5,0.38685280723454163,Tove Lo,PL,18,m,SE,Female
751,6,0.3562071871080222,Ed Sheeran,PL,18,m,UK,Male
751,7,0.3333333333333333,Weyes Blood,PL,18,m,US,Female
751,8,0.31546487678572877,Ariana Grande,PL,18,m,US,Female
751,9,0.3010299956639812,Kygo,PL,18,m,NO,Male
751,10,0.2890648263178879,Elliott Smith,PL,18,m,US,Male
752,1,1.0,Louis Tomlinson,FI,20,m,UK,Male
752,2,0.6309297535714575,Jennifer Paige,FI,20,m,US,Female
752,3,0.5,Ed Sheeran,FI,20,m,UK,Male
752,4,0.43067655807339306,Tove Lo,FI,20,m,SE,Female
752,5,0.38685280723454163,Ariana Grande,FI,20,m,US,Female
752,6,0.3562071871080222,Ry x,FI,20,m,AU,Male
752,7,0.3333333333333333,Kygo,FI,20,m,NO,Male
752,8,0.31546487678572877,Joe Goddard,FI,20,m,UK,Male
752,9,0.3010299956639812,Jess Glynne,FI,20,m,UK,Female
752,10,0.2890648263178879,Weyes Blood,FI,20,m,US,Female
753,1,1.0,Ariana Grande,PL,20,f,US,Female
753,2,0.6309297535714575,Sia,PL,20,f,AU,Female
753,3,0.5,Rihanna,PL,20,f,UK,Female
753,4,0.43067655807339306,Ariana Grande,PL,20,f,US,Female
753,5,0.38685280723454163,Klaas,PL,20,f,DE,Male
753,6,0.3562071871080222,Nicki Minaj,PL,20,f,US,Female
753,7,0.3333333333333333,Britney Spears,PL,20,f,US,Female
753,8,0.31546487678572877,Mariah Carey,PL,20,f,US,Female
753,9,0.3010299956639812,Wax Tailor,PL,20,f,FR,Male
753,10,0.2890648263178879,Troye Sivan,PL,20,f,AU,Male
754,1,1.0,Bob Marley & The Wailers,NZ,19,f,JM,Male
754,2,0.6309297535714575,Ozzy Osbourne,NZ,19,f,UK,Male
754,3,0.5,Justin Timberlake,NZ,19,f,US,Male
754,4,0.43067655807339306,Lana Del Rey,NZ,19,f,US,Female
754,5,0.38685280723454163,Britney Spears,NZ,19,f,US,Female
754,6,0.3562071871080222,Marilyn Manson,NZ,19,f,US,Male
754,7,0.3333333333333333,Paula Abdul,NZ,19,f,US,Female
754,8,0.31546487678572877,Jay Reatard,NZ,19,f,US,Male
754,9,0.3010299956639812,Wild Nothing,NZ,19,f,US,Male
754,10,0.2890648263178879,Kurt Vile,NZ,19,f,US,Male
755,1,1.0,Queen,UA,19,f,JP,Female
755,2,0.6309297535714575,Frank Ocean,UA,19,f,US,Male
755,3,0.5,John Maus,UA,19,f,US,Male
755,4,0.43067655807339306,Ariana Grande,UA,19,f,US,Female
755,5,0.38685280723454163,Kygo,UA,19,f,NO,Male
755,6,0.3562071871080222,IAMX,UA,19,f,DE,Male
755,7,0.3333333333333333,Ry x,UA,19,f,AU,Male
755,8,0.31546487678572877,Joe Goddard,UA,19,f,UK,Male
755,9,0.3010299956639812,Beyoncé,UA,19,f,US,Female
755,10,0.2890648263178879,Weyes Blood,UA,19,f,US,Female
756,1,1.0,John Maus,DE,24,m,US,Male
756,2,0.6309297535714575,Beyoncé,DE,24,m,US,Female
756,3,0.5,IAMX,DE,24,m,DE,Male
756,4,0.43067655807339306,Britney Spears,DE,24,m,US,Female
756,5,0.38685280723454163,Ry x,DE,24,m,AU,Male
756,6,0.3562071871080222,Dido,DE,24,m,UK,Female
756,7,0.3333333333333333,Rihanna,DE,24,m,UK,Female
756,8,0.31546487678572877,Mariah Carey,DE,24,m,US,Female
756,9,0.3010299956639812,Joe Goddard,DE,24,m,UK,Male
756,10,0.2890648263178879,AFI,DE,24,m,US,Female
757,1,1.0,Queen,UK,19,f,JP,Female
757,2,0.6309297535714575,Ariana Grande,UK,19,f,US,Female
757,3,0.5,Chelsea Wolfe,UK,19,f,US,Female
757,4,0.43067655807339306,Ry x,UK,19,f,AU,Male
757,5,0.38685280723454163,Joe Goddard,UK,19,f,UK,Male
757,6,0.3562071871080222,Jess Glynne,UK,19,f,UK,Female
757,7,0.3333333333333333,Weyes Blood,UK,19,f,US,Female
757,8,0.31546487678572877,Elliott Smith,UK,19,f,US,Male
757,9,0.3010299956639812,Toro y Moi,UK,19,f,US,Male
757,10,0.2890648263178879,Dido,UK,19,f,UK,Female
758,1,1.0,Ry x,US,21,f,AU,Male
758,2,0.6309297535714575,Weyes Blood,US,21,f,US,Female
758,3,0.5,Dennis Lloyd,US,21,f,IL,Male
758,4,0.43067655807339306,Joe Goddard,US,21,f,UK,Male
758,5,0.38685280723454163,Britney Spears,US,21,f,US,Female
758,6,0.3562071871080222,Christina Aguilera,US,21,f,US,Female
758,7,0.3333333333333333,Elliott Smith,US,21,f,US,Male
758,8,0.31546487678572877,Beyoncé,US,21,f,US,Female
758,9,0.3010299956639812,Moby,US,21,f,US,Male
758,10,0.2890648263178879,Dimension,US,21,f,ES,Male
759,1,1.0,Ariana Grande,DE,26,m,US,Female
759,2,0.6309297535714575,Weyes Blood,DE,26,m,US,Female
759,3,0.5,Frank Ocean,DE,26,m,US,Male
759,4,0.43067655807339306,John Maus,DE,26,m,US,Male
759,5,0.38685280723454163,Moby,DE,26,m,US,Male
759,6,0.3562071871080222,Dimension,DE,26,m,ES,Male
759,7,0.3333333333333333,Britney Spears,DE,26,m,US,Female
759,8,0.31546487678572877,Dennis Lloyd,DE,26,m,IL,Male
759,9,0.3010299956639812,AFI,DE,26,m,US,Female
759,10,0.2890648263178879,Beyoncé,DE,26,m,US,Female
760,1,1.0,Jess Glynne,UA,22,m,UK,Female
760,2,0.6309297535714575,Charles Bolt,UA,22,m,US,Male
760,3,0.5,Christina Aguilera,UA,22,m,US,Female
760,4,0.43067655807339306,IAMX,UA,22,m,DE,Male
760,5,0.38685280723454163,Dennis Lloyd,UA,22,m,IL,Male
760,6,0.3562071871080222,Joe Goddard,UA,22,m,UK,Male
760,7,0.3333333333333333,Dido,UA,22,m,UK,Female
760,8,0.31546487678572877,Elliott Smith,UA,22,m,US,Male
760,9,0.3010299956639812,Britney Spears,UA,22,m,US,Female
760,10,0.2890648263178879,Beyoncé,UA,22,m,US,Female
761,1,1.0,Queen,NL,23,f,JP,Female
761,2,0.6309297535714575,Ed Sheeran,NL,23,f,UK,Male
761,3,0.5,Chelsea Wolfe,NL,23,f,US,Female
761,4,0.43067655807339306,Weyes Blood,NL,23,f,US,Female
761,5,0.38685280723454163,Frank Ocean,NL,23,f,US,Male
761,6,0.3562071871080222,John Maus,NL,23,f,US,Male
761,7,0.3333333333333333,Kygo,NL,23,f,NO,Male
761,8,0.31546487678572877,Dennis Lloyd,NL,23,f,IL,Male
761,9,0.3010299956639812,IAMX,NL,23,f,DE,Male
761,10,0.2890648263178879,Charles Bolt,NL,23,f,US,Male
762,1,1.0,Jennifer Paige,CA,24,m,US,Female
762,2,0.6309297535714575,Queen,CA,24,m,JP,Female
762,3,0.5,Louis Tomlinson,CA,24,m,UK,Male
762,4,0.43067655807339306,Elliott Smith,CA,24,m,US,Male
762,5,0.38685280723454163,Chelsea Wolfe,CA,24,m,US,Female
762,6,0.3562071871080222,Tove Lo,CA,24,m,SE,Female
762,7,0.3333333333333333,Ed Sheeran,CA,24,m,UK,Male
762,8,0.31546487678572877,Ariana Grande,CA,24,m,US,Female
762,9,0.3010299956639812,Twin Shadow,CA,24,m,US,Male
762,10,0.2890648263178879,Toro y Moi,CA,24,m,US,Male
763,1,1.0,Tove Lo,RU,23,m,SE,Female
763,2,0.6309297535714575,Ed Sheeran,RU,23,m,UK,Male
763,3,0.5,Ariana Grande,RU,23,m,US,Female
763,4,0.43067655807339306,Kygo,RU,23,m,NO,Male
763,5,0.38685280723454163,Ry x,RU,23,m,AU,Male
763,6,0.3562071871080222,Ed Sheeran,RU,23,m,UK,Male
763,7,0.3333333333333333,Weyes Blood,RU,23,m,US,Female
763,8,0.31546487678572877,Jess Glynne,RU,23,m,UK,Female
763,9,0.3010299956639812,Charles Bolt,RU,23,m,US,Male
763,10,0.2890648263178879,Elliott Smith,RU,23,m,US,Male
764,1,1.0,Weyes Blood,PL,25,m,US,Female
764,2,0.6309297535714575,Charles Bolt,PL,25,m,US,Male
764,3,0.5,Britney Spears,PL,25,m,US,Female
764,4,0.43067655807339306,Moby,PL,25,m,US,Male
764,5,0.38685280723454163,Rihanna,PL,25,m,UK,Female
764,6,0.3562071871080222,Christina Aguilera,PL,25,m,US,Female
764,7,0.3333333333333333,Ry x,PL,25,m,AU,Male
764,8,0.31546487678572877,AFI,PL,25,m,US,Female
764,9,0.3010299956639812,Mariah Carey,PL,25,m,US,Female
764,10,0.2890648263178879,Avril Lavigne,PL,25,m,CA,Female
765,1,1.0,Louis Tomlinson,BR,21,m,UK,Male
765,2,0.6309297535714575,Kygo,BR,21,m,NO,Male
765,3,0.5,Ed Sheeran,BR,21,m,UK,Male
765,4,0.43067655807339306,Queen,BR,21,m,JP,Female
765,5,0.38685280723454163,Grimes,BR,21,m,CA,Female
765,6,0.3562071871080222,Christina Aguilera,BR,21,m,US,Female
765,7,0.3333333333333333,Jess Glynne,BR,21,m,UK,Female
765,8,0.31546487678572877,Frank Ocean,BR,21,m,US,Male
765,9,0.3010299956639812,Apparat,BR,21,m,DE,Male
765,10,0.2890648263178879,Kurt Vile,BR,21,m,US,Male
766,1,1.0,Queen,DE,17,m,JP,Female
766,2,0.6309297535714575,John Maus,DE,17,m,US,Male
766,3,0.5,Ry x,DE,17,m,AU,Male
766,4,0.43067655807339306,Joe Goddard,DE,17,m,UK,Male
766,5,0.38685280723454163,Weyes Blood,DE,17,m,US,Female
766,6,0.3562071871080222,Dimension,DE,17,m,ES,Male
766,7,0.3333333333333333,Dido,DE,17,m,UK,Female
766,8,0.31546487678572877,Elvis Presley,DE,17,m,US,Male
766,9,0.3010299956639812,Elliott Smith,DE,17,m,US,Male
766,10,0.2890648263178879,Celldweller,DE,17,m,US,Male
767,1,1.0,Ariana Grande,RU,24,m,US,Female
767,2,0.6309297535714575,Kygo,RU,24,m,NO,Male
767,3,0.5,Charles Bolt,RU,24,m,US,Male
767,4,0.43067655807339306,Jess Glynne,RU,24,m,UK,Female
767,5,0.38685280723454163,IAMX,RU,24,m,DE,Male
767,6,0.3562071871080222,Frank Ocean,RU,24,m,US,Male
767,7,0.3333333333333333,John Maus,RU,24,m,US,Male
767,8,0.31546487678572877,AFI,RU,24,m,US,Female
767,9,0.3010299956639812,Dennis Lloyd,RU,24,m,IL,Male
767,10,0.2890648263178879,Beyoncé,RU,24,m,US,Female
768,1,1.0,Chelsea Wolfe,DE,18,m,US,Female
768,2,0.6309297535714575,Louis Tomlinson,DE,18,m,UK,Male
768,3,0.5,Ed Sheeran,DE,18,m,UK,Male
768,4,0.43067655807339306,Weyes Blood,DE,18,m,US,Female
768,5,0.38685280723454163,Tove Lo,DE,18,m,SE,Female
768,6,0.3562071871080222,Jennifer Paige,DE,18,m,US,Female
768,7,0.3333333333333333,Ed Sheeran,DE,18,m,UK,Male
768,8,0.31546487678572877,Frank Ocean,DE,18,m,US,Male
768,9,0.3010299956639812,John Maus,DE,18,m,US,Male
768,10,0.2890648263178879,Kygo,DE,18,m,NO,Male
769,1,1.0,Jess Glynne,US,22,m,UK,Female
769,2,0.6309297535714575,Toro y Moi,US,22,m,US,Male
769,3,0.5,Kacey Musgraves,US,22,m,US,Female
769,4,0.43067655807339306,Ed Sheeran,US,22,m,UK,Male
769,5,0.38685280723454163,Devin Townsend,US,22,m,CA,Male
769,6,0.3562071871080222,Ed Sheeran,US,22,m,UK,Male
769,7,0.3333333333333333,Four Tet,US,22,m,UK,Male
769,8,0.31546487678572877,Toro y Moi,US,22,m,US,Male
769,9,0.3010299956639812,Weyes Blood,US,22,m,US,Female
769,10,0.2890648263178879,Snail Mail,US,22,m,US,Female
770,1,1.0,Oneohtrix Point Never,FR,19,m,US,Male
770,2,0.6309297535714575,Arca,FR,19,m,VE,Non-binary
770,3,0.5,Chelsea Wolfe,FR,19,m,US,Female
770,4,0.43067655807339306,Devendra Banhart,FR,19,m,US,Male
770,5,0.38685280723454163,Panda Bear,FR,19,m,US,Male
770,6,0.3562071871080222,Lana Del Rey,FR,19,m,US,Female
770,7,0.3333333333333333,Marilyn Manson,FR,19,m,US,Male
770,8,0.31546487678572877,Paula Abdul,FR,19,m,US,Female
770,9,0.3010299956639812,Rob Zombie,FR,19,m,US,Male
770,10,0.2890648263178879,Kanye West,FR,19,m,US,Male
771,1,1.0,Louis Tomlinson,PL,17,m,UK,Male
771,2,0.6309297535714575,Jennifer Paige,PL,17,m,US,Female
771,3,0.5,Tove Lo,PL,17,m,SE,Female
771,4,0.43067655807339306,Frank Ocean,PL,17,m,US,Male
771,5,0.38685280723454163,Ed Sheeran,PL,17,m,UK,Male
771,6,0.3562071871080222,Ariana Grande,PL,17,m,US,Female
771,7,0.3333333333333333,Kygo,PL,17,m,NO,Male
771,8,0.31546487678572877,Ed Sheeran,PL,17,m,UK,Male
771,9,0.3010299956639812,Jess Glynne,PL,17,m,UK,Female
771,10,0.2890648263178879,Ry x,PL,17,m,AU,Male
772,1,1.0,Rihanna,FR,30,m,UK,Female
772,2,0.6309297535714575,Britney Spears,FR,30,m,US,Female
772,3,0.5,Apparat,FR,30,m,DE,Male
772,4,0.43067655807339306,Gwen Stefani,FR,30,m,US,Female
772,5,0.38685280723454163,Weyes Blood,FR,30,m,US,Female
772,6,0.3562071871080222,Grimes,FR,30,m,CA,Female
772,7,0.3333333333333333,Kanye West,FR,30,m,US,Male
772,8,0.31546487678572877,Sia,FR,30,m,AU,Female
772,9,0.3010299956639812,RuPaul,FR,30,m,US,Female
772,10,0.2890648263178879,Frank Ocean,FR,30,m,US,Male
773,1,1.0,Jess Glynne,EE,19,m,UK,Female
773,2,0.6309297535714575,Charles Bolt,EE,19,m,US,Male
773,3,0.5,Ry x,EE,19,m,AU,Male
773,4,0.43067655807339306,Dennis Lloyd,EE,19,m,IL,Male
773,5,0.38685280723454163,IAMX,EE,19,m,DE,Male
773,6,0.3562071871080222,Weyes Blood,EE,19,m,US,Female
773,7,0.3333333333333333,Joe Goddard,EE,19,m,UK,Male
773,8,0.31546487678572877,Dimension,EE,19,m,ES,Male
773,9,0.3010299956639812,Moby,EE,19,m,US,Male
773,10,0.2890648263178879,Elliott Smith,EE,19,m,US,Male
774,1,1.0,Ed Sheeran,MX,21,f,UK,Male
774,2,0.6309297535714575,Jess Glynne,MX,21,f,UK,Female
774,3,0.5,Ed Sheeran,MX,21,f,UK,Male
774,4,0.43067655807339306,Charles Bolt,MX,21,f,US,Male
774,5,0.38685280723454163,Dido,MX,21,f,UK,Female
774,6,0.3562071871080222,IAMX,MX,21,f,DE,Male
774,7,0.3333333333333333,Dennis Lloyd,MX,21,f,IL,Male
774,8,0.31546487678572877,Christina Aguilera,MX,21,f,US,Female
774,9,0.3010299956639812,Tame Impala,MX,21,f,AU,Male
774,10,0.2890648263178879,Moby,MX,21,f,US,Male
775,1,1.0,Kygo,PL,16,f,NO,Male
775,2,0.6309297535714575,Tove Lo,PL,16,f,SE,Female
775,3,0.5,Ariana Grande,PL,16,f,US,Female
775,4,0.43067655807339306,Chelsea Wolfe,PL,16,f,US,Female
775,5,0.38685280723454163,Dido,PL,16,f,UK,Female
775,6,0.3562071871080222,Ed Sheeran,PL,16,f,UK,Male
775,7,0.3333333333333333,Ed Sheeran,PL,16,f,UK,Male
775,8,0.31546487678572877,Jess Glynne,PL,16,f,UK,Female
775,9,0.3010299956639812,Chelsea Wolfe,PL,16,f,US,Female
775,10,0.2890648263178879,Pusha T,PL,16,f,US,Male
776,1,1.0,Tove Lo,RU,18,m,SE,Female
776,2,0.6309297535714575,Ry x,RU,18,m,AU,Male
776,3,0.5,Weyes Blood,RU,18,m,US,Female
776,4,0.43067655807339306,Kygo,RU,18,m,NO,Male
776,5,0.38685280723454163,Joe Goddard,RU,18,m,UK,Male
776,6,0.3562071871080222,Elliott Smith,RU,18,m,US,Male
776,7,0.3333333333333333,Jess Glynne,RU,18,m,UK,Female
776,8,0.31546487678572877,Toro y Moi,RU,18,m,US,Male
776,9,0.3010299956639812,Twin Shadow,RU,18,m,US,Male
776,10,0.2890648263178879,Charles Bolt,RU,18,m,US,Male
777,1,1.0,Kanye West,RU,28,m,US,Male
777,2,0.6309297535714575,Sia,RU,28,m,AU,Female
777,3,0.5,Lily Allen,RU,28,m,UK,Female
777,4,0.43067655807339306,Lisa Miskovsky,RU,28,m,SE,Female
777,5,0.38685280723454163,Jennifer Lopez,RU,28,m,US,Female
777,6,0.3562071871080222,Avril Lavigne,RU,28,m,CA,Female
777,7,0.3333333333333333,Queen,RU,28,m,JP,Female
777,8,0.31546487678572877,Jennifer Paige,RU,28,m,US,Female
777,9,0.3010299956639812,Katy Perry,RU,28,m,US,Female
777,10,0.2890648263178879,Louis Tomlinson,RU,28,m,UK,Male
778,1,1.0,John Maus,BG,25,m,US,Male
778,2,0.6309297535714575,Chelsea Wolfe,BG,25,m,US,Female
778,3,0.5,Ry x,BG,25,m,AU,Male
778,4,0.43067655807339306,Ariana Grande,BG,25,m,US,Female
778,5,0.38685280723454163,Kygo,BG,25,m,NO,Male
778,6,0.3562071871080222,Weyes Blood,BG,25,m,US,Female
778,7,0.3333333333333333,Joe Goddard,BG,25,m,UK,Male
778,8,0.31546487678572877,Jess Glynne,BG,25,m,UK,Female
778,9,0.3010299956639812,Elliott Smith,BG,25,m,US,Male
778,10,0.2890648263178879,Charles Bolt,BG,25,m,US,Male
780,1,1.0,Grimes,RU,19,m,CA,Female
780,2,0.6309297535714575,John Maus,RU,19,m,US,Male
780,3,0.5,Kurt Vile,RU,19,m,US,Male
780,4,0.43067655807339306,Apparat,RU,19,m,DE,Male
780,5,0.38685280723454163,Rita Ora,RU,19,m,UK,Female
780,6,0.3562071871080222,Lorde,RU,19,m,NZ,Female
780,7,0.3333333333333333,Noisestorm,RU,19,m,IE,Male
780,8,0.31546487678572877,Ariana Grande,RU,19,m,US,Female
780,9,0.3010299956639812,Weyes Blood,RU,19,m,US,Female
780,10,0.2890648263178879,Frank Ocean,RU,19,m,US,Male
781,1,1.0,Ariana Grande,RU,22,f,US,Female
781,2,0.6309297535714575,Kygo,RU,22,f,NO,Male
781,3,0.5,Ry x,RU,22,f,AU,Male
781,4,0.43067655807339306,Ed Sheeran,RU,22,f,UK,Male
781,5,0.38685280723454163,Jess Glynne,RU,22,f,UK,Female
781,6,0.3562071871080222,Weyes Blood,RU,22,f,US,Female
781,7,0.3333333333333333,Charles Bolt,RU,22,f,US,Male
781,8,0.31546487678572877,Joe Goddard,RU,22,f,UK,Male
781,9,0.3010299956639812,IAMX,RU,22,f,DE,Male
781,10,0.2890648263178879,Elliott Smith,RU,22,f,US,Male
782,1,1.0,Elvis Presley,US,24,m,US,Male
782,2,0.6309297535714575,Sharon Van Etten,US,24,m,US,Female
782,3,0.5,Oneohtrix Point Never,US,24,m,US,Male
782,4,0.43067655807339306,Bat for Lashes,US,24,m,UK,Female
782,5,0.38685280723454163,Danny Brown,US,24,m,US,Male
782,6,0.3562071871080222,Marissa Nadler,US,24,m,US,Female
782,7,0.3333333333333333,Chelsea Wolfe,US,24,m,US,Female
782,8,0.31546487678572877,Billy Joel,US,24,m,US,Male
782,9,0.3010299956639812,Leonard Cohen,US,24,m,CA,Male
782,10,0.2890648263178879,Jay Reatard,US,24,m,US,Male
783,1,1.0,Grimes,BR,15,f,CA,Female
783,2,0.6309297535714575,Queen,BR,15,f,JP,Female
783,3,0.5,John Maus,BR,15,f,US,Male
783,4,0.43067655807339306,Jess Glynne,BR,15,f,UK,Female
783,5,0.38685280723454163,Ed Sheeran,BR,15,f,UK,Male
783,6,0.3562071871080222,Ed Sheeran,BR,15,f,UK,Male
783,7,0.3333333333333333,Ariana Grande,BR,15,f,US,Female
783,8,0.31546487678572877,Grimes,BR,15,f,CA,Female
783,9,0.3010299956639812,Apparat,BR,15,f,DE,Male
783,10,0.2890648263178879,Charles Bolt,BR,15,f,US,Male
784,1,1.0,Jessie J,BR,18,f,UK,Female
784,2,0.6309297535714575,Sia,BR,18,f,AU,Female
784,3,0.5,PJ Harvey,BR,18,f,UK,Female
784,4,0.43067655807339306,Marilyn Manson,BR,18,f,US,Male
784,5,0.38685280723454163,Céu,BR,18,f,BR,Female
784,6,0.3562071871080222,Taylor Swift,BR,18,f,US,Female
784,7,0.3333333333333333,Adele,BR,18,f,UK,Female
784,8,0.31546487678572877,Kanye West,BR,18,f,US,Male
784,9,0.3010299956639812,Seal,BR,18,f,UK,Male
784,10,0.2890648263178879,Elvis Presley,BR,18,f,US,Male
785,1,1.0,Jess Glynne,AR,22,m,UK,Female
785,2,0.6309297535714575,IAMX,AR,22,m,DE,Male
785,3,0.5,Dennis Lloyd,AR,22,m,IL,Male
785,4,0.43067655807339306,Christina Aguilera,AR,22,m,US,Female
785,5,0.38685280723454163,AFI,AR,22,m,US,Female
785,6,0.3562071871080222,Moby,AR,22,m,US,Male
785,7,0.3333333333333333,Rihanna,AR,22,m,UK,Female
785,8,0.31546487678572877,Dimension,AR,22,m,ES,Male
785,9,0.3010299956639812,Beyoncé,AR,22,m,US,Female
785,10,0.2890648263178879,Britney Spears,AR,22,m,US,Female
787,1,1.0,IAMX,BR,18,m,DE,Male
787,2,0.6309297535714575,Dennis Lloyd,BR,18,m,IL,Male
787,3,0.5,AFI,BR,18,m,US,Female
787,4,0.43067655807339306,Beyoncé,BR,18,m,US,Female
787,5,0.38685280723454163,Moby,BR,18,m,US,Male
787,6,0.3562071871080222,Dido,BR,18,m,UK,Female
787,7,0.3333333333333333,Britney Spears,BR,18,m,US,Female
787,8,0.31546487678572877,Christina Aguilera,BR,18,m,US,Female
787,9,0.3010299956639812,Toro y Moi,BR,18,m,US,Male
787,10,0.2890648263178879,Rihanna,BR,18,m,UK,Female
788,1,1.0,Lisa Miskovsky,US,18,m,SE,Female
788,2,0.6309297535714575,Queen,US,18,m,JP,Female
788,3,0.5,Grimes,US,18,m,CA,Female
788,4,0.43067655807339306,Lily Allen,US,18,m,UK,Female
788,5,0.38685280723454163,Weyes Blood,US,18,m,US,Female
788,6,0.3562071871080222,Frank Ocean,US,18,m,US,Male
788,7,0.3333333333333333,Ed Sheeran,US,18,m,UK,Male
788,8,0.31546487678572877,John Maus,US,18,m,US,Male
788,9,0.3010299956639812,Avril Lavigne,US,18,m,CA,Female
788,10,0.2890648263178879,Louis Tomlinson,US,18,m,UK,Male
789,1,1.0,Carpenter Brut,UK,17,m,FR,Male
789,2,0.6309297535714575,Ozzy Osbourne,UK,17,m,UK,Male
789,3,0.5,Justin Timberlake,UK,17,m,US,Male
789,4,0.43067655807339306,Bob Marley & The Wailers,UK,17,m,JM,Male
789,5,0.38685280723454163,Kanye West,UK,17,m,US,Male
789,6,0.3562071871080222,Britney Spears,UK,17,m,US,Female
789,7,0.3333333333333333,Marilyn Manson,UK,17,m,US,Male
789,8,0.31546487678572877,PJ Harvey,UK,17,m,UK,Female
789,9,0.3010299956639812,Lana Del Rey,UK,17,m,US,Female
789,10,0.2890648263178879,Sharon Van Etten,UK,17,m,US,Female
790,1,1.0,Weyes Blood,UK,30,f,US,Female
790,2,0.6309297535714575,Frank Ocean,UK,30,f,US,Male
790,3,0.5,John Maus,UK,30,f,US,Male
790,4,0.43067655807339306,Queen,UK,30,f,JP,Female
790,5,0.38685280723454163,Ry x,UK,30,f,AU,Male
790,6,0.3562071871080222,Weyes Blood,UK,30,f,US,Female
790,7,0.3333333333333333,Ariana Grande,UK,30,f,US,Female
790,8,0.31546487678572877,Joe Goddard,UK,30,f,UK,Male
790,9,0.3010299956639812,Elliott Smith,UK,30,f,US,Male
790,10,0.2890648263178879,Kygo,UK,30,f,NO,Male
792,1,1.0,Toro y Moi,US,36,m,US,Male
792,2,0.6309297535714575,Twin Shadow,US,36,m,US,Male
792,3,0.5,IAMX,US,36,m,DE,Male
792,4,0.43067655807339306,Christina Aguilera,US,36,m,US,Female
792,5,0.38685280723454163,Charles Bolt,US,36,m,US,Male
792,6,0.3562071871080222,Dennis Lloyd,US,36,m,IL,Male
792,7,0.3333333333333333,Beyoncé,US,36,m,US,Female
792,8,0.31546487678572877,Tame Impala,US,36,m,AU,Male
792,9,0.3010299956639812,Sufjan Stevens,US,36,m,US,Male
792,10,0.2890648263178879,Britney Spears,US,36,m,US,Female
793,1,1.0,Ed Sheeran,PL,16,m,UK,Male
793,2,0.6309297535714575,Chelsea Wolfe,PL,16,m,US,Female
793,3,0.5,Wild Nothing,PL,16,m,US,Male
793,4,0.43067655807339306,Pional,PL,16,m,ES,Male
793,5,0.38685280723454163,Jeff Buckley,PL,16,m,US,Male
793,6,0.3562071871080222,Dido,PL,16,m,UK,Female
793,7,0.3333333333333333,Charlotte Day Wilson,PL,16,m,CA,Female
793,8,0.31546487678572877,Earl Sweatshirt,PL,16,m,US,Male
793,9,0.3010299956639812,Pusha T,PL,16,m,US,Male
793,10,0.2890648263178879,Sufjan Stevens,PL,16,m,US,Male
794,1,1.0,IAMX,PL,18,f,DE,Male
794,2,0.6309297535714575,Beyoncé,PL,18,f,US,Female
794,3,0.5,Elliott Smith,PL,18,f,US,Male
794,4,0.43067655807339306,Britney Spears,PL,18,f,US,Female
794,5,0.38685280723454163,Moby,PL,18,f,US,Male
794,6,0.3562071871080222,Dimension,PL,18,f,ES,Male
794,7,0.3333333333333333,AFI,PL,18,f,US,Female
794,8,0.31546487678572877,Mariah Carey,PL,18,f,US,Female
794,9,0.3010299956639812,Toro y Moi,PL,18,f,US,Male
794,10,0.2890648263178879,Lana Del Rey,PL,18,f,US,Female
795,1,1.0,Twin Shadow,US,19,m,US,Male
795,2,0.6309297535714575,Toro y Moi,US,19,m,US,Male
795,3,0.5,Jess Glynne,US,19,m,UK,Female
795,4,0.43067655807339306,Charles Bolt,US,19,m,US,Male
795,5,0.38685280723454163,IAMX,US,19,m,DE,Male
795,6,0.3562071871080222,Dennis Lloyd,US,19,m,IL,Male
795,7,0.3333333333333333,Dido,US,19,m,UK,Female
795,8,0.31546487678572877,Tame Impala,US,19,m,AU,Male
795,9,0.3010299956639812,Sufjan Stevens,US,19,m,US,Male
795,10,0.2890648263178879,Moby,US,19,m,US,Male
796,1,1.0,Lily Allen,RU,18,m,UK,Female
796,2,0.6309297535714575,Jennifer Paige,RU,18,m,US,Female
796,3,0.5,Louis Tomlinson,RU,18,m,UK,Male
796,4,0.43067655807339306,Tove Lo,RU,18,m,SE,Female
796,5,0.38685280723454163,Queen,RU,18,m,JP,Female
796,6,0.3562071871080222,Frank Ocean,RU,18,m,US,Male
796,7,0.3333333333333333,Ed Sheeran,RU,18,m,UK,Male
796,8,0.31546487678572877,Ariana Grande,RU,18,m,US,Female
796,9,0.3010299956639812,Kygo,RU,18,m,NO,Male
796,10,0.2890648263178879,John Maus,RU,18,m,US,Male
797,1,1.0,Ry x,BR,22,m,AU,Male
797,2,0.6309297535714575,Ariana Grande,BR,22,m,US,Female
797,3,0.5,Joe Goddard,BR,22,m,UK,Male
797,4,0.43067655807339306,Elliott Smith,BR,22,m,US,Male
797,5,0.38685280723454163,Kygo,BR,22,m,NO,Male
797,6,0.3562071871080222,Jess Glynne,BR,22,m,UK,Female
797,7,0.3333333333333333,Charles Bolt,BR,22,m,US,Male
797,8,0.31546487678572877,Twin Shadow,BR,22,m,US,Male
797,9,0.3010299956639812,Toro y Moi,BR,22,m,US,Male
797,10,0.2890648263178879,Dennis Lloyd,BR,22,m,IL,Male
798,1,1.0,Louis Tomlinson,SE,25,m,UK,Male
798,2,0.6309297535714575,Jennifer Paige,SE,25,m,US,Female
798,3,0.5,Tove Lo,SE,25,m,SE,Female
798,4,0.43067655807339306,Ry x,SE,25,m,AU,Male
798,5,0.38685280723454163,Chelsea Wolfe,SE,25,m,US,Female
798,6,0.3562071871080222,Ed Sheeran,SE,25,m,UK,Male
798,7,0.3333333333333333,Ariana Grande,SE,25,m,US,Female
798,8,0.31546487678572877,Weyes Blood,SE,25,m,US,Female
798,9,0.3010299956639812,Kygo,SE,25,m,NO,Male
798,10,0.2890648263178879,Elliott Smith,SE,25,m,US,Male
799,1,1.0,Kygo,PL,17,m,NO,Male
799,2,0.6309297535714575,Ariana Grande,PL,17,m,US,Female
799,3,0.5,Ry x,PL,17,m,AU,Male
799,4,0.43067655807339306,Dennis Lloyd,PL,17,m,IL,Male
799,5,0.38685280723454163,IAMX,PL,17,m,DE,Male
799,6,0.3562071871080222,Weyes Blood,PL,17,m,US,Female
799,7,0.3333333333333333,Elliott Smith,PL,17,m,US,Male
799,8,0.31546487678572877,Moby,PL,17,m,US,Male
799,9,0.3010299956639812,Joe Goddard,PL,17,m,UK,Male
799,10,0.2890648263178879,AFI,PL,17,m,US,Female
800,1,1.0,Adele,US,21,f,UK,Female
800,2,0.6309297535714575,Madonna,US,21,f,US,Female
800,3,0.5,Elvis Presley,US,21,f,US,Male
800,4,0.43067655807339306,Oneohtrix Point Never,US,21,f,US,Male
800,5,0.38685280723454163,Arca,US,21,f,VE,Non-binary
800,6,0.3562071871080222,Ed Sheeran,US,21,f,UK,Male
800,7,0.3333333333333333,Chelsea Wolfe,US,21,f,US,Female
800,8,0.31546487678572877,Laura Marling,US,21,f,UK,Female
800,9,0.3010299956639812,Ariana Grande,US,21,f,US,Female
800,10,0.2890648263178879,Seal,US,21,f,UK,Male
801,1,1.0,Queen,PL,21,m,JP,Female
801,2,0.6309297535714575,Louis Tomlinson,PL,21,m,UK,Male
801,3,0.5,Ed Sheeran,PL,21,m,UK,Male
801,4,0.43067655807339306,Jennifer Paige,PL,21,m,US,Female
801,5,0.38685280723454163,Tove Lo,PL,21,m,SE,Female
801,6,0.3562071871080222,Ry x,PL,21,m,AU,Male
801,7,0.3333333333333333,Ariana Grande,PL,21,m,US,Female
801,8,0.31546487678572877,Kygo,PL,21,m,NO,Male
801,9,0.3010299956639812,Joe Goddard,PL,21,m,UK,Male
801,10,0.2890648263178879,Weyes Blood,PL,21,m,US,Female
802,1,1.0,Jess Glynne,BR,20,m,UK,Female
802,2,0.6309297535714575,Dennis Lloyd,BR,20,m,IL,Male
802,3,0.5,Norah Jones,BR,20,m,US,Female
802,4,0.43067655807339306,Ed Sheeran,BR,20,m,UK,Male
802,5,0.38685280723454163,Princess Nokia,BR,20,m,US,Non-binary
802,6,0.3562071871080222,Kylie Minogue,BR,20,m,AU,Female
802,7,0.3333333333333333,Nicki Minaj,BR,20,m,US,Female
802,8,0.31546487678572877,Toro y Moi,BR,20,m,US,Male
802,9,0.3010299956639812,Lisa Miskovsky,BR,20,m,SE,Female
802,10,0.2890648263178879,Cher Lloyd,BR,20,m,UK,Female
803,1,1.0,Ed Sheeran,US,18,f,UK,Male
803,2,0.6309297535714575,Queen,US,18,f,JP,Female
803,3,0.5,John Maus,US,18,f,US,Male
803,4,0.43067655807339306,Dido,US,18,f,UK,Female
803,5,0.38685280723454163,Ry x,US,18,f,AU,Male
803,6,0.3562071871080222,Weyes Blood,US,18,f,US,Female
803,7,0.3333333333333333,Joe Goddard,US,18,f,UK,Male
803,8,0.31546487678572877,Christina Aguilera,US,18,f,US,Female
803,9,0.3010299956639812,Elliott Smith,US,18,f,US,Male
803,10,0.2890648263178879,Gregory Alan Isakov,US,18,f,US,Male
804,1,1.0,Caetano Veloso,NL,20,m,BR,Male
804,2,0.6309297535714575,Tony Bennett,NL,20,m,US,Male
804,3,0.5,Arnaldo Antunes,NL,20,m,BR,Male
804,4,0.43067655807339306,Emicida,NL,20,m,BR,Male
804,5,0.38685280723454163,Elis Regina,NL,20,m,BR,Female
804,6,0.3562071871080222,Alcione,NL,20,m,BR,Female
804,7,0.3333333333333333,Lily Allen,NL,20,m,UK,Female
804,8,0.31546487678572877,Norah Jones,NL,20,m,US,Female
804,9,0.3010299956639812,Chico Buarque,NL,20,m,BR,Male
804,10,0.2890648263178879,Armandinho,NL,20,m,BR,Male
805,1,1.0,Frank Ocean,DE,26,m,US,Male
805,2,0.6309297535714575,Grimes,DE,26,m,CA,Female
805,3,0.5,John Maus,DE,26,m,US,Male
805,4,0.43067655807339306,Britney Spears,DE,26,m,US,Female
805,5,0.38685280723454163,Ariana Grande,DE,26,m,US,Female
805,6,0.3562071871080222,Nicki Minaj,DE,26,m,US,Female
805,7,0.3333333333333333,Weyes Blood,DE,26,m,US,Female
805,8,0.31546487678572877,Rihanna,DE,26,m,UK,Female
805,9,0.3010299956639812,Wax Tailor,DE,26,m,FR,Male
805,10,0.2890648263178879,Ry x,DE,26,m,AU,Male
806,1,1.0,Queen,BR,17,f,JP,Female
806,2,0.6309297535714575,Chelsea Wolfe,BR,17,f,US,Female
806,3,0.5,John Maus,BR,17,f,US,Male
806,4,0.43067655807339306,Charles Bolt,BR,17,f,US,Male
806,5,0.38685280723454163,Dennis Lloyd,BR,17,f,IL,Male
806,6,0.3562071871080222,Britney Spears,BR,17,f,US,Female
806,7,0.3333333333333333,Beyoncé,BR,17,f,US,Female
806,8,0.31546487678572877,Ry x,BR,17,f,AU,Male
806,9,0.3010299956639812,IAMX,BR,17,f,DE,Male
806,10,0.2890648263178879,Dido,BR,17,f,UK,Female
807,1,1.0,Bob Marley & The Wailers,SK,21,m,JM,Male
807,2,0.6309297535714575,Ozzy Osbourne,SK,21,m,UK,Male
807,3,0.5,Jay Reatard,SK,21,m,US,Male
807,4,0.43067655807339306,Justin Timberlake,SK,21,m,US,Male
807,5,0.38685280723454163,Chelsea Wolfe,SK,21,m,US,Female
807,6,0.3562071871080222,Leonard Cohen,SK,21,m,CA,Male
807,7,0.3333333333333333,Wild Nothing,SK,21,m,US,Male
807,8,0.31546487678572877,Kurt Vile,SK,21,m,US,Male
807,9,0.3010299956639812,Travis Scott,SK,21,m,US,Male
807,10,0.2890648263178879,Marilyn Manson,SK,21,m,US,Male
808,1,1.0,Oneohtrix Point Never,BR,20,m,US,Male
808,2,0.6309297535714575,Ozzy Osbourne,BR,20,m,UK,Male
808,3,0.5,Marilyn Manson,BR,20,m,US,Male
808,4,0.43067655807339306,PJ Harvey,BR,20,m,UK,Female
808,5,0.38685280723454163,Caetano Veloso,BR,20,m,BR,Male
808,6,0.3562071871080222,Arca,BR,20,m,VE,Non-binary
808,7,0.3333333333333333,Paula Abdul,BR,20,m,US,Female
808,8,0.31546487678572877,Devendra Banhart,BR,20,m,US,Male
808,9,0.3010299956639812,Rob Zombie,BR,20,m,US,Male
808,10,0.2890648263178879,Lorde,BR,20,m,NZ,Female
809,1,1.0,Twin Shadow,US,15,f,US,Male
809,2,0.6309297535714575,Queen,US,15,f,JP,Female
809,3,0.5,Louis Tomlinson,US,15,f,UK,Male
809,4,0.43067655807339306,Tame Impala,US,15,f,AU,Male
809,5,0.38685280723454163,Pional,US,15,f,ES,Male
809,6,0.3562071871080222,Sufjan Stevens,US,15,f,US,Male
809,7,0.3333333333333333,Jennifer Paige,US,15,f,US,Female
809,8,0.31546487678572877,Chelsea Wolfe,US,15,f,US,Female
809,9,0.3010299956639812,Leonard Cohen,US,15,f,CA,Male
809,10,0.2890648263178879,Tove Lo,US,15,f,SE,Female
810,1,1.0,PJ Harvey,NL,17,m,UK,Female
810,2,0.6309297535714575,Paula Abdul,NL,17,m,US,Female
810,3,0.5,Mac DeMarco,NL,17,m,CA,Male
810,4,0.43067655807339306,Michael Jackson,NL,17,m,US,Male
810,5,0.38685280723454163,Sharon Van Etten,NL,17,m,US,Female
810,6,0.3562071871080222,Frank Ocean,NL,17,m,US,Male
810,7,0.3333333333333333,Rob Zombie,NL,17,m,US,Male
810,8,0.31546487678572877,Ariana Grande,NL,17,m,US,Female
810,9,0.3010299956639812,Bat for Lashes,NL,17,m,UK,Female
810,10,0.2890648263178879,Oneohtrix Point Never,NL,17,m,US,Male
811,1,1.0,John Maus,RU,24,m,US,Male
811,2,0.6309297535714575,Apparat,RU,24,m,DE,Male
811,3,0.5,Kurt Vile,RU,24,m,US,Male
811,4,0.43067655807339306,Grimes,RU,24,m,CA,Female
811,5,0.38685280723454163,RuPaul,RU,24,m,US,Female
811,6,0.3562071871080222,Weyes Blood,RU,24,m,US,Female
811,7,0.3333333333333333,Sia,RU,24,m,AU,Female
811,8,0.31546487678572877,Kanye West,RU,24,m,US,Male
811,9,0.3010299956639812,Frank Ocean,RU,24,m,US,Male
811,10,0.2890648263178879,Avril Lavigne,RU,24,m,CA,Female
812,1,1.0,Ry x,US,42,m,AU,Male
812,2,0.6309297535714575,Jess Glynne,US,42,m,UK,Female
812,3,0.5,Weyes Blood,US,42,m,US,Female
812,4,0.43067655807339306,Charles Bolt,US,42,m,US,Male
812,5,0.38685280723454163,Elliott Smith,US,42,m,US,Male
812,6,0.3562071871080222,IAMX,US,42,m,DE,Male
812,7,0.3333333333333333,Dennis Lloyd,US,42,m,IL,Male
812,8,0.31546487678572877,Dido,US,42,m,UK,Female
812,9,0.3010299956639812,Toro y Moi,US,42,m,US,Male
812,10,0.2890648263178879,Christina Aguilera,US,42,m,US,Female
813,1,1.0,Justin Timberlake,PH,17,m,US,Male
813,2,0.6309297535714575,Kanye West,PH,17,m,US,Male
813,3,0.5,Rush,PH,17,m,US,Male
813,4,0.43067655807339306,Lily Allen,PH,17,m,UK,Female
813,5,0.38685280723454163,Lana Del Rey,PH,17,m,US,Female
813,6,0.3562071871080222,James Arthur,PH,17,m,UK,Male
813,7,0.3333333333333333,Travis Scott,PH,17,m,US,Male
813,8,0.31546487678572877,Carpenter Brut,PH,17,m,FR,Male
813,9,0.3010299956639812,Toro y Moi,PH,17,m,US,Male
813,10,0.2890648263178879,Vanessa Carlton,PH,17,m,US,Female
814,1,1.0,Queen,BR,19,f,JP,Female
814,2,0.6309297535714575,Tove Lo,BR,19,f,SE,Female
814,3,0.5,Louis Tomlinson,BR,19,f,UK,Male
814,4,0.43067655807339306,Ariana Grande,BR,19,f,US,Female
814,5,0.38685280723454163,Elliott Smith,BR,19,f,US,Male
814,6,0.3562071871080222,Chelsea Wolfe,BR,19,f,US,Female
814,7,0.3333333333333333,Ed Sheeran,BR,19,f,UK,Male
814,8,0.31546487678572877,Kygo,BR,19,f,NO,Male
814,9,0.3010299956639812,Twin Shadow,BR,19,f,US,Male
814,10,0.2890648263178879,Toro y Moi,BR,19,f,US,Male
815,1,1.0,Chelsea Wolfe,FI,17,m,US,Female
815,2,0.6309297535714575,Dido,FI,17,m,UK,Female
815,3,0.5,Grimes,FI,17,m,CA,Female
815,4,0.43067655807339306,Queen,FI,17,m,JP,Female
815,5,0.38685280723454163,John Maus,FI,17,m,US,Male
815,6,0.3562071871080222,Thom Yorke,FI,17,m,UK,Male
815,7,0.3333333333333333,Rihanna,FI,17,m,UK,Female
815,8,0.31546487678572877,Kelly Clarkson,FI,17,m,US,Female
815,9,0.3010299956639812,Pat Benatar,FI,17,m,US,Female
815,10,0.2890648263178879,Apparat,FI,17,m,DE,Male
816,1,1.0,Louis Tomlinson,CL,18,m,UK,Male
816,2,0.6309297535714575,Tove Lo,CL,18,m,SE,Female
816,3,0.5,Queen,CL,18,m,JP,Female
816,4,0.43067655807339306,Ed Sheeran,CL,18,m,UK,Male
816,5,0.38685280723454163,Ariana Grande,CL,18,m,US,Female
816,6,0.3562071871080222,Chelsea Wolfe,CL,18,m,US,Female
816,7,0.3333333333333333,Kygo,CL,18,m,NO,Male
816,8,0.31546487678572877,Charles Bolt,CL,18,m,US,Male
816,9,0.3010299956639812,Jess Glynne,CL,18,m,UK,Female
816,10,0.2890648263178879,Ed Sheeran,CL,18,m,UK,Male
817,1,1.0,Ariana Grande,FI,20,m,US,Female
817,2,0.6309297535714575,Kygo,FI,20,m,NO,Male
817,3,0.5,Ry x,FI,20,m,AU,Male
817,4,0.43067655807339306,Jess Glynne,FI,20,m,UK,Female
817,5,0.38685280723454163,Charles Bolt,FI,20,m,US,Male
817,6,0.3562071871080222,Joe Goddard,FI,20,m,UK,Male
817,7,0.3333333333333333,Elliott Smith,FI,20,m,US,Male
817,8,0.31546487678572877,IAMX,FI,20,m,DE,Male
817,9,0.3010299956639812,Dennis Lloyd,FI,20,m,IL,Male
817,10,0.2890648263178879,Dido,FI,20,m,UK,Female
818,1,1.0,Chelsea Wolfe,US,21,f,US,Female
818,2,0.6309297535714575,Tove Lo,US,21,f,SE,Female
818,3,0.5,Ed Sheeran,US,21,f,UK,Male
818,4,0.43067655807339306,Ariana Grande,US,21,f,US,Female
818,5,0.38685280723454163,Kygo,US,21,f,NO,Male
818,6,0.3562071871080222,Ed Sheeran,US,21,f,UK,Male
818,7,0.3333333333333333,Jess Glynne,US,21,f,UK,Female
818,8,0.31546487678572877,Charles Bolt,US,21,f,US,Male
818,9,0.3010299956639812,IAMX,US,21,f,DE,Male
818,10,0.2890648263178879,Toro y Moi,US,21,f,US,Male
819,1,1.0,Queen,FR,27,m,JP,Female
819,2,0.6309297535714575,Jennifer Paige,FR,27,m,US,Female
819,3,0.5,Chelsea Wolfe,FR,27,m,US,Female
819,4,0.43067655807339306,Twin Shadow,FR,27,m,US,Male
819,5,0.38685280723454163,Tove Lo,FR,27,m,SE,Female
819,6,0.3562071871080222,Ariana Grande,FR,27,m,US,Female
819,7,0.3333333333333333,Ed Sheeran,FR,27,m,UK,Male
819,8,0.31546487678572877,Kygo,FR,27,m,NO,Male
819,9,0.3010299956639812,Jess Glynne,FR,27,m,UK,Female
819,10,0.2890648263178879,Sufjan Stevens,FR,27,m,US,Male
820,1,1.0,Chelsea Wolfe,PL,15,f,US,Female
820,2,0.6309297535714575,Ry x,PL,15,f,AU,Male
820,3,0.5,Ariana Grande,PL,15,f,US,Female
820,4,0.43067655807339306,Jess Glynne,PL,15,f,UK,Female
820,5,0.38685280723454163,Joe Goddard,PL,15,f,UK,Male
820,6,0.3562071871080222,Kygo,PL,15,f,NO,Male
820,7,0.3333333333333333,Charles Bolt,PL,15,f,US,Male
820,8,0.31546487678572877,Toro y Moi,PL,15,f,US,Male
820,9,0.3010299956639812,Moby,PL,15,f,US,Male
820,10,0.2890648263178879,Dennis Lloyd,PL,15,f,IL,Male
821,1,1.0,Rihanna,UK,18,m,UK,Female
821,2,0.6309297535714575,Demi Lovato,UK,18,m,US,Non-binary
821,3,0.5,Taylor Swift,UK,18,m,US,Female
821,4,0.43067655807339306,Jennifer Lopez,UK,18,m,US,Female
821,5,0.38685280723454163,Claudia Leitte,UK,18,m,BR,Female
821,6,0.3562071871080222,Queen,UK,18,m,JP,Female
821,7,0.3333333333333333,Anitta,UK,18,m,BR,Female
821,8,0.31546487678572877,Beyoncé,UK,18,m,US,Female
821,9,0.3010299956639812,Charles Bolt,UK,18,m,US,Male
821,10,0.2890648263178879,Kelly Clarkson,UK,18,m,US,Female
822,1,1.0,Lily Allen,AT,19,m,UK,Female
822,2,0.6309297535714575,Louis Tomlinson,AT,19,m,UK,Male
822,3,0.5,Chelsea Wolfe,AT,19,m,US,Female
822,4,0.43067655807339306,Queen,AT,19,m,JP,Female
822,5,0.38685280723454163,Ed Sheeran,AT,19,m,UK,Male
822,6,0.3562071871080222,Jennifer Paige,AT,19,m,US,Female
822,7,0.3333333333333333,Katy Perry,AT,19,m,US,Female
822,8,0.31546487678572877,Leonard Cohen,AT,19,m,CA,Male
822,9,0.3010299956639812,Tame Impala,AT,19,m,AU,Male
822,10,0.2890648263178879,Pional,AT,19,m,ES,Male
823,1,1.0,Tove Lo,CZ,17,m,SE,Female
823,2,0.6309297535714575,Ariana Grande,CZ,17,m,US,Female
823,3,0.5,Chelsea Wolfe,CZ,17,m,US,Female
823,4,0.43067655807339306,Ed Sheeran,CZ,17,m,UK,Male
823,5,0.38685280723454163,Ry x,CZ,17,m,AU,Male
823,6,0.3562071871080222,Weyes Blood,CZ,17,m,US,Female
823,7,0.3333333333333333,Joe Goddard,CZ,17,m,UK,Male
823,8,0.31546487678572877,Kygo,CZ,17,m,NO,Male
823,9,0.3010299956639812,Elliott Smith,CZ,17,m,US,Male
823,10,0.2890648263178879,Jess Glynne,CZ,17,m,UK,Female
824,1,1.0,Louis Tomlinson,PL,19,m,UK,Male
824,2,0.6309297535714575,Tove Lo,PL,19,m,SE,Female
824,3,0.5,Ariana Grande,PL,19,m,US,Female
824,4,0.43067655807339306,Taylor Swift,PL,19,m,US,Female
824,5,0.38685280723454163,Jess Glynne,PL,19,m,UK,Female
824,6,0.3562071871080222,Apparat,PL,19,m,DE,Male
824,7,0.3333333333333333,Mariah Carey,PL,19,m,US,Female
824,8,0.31546487678572877,Frank Ocean,PL,19,m,US,Male
824,9,0.3010299956639812,Madonna,PL,19,m,US,Female
824,10,0.2890648263178879,Queen,PL,19,m,JP,Female
826,1,1.0,Nicki Minaj,HR,20,f,US,Female
826,2,0.6309297535714575,Britney Spears,HR,20,f,US,Female
826,3,0.5,Rihanna,HR,20,f,UK,Female
826,4,0.43067655807339306,RuPaul,HR,20,f,US,Female
826,5,0.38685280723454163,Rod Stewart,HR,20,f,UK,Male
826,6,0.3562071871080222,John Maus,HR,20,f,US,Male
826,7,0.3333333333333333,Adele,HR,20,f,UK,Female
826,8,0.31546487678572877,Wax Tailor,HR,20,f,FR,Male
826,9,0.3010299956639812,Sia,HR,20,f,AU,Female
826,10,0.2890648263178879,Kanye West,HR,20,f,US,Male
827,1,1.0,Michael Jackson,UK,20,m,US,Male
827,2,0.6309297535714575,Ariana Grande,UK,20,m,US,Female
827,3,0.5,Sia,UK,20,m,AU,Female
827,4,0.43067655807339306,Rihanna,UK,20,m,UK,Female
827,5,0.38685280723454163,Rod Stewart,UK,20,m,UK,Male
827,6,0.3562071871080222,Serj Tankian,UK,20,m,US,Male
827,7,0.3333333333333333,John Mayer,UK,20,m,IN,Male
827,8,0.31546487678572877,Sia,UK,20,m,AU,Female
827,9,0.3010299956639812,Mariah Carey,UK,20,m,US,Female
827,10,0.2890648263178879,Nicki Minaj,UK,20,m,US,Female
828,1,1.0,Queen,BR,22,m,JP,Female
828,2,0.6309297535714575,John Maus,BR,22,m,US,Male
828,3,0.5,IAMX,BR,22,m,DE,Male
828,4,0.43067655807339306,Britney Spears,BR,22,m,US,Female
828,5,0.38685280723454163,Ry x,BR,22,m,AU,Male
828,6,0.3562071871080222,Christina Aguilera,BR,22,m,US,Female
828,7,0.3333333333333333,Dido,BR,22,m,UK,Female
828,8,0.31546487678572877,Joe Goddard,BR,22,m,UK,Male
828,9,0.3010299956639812,Moby,BR,22,m,US,Male
828,10,0.2890648263178879,Weyes Blood,BR,22,m,US,Female
829,1,1.0,Laura Marling,PL,18,f,UK,Female
829,2,0.6309297535714575,Oneohtrix Point Never,PL,18,f,US,Male
829,3,0.5,John Maus,PL,18,f,US,Male
829,4,0.43067655807339306,Panda Bear,PL,18,f,US,Male
829,5,0.38685280723454163,John Maus,PL,18,f,US,Male
829,6,0.3562071871080222,Arca,PL,18,f,VE,Non-binary
829,7,0.3333333333333333,Chelsea Wolfe,PL,18,f,US,Female
829,8,0.31546487678572877,Devendra Banhart,PL,18,f,US,Male
829,9,0.3010299956639812,Noisestorm,PL,18,f,IE,Male
829,10,0.2890648263178879,Michael Jackson,PL,18,f,US,Male
830,1,1.0,Ed Sheeran,UK,28,m,UK,Male
830,2,0.6309297535714575,Kygo,UK,28,m,NO,Male
830,3,0.5,Jess Glynne,UK,28,m,UK,Female
830,4,0.43067655807339306,Ed Sheeran,UK,28,m,UK,Male
830,5,0.38685280723454163,Charles Bolt,UK,28,m,US,Male
830,6,0.3562071871080222,Dido,UK,28,m,UK,Female
830,7,0.3333333333333333,IAMX,UK,28,m,DE,Male
830,8,0.31546487678572877,Rihanna,UK,28,m,UK,Female
830,9,0.3010299956639812,Christina Aguilera,UK,28,m,US,Female
830,10,0.2890648263178879,Dennis Lloyd,UK,28,m,IL,Male
831,1,1.0,Ariana Grande,AT,21,m,US,Female
831,2,0.6309297535714575,Kygo,AT,21,m,NO,Male
831,3,0.5,Jess Glynne,AT,21,m,UK,Female
831,4,0.43067655807339306,Charles Bolt,AT,21,m,US,Male
831,5,0.38685280723454163,IAMX,AT,21,m,DE,Male
831,6,0.3562071871080222,Dido,AT,21,m,UK,Female
831,7,0.3333333333333333,Toro y Moi,AT,21,m,US,Male
831,8,0.31546487678572877,Dennis Lloyd,AT,21,m,IL,Male
831,9,0.3010299956639812,Twin Shadow,AT,21,m,US,Male
831,10,0.2890648263178879,Moby,AT,21,m,US,Male
832,1,1.0,Elvis Presley,US,20,f,US,Male
832,2,0.6309297535714575,Ariana Grande,US,20,f,US,Female
832,3,0.5,Justin Timberlake,US,20,f,US,Male
832,4,0.43067655807339306,Carpenter Brut,US,20,f,FR,Male
832,5,0.38685280723454163,Ozzy Osbourne,US,20,f,UK,Male
832,6,0.3562071871080222,Bob Marley & The Wailers,US,20,f,JM,Male
832,7,0.3333333333333333,Marilyn Manson,US,20,f,US,Male
832,8,0.31546487678572877,Queen,US,20,f,JP,Female
832,9,0.3010299956639812,Britney Spears,US,20,f,US,Female
832,10,0.2890648263178879,Sharon Van Etten,US,20,f,US,Female
833,1,1.0,Dennis Lloyd,US,46,m,IL,Male
833,2,0.6309297535714575,Weyes Blood,US,46,m,US,Female
833,3,0.5,Elliott Smith,US,46,m,US,Male
833,4,0.43067655807339306,Dimension,US,46,m,ES,Male
833,5,0.38685280723454163,Moby,US,46,m,US,Male
833,6,0.3562071871080222,AFI,US,46,m,US,Female
833,7,0.3333333333333333,Toro y Moi,US,46,m,US,Male
833,8,0.31546487678572877,Mariah Carey,US,46,m,US,Female
833,9,0.3010299956639812,Steve Winwood,US,46,m,UK,Male
833,10,0.2890648263178879,Twin Shadow,US,46,m,US,Male
834,1,1.0,Frank Ocean,BR,15,f,US,Male
834,2,0.6309297535714575,John Maus,BR,15,f,US,Male
834,3,0.5,Queen,BR,15,f,JP,Female
834,4,0.43067655807339306,Ry x,BR,15,f,AU,Male
834,5,0.38685280723454163,Ed Sheeran,BR,15,f,UK,Male
834,6,0.3562071871080222,Chelsea Wolfe,BR,15,f,US,Female
834,7,0.3333333333333333,Weyes Blood,BR,15,f,US,Female
834,8,0.31546487678572877,Jess Glynne,BR,15,f,UK,Female
834,9,0.3010299956639812,Ellie Goulding,BR,15,f,UK,Female
834,10,0.2890648263178879,Elliott Smith,BR,15,f,US,Male
835,1,1.0,Ed Sheeran,RU,17,m,UK,Male
835,2,0.6309297535714575,Ariana Grande,RU,17,m,US,Female
835,3,0.5,Kygo,RU,17,m,NO,Male
835,4,0.43067655807339306,Ed Sheeran,RU,17,m,UK,Male
835,5,0.38685280723454163,Charles Bolt,RU,17,m,US,Male
835,6,0.3562071871080222,Jess Glynne,RU,17,m,UK,Female
835,7,0.3333333333333333,Moby,RU,17,m,US,Male
835,8,0.31546487678572877,Dimension,RU,17,m,ES,Male
835,9,0.3010299956639812,Dennis Lloyd,RU,17,m,IL,Male
835,10,0.2890648263178879,AFI,RU,17,m,US,Female
837,1,1.0,Chelsea Wolfe,BR,21,m,US,Female
837,2,0.6309297535714575,Ry x,BR,21,m,AU,Male
837,3,0.5,Weyes Blood,BR,21,m,US,Female
837,4,0.43067655807339306,Jess Glynne,BR,21,m,UK,Female
837,5,0.38685280723454163,Joe Goddard,BR,21,m,UK,Male
837,6,0.3562071871080222,Elliott Smith,BR,21,m,US,Male
837,7,0.3333333333333333,Charles Bolt,BR,21,m,US,Male
837,8,0.31546487678572877,Dennis Lloyd,BR,21,m,IL,Male
837,9,0.3010299956639812,Toro y Moi,BR,21,m,US,Male
837,10,0.2890648263178879,Twin Shadow,BR,21,m,US,Male
838,1,1.0,Ariana Grande,UA,18,m,US,Female
838,2,0.6309297535714575,Kygo,UA,18,m,NO,Male
838,3,0.5,Jess Glynne,UA,18,m,UK,Female
838,4,0.43067655807339306,Charles Bolt,UA,18,m,US,Male
838,5,0.38685280723454163,IAMX,UA,18,m,DE,Male
838,6,0.3562071871080222,Dennis Lloyd,UA,18,m,IL,Male
838,7,0.3333333333333333,Weyes Blood,UA,18,m,US,Female
838,8,0.31546487678572877,Joe Goddard,UA,18,m,UK,Male
838,9,0.3010299956639812,AFI,UA,18,m,US,Female
838,10,0.2890648263178879,Dimension,UA,18,m,ES,Male
839,1,1.0,Angel Olsen,NO,21,m,US,Female
839,2,0.6309297535714575,Marilyn Manson,NO,21,m,US,Male
839,3,0.5,Lana Del Rey,NO,21,m,US,Female
839,4,0.43067655807339306,Hana Vu,NO,21,m,US,Female
839,5,0.38685280723454163,Jay Reatard,NO,21,m,US,Male
839,6,0.3562071871080222,Britney Spears,NO,21,m,US,Female
839,7,0.3333333333333333,Kurt Vile,NO,21,m,US,Male
839,8,0.31546487678572877,Marissa Nadler,NO,21,m,US,Female
839,9,0.3010299956639812,Kendrick Lamar,NO,21,m,US,Male
839,10,0.2890648263178879,James Blake,NO,21,m,UK,Male
840,1,1.0,Weyes Blood,AU,17,m,US,Female
840,2,0.6309297535714575,Ry x,AU,17,m,AU,Male
840,3,0.5,Jess Glynne,AU,17,m,UK,Female
840,4,0.43067655807339306,Joe Goddard,AU,17,m,UK,Male
840,5,0.38685280723454163,IAMX,AU,17,m,DE,Male
840,6,0.3562071871080222,Elliott Smith,AU,17,m,US,Male
840,7,0.3333333333333333,Dennis Lloyd,AU,17,m,IL,Male
840,8,0.31546487678572877,Moby,AU,17,m,US,Male
840,9,0.3010299956639812,AFI,AU,17,m,US,Female
840,10,0.2890648263178879,Britney Spears,AU,17,m,US,Female
842,1,1.0,Jess Glynne,AU,17,m,UK,Female
842,2,0.6309297535714575,Charles Bolt,AU,17,m,US,Male
842,3,0.5,Sufjan Stevens,AU,17,m,US,Male
842,4,0.43067655807339306,Dennis Lloyd,AU,17,m,IL,Male
842,5,0.38685280723454163,Rihanna,AU,17,m,UK,Female
842,6,0.3562071871080222,Pional,AU,17,m,ES,Male
842,7,0.3333333333333333,Christina Aguilera,AU,17,m,US,Female
842,8,0.31546487678572877,Chelsea Wolfe,AU,17,m,US,Female
842,9,0.3010299956639812,Dimension,AU,17,m,ES,Male
842,10,0.2890648263178879,Lauren Daigle,AU,17,m,US,Female
843,1,1.0,Chelsea Wolfe,CA,27,m,US,Female
843,2,0.6309297535714575,Arca,CA,27,m,VE,Non-binary
843,3,0.5,Devendra Banhart,CA,27,m,US,Male
843,4,0.43067655807339306,Carpenter Brut,CA,27,m,FR,Male
843,5,0.38685280723454163,Billy Joel,CA,27,m,US,Male
843,6,0.3562071871080222,Bob Marley & The Wailers,CA,27,m,JM,Male
843,7,0.3333333333333333,Kanye West,CA,27,m,US,Male
843,8,0.31546487678572877,Ozzy Osbourne,CA,27,m,UK,Male
843,9,0.3010299956639812,Damien Jurado,CA,27,m,US,Male
843,10,0.2890648263178879,Justin Timberlake,CA,27,m,US,Male
844,1,1.0,Kanye West,AT,19,m,US,Male
844,2,0.6309297535714575,Madonna,AT,19,m,US,Female
844,3,0.5,Elvis Presley,AT,19,m,US,Male
844,4,0.43067655807339306,Seal,AT,19,m,UK,Male
844,5,0.38685280723454163,Ariana Grande,AT,19,m,US,Female
844,6,0.3562071871080222,Jay Reatard,AT,19,m,US,Male
844,7,0.3333333333333333,Chelsea Wolfe,AT,19,m,US,Female
844,8,0.31546487678572877,Leonard Cohen,AT,19,m,CA,Male
844,9,0.3010299956639812,Wild Nothing,AT,19,m,US,Male
844,10,0.2890648263178879,Marissa Nadler,AT,19,m,US,Female
845,1,1.0,Louis Tomlinson,JP,24,m,UK,Male
845,2,0.6309297535714575,Ry x,JP,24,m,AU,Male
845,3,0.5,Joe Goddard,JP,24,m,UK,Male
845,4,0.43067655807339306,Dennis Lloyd,JP,24,m,IL,Male
845,5,0.38685280723454163,Charles Bolt,JP,24,m,US,Male
845,6,0.3562071871080222,IAMX,JP,24,m,DE,Male
845,7,0.3333333333333333,Weyes Blood,JP,24,m,US,Female
845,8,0.31546487678572877,Elliott Smith,JP,24,m,US,Male
845,9,0.3010299956639812,Dido,JP,24,m,UK,Female
845,10,0.2890648263178879,Toro y Moi,JP,24,m,US,Male
846,1,1.0,Panda Bear,MK,24,f,US,Male
846,2,0.6309297535714575,Oneohtrix Point Never,MK,24,f,US,Male
846,3,0.5,Chelsea Wolfe,MK,24,f,US,Female
846,4,0.43067655807339306,Laura Marling,MK,24,f,UK,Female
846,5,0.38685280723454163,John Maus,MK,24,f,US,Male
846,6,0.3562071871080222,Devendra Banhart,MK,24,f,US,Male
846,7,0.3333333333333333,Arca,MK,24,f,VE,Non-binary
846,8,0.31546487678572877,PJ Harvey,MK,24,f,UK,Female
846,9,0.3010299956639812,Queen,MK,24,f,JP,Female
846,10,0.2890648263178879,Ariana Grande,MK,24,f,US,Female
848,1,1.0,Ariana Grande,UA,21,f,US,Female
848,2,0.6309297535714575,Ry x,UA,21,f,AU,Male
848,3,0.5,Kygo,UA,21,f,NO,Male
848,4,0.43067655807339306,Weyes Blood,UA,21,f,US,Female
848,5,0.38685280723454163,Ed Sheeran,UA,21,f,UK,Male
848,6,0.3562071871080222,Jess Glynne,UA,21,f,UK,Female
848,7,0.3333333333333333,Elliott Smith,UA,21,f,US,Male
848,8,0.31546487678572877,Charles Bolt,UA,21,f,US,Male
848,9,0.3010299956639812,IAMX,UA,21,f,DE,Male
848,10,0.2890648263178879,Toro y Moi,UA,21,f,US,Male
849,1,1.0,Laura Marling,JP,24,m,UK,Female
849,2,0.6309297535714575,John Maus,JP,24,m,US,Male
849,3,0.5,Chelsea Wolfe,JP,24,m,US,Female
849,4,0.43067655807339306,PJ Harvey,JP,24,m,UK,Female
849,5,0.38685280723454163,Rush,JP,24,m,US,Male
849,6,0.3562071871080222,Lana Del Rey,JP,24,m,US,Female
849,7,0.3333333333333333,Arca,JP,24,m,VE,Non-binary
849,8,0.31546487678572877,Britney Spears,JP,24,m,US,Female
849,9,0.3010299956639812,Rita Ora,JP,24,m,UK,Female
849,10,0.2890648263178879,Devendra Banhart,JP,24,m,US,Male
851,1,1.0,Ry x,RU,16,m,AU,Male
851,2,0.6309297535714575,Kygo,RU,16,m,NO,Male
851,3,0.5,Weyes Blood,RU,16,m,US,Female
851,4,0.43067655807339306,Joe Goddard,RU,16,m,UK,Male
851,5,0.38685280723454163,Elliott Smith,RU,16,m,US,Male
851,6,0.3562071871080222,Twin Shadow,RU,16,m,US,Male
851,7,0.3333333333333333,Toro y Moi,RU,16,m,US,Male
851,8,0.31546487678572877,Dennis Lloyd,RU,16,m,IL,Male
851,9,0.3010299956639812,Dido,RU,16,m,UK,Female
851,10,0.2890648263178879,AFI,RU,16,m,US,Female
852,1,1.0,Oneohtrix Point Never,BR,31,m,US,Male
852,2,0.6309297535714575,Sia,BR,31,m,AU,Female
852,3,0.5,Marilyn Manson,BR,31,m,US,Male
852,4,0.43067655807339306,Devendra Banhart,BR,31,m,US,Male
852,5,0.38685280723454163,Elvis Presley,BR,31,m,US,Male
852,6,0.3562071871080222,PJ Harvey,BR,31,m,UK,Female
852,7,0.3333333333333333,Madonna,BR,31,m,US,Female
852,8,0.31546487678572877,Arca,BR,31,m,VE,Non-binary
852,9,0.3010299956639812,Ariana Grande,BR,31,m,US,Female
852,10,0.2890648263178879,PJ Harvey,BR,31,m,UK,Female
853,1,1.0,Jess Glynne,US,40,m,UK,Female
853,2,0.6309297535714575,Elliott Smith,US,40,m,US,Male
853,3,0.5,IAMX,US,40,m,DE,Male
853,4,0.43067655807339306,Toro y Moi,US,40,m,US,Male
853,5,0.38685280723454163,AFI,US,40,m,US,Female
853,6,0.3562071871080222,Dido,US,40,m,UK,Female
853,7,0.3333333333333333,Dennis Lloyd,US,40,m,IL,Male
853,8,0.31546487678572877,Twin Shadow,US,40,m,US,Male
853,9,0.3010299956639812,Beyoncé,US,40,m,US,Female
853,10,0.2890648263178879,Britney Spears,US,40,m,US,Female
854,1,1.0,Queen,IE,43,m,JP,Female
854,2,0.6309297535714575,Frank Ocean,IE,43,m,US,Male
854,3,0.5,John Maus,IE,43,m,US,Male
854,4,0.43067655807339306,Kygo,IE,43,m,NO,Male
854,5,0.38685280723454163,Charles Bolt,IE,43,m,US,Male
854,6,0.3562071871080222,Jess Glynne,IE,43,m,UK,Female
854,7,0.3333333333333333,Ry x,IE,43,m,AU,Male
854,8,0.31546487678572877,Weyes Blood,IE,43,m,US,Female
854,9,0.3010299956639812,Joe Goddard,IE,43,m,UK,Male
854,10,0.2890648263178879,Elliott Smith,IE,43,m,US,Male
856,1,1.0,Weyes Blood,ES,25,m,US,Female
856,2,0.6309297535714575,Kygo,ES,25,m,NO,Male
856,3,0.5,Ariana Grande,ES,25,m,US,Female
856,4,0.43067655807339306,John Maus,ES,25,m,US,Male
856,5,0.38685280723454163,Frank Ocean,ES,25,m,US,Male
856,6,0.3562071871080222,Ry x,ES,25,m,AU,Male
856,7,0.3333333333333333,Elliott Smith,ES,25,m,US,Male
856,8,0.31546487678572877,Parov Stelar,ES,25,m,AT,Male
856,9,0.3010299956639812,Weyes Blood,ES,25,m,US,Female
856,10,0.2890648263178879,Elvis Presley,ES,25,m,US,Male
857,1,1.0,Apparat,NP,29,m,DE,Male
857,2,0.6309297535714575,Rihanna,NP,29,m,UK,Female
857,3,0.5,Ariana Grande,NP,29,m,US,Female
857,4,0.43067655807339306,Britney Spears,NP,29,m,US,Female
857,5,0.38685280723454163,Nicki Minaj,NP,29,m,US,Female
857,6,0.3562071871080222,Nile,NP,29,m,US,Female
857,7,0.3333333333333333,Klaas,NP,29,m,DE,Male
857,8,0.31546487678572877,Justin Bieber,NP,29,m,CA,Male
857,9,0.3010299956639812,Frank Ocean,NP,29,m,US,Male
857,10,0.2890648263178879,Weyes Blood,NP,29,m,US,Female
858,1,1.0,Queen,BR,15,m,JP,Female
858,2,0.6309297535714575,Chelsea Wolfe,BR,15,m,US,Female
858,3,0.5,John Maus,BR,15,m,US,Male
858,4,0.43067655807339306,IAMX,BR,15,m,DE,Male
858,5,0.38685280723454163,Dawn Richard,BR,15,m,US,Female
858,6,0.3562071871080222,Weyes Blood,BR,15,m,US,Female
858,7,0.3333333333333333,Ry x,BR,15,m,AU,Male
858,8,0.31546487678572877,Pat Benatar,BR,15,m,US,Female
858,9,0.3010299956639812,Mariah Carey,BR,15,m,US,Female
858,10,0.2890648263178879,Joe Goddard,BR,15,m,UK,Male
859,1,1.0,Gwen Stefani,PL,18,m,US,Female
859,2,0.6309297535714575,Kanye West,PL,18,m,US,Male
859,3,0.5,Sia,PL,18,m,AU,Female
859,4,0.43067655807339306,Jennifer Lopez,PL,18,m,US,Female
859,5,0.38685280723454163,Lisa Miskovsky,PL,18,m,SE,Female
859,6,0.3562071871080222,Lily Allen,PL,18,m,UK,Female
859,7,0.3333333333333333,Queen,PL,18,m,JP,Female
859,8,0.31546487678572877,Avril Lavigne,PL,18,m,CA,Female
859,9,0.3010299956639812,Katy Perry,PL,18,m,US,Female
859,10,0.2890648263178879,Chelsea Wolfe,PL,18,m,US,Female
860,1,1.0,IAMX,DE,20,f,DE,Male
860,2,0.6309297535714575,Grimes,DE,20,f,CA,Female
860,3,0.5,Queen,DE,20,f,JP,Female
860,4,0.43067655807339306,Moby,DE,20,f,US,Male
860,5,0.38685280723454163,Kurt Vile,DE,20,f,US,Male
860,6,0.3562071871080222,Dimension,DE,20,f,ES,Male
860,7,0.3333333333333333,Alexander Rybak,DE,20,f,NO,Male
860,8,0.31546487678572877,Pedro Sampaio,DE,20,f,BR,Male
860,9,0.3010299956639812,Annie Lennox,DE,20,f,UK,Female
860,10,0.2890648263178879,Ariana Grande,DE,20,f,US,Female
861,1,1.0,Queen,UA,18,f,JP,Female
861,2,0.6309297535714575,Christina Aguilera,UA,18,f,US,Female
861,3,0.5,Britney Spears,UA,18,f,US,Female
861,4,0.43067655807339306,IAMX,UA,18,f,DE,Male
861,5,0.38685280723454163,Ry x,UA,18,f,AU,Male
861,6,0.3562071871080222,Rihanna,UA,18,f,UK,Female
861,7,0.3333333333333333,Mariah Carey,UA,18,f,US,Female
861,8,0.31546487678572877,Avril Lavigne,UA,18,f,CA,Female
861,9,0.3010299956639812,Joe Goddard,UA,18,f,UK,Male
861,10,0.2890648263178879,Weyes Blood,UA,18,f,US,Female
862,1,1.0,Tove Lo,PL,17,m,SE,Female
862,2,0.6309297535714575,Ariana Grande,PL,17,m,US,Female
862,3,0.5,Ed Sheeran,PL,17,m,UK,Male
862,4,0.43067655807339306,Kygo,PL,17,m,NO,Male
862,5,0.38685280723454163,Ed Sheeran,PL,17,m,UK,Male
862,6,0.3562071871080222,Jess Glynne,PL,17,m,UK,Female
862,7,0.3333333333333333,Tame Impala,PL,17,m,AU,Male
862,8,0.31546487678572877,Charles Bolt,PL,17,m,US,Male
862,9,0.3010299956639812,Leonard Cohen,PL,17,m,CA,Male
862,10,0.2890648263178879,Dido,PL,17,m,UK,Female
863,1,1.0,Oneohtrix Point Never,MX,21,m,US,Male
863,2,0.6309297535714575,Chelsea Wolfe,MX,21,m,US,Female
863,3,0.5,PJ Harvey,MX,21,m,UK,Female
863,4,0.43067655807339306,Kanye West,MX,21,m,US,Male
863,5,0.38685280723454163,Ozzy Osbourne,MX,21,m,UK,Male
863,6,0.3562071871080222,PJ Harvey,MX,21,m,UK,Female
863,7,0.3333333333333333,Justin Timberlake,MX,21,m,US,Male
863,8,0.31546487678572877,Damien Jurado,MX,21,m,US,Male
863,9,0.3010299956639812,Britney Spears,MX,21,m,US,Female
863,10,0.2890648263178879,Marilyn Manson,MX,21,m,US,Male
864,1,1.0,Oneohtrix Point Never,IT,23,f,US,Male
864,2,0.6309297535714575,John Maus,IT,23,f,US,Male
864,3,0.5,Panda Bear,IT,23,f,US,Male
864,4,0.43067655807339306,John Maus,IT,23,f,US,Male
864,5,0.38685280723454163,Arca,IT,23,f,VE,Non-binary
864,6,0.3562071871080222,Elvis Presley,IT,23,f,US,Male
864,7,0.3333333333333333,Devendra Banhart,IT,23,f,US,Male
864,8,0.31546487678572877,Billy Joel,IT,23,f,US,Male
864,9,0.3010299956639812,Carpenter Brut,IT,23,f,FR,Male
864,10,0.2890648263178879,Kanye West,IT,23,f,US,Male
865,1,1.0,Ariana Grande,FI,18,f,US,Female
865,2,0.6309297535714575,Ed Sheeran,FI,18,f,UK,Male
865,3,0.5,Kygo,FI,18,f,NO,Male
865,4,0.43067655807339306,Ed Sheeran,FI,18,f,UK,Male
865,5,0.38685280723454163,Charles Bolt,FI,18,f,US,Male
865,6,0.3562071871080222,Jess Glynne,FI,18,f,UK,Female
865,7,0.3333333333333333,Toro y Moi,FI,18,f,US,Male
865,8,0.31546487678572877,Twin Shadow,FI,18,f,US,Male
865,9,0.3010299956639812,IAMX,FI,18,f,DE,Male
865,10,0.2890648263178879,Dido,FI,18,f,UK,Female
866,1,1.0,Queen,BR,19,m,JP,Female
866,2,0.6309297535714575,Louis Tomlinson,BR,19,m,UK,Male
866,3,0.5,Jennifer Paige,BR,19,m,US,Female
866,4,0.43067655807339306,Ry x,BR,19,m,AU,Male
866,5,0.38685280723454163,Chelsea Wolfe,BR,19,m,US,Female
866,6,0.3562071871080222,Tove Lo,BR,19,m,SE,Female
866,7,0.3333333333333333,Weyes Blood,BR,19,m,US,Female
866,8,0.31546487678572877,Ed Sheeran,BR,19,m,UK,Male
866,9,0.3010299956639812,Ariana Grande,BR,19,m,US,Female
866,10,0.2890648263178879,Joe Goddard,BR,19,m,UK,Male
867,1,1.0,Oneohtrix Point Never,IR,20,m,US,Male
867,2,0.6309297535714575,Panda Bear,IR,20,m,US,Male
867,3,0.5,Chelsea Wolfe,IR,20,m,US,Female
867,4,0.43067655807339306,John Maus,IR,20,m,US,Male
867,5,0.38685280723454163,Arca,IR,20,m,VE,Non-binary
867,6,0.3562071871080222,Devendra Banhart,IR,20,m,US,Male
867,7,0.3333333333333333,PJ Harvey,IR,20,m,UK,Female
867,8,0.31546487678572877,Damien Jurado,IR,20,m,US,Male
867,9,0.3010299956639812,Kanye West,IR,20,m,US,Male
867,10,0.2890648263178879,PJ Harvey,IR,20,m,UK,Female
869,1,1.0,Queen,MK,24,m,JP,Female
869,2,0.6309297535714575,Chelsea Wolfe,MK,24,m,US,Female
869,3,0.5,Christina Aguilera,MK,24,m,US,Female
869,4,0.43067655807339306,Britney Spears,MK,24,m,US,Female
869,5,0.38685280723454163,Weyes Blood,MK,24,m,US,Female
869,6,0.3562071871080222,IAMX,MK,24,m,DE,Male
869,7,0.3333333333333333,Elliott Smith,MK,24,m,US,Male
869,8,0.31546487678572877,Lana Del Rey,MK,24,m,US,Female
869,9,0.3010299956639812,Moby,MK,24,m,US,Male
869,10,0.2890648263178879,Lorde,MK,24,m,NZ,Female
870,1,1.0,Louis Tomlinson,BR,14,m,UK,Male
870,2,0.6309297535714575,John Maus,BR,14,m,US,Male
870,3,0.5,Queen,BR,14,m,JP,Female
870,4,0.43067655807339306,Gal Costa,BR,14,m,BR,Female
870,5,0.38685280723454163,Ed Sheeran,BR,14,m,UK,Male
870,6,0.3562071871080222,Kygo,BR,14,m,NO,Male
870,7,0.3333333333333333,Ry x,BR,14,m,AU,Male
870,8,0.31546487678572877,Jess Glynne,BR,14,m,UK,Female
870,9,0.3010299956639812,Chelsea Wolfe,BR,14,m,US,Female
870,10,0.2890648263178879,Ellie Goulding,BR,14,m,UK,Female
871,1,1.0,Chelsea Wolfe,PL,18,m,US,Female
871,2,0.6309297535714575,Tove Lo,PL,18,m,SE,Female
871,3,0.5,Ariana Grande,PL,18,m,US,Female
871,4,0.43067655807339306,Ed Sheeran,PL,18,m,UK,Male
871,5,0.38685280723454163,Kygo,PL,18,m,NO,Male
871,6,0.3562071871080222,Twin Shadow,PL,18,m,US,Male
871,7,0.3333333333333333,Toro y Moi,PL,18,m,US,Male
871,8,0.31546487678572877,Jess Glynne,PL,18,m,UK,Female
871,9,0.3010299956639812,Ed Sheeran,PL,18,m,UK,Male
871,10,0.2890648263178879,Charles Bolt,PL,18,m,US,Male
872,1,1.0,Chelsea Wolfe,PL,25,f,US,Female
872,2,0.6309297535714575,Devendra Banhart,PL,25,f,US,Male
872,3,0.5,Damien Jurado,PL,25,f,US,Male
872,4,0.43067655807339306,Sharon Van Etten,PL,25,f,US,Female
872,5,0.38685280723454163,Mac DeMarco,PL,25,f,CA,Male
872,6,0.3562071871080222,Kanye West,PL,25,f,US,Male
872,7,0.3333333333333333,Oneohtrix Point Never,PL,25,f,US,Male
872,8,0.31546487678572877,Chelsea Wolfe,PL,25,f,US,Female
872,9,0.3010299956639812,Bat for Lashes,PL,25,f,UK,Female
872,10,0.2890648263178879,Britney Spears,PL,25,f,US,Female
873,1,1.0,John Maus,BR,18,m,US,Male
873,2,0.6309297535714575,Grimes,BR,18,m,CA,Female
873,3,0.5,Kurt Vile,BR,18,m,US,Male
873,4,0.43067655807339306,Avril Lavigne,BR,18,m,CA,Female
873,5,0.38685280723454163,Queen,BR,18,m,JP,Female
873,6,0.3562071871080222,Lily Allen,BR,18,m,UK,Female
873,7,0.3333333333333333,Louis Tomlinson,BR,18,m,UK,Male
873,8,0.31546487678572877,Katy Perry,BR,18,m,US,Female
873,9,0.3010299956639812,Frank Ocean,BR,18,m,US,Male
873,10,0.2890648263178879,Weyes Blood,BR,18,m,US,Female
874,1,1.0,Oneohtrix Point Never,US,18,f,US,Male
874,2,0.6309297535714575,Panda Bear,US,18,f,US,Male
874,3,0.5,John Maus,US,18,f,US,Male
874,4,0.43067655807339306,Chelsea Wolfe,US,18,f,US,Female
874,5,0.38685280723454163,Laura Marling,US,18,f,UK,Female
874,6,0.3562071871080222,Arca,US,18,f,VE,Non-binary
874,7,0.3333333333333333,PJ Harvey,US,18,f,UK,Female
874,8,0.31546487678572877,Rita Ora,US,18,f,UK,Female
874,9,0.3010299956639812,Noisestorm,US,18,f,IE,Male
874,10,0.2890648263178879,Rob Zombie,US,18,f,US,Male
875,1,1.0,Queen,FI,22,m,JP,Female
875,2,0.6309297535714575,Ed Sheeran,FI,22,m,UK,Male
875,3,0.5,Chelsea Wolfe,FI,22,m,US,Female
875,4,0.43067655807339306,Ed Sheeran,FI,22,m,UK,Male
875,5,0.38685280723454163,Ry x,FI,22,m,AU,Male
875,6,0.3562071871080222,Weyes Blood,FI,22,m,US,Female
875,7,0.3333333333333333,Dido,FI,22,m,UK,Female
875,8,0.31546487678572877,Taylor Swift,FI,22,m,US,Female
875,9,0.3010299956639812,Gregory Alan Isakov,FI,22,m,US,Male
875,10,0.2890648263178879,Elliott Smith,FI,22,m,US,Male
876,1,1.0,Ariana Grande,DE,19,m,US,Female
876,2,0.6309297535714575,Kygo,DE,19,m,NO,Male
876,3,0.5,Ed Sheeran,DE,19,m,UK,Male
876,4,0.43067655807339306,Toro y Moi,DE,19,m,US,Male
876,5,0.38685280723454163,Ed Sheeran,DE,19,m,UK,Male
876,6,0.3562071871080222,Jess Glynne,DE,19,m,UK,Female
876,7,0.3333333333333333,Charles Bolt,DE,19,m,US,Male
876,8,0.31546487678572877,Dido,DE,19,m,UK,Female
876,9,0.3010299956639812,Sufjan Stevens,DE,19,m,US,Male
876,10,0.2890648263178879,IAMX,DE,19,m,DE,Male
877,1,1.0,Oneohtrix Point Never,CA,41,m,US,Male
877,2,0.6309297535714575,Chelsea Wolfe,CA,41,m,US,Female
877,3,0.5,PJ Harvey,CA,41,m,UK,Female
877,4,0.43067655807339306,Arca,CA,41,m,VE,Non-binary
877,5,0.38685280723454163,Devendra Banhart,CA,41,m,US,Male
877,6,0.3562071871080222,Ozzy Osbourne,CA,41,m,UK,Male
877,7,0.3333333333333333,Kanye West,CA,41,m,US,Male
877,8,0.31546487678572877,Marilyn Manson,CA,41,m,US,Male
877,9,0.3010299956639812,Lana Del Rey,CA,41,m,US,Female
877,10,0.2890648263178879,Paula Abdul,CA,41,m,US,Female
878,1,1.0,Charles Bolt,US,21,m,US,Male
878,2,0.6309297535714575,Dimension,US,21,m,ES,Male
878,3,0.5,Dennis Lloyd,US,21,m,IL,Male
878,4,0.43067655807339306,Toro y Moi,US,21,m,US,Male
878,5,0.38685280723454163,Twin Shadow,US,21,m,US,Male
878,6,0.3562071871080222,Dido,US,21,m,UK,Female
878,7,0.3333333333333333,Beyoncé,US,21,m,US,Female
878,8,0.31546487678572877,Christina Aguilera,US,21,m,US,Female
878,9,0.3010299956639812,Britney Spears,US,21,m,US,Female
878,10,0.2890648263178879,Gregory Alan Isakov,US,21,m,US,Male
879,1,1.0,Lily Allen,BR,16,m,UK,Female
879,2,0.6309297535714575,Elliott Smith,BR,16,m,US,Male
879,3,0.5,Twin Shadow,BR,16,m,US,Male
879,4,0.43067655807339306,Avril Lavigne,BR,16,m,CA,Female
879,5,0.38685280723454163,Toro y Moi,BR,16,m,US,Male
879,6,0.3562071871080222,Jennifer Paige,BR,16,m,US,Female
879,7,0.3333333333333333,Louis Tomlinson,BR,16,m,UK,Male
879,8,0.31546487678572877,Katy Perry,BR,16,m,US,Female
879,9,0.3010299956639812,Chelsea Wolfe,BR,16,m,US,Female
879,10,0.2890648263178879,Queen,BR,16,m,JP,Female
880,1,1.0,Twin Shadow,PL,18,m,US,Male
880,2,0.6309297535714575,Beyoncé,PL,18,m,US,Female
880,3,0.5,Gregory Alan Isakov,PL,18,m,US,Male
880,4,0.43067655807339306,Dido,PL,18,m,UK,Female
880,5,0.38685280723454163,Christina Aguilera,PL,18,m,US,Female
880,6,0.3562071871080222,Dimension,PL,18,m,ES,Male
880,7,0.3333333333333333,AFI,PL,18,m,US,Female
880,8,0.31546487678572877,Rihanna,PL,18,m,UK,Female
880,9,0.3010299956639812,Mariah Carey,PL,18,m,US,Female
880,10,0.2890648263178879,Britney Spears,PL,18,m,US,Female
882,1,1.0,Queen,RU,25,m,JP,Female
882,2,0.6309297535714575,Ry x,RU,25,m,AU,Male
882,3,0.5,Weyes Blood,RU,25,m,US,Female
882,4,0.43067655807339306,Joe Goddard,RU,25,m,UK,Male
882,5,0.38685280723454163,Chelsea Wolfe,RU,25,m,US,Female
882,6,0.3562071871080222,Ed Sheeran,RU,25,m,UK,Male
882,7,0.3333333333333333,Elliott Smith,RU,25,m,US,Male
882,8,0.31546487678572877,Twin Shadow,RU,25,m,US,Male
882,9,0.3010299956639812,Toro y Moi,RU,25,m,US,Male
882,10,0.2890648263178879,Ed Sheeran,RU,25,m,UK,Male
883,1,1.0,Louis Tomlinson,DE,60,m,UK,Male
883,2,0.6309297535714575,Ed Sheeran,DE,60,m,UK,Male
883,3,0.5,Jennifer Paige,DE,60,m,US,Female
883,4,0.43067655807339306,Charles Bolt,DE,60,m,US,Male
883,5,0.38685280723454163,Tove Lo,DE,60,m,SE,Female
883,6,0.3562071871080222,IAMX,DE,60,m,DE,Male
883,7,0.3333333333333333,Kygo,DE,60,m,NO,Male
883,8,0.31546487678572877,Ry x,DE,60,m,AU,Male
883,9,0.3010299956639812,Ariana Grande,DE,60,m,US,Female
883,10,0.2890648263178879,Joe Goddard,DE,60,m,UK,Male
884,1,1.0,Tove Lo,RU,17,m,SE,Female
884,2,0.6309297535714575,Ariana Grande,RU,17,m,US,Female
884,3,0.5,Chelsea Wolfe,RU,17,m,US,Female
884,4,0.43067655807339306,Ed Sheeran,RU,17,m,UK,Male
884,5,0.38685280723454163,Ry x,RU,17,m,AU,Male
884,6,0.3562071871080222,Kygo,RU,17,m,NO,Male
884,7,0.3333333333333333,Joe Goddard,RU,17,m,UK,Male
884,8,0.31546487678572877,Elliott Smith,RU,17,m,US,Male
884,9,0.3010299956639812,Jess Glynne,RU,17,m,UK,Female
884,10,0.2890648263178879,Ed Sheeran,RU,17,m,UK,Male
885,1,1.0,Ed Sheeran,US,43,m,UK,Male
885,2,0.6309297535714575,Ed Sheeran,US,43,m,UK,Male
885,3,0.5,Jess Glynne,US,43,m,UK,Female
885,4,0.43067655807339306,IAMX,US,43,m,DE,Male
885,5,0.38685280723454163,Charles Bolt,US,43,m,US,Male
885,6,0.3562071871080222,Dido,US,43,m,UK,Female
885,7,0.3333333333333333,Christina Aguilera,US,43,m,US,Female
885,8,0.31546487678572877,Pional,US,43,m,ES,Male
885,9,0.3010299956639812,Leonard Cohen,US,43,m,CA,Male
885,10,0.2890648263178879,Dimension,US,43,m,ES,Male
886,1,1.0,Grimes,BR,27,m,CA,Female
886,2,0.6309297535714575,John Maus,BR,27,m,US,Male
886,3,0.5,Grimes,BR,27,m,CA,Female
886,4,0.43067655807339306,Ed Sheeran,BR,27,m,UK,Male
886,5,0.38685280723454163,Apparat,BR,27,m,DE,Male
886,6,0.3562071871080222,Kurt Vile,BR,27,m,US,Male
886,7,0.3333333333333333,Madonna,BR,27,m,US,Female
886,8,0.31546487678572877,Frank Ocean,BR,27,m,US,Male
886,9,0.3010299956639812,Weyes Blood,BR,27,m,US,Female
886,10,0.2890648263178879,Queen,BR,27,m,JP,Female
887,1,1.0,Mac DeMarco,TR,20,m,CA,Male
887,2,0.6309297535714575,Marilyn Manson,TR,20,m,US,Male
887,3,0.5,Bob Marley & The Wailers,TR,20,m,JM,Male
887,4,0.43067655807339306,Elvis Presley,TR,20,m,US,Male
887,5,0.38685280723454163,Chelsea Wolfe,TR,20,m,US,Female
887,6,0.3562071871080222,Adele,TR,20,m,UK,Female
887,7,0.3333333333333333,Emma Ruth Rundle,TR,20,m,US,Female
887,8,0.31546487678572877,Wild Nothing,TR,20,m,US,Male
887,9,0.3010299956639812,Jay Reatard,TR,20,m,US,Male
887,10,0.2890648263178879,Madonna,TR,20,m,US,Female
888,1,1.0,Ed Sheeran,BY,27,m,UK,Male
888,2,0.6309297535714575,Kygo,BY,27,m,NO,Male
888,3,0.5,Twin Shadow,BY,27,m,US,Male
888,4,0.43067655807339306,Toro y Moi,BY,27,m,US,Male
888,5,0.38685280723454163,Ed Sheeran,BY,27,m,UK,Male
888,6,0.3562071871080222,Jess Glynne,BY,27,m,UK,Female
888,7,0.3333333333333333,Charles Bolt,BY,27,m,US,Male
888,8,0.31546487678572877,IAMX,BY,27,m,DE,Male
888,9,0.3010299956639812,Dennis Lloyd,BY,27,m,IL,Male
888,10,0.2890648263178879,Dido,BY,27,m,UK,Female
889,1,1.0,Ed Sheeran,BR,31,f,UK,Male
889,2,0.6309297535714575,Kygo,BR,31,f,NO,Male
889,3,0.5,Ariana Grande,BR,31,f,US,Female
889,4,0.43067655807339306,Ed Sheeran,BR,31,f,UK,Male
889,5,0.38685280723454163,Dennis Lloyd,BR,31,f,IL,Male
889,6,0.3562071871080222,AFI,BR,31,f,US,Female
889,7,0.3333333333333333,Jess Glynne,BR,31,f,UK,Female
889,8,0.31546487678572877,IAMX,BR,31,f,DE,Male
889,9,0.3010299956639812,Moby,BR,31,f,US,Male
889,10,0.2890648263178879,Dido,BR,31,f,UK,Female
890,1,1.0,Ed Sheeran,DE,22,m,UK,Male
890,2,0.6309297535714575,Kygo,DE,22,m,NO,Male
890,3,0.5,Ry x,DE,22,m,AU,Male
890,4,0.43067655807339306,Weyes Blood,DE,22,m,US,Female
890,5,0.38685280723454163,Joe Goddard,DE,22,m,UK,Male
890,6,0.3562071871080222,Jess Glynne,DE,22,m,UK,Female
890,7,0.3333333333333333,Ed Sheeran,DE,22,m,UK,Male
890,8,0.31546487678572877,Charles Bolt,DE,22,m,US,Male
890,9,0.3010299956639812,Elliott Smith,DE,22,m,US,Male
890,10,0.2890648263178879,IAMX,DE,22,m,DE,Male
891,1,1.0,Ed Sheeran,PE,27,m,UK,Male
891,2,0.6309297535714575,Queen,PE,27,m,JP,Female
891,3,0.5,Chelsea Wolfe,PE,27,m,US,Female
891,4,0.43067655807339306,Lorde,PE,27,m,NZ,Female
891,5,0.38685280723454163,Charles Bolt,PE,27,m,US,Male
891,6,0.3562071871080222,Grimes,PE,27,m,CA,Female
891,7,0.3333333333333333,Taylor Swift,PE,27,m,US,Female
891,8,0.31546487678572877,Apparat,PE,27,m,DE,Male
891,9,0.3010299956639812,Mariah Carey,PE,27,m,US,Female
891,10,0.2890648263178879,Kurt Vile,PE,27,m,US,Male
892,1,1.0,Oneohtrix Point Never,SE,22,m,US,Male
892,2,0.6309297535714575,Chelsea Wolfe,SE,22,m,US,Female
892,3,0.5,Laura Marling,SE,22,m,UK,Female
892,4,0.43067655807339306,PJ Harvey,SE,22,m,UK,Female
892,5,0.38685280723454163,Devendra Banhart,SE,22,m,US,Male
892,6,0.3562071871080222,Britney Spears,SE,22,m,US,Female
892,7,0.3333333333333333,Rush,SE,22,m,US,Male
892,8,0.31546487678572877,Rita Ora,SE,22,m,UK,Female
892,9,0.3010299956639812,Kanye West,SE,22,m,US,Male
892,10,0.2890648263178879,Rob Zombie,SE,22,m,US,Male
893,1,1.0,Queen,UK,20,m,JP,Female
893,2,0.6309297535714575,Elliott Smith,UK,20,m,US,Male
893,3,0.5,Twin Shadow,UK,20,m,US,Male
893,4,0.43067655807339306,Toro y Moi,UK,20,m,US,Male
893,5,0.38685280723454163,Jess Glynne,UK,20,m,UK,Female
893,6,0.3562071871080222,Ed Sheeran,UK,20,m,UK,Male
893,7,0.3333333333333333,Charles Bolt,UK,20,m,US,Male
893,8,0.31546487678572877,Tame Impala,UK,20,m,AU,Male
893,9,0.3010299956639812,Sufjan Stevens,UK,20,m,US,Male
893,10,0.2890648263178879,Pional,UK,20,m,ES,Male
894,1,1.0,Marilyn Manson,US,23,m,US,Male
894,2,0.6309297535714575,Lana Del Rey,US,23,m,US,Female
894,3,0.5,Paula Abdul,US,23,m,US,Female
894,4,0.43067655807339306,Rita Ora,US,23,m,UK,Female
894,5,0.38685280723454163,Kanye West,US,23,m,US,Male
894,6,0.3562071871080222,Lorde,US,23,m,NZ,Female
894,7,0.3333333333333333,Rob Zombie,US,23,m,US,Male
894,8,0.31546487678572877,Michael Jackson,US,23,m,US,Male
894,9,0.3010299956639812,Noisestorm,US,23,m,IE,Male
894,10,0.2890648263178879,Lorde,US,23,m,NZ,Female
895,1,1.0,John Maus,PL,21,f,US,Male
895,2,0.6309297535714575,Dimension,PL,21,f,ES,Male
895,3,0.5,Alexander Rybak,PL,21,f,NO,Male
895,4,0.43067655807339306,Milow,PL,21,f,BE,Male
895,5,0.38685280723454163,Ry x,PL,21,f,AU,Male
895,6,0.3562071871080222,Nik Kershaw,PL,21,f,UK,Male
895,7,0.3333333333333333,George Ezra,PL,21,f,UK,Male
895,8,0.31546487678572877,Celldweller,PL,21,f,US,Male
895,9,0.3010299956639812,Gavin James,PL,21,f,IE,Male
895,10,0.2890648263178879,Joe Goddard,PL,21,f,UK,Male
896,1,1.0,Tove Lo,BG,14,m,SE,Female
896,2,0.6309297535714575,Ed Sheeran,BG,14,m,UK,Male
896,3,0.5,Ariana Grande,BG,14,m,US,Female
896,4,0.43067655807339306,Kygo,BG,14,m,NO,Male
896,5,0.38685280723454163,Jess Glynne,BG,14,m,UK,Female
896,6,0.3562071871080222,Ed Sheeran,BG,14,m,UK,Male
896,7,0.3333333333333333,Charles Bolt,BG,14,m,US,Male
896,8,0.31546487678572877,Tame Impala,BG,14,m,AU,Male
896,9,0.3010299956639812,Sufjan Stevens,BG,14,m,US,Male
896,10,0.2890648263178879,IAMX,BG,14,m,DE,Male
897,1,1.0,Ed Sheeran,US,19,m,UK,Male
897,2,0.6309297535714575,Chelsea Wolfe,US,19,m,US,Female
897,3,0.5,Beyoncé,US,19,m,US,Female
897,4,0.43067655807339306,Ed Sheeran,US,19,m,UK,Male
897,5,0.38685280723454163,John Maus,US,19,m,US,Male
897,6,0.3562071871080222,Mariah Carey,US,19,m,US,Female
897,7,0.3333333333333333,Ry x,US,19,m,AU,Male
897,8,0.31546487678572877,Charles Bolt,US,19,m,US,Male
897,9,0.3010299956639812,Dennis Lloyd,US,19,m,IL,Male
897,10,0.2890648263178879,Joe Goddard,US,19,m,UK,Male
899,1,1.0,Grimes,AR,19,m,CA,Female
899,2,0.6309297535714575,Jess Glynne,AR,19,m,UK,Female
899,3,0.5,Dennis Lloyd,AR,19,m,IL,Male
899,4,0.43067655807339306,Camila Cabello,AR,19,m,US,Female
899,5,0.38685280723454163,Ed Sheeran,AR,19,m,UK,Male
899,6,0.3562071871080222,Ed Sheeran,AR,19,m,UK,Male
899,7,0.3333333333333333,John Maus,AR,19,m,US,Male
899,8,0.31546487678572877,Grimes,AR,19,m,CA,Female
899,9,0.3010299956639812,Kacey Musgraves,AR,19,m,US,Female
899,10,0.2890648263178879,Niall Horan,AR,19,m,IE,Male
900,1,1.0,John Maus,BR,18,f,US,Male
900,2,0.6309297535714575,Laura Marling,BR,18,f,UK,Female
900,3,0.5,Caribou,BR,18,f,CA,Male
900,4,0.43067655807339306,Oneohtrix Point Never,BR,18,f,US,Male
900,5,0.38685280723454163,Panda Bear,BR,18,f,US,Male
900,6,0.3562071871080222,Chelsea Wolfe,BR,18,f,US,Female
900,7,0.3333333333333333,Paula Abdul,BR,18,f,US,Female
900,8,0.31546487678572877,John Maus,BR,18,f,US,Male
900,9,0.3010299956639812,John Maus,BR,18,f,US,Male
900,10,0.2890648263178879,Rob Zombie,BR,18,f,US,Male
901,1,1.0,Twin Shadow,MX,24,f,US,Male
901,2,0.6309297535714575,Ed Sheeran,MX,24,f,UK,Male
901,3,0.5,Jennifer Paige,MX,24,f,US,Female
901,4,0.43067655807339306,Tove Lo,MX,24,f,SE,Female
901,5,0.38685280723454163,Gregory Alan Isakov,MX,24,f,US,Male
901,6,0.3562071871080222,Kygo,MX,24,f,NO,Male
901,7,0.3333333333333333,Ariana Grande,MX,24,f,US,Female
901,8,0.31546487678572877,Lana Del Rey,MX,24,f,US,Female
901,9,0.3010299956639812,Tame Impala,MX,24,f,AU,Male
901,10,0.2890648263178879,Ed Sheeran,MX,24,f,UK,Male
902,1,1.0,John Maus,BR,15,m,US,Male
902,2,0.6309297535714575,Dido,BR,15,m,UK,Female
902,3,0.5,Mariah Carey,BR,15,m,US,Female
902,4,0.43067655807339306,AFI,BR,15,m,US,Female
902,5,0.38685280723454163,Rihanna,BR,15,m,UK,Female
902,6,0.3562071871080222,Ry x,BR,15,m,AU,Male
902,7,0.3333333333333333,Dimension,BR,15,m,ES,Male
902,8,0.31546487678572877,Moby,BR,15,m,US,Male
902,9,0.3010299956639812,Lana Del Rey,BR,15,m,US,Female
902,10,0.2890648263178879,Joe Goddard,BR,15,m,UK,Male
903,1,1.0,Queen,RU,21,m,JP,Female
903,2,0.6309297535714575,Ry x,RU,21,m,AU,Male
903,3,0.5,Chelsea Wolfe,RU,21,m,US,Female
903,4,0.43067655807339306,Ariana Grande,RU,21,m,US,Female
903,5,0.38685280723454163,Ed Sheeran,RU,21,m,UK,Male
903,6,0.3562071871080222,Weyes Blood,RU,21,m,US,Female
903,7,0.3333333333333333,Joe Goddard,RU,21,m,UK,Male
903,8,0.31546487678572877,Elliott Smith,RU,21,m,US,Male
903,9,0.3010299956639812,Jess Glynne,RU,21,m,UK,Female
903,10,0.2890648263178879,Toro y Moi,RU,21,m,US,Male
904,1,1.0,Queen,BR,18,m,JP,Female
904,2,0.6309297535714575,Chelsea Wolfe,BR,18,m,US,Female
904,3,0.5,Frank Ocean,BR,18,m,US,Male
904,4,0.43067655807339306,Charles Bolt,BR,18,m,US,Male
904,5,0.38685280723454163,Weyes Blood,BR,18,m,US,Female
904,6,0.3562071871080222,Lorde,BR,18,m,NZ,Female
904,7,0.3333333333333333,Cécile McLorin Salvant,BR,18,m,FR,Female
904,8,0.31546487678572877,John Maus,BR,18,m,US,Male
904,9,0.3010299956639812,Usher,BR,18,m,US,Male
904,10,0.2890648263178879,IAMX,BR,18,m,DE,Male
905,1,1.0,Queen,NL,22,f,JP,Female
905,2,0.6309297535714575,Tove Lo,NL,22,f,SE,Female
905,3,0.5,Ariana Grande,NL,22,f,US,Female
905,4,0.43067655807339306,Ed Sheeran,NL,22,f,UK,Male
905,5,0.38685280723454163,Jess Glynne,NL,22,f,UK,Female
905,6,0.3562071871080222,Kygo,NL,22,f,NO,Male
905,7,0.3333333333333333,Twin Shadow,NL,22,f,US,Male
905,8,0.31546487678572877,IAMX,NL,22,f,DE,Male
905,9,0.3010299956639812,Tame Impala,NL,22,f,AU,Male
905,10,0.2890648263178879,Dimension,NL,22,f,ES,Male
906,1,1.0,Ariana Grande,BR,18,m,US,Female
906,2,0.6309297535714575,Ed Sheeran,BR,18,m,UK,Male
906,3,0.5,Kygo,BR,18,m,NO,Male
906,4,0.43067655807339306,Ry x,BR,18,m,AU,Male
906,5,0.38685280723454163,Jess Glynne,BR,18,m,UK,Female
906,6,0.3562071871080222,Charles Bolt,BR,18,m,US,Male
906,7,0.3333333333333333,IAMX,BR,18,m,DE,Male
906,8,0.31546487678572877,Ed Sheeran,BR,18,m,UK,Male
906,9,0.3010299956639812,Twin Shadow,BR,18,m,US,Male
906,10,0.2890648263178879,Toro y Moi,BR,18,m,US,Male
907,1,1.0,Queen,BY,30,m,JP,Female
907,2,0.6309297535714575,John Maus,BY,30,m,US,Male
907,3,0.5,Chelsea Wolfe,BY,30,m,US,Female
907,4,0.43067655807339306,Grimes,BY,30,m,CA,Female
907,5,0.38685280723454163,Apparat,BY,30,m,DE,Male
907,6,0.3562071871080222,Weyes Blood,BY,30,m,US,Female
907,7,0.3333333333333333,Rihanna,BY,30,m,UK,Female
907,8,0.31546487678572877,Róisín Murphy,BY,30,m,IE,Female
907,9,0.3010299956639812,Kurt Vile,BY,30,m,US,Male
907,10,0.2890648263178879,Pat Benatar,BY,30,m,US,Female
908,1,1.0,Ry x,PY,42,m,AU,Male
908,2,0.6309297535714575,Weyes Blood,PY,42,m,US,Female
908,3,0.5,Joe Goddard,PY,42,m,UK,Male
908,4,0.43067655807339306,Elliott Smith,PY,42,m,US,Male
908,5,0.38685280723454163,Dido,PY,42,m,UK,Female
908,6,0.3562071871080222,Christina Aguilera,PY,42,m,US,Female
908,7,0.3333333333333333,Britney Spears,PY,42,m,US,Female
908,8,0.31546487678572877,Moby,PY,42,m,US,Male
908,9,0.3010299956639812,Dimension,PY,42,m,ES,Male
908,10,0.2890648263178879,AFI,PY,42,m,US,Female
909,1,1.0,Kygo,BE,55,m,NO,Male
909,2,0.6309297535714575,Jess Glynne,BE,55,m,UK,Female
909,3,0.5,Ariana Grande,BE,55,m,US,Female
909,4,0.43067655807339306,Weyes Blood,BE,55,m,US,Female
909,5,0.38685280723454163,Frank Ocean,BE,55,m,US,Male
909,6,0.3562071871080222,John Maus,BE,55,m,US,Male
909,7,0.3333333333333333,Ed Sheeran,BE,55,m,UK,Male
909,8,0.31546487678572877,Dimension,BE,55,m,ES,Male
909,9,0.3010299956639812,Ry x,BE,55,m,AU,Male
909,10,0.2890648263178879,Beyoncé,BE,55,m,US,Female
910,1,1.0,IAMX,RU,22,m,DE,Male
910,2,0.6309297535714575,Beyoncé,RU,22,m,US,Female
910,3,0.5,Christina Aguilera,RU,22,m,US,Female
910,4,0.43067655807339306,Britney Spears,RU,22,m,US,Female
910,5,0.38685280723454163,Ry x,RU,22,m,AU,Male
910,6,0.3562071871080222,Dido,RU,22,m,UK,Female
910,7,0.3333333333333333,Mariah Carey,RU,22,m,US,Female
910,8,0.31546487678572877,Moby,RU,22,m,US,Male
910,9,0.3010299956639812,Rihanna,RU,22,m,UK,Female
910,10,0.2890648263178879,AFI,RU,22,m,US,Female
911,1,1.0,Kygo,BR,21,m,NO,Male
911,2,0.6309297535714575,Jess Glynne,BR,21,m,UK,Female
911,3,0.5,Charles Bolt,BR,21,m,US,Male
911,4,0.43067655807339306,Ed Sheeran,BR,21,m,UK,Male
911,5,0.38685280723454163,Dido,BR,21,m,UK,Female
911,6,0.3562071871080222,Christina Aguilera,BR,21,m,US,Female
911,7,0.3333333333333333,Dennis Lloyd,BR,21,m,IL,Male
911,8,0.31546487678572877,IAMX,BR,21,m,DE,Male
911,9,0.3010299956639812,Mariah Carey,BR,21,m,US,Female
911,10,0.2890648263178879,Britney Spears,BR,21,m,US,Female
912,1,1.0,Queen,US,19,f,JP,Female
912,2,0.6309297535714575,Jennifer Paige,US,19,f,US,Female
912,3,0.5,Tove Lo,US,19,f,SE,Female
912,4,0.43067655807339306,Chelsea Wolfe,US,19,f,US,Female
912,5,0.38685280723454163,Frank Ocean,US,19,f,US,Male
912,6,0.3562071871080222,Ed Sheeran,US,19,f,UK,Male
912,7,0.3333333333333333,John Maus,US,19,f,US,Male
912,8,0.31546487678572877,Ariana Grande,US,19,f,US,Female
912,9,0.3010299956639812,Ry x,US,19,f,AU,Male
912,10,0.2890648263178879,Kygo,US,19,f,NO,Male
913,1,1.0,Chico César,BR,32,m,BR,Male
913,2,0.6309297535714575,Vinícius de Moraes,BR,32,m,BR,Male
913,3,0.5,Shania Twain,BR,32,m,CA,Female
913,4,0.43067655807339306,Paulo Ricardo,BR,32,m,BR,Male
913,5,0.38685280723454163,Gal Costa,BR,32,m,BR,Female
913,6,0.3562071871080222,Isabella Taviani,BR,32,m,BR,Female
913,7,0.3333333333333333,Tory Lanez,BR,32,m,CA,Male
913,8,0.31546487678572877,Jake Bugg,BR,32,m,UK,Male
913,9,0.3010299956639812,Cassadee Pope,BR,32,m,US,Female
913,10,0.2890648263178879,Chico Buarque,BR,32,m,BR,Male
914,1,1.0,Weyes Blood,UK,20,m,US,Female
914,2,0.6309297535714575,Elliott Smith,UK,20,m,US,Male
914,3,0.5,Kygo,UK,20,m,NO,Male
914,4,0.43067655807339306,Charles Bolt,UK,20,m,US,Male
914,5,0.38685280723454163,Twin Shadow,UK,20,m,US,Male
914,6,0.3562071871080222,Toro y Moi,UK,20,m,US,Male
914,7,0.3333333333333333,Ed Sheeran,UK,20,m,UK,Male
914,8,0.31546487678572877,Gregory Alan Isakov,UK,20,m,US,Male
914,9,0.3010299956639812,Jess Glynne,UK,20,m,UK,Female
914,10,0.2890648263178879,Tame Impala,UK,20,m,AU,Male
915,1,1.0,Britney Spears,FI,25,m,US,Female
915,2,0.6309297535714575,Nicki Minaj,FI,25,m,US,Female
915,3,0.5,Rihanna,FI,25,m,UK,Female
915,4,0.43067655807339306,Grimes,FI,25,m,CA,Female
915,5,0.38685280723454163,Sia,FI,25,m,AU,Female
915,6,0.3562071871080222,Nicki Minaj,FI,25,m,US,Female
915,7,0.3333333333333333,Britney Spears,FI,25,m,US,Female
915,8,0.31546487678572877,Gwen Stefani,FI,25,m,US,Female
915,9,0.3010299956639812,Rod Stewart,FI,25,m,UK,Male
915,10,0.2890648263178879,Troye Sivan,FI,25,m,AU,Male
916,1,1.0,Ry x,FI,20,f,AU,Male
916,2,0.6309297535714575,Weyes Blood,FI,20,f,US,Female
916,3,0.5,Joe Goddard,FI,20,f,UK,Male
916,4,0.43067655807339306,Christina Aguilera,FI,20,f,US,Female
916,5,0.38685280723454163,Dennis Lloyd,FI,20,f,IL,Male
916,6,0.3562071871080222,Dido,FI,20,f,UK,Female
916,7,0.3333333333333333,IAMX,FI,20,f,DE,Male
916,8,0.31546487678572877,Elliott Smith,FI,20,f,US,Male
916,9,0.3010299956639812,Rihanna,FI,20,f,UK,Female
916,10,0.2890648263178879,Britney Spears,FI,20,f,US,Female
917,1,1.0,Britney Spears,RU,22,m,US,Female
917,2,0.6309297535714575,Weyes Blood,RU,22,m,US,Female
917,3,0.5,Pat Benatar,RU,22,m,US,Female
917,4,0.43067655807339306,Joe Goddard,RU,22,m,UK,Male
917,5,0.38685280723454163,Beyoncé,RU,22,m,US,Female
917,6,0.3562071871080222,Tom Odell,RU,22,m,UK,Male
917,7,0.3333333333333333,Steve Winwood,RU,22,m,UK,Male
917,8,0.31546487678572877,Gregory Alan Isakov,RU,22,m,US,Male
917,9,0.3010299956639812,Christina Aguilera,RU,22,m,US,Female
917,10,0.2890648263178879,Elliott Smith,RU,22,m,US,Male
918,1,1.0,Jess Glynne,BR,20,m,UK,Female
918,2,0.6309297535714575,Ry x,BR,20,m,AU,Male
918,3,0.5,Dennis Lloyd,BR,20,m,IL,Male
918,4,0.43067655807339306,Weyes Blood,BR,20,m,US,Female
918,5,0.38685280723454163,Joe Goddard,BR,20,m,UK,Male
918,6,0.3562071871080222,IAMX,BR,20,m,DE,Male
918,7,0.3333333333333333,Elliott Smith,BR,20,m,US,Male
918,8,0.31546487678572877,Moby,BR,20,m,US,Male
918,9,0.3010299956639812,Dimension,BR,20,m,ES,Male
918,10,0.2890648263178879,Dido,BR,20,m,UK,Female
919,1,1.0,Ry x,UZ,23,m,AU,Male
919,2,0.6309297535714575,Queen,UZ,23,m,JP,Female
919,3,0.5,Tove Lo,UZ,23,m,SE,Female
919,4,0.43067655807339306,Ariana Grande,UZ,23,m,US,Female
919,5,0.38685280723454163,Chelsea Wolfe,UZ,23,m,US,Female
919,6,0.3562071871080222,Elliott Smith,UZ,23,m,US,Male
919,7,0.3333333333333333,Ed Sheeran,UZ,23,m,UK,Male
919,8,0.31546487678572877,Twin Shadow,UZ,23,m,US,Male
919,9,0.3010299956639812,Kygo,UZ,23,m,NO,Male
919,10,0.2890648263178879,Toro y Moi,UZ,23,m,US,Male
920,1,1.0,Queen,EE,19,m,JP,Female
920,2,0.6309297535714575,Jennifer Paige,EE,19,m,US,Female
920,3,0.5,Chelsea Wolfe,EE,19,m,US,Female
920,4,0.43067655807339306,Tove Lo,EE,19,m,SE,Female
920,5,0.38685280723454163,Ed Sheeran,EE,19,m,UK,Male
920,6,0.3562071871080222,Ariana Grande,EE,19,m,US,Female
920,7,0.3333333333333333,Kygo,EE,19,m,NO,Male
920,8,0.31546487678572877,Jess Glynne,EE,19,m,UK,Female
920,9,0.3010299956639812,Ed Sheeran,EE,19,m,UK,Male
920,10,0.2890648263178879,Charles Bolt,EE,19,m,US,Male
921,1,1.0,Ed Sheeran,RU,19,m,UK,Male
921,2,0.6309297535714575,Jess Glynne,RU,19,m,UK,Female
921,3,0.5,Twin Shadow,RU,19,m,US,Male
921,4,0.43067655807339306,Toro y Moi,RU,19,m,US,Male
921,5,0.38685280723454163,Charles Bolt,RU,19,m,US,Male
921,6,0.3562071871080222,IAMX,RU,19,m,DE,Male
921,7,0.3333333333333333,Dido,RU,19,m,UK,Female
921,8,0.31546487678572877,Christina Aguilera,RU,19,m,US,Female
921,9,0.3010299956639812,Dennis Lloyd,RU,19,m,IL,Male
921,10,0.2890648263178879,Rihanna,RU,19,m,UK,Female
922,1,1.0,Ed Sheeran,BG,22,m,UK,Male
922,2,0.6309297535714575,Tove Lo,BG,22,m,SE,Female
922,3,0.5,Ariana Grande,BG,22,m,US,Female
922,4,0.43067655807339306,Kygo,BG,22,m,NO,Male
922,5,0.38685280723454163,Ed Sheeran,BG,22,m,UK,Male
922,6,0.3562071871080222,Jess Glynne,BG,22,m,UK,Female
922,7,0.3333333333333333,Charles Bolt,BG,22,m,US,Male
922,8,0.31546487678572877,IAMX,BG,22,m,DE,Male
922,9,0.3010299956639812,Moby,BG,22,m,US,Male
922,10,0.2890648263178879,Leonard Cohen,BG,22,m,CA,Male
923,1,1.0,Oneohtrix Point Never,GE,18,f,US,Male
923,2,0.6309297535714575,Chelsea Wolfe,GE,18,f,US,Female
923,3,0.5,Arca,GE,18,f,VE,Non-binary
923,4,0.43067655807339306,PJ Harvey,GE,18,f,UK,Female
923,5,0.38685280723454163,Devendra Banhart,GE,18,f,US,Male
923,6,0.3562071871080222,Marilyn Manson,GE,18,f,US,Male
923,7,0.3333333333333333,Lana Del Rey,GE,18,f,US,Female
923,8,0.31546487678572877,Paula Abdul,GE,18,f,US,Female
923,9,0.3010299956639812,Kanye West,GE,18,f,US,Male
923,10,0.2890648263178879,Rush,GE,18,f,US,Male
924,1,1.0,Jennifer Paige,PH,19,m,US,Female
924,2,0.6309297535714575,Queen,PH,19,m,JP,Female
924,3,0.5,Ed Sheeran,PH,19,m,UK,Male
924,4,0.43067655807339306,Chelsea Wolfe,PH,19,m,US,Female
924,5,0.38685280723454163,Ariana Grande,PH,19,m,US,Female
924,6,0.3562071871080222,Tove Lo,PH,19,m,SE,Female
924,7,0.3333333333333333,Frank Ocean,PH,19,m,US,Male
924,8,0.31546487678572877,Kygo,PH,19,m,NO,Male
924,9,0.3010299956639812,John Maus,PH,19,m,US,Male
924,10,0.2890648263178879,Ed Sheeran,PH,19,m,UK,Male
925,1,1.0,Frank Ocean,DE,28,m,US,Male
925,2,0.6309297535714575,Grimes,DE,28,m,CA,Female
925,3,0.5,John Maus,DE,28,m,US,Male
925,4,0.43067655807339306,Sia,DE,28,m,AU,Female
925,5,0.38685280723454163,Rihanna,DE,28,m,UK,Female
925,6,0.3562071871080222,Ariana Grande,DE,28,m,US,Female
925,7,0.3333333333333333,Rush,DE,28,m,US,Male
925,8,0.31546487678572877,Britney Spears,DE,28,m,US,Female
925,9,0.3010299956639812,Nicki Minaj,DE,28,m,US,Female
925,10,0.2890648263178879,Klaas,DE,28,m,DE,Male
926,1,1.0,Weyes Blood,PL,25,m,US,Female
926,2,0.6309297535714575,RuPaul,PL,25,m,US,Female
926,3,0.5,Frank Ocean,PL,25,m,US,Male
926,4,0.43067655807339306,Sia,PL,25,m,AU,Female
926,5,0.38685280723454163,Kanye West,PL,25,m,US,Male
926,6,0.3562071871080222,Lisa Miskovsky,PL,25,m,SE,Female
926,7,0.3333333333333333,John Maus,PL,25,m,US,Male
926,8,0.31546487678572877,Queen,PL,25,m,JP,Female
926,9,0.3010299956639812,Jennifer Lopez,PL,25,m,US,Female
926,10,0.2890648263178879,Lily Allen,PL,25,m,UK,Female
927,1,1.0,John Maus,ID,20,m,US,Male
927,2,0.6309297535714575,Ry x,ID,20,m,AU,Male
927,3,0.5,IAMX,ID,20,m,DE,Male
927,4,0.43067655807339306,Joe Goddard,ID,20,m,UK,Male
927,5,0.38685280723454163,Weyes Blood,ID,20,m,US,Female
927,6,0.3562071871080222,Rihanna,ID,20,m,UK,Female
927,7,0.3333333333333333,Elliott Smith,ID,20,m,US,Male
927,8,0.31546487678572877,Dimension,ID,20,m,ES,Male
927,9,0.3010299956639812,Moby,ID,20,m,US,Male
927,10,0.2890648263178879,AFI,ID,20,m,US,Female
928,1,1.0,Ed Sheeran,PL,14,m,UK,Male
928,2,0.6309297535714575,Charles Bolt,PL,14,m,US,Male
928,3,0.5,Jess Glynne,PL,14,m,UK,Female
928,4,0.43067655807339306,Ed Sheeran,PL,14,m,UK,Male
928,5,0.38685280723454163,Dennis Lloyd,PL,14,m,IL,Male
928,6,0.3562071871080222,Toro y Moi,PL,14,m,US,Male
928,7,0.3333333333333333,IAMX,PL,14,m,DE,Male
928,8,0.31546487678572877,Twin Shadow,PL,14,m,US,Male
928,9,0.3010299956639812,Christina Aguilera,PL,14,m,US,Female
928,10,0.2890648263178879,Beyoncé,PL,14,m,US,Female
929,1,1.0,Katy Perry,BR,18,f,US,Female
929,2,0.6309297535714575,Queen,BR,18,f,JP,Female
929,3,0.5,Jennifer Paige,BR,18,f,US,Female
929,4,0.43067655807339306,Ariana Grande,BR,18,f,US,Female
929,5,0.38685280723454163,AFI,BR,18,f,US,Female
929,6,0.3562071871080222,Jess Glynne,BR,18,f,UK,Female
929,7,0.3333333333333333,Twin Shadow,BR,18,f,US,Male
929,8,0.31546487678572877,Timmy Trumpet,BR,18,f,AU,Male
929,9,0.3010299956639812,IAMX,BR,18,f,DE,Male
929,10,0.2890648263178879,Ed Sheeran,BR,18,f,UK,Male
930,1,1.0,Ed Sheeran,DE,33,m,UK,Male
930,2,0.6309297535714575,Ed Sheeran,DE,33,m,UK,Male
930,3,0.5,Jess Glynne,DE,33,m,UK,Female
930,4,0.43067655807339306,Charles Bolt,DE,33,m,US,Male
930,5,0.38685280723454163,IAMX,DE,33,m,DE,Male
930,6,0.3562071871080222,Dido,DE,33,m,UK,Female
930,7,0.3333333333333333,Dennis Lloyd,DE,33,m,IL,Male
930,8,0.31546487678572877,Christina Aguilera,DE,33,m,US,Female
930,9,0.3010299956639812,Toro y Moi,DE,33,m,US,Male
930,10,0.2890648263178879,Twin Shadow,DE,33,m,US,Male
931,1,1.0,Jennifer Paige,US,37,m,US,Female
931,2,0.6309297535714575,Ry x,US,37,m,AU,Male
931,3,0.5,Queen,US,37,m,JP,Female
931,4,0.43067655807339306,Louis Tomlinson,US,37,m,UK,Male
931,5,0.38685280723454163,Joe Goddard,US,37,m,UK,Male
931,6,0.3562071871080222,Weyes Blood,US,37,m,US,Female
931,7,0.3333333333333333,Chelsea Wolfe,US,37,m,US,Female
931,8,0.31546487678572877,Elliott Smith,US,37,m,US,Male
931,9,0.3010299956639812,Tove Lo,US,37,m,SE,Female
931,10,0.2890648263178879,Ariana Grande,US,37,m,US,Female
932,1,1.0,Elvis Presley,CA,17,m,US,Male
932,2,0.6309297535714575,Billy Joel,CA,17,m,US,Male
932,3,0.5,Carpenter Brut,CA,17,m,FR,Male
932,4,0.43067655807339306,Ozzy Osbourne,CA,17,m,UK,Male
932,5,0.38685280723454163,Justin Timberlake,CA,17,m,US,Male
932,6,0.3562071871080222,Queen,CA,17,m,JP,Female
932,7,0.3333333333333333,Marilyn Manson,CA,17,m,US,Male
932,8,0.31546487678572877,Lana Del Rey,CA,17,m,US,Female
932,9,0.3010299956639812,Britney Spears,CA,17,m,US,Female
932,10,0.2890648263178879,Kanye West,CA,17,m,US,Male
933,1,1.0,Ry x,RU,15,m,AU,Male
933,2,0.6309297535714575,Kygo,RU,15,m,NO,Male
933,3,0.5,Weyes Blood,RU,15,m,US,Female
933,4,0.43067655807339306,Joe Goddard,RU,15,m,UK,Male
933,5,0.38685280723454163,Elliott Smith,RU,15,m,US,Male
933,6,0.3562071871080222,Jess Glynne,RU,15,m,UK,Female
933,7,0.3333333333333333,Charles Bolt,RU,15,m,US,Male
933,8,0.31546487678572877,Toro y Moi,RU,15,m,US,Male
933,9,0.3010299956639812,Twin Shadow,RU,15,m,US,Male
933,10,0.2890648263178879,IAMX,RU,15,m,DE,Male
934,1,1.0,John Maus,ZA,23,f,US,Male
934,2,0.6309297535714575,Laura Marling,ZA,23,f,UK,Female
934,3,0.5,Oneohtrix Point Never,ZA,23,f,US,Male
934,4,0.43067655807339306,Caribou,ZA,23,f,CA,Male
934,5,0.38685280723454163,John Maus,ZA,23,f,US,Male
934,6,0.3562071871080222,Panda Bear,ZA,23,f,US,Male
934,7,0.3333333333333333,Chelsea Wolfe,ZA,23,f,US,Female
934,8,0.31546487678572877,Noisestorm,ZA,23,f,IE,Male
934,9,0.3010299956639812,John Maus,ZA,23,f,US,Male
934,10,0.2890648263178879,PJ Harvey,ZA,23,f,UK,Female
935,1,1.0,Louis Tomlinson,MX,21,m,UK,Male
935,2,0.6309297535714575,Jennifer Paige,MX,21,m,US,Female
935,3,0.5,Chelsea Wolfe,MX,21,m,US,Female
935,4,0.43067655807339306,Tove Lo,MX,21,m,SE,Female
935,5,0.38685280723454163,Ed Sheeran,MX,21,m,UK,Male
935,6,0.3562071871080222,Ariana Grande,MX,21,m,US,Female
935,7,0.3333333333333333,Kygo,MX,21,m,NO,Male
935,8,0.31546487678572877,Ed Sheeran,MX,21,m,UK,Male
935,9,0.3010299956639812,Jess Glynne,MX,21,m,UK,Female
935,10,0.2890648263178879,Charles Bolt,MX,21,m,US,Male
936,1,1.0,Ariana Grande,RU,19,f,US,Female
936,2,0.6309297535714575,Ed Sheeran,RU,19,f,UK,Male
936,3,0.5,Kygo,RU,19,f,NO,Male
936,4,0.43067655807339306,Ed Sheeran,RU,19,f,UK,Male
936,5,0.38685280723454163,Jess Glynne,RU,19,f,UK,Female
936,6,0.3562071871080222,Charles Bolt,RU,19,f,US,Male
936,7,0.3333333333333333,Twin Shadow,RU,19,f,US,Male
936,8,0.31546487678572877,IAMX,RU,19,f,DE,Male
936,9,0.3010299956639812,Dido,RU,19,f,UK,Female
936,10,0.2890648263178879,Dennis Lloyd,RU,19,f,IL,Male
937,1,1.0,Carpenter Brut,UA,17,f,FR,Male
937,2,0.6309297535714575,Mac DeMarco,UA,17,f,CA,Male
937,3,0.5,Kanye West,UA,17,f,US,Male
937,4,0.43067655807339306,Sharon Van Etten,UA,17,f,US,Female
937,5,0.38685280723454163,Bob Marley & The Wailers,UA,17,f,JM,Male
937,6,0.3562071871080222,Bat for Lashes,UA,17,f,UK,Female
937,7,0.3333333333333333,Oneohtrix Point Never,UA,17,f,US,Male
937,8,0.31546487678572877,Ozzy Osbourne,UA,17,f,UK,Male
937,9,0.3010299956639812,Justin Timberlake,UA,17,f,US,Male
937,10,0.2890648263178879,Queen,UA,17,f,JP,Female
938,1,1.0,Queen,SE,21,m,JP,Female
938,2,0.6309297535714575,Chelsea Wolfe,SE,21,m,US,Female
938,3,0.5,Weyes Blood,SE,21,m,US,Female
938,4,0.43067655807339306,Charles Bolt,SE,21,m,US,Male
938,5,0.38685280723454163,Frank Ocean,SE,21,m,US,Male
938,6,0.3562071871080222,Pat Benatar,SE,21,m,US,Female
938,7,0.3333333333333333,John Maus,SE,21,m,US,Male
938,8,0.31546487678572877,IAMX,SE,21,m,DE,Male
938,9,0.3010299956639812,Ry x,SE,21,m,AU,Male
938,10,0.2890648263178879,Niall Horan,SE,21,m,IE,Male
939,1,1.0,Kanye West,RU,19,m,US,Male
939,2,0.6309297535714575,Grimes,RU,19,m,CA,Female
939,3,0.5,Frank Ocean,RU,19,m,US,Male
939,4,0.43067655807339306,Lisa Miskovsky,RU,19,m,SE,Female
939,5,0.38685280723454163,Avril Lavigne,RU,19,m,CA,Female
939,6,0.3562071871080222,Lily Allen,RU,19,m,UK,Female
939,7,0.3333333333333333,Katy Perry,RU,19,m,US,Female
939,8,0.31546487678572877,John Maus,RU,19,m,US,Male
939,9,0.3010299956639812,Chelsea Wolfe,RU,19,m,US,Female
939,10,0.2890648263178879,Jennifer Paige,RU,19,m,US,Female
