user_id,rank,exposure,artist,user_country,user_age,user_gender,artist_country,artist_gender
1,1,1.0,Britney Spears,UK,29,m,US,Female
1,2,0.6309297535714575,Wax Tailor,UK,29,m,FR,Male
1,3,0.5,Frank Ocean,UK,29,m,US,Male
1,4,0.43067655807339306,Sia,UK,29,m,AU,Female
1,5,0.38685280723454163,DJ Shadow,UK,29,m,US,Male
1,6,0.3562071871080222,Jennifer Lopez,UK,29,m,US,Female
1,7,0.3333333333333333,RuPaul,UK,29,m,US,Female
1,8,0.31546487678572877,Thom Yorke,UK,29,m,UK,Male
1,9,0.3010299956639812,Kanye West,UK,29,m,US,Male
1,10,0.2890648263178879,Lisa Miskovsky,UK,29,m,SE,Female
2,1,1.0,Frank Ocean,US,29,f,US,Male
2,2,0.6309297535714575,Moby,US,29,f,US,Male
2,3,0.5,Nicki Minaj,US,29,f,US,Female
2,4,0.43067655807339306,Kanye West,US,29,f,US,Male
2,5,0.38685280723454163,Wax Tailor,US,29,f,FR,Male
2,6,0.3562071871080222,DJ Shadow,US,29,f,US,Male
2,7,0.3333333333333333,Rod Stewart,US,29,f,UK,Male
2,8,0.31546487678572877,Thom Yorke,US,29,f,UK,Male
2,9,0.3010299956639812,Britney Spears,US,29,f,US,Female
2,10,0.2890648263178879,Toro y Moi,US,29,f,US,Male
3,1,1.0,Devendra Banhart,CH,27,m,US,Male
3,2,0.6309297535714575,Ariana Grande,CH,27,m,US,Female
3,3,0.5,Bat for Lashes,CH,27,m,UK,Female
3,4,0.43067655807339306,Ariana Grande,CH,27,m,US,Female
3,5,0.38685280723454163,Taylor Swift,CH,27,m,US,Female
3,6,0.3562071871080222,George Ezra,CH,27,m,UK,Male
3,7,0.3333333333333333,Sia,CH,27,m,AU,Female
3,8,0.31546487678572877,Kanye West,CH,27,m,US,Male
3,9,0.3010299956639812,Bob Marley & The Wailers,CH,27,m,JM,Male
3,10,0.2890648263178879,Marilyn Manson,CH,27,m,US,Male
4,1,1.0,John Maus,UK,32,m,US,Male
4,2,0.6309297535714575,Frank Ocean,UK,32,m,US,Male
4,3,0.5,Louis Tomlinson,UK,32,m,UK,Male
4,4,0.43067655807339306,Joe Goddard,UK,32,m,UK,Male
4,5,0.38685280723454163,Ry x,UK,32,m,AU,Male
4,6,0.3562071871080222,Weyes Blood,UK,32,m,US,Female
4,7,0.3333333333333333,Elliott Smith,UK,32,m,US,Male
4,8,0.31546487678572877,Jennifer Paige,UK,32,m,US,Female
4,9,0.3010299956639812,Ed Sheeran,UK,32,m,UK,Male
4,10,0.2890648263178879,IAMX,UK,32,m,DE,Male
5,1,1.0,Bill Callahan,SE,28,m,US,Male
5,2,0.6309297535714575,Leonard Cohen,SE,28,m,CA,Male
5,3,0.5,Caribou,SE,28,m,CA,Male
5,4,0.43067655807339306,Carpenter Brut,SE,28,m,FR,Male
5,5,0.38685280723454163,Queen,SE,28,m,JP,Female
5,6,0.3562071871080222,John Maus,SE,28,m,US,Male
5,7,0.3333333333333333,Laura Marling,SE,28,m,UK,Female
5,8,0.31546487678572877,Ozzy Osbourne,SE,28,m,UK,Male
5,9,0.3010299956639812,Justin Timberlake,SE,28,m,US,Male
5,10,0.2890648263178879,Panda Bear,SE,28,m,US,Male
6,1,1.0,Louis Tomlinson,US,33,m,UK,Male
6,2,0.6309297535714575,Frank Ocean,US,33,m,US,Male
6,3,0.5,Kygo,US,33,m,NO,Male
6,4,0.43067655807339306,John Maus,US,33,m,US,Male
6,5,0.38685280723454163,Ariana Grande,US,33,m,US,Female
6,6,0.3562071871080222,Ed Sheeran,US,33,m,UK,Male
6,7,0.3333333333333333,Ed Sheeran,US,33,m,UK,Male
6,8,0.31546487678572877,Weyes Blood,US,33,m,US,Female
6,9,0.3010299956639812,Jess Glynne,US,33,m,UK,Female
6,10,0.2890648263178879,Ry x,US,33,m,AU,Male
7,1,1.0,Miley Cyrus,AU,37,m,US,Non-binary
7,2,0.6309297535714575,Kanye West,AU,37,m,US,Male
7,3,0.5,Queen,AU,37,m,JP,Female
7,4,0.43067655807339306,Edwyn Collins,AU,37,m,UK,Male
7,5,0.38685280723454163,Taylor Swift,AU,37,m,US,Female
7,6,0.3562071871080222,Gil Scott-Heron,AU,37,m,US,Male
7,7,0.3333333333333333,Anna Calvi,AU,37,m,UK,Female
7,8,0.31546487678572877,Avril Lavigne,AU,37,m,CA,Female
7,9,0.3010299956639812,Father John Misty,AU,37,m,US,Male
7,10,0.2890648263178879,Ariana Grande,AU,37,m,US,Female
8,1,1.0,Lisa Miskovsky,AU,26,m,SE,Female
8,2,0.6309297535714575,Grimes,AU,26,m,CA,Female
8,3,0.5,Ed Sheeran,AU,26,m,UK,Male
8,4,0.43067655807339306,Ed Sheeran,AU,26,m,UK,Male
8,5,0.38685280723454163,Louis Tomlinson,AU,26,m,UK,Male
8,6,0.3562071871080222,Britney Spears,AU,26,m,US,Female
8,7,0.3333333333333333,Grimes,AU,26,m,CA,Female
8,8,0.31546487678572877,Mariah Carey,AU,26,m,US,Female
8,9,0.3010299956639812,Nicki Minaj,AU,26,m,US,Female
8,10,0.2890648263178879,Kurt Vile,AU,26,m,US,Male
9,1,1.0,Thom Yorke,FI,30,m,UK,Male
9,2,0.6309297535714575,DJ Shadow,FI,30,m,US,Male
9,3,0.5,Moby,FI,30,m,US,Male
9,4,0.43067655807339306,Grimes,FI,30,m,CA,Female
9,5,0.38685280723454163,Rod Stewart,FI,30,m,UK,Male
9,6,0.3562071871080222,Nicki Minaj,FI,30,m,US,Female
9,7,0.3333333333333333,Wax Tailor,FI,30,m,FR,Male
9,8,0.31546487678572877,John Maus,FI,30,m,US,Male
9,9,0.3010299956639812,RuPaul,FI,30,m,US,Female
9,10,0.2890648263178879,Britney Spears,FI,30,m,US,Female
11,1,1.0,Frank Ocean,FI,26,m,US,Male
11,2,0.6309297535714575,John Maus,FI,26,m,US,Male
11,3,0.5,Weyes Blood,FI,26,m,US,Female
11,4,0.43067655807339306,Jennifer Paige,FI,26,m,US,Female
11,5,0.38685280723454163,Joe Goddard,FI,26,m,UK,Male
11,6,0.3562071871080222,Louis Tomlinson,FI,26,m,UK,Male
11,7,0.3333333333333333,Queen,FI,26,m,JP,Female
11,8,0.31546487678572877,Ry x,FI,26,m,AU,Male
11,9,0.3010299956639812,Chelsea Wolfe,FI,26,m,US,Female
11,10,0.2890648263178879,Elliott Smith,FI,26,m,US,Male
12,1,1.0,Weyes Blood,NO,27,f,US,Female
12,2,0.6309297535714575,Joe Goddard,NO,27,f,UK,Male
12,3,0.5,Dennis Lloyd,NO,27,f,IL,Male
12,4,0.43067655807339306,Ed Sheeran,NO,27,f,UK,Male
12,5,0.38685280723454163,Ry x,NO,27,f,AU,Male
12,6,0.3562071871080222,Chelsea Wolfe,NO,27,f,US,Female
12,7,0.3333333333333333,Ed Sheeran,NO,27,f,UK,Male
12,8,0.31546487678572877,Charles Bolt,NO,27,f,US,Male
12,9,0.3010299956639812,Christina Aguilera,NO,27,f,US,Female
12,10,0.2890648263178879,Elliott Smith,NO,27,f,US,Male
14,1,1.0,John Maus,US,32,m,US,Male
14,2,0.6309297535714575,Laura Marling,US,32,m,UK,Female
14,3,0.5,Adele,US,32,m,UK,Female
14,4,0.43067655807339306,Ed Sheeran,US,32,m,UK,Male
14,5,0.38685280723454163,Madonna,US,32,m,US,Female
14,6,0.3562071871080222,Ariana Grande,US,32,m,US,Female
14,7,0.3333333333333333,Elvis Presley,US,32,m,US,Male
14,8,0.31546487678572877,Seal,US,32,m,UK,Male
14,9,0.3010299956639812,Arca,US,32,m,VE,Non-binary
14,10,0.2890648263178879,Devendra Banhart,US,32,m,US,Male
15,1,1.0,Ed Sheeran,FI,27,m,UK,Male
15,2,0.6309297535714575,Ariana Grande,FI,27,m,US,Female
15,3,0.5,Bat for Lashes,FI,27,m,UK,Female
15,4,0.43067655807339306,Elvis Presley,FI,27,m,US,Male
15,5,0.38685280723454163,Billy Joel,FI,27,m,US,Male
15,6,0.3562071871080222,Carpenter Brut,FI,27,m,FR,Male
15,7,0.3333333333333333,Bob Marley & The Wailers,FI,27,m,JM,Male
15,8,0.31546487678572877,Queen,FI,27,m,JP,Female
15,9,0.3010299956639812,Noisestorm,FI,27,m,IE,Male
15,10,0.2890648263178879,Lana Del Rey,FI,27,m,US,Female
16,1,1.0,Louis Tomlinson,NL,25,m,UK,Male
16,2,0.6309297535714575,Jennifer Paige,NL,25,m,US,Female
16,3,0.5,Tove Lo,NL,25,m,SE,Female
16,4,0.43067655807339306,Ed Sheeran,NL,25,m,UK,Male
16,5,0.38685280723454163,Ed Sheeran,NL,25,m,UK,Male
16,6,0.3562071871080222,Kygo,NL,25,m,NO,Male
16,7,0.3333333333333333,Charles Bolt,NL,25,m,US,Male
16,8,0.31546487678572877,Ry x,NL,25,m,AU,Male
16,9,0.3010299956639812,Joe Goddard,NL,25,m,UK,Male
16,10,0.2890648263178879,Ariana Grande,NL,25,m,US,Female
17,1,1.0,Bob Marley & The Wailers,SE,25,f,JM,Male
17,2,0.6309297535714575,Ed Sheeran,SE,25,f,UK,Male
17,3,0.5,Madonna,SE,25,f,US,Female
17,4,0.43067655807339306,Ariana Grande,SE,25,f,US,Female
17,5,0.38685280723454163,Seal,SE,25,f,UK,Male
17,6,0.3562071871080222,Elvis Presley,SE,25,f,US,Male
17,7,0.3333333333333333,Billy Joel,SE,25,f,US,Male
17,8,0.31546487678572877,Carpenter Brut,SE,25,f,FR,Male
17,9,0.3010299956639812,Bob Marley & The Wailers,SE,25,f,JM,Male
17,10,0.2890648263178879,Queen,SE,25,f,JP,Female
18,1,1.0,Avril Lavigne,PL,29,m,CA,Female
18,2,0.6309297535714575,Katy Perry,PL,29,m,US,Female
18,3,0.5,Lily Allen,PL,29,m,UK,Female
18,4,0.43067655807339306,Louis Tomlinson,PL,29,m,UK,Male
18,5,0.38685280723454163,Jennifer Paige,PL,29,m,US,Female
18,6,0.3562071871080222,Queen,PL,29,m,JP,Female
18,7,0.3333333333333333,Chelsea Wolfe,PL,29,m,US,Female
18,8,0.31546487678572877,Tove Lo,PL,29,m,SE,Female
18,9,0.3010299956639812,Ariana Grande,PL,29,m,US,Female
18,10,0.2890648263178879,Elliott Smith,PL,29,m,US,Male
19,1,1.0,Ariana Grande,SE,26,m,US,Female
19,2,0.6309297535714575,Wild Nothing,SE,26,m,US,Male
19,3,0.5,Elvis Presley,SE,26,m,US,Male
19,4,0.43067655807339306,The Tallest Man on Earth,SE,26,m,SE,Male
19,5,0.38685280723454163,Tame Impala,SE,26,m,AU,Male
19,6,0.3562071871080222,Patrick Watson,SE,26,m,CA,Male
19,7,0.3333333333333333,Billy Joel,SE,26,m,US,Male
19,8,0.31546487678572877,Carpenter Brut,SE,26,m,FR,Male
19,9,0.3010299956639812,Leonard Cohen,SE,26,m,CA,Male
19,10,0.2890648263178879,James Blake,SE,26,m,UK,Male
20,1,1.0,Ed Sheeran,US,40,m,UK,Male
20,2,0.6309297535714575,Ariana Grande,US,40,m,US,Female
20,3,0.5,Elvis Presley,US,40,m,US,Male
20,4,0.43067655807339306,Carpenter Brut,US,40,m,FR,Male
20,5,0.38685280723454163,Wild Nothing,US,40,m,US,Male
20,6,0.3562071871080222,Queen,US,40,m,JP,Female
20,7,0.3333333333333333,Billy Joel,US,40,m,US,Male
20,8,0.31546487678572877,Ozzy Osbourne,US,40,m,UK,Male
20,9,0.3010299956639812,Bob Marley & The Wailers,US,40,m,JM,Male
20,10,0.2890648263178879,Emma Ruth Rundle,US,40,m,US,Female
21,1,1.0,Thom Yorke,UK,46,m,UK,Male
21,2,0.6309297535714575,Rush,UK,46,m,US,Male
21,3,0.5,DJ Shadow,UK,46,m,US,Male
21,4,0.43067655807339306,Sia,UK,46,m,AU,Female
21,5,0.38685280723454163,Lana Del Rey,UK,46,m,US,Female
21,6,0.3562071871080222,Kanye West,UK,46,m,US,Male
21,7,0.3333333333333333,Vanessa Carlton,UK,46,m,US,Female
21,8,0.31546487678572877,Ariana Grande,UK,46,m,US,Female
21,9,0.3010299956639812,Vitalic,UK,46,m,FR,Male
21,10,0.2890648263178879,Grimes,UK,46,m,CA,Female
22,1,1.0,Kanye West,AU,29,f,US,Male
22,2,0.6309297535714575,Avril Lavigne,AU,29,f,CA,Female
22,3,0.5,Elliott Smith,AU,29,f,US,Male
22,4,0.43067655807339306,Katy Perry,AU,29,f,US,Female
22,5,0.38685280723454163,Toro y Moi,AU,29,f,US,Male
22,6,0.3562071871080222,Twin Shadow,AU,29,f,US,Male
22,7,0.3333333333333333,Earl Sweatshirt,AU,29,f,US,Male
22,8,0.31546487678572877,Jessica Pratt,AU,29,f,US,Female
22,9,0.3010299956639812,Louis Tomlinson,AU,29,f,UK,Male
22,10,0.2890648263178879,Jeff Buckley,AU,29,f,US,Male
23,1,1.0,Miley Cyrus,UK,33,m,US,Non-binary
23,2,0.6309297535714575,Ariana Grande,UK,33,m,US,Female
23,3,0.5,Ariana Grande,UK,33,m,US,Female
23,4,0.43067655807339306,Sia,UK,33,m,AU,Female
23,5,0.38685280723454163,Chelsea Wolfe,UK,33,m,US,Female
23,6,0.3562071871080222,George Ezra,UK,33,m,UK,Male
23,7,0.3333333333333333,Devendra Banhart,UK,33,m,US,Male
23,8,0.31546487678572877,Taylor Swift,UK,33,m,US,Female
23,9,0.3010299956639812,Ariana Grande,UK,33,m,US,Female
23,10,0.2890648263178879,Ariana Grande,UK,33,m,US,Female
24,1,1.0,Grimes,US,27,m,CA,Female
24,2,0.6309297535714575,Weyes Blood,US,27,m,US,Female
24,3,0.5,Frank Ocean,US,27,m,US,Male
24,4,0.43067655807339306,John Maus,US,27,m,US,Male
24,5,0.38685280723454163,Louis Tomlinson,US,27,m,UK,Male
24,6,0.3562071871080222,Queen,US,27,m,JP,Female
24,7,0.3333333333333333,Tove Lo,US,27,m,SE,Female
24,8,0.31546487678572877,Chelsea Wolfe,US,27,m,US,Female
24,9,0.3010299956639812,Ed Sheeran,US,27,m,UK,Male
24,10,0.2890648263178879,Ariana Grande,US,27,m,US,Female
25,1,1.0,Avril Lavigne,US,31,m,CA,Female
25,2,0.6309297535714575,Katy Perry,US,31,m,US,Female
25,3,0.5,Lily Allen,US,31,m,UK,Female
25,4,0.43067655807339306,Jennifer Paige,US,31,m,US,Female
25,5,0.38685280723454163,Joe Goddard,US,31,m,UK,Male
25,6,0.3562071871080222,Tove Lo,US,31,m,SE,Female
25,7,0.3333333333333333,Ariana Grande,US,31,m,US,Female
25,8,0.31546487678572877,Weyes Blood,US,31,m,US,Female
25,9,0.3010299956639812,Kygo,US,31,m,NO,Male
25,10,0.2890648263178879,Queen,US,31,m,JP,Female
26,1,1.0,Grimes,AT,28,m,CA,Female
26,2,0.6309297535714575,Weyes Blood,AT,28,m,US,Female
26,3,0.5,Frank Ocean,AT,28,m,US,Male
26,4,0.43067655807339306,John Maus,AT,28,m,US,Male
26,5,0.38685280723454163,Ariana Grande,AT,28,m,US,Female
26,6,0.3562071871080222,Joe Goddard,AT,28,m,UK,Male
26,7,0.3333333333333333,Dennis Lloyd,AT,28,m,IL,Male
26,8,0.31546487678572877,Ry x,AT,28,m,AU,Male
26,9,0.3010299956639812,Weyes Blood,AT,28,m,US,Female
26,10,0.2890648263178879,Elliott Smith,AT,28,m,US,Male
27,1,1.0,Kanye West,BY,32,m,US,Male
27,2,0.6309297535714575,Kurt Vile,BY,32,m,US,Male
27,3,0.5,Katy Perry,BY,32,m,US,Female
27,4,0.43067655807339306,Avril Lavigne,BY,32,m,CA,Female
27,5,0.38685280723454163,Lily Allen,BY,32,m,UK,Female
27,6,0.3562071871080222,Grimes,BY,32,m,CA,Female
27,7,0.3333333333333333,Louis Tomlinson,BY,32,m,UK,Male
27,8,0.31546487678572877,Queen,BY,32,m,JP,Female
27,9,0.3010299956639812,Weyes Blood,BY,32,m,US,Female
27,10,0.2890648263178879,Jennifer Paige,BY,32,m,US,Female
28,1,1.0,Grimes,FI,26,m,CA,Female
28,2,0.6309297535714575,Rod Stewart,FI,26,m,UK,Male
28,3,0.5,RuPaul,FI,26,m,US,Female
28,4,0.43067655807339306,John Maus,FI,26,m,US,Male
28,5,0.38685280723454163,Apparat,FI,26,m,DE,Male
28,6,0.3562071871080222,Jennifer Lopez,FI,26,m,US,Female
28,7,0.3333333333333333,Kurt Vile,FI,26,m,US,Male
28,8,0.31546487678572877,Sia,FI,26,m,AU,Female
28,9,0.3010299956639812,Weyes Blood,FI,26,m,US,Female
28,10,0.2890648263178879,Lisa Miskovsky,FI,26,m,SE,Female
29,1,1.0,Kanye West,US,25,m,US,Male
29,2,0.6309297535714575,Katy Perry,US,25,m,US,Female
29,3,0.5,Avril Lavigne,US,25,m,CA,Female
29,4,0.43067655807339306,Lily Allen,US,25,m,UK,Female
29,5,0.38685280723454163,Chelsea Wolfe,US,25,m,US,Female
29,6,0.3562071871080222,Jennifer Paige,US,25,m,US,Female
29,7,0.3333333333333333,Ed Sheeran,US,25,m,UK,Male
29,8,0.31546487678572877,Louis Tomlinson,US,25,m,UK,Male
29,9,0.3010299956639812,Weyes Blood,US,25,m,US,Female
29,10,0.2890648263178879,Ed Sheeran,US,25,m,UK,Male
30,1,1.0,Sia,US,39,f,AU,Female
30,2,0.6309297535714575,Taylor Swift,US,39,f,US,Female
30,3,0.5,George Ezra,US,39,f,UK,Male
30,4,0.43067655807339306,Ariana Grande,US,39,f,US,Female
30,5,0.38685280723454163,Bob Marley & The Wailers,US,39,f,JM,Male
30,6,0.3562071871080222,Adele,US,39,f,UK,Female
30,7,0.3333333333333333,Ed Sheeran,US,39,f,UK,Male
30,8,0.31546487678572877,Marilyn Manson,US,39,f,US,Male
30,9,0.3010299956639812,Devendra Banhart,US,39,f,US,Male
30,10,0.2890648263178879,PJ Harvey,US,39,f,UK,Female
31,1,1.0,Elvis Presley,US,25,m,US,Male
31,2,0.6309297535714575,Carpenter Brut,US,25,m,FR,Male
31,3,0.5,Billy Joel,US,25,m,US,Male
31,4,0.43067655807339306,Bob Marley & The Wailers,US,25,m,JM,Male
31,5,0.38685280723454163,Queen,US,25,m,JP,Female
31,6,0.3562071871080222,Ozzy Osbourne,US,25,m,UK,Male
31,7,0.3333333333333333,Lana Del Rey,US,25,m,US,Female
31,8,0.31546487678572877,Justin Timberlake,US,25,m,US,Male
31,9,0.3010299956639812,Lorde,US,25,m,NZ,Female
31,10,0.2890648263178879,Marilyn Manson,US,25,m,US,Male
32,1,1.0,Katy Perry,BE,37,m,US,Female
32,2,0.6309297535714575,Lily Allen,BE,37,m,UK,Female
32,3,0.5,Jennifer Paige,BE,37,m,US,Female
32,4,0.43067655807339306,Joe Goddard,BE,37,m,UK,Male
32,5,0.38685280723454163,Weyes Blood,BE,37,m,US,Female
32,6,0.3562071871080222,Queen,BE,37,m,JP,Female
32,7,0.3333333333333333,Louis Tomlinson,BE,37,m,UK,Male
32,8,0.31546487678572877,Ry x,BE,37,m,AU,Male
32,9,0.3010299956639812,Chelsea Wolfe,BE,37,m,US,Female
32,10,0.2890648263178879,Tove Lo,BE,37,m,SE,Female
33,1,1.0,Lily Allen,NO,34,m,UK,Female
33,2,0.6309297535714575,Grimes,NO,34,m,CA,Female
33,3,0.5,Louis Tomlinson,NO,34,m,UK,Male
33,4,0.43067655807339306,Jennifer Paige,NO,34,m,US,Female
33,5,0.38685280723454163,Kurt Vile,NO,34,m,US,Male
33,6,0.3562071871080222,Ed Sheeran,NO,34,m,UK,Male
33,7,0.3333333333333333,John Maus,NO,34,m,US,Male
33,8,0.31546487678572877,Apparat,NO,34,m,DE,Male
33,9,0.3010299956639812,Ed Sheeran,NO,34,m,UK,Male
33,10,0.2890648263178879,Dimension,NO,34,m,ES,Male
34,1,1.0,Scott Walker,UK,28,m,UK,Male
34,2,0.6309297535714575,Mitski,UK,28,m,US,Female
34,3,0.5,Nick Drake,UK,28,m,UK,Male
34,4,0.43067655807339306,John Maus,UK,28,m,US,Male
34,5,0.38685280723454163,Grouper,UK,28,m,US,Female
34,6,0.3562071871080222,Grouper,UK,28,m,US,Female
34,7,0.3333333333333333,Bill Callahan,UK,28,m,US,Male
34,8,0.31546487678572877,Kevin Morby,UK,28,m,US,Male
34,9,0.3010299956639812,Panda Bear,UK,28,m,US,Male
34,10,0.2890648263178879,M. Ward,UK,28,m,US,Male
35,1,1.0,Wax Tailor,RU,27,m,FR,Male
35,2,0.6309297535714575,RuPaul,RU,27,m,US,Female
35,3,0.5,Frank Ocean,RU,27,m,US,Male
35,4,0.43067655807339306,Sia,RU,27,m,AU,Female
35,5,0.38685280723454163,Jennifer Lopez,RU,27,m,US,Female
35,6,0.3562071871080222,Lisa Miskovsky,RU,27,m,SE,Female
35,7,0.3333333333333333,Kanye West,RU,27,m,US,Male
35,8,0.31546487678572877,Ry x,RU,27,m,AU,Male
35,9,0.3010299956639812,Avril Lavigne,RU,27,m,CA,Female
35,10,0.2890648263178879,Katy Perry,RU,27,m,US,Female
36,1,1.0,Grimes,US,37,m,CA,Female
36,2,0.6309297535714575,John Maus,US,37,m,US,Male
36,3,0.5,Kurt Vile,US,37,m,US,Male
36,4,0.43067655807339306,Grimes,US,37,m,CA,Female
36,5,0.38685280723454163,Chelsea Wolfe,US,37,m,US,Female
36,6,0.3562071871080222,Weyes Blood,US,37,m,US,Female
36,7,0.3333333333333333,Queen,US,37,m,JP,Female
36,8,0.31546487678572877,Charles Bolt,US,37,m,US,Male
36,9,0.3010299956639812,Britney Spears,US,37,m,US,Female
36,10,0.2890648263178879,Dennis Lloyd,US,37,m,IL,Male
37,1,1.0,DJ Shadow,US,32,f,US,Male
37,2,0.6309297535714575,Tove Lo,US,32,f,SE,Female
37,3,0.5,Lily Allen,US,32,f,UK,Female
37,4,0.43067655807339306,Dido,US,32,f,UK,Female
37,5,0.38685280723454163,Grimes,US,32,f,CA,Female
37,6,0.3562071871080222,Lisa Miskovsky,US,32,f,SE,Female
37,7,0.3333333333333333,John Maus,US,32,f,US,Male
37,8,0.31546487678572877,Kelly Clarkson,US,32,f,US,Female
37,9,0.3010299956639812,Beyoncé,US,32,f,US,Female
37,10,0.2890648263178879,Louis Tomlinson,US,32,f,UK,Male
38,1,1.0,Grimes,BR,25,m,CA,Female
38,2,0.6309297535714575,John Maus,BR,25,m,US,Male
38,3,0.5,Dennis Lloyd,BR,25,m,IL,Male
38,4,0.43067655807339306,Jess Glynne,BR,25,m,UK,Female
38,5,0.38685280723454163,Grimes,BR,25,m,CA,Female
38,6,0.3562071871080222,Kurt Vile,BR,25,m,US,Male
38,7,0.3333333333333333,Frank Ocean,BR,25,m,US,Male
38,8,0.31546487678572877,Britney Spears,BR,25,m,US,Female
38,9,0.3010299956639812,Ariana Grande,BR,25,m,US,Female
38,10,0.2890648263178879,Weyes Blood,BR,25,m,US,Female
39,1,1.0,Oneohtrix Point Never,US,27,m,US,Male
39,2,0.6309297535714575,Arca,US,27,m,VE,Non-binary
39,3,0.5,Chelsea Wolfe,US,27,m,US,Female
39,4,0.43067655807339306,Damien Jurado,US,27,m,US,Male
39,5,0.38685280723454163,PJ Harvey,US,27,m,UK,Female
39,6,0.3562071871080222,PJ Harvey,US,27,m,UK,Female
39,7,0.3333333333333333,Mac DeMarco,US,27,m,CA,Male
39,8,0.31546487678572877,Oneohtrix Point Never,US,27,m,US,Male
39,9,0.3010299956639812,Janelle Monáe,US,27,m,US,Non-binary
39,10,0.2890648263178879,Elvis Presley,US,27,m,US,Male
40,1,1.0,Jennifer Lopez,RU,34,m,US,Female
40,2,0.6309297535714575,Sia,RU,34,m,AU,Female
40,3,0.5,Kanye West,RU,34,m,US,Male
40,4,0.43067655807339306,Lisa Miskovsky,RU,34,m,SE,Female
40,5,0.38685280723454163,Avril Lavigne,RU,34,m,CA,Female
40,6,0.3562071871080222,Katy Perry,RU,34,m,US,Female
40,7,0.3333333333333333,Lily Allen,RU,34,m,UK,Female
40,8,0.31546487678572877,Elliott Smith,RU,34,m,US,Male
40,9,0.3010299956639812,Toro y Moi,RU,34,m,US,Male
40,10,0.2890648263178879,Jennifer Paige,RU,34,m,US,Female
41,1,1.0,Leonard Cohen,US,26,f,CA,Male
41,2,0.6309297535714575,Bill Callahan,US,26,f,US,Male
41,3,0.5,Caribou,US,26,f,CA,Male
41,4,0.43067655807339306,John Maus,US,26,f,US,Male
41,5,0.38685280723454163,Carpenter Brut,US,26,f,FR,Male
41,6,0.3562071871080222,John Maus,US,26,f,US,Male
41,7,0.3333333333333333,Laura Marling,US,26,f,UK,Female
41,8,0.31546487678572877,Bob Marley & The Wailers,US,26,f,JM,Male
41,9,0.3010299956639812,Queen,US,26,f,JP,Female
41,10,0.2890648263178879,Justin Timberlake,US,26,f,US,Male
42,1,1.0,Avril Lavigne,SK,24,m,CA,Female
42,2,0.6309297535714575,Kanye West,SK,24,m,US,Male
42,3,0.5,Elliott Smith,SK,24,m,US,Male
42,4,0.43067655807339306,Queen,SK,24,m,JP,Female
42,5,0.38685280723454163,Katy Perry,SK,24,m,US,Female
42,6,0.3562071871080222,Louis Tomlinson,SK,24,m,UK,Male
42,7,0.3333333333333333,Earl Sweatshirt,SK,24,m,US,Male
42,8,0.31546487678572877,Twin Shadow,SK,24,m,US,Male
42,9,0.3010299956639812,Tame Impala,SK,24,m,AU,Male
42,10,0.2890648263178879,Ed Sheeran,SK,24,m,UK,Male
43,1,1.0,Grimes,US,25,m,CA,Female
43,2,0.6309297535714575,Katy Perry,US,25,m,US,Female
43,3,0.5,Avril Lavigne,US,25,m,CA,Female
43,4,0.43067655807339306,Lily Allen,US,25,m,UK,Female
43,5,0.38685280723454163,Weyes Blood,US,25,m,US,Female
43,6,0.3562071871080222,Frank Ocean,US,25,m,US,Male
43,7,0.3333333333333333,Jennifer Paige,US,25,m,US,Female
43,8,0.31546487678572877,Louis Tomlinson,US,25,m,UK,Male
43,9,0.3010299956639812,Tove Lo,US,25,m,SE,Female
43,10,0.2890648263178879,John Maus,US,25,m,US,Male
44,1,1.0,RuPaul,US,24,f,US,Female
44,2,0.6309297535714575,Jennifer Lopez,US,24,f,US,Female
44,3,0.5,Sia,US,24,f,AU,Female
44,4,0.43067655807339306,Avril Lavigne,US,24,f,CA,Female
44,5,0.38685280723454163,Lisa Miskovsky,US,24,f,SE,Female
44,6,0.3562071871080222,Jeff Buckley,US,24,f,US,Male
44,7,0.3333333333333333,Lily Allen,US,24,f,UK,Female
44,8,0.31546487678572877,Leonard Cohen,US,24,f,CA,Male
44,9,0.3010299956639812,Mitski,US,24,f,US,Female
44,10,0.2890648263178879,Katy Perry,US,24,f,US,Female
45,1,1.0,Lily Allen,DE,34,m,UK,Female
45,2,0.6309297535714575,Grimes,DE,34,m,CA,Female
45,3,0.5,Jennifer Paige,DE,34,m,US,Female
45,4,0.43067655807339306,Weyes Blood,DE,34,m,US,Female
45,5,0.38685280723454163,Louis Tomlinson,DE,34,m,UK,Male
45,6,0.3562071871080222,Frank Ocean,DE,34,m,US,Male
45,7,0.3333333333333333,Tove Lo,DE,34,m,SE,Female
45,8,0.31546487678572877,Kygo,DE,34,m,NO,Male
45,9,0.3010299956639812,John Maus,DE,34,m,US,Male
45,10,0.2890648263178879,Ariana Grande,DE,34,m,US,Female
47,1,1.0,Bat for Lashes,RU,28,m,UK,Female
47,2,0.6309297535714575,Chelsea Wolfe,RU,28,m,US,Female
47,3,0.5,Miley Cyrus,RU,28,m,US,Non-binary
47,4,0.43067655807339306,Devendra Banhart,RU,28,m,US,Male
47,5,0.38685280723454163,Queen,RU,28,m,JP,Female
47,6,0.3562071871080222,Damien Jurado,RU,28,m,US,Male
47,7,0.3333333333333333,PJ Harvey,RU,28,m,UK,Female
47,8,0.31546487678572877,Miley Cyrus,RU,28,m,US,Non-binary
47,9,0.3010299956639812,Mac DeMarco,RU,28,m,CA,Male
47,10,0.2890648263178879,PJ Harvey,RU,28,m,UK,Female
48,1,1.0,RuPaul,IT,26,m,US,Female
48,2,0.6309297535714575,Britney Spears,IT,26,m,US,Female
48,3,0.5,Queen,IT,26,m,JP,Female
48,4,0.43067655807339306,Jennifer Lopez,IT,26,m,US,Female
48,5,0.38685280723454163,Sia,IT,26,m,AU,Female
48,6,0.3562071871080222,Lisa Miskovsky,IT,26,m,SE,Female
48,7,0.3333333333333333,Toro y Moi,IT,26,m,US,Male
48,8,0.31546487678572877,Kanye West,IT,26,m,US,Male
48,9,0.3010299956639812,Jessica Pratt,IT,26,m,US,Female
48,10,0.2890648263178879,Pional,IT,26,m,ES,Male
49,1,1.0,Leonard Cohen,HU,22,f,CA,Male
49,2,0.6309297535714575,Bill Callahan,HU,22,f,US,Male
49,3,0.5,John Maus,HU,22,f,US,Male
49,4,0.43067655807339306,Elvis Presley,HU,22,f,US,Male
49,5,0.38685280723454163,John Maus,HU,22,f,US,Male
49,6,0.3562071871080222,Panda Bear,HU,22,f,US,Male
49,7,0.3333333333333333,Billy Joel,HU,22,f,US,Male
49,8,0.31546487678572877,Carpenter Brut,HU,22,f,FR,Male
49,9,0.3010299956639812,Bob Marley & The Wailers,HU,22,f,JM,Male
49,10,0.2890648263178879,Laura Marling,HU,22,f,UK,Female
50,1,1.0,Kanye West,BE,27,m,US,Male
50,2,0.6309297535714575,Grimes,BE,27,m,CA,Female
50,3,0.5,Apparat,BE,27,m,DE,Male
50,4,0.43067655807339306,Dimension,BE,27,m,ES,Male
50,5,0.38685280723454163,John Maus,BE,27,m,US,Male
50,6,0.3562071871080222,Taylor Swift,BE,27,m,US,Female
50,7,0.3333333333333333,Fergie,BE,27,m,UK,Male
50,8,0.31546487678572877,Robbie Williams,BE,27,m,UK,Male
50,9,0.3010299956639812,Neil Diamond,BE,27,m,US,Male
50,10,0.2890648263178879,Queen,BE,27,m,JP,Female
51,1,1.0,Ed Sheeran,SE,25,m,UK,Male
51,2,0.6309297535714575,Louis Tomlinson,SE,25,m,UK,Male
51,3,0.5,Ed Sheeran,SE,25,m,UK,Male
51,4,0.43067655807339306,Ariana Grande,SE,25,m,US,Female
51,5,0.38685280723454163,Kygo,SE,25,m,NO,Male
51,6,0.3562071871080222,Tove Lo,SE,25,m,SE,Female
51,7,0.3333333333333333,Queen,SE,25,m,JP,Female
51,8,0.31546487678572877,IAMX,SE,25,m,DE,Male
51,9,0.3010299956639812,IAMX,SE,25,m,DE,Male
51,10,0.2890648263178879,Grimes,SE,25,m,CA,Female
52,1,1.0,John Maus,AT,27,m,US,Male
52,2,0.6309297535714575,Devendra Banhart,AT,27,m,US,Male
52,3,0.5,Ed Sheeran,AT,27,m,UK,Male
52,4,0.43067655807339306,PJ Harvey,AT,27,m,UK,Female
52,5,0.38685280723454163,Chelsea Wolfe,AT,27,m,US,Female
52,6,0.3562071871080222,Bat for Lashes,AT,27,m,UK,Female
52,7,0.3333333333333333,Ariana Grande,AT,27,m,US,Female
52,8,0.31546487678572877,Elvis Presley,AT,27,m,US,Male
52,9,0.3010299956639812,Damien Jurado,AT,27,m,US,Male
52,10,0.2890648263178879,PJ Harvey,AT,27,m,UK,Female
53,1,1.0,Ariana Grande,US,26,m,US,Female
53,2,0.6309297535714575,George Ezra,US,26,m,UK,Male
53,3,0.5,Sia,US,26,m,AU,Female
53,4,0.43067655807339306,Taylor Swift,US,26,m,US,Female
53,5,0.38685280723454163,Bob Marley & The Wailers,US,26,m,JM,Male
53,6,0.3562071871080222,Kanye West,US,26,m,US,Male
53,7,0.3333333333333333,Marilyn Manson,US,26,m,US,Male
53,8,0.31546487678572877,The Tallest Man on Earth,US,26,m,SE,Male
53,9,0.3010299956639812,King Krule,US,26,m,UK,Male
53,10,0.2890648263178879,Ed Sheeran,US,26,m,UK,Male
54,1,1.0,PJ Harvey,ES,31,f,UK,Female
54,2,0.6309297535714575,Damien Jurado,ES,31,f,US,Male
54,3,0.5,Bat for Lashes,ES,31,f,UK,Female
54,4,0.43067655807339306,Mac DeMarco,ES,31,f,CA,Male
54,5,0.38685280723454163,Emma Ruth Rundle,ES,31,f,US,Female
54,6,0.3562071871080222,Wild Nothing,ES,31,f,US,Male
54,7,0.3333333333333333,Frank Ocean,ES,31,f,US,Male
54,8,0.31546487678572877,Chelsea Wolfe,ES,31,f,US,Female
54,9,0.3010299956639812,Carpenter Brut,ES,31,f,FR,Male
54,10,0.2890648263178879,Lana Del Rey,ES,31,f,US,Female
55,1,1.0,RuPaul,US,24,m,US,Female
55,2,0.6309297535714575,John Maus,US,24,m,US,Male
55,3,0.5,Sia,US,24,m,AU,Female
55,4,0.43067655807339306,Frank Ocean,US,24,m,US,Male
55,5,0.38685280723454163,Jennifer Lopez,US,24,m,US,Female
55,6,0.3562071871080222,Kanye West,US,24,m,US,Male
55,7,0.3333333333333333,Avril Lavigne,US,24,m,CA,Female
55,8,0.31546487678572877,Weyes Blood,US,24,m,US,Female
55,9,0.3010299956639812,Joe Goddard,US,24,m,UK,Male
55,10,0.2890648263178879,Ry x,US,24,m,AU,Male
56,1,1.0,Sharon Van Etten,US,26,m,US,Female
56,2,0.6309297535714575,Bill Callahan,US,26,m,US,Male
56,3,0.5,James Blake,US,26,m,UK,Male
56,4,0.43067655807339306,Panda Bear,US,26,m,US,Male
56,5,0.38685280723454163,Leonard Cohen,US,26,m,CA,Male
56,6,0.3562071871080222,Nick Drake,US,26,m,UK,Male
56,7,0.3333333333333333,John Maus,US,26,m,US,Male
56,8,0.31546487678572877,Caribou,US,26,m,CA,Male
56,9,0.3010299956639812,John Maus,US,26,m,US,Male
56,10,0.2890648263178879,John Maus,US,26,m,US,Male
57,1,1.0,Katy Perry,VE,26,m,US,Female
57,2,0.6309297535714575,Louis Tomlinson,VE,26,m,UK,Male
57,3,0.5,Ed Sheeran,VE,26,m,UK,Male
57,4,0.43067655807339306,Ed Sheeran,VE,26,m,UK,Male
57,5,0.38685280723454163,Jennifer Paige,VE,26,m,US,Female
57,6,0.3562071871080222,Queen,VE,26,m,JP,Female
57,7,0.3333333333333333,Elliott Smith,VE,26,m,US,Male
57,8,0.31546487678572877,Toro y Moi,VE,26,m,US,Male
57,9,0.3010299956639812,Ariana Grande,VE,26,m,US,Female
57,10,0.2890648263178879,Kygo,VE,26,m,NO,Male
58,1,1.0,Grimes,MX,35,m,CA,Female
58,2,0.6309297535714575,Kygo,MX,35,m,NO,Male
58,3,0.5,Weyes Blood,MX,35,m,US,Female
58,4,0.43067655807339306,Chelsea Wolfe,MX,35,m,US,Female
58,5,0.38685280723454163,Ariana Grande,MX,35,m,US,Female
58,6,0.3562071871080222,Mariah Carey,MX,35,m,US,Female
58,7,0.3333333333333333,Jess Glynne,MX,35,m,UK,Female
58,8,0.31546487678572877,Zella Day,MX,35,m,US,Female
58,9,0.3010299956639812,Dennis Lloyd,MX,35,m,IL,Male
58,10,0.2890648263178879,IAMX,MX,35,m,DE,Male
60,1,1.0,RuPaul,UK,25,m,US,Female
60,2,0.6309297535714575,Jennifer Lopez,UK,25,m,US,Female
60,3,0.5,Sia,UK,25,m,AU,Female
60,4,0.43067655807339306,Lisa Miskovsky,UK,25,m,SE,Female
60,5,0.38685280723454163,Kanye West,UK,25,m,US,Male
60,6,0.3562071871080222,Avril Lavigne,UK,25,m,CA,Female
60,7,0.3333333333333333,Katy Perry,UK,25,m,US,Female
60,8,0.31546487678572877,Joe Goddard,UK,25,m,UK,Male
60,9,0.3010299956639812,Weyes Blood,UK,25,m,US,Female
60,10,0.2890648263178879,Lily Allen,UK,25,m,UK,Female
61,1,1.0,Tycho,FI,30,m,US,Male
61,2,0.6309297535714575,Taylor Swift,FI,30,m,US,Female
61,3,0.5,Kanye West,FI,30,m,US,Male
61,4,0.43067655807339306,Frank Ocean,FI,30,m,US,Male
61,5,0.38685280723454163,Sia,FI,30,m,AU,Female
61,6,0.3562071871080222,Norah Jones,FI,30,m,US,Female
61,7,0.3333333333333333,Ariana Grande,FI,30,m,US,Female
61,8,0.31546487678572877,Four Tet,FI,30,m,UK,Male
61,9,0.3010299956639812,Toro y Moi,FI,30,m,US,Male
61,10,0.2890648263178879,Rihanna,FI,30,m,UK,Female
62,1,1.0,Katy Perry,AR,27,m,US,Female
62,2,0.6309297535714575,Lily Allen,AR,27,m,UK,Female
62,3,0.5,Louis Tomlinson,AR,27,m,UK,Male
62,4,0.43067655807339306,Jennifer Paige,AR,27,m,US,Female
62,5,0.38685280723454163,Weyes Blood,AR,27,m,US,Female
62,6,0.3562071871080222,Joe Goddard,AR,27,m,UK,Male
62,7,0.3333333333333333,Ry x,AR,27,m,AU,Male
62,8,0.31546487678572877,Tove Lo,AR,27,m,SE,Female
62,9,0.3010299956639812,Kygo,AR,27,m,NO,Male
62,10,0.2890648263178879,Queen,AR,27,m,JP,Female
64,1,1.0,Bat for Lashes,SE,27,m,UK,Female
64,2,0.6309297535714575,Chelsea Wolfe,SE,27,m,US,Female
64,3,0.5,Carpenter Brut,SE,27,m,FR,Male
64,4,0.43067655807339306,Queen,SE,27,m,JP,Female
64,5,0.38685280723454163,Emma Ruth Rundle,SE,27,m,US,Female
64,6,0.3562071871080222,Justin Timberlake,SE,27,m,US,Male
64,7,0.3333333333333333,The Tallest Man on Earth,SE,27,m,SE,Male
64,8,0.31546487678572877,Kate Bush,SE,27,m,UK,Female
64,9,0.3010299956639812,Noisestorm,SE,27,m,IE,Male
64,10,0.2890648263178879,Danny Brown,SE,27,m,US,Male
65,1,1.0,Bat for Lashes,CR,31,m,UK,Female
65,2,0.6309297535714575,Wild Nothing,CR,31,m,US,Male
65,3,0.5,Adele,CR,31,m,UK,Female
65,4,0.43067655807339306,Ed Sheeran,CR,31,m,UK,Male
65,5,0.38685280723454163,James Blake,CR,31,m,UK,Male
65,6,0.3562071871080222,Helado Negro,CR,31,m,US,Male
65,7,0.3333333333333333,Madonna,CR,31,m,US,Female
65,8,0.31546487678572877,The Tallest Man on Earth,CR,31,m,SE,Male
65,9,0.3010299956639812,Jay Reatard,CR,31,m,US,Male
65,10,0.2890648263178879,Frank Ocean,CR,31,m,US,Male
66,1,1.0,Ry x,CA,24,f,AU,Male
66,2,0.6309297535714575,Joe Goddard,CA,24,f,UK,Male
66,3,0.5,Elliott Smith,CA,24,f,US,Male
66,4,0.43067655807339306,Ed Sheeran,CA,24,f,UK,Male
66,5,0.38685280723454163,Jennifer Paige,CA,24,f,US,Female
66,6,0.3562071871080222,Weyes Blood,CA,24,f,US,Female
66,7,0.3333333333333333,Ed Sheeran,CA,24,f,UK,Male
66,8,0.31546487678572877,Louis Tomlinson,CA,24,f,UK,Male
66,9,0.3010299956639812,IAMX,CA,24,f,DE,Male
66,10,0.2890648263178879,Twin Shadow,CA,24,f,US,Male
67,1,1.0,Taylor Swift,UK,27,m,US,Female
67,2,0.6309297535714575,George Ezra,UK,27,m,UK,Male
67,3,0.5,Bob Marley & The Wailers,UK,27,m,JM,Male
67,4,0.43067655807339306,Marilyn Manson,UK,27,m,US,Male
67,5,0.38685280723454163,Adele,UK,27,m,UK,Female
67,6,0.3562071871080222,Ed Sheeran,UK,27,m,UK,Male
67,7,0.3333333333333333,Madonna,UK,27,m,US,Female
67,8,0.31546487678572877,Seal,UK,27,m,UK,Male
67,9,0.3010299956639812,Ariana Grande,UK,27,m,US,Female
67,10,0.2890648263178879,Chelsea Wolfe,UK,27,m,US,Female
68,1,1.0,Sharon Van Etten,DE,27,m,US,Female
68,2,0.6309297535714575,Bob Marley & The Wailers,DE,27,m,JM,Male
68,3,0.5,Bill Callahan,DE,27,m,US,Male
68,4,0.43067655807339306,Adele,DE,27,m,UK,Female
68,5,0.38685280723454163,Leonard Cohen,DE,27,m,CA,Male
68,6,0.3562071871080222,Madonna,DE,27,m,US,Female
68,7,0.3333333333333333,Ed Sheeran,DE,27,m,UK,Male
68,8,0.31546487678572877,Ariana Grande,DE,27,m,US,Female
68,9,0.3010299956639812,John Maus,DE,27,m,US,Male
68,10,0.2890648263178879,John Maus,DE,27,m,US,Male
69,1,1.0,Lorde,PL,33,m,NZ,Female
69,2,0.6309297535714575,Ariana Grande,PL,33,m,US,Female
69,3,0.5,Tycho,PL,33,m,US,Male
69,4,0.43067655807339306,Sia,PL,33,m,AU,Female
69,5,0.38685280723454163,Ariana Grande,PL,33,m,US,Female
69,6,0.3562071871080222,Ariana Grande,PL,33,m,US,Female
69,7,0.3333333333333333,Ariana Grande,PL,33,m,US,Female
69,8,0.31546487678572877,Ariana Grande,PL,33,m,US,Female
69,9,0.3010299956639812,Frank Ocean,PL,33,m,US,Male
69,10,0.2890648263178879,Moby,PL,33,m,US,Male
70,1,1.0,Grimes,NL,33,m,CA,Female
70,2,0.6309297535714575,Weyes Blood,NL,33,m,US,Female
70,3,0.5,Ed Sheeran,NL,33,m,UK,Male
70,4,0.43067655807339306,Frank Ocean,NL,33,m,US,Male
70,5,0.38685280723454163,Ed Sheeran,NL,33,m,UK,Male
70,6,0.3562071871080222,John Maus,NL,33,m,US,Male
70,7,0.3333333333333333,Christina Aguilera,NL,33,m,US,Female
70,8,0.31546487678572877,Dimension,NL,33,m,ES,Male
70,9,0.3010299956639812,Avril Lavigne,NL,33,m,CA,Female
70,10,0.2890648263178879,Britney Spears,NL,33,m,US,Female
71,1,1.0,Chuck Berry,PL,25,m,US,Male
71,2,0.6309297535714575,Michael Jackson,PL,25,m,US,Male
71,3,0.5,Norah Jones,PL,25,m,US,Female
71,4,0.43067655807339306,Carpenter Brut,PL,25,m,FR,Male
71,5,0.38685280723454163,Chris Isaak,PL,25,m,US,Male
71,6,0.3562071871080222,Travis Scott,PL,25,m,US,Male
71,7,0.3333333333333333,Britney Spears,PL,25,m,US,Female
71,8,0.31546487678572877,Beyoncé,PL,25,m,US,Female
71,9,0.3010299956639812,Kanye West,PL,25,m,US,Male
71,10,0.2890648263178879,Elvis Presley,PL,25,m,US,Male
72,1,1.0,Frank Ocean,US,39,m,US,Male
72,2,0.6309297535714575,Jennifer Paige,US,39,m,US,Female
72,3,0.5,John Maus,US,39,m,US,Male
72,4,0.43067655807339306,Tove Lo,US,39,m,SE,Female
72,5,0.38685280723454163,Ariana Grande,US,39,m,US,Female
72,6,0.3562071871080222,Kygo,US,39,m,NO,Male
72,7,0.3333333333333333,Queen,US,39,m,JP,Female
72,8,0.31546487678572877,Chelsea Wolfe,US,39,m,US,Female
72,9,0.3010299956639812,Joe Goddard,US,39,m,UK,Male
72,10,0.2890648263178879,Weyes Blood,US,39,m,US,Female
73,1,1.0,Grouper,CH,32,m,US,Female
73,2,0.6309297535714575,Sharon Van Etten,CH,32,m,US,Female
73,3,0.5,Arca,CH,32,m,VE,Non-binary
73,4,0.43067655807339306,James Blake,CH,32,m,UK,Male
73,5,0.38685280723454163,Bill Callahan,CH,32,m,US,Male
73,6,0.3562071871080222,Panda Bear,CH,32,m,US,Male
73,7,0.3333333333333333,Nick Drake,CH,32,m,UK,Male
73,8,0.31546487678572877,Leonard Cohen,CH,32,m,CA,Male
73,9,0.3010299956639812,Caribou,CH,32,m,CA,Male
73,10,0.2890648263178879,John Maus,CH,32,m,US,Male
74,1,1.0,Bill Callahan,IT,31,m,US,Male
74,2,0.6309297535714575,Carpenter Brut,IT,31,m,FR,Male
74,3,0.5,John Maus,IT,31,m,US,Male
74,4,0.43067655807339306,Laura Marling,IT,31,m,UK,Female
74,5,0.38685280723454163,Queen,IT,31,m,JP,Female
74,6,0.3562071871080222,Justin Timberlake,IT,31,m,US,Male
74,7,0.3333333333333333,Ozzy Osbourne,IT,31,m,UK,Male
74,8,0.31546487678572877,Noisestorm,IT,31,m,IE,Male
74,9,0.3010299956639812,Marilyn Manson,IT,31,m,US,Male
74,10,0.2890648263178879,Lorde,IT,31,m,NZ,Female
75,1,1.0,Mitski,NO,28,m,US,Female
75,2,0.6309297535714575,Sharon Van Etten,NO,28,m,US,Female
75,3,0.5,M. Ward,NO,28,m,US,Male
75,4,0.43067655807339306,Bill Callahan,NO,28,m,US,Male
75,5,0.38685280723454163,Nick Drake,NO,28,m,UK,Male
75,6,0.3562071871080222,John Maus,NO,28,m,US,Male
75,7,0.3333333333333333,Panda Bear,NO,28,m,US,Male
75,8,0.31546487678572877,John Maus,NO,28,m,US,Male
75,9,0.3010299956639812,Caribou,NO,28,m,CA,Male
75,10,0.2890648263178879,Lorde,NO,28,m,NZ,Female
76,1,1.0,Grimes,DE,61,m,CA,Female
76,2,0.6309297535714575,Weyes Blood,DE,61,m,US,Female
76,3,0.5,Wax Tailor,DE,61,m,FR,Male
76,4,0.43067655807339306,RuPaul,DE,61,m,US,Female
76,5,0.38685280723454163,Jennifer Lopez,DE,61,m,US,Female
76,6,0.3562071871080222,Sia,DE,61,m,AU,Female
76,7,0.3333333333333333,Lisa Miskovsky,DE,61,m,SE,Female
76,8,0.31546487678572877,Frank Ocean,DE,61,m,US,Male
76,9,0.3010299956639812,Kanye West,DE,61,m,US,Male
76,10,0.2890648263178879,Avril Lavigne,DE,61,m,CA,Female
77,1,1.0,Thom Yorke,FI,31,m,UK,Male
77,2,0.6309297535714575,DJ Shadow,FI,31,m,US,Male
77,3,0.5,Kanye West,FI,31,m,US,Male
77,4,0.43067655807339306,Moby,FI,31,m,US,Male
77,5,0.38685280723454163,Grimes,FI,31,m,CA,Female
77,6,0.3562071871080222,Nicki Minaj,FI,31,m,US,Female
77,7,0.3333333333333333,Nicki Minaj,FI,31,m,US,Female
77,8,0.31546487678572877,Rod Stewart,FI,31,m,UK,Male
77,9,0.3010299956639812,Wax Tailor,FI,31,m,FR,Male
77,10,0.2890648263178879,Britney Spears,FI,31,m,US,Female
78,1,1.0,Kanye West,NO,29,m,US,Male
78,2,0.6309297535714575,Grimes,NO,29,m,CA,Female
78,3,0.5,John Maus,NO,29,m,US,Male
78,4,0.43067655807339306,Apparat,NO,29,m,DE,Male
78,5,0.38685280723454163,Kurt Vile,NO,29,m,US,Male
78,6,0.3562071871080222,Grimes,NO,29,m,CA,Female
78,7,0.3333333333333333,Ellie Goulding,NO,29,m,UK,Female
78,8,0.31546487678572877,IAMX,NO,29,m,DE,Male
78,9,0.3010299956639812,Charles Bolt,NO,29,m,US,Male
78,10,0.2890648263178879,Taylor Swift,NO,29,m,US,Female
79,1,1.0,Avril Lavigne,US,25,m,CA,Female
79,2,0.6309297535714575,Katy Perry,US,25,m,US,Female
79,3,0.5,Chelsea Wolfe,US,25,m,US,Female
79,4,0.43067655807339306,Louis Tomlinson,US,25,m,UK,Male
79,5,0.38685280723454163,Toro y Moi,US,25,m,US,Male
79,6,0.3562071871080222,Earl Sweatshirt,US,25,m,US,Male
79,7,0.3333333333333333,Jennifer Paige,US,25,m,US,Female
79,8,0.31546487678572877,Jessica Pratt,US,25,m,US,Female
79,9,0.3010299956639812,Leonard Cohen,US,25,m,CA,Male
79,10,0.2890648263178879,Tame Impala,US,25,m,AU,Male
80,1,1.0,Grimes,RU,24,m,CA,Female
80,2,0.6309297535714575,Avril Lavigne,RU,24,m,CA,Female
80,3,0.5,Katy Perry,RU,24,m,US,Female
80,4,0.43067655807339306,Lily Allen,RU,24,m,UK,Female
80,5,0.38685280723454163,Frank Ocean,RU,24,m,US,Male
80,6,0.3562071871080222,John Maus,RU,24,m,US,Male
80,7,0.3333333333333333,Jennifer Paige,RU,24,m,US,Female
80,8,0.31546487678572877,Louis Tomlinson,RU,24,m,UK,Male
80,9,0.3010299956639812,Chelsea Wolfe,RU,24,m,US,Female
80,10,0.2890648263178879,Tove Lo,RU,24,m,SE,Female
81,1,1.0,Katy Perry,LV,22,m,US,Female
81,2,0.6309297535714575,Lily Allen,LV,22,m,UK,Female
81,3,0.5,Jennifer Paige,LV,22,m,US,Female
81,4,0.43067655807339306,Louis Tomlinson,LV,22,m,UK,Male
81,5,0.38685280723454163,Weyes Blood,LV,22,m,US,Female
81,6,0.3562071871080222,Ry x,LV,22,m,AU,Male
81,7,0.3333333333333333,Queen,LV,22,m,JP,Female
81,8,0.31546487678572877,Chelsea Wolfe,LV,22,m,US,Female
81,9,0.3010299956639812,Ariana Grande,LV,22,m,US,Female
81,10,0.2890648263178879,Tove Lo,LV,22,m,SE,Female
82,1,1.0,Grimes,RU,26,m,CA,Female
82,2,0.6309297535714575,Weyes Blood,RU,26,m,US,Female
82,3,0.5,Frank Ocean,RU,26,m,US,Male
82,4,0.43067655807339306,John Maus,RU,26,m,US,Male
82,5,0.38685280723454163,Jennifer Paige,RU,26,m,US,Female
82,6,0.3562071871080222,Louis Tomlinson,RU,26,m,UK,Male
82,7,0.3333333333333333,Queen,RU,26,m,JP,Female
82,8,0.31546487678572877,Joe Goddard,RU,26,m,UK,Male
82,9,0.3010299956639812,Weyes Blood,RU,26,m,US,Female
82,10,0.2890648263178879,Ed Sheeran,RU,26,m,UK,Male
83,1,1.0,PJ Harvey,FI,25,m,UK,Female
83,2,0.6309297535714575,Kanye West,FI,25,m,US,Male
83,3,0.5,Devendra Banhart,FI,25,m,US,Male
83,4,0.43067655807339306,Damien Jurado,FI,25,m,US,Male
83,5,0.38685280723454163,Queen,FI,25,m,JP,Female
83,6,0.3562071871080222,Ozzy Osbourne,FI,25,m,UK,Male
83,7,0.3333333333333333,Chelsea Wolfe,FI,25,m,US,Female
83,8,0.31546487678572877,Marilyn Manson,FI,25,m,US,Male
83,9,0.3010299956639812,Lorde,FI,25,m,NZ,Female
83,10,0.2890648263178879,Noisestorm,FI,25,m,IE,Male
84,1,1.0,Mitski,RU,34,m,US,Female
84,2,0.6309297535714575,Grouper,RU,34,m,US,Female
84,3,0.5,Sharon Van Etten,RU,34,m,US,Female
84,4,0.43067655807339306,Elvis Presley,RU,34,m,US,Male
84,5,0.38685280723454163,James Blake,RU,34,m,UK,Male
84,6,0.3562071871080222,Carpenter Brut,RU,34,m,FR,Male
84,7,0.3333333333333333,Billy Joel,RU,34,m,US,Male
84,8,0.31546487678572877,Bill Callahan,RU,34,m,US,Male
84,9,0.3010299956639812,Panda Bear,RU,34,m,US,Male
84,10,0.2890648263178879,Leonard Cohen,RU,34,m,CA,Male
85,1,1.0,Grimes,DE,27,m,CA,Female
85,2,0.6309297535714575,Apparat,DE,27,m,DE,Male
85,3,0.5,RuPaul,DE,27,m,US,Female
85,4,0.43067655807339306,Lisa Miskovsky,DE,27,m,SE,Female
85,5,0.38685280723454163,Sia,DE,27,m,AU,Female
85,6,0.3562071871080222,Kurt Vile,DE,27,m,US,Male
85,7,0.3333333333333333,John Maus,DE,27,m,US,Male
85,8,0.31546487678572877,Grimes,DE,27,m,CA,Female
85,9,0.3010299956639812,Kanye West,DE,27,m,US,Male
85,10,0.2890648263178879,Weyes Blood,DE,27,m,US,Female
86,1,1.0,Vitalic,DZ,24,m,FR,Male
86,2,0.6309297535714575,Rod Stewart,DZ,24,m,UK,Male
86,3,0.5,Rush,DZ,24,m,US,Male
86,4,0.43067655807339306,Ariana Grande,DZ,24,m,US,Female
86,5,0.38685280723454163,Sia,DZ,24,m,AU,Female
86,6,0.3562071871080222,Moby,DZ,24,m,US,Male
86,7,0.3333333333333333,Nicki Minaj,DZ,24,m,US,Female
86,8,0.31546487678572877,Rihanna,DZ,24,m,UK,Female
86,9,0.3010299956639812,Kelly Clarkson,DZ,24,m,US,Female
86,10,0.2890648263178879,Troye Sivan,DZ,24,m,AU,Male
87,1,1.0,Sia,UK,22,m,AU,Female
87,2,0.6309297535714575,Taylor Swift,UK,22,m,US,Female
87,3,0.5,George Ezra,UK,22,m,UK,Male
87,4,0.43067655807339306,Bob Marley & The Wailers,UK,22,m,JM,Male
87,5,0.38685280723454163,Marilyn Manson,UK,22,m,US,Male
87,6,0.3562071871080222,Adele,UK,22,m,UK,Female
87,7,0.3333333333333333,Devendra Banhart,UK,22,m,US,Male
87,8,0.31546487678572877,Ed Sheeran,UK,22,m,UK,Male
87,9,0.3010299956639812,Madonna,UK,22,m,US,Female
87,10,0.2890648263178879,Elvis Presley,UK,22,m,US,Male
88,1,1.0,John Maus,NL,24,m,US,Male
88,2,0.6309297535714575,Carpenter Brut,NL,24,m,FR,Male
88,3,0.5,Ozzy Osbourne,NL,24,m,UK,Male
88,4,0.43067655807339306,Justin Timberlake,NL,24,m,US,Male
88,5,0.38685280723454163,PJ Harvey,NL,24,m,UK,Female
88,6,0.3562071871080222,Noisestorm,NL,24,m,IE,Male
88,7,0.3333333333333333,Marilyn Manson,NL,24,m,US,Male
88,8,0.31546487678572877,Lana Del Rey,NL,24,m,US,Female
88,9,0.3010299956639812,Lorde,NL,24,m,NZ,Female
88,10,0.2890648263178879,Arca,NL,24,m,VE,Non-binary
89,1,1.0,Frank Ocean,CH,22,m,US,Male
89,2,0.6309297535714575,Ed Sheeran,CH,22,m,UK,Male
89,3,0.5,Ed Sheeran,CH,22,m,UK,Male
89,4,0.43067655807339306,Queen,CH,22,m,JP,Female
89,5,0.38685280723454163,John Maus,CH,22,m,US,Male
89,6,0.3562071871080222,Chelsea Wolfe,CH,22,m,US,Female
89,7,0.3333333333333333,Jess Glynne,CH,22,m,UK,Female
89,8,0.31546487678572877,Dido,CH,22,m,UK,Female
89,9,0.3010299956639812,Charles Bolt,CH,22,m,US,Male
89,10,0.2890648263178879,Ry x,CH,22,m,AU,Male
90,1,1.0,Grimes,BR,25,m,CA,Female
90,2,0.6309297535714575,Louis Tomlinson,BR,25,m,UK,Male
90,3,0.5,John Maus,BR,25,m,US,Male
90,4,0.43067655807339306,Chelsea Wolfe,BR,25,m,US,Female
90,5,0.38685280723454163,Céu,BR,25,m,BR,Female
90,6,0.3562071871080222,Apparat,BR,25,m,DE,Male
90,7,0.3333333333333333,Kurt Vile,BR,25,m,US,Male
90,8,0.31546487678572877,Caetano Veloso,BR,25,m,BR,Male
90,9,0.3010299956639812,Jennifer Paige,BR,25,m,US,Female
90,10,0.2890648263178879,Queen,BR,25,m,JP,Female
91,1,1.0,Katy Perry,US,25,m,US,Female
91,2,0.6309297535714575,Elliott Smith,US,25,m,US,Male
91,3,0.5,Queen,US,25,m,JP,Female
91,4,0.43067655807339306,Louis Tomlinson,US,25,m,UK,Male
91,5,0.38685280723454163,Chelsea Wolfe,US,25,m,US,Female
91,6,0.3562071871080222,Twin Shadow,US,25,m,US,Male
91,7,0.3333333333333333,Earl Sweatshirt,US,25,m,US,Male
91,8,0.31546487678572877,Jennifer Paige,US,25,m,US,Female
91,9,0.3010299956639812,Sufjan Stevens,US,25,m,US,Male
91,10,0.2890648263178879,Tame Impala,US,25,m,AU,Male
92,1,1.0,Rod Stewart,DE,28,m,UK,Male
92,2,0.6309297535714575,Moby,DE,28,m,US,Male
92,3,0.5,Grimes,DE,28,m,CA,Female
92,4,0.43067655807339306,Britney Spears,DE,28,m,US,Female
92,5,0.38685280723454163,Wax Tailor,DE,28,m,FR,Male
92,6,0.3562071871080222,Nicki Minaj,DE,28,m,US,Female
92,7,0.3333333333333333,RuPaul,DE,28,m,US,Female
92,8,0.31546487678572877,Jennifer Lopez,DE,28,m,US,Female
92,9,0.3010299956639812,Sia,DE,28,m,AU,Female
92,10,0.2890648263178879,Frank Ocean,DE,28,m,US,Male
93,1,1.0,Louis Tomlinson,FI,23,m,UK,Male
93,2,0.6309297535714575,Queen,FI,23,m,JP,Female
93,3,0.5,Tove Lo,FI,23,m,SE,Female
93,4,0.43067655807339306,Ed Sheeran,FI,23,m,UK,Male
93,5,0.38685280723454163,Kygo,FI,23,m,NO,Male
93,6,0.3562071871080222,Ariana Grande,FI,23,m,US,Female
93,7,0.3333333333333333,Ed Sheeran,FI,23,m,UK,Male
93,8,0.31546487678572877,Joe Goddard,FI,23,m,UK,Male
93,9,0.3010299956639812,Ry x,FI,23,m,AU,Male
93,10,0.2890648263178879,Weyes Blood,FI,23,m,US,Female
94,1,1.0,Lily Allen,OM,26,m,UK,Female
94,2,0.6309297535714575,Joe Goddard,OM,26,m,UK,Male
94,3,0.5,Louis Tomlinson,OM,26,m,UK,Male
94,4,0.43067655807339306,Ry x,OM,26,m,AU,Male
94,5,0.38685280723454163,Jennifer Paige,OM,26,m,US,Female
94,6,0.3562071871080222,Weyes Blood,OM,26,m,US,Female
94,7,0.3333333333333333,Queen,OM,26,m,JP,Female
94,8,0.31546487678572877,Chelsea Wolfe,OM,26,m,US,Female
94,9,0.3010299956639812,Elliott Smith,OM,26,m,US,Male
94,10,0.2890648263178879,Ariana Grande,OM,26,m,US,Female
95,1,1.0,George Ezra,NL,24,m,UK,Male
95,2,0.6309297535714575,Bob Marley & The Wailers,NL,24,m,JM,Male
95,3,0.5,Marilyn Manson,NL,24,m,US,Male
95,4,0.43067655807339306,Adele,NL,24,m,UK,Female
95,5,0.38685280723454163,Ed Sheeran,NL,24,m,UK,Male
95,6,0.3562071871080222,Helado Negro,NL,24,m,US,Male
95,7,0.3333333333333333,Frank Ocean,NL,24,m,US,Male
95,8,0.31546487678572877,Madonna,NL,24,m,US,Female
95,9,0.3010299956639812,Chelsea Wolfe,NL,24,m,US,Female
95,10,0.2890648263178879,King Krule,NL,24,m,UK,Male
96,1,1.0,Weyes Blood,SE,27,m,US,Female
96,2,0.6309297535714575,Queen,SE,27,m,JP,Female
96,3,0.5,Joe Goddard,SE,27,m,UK,Male
96,4,0.43067655807339306,Ry x,SE,27,m,AU,Male
96,5,0.38685280723454163,Elliott Smith,SE,27,m,US,Male
96,6,0.3562071871080222,Ed Sheeran,SE,27,m,UK,Male
96,7,0.3333333333333333,Ed Sheeran,SE,27,m,UK,Male
96,8,0.31546487678572877,Jess Glynne,SE,27,m,UK,Female
96,9,0.3010299956639812,Charles Bolt,SE,27,m,US,Male
96,10,0.2890648263178879,Toro y Moi,SE,27,m,US,Male
97,1,1.0,Devendra Banhart,SE,23,m,US,Male
97,2,0.6309297535714575,Chelsea Wolfe,SE,23,m,US,Female
97,3,0.5,Bat for Lashes,SE,23,m,UK,Female
97,4,0.43067655807339306,PJ Harvey,SE,23,m,UK,Female
97,5,0.38685280723454163,Mac DeMarco,SE,23,m,CA,Male
97,6,0.3562071871080222,Damien Jurado,SE,23,m,US,Male
97,7,0.3333333333333333,Sharon Van Etten,SE,23,m,US,Female
97,8,0.31546487678572877,Madonna,SE,23,m,US,Female
97,9,0.3010299956639812,Oneohtrix Point Never,SE,23,m,US,Male
97,10,0.2890648263178879,Ed Sheeran,SE,23,m,UK,Male
98,1,1.0,RuPaul,CA,23,m,US,Female
98,2,0.6309297535714575,Jennifer Lopez,CA,23,m,US,Female
98,3,0.5,DJ Shadow,CA,23,m,US,Male
98,4,0.43067655807339306,Sia,CA,23,m,AU,Female
98,5,0.38685280723454163,Lisa Miskovsky,CA,23,m,SE,Female
98,6,0.3562071871080222,Grimes,CA,23,m,CA,Female
98,7,0.3333333333333333,Kanye West,CA,23,m,US,Male
98,8,0.31546487678572877,Katy Perry,CA,23,m,US,Female
98,9,0.3010299956639812,John Maus,CA,23,m,US,Male
98,10,0.2890648263178879,Kurt Vile,CA,23,m,US,Male
99,1,1.0,Bat for Lashes,US,42,m,UK,Female
99,2,0.6309297535714575,Wild Nothing,US,42,m,US,Male
99,3,0.5,George Ezra,US,42,m,UK,Male
99,4,0.43067655807339306,Mac DeMarco,US,42,m,CA,Male
99,5,0.38685280723454163,Bob Marley & The Wailers,US,42,m,JM,Male
99,6,0.3562071871080222,Taylor Swift,US,42,m,US,Female
99,7,0.3333333333333333,Marilyn Manson,US,42,m,US,Male
99,8,0.31546487678572877,Angel Olsen,US,42,m,US,Female
99,9,0.3010299956639812,Kanye West,US,42,m,US,Male
99,10,0.2890648263178879,Adele,US,42,m,UK,Female
100,1,1.0,Frank Ocean,FI,31,m,US,Male
100,2,0.6309297535714575,Kanye West,FI,31,m,US,Male
100,3,0.5,Four Tet,FI,31,m,UK,Male
100,4,0.43067655807339306,Thom Yorke,FI,31,m,UK,Male
100,5,0.38685280723454163,Bob Marley & The Wailers,FI,31,m,JM,Male
100,6,0.3562071871080222,Rihanna,FI,31,m,UK,Female
100,7,0.3333333333333333,Madonna,FI,31,m,US,Female
100,8,0.31546487678572877,Grimes,FI,31,m,CA,Female
100,9,0.3010299956639812,Kelis,FI,31,m,US,Female
100,10,0.2890648263178879,Shawn Mendes,FI,31,m,CA,Male
101,1,1.0,Joe Goddard,PL,37,m,UK,Male
101,2,0.6309297535714575,Weyes Blood,PL,37,m,US,Female
101,3,0.5,Ry x,PL,37,m,AU,Male
101,4,0.43067655807339306,Jennifer Paige,PL,37,m,US,Female
101,5,0.38685280723454163,Louis Tomlinson,PL,37,m,UK,Male
101,6,0.3562071871080222,Elliott Smith,PL,37,m,US,Male
101,7,0.3333333333333333,Queen,PL,37,m,JP,Female
101,8,0.31546487678572877,Chelsea Wolfe,PL,37,m,US,Female
101,9,0.3010299956639812,Tove Lo,PL,37,m,SE,Female
101,10,0.2890648263178879,Ariana Grande,PL,37,m,US,Female
102,1,1.0,John Maus,US,21,m,US,Male
102,2,0.6309297535714575,Oneohtrix Point Never,US,21,m,US,Male
102,3,0.5,Devendra Banhart,US,21,m,US,Male
102,4,0.43067655807339306,PJ Harvey,US,21,m,UK,Female
102,5,0.38685280723454163,Bat for Lashes,US,21,m,UK,Female
102,6,0.3562071871080222,Damien Jurado,US,21,m,US,Male
102,7,0.3333333333333333,PJ Harvey,US,21,m,UK,Female
102,8,0.31546487678572877,Mac DeMarco,US,21,m,CA,Male
102,9,0.3010299956639812,Chelsea Wolfe,US,21,m,US,Female
102,10,0.2890648263178879,Aaron Smith,US,21,m,US,Male
103,1,1.0,Panda Bear,CZ,22,m,US,Male
103,2,0.6309297535714575,Bill Callahan,CZ,22,m,US,Male
103,3,0.5,Taylor Swift,CZ,22,m,US,Female
103,4,0.43067655807339306,George Ezra,CZ,22,m,UK,Male
103,5,0.38685280723454163,Bob Marley & The Wailers,CZ,22,m,JM,Male
103,6,0.3562071871080222,Caribou,CZ,22,m,CA,Male
103,7,0.3333333333333333,John Maus,CZ,22,m,US,Male
103,8,0.31546487678572877,Leonard Cohen,CZ,22,m,CA,Male
103,9,0.3010299956639812,John Maus,CZ,22,m,US,Male
103,10,0.2890648263178879,Laura Marling,CZ,22,m,UK,Female
104,1,1.0,Grimes,IR,25,m,CA,Female
104,2,0.6309297535714575,Weyes Blood,IR,25,m,US,Female
104,3,0.5,Jennifer Paige,IR,25,m,US,Female
104,4,0.43067655807339306,Frank Ocean,IR,25,m,US,Male
104,5,0.38685280723454163,Tove Lo,IR,25,m,SE,Female
104,6,0.3562071871080222,John Maus,IR,25,m,US,Male
104,7,0.3333333333333333,Charles Bolt,IR,25,m,US,Male
104,8,0.31546487678572877,Ariana Grande,IR,25,m,US,Female
104,9,0.3010299956639812,Ed Sheeran,IR,25,m,UK,Male
104,10,0.2890648263178879,Ed Sheeran,IR,25,m,UK,Male
105,1,1.0,John Maus,FI,23,f,US,Male
105,2,0.6309297535714575,Queen,FI,23,f,JP,Female
105,3,0.5,Tove Lo,FI,23,f,SE,Female
105,4,0.43067655807339306,Ry x,FI,23,f,AU,Male
105,5,0.38685280723454163,Joe Goddard,FI,23,f,UK,Male
105,6,0.3562071871080222,Kygo,FI,23,f,NO,Male
105,7,0.3333333333333333,Ariana Grande,FI,23,f,US,Female
105,8,0.31546487678572877,Weyes Blood,FI,23,f,US,Female
105,9,0.3010299956639812,Ed Sheeran,FI,23,f,UK,Male
105,10,0.2890648263178879,Ed Sheeran,FI,23,f,UK,Male
106,1,1.0,Grimes,FI,22,f,CA,Female
106,2,0.6309297535714575,Ed Sheeran,FI,22,f,UK,Male
106,3,0.5,Weyes Blood,FI,22,f,US,Female
106,4,0.43067655807339306,Ed Sheeran,FI,22,f,UK,Male
106,5,0.38685280723454163,Dennis Lloyd,FI,22,f,IL,Male
106,6,0.3562071871080222,Frank Ocean,FI,22,f,US,Male
106,7,0.3333333333333333,Rihanna,FI,22,f,UK,Female
106,8,0.31546487678572877,Chelsea Wolfe,FI,22,f,US,Female
106,9,0.3010299956639812,Dido,FI,22,f,UK,Female
106,10,0.2890648263178879,Mariah Carey,FI,22,f,US,Female
107,1,1.0,Sharon Van Etten,UK,20,f,US,Female
107,2,0.6309297535714575,Arca,UK,20,f,VE,Non-binary
107,3,0.5,James Blake,UK,20,f,UK,Male
107,4,0.43067655807339306,Nick Drake,UK,20,f,UK,Male
107,5,0.38685280723454163,Bill Callahan,UK,20,f,US,Male
107,6,0.3562071871080222,John Maus,UK,20,f,US,Male
107,7,0.3333333333333333,Panda Bear,UK,20,f,US,Male
107,8,0.31546487678572877,Justin Timberlake,UK,20,f,US,Male
107,9,0.3010299956639812,Leonard Cohen,UK,20,f,CA,Male
107,10,0.2890648263178879,Lana Del Rey,UK,20,f,US,Female
108,1,1.0,Katy Perry,US,27,m,US,Female
108,2,0.6309297535714575,Louis Tomlinson,US,27,m,UK,Male
108,3,0.5,John Maus,US,27,m,US,Male
108,4,0.43067655807339306,Jennifer Paige,US,27,m,US,Female
108,5,0.38685280723454163,Tove Lo,US,27,m,SE,Female
108,6,0.3562071871080222,Joe Goddard,US,27,m,UK,Male
108,7,0.3333333333333333,Ariana Grande,US,27,m,US,Female
108,8,0.31546487678572877,Ed Sheeran,US,27,m,UK,Male
108,9,0.3010299956639812,Weyes Blood,US,27,m,US,Female
108,10,0.2890648263178879,Ed Sheeran,US,27,m,UK,Male
110,1,1.0,Avril Lavigne,BR,24,m,CA,Female
110,2,0.6309297535714575,John Maus,BR,24,m,US,Male
110,3,0.5,Joe Goddard,BR,24,m,UK,Male
110,4,0.43067655807339306,Weyes Blood,BR,24,m,US,Female
110,5,0.38685280723454163,Katy Perry,BR,24,m,US,Female
110,6,0.3562071871080222,Ry x,BR,24,m,AU,Male
110,7,0.3333333333333333,Elliott Smith,BR,24,m,US,Male
110,8,0.31546487678572877,Chelsea Wolfe,BR,24,m,US,Female
110,9,0.3010299956639812,Louis Tomlinson,BR,24,m,UK,Male
110,10,0.2890648263178879,Charles Bolt,BR,24,m,US,Male
111,1,1.0,Kanye West,US,30,m,US,Male
111,2,0.6309297535714575,Grimes,US,30,m,CA,Female
111,3,0.5,Avril Lavigne,US,30,m,CA,Female
111,4,0.43067655807339306,Katy Perry,US,30,m,US,Female
111,5,0.38685280723454163,Weyes Blood,US,30,m,US,Female
111,6,0.3562071871080222,Lily Allen,US,30,m,UK,Female
111,7,0.3333333333333333,Jennifer Paige,US,30,m,US,Female
111,8,0.31546487678572877,Louis Tomlinson,US,30,m,UK,Male
111,9,0.3010299956639812,Frank Ocean,US,30,m,US,Male
111,10,0.2890648263178879,John Maus,US,30,m,US,Male
112,1,1.0,Weyes Blood,DK,30,m,US,Female
112,2,0.6309297535714575,Joe Goddard,DK,30,m,UK,Male
112,3,0.5,Ry x,DK,30,m,AU,Male
112,4,0.43067655807339306,Elliott Smith,DK,30,m,US,Male
112,5,0.38685280723454163,Tove Lo,DK,30,m,SE,Female
112,6,0.3562071871080222,Ariana Grande,DK,30,m,US,Female
112,7,0.3333333333333333,Ed Sheeran,DK,30,m,UK,Male
112,8,0.31546487678572877,Kygo,DK,30,m,NO,Male
112,9,0.3010299956639812,Ed Sheeran,DK,30,m,UK,Male
112,10,0.2890648263178879,Toro y Moi,DK,30,m,US,Male
113,1,1.0,Taylor Swift,NL,34,m,US,Female
113,2,0.6309297535714575,Bob Marley & The Wailers,NL,34,m,JM,Male
113,3,0.5,Adele,NL,34,m,UK,Female
113,4,0.43067655807339306,Marilyn Manson,NL,34,m,US,Male
113,5,0.38685280723454163,Ed Sheeran,NL,34,m,UK,Male
113,6,0.3562071871080222,Madonna,NL,34,m,US,Female
113,7,0.3333333333333333,Seal,NL,34,m,UK,Male
113,8,0.31546487678572877,Chelsea Wolfe,NL,34,m,US,Female
113,9,0.3010299956639812,Elvis Presley,NL,34,m,US,Male
113,10,0.2890648263178879,Ariana Grande,NL,34,m,US,Female
115,1,1.0,Bill Callahan,NL,39,m,US,Male
115,2,0.6309297535714575,John Maus,NL,39,m,US,Male
115,3,0.5,Laura Marling,NL,39,m,UK,Female
115,4,0.43067655807339306,Oneohtrix Point Never,NL,39,m,US,Male
115,5,0.38685280723454163,Chelsea Wolfe,NL,39,m,US,Female
115,6,0.3562071871080222,Carpenter Brut,NL,39,m,FR,Male
115,7,0.3333333333333333,Devendra Banhart,NL,39,m,US,Male
115,8,0.31546487678572877,Arca,NL,39,m,VE,Non-binary
115,9,0.3010299956639812,Bob Marley & The Wailers,NL,39,m,JM,Male
115,10,0.2890648263178879,Queen,NL,39,m,JP,Female
116,1,1.0,Frank Ocean,US,25,m,US,Male
116,2,0.6309297535714575,John Maus,US,25,m,US,Male
116,3,0.5,Tove Lo,US,25,m,SE,Female
116,4,0.43067655807339306,Kygo,US,25,m,NO,Male
116,5,0.38685280723454163,Ariana Grande,US,25,m,US,Female
116,6,0.3562071871080222,Queen,US,25,m,JP,Female
116,7,0.3333333333333333,Joe Goddard,US,25,m,UK,Male
116,8,0.31546487678572877,Ed Sheeran,US,25,m,UK,Male
116,9,0.3010299956639812,Weyes Blood,US,25,m,US,Female
116,10,0.2890648263178879,Ed Sheeran,US,25,m,UK,Male
117,1,1.0,RuPaul,NO,35,f,US,Female
117,2,0.6309297535714575,Britney Spears,NO,35,f,US,Female
117,3,0.5,Avril Lavigne,NO,35,f,CA,Female
117,4,0.43067655807339306,DJ Shadow,NO,35,f,US,Male
117,5,0.38685280723454163,Frank Ocean,NO,35,f,US,Male
117,6,0.3562071871080222,Rihanna,NO,35,f,UK,Female
117,7,0.3333333333333333,Grimes,NO,35,f,CA,Female
117,8,0.31546487678572877,Benjamin Booker,NO,35,f,US,Male
117,9,0.3010299956639812,Rod Stewart,NO,35,f,UK,Male
117,10,0.2890648263178879,Jennifer Lopez,NO,35,f,US,Female
118,1,1.0,Katy Perry,CZ,30,m,US,Female
118,2,0.6309297535714575,Lily Allen,CZ,30,m,UK,Female
118,3,0.5,Queen,CZ,30,m,JP,Female
118,4,0.43067655807339306,Louis Tomlinson,CZ,30,m,UK,Male
118,5,0.38685280723454163,Jennifer Paige,CZ,30,m,US,Female
118,6,0.3562071871080222,Tove Lo,CZ,30,m,SE,Female
118,7,0.3333333333333333,Chelsea Wolfe,CZ,30,m,US,Female
118,8,0.31546487678572877,Weyes Blood,CZ,30,m,US,Female
118,9,0.3010299956639812,Ed Sheeran,CZ,30,m,UK,Male
118,10,0.2890648263178879,Ed Sheeran,CZ,30,m,UK,Male
119,1,1.0,Kanye West,RU,34,m,US,Male
119,2,0.6309297535714575,Ed Sheeran,RU,34,m,UK,Male
119,3,0.5,Kelly Clarkson,RU,34,m,US,Female
119,4,0.43067655807339306,Toro y Moi,RU,34,m,US,Male
119,5,0.38685280723454163,Rihanna,RU,34,m,UK,Female
119,6,0.3562071871080222,Lisa Miskovsky,RU,34,m,SE,Female
119,7,0.3333333333333333,Dennis Lloyd,RU,34,m,IL,Male
119,8,0.31546487678572877,Chris Rea,RU,34,m,UK,Male
119,9,0.3010299956639812,James Blake,RU,34,m,UK,Male
119,10,0.2890648263178879,Bruno Mars,RU,34,m,US,Male
120,1,1.0,Avril Lavigne,UK,22,m,CA,Female
120,2,0.6309297535714575,Katy Perry,UK,22,m,US,Female
120,3,0.5,Jennifer Paige,UK,22,m,US,Female
120,4,0.43067655807339306,Joe Goddard,UK,22,m,UK,Male
120,5,0.38685280723454163,Weyes Blood,UK,22,m,US,Female
120,6,0.3562071871080222,Ry x,UK,22,m,AU,Male
120,7,0.3333333333333333,Queen,UK,22,m,JP,Female
120,8,0.31546487678572877,Tove Lo,UK,22,m,SE,Female
120,9,0.3010299956639812,Chelsea Wolfe,UK,22,m,US,Female
120,10,0.2890648263178879,Kygo,UK,22,m,NO,Male
121,1,1.0,Devendra Banhart,US,32,f,US,Male
121,2,0.6309297535714575,PJ Harvey,US,32,f,UK,Female
121,3,0.5,Taylor Swift,US,32,f,US,Female
121,4,0.43067655807339306,Damien Jurado,US,32,f,US,Male
121,5,0.38685280723454163,Bat for Lashes,US,32,f,UK,Female
121,6,0.3562071871080222,Sia,US,32,f,AU,Female
121,7,0.3333333333333333,George Ezra,US,32,f,UK,Male
121,8,0.31546487678572877,Bob Marley & The Wailers,US,32,f,JM,Male
121,9,0.3010299956639812,Marilyn Manson,US,32,f,US,Male
121,10,0.2890648263178879,Mac DeMarco,US,32,f,CA,Male
123,1,1.0,Grimes,BR,25,m,CA,Female
123,2,0.6309297535714575,Rod Stewart,BR,25,m,UK,Male
123,3,0.5,Ariana Grande,BR,25,m,US,Female
123,4,0.43067655807339306,Nicki Minaj,BR,25,m,US,Female
123,5,0.38685280723454163,RuPaul,BR,25,m,US,Female
123,6,0.3562071871080222,Britney Spears,BR,25,m,US,Female
123,7,0.3333333333333333,Lisa Miskovsky,BR,25,m,SE,Female
123,8,0.31546487678572877,Sia,BR,25,m,AU,Female
123,9,0.3010299956639812,Jennifer Lopez,BR,25,m,US,Female
123,10,0.2890648263178879,Avril Lavigne,BR,25,m,CA,Female
124,1,1.0,Bill Callahan,BA,23,f,US,Male
124,2,0.6309297535714575,Leonard Cohen,BA,23,f,CA,Male
124,3,0.5,John Maus,BA,23,f,US,Male
124,4,0.43067655807339306,John Maus,BA,23,f,US,Male
124,5,0.38685280723454163,Laura Marling,BA,23,f,UK,Female
124,6,0.3562071871080222,Carpenter Brut,BA,23,f,FR,Male
124,7,0.3333333333333333,Billy Joel,BA,23,f,US,Male
124,8,0.31546487678572877,Bob Marley & The Wailers,BA,23,f,JM,Male
124,9,0.3010299956639812,Devendra Banhart,BA,23,f,US,Male
124,10,0.2890648263178879,Oneohtrix Point Never,BA,23,f,US,Male
125,1,1.0,Frank Ocean,FR,33,m,US,Male
125,2,0.6309297535714575,Queen,FR,33,m,JP,Female
125,3,0.5,Louis Tomlinson,FR,33,m,UK,Male
125,4,0.43067655807339306,Tove Lo,FR,33,m,SE,Female
125,5,0.38685280723454163,Chelsea Wolfe,FR,33,m,US,Female
125,6,0.3562071871080222,Ed Sheeran,FR,33,m,UK,Male
125,7,0.3333333333333333,Ariana Grande,FR,33,m,US,Female
125,8,0.31546487678572877,Ed Sheeran,FR,33,m,UK,Male
125,9,0.3010299956639812,Kygo,FR,33,m,NO,Male
125,10,0.2890648263178879,Weyes Blood,FR,33,m,US,Female
126,1,1.0,Kurt Vile,SK,26,m,US,Male
126,2,0.6309297535714575,Grimes,SK,26,m,CA,Female
126,3,0.5,Weyes Blood,SK,26,m,US,Female
126,4,0.43067655807339306,Frank Ocean,SK,26,m,US,Male
126,5,0.38685280723454163,Ed Sheeran,SK,26,m,UK,Male
126,6,0.3562071871080222,John Maus,SK,26,m,US,Male
126,7,0.3333333333333333,Charles Bolt,SK,26,m,US,Male
126,8,0.31546487678572877,Chelsea Wolfe,SK,26,m,US,Female
126,9,0.3010299956639812,Rihanna,SK,26,m,UK,Female
126,10,0.2890648263178879,Ry x,SK,26,m,AU,Male
127,1,1.0,Ariana Grande,NL,37,m,US,Female
127,2,0.6309297535714575,Leonard Cohen,NL,37,m,CA,Male
127,3,0.5,Frank Ocean,NL,37,m,US,Male
127,4,0.43067655807339306,Patrick Watson,NL,37,m,CA,Male
127,5,0.38685280723454163,The Tallest Man on Earth,NL,37,m,SE,Male
127,6,0.3562071871080222,Sia,NL,37,m,AU,Female
127,7,0.3333333333333333,Suede,NL,37,m,US,Female
127,8,0.31546487678572877,Ariana Grande,NL,37,m,US,Female
127,9,0.3010299956639812,Elliott Smith,NL,37,m,US,Male
127,10,0.2890648263178879,Emma Ruth Rundle,NL,37,m,US,Female
128,1,1.0,Bill Callahan,AU,24,m,US,Male
128,2,0.6309297535714575,Justin Timberlake,AU,24,m,US,Male
128,3,0.5,Ozzy Osbourne,AU,24,m,UK,Male
128,4,0.43067655807339306,Marilyn Manson,AU,24,m,US,Male
128,5,0.38685280723454163,Lorde,AU,24,m,NZ,Female
128,6,0.3562071871080222,Noisestorm,AU,24,m,IE,Male
128,7,0.3333333333333333,John Maus,AU,24,m,US,Male
128,8,0.31546487678572877,Lorde,AU,24,m,NZ,Female
128,9,0.3010299956639812,Red,AU,24,m,PL,Male
128,10,0.2890648263178879,Rihanna,AU,24,m,UK,Female
129,1,1.0,Devendra Banhart,US,23,m,US,Male
129,2,0.6309297535714575,Ed Sheeran,US,23,m,UK,Male
129,3,0.5,Damien Jurado,US,23,m,US,Male
129,4,0.43067655807339306,Ariana Grande,US,23,m,US,Female
129,5,0.38685280723454163,Mac DeMarco,US,23,m,CA,Male
129,6,0.3562071871080222,Bat for Lashes,US,23,m,UK,Female
129,7,0.3333333333333333,Elvis Presley,US,23,m,US,Male
129,8,0.31546487678572877,Kanye West,US,23,m,US,Male
129,9,0.3010299956639812,Carpenter Brut,US,23,m,FR,Male
129,10,0.2890648263178879,Billy Joel,US,23,m,US,Male
130,1,1.0,John Maus,NO,37,m,US,Male
130,2,0.6309297535714575,Laura Marling,NO,37,m,UK,Female
130,3,0.5,Taylor Swift,NO,37,m,US,Female
130,4,0.43067655807339306,Sia,NO,37,m,AU,Female
130,5,0.38685280723454163,George Ezra,NO,37,m,UK,Male
130,6,0.3562071871080222,Bob Marley & The Wailers,NO,37,m,JM,Male
130,7,0.3333333333333333,Oneohtrix Point Never,NO,37,m,US,Male
130,8,0.31546487678572877,Devendra Banhart,NO,37,m,US,Male
130,9,0.3010299956639812,Marilyn Manson,NO,37,m,US,Male
130,10,0.2890648263178879,Chelsea Wolfe,NO,37,m,US,Female
131,1,1.0,Grimes,DE,24,m,CA,Female
131,2,0.6309297535714575,Apparat,DE,24,m,DE,Male
131,3,0.5,Grimes,DE,24,m,CA,Female
131,4,0.43067655807339306,RuPaul,DE,24,m,US,Female
131,5,0.38685280723454163,Weyes Blood,DE,24,m,US,Female
131,6,0.3562071871080222,Jennifer Lopez,DE,24,m,US,Female
131,7,0.3333333333333333,Sia,DE,24,m,AU,Female
131,8,0.31546487678572877,Lisa Miskovsky,DE,24,m,SE,Female
131,9,0.3010299956639812,Kanye West,DE,24,m,US,Male
131,10,0.2890648263178879,John Maus,DE,24,m,US,Male
132,1,1.0,AFI,UK,36,m,US,Female
132,2,0.6309297535714575,Gil Scott-Heron,UK,36,m,US,Male
132,3,0.5,Father John Misty,UK,36,m,US,Male
132,4,0.43067655807339306,Travis Scott,UK,36,m,US,Male
132,5,0.38685280723454163,Anna Burch,UK,36,m,US,Female
132,6,0.3562071871080222,Michael Sembello,UK,36,m,US,Male
132,7,0.3333333333333333,Sibylle Baier,UK,36,m,DE,Female
132,8,0.31546487678572877,Elliott Smith,UK,36,m,US,Male
132,9,0.3010299956639812,Björk,UK,36,m,IS,Female
132,10,0.2890648263178879,Thom Yorke,UK,36,m,UK,Male
133,1,1.0,Tove Lo,US,21,f,SE,Female
133,2,0.6309297535714575,James Blake,US,21,f,UK,Male
133,3,0.5,Beck,US,21,f,DK,Male
133,4,0.43067655807339306,Jennifer Paige,US,21,f,US,Female
133,5,0.38685280723454163,Rod Stewart,US,21,f,UK,Male
133,6,0.3562071871080222,Tycho,US,21,f,US,Male
133,7,0.3333333333333333,Tame Impala,US,21,f,AU,Male
133,8,0.31546487678572877,James Blake,US,21,f,UK,Male
133,9,0.3010299956639812,Toro y Moi,US,21,f,US,Male
133,10,0.2890648263178879,DJ Shadow,US,21,f,US,Male
134,1,1.0,Grimes,US,31,m,CA,Female
134,2,0.6309297535714575,Chelsea Wolfe,US,31,m,US,Female
134,3,0.5,Queen,US,31,m,JP,Female
134,4,0.43067655807339306,Jess Glynne,US,31,m,UK,Female
134,5,0.38685280723454163,Weyes Blood,US,31,m,US,Female
134,6,0.3562071871080222,Tove Lo,US,31,m,SE,Female
134,7,0.3333333333333333,Ariana Grande,US,31,m,US,Female
134,8,0.31546487678572877,John Maus,US,31,m,US,Male
134,9,0.3010299956639812,AFI,US,31,m,US,Female
134,10,0.2890648263178879,Frank Ocean,US,31,m,US,Male
135,1,1.0,Ed Sheeran,UK,19,m,UK,Male
135,2,0.6309297535714575,Bat for Lashes,UK,19,m,UK,Female
135,3,0.5,Carpenter Brut,UK,19,m,FR,Male
135,4,0.43067655807339306,Queen,UK,19,m,JP,Female
135,5,0.38685280723454163,Ozzy Osbourne,UK,19,m,UK,Male
135,6,0.3562071871080222,Noisestorm,UK,19,m,IE,Male
135,7,0.3333333333333333,Bob Marley & The Wailers,UK,19,m,JM,Male
135,8,0.31546487678572877,Lana Del Rey,UK,19,m,US,Female
135,9,0.3010299956639812,Tame Impala,UK,19,m,AU,Male
135,10,0.2890648263178879,Frank Ocean,UK,19,m,US,Male
136,1,1.0,Bill Callahan,RU,25,m,US,Male
136,2,0.6309297535714575,George Ezra,RU,25,m,UK,Male
136,3,0.5,Bob Marley & The Wailers,RU,25,m,JM,Male
136,4,0.43067655807339306,Marilyn Manson,RU,25,m,US,Male
136,5,0.38685280723454163,John Maus,RU,25,m,US,Male
136,6,0.3562071871080222,Laura Marling,RU,25,m,UK,Female
136,7,0.3333333333333333,Adele,RU,25,m,UK,Female
136,8,0.31546487678572877,Ed Sheeran,RU,25,m,UK,Male
136,9,0.3010299956639812,Madonna,RU,25,m,US,Female
136,10,0.2890648263178879,Oneohtrix Point Never,RU,25,m,US,Male
137,1,1.0,Frank Ocean,HR,49,m,US,Male
137,2,0.6309297535714575,Kanye West,HR,49,m,US,Male
137,3,0.5,DJ Shadow,HR,49,m,US,Male
137,4,0.43067655807339306,Grimes,HR,49,m,CA,Female
137,5,0.38685280723454163,Thom Yorke,HR,49,m,UK,Male
137,6,0.3562071871080222,Wax Tailor,HR,49,m,FR,Male
137,7,0.3333333333333333,Rod Stewart,HR,49,m,UK,Male
137,8,0.31546487678572877,Sia,HR,49,m,AU,Female
137,9,0.3010299956639812,RuPaul,HR,49,m,US,Female
137,10,0.2890648263178879,Apparat,HR,49,m,DE,Male
138,1,1.0,John Maus,SE,19,f,US,Male
138,2,0.6309297535714575,Bob Marley & The Wailers,SE,19,f,JM,Male
138,3,0.5,Adele,SE,19,f,UK,Female
138,4,0.43067655807339306,Oneohtrix Point Never,SE,19,f,US,Male
138,5,0.38685280723454163,Ed Sheeran,SE,19,f,UK,Male
138,6,0.3562071871080222,Chelsea Wolfe,SE,19,f,US,Female
138,7,0.3333333333333333,Arca,SE,19,f,VE,Non-binary
138,8,0.31546487678572877,Devendra Banhart,SE,19,f,US,Male
138,9,0.3010299956639812,Madonna,SE,19,f,US,Female
138,10,0.2890648263178879,PJ Harvey,SE,19,f,UK,Female
140,1,1.0,Grimes,PL,24,m,CA,Female
140,2,0.6309297535714575,Apparat,PL,24,m,DE,Male
140,3,0.5,John Maus,PL,24,m,US,Male
140,4,0.43067655807339306,Kurt Vile,PL,24,m,US,Male
140,5,0.38685280723454163,Grimes,PL,24,m,CA,Female
140,6,0.3562071871080222,Weyes Blood,PL,24,m,US,Female
140,7,0.3333333333333333,Sia,PL,24,m,AU,Female
140,8,0.31546487678572877,Kanye West,PL,24,m,US,Male
140,9,0.3010299956639812,John Maus,PL,24,m,US,Male
140,10,0.2890648263178879,Frank Ocean,PL,24,m,US,Male
141,1,1.0,Grimes,US,21,f,CA,Female
141,2,0.6309297535714575,Weyes Blood,US,21,f,US,Female
141,3,0.5,Kanye West,US,21,f,US,Male
141,4,0.43067655807339306,Lily Allen,US,21,f,UK,Female
141,5,0.38685280723454163,John Maus,US,21,f,US,Male
141,6,0.3562071871080222,Avril Lavigne,US,21,f,CA,Female
141,7,0.3333333333333333,Frank Ocean,US,21,f,US,Male
141,8,0.31546487678572877,Katy Perry,US,21,f,US,Female
141,9,0.3010299956639812,Louis Tomlinson,US,21,f,UK,Male
141,10,0.2890648263178879,Weyes Blood,US,21,f,US,Female
142,1,1.0,Queen,US,36,m,JP,Female
142,2,0.6309297535714575,Eagle-Eye Cherry,US,36,m,SE,Male
142,3,0.5,Beyoncé,US,36,m,US,Female
142,4,0.43067655807339306,Chris Isaak,US,36,m,US,Male
142,5,0.38685280723454163,Duncan Laurence,US,36,m,NL,Male
142,6,0.3562071871080222,Taylor Swift,US,36,m,US,Female
142,7,0.3333333333333333,Robyn,US,36,m,SE,Female
142,8,0.31546487678572877,Lil Nas X,US,36,m,US,Male
142,9,0.3010299956639812,Miley Cyrus,US,36,m,US,Non-binary
142,10,0.2890648263178879,Mitski,US,36,m,US,Female
143,1,1.0,John Maus,DE,26,m,US,Male
143,2,0.6309297535714575,Laura Marling,DE,26,m,UK,Female
143,3,0.5,Aaron Smith,DE,26,m,US,Male
143,4,0.43067655807339306,Ozzy Osbourne,DE,26,m,UK,Male
143,5,0.38685280723454163,Noisestorm,DE,26,m,IE,Male
143,6,0.3562071871080222,Lana Del Rey,DE,26,m,US,Female
143,7,0.3333333333333333,PJ Harvey,DE,26,m,UK,Female
143,8,0.31546487678572877,Oneohtrix Point Never,DE,26,m,US,Male
143,9,0.3010299956639812,Marilyn Manson,DE,26,m,US,Male
143,10,0.2890648263178879,Lorde,DE,26,m,NZ,Female
144,1,1.0,Grimes,ES,25,f,CA,Female
144,2,0.6309297535714575,Weyes Blood,ES,25,f,US,Female
144,3,0.5,Frank Ocean,ES,25,f,US,Male
144,4,0.43067655807339306,Louis Tomlinson,ES,25,f,UK,Male
144,5,0.38685280723454163,John Maus,ES,25,f,US,Male
144,6,0.3562071871080222,Queen,ES,25,f,JP,Female
144,7,0.3333333333333333,Ed Sheeran,ES,25,f,UK,Male
144,8,0.31546487678572877,Chelsea Wolfe,ES,25,f,US,Female
144,9,0.3010299956639812,Kygo,ES,25,f,NO,Male
144,10,0.2890648263178879,Ed Sheeran,ES,25,f,UK,Male
145,1,1.0,Lily Allen,US,19,m,UK,Female
145,2,0.6309297535714575,Joe Goddard,US,19,m,UK,Male
145,3,0.5,Jennifer Paige,US,19,m,US,Female
145,4,0.43067655807339306,Weyes Blood,US,19,m,US,Female
145,5,0.38685280723454163,Tove Lo,US,19,m,SE,Female
145,6,0.3562071871080222,Ry x,US,19,m,AU,Male
145,7,0.3333333333333333,Dido,US,19,m,UK,Female
145,8,0.31546487678572877,Elliott Smith,US,19,m,US,Male
145,9,0.3010299956639812,Louis Tomlinson,US,19,m,UK,Male
145,10,0.2890648263178879,Kygo,US,19,m,NO,Male
146,1,1.0,Sharon Van Etten,EE,28,f,US,Female
146,2,0.6309297535714575,Taylor Swift,EE,28,f,US,Female
146,3,0.5,Adele,EE,28,f,UK,Female
146,4,0.43067655807339306,Ed Sheeran,EE,28,f,UK,Male
146,5,0.38685280723454163,James Blake,EE,28,f,UK,Male
146,6,0.3562071871080222,Madonna,EE,28,f,US,Female
146,7,0.3333333333333333,Panda Bear,EE,28,f,US,Male
146,8,0.31546487678572877,Bill Callahan,EE,28,f,US,Male
146,9,0.3010299956639812,Leonard Cohen,EE,28,f,CA,Male
146,10,0.2890648263178879,Nick Drake,EE,28,f,UK,Male
147,1,1.0,Jennifer Lopez,CZ,45,m,US,Female
147,2,0.6309297535714575,Kanye West,CZ,45,m,US,Male
147,3,0.5,Sia,CZ,45,m,AU,Female
147,4,0.43067655807339306,Avril Lavigne,CZ,45,m,CA,Female
147,5,0.38685280723454163,Lisa Miskovsky,CZ,45,m,SE,Female
147,6,0.3562071871080222,Elliott Smith,CZ,45,m,US,Male
147,7,0.3333333333333333,Katy Perry,CZ,45,m,US,Female
147,8,0.31546487678572877,Lily Allen,CZ,45,m,UK,Female
147,9,0.3010299956639812,Earl Sweatshirt,CZ,45,m,US,Male
147,10,0.2890648263178879,Twin Shadow,CZ,45,m,US,Male
148,1,1.0,Grimes,NL,27,m,CA,Female
148,2,0.6309297535714575,Ed Sheeran,NL,27,m,UK,Male
148,3,0.5,John Maus,NL,27,m,US,Male
148,4,0.43067655807339306,Apparat,NL,27,m,DE,Male
148,5,0.38685280723454163,Kurt Vile,NL,27,m,US,Male
148,6,0.3562071871080222,Charles Bolt,NL,27,m,US,Male
148,7,0.3333333333333333,Grimes,NL,27,m,CA,Female
148,8,0.31546487678572877,Chelsea Wolfe,NL,27,m,US,Female
148,9,0.3010299956639812,Lorde,NL,27,m,NZ,Female
148,10,0.2890648263178879,Bruno Mars,NL,27,m,US,Male
149,1,1.0,Rod Stewart,PL,32,m,UK,Male
149,2,0.6309297535714575,Frank Ocean,PL,32,m,US,Male
149,3,0.5,RuPaul,PL,32,m,US,Female
149,4,0.43067655807339306,Britney Spears,PL,32,m,US,Female
149,5,0.38685280723454163,Wax Tailor,PL,32,m,FR,Male
149,6,0.3562071871080222,Nicki Minaj,PL,32,m,US,Female
149,7,0.3333333333333333,Sia,PL,32,m,AU,Female
149,8,0.31546487678572877,Jennifer Lopez,PL,32,m,US,Female
149,9,0.3010299956639812,Kanye West,PL,32,m,US,Male
149,10,0.2890648263178879,Lisa Miskovsky,PL,32,m,SE,Female
150,1,1.0,Moby,US,25,m,US,Male
150,2,0.6309297535714575,Nicki Minaj,US,25,m,US,Female
150,3,0.5,Rod Stewart,US,25,m,UK,Male
150,4,0.43067655807339306,Snail Mail,US,25,m,US,Female
150,5,0.38685280723454163,Tame Impala,US,25,m,AU,Male
150,6,0.3562071871080222,Dolly Parton,US,25,m,US,Female
150,7,0.3333333333333333,Beck,US,25,m,DK,Male
150,8,0.31546487678572877,Britney Spears,US,25,m,US,Female
150,9,0.3010299956639812,James Blake,US,25,m,UK,Male
150,10,0.2890648263178879,Wax Tailor,US,25,m,FR,Male
151,1,1.0,John Maus,US,24,m,US,Male
151,2,0.6309297535714575,Grimes,US,24,m,CA,Female
151,3,0.5,Katy Perry,US,24,m,US,Female
151,4,0.43067655807339306,Lisa Miskovsky,US,24,m,SE,Female
151,5,0.38685280723454163,Jennifer Paige,US,24,m,US,Female
151,6,0.3562071871080222,Lily Allen,US,24,m,UK,Female
151,7,0.3333333333333333,Weyes Blood,US,24,m,US,Female
151,8,0.31546487678572877,Kygo,US,24,m,NO,Male
151,9,0.3010299956639812,John Maus,US,24,m,US,Male
151,10,0.2890648263178879,Tove Lo,US,24,m,SE,Female
152,1,1.0,RuPaul,DE,25,m,US,Female
152,2,0.6309297535714575,Sia,DE,25,m,AU,Female
152,3,0.5,Apparat,DE,25,m,DE,Male
152,4,0.43067655807339306,Jennifer Lopez,DE,25,m,US,Female
152,5,0.38685280723454163,Lisa Miskovsky,DE,25,m,SE,Female
152,6,0.3562071871080222,John Maus,DE,25,m,US,Male
152,7,0.3333333333333333,Kanye West,DE,25,m,US,Male
152,8,0.31546487678572877,Avril Lavigne,DE,25,m,CA,Female
152,9,0.3010299956639812,Katy Perry,DE,25,m,US,Female
152,10,0.2890648263178879,Grimes,DE,25,m,CA,Female
153,1,1.0,Oneohtrix Point Never,BR,39,m,US,Male
153,2,0.6309297535714575,John Maus,BR,39,m,US,Male
153,3,0.5,Laura Marling,BR,39,m,UK,Female
153,4,0.43067655807339306,Haddaway,BR,39,m,DE,Male
153,5,0.38685280723454163,Miley Cyrus,BR,39,m,US,Non-binary
153,6,0.3562071871080222,Queen,BR,39,m,JP,Female
153,7,0.3333333333333333,Queen,BR,39,m,JP,Female
153,8,0.31546487678572877,Arca,BR,39,m,VE,Non-binary
153,9,0.3010299956639812,Chris Isaak,BR,39,m,US,Male
153,10,0.2890648263178879,Miley Cyrus,BR,39,m,US,Non-binary
154,1,1.0,Kanye West,NL,31,m,US,Male
154,2,0.6309297535714575,DJ Shadow,NL,31,m,US,Male
154,3,0.5,Grimes,NL,31,m,CA,Female
154,4,0.43067655807339306,Lisa Miskovsky,NL,31,m,SE,Female
154,5,0.38685280723454163,Jennifer Lopez,NL,31,m,US,Female
154,6,0.3562071871080222,RuPaul,NL,31,m,US,Female
154,7,0.3333333333333333,John Maus,NL,31,m,US,Male
154,8,0.31546487678572877,Sia,NL,31,m,AU,Female
154,9,0.3010299956639812,Apparat,NL,31,m,DE,Male
154,10,0.2890648263178879,Kurt Vile,NL,31,m,US,Male
155,1,1.0,Jennifer Paige,RU,30,m,US,Female
155,2,0.6309297535714575,Louis Tomlinson,RU,30,m,UK,Male
155,3,0.5,Tove Lo,RU,30,m,SE,Female
155,4,0.43067655807339306,Queen,RU,30,m,JP,Female
155,5,0.38685280723454163,Joe Goddard,RU,30,m,UK,Male
155,6,0.3562071871080222,Weyes Blood,RU,30,m,US,Female
155,7,0.3333333333333333,Ry x,RU,30,m,AU,Male
155,8,0.31546487678572877,Kygo,RU,30,m,NO,Male
155,9,0.3010299956639812,Chelsea Wolfe,RU,30,m,US,Female
155,10,0.2890648263178879,Ariana Grande,RU,30,m,US,Female
156,1,1.0,Ed Sheeran,NL,28,m,UK,Male
156,2,0.6309297535714575,Ed Sheeran,NL,28,m,UK,Male
156,3,0.5,Tove Lo,NL,28,m,SE,Female
156,4,0.43067655807339306,Ariana Grande,NL,28,m,US,Female
156,5,0.38685280723454163,Kygo,NL,28,m,NO,Male
156,6,0.3562071871080222,Charles Bolt,NL,28,m,US,Male
156,7,0.3333333333333333,Weyes Blood,NL,28,m,US,Female
156,8,0.31546487678572877,IAMX,NL,28,m,DE,Male
156,9,0.3010299956639812,Elliott Smith,NL,28,m,US,Male
156,10,0.2890648263178879,Jess Glynne,NL,28,m,UK,Female
157,1,1.0,John Maus,NL,19,f,US,Male
157,2,0.6309297535714575,Kurt Vile,NL,19,f,US,Male
157,3,0.5,Grimes,NL,19,f,CA,Female
157,4,0.43067655807339306,Weyes Blood,NL,19,f,US,Female
157,5,0.38685280723454163,Ed Sheeran,NL,19,f,UK,Male
157,6,0.3562071871080222,Ed Sheeran,NL,19,f,UK,Male
157,7,0.3333333333333333,John Maus,NL,19,f,US,Male
157,8,0.31546487678572877,Frank Ocean,NL,19,f,US,Male
157,9,0.3010299956639812,Charles Bolt,NL,19,f,US,Male
157,10,0.2890648263178879,Jess Glynne,NL,19,f,UK,Female
158,1,1.0,Rod Stewart,HU,33,m,UK,Male
158,2,0.6309297535714575,Ariana Grande,HU,33,m,US,Female
158,3,0.5,Sia,HU,33,m,AU,Female
158,4,0.43067655807339306,Moby,HU,33,m,US,Male
158,5,0.38685280723454163,Rush,HU,33,m,US,Male
158,6,0.3562071871080222,RuPaul,HU,33,m,US,Female
158,7,0.3333333333333333,Wax Tailor,HU,33,m,FR,Male
158,8,0.31546487678572877,Kelly Clarkson,HU,33,m,US,Female
158,9,0.3010299956639812,Rihanna,HU,33,m,UK,Female
158,10,0.2890648263178879,Nicki Minaj,HU,33,m,US,Female
159,1,1.0,Rod Stewart,SE,25,m,UK,Male
159,2,0.6309297535714575,RuPaul,SE,25,m,US,Female
159,3,0.5,Britney Spears,SE,25,m,US,Female
159,4,0.43067655807339306,Wax Tailor,SE,25,m,FR,Male
159,5,0.38685280723454163,Nicki Minaj,SE,25,m,US,Female
159,6,0.3562071871080222,Toro y Moi,SE,25,m,US,Male
159,7,0.3333333333333333,Sia,SE,25,m,AU,Female
159,8,0.31546487678572877,Jennifer Lopez,SE,25,m,US,Female
159,9,0.3010299956639812,Perfume Genius,SE,25,m,US,Male
159,10,0.2890648263178879,Twin Shadow,SE,25,m,US,Male
160,1,1.0,Thom Yorke,CZ,36,m,UK,Male
160,2,0.6309297535714575,Kanye West,CZ,36,m,US,Male
160,3,0.5,DJ Shadow,CZ,36,m,US,Male
160,4,0.43067655807339306,Grimes,CZ,36,m,CA,Female
160,5,0.38685280723454163,Rod Stewart,CZ,36,m,UK,Male
160,6,0.3562071871080222,Nicki Minaj,CZ,36,m,US,Female
160,7,0.3333333333333333,John Maus,CZ,36,m,US,Male
160,8,0.31546487678572877,Apparat,CZ,36,m,DE,Male
160,9,0.3010299956639812,Britney Spears,CZ,36,m,US,Female
160,10,0.2890648263178879,Kurt Vile,CZ,36,m,US,Male
161,1,1.0,Grimes,FI,19,m,CA,Female
161,2,0.6309297535714575,Ed Sheeran,FI,19,m,UK,Male
161,3,0.5,Ed Sheeran,FI,19,m,UK,Male
161,4,0.43067655807339306,John Maus,FI,19,m,US,Male
161,5,0.38685280723454163,Apparat,FI,19,m,DE,Male
161,6,0.3562071871080222,Beyoncé,FI,19,m,US,Female
161,7,0.3333333333333333,Jess Glynne,FI,19,m,UK,Female
161,8,0.31546487678572877,Christina Aguilera,FI,19,m,US,Female
161,9,0.3010299956639812,Kurt Vile,FI,19,m,US,Male
161,10,0.2890648263178879,Mariah Carey,FI,19,m,US,Female
162,1,1.0,Ed Sheeran,NL,39,m,UK,Male
162,2,0.6309297535714575,Bat for Lashes,NL,39,m,UK,Female
162,3,0.5,Devendra Banhart,NL,39,m,US,Male
162,4,0.43067655807339306,Elvis Presley,NL,39,m,US,Male
162,5,0.38685280723454163,Billy Joel,NL,39,m,US,Male
162,6,0.3562071871080222,Kanye West,NL,39,m,US,Male
162,7,0.3333333333333333,Ariana Grande,NL,39,m,US,Female
162,8,0.31546487678572877,Damien Jurado,NL,39,m,US,Male
162,9,0.3010299956639812,Ozzy Osbourne,NL,39,m,UK,Male
162,10,0.2890648263178879,Lorde,NL,39,m,NZ,Female
163,1,1.0,Sharon Van Etten,US,23,m,US,Female
163,2,0.6309297535714575,Bill Callahan,US,23,m,US,Male
163,3,0.5,Panda Bear,US,23,m,US,Male
163,4,0.43067655807339306,Leonard Cohen,US,23,m,CA,Male
163,5,0.38685280723454163,Caribou,US,23,m,CA,Male
163,6,0.3562071871080222,John Maus,US,23,m,US,Male
163,7,0.3333333333333333,Queen,US,23,m,JP,Female
163,8,0.31546487678572877,Laura Marling,US,23,m,UK,Female
163,9,0.3010299956639812,John Maus,US,23,m,US,Male
163,10,0.2890648263178879,Ozzy Osbourne,US,23,m,UK,Male
164,1,1.0,John Maus,DE,23,m,US,Male
164,2,0.6309297535714575,Elvis Presley,DE,23,m,US,Male
164,3,0.5,Oneohtrix Point Never,DE,23,m,US,Male
164,4,0.43067655807339306,Devendra Banhart,DE,23,m,US,Male
164,5,0.38685280723454163,Carpenter Brut,DE,23,m,FR,Male
164,6,0.3562071871080222,Chelsea Wolfe,DE,23,m,US,Female
164,7,0.3333333333333333,PJ Harvey,DE,23,m,UK,Female
164,8,0.31546487678572877,Queen,DE,23,m,JP,Female
164,9,0.3010299956639812,Bob Marley & The Wailers,DE,23,m,JM,Male
164,10,0.2890648263178879,Ozzy Osbourne,DE,23,m,UK,Male
165,1,1.0,Grimes,BR,22,m,CA,Female
165,2,0.6309297535714575,Kanye West,BR,22,m,US,Male
165,3,0.5,Lily Allen,BR,22,m,UK,Female
165,4,0.43067655807339306,Avril Lavigne,BR,22,m,CA,Female
165,5,0.38685280723454163,Queen,BR,22,m,JP,Female
165,6,0.3562071871080222,John Maus,BR,22,m,US,Male
165,7,0.3333333333333333,Apparat,BR,22,m,DE,Male
165,8,0.31546487678572877,Kurt Vile,BR,22,m,US,Male
165,9,0.3010299956639812,Chelsea Wolfe,BR,22,m,US,Female
165,10,0.2890648263178879,Ed Sheeran,BR,22,m,UK,Male
166,1,1.0,Kurt Vile,SE,29,m,US,Male
166,2,0.6309297535714575,Grimes,SE,29,m,CA,Female
166,3,0.5,Weyes Blood,SE,29,m,US,Female
166,4,0.43067655807339306,Charles Bolt,SE,29,m,US,Male
166,5,0.38685280723454163,Chelsea Wolfe,SE,29,m,US,Female
166,6,0.3562071871080222,Frank Ocean,SE,29,m,US,Male
166,7,0.3333333333333333,John Maus,SE,29,m,US,Male
166,8,0.31546487678572877,Britney Spears,SE,29,m,US,Female
166,9,0.3010299956639812,Queen,SE,29,m,JP,Female
166,10,0.2890648263178879,Beyoncé,SE,29,m,US,Female
167,1,1.0,Avril Lavigne,PL,23,f,CA,Female
167,2,0.6309297535714575,Katy Perry,PL,23,f,US,Female
167,3,0.5,Louis Tomlinson,PL,23,f,UK,Male
167,4,0.43067655807339306,Frank Ocean,PL,23,f,US,Male
167,5,0.38685280723454163,Queen,PL,23,f,JP,Female
167,6,0.3562071871080222,Jennifer Paige,PL,23,f,US,Female
167,7,0.3333333333333333,Ed Sheeran,PL,23,f,UK,Male
167,8,0.31546487678572877,Ed Sheeran,PL,23,f,UK,Male
167,9,0.3010299956639812,Tove Lo,PL,23,f,SE,Female
167,10,0.2890648263178879,Charles Bolt,PL,23,f,US,Male
168,1,1.0,Sia,NO,22,m,AU,Female
168,2,0.6309297535714575,Lisa Miskovsky,NO,22,m,SE,Female
168,3,0.5,Kanye West,NO,22,m,US,Male
168,4,0.43067655807339306,Ry x,NO,22,m,AU,Male
168,5,0.38685280723454163,Weyes Blood,NO,22,m,US,Female
168,6,0.3562071871080222,Avril Lavigne,NO,22,m,CA,Female
168,7,0.3333333333333333,Elliott Smith,NO,22,m,US,Male
168,8,0.31546487678572877,Katy Perry,NO,22,m,US,Female
168,9,0.3010299956639812,Louis Tomlinson,NO,22,m,UK,Male
168,10,0.2890648263178879,Toro y Moi,NO,22,m,US,Male
169,1,1.0,Bill Callahan,SE,24,m,US,Male
169,2,0.6309297535714575,Ed Sheeran,SE,24,m,UK,Male
169,3,0.5,Madonna,SE,24,m,US,Female
169,4,0.43067655807339306,Elvis Presley,SE,24,m,US,Male
169,5,0.38685280723454163,Seal,SE,24,m,UK,Male
169,6,0.3562071871080222,Ariana Grande,SE,24,m,US,Female
169,7,0.3333333333333333,Carpenter Brut,SE,24,m,FR,Male
169,8,0.31546487678572877,Billy Joel,SE,24,m,US,Male
169,9,0.3010299956639812,Chelsea Wolfe,SE,24,m,US,Female
169,10,0.2890648263178879,Arca,SE,24,m,VE,Non-binary
170,1,1.0,John Maus,AT,24,m,US,Male
170,2,0.6309297535714575,Elvis Presley,AT,24,m,US,Male
170,3,0.5,Carpenter Brut,AT,24,m,FR,Male
170,4,0.43067655807339306,Bob Marley & The Wailers,AT,24,m,JM,Male
170,5,0.38685280723454163,Devendra Banhart,AT,24,m,US,Male
170,6,0.3562071871080222,Billy Joel,AT,24,m,US,Male
170,7,0.3333333333333333,Oneohtrix Point Never,AT,24,m,US,Male
170,8,0.31546487678572877,Queen,AT,24,m,JP,Female
170,9,0.3010299956639812,PJ Harvey,AT,24,m,UK,Female
170,10,0.2890648263178879,Justin Timberlake,AT,24,m,US,Male
171,1,1.0,Ariana Grande,US,26,m,US,Female
171,2,0.6309297535714575,Ariana Grande,US,26,m,US,Female
171,3,0.5,Jessie J,US,26,m,UK,Female
171,4,0.43067655807339306,George Ezra,US,26,m,UK,Male
171,5,0.38685280723454163,Sia,US,26,m,AU,Female
171,6,0.3562071871080222,Taylor Swift,US,26,m,US,Female
171,7,0.3333333333333333,Kanye West,US,26,m,US,Male
171,8,0.31546487678572877,Bob Marley & The Wailers,US,26,m,JM,Male
171,9,0.3010299956639812,Marilyn Manson,US,26,m,US,Male
171,10,0.2890648263178879,Bat for Lashes,US,26,m,UK,Female
172,1,1.0,Panda Bear,US,19,m,US,Male
172,2,0.6309297535714575,Bill Callahan,US,19,m,US,Male
172,3,0.5,Leonard Cohen,US,19,m,CA,Male
172,4,0.43067655807339306,John Maus,US,19,m,US,Male
172,5,0.38685280723454163,Nick Drake,US,19,m,UK,Male
172,6,0.3562071871080222,John Maus,US,19,m,US,Male
172,7,0.3333333333333333,Caribou,US,19,m,CA,Male
172,8,0.31546487678572877,John Maus,US,19,m,US,Male
172,9,0.3010299956639812,Laura Marling,US,19,m,UK,Female
172,10,0.2890648263178879,Panda Bear,US,19,m,US,Male
173,1,1.0,RuPaul,US,37,m,US,Female
173,2,0.6309297535714575,Joe Goddard,US,37,m,UK,Male
173,3,0.5,Sia,US,37,m,AU,Female
173,4,0.43067655807339306,Kanye West,US,37,m,US,Male
173,5,0.38685280723454163,Lisa Miskovsky,US,37,m,SE,Female
173,6,0.3562071871080222,Ry x,US,37,m,AU,Male
173,7,0.3333333333333333,Avril Lavigne,US,37,m,CA,Female
173,8,0.31546487678572877,Elliott Smith,US,37,m,US,Male
173,9,0.3010299956639812,Lily Allen,US,37,m,UK,Female
173,10,0.2890648263178879,Katy Perry,US,37,m,US,Female
174,1,1.0,Miley Cyrus,NL,45,m,US,Non-binary
174,2,0.6309297535714575,Ariana Grande,NL,45,m,US,Female
174,3,0.5,Queen,NL,45,m,JP,Female
174,4,0.43067655807339306,Queen,NL,45,m,JP,Female
174,5,0.38685280723454163,Ariana Grande,NL,45,m,US,Female
174,6,0.3562071871080222,George Ezra,NL,45,m,UK,Male
174,7,0.3333333333333333,Jessie J,NL,45,m,UK,Female
174,8,0.31546487678572877,Taylor Swift,NL,45,m,US,Female
174,9,0.3010299956639812,Sia,NL,45,m,AU,Female
174,10,0.2890648263178879,Bill Callahan,NL,45,m,US,Male
175,1,1.0,DJ Shadow,RU,28,m,US,Male
175,2,0.6309297535714575,Kanye West,RU,28,m,US,Male
175,3,0.5,Thom Yorke,RU,28,m,UK,Male
175,4,0.43067655807339306,Kanye West,RU,28,m,US,Male
175,5,0.38685280723454163,Avril Lavigne,RU,28,m,CA,Female
175,6,0.3562071871080222,Lisa Miskovsky,RU,28,m,SE,Female
175,7,0.3333333333333333,Grimes,RU,28,m,CA,Female
175,8,0.31546487678572877,Lily Allen,RU,28,m,UK,Female
175,9,0.3010299956639812,Jennifer Paige,RU,28,m,US,Female
175,10,0.2890648263178879,Louis Tomlinson,RU,28,m,UK,Male
176,1,1.0,Katy Perry,UK,28,m,US,Female
176,2,0.6309297535714575,Joe Goddard,UK,28,m,UK,Male
176,3,0.5,Weyes Blood,UK,28,m,US,Female
176,4,0.43067655807339306,Queen,UK,28,m,JP,Female
176,5,0.38685280723454163,Elliott Smith,UK,28,m,US,Male
176,6,0.3562071871080222,Jennifer Paige,UK,28,m,US,Female
176,7,0.3333333333333333,Louis Tomlinson,UK,28,m,UK,Male
176,8,0.31546487678572877,Chelsea Wolfe,UK,28,m,US,Female
176,9,0.3010299956639812,Toro y Moi,UK,28,m,US,Male
176,10,0.2890648263178879,Twin Shadow,UK,28,m,US,Male
177,1,1.0,Grimes,US,36,m,CA,Female
177,2,0.6309297535714575,Weyes Blood,US,36,m,US,Female
177,3,0.5,Ed Sheeran,US,36,m,UK,Male
177,4,0.43067655807339306,Frank Ocean,US,36,m,US,Male
177,5,0.38685280723454163,Ed Sheeran,US,36,m,UK,Male
177,6,0.3562071871080222,John Maus,US,36,m,US,Male
177,7,0.3333333333333333,Dennis Lloyd,US,36,m,IL,Male
177,8,0.31546487678572877,Dido,US,36,m,UK,Female
177,9,0.3010299956639812,Charles Bolt,US,36,m,US,Male
177,10,0.2890648263178879,Rihanna,US,36,m,UK,Female
178,1,1.0,Sia,ES,29,m,AU,Female
178,2,0.6309297535714575,Lisa Miskovsky,ES,29,m,SE,Female
178,3,0.5,Kanye West,ES,29,m,US,Male
178,4,0.43067655807339306,Katy Perry,ES,29,m,US,Female
178,5,0.38685280723454163,Avril Lavigne,ES,29,m,CA,Female
178,6,0.3562071871080222,Lily Allen,ES,29,m,UK,Female
178,7,0.3333333333333333,Louis Tomlinson,ES,29,m,UK,Male
178,8,0.31546487678572877,Jennifer Paige,ES,29,m,US,Female
178,9,0.3010299956639812,Tove Lo,ES,29,m,SE,Female
178,10,0.2890648263178879,Kygo,ES,29,m,NO,Male
179,1,1.0,Jennifer Paige,UK,27,m,US,Female
179,2,0.6309297535714575,Louis Tomlinson,UK,27,m,UK,Male
179,3,0.5,Weyes Blood,UK,27,m,US,Female
179,4,0.43067655807339306,Tove Lo,UK,27,m,SE,Female
179,5,0.38685280723454163,Joe Goddard,UK,27,m,UK,Male
179,6,0.3562071871080222,Ry x,UK,27,m,AU,Male
179,7,0.3333333333333333,Kygo,UK,27,m,NO,Male
179,8,0.31546487678572877,Queen,UK,27,m,JP,Female
179,9,0.3010299956639812,Ariana Grande,UK,27,m,US,Female
179,10,0.2890648263178879,Elliott Smith,UK,27,m,US,Male
181,1,1.0,Avril Lavigne,PT,25,m,CA,Female
181,2,0.6309297535714575,Jennifer Paige,PT,25,m,US,Female
181,3,0.5,Tove Lo,PT,25,m,SE,Female
181,4,0.43067655807339306,Kygo,PT,25,m,NO,Male
181,5,0.38685280723454163,Ed Sheeran,PT,25,m,UK,Male
181,6,0.3562071871080222,Louis Tomlinson,PT,25,m,UK,Male
181,7,0.3333333333333333,Chelsea Wolfe,PT,25,m,US,Female
181,8,0.31546487678572877,Weyes Blood,PT,25,m,US,Female
181,9,0.3010299956639812,Ed Sheeran,PT,25,m,UK,Male
181,10,0.2890648263178879,Frank Ocean,PT,25,m,US,Male
182,1,1.0,Miley Cyrus,DE,26,m,US,Non-binary
182,2,0.6309297535714575,Ariana Grande,DE,26,m,US,Female
182,3,0.5,Jessie J,DE,26,m,UK,Female
182,4,0.43067655807339306,Sia,DE,26,m,AU,Female
182,5,0.38685280723454163,Bill Callahan,DE,26,m,US,Male
182,6,0.3562071871080222,Bob Marley & The Wailers,DE,26,m,JM,Male
182,7,0.3333333333333333,Taylor Swift,DE,26,m,US,Female
182,8,0.31546487678572877,George Ezra,DE,26,m,UK,Male
182,9,0.3010299956639812,Marilyn Manson,DE,26,m,US,Male
182,10,0.2890648263178879,Adele,DE,26,m,UK,Female
183,1,1.0,Queen,US,25,m,JP,Female
183,2,0.6309297535714575,Chris Isaak,US,25,m,US,Male
183,3,0.5,Jessie J,US,25,m,UK,Female
183,4,0.43067655807339306,Ty Segall,US,25,m,US,Male
183,5,0.38685280723454163,Wild Nothing,US,25,m,US,Male
183,6,0.3562071871080222,Chelsea Wolfe,US,25,m,US,Female
183,7,0.3333333333333333,Bob Marley & The Wailers,US,25,m,JM,Male
183,8,0.31546487678572877,Nick Drake,US,25,m,UK,Male
183,9,0.3010299956639812,King Krule,US,25,m,UK,Male
183,10,0.2890648263178879,Taylor Swift,US,25,m,US,Female
184,1,1.0,RuPaul,BR,20,m,US,Female
184,2,0.6309297535714575,Kanye West,BR,20,m,US,Male
184,3,0.5,Avril Lavigne,BR,20,m,CA,Female
184,4,0.43067655807339306,Sia,BR,20,m,AU,Female
184,5,0.38685280723454163,Lisa Miskovsky,BR,20,m,SE,Female
184,6,0.3562071871080222,Charles Bolt,BR,20,m,US,Male
184,7,0.3333333333333333,Lily Allen,BR,20,m,UK,Female
184,8,0.31546487678572877,Katy Perry,BR,20,m,US,Female
184,9,0.3010299956639812,Elliott Smith,BR,20,m,US,Male
184,10,0.2890648263178879,Louis Tomlinson,BR,20,m,UK,Male
185,1,1.0,Jennifer Paige,NL,22,m,US,Female
185,2,0.6309297535714575,Grimes,NL,22,m,CA,Female
185,3,0.5,Tove Lo,NL,22,m,SE,Female
185,4,0.43067655807339306,Weyes Blood,NL,22,m,US,Female
185,5,0.38685280723454163,Dennis Lloyd,NL,22,m,IL,Male
185,6,0.3562071871080222,IAMX,NL,22,m,DE,Male
185,7,0.3333333333333333,Ariana Grande,NL,22,m,US,Female
185,8,0.31546487678572877,Celldweller,NL,22,m,US,Male
185,9,0.3010299956639812,John Maus,NL,22,m,US,Male
185,10,0.2890648263178879,Kygo,NL,22,m,NO,Male
186,1,1.0,John Maus,FR,33,m,US,Male
186,2,0.6309297535714575,Devendra Banhart,FR,33,m,US,Male
186,3,0.5,Chelsea Wolfe,FR,33,m,US,Female
186,4,0.43067655807339306,PJ Harvey,FR,33,m,UK,Female
186,5,0.38685280723454163,Ed Sheeran,FR,33,m,UK,Male
186,6,0.3562071871080222,Damien Jurado,FR,33,m,US,Male
186,7,0.3333333333333333,PJ Harvey,FR,33,m,UK,Female
186,8,0.31546487678572877,Kanye West,FR,33,m,US,Male
186,9,0.3010299956639812,Mac DeMarco,FR,33,m,CA,Male
186,10,0.2890648263178879,Oneohtrix Point Never,FR,33,m,US,Male
187,1,1.0,Tove Lo,CA,27,m,SE,Female
187,2,0.6309297535714575,Frank Ocean,CA,27,m,US,Male
187,3,0.5,Ariana Grande,CA,27,m,US,Female
187,4,0.43067655807339306,John Maus,CA,27,m,US,Male
187,5,0.38685280723454163,Kygo,CA,27,m,NO,Male
187,6,0.3562071871080222,Queen,CA,27,m,JP,Female
187,7,0.3333333333333333,Jess Glynne,CA,27,m,UK,Female
187,8,0.31546487678572877,Charles Bolt,CA,27,m,US,Male
187,9,0.3010299956639812,Joe Goddard,CA,27,m,UK,Male
187,10,0.2890648263178879,Dimension,CA,27,m,ES,Male
188,1,1.0,Tove Lo,UK,22,m,SE,Female
188,2,0.6309297535714575,Frank Ocean,UK,22,m,US,Male
188,3,0.5,Queen,UK,22,m,JP,Female
188,4,0.43067655807339306,John Maus,UK,22,m,US,Male
188,5,0.38685280723454163,Ed Sheeran,UK,22,m,UK,Male
188,6,0.3562071871080222,Ed Sheeran,UK,22,m,UK,Male
188,7,0.3333333333333333,Jess Glynne,UK,22,m,UK,Female
188,8,0.31546487678572877,Charles Bolt,UK,22,m,US,Male
188,9,0.3010299956639812,Dennis Lloyd,UK,22,m,IL,Male
188,10,0.2890648263178879,Joe Goddard,UK,22,m,UK,Male
189,1,1.0,John Maus,CA,23,m,US,Male
189,2,0.6309297535714575,Queen,CA,23,m,JP,Female
189,3,0.5,Devendra Banhart,CA,23,m,US,Male
189,4,0.43067655807339306,Marilyn Manson,CA,23,m,US,Male
189,5,0.38685280723454163,PJ Harvey,CA,23,m,UK,Female
189,6,0.3562071871080222,Noisestorm,CA,23,m,IE,Male
189,7,0.3333333333333333,Lorde,CA,23,m,NZ,Female
189,8,0.31546487678572877,Aaron Smith,CA,23,m,US,Male
189,9,0.3010299956639812,Red,CA,23,m,PL,Male
189,10,0.2890648263178879,Rob Zombie,CA,23,m,US,Male
190,1,1.0,Carpenter Brut,PT,27,m,FR,Male
190,2,0.6309297535714575,Mac DeMarco,PT,27,m,CA,Male
190,3,0.5,Ozzy Osbourne,PT,27,m,UK,Male
190,4,0.43067655807339306,Noisestorm,PT,27,m,IE,Male
190,5,0.38685280723454163,Bat for Lashes,PT,27,m,UK,Female
190,6,0.3562071871080222,Lana Del Rey,PT,27,m,US,Female
190,7,0.3333333333333333,Lorde,PT,27,m,NZ,Female
190,8,0.31546487678572877,Marilyn Manson,PT,27,m,US,Male
190,9,0.3010299956639812,Lorde,PT,27,m,NZ,Female
190,10,0.2890648263178879,Oneohtrix Point Never,PT,27,m,US,Male
191,1,1.0,Queen,AR,28,m,JP,Female
191,2,0.6309297535714575,Louis Tomlinson,AR,28,m,UK,Male
191,3,0.5,Jennifer Paige,AR,28,m,US,Female
191,4,0.43067655807339306,Joe Goddard,AR,28,m,UK,Male
191,5,0.38685280723454163,Weyes Blood,AR,28,m,US,Female
191,6,0.3562071871080222,Tove Lo,AR,28,m,SE,Female
191,7,0.3333333333333333,Ed Sheeran,AR,28,m,UK,Male
191,8,0.31546487678572877,Elliott Smith,AR,28,m,US,Male
191,9,0.3010299956639812,Ed Sheeran,AR,28,m,UK,Male
191,10,0.2890648263178879,IAMX,AR,28,m,DE,Male
192,1,1.0,Matt Monro,US,25,m,UK,Male
192,2,0.6309297535714575,Laurel Halo,US,25,m,US,Female
192,3,0.5,Frank Ocean,US,25,m,US,Male
192,4,0.43067655807339306,Kanye West,US,25,m,US,Male
192,5,0.38685280723454163,Rush,US,25,m,US,Male
192,6,0.3562071871080222,Four Tet,US,25,m,UK,Male
192,7,0.3333333333333333,Lorde,US,25,m,NZ,Female
192,8,0.31546487678572877,Toro y Moi,US,25,m,US,Male
192,9,0.3010299956639812,Rita Ora,US,25,m,UK,Female
192,10,0.2890648263178879,Lana Del Rey,US,25,m,US,Female
193,1,1.0,Bat for Lashes,UK,27,m,UK,Female
193,2,0.6309297535714575,Taylor Swift,UK,27,m,US,Female
193,3,0.5,George Ezra,UK,27,m,UK,Male
193,4,0.43067655807339306,Bob Marley & The Wailers,UK,27,m,JM,Male
193,5,0.38685280723454163,Kanye West,UK,27,m,US,Male
193,6,0.3562071871080222,Wild Nothing,UK,27,m,US,Male
193,7,0.3333333333333333,Marilyn Manson,UK,27,m,US,Male
193,8,0.31546487678572877,Adele,UK,27,m,UK,Female
193,9,0.3010299956639812,Ed Sheeran,UK,27,m,UK,Male
193,10,0.2890648263178879,Flume,UK,27,m,AU,Male
194,1,1.0,Lily Allen,UK,25,m,UK,Female
194,2,0.6309297535714575,Jess Glynne,UK,25,m,UK,Female
194,3,0.5,Grimes,UK,25,m,CA,Female
194,4,0.43067655807339306,Ed Sheeran,UK,25,m,UK,Male
194,5,0.38685280723454163,Dido,UK,25,m,UK,Female
194,6,0.3562071871080222,John Maus,UK,25,m,US,Male
194,7,0.3333333333333333,Dennis Lloyd,UK,25,m,IL,Male
194,8,0.31546487678572877,Ed Sheeran,UK,25,m,UK,Male
194,9,0.3010299956639812,Rihanna,UK,25,m,UK,Female
194,10,0.2890648263178879,Apparat,UK,25,m,DE,Male
196,1,1.0,Grimes,MX,25,m,CA,Female
196,2,0.6309297535714575,Moby,MX,25,m,US,Male
196,3,0.5,Wax Tailor,MX,25,m,FR,Male
196,4,0.43067655807339306,Kanye West,MX,25,m,US,Male
196,5,0.38685280723454163,Grimes,MX,25,m,CA,Female
196,6,0.3562071871080222,Avril Lavigne,MX,25,m,CA,Female
196,7,0.3333333333333333,Rod Stewart,MX,25,m,UK,Male
196,8,0.31546487678572877,Sia,MX,25,m,AU,Female
196,9,0.3010299956639812,Jennifer Lopez,MX,25,m,US,Female
196,10,0.2890648263178879,Frank Ocean,MX,25,m,US,Male
198,1,1.0,RuPaul,US,20,m,US,Female
198,2,0.6309297535714575,Frank Ocean,US,20,m,US,Male
198,3,0.5,John Maus,US,20,m,US,Male
198,4,0.43067655807339306,Jennifer Lopez,US,20,m,US,Female
198,5,0.38685280723454163,Kanye West,US,20,m,US,Male
198,6,0.3562071871080222,Sia,US,20,m,AU,Female
198,7,0.3333333333333333,Lisa Miskovsky,US,20,m,SE,Female
198,8,0.31546487678572877,Joe Goddard,US,20,m,UK,Male
198,9,0.3010299956639812,Ry x,US,20,m,AU,Male
198,10,0.2890648263178879,Avril Lavigne,US,20,m,CA,Female
199,1,1.0,Bat for Lashes,BR,26,f,UK,Female
199,2,0.6309297535714575,Wild Nothing,BR,26,f,US,Male
199,3,0.5,Ariana Grande,BR,26,f,US,Female
199,4,0.43067655807339306,Leonard Cohen,BR,26,f,CA,Male
199,5,0.38685280723454163,Frank Ocean,BR,26,f,US,Male
199,6,0.3562071871080222,George Ezra,BR,26,f,UK,Male
199,7,0.3333333333333333,James Blake,BR,26,f,UK,Male
199,8,0.31546487678572877,Kate Bush,BR,26,f,UK,Female
199,9,0.3010299956639812,Bob Marley & The Wailers,BR,26,f,JM,Male
199,10,0.2890648263178879,Taylor Swift,BR,26,f,US,Female
200,1,1.0,Kanye West,RU,26,m,US,Male
200,2,0.6309297535714575,Grimes,RU,26,m,CA,Female
200,3,0.5,IAMX,RU,26,m,DE,Male
200,4,0.43067655807339306,John Maus,RU,26,m,US,Male
200,5,0.38685280723454163,Ariana Grande,RU,26,m,US,Female
200,6,0.3562071871080222,Apparat,RU,26,m,DE,Male
200,7,0.3333333333333333,Cher,RU,26,m,US,Female
200,8,0.31546487678572877,Madison Beer,RU,26,m,US,Female
200,9,0.3010299956639812,Sean Paul,RU,26,m,JM,Male
200,10,0.2890648263178879,Britney Spears,RU,26,m,US,Female
201,1,1.0,Ariana Grande,BR,30,m,US,Female
201,2,0.6309297535714575,Taylor Swift,BR,30,m,US,Female
201,3,0.5,Ariana Grande,BR,30,m,US,Female
201,4,0.43067655807339306,George Ezra,BR,30,m,UK,Male
201,5,0.38685280723454163,Flume,BR,30,m,AU,Male
201,6,0.3562071871080222,Bob Marley & The Wailers,BR,30,m,JM,Male
201,7,0.3333333333333333,Dan Sartain,BR,30,m,US,Male
201,8,0.31546487678572877,Frank Ocean,BR,30,m,US,Male
201,9,0.3010299956639812,Nick Drake,BR,30,m,UK,Male
201,10,0.2890648263178879,Grouper,BR,30,m,US,Female
202,1,1.0,Grimes,BE,44,f,CA,Female
202,2,0.6309297535714575,Chelsea Wolfe,BE,44,f,US,Female
202,3,0.5,Dimension,BE,44,f,ES,Male
202,4,0.43067655807339306,Lauren Daigle,BE,44,f,US,Female
202,5,0.38685280723454163,Apparat,BE,44,f,DE,Male
202,6,0.3562071871080222,John Maus,BE,44,f,US,Male
202,7,0.3333333333333333,Kurt Vile,BE,44,f,US,Male
202,8,0.31546487678572877,Oliver Koletzki,BE,44,f,DE,Male
202,9,0.3010299956639812,AFI,BE,44,f,US,Female
202,10,0.2890648263178879,IAMX,BE,44,f,DE,Male
203,1,1.0,John Maus,FI,26,f,US,Male
203,2,0.6309297535714575,Kurt Vile,FI,26,f,US,Male
203,3,0.5,Grimes,FI,26,f,CA,Female
203,4,0.43067655807339306,Weyes Blood,FI,26,f,US,Female
203,5,0.38685280723454163,Frank Ocean,FI,26,f,US,Male
203,6,0.3562071871080222,Chelsea Wolfe,FI,26,f,US,Female
203,7,0.3333333333333333,John Maus,FI,26,f,US,Male
203,8,0.31546487678572877,Charles Bolt,FI,26,f,US,Male
203,9,0.3010299956639812,Dido,FI,26,f,UK,Female
203,10,0.2890648263178879,IAMX,FI,26,f,DE,Male
204,1,1.0,Grimes,BR,24,m,CA,Female
204,2,0.6309297535714575,John Maus,BR,24,m,US,Male
204,3,0.5,Ed Sheeran,BR,24,m,UK,Male
204,4,0.43067655807339306,Kurt Vile,BR,24,m,US,Male
204,5,0.38685280723454163,Grimes,BR,24,m,CA,Female
204,6,0.3562071871080222,Ed Sheeran,BR,24,m,UK,Male
204,7,0.3333333333333333,Frank Ocean,BR,24,m,US,Male
204,8,0.31546487678572877,Weyes Blood,BR,24,m,US,Female
204,9,0.3010299956639812,Niall Horan,BR,24,m,IE,Male
204,10,0.2890648263178879,Nicki Minaj,BR,24,m,US,Female
205,1,1.0,Sia,DE,27,m,AU,Female
205,2,0.6309297535714575,Grimes,DE,27,m,CA,Female
205,3,0.5,Lisa Miskovsky,DE,27,m,SE,Female
205,4,0.43067655807339306,Kanye West,DE,27,m,US,Male
205,5,0.38685280723454163,Avril Lavigne,DE,27,m,CA,Female
205,6,0.3562071871080222,Weyes Blood,DE,27,m,US,Female
205,7,0.3333333333333333,Katy Perry,DE,27,m,US,Female
205,8,0.31546487678572877,Lily Allen,DE,27,m,UK,Female
205,9,0.3010299956639812,Frank Ocean,DE,27,m,US,Male
205,10,0.2890648263178879,John Maus,DE,27,m,US,Male
206,1,1.0,Frank Ocean,BG,30,m,US,Male
206,2,0.6309297535714575,John Maus,BG,30,m,US,Male
206,3,0.5,Louis Tomlinson,BG,30,m,UK,Male
206,4,0.43067655807339306,Jennifer Paige,BG,30,m,US,Female
206,5,0.38685280723454163,Joe Goddard,BG,30,m,UK,Male
206,6,0.3562071871080222,Ry x,BG,30,m,AU,Male
206,7,0.3333333333333333,Tove Lo,BG,30,m,SE,Female
206,8,0.31546487678572877,Kygo,BG,30,m,NO,Male
206,9,0.3010299956639812,Ariana Grande,BG,30,m,US,Female
206,10,0.2890648263178879,Weyes Blood,BG,30,m,US,Female
207,1,1.0,RuPaul,BE,38,m,US,Female
207,2,0.6309297535714575,Kanye West,BE,38,m,US,Male
207,3,0.5,Sia,BE,38,m,AU,Female
207,4,0.43067655807339306,Jennifer Lopez,BE,38,m,US,Female
207,5,0.38685280723454163,Lisa Miskovsky,BE,38,m,SE,Female
207,6,0.3562071871080222,Avril Lavigne,BE,38,m,CA,Female
207,7,0.3333333333333333,Twin Shadow,BE,38,m,US,Male
207,8,0.31546487678572877,Lily Allen,BE,38,m,UK,Female
207,9,0.3010299956639812,Perfume Genius,BE,38,m,US,Male
207,10,0.2890648263178879,Katy Perry,BE,38,m,US,Female
209,1,1.0,RuPaul,UK,23,m,US,Female
209,2,0.6309297535714575,Jennifer Lopez,UK,23,m,US,Female
209,3,0.5,Lisa Miskovsky,UK,23,m,SE,Female
209,4,0.43067655807339306,Avril Lavigne,UK,23,m,CA,Female
209,5,0.38685280723454163,Sia,UK,23,m,AU,Female
209,6,0.3562071871080222,Lily Allen,UK,23,m,UK,Female
209,7,0.3333333333333333,Katy Perry,UK,23,m,US,Female
209,8,0.31546487678572877,Julia Holter,UK,23,m,US,Female
209,9,0.3010299956639812,Jennifer Paige,UK,23,m,US,Female
209,10,0.2890648263178879,Leonard Cohen,UK,23,m,CA,Male
210,1,1.0,Kurt Vile,FI,19,f,US,Male
210,2,0.6309297535714575,Grimes,FI,19,f,CA,Female
210,3,0.5,Lily Allen,FI,19,f,UK,Female
210,4,0.43067655807339306,Weyes Blood,FI,19,f,US,Female
210,5,0.38685280723454163,Louis Tomlinson,FI,19,f,UK,Male
210,6,0.3562071871080222,Jennifer Paige,FI,19,f,US,Female
210,7,0.3333333333333333,Chelsea Wolfe,FI,19,f,US,Female
210,8,0.31546487678572877,Frank Ocean,FI,19,f,US,Male
210,9,0.3010299956639812,Tove Lo,FI,19,f,SE,Female
210,10,0.2890648263178879,John Maus,FI,19,f,US,Male
211,1,1.0,Kylie Minogue,BG,33,f,AU,Female
211,2,0.6309297535714575,Michelle Branch,BG,33,f,US,Female
211,3,0.5,Madonna,BG,33,f,US,Female
211,4,0.43067655807339306,Madonna,BG,33,f,US,Female
211,5,0.38685280723454163,zheani,BG,33,f,AU,Female
211,6,0.3562071871080222,Michelle Branch,BG,33,f,US,Female
211,7,0.3333333333333333,Britney Spears,BG,33,f,US,Female
211,8,0.31546487678572877,Gabrielle,BG,33,f,UK,Female
211,9,0.3010299956639812,Britney Spears,BG,33,f,US,Female
211,10,0.2890648263178879,Britney Spears,BG,33,f,US,Female
212,1,1.0,Grimes,DE,24,m,CA,Female
212,2,0.6309297535714575,Queen,DE,24,m,JP,Female
212,3,0.5,Frank Ocean,DE,24,m,US,Male
212,4,0.43067655807339306,Ed Sheeran,DE,24,m,UK,Male
212,5,0.38685280723454163,Jennifer Paige,DE,24,m,US,Female
212,6,0.3562071871080222,Ed Sheeran,DE,24,m,UK,Male
212,7,0.3333333333333333,John Maus,DE,24,m,US,Male
212,8,0.31546487678572877,Tove Lo,DE,24,m,SE,Female
212,9,0.3010299956639812,IAMX,DE,24,m,DE,Male
212,10,0.2890648263178879,Ariana Grande,DE,24,m,US,Female
213,1,1.0,George Ezra,LV,32,m,UK,Male
213,2,0.6309297535714575,Bob Marley & The Wailers,LV,32,m,JM,Male
213,3,0.5,Marilyn Manson,LV,32,m,US,Male
213,4,0.43067655807339306,Adele,LV,32,m,UK,Female
213,5,0.38685280723454163,Madonna,LV,32,m,US,Female
213,6,0.3562071871080222,Bat for Lashes,LV,32,m,UK,Female
213,7,0.3333333333333333,Ed Sheeran,LV,32,m,UK,Male
213,8,0.31546487678572877,Seal,LV,32,m,UK,Male
213,9,0.3010299956639812,Ariana Grande,LV,32,m,US,Female
213,10,0.2890648263178879,Elvis Presley,LV,32,m,US,Male
214,1,1.0,Ed Sheeran,DE,21,m,UK,Male
214,2,0.6309297535714575,Madonna,DE,21,m,US,Female
214,3,0.5,Elvis Presley,DE,21,m,US,Male
214,4,0.43067655807339306,Ariana Grande,DE,21,m,US,Female
214,5,0.38685280723454163,PJ Harvey,DE,21,m,UK,Female
214,6,0.3562071871080222,Billy Joel,DE,21,m,US,Male
214,7,0.3333333333333333,Carpenter Brut,DE,21,m,FR,Male
214,8,0.31546487678572877,Devendra Banhart,DE,21,m,US,Male
214,9,0.3010299956639812,Bob Marley & The Wailers,DE,21,m,JM,Male
214,10,0.2890648263178879,Kanye West,DE,21,m,US,Male
215,1,1.0,Wax Tailor,UK,33,m,FR,Male
215,2,0.6309297535714575,Britney Spears,UK,33,m,US,Female
215,3,0.5,RuPaul,UK,33,m,US,Female
215,4,0.43067655807339306,Nicki Minaj,UK,33,m,US,Female
215,5,0.38685280723454163,Sia,UK,33,m,AU,Female
215,6,0.3562071871080222,Kanye West,UK,33,m,US,Male
215,7,0.3333333333333333,Jennifer Lopez,UK,33,m,US,Female
215,8,0.31546487678572877,Thom Yorke,UK,33,m,UK,Male
215,9,0.3010299956639812,Queen,UK,33,m,JP,Female
215,10,0.2890648263178879,Avril Lavigne,UK,33,m,CA,Female
216,1,1.0,Grimes,RU,26,m,CA,Female
216,2,0.6309297535714575,Queen,RU,26,m,JP,Female
216,3,0.5,Frank Ocean,RU,26,m,US,Male
216,4,0.43067655807339306,Ed Sheeran,RU,26,m,UK,Male
216,5,0.38685280723454163,Ed Sheeran,RU,26,m,UK,Male
216,6,0.3562071871080222,Chelsea Wolfe,RU,26,m,US,Female
216,7,0.3333333333333333,John Maus,RU,26,m,US,Male
216,8,0.31546487678572877,Tove Lo,RU,26,m,SE,Female
216,9,0.3010299956639812,Kygo,RU,26,m,NO,Male
216,10,0.2890648263178879,Ariana Grande,RU,26,m,US,Female
217,1,1.0,Jennifer Paige,RU,26,m,US,Female
217,2,0.6309297535714575,Louis Tomlinson,RU,26,m,UK,Male
217,3,0.5,Tove Lo,RU,26,m,SE,Female
217,4,0.43067655807339306,Ariana Grande,RU,26,m,US,Female
217,5,0.38685280723454163,Ed Sheeran,RU,26,m,UK,Male
217,6,0.3562071871080222,Kygo,RU,26,m,NO,Male
217,7,0.3333333333333333,Ed Sheeran,RU,26,m,UK,Male
217,8,0.31546487678572877,Chelsea Wolfe,RU,26,m,US,Female
217,9,0.3010299956639812,Jess Glynne,RU,26,m,UK,Female
217,10,0.2890648263178879,Queen,RU,26,m,JP,Female
218,1,1.0,Grimes,SE,33,m,CA,Female
218,2,0.6309297535714575,John Maus,SE,33,m,US,Male
218,3,0.5,Ariana Grande,SE,33,m,US,Female
218,4,0.43067655807339306,Kurt Vile,SE,33,m,US,Male
218,5,0.38685280723454163,Christina Aguilera,SE,33,m,US,Female
218,6,0.3562071871080222,Avril Lavigne,SE,33,m,CA,Female
218,7,0.3333333333333333,Grimes,SE,33,m,CA,Female
218,8,0.31546487678572877,Queen,SE,33,m,JP,Female
218,9,0.3010299956639812,AFI,SE,33,m,US,Female
218,10,0.2890648263178879,Mariah Carey,SE,33,m,US,Female
219,1,1.0,Rod Stewart,SE,22,m,UK,Male
219,2,0.6309297535714575,Nicki Minaj,SE,22,m,US,Female
219,3,0.5,Wax Tailor,SE,22,m,FR,Male
219,4,0.43067655807339306,Britney Spears,SE,22,m,US,Female
219,5,0.38685280723454163,RuPaul,SE,22,m,US,Female
219,6,0.3562071871080222,Leonard Cohen,SE,22,m,CA,Male
219,7,0.3333333333333333,Jeff Buckley,SE,22,m,US,Male
219,8,0.31546487678572877,Lisa Miskovsky,SE,22,m,SE,Female
219,9,0.3010299956639812,Sia,SE,22,m,AU,Female
219,10,0.2890648263178879,Pional,SE,22,m,ES,Male
220,1,1.0,Grimes,RU,23,m,CA,Female
220,2,0.6309297535714575,Ed Sheeran,RU,23,m,UK,Male
220,3,0.5,Weyes Blood,RU,23,m,US,Female
220,4,0.43067655807339306,Madonna,RU,23,m,US,Female
220,5,0.38685280723454163,Frank Ocean,RU,23,m,US,Male
220,6,0.3562071871080222,Lauren Daigle,RU,23,m,US,Female
220,7,0.3333333333333333,Fergie,RU,23,m,UK,Male
220,8,0.31546487678572877,Bruno Mars,RU,23,m,US,Male
220,9,0.3010299956639812,Kelly Clarkson,RU,23,m,US,Female
220,10,0.2890648263178879,Loreen,RU,23,m,SE,Female
221,1,1.0,Lily Allen,US,24,m,UK,Female
221,2,0.6309297535714575,Jennifer Paige,US,24,m,US,Female
221,3,0.5,Tove Lo,US,24,m,SE,Female
221,4,0.43067655807339306,Charles Bolt,US,24,m,US,Male
221,5,0.38685280723454163,Ed Sheeran,US,24,m,UK,Male
221,6,0.3562071871080222,Kygo,US,24,m,NO,Male
221,7,0.3333333333333333,Avril Lavigne,US,24,m,CA,Female
221,8,0.31546487678572877,The Weeknd,US,24,m,CA,Male
221,9,0.3010299956639812,Dennis Lloyd,US,24,m,IL,Male
221,10,0.2890648263178879,Roberta Flack,US,24,m,US,Female
223,1,1.0,Taylor Swift,SE,43,m,US,Female
223,2,0.6309297535714575,Devendra Banhart,SE,43,m,US,Male
223,3,0.5,Ed Sheeran,SE,43,m,UK,Male
223,4,0.43067655807339306,Marilyn Manson,SE,43,m,US,Male
223,5,0.38685280723454163,Damien Jurado,SE,43,m,US,Male
223,6,0.3562071871080222,Adele,SE,43,m,UK,Female
223,7,0.3333333333333333,PJ Harvey,SE,43,m,UK,Female
223,8,0.31546487678572877,PJ Harvey,SE,43,m,UK,Female
223,9,0.3010299956639812,Mac DeMarco,SE,43,m,CA,Male
223,10,0.2890648263178879,Madonna,SE,43,m,US,Female
224,1,1.0,Sharon Van Etten,NL,29,m,US,Female
224,2,0.6309297535714575,James Blake,NL,29,m,UK,Male
224,3,0.5,Bill Callahan,NL,29,m,US,Male
224,4,0.43067655807339306,Elvis Presley,NL,29,m,US,Male
224,5,0.38685280723454163,Nick Drake,NL,29,m,UK,Male
224,6,0.3562071871080222,John Maus,NL,29,m,US,Male
224,7,0.3333333333333333,Panda Bear,NL,29,m,US,Male
224,8,0.31546487678572877,Leonard Cohen,NL,29,m,CA,Male
224,9,0.3010299956639812,John Maus,NL,29,m,US,Male
224,10,0.2890648263178879,Caribou,NL,29,m,CA,Male
225,1,1.0,RuPaul,PL,28,m,US,Female
225,2,0.6309297535714575,Jennifer Lopez,PL,28,m,US,Female
225,3,0.5,Kanye West,PL,28,m,US,Male
225,4,0.43067655807339306,Sia,PL,28,m,AU,Female
225,5,0.38685280723454163,Lisa Miskovsky,PL,28,m,SE,Female
225,6,0.3562071871080222,Avril Lavigne,PL,28,m,CA,Female
225,7,0.3333333333333333,Lily Allen,PL,28,m,UK,Female
225,8,0.31546487678572877,Katy Perry,PL,28,m,US,Female
225,9,0.3010299956639812,Louis Tomlinson,PL,28,m,UK,Male
225,10,0.2890648263178879,Jennifer Paige,PL,28,m,US,Female
226,1,1.0,Snail Mail,RU,37,m,US,Female
226,2,0.6309297535714575,Nick Drake,RU,37,m,UK,Male
226,3,0.5,Sufjan Stevens,RU,37,m,US,Male
226,4,0.43067655807339306,Caribou,RU,37,m,CA,Male
226,5,0.38685280723454163,James Blake,RU,37,m,UK,Male
226,6,0.3562071871080222,Grouper,RU,37,m,US,Female
226,7,0.3333333333333333,Bill Callahan,RU,37,m,US,Male
226,8,0.31546487678572877,Björk,RU,37,m,IS,Female
226,9,0.3010299956639812,Joe Goddard,RU,37,m,UK,Male
226,10,0.2890648263178879,Julia Holter,RU,37,m,US,Female
227,1,1.0,Weyes Blood,UK,23,m,US,Female
227,2,0.6309297535714575,Joe Goddard,UK,23,m,UK,Male
227,3,0.5,Ry x,UK,23,m,AU,Male
227,4,0.43067655807339306,Elliott Smith,UK,23,m,US,Male
227,5,0.38685280723454163,Ed Sheeran,UK,23,m,UK,Male
227,6,0.3562071871080222,Tove Lo,UK,23,m,SE,Female
227,7,0.3333333333333333,Ed Sheeran,UK,23,m,UK,Male
227,8,0.31546487678572877,Ariana Grande,UK,23,m,US,Female
227,9,0.3010299956639812,Kygo,UK,23,m,NO,Male
227,10,0.2890648263178879,Toro y Moi,UK,23,m,US,Male
228,1,1.0,Rod Stewart,US,28,m,UK,Male
228,2,0.6309297535714575,Grimes,US,28,m,CA,Female
228,3,0.5,Wax Tailor,US,28,m,FR,Male
228,4,0.43067655807339306,Kelly Clarkson,US,28,m,US,Female
228,5,0.38685280723454163,John Maus,US,28,m,US,Male
228,6,0.3562071871080222,Jennifer Paige,US,28,m,US,Female
228,7,0.3333333333333333,Tove Lo,US,28,m,SE,Female
228,8,0.31546487678572877,Lily Allen,US,28,m,UK,Female
228,9,0.3010299956639812,Kylie Minogue,US,28,m,AU,Female
228,10,0.2890648263178879,Kurt Vile,US,28,m,US,Male
229,1,1.0,Bat for Lashes,PL,32,m,UK,Female
229,2,0.6309297535714575,Wild Nothing,PL,32,m,US,Male
229,3,0.5,Carpenter Brut,PL,32,m,FR,Male
229,4,0.43067655807339306,Queen,PL,32,m,JP,Female
229,5,0.38685280723454163,Noisestorm,PL,32,m,IE,Male
229,6,0.3562071871080222,Ozzy Osbourne,PL,32,m,UK,Male
229,7,0.3333333333333333,Rita Ora,PL,32,m,UK,Female
229,8,0.31546487678572877,Marilyn Manson,PL,32,m,US,Male
229,9,0.3010299956639812,Aaron Smith,PL,32,m,US,Male
229,10,0.2890648263178879,Janelle Monáe,PL,32,m,US,Non-binary
230,1,1.0,Ed Sheeran,UA,26,m,UK,Male
230,2,0.6309297535714575,Bill Callahan,UA,26,m,US,Male
230,3,0.5,Madonna,UA,26,m,US,Female
230,4,0.43067655807339306,Elvis Presley,UA,26,m,US,Male
230,5,0.38685280723454163,Leonard Cohen,UA,26,m,CA,Male
230,6,0.3562071871080222,Seal,UA,26,m,UK,Male
230,7,0.3333333333333333,Billy Joel,UA,26,m,US,Male
230,8,0.31546487678572877,Carpenter Brut,UA,26,m,FR,Male
230,9,0.3010299956639812,Laura Marling,UA,26,m,UK,Female
230,10,0.2890648263178879,Bob Marley & The Wailers,UA,26,m,JM,Male
231,1,1.0,Kanye West,RS,29,m,US,Male
231,2,0.6309297535714575,Frank Ocean,RS,29,m,US,Male
231,3,0.5,The Kinks,RS,29,m,US,Male
231,4,0.43067655807339306,Four Tet,RS,29,m,UK,Male
231,5,0.38685280723454163,Queen,RS,29,m,JP,Female
231,6,0.3562071871080222,Lorde,RS,29,m,NZ,Female
231,7,0.3333333333333333,Madonna,RS,29,m,US,Female
231,8,0.31546487678572877,Toro y Moi,RS,29,m,US,Male
231,9,0.3010299956639812,Lana Del Rey,RS,29,m,US,Female
231,10,0.2890648263178879,Sia,RS,29,m,AU,Female
232,1,1.0,Ed Sheeran,AT,26,m,UK,Male
232,2,0.6309297535714575,Tove Lo,AT,26,m,SE,Female
232,3,0.5,Joe Goddard,AT,26,m,UK,Male
232,4,0.43067655807339306,Kygo,AT,26,m,NO,Male
232,5,0.38685280723454163,Chelsea Wolfe,AT,26,m,US,Female
232,6,0.3562071871080222,Ry x,AT,26,m,AU,Male
232,7,0.3333333333333333,Queen,AT,26,m,JP,Female
232,8,0.31546487678572877,Ed Sheeran,AT,26,m,UK,Male
232,9,0.3010299956639812,Charles Bolt,AT,26,m,US,Male
232,10,0.2890648263178879,Jess Glynne,AT,26,m,UK,Female
233,1,1.0,Grimes,NL,20,m,CA,Female
233,2,0.6309297535714575,Weyes Blood,NL,20,m,US,Female
233,3,0.5,Lauren Daigle,NL,20,m,US,Female
233,4,0.43067655807339306,Taylor Swift,NL,20,m,US,Female
233,5,0.38685280723454163,Kelly Clarkson,NL,20,m,US,Female
233,6,0.3562071871080222,Frank Ocean,NL,20,m,US,Male
233,7,0.3333333333333333,John Maus,NL,20,m,US,Male
233,8,0.31546487678572877,Dido,NL,20,m,UK,Female
233,9,0.3010299956639812,Rihanna,NL,20,m,UK,Female
233,10,0.2890648263178879,José González,NL,20,m,SE,Male
234,1,1.0,Lisa Miskovsky,AU,30,m,SE,Female
234,2,0.6309297535714575,Sia,AU,30,m,AU,Female
234,3,0.5,Kanye West,AU,30,m,US,Male
234,4,0.43067655807339306,Earl Sweatshirt,AU,30,m,US,Male
234,5,0.38685280723454163,Toro y Moi,AU,30,m,US,Male
234,6,0.3562071871080222,Avril Lavigne,AU,30,m,CA,Female
234,7,0.3333333333333333,Perfume Genius,AU,30,m,US,Male
234,8,0.31546487678572877,Sufjan Stevens,AU,30,m,US,Male
234,9,0.3010299956639812,Jeff Buckley,AU,30,m,US,Male
234,10,0.2890648263178879,Pional,AU,30,m,ES,Male
235,1,1.0,RuPaul,DE,23,m,US,Female
235,2,0.6309297535714575,Sia,DE,23,m,AU,Female
235,3,0.5,Kanye West,DE,23,m,US,Male
235,4,0.43067655807339306,Lisa Miskovsky,DE,23,m,SE,Female
235,5,0.38685280723454163,Avril Lavigne,DE,23,m,CA,Female
235,6,0.3562071871080222,Joe Goddard,DE,23,m,UK,Male
235,7,0.3333333333333333,Elliott Smith,DE,23,m,US,Male
235,8,0.31546487678572877,Lily Allen,DE,23,m,UK,Female
235,9,0.3010299956639812,Katy Perry,DE,23,m,US,Female
235,10,0.2890648263178879,Queen,DE,23,m,JP,Female
236,1,1.0,Jennifer Paige,RU,22,f,US,Female
236,2,0.6309297535714575,Ed Sheeran,RU,22,f,UK,Male
236,3,0.5,Tove Lo,RU,22,f,SE,Female
236,4,0.43067655807339306,Ariana Grande,RU,22,f,US,Female
236,5,0.38685280723454163,Charles Bolt,RU,22,f,US,Male
236,6,0.3562071871080222,Joe Goddard,RU,22,f,UK,Male
236,7,0.3333333333333333,Kygo,RU,22,f,NO,Male
236,8,0.31546487678572877,Ry x,RU,22,f,AU,Male
236,9,0.3010299956639812,Weyes Blood,RU,22,f,US,Female
236,10,0.2890648263178879,Dimension,RU,22,f,ES,Male
237,1,1.0,Frank Ocean,CZ,21,m,US,Male
237,2,0.6309297535714575,John Maus,CZ,21,m,US,Male
237,3,0.5,Queen,CZ,21,m,JP,Female
237,4,0.43067655807339306,Tove Lo,CZ,21,m,SE,Female
237,5,0.38685280723454163,Joe Goddard,CZ,21,m,UK,Male
237,6,0.3562071871080222,Ariana Grande,CZ,21,m,US,Female
237,7,0.3333333333333333,Ed Sheeran,CZ,21,m,UK,Male
237,8,0.31546487678572877,Ry x,CZ,21,m,AU,Male
237,9,0.3010299956639812,Ed Sheeran,CZ,21,m,UK,Male
237,10,0.2890648263178879,Weyes Blood,CZ,21,m,US,Female
238,1,1.0,Grimes,PL,25,m,CA,Female
238,2,0.6309297535714575,Katy Perry,PL,25,m,US,Female
238,3,0.5,Weyes Blood,PL,25,m,US,Female
238,4,0.43067655807339306,Lily Allen,PL,25,m,UK,Female
238,5,0.38685280723454163,Frank Ocean,PL,25,m,US,Male
238,6,0.3562071871080222,John Maus,PL,25,m,US,Male
238,7,0.3333333333333333,Jennifer Paige,PL,25,m,US,Female
238,8,0.31546487678572877,Louis Tomlinson,PL,25,m,UK,Male
238,9,0.3010299956639812,Tove Lo,PL,25,m,SE,Female
238,10,0.2890648263178879,Chelsea Wolfe,PL,25,m,US,Female
239,1,1.0,Katy Perry,NZ,39,m,US,Female
239,2,0.6309297535714575,Queen,NZ,39,m,JP,Female
239,3,0.5,Jennifer Paige,NZ,39,m,US,Female
239,4,0.43067655807339306,Chelsea Wolfe,NZ,39,m,US,Female
239,5,0.38685280723454163,Louis Tomlinson,NZ,39,m,UK,Male
239,6,0.3562071871080222,Tove Lo,NZ,39,m,SE,Female
239,7,0.3333333333333333,Ed Sheeran,NZ,39,m,UK,Male
239,8,0.31546487678572877,Kygo,NZ,39,m,NO,Male
239,9,0.3010299956639812,Ariana Grande,NZ,39,m,US,Female
239,10,0.2890648263178879,Ed Sheeran,NZ,39,m,UK,Male
240,1,1.0,John Mayer,DE,25,m,IN,Male
240,2,0.6309297535714575,Thom Yorke,DE,25,m,UK,Male
240,3,0.5,Red,DE,25,m,PL,Male
240,4,0.43067655807339306,Shawn Mendes,DE,25,m,CA,Male
240,5,0.38685280723454163,Kelis,DE,25,m,US,Female
240,6,0.3562071871080222,Aimee Mann,DE,25,m,US,Female
240,7,0.3333333333333333,Adele,DE,25,m,UK,Female
240,8,0.31546487678572877,Duncan Laurence,DE,25,m,NL,Male
240,9,0.3010299956639812,Lorde,DE,25,m,NZ,Female
240,10,0.2890648263178879,Queen,DE,25,m,JP,Female
241,1,1.0,Jennifer Paige,TR,33,m,US,Female
241,2,0.6309297535714575,Queen,TR,33,m,JP,Female
241,3,0.5,Chelsea Wolfe,TR,33,m,US,Female
241,4,0.43067655807339306,Dimension,TR,33,m,ES,Male
241,5,0.38685280723454163,Grimes,TR,33,m,CA,Female
241,6,0.3562071871080222,IAMX,TR,33,m,DE,Male
241,7,0.3333333333333333,Mariah Carey,TR,33,m,US,Female
241,8,0.31546487678572877,Christina Aguilera,TR,33,m,US,Female
241,9,0.3010299956639812,Lauren Daigle,TR,33,m,US,Female
241,10,0.2890648263178879,Frank Ocean,TR,33,m,US,Male
242,1,1.0,Weyes Blood,BR,26,m,US,Female
242,2,0.6309297535714575,Joe Goddard,BR,26,m,UK,Male
242,3,0.5,Ry x,BR,26,m,AU,Male
242,4,0.43067655807339306,Elliott Smith,BR,26,m,US,Male
242,5,0.38685280723454163,Queen,BR,26,m,JP,Female
242,6,0.3562071871080222,Toro y Moi,BR,26,m,US,Male
242,7,0.3333333333333333,Earl Sweatshirt,BR,26,m,US,Male
242,8,0.31546487678572877,Twin Shadow,BR,26,m,US,Male
242,9,0.3010299956639812,Tame Impala,BR,26,m,AU,Male
242,10,0.2890648263178879,Sufjan Stevens,BR,26,m,US,Male
243,1,1.0,Kurt Vile,FI,24,m,US,Male
243,2,0.6309297535714575,Queen,FI,24,m,JP,Female
243,3,0.5,Grimes,FI,24,m,CA,Female
243,4,0.43067655807339306,Weyes Blood,FI,24,m,US,Female
243,5,0.38685280723454163,Ariana Grande,FI,24,m,US,Female
243,6,0.3562071871080222,John Maus,FI,24,m,US,Male
243,7,0.3333333333333333,Frank Ocean,FI,24,m,US,Male
243,8,0.31546487678572877,Eddie Cochran,FI,24,m,US,Male
243,9,0.3010299956639812,IAMX,FI,24,m,DE,Male
243,10,0.2890648263178879,Lauren Daigle,FI,24,m,US,Female
245,1,1.0,Tove Lo,PL,22,m,SE,Female
245,2,0.6309297535714575,Kygo,PL,22,m,NO,Male
245,3,0.5,Ariana Grande,PL,22,m,US,Female
245,4,0.43067655807339306,Frank Ocean,PL,22,m,US,Male
245,5,0.38685280723454163,John Maus,PL,22,m,US,Male
245,6,0.3562071871080222,IAMX,PL,22,m,DE,Male
245,7,0.3333333333333333,Queen,PL,22,m,JP,Female
245,8,0.31546487678572877,Rihanna,PL,22,m,UK,Female
245,9,0.3010299956639812,Dimension,PL,22,m,ES,Male
245,10,0.2890648263178879,Dido,PL,22,m,UK,Female
246,1,1.0,Grimes,FI,28,m,CA,Female
246,2,0.6309297535714575,John Maus,FI,28,m,US,Male
246,3,0.5,Kanye West,FI,28,m,US,Male
246,4,0.43067655807339306,Frank Ocean,FI,28,m,US,Male
246,5,0.38685280723454163,Queen,FI,28,m,JP,Female
246,6,0.3562071871080222,Avril Lavigne,FI,28,m,CA,Female
246,7,0.3333333333333333,Katy Perry,FI,28,m,US,Female
246,8,0.31546487678572877,Lily Allen,FI,28,m,UK,Female
246,9,0.3010299956639812,Joe Goddard,FI,28,m,UK,Male
246,10,0.2890648263178879,Weyes Blood,FI,28,m,US,Female
247,1,1.0,Grimes,DE,43,m,CA,Female
247,2,0.6309297535714575,Frank Ocean,DE,43,m,US,Male
247,3,0.5,John Maus,DE,43,m,US,Male
247,4,0.43067655807339306,Ariana Grande,DE,43,m,US,Female
247,5,0.38685280723454163,Ed Sheeran,DE,43,m,UK,Male
247,6,0.3562071871080222,Ed Sheeran,DE,43,m,UK,Male
247,7,0.3333333333333333,Joe Goddard,DE,43,m,UK,Male
247,8,0.31546487678572877,Weyes Blood,DE,43,m,US,Female
247,9,0.3010299956639812,Ry x,DE,43,m,AU,Male
247,10,0.2890648263178879,Charles Bolt,DE,43,m,US,Male
248,1,1.0,Bill Callahan,US,26,m,US,Male
248,2,0.6309297535714575,John Maus,US,26,m,US,Male
248,3,0.5,Carpenter Brut,US,26,m,FR,Male
248,4,0.43067655807339306,Bob Marley & The Wailers,US,26,m,JM,Male
248,5,0.38685280723454163,John Maus,US,26,m,US,Male
248,6,0.3562071871080222,Billy Joel,US,26,m,US,Male
248,7,0.3333333333333333,Laura Marling,US,26,m,UK,Female
248,8,0.31546487678572877,Queen,US,26,m,JP,Female
248,9,0.3010299956639812,Ozzy Osbourne,US,26,m,UK,Male
248,10,0.2890648263178879,PJ Harvey,US,26,m,UK,Female
249,1,1.0,Avril Lavigne,TR,31,m,CA,Female
249,2,0.6309297535714575,Katy Perry,TR,31,m,US,Female
249,3,0.5,Elliott Smith,TR,31,m,US,Male
249,4,0.43067655807339306,Queen,TR,31,m,JP,Female
249,5,0.38685280723454163,Louis Tomlinson,TR,31,m,UK,Male
249,6,0.3562071871080222,Chelsea Wolfe,TR,31,m,US,Female
249,7,0.3333333333333333,Jennifer Paige,TR,31,m,US,Female
249,8,0.31546487678572877,Ed Sheeran,TR,31,m,UK,Male
249,9,0.3010299956639812,Twin Shadow,TR,31,m,US,Male
249,10,0.2890648263178879,Ed Sheeran,TR,31,m,UK,Male
250,1,1.0,Chelsea Wolfe,UA,26,m,US,Female
250,2,0.6309297535714575,Ed Sheeran,UA,26,m,UK,Male
250,3,0.5,Ed Sheeran,UA,26,m,UK,Male
250,4,0.43067655807339306,Ariana Grande,UA,26,m,US,Female
250,5,0.38685280723454163,Queen,UA,26,m,JP,Female
250,6,0.3562071871080222,Tove Lo,UA,26,m,SE,Female
250,7,0.3333333333333333,Jess Glynne,UA,26,m,UK,Female
250,8,0.31546487678572877,Weyes Blood,UA,26,m,US,Female
250,9,0.3010299956639812,Kygo,UA,26,m,NO,Male
250,10,0.2890648263178879,Toro y Moi,UA,26,m,US,Male
251,1,1.0,Ed Sheeran,DE,20,m,UK,Male
251,2,0.6309297535714575,Tove Lo,DE,20,m,SE,Female
251,3,0.5,Chelsea Wolfe,DE,20,m,US,Female
251,4,0.43067655807339306,Frank Ocean,DE,20,m,US,Male
251,5,0.38685280723454163,Charles Bolt,DE,20,m,US,Male
251,6,0.3562071871080222,Christina Aguilera,DE,20,m,US,Female
251,7,0.3333333333333333,IAMX,DE,20,m,DE,Male
251,8,0.31546487678572877,Joe Goddard,DE,20,m,UK,Male
251,9,0.3010299956639812,Ry x,DE,20,m,AU,Male
251,10,0.2890648263178879,Nik Kershaw,DE,20,m,UK,Male
252,1,1.0,George Ezra,SE,21,m,UK,Male
252,2,0.6309297535714575,Taylor Swift,SE,21,m,US,Female
252,3,0.5,Adele,SE,21,m,UK,Female
252,4,0.43067655807339306,Ed Sheeran,SE,21,m,UK,Male
252,5,0.38685280723454163,Marilyn Manson,SE,21,m,US,Male
252,6,0.3562071871080222,Madonna,SE,21,m,US,Female
252,7,0.3333333333333333,Ariana Grande,SE,21,m,US,Female
252,8,0.31546487678572877,Elvis Presley,SE,21,m,US,Male
252,9,0.3010299956639812,Wild Nothing,SE,21,m,US,Male
252,10,0.2890648263178879,Billy Joel,SE,21,m,US,Male
253,1,1.0,Katy Perry,UK,19,m,US,Female
253,2,0.6309297535714575,Queen,UK,19,m,JP,Female
253,3,0.5,Jennifer Paige,UK,19,m,US,Female
253,4,0.43067655807339306,Weyes Blood,UK,19,m,US,Female
253,5,0.38685280723454163,Louis Tomlinson,UK,19,m,UK,Male
253,6,0.3562071871080222,Joe Goddard,UK,19,m,UK,Male
253,7,0.3333333333333333,Ry x,UK,19,m,AU,Male
253,8,0.31546487678572877,Chelsea Wolfe,UK,19,m,US,Female
253,9,0.3010299956639812,Tove Lo,UK,19,m,SE,Female
253,10,0.2890648263178879,Elliott Smith,UK,19,m,US,Male
254,1,1.0,Katy Perry,PL,25,f,US,Female
254,2,0.6309297535714575,Jennifer Paige,PL,25,f,US,Female
254,3,0.5,Louis Tomlinson,PL,25,f,UK,Male
254,4,0.43067655807339306,Queen,PL,25,f,JP,Female
254,5,0.38685280723454163,Joe Goddard,PL,25,f,UK,Male
254,6,0.3562071871080222,Ry x,PL,25,f,AU,Male
254,7,0.3333333333333333,Weyes Blood,PL,25,f,US,Female
254,8,0.31546487678572877,Chelsea Wolfe,PL,25,f,US,Female
254,9,0.3010299956639812,Elliott Smith,PL,25,f,US,Male
254,10,0.2890648263178879,Ariana Grande,PL,25,f,US,Female
256,1,1.0,Grimes,UK,24,m,CA,Female
256,2,0.6309297535714575,Britney Spears,UK,24,m,US,Female
256,3,0.5,Nicki Minaj,UK,24,m,US,Female
256,4,0.43067655807339306,RuPaul,UK,24,m,US,Female
256,5,0.38685280723454163,Frank Ocean,UK,24,m,US,Male
256,6,0.3562071871080222,John Maus,UK,24,m,US,Male
256,7,0.3333333333333333,Sia,UK,24,m,AU,Female
256,8,0.31546487678572877,Lisa Miskovsky,UK,24,m,SE,Female
256,9,0.3010299956639812,Jennifer Lopez,UK,24,m,US,Female
256,10,0.2890648263178879,Ry x,UK,24,m,AU,Male
257,1,1.0,Norah Jones,LT,23,m,US,Female
257,2,0.6309297535714575,Frank Ocean,LT,23,m,US,Male
257,3,0.5,Kanye West,LT,23,m,US,Male
257,4,0.43067655807339306,Sia,LT,23,m,AU,Female
257,5,0.38685280723454163,Ariana Grande,LT,23,m,US,Female
257,6,0.3562071871080222,Four Tet,LT,23,m,UK,Male
257,7,0.3333333333333333,George Ezra,LT,23,m,UK,Male
257,8,0.31546487678572877,Kelis,LT,23,m,US,Female
257,9,0.3010299956639812,Adele,LT,23,m,UK,Female
257,10,0.2890648263178879,Tom MacDonald,LT,23,m,CA,Male
258,1,1.0,Kanye West,FI,20,f,US,Male
258,2,0.6309297535714575,Grimes,FI,20,f,CA,Female
258,3,0.5,Avril Lavigne,FI,20,f,CA,Female
258,4,0.43067655807339306,Kurt Vile,FI,20,f,US,Male
258,5,0.38685280723454163,Katy Perry,FI,20,f,US,Female
258,6,0.3562071871080222,Lily Allen,FI,20,f,UK,Female
258,7,0.3333333333333333,Frank Ocean,FI,20,f,US,Male
258,8,0.31546487678572877,Tove Lo,FI,20,f,SE,Female
258,9,0.3010299956639812,Ariana Grande,FI,20,f,US,Female
258,10,0.2890648263178879,Joe Goddard,FI,20,f,UK,Male
259,1,1.0,Avril Lavigne,BG,26,m,CA,Female
259,2,0.6309297535714575,Elliott Smith,BG,26,m,US,Male
259,3,0.5,Jennifer Paige,BG,26,m,US,Female
259,4,0.43067655807339306,Toro y Moi,BG,26,m,US,Male
259,5,0.38685280723454163,Louis Tomlinson,BG,26,m,UK,Male
259,6,0.3562071871080222,Ed Sheeran,BG,26,m,UK,Male
259,7,0.3333333333333333,Ed Sheeran,BG,26,m,UK,Male
259,8,0.31546487678572877,Twin Shadow,BG,26,m,US,Male
259,9,0.3010299956639812,Earl Sweatshirt,BG,26,m,US,Male
259,10,0.2890648263178879,Tame Impala,BG,26,m,AU,Male
261,1,1.0,Grimes,RO,28,m,CA,Female
261,2,0.6309297535714575,Jennifer Paige,RO,28,m,US,Female
261,3,0.5,Louis Tomlinson,RO,28,m,UK,Male
261,4,0.43067655807339306,Tove Lo,RO,28,m,SE,Female
261,5,0.38685280723454163,Ed Sheeran,RO,28,m,UK,Male
261,6,0.3562071871080222,Kygo,RO,28,m,NO,Male
261,7,0.3333333333333333,Frank Ocean,RO,28,m,US,Male
261,8,0.31546487678572877,Ed Sheeran,RO,28,m,UK,Male
261,9,0.3010299956639812,Jess Glynne,RO,28,m,UK,Female
261,10,0.2890648263178879,Queen,RO,28,m,JP,Female
262,1,1.0,Bill Callahan,PL,41,m,US,Male
262,2,0.6309297535714575,Laura Marling,PL,41,m,UK,Female
262,3,0.5,John Maus,PL,41,m,US,Male
262,4,0.43067655807339306,Devendra Banhart,PL,41,m,US,Male
262,5,0.38685280723454163,Leonard Cohen,PL,41,m,CA,Male
262,6,0.3562071871080222,Britney Spears,PL,41,m,US,Female
262,7,0.3333333333333333,The Tallest Man on Earth,PL,41,m,SE,Male
262,8,0.31546487678572877,Chelsea Wolfe,PL,41,m,US,Female
262,9,0.3010299956639812,Rod Stewart,PL,41,m,UK,Male
262,10,0.2890648263178879,Sia,PL,41,m,AU,Female
263,1,1.0,Mitski,CZ,35,m,US,Female
263,2,0.6309297535714575,John Maus,CZ,35,m,US,Male
263,3,0.5,Grouper,CZ,35,m,US,Female
263,4,0.43067655807339306,M. Ward,CZ,35,m,US,Male
263,5,0.38685280723454163,Sharon Van Etten,CZ,35,m,US,Female
263,6,0.3562071871080222,Lorde,CZ,35,m,NZ,Female
263,7,0.3333333333333333,Noisestorm,CZ,35,m,IE,Male
263,8,0.31546487678572877,Red,CZ,35,m,PL,Male
263,9,0.3010299956639812,Moby,CZ,35,m,US,Male
263,10,0.2890648263178879,Taylor McFerrin,CZ,35,m,US,Male
264,1,1.0,Louis Tomlinson,CZ,23,m,UK,Male
264,2,0.6309297535714575,Jennifer Paige,CZ,23,m,US,Female
264,3,0.5,Tove Lo,CZ,23,m,SE,Female
264,4,0.43067655807339306,Ed Sheeran,CZ,23,m,UK,Male
264,5,0.38685280723454163,Ed Sheeran,CZ,23,m,UK,Male
264,6,0.3562071871080222,Queen,CZ,23,m,JP,Female
264,7,0.3333333333333333,Chelsea Wolfe,CZ,23,m,US,Female
264,8,0.31546487678572877,Ariana Grande,CZ,23,m,US,Female
264,9,0.3010299956639812,IAMX,CZ,23,m,DE,Male
264,10,0.2890648263178879,Kygo,CZ,23,m,NO,Male
265,1,1.0,Sharon Van Etten,US,25,m,US,Female
265,2,0.6309297535714575,Leonard Cohen,US,25,m,CA,Male
265,3,0.5,Nick Drake,US,25,m,UK,Male
265,4,0.43067655807339306,Panda Bear,US,25,m,US,Male
265,5,0.38685280723454163,Caribou,US,25,m,CA,Male
265,6,0.3562071871080222,John Maus,US,25,m,US,Male
265,7,0.3333333333333333,Ozzy Osbourne,US,25,m,UK,Male
265,8,0.31546487678572877,John Maus,US,25,m,US,Male
265,9,0.3010299956639812,PJ Harvey,US,25,m,UK,Female
265,10,0.2890648263178879,Bill Callahan,US,25,m,US,Male
266,1,1.0,Katy Perry,ES,27,m,US,Female
266,2,0.6309297535714575,Perfume Genius,ES,27,m,US,Male
266,3,0.5,Ry x,ES,27,m,AU,Male
266,4,0.43067655807339306,Mitski,ES,27,m,US,Female
266,5,0.38685280723454163,Julia Holter,ES,27,m,US,Female
266,6,0.3562071871080222,Earl Sweatshirt,ES,27,m,US,Male
266,7,0.3333333333333333,Jennifer Paige,ES,27,m,US,Female
266,8,0.31546487678572877,Chelsea Wolfe,ES,27,m,US,Female
266,9,0.3010299956639812,Chelsea Wolfe,ES,27,m,US,Female
266,10,0.2890648263178879,Louis Tomlinson,ES,27,m,UK,Male
267,1,1.0,Grimes,PL,28,m,CA,Female
267,2,0.6309297535714575,Weyes Blood,PL,28,m,US,Female
267,3,0.5,Avril Lavigne,PL,28,m,CA,Female
267,4,0.43067655807339306,Ed Sheeran,PL,28,m,UK,Male
267,5,0.38685280723454163,Frank Ocean,PL,28,m,US,Male
267,6,0.3562071871080222,Jess Glynne,PL,28,m,UK,Female
267,7,0.3333333333333333,Dido,PL,28,m,UK,Female
267,8,0.31546487678572877,Rihanna,PL,28,m,UK,Female
267,9,0.3010299956639812,Queen,PL,28,m,JP,Female
267,10,0.2890648263178879,Christina Aguilera,PL,28,m,US,Female
268,1,1.0,Frank Ocean,CO,33,m,US,Male
268,2,0.6309297535714575,John Maus,CO,33,m,US,Male
268,3,0.5,Louis Tomlinson,CO,33,m,UK,Male
268,4,0.43067655807339306,Joe Goddard,CO,33,m,UK,Male
268,5,0.38685280723454163,Ry x,CO,33,m,AU,Male
268,6,0.3562071871080222,Ed Sheeran,CO,33,m,UK,Male
268,7,0.3333333333333333,Ed Sheeran,CO,33,m,UK,Male
268,8,0.31546487678572877,Weyes Blood,CO,33,m,US,Female
268,9,0.3010299956639812,Tove Lo,CO,33,m,SE,Female
268,10,0.2890648263178879,Elliott Smith,CO,33,m,US,Male
269,1,1.0,Jennifer Paige,UK,22,m,US,Female
269,2,0.6309297535714575,Louis Tomlinson,UK,22,m,UK,Male
269,3,0.5,Weyes Blood,UK,22,m,US,Female
269,4,0.43067655807339306,Queen,UK,22,m,JP,Female
269,5,0.38685280723454163,Elliott Smith,UK,22,m,US,Male
269,6,0.3562071871080222,Ed Sheeran,UK,22,m,UK,Male
269,7,0.3333333333333333,Ed Sheeran,UK,22,m,UK,Male
269,8,0.31546487678572877,Charles Bolt,UK,22,m,US,Male
269,9,0.3010299956639812,Ariana Grande,UK,22,m,US,Female
269,10,0.2890648263178879,Tove Lo,UK,22,m,SE,Female
270,1,1.0,Grimes,PL,23,f,CA,Female
270,2,0.6309297535714575,Ariana Grande,PL,23,f,US,Female
270,3,0.5,Ed Sheeran,PL,23,f,UK,Male
270,4,0.43067655807339306,Chelsea Wolfe,PL,23,f,US,Female
270,5,0.38685280723454163,Ed Sheeran,PL,23,f,UK,Male
270,6,0.3562071871080222,Jess Glynne,PL,23,f,UK,Female
270,7,0.3333333333333333,Queen,PL,23,f,JP,Female
270,8,0.31546487678572877,Charles Bolt,PL,23,f,US,Male
270,9,0.3010299956639812,Frank Ocean,PL,23,f,US,Male
270,10,0.2890648263178879,John Maus,PL,23,f,US,Male
271,1,1.0,Sia,BE,38,m,AU,Female
271,2,0.6309297535714575,Grimes,BE,38,m,CA,Female
271,3,0.5,Weyes Blood,BE,38,m,US,Female
271,4,0.43067655807339306,John Maus,BE,38,m,US,Male
271,5,0.38685280723454163,Frank Ocean,BE,38,m,US,Male
271,6,0.3562071871080222,IAMX,BE,38,m,DE,Male
271,7,0.3333333333333333,Chelsea Wolfe,BE,38,m,US,Female
271,8,0.31546487678572877,Richard Ashcroft,BE,38,m,UK,Male
271,9,0.3010299956639812,Tove Lo,BE,38,m,SE,Female
271,10,0.2890648263178879,Ry x,BE,38,m,AU,Male
272,1,1.0,Katy Perry,UK,29,m,US,Female
272,2,0.6309297535714575,Lily Allen,UK,29,m,UK,Female
272,3,0.5,Louis Tomlinson,UK,29,m,UK,Male
272,4,0.43067655807339306,Jennifer Paige,UK,29,m,US,Female
272,5,0.38685280723454163,Chelsea Wolfe,UK,29,m,US,Female
272,6,0.3562071871080222,Tove Lo,UK,29,m,SE,Female
272,7,0.3333333333333333,Kygo,UK,29,m,NO,Male
272,8,0.31546487678572877,Ariana Grande,UK,29,m,US,Female
272,9,0.3010299956639812,Toro y Moi,UK,29,m,US,Male
272,10,0.2890648263178879,Queen,UK,29,m,JP,Female
273,1,1.0,Nicki Minaj,PE,27,f,US,Female
273,2,0.6309297535714575,RuPaul,PE,27,f,US,Female
273,3,0.5,Britney Spears,PE,27,f,US,Female
273,4,0.43067655807339306,Jennifer Lopez,PE,27,f,US,Female
273,5,0.38685280723454163,Lisa Miskovsky,PE,27,f,SE,Female
273,6,0.3562071871080222,Sia,PE,27,f,AU,Female
273,7,0.3333333333333333,Leonard Cohen,PE,27,f,CA,Male
273,8,0.31546487678572877,Perfume Genius,PE,27,f,US,Male
273,9,0.3010299956639812,Chelsea Wolfe,PE,27,f,US,Female
273,10,0.2890648263178879,Jeff Buckley,PE,27,f,US,Male
274,1,1.0,Grimes,DE,24,m,CA,Female
274,2,0.6309297535714575,Kanye West,DE,24,m,US,Male
274,3,0.5,Avril Lavigne,DE,24,m,CA,Female
274,4,0.43067655807339306,Katy Perry,DE,24,m,US,Female
274,5,0.38685280723454163,Lily Allen,DE,24,m,UK,Female
274,6,0.3562071871080222,Frank Ocean,DE,24,m,US,Male
274,7,0.3333333333333333,John Maus,DE,24,m,US,Male
274,8,0.31546487678572877,Louis Tomlinson,DE,24,m,UK,Male
274,9,0.3010299956639812,Chelsea Wolfe,DE,24,m,US,Female
274,10,0.2890648263178879,Queen,DE,24,m,JP,Female
275,1,1.0,Lisa Miskovsky,UK,39,m,SE,Female
275,2,0.6309297535714575,Kanye West,UK,39,m,US,Male
275,3,0.5,Avril Lavigne,UK,39,m,CA,Female
275,4,0.43067655807339306,Katy Perry,UK,39,m,US,Female
275,5,0.38685280723454163,Lily Allen,UK,39,m,UK,Female
275,6,0.3562071871080222,Frank Ocean,UK,39,m,US,Male
275,7,0.3333333333333333,Louis Tomlinson,UK,39,m,UK,Male
275,8,0.31546487678572877,Jennifer Paige,UK,39,m,US,Female
275,9,0.3010299956639812,Ed Sheeran,UK,39,m,UK,Male
275,10,0.2890648263178879,Ed Sheeran,UK,39,m,UK,Male
276,1,1.0,Louis Tomlinson,NO,27,m,UK,Male
276,2,0.6309297535714575,Joe Goddard,NO,27,m,UK,Male
276,3,0.5,Weyes Blood,NO,27,m,US,Female
276,4,0.43067655807339306,Ry x,NO,27,m,AU,Male
276,5,0.38685280723454163,Tove Lo,NO,27,m,SE,Female
276,6,0.3562071871080222,Kygo,NO,27,m,NO,Male
276,7,0.3333333333333333,Ariana Grande,NO,27,m,US,Female
276,8,0.31546487678572877,Chelsea Wolfe,NO,27,m,US,Female
276,9,0.3010299956639812,Queen,NO,27,m,JP,Female
276,10,0.2890648263178879,Elliott Smith,NO,27,m,US,Male
277,1,1.0,Beyoncé,PL,28,m,US,Female
277,2,0.6309297535714575,James Blake,PL,28,m,UK,Male
277,3,0.5,Britney Spears,PL,28,m,US,Female
277,4,0.43067655807339306,Tycho,PL,28,m,US,Male
277,5,0.38685280723454163,Duncan Laurence,PL,28,m,NL,Male
277,6,0.3562071871080222,Taylor Swift,PL,28,m,US,Female
277,7,0.3333333333333333,Frank Ocean,PL,28,m,US,Male
277,8,0.31546487678572877,Kanye West,PL,28,m,US,Male
277,9,0.3010299956639812,Marilyn Manson,PL,28,m,US,Male
277,10,0.2890648263178879,Taylor Swift,PL,28,m,US,Female
278,1,1.0,Grimes,FI,25,m,CA,Female
278,2,0.6309297535714575,Kanye West,FI,25,m,US,Male
278,3,0.5,Katy Perry,FI,25,m,US,Female
278,4,0.43067655807339306,Lily Allen,FI,25,m,UK,Female
278,5,0.38685280723454163,Avril Lavigne,FI,25,m,CA,Female
278,6,0.3562071871080222,Frank Ocean,FI,25,m,US,Male
278,7,0.3333333333333333,John Maus,FI,25,m,US,Male
278,8,0.31546487678572877,Louis Tomlinson,FI,25,m,UK,Male
278,9,0.3010299956639812,Chelsea Wolfe,FI,25,m,US,Female
278,10,0.2890648263178879,Jennifer Paige,FI,25,m,US,Female
279,1,1.0,Grimes,BR,27,f,CA,Female
279,2,0.6309297535714575,Frank Ocean,BR,27,f,US,Male
279,3,0.5,Louis Tomlinson,BR,27,f,UK,Male
279,4,0.43067655807339306,Avril Lavigne,BR,27,f,CA,Female
279,5,0.38685280723454163,John Maus,BR,27,f,US,Male
279,6,0.3562071871080222,Britney Spears,BR,27,f,US,Female
279,7,0.3333333333333333,Mariah Carey,BR,27,f,US,Female
279,8,0.31546487678572877,Weyes Blood,BR,27,f,US,Female
279,9,0.3010299956639812,Beyoncé,BR,27,f,US,Female
279,10,0.2890648263178879,Roberta Flack,BR,27,f,US,Female
280,1,1.0,Tycho,RU,27,m,US,Male
280,2,0.6309297535714575,Travis Scott,RU,27,m,US,Male
280,3,0.5,Ed Sheeran,RU,27,m,UK,Male
280,4,0.43067655807339306,City and Colour,RU,27,m,CA,Male
280,5,0.38685280723454163,James Blake,RU,27,m,UK,Male
280,6,0.3562071871080222,John Mayer,RU,27,m,IN,Male
280,7,0.3333333333333333,Thom Yorke,RU,27,m,UK,Male
280,8,0.31546487678572877,Marilyn Manson,RU,27,m,US,Male
280,9,0.3010299956639812,Duncan Laurence,RU,27,m,NL,Male
280,10,0.2890648263178879,Father John Misty,RU,27,m,US,Male
281,1,1.0,Adele,UK,23,m,UK,Female
281,2,0.6309297535714575,Madonna,UK,23,m,US,Female
281,3,0.5,Devendra Banhart,UK,23,m,US,Male
281,4,0.43067655807339306,PJ Harvey,UK,23,m,UK,Female
281,5,0.38685280723454163,Seal,UK,23,m,UK,Male
281,6,0.3562071871080222,Kanye West,UK,23,m,US,Male
281,7,0.3333333333333333,Damien Jurado,UK,23,m,US,Male
281,8,0.31546487678572877,Elvis Presley,UK,23,m,US,Male
281,9,0.3010299956639812,Ariana Grande,UK,23,m,US,Female
281,10,0.2890648263178879,PJ Harvey,UK,23,m,UK,Female
282,1,1.0,Kanye West,UK,28,m,US,Male
282,2,0.6309297535714575,Katy Perry,UK,28,m,US,Female
282,3,0.5,Avril Lavigne,UK,28,m,CA,Female
282,4,0.43067655807339306,Grimes,UK,28,m,CA,Female
282,5,0.38685280723454163,Frank Ocean,UK,28,m,US,Male
282,6,0.3562071871080222,Jennifer Paige,UK,28,m,US,Female
282,7,0.3333333333333333,Ed Sheeran,UK,28,m,UK,Male
282,8,0.31546487678572877,John Maus,UK,28,m,US,Male
282,9,0.3010299956639812,Charles Bolt,UK,28,m,US,Male
282,10,0.2890648263178879,Dimension,UK,28,m,ES,Male
284,1,1.0,Grimes,DE,22,m,CA,Female
284,2,0.6309297535714575,Chelsea Wolfe,DE,22,m,US,Female
284,3,0.5,Queen,DE,22,m,JP,Female
284,4,0.43067655807339306,Frank Ocean,DE,22,m,US,Male
284,5,0.38685280723454163,Dennis Lloyd,DE,22,m,IL,Male
284,6,0.3562071871080222,Ariana Grande,DE,22,m,US,Female
284,7,0.3333333333333333,John Maus,DE,22,m,US,Male
284,8,0.31546487678572877,Dimension,DE,22,m,ES,Male
284,9,0.3010299956639812,Oliver Koletzki,DE,22,m,DE,Male
284,10,0.2890648263178879,Lauren Daigle,DE,22,m,US,Female
286,1,1.0,Louis Tomlinson,AU,21,m,UK,Male
286,2,0.6309297535714575,Jennifer Paige,AU,21,m,US,Female
286,3,0.5,Weyes Blood,AU,21,m,US,Female
286,4,0.43067655807339306,Ry x,AU,21,m,AU,Male
286,5,0.38685280723454163,Joe Goddard,AU,21,m,UK,Male
286,6,0.3562071871080222,Queen,AU,21,m,JP,Female
286,7,0.3333333333333333,Chelsea Wolfe,AU,21,m,US,Female
286,8,0.31546487678572877,Tove Lo,AU,21,m,SE,Female
286,9,0.3010299956639812,Ariana Grande,AU,21,m,US,Female
286,10,0.2890648263178879,Elliott Smith,AU,21,m,US,Male
287,1,1.0,Grimes,BR,21,m,CA,Female
287,2,0.6309297535714575,Lisa Miskovsky,BR,21,m,SE,Female
287,3,0.5,John Maus,BR,21,m,US,Male
287,4,0.43067655807339306,Frank Ocean,BR,21,m,US,Male
287,5,0.38685280723454163,Louis Tomlinson,BR,21,m,UK,Male
287,6,0.3562071871080222,Justin Timberlake,BR,21,m,US,Male
287,7,0.3333333333333333,Grimes,BR,21,m,CA,Female
287,8,0.31546487678572877,Melanie Martinez,BR,21,m,US,Female
287,9,0.3010299956639812,Camila Cabello,BR,21,m,US,Female
287,10,0.2890648263178879,Usher,BR,21,m,US,Male
288,1,1.0,Lily Allen,CA,22,m,UK,Female
288,2,0.6309297535714575,Grimes,CA,22,m,CA,Female
288,3,0.5,Jennifer Paige,CA,22,m,US,Female
288,4,0.43067655807339306,Weyes Blood,CA,22,m,US,Female
288,5,0.38685280723454163,Louis Tomlinson,CA,22,m,UK,Male
288,6,0.3562071871080222,Tove Lo,CA,22,m,SE,Female
288,7,0.3333333333333333,Frank Ocean,CA,22,m,US,Male
288,8,0.31546487678572877,Kygo,CA,22,m,NO,Male
288,9,0.3010299956639812,Ed Sheeran,CA,22,m,UK,Male
288,10,0.2890648263178879,Chelsea Wolfe,CA,22,m,US,Female
289,1,1.0,Louis Tomlinson,BY,25,m,UK,Male
289,2,0.6309297535714575,Jennifer Paige,BY,25,m,US,Female
289,3,0.5,Tove Lo,BY,25,m,SE,Female
289,4,0.43067655807339306,Queen,BY,25,m,JP,Female
289,5,0.38685280723454163,Ariana Grande,BY,25,m,US,Female
289,6,0.3562071871080222,Chelsea Wolfe,BY,25,m,US,Female
289,7,0.3333333333333333,Kygo,BY,25,m,NO,Male
289,8,0.31546487678572877,Ed Sheeran,BY,25,m,UK,Male
289,9,0.3010299956639812,Ed Sheeran,BY,25,m,UK,Male
289,10,0.2890648263178879,Joe Goddard,BY,25,m,UK,Male
290,1,1.0,Grimes,ID,25,f,CA,Female
290,2,0.6309297535714575,Weyes Blood,ID,25,f,US,Female
290,3,0.5,Jennifer Paige,ID,25,f,US,Female
290,4,0.43067655807339306,Tove Lo,ID,25,f,SE,Female
290,5,0.38685280723454163,Frank Ocean,ID,25,f,US,Male
290,6,0.3562071871080222,Ariana Grande,ID,25,f,US,Female
290,7,0.3333333333333333,Kygo,ID,25,f,NO,Male
290,8,0.31546487678572877,Chelsea Wolfe,ID,25,f,US,Female
290,9,0.3010299956639812,Queen,ID,25,f,JP,Female
290,10,0.2890648263178879,Ed Sheeran,ID,25,f,UK,Male
291,1,1.0,Katy Perry,NL,32,m,US,Female
291,2,0.6309297535714575,Grimes,NL,32,m,CA,Female
291,3,0.5,Ed Sheeran,NL,32,m,UK,Male
291,4,0.43067655807339306,Jennifer Paige,NL,32,m,US,Female
291,5,0.38685280723454163,Ed Sheeran,NL,32,m,UK,Male
291,6,0.3562071871080222,Tove Lo,NL,32,m,SE,Female
291,7,0.3333333333333333,Chelsea Wolfe,NL,32,m,US,Female
291,8,0.31546487678572877,John Maus,NL,32,m,US,Male
291,9,0.3010299956639812,Frank Ocean,NL,32,m,US,Male
291,10,0.2890648263178879,Jess Glynne,NL,32,m,UK,Female
292,1,1.0,Moby,SI,19,m,US,Male
292,2,0.6309297535714575,Kanye West,SI,19,m,US,Male
292,3,0.5,Rod Stewart,SI,19,m,UK,Male
292,4,0.43067655807339306,Wax Tailor,SI,19,m,FR,Male
292,5,0.38685280723454163,Thom Yorke,SI,19,m,UK,Male
292,6,0.3562071871080222,DJ Shadow,SI,19,m,US,Male
292,7,0.3333333333333333,Nicki Minaj,SI,19,m,US,Female
292,8,0.31546487678572877,Britney Spears,SI,19,m,US,Female
292,9,0.3010299956639812,RuPaul,SI,19,m,US,Female
292,10,0.2890648263178879,Grimes,SI,19,m,CA,Female
293,1,1.0,Wax Tailor,FI,30,m,FR,Male
293,2,0.6309297535714575,Kanye West,FI,30,m,US,Male
293,3,0.5,Nicki Minaj,FI,30,m,US,Female
293,4,0.43067655807339306,DJ Shadow,FI,30,m,US,Male
293,5,0.38685280723454163,Thom Yorke,FI,30,m,UK,Male
293,6,0.3562071871080222,RuPaul,FI,30,m,US,Female
293,7,0.3333333333333333,Grimes,FI,30,m,CA,Female
293,8,0.31546487678572877,Jennifer Lopez,FI,30,m,US,Female
293,9,0.3010299956639812,Sia,FI,30,m,AU,Female
293,10,0.2890648263178879,Lisa Miskovsky,FI,30,m,SE,Female
294,1,1.0,Kurt Vile,FI,21,m,US,Male
294,2,0.6309297535714575,Grimes,FI,21,m,CA,Female
294,3,0.5,Jennifer Paige,FI,21,m,US,Female
294,4,0.43067655807339306,Louis Tomlinson,FI,21,m,UK,Male
294,5,0.38685280723454163,Queen,FI,21,m,JP,Female
294,6,0.3562071871080222,Tove Lo,FI,21,m,SE,Female
294,7,0.3333333333333333,Chelsea Wolfe,FI,21,m,US,Female
294,8,0.31546487678572877,Weyes Blood,FI,21,m,US,Female
294,9,0.3010299956639812,Frank Ocean,FI,21,m,US,Male
294,10,0.2890648263178879,John Maus,FI,21,m,US,Male
295,1,1.0,Tove Lo,BG,19,f,SE,Female
295,2,0.6309297535714575,Lily Allen,BG,19,f,UK,Female
295,3,0.5,Lisa Miskovsky,BG,19,f,SE,Female
295,4,0.43067655807339306,Taylor Swift,BG,19,f,US,Female
295,5,0.38685280723454163,Britney Spears,BG,19,f,US,Female
295,6,0.3562071871080222,John Maus,BG,19,f,US,Male
295,7,0.3333333333333333,Kelly Clarkson,BG,19,f,US,Female
295,8,0.31546487678572877,Ed Sheeran,BG,19,f,UK,Male
295,9,0.3010299956639812,Ed Sheeran,BG,19,f,UK,Male
295,10,0.2890648263178879,Louis Tomlinson,BG,19,f,UK,Male
296,1,1.0,Miley Cyrus,NL,23,m,US,Non-binary
296,2,0.6309297535714575,Queen,NL,23,m,JP,Female
296,3,0.5,Ariana Grande,NL,23,m,US,Female
296,4,0.43067655807339306,Queen,NL,23,m,JP,Female
296,5,0.38685280723454163,Ariana Grande,NL,23,m,US,Female
296,6,0.3562071871080222,Ariana Grande,NL,23,m,US,Female
296,7,0.3333333333333333,Kate Bush,NL,23,m,UK,Female
296,8,0.31546487678572877,Ty Segall,NL,23,m,US,Male
296,9,0.3010299956639812,Emma Ruth Rundle,NL,23,m,US,Female
296,10,0.2890648263178879,King Krule,NL,23,m,UK,Male
297,1,1.0,PJ Harvey,US,23,m,UK,Female
297,2,0.6309297535714575,Carpenter Brut,US,23,m,FR,Male
297,3,0.5,Damien Jurado,US,23,m,US,Male
297,4,0.43067655807339306,Queen,US,23,m,JP,Female
297,5,0.38685280723454163,Justin Timberlake,US,23,m,US,Male
297,6,0.3562071871080222,Ozzy Osbourne,US,23,m,UK,Male
297,7,0.3333333333333333,Mac DeMarco,US,23,m,CA,Male
297,8,0.31546487678572877,Bat for Lashes,US,23,m,UK,Female
297,9,0.3010299956639812,Noisestorm,US,23,m,IE,Male
297,10,0.2890648263178879,Marilyn Manson,US,23,m,US,Male
299,1,1.0,Katy Perry,AU,24,m,US,Female
299,2,0.6309297535714575,Louis Tomlinson,AU,24,m,UK,Male
299,3,0.5,Ed Sheeran,AU,24,m,UK,Male
299,4,0.43067655807339306,Jennifer Paige,AU,24,m,US,Female
299,5,0.38685280723454163,Frank Ocean,AU,24,m,US,Male
299,6,0.3562071871080222,Ariana Grande,AU,24,m,US,Female
299,7,0.3333333333333333,Chelsea Wolfe,AU,24,m,US,Female
299,8,0.31546487678572877,Tove Lo,AU,24,m,SE,Female
299,9,0.3010299956639812,Kygo,AU,24,m,NO,Male
299,10,0.2890648263178879,Jess Glynne,AU,24,m,UK,Female
300,1,1.0,Ed Sheeran,PL,24,f,UK,Male
300,2,0.6309297535714575,Arca,PL,24,f,VE,Non-binary
300,3,0.5,Madonna,PL,24,f,US,Female
300,4,0.43067655807339306,Devendra Banhart,PL,24,f,US,Male
300,5,0.38685280723454163,Bat for Lashes,PL,24,f,UK,Female
300,6,0.3562071871080222,Damien Jurado,PL,24,f,US,Male
300,7,0.3333333333333333,PJ Harvey,PL,24,f,UK,Female
300,8,0.31546487678572877,Kanye West,PL,24,f,US,Male
300,9,0.3010299956639812,Ariana Grande,PL,24,f,US,Female
300,10,0.2890648263178879,Emma Ruth Rundle,PL,24,f,US,Female
301,1,1.0,Grimes,UK,21,m,CA,Female
301,2,0.6309297535714575,Weyes Blood,UK,21,m,US,Female
301,3,0.5,Chelsea Wolfe,UK,21,m,US,Female
301,4,0.43067655807339306,Frank Ocean,UK,21,m,US,Male
301,5,0.38685280723454163,John Maus,UK,21,m,US,Male
301,6,0.3562071871080222,IAMX,UK,21,m,DE,Male
301,7,0.3333333333333333,AFI,UK,21,m,US,Female
301,8,0.31546487678572877,Ry x,UK,21,m,AU,Male
301,9,0.3010299956639812,Dimension,UK,21,m,ES,Male
301,10,0.2890648263178879,Pat Benatar,UK,21,m,US,Female
302,1,1.0,Sharon Van Etten,PL,22,m,US,Female
302,2,0.6309297535714575,Mitski,PL,22,m,US,Female
302,3,0.5,James Blake,PL,22,m,UK,Male
302,4,0.43067655807339306,Panda Bear,PL,22,m,US,Male
302,5,0.38685280723454163,John Maus,PL,22,m,US,Male
302,6,0.3562071871080222,Bill Callahan,PL,22,m,US,Male
302,7,0.3333333333333333,Nick Drake,PL,22,m,UK,Male
302,8,0.31546487678572877,Caribou,PL,22,m,CA,Male
302,9,0.3010299956639812,Leonard Cohen,PL,22,m,CA,Male
302,10,0.2890648263178879,John Maus,PL,22,m,US,Male
303,1,1.0,John Maus,RU,25,f,US,Male
303,2,0.6309297535714575,Weyes Blood,RU,25,f,US,Female
303,3,0.5,RuPaul,RU,25,f,US,Female
303,4,0.43067655807339306,Kurt Vile,RU,25,f,US,Male
303,5,0.38685280723454163,Jennifer Lopez,RU,25,f,US,Female
303,6,0.3562071871080222,Grimes,RU,25,f,CA,Female
303,7,0.3333333333333333,Lisa Miskovsky,RU,25,f,SE,Female
303,8,0.31546487678572877,Sia,RU,25,f,AU,Female
303,9,0.3010299956639812,Kanye West,RU,25,f,US,Male
303,10,0.2890648263178879,Avril Lavigne,RU,25,f,CA,Female
304,1,1.0,Ariana Grande,BR,20,m,US,Female
304,2,0.6309297535714575,Jennifer Paige,BR,20,m,US,Female
304,3,0.5,Louis Tomlinson,BR,20,m,UK,Male
304,4,0.43067655807339306,Tove Lo,BR,20,m,SE,Female
304,5,0.38685280723454163,John Maus,BR,20,m,US,Male
304,6,0.3562071871080222,Kygo,BR,20,m,NO,Male
304,7,0.3333333333333333,Weyes Blood,BR,20,m,US,Female
304,8,0.31546487678572877,Ed Sheeran,BR,20,m,UK,Male
304,9,0.3010299956639812,Queen,BR,20,m,JP,Female
304,10,0.2890648263178879,Ed Sheeran,BR,20,m,UK,Male
305,1,1.0,Sia,DE,26,f,AU,Female
305,2,0.6309297535714575,Kanye West,DE,26,f,US,Male
305,3,0.5,Avril Lavigne,DE,26,f,CA,Female
305,4,0.43067655807339306,Lily Allen,DE,26,f,UK,Female
305,5,0.38685280723454163,Katy Perry,DE,26,f,US,Female
305,6,0.3562071871080222,Earl Sweatshirt,DE,26,f,US,Male
305,7,0.3333333333333333,Louis Tomlinson,DE,26,f,UK,Male
305,8,0.31546487678572877,Twin Shadow,DE,26,f,US,Male
305,9,0.3010299956639812,Jennifer Paige,DE,26,f,US,Female
305,10,0.2890648263178879,Sufjan Stevens,DE,26,f,US,Male
306,1,1.0,DJ Shadow,FI,19,f,US,Male
306,2,0.6309297535714575,Ed Sheeran,FI,19,f,UK,Male
306,3,0.5,Sabrina Carpenter,FI,19,f,US,Female
306,4,0.43067655807339306,Grimes,FI,19,f,CA,Female
306,5,0.38685280723454163,Lorde,FI,19,f,NZ,Female
306,6,0.3562071871080222,Mariah Carey,FI,19,f,US,Female
306,7,0.3333333333333333,Niall Horan,FI,19,f,IE,Male
306,8,0.31546487678572877,Ed Sheeran,FI,19,f,UK,Male
306,9,0.3010299956639812,Bruno Mars,FI,19,f,US,Male
306,10,0.2890648263178879,Ellie Goulding,FI,19,f,UK,Female
307,1,1.0,Bill Callahan,BE,26,f,US,Male
307,2,0.6309297535714575,John Maus,BE,26,f,US,Male
307,3,0.5,Taylor Swift,BE,26,f,US,Female
307,4,0.43067655807339306,Laura Marling,BE,26,f,UK,Female
307,5,0.38685280723454163,Ariana Grande,BE,26,f,US,Female
307,6,0.3562071871080222,Sia,BE,26,f,AU,Female
307,7,0.3333333333333333,Chelsea Wolfe,BE,26,f,US,Female
307,8,0.31546487678572877,Bob Marley & The Wailers,BE,26,f,JM,Male
307,9,0.3010299956639812,George Ezra,BE,26,f,UK,Male
307,10,0.2890648263178879,Marilyn Manson,BE,26,f,US,Male
308,1,1.0,Kurt Vile,AU,27,f,US,Male
308,2,0.6309297535714575,Louis Tomlinson,AU,27,f,UK,Male
308,3,0.5,Apparat,AU,27,f,DE,Male
308,4,0.43067655807339306,Kanye West,AU,27,f,US,Male
308,5,0.38685280723454163,John Maus,AU,27,f,US,Male
308,6,0.3562071871080222,Grimes,AU,27,f,CA,Female
308,7,0.3333333333333333,Weyes Blood,AU,27,f,US,Female
308,8,0.31546487678572877,Tove Lo,AU,27,f,SE,Female
308,9,0.3010299956639812,Jennifer Paige,AU,27,f,US,Female
308,10,0.2890648263178879,Marilyn Manson,AU,27,f,US,Male
309,1,1.0,Caetano Veloso,BR,21,f,BR,Male
309,2,0.6309297535714575,Zeca Pagodinho,BR,21,f,BR,Male
309,3,0.5,Marina Lima,BR,21,f,BR,Female
309,4,0.43067655807339306,Curumin,BR,21,f,BR,Male
309,5,0.38685280723454163,Shania Twain,BR,21,f,CA,Female
309,6,0.3562071871080222,Chico Buarque,BR,21,f,BR,Male
309,7,0.3333333333333333,Tal Wilkenfeld,BR,21,f,AU,Female
309,8,0.31546487678572877,Jorge Ben,BR,21,f,BR,Male
309,9,0.3010299956639812,Luke Bryan,BR,21,f,US,Male
309,10,0.2890648263178879,Toro y Moi,BR,21,f,US,Male
310,1,1.0,Kanye West,US,28,m,US,Male
310,2,0.6309297535714575,Frank Ocean,US,28,m,US,Male
310,3,0.5,Sia,US,28,m,AU,Female
310,4,0.43067655807339306,Toro y Moi,US,28,m,US,Male
310,5,0.38685280723454163,Four Tet,US,28,m,UK,Male
310,6,0.3562071871080222,Norah Jones,US,28,m,US,Female
310,7,0.3333333333333333,Adele,US,28,m,UK,Female
310,8,0.31546487678572877,Thom Yorke,US,28,m,UK,Male
310,9,0.3010299956639812,Weyes Blood,US,28,m,US,Female
310,10,0.2890648263178879,Grimes,US,28,m,CA,Female
311,1,1.0,Bill Callahan,SE,37,m,US,Male
311,2,0.6309297535714575,Madonna,SE,37,m,US,Female
311,3,0.5,Ariana Grande,SE,37,m,US,Female
311,4,0.43067655807339306,Elvis Presley,SE,37,m,US,Male
311,5,0.38685280723454163,John Maus,SE,37,m,US,Male
311,6,0.3562071871080222,Seal,SE,37,m,UK,Male
311,7,0.3333333333333333,Queen,SE,37,m,JP,Female
311,8,0.31546487678572877,Bob Marley & The Wailers,SE,37,m,JM,Male
311,9,0.3010299956639812,Lana Del Rey,SE,37,m,US,Female
311,10,0.2890648263178879,Panda Bear,SE,37,m,US,Male
312,1,1.0,John Mayer,US,29,m,IN,Male
312,2,0.6309297535714575,Thom Yorke,US,29,m,UK,Male
312,3,0.5,James Blake,US,29,m,UK,Male
312,4,0.43067655807339306,Lorde,US,29,m,NZ,Female
312,5,0.38685280723454163,Jack Johnson,US,29,m,US,Male
312,6,0.3562071871080222,Red,US,29,m,PL,Male
312,7,0.3333333333333333,Marilyn Manson,US,29,m,US,Male
312,8,0.31546487678572877,James Arthur,US,29,m,UK,Male
312,9,0.3010299956639812,Blake Mills,US,29,m,US,Male
312,10,0.2890648263178879,Shawn Mendes,US,29,m,CA,Male
313,1,1.0,Avril Lavigne,NO,20,m,CA,Female
313,2,0.6309297535714575,Lily Allen,NO,20,m,UK,Female
313,3,0.5,Katy Perry,NO,20,m,US,Female
313,4,0.43067655807339306,Elliott Smith,NO,20,m,US,Male
313,5,0.38685280723454163,Toro y Moi,NO,20,m,US,Male
313,6,0.3562071871080222,Twin Shadow,NO,20,m,US,Male
313,7,0.3333333333333333,Earl Sweatshirt,NO,20,m,US,Male
313,8,0.31546487678572877,Jennifer Paige,NO,20,m,US,Female
313,9,0.3010299956639812,Louis Tomlinson,NO,20,m,UK,Male
313,10,0.2890648263178879,Tame Impala,NO,20,m,AU,Male
315,1,1.0,Britney Spears,US,24,m,US,Female
315,2,0.6309297535714575,RuPaul,US,24,m,US,Female
315,3,0.5,Jennifer Lopez,US,24,m,US,Female
315,4,0.43067655807339306,Sia,US,24,m,AU,Female
315,5,0.38685280723454163,Kanye West,US,24,m,US,Male
315,6,0.3562071871080222,Lisa Miskovsky,US,24,m,SE,Female
315,7,0.3333333333333333,Avril Lavigne,US,24,m,CA,Female
315,8,0.31546487678572877,Katy Perry,US,24,m,US,Female
315,9,0.3010299956639812,Lily Allen,US,24,m,UK,Female
315,10,0.2890648263178879,Louis Tomlinson,US,24,m,UK,Male
316,1,1.0,Weyes Blood,FI,21,m,US,Female
316,2,0.6309297535714575,Queen,FI,21,m,JP,Female
316,3,0.5,Louis Tomlinson,FI,21,m,UK,Male
316,4,0.43067655807339306,Jennifer Paige,FI,21,m,US,Female
316,5,0.38685280723454163,Elliott Smith,FI,21,m,US,Male
316,6,0.3562071871080222,Chelsea Wolfe,FI,21,m,US,Female
316,7,0.3333333333333333,Ed Sheeran,FI,21,m,UK,Male
316,8,0.31546487678572877,Twin Shadow,FI,21,m,US,Male
316,9,0.3010299956639812,Ed Sheeran,FI,21,m,UK,Male
316,10,0.2890648263178879,Toro y Moi,FI,21,m,US,Male
317,1,1.0,John Maus,US,23,m,US,Male
317,2,0.6309297535714575,Panda Bear,US,23,m,US,Male
317,3,0.5,Mitski,US,23,m,US,Female
317,4,0.43067655807339306,Grouper,US,23,m,US,Female
317,5,0.38685280723454163,Sharon Van Etten,US,23,m,US,Female
317,6,0.3562071871080222,M. Ward,US,23,m,US,Male
317,7,0.3333333333333333,Arca,US,23,m,VE,Non-binary
317,8,0.31546487678572877,George Ezra,US,23,m,UK,Male
317,9,0.3010299956639812,James Blake,US,23,m,UK,Male
317,10,0.2890648263178879,Bob Marley & The Wailers,US,23,m,JM,Male
318,1,1.0,Grimes,BR,28,m,CA,Female
318,2,0.6309297535714575,Taylor Swift,BR,28,m,US,Female
318,3,0.5,John Maus,BR,28,m,US,Male
318,4,0.43067655807339306,Apparat,BR,28,m,DE,Male
318,5,0.38685280723454163,Bruno Mars,BR,28,m,US,Male
318,6,0.3562071871080222,Chaka Khan,BR,28,m,US,Female
318,7,0.3333333333333333,Kurt Vile,BR,28,m,US,Male
318,8,0.31546487678572877,Lorde,BR,28,m,NZ,Female
318,9,0.3010299956639812,Grimes,BR,28,m,CA,Female
318,10,0.2890648263178879,Tom Odell,BR,28,m,UK,Male
319,1,1.0,Katy Perry,UA,21,m,US,Female
319,2,0.6309297535714575,Joe Goddard,UA,21,m,UK,Male
319,3,0.5,Ry x,UA,21,m,AU,Male
319,4,0.43067655807339306,Jennifer Paige,UA,21,m,US,Female
319,5,0.38685280723454163,Weyes Blood,UA,21,m,US,Female
319,6,0.3562071871080222,Elliott Smith,UA,21,m,US,Male
319,7,0.3333333333333333,Ed Sheeran,UA,21,m,UK,Male
319,8,0.31546487678572877,Ed Sheeran,UA,21,m,UK,Male
319,9,0.3010299956639812,IAMX,UA,21,m,DE,Male
319,10,0.2890648263178879,Tove Lo,UA,21,m,SE,Female
320,1,1.0,Frank Ocean,RU,97,m,US,Male
320,2,0.6309297535714575,John Maus,RU,97,m,US,Male
320,3,0.5,Avril Lavigne,RU,97,m,CA,Female
320,4,0.43067655807339306,Queen,RU,97,m,JP,Female
320,5,0.38685280723454163,Ry x,RU,97,m,AU,Male
320,6,0.3562071871080222,Joe Goddard,RU,97,m,UK,Male
320,7,0.3333333333333333,Weyes Blood,RU,97,m,US,Female
320,8,0.31546487678572877,Elliott Smith,RU,97,m,US,Male
320,9,0.3010299956639812,Chelsea Wolfe,RU,97,m,US,Female
320,10,0.2890648263178879,Louis Tomlinson,RU,97,m,UK,Male
321,1,1.0,Ed Sheeran,US,22,m,UK,Male
321,2,0.6309297535714575,Ed Sheeran,US,22,m,UK,Male
321,3,0.5,Grimes,US,22,m,CA,Female
321,4,0.43067655807339306,Chelsea Wolfe,US,22,m,US,Female
321,5,0.38685280723454163,Charles Bolt,US,22,m,US,Male
321,6,0.3562071871080222,Dennis Lloyd,US,22,m,IL,Male
321,7,0.3333333333333333,Kelly Clarkson,US,22,m,US,Female
321,8,0.31546487678572877,Queen,US,22,m,JP,Female
321,9,0.3010299956639812,Weyes Blood,US,22,m,US,Female
321,10,0.2890648263178879,Frank Ocean,US,22,m,US,Male
322,1,1.0,Kygo,AU,26,m,NO,Male
322,2,0.6309297535714575,Ed Sheeran,AU,26,m,UK,Male
322,3,0.5,Tove Lo,AU,26,m,SE,Female
322,4,0.43067655807339306,Ed Sheeran,AU,26,m,UK,Male
322,5,0.38685280723454163,Louis Tomlinson,AU,26,m,UK,Male
322,6,0.3562071871080222,Charles Bolt,AU,26,m,US,Male
322,7,0.3333333333333333,Toro y Moi,AU,26,m,US,Male
322,8,0.31546487678572877,Jess Glynne,AU,26,m,UK,Female
322,9,0.3010299956639812,Elliott Smith,AU,26,m,US,Male
322,10,0.2890648263178879,Lana Del Rey,AU,26,m,US,Female
323,1,1.0,Queen,IE,36,m,JP,Female
323,2,0.6309297535714575,Ed Sheeran,IE,36,m,UK,Male
323,3,0.5,Tove Lo,IE,36,m,SE,Female
323,4,0.43067655807339306,Ed Sheeran,IE,36,m,UK,Male
323,5,0.38685280723454163,Joe Goddard,IE,36,m,UK,Male
323,6,0.3562071871080222,Weyes Blood,IE,36,m,US,Female
323,7,0.3333333333333333,Ry x,IE,36,m,AU,Male
323,8,0.31546487678572877,Ariana Grande,IE,36,m,US,Female
323,9,0.3010299956639812,Elliott Smith,IE,36,m,US,Male
323,10,0.2890648263178879,Charles Bolt,IE,36,m,US,Male
324,1,1.0,Kanye West,AQ,27,f,US,Male
324,2,0.6309297535714575,Avril Lavigne,AQ,27,f,CA,Female
324,3,0.5,Katy Perry,AQ,27,f,US,Female
324,4,0.43067655807339306,Lily Allen,AQ,27,f,UK,Female
324,5,0.38685280723454163,Twin Shadow,AQ,27,f,US,Male
324,6,0.3562071871080222,Queen,AQ,27,f,JP,Female
324,7,0.3333333333333333,Chelsea Wolfe,AQ,27,f,US,Female
324,8,0.31546487678572877,Louis Tomlinson,AQ,27,f,UK,Male
324,9,0.3010299956639812,Earl Sweatshirt,AQ,27,f,US,Male
324,10,0.2890648263178879,Jennifer Paige,AQ,27,f,US,Female
325,1,1.0,Ed Sheeran,UK,28,m,UK,Male
325,2,0.6309297535714575,Marilyn Manson,UK,28,m,US,Male
325,3,0.5,James Blake,UK,28,m,UK,Male
325,4,0.43067655807339306,Adele,UK,28,m,UK,Female
325,5,0.38685280723454163,Leonard Cohen,UK,28,m,CA,Male
325,6,0.3562071871080222,Chelsea Wolfe,UK,28,m,US,Female
325,7,0.3333333333333333,Kate Bush,UK,28,m,UK,Female
325,8,0.31546487678572877,Emma Ruth Rundle,UK,28,m,US,Female
325,9,0.3010299956639812,Hana Vu,UK,28,m,US,Female
325,10,0.2890648263178879,King Krule,UK,28,m,UK,Male
326,1,1.0,Ariana Grande,NL,26,m,US,Female
326,2,0.6309297535714575,Sia,NL,26,m,AU,Female
326,3,0.5,Taylor Swift,NL,26,m,US,Female
326,4,0.43067655807339306,Jessie J,NL,26,m,UK,Female
326,5,0.38685280723454163,George Ezra,NL,26,m,UK,Male
326,6,0.3562071871080222,Tame Impala,NL,26,m,AU,Male
326,7,0.3333333333333333,Bob Marley & The Wailers,NL,26,m,JM,Male
326,8,0.31546487678572877,Ariana Grande,NL,26,m,US,Female
326,9,0.3010299956639812,Marilyn Manson,NL,26,m,US,Male
326,10,0.2890648263178879,Adele,NL,26,m,UK,Female
328,1,1.0,John Maus,US,22,m,US,Male
328,2,0.6309297535714575,Laura Marling,US,22,m,UK,Female
328,3,0.5,Oneohtrix Point Never,US,22,m,US,Male
328,4,0.43067655807339306,Chelsea Wolfe,US,22,m,US,Female
328,5,0.38685280723454163,Arca,US,22,m,VE,Non-binary
328,6,0.3562071871080222,Devendra Banhart,US,22,m,US,Male
328,7,0.3333333333333333,PJ Harvey,US,22,m,UK,Female
328,8,0.31546487678572877,Ed Sheeran,US,22,m,UK,Male
328,9,0.3010299956639812,Bat for Lashes,US,22,m,UK,Female
328,10,0.2890648263178879,Damien Jurado,US,22,m,US,Male
330,1,1.0,Bill Callahan,NL,25,m,US,Male
330,2,0.6309297535714575,John Maus,NL,25,m,US,Male
330,3,0.5,Laura Marling,NL,25,m,UK,Female
330,4,0.43067655807339306,PJ Harvey,NL,25,m,UK,Female
330,5,0.38685280723454163,Devendra Banhart,NL,25,m,US,Male
330,6,0.3562071871080222,Oneohtrix Point Never,NL,25,m,US,Male
330,7,0.3333333333333333,Arca,NL,25,m,VE,Non-binary
330,8,0.31546487678572877,Chelsea Wolfe,NL,25,m,US,Female
330,9,0.3010299956639812,Billy Joel,NL,25,m,US,Male
330,10,0.2890648263178879,Queen,NL,25,m,JP,Female
331,1,1.0,Rod Stewart,PL,36,m,UK,Male
331,2,0.6309297535714575,Britney Spears,PL,36,m,US,Female
331,3,0.5,Wax Tailor,PL,36,m,FR,Male
331,4,0.43067655807339306,RuPaul,PL,36,m,US,Female
331,5,0.38685280723454163,Jennifer Lopez,PL,36,m,US,Female
331,6,0.3562071871080222,Sia,PL,36,m,AU,Female
331,7,0.3333333333333333,Kanye West,PL,36,m,US,Male
331,8,0.31546487678572877,Lisa Miskovsky,PL,36,m,SE,Female
331,9,0.3010299956639812,Avril Lavigne,PL,36,m,CA,Female
331,10,0.2890648263178879,Katy Perry,PL,36,m,US,Female
332,1,1.0,John Maus,FI,18,f,US,Male
332,2,0.6309297535714575,Kurt Vile,FI,18,f,US,Male
332,3,0.5,Grimes,FI,18,f,CA,Female
332,4,0.43067655807339306,Weyes Blood,FI,18,f,US,Female
332,5,0.38685280723454163,Ed Sheeran,FI,18,f,UK,Male
332,6,0.3562071871080222,Ed Sheeran,FI,18,f,UK,Male
332,7,0.3333333333333333,Chelsea Wolfe,FI,18,f,US,Female
332,8,0.31546487678572877,Queen,FI,18,f,JP,Female
332,9,0.3010299956639812,Frank Ocean,FI,18,f,US,Male
332,10,0.2890648263178879,Charles Bolt,FI,18,f,US,Male
333,1,1.0,Avril Lavigne,FR,30,m,CA,Female
333,2,0.6309297535714575,Twin Shadow,FR,30,m,US,Male
333,3,0.5,Mitski,FR,30,m,US,Female
333,4,0.43067655807339306,Toro y Moi,FR,30,m,US,Male
333,5,0.38685280723454163,Louis Tomlinson,FR,30,m,UK,Male
333,6,0.3562071871080222,Sufjan Stevens,FR,30,m,US,Male
333,7,0.3333333333333333,Dimension,FR,30,m,ES,Male
333,8,0.31546487678572877,Tove Lo,FR,30,m,SE,Female
333,9,0.3010299956639812,IAMX,FR,30,m,DE,Male
333,10,0.2890648263178879,PJ Harvey,FR,30,m,UK,Female
334,1,1.0,Rod Stewart,SE,21,m,UK,Male
334,2,0.6309297535714575,Moby,SE,21,m,US,Male
334,3,0.5,Queen,SE,21,m,JP,Female
334,4,0.43067655807339306,Wax Tailor,SE,21,m,FR,Male
334,5,0.38685280723454163,Nicki Minaj,SE,21,m,US,Female
334,6,0.3562071871080222,Nicki Minaj,SE,21,m,US,Female
334,7,0.3333333333333333,Britney Spears,SE,21,m,US,Female
334,8,0.31546487678572877,Grimes,SE,21,m,CA,Female
334,9,0.3010299956639812,RuPaul,SE,21,m,US,Female
334,10,0.2890648263178879,Weyes Blood,SE,21,m,US,Female
335,1,1.0,Katy Perry,UK,25,m,US,Female
335,2,0.6309297535714575,Queen,UK,25,m,JP,Female
335,3,0.5,Louis Tomlinson,UK,25,m,UK,Male
335,4,0.43067655807339306,Jennifer Paige,UK,25,m,US,Female
335,5,0.38685280723454163,Chelsea Wolfe,UK,25,m,US,Female
335,6,0.3562071871080222,Weyes Blood,UK,25,m,US,Female
335,7,0.3333333333333333,Joe Goddard,UK,25,m,UK,Male
335,8,0.31546487678572877,Ry x,UK,25,m,AU,Male
335,9,0.3010299956639812,Tove Lo,UK,25,m,SE,Female
335,10,0.2890648263178879,Elliott Smith,UK,25,m,US,Male
336,1,1.0,Kelly Clarkson,NZ,32,f,US,Female
336,2,0.6309297535714575,Grimes,NZ,32,f,CA,Female
336,3,0.5,Kanye West,NZ,32,f,US,Male
336,4,0.43067655807339306,Sam Smith,NZ,32,f,UK,Non-binary
336,5,0.38685280723454163,Ella Henderson,NZ,32,f,UK,Female
336,6,0.3562071871080222,Nik Kershaw,NZ,32,f,UK,Male
336,7,0.3333333333333333,Taylor Swift,NZ,32,f,US,Female
336,8,0.31546487678572877,Chaka Khan,NZ,32,f,US,Female
336,9,0.3010299956639812,Robert Palmer,NZ,32,f,US,Male
336,10,0.2890648263178879,Sean Paul,NZ,32,f,JM,Male
337,1,1.0,Louis Tomlinson,NL,23,m,UK,Male
337,2,0.6309297535714575,Dennis Lloyd,NL,23,m,IL,Male
337,3,0.5,Roberta Flack,NL,23,m,US,Female
337,4,0.43067655807339306,Christina Aguilera,NL,23,m,US,Female
337,5,0.38685280723454163,Queen,NL,23,m,JP,Female
337,6,0.3562071871080222,Rihanna,NL,23,m,UK,Female
337,7,0.3333333333333333,Weyes Blood,NL,23,m,US,Female
337,8,0.31546487678572877,Oliver Koletzki,NL,23,m,DE,Male
337,9,0.3010299956639812,Britney Spears,NL,23,m,US,Female
337,10,0.2890648263178879,Moby,NL,23,m,US,Male
338,1,1.0,Grimes,BR,22,m,CA,Female
338,2,0.6309297535714575,John Maus,BR,22,m,US,Male
338,3,0.5,Apparat,BR,22,m,DE,Male
338,4,0.43067655807339306,Kurt Vile,BR,22,m,US,Male
338,5,0.38685280723454163,Grimes,BR,22,m,CA,Female
338,6,0.3562071871080222,Weyes Blood,BR,22,m,US,Female
338,7,0.3333333333333333,Ed Sheeran,BR,22,m,UK,Male
338,8,0.31546487678572877,Ed Sheeran,BR,22,m,UK,Male
338,9,0.3010299956639812,Queen,BR,22,m,JP,Female
338,10,0.2890648263178879,Frank Ocean,BR,22,m,US,Male
339,1,1.0,John Maus,US,27,m,US,Male
339,2,0.6309297535714575,Kurt Vile,US,27,m,US,Male
339,3,0.5,Grimes,US,27,m,CA,Female
339,4,0.43067655807339306,AFI,US,27,m,US,Female
339,5,0.38685280723454163,Dimension,US,27,m,ES,Male
339,6,0.3562071871080222,Oliver Koletzki,US,27,m,DE,Male
339,7,0.3333333333333333,Weyes Blood,US,27,m,US,Female
339,8,0.31546487678572877,IAMX,US,27,m,DE,Male
339,9,0.3010299956639812,Timmy Trumpet,US,27,m,AU,Male
339,10,0.2890648263178879,Lauren Daigle,US,27,m,US,Female
340,1,1.0,Ry x,PT,34,m,AU,Male
340,2,0.6309297535714575,Joe Goddard,PT,34,m,UK,Male
340,3,0.5,Weyes Blood,PT,34,m,US,Female
340,4,0.43067655807339306,Ed Sheeran,PT,34,m,UK,Male
340,5,0.38685280723454163,Ed Sheeran,PT,34,m,UK,Male
340,6,0.3562071871080222,Elliott Smith,PT,34,m,US,Male
340,7,0.3333333333333333,Ariana Grande,PT,34,m,US,Female
340,8,0.31546487678572877,Kygo,PT,34,m,NO,Male
340,9,0.3010299956639812,Jess Glynne,PT,34,m,UK,Female
340,10,0.2890648263178879,Charles Bolt,PT,34,m,US,Male
341,1,1.0,RuPaul,RU,23,f,US,Female
341,2,0.6309297535714575,Sia,RU,23,f,AU,Female
341,3,0.5,Frank Ocean,RU,23,f,US,Male
341,4,0.43067655807339306,John Maus,RU,23,f,US,Male
341,5,0.38685280723454163,Kanye West,RU,23,f,US,Male
341,6,0.3562071871080222,Lisa Miskovsky,RU,23,f,SE,Female
341,7,0.3333333333333333,Avril Lavigne,RU,23,f,CA,Female
341,8,0.31546487678572877,Weyes Blood,RU,23,f,US,Female
341,9,0.3010299956639812,Joe Goddard,RU,23,f,UK,Male
341,10,0.2890648263178879,Katy Perry,RU,23,f,US,Female
342,1,1.0,PJ Harvey,NO,22,m,UK,Female
342,2,0.6309297535714575,PJ Harvey,NO,22,m,UK,Female
342,3,0.5,Bat for Lashes,NO,22,m,UK,Female
342,4,0.43067655807339306,Emma Ruth Rundle,NO,22,m,US,Female
342,5,0.38685280723454163,Madonna,NO,22,m,US,Female
342,6,0.3562071871080222,Justin Timberlake,NO,22,m,US,Male
342,7,0.3333333333333333,Sharon Van Etten,NO,22,m,US,Female
342,8,0.31546487678572877,Ariana Grande,NO,22,m,US,Female
342,9,0.3010299956639812,Frank Ocean,NO,22,m,US,Male
342,10,0.2890648263178879,Wild Nothing,NO,22,m,US,Male
343,1,1.0,Grimes,FI,26,m,CA,Female
343,2,0.6309297535714575,Christina Aguilera,FI,26,m,US,Female
343,3,0.5,Ed Sheeran,FI,26,m,UK,Male
343,4,0.43067655807339306,John Maus,FI,26,m,US,Male
343,5,0.38685280723454163,Beyoncé,FI,26,m,US,Female
343,6,0.3562071871080222,Ed Sheeran,FI,26,m,UK,Male
343,7,0.3333333333333333,Mariah Carey,FI,26,m,US,Female
343,8,0.31546487678572877,Apparat,FI,26,m,DE,Male
343,9,0.3010299956639812,Chelsea Wolfe,FI,26,m,US,Female
343,10,0.2890648263178879,Kurt Vile,FI,26,m,US,Male
344,1,1.0,Moby,IT,24,f,US,Male
344,2,0.6309297535714575,Wax Tailor,IT,24,f,FR,Male
344,3,0.5,Kanye West,IT,24,f,US,Male
344,4,0.43067655807339306,Aldous Harding,IT,24,f,NZ,Female
344,5,0.38685280723454163,DJ Shadow,IT,24,f,US,Male
344,6,0.3562071871080222,Jennifer Paige,IT,24,f,US,Female
344,7,0.3333333333333333,Thom Yorke,IT,24,f,UK,Male
344,8,0.31546487678572877,Lisa Miskovsky,IT,24,f,SE,Female
344,9,0.3010299956639812,Grimes,IT,24,f,CA,Female
344,10,0.2890648263178879,Lily Allen,IT,24,f,UK,Female
345,1,1.0,Leonard Cohen,MX,26,m,CA,Male
345,2,0.6309297535714575,Caribou,MX,26,m,CA,Male
345,3,0.5,John Maus,MX,26,m,US,Male
345,4,0.43067655807339306,Bill Callahan,MX,26,m,US,Male
345,5,0.38685280723454163,John Maus,MX,26,m,US,Male
345,6,0.3562071871080222,Panda Bear,MX,26,m,US,Male
345,7,0.3333333333333333,Laura Marling,MX,26,m,UK,Female
345,8,0.31546487678572877,Lorde,MX,26,m,NZ,Female
345,9,0.3010299956639812,Noisestorm,MX,26,m,IE,Male
345,10,0.2890648263178879,Rita Ora,MX,26,m,UK,Female
346,1,1.0,Bat for Lashes,CA,18,m,UK,Female
346,2,0.6309297535714575,Kanye West,CA,18,m,US,Male
346,3,0.5,Wild Nothing,CA,18,m,US,Male
346,4,0.43067655807339306,Ed Sheeran,CA,18,m,UK,Male
346,5,0.38685280723454163,Frank Ocean,CA,18,m,US,Male
346,6,0.3562071871080222,The Tallest Man on Earth,CA,18,m,SE,Male
346,7,0.3333333333333333,Emma Ruth Rundle,CA,18,m,US,Female
346,8,0.31546487678572877,Grouper,CA,18,m,US,Female
346,9,0.3010299956639812,Chelsea Wolfe,CA,18,m,US,Female
346,10,0.2890648263178879,James Blake,CA,18,m,UK,Male
347,1,1.0,Grimes,UY,26,m,CA,Female
347,2,0.6309297535714575,John Maus,UY,26,m,US,Male
347,3,0.5,Apparat,UY,26,m,DE,Male
347,4,0.43067655807339306,Kurt Vile,UY,26,m,US,Male
347,5,0.38685280723454163,Ed Sheeran,UY,26,m,UK,Male
347,6,0.3562071871080222,Grimes,UY,26,m,CA,Female
347,7,0.3333333333333333,Chelsea Wolfe,UY,26,m,US,Female
347,8,0.31546487678572877,Queen,UY,26,m,JP,Female
347,9,0.3010299956639812,Ariana Grande,UY,26,m,US,Female
347,10,0.2890648263178879,Dennis Lloyd,UY,26,m,IL,Male
348,1,1.0,Chelsea Wolfe,BR,19,m,US,Female
348,2,0.6309297535714575,Devendra Banhart,BR,19,m,US,Male
348,3,0.5,George Ezra,BR,19,m,UK,Male
348,4,0.43067655807339306,Taylor Swift,BR,19,m,US,Female
348,5,0.38685280723454163,PJ Harvey,BR,19,m,UK,Female
348,6,0.3562071871080222,Damien Jurado,BR,19,m,US,Male
348,7,0.3333333333333333,PJ Harvey,BR,19,m,UK,Female
348,8,0.31546487678572877,Bob Marley & The Wailers,BR,19,m,JM,Male
348,9,0.3010299956639812,Bat for Lashes,BR,19,m,UK,Female
348,10,0.2890648263178879,Mac DeMarco,BR,19,m,CA,Male
349,1,1.0,Taylor Swift,SE,24,f,US,Female
349,2,0.6309297535714575,Tycho,SE,24,f,US,Male
349,3,0.5,Norah Jones,SE,24,f,US,Female
349,4,0.43067655807339306,Frank Ocean,SE,24,f,US,Male
349,5,0.38685280723454163,Michael Jackson,SE,24,f,US,Male
349,6,0.3562071871080222,Kanye West,SE,24,f,US,Male
349,7,0.3333333333333333,Seal,SE,24,f,UK,Male
349,8,0.31546487678572877,Ariana Grande,SE,24,f,US,Female
349,9,0.3010299956639812,Ed Sheeran,SE,24,f,UK,Male
349,10,0.2890648263178879,Sia,SE,24,f,AU,Female
350,1,1.0,Grimes,RU,25,m,CA,Female
350,2,0.6309297535714575,Weyes Blood,RU,25,m,US,Female
350,3,0.5,Jennifer Paige,RU,25,m,US,Female
350,4,0.43067655807339306,Tove Lo,RU,25,m,SE,Female
350,5,0.38685280723454163,Ed Sheeran,RU,25,m,UK,Male
350,6,0.3562071871080222,Frank Ocean,RU,25,m,US,Male
350,7,0.3333333333333333,Ed Sheeran,RU,25,m,UK,Male
350,8,0.31546487678572877,John Maus,RU,25,m,US,Male
350,9,0.3010299956639812,Kygo,RU,25,m,NO,Male
350,10,0.2890648263178879,Ariana Grande,RU,25,m,US,Female
351,1,1.0,Sia,NO,21,m,AU,Female
351,2,0.6309297535714575,Kanye West,NO,21,m,US,Male
351,3,0.5,Avril Lavigne,NO,21,m,CA,Female
351,4,0.43067655807339306,Katy Perry,NO,21,m,US,Female
351,5,0.38685280723454163,Twin Shadow,NO,21,m,US,Male
351,6,0.3562071871080222,Lily Allen,NO,21,m,UK,Female
351,7,0.3333333333333333,Earl Sweatshirt,NO,21,m,US,Male
351,8,0.31546487678572877,Jeff Buckley,NO,21,m,US,Male
351,9,0.3010299956639812,Sufjan Stevens,NO,21,m,US,Male
351,10,0.2890648263178879,Tame Impala,NO,21,m,AU,Male
352,1,1.0,Lily Allen,RU,24,m,UK,Female
352,2,0.6309297535714575,John Maus,RU,24,m,US,Male
352,3,0.5,Jennifer Paige,RU,24,m,US,Female
352,4,0.43067655807339306,Louis Tomlinson,RU,24,m,UK,Male
352,5,0.38685280723454163,Joe Goddard,RU,24,m,UK,Male
352,6,0.3562071871080222,Weyes Blood,RU,24,m,US,Female
352,7,0.3333333333333333,Queen,RU,24,m,JP,Female
352,8,0.31546487678572877,Tove Lo,RU,24,m,SE,Female
352,9,0.3010299956639812,Chelsea Wolfe,RU,24,m,US,Female
352,10,0.2890648263178879,Ry x,RU,24,m,AU,Male
353,1,1.0,Kanye West,SK,24,m,US,Male
353,2,0.6309297535714575,Sia,SK,24,m,AU,Female
353,3,0.5,Moby,SK,24,m,US,Male
353,4,0.43067655807339306,Ariana Grande,SK,24,m,US,Female
353,5,0.38685280723454163,Justin Timberlake,SK,24,m,US,Male
353,6,0.3562071871080222,Nicki Minaj,SK,24,m,US,Female
353,7,0.3333333333333333,Rihanna,SK,24,m,UK,Female
353,8,0.31546487678572877,Wax Tailor,SK,24,m,FR,Male
353,9,0.3010299956639812,Kelly Clarkson,SK,24,m,US,Female
353,10,0.2890648263178879,Rod Stewart,SK,24,m,UK,Male
354,1,1.0,John Maus,UK,21,m,US,Male
354,2,0.6309297535714575,Devendra Banhart,UK,21,m,US,Male
354,3,0.5,Madonna,UK,21,m,US,Female
354,4,0.43067655807339306,Ariana Grande,UK,21,m,US,Female
354,5,0.38685280723454163,Chelsea Wolfe,UK,21,m,US,Female
354,6,0.3562071871080222,Billy Joel,UK,21,m,US,Male
354,7,0.3333333333333333,PJ Harvey,UK,21,m,UK,Female
354,8,0.31546487678572877,Carpenter Brut,UK,21,m,FR,Male
354,9,0.3010299956639812,PJ Harvey,UK,21,m,UK,Female
354,10,0.2890648263178879,Damien Jurado,UK,21,m,US,Male
355,1,1.0,Sia,HR,24,m,AU,Female
355,2,0.6309297535714575,Kanye West,HR,24,m,US,Male
355,3,0.5,Katy Perry,HR,24,m,US,Female
355,4,0.43067655807339306,Lily Allen,HR,24,m,UK,Female
355,5,0.38685280723454163,Avril Lavigne,HR,24,m,CA,Female
355,6,0.3562071871080222,Louis Tomlinson,HR,24,m,UK,Male
355,7,0.3333333333333333,Jennifer Paige,HR,24,m,US,Female
355,8,0.31546487678572877,Ed Sheeran,HR,24,m,UK,Male
355,9,0.3010299956639812,Ed Sheeran,HR,24,m,UK,Male
355,10,0.2890648263178879,Charles Bolt,HR,24,m,US,Male
357,1,1.0,John Maus,FR,20,m,US,Male
357,2,0.6309297535714575,Louis Tomlinson,FR,20,m,UK,Male
357,3,0.5,Jennifer Paige,FR,20,m,US,Female
357,4,0.43067655807339306,Tove Lo,FR,20,m,SE,Female
357,5,0.38685280723454163,Ed Sheeran,FR,20,m,UK,Male
357,6,0.3562071871080222,Ed Sheeran,FR,20,m,UK,Male
357,7,0.3333333333333333,Joe Goddard,FR,20,m,UK,Male
357,8,0.31546487678572877,Ariana Grande,FR,20,m,US,Female
357,9,0.3010299956639812,Ry x,FR,20,m,AU,Male
357,10,0.2890648263178879,Weyes Blood,FR,20,m,US,Female
358,1,1.0,Grimes,DK,19,m,CA,Female
358,2,0.6309297535714575,Kurt Vile,DK,19,m,US,Male
358,3,0.5,Grimes,DK,19,m,CA,Female
358,4,0.43067655807339306,Weyes Blood,DK,19,m,US,Female
358,5,0.38685280723454163,Charles Bolt,DK,19,m,US,Male
358,6,0.3562071871080222,Ed Sheeran,DK,19,m,UK,Male
358,7,0.3333333333333333,Frank Ocean,DK,19,m,US,Male
358,8,0.31546487678572877,Ed Sheeran,DK,19,m,UK,Male
358,9,0.3010299956639812,Rihanna,DK,19,m,UK,Female
358,10,0.2890648263178879,Queen,DK,19,m,JP,Female
359,1,1.0,DJ Shadow,PL,24,m,US,Male
359,2,0.6309297535714575,Kanye West,PL,24,m,US,Male
359,3,0.5,Grimes,PL,24,m,CA,Female
359,4,0.43067655807339306,Nicki Minaj,PL,24,m,US,Female
359,5,0.38685280723454163,Wax Tailor,PL,24,m,FR,Male
359,6,0.3562071871080222,Rod Stewart,PL,24,m,UK,Male
359,7,0.3333333333333333,Britney Spears,PL,24,m,US,Female
359,8,0.31546487678572877,Apparat,PL,24,m,DE,Male
359,9,0.3010299956639812,John Maus,PL,24,m,US,Male
359,10,0.2890648263178879,RuPaul,PL,24,m,US,Female
360,1,1.0,Grimes,JP,24,m,CA,Female
360,2,0.6309297535714575,RuPaul,JP,24,m,US,Female
360,3,0.5,Sia,JP,24,m,AU,Female
360,4,0.43067655807339306,Jennifer Lopez,JP,24,m,US,Female
360,5,0.38685280723454163,Lisa Miskovsky,JP,24,m,SE,Female
360,6,0.3562071871080222,Kanye West,JP,24,m,US,Male
360,7,0.3333333333333333,Avril Lavigne,JP,24,m,CA,Female
360,8,0.31546487678572877,Frank Ocean,JP,24,m,US,Male
360,9,0.3010299956639812,John Maus,JP,24,m,US,Male
360,10,0.2890648263178879,Lily Allen,JP,24,m,UK,Female
361,1,1.0,Ozzy Osbourne,PL,26,m,UK,Male
361,2,0.6309297535714575,Lana Del Rey,PL,26,m,US,Female
361,3,0.5,Lorde,PL,26,m,NZ,Female
361,4,0.43067655807339306,Marilyn Manson,PL,26,m,US,Male
361,5,0.38685280723454163,Noisestorm,PL,26,m,IE,Male
361,6,0.3562071871080222,Aaron Smith,PL,26,m,US,Male
361,7,0.3333333333333333,Red,PL,26,m,PL,Male
361,8,0.31546487678572877,Lorde,PL,26,m,NZ,Female
361,9,0.3010299956639812,Rihanna,PL,26,m,UK,Female
361,10,0.2890648263178879,Moby,PL,26,m,US,Male
362,1,1.0,Avril Lavigne,NL,26,m,CA,Female
362,2,0.6309297535714575,Katy Perry,NL,26,m,US,Female
362,3,0.5,Lily Allen,NL,26,m,UK,Female
362,4,0.43067655807339306,Elliott Smith,NL,26,m,US,Male
362,5,0.38685280723454163,Queen,NL,26,m,JP,Female
362,6,0.3562071871080222,Louis Tomlinson,NL,26,m,UK,Male
362,7,0.3333333333333333,Chelsea Wolfe,NL,26,m,US,Female
362,8,0.31546487678572877,Jennifer Paige,NL,26,m,US,Female
362,9,0.3010299956639812,Tove Lo,NL,26,m,SE,Female
362,10,0.2890648263178879,Toro y Moi,NL,26,m,US,Male
363,1,1.0,Grimes,RU,22,m,CA,Female
363,2,0.6309297535714575,Louis Tomlinson,RU,22,m,UK,Male
363,3,0.5,Jennifer Paige,RU,22,m,US,Female
363,4,0.43067655807339306,Queen,RU,22,m,JP,Female
363,5,0.38685280723454163,Frank Ocean,RU,22,m,US,Male
363,6,0.3562071871080222,John Maus,RU,22,m,US,Male
363,7,0.3333333333333333,Tove Lo,RU,22,m,SE,Female
363,8,0.31546487678572877,Ed Sheeran,RU,22,m,UK,Male
363,9,0.3010299956639812,Ed Sheeran,RU,22,m,UK,Male
363,10,0.2890648263178879,Ariana Grande,RU,22,m,US,Female
364,1,1.0,Lorde,ID,27,m,NZ,Female
364,2,0.6309297535714575,Joe Goddard,ID,27,m,UK,Male
364,3,0.5,Tom Odell,ID,27,m,UK,Male
364,4,0.43067655807339306,Lorde,ID,27,m,NZ,Female
364,5,0.38685280723454163,Lauren Daigle,ID,27,m,US,Female
364,6,0.3562071871080222,Fergie,ID,27,m,UK,Male
364,7,0.3333333333333333,Queen,ID,27,m,JP,Female
364,8,0.31546487678572877,Madison Beer,ID,27,m,US,Female
364,9,0.3010299956639812,Sabrina Carpenter,ID,27,m,US,Female
364,10,0.2890648263178879,Ariana Grande,ID,27,m,US,Female
365,1,1.0,Britney Spears,PL,24,m,US,Female
365,2,0.6309297535714575,Rod Stewart,PL,24,m,UK,Male
365,3,0.5,Vitalic,PL,24,m,FR,Male
365,4,0.43067655807339306,Vanessa Carlton,PL,24,m,US,Female
365,5,0.38685280723454163,James Arthur,PL,24,m,UK,Male
365,6,0.3562071871080222,Ariana Grande,PL,24,m,US,Female
365,7,0.3333333333333333,Sia,PL,24,m,AU,Female
365,8,0.31546487678572877,Mitski,PL,24,m,US,Female
365,9,0.3010299956639812,Rush,PL,24,m,US,Male
365,10,0.2890648263178879,Kelly Clarkson,PL,24,m,US,Female
366,1,1.0,Madonna,FI,19,f,US,Female
366,2,0.6309297535714575,Ed Sheeran,FI,19,f,UK,Male
366,3,0.5,Ariana Grande,FI,19,f,US,Female
366,4,0.43067655807339306,Seal,FI,19,f,UK,Male
366,5,0.38685280723454163,Carpenter Brut,FI,19,f,FR,Male
366,6,0.3562071871080222,Elvis Presley,FI,19,f,US,Male
366,7,0.3333333333333333,Billy Joel,FI,19,f,US,Male
366,8,0.31546487678572877,Queen,FI,19,f,JP,Female
366,9,0.3010299956639812,Bob Marley & The Wailers,FI,19,f,JM,Male
366,10,0.2890648263178879,Ozzy Osbourne,FI,19,f,UK,Male
367,1,1.0,Jennifer Paige,US,21,f,US,Female
367,2,0.6309297535714575,Ed Sheeran,US,21,f,UK,Male
367,3,0.5,Jess Glynne,US,21,f,UK,Female
367,4,0.43067655807339306,Ed Sheeran,US,21,f,UK,Male
367,5,0.38685280723454163,Chelsea Wolfe,US,21,f,US,Female
367,6,0.3562071871080222,John Maus,US,21,f,US,Male
367,7,0.3333333333333333,Britney Spears,US,21,f,US,Female
367,8,0.31546487678572877,Frank Ocean,US,21,f,US,Male
367,9,0.3010299956639812,Beyoncé,US,21,f,US,Female
367,10,0.2890648263178879,Christina Aguilera,US,21,f,US,Female
369,1,1.0,Frank Ocean,ES,111,f,US,Male
369,2,0.6309297535714575,John Maus,ES,111,f,US,Male
369,3,0.5,Chelsea Wolfe,ES,111,f,US,Female
369,4,0.43067655807339306,Ed Sheeran,ES,111,f,UK,Male
369,5,0.38685280723454163,Ed Sheeran,ES,111,f,UK,Male
369,6,0.3562071871080222,Queen,ES,111,f,JP,Female
369,7,0.3333333333333333,Ry x,ES,111,f,AU,Male
369,8,0.31546487678572877,Joe Goddard,ES,111,f,UK,Male
369,9,0.3010299956639812,Weyes Blood,ES,111,f,US,Female
369,10,0.2890648263178879,Charles Bolt,ES,111,f,US,Male
370,1,1.0,Avril Lavigne,IT,22,m,CA,Female
370,2,0.6309297535714575,Katy Perry,IT,22,m,US,Female
370,3,0.5,Elliott Smith,IT,22,m,US,Male
370,4,0.43067655807339306,Queen,IT,22,m,JP,Female
370,5,0.38685280723454163,Jennifer Paige,IT,22,m,US,Female
370,6,0.3562071871080222,Chelsea Wolfe,IT,22,m,US,Female
370,7,0.3333333333333333,Toro y Moi,IT,22,m,US,Male
370,8,0.31546487678572877,Louis Tomlinson,IT,22,m,UK,Male
370,9,0.3010299956639812,Twin Shadow,IT,22,m,US,Male
370,10,0.2890648263178879,Earl Sweatshirt,IT,22,m,US,Male
371,1,1.0,Grimes,PL,24,f,CA,Female
371,2,0.6309297535714575,John Maus,PL,24,f,US,Male
371,3,0.5,Apparat,PL,24,f,DE,Male
371,4,0.43067655807339306,Kurt Vile,PL,24,f,US,Male
371,5,0.38685280723454163,Taylor Swift,PL,24,f,US,Female
371,6,0.3562071871080222,Iron & Wine,PL,24,f,US,Male
371,7,0.3333333333333333,Grimes,PL,24,f,CA,Female
371,8,0.31546487678572877,Weyes Blood,PL,24,f,US,Female
371,9,0.3010299956639812,Rihanna,PL,24,f,UK,Female
371,10,0.2890648263178879,Kelly Clarkson,PL,24,f,US,Female
372,1,1.0,Katy Perry,SI,25,m,US,Female
372,2,0.6309297535714575,Frank Ocean,SI,25,m,US,Male
372,3,0.5,Lily Allen,SI,25,m,UK,Female
372,4,0.43067655807339306,Jennifer Paige,SI,25,m,US,Female
372,5,0.38685280723454163,John Maus,SI,25,m,US,Male
372,6,0.3562071871080222,Louis Tomlinson,SI,25,m,UK,Male
372,7,0.3333333333333333,Tove Lo,SI,25,m,SE,Female
372,8,0.31546487678572877,Joe Goddard,SI,25,m,UK,Male
372,9,0.3010299956639812,Kygo,SI,25,m,NO,Male
372,10,0.2890648263178879,Ariana Grande,SI,25,m,US,Female
373,1,1.0,Lisa Miskovsky,HU,20,f,SE,Female
373,2,0.6309297535714575,Avril Lavigne,HU,20,f,CA,Female
373,3,0.5,Katy Perry,HU,20,f,US,Female
373,4,0.43067655807339306,Lily Allen,HU,20,f,UK,Female
373,5,0.38685280723454163,Weyes Blood,HU,20,f,US,Female
373,6,0.3562071871080222,Joe Goddard,HU,20,f,UK,Male
373,7,0.3333333333333333,Ry x,HU,20,f,AU,Male
373,8,0.31546487678572877,Louis Tomlinson,HU,20,f,UK,Male
373,9,0.3010299956639812,Jennifer Paige,HU,20,f,US,Female
373,10,0.2890648263178879,Queen,HU,20,f,JP,Female
374,1,1.0,Grimes,UA,24,f,CA,Female
374,2,0.6309297535714575,Kanye West,UA,24,f,US,Male
374,3,0.5,Frank Ocean,UA,24,f,US,Male
374,4,0.43067655807339306,John Maus,UA,24,f,US,Male
374,5,0.38685280723454163,Avril Lavigne,UA,24,f,CA,Female
374,6,0.3562071871080222,Katy Perry,UA,24,f,US,Female
374,7,0.3333333333333333,Lily Allen,UA,24,f,UK,Female
374,8,0.31546487678572877,Weyes Blood,UA,24,f,US,Female
374,9,0.3010299956639812,Joe Goddard,UA,24,f,UK,Male
374,10,0.2890648263178879,Queen,UA,24,f,JP,Female
375,1,1.0,Grimes,AT,32,m,CA,Female
375,2,0.6309297535714575,Jennifer Paige,AT,32,m,US,Female
375,3,0.5,Weyes Blood,AT,32,m,US,Female
375,4,0.43067655807339306,Louis Tomlinson,AT,32,m,UK,Male
375,5,0.38685280723454163,Tove Lo,AT,32,m,SE,Female
375,6,0.3562071871080222,Queen,AT,32,m,JP,Female
375,7,0.3333333333333333,Frank Ocean,AT,32,m,US,Male
375,8,0.31546487678572877,Ariana Grande,AT,32,m,US,Female
375,9,0.3010299956639812,Ed Sheeran,AT,32,m,UK,Male
375,10,0.2890648263178879,Ed Sheeran,AT,32,m,UK,Male
376,1,1.0,Bill Callahan,US,22,f,US,Male
376,2,0.6309297535714575,Elvis Presley,US,22,f,US,Male
376,3,0.5,Billy Joel,US,22,f,US,Male
376,4,0.43067655807339306,Carpenter Brut,US,22,f,FR,Male
376,5,0.38685280723454163,John Maus,US,22,f,US,Male
376,6,0.3562071871080222,Bob Marley & The Wailers,US,22,f,JM,Male
376,7,0.3333333333333333,Laura Marling,US,22,f,UK,Female
376,8,0.31546487678572877,Queen,US,22,f,JP,Female
376,9,0.3010299956639812,Ozzy Osbourne,US,22,f,UK,Male
376,10,0.2890648263178879,Marilyn Manson,US,22,f,US,Male
377,1,1.0,Ariana Grande,BE,36,m,US,Female
377,2,0.6309297535714575,Taylor Swift,BE,36,m,US,Female
377,3,0.5,George Ezra,BE,36,m,UK,Male
377,4,0.43067655807339306,Bob Marley & The Wailers,BE,36,m,JM,Male
377,5,0.38685280723454163,Ariana Grande,BE,36,m,US,Female
377,6,0.3562071871080222,Marilyn Manson,BE,36,m,US,Male
377,7,0.3333333333333333,The Tallest Man on Earth,BE,36,m,SE,Male
377,8,0.31546487678572877,Sia,BE,36,m,AU,Female
377,9,0.3010299956639812,Kanye West,BE,36,m,US,Male
377,10,0.2890648263178879,Adele,BE,36,m,UK,Female
378,1,1.0,Katy Perry,ES,23,m,US,Female
378,2,0.6309297535714575,Avril Lavigne,ES,23,m,CA,Female
378,3,0.5,Louis Tomlinson,ES,23,m,UK,Male
378,4,0.43067655807339306,Jennifer Paige,ES,23,m,US,Female
378,5,0.38685280723454163,Chelsea Wolfe,ES,23,m,US,Female
378,6,0.3562071871080222,Queen,ES,23,m,JP,Female
378,7,0.3333333333333333,Tove Lo,ES,23,m,SE,Female
378,8,0.31546487678572877,Weyes Blood,ES,23,m,US,Female
378,9,0.3010299956639812,Joe Goddard,ES,23,m,UK,Male
378,10,0.2890648263178879,Ed Sheeran,ES,23,m,UK,Male
379,1,1.0,Tycho,RU,95,m,US,Male
379,2,0.6309297535714575,Britney Spears,RU,95,m,US,Female
379,3,0.5,Kanye West,RU,95,m,US,Male
379,4,0.43067655807339306,Frank Ocean,RU,95,m,US,Male
379,5,0.38685280723454163,Taylor Swift,RU,95,m,US,Female
379,6,0.3562071871080222,Aldous Harding,RU,95,m,NZ,Female
379,7,0.3333333333333333,Robyn,RU,95,m,SE,Female
379,8,0.31546487678572877,Duncan Laurence,RU,95,m,NL,Male
379,9,0.3010299956639812,Edwyn Collins,RU,95,m,UK,Male
379,10,0.2890648263178879,Lana Del Rey,RU,95,m,US,Female
380,1,1.0,Rod Stewart,NO,21,m,UK,Male
380,2,0.6309297535714575,Britney Spears,NO,21,m,US,Female
380,3,0.5,Wax Tailor,NO,21,m,FR,Male
380,4,0.43067655807339306,RuPaul,NO,21,m,US,Female
380,5,0.38685280723454163,Jennifer Lopez,NO,21,m,US,Female
380,6,0.3562071871080222,Sia,NO,21,m,AU,Female
380,7,0.3333333333333333,Kanye West,NO,21,m,US,Male
380,8,0.31546487678572877,Lisa Miskovsky,NO,21,m,SE,Female
380,9,0.3010299956639812,Avril Lavigne,NO,21,m,CA,Female
380,10,0.2890648263178879,Lily Allen,NO,21,m,UK,Female
381,1,1.0,Miley Cyrus,RS,40,f,US,Non-binary
381,2,0.6309297535714575,Chris Isaak,RS,40,f,US,Male
381,3,0.5,Queen,RS,40,f,JP,Female
381,4,0.43067655807339306,Miley Cyrus,RS,40,f,US,Non-binary
381,5,0.38685280723454163,Queen,RS,40,f,JP,Female
381,6,0.3562071871080222,Edwyn Collins,RS,40,f,UK,Male
381,7,0.3333333333333333,Ariana Grande,RS,40,f,US,Female
381,8,0.31546487678572877,Ariana Grande,RS,40,f,US,Female
381,9,0.3010299956639812,Jessie J,RS,40,f,UK,Female
381,10,0.2890648263178879,Marilyn Manson,RS,40,f,US,Male
382,1,1.0,Grimes,SE,24,m,CA,Female
382,2,0.6309297535714575,Jennifer Paige,SE,24,m,US,Female
382,3,0.5,Weyes Blood,SE,24,m,US,Female
382,4,0.43067655807339306,Ed Sheeran,SE,24,m,UK,Male
382,5,0.38685280723454163,Ed Sheeran,SE,24,m,UK,Male
382,6,0.3562071871080222,John Maus,SE,24,m,US,Male
382,7,0.3333333333333333,Tove Lo,SE,24,m,SE,Female
382,8,0.31546487678572877,Frank Ocean,SE,24,m,US,Male
382,9,0.3010299956639812,Jess Glynne,SE,24,m,UK,Female
382,10,0.2890648263178879,Kygo,SE,24,m,NO,Male
383,1,1.0,Jennifer Paige,AU,26,f,US,Female
383,2,0.6309297535714575,Frank Ocean,AU,26,f,US,Male
383,3,0.5,Louis Tomlinson,AU,26,f,UK,Male
383,4,0.43067655807339306,John Maus,AU,26,f,US,Male
383,5,0.38685280723454163,Queen,AU,26,f,JP,Female
383,6,0.3562071871080222,Charles Bolt,AU,26,f,US,Male
383,7,0.3333333333333333,Dimension,AU,26,f,ES,Male
383,8,0.31546487678572877,Ed Sheeran,AU,26,f,UK,Male
383,9,0.3010299956639812,Joe Goddard,AU,26,f,UK,Male
383,10,0.2890648263178879,Ed Sheeran,AU,26,f,UK,Male
384,1,1.0,Miley Cyrus,BR,23,m,US,Non-binary
384,2,0.6309297535714575,Mitski,BR,23,m,US,Female
384,3,0.5,Queen,BR,23,m,JP,Female
384,4,0.43067655807339306,Ariana Grande,BR,23,m,US,Female
384,5,0.38685280723454163,Nick Drake,BR,23,m,UK,Male
384,6,0.3562071871080222,Edwyn Collins,BR,23,m,UK,Male
384,7,0.3333333333333333,James Blake,BR,23,m,UK,Male
384,8,0.31546487678572877,Ariana Grande,BR,23,m,US,Female
384,9,0.3010299956639812,Panda Bear,BR,23,m,US,Male
384,10,0.2890648263178879,John Maus,BR,23,m,US,Male
385,1,1.0,Katy Perry,US,36,m,US,Female
385,2,0.6309297535714575,Jennifer Paige,US,36,m,US,Female
385,3,0.5,Louis Tomlinson,US,36,m,UK,Male
385,4,0.43067655807339306,Queen,US,36,m,JP,Female
385,5,0.38685280723454163,Joe Goddard,US,36,m,UK,Male
385,6,0.3562071871080222,Tove Lo,US,36,m,SE,Female
385,7,0.3333333333333333,Chelsea Wolfe,US,36,m,US,Female
385,8,0.31546487678572877,Weyes Blood,US,36,m,US,Female
385,9,0.3010299956639812,Ry x,US,36,m,AU,Male
385,10,0.2890648263178879,Ariana Grande,US,36,m,US,Female
386,1,1.0,RuPaul,BR,21,m,US,Female
386,2,0.6309297535714575,Earl Sweatshirt,BR,21,m,US,Male
386,3,0.5,Sia,BR,21,m,AU,Female
386,4,0.43067655807339306,Lisa Miskovsky,BR,21,m,SE,Female
386,5,0.38685280723454163,Jennifer Lopez,BR,21,m,US,Female
386,6,0.3562071871080222,Kanye West,BR,21,m,US,Male
386,7,0.3333333333333333,Twin Shadow,BR,21,m,US,Male
386,8,0.31546487678572877,Perfume Genius,BR,21,m,US,Male
386,9,0.3010299956639812,Chelsea Wolfe,BR,21,m,US,Female
386,10,0.2890648263178879,Jeff Buckley,BR,21,m,US,Male
387,1,1.0,Snail Mail,PL,21,m,US,Female
387,2,0.6309297535714575,Chuck Berry,PL,21,m,US,Male
387,3,0.5,Beyoncé,PL,21,m,US,Female
387,4,0.43067655807339306,Travis Scott,PL,21,m,US,Male
387,5,0.38685280723454163,Britney Spears,PL,21,m,US,Female
387,6,0.3562071871080222,Chris Isaak,PL,21,m,US,Male
387,7,0.3333333333333333,Kanye West,PL,21,m,US,Male
387,8,0.31546487678572877,Taylor Swift,PL,21,m,US,Female
387,9,0.3010299956639812,Taylor Swift,PL,21,m,US,Female
387,10,0.2890648263178879,James Blake,PL,21,m,UK,Male
388,1,1.0,Rod Stewart,BR,22,m,UK,Male
388,2,0.6309297535714575,Ariana Grande,BR,22,m,US,Female
388,3,0.5,Rihanna,BR,22,m,UK,Female
388,4,0.43067655807339306,Moby,BR,22,m,US,Male
388,5,0.38685280723454163,Sia,BR,22,m,AU,Female
388,6,0.3562071871080222,Rihanna,BR,22,m,UK,Female
388,7,0.3333333333333333,Kelly Clarkson,BR,22,m,US,Female
388,8,0.31546487678572877,Nicki Minaj,BR,22,m,US,Female
388,9,0.3010299956639812,RuPaul,BR,22,m,US,Female
388,10,0.2890648263178879,Nicki Minaj,BR,22,m,US,Female
389,1,1.0,Jennifer Paige,ES,28,m,US,Female
389,2,0.6309297535714575,Grimes,ES,28,m,CA,Female
389,3,0.5,Tove Lo,ES,28,m,SE,Female
389,4,0.43067655807339306,Ed Sheeran,ES,28,m,UK,Male
389,5,0.38685280723454163,Ed Sheeran,ES,28,m,UK,Male
389,6,0.3562071871080222,Chelsea Wolfe,ES,28,m,US,Female
389,7,0.3333333333333333,Weyes Blood,ES,28,m,US,Female
389,8,0.31546487678572877,Kygo,ES,28,m,NO,Male
389,9,0.3010299956639812,Queen,ES,28,m,JP,Female
389,10,0.2890648263178879,Ariana Grande,ES,28,m,US,Female
390,1,1.0,Kanye West,VA,22,m,US,Male
390,2,0.6309297535714575,Louis Tomlinson,VA,22,m,UK,Male
390,3,0.5,Grimes,VA,22,m,CA,Female
390,4,0.43067655807339306,Weyes Blood,VA,22,m,US,Female
390,5,0.38685280723454163,Frank Ocean,VA,22,m,US,Male
390,6,0.3562071871080222,Ed Sheeran,VA,22,m,UK,Male
390,7,0.3333333333333333,Ed Sheeran,VA,22,m,UK,Male
390,8,0.31546487678572877,John Maus,VA,22,m,US,Male
390,9,0.3010299956639812,Jennifer Paige,VA,22,m,US,Female
390,10,0.2890648263178879,Queen,VA,22,m,JP,Female
391,1,1.0,Moby,BR,22,m,US,Male
391,2,0.6309297535714575,Grimes,BR,22,m,CA,Female
391,3,0.5,Rod Stewart,BR,22,m,UK,Male
391,4,0.43067655807339306,RuPaul,BR,22,m,US,Female
391,5,0.38685280723454163,Wax Tailor,BR,22,m,FR,Male
391,6,0.3562071871080222,Grimes,BR,22,m,CA,Female
391,7,0.3333333333333333,Jorge Ben,BR,22,m,BR,Male
391,8,0.31546487678572877,Sia,BR,22,m,AU,Female
391,9,0.3010299956639812,Katy Perry,BR,22,m,US,Female
391,10,0.2890648263178879,Lisa Miskovsky,BR,22,m,SE,Female
393,1,1.0,Taylor Swift,BR,20,m,US,Female
393,2,0.6309297535714575,Sia,BR,20,m,AU,Female
393,3,0.5,Ariana Grande,BR,20,m,US,Female
393,4,0.43067655807339306,George Ezra,BR,20,m,UK,Male
393,5,0.38685280723454163,Bob Marley & The Wailers,BR,20,m,JM,Male
393,6,0.3562071871080222,Leonard Cohen,BR,20,m,CA,Male
393,7,0.3333333333333333,Marilyn Manson,BR,20,m,US,Male
393,8,0.31546487678572877,Bill Callahan,BR,20,m,US,Male
393,9,0.3010299956639812,Adele,BR,20,m,UK,Female
393,10,0.2890648263178879,Caribou,BR,20,m,CA,Male
394,1,1.0,Mitski,FR,27,m,US,Female
394,2,0.6309297535714575,Sharon Van Etten,FR,27,m,US,Female
394,3,0.5,Elvis Presley,FR,27,m,US,Male
394,4,0.43067655807339306,James Blake,FR,27,m,UK,Male
394,5,0.38685280723454163,Bill Callahan,FR,27,m,US,Male
394,6,0.3562071871080222,Carpenter Brut,FR,27,m,FR,Male
394,7,0.3333333333333333,Panda Bear,FR,27,m,US,Male
394,8,0.31546487678572877,Leonard Cohen,FR,27,m,CA,Male
394,9,0.3010299956639812,Bob Marley & The Wailers,FR,27,m,JM,Male
394,10,0.2890648263178879,Caribou,FR,27,m,CA,Male
395,1,1.0,Bill Callahan,SE,21,m,US,Male
395,2,0.6309297535714575,John Maus,SE,21,m,US,Male
395,3,0.5,Laura Marling,SE,21,m,UK,Female
395,4,0.43067655807339306,Justin Timberlake,SE,21,m,US,Male
395,5,0.38685280723454163,Marilyn Manson,SE,21,m,US,Male
395,6,0.3562071871080222,Ozzy Osbourne,SE,21,m,UK,Male
395,7,0.3333333333333333,Lana Del Rey,SE,21,m,US,Female
395,8,0.31546487678572877,Oneohtrix Point Never,SE,21,m,US,Male
395,9,0.3010299956639812,Arca,SE,21,m,VE,Non-binary
395,10,0.2890648263178879,Devendra Banhart,SE,21,m,US,Male
396,1,1.0,Rod Stewart,US,18,f,UK,Male
396,2,0.6309297535714575,Nicki Minaj,US,18,f,US,Female
396,3,0.5,Kanye West,US,18,f,US,Male
396,4,0.43067655807339306,Earl Sweatshirt,US,18,f,US,Male
396,5,0.38685280723454163,Chelsea Wolfe,US,18,f,US,Female
396,6,0.3562071871080222,Avril Lavigne,US,18,f,CA,Female
396,7,0.3333333333333333,Leonard Cohen,US,18,f,CA,Male
396,8,0.31546487678572877,Earl Sweatshirt,US,18,f,US,Male
396,9,0.3010299956639812,Queen,US,18,f,JP,Female
396,10,0.2890648263178879,Lisa Miskovsky,US,18,f,SE,Female
397,1,1.0,Lisa Miskovsky,UK,24,m,SE,Female
397,2,0.6309297535714575,Avril Lavigne,UK,24,m,CA,Female
397,3,0.5,Lily Allen,UK,24,m,UK,Female
397,4,0.43067655807339306,Katy Perry,UK,24,m,US,Female
397,5,0.38685280723454163,Chelsea Wolfe,UK,24,m,US,Female
397,6,0.3562071871080222,Twin Shadow,UK,24,m,US,Male
397,7,0.3333333333333333,Queen,UK,24,m,JP,Female
397,8,0.31546487678572877,IAMX,UK,24,m,DE,Male
397,9,0.3010299956639812,Louis Tomlinson,UK,24,m,UK,Male
397,10,0.2890648263178879,Jennifer Paige,UK,24,m,US,Female
398,1,1.0,Elvis Presley,HK,17,m,US,Male
398,2,0.6309297535714575,Chelsea Wolfe,HK,17,m,US,Female
398,3,0.5,Carpenter Brut,HK,17,m,FR,Male
398,4,0.43067655807339306,Ariana Grande,HK,17,m,US,Female
398,5,0.38685280723454163,King Krule,HK,17,m,UK,Male
398,6,0.3562071871080222,Angel Olsen,HK,17,m,US,Female
398,7,0.3333333333333333,Jay Reatard,HK,17,m,US,Male
398,8,0.31546487678572877,Grouper,HK,17,m,US,Female
398,9,0.3010299956639812,Leonard Cohen,HK,17,m,CA,Male
398,10,0.2890648263178879,Bob Marley & The Wailers,HK,17,m,JM,Male
399,1,1.0,Grimes,RU,24,m,CA,Female
399,2,0.6309297535714575,Lily Allen,RU,24,m,UK,Female
399,3,0.5,Apparat,RU,24,m,DE,Male
399,4,0.43067655807339306,Ed Sheeran,RU,24,m,UK,Male
399,5,0.38685280723454163,John Maus,RU,24,m,US,Male
399,6,0.3562071871080222,Jennifer Paige,RU,24,m,US,Female
399,7,0.3333333333333333,Kurt Vile,RU,24,m,US,Male
399,8,0.31546487678572877,Ed Sheeran,RU,24,m,UK,Male
399,9,0.3010299956639812,Grimes,RU,24,m,CA,Female
399,10,0.2890648263178879,Kygo,RU,24,m,NO,Male
400,1,1.0,DJ Shadow,DE,24,m,US,Male
400,2,0.6309297535714575,Kanye West,DE,24,m,US,Male
400,3,0.5,Grimes,DE,24,m,CA,Female
400,4,0.43067655807339306,Lisa Miskovsky,DE,24,m,SE,Female
400,5,0.38685280723454163,John Maus,DE,24,m,US,Male
400,6,0.3562071871080222,Apparat,DE,24,m,DE,Male
400,7,0.3333333333333333,Kanye West,DE,24,m,US,Male
400,8,0.31546487678572877,Kurt Vile,DE,24,m,US,Male
400,9,0.3010299956639812,Katy Perry,DE,24,m,US,Female
400,10,0.2890648263178879,Avril Lavigne,DE,24,m,CA,Female
401,1,1.0,Jennifer Paige,US,22,m,US,Female
401,2,0.6309297535714575,Grimes,US,22,m,CA,Female
401,3,0.5,Tove Lo,US,22,m,SE,Female
401,4,0.43067655807339306,Queen,US,22,m,JP,Female
401,5,0.38685280723454163,Ed Sheeran,US,22,m,UK,Male
401,6,0.3562071871080222,Frank Ocean,US,22,m,US,Male
401,7,0.3333333333333333,Weyes Blood,US,22,m,US,Female
401,8,0.31546487678572877,Ariana Grande,US,22,m,US,Female
401,9,0.3010299956639812,Chelsea Wolfe,US,22,m,US,Female
401,10,0.2890648263178879,Kygo,US,22,m,NO,Male
402,1,1.0,Grimes,DE,22,m,CA,Female
402,2,0.6309297535714575,Weyes Blood,DE,22,m,US,Female
402,3,0.5,Charles Bolt,DE,22,m,US,Male
402,4,0.43067655807339306,John Maus,DE,22,m,US,Male
402,5,0.38685280723454163,Ed Sheeran,DE,22,m,UK,Male
402,6,0.3562071871080222,Frank Ocean,DE,22,m,US,Male
402,7,0.3333333333333333,Ariana Grande,DE,22,m,US,Female
402,8,0.31546487678572877,Dimension,DE,22,m,ES,Male
402,9,0.3010299956639812,Nik Kershaw,DE,22,m,UK,Male
402,10,0.2890648263178879,Neil Diamond,DE,22,m,US,Male
403,1,1.0,Lily Allen,IR,32,m,UK,Female
403,2,0.6309297535714575,Jennifer Paige,IR,32,m,US,Female
403,3,0.5,Ed Sheeran,IR,32,m,UK,Male
403,4,0.43067655807339306,Kygo,IR,32,m,NO,Male
403,5,0.38685280723454163,Ed Sheeran,IR,32,m,UK,Male
403,6,0.3562071871080222,Apparat,IR,32,m,DE,Male
403,7,0.3333333333333333,Kurt Vile,IR,32,m,US,Male
403,8,0.31546487678572877,Grimes,IR,32,m,CA,Female
403,9,0.3010299956639812,John Mayer,IR,32,m,IN,Male
403,10,0.2890648263178879,Chelsea Wolfe,IR,32,m,US,Female
404,1,1.0,Jennifer Paige,UK,20,f,US,Female
404,2,0.6309297535714575,Joe Goddard,UK,20,f,UK,Male
404,3,0.5,Queen,UK,20,f,JP,Female
404,4,0.43067655807339306,Ed Sheeran,UK,20,f,UK,Male
404,5,0.38685280723454163,Weyes Blood,UK,20,f,US,Female
404,6,0.3562071871080222,Ed Sheeran,UK,20,f,UK,Male
404,7,0.3333333333333333,Tove Lo,UK,20,f,SE,Female
404,8,0.31546487678572877,Elliott Smith,UK,20,f,US,Male
404,9,0.3010299956639812,Ariana Grande,UK,20,f,US,Female
404,10,0.2890648263178879,Kygo,UK,20,f,NO,Male
406,1,1.0,George Ezra,PL,16,m,UK,Male
406,2,0.6309297535714575,Bob Marley & The Wailers,PL,16,m,JM,Male
406,3,0.5,Taylor Swift,PL,16,m,US,Female
406,4,0.43067655807339306,Marilyn Manson,PL,16,m,US,Male
406,5,0.38685280723454163,Devendra Banhart,PL,16,m,US,Male
406,6,0.3562071871080222,Adele,PL,16,m,UK,Female
406,7,0.3333333333333333,Chelsea Wolfe,PL,16,m,US,Female
406,8,0.31546487678572877,Ed Sheeran,PL,16,m,UK,Male
406,9,0.3010299956639812,Madonna,PL,16,m,US,Female
406,10,0.2890648263178879,PJ Harvey,PL,16,m,UK,Female
407,1,1.0,John Maus,US,25,m,US,Male
407,2,0.6309297535714575,Jennifer Paige,US,25,m,US,Female
407,3,0.5,Weyes Blood,US,25,m,US,Female
407,4,0.43067655807339306,Joe Goddard,US,25,m,UK,Male
407,5,0.38685280723454163,Ry x,US,25,m,AU,Male
407,6,0.3562071871080222,Louis Tomlinson,US,25,m,UK,Male
407,7,0.3333333333333333,Chelsea Wolfe,US,25,m,US,Female
407,8,0.31546487678572877,Elliott Smith,US,25,m,US,Male
407,9,0.3010299956639812,Queen,US,25,m,JP,Female
407,10,0.2890648263178879,Tove Lo,US,25,m,SE,Female
408,1,1.0,Grimes,BR,25,m,CA,Female
408,2,0.6309297535714575,John Maus,BR,25,m,US,Male
408,3,0.5,Apparat,BR,25,m,DE,Male
408,4,0.43067655807339306,Kurt Vile,BR,25,m,US,Male
408,5,0.38685280723454163,Grimes,BR,25,m,CA,Female
408,6,0.3562071871080222,Weyes Blood,BR,25,m,US,Female
408,7,0.3333333333333333,Frank Ocean,BR,25,m,US,Male
408,8,0.31546487678572877,John Maus,BR,25,m,US,Male
408,9,0.3010299956639812,Queen,BR,25,m,JP,Female
408,10,0.2890648263178879,Dennis Lloyd,BR,25,m,IL,Male
409,1,1.0,John Maus,BR,21,m,US,Male
409,2,0.6309297535714575,Jennifer Paige,BR,21,m,US,Female
409,3,0.5,Louis Tomlinson,BR,21,m,UK,Male
409,4,0.43067655807339306,Weyes Blood,BR,21,m,US,Female
409,5,0.38685280723454163,Ry x,BR,21,m,AU,Male
409,6,0.3562071871080222,Joe Goddard,BR,21,m,UK,Male
409,7,0.3333333333333333,Chelsea Wolfe,BR,21,m,US,Female
409,8,0.31546487678572877,Tove Lo,BR,21,m,SE,Female
409,9,0.3010299956639812,Ariana Grande,BR,21,m,US,Female
409,10,0.2890648263178879,Elliott Smith,BR,21,m,US,Male
410,1,1.0,RuPaul,UK,22,m,US,Female
410,2,0.6309297535714575,Wax Tailor,UK,22,m,FR,Male
410,3,0.5,Nicki Minaj,UK,22,m,US,Female
410,4,0.43067655807339306,Britney Spears,UK,22,m,US,Female
410,5,0.38685280723454163,Perfume Genius,UK,22,m,US,Male
410,6,0.3562071871080222,Lisa Miskovsky,UK,22,m,SE,Female
410,7,0.3333333333333333,Kanye West,UK,22,m,US,Male
410,8,0.31546487678572877,Jennifer Lopez,UK,22,m,US,Female
410,9,0.3010299956639812,Mitski,UK,22,m,US,Female
410,10,0.2890648263178879,Sia,UK,22,m,AU,Female
411,1,1.0,Marilyn Manson,PL,24,m,US,Male
411,2,0.6309297535714575,Ray LaMontagne,PL,24,m,US,Male
411,3,0.5,Ariana Grande,PL,24,m,US,Female
411,4,0.43067655807339306,Justin Timberlake,PL,24,m,US,Male
411,5,0.38685280723454163,Madonna,PL,24,m,US,Female
411,6,0.3562071871080222,Seal,PL,24,m,UK,Male
411,7,0.3333333333333333,Elvis Presley,PL,24,m,US,Male
411,8,0.31546487678572877,King Krule,PL,24,m,UK,Male
411,9,0.3010299956639812,Queen,PL,24,m,JP,Female
411,10,0.2890648263178879,Flume,PL,24,m,AU,Male
412,1,1.0,Sharon Van Etten,UA,33,m,US,Female
412,2,0.6309297535714575,M. Ward,UA,33,m,US,Male
412,3,0.5,Queen,UA,33,m,JP,Female
412,4,0.43067655807339306,Justin Timberlake,UA,33,m,US,Male
412,5,0.38685280723454163,James Blake,UA,33,m,UK,Male
412,6,0.3562071871080222,Panda Bear,UA,33,m,US,Male
412,7,0.3333333333333333,Bill Callahan,UA,33,m,US,Male
412,8,0.31546487678572877,Ozzy Osbourne,UA,33,m,UK,Male
412,9,0.3010299956639812,Nick Drake,UA,33,m,UK,Male
412,10,0.2890648263178879,Leonard Cohen,UA,33,m,CA,Male
413,1,1.0,Sia,IL,21,m,AU,Female
413,2,0.6309297535714575,Queen,IL,21,m,JP,Female
413,3,0.5,Lisa Miskovsky,IL,21,m,SE,Female
413,4,0.43067655807339306,Kanye West,IL,21,m,US,Male
413,5,0.38685280723454163,Toro y Moi,IL,21,m,US,Male
413,6,0.3562071871080222,Earl Sweatshirt,IL,21,m,US,Male
413,7,0.3333333333333333,Twin Shadow,IL,21,m,US,Male
413,8,0.31546487678572877,Leonard Cohen,IL,21,m,CA,Male
413,9,0.3010299956639812,Sufjan Stevens,IL,21,m,US,Male
413,10,0.2890648263178879,Avril Lavigne,IL,21,m,CA,Female
414,1,1.0,Grimes,US,20,m,CA,Female
414,2,0.6309297535714575,Lily Allen,US,20,m,UK,Female
414,3,0.5,John Maus,US,20,m,US,Male
414,4,0.43067655807339306,Apparat,US,20,m,DE,Male
414,5,0.38685280723454163,Kurt Vile,US,20,m,US,Male
414,6,0.3562071871080222,Grimes,US,20,m,CA,Female
414,7,0.3333333333333333,Jess Glynne,US,20,m,UK,Female
414,8,0.31546487678572877,Ed Sheeran,US,20,m,UK,Male
414,9,0.3010299956639812,Weyes Blood,US,20,m,US,Female
414,10,0.2890648263178879,Frank Ocean,US,20,m,US,Male
415,1,1.0,John Maus,NL,20,f,US,Male
415,2,0.6309297535714575,Louis Tomlinson,NL,20,f,UK,Male
415,3,0.5,Weyes Blood,NL,20,f,US,Female
415,4,0.43067655807339306,Joe Goddard,NL,20,f,UK,Male
415,5,0.38685280723454163,Ry x,NL,20,f,AU,Male
415,6,0.3562071871080222,Queen,NL,20,f,JP,Female
415,7,0.3333333333333333,Ariana Grande,NL,20,f,US,Female
415,8,0.31546487678572877,Ed Sheeran,NL,20,f,UK,Male
415,9,0.3010299956639812,Tove Lo,NL,20,f,SE,Female
415,10,0.2890648263178879,Chelsea Wolfe,NL,20,f,US,Female
416,1,1.0,Grimes,BR,25,f,CA,Female
416,2,0.6309297535714575,Louis Tomlinson,BR,25,f,UK,Male
416,3,0.5,Kurt Vile,BR,25,f,US,Male
416,4,0.43067655807339306,Ed Sheeran,BR,25,f,UK,Male
416,5,0.38685280723454163,Avril Lavigne,BR,25,f,CA,Female
416,6,0.3562071871080222,Christina Aguilera,BR,25,f,US,Female
416,7,0.3333333333333333,Grimes,BR,25,f,CA,Female
416,8,0.31546487678572877,Ed Sheeran,BR,25,f,UK,Male
416,9,0.3010299956639812,Britney Spears,BR,25,f,US,Female
416,10,0.2890648263178879,Dennis Lloyd,BR,25,f,IL,Male
417,1,1.0,John Maus,BR,19,m,US,Male
417,2,0.6309297535714575,Oneohtrix Point Never,BR,19,m,US,Male
417,3,0.5,Devendra Banhart,BR,19,m,US,Male
417,4,0.43067655807339306,Chelsea Wolfe,BR,19,m,US,Female
417,5,0.38685280723454163,Mac DeMarco,BR,19,m,CA,Male
417,6,0.3562071871080222,PJ Harvey,BR,19,m,UK,Female
417,7,0.3333333333333333,Janelle Monáe,BR,19,m,US,Non-binary
417,8,0.31546487678572877,Arca,BR,19,m,VE,Non-binary
417,9,0.3010299956639812,Frank Ocean,BR,19,m,US,Male
417,10,0.2890648263178879,Kanye West,BR,19,m,US,Male
419,1,1.0,Jennifer Lopez,UK,21,m,US,Female
419,2,0.6309297535714575,Lisa Miskovsky,UK,21,m,SE,Female
419,3,0.5,Kanye West,UK,21,m,US,Male
419,4,0.43067655807339306,Katy Perry,UK,21,m,US,Female
419,5,0.38685280723454163,John Maus,UK,21,m,US,Male
419,6,0.3562071871080222,Avril Lavigne,UK,21,m,CA,Female
419,7,0.3333333333333333,Lily Allen,UK,21,m,UK,Female
419,8,0.31546487678572877,Jennifer Paige,UK,21,m,US,Female
419,9,0.3010299956639812,Ed Sheeran,UK,21,m,UK,Male
419,10,0.2890648263178879,Queen,UK,21,m,JP,Female
420,1,1.0,DJ Shadow,DE,34,m,US,Male
420,2,0.6309297535714575,Grimes,DE,34,m,CA,Female
420,3,0.5,Sia,DE,34,m,AU,Female
420,4,0.43067655807339306,Lisa Miskovsky,DE,34,m,SE,Female
420,5,0.38685280723454163,Katy Perry,DE,34,m,US,Female
420,6,0.3562071871080222,Kanye West,DE,34,m,US,Male
420,7,0.3333333333333333,Avril Lavigne,DE,34,m,CA,Female
420,8,0.31546487678572877,Apparat,DE,34,m,DE,Male
420,9,0.3010299956639812,John Maus,DE,34,m,US,Male
420,10,0.2890648263178879,Lily Allen,DE,34,m,UK,Female
421,1,1.0,Grimes,PL,24,m,CA,Female
421,2,0.6309297535714575,Sia,PL,24,m,AU,Female
421,3,0.5,John Maus,PL,24,m,US,Male
421,4,0.43067655807339306,Kurt Vile,PL,24,m,US,Male
421,5,0.38685280723454163,Kanye West,PL,24,m,US,Male
421,6,0.3562071871080222,Grimes,PL,24,m,CA,Female
421,7,0.3333333333333333,Katy Perry,PL,24,m,US,Female
421,8,0.31546487678572877,Lily Allen,PL,24,m,UK,Female
421,9,0.3010299956639812,Avril Lavigne,PL,24,m,CA,Female
421,10,0.2890648263178879,Weyes Blood,PL,24,m,US,Female
422,1,1.0,John Maus,NL,22,f,US,Male
422,2,0.6309297535714575,Frank Ocean,NL,22,f,US,Male
422,3,0.5,Joe Goddard,NL,22,f,UK,Male
422,4,0.43067655807339306,Weyes Blood,NL,22,f,US,Female
422,5,0.38685280723454163,Louis Tomlinson,NL,22,f,UK,Male
422,6,0.3562071871080222,Queen,NL,22,f,JP,Female
422,7,0.3333333333333333,Jennifer Paige,NL,22,f,US,Female
422,8,0.31546487678572877,Elliott Smith,NL,22,f,US,Male
422,9,0.3010299956639812,Ry x,NL,22,f,AU,Male
422,10,0.2890648263178879,Chelsea Wolfe,NL,22,f,US,Female
424,1,1.0,Tove Lo,TR,23,f,SE,Female
424,2,0.6309297535714575,Queen,TR,23,f,JP,Female
424,3,0.5,Ed Sheeran,TR,23,f,UK,Male
424,4,0.43067655807339306,Jess Glynne,TR,23,f,UK,Female
424,5,0.38685280723454163,Chelsea Wolfe,TR,23,f,US,Female
424,6,0.3562071871080222,Charles Bolt,TR,23,f,US,Male
424,7,0.3333333333333333,Rihanna,TR,23,f,UK,Female
424,8,0.31546487678572877,Dennis Lloyd,TR,23,f,IL,Male
424,9,0.3010299956639812,Roberta Flack,TR,23,f,US,Female
424,10,0.2890648263178879,Moby,TR,23,f,US,Male
427,1,1.0,Frank Ocean,NL,40,m,US,Male
427,2,0.6309297535714575,Ariana Grande,NL,40,m,US,Female
427,3,0.5,Rihanna,NL,40,m,UK,Female
427,4,0.43067655807339306,Moby,NL,40,m,US,Male
427,5,0.38685280723454163,Britney Spears,NL,40,m,US,Female
427,6,0.3562071871080222,Kanye West,NL,40,m,US,Male
427,7,0.3333333333333333,Wax Tailor,NL,40,m,FR,Male
427,8,0.31546487678572877,Kelly Clarkson,NL,40,m,US,Female
427,9,0.3010299956639812,Weyes Blood,NL,40,m,US,Female
427,10,0.2890648263178879,Sia,NL,40,m,AU,Female
428,1,1.0,Bill Callahan,NU,21,f,US,Male
428,2,0.6309297535714575,Leonard Cohen,NU,21,f,CA,Male
428,3,0.5,John Maus,NU,21,f,US,Male
428,4,0.43067655807339306,Laura Marling,NU,21,f,UK,Female
428,5,0.38685280723454163,Oneohtrix Point Never,NU,21,f,US,Male
428,6,0.3562071871080222,PJ Harvey,NU,21,f,UK,Female
428,7,0.3333333333333333,Chelsea Wolfe,NU,21,f,US,Female
428,8,0.31546487678572877,Noisestorm,NU,21,f,IE,Male
428,9,0.3010299956639812,Marilyn Manson,NU,21,f,US,Male
428,10,0.2890648263178879,Ozzy Osbourne,NU,21,f,UK,Male
429,1,1.0,Sia,RU,26,m,AU,Female
429,2,0.6309297535714575,Lisa Miskovsky,RU,26,m,SE,Female
429,3,0.5,Kanye West,RU,26,m,US,Male
429,4,0.43067655807339306,Frank Ocean,RU,26,m,US,Male
429,5,0.38685280723454163,John Maus,RU,26,m,US,Male
429,6,0.3562071871080222,Avril Lavigne,RU,26,m,CA,Female
429,7,0.3333333333333333,Katy Perry,RU,26,m,US,Female
429,8,0.31546487678572877,Lily Allen,RU,26,m,UK,Female
429,9,0.3010299956639812,Joe Goddard,RU,26,m,UK,Male
429,10,0.2890648263178879,Ry x,RU,26,m,AU,Male
430,1,1.0,PJ Harvey,ES,39,m,UK,Female
430,2,0.6309297535714575,Sharon Van Etten,ES,39,m,US,Female
430,3,0.5,Mac DeMarco,ES,39,m,CA,Male
430,4,0.43067655807339306,Ed Sheeran,ES,39,m,UK,Male
430,5,0.38685280723454163,Adele,ES,39,m,UK,Female
430,6,0.3562071871080222,Madonna,ES,39,m,US,Female
430,7,0.3333333333333333,Wild Nothing,ES,39,m,US,Male
430,8,0.31546487678572877,Kanye West,ES,39,m,US,Male
430,9,0.3010299956639812,Leonard Cohen,ES,39,m,CA,Male
430,10,0.2890648263178879,Emma Ruth Rundle,ES,39,m,US,Female
431,1,1.0,Lily Allen,US,26,f,UK,Female
431,2,0.6309297535714575,Wax Tailor,US,26,f,FR,Male
431,3,0.5,Rod Stewart,US,26,f,UK,Male
431,4,0.43067655807339306,James Blake,US,26,f,UK,Male
431,5,0.38685280723454163,Tame Impala,US,26,f,AU,Male
431,6,0.3562071871080222,Frank Ocean,US,26,f,US,Male
431,7,0.3333333333333333,Chuck Berry,US,26,f,US,Male
431,8,0.31546487678572877,Lisa Miskovsky,US,26,f,SE,Female
431,9,0.3010299956639812,Rita Ora,US,26,f,UK,Female
431,10,0.2890648263178879,Ed Sheeran,US,26,f,UK,Male
432,1,1.0,Frank Ocean,VN,23,m,US,Male
432,2,0.6309297535714575,Kanye West,VN,23,m,US,Male
432,3,0.5,Lorde,VN,23,m,NZ,Female
432,4,0.43067655807339306,Thom Yorke,VN,23,m,UK,Male
432,5,0.38685280723454163,DJ Shadow,VN,23,m,US,Male
432,6,0.3562071871080222,Sia,VN,23,m,AU,Female
432,7,0.3333333333333333,Britney Spears,VN,23,m,US,Female
432,8,0.31546487678572877,Grimes,VN,23,m,CA,Female
432,9,0.3010299956639812,Mariah Carey,VN,23,m,US,Female
432,10,0.2890648263178879,Rod Stewart,VN,23,m,UK,Male
433,1,1.0,Sharon Van Etten,DE,32,f,US,Female
433,2,0.6309297535714575,Bob Marley & The Wailers,DE,32,f,JM,Male
433,3,0.5,James Blake,DE,32,f,UK,Male
433,4,0.43067655807339306,Panda Bear,DE,32,f,US,Male
433,5,0.38685280723454163,Adele,DE,32,f,UK,Female
433,6,0.3562071871080222,Bill Callahan,DE,32,f,US,Male
433,7,0.3333333333333333,Leonard Cohen,DE,32,f,CA,Male
433,8,0.31546487678572877,Nick Drake,DE,32,f,UK,Male
433,9,0.3010299956639812,Ed Sheeran,DE,32,f,UK,Male
433,10,0.2890648263178879,Caribou,DE,32,f,CA,Male
434,1,1.0,Norah Jones,RU,25,m,US,Female
434,2,0.6309297535714575,Kanye West,RU,25,m,US,Male
434,3,0.5,Frank Ocean,RU,25,m,US,Male
434,4,0.43067655807339306,Sia,RU,25,m,AU,Female
434,5,0.38685280723454163,George Ezra,RU,25,m,UK,Male
434,6,0.3562071871080222,Kelis,RU,25,m,US,Female
434,7,0.3333333333333333,Shawn Mendes,RU,25,m,CA,Male
434,8,0.31546487678572877,Rihanna,RU,25,m,UK,Female
434,9,0.3010299956639812,Laura Branigan,RU,25,m,US,Female
434,10,0.2890648263178879,Four Tet,RU,25,m,UK,Male
435,1,1.0,Kanye West,FI,18,f,US,Male
435,2,0.6309297535714575,Katy Perry,FI,18,f,US,Female
435,3,0.5,Avril Lavigne,FI,18,f,CA,Female
435,4,0.43067655807339306,John Maus,FI,18,f,US,Male
435,5,0.38685280723454163,Lily Allen,FI,18,f,UK,Female
435,6,0.3562071871080222,Queen,FI,18,f,JP,Female
435,7,0.3333333333333333,Louis Tomlinson,FI,18,f,UK,Male
435,8,0.31546487678572877,Ry x,FI,18,f,AU,Male
435,9,0.3010299956639812,Jennifer Paige,FI,18,f,US,Female
435,10,0.2890648263178879,Chelsea Wolfe,FI,18,f,US,Female
436,1,1.0,Grimes,BY,26,m,CA,Female
436,2,0.6309297535714575,Frank Ocean,BY,26,m,US,Male
436,3,0.5,Jennifer Paige,BY,26,m,US,Female
436,4,0.43067655807339306,John Maus,BY,26,m,US,Male
436,5,0.38685280723454163,Queen,BY,26,m,JP,Female
436,6,0.3562071871080222,Louis Tomlinson,BY,26,m,UK,Male
436,7,0.3333333333333333,Kygo,BY,26,m,NO,Male
436,8,0.31546487678572877,Tove Lo,BY,26,m,SE,Female
436,9,0.3010299956639812,Chelsea Wolfe,BY,26,m,US,Female
436,10,0.2890648263178879,Joe Goddard,BY,26,m,UK,Male
437,1,1.0,Ed Sheeran,FR,23,m,UK,Male
437,2,0.6309297535714575,Madonna,FR,23,m,US,Female
437,3,0.5,Seal,FR,23,m,UK,Male
437,4,0.43067655807339306,The Tallest Man on Earth,FR,23,m,SE,Male
437,5,0.38685280723454163,Ariana Grande,FR,23,m,US,Female
437,6,0.3562071871080222,James Blake,FR,23,m,UK,Male
437,7,0.3333333333333333,Angel Olsen,FR,23,m,US,Female
437,8,0.31546487678572877,Carpenter Brut,FR,23,m,FR,Male
437,9,0.3010299956639812,Elvis Presley,FR,23,m,US,Male
437,10,0.2890648263178879,King Krule,FR,23,m,UK,Male
438,1,1.0,Louis Tomlinson,UK,30,m,UK,Male
438,2,0.6309297535714575,Jennifer Paige,UK,30,m,US,Female
438,3,0.5,Ed Sheeran,UK,30,m,UK,Male
438,4,0.43067655807339306,Tove Lo,UK,30,m,SE,Female
438,5,0.38685280723454163,Ed Sheeran,UK,30,m,UK,Male
438,6,0.3562071871080222,Kygo,UK,30,m,NO,Male
438,7,0.3333333333333333,Ariana Grande,UK,30,m,US,Female
438,8,0.31546487678572877,John Maus,UK,30,m,US,Male
438,9,0.3010299956639812,Chelsea Wolfe,UK,30,m,US,Female
438,10,0.2890648263178879,Queen,UK,30,m,JP,Female
439,1,1.0,Grimes,IT,23,f,CA,Female
439,2,0.6309297535714575,Weyes Blood,IT,23,f,US,Female
439,3,0.5,Ed Sheeran,IT,23,f,UK,Male
439,4,0.43067655807339306,Ed Sheeran,IT,23,f,UK,Male
439,5,0.38685280723454163,Queen,IT,23,f,JP,Female
439,6,0.3562071871080222,Frank Ocean,IT,23,f,US,Male
439,7,0.3333333333333333,Charles Bolt,IT,23,f,US,Male
439,8,0.31546487678572877,John Maus,IT,23,f,US,Male
439,9,0.3010299956639812,Dennis Lloyd,IT,23,f,IL,Male
439,10,0.2890648263178879,Dimension,IT,23,f,ES,Male
440,1,1.0,Grimes,FR,23,m,CA,Female
440,2,0.6309297535714575,Rod Stewart,FR,23,m,UK,Male
440,3,0.5,Wax Tailor,FR,23,m,FR,Male
440,4,0.43067655807339306,Nicki Minaj,FR,23,m,US,Female
440,5,0.38685280723454163,Britney Spears,FR,23,m,US,Female
440,6,0.3562071871080222,RuPaul,FR,23,m,US,Female
440,7,0.3333333333333333,Weyes Blood,FR,23,m,US,Female
440,8,0.31546487678572877,Grimes,FR,23,m,CA,Female
440,9,0.3010299956639812,Jennifer Lopez,FR,23,m,US,Female
440,10,0.2890648263178879,Sia,FR,23,m,AU,Female
441,1,1.0,Louis Tomlinson,PL,27,m,UK,Male
441,2,0.6309297535714575,Weyes Blood,PL,27,m,US,Female
441,3,0.5,Jennifer Paige,PL,27,m,US,Female
441,4,0.43067655807339306,Ry x,PL,27,m,AU,Male
441,5,0.38685280723454163,Joe Goddard,PL,27,m,UK,Male
441,6,0.3562071871080222,Elliott Smith,PL,27,m,US,Male
441,7,0.3333333333333333,Ed Sheeran,PL,27,m,UK,Male
441,8,0.31546487678572877,Tove Lo,PL,27,m,SE,Female
441,9,0.3010299956639812,Ihsahn,PL,27,m,NO,Male
441,10,0.2890648263178879,Ariana Grande,PL,27,m,US,Female
442,1,1.0,Bob Marley & The Wailers,US,26,m,JM,Male
442,2,0.6309297535714575,John Maus,US,26,m,US,Male
442,3,0.5,Laura Marling,US,26,m,UK,Female
442,4,0.43067655807339306,Ed Sheeran,US,26,m,UK,Male
442,5,0.38685280723454163,Madonna,US,26,m,US,Female
442,6,0.3562071871080222,Seal,US,26,m,UK,Male
442,7,0.3333333333333333,Ariana Grande,US,26,m,US,Female
442,8,0.31546487678572877,Elvis Presley,US,26,m,US,Male
442,9,0.3010299956639812,Oneohtrix Point Never,US,26,m,US,Male
442,10,0.2890648263178879,Chelsea Wolfe,US,26,m,US,Female
443,1,1.0,Kanye West,BR,20,m,US,Male
443,2,0.6309297535714575,PJ Harvey,BR,20,m,UK,Female
443,3,0.5,Wild Nothing,BR,20,m,US,Male
443,4,0.43067655807339306,Emma Ruth Rundle,BR,20,m,US,Female
443,5,0.38685280723454163,Helado Negro,BR,20,m,US,Male
443,6,0.3562071871080222,Jessie J,BR,20,m,UK,Female
443,7,0.3333333333333333,Frank Ocean,BR,20,m,US,Male
443,8,0.31546487678572877,George Ezra,BR,20,m,UK,Male
443,9,0.3010299956639812,Nick Drake,BR,20,m,UK,Male
443,10,0.2890648263178879,Sia,BR,20,m,AU,Female
444,1,1.0,Jennifer Paige,BR,20,m,US,Female
444,2,0.6309297535714575,John Maus,BR,20,m,US,Male
444,3,0.5,Kygo,BR,20,m,NO,Male
444,4,0.43067655807339306,Louis Tomlinson,BR,20,m,UK,Male
444,5,0.38685280723454163,Weyes Blood,BR,20,m,US,Female
444,6,0.3562071871080222,Chelsea Wolfe,BR,20,m,US,Female
444,7,0.3333333333333333,Queen,BR,20,m,JP,Female
444,8,0.31546487678572877,Criolo,BR,20,m,BR,Male
444,9,0.3010299956639812,Ed Sheeran,BR,20,m,UK,Male
444,10,0.2890648263178879,Ry x,BR,20,m,AU,Male
445,1,1.0,Devendra Banhart,US,19,m,US,Male
445,2,0.6309297535714575,Ed Sheeran,US,19,m,UK,Male
445,3,0.5,Madonna,US,19,m,US,Female
445,4,0.43067655807339306,PJ Harvey,US,19,m,UK,Female
445,5,0.38685280723454163,Bat for Lashes,US,19,m,UK,Female
445,6,0.3562071871080222,Damien Jurado,US,19,m,US,Male
445,7,0.3333333333333333,PJ Harvey,US,19,m,UK,Female
445,8,0.31546487678572877,Ariana Grande,US,19,m,US,Female
445,9,0.3010299956639812,Kanye West,US,19,m,US,Male
445,10,0.2890648263178879,Mac DeMarco,US,19,m,CA,Male
446,1,1.0,George Ezra,CZ,19,m,UK,Male
446,2,0.6309297535714575,Madonna,CZ,19,m,US,Female
446,3,0.5,Ed Sheeran,CZ,19,m,UK,Male
446,4,0.43067655807339306,Seal,CZ,19,m,UK,Male
446,5,0.38685280723454163,Carpenter Brut,CZ,19,m,FR,Male
446,6,0.3562071871080222,Billy Joel,CZ,19,m,US,Male
446,7,0.3333333333333333,Ariana Grande,CZ,19,m,US,Female
446,8,0.31546487678572877,Frank Ocean,CZ,19,m,US,Male
446,9,0.3010299956639812,Elvis Presley,CZ,19,m,US,Male
446,10,0.2890648263178879,Ozzy Osbourne,CZ,19,m,UK,Male
447,1,1.0,RuPaul,RU,18,f,US,Female
447,2,0.6309297535714575,John Maus,RU,18,f,US,Male
447,3,0.5,Sia,RU,18,f,AU,Female
447,4,0.43067655807339306,Apparat,RU,18,f,DE,Male
447,5,0.38685280723454163,Kurt Vile,RU,18,f,US,Male
447,6,0.3562071871080222,Kanye West,RU,18,f,US,Male
447,7,0.3333333333333333,Grimes,RU,18,f,CA,Female
447,8,0.31546487678572877,Weyes Blood,RU,18,f,US,Female
447,9,0.3010299956639812,Avril Lavigne,RU,18,f,CA,Female
447,10,0.2890648263178879,Katy Perry,RU,18,f,US,Female
448,1,1.0,Frank Ocean,PL,19,f,US,Male
448,2,0.6309297535714575,Louis Tomlinson,PL,19,f,UK,Male
448,3,0.5,Jennifer Paige,PL,19,f,US,Female
448,4,0.43067655807339306,Queen,PL,19,f,JP,Female
448,5,0.38685280723454163,John Maus,PL,19,f,US,Male
448,6,0.3562071871080222,Tove Lo,PL,19,f,SE,Female
448,7,0.3333333333333333,Ed Sheeran,PL,19,f,UK,Male
448,8,0.31546487678572877,Kygo,PL,19,f,NO,Male
448,9,0.3010299956639812,Ed Sheeran,PL,19,f,UK,Male
448,10,0.2890648263178879,Ry x,PL,19,f,AU,Male
449,1,1.0,Wax Tailor,NL,41,m,FR,Male
449,2,0.6309297535714575,Britney Spears,NL,41,m,US,Female
449,3,0.5,Nicki Minaj,NL,41,m,US,Female
449,4,0.43067655807339306,RuPaul,NL,41,m,US,Female
449,5,0.38685280723454163,Sia,NL,41,m,AU,Female
449,6,0.3562071871080222,Kanye West,NL,41,m,US,Male
449,7,0.3333333333333333,Jennifer Lopez,NL,41,m,US,Female
449,8,0.31546487678572877,Lisa Miskovsky,NL,41,m,SE,Female
449,9,0.3010299956639812,Avril Lavigne,NL,41,m,CA,Female
449,10,0.2890648263178879,Lily Allen,NL,41,m,UK,Female
451,1,1.0,Katy Perry,BR,24,m,US,Female
451,2,0.6309297535714575,Avril Lavigne,BR,24,m,CA,Female
451,3,0.5,Lily Allen,BR,24,m,UK,Female
451,4,0.43067655807339306,Chelsea Wolfe,BR,24,m,US,Female
451,5,0.38685280723454163,Weyes Blood,BR,24,m,US,Female
451,6,0.3562071871080222,Elliott Smith,BR,24,m,US,Male
451,7,0.3333333333333333,Jennifer Paige,BR,24,m,US,Female
451,8,0.31546487678572877,Louis Tomlinson,BR,24,m,UK,Male
451,9,0.3010299956639812,Tove Lo,BR,24,m,SE,Female
451,10,0.2890648263178879,Ed Sheeran,BR,24,m,UK,Male
452,1,1.0,Grimes,RU,32,m,CA,Female
452,2,0.6309297535714575,Louis Tomlinson,RU,32,m,UK,Male
452,3,0.5,Weyes Blood,RU,32,m,US,Female
452,4,0.43067655807339306,Jennifer Paige,RU,32,m,US,Female
452,5,0.38685280723454163,Ed Sheeran,RU,32,m,UK,Male
452,6,0.3562071871080222,Ed Sheeran,RU,32,m,UK,Male
452,7,0.3333333333333333,Charles Bolt,RU,32,m,US,Male
452,8,0.31546487678572877,Frank Ocean,RU,32,m,US,Male
452,9,0.3010299956639812,Kygo,RU,32,m,NO,Male
452,10,0.2890648263178879,IAMX,RU,32,m,DE,Male
453,1,1.0,Grimes,BG,19,m,CA,Female
453,2,0.6309297535714575,Frank Ocean,BG,19,m,US,Male
453,3,0.5,John Maus,BG,19,m,US,Male
453,4,0.43067655807339306,Louis Tomlinson,BG,19,m,UK,Male
453,5,0.38685280723454163,Jennifer Paige,BG,19,m,US,Female
453,6,0.3562071871080222,Chelsea Wolfe,BG,19,m,US,Female
453,7,0.3333333333333333,Joe Goddard,BG,19,m,UK,Male
453,8,0.31546487678572877,Ed Sheeran,BG,19,m,UK,Male
453,9,0.3010299956639812,Queen,BG,19,m,JP,Female
453,10,0.2890648263178879,Ariana Grande,BG,19,m,US,Female
454,1,1.0,John Maus,UK,20,m,US,Male
454,2,0.6309297535714575,Oneohtrix Point Never,UK,20,m,US,Male
454,3,0.5,Chelsea Wolfe,UK,20,m,US,Female
454,4,0.43067655807339306,PJ Harvey,UK,20,m,UK,Female
454,5,0.38685280723454163,Bob Marley & The Wailers,UK,20,m,JM,Male
454,6,0.3562071871080222,Arca,UK,20,m,VE,Non-binary
454,7,0.3333333333333333,Damien Jurado,UK,20,m,US,Male
454,8,0.31546487678572877,Devendra Banhart,UK,20,m,US,Male
454,9,0.3010299956639812,Ed Sheeran,UK,20,m,UK,Male
454,10,0.2890648263178879,Taylor Swift,UK,20,m,US,Female
455,1,1.0,RuPaul,PL,19,m,US,Female
455,2,0.6309297535714575,Grimes,PL,19,m,CA,Female
455,3,0.5,Jennifer Lopez,PL,19,m,US,Female
455,4,0.43067655807339306,Sia,PL,19,m,AU,Female
455,5,0.38685280723454163,Weyes Blood,PL,19,m,US,Female
455,6,0.3562071871080222,Lisa Miskovsky,PL,19,m,SE,Female
455,7,0.3333333333333333,Kanye West,PL,19,m,US,Male
455,8,0.31546487678572877,Avril Lavigne,PL,19,m,CA,Female
455,9,0.3010299956639812,Katy Perry,PL,19,m,US,Female
455,10,0.2890648263178879,Frank Ocean,PL,19,m,US,Male
456,1,1.0,Kanye West,GR,54,m,US,Male
456,2,0.6309297535714575,DJ Shadow,GR,54,m,US,Male
456,3,0.5,Kanye West,GR,54,m,US,Male
456,4,0.43067655807339306,Avril Lavigne,GR,54,m,CA,Female
456,5,0.38685280723454163,Grimes,GR,54,m,CA,Female
456,6,0.3562071871080222,Tove Lo,GR,54,m,SE,Female
456,7,0.3333333333333333,Apparat,GR,54,m,DE,Male
456,8,0.31546487678572877,Kygo,GR,54,m,NO,Male
456,9,0.3010299956639812,Ariana Grande,GR,54,m,US,Female
456,10,0.2890648263178879,John Maus,GR,54,m,US,Male
457,1,1.0,Grimes,MX,23,f,CA,Female
457,2,0.6309297535714575,Weyes Blood,MX,23,f,US,Female
457,3,0.5,Frank Ocean,MX,23,f,US,Male
457,4,0.43067655807339306,Dido,MX,23,f,UK,Female
457,5,0.38685280723454163,Rihanna,MX,23,f,UK,Female
457,6,0.3562071871080222,John Maus,MX,23,f,US,Male
457,7,0.3333333333333333,Ed Sheeran,MX,23,f,UK,Male
457,8,0.31546487678572877,Weyes Blood,MX,23,f,US,Female
457,9,0.3010299956639812,Ed Sheeran,MX,23,f,UK,Male
457,10,0.2890648263178879,Chelsea Wolfe,MX,23,f,US,Female
458,1,1.0,Sharon Van Etten,RU,52,m,US,Female
458,2,0.6309297535714575,Panda Bear,RU,52,m,US,Male
458,3,0.5,Bill Callahan,RU,52,m,US,Male
458,4,0.43067655807339306,Leonard Cohen,RU,52,m,CA,Male
458,5,0.38685280723454163,Nick Drake,RU,52,m,UK,Male
458,6,0.3562071871080222,John Maus,RU,52,m,US,Male
458,7,0.3333333333333333,Caribou,RU,52,m,CA,Male
458,8,0.31546487678572877,John Maus,RU,52,m,US,Male
458,9,0.3010299956639812,John Maus,RU,52,m,US,Male
458,10,0.2890648263178879,Panda Bear,RU,52,m,US,Male
459,1,1.0,Joe Goddard,RU,27,m,UK,Male
459,2,0.6309297535714575,Weyes Blood,RU,27,m,US,Female
459,3,0.5,Ry x,RU,27,m,AU,Male
459,4,0.43067655807339306,Louis Tomlinson,RU,27,m,UK,Male
459,5,0.38685280723454163,Queen,RU,27,m,JP,Female
459,6,0.3562071871080222,Elliott Smith,RU,27,m,US,Male
459,7,0.3333333333333333,Chelsea Wolfe,RU,27,m,US,Female
459,8,0.31546487678572877,Jennifer Paige,RU,27,m,US,Female
459,9,0.3010299956639812,Tove Lo,RU,27,m,SE,Female
459,10,0.2890648263178879,Ed Sheeran,RU,27,m,UK,Male
460,1,1.0,Lisa Miskovsky,US,18,m,SE,Female
460,2,0.6309297535714575,Jess Glynne,US,18,m,UK,Female
460,3,0.5,Bruno Mars,US,18,m,US,Male
460,4,0.43067655807339306,Alexandra Stan,US,18,m,RO,Female
460,5,0.38685280723454163,Gregory Porter,US,18,m,US,Male
460,6,0.3562071871080222,Beyoncé,US,18,m,US,Female
460,7,0.3333333333333333,Grimes,US,18,m,CA,Female
460,8,0.31546487678572877,Zella Day,US,18,m,US,Female
460,9,0.3010299956639812,Cher Lloyd,US,18,m,UK,Female
460,10,0.2890648263178879,Dua Lipa,US,18,m,UK,Female
461,1,1.0,Rod Stewart,CA,37,m,UK,Male
461,2,0.6309297535714575,Grimes,CA,37,m,CA,Female
461,3,0.5,Jennifer Lopez,CA,37,m,US,Female
461,4,0.43067655807339306,Lisa Miskovsky,CA,37,m,SE,Female
461,5,0.38685280723454163,Sia,CA,37,m,AU,Female
461,6,0.3562071871080222,RuPaul,CA,37,m,US,Female
461,7,0.3333333333333333,Apparat,CA,37,m,DE,Male
461,8,0.31546487678572877,Kurt Vile,CA,37,m,US,Male
461,9,0.3010299956639812,John Maus,CA,37,m,US,Male
461,10,0.2890648263178879,Kanye West,CA,37,m,US,Male
462,1,1.0,Bill Callahan,BR,22,m,US,Male
462,2,0.6309297535714575,John Maus,BR,22,m,US,Male
462,3,0.5,Laura Marling,BR,22,m,UK,Female
462,4,0.43067655807339306,Carpenter Brut,BR,22,m,FR,Male
462,5,0.38685280723454163,Billy Joel,BR,22,m,US,Male
462,6,0.3562071871080222,Kanye West,BR,22,m,US,Male
462,7,0.3333333333333333,Chelsea Wolfe,BR,22,m,US,Female
462,8,0.31546487678572877,Queen,BR,22,m,JP,Female
462,9,0.3010299956639812,Arca,BR,22,m,VE,Non-binary
462,10,0.2890648263178879,PJ Harvey,BR,22,m,UK,Female
463,1,1.0,Miley Cyrus,DE,22,m,US,Non-binary
463,2,0.6309297535714575,Queen,DE,22,m,JP,Female
463,3,0.5,Laura Marling,DE,22,m,UK,Female
463,4,0.43067655807339306,Queen,DE,22,m,JP,Female
463,5,0.38685280723454163,John Maus,DE,22,m,US,Male
463,6,0.3562071871080222,Taylor Swift,DE,22,m,US,Female
463,7,0.3333333333333333,Edwyn Collins,DE,22,m,UK,Male
463,8,0.31546487678572877,Mahmood,DE,22,m,IT,Male
463,9,0.3010299956639812,Miley Cyrus,DE,22,m,US,Non-binary
463,10,0.2890648263178879,Devendra Banhart,DE,22,m,US,Male
464,1,1.0,Grimes,BR,27,f,CA,Female
464,2,0.6309297535714575,Louis Tomlinson,BR,27,f,UK,Male
464,3,0.5,Frank Ocean,BR,27,f,US,Male
464,4,0.43067655807339306,Tove Lo,BR,27,f,SE,Female
464,5,0.38685280723454163,Ed Sheeran,BR,27,f,UK,Male
464,6,0.3562071871080222,Kygo,BR,27,f,NO,Male
464,7,0.3333333333333333,Ed Sheeran,BR,27,f,UK,Male
464,8,0.31546487678572877,John Maus,BR,27,f,US,Male
464,9,0.3010299956639812,Chelsea Wolfe,BR,27,f,US,Female
464,10,0.2890648263178879,Queen,BR,27,f,JP,Female
465,1,1.0,Lisa Miskovsky,BR,19,m,SE,Female
465,2,0.6309297535714575,Avril Lavigne,BR,19,m,CA,Female
465,3,0.5,Joe Goddard,BR,19,m,UK,Male
465,4,0.43067655807339306,Lily Allen,BR,19,m,UK,Female
465,5,0.38685280723454163,Elliott Smith,BR,19,m,US,Male
465,6,0.3562071871080222,Queen,BR,19,m,JP,Female
465,7,0.3333333333333333,Katy Perry,BR,19,m,US,Female
465,8,0.31546487678572877,Toro y Moi,BR,19,m,US,Male
465,9,0.3010299956639812,Twin Shadow,BR,19,m,US,Male
465,10,0.2890648263178879,Chelsea Wolfe,BR,19,m,US,Female
466,1,1.0,Grimes,MX,28,m,CA,Female
466,2,0.6309297535714575,Apparat,MX,28,m,DE,Male
466,3,0.5,Kurt Vile,MX,28,m,US,Male
466,4,0.43067655807339306,Grimes,MX,28,m,CA,Female
466,5,0.38685280723454163,Ed Sheeran,MX,28,m,UK,Male
466,6,0.3562071871080222,Kygo,MX,28,m,NO,Male
466,7,0.3333333333333333,Weyes Blood,MX,28,m,US,Female
466,8,0.31546487678572877,Queen,MX,28,m,JP,Female
466,9,0.3010299956639812,Frank Ocean,MX,28,m,US,Male
466,10,0.2890648263178879,Ariana Grande,MX,28,m,US,Female
467,1,1.0,John Maus,FI,19,m,US,Male
467,2,0.6309297535714575,Queen,FI,19,m,JP,Female
467,3,0.5,Miley Cyrus,FI,19,m,US,Non-binary
467,4,0.43067655807339306,Laura Marling,FI,19,m,UK,Female
467,5,0.38685280723454163,Chris Isaak,FI,19,m,US,Male
467,6,0.3562071871080222,Queen,FI,19,m,JP,Female
467,7,0.3333333333333333,Ariana Grande,FI,19,m,US,Female
467,8,0.31546487678572877,Ariana Grande,FI,19,m,US,Female
467,9,0.3010299956639812,Devendra Banhart,FI,19,m,US,Male
467,10,0.2890648263178879,Chelsea Wolfe,FI,19,m,US,Female
468,1,1.0,Lorde,AU,33,m,NZ,Female
468,2,0.6309297535714575,Oneohtrix Point Never,AU,33,m,US,Male
468,3,0.5,Aaron Smith,AU,33,m,US,Male
468,4,0.43067655807339306,Noisestorm,AU,33,m,IE,Male
468,5,0.38685280723454163,Devendra Banhart,AU,33,m,US,Male
468,6,0.3562071871080222,Britney Spears,AU,33,m,US,Female
468,7,0.3333333333333333,Rob Zombie,AU,33,m,US,Male
468,8,0.31546487678572877,RuPaul,AU,33,m,US,Female
468,9,0.3010299956639812,Kanye West,AU,33,m,US,Male
468,10,0.2890648263178879,Vitalic,AU,33,m,FR,Male
469,1,1.0,Bob Marley & The Wailers,FR,25,m,JM,Male
469,2,0.6309297535714575,Moby,FR,25,m,US,Male
469,3,0.5,Mahmood,FR,25,m,IT,Male
469,4,0.43067655807339306,Queen,FR,25,m,JP,Female
469,5,0.38685280723454163,Sia,FR,25,m,AU,Female
469,6,0.3562071871080222,Machine Head,FR,25,m,JP,Male
469,7,0.3333333333333333,Kanye West,FR,25,m,US,Male
469,8,0.31546487678572877,Beyoncé,FR,25,m,US,Female
469,9,0.3010299956639812,Rush,FR,25,m,US,Male
469,10,0.2890648263178879,Jennifer Paige,FR,25,m,US,Female
470,1,1.0,Grimes,BR,23,m,CA,Female
470,2,0.6309297535714575,Ed Sheeran,BR,23,m,UK,Male
470,3,0.5,Ed Sheeran,BR,23,m,UK,Male
470,4,0.43067655807339306,Jess Glynne,BR,23,m,UK,Female
470,5,0.38685280723454163,Frank Ocean,BR,23,m,US,Male
470,6,0.3562071871080222,Dennis Lloyd,BR,23,m,IL,Male
470,7,0.3333333333333333,Queen,BR,23,m,JP,Female
470,8,0.31546487678572877,Britney Spears,BR,23,m,US,Female
470,9,0.3010299956639812,Mariah Carey,BR,23,m,US,Female
470,10,0.2890648263178879,Chelsea Wolfe,BR,23,m,US,Female
471,1,1.0,PJ Harvey,AU,18,m,UK,Female
471,2,0.6309297535714575,Carpenter Brut,AU,18,m,FR,Male
471,3,0.5,Bat for Lashes,AU,18,m,UK,Female
471,4,0.43067655807339306,Mac DeMarco,AU,18,m,CA,Male
471,5,0.38685280723454163,Billy Joel,AU,18,m,US,Male
471,6,0.3562071871080222,Queen,AU,18,m,JP,Female
471,7,0.3333333333333333,Kanye West,AU,18,m,US,Male
471,8,0.31546487678572877,Ozzy Osbourne,AU,18,m,UK,Male
471,9,0.3010299956639812,Oneohtrix Point Never,AU,18,m,US,Male
471,10,0.2890648263178879,Bob Marley & The Wailers,AU,18,m,JM,Male
472,1,1.0,Kanye West,CA,32,m,US,Male
472,2,0.6309297535714575,Katy Perry,CA,32,m,US,Female
472,3,0.5,Lily Allen,CA,32,m,UK,Female
472,4,0.43067655807339306,Avril Lavigne,CA,32,m,CA,Female
472,5,0.38685280723454163,John Maus,CA,32,m,US,Male
472,6,0.3562071871080222,Frank Ocean,CA,32,m,US,Male
472,7,0.3333333333333333,Louis Tomlinson,CA,32,m,UK,Male
472,8,0.31546487678572877,Chelsea Wolfe,CA,32,m,US,Female
472,9,0.3010299956639812,Jennifer Paige,CA,32,m,US,Female
472,10,0.2890648263178879,Ihsahn,CA,32,m,NO,Male
473,1,1.0,Grimes,CA,23,f,CA,Female
473,2,0.6309297535714575,Jennifer Paige,CA,23,f,US,Female
473,3,0.5,Christina Aguilera,CA,23,f,US,Female
473,4,0.43067655807339306,John Maus,CA,23,f,US,Male
473,5,0.38685280723454163,Charles Bolt,CA,23,f,US,Male
473,6,0.3562071871080222,Apparat,CA,23,f,DE,Male
473,7,0.3333333333333333,Avril Lavigne,CA,23,f,CA,Female
473,8,0.31546487678572877,Grimes,CA,23,f,CA,Female
473,9,0.3010299956639812,Kurt Vile,CA,23,f,US,Male
473,10,0.2890648263178879,Roberta Flack,CA,23,f,US,Female
474,1,1.0,Weyes Blood,ES,25,m,US,Female
474,2,0.6309297535714575,Louis Tomlinson,ES,25,m,UK,Male
474,3,0.5,Jennifer Paige,ES,25,m,US,Female
474,4,0.43067655807339306,Queen,ES,25,m,JP,Female
474,5,0.38685280723454163,Elliott Smith,ES,25,m,US,Male
474,6,0.3562071871080222,Ed Sheeran,ES,25,m,UK,Male
474,7,0.3333333333333333,Ed Sheeran,ES,25,m,UK,Male
474,8,0.31546487678572877,Charles Bolt,ES,25,m,US,Male
474,9,0.3010299956639812,Tove Lo,ES,25,m,SE,Female
474,10,0.2890648263178879,Toro y Moi,ES,25,m,US,Male
475,1,1.0,Toro y Moi,PL,24,m,US,Male
475,2,0.6309297535714575,Wax Tailor,PL,24,m,FR,Male
475,3,0.5,Tycho,PL,24,m,US,Male
475,4,0.43067655807339306,Frank Ocean,PL,24,m,US,Male
475,5,0.38685280723454163,Rod Stewart,PL,24,m,UK,Male
475,6,0.3562071871080222,DJ Shadow,PL,24,m,US,Male
475,7,0.3333333333333333,Aldous Harding,PL,24,m,NZ,Female
475,8,0.31546487678572877,Kanye West,PL,24,m,US,Male
475,9,0.3010299956639812,Kanye West,PL,24,m,US,Male
475,10,0.2890648263178879,Thom Yorke,PL,24,m,UK,Male
476,1,1.0,Katy Perry,DE,20,m,US,Female
476,2,0.6309297535714575,Louis Tomlinson,DE,20,m,UK,Male
476,3,0.5,Jennifer Paige,DE,20,m,US,Female
476,4,0.43067655807339306,Joe Goddard,DE,20,m,UK,Male
476,5,0.38685280723454163,Queen,DE,20,m,JP,Female
476,6,0.3562071871080222,Weyes Blood,DE,20,m,US,Female
476,7,0.3333333333333333,Ry x,DE,20,m,AU,Male
476,8,0.31546487678572877,Chelsea Wolfe,DE,20,m,US,Female
476,9,0.3010299956639812,Tove Lo,DE,20,m,SE,Female
476,10,0.2890648263178879,Ariana Grande,DE,20,m,US,Female
477,1,1.0,Grimes,PL,22,f,CA,Female
477,2,0.6309297535714575,Frank Ocean,PL,22,f,US,Male
477,3,0.5,John Maus,PL,22,f,US,Male
477,4,0.43067655807339306,Queen,PL,22,f,JP,Female
477,5,0.38685280723454163,Tove Lo,PL,22,f,SE,Female
477,6,0.3562071871080222,Weyes Blood,PL,22,f,US,Female
477,7,0.3333333333333333,Joe Goddard,PL,22,f,UK,Male
477,8,0.31546487678572877,Chelsea Wolfe,PL,22,f,US,Female
477,9,0.3010299956639812,Ry x,PL,22,f,AU,Male
477,10,0.2890648263178879,Ed Sheeran,PL,22,f,UK,Male
478,1,1.0,Tycho,SG,21,m,US,Male
478,2,0.6309297535714575,Frank Ocean,SG,21,m,US,Male
478,3,0.5,Kanye West,SG,21,m,US,Male
478,4,0.43067655807339306,Taylor Swift,SG,21,m,US,Female
478,5,0.38685280723454163,Frank Ocean,SG,21,m,US,Male
478,6,0.3562071871080222,Four Tet,SG,21,m,UK,Male
478,7,0.3333333333333333,Ariana Grande,SG,21,m,US,Female
478,8,0.31546487678572877,Sia,SG,21,m,AU,Female
478,9,0.3010299956639812,Seal,SG,21,m,UK,Male
478,10,0.2890648263178879,Weyes Blood,SG,21,m,US,Female
479,1,1.0,Ariana Grande,NL,22,m,US,Female
479,2,0.6309297535714575,Jessie J,NL,22,m,UK,Female
479,3,0.5,Taylor Swift,NL,22,m,US,Female
479,4,0.43067655807339306,George Ezra,NL,22,m,UK,Male
479,5,0.38685280723454163,Sia,NL,22,m,AU,Female
479,6,0.3562071871080222,Bob Marley & The Wailers,NL,22,m,JM,Male
479,7,0.3333333333333333,Marilyn Manson,NL,22,m,US,Male
479,8,0.31546487678572877,Adele,NL,22,m,UK,Female
479,9,0.3010299956639812,The Tallest Man on Earth,NL,22,m,SE,Male
479,10,0.2890648263178879,Tame Impala,NL,22,m,AU,Male
480,1,1.0,Sharon Van Etten,JP,25,m,US,Female
480,2,0.6309297535714575,Bill Callahan,JP,25,m,US,Male
480,3,0.5,Panda Bear,JP,25,m,US,Male
480,4,0.43067655807339306,Leonard Cohen,JP,25,m,CA,Male
480,5,0.38685280723454163,Lana Del Rey,JP,25,m,US,Female
480,6,0.3562071871080222,Noisestorm,JP,25,m,IE,Male
480,7,0.3333333333333333,Caribou,JP,25,m,CA,Male
480,8,0.31546487678572877,Lorde,JP,25,m,NZ,Female
480,9,0.3010299956639812,Rihanna,JP,25,m,UK,Female
480,10,0.2890648263178879,John Maus,JP,25,m,US,Male
481,1,1.0,Katy Perry,NO,39,m,US,Female
481,2,0.6309297535714575,Louis Tomlinson,NO,39,m,UK,Male
481,3,0.5,Joe Goddard,NO,39,m,UK,Male
481,4,0.43067655807339306,Jennifer Paige,NO,39,m,US,Female
481,5,0.38685280723454163,Chelsea Wolfe,NO,39,m,US,Female
481,6,0.3562071871080222,Weyes Blood,NO,39,m,US,Female
481,7,0.3333333333333333,Queen,NO,39,m,JP,Female
481,8,0.31546487678572877,Elliott Smith,NO,39,m,US,Male
481,9,0.3010299956639812,Ariana Grande,NO,39,m,US,Female
481,10,0.2890648263178879,Tove Lo,NO,39,m,SE,Female
482,1,1.0,Miley Cyrus,UK,19,f,US,Non-binary
482,2,0.6309297535714575,Ariana Grande,UK,19,f,US,Female
482,3,0.5,The Tallest Man on Earth,UK,19,f,SE,Male
482,4,0.43067655807339306,George Ezra,UK,19,f,UK,Male
482,5,0.38685280723454163,Jessie J,UK,19,f,UK,Female
482,6,0.3562071871080222,Taylor Swift,UK,19,f,US,Female
482,7,0.3333333333333333,Sia,UK,19,f,AU,Female
482,8,0.31546487678572877,Tame Impala,UK,19,f,AU,Male
482,9,0.3010299956639812,Chelsea Wolfe,UK,19,f,US,Female
482,10,0.2890648263178879,Father John Misty,UK,19,f,US,Male
483,1,1.0,Bill Callahan,US,26,m,US,Male
483,2,0.6309297535714575,John Maus,US,26,m,US,Male
483,3,0.5,Ed Sheeran,US,26,m,UK,Male
483,4,0.43067655807339306,Laura Marling,US,26,m,UK,Female
483,5,0.38685280723454163,Elvis Presley,US,26,m,US,Male
483,6,0.3562071871080222,Oneohtrix Point Never,US,26,m,US,Male
483,7,0.3333333333333333,PJ Harvey,US,26,m,UK,Female
483,8,0.31546487678572877,Devendra Banhart,US,26,m,US,Male
483,9,0.3010299956639812,Carpenter Brut,US,26,m,FR,Male
483,10,0.2890648263178879,Billy Joel,US,26,m,US,Male
484,1,1.0,Lorde,RU,21,m,NZ,Female
484,2,0.6309297535714575,DJ Shadow,RU,21,m,US,Male
484,3,0.5,Grimes,RU,21,m,CA,Female
484,4,0.43067655807339306,Sia,RU,21,m,AU,Female
484,5,0.38685280723454163,Rod Stewart,RU,21,m,UK,Male
484,6,0.3562071871080222,Mariah Carey,RU,21,m,US,Female
484,7,0.3333333333333333,Rush,RU,21,m,US,Male
484,8,0.31546487678572877,Moby,RU,21,m,US,Male
484,9,0.3010299956639812,Sia,RU,21,m,AU,Female
484,10,0.2890648263178879,John Maus,RU,21,m,US,Male
485,1,1.0,Bat for Lashes,MX,20,m,UK,Female
485,2,0.6309297535714575,PJ Harvey,MX,20,m,UK,Female
485,3,0.5,George Ezra,MX,20,m,UK,Male
485,4,0.43067655807339306,Wild Nothing,MX,20,m,US,Male
485,5,0.38685280723454163,Emma Ruth Rundle,MX,20,m,US,Female
485,6,0.3562071871080222,Jessie J,MX,20,m,UK,Female
485,7,0.3333333333333333,Ariana Grande,MX,20,m,US,Female
485,8,0.31546487678572877,Taylor Swift,MX,20,m,US,Female
485,9,0.3010299956639812,Sia,MX,20,m,AU,Female
485,10,0.2890648263178879,Marilyn Manson,MX,20,m,US,Male
487,1,1.0,John Maus,US,30,m,US,Male
487,2,0.6309297535714575,Louis Tomlinson,US,30,m,UK,Male
487,3,0.5,Jennifer Paige,US,30,m,US,Female
487,4,0.43067655807339306,Joe Goddard,US,30,m,UK,Male
487,5,0.38685280723454163,Ry x,US,30,m,AU,Male
487,6,0.3562071871080222,Tove Lo,US,30,m,SE,Female
487,7,0.3333333333333333,Ed Sheeran,US,30,m,UK,Male
487,8,0.31546487678572877,Weyes Blood,US,30,m,US,Female
487,9,0.3010299956639812,Ed Sheeran,US,30,m,UK,Male
487,10,0.2890648263178879,Elliott Smith,US,30,m,US,Male
488,1,1.0,Frank Ocean,UK,42,m,US,Male
488,2,0.6309297535714575,Ed Sheeran,UK,42,m,UK,Male
488,3,0.5,Ariana Grande,UK,42,m,US,Female
488,4,0.43067655807339306,Dennis Lloyd,UK,42,m,IL,Male
488,5,0.38685280723454163,Elliott Smith,UK,42,m,US,Male
488,6,0.3562071871080222,Ry x,UK,42,m,AU,Male
488,7,0.3333333333333333,Joe Goddard,UK,42,m,UK,Male
488,8,0.31546487678572877,Weyes Blood,UK,42,m,US,Female
488,9,0.3010299956639812,Lauren Daigle,UK,42,m,US,Female
488,10,0.2890648263178879,Ice Cube,UK,42,m,US,Male
489,1,1.0,John Maus,DE,24,m,US,Male
489,2,0.6309297535714575,Oneohtrix Point Never,DE,24,m,US,Male
489,3,0.5,Ed Sheeran,DE,24,m,UK,Male
489,4,0.43067655807339306,Chelsea Wolfe,DE,24,m,US,Female
489,5,0.38685280723454163,PJ Harvey,DE,24,m,UK,Female
489,6,0.3562071871080222,Bat for Lashes,DE,24,m,UK,Female
489,7,0.3333333333333333,Ariana Grande,DE,24,m,US,Female
489,8,0.31546487678572877,Elvis Presley,DE,24,m,US,Male
489,9,0.3010299956639812,Damien Jurado,DE,24,m,US,Male
489,10,0.2890648263178879,Kanye West,DE,24,m,US,Male
490,1,1.0,Phill Veras,AR,24,m,BR,Male
490,2,0.6309297535714575,Norah Jones,AR,24,m,US,Female
490,3,0.5,Caetano Veloso,AR,24,m,BR,Male
490,4,0.43067655807339306,Zeca Pagodinho,AR,24,m,BR,Male
490,5,0.38685280723454163,Alcione,AR,24,m,BR,Female
490,6,0.3562071871080222,Marina Lima,AR,24,m,BR,Female
490,7,0.3333333333333333,PJ Harvey,AR,24,m,UK,Female
490,8,0.31546487678572877,Curumin,AR,24,m,BR,Male
490,9,0.3010299956639812,Billy Joel,AR,24,m,US,Male
490,10,0.2890648263178879,Shania Twain,AR,24,m,CA,Female
491,1,1.0,Avril Lavigne,RU,24,m,CA,Female
491,2,0.6309297535714575,Katy Perry,RU,24,m,US,Female
491,3,0.5,Lily Allen,RU,24,m,UK,Female
491,4,0.43067655807339306,Weyes Blood,RU,24,m,US,Female
491,5,0.38685280723454163,Elliott Smith,RU,24,m,US,Male
491,6,0.3562071871080222,Louis Tomlinson,RU,24,m,UK,Male
491,7,0.3333333333333333,Jennifer Paige,RU,24,m,US,Female
491,8,0.31546487678572877,Queen,RU,24,m,JP,Female
491,9,0.3010299956639812,Ed Sheeran,RU,24,m,UK,Male
491,10,0.2890648263178879,Toro y Moi,RU,24,m,US,Male
492,1,1.0,Grimes,UK,34,m,CA,Female
492,2,0.6309297535714575,John Maus,UK,34,m,US,Male
492,3,0.5,Apparat,UK,34,m,DE,Male
492,4,0.43067655807339306,Lisa Miskovsky,UK,34,m,SE,Female
492,5,0.38685280723454163,Lily Allen,UK,34,m,UK,Female
492,6,0.3562071871080222,Kurt Vile,UK,34,m,US,Male
492,7,0.3333333333333333,Grimes,UK,34,m,CA,Female
492,8,0.31546487678572877,Jennifer Paige,UK,34,m,US,Female
492,9,0.3010299956639812,Tove Lo,UK,34,m,SE,Female
492,10,0.2890648263178879,Weyes Blood,UK,34,m,US,Female
493,1,1.0,DJ Shadow,PL,20,m,US,Male
493,2,0.6309297535714575,Toro y Moi,PL,20,m,US,Male
493,3,0.5,Four Tet,PL,20,m,UK,Male
493,4,0.43067655807339306,Frank Ocean,PL,20,m,US,Male
493,5,0.38685280723454163,Mariah Carey,PL,20,m,US,Female
493,6,0.3562071871080222,Britney Spears,PL,20,m,US,Female
493,7,0.3333333333333333,Taylor Swift,PL,20,m,US,Female
493,8,0.31546487678572877,Ed Sheeran,PL,20,m,UK,Male
493,9,0.3010299956639812,Mariah Carey,PL,20,m,US,Female
493,10,0.2890648263178879,Lauren Daigle,PL,20,m,US,Female
494,1,1.0,Bill Callahan,IT,25,m,US,Male
494,2,0.6309297535714575,John Maus,IT,25,m,US,Male
494,3,0.5,John Maus,IT,25,m,US,Male
494,4,0.43067655807339306,Laura Marling,IT,25,m,UK,Female
494,5,0.38685280723454163,Queen,IT,25,m,JP,Female
494,6,0.3562071871080222,Oneohtrix Point Never,IT,25,m,US,Male
494,7,0.3333333333333333,Justin Timberlake,IT,25,m,US,Male
494,8,0.31546487678572877,Devendra Banhart,IT,25,m,US,Male
494,9,0.3010299956639812,Chelsea Wolfe,IT,25,m,US,Female
494,10,0.2890648263178879,PJ Harvey,IT,25,m,UK,Female
495,1,1.0,Katy Perry,FI,16,m,US,Female
495,2,0.6309297535714575,John Maus,FI,16,m,US,Male
495,3,0.5,Jennifer Paige,FI,16,m,US,Female
495,4,0.43067655807339306,Louis Tomlinson,FI,16,m,UK,Male
495,5,0.38685280723454163,Queen,FI,16,m,JP,Female
495,6,0.3562071871080222,Weyes Blood,FI,16,m,US,Female
495,7,0.3333333333333333,Joe Goddard,FI,16,m,UK,Male
495,8,0.31546487678572877,Ry x,FI,16,m,AU,Male
495,9,0.3010299956639812,Chelsea Wolfe,FI,16,m,US,Female
495,10,0.2890648263178879,Tove Lo,FI,16,m,SE,Female
496,1,1.0,Kanye West,BR,20,m,US,Male
496,2,0.6309297535714575,Avril Lavigne,BR,20,m,CA,Female
496,3,0.5,Katy Perry,BR,20,m,US,Female
496,4,0.43067655807339306,Lily Allen,BR,20,m,UK,Female
496,5,0.38685280723454163,Joe Goddard,BR,20,m,UK,Male
496,6,0.3562071871080222,Ry x,BR,20,m,AU,Male
496,7,0.3333333333333333,Queen,BR,20,m,JP,Female
496,8,0.31546487678572877,Weyes Blood,BR,20,m,US,Female
496,9,0.3010299956639812,Elliott Smith,BR,20,m,US,Male
496,10,0.2890648263178879,Chelsea Wolfe,BR,20,m,US,Female
497,1,1.0,John Maus,NL,33,m,US,Male
497,2,0.6309297535714575,Jennifer Paige,NL,33,m,US,Female
497,3,0.5,Louis Tomlinson,NL,33,m,UK,Male
497,4,0.43067655807339306,Ry x,NL,33,m,AU,Male
497,5,0.38685280723454163,Joe Goddard,NL,33,m,UK,Male
497,6,0.3562071871080222,Weyes Blood,NL,33,m,US,Female
497,7,0.3333333333333333,Tove Lo,NL,33,m,SE,Female
497,8,0.31546487678572877,Ariana Grande,NL,33,m,US,Female
497,9,0.3010299956639812,Chelsea Wolfe,NL,33,m,US,Female
497,10,0.2890648263178879,Ed Sheeran,NL,33,m,UK,Male
498,1,1.0,Grimes,US,17,m,CA,Female
498,2,0.6309297535714575,Ed Sheeran,US,17,m,UK,Male
498,3,0.5,Ed Sheeran,US,17,m,UK,Male
498,4,0.43067655807339306,Queen,US,17,m,JP,Female
498,5,0.38685280723454163,Weyes Blood,US,17,m,US,Female
498,6,0.3562071871080222,Frank Ocean,US,17,m,US,Male
498,7,0.3333333333333333,John Maus,US,17,m,US,Male
498,8,0.31546487678572877,Oliver Koletzki,US,17,m,DE,Male
498,9,0.3010299956639812,Charles Bolt,US,17,m,US,Male
498,10,0.2890648263178879,Christina Aguilera,US,17,m,US,Female
499,1,1.0,Grimes,AR,30,m,CA,Female
499,2,0.6309297535714575,Ed Sheeran,AR,30,m,UK,Male
499,3,0.5,Tove Lo,AR,30,m,SE,Female
499,4,0.43067655807339306,Ed Sheeran,AR,30,m,UK,Male
499,5,0.38685280723454163,Weyes Blood,AR,30,m,US,Female
499,6,0.3562071871080222,Queen,AR,30,m,JP,Female
499,7,0.3333333333333333,Dimension,AR,30,m,ES,Male
499,8,0.31546487678572877,Jess Glynne,AR,30,m,UK,Female
499,9,0.3010299956639812,Frank Ocean,AR,30,m,US,Male
499,10,0.2890648263178879,Ariana Grande,AR,30,m,US,Female
500,1,1.0,Louis Tomlinson,BR,20,f,UK,Male
500,2,0.6309297535714575,Taylor Swift,BR,20,f,US,Female
500,3,0.5,Ed Sheeran,BR,20,f,UK,Male
500,4,0.43067655807339306,Dido,BR,20,f,UK,Female
500,5,0.38685280723454163,Madonna,BR,20,f,US,Female
500,6,0.3562071871080222,Ed Sheeran,BR,20,f,UK,Male
500,7,0.3333333333333333,Adele,BR,20,f,UK,Female
500,8,0.31546487678572877,Céu,BR,20,f,BR,Female
500,9,0.3010299956639812,Caetano Veloso,BR,20,f,BR,Male
500,10,0.2890648263178879,Grimes,BR,20,f,CA,Female
501,1,1.0,Grimes,BR,18,m,CA,Female
501,2,0.6309297535714575,Lisa Miskovsky,BR,18,m,SE,Female
501,3,0.5,John Maus,BR,18,m,US,Male
501,4,0.43067655807339306,Apparat,BR,18,m,DE,Male
501,5,0.38685280723454163,Kurt Vile,BR,18,m,US,Male
501,6,0.3562071871080222,Grimes,BR,18,m,CA,Female
501,7,0.3333333333333333,Jess Glynne,BR,18,m,UK,Female
501,8,0.31546487678572877,Frank Ocean,BR,18,m,US,Male
501,9,0.3010299956639812,Madison Beer,BR,18,m,US,Female
501,10,0.2890648263178879,Ed Sheeran,BR,18,m,UK,Male
502,1,1.0,Ariana Grande,PL,18,m,US,Female
502,2,0.6309297535714575,Rod Stewart,PL,18,m,UK,Male
502,3,0.5,Sia,PL,18,m,AU,Female
502,4,0.43067655807339306,Moby,PL,18,m,US,Male
502,5,0.38685280723454163,Kelly Clarkson,PL,18,m,US,Female
502,6,0.3562071871080222,Wax Tailor,PL,18,m,FR,Male
502,7,0.3333333333333333,Nicki Minaj,PL,18,m,US,Female
502,8,0.31546487678572877,Britney Spears,PL,18,m,US,Female
502,9,0.3010299956639812,RuPaul,PL,18,m,US,Female
502,10,0.2890648263178879,Sia,PL,18,m,AU,Female
503,1,1.0,Rod Stewart,NL,51,m,UK,Male
503,2,0.6309297535714575,Ariana Grande,NL,51,m,US,Female
503,3,0.5,Sia,NL,51,m,AU,Female
503,4,0.43067655807339306,Moby,NL,51,m,US,Male
503,5,0.38685280723454163,Kelly Clarkson,NL,51,m,US,Female
503,6,0.3562071871080222,Wax Tailor,NL,51,m,FR,Male
503,7,0.3333333333333333,Nicki Minaj,NL,51,m,US,Female
503,8,0.31546487678572877,Rihanna,NL,51,m,UK,Female
503,9,0.3010299956639812,Britney Spears,NL,51,m,US,Female
503,10,0.2890648263178879,Nicki Minaj,NL,51,m,US,Female
504,1,1.0,Bill Callahan,NL,57,m,US,Male
504,2,0.6309297535714575,John Maus,NL,57,m,US,Male
504,3,0.5,Queen,NL,57,m,JP,Female
504,4,0.43067655807339306,Laura Marling,NL,57,m,UK,Female
504,5,0.38685280723454163,Ariana Grande,NL,57,m,US,Female
504,6,0.3562071871080222,Oneohtrix Point Never,NL,57,m,US,Male
504,7,0.3333333333333333,Chelsea Wolfe,NL,57,m,US,Female
504,8,0.31546487678572877,Arca,NL,57,m,VE,Non-binary
504,9,0.3010299956639812,Ariana Grande,NL,57,m,US,Female
504,10,0.2890648263178879,Jessie J,NL,57,m,UK,Female
505,1,1.0,John Maus,PL,36,f,US,Male
505,2,0.6309297535714575,Oneohtrix Point Never,PL,36,f,US,Male
505,3,0.5,Arca,PL,36,f,VE,Non-binary
505,4,0.43067655807339306,Devendra Banhart,PL,36,f,US,Male
505,5,0.38685280723454163,PJ Harvey,PL,36,f,UK,Female
505,6,0.3562071871080222,Damien Jurado,PL,36,f,US,Male
505,7,0.3333333333333333,Billy Joel,PL,36,f,US,Male
505,8,0.31546487678572877,Bat for Lashes,PL,36,f,UK,Female
505,9,0.3010299956639812,Mac DeMarco,PL,36,f,CA,Male
505,10,0.2890648263178879,Kanye West,PL,36,f,US,Male
506,1,1.0,Frank Ocean,UA,20,m,US,Male
506,2,0.6309297535714575,Joe Goddard,UA,20,m,UK,Male
506,3,0.5,Weyes Blood,UA,20,m,US,Female
506,4,0.43067655807339306,Ry x,UA,20,m,AU,Male
506,5,0.38685280723454163,Louis Tomlinson,UA,20,m,UK,Male
506,6,0.3562071871080222,Jennifer Paige,UA,20,m,US,Female
506,7,0.3333333333333333,Queen,UA,20,m,JP,Female
506,8,0.31546487678572877,Elliott Smith,UA,20,m,US,Male
506,9,0.3010299956639812,Chelsea Wolfe,UA,20,m,US,Female
506,10,0.2890648263178879,Tove Lo,UA,20,m,SE,Female
507,1,1.0,Frank Ocean,US,40,m,US,Male
507,2,0.6309297535714575,Aldous Harding,US,40,m,NZ,Female
507,3,0.5,Tycho,US,40,m,US,Male
507,4,0.43067655807339306,Kanye West,US,40,m,US,Male
507,5,0.38685280723454163,Taylor Swift,US,40,m,US,Female
507,6,0.3562071871080222,Lana Del Rey,US,40,m,US,Female
507,7,0.3333333333333333,Four Tet,US,40,m,UK,Male
507,8,0.31546487678572877,Norah Jones,US,40,m,US,Female
507,9,0.3010299956639812,Bob Marley & The Wailers,US,40,m,JM,Male
507,10,0.2890648263178879,Seal,US,40,m,UK,Male
509,1,1.0,Kanye West,RU,18,m,US,Male
509,2,0.6309297535714575,Avril Lavigne,RU,18,m,CA,Female
509,3,0.5,Katy Perry,RU,18,m,US,Female
509,4,0.43067655807339306,Lily Allen,RU,18,m,UK,Female
509,5,0.38685280723454163,Louis Tomlinson,RU,18,m,UK,Male
509,6,0.3562071871080222,Jennifer Paige,RU,18,m,US,Female
509,7,0.3333333333333333,Chelsea Wolfe,RU,18,m,US,Female
509,8,0.31546487678572877,Joe Goddard,RU,18,m,UK,Male
509,9,0.3010299956639812,Queen,RU,18,m,JP,Female
509,10,0.2890648263178879,Weyes Blood,RU,18,m,US,Female
510,1,1.0,RuPaul,PL,31,m,US,Female
510,2,0.6309297535714575,Sia,PL,31,m,AU,Female
510,3,0.5,Lisa Miskovsky,PL,31,m,SE,Female
510,4,0.43067655807339306,Kanye West,PL,31,m,US,Male
510,5,0.38685280723454163,Frank Ocean,PL,31,m,US,Male
510,6,0.3562071871080222,John Maus,PL,31,m,US,Male
510,7,0.3333333333333333,Joe Goddard,PL,31,m,UK,Male
510,8,0.31546487678572877,Ry x,PL,31,m,AU,Male
510,9,0.3010299956639812,Avril Lavigne,PL,31,m,CA,Female
510,10,0.2890648263178879,Katy Perry,PL,31,m,US,Female
511,1,1.0,DJ Shadow,MX,22,m,US,Male
511,2,0.6309297535714575,Rod Stewart,MX,22,m,UK,Male
511,3,0.5,Wax Tailor,MX,22,m,FR,Male
511,4,0.43067655807339306,Grimes,MX,22,m,CA,Female
511,5,0.38685280723454163,Sia,MX,22,m,AU,Female
511,6,0.3562071871080222,RuPaul,MX,22,m,US,Female
511,7,0.3333333333333333,Jennifer Lopez,MX,22,m,US,Female
511,8,0.31546487678572877,Lisa Miskovsky,MX,22,m,SE,Female
511,9,0.3010299956639812,Kanye West,MX,22,m,US,Male
511,10,0.2890648263178879,Apparat,MX,22,m,DE,Male
512,1,1.0,Wax Tailor,CA,20,m,FR,Male
512,2,0.6309297535714575,RuPaul,CA,20,m,US,Female
512,3,0.5,Jennifer Lopez,CA,20,m,US,Female
512,4,0.43067655807339306,Sia,CA,20,m,AU,Female
512,5,0.38685280723454163,Lisa Miskovsky,CA,20,m,SE,Female
512,6,0.3562071871080222,John Maus,CA,20,m,US,Male
512,7,0.3333333333333333,Avril Lavigne,CA,20,m,CA,Female
512,8,0.31546487678572877,Joe Goddard,CA,20,m,UK,Male
512,9,0.3010299956639812,Katy Perry,CA,20,m,US,Female
512,10,0.2890648263178879,Ry x,CA,20,m,AU,Male
513,1,1.0,Lisa Miskovsky,NL,36,m,SE,Female
513,2,0.6309297535714575,Kanye West,NL,36,m,US,Male
513,3,0.5,Avril Lavigne,NL,36,m,CA,Female
513,4,0.43067655807339306,Lily Allen,NL,36,m,UK,Female
513,5,0.38685280723454163,Louis Tomlinson,NL,36,m,UK,Male
513,6,0.3562071871080222,Jennifer Paige,NL,36,m,US,Female
513,7,0.3333333333333333,Joe Goddard,NL,36,m,UK,Male
513,8,0.31546487678572877,Chelsea Wolfe,NL,36,m,US,Female
513,9,0.3010299956639812,Weyes Blood,NL,36,m,US,Female
513,10,0.2890648263178879,Ry x,NL,36,m,AU,Male
514,1,1.0,Sia,PL,15,m,AU,Female
514,2,0.6309297535714575,Grimes,PL,15,m,CA,Female
514,3,0.5,Kanye West,PL,15,m,US,Male
514,4,0.43067655807339306,Weyes Blood,PL,15,m,US,Female
514,5,0.38685280723454163,Katy Perry,PL,15,m,US,Female
514,6,0.3562071871080222,Lily Allen,PL,15,m,UK,Female
514,7,0.3333333333333333,John Maus,PL,15,m,US,Male
514,8,0.31546487678572877,Charles Bolt,PL,15,m,US,Male
514,9,0.3010299956639812,Avril Lavigne,PL,15,m,CA,Female
514,10,0.2890648263178879,Louis Tomlinson,PL,15,m,UK,Male
515,1,1.0,Bob Marley & The Wailers,US,30,m,JM,Male
515,2,0.6309297535714575,George Ezra,US,30,m,UK,Male
515,3,0.5,Marilyn Manson,US,30,m,US,Male
515,4,0.43067655807339306,Adele,US,30,m,UK,Female
515,5,0.38685280723454163,PJ Harvey,US,30,m,UK,Female
515,6,0.3562071871080222,Ed Sheeran,US,30,m,UK,Male
515,7,0.3333333333333333,Damien Jurado,US,30,m,US,Male
515,8,0.31546487678572877,Madonna,US,30,m,US,Female
515,9,0.3010299956639812,Ariana Grande,US,30,m,US,Female
515,10,0.2890648263178879,Seal,US,30,m,UK,Male
516,1,1.0,Katy Perry,CZ,23,m,US,Female
516,2,0.6309297535714575,Avril Lavigne,CZ,23,m,CA,Female
516,3,0.5,Jennifer Paige,CZ,23,m,US,Female
516,4,0.43067655807339306,Tove Lo,CZ,23,m,SE,Female
516,5,0.38685280723454163,Frank Ocean,CZ,23,m,US,Male
516,6,0.3562071871080222,Ed Sheeran,CZ,23,m,UK,Male
516,7,0.3333333333333333,Kygo,CZ,23,m,NO,Male
516,8,0.31546487678572877,Ed Sheeran,CZ,23,m,UK,Male
516,9,0.3010299956639812,Ariana Grande,CZ,23,m,US,Female
516,10,0.2890648263178879,Weyes Blood,CZ,23,m,US,Female
517,1,1.0,Moby,BR,18,m,US,Male
517,2,0.6309297535714575,Machine Head,BR,18,m,JP,Male
517,3,0.5,Madonna,BR,18,m,US,Female
517,4,0.43067655807339306,Wax Tailor,BR,18,m,FR,Male
517,5,0.38685280723454163,James Blake,BR,18,m,UK,Male
517,6,0.3562071871080222,Janelle Monáe,BR,18,m,US,Non-binary
517,7,0.3333333333333333,Tame Impala,BR,18,m,AU,Male
517,8,0.31546487678572877,Rod Stewart,BR,18,m,UK,Male
517,9,0.3010299956639812,Frank Ocean,BR,18,m,US,Male
517,10,0.2890648263178879,Madonna,BR,18,m,US,Female
518,1,1.0,Grimes,UA,25,m,CA,Female
518,2,0.6309297535714575,Frank Ocean,UA,25,m,US,Male
518,3,0.5,Britney Spears,UA,25,m,US,Female
518,4,0.43067655807339306,John Maus,UA,25,m,US,Male
518,5,0.38685280723454163,Dennis Lloyd,UA,25,m,IL,Male
518,6,0.3562071871080222,Weyes Blood,UA,25,m,US,Female
518,7,0.3333333333333333,Rihanna,UA,25,m,UK,Female
518,8,0.31546487678572877,Avril Lavigne,UA,25,m,CA,Female
518,9,0.3010299956639812,Roberta Flack,UA,25,m,US,Female
518,10,0.2890648263178879,Beyoncé,UA,25,m,US,Female
519,1,1.0,Katy Perry,US,22,m,US,Female
519,2,0.6309297535714575,Louis Tomlinson,US,22,m,UK,Male
519,3,0.5,Jennifer Paige,US,22,m,US,Female
519,4,0.43067655807339306,Queen,US,22,m,JP,Female
519,5,0.38685280723454163,Weyes Blood,US,22,m,US,Female
519,6,0.3562071871080222,Joe Goddard,US,22,m,UK,Male
519,7,0.3333333333333333,Ry x,US,22,m,AU,Male
519,8,0.31546487678572877,Tove Lo,US,22,m,SE,Female
519,9,0.3010299956639812,Ariana Grande,US,22,m,US,Female
519,10,0.2890648263178879,Ed Sheeran,US,22,m,UK,Male
520,1,1.0,Frank Ocean,IT,33,m,US,Male
520,2,0.6309297535714575,Charles Bolt,IT,33,m,US,Male
520,3,0.5,Jess Glynne,IT,33,m,UK,Female
520,4,0.43067655807339306,John Maus,IT,33,m,US,Male
520,5,0.38685280723454163,Kygo,IT,33,m,NO,Male
520,6,0.3562071871080222,Oliver Koletzki,IT,33,m,DE,Male
520,7,0.3333333333333333,Dennis Lloyd,IT,33,m,IL,Male
520,8,0.31546487678572877,Eddie Cochran,IT,33,m,US,Male
520,9,0.3010299956639812,Ry x,IT,33,m,AU,Male
520,10,0.2890648263178879,Joe Goddard,IT,33,m,UK,Male
521,1,1.0,Bill Callahan,RU,21,m,US,Male
521,2,0.6309297535714575,Elvis Presley,RU,21,m,US,Male
521,3,0.5,Oneohtrix Point Never,RU,21,m,US,Male
521,4,0.43067655807339306,Devendra Banhart,RU,21,m,US,Male
521,5,0.38685280723454163,Chelsea Wolfe,RU,21,m,US,Female
521,6,0.3562071871080222,PJ Harvey,RU,21,m,UK,Female
521,7,0.3333333333333333,Carpenter Brut,RU,21,m,FR,Male
521,8,0.31546487678572877,Queen,RU,21,m,JP,Female
521,9,0.3010299956639812,Kanye West,RU,21,m,US,Male
521,10,0.2890648263178879,Billy Joel,RU,21,m,US,Male
522,1,1.0,Curumin,BR,24,m,BR,Male
522,2,0.6309297535714575,Shania Twain,BR,24,m,CA,Female
522,3,0.5,Jorge Ben,BR,24,m,BR,Male
522,4,0.43067655807339306,Tal Wilkenfeld,BR,24,m,AU,Female
522,5,0.38685280723454163,Projota,BR,24,m,BR,Male
522,6,0.3562071871080222,Dan Sartain,BR,24,m,US,Male
522,7,0.3333333333333333,Luke Bryan,BR,24,m,US,Male
522,8,0.31546487678572877,Dylan Scott,BR,24,m,US,Male
522,9,0.3010299956639812,Projota,BR,24,m,BR,Male
522,10,0.2890648263178879,Thomas Rhett,BR,24,m,US,Male
523,1,1.0,Bob Marley & The Wailers,TR,21,m,JM,Male
523,2,0.6309297535714575,Marilyn Manson,TR,21,m,US,Male
523,3,0.5,Ed Sheeran,TR,21,m,UK,Male
523,4,0.43067655807339306,Ariana Grande,TR,21,m,US,Female
523,5,0.38685280723454163,Madonna,TR,21,m,US,Female
523,6,0.3562071871080222,Seal,TR,21,m,UK,Male
523,7,0.3333333333333333,Elvis Presley,TR,21,m,US,Male
523,8,0.31546487678572877,Billy Joel,TR,21,m,US,Male
523,9,0.3010299956639812,Carpenter Brut,TR,21,m,FR,Male
523,10,0.2890648263178879,Bob Marley & The Wailers,TR,21,m,JM,Male
524,1,1.0,Katy Perry,RU,23,m,US,Female
524,2,0.6309297535714575,Lily Allen,RU,23,m,UK,Female
524,3,0.5,Ed Sheeran,RU,23,m,UK,Male
524,4,0.43067655807339306,Chelsea Wolfe,RU,23,m,US,Female
524,5,0.38685280723454163,Twin Shadow,RU,23,m,US,Male
524,6,0.3562071871080222,Queen,RU,23,m,JP,Female
524,7,0.3333333333333333,Ed Sheeran,RU,23,m,UK,Male
524,8,0.31546487678572877,Louis Tomlinson,RU,23,m,UK,Male
524,9,0.3010299956639812,Jennifer Paige,RU,23,m,US,Female
524,10,0.2890648263178879,Sufjan Stevens,RU,23,m,US,Male
525,1,1.0,Kurt Vile,BR,24,m,US,Male
525,2,0.6309297535714575,Grimes,BR,24,m,CA,Female
525,3,0.5,Weyes Blood,BR,24,m,US,Female
525,4,0.43067655807339306,Louis Tomlinson,BR,24,m,UK,Male
525,5,0.38685280723454163,John Maus,BR,24,m,US,Male
525,6,0.3562071871080222,Frank Ocean,BR,24,m,US,Male
525,7,0.3333333333333333,Jennifer Paige,BR,24,m,US,Female
525,8,0.31546487678572877,Chelsea Wolfe,BR,24,m,US,Female
525,9,0.3010299956639812,Queen,BR,24,m,JP,Female
525,10,0.2890648263178879,Ariana Grande,BR,24,m,US,Female
526,1,1.0,Frank Ocean,RU,21,m,US,Male
526,2,0.6309297535714575,Thom Yorke,RU,21,m,UK,Male
526,3,0.5,DJ Shadow,RU,21,m,US,Male
526,4,0.43067655807339306,Grimes,RU,21,m,CA,Female
526,5,0.38685280723454163,Sia,RU,21,m,AU,Female
526,6,0.3562071871080222,Moby,RU,21,m,US,Male
526,7,0.3333333333333333,Justin Timberlake,RU,21,m,US,Male
526,8,0.31546487678572877,Ariana Grande,RU,21,m,US,Female
526,9,0.3010299956639812,Nicki Minaj,RU,21,m,US,Female
526,10,0.2890648263178879,Kelly Clarkson,RU,21,m,US,Female
527,1,1.0,Aaron Smith,UK,23,f,US,Male
527,2,0.6309297535714575,J Balvin,UK,23,f,CO,Male
527,3,0.5,Sia,UK,23,f,AU,Female
527,4,0.43067655807339306,Eminem,UK,23,f,US,Male
527,5,0.38685280723454163,Britney Spears,UK,23,f,US,Female
527,6,0.3562071871080222,Norah Jones,UK,23,f,US,Female
527,7,0.3333333333333333,Rihanna,UK,23,f,UK,Female
527,8,0.31546487678572877,Bill Callahan,UK,23,f,US,Male
527,9,0.3010299956639812,Rod Stewart,UK,23,f,UK,Male
527,10,0.2890648263178879,Sia,UK,23,f,AU,Female
528,1,1.0,Ed Sheeran,DE,24,m,UK,Male
528,2,0.6309297535714575,Ariana Grande,DE,24,m,US,Female
528,3,0.5,Damien Jurado,DE,24,m,US,Male
528,4,0.43067655807339306,Elvis Presley,DE,24,m,US,Male
528,5,0.38685280723454163,Carpenter Brut,DE,24,m,FR,Male
528,6,0.3562071871080222,Billy Joel,DE,24,m,US,Male
528,7,0.3333333333333333,Bat for Lashes,DE,24,m,UK,Female
528,8,0.31546487678572877,Bob Marley & The Wailers,DE,24,m,JM,Male
528,9,0.3010299956639812,Queen,DE,24,m,JP,Female
528,10,0.2890648263178879,Lana Del Rey,DE,24,m,US,Female
529,1,1.0,Queen,RU,22,m,JP,Female
529,2,0.6309297535714575,Weyes Blood,RU,22,m,US,Female
529,3,0.5,Joe Goddard,RU,22,m,UK,Male
529,4,0.43067655807339306,Louis Tomlinson,RU,22,m,UK,Male
529,5,0.38685280723454163,Jennifer Paige,RU,22,m,US,Female
529,6,0.3562071871080222,Ry x,RU,22,m,AU,Male
529,7,0.3333333333333333,Elliott Smith,RU,22,m,US,Male
529,8,0.31546487678572877,Tove Lo,RU,22,m,SE,Female
529,9,0.3010299956639812,Kygo,RU,22,m,NO,Male
529,10,0.2890648263178879,Ariana Grande,RU,22,m,US,Female
530,1,1.0,Louis Tomlinson,US,32,m,UK,Male
530,2,0.6309297535714575,Ed Sheeran,US,32,m,UK,Male
530,3,0.5,Jennifer Paige,US,32,m,US,Female
530,4,0.43067655807339306,Ed Sheeran,US,32,m,UK,Male
530,5,0.38685280723454163,Tove Lo,US,32,m,SE,Female
530,6,0.3562071871080222,Ariana Grande,US,32,m,US,Female
530,7,0.3333333333333333,Lana Del Rey,US,32,m,US,Female
530,8,0.31546487678572877,Charles Bolt,US,32,m,US,Male
530,9,0.3010299956639812,Queen,US,32,m,JP,Female
530,10,0.2890648263178879,IAMX,US,32,m,DE,Male
531,1,1.0,Katy Perry,US,22,m,US,Female
531,2,0.6309297535714575,Lily Allen,US,22,m,UK,Female
531,3,0.5,Louis Tomlinson,US,22,m,UK,Male
531,4,0.43067655807339306,Jennifer Paige,US,22,m,US,Female
531,5,0.38685280723454163,Weyes Blood,US,22,m,US,Female
531,6,0.3562071871080222,Queen,US,22,m,JP,Female
531,7,0.3333333333333333,Joe Goddard,US,22,m,UK,Male
531,8,0.31546487678572877,Ry x,US,22,m,AU,Male
531,9,0.3010299956639812,Chelsea Wolfe,US,22,m,US,Female
531,10,0.2890648263178879,Tove Lo,US,22,m,SE,Female
532,1,1.0,Norah Jones,PL,34,m,US,Female
532,2,0.6309297535714575,Rob Zombie,PL,34,m,US,Male
532,3,0.5,Taylor Swift,PL,34,m,US,Female
532,4,0.43067655807339306,James Blake,PL,34,m,UK,Male
532,5,0.38685280723454163,Kanye West,PL,34,m,US,Male
532,6,0.3562071871080222,Duncan Laurence,PL,34,m,NL,Male
532,7,0.3333333333333333,Carpenter Brut,PL,34,m,FR,Male
532,8,0.31546487678572877,Taylor Swift,PL,34,m,US,Female
532,9,0.3010299956639812,Ed Sheeran,PL,34,m,UK,Male
532,10,0.2890648263178879,Michael Jackson,PL,34,m,US,Male
533,1,1.0,Joe Goddard,US,22,m,UK,Male
533,2,0.6309297535714575,Tove Lo,US,22,m,SE,Female
533,3,0.5,Weyes Blood,US,22,m,US,Female
533,4,0.43067655807339306,Ry x,US,22,m,AU,Male
533,5,0.38685280723454163,Queen,US,22,m,JP,Female
533,6,0.3562071871080222,Kygo,US,22,m,NO,Male
533,7,0.3333333333333333,Ariana Grande,US,22,m,US,Female
533,8,0.31546487678572877,Ed Sheeran,US,22,m,UK,Male
533,9,0.3010299956639812,Ed Sheeran,US,22,m,UK,Male
533,10,0.2890648263178879,Elliott Smith,US,22,m,US,Male
534,1,1.0,Grimes,BR,23,m,CA,Female
534,2,0.6309297535714575,Ed Sheeran,BR,23,m,UK,Male
534,3,0.5,Ed Sheeran,BR,23,m,UK,Male
534,4,0.43067655807339306,Ariana Grande,BR,23,m,US,Female
534,5,0.38685280723454163,Frank Ocean,BR,23,m,US,Male
534,6,0.3562071871080222,John Maus,BR,23,m,US,Male
534,7,0.3333333333333333,IAMX,BR,23,m,DE,Male
534,8,0.31546487678572877,Ry x,BR,23,m,AU,Male
534,9,0.3010299956639812,Queen,BR,23,m,JP,Female
534,10,0.2890648263178879,Roberta Flack,BR,23,m,US,Female
535,1,1.0,Weyes Blood,RU,26,m,US,Female
535,2,0.6309297535714575,Queen,RU,26,m,JP,Female
535,3,0.5,Tove Lo,RU,26,m,SE,Female
535,4,0.43067655807339306,Ed Sheeran,RU,26,m,UK,Male
535,5,0.38685280723454163,Ariana Grande,RU,26,m,US,Female
535,6,0.3562071871080222,Ed Sheeran,RU,26,m,UK,Male
535,7,0.3333333333333333,Kygo,RU,26,m,NO,Male
535,8,0.31546487678572877,Elliott Smith,RU,26,m,US,Male
535,9,0.3010299956639812,Charles Bolt,RU,26,m,US,Male
535,10,0.2890648263178879,Toro y Moi,RU,26,m,US,Male
536,1,1.0,Grimes,US,23,m,CA,Female
536,2,0.6309297535714575,Frank Ocean,US,23,m,US,Male
536,3,0.5,John Maus,US,23,m,US,Male
536,4,0.43067655807339306,Queen,US,23,m,JP,Female
536,5,0.38685280723454163,Ed Sheeran,US,23,m,UK,Male
536,6,0.3562071871080222,Ed Sheeran,US,23,m,UK,Male
536,7,0.3333333333333333,Joe Goddard,US,23,m,UK,Male
536,8,0.31546487678572877,Ry x,US,23,m,AU,Male
536,9,0.3010299956639812,Charles Bolt,US,23,m,US,Male
536,10,0.2890648263178879,Weyes Blood,US,23,m,US,Female
537,1,1.0,Queen,UK,22,m,JP,Female
537,2,0.6309297535714575,Weyes Blood,UK,22,m,US,Female
537,3,0.5,Tove Lo,UK,22,m,SE,Female
537,4,0.43067655807339306,Ariana Grande,UK,22,m,US,Female
537,5,0.38685280723454163,Elliott Smith,UK,22,m,US,Male
537,6,0.3562071871080222,Kygo,UK,22,m,NO,Male
537,7,0.3333333333333333,Ed Sheeran,UK,22,m,UK,Male
537,8,0.31546487678572877,Ed Sheeran,UK,22,m,UK,Male
537,9,0.3010299956639812,Toro y Moi,UK,22,m,US,Male
537,10,0.2890648263178879,Charles Bolt,UK,22,m,US,Male
538,1,1.0,John Maus,US,23,m,US,Male
538,2,0.6309297535714575,Madonna,US,23,m,US,Female
538,3,0.5,Ariana Grande,US,23,m,US,Female
538,4,0.43067655807339306,Elvis Presley,US,23,m,US,Male
538,5,0.38685280723454163,Oneohtrix Point Never,US,23,m,US,Male
538,6,0.3562071871080222,Seal,US,23,m,UK,Male
538,7,0.3333333333333333,Billy Joel,US,23,m,US,Male
538,8,0.31546487678572877,Carpenter Brut,US,23,m,FR,Male
538,9,0.3010299956639812,Chelsea Wolfe,US,23,m,US,Female
538,10,0.2890648263178879,Devendra Banhart,US,23,m,US,Male
539,1,1.0,Grimes,UZ,20,m,CA,Female
539,2,0.6309297535714575,Weyes Blood,UZ,20,m,US,Female
539,3,0.5,Kanye West,UZ,20,m,US,Male
539,4,0.43067655807339306,Avril Lavigne,UZ,20,m,CA,Female
539,5,0.38685280723454163,Queen,UZ,20,m,JP,Female
539,6,0.3562071871080222,Katy Perry,UZ,20,m,US,Female
539,7,0.3333333333333333,John Maus,UZ,20,m,US,Male
539,8,0.31546487678572877,Frank Ocean,UZ,20,m,US,Male
539,9,0.3010299956639812,Lily Allen,UZ,20,m,UK,Female
539,10,0.2890648263178879,Louis Tomlinson,UZ,20,m,UK,Male
540,1,1.0,Grimes,RU,30,m,CA,Female
540,2,0.6309297535714575,Louis Tomlinson,RU,30,m,UK,Male
540,3,0.5,Jennifer Paige,RU,30,m,US,Female
540,4,0.43067655807339306,Tove Lo,RU,30,m,SE,Female
540,5,0.38685280723454163,Chelsea Wolfe,RU,30,m,US,Female
540,6,0.3562071871080222,Weyes Blood,RU,30,m,US,Female
540,7,0.3333333333333333,Ed Sheeran,RU,30,m,UK,Male
540,8,0.31546487678572877,Ed Sheeran,RU,30,m,UK,Male
540,9,0.3010299956639812,Kygo,RU,30,m,NO,Male
540,10,0.2890648263178879,Ariana Grande,RU,30,m,US,Female
541,1,1.0,Sia,CR,24,m,AU,Female
541,2,0.6309297535714575,Frank Ocean,CR,24,m,US,Male
541,3,0.5,Madeleine Peyroux,CR,24,m,US,Female
541,4,0.43067655807339306,Ry x,CR,24,m,AU,Male
541,5,0.38685280723454163,IAMX,CR,24,m,DE,Male
541,6,0.3562071871080222,Elliott Smith,CR,24,m,US,Male
541,7,0.3333333333333333,Emperor,CR,24,m,UK,Male
541,8,0.31546487678572877,Emperor,CR,24,m,UK,Male
541,9,0.3010299956639812,Joe Goddard,CR,24,m,UK,Male
541,10,0.2890648263178879,Katy Perry,CR,24,m,US,Female
542,1,1.0,Grimes,RU,23,m,CA,Female
542,2,0.6309297535714575,Weyes Blood,RU,23,m,US,Female
542,3,0.5,Frank Ocean,RU,23,m,US,Male
542,4,0.43067655807339306,John Maus,RU,23,m,US,Male
542,5,0.38685280723454163,Jennifer Paige,RU,23,m,US,Female
542,6,0.3562071871080222,Louis Tomlinson,RU,23,m,UK,Male
542,7,0.3333333333333333,Weyes Blood,RU,23,m,US,Female
542,8,0.31546487678572877,Joe Goddard,RU,23,m,UK,Male
542,9,0.3010299956639812,Ry x,RU,23,m,AU,Male
542,10,0.2890648263178879,Kygo,RU,23,m,NO,Male
543,1,1.0,Frank Ocean,BY,28,m,US,Male
543,2,0.6309297535714575,Thom Yorke,BY,28,m,UK,Male
543,3,0.5,Grimes,BY,28,m,CA,Female
543,4,0.43067655807339306,DJ Shadow,BY,28,m,US,Male
543,5,0.38685280723454163,Kelis,BY,28,m,US,Female
543,6,0.3562071871080222,Lorde,BY,28,m,NZ,Female
543,7,0.3333333333333333,Rita Ora,BY,28,m,UK,Female
543,8,0.31546487678572877,Paula Abdul,BY,28,m,US,Female
543,9,0.3010299956639812,John Maus,BY,28,m,US,Male
543,10,0.2890648263178879,Vitalic,BY,28,m,FR,Male
544,1,1.0,Kanye West,DE,17,m,US,Male
544,2,0.6309297535714575,Avril Lavigne,DE,17,m,CA,Female
544,3,0.5,Katy Perry,DE,17,m,US,Female
544,4,0.43067655807339306,Lily Allen,DE,17,m,UK,Female
544,5,0.38685280723454163,Weyes Blood,DE,17,m,US,Female
544,6,0.3562071871080222,Joe Goddard,DE,17,m,UK,Male
544,7,0.3333333333333333,Ry x,DE,17,m,AU,Male
544,8,0.31546487678572877,Jennifer Paige,DE,17,m,US,Female
544,9,0.3010299956639812,Louis Tomlinson,DE,17,m,UK,Male
544,10,0.2890648263178879,Elliott Smith,DE,17,m,US,Male
545,1,1.0,Grimes,RU,34,m,CA,Female
545,2,0.6309297535714575,Ed Sheeran,RU,34,m,UK,Male
545,3,0.5,Ed Sheeran,RU,34,m,UK,Male
545,4,0.43067655807339306,Weyes Blood,RU,34,m,US,Female
545,5,0.38685280723454163,Dennis Lloyd,RU,34,m,IL,Male
545,6,0.3562071871080222,Dimension,RU,34,m,ES,Male
545,7,0.3333333333333333,Frank Ocean,RU,34,m,US,Male
545,8,0.31546487678572877,IAMX,RU,34,m,DE,Male
545,9,0.3010299956639812,Christina Aguilera,RU,34,m,US,Female
545,10,0.2890648263178879,Roberta Flack,RU,34,m,US,Female
546,1,1.0,John Maus,BR,19,f,US,Male
546,2,0.6309297535714575,Grimes,BR,19,f,CA,Female
546,3,0.5,Queen,BR,19,f,JP,Female
546,4,0.43067655807339306,Ed Sheeran,BR,19,f,UK,Male
546,5,0.38685280723454163,Jennifer Paige,BR,19,f,US,Female
546,6,0.3562071871080222,Tove Lo,BR,19,f,SE,Female
546,7,0.3333333333333333,Ed Sheeran,BR,19,f,UK,Male
546,8,0.31546487678572877,Weyes Blood,BR,19,f,US,Female
546,9,0.3010299956639812,Frank Ocean,BR,19,f,US,Male
546,10,0.2890648263178879,Chelsea Wolfe,BR,19,f,US,Female
547,1,1.0,John Maus,AU,32,m,US,Male
547,2,0.6309297535714575,Elvis Presley,AU,32,m,US,Male
547,3,0.5,Devendra Banhart,AU,32,m,US,Male
547,4,0.43067655807339306,Oneohtrix Point Never,AU,32,m,US,Male
547,5,0.38685280723454163,PJ Harvey,AU,32,m,UK,Female
547,6,0.3562071871080222,Carpenter Brut,AU,32,m,FR,Male
547,7,0.3333333333333333,Billy Joel,AU,32,m,US,Male
547,8,0.31546487678572877,Chelsea Wolfe,AU,32,m,US,Female
547,9,0.3010299956639812,Kanye West,AU,32,m,US,Male
547,10,0.2890648263178879,Bob Marley & The Wailers,AU,32,m,JM,Male
548,1,1.0,Nicki Minaj,UK,30,m,US,Female
548,2,0.6309297535714575,Lisa Miskovsky,UK,30,m,SE,Female
548,3,0.5,Jennifer Lopez,UK,30,m,US,Female
548,4,0.43067655807339306,Kanye West,UK,30,m,US,Male
548,5,0.38685280723454163,Sia,UK,30,m,AU,Female
548,6,0.3562071871080222,Avril Lavigne,UK,30,m,CA,Female
548,7,0.3333333333333333,Queen,UK,30,m,JP,Female
548,8,0.31546487678572877,Lily Allen,UK,30,m,UK,Female
548,9,0.3010299956639812,Katy Perry,UK,30,m,US,Female
548,10,0.2890648263178879,Sufjan Stevens,UK,30,m,US,Male
549,1,1.0,John Maus,CA,21,m,US,Male
549,2,0.6309297535714575,Ed Sheeran,CA,21,m,UK,Male
549,3,0.5,Oneohtrix Point Never,CA,21,m,US,Male
549,4,0.43067655807339306,Arca,CA,21,m,VE,Non-binary
549,5,0.38685280723454163,Devendra Banhart,CA,21,m,US,Male
549,6,0.3562071871080222,Chelsea Wolfe,CA,21,m,US,Female
549,7,0.3333333333333333,Elvis Presley,CA,21,m,US,Male
549,8,0.31546487678572877,PJ Harvey,CA,21,m,UK,Female
549,9,0.3010299956639812,Billy Joel,CA,21,m,US,Male
549,10,0.2890648263178879,Kanye West,CA,21,m,US,Male
550,1,1.0,Lisa Miskovsky,BR,22,m,SE,Female
550,2,0.6309297535714575,John Maus,BR,22,m,US,Male
550,3,0.5,Louis Tomlinson,BR,22,m,UK,Male
550,4,0.43067655807339306,Dennis Lloyd,BR,22,m,IL,Male
550,5,0.38685280723454163,Caetano Veloso,BR,22,m,BR,Male
550,6,0.3562071871080222,Kurt Vile,BR,22,m,US,Male
550,7,0.3333333333333333,Céu,BR,22,m,BR,Female
550,8,0.31546487678572877,Grimes,BR,22,m,CA,Female
550,9,0.3010299956639812,Madison Beer,BR,22,m,US,Female
550,10,0.2890648263178879,Frank Ocean,BR,22,m,US,Male
551,1,1.0,Sia,FI,25,m,AU,Female
551,2,0.6309297535714575,Kanye West,FI,25,m,US,Male
551,3,0.5,Avril Lavigne,FI,25,m,CA,Female
551,4,0.43067655807339306,Katy Perry,FI,25,m,US,Female
551,5,0.38685280723454163,Lily Allen,FI,25,m,UK,Female
551,6,0.3562071871080222,Weyes Blood,FI,25,m,US,Female
551,7,0.3333333333333333,Joe Goddard,FI,25,m,UK,Male
551,8,0.31546487678572877,Jennifer Paige,FI,25,m,US,Female
551,9,0.3010299956639812,Louis Tomlinson,FI,25,m,UK,Male
551,10,0.2890648263178879,Queen,FI,25,m,JP,Female
552,1,1.0,Sharon Van Etten,US,19,m,US,Female
552,2,0.6309297535714575,Panda Bear,US,19,m,US,Male
552,3,0.5,Bill Callahan,US,19,m,US,Male
552,4,0.43067655807339306,Leonard Cohen,US,19,m,CA,Male
552,5,0.38685280723454163,Caribou,US,19,m,CA,Male
552,6,0.3562071871080222,John Maus,US,19,m,US,Male
552,7,0.3333333333333333,John Maus,US,19,m,US,Male
552,8,0.31546487678572877,Laura Marling,US,19,m,UK,Female
552,9,0.3010299956639812,Devendra Banhart,US,19,m,US,Male
552,10,0.2890648263178879,PJ Harvey,US,19,m,UK,Female
553,1,1.0,Katy Perry,CL,23,m,US,Female
553,2,0.6309297535714575,Lily Allen,CL,23,m,UK,Female
553,3,0.5,Queen,CL,23,m,JP,Female
553,4,0.43067655807339306,John Maus,CL,23,m,US,Male
553,5,0.38685280723454163,Louis Tomlinson,CL,23,m,UK,Male
553,6,0.3562071871080222,Jennifer Paige,CL,23,m,US,Female
553,7,0.3333333333333333,Joe Goddard,CL,23,m,UK,Male
553,8,0.31546487678572877,Ry x,CL,23,m,AU,Male
553,9,0.3010299956639812,Weyes Blood,CL,23,m,US,Female
553,10,0.2890648263178879,Ed Sheeran,CL,23,m,UK,Male
554,1,1.0,Frank Ocean,US,20,m,US,Male
554,2,0.6309297535714575,Kanye West,US,20,m,US,Male
554,3,0.5,Aldous Harding,US,20,m,NZ,Female
554,4,0.43067655807339306,DJ Shadow,US,20,m,US,Male
554,5,0.38685280723454163,Thom Yorke,US,20,m,UK,Male
554,6,0.3562071871080222,Nicki Minaj,US,20,m,US,Female
554,7,0.3333333333333333,Wax Tailor,US,20,m,FR,Male
554,8,0.31546487678572877,Rod Stewart,US,20,m,UK,Male
554,9,0.3010299956639812,Ariana Grande,US,20,m,US,Female
554,10,0.2890648263178879,Grimes,US,20,m,CA,Female
555,1,1.0,Grimes,RU,18,m,CA,Female
555,2,0.6309297535714575,Lily Allen,RU,18,m,UK,Female
555,3,0.5,Jennifer Paige,RU,18,m,US,Female
555,4,0.43067655807339306,Weyes Blood,RU,18,m,US,Female
555,5,0.38685280723454163,John Maus,RU,18,m,US,Male
555,6,0.3562071871080222,Frank Ocean,RU,18,m,US,Male
555,7,0.3333333333333333,Louis Tomlinson,RU,18,m,UK,Male
555,8,0.31546487678572877,Tove Lo,RU,18,m,SE,Female
555,9,0.3010299956639812,Charles Bolt,RU,18,m,US,Male
555,10,0.2890648263178879,Ed Sheeran,RU,18,m,UK,Male
556,1,1.0,Grimes,TR,18,f,CA,Female
556,2,0.6309297535714575,Frank Ocean,TR,18,f,US,Male
556,3,0.5,Jennifer Paige,TR,18,f,US,Female
556,4,0.43067655807339306,Weyes Blood,TR,18,f,US,Female
556,5,0.38685280723454163,John Maus,TR,18,f,US,Male
556,6,0.3562071871080222,Ry x,TR,18,f,AU,Male
556,7,0.3333333333333333,Joe Goddard,TR,18,f,UK,Male
556,8,0.31546487678572877,Christina Aguilera,TR,18,f,US,Female
556,9,0.3010299956639812,Toro y Moi,TR,18,f,US,Male
556,10,0.2890648263178879,Ed Sheeran,TR,18,f,UK,Male
557,1,1.0,DJ Shadow,RU,24,m,US,Male
557,2,0.6309297535714575,Moby,RU,24,m,US,Male
557,3,0.5,Rod Stewart,RU,24,m,UK,Male
557,4,0.43067655807339306,Grimes,RU,24,m,CA,Female
557,5,0.38685280723454163,Nicki Minaj,RU,24,m,US,Female
557,6,0.3562071871080222,Wax Tailor,RU,24,m,FR,Male
557,7,0.3333333333333333,Britney Spears,RU,24,m,US,Female
557,8,0.31546487678572877,RuPaul,RU,24,m,US,Female
557,9,0.3010299956639812,Sia,RU,24,m,AU,Female
557,10,0.2890648263178879,John Maus,RU,24,m,US,Male
558,1,1.0,Lauren Daigle,FR,24,m,US,Female
558,2,0.6309297535714575,Dido,FR,24,m,UK,Female
558,3,0.5,Queen,FR,24,m,JP,Female
558,4,0.43067655807339306,Rihanna,FR,24,m,UK,Female
558,5,0.38685280723454163,Joe Goddard,FR,24,m,UK,Male
558,6,0.3562071871080222,Elliott Smith,FR,24,m,US,Male
558,7,0.3333333333333333,Britney Spears,FR,24,m,US,Female
558,8,0.31546487678572877,Christina Aguilera,FR,24,m,US,Female
558,9,0.3010299956639812,Ry x,FR,24,m,AU,Male
558,10,0.2890648263178879,Mariah Carey,FR,24,m,US,Female
560,1,1.0,J Balvin,SK,22,f,CO,Male
560,2,0.6309297535714575,Britney Spears,SK,22,f,US,Female
560,3,0.5,Sia,SK,22,f,AU,Female
560,4,0.43067655807339306,Norah Jones,SK,22,f,US,Female
560,5,0.38685280723454163,Vitalic,SK,22,f,FR,Male
560,6,0.3562071871080222,Serj Tankian,SK,22,f,US,Male
560,7,0.3333333333333333,Michael Jackson,SK,22,f,US,Male
560,8,0.31546487678572877,Rod Stewart,SK,22,f,UK,Male
560,9,0.3010299956639812,Jeff Buckley,SK,22,f,US,Male
560,10,0.2890648263178879,Rihanna,SK,22,f,UK,Female
561,1,1.0,Sia,PT,21,m,AU,Female
561,2,0.6309297535714575,Kanye West,PT,21,m,US,Male
561,3,0.5,Avril Lavigne,PT,21,m,CA,Female
561,4,0.43067655807339306,Katy Perry,PT,21,m,US,Female
561,5,0.38685280723454163,Lily Allen,PT,21,m,UK,Female
561,6,0.3562071871080222,Queen,PT,21,m,JP,Female
561,7,0.3333333333333333,Frank Ocean,PT,21,m,US,Male
561,8,0.31546487678572877,Chelsea Wolfe,PT,21,m,US,Female
561,9,0.3010299956639812,Jennifer Paige,PT,21,m,US,Female
561,10,0.2890648263178879,Louis Tomlinson,PT,21,m,UK,Male
562,1,1.0,Jennifer Paige,UK,39,m,US,Female
562,2,0.6309297535714575,Louis Tomlinson,UK,39,m,UK,Male
562,3,0.5,Elliott Smith,UK,39,m,US,Male
562,4,0.43067655807339306,Ariana Grande,UK,39,m,US,Female
562,5,0.38685280723454163,Tove Lo,UK,39,m,SE,Female
562,6,0.3562071871080222,Kygo,UK,39,m,NO,Male
562,7,0.3333333333333333,Chelsea Wolfe,UK,39,m,US,Female
562,8,0.31546487678572877,Queen,UK,39,m,JP,Female
562,9,0.3010299956639812,Ed Sheeran,UK,39,m,UK,Male
562,10,0.2890648263178879,Twin Shadow,UK,39,m,US,Male
563,1,1.0,Grimes,PL,16,m,CA,Female
563,2,0.6309297535714575,Jennifer Lopez,PL,16,m,US,Female
563,3,0.5,Lisa Miskovsky,PL,16,m,SE,Female
563,4,0.43067655807339306,Sia,PL,16,m,AU,Female
563,5,0.38685280723454163,Kurt Vile,PL,16,m,US,Male
563,6,0.3562071871080222,Apparat,PL,16,m,DE,Male
563,7,0.3333333333333333,RuPaul,PL,16,m,US,Female
563,8,0.31546487678572877,John Maus,PL,16,m,US,Male
563,9,0.3010299956639812,Kanye West,PL,16,m,US,Male
563,10,0.2890648263178879,Grimes,PL,16,m,CA,Female
564,1,1.0,Ed Sheeran,MX,25,m,UK,Male
564,2,0.6309297535714575,Ed Sheeran,MX,25,m,UK,Male
564,3,0.5,Thom Yorke,MX,25,m,UK,Male
564,4,0.43067655807339306,Grimes,MX,25,m,CA,Female
564,5,0.38685280723454163,Mariah Carey,MX,25,m,US,Female
564,6,0.3562071871080222,Kanye West,MX,25,m,US,Male
564,7,0.3333333333333333,Taylor Swift,MX,25,m,US,Female
564,8,0.31546487678572877,Lana Del Rey,MX,25,m,US,Female
564,9,0.3010299956639812,Camila Cabello,MX,25,m,US,Female
564,10,0.2890648263178879,Nicki Minaj,MX,25,m,US,Female
565,1,1.0,Ry x,RU,22,m,AU,Male
565,2,0.6309297535714575,Elliott Smith,RU,22,m,US,Male
565,3,0.5,Louis Tomlinson,RU,22,m,UK,Male
565,4,0.43067655807339306,Weyes Blood,RU,22,m,US,Female
565,5,0.38685280723454163,Twin Shadow,RU,22,m,US,Male
565,6,0.3562071871080222,Toro y Moi,RU,22,m,US,Male
565,7,0.3333333333333333,Leonard Cohen,RU,22,m,CA,Male
565,8,0.31546487678572877,Jennifer Paige,RU,22,m,US,Female
565,9,0.3010299956639812,Earl Sweatshirt,RU,22,m,US,Male
565,10,0.2890648263178879,Ihsahn,RU,22,m,NO,Male
566,1,1.0,Ed Sheeran,RU,23,m,UK,Male
566,2,0.6309297535714575,Grimes,RU,23,m,CA,Female
566,3,0.5,Weyes Blood,RU,23,m,US,Female
566,4,0.43067655807339306,Dennis Lloyd,RU,23,m,IL,Male
566,5,0.38685280723454163,Britney Spears,RU,23,m,US,Female
566,6,0.3562071871080222,Frank Ocean,RU,23,m,US,Male
566,7,0.3333333333333333,John Maus,RU,23,m,US,Male
566,8,0.31546487678572877,Christina Aguilera,RU,23,m,US,Female
566,9,0.3010299956639812,Roberta Flack,RU,23,m,US,Female
566,10,0.2890648263178879,Beyoncé,RU,23,m,US,Female
567,1,1.0,Grimes,AU,34,m,CA,Female
567,2,0.6309297535714575,John Maus,AU,34,m,US,Male
567,3,0.5,Jennifer Paige,AU,34,m,US,Female
567,4,0.43067655807339306,Apparat,AU,34,m,DE,Male
567,5,0.38685280723454163,Grimes,AU,34,m,CA,Female
567,6,0.3562071871080222,Kurt Vile,AU,34,m,US,Male
567,7,0.3333333333333333,Louis Tomlinson,AU,34,m,UK,Male
567,8,0.31546487678572877,Jess Glynne,AU,34,m,UK,Female
567,9,0.3010299956639812,Christina Aguilera,AU,34,m,US,Female
567,10,0.2890648263178879,Weyes Blood,AU,34,m,US,Female
568,1,1.0,Bill Callahan,MX,35,m,US,Male
568,2,0.6309297535714575,John Maus,MX,35,m,US,Male
568,3,0.5,Laura Marling,MX,35,m,UK,Female
568,4,0.43067655807339306,Bob Marley & The Wailers,MX,35,m,JM,Male
568,5,0.38685280723454163,Oneohtrix Point Never,MX,35,m,US,Male
568,6,0.3562071871080222,Chelsea Wolfe,MX,35,m,US,Female
568,7,0.3333333333333333,Adele,MX,35,m,UK,Female
568,8,0.31546487678572877,Arca,MX,35,m,VE,Non-binary
568,9,0.3010299956639812,Devendra Banhart,MX,35,m,US,Male
568,10,0.2890648263178879,Madonna,MX,35,m,US,Female
569,1,1.0,Frank Ocean,RU,26,m,US,Male
569,2,0.6309297535714575,Lorde,RU,26,m,NZ,Female
569,3,0.5,Thom Yorke,RU,26,m,UK,Male
569,4,0.43067655807339306,DJ Shadow,RU,26,m,US,Male
569,5,0.38685280723454163,Vitalic,RU,26,m,FR,Male
569,6,0.3562071871080222,Sia,RU,26,m,AU,Female
569,7,0.3333333333333333,Grimes,RU,26,m,CA,Female
569,8,0.31546487678572877,Sia,RU,26,m,AU,Female
569,9,0.3010299956639812,Michael Jackson,RU,26,m,US,Male
569,10,0.2890648263178879,Rod Stewart,RU,26,m,UK,Male
570,1,1.0,Bill Callahan,PL,21,m,US,Male
570,2,0.6309297535714575,Leonard Cohen,PL,21,m,CA,Male
570,3,0.5,John Maus,PL,21,m,US,Male
570,4,0.43067655807339306,Elvis Presley,PL,21,m,US,Male
570,5,0.38685280723454163,Billy Joel,PL,21,m,US,Male
570,6,0.3562071871080222,Laura Marling,PL,21,m,UK,Female
570,7,0.3333333333333333,Justin Timberlake,PL,21,m,US,Male
570,8,0.31546487678572877,Carpenter Brut,PL,21,m,FR,Male
570,9,0.3010299956639812,Ozzy Osbourne,PL,21,m,UK,Male
570,10,0.2890648263178879,Bob Marley & The Wailers,PL,21,m,JM,Male
571,1,1.0,Jennifer Paige,BR,21,m,US,Female
571,2,0.6309297535714575,Louis Tomlinson,BR,21,m,UK,Male
571,3,0.5,Joe Goddard,BR,21,m,UK,Male
571,4,0.43067655807339306,Tove Lo,BR,21,m,SE,Female
571,5,0.38685280723454163,Kygo,BR,21,m,NO,Male
571,6,0.3562071871080222,Ariana Grande,BR,21,m,US,Female
571,7,0.3333333333333333,Queen,BR,21,m,JP,Female
571,8,0.31546487678572877,Chelsea Wolfe,BR,21,m,US,Female
571,9,0.3010299956639812,Elliott Smith,BR,21,m,US,Male
571,10,0.2890648263178879,Ed Sheeran,BR,21,m,UK,Male
573,1,1.0,Bob Marley & The Wailers,UK,25,m,JM,Male
573,2,0.6309297535714575,Marilyn Manson,UK,25,m,US,Male
573,3,0.5,Adele,UK,25,m,UK,Female
573,4,0.43067655807339306,Ed Sheeran,UK,25,m,UK,Male
573,5,0.38685280723454163,John Maus,UK,25,m,US,Male
573,6,0.3562071871080222,Madonna,UK,25,m,US,Female
573,7,0.3333333333333333,Ariana Grande,UK,25,m,US,Female
573,8,0.31546487678572877,Seal,UK,25,m,UK,Male
573,9,0.3010299956639812,Elvis Presley,UK,25,m,US,Male
573,10,0.2890648263178879,Chelsea Wolfe,UK,25,m,US,Female
574,1,1.0,Kanye West,RU,20,m,US,Male
574,2,0.6309297535714575,Grimes,RU,20,m,CA,Female
574,3,0.5,Weyes Blood,RU,20,m,US,Female
574,4,0.43067655807339306,Louis Tomlinson,RU,20,m,UK,Male
574,5,0.38685280723454163,Jennifer Paige,RU,20,m,US,Female
574,6,0.3562071871080222,Queen,RU,20,m,JP,Female
574,7,0.3333333333333333,Ed Sheeran,RU,20,m,UK,Male
574,8,0.31546487678572877,Frank Ocean,RU,20,m,US,Male
574,9,0.3010299956639812,Ed Sheeran,RU,20,m,UK,Male
574,10,0.2890648263178879,Chelsea Wolfe,RU,20,m,US,Female
575,1,1.0,Rod Stewart,AR,24,f,UK,Male
575,2,0.6309297535714575,Moby,AR,24,f,US,Male
575,3,0.5,Rush,AR,24,f,US,Male
575,4,0.43067655807339306,Kelly Clarkson,AR,24,f,US,Female
575,5,0.38685280723454163,Ariana Grande,AR,24,f,US,Female
575,6,0.3562071871080222,Sia,AR,24,f,AU,Female
575,7,0.3333333333333333,RuPaul,AR,24,f,US,Female
575,8,0.31546487678572877,Britney Spears,AR,24,f,US,Female
575,9,0.3010299956639812,Justin Bieber,AR,24,f,CA,Male
575,10,0.2890648263178879,Mitski,AR,24,f,US,Female
576,1,1.0,Avril Lavigne,RU,27,m,CA,Female
576,2,0.6309297535714575,Frank Ocean,RU,27,m,US,Male
576,3,0.5,John Maus,RU,27,m,US,Male
576,4,0.43067655807339306,Katy Perry,RU,27,m,US,Female
576,5,0.38685280723454163,Lily Allen,RU,27,m,UK,Female
576,6,0.3562071871080222,Queen,RU,27,m,JP,Female
576,7,0.3333333333333333,Weyes Blood,RU,27,m,US,Female
576,8,0.31546487678572877,Ry x,RU,27,m,AU,Male
576,9,0.3010299956639812,Joe Goddard,RU,27,m,UK,Male
576,10,0.2890648263178879,Louis Tomlinson,RU,27,m,UK,Male
578,1,1.0,Katy Perry,US,26,m,US,Female
578,2,0.6309297535714575,Frank Ocean,US,26,m,US,Male
578,3,0.5,Jennifer Paige,US,26,m,US,Female
578,4,0.43067655807339306,John Maus,US,26,m,US,Male
578,5,0.38685280723454163,Louis Tomlinson,US,26,m,UK,Male
578,6,0.3562071871080222,Tove Lo,US,26,m,SE,Female
578,7,0.3333333333333333,Queen,US,26,m,JP,Female
578,8,0.31546487678572877,Ariana Grande,US,26,m,US,Female
578,9,0.3010299956639812,Chelsea Wolfe,US,26,m,US,Female
578,10,0.2890648263178879,Joe Goddard,US,26,m,UK,Male
579,1,1.0,Bill Callahan,BY,25,f,US,Male
579,2,0.6309297535714575,Leonard Cohen,BY,25,f,CA,Male
579,3,0.5,Caribou,BY,25,f,CA,Male
579,4,0.43067655807339306,Laura Marling,BY,25,f,UK,Female
579,5,0.38685280723454163,John Maus,BY,25,f,US,Male
579,6,0.3562071871080222,Devendra Banhart,BY,25,f,US,Male
579,7,0.3333333333333333,Oneohtrix Point Never,BY,25,f,US,Male
579,8,0.31546487678572877,Elvis Presley,BY,25,f,US,Male
579,9,0.3010299956639812,PJ Harvey,BY,25,f,UK,Female
579,10,0.2890648263178879,Chelsea Wolfe,BY,25,f,US,Female
580,1,1.0,Grimes,MX,28,m,CA,Female
580,2,0.6309297535714575,Weyes Blood,MX,28,m,US,Female
580,3,0.5,Frank Ocean,MX,28,m,US,Male
580,4,0.43067655807339306,John Maus,MX,28,m,US,Male
580,5,0.38685280723454163,Jennifer Paige,MX,28,m,US,Female
580,6,0.3562071871080222,Louis Tomlinson,MX,28,m,UK,Male
580,7,0.3333333333333333,Weyes Blood,MX,28,m,US,Female
580,8,0.31546487678572877,Queen,MX,28,m,JP,Female
580,9,0.3010299956639812,Joe Goddard,MX,28,m,UK,Male
580,10,0.2890648263178879,Ry x,MX,28,m,AU,Male
581,1,1.0,Sia,HU,20,m,AU,Female
581,2,0.6309297535714575,Lisa Miskovsky,HU,20,m,SE,Female
581,3,0.5,Kanye West,HU,20,m,US,Male
581,4,0.43067655807339306,Grimes,HU,20,m,CA,Female
581,5,0.38685280723454163,Katy Perry,HU,20,m,US,Female
581,6,0.3562071871080222,Avril Lavigne,HU,20,m,CA,Female
581,7,0.3333333333333333,Weyes Blood,HU,20,m,US,Female
581,8,0.31546487678572877,Lily Allen,HU,20,m,UK,Female
581,9,0.3010299956639812,Queen,HU,20,m,JP,Female
581,10,0.2890648263178879,John Maus,HU,20,m,US,Male
582,1,1.0,Katy Perry,EE,18,m,US,Female
582,2,0.6309297535714575,Avril Lavigne,EE,18,m,CA,Female
582,3,0.5,Lily Allen,EE,18,m,UK,Female
582,4,0.43067655807339306,Weyes Blood,EE,18,m,US,Female
582,5,0.38685280723454163,Chelsea Wolfe,EE,18,m,US,Female
582,6,0.3562071871080222,Elliott Smith,EE,18,m,US,Male
582,7,0.3333333333333333,Louis Tomlinson,EE,18,m,UK,Male
582,8,0.31546487678572877,Jennifer Paige,EE,18,m,US,Female
582,9,0.3010299956639812,Ed Sheeran,EE,18,m,UK,Male
582,10,0.2890648263178879,Ed Sheeran,EE,18,m,UK,Male
583,1,1.0,Lily Allen,US,20,f,UK,Female
583,2,0.6309297535714575,Tame Impala,US,20,f,AU,Male
583,3,0.5,Kelly Clarkson,US,20,f,US,Female
583,4,0.43067655807339306,Snail Mail,US,20,f,US,Female
583,5,0.38685280723454163,Tycho,US,20,f,US,Male
583,6,0.3562071871080222,Toro y Moi,US,20,f,US,Male
583,7,0.3333333333333333,DJ Shadow,US,20,f,US,Male
583,8,0.31546487678572877,Louis Tomlinson,US,20,f,UK,Male
583,9,0.3010299956639812,Four Tet,US,20,f,UK,Male
583,10,0.2890648263178879,Toro y Moi,US,20,f,US,Male
584,1,1.0,Noisestorm,LT,18,m,IE,Male
584,2,0.6309297535714575,PJ Harvey,LT,18,m,UK,Female
584,3,0.5,Lorde,LT,18,m,NZ,Female
584,4,0.43067655807339306,Oneohtrix Point Never,LT,18,m,US,Male
584,5,0.38685280723454163,Aaron Smith,LT,18,m,US,Male
584,6,0.3562071871080222,Damien Jurado,LT,18,m,US,Male
584,7,0.3333333333333333,Rita Ora,LT,18,m,UK,Female
584,8,0.31546487678572877,Lana Del Rey,LT,18,m,US,Female
584,9,0.3010299956639812,Rihanna,LT,18,m,UK,Female
584,10,0.2890648263178879,Bat for Lashes,LT,18,m,UK,Female
585,1,1.0,Wax Tailor,PT,21,f,FR,Male
585,2,0.6309297535714575,Bryan Adams,PT,21,f,CA,Male
585,3,0.5,Rod Stewart,PT,21,f,UK,Male
585,4,0.43067655807339306,Louis Tomlinson,PT,21,f,UK,Male
585,5,0.38685280723454163,Nicki Minaj,PT,21,f,US,Female
585,6,0.3562071871080222,Janelle Monáe,PT,21,f,US,Non-binary
585,7,0.3333333333333333,James Blake,PT,21,f,UK,Male
585,8,0.31546487678572877,Niall Horan,PT,21,f,IE,Male
585,9,0.3010299956639812,Frank Ocean,PT,21,f,US,Male
585,10,0.2890648263178879,Dolly Parton,PT,21,f,US,Female
586,1,1.0,Rod Stewart,RS,23,m,UK,Male
586,2,0.6309297535714575,Frank Ocean,RS,23,m,US,Male
586,3,0.5,Britney Spears,RS,23,m,US,Female
586,4,0.43067655807339306,Nicki Minaj,RS,23,m,US,Female
586,5,0.38685280723454163,RuPaul,RS,23,m,US,Female
586,6,0.3562071871080222,Sia,RS,23,m,AU,Female
586,7,0.3333333333333333,Jennifer Lopez,RS,23,m,US,Female
586,8,0.31546487678572877,Avril Lavigne,RS,23,m,CA,Female
586,9,0.3010299956639812,Lisa Miskovsky,RS,23,m,SE,Female
586,10,0.2890648263178879,Kanye West,RS,23,m,US,Male
587,1,1.0,Grimes,ES,24,f,CA,Female
587,2,0.6309297535714575,Rod Stewart,ES,24,f,UK,Male
587,3,0.5,Sia,ES,24,f,AU,Female
587,4,0.43067655807339306,Apparat,ES,24,f,DE,Male
587,5,0.38685280723454163,Moby,ES,24,f,US,Male
587,6,0.3562071871080222,Kelly Clarkson,ES,24,f,US,Female
587,7,0.3333333333333333,Nicki Minaj,ES,24,f,US,Female
587,8,0.31546487678572877,Wax Tailor,ES,24,f,FR,Male
587,9,0.3010299956639812,Rihanna,ES,24,f,UK,Female
587,10,0.2890648263178879,Nicki Minaj,ES,24,f,US,Female
588,1,1.0,Tove Lo,PL,21,m,SE,Female
588,2,0.6309297535714575,Ariana Grande,PL,21,m,US,Female
588,3,0.5,Grimes,PL,21,m,CA,Female
588,4,0.43067655807339306,Kygo,PL,21,m,NO,Male
588,5,0.38685280723454163,Weyes Blood,PL,21,m,US,Female
588,6,0.3562071871080222,Lauren Daigle,PL,21,m,US,Female
588,7,0.3333333333333333,Roberta Flack,PL,21,m,US,Female
588,8,0.31546487678572877,Nik Kershaw,PL,21,m,UK,Male
588,9,0.3010299956639812,George Ezra,PL,21,m,UK,Male
588,10,0.2890648263178879,Britney Spears,PL,21,m,US,Female
590,1,1.0,RuPaul,BR,23,m,US,Female
590,2,0.6309297535714575,Jennifer Lopez,BR,23,m,US,Female
590,3,0.5,Kanye West,BR,23,m,US,Male
590,4,0.43067655807339306,Sia,BR,23,m,AU,Female
590,5,0.38685280723454163,Lisa Miskovsky,BR,23,m,SE,Female
590,6,0.3562071871080222,Avril Lavigne,BR,23,m,CA,Female
590,7,0.3333333333333333,Katy Perry,BR,23,m,US,Female
590,8,0.31546487678572877,Lily Allen,BR,23,m,UK,Female
590,9,0.3010299956639812,Elliott Smith,BR,23,m,US,Male
590,10,0.2890648263178879,Louis Tomlinson,BR,23,m,UK,Male
592,1,1.0,Lily Allen,BR,20,m,UK,Female
592,2,0.6309297535714575,Lisa Miskovsky,BR,20,m,SE,Female
592,3,0.5,Grimes,BR,20,m,CA,Female
592,4,0.43067655807339306,Kurt Vile,BR,20,m,US,Male
592,5,0.38685280723454163,Louis Tomlinson,BR,20,m,UK,Male
592,6,0.3562071871080222,Dido,BR,20,m,UK,Female
592,7,0.3333333333333333,Frank Ocean,BR,20,m,US,Male
592,8,0.31546487678572877,Ed Sheeran,BR,20,m,UK,Male
592,9,0.3010299956639812,Weyes Blood,BR,20,m,US,Female
592,10,0.2890648263178879,Ed Sheeran,BR,20,m,UK,Male
593,1,1.0,Bill Callahan,JP,27,m,US,Male
593,2,0.6309297535714575,Leonard Cohen,JP,27,m,CA,Male
593,3,0.5,Caribou,JP,27,m,CA,Male
593,4,0.43067655807339306,John Maus,JP,27,m,US,Male
593,5,0.38685280723454163,Laura Marling,JP,27,m,UK,Female
593,6,0.3562071871080222,Panda Bear,JP,27,m,US,Male
593,7,0.3333333333333333,Bob Marley & The Wailers,JP,27,m,JM,Male
593,8,0.31546487678572877,Carpenter Brut,JP,27,m,FR,Male
593,9,0.3010299956639812,Queen,JP,27,m,JP,Female
593,10,0.2890648263178879,Devendra Banhart,JP,27,m,US,Male
594,1,1.0,Louis Tomlinson,AU,23,m,UK,Male
594,2,0.6309297535714575,Tove Lo,AU,23,m,SE,Female
594,3,0.5,Queen,AU,23,m,JP,Female
594,4,0.43067655807339306,Kygo,AU,23,m,NO,Male
594,5,0.38685280723454163,Elliott Smith,AU,23,m,US,Male
594,6,0.3562071871080222,Ariana Grande,AU,23,m,US,Female
594,7,0.3333333333333333,Ed Sheeran,AU,23,m,UK,Male
594,8,0.31546487678572877,Dennis Lloyd,AU,23,m,IL,Male
594,9,0.3010299956639812,Ed Sheeran,AU,23,m,UK,Male
594,10,0.2890648263178879,Jess Glynne,AU,23,m,UK,Female
595,1,1.0,Avril Lavigne,UA,19,m,CA,Female
595,2,0.6309297535714575,Katy Perry,UA,19,m,US,Female
595,3,0.5,Lily Allen,UA,19,m,UK,Female
595,4,0.43067655807339306,Jennifer Paige,UA,19,m,US,Female
595,5,0.38685280723454163,Elliott Smith,UA,19,m,US,Male
595,6,0.3562071871080222,Louis Tomlinson,UA,19,m,UK,Male
595,7,0.3333333333333333,Queen,UA,19,m,JP,Female
595,8,0.31546487678572877,Chelsea Wolfe,UA,19,m,US,Female
595,9,0.3010299956639812,Tove Lo,UA,19,m,SE,Female
595,10,0.2890648263178879,Ariana Grande,UA,19,m,US,Female
596,1,1.0,Sia,PL,18,f,AU,Female
596,2,0.6309297535714575,Moby,PL,18,f,US,Male
596,3,0.5,Frank Ocean,PL,18,f,US,Male
596,4,0.43067655807339306,Kelly Clarkson,PL,18,f,US,Female
596,5,0.38685280723454163,Nicki Minaj,PL,18,f,US,Female
596,6,0.3562071871080222,Ariana Grande,PL,18,f,US,Female
596,7,0.3333333333333333,Rod Stewart,PL,18,f,UK,Male
596,8,0.31546487678572877,Nicki Minaj,PL,18,f,US,Female
596,9,0.3010299956639812,Tycho,PL,18,f,US,Male
596,10,0.2890648263178879,Toro y Moi,PL,18,f,US,Male
597,1,1.0,Ariana Grande,RU,36,m,US,Female
597,2,0.6309297535714575,Kelis,RU,36,m,US,Female
597,3,0.5,Kanye West,RU,36,m,US,Male
597,4,0.43067655807339306,Sia,RU,36,m,AU,Female
597,5,0.38685280723454163,Tycho,RU,36,m,US,Male
597,6,0.3562071871080222,Bob Marley & The Wailers,RU,36,m,JM,Male
597,7,0.3333333333333333,Rita Ora,RU,36,m,UK,Female
597,8,0.31546487678572877,Four Tet,RU,36,m,UK,Male
597,9,0.3010299956639812,Paula Abdul,RU,36,m,US,Female
597,10,0.2890648263178879,Madonna,RU,36,m,US,Female
598,1,1.0,Britney Spears,PL,25,m,US,Female
598,2,0.6309297535714575,Vitalic,PL,25,m,FR,Male
598,3,0.5,Rod Stewart,PL,25,m,UK,Male
598,4,0.43067655807339306,Rush,PL,25,m,US,Male
598,5,0.38685280723454163,Mariah Carey,PL,25,m,US,Female
598,6,0.3562071871080222,Vanessa Carlton,PL,25,m,US,Female
598,7,0.3333333333333333,Ariana Grande,PL,25,m,US,Female
598,8,0.31546487678572877,Sia,PL,25,m,AU,Female
598,9,0.3010299956639812,Rihanna,PL,25,m,UK,Female
598,10,0.2890648263178879,Kelly Clarkson,PL,25,m,US,Female
599,1,1.0,PJ Harvey,TR,23,m,UK,Female
599,2,0.6309297535714575,Oneohtrix Point Never,TR,23,m,US,Male
599,3,0.5,Damien Jurado,TR,23,m,US,Male
599,4,0.43067655807339306,Bat for Lashes,TR,23,m,UK,Female
599,5,0.38685280723454163,Mac DeMarco,TR,23,m,CA,Male
599,6,0.3562071871080222,Ozzy Osbourne,TR,23,m,UK,Male
599,7,0.3333333333333333,Oneohtrix Point Never,TR,23,m,US,Male
599,8,0.31546487678572877,The Tallest Man on Earth,TR,23,m,SE,Male
599,9,0.3010299956639812,Wild Nothing,TR,23,m,US,Male
599,10,0.2890648263178879,Sharon Van Etten,TR,23,m,US,Female
600,1,1.0,Grimes,NZ,19,m,CA,Female
600,2,0.6309297535714575,Apparat,NZ,19,m,DE,Male
600,3,0.5,John Maus,NZ,19,m,US,Male
600,4,0.43067655807339306,Kurt Vile,NZ,19,m,US,Male
600,5,0.38685280723454163,RuPaul,NZ,19,m,US,Female
600,6,0.3562071871080222,Jennifer Lopez,NZ,19,m,US,Female
600,7,0.3333333333333333,Grimes,NZ,19,m,CA,Female
600,8,0.31546487678572877,Sia,NZ,19,m,AU,Female
600,9,0.3010299956639812,Lisa Miskovsky,NZ,19,m,SE,Female
600,10,0.2890648263178879,Kanye West,NZ,19,m,US,Male
601,1,1.0,Charles Bolt,PH,24,f,US,Male
601,2,0.6309297535714575,Sabrina Carpenter,PH,24,f,US,Female
601,3,0.5,Elliott Smith,PH,24,f,US,Male
601,4,0.43067655807339306,Kelly Clarkson,PH,24,f,US,Female
601,5,0.38685280723454163,Madison Beer,PH,24,f,US,Female
601,6,0.3562071871080222,Jess Glynne,PH,24,f,UK,Female
601,7,0.3333333333333333,Earl Sweatshirt,PH,24,f,US,Male
601,8,0.31546487678572877,Ed Sheeran,PH,24,f,UK,Male
601,9,0.3010299956639812,Lana Del Rey,PH,24,f,US,Female
601,10,0.2890648263178879,Ariana Grande,PH,24,f,US,Female
602,1,1.0,Grimes,BR,22,m,CA,Female
602,2,0.6309297535714575,Ed Sheeran,BR,22,m,UK,Male
602,3,0.5,Ed Sheeran,BR,22,m,UK,Male
602,4,0.43067655807339306,Britney Spears,BR,22,m,US,Female
602,5,0.38685280723454163,Weyes Blood,BR,22,m,US,Female
602,6,0.3562071871080222,Frank Ocean,BR,22,m,US,Male
602,7,0.3333333333333333,Taylor Swift,BR,22,m,US,Female
602,8,0.31546487678572877,Dennis Lloyd,BR,22,m,IL,Male
602,9,0.3010299956639812,Dido,BR,22,m,UK,Female
602,10,0.2890648263178879,Pedro Sampaio,BR,22,m,BR,Male
603,1,1.0,Jennifer Paige,UK,19,f,US,Female
603,2,0.6309297535714575,Grimes,UK,19,f,CA,Female
603,3,0.5,Tove Lo,UK,19,f,SE,Female
603,4,0.43067655807339306,Queen,UK,19,f,JP,Female
603,5,0.38685280723454163,Chelsea Wolfe,UK,19,f,US,Female
603,6,0.3562071871080222,Ariana Grande,UK,19,f,US,Female
603,7,0.3333333333333333,Weyes Blood,UK,19,f,US,Female
603,8,0.31546487678572877,Charles Bolt,UK,19,f,US,Male
603,9,0.3010299956639812,Dennis Lloyd,UK,19,f,IL,Male
603,10,0.2890648263178879,IAMX,UK,19,f,DE,Male
604,1,1.0,Tycho,CN,21,m,US,Male
604,2,0.6309297535714575,Frank Ocean,CN,21,m,US,Male
604,3,0.5,Kanye West,CN,21,m,US,Male
604,4,0.43067655807339306,Ariana Grande,CN,21,m,US,Female
604,5,0.38685280723454163,Thom Yorke,CN,21,m,UK,Male
604,6,0.3562071871080222,Nicki Minaj,CN,21,m,US,Female
604,7,0.3333333333333333,Moby,CN,21,m,US,Male
604,8,0.31546487678572877,Kelly Clarkson,CN,21,m,US,Female
604,9,0.3010299956639812,Frank Ocean,CN,21,m,US,Male
604,10,0.2890648263178879,Four Tet,CN,21,m,UK,Male
605,1,1.0,Avril Lavigne,IN,19,m,CA,Female
605,2,0.6309297535714575,Katy Perry,IN,19,m,US,Female
605,3,0.5,Louis Tomlinson,IN,19,m,UK,Male
605,4,0.43067655807339306,Queen,IN,19,m,JP,Female
605,5,0.38685280723454163,Earl Sweatshirt,IN,19,m,US,Male
605,6,0.3562071871080222,Twin Shadow,IN,19,m,US,Male
605,7,0.3333333333333333,Sufjan Stevens,IN,19,m,US,Male
605,8,0.31546487678572877,Jennifer Paige,IN,19,m,US,Female
605,9,0.3010299956639812,Ariana Grande,IN,19,m,US,Female
605,10,0.2890648263178879,Jeff Buckley,IN,19,m,US,Male
606,1,1.0,Bill Callahan,IT,26,m,US,Male
606,2,0.6309297535714575,Lorde,IT,26,m,NZ,Female
606,3,0.5,Rob Zombie,IT,26,m,US,Male
606,4,0.43067655807339306,Rod Stewart,IT,26,m,UK,Male
606,5,0.38685280723454163,RuPaul,IT,26,m,US,Female
606,6,0.3562071871080222,J Balvin,IT,26,m,CO,Male
606,7,0.3333333333333333,Vitalic,IT,26,m,FR,Male
606,8,0.31546487678572877,Serj Tankian,IT,26,m,US,Male
606,9,0.3010299956639812,Moby,IT,26,m,US,Male
606,10,0.2890648263178879,Devendra Banhart,IT,26,m,US,Male
607,1,1.0,Madonna,DE,22,m,US,Female
607,2,0.6309297535714575,Elvis Presley,DE,22,m,US,Male
607,3,0.5,Carpenter Brut,DE,22,m,FR,Male
607,4,0.43067655807339306,Seal,DE,22,m,UK,Male
607,5,0.38685280723454163,Justin Timberlake,DE,22,m,US,Male
607,6,0.3562071871080222,Billy Joel,DE,22,m,US,Male
607,7,0.3333333333333333,Queen,DE,22,m,JP,Female
607,8,0.31546487678572877,Ozzy Osbourne,DE,22,m,UK,Male
607,9,0.3010299956639812,Bob Marley & The Wailers,DE,22,m,JM,Male
607,10,0.2890648263178879,PJ Harvey,DE,22,m,UK,Female
608,1,1.0,Kanye West,RU,20,f,US,Male
608,2,0.6309297535714575,DJ Shadow,RU,20,f,US,Male
608,3,0.5,Kelly Clarkson,RU,20,f,US,Female
608,4,0.43067655807339306,Thom Yorke,RU,20,f,UK,Male
608,5,0.38685280723454163,Madison Beer,RU,20,f,US,Female
608,6,0.3562071871080222,Grimes,RU,20,f,CA,Female
608,7,0.3333333333333333,Charles Bolt,RU,20,f,US,Male
608,8,0.31546487678572877,Bruno Mars,RU,20,f,US,Male
608,9,0.3010299956639812,Weyes Blood,RU,20,f,US,Female
608,10,0.2890648263178879,Britney Spears,RU,20,f,US,Female
609,1,1.0,Frank Ocean,AZ,22,f,US,Male
609,2,0.6309297535714575,Four Tet,AZ,22,f,UK,Male
609,3,0.5,Toro y Moi,AZ,22,f,US,Male
609,4,0.43067655807339306,Bob Marley & The Wailers,AZ,22,f,JM,Male
609,5,0.38685280723454163,Kelis,AZ,22,f,US,Female
609,6,0.3562071871080222,Rihanna,AZ,22,f,UK,Female
609,7,0.3333333333333333,Madonna,AZ,22,f,US,Female
609,8,0.31546487678572877,Thom Yorke,AZ,22,f,UK,Male
609,9,0.3010299956639812,Shawn Mendes,AZ,22,f,CA,Male
609,10,0.2890648263178879,Queen,AZ,22,f,JP,Female
610,1,1.0,Grimes,RU,21,m,CA,Female
610,2,0.6309297535714575,John Maus,RU,21,m,US,Male
610,3,0.5,Apparat,RU,21,m,DE,Male
610,4,0.43067655807339306,RuPaul,RU,21,m,US,Female
610,5,0.38685280723454163,Kurt Vile,RU,21,m,US,Male
610,6,0.3562071871080222,Jennifer Lopez,RU,21,m,US,Female
610,7,0.3333333333333333,Lisa Miskovsky,RU,21,m,SE,Female
610,8,0.31546487678572877,Sia,RU,21,m,AU,Female
610,9,0.3010299956639812,Grimes,RU,21,m,CA,Female
610,10,0.2890648263178879,Kanye West,RU,21,m,US,Male
611,1,1.0,Grimes,RU,19,m,CA,Female
611,2,0.6309297535714575,Apparat,RU,19,m,DE,Male
611,3,0.5,Katy Perry,RU,19,m,US,Female
611,4,0.43067655807339306,Lily Allen,RU,19,m,UK,Female
611,5,0.38685280723454163,Grimes,RU,19,m,CA,Female
611,6,0.3562071871080222,Weyes Blood,RU,19,m,US,Female
611,7,0.3333333333333333,Jennifer Paige,RU,19,m,US,Female
611,8,0.31546487678572877,Louis Tomlinson,RU,19,m,UK,Male
611,9,0.3010299956639812,Queen,RU,19,m,JP,Female
611,10,0.2890648263178879,Tove Lo,RU,19,m,SE,Female
612,1,1.0,Avril Lavigne,BY,23,m,CA,Female
612,2,0.6309297535714575,Katy Perry,BY,23,m,US,Female
612,3,0.5,Lily Allen,BY,23,m,UK,Female
612,4,0.43067655807339306,Louis Tomlinson,BY,23,m,UK,Male
612,5,0.38685280723454163,Jennifer Paige,BY,23,m,US,Female
612,6,0.3562071871080222,Joe Goddard,BY,23,m,UK,Male
612,7,0.3333333333333333,Chelsea Wolfe,BY,23,m,US,Female
612,8,0.31546487678572877,Ry x,BY,23,m,AU,Male
612,9,0.3010299956639812,Weyes Blood,BY,23,m,US,Female
612,10,0.2890648263178879,Tove Lo,BY,23,m,SE,Female
613,1,1.0,Frank Ocean,PL,23,f,US,Male
613,2,0.6309297535714575,Tove Lo,PL,23,f,SE,Female
613,3,0.5,Chelsea Wolfe,PL,23,f,US,Female
613,4,0.43067655807339306,Ariana Grande,PL,23,f,US,Female
613,5,0.38685280723454163,Ed Sheeran,PL,23,f,UK,Male
613,6,0.3562071871080222,Jess Glynne,PL,23,f,UK,Female
613,7,0.3333333333333333,Queen,PL,23,f,JP,Female
613,8,0.31546487678572877,Charles Bolt,PL,23,f,US,Male
613,9,0.3010299956639812,Weyes Blood,PL,23,f,US,Female
613,10,0.2890648263178879,Ed Sheeran,PL,23,f,UK,Male
614,1,1.0,George Ezra,NL,17,f,UK,Male
614,2,0.6309297535714575,Bob Marley & The Wailers,NL,17,f,JM,Male
614,3,0.5,Adele,NL,17,f,UK,Female
614,4,0.43067655807339306,Taylor Swift,NL,17,f,US,Female
614,5,0.38685280723454163,Ed Sheeran,NL,17,f,UK,Male
614,6,0.3562071871080222,Marilyn Manson,NL,17,f,US,Male
614,7,0.3333333333333333,PJ Harvey,NL,17,f,UK,Female
614,8,0.31546487678572877,Madonna,NL,17,f,US,Female
614,9,0.3010299956639812,The Tallest Man on Earth,NL,17,f,SE,Male
614,10,0.2890648263178879,Seal,NL,17,f,UK,Male
615,1,1.0,Grimes,CA,51,m,CA,Female
615,2,0.6309297535714575,John Maus,CA,51,m,US,Male
615,3,0.5,Apparat,CA,51,m,DE,Male
615,4,0.43067655807339306,Kurt Vile,CA,51,m,US,Male
615,5,0.38685280723454163,Lisa Miskovsky,CA,51,m,SE,Female
615,6,0.3562071871080222,Jennifer Lopez,CA,51,m,US,Female
615,7,0.3333333333333333,Sia,CA,51,m,AU,Female
615,8,0.31546487678572877,RuPaul,CA,51,m,US,Female
615,9,0.3010299956639812,Grimes,CA,51,m,CA,Female
615,10,0.2890648263178879,Weyes Blood,CA,51,m,US,Female
616,1,1.0,Mitski,BR,18,m,US,Female
616,2,0.6309297535714575,Sharon Van Etten,BR,18,m,US,Female
616,3,0.5,M. Ward,BR,18,m,US,Male
616,4,0.43067655807339306,James Blake,BR,18,m,UK,Male
616,5,0.38685280723454163,Ed Sheeran,BR,18,m,UK,Male
616,6,0.3562071871080222,Madonna,BR,18,m,US,Female
616,7,0.3333333333333333,Panda Bear,BR,18,m,US,Male
616,8,0.31546487678572877,Bill Callahan,BR,18,m,US,Male
616,9,0.3010299956639812,Leonard Cohen,BR,18,m,CA,Male
616,10,0.2890648263178879,Caribou,BR,18,m,CA,Male
617,1,1.0,Sharon Van Etten,EE,32,f,US,Female
617,2,0.6309297535714575,Bill Callahan,EE,32,f,US,Male
617,3,0.5,Panda Bear,EE,32,f,US,Male
617,4,0.43067655807339306,Nick Drake,EE,32,f,UK,Male
617,5,0.38685280723454163,Lana Del Rey,EE,32,f,US,Female
617,6,0.3562071871080222,Caribou,EE,32,f,CA,Male
617,7,0.3333333333333333,Leonard Cohen,EE,32,f,CA,Male
617,8,0.31546487678572877,Noisestorm,EE,32,f,IE,Male
617,9,0.3010299956639812,John Maus,EE,32,f,US,Male
617,10,0.2890648263178879,Lorde,EE,32,f,NZ,Female
618,1,1.0,Sharon Van Etten,PL,17,f,US,Female
618,2,0.6309297535714575,M. Ward,PL,17,f,US,Male
618,3,0.5,James Blake,PL,17,f,UK,Male
618,4,0.43067655807339306,Panda Bear,PL,17,f,US,Male
618,5,0.38685280723454163,Bill Callahan,PL,17,f,US,Male
618,6,0.3562071871080222,Leonard Cohen,PL,17,f,CA,Male
618,7,0.3333333333333333,Kanye West,PL,17,f,US,Male
618,8,0.31546487678572877,Nick Drake,PL,17,f,UK,Male
618,9,0.3010299956639812,John Maus,PL,17,f,US,Male
618,10,0.2890648263178879,Laura Marling,PL,17,f,UK,Female
619,1,1.0,DJ Shadow,CZ,27,m,US,Male
619,2,0.6309297535714575,Grimes,CZ,27,m,CA,Female
619,3,0.5,John Maus,CZ,27,m,US,Male
619,4,0.43067655807339306,Apparat,CZ,27,m,DE,Male
619,5,0.38685280723454163,Rod Stewart,CZ,27,m,UK,Male
619,6,0.3562071871080222,Kurt Vile,CZ,27,m,US,Male
619,7,0.3333333333333333,Sia,CZ,27,m,AU,Female
619,8,0.31546487678572877,Grimes,CZ,27,m,CA,Female
619,9,0.3010299956639812,Moby,CZ,27,m,US,Male
619,10,0.2890648263178879,Weyes Blood,CZ,27,m,US,Female
620,1,1.0,DJ Shadow,US,22,f,US,Male
620,2,0.6309297535714575,Tycho,US,22,f,US,Male
620,3,0.5,Kanye West,US,22,f,US,Male
620,4,0.43067655807339306,Tove Lo,US,22,f,SE,Female
620,5,0.38685280723454163,Thom Yorke,US,22,f,UK,Male
620,6,0.3562071871080222,Rod Stewart,US,22,f,UK,Male
620,7,0.3333333333333333,Grimes,US,22,f,CA,Female
620,8,0.31546487678572877,Wax Tailor,US,22,f,FR,Male
620,9,0.3010299956639812,Lorde,US,22,f,NZ,Female
620,10,0.2890648263178879,John Maus,US,22,f,US,Male
621,1,1.0,Ed Sheeran,BR,19,m,UK,Male
621,2,0.6309297535714575,Tove Lo,BR,19,m,SE,Female
621,3,0.5,Kygo,BR,19,m,NO,Male
621,4,0.43067655807339306,Jess Glynne,BR,19,m,UK,Female
621,5,0.38685280723454163,Ed Sheeran,BR,19,m,UK,Male
621,6,0.3562071871080222,Weyes Blood,BR,19,m,US,Female
621,7,0.3333333333333333,Queen,BR,19,m,JP,Female
621,8,0.31546487678572877,Dimension,BR,19,m,ES,Male
621,9,0.3010299956639812,Nik Kershaw,BR,19,m,UK,Male
621,10,0.2890648263178879,AFI,BR,19,m,US,Female
622,1,1.0,Frank Ocean,IT,21,f,US,Male
622,2,0.6309297535714575,John Maus,IT,21,f,US,Male
622,3,0.5,Jennifer Paige,IT,21,f,US,Female
622,4,0.43067655807339306,Joe Goddard,IT,21,f,UK,Male
622,5,0.38685280723454163,Louis Tomlinson,IT,21,f,UK,Male
622,6,0.3562071871080222,Weyes Blood,IT,21,f,US,Female
622,7,0.3333333333333333,Ry x,IT,21,f,AU,Male
622,8,0.31546487678572877,Queen,IT,21,f,JP,Female
622,9,0.3010299956639812,Elliott Smith,IT,21,f,US,Male
622,10,0.2890648263178879,Tove Lo,IT,21,f,SE,Female
623,1,1.0,Leonard Cohen,RU,21,m,CA,Male
623,2,0.6309297535714575,Bill Callahan,RU,21,m,US,Male
623,3,0.5,John Maus,RU,21,m,US,Male
623,4,0.43067655807339306,Laura Marling,RU,21,m,UK,Female
623,5,0.38685280723454163,Carpenter Brut,RU,21,m,FR,Male
623,6,0.3562071871080222,PJ Harvey,RU,21,m,UK,Female
623,7,0.3333333333333333,Devendra Banhart,RU,21,m,US,Male
623,8,0.31546487678572877,Queen,RU,21,m,JP,Female
623,9,0.3010299956639812,Chelsea Wolfe,RU,21,m,US,Female
623,10,0.2890648263178879,Arca,RU,21,m,VE,Non-binary
624,1,1.0,John Maus,UK,50,m,US,Male
624,2,0.6309297535714575,Kurt Vile,UK,50,m,US,Male
624,3,0.5,Grimes,UK,50,m,CA,Female
624,4,0.43067655807339306,Mariah Carey,UK,50,m,US,Female
624,5,0.38685280723454163,Lauren Daigle,UK,50,m,US,Female
624,6,0.3562071871080222,Weyes Blood,UK,50,m,US,Female
624,7,0.3333333333333333,IAMX,UK,50,m,DE,Male
624,8,0.31546487678572877,Roberta Flack,UK,50,m,US,Female
624,9,0.3010299956639812,Avril Lavigne,UK,50,m,CA,Female
624,10,0.2890648263178879,George Ezra,UK,50,m,UK,Male
626,1,1.0,Frank Ocean,CZ,19,m,US,Male
626,2,0.6309297535714575,Lorde,CZ,19,m,NZ,Female
626,3,0.5,Thom Yorke,CZ,19,m,UK,Male
626,4,0.43067655807339306,Rita Ora,CZ,19,m,UK,Female
626,5,0.38685280723454163,Vitalic,CZ,19,m,FR,Male
626,6,0.3562071871080222,DJ Shadow,CZ,19,m,US,Male
626,7,0.3333333333333333,Lana Del Rey,CZ,19,m,US,Female
626,8,0.31546487678572877,Grimes,CZ,19,m,CA,Female
626,9,0.3010299956639812,J Balvin,CZ,19,m,CO,Male
626,10,0.2890648263178879,Rod Stewart,CZ,19,m,UK,Male
628,1,1.0,John Maus,VE,21,f,US,Male
628,2,0.6309297535714575,Jennifer Paige,VE,21,f,US,Female
628,3,0.5,Louis Tomlinson,VE,21,f,UK,Male
628,4,0.43067655807339306,Tove Lo,VE,21,f,SE,Female
628,5,0.38685280723454163,Joe Goddard,VE,21,f,UK,Male
628,6,0.3562071871080222,Chelsea Wolfe,VE,21,f,US,Female
628,7,0.3333333333333333,Ry x,VE,21,f,AU,Male
628,8,0.31546487678572877,Weyes Blood,VE,21,f,US,Female
628,9,0.3010299956639812,Queen,VE,21,f,JP,Female
628,10,0.2890648263178879,Ariana Grande,VE,21,f,US,Female
629,1,1.0,Katy Perry,IT,22,m,US,Female
629,2,0.6309297535714575,Grimes,IT,22,m,CA,Female
629,3,0.5,Lily Allen,IT,22,m,UK,Female
629,4,0.43067655807339306,Avril Lavigne,IT,22,m,CA,Female
629,5,0.38685280723454163,Chelsea Wolfe,IT,22,m,US,Female
629,6,0.3562071871080222,Louis Tomlinson,IT,22,m,UK,Male
629,7,0.3333333333333333,Jennifer Paige,IT,22,m,US,Female
629,8,0.31546487678572877,Frank Ocean,IT,22,m,US,Male
629,9,0.3010299956639812,Queen,IT,22,m,JP,Female
629,10,0.2890648263178879,John Maus,IT,22,m,US,Male
630,1,1.0,Louis Tomlinson,RU,24,m,UK,Male
630,2,0.6309297535714575,Jennifer Paige,RU,24,m,US,Female
630,3,0.5,Queen,RU,24,m,JP,Female
630,4,0.43067655807339306,Joe Goddard,RU,24,m,UK,Male
630,5,0.38685280723454163,Ry x,RU,24,m,AU,Male
630,6,0.3562071871080222,Chelsea Wolfe,RU,24,m,US,Female
630,7,0.3333333333333333,Ariana Grande,RU,24,m,US,Female
630,8,0.31546487678572877,Weyes Blood,RU,24,m,US,Female
630,9,0.3010299956639812,Tove Lo,RU,24,m,SE,Female
630,10,0.2890648263178879,Ed Sheeran,RU,24,m,UK,Male
631,1,1.0,Grimes,PL,21,m,CA,Female
631,2,0.6309297535714575,Louis Tomlinson,PL,21,m,UK,Male
631,3,0.5,Weyes Blood,PL,21,m,US,Female
631,4,0.43067655807339306,Tove Lo,PL,21,m,SE,Female
631,5,0.38685280723454163,Frank Ocean,PL,21,m,US,Male
631,6,0.3562071871080222,Ed Sheeran,PL,21,m,UK,Male
631,7,0.3333333333333333,Chelsea Wolfe,PL,21,m,US,Female
631,8,0.31546487678572877,Queen,PL,21,m,JP,Female
631,9,0.3010299956639812,Ed Sheeran,PL,21,m,UK,Male
631,10,0.2890648263178879,John Maus,PL,21,m,US,Male
632,1,1.0,Joe Goddard,BR,17,m,UK,Male
632,2,0.6309297535714575,Weyes Blood,BR,17,m,US,Female
632,3,0.5,Ry x,BR,17,m,AU,Male
632,4,0.43067655807339306,Jennifer Paige,BR,17,m,US,Female
632,5,0.38685280723454163,Louis Tomlinson,BR,17,m,UK,Male
632,6,0.3562071871080222,Elliott Smith,BR,17,m,US,Male
632,7,0.3333333333333333,Chelsea Wolfe,BR,17,m,US,Female
632,8,0.31546487678572877,Queen,BR,17,m,JP,Female
632,9,0.3010299956639812,Tove Lo,BR,17,m,SE,Female
632,10,0.2890648263178879,Charles Bolt,BR,17,m,US,Male
633,1,1.0,John Maus,PL,16,m,US,Male
633,2,0.6309297535714575,Kurt Vile,PL,16,m,US,Male
633,3,0.5,Queen,PL,16,m,JP,Female
633,4,0.43067655807339306,Grimes,PL,16,m,CA,Female
633,5,0.38685280723454163,Ed Sheeran,PL,16,m,UK,Male
633,6,0.3562071871080222,Jennifer Paige,PL,16,m,US,Female
633,7,0.3333333333333333,Ed Sheeran,PL,16,m,UK,Male
633,8,0.31546487678572877,Weyes Blood,PL,16,m,US,Female
633,9,0.3010299956639812,Tove Lo,PL,16,m,SE,Female
633,10,0.2890648263178879,Ariana Grande,PL,16,m,US,Female
634,1,1.0,Lisa Miskovsky,UK,23,f,SE,Female
634,2,0.6309297535714575,Kanye West,UK,23,f,US,Male
634,3,0.5,Avril Lavigne,UK,23,f,CA,Female
634,4,0.43067655807339306,Katy Perry,UK,23,f,US,Female
634,5,0.38685280723454163,Grimes,UK,23,f,CA,Female
634,6,0.3562071871080222,Lily Allen,UK,23,f,UK,Female
634,7,0.3333333333333333,Louis Tomlinson,UK,23,f,UK,Male
634,8,0.31546487678572877,Jennifer Paige,UK,23,f,US,Female
634,9,0.3010299956639812,Frank Ocean,UK,23,f,US,Male
634,10,0.2890648263178879,Queen,UK,23,f,JP,Female
635,1,1.0,Grimes,CZ,35,m,CA,Female
635,2,0.6309297535714575,Sia,CZ,35,m,AU,Female
635,3,0.5,John Maus,CZ,35,m,US,Male
635,4,0.43067655807339306,Lisa Miskovsky,CZ,35,m,SE,Female
635,5,0.38685280723454163,Katy Perry,CZ,35,m,US,Female
635,6,0.3562071871080222,Avril Lavigne,CZ,35,m,CA,Female
635,7,0.3333333333333333,Kanye West,CZ,35,m,US,Male
635,8,0.31546487678572877,Grimes,CZ,35,m,CA,Female
635,9,0.3010299956639812,Kurt Vile,CZ,35,m,US,Male
635,10,0.2890648263178879,Lily Allen,CZ,35,m,UK,Female
636,1,1.0,Kanye West,TR,21,m,US,Male
636,2,0.6309297535714575,Lily Allen,TR,21,m,UK,Female
636,3,0.5,John Maus,TR,21,m,US,Male
636,4,0.43067655807339306,Avril Lavigne,TR,21,m,CA,Female
636,5,0.38685280723454163,Frank Ocean,TR,21,m,US,Male
636,6,0.3562071871080222,Louis Tomlinson,TR,21,m,UK,Male
636,7,0.3333333333333333,Chelsea Wolfe,TR,21,m,US,Female
636,8,0.31546487678572877,Ed Sheeran,TR,21,m,UK,Male
636,9,0.3010299956639812,Ed Sheeran,TR,21,m,UK,Male
636,10,0.2890648263178879,Ry x,TR,21,m,AU,Male
637,1,1.0,Frank Ocean,UA,20,m,US,Male
637,2,0.6309297535714575,John Maus,UA,20,m,US,Male
637,3,0.5,Jennifer Paige,UA,20,m,US,Female
637,4,0.43067655807339306,Queen,UA,20,m,JP,Female
637,5,0.38685280723454163,Louis Tomlinson,UA,20,m,UK,Male
637,6,0.3562071871080222,Kygo,UA,20,m,NO,Male
637,7,0.3333333333333333,Tove Lo,UA,20,m,SE,Female
637,8,0.31546487678572877,Weyes Blood,UA,20,m,US,Female
637,9,0.3010299956639812,Joe Goddard,UA,20,m,UK,Male
637,10,0.2890648263178879,Ry x,UA,20,m,AU,Male
638,1,1.0,Kurt Vile,BR,20,m,US,Male
638,2,0.6309297535714575,Grimes,BR,20,m,CA,Female
638,3,0.5,Weyes Blood,BR,20,m,US,Female
638,4,0.43067655807339306,Lily Allen,BR,20,m,UK,Female
638,5,0.38685280723454163,Queen,BR,20,m,JP,Female
638,6,0.3562071871080222,Frank Ocean,BR,20,m,US,Male
638,7,0.3333333333333333,John Maus,BR,20,m,US,Male
638,8,0.31546487678572877,Louis Tomlinson,BR,20,m,UK,Male
638,9,0.3010299956639812,Chelsea Wolfe,BR,20,m,US,Female
638,10,0.2890648263178879,Jennifer Paige,BR,20,m,US,Female
639,1,1.0,Leonard Cohen,UK,30,m,CA,Male
639,2,0.6309297535714575,Bill Callahan,UK,30,m,US,Male
639,3,0.5,John Maus,UK,30,m,US,Male
639,4,0.43067655807339306,Laura Marling,UK,30,m,UK,Female
639,5,0.38685280723454163,Devendra Banhart,UK,30,m,US,Male
639,6,0.3562071871080222,Ozzy Osbourne,UK,30,m,UK,Male
639,7,0.3333333333333333,Kanye West,UK,30,m,US,Male
639,8,0.31546487678572877,Chelsea Wolfe,UK,30,m,US,Female
639,9,0.3010299956639812,Arca,UK,30,m,VE,Non-binary
639,10,0.2890648263178879,PJ Harvey,UK,30,m,UK,Female
640,1,1.0,Bat for Lashes,US,17,m,UK,Female
640,2,0.6309297535714575,Sharon Van Etten,US,17,m,US,Female
640,3,0.5,Carpenter Brut,US,17,m,FR,Male
640,4,0.43067655807339306,Lana Del Rey,US,17,m,US,Female
640,5,0.38685280723454163,The Tallest Man on Earth,US,17,m,SE,Male
640,6,0.3562071871080222,Ozzy Osbourne,US,17,m,UK,Male
640,7,0.3333333333333333,Justin Timberlake,US,17,m,US,Male
640,8,0.31546487678572877,Noisestorm,US,17,m,IE,Male
640,9,0.3010299956639812,Queen,US,17,m,JP,Female
640,10,0.2890648263178879,Wild Nothing,US,17,m,US,Male
641,1,1.0,Sharon Van Etten,BG,20,m,US,Female
641,2,0.6309297535714575,James Blake,BG,20,m,UK,Male
641,3,0.5,Panda Bear,BG,20,m,US,Male
641,4,0.43067655807339306,Nick Drake,BG,20,m,UK,Male
641,5,0.38685280723454163,Leonard Cohen,BG,20,m,CA,Male
641,6,0.3562071871080222,Bill Callahan,BG,20,m,US,Male
641,7,0.3333333333333333,Caribou,BG,20,m,CA,Male
641,8,0.31546487678572877,John Maus,BG,20,m,US,Male
641,9,0.3010299956639812,John Maus,BG,20,m,US,Male
641,10,0.2890648263178879,John Maus,BG,20,m,US,Male
642,1,1.0,Grimes,RU,21,m,CA,Female
642,2,0.6309297535714575,Weyes Blood,RU,21,m,US,Female
642,3,0.5,Ed Sheeran,RU,21,m,UK,Male
642,4,0.43067655807339306,Frank Ocean,RU,21,m,US,Male
642,5,0.38685280723454163,John Maus,RU,21,m,US,Male
642,6,0.3562071871080222,Charles Bolt,RU,21,m,US,Male
642,7,0.3333333333333333,Christina Aguilera,RU,21,m,US,Female
642,8,0.31546487678572877,Dido,RU,21,m,UK,Female
642,9,0.3010299956639812,Dennis Lloyd,RU,21,m,IL,Male
642,10,0.2890648263178879,Britney Spears,RU,21,m,US,Female
643,1,1.0,Apparat,BY,19,f,DE,Male
643,2,0.6309297535714575,Kanye West,BY,19,f,US,Male
643,3,0.5,Ed Sheeran,BY,19,f,UK,Male
643,4,0.43067655807339306,Ed Sheeran,BY,19,f,UK,Male
643,5,0.38685280723454163,Katy Perry,BY,19,f,US,Female
643,6,0.3562071871080222,Grimes,BY,19,f,CA,Female
643,7,0.3333333333333333,Weyes Blood,BY,19,f,US,Female
643,8,0.31546487678572877,Lily Allen,BY,19,f,UK,Female
643,9,0.3010299956639812,John Maus,BY,19,f,US,Male
643,10,0.2890648263178879,Lana Del Rey,BY,19,f,US,Female
644,1,1.0,Jennifer Paige,AZ,20,m,US,Female
644,2,0.6309297535714575,Louis Tomlinson,AZ,20,m,UK,Male
644,3,0.5,Joe Goddard,AZ,20,m,UK,Male
644,4,0.43067655807339306,Weyes Blood,AZ,20,m,US,Female
644,5,0.38685280723454163,Ry x,AZ,20,m,AU,Male
644,6,0.3562071871080222,Queen,AZ,20,m,JP,Female
644,7,0.3333333333333333,Tove Lo,AZ,20,m,SE,Female
644,8,0.31546487678572877,Elliott Smith,AZ,20,m,US,Male
644,9,0.3010299956639812,Chelsea Wolfe,AZ,20,m,US,Female
644,10,0.2890648263178879,Ariana Grande,AZ,20,m,US,Female
645,1,1.0,Frank Ocean,NO,23,m,US,Male
645,2,0.6309297535714575,Queen,NO,23,m,JP,Female
645,3,0.5,Joe Goddard,NO,23,m,UK,Male
645,4,0.43067655807339306,Ariana Grande,NO,23,m,US,Female
645,5,0.38685280723454163,Ed Sheeran,NO,23,m,UK,Male
645,6,0.3562071871080222,Ry x,NO,23,m,AU,Male
645,7,0.3333333333333333,Jess Glynne,NO,23,m,UK,Female
645,8,0.31546487678572877,Ed Sheeran,NO,23,m,UK,Male
645,9,0.3010299956639812,Weyes Blood,NO,23,m,US,Female
645,10,0.2890648263178879,Charles Bolt,NO,23,m,US,Male
646,1,1.0,Kanye West,BR,24,m,US,Male
646,2,0.6309297535714575,Thom Yorke,BR,24,m,UK,Male
646,3,0.5,DJ Shadow,BR,24,m,US,Male
646,4,0.43067655807339306,Grimes,BR,24,m,CA,Female
646,5,0.38685280723454163,Rod Stewart,BR,24,m,UK,Male
646,6,0.3562071871080222,Nicki Minaj,BR,24,m,US,Female
646,7,0.3333333333333333,Wax Tailor,BR,24,m,FR,Male
646,8,0.31546487678572877,John Maus,BR,24,m,US,Male
646,9,0.3010299956639812,Britney Spears,BR,24,m,US,Female
646,10,0.2890648263178879,RuPaul,BR,24,m,US,Female
647,1,1.0,Bill Callahan,PL,23,f,US,Male
647,2,0.6309297535714575,Ed Sheeran,PL,23,f,UK,Male
647,3,0.5,Leonard Cohen,PL,23,f,CA,Male
647,4,0.43067655807339306,Caribou,PL,23,f,CA,Male
647,5,0.38685280723454163,Elvis Presley,PL,23,f,US,Male
647,6,0.3562071871080222,John Maus,PL,23,f,US,Male
647,7,0.3333333333333333,John Maus,PL,23,f,US,Male
647,8,0.31546487678572877,Billy Joel,PL,23,f,US,Male
647,9,0.3010299956639812,Carpenter Brut,PL,23,f,FR,Male
647,10,0.2890648263178879,Panda Bear,PL,23,f,US,Male
648,1,1.0,Bill Callahan,US,20,m,US,Male
648,2,0.6309297535714575,Leonard Cohen,US,20,m,CA,Male
648,3,0.5,Carpenter Brut,US,20,m,FR,Male
648,4,0.43067655807339306,Bob Marley & The Wailers,US,20,m,JM,Male
648,5,0.38685280723454163,Queen,US,20,m,JP,Female
648,6,0.3562071871080222,Ozzy Osbourne,US,20,m,UK,Male
648,7,0.3333333333333333,Justin Timberlake,US,20,m,US,Male
648,8,0.31546487678572877,John Maus,US,20,m,US,Male
648,9,0.3010299956639812,Laura Marling,US,20,m,UK,Female
648,10,0.2890648263178879,Panda Bear,US,20,m,US,Male
649,1,1.0,Avril Lavigne,RU,17,f,CA,Female
649,2,0.6309297535714575,Katy Perry,RU,17,f,US,Female
649,3,0.5,Louis Tomlinson,RU,17,f,UK,Male
649,4,0.43067655807339306,Jennifer Paige,RU,17,f,US,Female
649,5,0.38685280723454163,Queen,RU,17,f,JP,Female
649,6,0.3562071871080222,Weyes Blood,RU,17,f,US,Female
649,7,0.3333333333333333,Elliott Smith,RU,17,f,US,Male
649,8,0.31546487678572877,Chelsea Wolfe,RU,17,f,US,Female
649,9,0.3010299956639812,Tove Lo,RU,17,f,SE,Female
649,10,0.2890648263178879,Ed Sheeran,RU,17,f,UK,Male
650,1,1.0,Grimes,BY,24,m,CA,Female
650,2,0.6309297535714575,Weyes Blood,BY,24,m,US,Female
650,3,0.5,Frank Ocean,BY,24,m,US,Male
650,4,0.43067655807339306,Ariana Grande,BY,24,m,US,Female
650,5,0.38685280723454163,Britney Spears,BY,24,m,US,Female
650,6,0.3562071871080222,Dennis Lloyd,BY,24,m,IL,Male
650,7,0.3333333333333333,John Maus,BY,24,m,US,Male
650,8,0.31546487678572877,Beyoncé,BY,24,m,US,Female
650,9,0.3010299956639812,IAMX,BY,24,m,DE,Male
650,10,0.2890648263178879,Roberta Flack,BY,24,m,US,Female
651,1,1.0,Lily Allen,US,17,m,UK,Female
651,2,0.6309297535714575,Jennifer Paige,US,17,m,US,Female
651,3,0.5,Lisa Miskovsky,US,17,m,SE,Female
651,4,0.43067655807339306,Britney Spears,US,17,m,US,Female
651,5,0.38685280723454163,Fergie,US,17,m,UK,Male
651,6,0.3562071871080222,Kylie Minogue,US,17,m,AU,Female
651,7,0.3333333333333333,Mariah Carey,US,17,m,US,Female
651,8,0.31546487678572877,Taylor Swift,US,17,m,US,Female
651,9,0.3010299956639812,Toro y Moi,US,17,m,US,Male
651,10,0.2890648263178879,Kelly Clarkson,US,17,m,US,Female
652,1,1.0,Kanye West,JP,33,m,US,Male
652,2,0.6309297535714575,Avril Lavigne,JP,33,m,CA,Female
652,3,0.5,Katy Perry,JP,33,m,US,Female
652,4,0.43067655807339306,Lily Allen,JP,33,m,UK,Female
652,5,0.38685280723454163,Louis Tomlinson,JP,33,m,UK,Male
652,6,0.3562071871080222,Joe Goddard,JP,33,m,UK,Male
652,7,0.3333333333333333,Jennifer Paige,JP,33,m,US,Female
652,8,0.31546487678572877,Ry x,JP,33,m,AU,Male
652,9,0.3010299956639812,Ed Sheeran,JP,33,m,UK,Male
652,10,0.2890648263178879,Elliott Smith,JP,33,m,US,Male
653,1,1.0,Queen,RU,22,m,JP,Female
653,2,0.6309297535714575,Weyes Blood,RU,22,m,US,Female
653,3,0.5,Joe Goddard,RU,22,m,UK,Male
653,4,0.43067655807339306,Tove Lo,RU,22,m,SE,Female
653,5,0.38685280723454163,Ry x,RU,22,m,AU,Male
653,6,0.3562071871080222,Ed Sheeran,RU,22,m,UK,Male
653,7,0.3333333333333333,Ed Sheeran,RU,22,m,UK,Male
653,8,0.31546487678572877,Ariana Grande,RU,22,m,US,Female
653,9,0.3010299956639812,Elliott Smith,RU,22,m,US,Male
653,10,0.2890648263178879,Kygo,RU,22,m,NO,Male
654,1,1.0,Grimes,CA,18,m,CA,Female
654,2,0.6309297535714575,Wax Tailor,CA,18,m,FR,Male
654,3,0.5,Britney Spears,CA,18,m,US,Female
654,4,0.43067655807339306,Rod Stewart,CA,18,m,UK,Male
654,5,0.38685280723454163,RuPaul,CA,18,m,US,Female
654,6,0.3562071871080222,John Maus,CA,18,m,US,Male
654,7,0.3333333333333333,Apparat,CA,18,m,DE,Male
654,8,0.31546487678572877,Grimes,CA,18,m,CA,Female
654,9,0.3010299956639812,Jennifer Lopez,CA,18,m,US,Female
654,10,0.2890648263178879,Lisa Miskovsky,CA,18,m,SE,Female
655,1,1.0,Grimes,RU,30,m,CA,Female
655,2,0.6309297535714575,Ed Sheeran,RU,30,m,UK,Male
655,3,0.5,Weyes Blood,RU,30,m,US,Female
655,4,0.43067655807339306,Ariana Grande,RU,30,m,US,Female
655,5,0.38685280723454163,Frank Ocean,RU,30,m,US,Male
655,6,0.3562071871080222,Ed Sheeran,RU,30,m,UK,Male
655,7,0.3333333333333333,John Maus,RU,30,m,US,Male
655,8,0.31546487678572877,Oliver Koletzki,RU,30,m,DE,Male
655,9,0.3010299956639812,IAMX,RU,30,m,DE,Male
655,10,0.2890648263178879,Dennis Lloyd,RU,30,m,IL,Male
656,1,1.0,Sharon Van Etten,IT,24,m,US,Female
656,2,0.6309297535714575,James Blake,IT,24,m,UK,Male
656,3,0.5,Queen,IT,24,m,JP,Female
656,4,0.43067655807339306,Bill Callahan,IT,24,m,US,Male
656,5,0.38685280723454163,Panda Bear,IT,24,m,US,Male
656,6,0.3562071871080222,Nick Drake,IT,24,m,UK,Male
656,7,0.3333333333333333,Leonard Cohen,IT,24,m,CA,Male
656,8,0.31546487678572877,John Maus,IT,24,m,US,Male
656,9,0.3010299956639812,Lana Del Rey,IT,24,m,US,Female
656,10,0.2890648263178879,John Maus,IT,24,m,US,Male
657,1,1.0,Katy Perry,EE,21,m,US,Female
657,2,0.6309297535714575,Chelsea Wolfe,EE,21,m,US,Female
657,3,0.5,Jennifer Paige,EE,21,m,US,Female
657,4,0.43067655807339306,Weyes Blood,EE,21,m,US,Female
657,5,0.38685280723454163,Elliott Smith,EE,21,m,US,Male
657,6,0.3562071871080222,Kygo,EE,21,m,NO,Male
657,7,0.3333333333333333,Tove Lo,EE,21,m,SE,Female
657,8,0.31546487678572877,Ariana Grande,EE,21,m,US,Female
657,9,0.3010299956639812,Toro y Moi,EE,21,m,US,Male
657,10,0.2890648263178879,Twin Shadow,EE,21,m,US,Male
658,1,1.0,RuPaul,BR,19,m,US,Female
658,2,0.6309297535714575,Grimes,BR,19,m,CA,Female
658,3,0.5,Avril Lavigne,BR,19,m,CA,Female
658,4,0.43067655807339306,Apparat,BR,19,m,DE,Male
658,5,0.38685280723454163,Lisa Miskovsky,BR,19,m,SE,Female
658,6,0.3562071871080222,Kurt Vile,BR,19,m,US,Male
658,7,0.3333333333333333,Katy Perry,BR,19,m,US,Female
658,8,0.31546487678572877,Mahmundi,BR,19,m,BR,Female
658,9,0.3010299956639812,Grimes,BR,19,m,CA,Female
658,10,0.2890648263178879,Clara Nunes,BR,19,m,BR,Female
659,1,1.0,George Ezra,BR,19,f,UK,Male
659,2,0.6309297535714575,Ariana Grande,BR,19,f,US,Female
659,3,0.5,Carpenter Brut,BR,19,f,FR,Male
659,4,0.43067655807339306,Queen,BR,19,f,JP,Female
659,5,0.38685280723454163,Adele,BR,19,f,UK,Female
659,6,0.3562071871080222,Billy Joel,BR,19,f,US,Male
659,7,0.3333333333333333,Madonna,BR,19,f,US,Female
659,8,0.31546487678572877,Ed Sheeran,BR,19,f,UK,Male
659,9,0.3010299956639812,Vashti Bunyan,BR,19,f,UK,Female
659,10,0.2890648263178879,Frank Ocean,BR,19,f,US,Male
660,1,1.0,Ariana Grande,BG,22,f,US,Female
660,2,0.6309297535714575,Britney Spears,BG,22,f,US,Female
660,3,0.5,Nicki Minaj,BG,22,f,US,Female
660,4,0.43067655807339306,Moby,BG,22,f,US,Male
660,5,0.38685280723454163,Rod Stewart,BG,22,f,UK,Male
660,6,0.3562071871080222,RuPaul,BG,22,f,US,Female
660,7,0.3333333333333333,Rihanna,BG,22,f,UK,Female
660,8,0.31546487678572877,Wax Tailor,BG,22,f,FR,Male
660,9,0.3010299956639812,Avril Lavigne,BG,22,f,CA,Female
660,10,0.2890648263178879,Sia,BG,22,f,AU,Female
661,1,1.0,Grimes,BR,21,m,CA,Female
661,2,0.6309297535714575,Apparat,BR,21,m,DE,Male
661,3,0.5,John Maus,BR,21,m,US,Male
661,4,0.43067655807339306,Nicki Minaj,BR,21,m,US,Female
661,5,0.38685280723454163,Kurt Vile,BR,21,m,US,Male
661,6,0.3562071871080222,Wax Tailor,BR,21,m,FR,Male
661,7,0.3333333333333333,Britney Spears,BR,21,m,US,Female
661,8,0.31546487678572877,Grimes,BR,21,m,CA,Female
661,9,0.3010299956639812,RuPaul,BR,21,m,US,Female
661,10,0.2890648263178879,Weyes Blood,BR,21,m,US,Female
662,1,1.0,Grimes,NL,29,f,CA,Female
662,2,0.6309297535714575,Ed Sheeran,NL,29,f,UK,Male
662,3,0.5,Ed Sheeran,NL,29,f,UK,Male
662,4,0.43067655807339306,Queen,NL,29,f,JP,Female
662,5,0.38685280723454163,Weyes Blood,NL,29,f,US,Female
662,6,0.3562071871080222,Chelsea Wolfe,NL,29,f,US,Female
662,7,0.3333333333333333,Charles Bolt,NL,29,f,US,Male
662,8,0.31546487678572877,Frank Ocean,NL,29,f,US,Male
662,9,0.3010299956639812,IAMX,NL,29,f,DE,Male
662,10,0.2890648263178879,Beyoncé,NL,29,f,US,Female
663,1,1.0,Bill Callahan,DE,18,m,US,Male
663,2,0.6309297535714575,Panda Bear,DE,18,m,US,Male
663,3,0.5,Leonard Cohen,DE,18,m,CA,Male
663,4,0.43067655807339306,Carpenter Brut,DE,18,m,FR,Male
663,5,0.38685280723454163,Laura Marling,DE,18,m,UK,Female
663,6,0.3562071871080222,John Maus,DE,18,m,US,Male
663,7,0.3333333333333333,John Maus,DE,18,m,US,Male
663,8,0.31546487678572877,Caribou,DE,18,m,CA,Male
663,9,0.3010299956639812,Panda Bear,DE,18,m,US,Male
663,10,0.2890648263178879,Marilyn Manson,DE,18,m,US,Male
664,1,1.0,Grimes,RU,19,m,CA,Female
664,2,0.6309297535714575,John Maus,RU,19,m,US,Male
664,3,0.5,Sia,RU,19,m,AU,Female
664,4,0.43067655807339306,Jennifer Lopez,RU,19,m,US,Female
664,5,0.38685280723454163,Kurt Vile,RU,19,m,US,Male
664,6,0.3562071871080222,Lisa Miskovsky,RU,19,m,SE,Female
664,7,0.3333333333333333,Grimes,RU,19,m,CA,Female
664,8,0.31546487678572877,Kanye West,RU,19,m,US,Male
664,9,0.3010299956639812,Katy Perry,RU,19,m,US,Female
664,10,0.2890648263178879,Avril Lavigne,RU,19,m,CA,Female
665,1,1.0,John Maus,HU,25,f,US,Male
665,2,0.6309297535714575,Kurt Vile,HU,25,f,US,Male
665,3,0.5,Grimes,HU,25,f,CA,Female
665,4,0.43067655807339306,Louis Tomlinson,HU,25,f,UK,Male
665,5,0.38685280723454163,Weyes Blood,HU,25,f,US,Female
665,6,0.3562071871080222,Frank Ocean,HU,25,f,US,Male
665,7,0.3333333333333333,Ed Sheeran,HU,25,f,UK,Male
665,8,0.31546487678572877,Ed Sheeran,HU,25,f,UK,Male
665,9,0.3010299956639812,Christina Aguilera,HU,25,f,US,Female
665,10,0.2890648263178879,John Maus,HU,25,f,US,Male
666,1,1.0,Frank Ocean,DK,38,m,US,Male
666,2,0.6309297535714575,Four Tet,DK,38,m,UK,Male
666,3,0.5,Toro y Moi,DK,38,m,US,Male
666,4,0.43067655807339306,Madonna,DK,38,m,US,Female
666,5,0.38685280723454163,Ariana Grande,DK,38,m,US,Female
666,6,0.3562071871080222,Paula Abdul,DK,38,m,US,Female
666,7,0.3333333333333333,Lorde,DK,38,m,NZ,Female
666,8,0.31546487678572877,Vitalic,DK,38,m,FR,Male
666,9,0.3010299956639812,Thom Yorke,DK,38,m,UK,Male
666,10,0.2890648263178879,Rita Ora,DK,38,m,UK,Female
668,1,1.0,Katy Perry,JP,26,m,US,Female
668,2,0.6309297535714575,Joe Goddard,JP,26,m,UK,Male
668,3,0.5,Weyes Blood,JP,26,m,US,Female
668,4,0.43067655807339306,Ry x,JP,26,m,AU,Male
668,5,0.38685280723454163,Louis Tomlinson,JP,26,m,UK,Male
668,6,0.3562071871080222,Jennifer Paige,JP,26,m,US,Female
668,7,0.3333333333333333,Elliott Smith,JP,26,m,US,Male
668,8,0.31546487678572877,Chelsea Wolfe,JP,26,m,US,Female
668,9,0.3010299956639812,Ed Sheeran,JP,26,m,UK,Male
668,10,0.2890648263178879,Ed Sheeran,JP,26,m,UK,Male
669,1,1.0,Kurt Vile,ID,23,m,US,Male
669,2,0.6309297535714575,Tove Lo,ID,23,m,SE,Female
669,3,0.5,Grimes,ID,23,m,CA,Female
669,4,0.43067655807339306,Ed Sheeran,ID,23,m,UK,Male
669,5,0.38685280723454163,Kygo,ID,23,m,NO,Male
669,6,0.3562071871080222,Ed Sheeran,ID,23,m,UK,Male
669,7,0.3333333333333333,Ariana Grande,ID,23,m,US,Female
669,8,0.31546487678572877,Adele,ID,23,m,UK,Female
669,9,0.3010299956639812,Weyes Blood,ID,23,m,US,Female
669,10,0.2890648263178879,George Ezra,ID,23,m,UK,Male
670,1,1.0,Wax Tailor,UA,21,f,FR,Male
670,2,0.6309297535714575,Tycho,UA,21,f,US,Male
670,3,0.5,Frank Ocean,UA,21,f,US,Male
670,4,0.43067655807339306,Four Tet,UA,21,f,UK,Male
670,5,0.38685280723454163,Toro y Moi,UA,21,f,US,Male
670,6,0.3562071871080222,Ed Sheeran,UA,21,f,UK,Male
670,7,0.3333333333333333,Kanye West,UA,21,f,US,Male
670,8,0.31546487678572877,Lisa Miskovsky,UA,21,f,SE,Female
670,9,0.3010299956639812,Madonna,UA,21,f,US,Female
670,10,0.2890648263178879,Dennis Lloyd,UA,21,f,IL,Male
671,1,1.0,Lily Allen,BR,21,m,UK,Female
671,2,0.6309297535714575,Tove Lo,BR,21,m,SE,Female
671,3,0.5,Jennifer Paige,BR,21,m,US,Female
671,4,0.43067655807339306,Grimes,BR,21,m,CA,Female
671,5,0.38685280723454163,Kygo,BR,21,m,NO,Male
671,6,0.3562071871080222,IAMX,BR,21,m,DE,Male
671,7,0.3333333333333333,Roberta Flack,BR,21,m,US,Female
671,8,0.31546487678572877,Avril Lavigne,BR,21,m,CA,Female
671,9,0.3010299956639812,Kurt Vile,BR,21,m,US,Male
671,10,0.2890648263178879,Mariah Carey,BR,21,m,US,Female
672,1,1.0,Miley Cyrus,IT,22,m,US,Non-binary
672,2,0.6309297535714575,Queen,IT,22,m,JP,Female
672,3,0.5,Ariana Grande,IT,22,m,US,Female
672,4,0.43067655807339306,PJ Harvey,IT,22,m,UK,Female
672,5,0.38685280723454163,Jessie J,IT,22,m,UK,Female
672,6,0.3562071871080222,George Ezra,IT,22,m,UK,Male
672,7,0.3333333333333333,The Tallest Man on Earth,IT,22,m,SE,Male
672,8,0.31546487678572877,Taylor Swift,IT,22,m,US,Female
672,9,0.3010299956639812,Sia,IT,22,m,AU,Female
672,10,0.2890648263178879,Emma Ruth Rundle,IT,22,m,US,Female
673,1,1.0,Lily Allen,SE,22,f,UK,Female
673,2,0.6309297535714575,Grimes,SE,22,f,CA,Female
673,3,0.5,Jennifer Paige,SE,22,f,US,Female
673,4,0.43067655807339306,Louis Tomlinson,SE,22,f,UK,Male
673,5,0.38685280723454163,IAMX,SE,22,f,DE,Male
673,6,0.3562071871080222,Tove Lo,SE,22,f,SE,Female
673,7,0.3333333333333333,Charles Bolt,SE,22,f,US,Male
673,8,0.31546487678572877,Frank Ocean,SE,22,f,US,Male
673,9,0.3010299956639812,Jess Glynne,SE,22,f,UK,Female
673,10,0.2890648263178879,Kygo,SE,22,f,NO,Male
674,1,1.0,Lily Allen,AR,23,m,UK,Female
674,2,0.6309297535714575,Grimes,AR,23,m,CA,Female
674,3,0.5,Jennifer Paige,AR,23,m,US,Female
674,4,0.43067655807339306,Weyes Blood,AR,23,m,US,Female
674,5,0.38685280723454163,Kygo,AR,23,m,NO,Male
674,6,0.3562071871080222,Frank Ocean,AR,23,m,US,Male
674,7,0.3333333333333333,Chelsea Wolfe,AR,23,m,US,Female
674,8,0.31546487678572877,Ariana Grande,AR,23,m,US,Female
674,9,0.3010299956639812,Jess Glynne,AR,23,m,UK,Female
674,10,0.2890648263178879,Ed Sheeran,AR,23,m,UK,Male
675,1,1.0,RuPaul,UA,19,f,US,Female
675,2,0.6309297535714575,Kanye West,UA,19,f,US,Male
675,3,0.5,Avril Lavigne,UA,19,f,CA,Female
675,4,0.43067655807339306,Katy Perry,UA,19,f,US,Female
675,5,0.38685280723454163,Lily Allen,UA,19,f,UK,Female
675,6,0.3562071871080222,Jennifer Paige,UA,19,f,US,Female
675,7,0.3333333333333333,Queen,UA,19,f,JP,Female
675,8,0.31546487678572877,Louis Tomlinson,UA,19,f,UK,Male
675,9,0.3010299956639812,Chelsea Wolfe,UA,19,f,US,Female
675,10,0.2890648263178879,Earl Sweatshirt,UA,19,f,US,Male
676,1,1.0,Grimes,BR,18,m,CA,Female
676,2,0.6309297535714575,Weyes Blood,BR,18,m,US,Female
676,3,0.5,Frank Ocean,BR,18,m,US,Male
676,4,0.43067655807339306,Ed Sheeran,BR,18,m,UK,Male
676,5,0.38685280723454163,Ed Sheeran,BR,18,m,UK,Male
676,6,0.3562071871080222,John Maus,BR,18,m,US,Male
676,7,0.3333333333333333,Kelly Clarkson,BR,18,m,US,Female
676,8,0.31546487678572877,Madonna,BR,18,m,US,Female
676,9,0.3010299956639812,Dennis Lloyd,BR,18,m,IL,Male
676,10,0.2890648263178879,Pedro Sampaio,BR,18,m,BR,Male
677,1,1.0,Leonard Cohen,PS,18,m,CA,Male
677,2,0.6309297535714575,Ariana Grande,PS,18,m,US,Female
677,3,0.5,Jessie J,PS,18,m,UK,Female
677,4,0.43067655807339306,Wild Nothing,PS,18,m,US,Male
677,5,0.38685280723454163,Taylor Swift,PS,18,m,US,Female
677,6,0.3562071871080222,Sia,PS,18,m,AU,Female
677,7,0.3333333333333333,Ariana Grande,PS,18,m,US,Female
677,8,0.31546487678572877,The Tallest Man on Earth,PS,18,m,SE,Male
677,9,0.3010299956639812,Marilyn Manson,PS,18,m,US,Male
677,10,0.2890648263178879,George Ezra,PS,18,m,UK,Male
678,1,1.0,Devendra Banhart,US,19,f,US,Male
678,2,0.6309297535714575,Taylor Swift,US,19,f,US,Female
678,3,0.5,Ariana Grande,US,19,f,US,Female
678,4,0.43067655807339306,Bob Marley & The Wailers,US,19,f,JM,Male
678,5,0.38685280723454163,George Ezra,US,19,f,UK,Male
678,6,0.3562071871080222,Sia,US,19,f,AU,Female
678,7,0.3333333333333333,Marilyn Manson,US,19,f,US,Male
678,8,0.31546487678572877,Kanye West,US,19,f,US,Male
678,9,0.3010299956639812,Adele,US,19,f,UK,Female
678,10,0.2890648263178879,Leonard Cohen,US,19,f,CA,Male
679,1,1.0,Laura Marling,US,6,m,UK,Female
679,2,0.6309297535714575,Madonna,US,6,m,US,Female
679,3,0.5,John Maus,US,6,m,US,Male
679,4,0.43067655807339306,Carpenter Brut,US,6,m,FR,Male
679,5,0.38685280723454163,Oneohtrix Point Never,US,6,m,US,Male
679,6,0.3562071871080222,Seal,US,6,m,UK,Male
679,7,0.3333333333333333,Arca,US,6,m,VE,Non-binary
679,8,0.31546487678572877,PJ Harvey,US,6,m,UK,Female
679,9,0.3010299956639812,Bob Marley & The Wailers,US,6,m,JM,Male
679,10,0.2890648263178879,Chelsea Wolfe,US,6,m,US,Female
680,1,1.0,Grimes,US,23,f,CA,Female
680,2,0.6309297535714575,Weyes Blood,US,23,f,US,Female
680,3,0.5,Louis Tomlinson,US,23,f,UK,Male
680,4,0.43067655807339306,John Maus,US,23,f,US,Male
680,5,0.38685280723454163,Ed Sheeran,US,23,f,UK,Male
680,6,0.3562071871080222,Queen,US,23,f,JP,Female
680,7,0.3333333333333333,Frank Ocean,US,23,f,US,Male
680,8,0.31546487678572877,Ed Sheeran,US,23,f,UK,Male
680,9,0.3010299956639812,Jennifer Paige,US,23,f,US,Female
680,10,0.2890648263178879,Tove Lo,US,23,f,SE,Female
681,1,1.0,Avril Lavigne,CO,25,m,CA,Female
681,2,0.6309297535714575,Katy Perry,CO,25,m,US,Female
681,3,0.5,Lily Allen,CO,25,m,UK,Female
681,4,0.43067655807339306,Queen,CO,25,m,JP,Female
681,5,0.38685280723454163,Louis Tomlinson,CO,25,m,UK,Male
681,6,0.3562071871080222,Jennifer Paige,CO,25,m,US,Female
681,7,0.3333333333333333,Chelsea Wolfe,CO,25,m,US,Female
681,8,0.31546487678572877,Twin Shadow,CO,25,m,US,Male
681,9,0.3010299956639812,Earl Sweatshirt,CO,25,m,US,Male
681,10,0.2890648263178879,Ariana Grande,CO,25,m,US,Female
682,1,1.0,Frank Ocean,UA,43,m,US,Male
682,2,0.6309297535714575,Toro y Moi,UA,43,m,US,Male
682,3,0.5,Bob Marley & The Wailers,UA,43,m,JM,Male
682,4,0.43067655807339306,Kelis,UA,43,m,US,Female
682,5,0.38685280723454163,Thom Yorke,UA,43,m,UK,Male
682,6,0.3562071871080222,Ariana Grande,UA,43,m,US,Female
682,7,0.3333333333333333,Madonna,UA,43,m,US,Female
682,8,0.31546487678572877,Shawn Mendes,UA,43,m,CA,Male
682,9,0.3010299956639812,Lorde,UA,43,m,NZ,Female
682,10,0.2890648263178879,Ariana Grande,UA,43,m,US,Female
683,1,1.0,Grimes,US,20,m,CA,Female
683,2,0.6309297535714575,Frank Ocean,US,20,m,US,Male
683,3,0.5,Jennifer Paige,US,20,m,US,Female
683,4,0.43067655807339306,John Maus,US,20,m,US,Male
683,5,0.38685280723454163,Weyes Blood,US,20,m,US,Female
683,6,0.3562071871080222,Queen,US,20,m,JP,Female
683,7,0.3333333333333333,Ry x,US,20,m,AU,Male
683,8,0.31546487678572877,Ariana Grande,US,20,m,US,Female
683,9,0.3010299956639812,Joe Goddard,US,20,m,UK,Male
683,10,0.2890648263178879,Chelsea Wolfe,US,20,m,US,Female
684,1,1.0,Wax Tailor,UA,27,m,FR,Male
684,2,0.6309297535714575,DJ Shadow,UA,27,m,US,Male
684,3,0.5,Jennifer Paige,UA,27,m,US,Female
684,4,0.43067655807339306,Kanye West,UA,27,m,US,Male
684,5,0.38685280723454163,Thom Yorke,UA,27,m,UK,Male
684,6,0.3562071871080222,Tove Lo,UA,27,m,SE,Female
684,7,0.3333333333333333,Grimes,UA,27,m,CA,Female
684,8,0.31546487678572877,Lisa Miskovsky,UA,27,m,SE,Female
684,9,0.3010299956639812,Kygo,UA,27,m,NO,Male
684,10,0.2890648263178879,John Maus,UA,27,m,US,Male
685,1,1.0,Grimes,US,17,f,CA,Female
685,2,0.6309297535714575,Kurt Vile,US,17,f,US,Male
685,3,0.5,Jennifer Paige,US,17,f,US,Female
685,4,0.43067655807339306,Weyes Blood,US,17,f,US,Female
685,5,0.38685280723454163,Frank Ocean,US,17,f,US,Male
685,6,0.3562071871080222,Ed Sheeran,US,17,f,UK,Male
685,7,0.3333333333333333,John Maus,US,17,f,US,Male
685,8,0.31546487678572877,Ed Sheeran,US,17,f,UK,Male
685,9,0.3010299956639812,Queen,US,17,f,JP,Female
685,10,0.2890648263178879,Jess Glynne,US,17,f,UK,Female
686,1,1.0,Frank Ocean,PL,21,m,US,Male
686,2,0.6309297535714575,Lorde,PL,21,m,NZ,Female
686,3,0.5,Thom Yorke,PL,21,m,UK,Male
686,4,0.43067655807339306,DJ Shadow,PL,21,m,US,Male
686,5,0.38685280723454163,Vitalic,PL,21,m,FR,Male
686,6,0.3562071871080222,Grimes,PL,21,m,CA,Female
686,7,0.3333333333333333,Michael Jackson,PL,21,m,US,Male
686,8,0.31546487678572877,Sia,PL,21,m,AU,Female
686,9,0.3010299956639812,Sia,PL,21,m,AU,Female
686,10,0.2890648263178879,Britney Spears,PL,21,m,US,Female
687,1,1.0,Frank Ocean,NL,47,m,US,Male
687,2,0.6309297535714575,John Maus,NL,47,m,US,Male
687,3,0.5,Queen,NL,47,m,JP,Female
687,4,0.43067655807339306,Jennifer Paige,NL,47,m,US,Female
687,5,0.38685280723454163,Louis Tomlinson,NL,47,m,UK,Male
687,6,0.3562071871080222,Chelsea Wolfe,NL,47,m,US,Female
687,7,0.3333333333333333,Joe Goddard,NL,47,m,UK,Male
687,8,0.31546487678572877,Ry x,NL,47,m,AU,Male
687,9,0.3010299956639812,Weyes Blood,NL,47,m,US,Female
687,10,0.2890648263178879,Tove Lo,NL,47,m,SE,Female
688,1,1.0,PJ Harvey,CO,18,m,UK,Female
688,2,0.6309297535714575,Devendra Banhart,CO,18,m,US,Male
688,3,0.5,Ed Sheeran,CO,18,m,UK,Male
688,4,0.43067655807339306,Bat for Lashes,CO,18,m,UK,Female
688,5,0.38685280723454163,Kanye West,CO,18,m,US,Male
688,6,0.3562071871080222,Elvis Presley,CO,18,m,US,Male
688,7,0.3333333333333333,Carpenter Brut,CO,18,m,FR,Male
688,8,0.31546487678572877,Chelsea Wolfe,CO,18,m,US,Female
688,9,0.3010299956639812,Flume,CO,18,m,AU,Male
688,10,0.2890648263178879,Billy Joel,CO,18,m,US,Male
689,1,1.0,Avril Lavigne,RU,22,f,CA,Female
689,2,0.6309297535714575,Katy Perry,RU,22,f,US,Female
689,3,0.5,Jennifer Paige,RU,22,f,US,Female
689,4,0.43067655807339306,Louis Tomlinson,RU,22,f,UK,Male
689,5,0.38685280723454163,Tove Lo,RU,22,f,SE,Female
689,6,0.3562071871080222,Queen,RU,22,f,JP,Female
689,7,0.3333333333333333,Ed Sheeran,RU,22,f,UK,Male
689,8,0.31546487678572877,Ariana Grande,RU,22,f,US,Female
689,9,0.3010299956639812,Kygo,RU,22,f,NO,Male
689,10,0.2890648263178879,IAMX,RU,22,f,DE,Male
690,1,1.0,Frank Ocean,PL,20,m,US,Male
690,2,0.6309297535714575,Ed Sheeran,PL,20,m,UK,Male
690,3,0.5,Ed Sheeran,PL,20,m,UK,Male
690,4,0.43067655807339306,Ariana Grande,PL,20,m,US,Female
690,5,0.38685280723454163,Kygo,PL,20,m,NO,Male
690,6,0.3562071871080222,Dennis Lloyd,PL,20,m,IL,Male
690,7,0.3333333333333333,John Maus,PL,20,m,US,Male
690,8,0.31546487678572877,Dido,PL,20,m,UK,Female
690,9,0.3010299956639812,Dimension,PL,20,m,ES,Male
690,10,0.2890648263178879,IAMX,PL,20,m,DE,Male
691,1,1.0,Queen,CA,25,m,JP,Female
691,2,0.6309297535714575,Weyes Blood,CA,25,m,US,Female
691,3,0.5,Wax Tailor,CA,25,m,FR,Male
691,4,0.43067655807339306,Kelly Clarkson,CA,25,m,US,Female
691,5,0.38685280723454163,Rihanna,CA,25,m,UK,Female
691,6,0.3562071871080222,Britney Spears,CA,25,m,US,Female
691,7,0.3333333333333333,Joe Goddard,CA,25,m,UK,Male
691,8,0.31546487678572877,Nicki Minaj,CA,25,m,US,Female
691,9,0.3010299956639812,RuPaul,CA,25,m,US,Female
691,10,0.2890648263178879,Lisa Miskovsky,CA,25,m,SE,Female
692,1,1.0,Lisa Miskovsky,ES,24,m,SE,Female
692,2,0.6309297535714575,Lorde,ES,24,m,NZ,Female
692,3,0.5,Four Tet,ES,24,m,UK,Male
692,4,0.43067655807339306,Tycho,ES,24,m,US,Male
692,5,0.38685280723454163,DJ Shadow,ES,24,m,US,Male
692,6,0.3562071871080222,Toro y Moi,ES,24,m,US,Male
692,7,0.3333333333333333,Jess Glynne,ES,24,m,UK,Female
692,8,0.31546487678572877,Frank Ocean,ES,24,m,US,Male
692,9,0.3010299956639812,Madonna,ES,24,m,US,Female
692,10,0.2890648263178879,Niall Horan,ES,24,m,IE,Male
693,1,1.0,Grimes,NL,17,f,CA,Female
693,2,0.6309297535714575,Tove Lo,NL,17,f,SE,Female
693,3,0.5,Chelsea Wolfe,NL,17,f,US,Female
693,4,0.43067655807339306,Queen,NL,17,f,JP,Female
693,5,0.38685280723454163,Frank Ocean,NL,17,f,US,Male
693,6,0.3562071871080222,Ariana Grande,NL,17,f,US,Female
693,7,0.3333333333333333,John Maus,NL,17,f,US,Male
693,8,0.31546487678572877,Dennis Lloyd,NL,17,f,IL,Male
693,9,0.3010299956639812,IAMX,NL,17,f,DE,Male
693,10,0.2890648263178879,Dimension,NL,17,f,ES,Male
694,1,1.0,Frank Ocean,US,20,f,US,Male
694,2,0.6309297535714575,Christina Aguilera,US,20,f,US,Female
694,3,0.5,Dido,US,20,f,UK,Female
694,4,0.43067655807339306,John Maus,US,20,f,US,Male
694,5,0.38685280723454163,Jess Glynne,US,20,f,UK,Female
694,6,0.3562071871080222,Adele,US,20,f,UK,Female
694,7,0.3333333333333333,Ed Sheeran,US,20,f,UK,Male
694,8,0.31546487678572877,Niall Horan,US,20,f,IE,Male
694,9,0.3010299956639812,Rihanna,US,20,f,UK,Female
694,10,0.2890648263178879,Lorde,US,20,f,NZ,Female
695,1,1.0,Louis Tomlinson,PL,21,f,UK,Male
695,2,0.6309297535714575,Jennifer Paige,PL,21,f,US,Female
695,3,0.5,Queen,PL,21,f,JP,Female
695,4,0.43067655807339306,Chelsea Wolfe,PL,21,f,US,Female
695,5,0.38685280723454163,Tove Lo,PL,21,f,SE,Female
695,6,0.3562071871080222,Ed Sheeran,PL,21,f,UK,Male
695,7,0.3333333333333333,Ed Sheeran,PL,21,f,UK,Male
695,8,0.31546487678572877,Frank Ocean,PL,21,f,US,Male
695,9,0.3010299956639812,Ariana Grande,PL,21,f,US,Female
695,10,0.2890648263178879,John Maus,PL,21,f,US,Male
696,1,1.0,Tycho,UA,20,m,US,Male
696,2,0.6309297535714575,Kanye West,UA,20,m,US,Male
696,3,0.5,Frank Ocean,UA,20,m,US,Male
696,4,0.43067655807339306,Taylor Swift,UA,20,m,US,Female
696,5,0.38685280723454163,Norah Jones,UA,20,m,US,Female
696,6,0.3562071871080222,Ariana Grande,UA,20,m,US,Female
696,7,0.3333333333333333,Aldous Harding,UA,20,m,NZ,Female
696,8,0.31546487678572877,Rob Zombie,UA,20,m,US,Male
696,9,0.3010299956639812,Michael Jackson,UA,20,m,US,Male
696,10,0.2890648263178879,Bob Marley & The Wailers,UA,20,m,JM,Male
697,1,1.0,Sia,DE,18,m,AU,Female
697,2,0.6309297535714575,Grimes,DE,18,m,CA,Female
697,3,0.5,Lisa Miskovsky,DE,18,m,SE,Female
697,4,0.43067655807339306,Kanye West,DE,18,m,US,Male
697,5,0.38685280723454163,Katy Perry,DE,18,m,US,Female
697,6,0.3562071871080222,Avril Lavigne,DE,18,m,CA,Female
697,7,0.3333333333333333,Weyes Blood,DE,18,m,US,Female
697,8,0.31546487678572877,Lily Allen,DE,18,m,UK,Female
697,9,0.3010299956639812,John Maus,DE,18,m,US,Male
697,10,0.2890648263178879,Queen,DE,18,m,JP,Female
698,1,1.0,Avril Lavigne,BR,17,m,CA,Female
698,2,0.6309297535714575,Lisa Miskovsky,BR,17,m,SE,Female
698,3,0.5,Perfume Genius,BR,17,m,US,Male
698,4,0.43067655807339306,Chelsea Wolfe,BR,17,m,US,Female
698,5,0.38685280723454163,Katy Perry,BR,17,m,US,Female
698,6,0.3562071871080222,Lily Allen,BR,17,m,UK,Female
698,7,0.3333333333333333,Mitski,BR,17,m,US,Female
698,8,0.31546487678572877,Charlotte Day Wilson,BR,17,m,CA,Female
698,9,0.3010299956639812,Jennifer Paige,BR,17,m,US,Female
698,10,0.2890648263178879,Earl Sweatshirt,BR,17,m,US,Male
699,1,1.0,Rod Stewart,DE,25,m,UK,Male
699,2,0.6309297535714575,RuPaul,DE,25,m,US,Female
699,3,0.5,Jennifer Lopez,DE,25,m,US,Female
699,4,0.43067655807339306,Kanye West,DE,25,m,US,Male
699,5,0.38685280723454163,Lisa Miskovsky,DE,25,m,SE,Female
699,6,0.3562071871080222,Grimes,DE,25,m,CA,Female
699,7,0.3333333333333333,Katy Perry,DE,25,m,US,Female
699,8,0.31546487678572877,Avril Lavigne,DE,25,m,CA,Female
699,9,0.3010299956639812,John Maus,DE,25,m,US,Male
699,10,0.2890648263178879,Lily Allen,DE,25,m,UK,Female
700,1,1.0,Lisa Miskovsky,RU,24,f,SE,Female
700,2,0.6309297535714575,Sia,RU,24,f,AU,Female
700,3,0.5,Kanye West,RU,24,f,US,Male
700,4,0.43067655807339306,Grimes,RU,24,f,CA,Female
700,5,0.38685280723454163,Katy Perry,RU,24,f,US,Female
700,6,0.3562071871080222,Weyes Blood,RU,24,f,US,Female
700,7,0.3333333333333333,Lily Allen,RU,24,f,UK,Female
700,8,0.31546487678572877,Avril Lavigne,RU,24,f,CA,Female
700,9,0.3010299956639812,Louis Tomlinson,RU,24,f,UK,Male
700,10,0.2890648263178879,John Maus,RU,24,f,US,Male
701,1,1.0,Panda Bear,NO,23,m,US,Male
701,2,0.6309297535714575,Taylor Swift,NO,23,m,US,Female
701,3,0.5,George Ezra,NO,23,m,UK,Male
701,4,0.43067655807339306,Bill Callahan,NO,23,m,US,Male
701,5,0.38685280723454163,Leonard Cohen,NO,23,m,CA,Male
701,6,0.3562071871080222,Marilyn Manson,NO,23,m,US,Male
701,7,0.3333333333333333,Adele,NO,23,m,UK,Female
701,8,0.31546487678572877,John Maus,NO,23,m,US,Male
701,9,0.3010299956639812,John Maus,NO,23,m,US,Male
701,10,0.2890648263178879,Laura Marling,NO,23,m,UK,Female
702,1,1.0,Grimes,RU,38,m,CA,Female
702,2,0.6309297535714575,Ed Sheeran,RU,38,m,UK,Male
702,3,0.5,Queen,RU,38,m,JP,Female
702,4,0.43067655807339306,Frank Ocean,RU,38,m,US,Male
702,5,0.38685280723454163,Dennis Lloyd,RU,38,m,IL,Male
702,6,0.3562071871080222,John Maus,RU,38,m,US,Male
702,7,0.3333333333333333,Beyoncé,RU,38,m,US,Female
702,8,0.31546487678572877,Dido,RU,38,m,UK,Female
702,9,0.3010299956639812,Dimension,RU,38,m,ES,Male
702,10,0.2890648263178879,Christina Aguilera,RU,38,m,US,Female
703,1,1.0,Lisa Miskovsky,US,93,f,SE,Female
703,2,0.6309297535714575,Louis Tomlinson,US,93,f,UK,Male
703,3,0.5,Jennifer Paige,US,93,f,US,Female
703,4,0.43067655807339306,Tove Lo,US,93,f,SE,Female
703,5,0.38685280723454163,Kygo,US,93,f,NO,Male
703,6,0.3562071871080222,Ariana Grande,US,93,f,US,Female
703,7,0.3333333333333333,Chelsea Wolfe,US,93,f,US,Female
703,8,0.31546487678572877,Queen,US,93,f,JP,Female
703,9,0.3010299956639812,Ed Sheeran,US,93,f,UK,Male
703,10,0.2890648263178879,Elliott Smith,US,93,f,US,Male
704,1,1.0,Dido,BR,21,m,UK,Female
704,2,0.6309297535714575,DJ Shadow,BR,21,m,US,Male
704,3,0.5,Tycho,BR,21,m,US,Male
704,4,0.43067655807339306,Toro y Moi,BR,21,m,US,Male
704,5,0.38685280723454163,Madonna,BR,21,m,US,Female
704,6,0.3562071871080222,Lorde,BR,21,m,NZ,Female
704,7,0.3333333333333333,Weyes Blood,BR,21,m,US,Female
704,8,0.31546487678572877,Aldous Harding,BR,21,m,NZ,Female
704,9,0.3010299956639812,Kanye West,BR,21,m,US,Male
704,10,0.2890648263178879,Alexandra Stan,BR,21,m,RO,Female
705,1,1.0,Ana Carolina,BR,21,m,BR,Female
705,2,0.6309297535714575,Pitty,BR,21,m,BR,Female
705,3,0.5,Chico Buarque,BR,21,m,BR,Male
705,4,0.43067655807339306,Maluma,BR,21,m,CO,Male
705,5,0.38685280723454163,Jon Pardi,BR,21,m,US,Male
705,6,0.3562071871080222,Pitty,BR,21,m,BR,Female
705,7,0.3333333333333333,Demi Lovato,BR,21,m,US,Non-binary
705,8,0.31546487678572877,Gavin DeGraw,BR,21,m,US,Male
705,9,0.3010299956639812,Nina Simone,BR,21,m,US,Female
705,10,0.2890648263178879,S. Carey,BR,21,m,US,Male
706,1,1.0,Eagle-Eye Cherry,IT,20,m,SE,Male
706,2,0.6309297535714575,Queen,IT,20,m,JP,Female
706,3,0.5,Lil Nas X,IT,20,m,US,Male
706,4,0.43067655807339306,Miley Cyrus,IT,20,m,US,Non-binary
706,5,0.38685280723454163,Chris Isaak,IT,20,m,US,Male
706,6,0.3562071871080222,Wild Nothing,IT,20,m,US,Male
706,7,0.3333333333333333,Miley Cyrus,IT,20,m,US,Non-binary
706,8,0.31546487678572877,Nick Drake,IT,20,m,UK,Male
706,9,0.3010299956639812,Robyn,IT,20,m,SE,Female
706,10,0.2890648263178879,Queen,IT,20,m,JP,Female
707,1,1.0,Kanye West,RU,21,m,US,Male
707,2,0.6309297535714575,Grimes,RU,21,m,CA,Female
707,3,0.5,Katy Perry,RU,21,m,US,Female
707,4,0.43067655807339306,Lily Allen,RU,21,m,UK,Female
707,5,0.38685280723454163,Weyes Blood,RU,21,m,US,Female
707,6,0.3562071871080222,Frank Ocean,RU,21,m,US,Male
707,7,0.3333333333333333,Jennifer Paige,RU,21,m,US,Female
707,8,0.31546487678572877,Chelsea Wolfe,RU,21,m,US,Female
707,9,0.3010299956639812,Louis Tomlinson,RU,21,m,UK,Male
707,10,0.2890648263178879,Queen,RU,21,m,JP,Female
708,1,1.0,Chelsea Wolfe,UK,48,m,US,Female
708,2,0.6309297535714575,Kygo,UK,48,m,NO,Male
708,3,0.5,Tove Lo,UK,48,m,SE,Female
708,4,0.43067655807339306,Charles Bolt,UK,48,m,US,Male
708,5,0.38685280723454163,Jess Glynne,UK,48,m,UK,Female
708,6,0.3562071871080222,Ariana Grande,UK,48,m,US,Female
708,7,0.3333333333333333,Queen,UK,48,m,JP,Female
708,8,0.31546487678572877,Elliott Smith,UK,48,m,US,Male
708,9,0.3010299956639812,Weyes Blood,UK,48,m,US,Female
708,10,0.2890648263178879,AFI,UK,48,m,US,Female
709,1,1.0,Ed Sheeran,DE,18,m,UK,Male
709,2,0.6309297535714575,Bill Callahan,DE,18,m,US,Male
709,3,0.5,Caribou,DE,18,m,CA,Male
709,4,0.43067655807339306,Elvis Presley,DE,18,m,US,Male
709,5,0.38685280723454163,Ariana Grande,DE,18,m,US,Female
709,6,0.3562071871080222,John Maus,DE,18,m,US,Male
709,7,0.3333333333333333,Laura Marling,DE,18,m,UK,Female
709,8,0.31546487678572877,Panda Bear,DE,18,m,US,Male
709,9,0.3010299956639812,Carpenter Brut,DE,18,m,FR,Male
709,10,0.2890648263178879,Bob Marley & The Wailers,DE,18,m,JM,Male
710,1,1.0,Grimes,HU,33,m,CA,Female
710,2,0.6309297535714575,Kurt Vile,HU,33,m,US,Male
710,3,0.5,Grimes,HU,33,m,CA,Female
710,4,0.43067655807339306,Weyes Blood,HU,33,m,US,Female
710,5,0.38685280723454163,Ed Sheeran,HU,33,m,UK,Male
710,6,0.3562071871080222,Frank Ocean,HU,33,m,US,Male
710,7,0.3333333333333333,Chelsea Wolfe,HU,33,m,US,Female
710,8,0.31546487678572877,Queen,HU,33,m,JP,Female
710,9,0.3010299956639812,Rihanna,HU,33,m,UK,Female
710,10,0.2890648263178879,Dennis Lloyd,HU,33,m,IL,Male
712,1,1.0,Elvis Presley,DE,18,m,US,Male
712,2,0.6309297535714575,Carpenter Brut,DE,18,m,FR,Male
712,3,0.5,Billy Joel,DE,18,m,US,Male
712,4,0.43067655807339306,Bob Marley & The Wailers,DE,18,m,JM,Male
712,5,0.38685280723454163,Bill Callahan,DE,18,m,US,Male
712,6,0.3562071871080222,Panda Bear,DE,18,m,US,Male
712,7,0.3333333333333333,Queen,DE,18,m,JP,Female
712,8,0.31546487678572877,Leonard Cohen,DE,18,m,CA,Male
712,9,0.3010299956639812,Caribou,DE,18,m,CA,Male
712,10,0.2890648263178879,Ozzy Osbourne,DE,18,m,UK,Male
713,1,1.0,Grimes,DE,18,m,CA,Female
713,2,0.6309297535714575,John Maus,DE,18,m,US,Male
713,3,0.5,Frank Ocean,DE,18,m,US,Male
713,4,0.43067655807339306,IAMX,DE,18,m,DE,Male
713,5,0.38685280723454163,Ariana Grande,DE,18,m,US,Female
713,6,0.3562071871080222,Ry x,DE,18,m,AU,Male
713,7,0.3333333333333333,AFI,DE,18,m,US,Female
713,8,0.31546487678572877,Joe Goddard,DE,18,m,UK,Male
713,9,0.3010299956639812,Celldweller,DE,18,m,US,Male
713,10,0.2890648263178879,Oliver Koletzki,DE,18,m,DE,Male
714,1,1.0,Sharon Van Etten,PL,20,f,US,Female
714,2,0.6309297535714575,Bill Callahan,PL,20,f,US,Male
714,3,0.5,Panda Bear,PL,20,f,US,Male
714,4,0.43067655807339306,Leonard Cohen,PL,20,f,CA,Male
714,5,0.38685280723454163,Caribou,PL,20,f,CA,Male
714,6,0.3562071871080222,John Maus,PL,20,f,US,Male
714,7,0.3333333333333333,John Maus,PL,20,f,US,Male
714,8,0.31546487678572877,Laura Marling,PL,20,f,UK,Female
714,9,0.3010299956639812,Ozzy Osbourne,PL,20,f,UK,Male
714,10,0.2890648263178879,Panda Bear,PL,20,f,US,Male
715,1,1.0,Bill Callahan,RU,22,m,US,Male
715,2,0.6309297535714575,Leonard Cohen,RU,22,m,CA,Male
715,3,0.5,John Maus,RU,22,m,US,Male
715,4,0.43067655807339306,Bob Marley & The Wailers,RU,22,m,JM,Male
715,5,0.38685280723454163,Laura Marling,RU,22,m,UK,Female
715,6,0.3562071871080222,Madonna,RU,22,m,US,Female
715,7,0.3333333333333333,Ed Sheeran,RU,22,m,UK,Male
715,8,0.31546487678572877,Arca,RU,22,m,VE,Non-binary
715,9,0.3010299956639812,Ariana Grande,RU,22,m,US,Female
715,10,0.2890648263178879,Seal,RU,22,m,UK,Male
716,1,1.0,Tove Lo,BG,24,m,SE,Female
716,2,0.6309297535714575,Frank Ocean,BG,24,m,US,Male
716,3,0.5,Ariana Grande,BG,24,m,US,Female
716,4,0.43067655807339306,Charles Bolt,BG,24,m,US,Male
716,5,0.38685280723454163,Ed Sheeran,BG,24,m,UK,Male
716,6,0.3562071871080222,Ed Sheeran,BG,24,m,UK,Male
716,7,0.3333333333333333,John Maus,BG,24,m,US,Male
716,8,0.31546487678572877,Jess Glynne,BG,24,m,UK,Female
716,9,0.3010299956639812,Queen,BG,24,m,JP,Female
716,10,0.2890648263178879,Dennis Lloyd,BG,24,m,IL,Male
717,1,1.0,Grimes,BR,22,f,CA,Female
717,2,0.6309297535714575,Queen,BR,22,f,JP,Female
717,3,0.5,Tove Lo,BR,22,f,SE,Female
717,4,0.43067655807339306,Chelsea Wolfe,BR,22,f,US,Female
717,5,0.38685280723454163,Frank Ocean,BR,22,f,US,Male
717,6,0.3562071871080222,John Maus,BR,22,f,US,Male
717,7,0.3333333333333333,Charles Bolt,BR,22,f,US,Male
717,8,0.31546487678572877,Dennis Lloyd,BR,22,f,IL,Male
717,9,0.3010299956639812,Avril Lavigne,BR,22,f,CA,Female
717,10,0.2890648263178879,IAMX,BR,22,f,DE,Male
718,1,1.0,Apparat,US,20,m,DE,Male
718,2,0.6309297535714575,RuPaul,US,20,m,US,Female
718,3,0.5,Jennifer Lopez,US,20,m,US,Female
718,4,0.43067655807339306,Grimes,US,20,m,CA,Female
718,5,0.38685280723454163,Kurt Vile,US,20,m,US,Male
718,6,0.3562071871080222,Sia,US,20,m,AU,Female
718,7,0.3333333333333333,Weyes Blood,US,20,m,US,Female
718,8,0.31546487678572877,Kanye West,US,20,m,US,Male
718,9,0.3010299956639812,Avril Lavigne,US,20,m,CA,Female
718,10,0.2890648263178879,Lisa Miskovsky,US,20,m,SE,Female
720,1,1.0,Grimes,UK,20,m,CA,Female
720,2,0.6309297535714575,John Maus,UK,20,m,US,Male
720,3,0.5,Apparat,UK,20,m,DE,Male
720,4,0.43067655807339306,Kurt Vile,UK,20,m,US,Male
720,5,0.38685280723454163,RuPaul,UK,20,m,US,Female
720,6,0.3562071871080222,Weyes Blood,UK,20,m,US,Female
720,7,0.3333333333333333,Grimes,UK,20,m,CA,Female
720,8,0.31546487678572877,Jennifer Lopez,UK,20,m,US,Female
720,9,0.3010299956639812,Sia,UK,20,m,AU,Female
720,10,0.2890648263178879,Lisa Miskovsky,UK,20,m,SE,Female
721,1,1.0,Curumin,BR,19,f,BR,Male
721,2,0.6309297535714575,Jon Pardi,BR,19,f,US,Male
721,3,0.5,Cassadee Pope,BR,19,f,US,Female
721,4,0.43067655807339306,Projota,BR,19,f,BR,Male
721,5,0.38685280723454163,Isabella Taviani,BR,19,f,BR,Female
721,6,0.3562071871080222,Thomas Rhett,BR,19,f,US,Male
721,7,0.3333333333333333,Adele,BR,19,f,UK,Female
721,8,0.31546487678572877,Toro y Moi,BR,19,f,US,Male
721,9,0.3010299956639812,Adia Victoria,BR,19,f,US,Female
721,10,0.2890648263178879,Marina Lima,BR,19,f,BR,Female
722,1,1.0,Jennifer Paige,ID,21,m,US,Female
722,2,0.6309297535714575,Grimes,ID,21,m,CA,Female
722,3,0.5,Tove Lo,ID,21,m,SE,Female
722,4,0.43067655807339306,Weyes Blood,ID,21,m,US,Female
722,5,0.38685280723454163,Ed Sheeran,ID,21,m,UK,Male
722,6,0.3562071871080222,Frank Ocean,ID,21,m,US,Male
722,7,0.3333333333333333,Kygo,ID,21,m,NO,Male
722,8,0.31546487678572877,John Maus,ID,21,m,US,Male
722,9,0.3010299956639812,Lana Del Rey,ID,21,m,US,Female
722,10,0.2890648263178879,Queen,ID,21,m,JP,Female
723,1,1.0,Marilyn Manson,RU,16,m,US,Male
723,2,0.6309297535714575,Adele,RU,16,m,UK,Female
723,3,0.5,PJ Harvey,RU,16,m,UK,Female
723,4,0.43067655807339306,Ed Sheeran,RU,16,m,UK,Male
723,5,0.38685280723454163,Seal,RU,16,m,UK,Male
723,6,0.3562071871080222,Madonna,RU,16,m,US,Female
723,7,0.3333333333333333,Damien Jurado,RU,16,m,US,Male
723,8,0.31546487678572877,Bat for Lashes,RU,16,m,UK,Female
723,9,0.3010299956639812,Mac DeMarco,RU,16,m,CA,Male
723,10,0.2890648263178879,Ariana Grande,RU,16,m,US,Female
724,1,1.0,John Maus,CL,32,m,US,Male
724,2,0.6309297535714575,Kanye West,CL,32,m,US,Male
724,3,0.5,Kurt Vile,CL,32,m,US,Male
724,4,0.43067655807339306,Grimes,CL,32,m,CA,Female
724,5,0.38685280723454163,Katy Perry,CL,32,m,US,Female
724,6,0.3562071871080222,Weyes Blood,CL,32,m,US,Female
724,7,0.3333333333333333,Lily Allen,CL,32,m,UK,Female
724,8,0.31546487678572877,Louis Tomlinson,CL,32,m,UK,Male
724,9,0.3010299956639812,Frank Ocean,CL,32,m,US,Male
724,10,0.2890648263178879,John Maus,CL,32,m,US,Male
725,1,1.0,Sharon Van Etten,NL,27,f,US,Female
725,2,0.6309297535714575,Elvis Presley,NL,27,f,US,Male
725,3,0.5,Panda Bear,NL,27,f,US,Male
725,4,0.43067655807339306,Bill Callahan,NL,27,f,US,Male
725,5,0.38685280723454163,Carpenter Brut,NL,27,f,FR,Male
725,6,0.3562071871080222,Nick Drake,NL,27,f,UK,Male
725,7,0.3333333333333333,Billy Joel,NL,27,f,US,Male
725,8,0.31546487678572877,Leonard Cohen,NL,27,f,CA,Male
725,9,0.3010299956639812,Bob Marley & The Wailers,NL,27,f,JM,Male
725,10,0.2890648263178879,Caribou,NL,27,f,CA,Male
726,1,1.0,Queen,RU,19,m,JP,Female
726,2,0.6309297535714575,Jennifer Paige,RU,19,m,US,Female
726,3,0.5,Frank Ocean,RU,19,m,US,Male
726,4,0.43067655807339306,John Maus,RU,19,m,US,Male
726,5,0.38685280723454163,Tove Lo,RU,19,m,SE,Female
726,6,0.3562071871080222,Ed Sheeran,RU,19,m,UK,Male
726,7,0.3333333333333333,Ariana Grande,RU,19,m,US,Female
726,8,0.31546487678572877,Ed Sheeran,RU,19,m,UK,Male
726,9,0.3010299956639812,Charles Bolt,RU,19,m,US,Male
726,10,0.2890648263178879,Jess Glynne,RU,19,m,UK,Female
727,1,1.0,Louis Tomlinson,RU,25,m,UK,Male
727,2,0.6309297535714575,Jennifer Paige,RU,25,m,US,Female
727,3,0.5,Chelsea Wolfe,RU,25,m,US,Female
727,4,0.43067655807339306,Joe Goddard,RU,25,m,UK,Male
727,5,0.38685280723454163,Ed Sheeran,RU,25,m,UK,Male
727,6,0.3562071871080222,Ry x,RU,25,m,AU,Male
727,7,0.3333333333333333,Tove Lo,RU,25,m,SE,Female
727,8,0.31546487678572877,Weyes Blood,RU,25,m,US,Female
727,9,0.3010299956639812,Ed Sheeran,RU,25,m,UK,Male
727,10,0.2890648263178879,Ariana Grande,RU,25,m,US,Female
728,1,1.0,RuPaul,JP,21,m,US,Female
728,2,0.6309297535714575,Sia,JP,21,m,AU,Female
728,3,0.5,Jennifer Lopez,JP,21,m,US,Female
728,4,0.43067655807339306,Lisa Miskovsky,JP,21,m,SE,Female
728,5,0.38685280723454163,Kanye West,JP,21,m,US,Male
728,6,0.3562071871080222,Elliott Smith,JP,21,m,US,Male
728,7,0.3333333333333333,Avril Lavigne,JP,21,m,CA,Female
728,8,0.31546487678572877,Lily Allen,JP,21,m,UK,Female
728,9,0.3010299956639812,Katy Perry,JP,21,m,US,Female
728,10,0.2890648263178879,Earl Sweatshirt,JP,21,m,US,Male
729,1,1.0,Grimes,BR,23,m,CA,Female
729,2,0.6309297535714575,Kanye West,BR,23,m,US,Male
729,3,0.5,Louis Tomlinson,BR,23,m,UK,Male
729,4,0.43067655807339306,Kurt Vile,BR,23,m,US,Male
729,5,0.38685280723454163,Jennifer Paige,BR,23,m,US,Female
729,6,0.3562071871080222,Weyes Blood,BR,23,m,US,Female
729,7,0.3333333333333333,Grimes,BR,23,m,CA,Female
729,8,0.31546487678572877,Ed Sheeran,BR,23,m,UK,Male
729,9,0.3010299956639812,Ariana Grande,BR,23,m,US,Female
729,10,0.2890648263178879,Ed Sheeran,BR,23,m,UK,Male
730,1,1.0,Grimes,BR,21,m,CA,Female
730,2,0.6309297535714575,Weyes Blood,BR,21,m,US,Female
730,3,0.5,Jennifer Paige,BR,21,m,US,Female
730,4,0.43067655807339306,Louis Tomlinson,BR,21,m,UK,Male
730,5,0.38685280723454163,Frank Ocean,BR,21,m,US,Male
730,6,0.3562071871080222,John Maus,BR,21,m,US,Male
730,7,0.3333333333333333,Ariana Grande,BR,21,m,US,Female
730,8,0.31546487678572877,Kygo,BR,21,m,NO,Male
730,9,0.3010299956639812,Weyes Blood,BR,21,m,US,Female
730,10,0.2890648263178879,Joe Goddard,BR,21,m,UK,Male
731,1,1.0,Katy Perry,NO,24,f,US,Female
731,2,0.6309297535714575,Lily Allen,NO,24,f,UK,Female
731,3,0.5,Jennifer Paige,NO,24,f,US,Female
731,4,0.43067655807339306,Louis Tomlinson,NO,24,f,UK,Male
731,5,0.38685280723454163,Queen,NO,24,f,JP,Female
731,6,0.3562071871080222,Chelsea Wolfe,NO,24,f,US,Female
731,7,0.3333333333333333,Tove Lo,NO,24,f,SE,Female
731,8,0.31546487678572877,Ariana Grande,NO,24,f,US,Female
731,9,0.3010299956639812,Ed Sheeran,NO,24,f,UK,Male
731,10,0.2890648263178879,Kygo,NO,24,f,NO,Male
732,1,1.0,DJ Shadow,RU,27,m,US,Male
732,2,0.6309297535714575,Grimes,RU,27,m,CA,Female
732,3,0.5,Moby,RU,27,m,US,Male
732,4,0.43067655807339306,Rod Stewart,RU,27,m,UK,Male
732,5,0.38685280723454163,Nicki Minaj,RU,27,m,US,Female
732,6,0.3562071871080222,Wax Tailor,RU,27,m,FR,Male
732,7,0.3333333333333333,Britney Spears,RU,27,m,US,Female
732,8,0.31546487678572877,John Maus,RU,27,m,US,Male
732,9,0.3010299956639812,RuPaul,RU,27,m,US,Female
732,10,0.2890648263178879,Apparat,RU,27,m,DE,Male
733,1,1.0,Frank Ocean,RU,21,m,US,Male
733,2,0.6309297535714575,Sia,RU,21,m,AU,Female
733,3,0.5,Justin Timberlake,RU,21,m,US,Male
733,4,0.43067655807339306,Moby,RU,21,m,US,Male
733,5,0.38685280723454163,Thom Yorke,RU,21,m,UK,Male
733,6,0.3562071871080222,Kelly Clarkson,RU,21,m,US,Female
733,7,0.3333333333333333,Kanye West,RU,21,m,US,Male
733,8,0.31546487678572877,Nicki Minaj,RU,21,m,US,Female
733,9,0.3010299956639812,DJ Shadow,RU,21,m,US,Male
733,10,0.2890648263178879,Wax Tailor,RU,21,m,FR,Male
734,1,1.0,Britney Spears,BR,20,f,US,Female
734,2,0.6309297535714575,Ed Sheeran,BR,20,f,UK,Male
734,3,0.5,Dido,BR,20,f,UK,Female
734,4,0.43067655807339306,Ed Sheeran,BR,20,f,UK,Male
734,5,0.38685280723454163,Chelsea Wolfe,BR,20,f,US,Female
734,6,0.3562071871080222,John Maus,BR,20,f,US,Male
734,7,0.3333333333333333,Ariana Grande,BR,20,f,US,Female
734,8,0.31546487678572877,Dennis Lloyd,BR,20,f,IL,Male
734,9,0.3010299956639812,Fergie,BR,20,f,UK,Male
734,10,0.2890648263178879,Queen,BR,20,f,JP,Female
735,1,1.0,Taylor Swift,ES,21,m,US,Female
735,2,0.6309297535714575,George Ezra,ES,21,m,UK,Male
735,3,0.5,Bob Marley & The Wailers,ES,21,m,JM,Male
735,4,0.43067655807339306,Adele,ES,21,m,UK,Female
735,5,0.38685280723454163,Marilyn Manson,ES,21,m,US,Male
735,6,0.3562071871080222,Ed Sheeran,ES,21,m,UK,Male
735,7,0.3333333333333333,Bat for Lashes,ES,21,m,UK,Female
735,8,0.31546487678572877,Ariana Grande,ES,21,m,US,Female
735,9,0.3010299956639812,Madonna,ES,21,m,US,Female
735,10,0.2890648263178879,Elvis Presley,ES,21,m,US,Male
736,1,1.0,Bill Callahan,BR,17,f,US,Male
736,2,0.6309297535714575,John Maus,BR,17,f,US,Male
736,3,0.5,Laura Marling,BR,17,f,UK,Female
736,4,0.43067655807339306,Oneohtrix Point Never,BR,17,f,US,Male
736,5,0.38685280723454163,Arca,BR,17,f,VE,Non-binary
736,6,0.3562071871080222,Devendra Banhart,BR,17,f,US,Male
736,7,0.3333333333333333,Chelsea Wolfe,BR,17,f,US,Female
736,8,0.31546487678572877,Madonna,BR,17,f,US,Female
736,9,0.3010299956639812,Ed Sheeran,BR,17,f,UK,Male
736,10,0.2890648263178879,Ariana Grande,BR,17,f,US,Female
737,1,1.0,Frank Ocean,BR,23,m,US,Male
737,2,0.6309297535714575,Jennifer Paige,BR,23,m,US,Female
737,3,0.5,Tove Lo,BR,23,m,SE,Female
737,4,0.43067655807339306,Queen,BR,23,m,JP,Female
737,5,0.38685280723454163,Weyes Blood,BR,23,m,US,Female
737,6,0.3562071871080222,Ry x,BR,23,m,AU,Male
737,7,0.3333333333333333,Joe Goddard,BR,23,m,UK,Male
737,8,0.31546487678572877,Ariana Grande,BR,23,m,US,Female
737,9,0.3010299956639812,Ed Sheeran,BR,23,m,UK,Male
737,10,0.2890648263178879,Kygo,BR,23,m,NO,Male
738,1,1.0,Damien Jurado,US,19,m,US,Male
738,2,0.6309297535714575,Bat for Lashes,US,19,m,UK,Female
738,3,0.5,PJ Harvey,US,19,m,UK,Female
738,4,0.43067655807339306,Madonna,US,19,m,US,Female
738,5,0.38685280723454163,Marilyn Manson,US,19,m,US,Male
738,6,0.3562071871080222,Frank Ocean,US,19,m,US,Male
738,7,0.3333333333333333,Ariana Grande,US,19,m,US,Female
738,8,0.31546487678572877,Ed Sheeran,US,19,m,UK,Male
738,9,0.3010299956639812,Wild Nothing,US,19,m,US,Male
738,10,0.2890648263178879,Chelsea Wolfe,US,19,m,US,Female
739,1,1.0,Grimes,SE,23,f,CA,Female
739,2,0.6309297535714575,John Maus,SE,23,f,US,Male
739,3,0.5,Kurt Vile,SE,23,f,US,Male
739,4,0.43067655807339306,Charles Bolt,SE,23,f,US,Male
739,5,0.38685280723454163,Grimes,SE,23,f,CA,Female
739,6,0.3562071871080222,Dimension,SE,23,f,ES,Male
739,7,0.3333333333333333,Queen,SE,23,f,JP,Female
739,8,0.31546487678572877,Weyes Blood,SE,23,f,US,Female
739,9,0.3010299956639812,Roberta Flack,SE,23,f,US,Female
739,10,0.2890648263178879,Mariah Carey,SE,23,f,US,Female
740,1,1.0,John Maus,EE,22,m,US,Male
740,2,0.6309297535714575,Charles Bolt,EE,22,m,US,Male
740,3,0.5,Dimension,EE,22,m,ES,Male
740,4,0.43067655807339306,Queen,EE,22,m,JP,Female
740,5,0.38685280723454163,AFI,EE,22,m,US,Female
740,6,0.3562071871080222,Celldweller,EE,22,m,US,Male
740,7,0.3333333333333333,Beyoncé,EE,22,m,US,Female
740,8,0.31546487678572877,Oliver Koletzki,EE,22,m,DE,Male
740,9,0.3010299956639812,Ry x,EE,22,m,AU,Male
740,10,0.2890648263178879,Lauren Daigle,EE,22,m,US,Female
742,1,1.0,Jennifer Paige,BR,20,f,US,Female
742,2,0.6309297535714575,Louis Tomlinson,BR,20,f,UK,Male
742,3,0.5,Tove Lo,BR,20,f,SE,Female
742,4,0.43067655807339306,Chelsea Wolfe,BR,20,f,US,Female
742,5,0.38685280723454163,Queen,BR,20,f,JP,Female
742,6,0.3562071871080222,Kygo,BR,20,f,NO,Male
742,7,0.3333333333333333,Joe Goddard,BR,20,f,UK,Male
742,8,0.31546487678572877,Ed Sheeran,BR,20,f,UK,Male
742,9,0.3010299956639812,Weyes Blood,BR,20,f,US,Female
742,10,0.2890648263178879,Ed Sheeran,BR,20,f,UK,Male
743,1,1.0,Wax Tailor,US,21,f,FR,Male
743,2,0.6309297535714575,Grimes,US,21,f,CA,Female
743,3,0.5,Lisa Miskovsky,US,21,f,SE,Female
743,4,0.43067655807339306,Lily Allen,US,21,f,UK,Female
743,5,0.38685280723454163,Kurt Vile,US,21,f,US,Male
743,6,0.3562071871080222,Mariah Carey,US,21,f,US,Female
743,7,0.3333333333333333,Weyes Blood,US,21,f,US,Female
743,8,0.31546487678572877,Camila Cabello,US,21,f,US,Female
743,9,0.3010299956639812,Kacey Musgraves,US,21,f,US,Female
743,10,0.2890648263178879,Kacey Musgraves,US,21,f,US,Female
744,1,1.0,John Maus,SI,20,m,US,Male
744,2,0.6309297535714575,Oneohtrix Point Never,SI,20,m,US,Male
744,3,0.5,PJ Harvey,SI,20,m,UK,Female
744,4,0.43067655807339306,Devendra Banhart,SI,20,m,US,Male
744,5,0.38685280723454163,Chelsea Wolfe,SI,20,m,US,Female
744,6,0.3562071871080222,Damien Jurado,SI,20,m,US,Male
744,7,0.3333333333333333,PJ Harvey,SI,20,m,UK,Female
744,8,0.31546487678572877,Bat for Lashes,SI,20,m,UK,Female
744,9,0.3010299956639812,Mac DeMarco,SI,20,m,CA,Male
744,10,0.2890648263178879,Oneohtrix Point Never,SI,20,m,US,Male
745,1,1.0,RuPaul,FR,28,m,US,Female
745,2,0.6309297535714575,Jennifer Lopez,FR,28,m,US,Female
745,3,0.5,Sia,FR,28,m,AU,Female
745,4,0.43067655807339306,Kanye West,FR,28,m,US,Male
745,5,0.38685280723454163,Lisa Miskovsky,FR,28,m,SE,Female
745,6,0.3562071871080222,Avril Lavigne,FR,28,m,CA,Female
745,7,0.3333333333333333,Katy Perry,FR,28,m,US,Female
745,8,0.31546487678572877,Lily Allen,FR,28,m,UK,Female
745,9,0.3010299956639812,Weyes Blood,FR,28,m,US,Female
745,10,0.2890648263178879,Louis Tomlinson,FR,28,m,UK,Male
746,1,1.0,Grimes,BR,17,m,CA,Female
746,2,0.6309297535714575,John Maus,BR,17,m,US,Male
746,3,0.5,Apparat,BR,17,m,DE,Male
746,4,0.43067655807339306,Louis Tomlinson,BR,17,m,UK,Male
746,5,0.38685280723454163,Kurt Vile,BR,17,m,US,Male
746,6,0.3562071871080222,Christina Aguilera,BR,17,m,US,Female
746,7,0.3333333333333333,Grimes,BR,17,m,CA,Female
746,8,0.31546487678572877,Rihanna,BR,17,m,UK,Female
746,9,0.3010299956639812,Taylor Swift,BR,17,m,US,Female
746,10,0.2890648263178879,Jess Glynne,BR,17,m,UK,Female
747,1,1.0,John Maus,BR,20,f,US,Male
747,2,0.6309297535714575,Apparat,BR,20,f,DE,Male
747,3,0.5,Kurt Vile,BR,20,f,US,Male
747,4,0.43067655807339306,Ed Sheeran,BR,20,f,UK,Male
747,5,0.38685280723454163,Ed Sheeran,BR,20,f,UK,Male
747,6,0.3562071871080222,Grimes,BR,20,f,CA,Female
747,7,0.3333333333333333,Dennis Lloyd,BR,20,f,IL,Male
747,8,0.31546487678572877,Christina Aguilera,BR,20,f,US,Female
747,9,0.3010299956639812,IAMX,BR,20,f,DE,Male
747,10,0.2890648263178879,Weyes Blood,BR,20,f,US,Female
748,1,1.0,Katy Perry,ID,19,m,US,Female
748,2,0.6309297535714575,Jennifer Paige,ID,19,m,US,Female
748,3,0.5,Louis Tomlinson,ID,19,m,UK,Male
748,4,0.43067655807339306,Queen,ID,19,m,JP,Female
748,5,0.38685280723454163,Tove Lo,ID,19,m,SE,Female
748,6,0.3562071871080222,Chelsea Wolfe,ID,19,m,US,Female
748,7,0.3333333333333333,Joe Goddard,ID,19,m,UK,Male
748,8,0.31546487678572877,Ariana Grande,ID,19,m,US,Female
748,9,0.3010299956639812,Kygo,ID,19,m,NO,Male
748,10,0.2890648263178879,Ry x,ID,19,m,AU,Male
749,1,1.0,Grimes,RU,20,m,CA,Female
749,2,0.6309297535714575,Ed Sheeran,RU,20,m,UK,Male
749,3,0.5,Ed Sheeran,RU,20,m,UK,Male
749,4,0.43067655807339306,Tove Lo,RU,20,m,SE,Female
749,5,0.38685280723454163,Frank Ocean,RU,20,m,US,Male
749,6,0.3562071871080222,Ariana Grande,RU,20,m,US,Female
749,7,0.3333333333333333,Charles Bolt,RU,20,m,US,Male
749,8,0.31546487678572877,John Maus,RU,20,m,US,Male
749,9,0.3010299956639812,IAMX,RU,20,m,DE,Male
749,10,0.2890648263178879,Kygo,RU,20,m,NO,Male
750,1,1.0,Avril Lavigne,PL,17,m,CA,Female
750,2,0.6309297535714575,Jennifer Paige,PL,17,m,US,Female
750,3,0.5,Louis Tomlinson,PL,17,m,UK,Male
750,4,0.43067655807339306,Queen,PL,17,m,JP,Female
750,5,0.38685280723454163,Tove Lo,PL,17,m,SE,Female
750,6,0.3562071871080222,Earl Sweatshirt,PL,17,m,US,Male
750,7,0.3333333333333333,Ariana Grande,PL,17,m,US,Female
750,8,0.31546487678572877,Kygo,PL,17,m,NO,Male
750,9,0.3010299956639812,Ry x,PL,17,m,AU,Male
750,10,0.2890648263178879,Perfume Genius,PL,17,m,US,Male
751,1,1.0,Grimes,PL,18,m,CA,Female
751,2,0.6309297535714575,Weyes Blood,PL,18,m,US,Female
751,3,0.5,Kanye West,PL,18,m,US,Male
751,4,0.43067655807339306,Avril Lavigne,PL,18,m,CA,Female
751,5,0.38685280723454163,Frank Ocean,PL,18,m,US,Male
751,6,0.3562071871080222,Katy Perry,PL,18,m,US,Female
751,7,0.3333333333333333,Lily Allen,PL,18,m,UK,Female
751,8,0.31546487678572877,John Maus,PL,18,m,US,Male
751,9,0.3010299956639812,Ry x,PL,18,m,AU,Male
751,10,0.2890648263178879,Joe Goddard,PL,18,m,UK,Male
752,1,1.0,Grimes,FI,20,m,CA,Female
752,2,0.6309297535714575,Kanye West,FI,20,m,US,Male
752,3,0.5,Lisa Miskovsky,FI,20,m,SE,Female
752,4,0.43067655807339306,Avril Lavigne,FI,20,m,CA,Female
752,5,0.38685280723454163,Katy Perry,FI,20,m,US,Female
752,6,0.3562071871080222,Lily Allen,FI,20,m,UK,Female
752,7,0.3333333333333333,Frank Ocean,FI,20,m,US,Male
752,8,0.31546487678572877,John Maus,FI,20,m,US,Male
752,9,0.3010299956639812,Queen,FI,20,m,JP,Female
752,10,0.2890648263178879,Chelsea Wolfe,FI,20,m,US,Female
753,1,1.0,Lorde,PL,20,f,NZ,Female
753,2,0.6309297535714575,Serj Tankian,PL,20,f,US,Male
753,3,0.5,Sia,PL,20,f,AU,Female
753,4,0.43067655807339306,Norah Jones,PL,20,f,US,Female
753,5,0.38685280723454163,Gil Scott-Heron,PL,20,f,US,Male
753,6,0.3562071871080222,J Balvin,PL,20,f,CO,Male
753,7,0.3333333333333333,Vitalic,PL,20,f,FR,Male
753,8,0.31546487678572877,Britney Spears,PL,20,f,US,Female
753,9,0.3010299956639812,Jeff Buckley,PL,20,f,US,Male
753,10,0.2890648263178879,Rod Stewart,PL,20,f,UK,Male
754,1,1.0,Madonna,NZ,19,f,US,Female
754,2,0.6309297535714575,Seal,NZ,19,f,UK,Male
754,3,0.5,Kanye West,NZ,19,f,US,Male
754,4,0.43067655807339306,Elvis Presley,NZ,19,f,US,Male
754,5,0.38685280723454163,Ariana Grande,NZ,19,f,US,Female
754,6,0.3562071871080222,Billy Joel,NZ,19,f,US,Male
754,7,0.3333333333333333,Chelsea Wolfe,NZ,19,f,US,Female
754,8,0.31546487678572877,Carpenter Brut,NZ,19,f,FR,Male
754,9,0.3010299956639812,Queen,NZ,19,f,JP,Female
754,10,0.2890648263178879,Flume,NZ,19,f,AU,Male
755,1,1.0,Kanye West,UA,19,f,US,Male
755,2,0.6309297535714575,Lily Allen,UA,19,f,UK,Female
755,3,0.5,Jennifer Paige,UA,19,f,US,Female
755,4,0.43067655807339306,Grimes,UA,19,f,CA,Female
755,5,0.38685280723454163,Jess Glynne,UA,19,f,UK,Female
755,6,0.3562071871080222,Ed Sheeran,UA,19,f,UK,Male
755,7,0.3333333333333333,Weyes Blood,UA,19,f,US,Female
755,8,0.31546487678572877,Ed Sheeran,UA,19,f,UK,Male
755,9,0.3010299956639812,Charles Bolt,UA,19,f,US,Male
755,10,0.2890648263178879,Tove Lo,UA,19,f,SE,Female
756,1,1.0,Grimes,DE,24,m,CA,Female
756,2,0.6309297535714575,Ed Sheeran,DE,24,m,UK,Male
756,3,0.5,Chelsea Wolfe,DE,24,m,US,Female
756,4,0.43067655807339306,Ed Sheeran,DE,24,m,UK,Male
756,5,0.38685280723454163,Queen,DE,24,m,JP,Female
756,6,0.3562071871080222,Dennis Lloyd,DE,24,m,IL,Male
756,7,0.3333333333333333,Weyes Blood,DE,24,m,US,Female
756,8,0.31546487678572877,Frank Ocean,DE,24,m,US,Male
756,9,0.3010299956639812,Charles Bolt,DE,24,m,US,Male
756,10,0.2890648263178879,Christina Aguilera,DE,24,m,US,Female
757,1,1.0,Grimes,UK,19,f,CA,Female
757,2,0.6309297535714575,Louis Tomlinson,UK,19,f,UK,Male
757,3,0.5,Weyes Blood,UK,19,f,US,Female
757,4,0.43067655807339306,Jennifer Paige,UK,19,f,US,Female
757,5,0.38685280723454163,Tove Lo,UK,19,f,SE,Female
757,6,0.3562071871080222,John Maus,UK,19,f,US,Male
757,7,0.3333333333333333,Frank Ocean,UK,19,f,US,Male
757,8,0.31546487678572877,Ed Sheeran,UK,19,f,UK,Male
757,9,0.3010299956639812,Ed Sheeran,UK,19,f,UK,Male
757,10,0.2890648263178879,Kygo,UK,19,f,NO,Male
758,1,1.0,Louis Tomlinson,US,21,f,UK,Male
758,2,0.6309297535714575,Tove Lo,US,21,f,SE,Female
758,3,0.5,Ed Sheeran,US,21,f,UK,Male
758,4,0.43067655807339306,Ed Sheeran,US,21,f,UK,Male
758,5,0.38685280723454163,Queen,US,21,f,JP,Female
758,6,0.3562071871080222,Chelsea Wolfe,US,21,f,US,Female
758,7,0.3333333333333333,Kygo,US,21,f,NO,Male
758,8,0.31546487678572877,Jess Glynne,US,21,f,UK,Female
758,9,0.3010299956639812,IAMX,US,21,f,DE,Male
758,10,0.2890648263178879,Charles Bolt,US,21,f,US,Male
759,1,1.0,Grimes,DE,26,m,CA,Female
759,2,0.6309297535714575,Apparat,DE,26,m,DE,Male
759,3,0.5,John Maus,DE,26,m,US,Male
759,4,0.43067655807339306,Kurt Vile,DE,26,m,US,Male
759,5,0.38685280723454163,Ed Sheeran,DE,26,m,UK,Male
759,6,0.3562071871080222,Tove Lo,DE,26,m,SE,Female
759,7,0.3333333333333333,Queen,DE,26,m,JP,Female
759,8,0.31546487678572877,Grimes,DE,26,m,CA,Female
759,9,0.3010299956639812,Kygo,DE,26,m,NO,Male
759,10,0.2890648263178879,IAMX,DE,26,m,DE,Male
760,1,1.0,Jennifer Paige,UA,22,m,US,Female
760,2,0.6309297535714575,Tove Lo,UA,22,m,SE,Female
760,3,0.5,John Maus,UA,22,m,US,Male
760,4,0.43067655807339306,Louis Tomlinson,UA,22,m,UK,Male
760,5,0.38685280723454163,Queen,UA,22,m,JP,Female
760,6,0.3562071871080222,Kygo,UA,22,m,NO,Male
760,7,0.3333333333333333,Ed Sheeran,UA,22,m,UK,Male
760,8,0.31546487678572877,Ed Sheeran,UA,22,m,UK,Male
760,9,0.3010299956639812,Weyes Blood,UA,22,m,US,Female
760,10,0.2890648263178879,Ry x,UA,22,m,AU,Male
761,1,1.0,Kanye West,NL,23,f,US,Male
761,2,0.6309297535714575,Avril Lavigne,NL,23,f,CA,Female
761,3,0.5,Lily Allen,NL,23,f,UK,Female
761,4,0.43067655807339306,Grimes,NL,23,f,CA,Female
761,5,0.38685280723454163,Louis Tomlinson,NL,23,f,UK,Male
761,6,0.3562071871080222,Ariana Grande,NL,23,f,US,Female
761,7,0.3333333333333333,Jennifer Paige,NL,23,f,US,Female
761,8,0.31546487678572877,Tove Lo,NL,23,f,SE,Female
761,9,0.3010299956639812,Jess Glynne,NL,23,f,UK,Female
761,10,0.2890648263178879,Ed Sheeran,NL,23,f,UK,Male
762,1,1.0,Sia,CA,24,m,AU,Female
762,2,0.6309297535714575,Lisa Miskovsky,CA,24,m,SE,Female
762,3,0.5,Kanye West,CA,24,m,US,Male
762,4,0.43067655807339306,John Maus,CA,24,m,US,Male
762,5,0.38685280723454163,Avril Lavigne,CA,24,m,CA,Female
762,6,0.3562071871080222,Katy Perry,CA,24,m,US,Female
762,7,0.3333333333333333,Lily Allen,CA,24,m,UK,Female
762,8,0.31546487678572877,Weyes Blood,CA,24,m,US,Female
762,9,0.3010299956639812,Joe Goddard,CA,24,m,UK,Male
762,10,0.2890648263178879,Ry x,CA,24,m,AU,Male
763,1,1.0,Grimes,RU,23,m,CA,Female
763,2,0.6309297535714575,Weyes Blood,RU,23,m,US,Female
763,3,0.5,Lily Allen,RU,23,m,UK,Female
763,4,0.43067655807339306,Frank Ocean,RU,23,m,US,Male
763,5,0.38685280723454163,John Maus,RU,23,m,US,Male
763,6,0.3562071871080222,Louis Tomlinson,RU,23,m,UK,Male
763,7,0.3333333333333333,Jennifer Paige,RU,23,m,US,Female
763,8,0.31546487678572877,Chelsea Wolfe,RU,23,m,US,Female
763,9,0.3010299956639812,Queen,RU,23,m,JP,Female
763,10,0.2890648263178879,Joe Goddard,RU,23,m,UK,Male
764,1,1.0,Kurt Vile,PL,25,m,US,Male
764,2,0.6309297535714575,Grimes,PL,25,m,CA,Female
764,3,0.5,Queen,PL,25,m,JP,Female
764,4,0.43067655807339306,Chelsea Wolfe,PL,25,m,US,Female
764,5,0.38685280723454163,Tove Lo,PL,25,m,SE,Female
764,6,0.3562071871080222,IAMX,PL,25,m,DE,Male
764,7,0.3333333333333333,John Maus,PL,25,m,US,Male
764,8,0.31546487678572877,Dennis Lloyd,PL,25,m,IL,Male
764,9,0.3010299956639812,Frank Ocean,PL,25,m,US,Male
764,10,0.2890648263178879,Dimension,PL,25,m,ES,Male
765,1,1.0,Toro y Moi,BR,21,m,US,Male
765,2,0.6309297535714575,Kanye West,BR,21,m,US,Male
765,3,0.5,DJ Shadow,BR,21,m,US,Male
765,4,0.43067655807339306,Lily Allen,BR,21,m,UK,Female
765,5,0.38685280723454163,Lisa Miskovsky,BR,21,m,SE,Female
765,6,0.3562071871080222,Grimes,BR,21,m,CA,Female
765,7,0.3333333333333333,Jennifer Paige,BR,21,m,US,Female
765,8,0.31546487678572877,John Maus,BR,21,m,US,Male
765,9,0.3010299956639812,Criolo,BR,21,m,BR,Male
765,10,0.2890648263178879,Caetano Veloso,BR,21,m,BR,Male
766,1,1.0,John Maus,DE,17,m,US,Male
766,2,0.6309297535714575,Kurt Vile,DE,17,m,US,Male
766,3,0.5,Grimes,DE,17,m,CA,Female
766,4,0.43067655807339306,Chelsea Wolfe,DE,17,m,US,Female
766,5,0.38685280723454163,Lauren Daigle,DE,17,m,US,Female
766,6,0.3562071871080222,Weyes Blood,DE,17,m,US,Female
766,7,0.3333333333333333,Rihanna,DE,17,m,UK,Female
766,8,0.31546487678572877,AFI,DE,17,m,US,Female
766,9,0.3010299956639812,Lana Del Rey,DE,17,m,US,Female
766,10,0.2890648263178879,Frank Ocean,DE,17,m,US,Male
767,1,1.0,Grimes,RU,24,m,CA,Female
767,2,0.6309297535714575,Apparat,RU,24,m,DE,Male
767,3,0.5,John Maus,RU,24,m,US,Male
767,4,0.43067655807339306,Kurt Vile,RU,24,m,US,Male
767,5,0.38685280723454163,Avril Lavigne,RU,24,m,CA,Female
767,6,0.3562071871080222,Grimes,RU,24,m,CA,Female
767,7,0.3333333333333333,Jennifer Paige,RU,24,m,US,Female
767,8,0.31546487678572877,Weyes Blood,RU,24,m,US,Female
767,9,0.3010299956639812,Ed Sheeran,RU,24,m,UK,Male
767,10,0.2890648263178879,Queen,RU,24,m,JP,Female
768,1,1.0,Grimes,DE,18,m,CA,Female
768,2,0.6309297535714575,John Maus,DE,18,m,US,Male
768,3,0.5,Kurt Vile,DE,18,m,US,Male
768,4,0.43067655807339306,Sia,DE,18,m,AU,Female
768,5,0.38685280723454163,Apparat,DE,18,m,DE,Male
768,6,0.3562071871080222,Kanye West,DE,18,m,US,Male
768,7,0.3333333333333333,Grimes,DE,18,m,CA,Female
768,8,0.31546487678572877,Katy Perry,DE,18,m,US,Female
768,9,0.3010299956639812,Avril Lavigne,DE,18,m,CA,Female
768,10,0.2890648263178879,Lily Allen,DE,18,m,UK,Female
769,1,1.0,Jennifer Paige,US,22,m,US,Female
769,2,0.6309297535714575,Wax Tailor,US,22,m,FR,Male
769,3,0.5,Rod Stewart,US,22,m,UK,Male
769,4,0.43067655807339306,Chaka Khan,US,22,m,US,Female
769,5,0.38685280723454163,Tame Impala,US,22,m,AU,Male
769,6,0.3562071871080222,Louis Tomlinson,US,22,m,UK,Male
769,7,0.3333333333333333,Niall Horan,US,22,m,IE,Male
769,8,0.31546487678572877,Usher,US,22,m,US,Male
769,9,0.3010299956639812,James Blake,US,22,m,UK,Male
769,10,0.2890648263178879,Dennis Lloyd,US,22,m,IL,Male
770,1,1.0,Leonard Cohen,FR,19,m,CA,Male
770,2,0.6309297535714575,Nick Drake,FR,19,m,UK,Male
770,3,0.5,PJ Harvey,FR,19,m,UK,Female
770,4,0.43067655807339306,Caribou,FR,19,m,CA,Male
770,5,0.38685280723454163,Justin Timberlake,FR,19,m,US,Male
770,6,0.3562071871080222,John Maus,FR,19,m,US,Male
770,7,0.3333333333333333,Laura Marling,FR,19,m,UK,Female
770,8,0.31546487678572877,Bob Marley & The Wailers,FR,19,m,JM,Male
770,9,0.3010299956639812,Queen,FR,19,m,JP,Female
770,10,0.2890648263178879,Ozzy Osbourne,FR,19,m,UK,Male
771,1,1.0,John Maus,PL,17,m,US,Male
771,2,0.6309297535714575,Sia,PL,17,m,AU,Female
771,3,0.5,Grimes,PL,17,m,CA,Female
771,4,0.43067655807339306,Kanye West,PL,17,m,US,Male
771,5,0.38685280723454163,Weyes Blood,PL,17,m,US,Female
771,6,0.3562071871080222,Katy Perry,PL,17,m,US,Female
771,7,0.3333333333333333,Avril Lavigne,PL,17,m,CA,Female
771,8,0.31546487678572877,Lily Allen,PL,17,m,UK,Female
771,9,0.3010299956639812,John Maus,PL,17,m,US,Male
771,10,0.2890648263178879,Queen,PL,17,m,JP,Female
772,1,1.0,Sia,FR,30,m,AU,Female
772,2,0.6309297535714575,Rod Stewart,FR,30,m,UK,Male
772,3,0.5,Grimes,FR,30,m,CA,Female
772,4,0.43067655807339306,Ariana Grande,FR,30,m,US,Female
772,5,0.38685280723454163,Moby,FR,30,m,US,Male
772,6,0.3562071871080222,Kelly Clarkson,FR,30,m,US,Female
772,7,0.3333333333333333,Nicki Minaj,FR,30,m,US,Female
772,8,0.31546487678572877,Nicki Minaj,FR,30,m,US,Female
772,9,0.3010299956639812,Wax Tailor,FR,30,m,FR,Male
772,10,0.2890648263178879,John Maus,FR,30,m,US,Male
773,1,1.0,Queen,EE,19,m,JP,Female
773,2,0.6309297535714575,Jennifer Paige,EE,19,m,US,Female
773,3,0.5,Louis Tomlinson,EE,19,m,UK,Male
773,4,0.43067655807339306,Tove Lo,EE,19,m,SE,Female
773,5,0.38685280723454163,Ed Sheeran,EE,19,m,UK,Male
773,6,0.3562071871080222,Ed Sheeran,EE,19,m,UK,Male
773,7,0.3333333333333333,Frank Ocean,EE,19,m,US,Male
773,8,0.31546487678572877,Ariana Grande,EE,19,m,US,Female
773,9,0.3010299956639812,John Maus,EE,19,m,US,Male
773,10,0.2890648263178879,Kygo,EE,19,m,NO,Male
774,1,1.0,Avril Lavigne,MX,21,f,CA,Female
774,2,0.6309297535714575,Katy Perry,MX,21,f,US,Female
774,3,0.5,Jennifer Paige,MX,21,f,US,Female
774,4,0.43067655807339306,Queen,MX,21,f,JP,Female
774,5,0.38685280723454163,Louis Tomlinson,MX,21,f,UK,Male
774,6,0.3562071871080222,Chelsea Wolfe,MX,21,f,US,Female
774,7,0.3333333333333333,Tove Lo,MX,21,f,SE,Female
774,8,0.31546487678572877,Ariana Grande,MX,21,f,US,Female
774,9,0.3010299956639812,Twin Shadow,MX,21,f,US,Male
774,10,0.2890648263178879,Kygo,MX,21,f,NO,Male
775,1,1.0,Sia,PL,16,f,AU,Female
775,2,0.6309297535714575,Kanye West,PL,16,f,US,Male
775,3,0.5,Lisa Miskovsky,PL,16,f,SE,Female
775,4,0.43067655807339306,Avril Lavigne,PL,16,f,CA,Female
775,5,0.38685280723454163,Katy Perry,PL,16,f,US,Female
775,6,0.3562071871080222,Leonard Cohen,PL,16,f,CA,Male
775,7,0.3333333333333333,Perfume Genius,PL,16,f,US,Male
775,8,0.31546487678572877,Jennifer Paige,PL,16,f,US,Female
775,9,0.3010299956639812,Queen,PL,16,f,JP,Female
775,10,0.2890648263178879,Louis Tomlinson,PL,16,f,UK,Male
776,1,1.0,Katy Perry,RU,18,m,US,Female
776,2,0.6309297535714575,Lily Allen,RU,18,m,UK,Female
776,3,0.5,Frank Ocean,RU,18,m,US,Male
776,4,0.43067655807339306,Chelsea Wolfe,RU,18,m,US,Female
776,5,0.38685280723454163,Jennifer Paige,RU,18,m,US,Female
776,6,0.3562071871080222,Queen,RU,18,m,JP,Female
776,7,0.3333333333333333,Louis Tomlinson,RU,18,m,UK,Male
776,8,0.31546487678572877,Ed Sheeran,RU,18,m,UK,Male
776,9,0.3010299956639812,Ed Sheeran,RU,18,m,UK,Male
776,10,0.2890648263178879,Ariana Grande,RU,18,m,US,Female
777,1,1.0,Rod Stewart,RU,28,m,UK,Male
777,2,0.6309297535714575,Moby,RU,28,m,US,Male
777,3,0.5,Ariana Grande,RU,28,m,US,Female
777,4,0.43067655807339306,Frank Ocean,RU,28,m,US,Male
777,5,0.38685280723454163,Wax Tailor,RU,28,m,FR,Male
777,6,0.3562071871080222,Nicki Minaj,RU,28,m,US,Female
777,7,0.3333333333333333,Britney Spears,RU,28,m,US,Female
777,8,0.31546487678572877,RuPaul,RU,28,m,US,Female
777,9,0.3010299956639812,Ry x,RU,28,m,AU,Male
777,10,0.2890648263178879,Elliott Smith,RU,28,m,US,Male
778,1,1.0,Kanye West,BG,25,m,US,Male
778,2,0.6309297535714575,Grimes,BG,25,m,CA,Female
778,3,0.5,Weyes Blood,BG,25,m,US,Female
778,4,0.43067655807339306,Louis Tomlinson,BG,25,m,UK,Male
778,5,0.38685280723454163,Jennifer Paige,BG,25,m,US,Female
778,6,0.3562071871080222,Queen,BG,25,m,JP,Female
778,7,0.3333333333333333,Frank Ocean,BG,25,m,US,Male
778,8,0.31546487678572877,Ed Sheeran,BG,25,m,UK,Male
778,9,0.3010299956639812,Tove Lo,BG,25,m,SE,Female
778,10,0.2890648263178879,Ed Sheeran,BG,25,m,UK,Male
780,1,1.0,Frank Ocean,RU,19,m,US,Male
780,2,0.6309297535714575,Norah Jones,RU,19,m,US,Female
780,3,0.5,Four Tet,RU,19,m,UK,Male
780,4,0.43067655807339306,Bob Marley & The Wailers,RU,19,m,JM,Male
780,5,0.38685280723454163,Toro y Moi,RU,19,m,US,Male
780,6,0.3562071871080222,Kelis,RU,19,m,US,Female
780,7,0.3333333333333333,Shawn Mendes,RU,19,m,CA,Male
780,8,0.31546487678572877,Rihanna,RU,19,m,UK,Female
780,9,0.3010299956639812,Madonna,RU,19,m,US,Female
780,10,0.2890648263178879,Thom Yorke,RU,19,m,UK,Male
781,1,1.0,Kanye West,RU,22,f,US,Male
781,2,0.6309297535714575,Katy Perry,RU,22,f,US,Female
781,3,0.5,Avril Lavigne,RU,22,f,CA,Female
781,4,0.43067655807339306,Lily Allen,RU,22,f,UK,Female
781,5,0.38685280723454163,Louis Tomlinson,RU,22,f,UK,Male
781,6,0.3562071871080222,Frank Ocean,RU,22,f,US,Male
781,7,0.3333333333333333,Queen,RU,22,f,JP,Female
781,8,0.31546487678572877,Jennifer Paige,RU,22,f,US,Female
781,9,0.3010299956639812,Tove Lo,RU,22,f,SE,Female
781,10,0.2890648263178879,Ed Sheeran,RU,22,f,UK,Male
782,1,1.0,Ariana Grande,US,24,m,US,Female
782,2,0.6309297535714575,Marilyn Manson,US,24,m,US,Male
782,3,0.5,Damien Jurado,US,24,m,US,Male
782,4,0.43067655807339306,Adele,US,24,m,UK,Female
782,5,0.38685280723454163,Madonna,US,24,m,US,Female
782,6,0.3562071871080222,Seal,US,24,m,UK,Male
782,7,0.3333333333333333,Ed Sheeran,US,24,m,UK,Male
782,8,0.31546487678572877,PJ Harvey,US,24,m,UK,Female
782,9,0.3010299956639812,Mac DeMarco,US,24,m,CA,Male
782,10,0.2890648263178879,Emma Ruth Rundle,US,24,m,US,Female
783,1,1.0,Kanye West,BR,15,f,US,Male
783,2,0.6309297535714575,DJ Shadow,BR,15,f,US,Male
783,3,0.5,Thom Yorke,BR,15,f,UK,Male
783,4,0.43067655807339306,Weyes Blood,BR,15,f,US,Female
783,5,0.38685280723454163,Fergie,BR,15,f,UK,Male
783,6,0.3562071871080222,Madonna,BR,15,f,US,Female
783,7,0.3333333333333333,Kelly Clarkson,BR,15,f,US,Female
783,8,0.31546487678572877,Kelly Clarkson,BR,15,f,US,Female
783,9,0.3010299956639812,Ellie Goulding,BR,15,f,UK,Female
783,10,0.2890648263178879,Madison Beer,BR,15,f,US,Female
784,1,1.0,Miley Cyrus,BR,18,f,US,Non-binary
784,2,0.6309297535714575,John Maus,BR,18,f,US,Male
784,3,0.5,Ariana Grande,BR,18,f,US,Female
784,4,0.43067655807339306,Chelsea Wolfe,BR,18,f,US,Female
784,5,0.38685280723454163,Devendra Banhart,BR,18,f,US,Male
784,6,0.3562071871080222,George Ezra,BR,18,f,UK,Male
784,7,0.3333333333333333,Damien Jurado,BR,18,f,US,Male
784,8,0.31546487678572877,Bob Marley & The Wailers,BR,18,f,JM,Male
784,9,0.3010299956639812,Kate Bush,BR,18,f,UK,Female
784,10,0.2890648263178879,Ariana Grande,BR,18,f,US,Female
785,1,1.0,Weyes Blood,AR,22,m,US,Female
785,2,0.6309297535714575,Joe Goddard,AR,22,m,UK,Male
785,3,0.5,Ry x,AR,22,m,AU,Male
785,4,0.43067655807339306,Queen,AR,22,m,JP,Female
785,5,0.38685280723454163,Elliott Smith,AR,22,m,US,Male
785,6,0.3562071871080222,Ed Sheeran,AR,22,m,UK,Male
785,7,0.3333333333333333,Ed Sheeran,AR,22,m,UK,Male
785,8,0.31546487678572877,Toro y Moi,AR,22,m,US,Male
785,9,0.3010299956639812,Charles Bolt,AR,22,m,US,Male
785,10,0.2890648263178879,Twin Shadow,AR,22,m,US,Male
787,1,1.0,Weyes Blood,BR,18,m,US,Female
787,2,0.6309297535714575,Grimes,BR,18,m,CA,Female
787,3,0.5,Frank Ocean,BR,18,m,US,Male
787,4,0.43067655807339306,John Maus,BR,18,m,US,Male
787,5,0.38685280723454163,Ariana Grande,BR,18,m,US,Female
787,6,0.3562071871080222,Weyes Blood,BR,18,m,US,Female
787,7,0.3333333333333333,Ry x,BR,18,m,AU,Male
787,8,0.31546487678572877,Joe Goddard,BR,18,m,UK,Male
787,9,0.3010299956639812,Dimension,BR,18,m,ES,Male
787,10,0.2890648263178879,Elliott Smith,BR,18,m,US,Male
788,1,1.0,DJ Shadow,US,18,m,US,Male
788,2,0.6309297535714575,Grimes,US,18,m,CA,Female
788,3,0.5,RuPaul,US,18,m,US,Female
788,4,0.43067655807339306,Kurt Vile,US,18,m,US,Male
788,5,0.38685280723454163,Britney Spears,US,18,m,US,Female
788,6,0.3562071871080222,Apparat,US,18,m,DE,Male
788,7,0.3333333333333333,John Maus,US,18,m,US,Male
788,8,0.31546487678572877,Kanye West,US,18,m,US,Male
788,9,0.3010299956639812,Sia,US,18,m,AU,Female
788,10,0.2890648263178879,Jennifer Lopez,US,18,m,US,Female
789,1,1.0,Bill Callahan,UK,17,m,US,Male
789,2,0.6309297535714575,John Maus,UK,17,m,US,Male
789,3,0.5,Caribou,UK,17,m,CA,Male
789,4,0.43067655807339306,Laura Marling,UK,17,m,UK,Female
789,5,0.38685280723454163,Panda Bear,UK,17,m,US,Male
789,6,0.3562071871080222,Oneohtrix Point Never,UK,17,m,US,Male
789,7,0.3333333333333333,Arca,UK,17,m,VE,Non-binary
789,8,0.31546487678572877,PJ Harvey,UK,17,m,UK,Female
789,9,0.3010299956639812,Devendra Banhart,UK,17,m,US,Male
789,10,0.2890648263178879,Chelsea Wolfe,UK,17,m,US,Female
790,1,1.0,Kanye West,UK,30,f,US,Male
790,2,0.6309297535714575,Katy Perry,UK,30,f,US,Female
790,3,0.5,John Maus,UK,30,f,US,Male
790,4,0.43067655807339306,Lily Allen,UK,30,f,UK,Female
790,5,0.38685280723454163,Kurt Vile,UK,30,f,US,Male
790,6,0.3562071871080222,Louis Tomlinson,UK,30,f,UK,Male
790,7,0.3333333333333333,Ed Sheeran,UK,30,f,UK,Male
790,8,0.31546487678572877,Grimes,UK,30,f,CA,Female
790,9,0.3010299956639812,Ed Sheeran,UK,30,f,UK,Male
790,10,0.2890648263178879,Jennifer Paige,UK,30,f,US,Female
792,1,1.0,Joe Goddard,US,36,m,UK,Male
792,2,0.6309297535714575,Weyes Blood,US,36,m,US,Female
792,3,0.5,Ry x,US,36,m,AU,Male
792,4,0.43067655807339306,Ed Sheeran,US,36,m,UK,Male
792,5,0.38685280723454163,Elliott Smith,US,36,m,US,Male
792,6,0.3562071871080222,Ed Sheeran,US,36,m,UK,Male
792,7,0.3333333333333333,Queen,US,36,m,JP,Female
792,8,0.31546487678572877,Dido,US,36,m,UK,Female
792,9,0.3010299956639812,Chelsea Wolfe,US,36,m,US,Female
792,10,0.2890648263178879,Jess Glynne,US,36,m,UK,Female
793,1,1.0,Jennifer Paige,PL,16,m,US,Female
793,2,0.6309297535714575,Queen,PL,16,m,JP,Female
793,3,0.5,Louis Tomlinson,PL,16,m,UK,Male
793,4,0.43067655807339306,Tove Lo,PL,16,m,SE,Female
793,5,0.38685280723454163,Twin Shadow,PL,16,m,US,Male
793,6,0.3562071871080222,Rihanna,PL,16,m,UK,Female
793,7,0.3333333333333333,Tame Impala,PL,16,m,AU,Male
793,8,0.31546487678572877,Sufjan Stevens,PL,16,m,US,Male
793,9,0.3010299956639812,Perfume Genius,PL,16,m,US,Male
793,10,0.2890648263178879,Leonard Cohen,PL,16,m,CA,Male
794,1,1.0,Frank Ocean,PL,18,f,US,Male
794,2,0.6309297535714575,John Maus,PL,18,f,US,Male
794,3,0.5,Charles Bolt,PL,18,f,US,Male
794,4,0.43067655807339306,Weyes Blood,PL,18,f,US,Female
794,5,0.38685280723454163,Ry x,PL,18,f,AU,Male
794,6,0.3562071871080222,Joe Goddard,PL,18,f,UK,Male
794,7,0.3333333333333333,Queen,PL,18,f,JP,Female
794,8,0.31546487678572877,Dennis Lloyd,PL,18,f,IL,Male
794,9,0.3010299956639812,Christina Aguilera,PL,18,f,US,Female
794,10,0.2890648263178879,Rihanna,PL,18,f,UK,Female
795,1,1.0,Weyes Blood,US,19,m,US,Female
795,2,0.6309297535714575,Joe Goddard,US,19,m,UK,Male
795,3,0.5,Tove Lo,US,19,m,SE,Female
795,4,0.43067655807339306,Queen,US,19,m,JP,Female
795,5,0.38685280723454163,Kygo,US,19,m,NO,Male
795,6,0.3562071871080222,Ariana Grande,US,19,m,US,Female
795,7,0.3333333333333333,Ed Sheeran,US,19,m,UK,Male
795,8,0.31546487678572877,Chelsea Wolfe,US,19,m,US,Female
795,9,0.3010299956639812,Elliott Smith,US,19,m,US,Male
795,10,0.2890648263178879,Ed Sheeran,US,19,m,UK,Male
796,1,1.0,Apparat,RU,18,m,DE,Male
796,2,0.6309297535714575,John Maus,RU,18,m,US,Male
796,3,0.5,Kurt Vile,RU,18,m,US,Male
796,4,0.43067655807339306,RuPaul,RU,18,m,US,Female
796,5,0.38685280723454163,Grimes,RU,18,m,CA,Female
796,6,0.3562071871080222,Weyes Blood,RU,18,m,US,Female
796,7,0.3333333333333333,Sia,RU,18,m,AU,Female
796,8,0.31546487678572877,Kanye West,RU,18,m,US,Male
796,9,0.3010299956639812,Avril Lavigne,RU,18,m,CA,Female
796,10,0.2890648263178879,Katy Perry,RU,18,m,US,Female
797,1,1.0,Katy Perry,BR,22,m,US,Female
797,2,0.6309297535714575,John Maus,BR,22,m,US,Male
797,3,0.5,Louis Tomlinson,BR,22,m,UK,Male
797,4,0.43067655807339306,Queen,BR,22,m,JP,Female
797,5,0.38685280723454163,Chelsea Wolfe,BR,22,m,US,Female
797,6,0.3562071871080222,Jennifer Paige,BR,22,m,US,Female
797,7,0.3333333333333333,Tove Lo,BR,22,m,SE,Female
797,8,0.31546487678572877,Ed Sheeran,BR,22,m,UK,Male
797,9,0.3010299956639812,Weyes Blood,BR,22,m,US,Female
797,10,0.2890648263178879,Ed Sheeran,BR,22,m,UK,Male
798,1,1.0,Sia,SE,25,m,AU,Female
798,2,0.6309297535714575,Lisa Miskovsky,SE,25,m,SE,Female
798,3,0.5,Kanye West,SE,25,m,US,Male
798,4,0.43067655807339306,Frank Ocean,SE,25,m,US,Male
798,5,0.38685280723454163,John Maus,SE,25,m,US,Male
798,6,0.3562071871080222,Avril Lavigne,SE,25,m,CA,Female
798,7,0.3333333333333333,Katy Perry,SE,25,m,US,Female
798,8,0.31546487678572877,Lily Allen,SE,25,m,UK,Female
798,9,0.3010299956639812,Queen,SE,25,m,JP,Female
798,10,0.2890648263178879,Joe Goddard,SE,25,m,UK,Male
799,1,1.0,Grimes,PL,17,m,CA,Female
799,2,0.6309297535714575,Weyes Blood,PL,17,m,US,Female
799,3,0.5,Frank Ocean,PL,17,m,US,Male
799,4,0.43067655807339306,John Maus,PL,17,m,US,Male
799,5,0.38685280723454163,Ed Sheeran,PL,17,m,UK,Male
799,6,0.3562071871080222,Tove Lo,PL,17,m,SE,Female
799,7,0.3333333333333333,Ed Sheeran,PL,17,m,UK,Male
799,8,0.31546487678572877,Dimension,PL,17,m,ES,Male
799,9,0.3010299956639812,Jess Glynne,PL,17,m,UK,Female
799,10,0.2890648263178879,Lana Del Rey,PL,17,m,US,Female
800,1,1.0,Mitski,US,21,f,US,Female
800,2,0.6309297535714575,Bill Callahan,US,21,f,US,Male
800,3,0.5,Ariana Grande,US,21,f,US,Female
800,4,0.43067655807339306,John Maus,US,21,f,US,Male
800,5,0.38685280723454163,Ariana Grande,US,21,f,US,Female
800,6,0.3562071871080222,Taylor Swift,US,21,f,US,Female
800,7,0.3333333333333333,George Ezra,US,21,f,UK,Male
800,8,0.31546487678572877,Bob Marley & The Wailers,US,21,f,JM,Male
800,9,0.3010299956639812,Sia,US,21,f,AU,Female
800,10,0.2890648263178879,Marilyn Manson,US,21,f,US,Male
801,1,1.0,John Maus,PL,21,m,US,Male
801,2,0.6309297535714575,Kanye West,PL,21,m,US,Male
801,3,0.5,Grimes,PL,21,m,CA,Female
801,4,0.43067655807339306,Avril Lavigne,PL,21,m,CA,Female
801,5,0.38685280723454163,Katy Perry,PL,21,m,US,Female
801,6,0.3562071871080222,Lily Allen,PL,21,m,UK,Female
801,7,0.3333333333333333,Weyes Blood,PL,21,m,US,Female
801,8,0.31546487678572877,Chelsea Wolfe,PL,21,m,US,Female
801,9,0.3010299956639812,John Maus,PL,21,m,US,Male
801,10,0.2890648263178879,Frank Ocean,PL,21,m,US,Male
802,1,1.0,Moby,BR,20,m,US,Male
802,2,0.6309297535714575,Janelle Monáe,BR,20,m,US,Non-binary
802,3,0.5,Ed Sheeran,BR,20,m,UK,Male
802,4,0.43067655807339306,Kelly Clarkson,BR,20,m,US,Female
802,5,0.38685280723454163,Taylor Swift,BR,20,m,US,Female
802,6,0.3562071871080222,Louis Tomlinson,BR,20,m,UK,Male
802,7,0.3333333333333333,Rod Stewart,BR,20,m,UK,Male
802,8,0.31546487678572877,Wax Tailor,BR,20,m,FR,Male
802,9,0.3010299956639812,Bryan Adams,BR,20,m,CA,Male
802,10,0.2890648263178879,Miley Cyrus,BR,20,m,US,Non-binary
803,1,1.0,Grimes,US,18,f,CA,Female
803,2,0.6309297535714575,Louis Tomlinson,US,18,f,UK,Male
803,3,0.5,Weyes Blood,US,18,f,US,Female
803,4,0.43067655807339306,Tove Lo,US,18,f,SE,Female
803,5,0.38685280723454163,Ed Sheeran,US,18,f,UK,Male
803,6,0.3562071871080222,Frank Ocean,US,18,f,US,Male
803,7,0.3333333333333333,Dennis Lloyd,US,18,f,IL,Male
803,8,0.31546487678572877,Chelsea Wolfe,US,18,f,US,Female
803,9,0.3010299956639812,Jess Glynne,US,18,f,UK,Female
803,10,0.2890648263178879,Charles Bolt,US,18,f,US,Male
804,1,1.0,Geraldo Azevedo,NL,20,m,BR,Male
804,2,0.6309297535714575,Toni Tornado,NL,20,m,BR,Male
804,3,0.5,Alicia Keys,NL,20,m,US,Female
804,4,0.43067655807339306,Phill Veras,NL,20,m,BR,Male
804,5,0.38685280723454163,EKENA,NL,20,m,BR,Female
804,6,0.3562071871080222,Alceu Valença,NL,20,m,BR,Male
804,7,0.3333333333333333,El Guincho,NL,20,m,ES,Male
804,8,0.31546487678572877,PJ Harvey,NL,20,m,UK,Female
804,9,0.3010299956639812,Milton Nascimento,NL,20,m,BR,Male
804,10,0.2890648263178879,Maria Rita,NL,20,m,BR,Female
805,1,1.0,DJ Shadow,DE,26,m,US,Male
805,2,0.6309297535714575,Grimes,DE,26,m,CA,Female
805,3,0.5,Rod Stewart,DE,26,m,UK,Male
805,4,0.43067655807339306,Kurt Vile,DE,26,m,US,Male
805,5,0.38685280723454163,Apparat,DE,26,m,DE,Male
805,6,0.3562071871080222,John Maus,DE,26,m,US,Male
805,7,0.3333333333333333,Moby,DE,26,m,US,Male
805,8,0.31546487678572877,Weyes Blood,DE,26,m,US,Female
805,9,0.3010299956639812,Kelly Clarkson,DE,26,m,US,Female
805,10,0.2890648263178879,Sia,DE,26,m,AU,Female
806,1,1.0,Grimes,BR,17,f,CA,Female
806,2,0.6309297535714575,John Maus,BR,17,f,US,Male
806,3,0.5,Kurt Vile,BR,17,f,US,Male
806,4,0.43067655807339306,Grimes,BR,17,f,CA,Female
806,5,0.38685280723454163,Louis Tomlinson,BR,17,f,UK,Male
806,6,0.3562071871080222,Ed Sheeran,BR,17,f,UK,Male
806,7,0.3333333333333333,Ed Sheeran,BR,17,f,UK,Male
806,8,0.31546487678572877,Weyes Blood,BR,17,f,US,Female
806,9,0.3010299956639812,Frank Ocean,BR,17,f,US,Male
806,10,0.2890648263178879,Jess Glynne,BR,17,f,UK,Female
807,1,1.0,Adele,SK,21,m,UK,Female
807,2,0.6309297535714575,Ed Sheeran,SK,21,m,UK,Male
807,3,0.5,Madonna,SK,21,m,US,Female
807,4,0.43067655807339306,Seal,SK,21,m,UK,Male
807,5,0.38685280723454163,Elvis Presley,SK,21,m,US,Male
807,6,0.3562071871080222,Billy Joel,SK,21,m,US,Male
807,7,0.3333333333333333,Ariana Grande,SK,21,m,US,Female
807,8,0.31546487678572877,Carpenter Brut,SK,21,m,FR,Male
807,9,0.3010299956639812,Queen,SK,21,m,JP,Female
807,10,0.2890648263178879,Emma Ruth Rundle,SK,21,m,US,Female
808,1,1.0,James Blake,BR,20,m,UK,Male
808,2,0.6309297535714575,Panda Bear,BR,20,m,US,Male
808,3,0.5,Leonard Cohen,BR,20,m,CA,Male
808,4,0.43067655807339306,John Maus,BR,20,m,US,Male
808,5,0.38685280723454163,Bill Callahan,BR,20,m,US,Male
808,6,0.3562071871080222,Laura Marling,BR,20,m,UK,Female
808,7,0.3333333333333333,PJ Harvey,BR,20,m,UK,Female
808,8,0.31546487678572877,Kanye West,BR,20,m,US,Male
808,9,0.3010299956639812,Rush,BR,20,m,US,Male
808,10,0.2890648263178879,Chelsea Wolfe,BR,20,m,US,Female
809,1,1.0,RuPaul,US,15,f,US,Female
809,2,0.6309297535714575,Kanye West,US,15,f,US,Male
809,3,0.5,Sia,US,15,f,AU,Female
809,4,0.43067655807339306,Lisa Miskovsky,US,15,f,SE,Female
809,5,0.38685280723454163,Elliott Smith,US,15,f,US,Male
809,6,0.3562071871080222,Avril Lavigne,US,15,f,CA,Female
809,7,0.3333333333333333,Lily Allen,US,15,f,UK,Female
809,8,0.31546487678572877,Katy Perry,US,15,f,US,Female
809,9,0.3010299956639812,Perfume Genius,US,15,f,US,Male
809,10,0.2890648263178879,Earl Sweatshirt,US,15,f,US,Male
810,1,1.0,John Maus,NL,17,m,US,Male
810,2,0.6309297535714575,PJ Harvey,NL,17,m,UK,Female
810,3,0.5,Devendra Banhart,NL,17,m,US,Male
810,4,0.43067655807339306,Ozzy Osbourne,NL,17,m,UK,Male
810,5,0.38685280723454163,Arca,NL,17,m,VE,Non-binary
810,6,0.3562071871080222,Oneohtrix Point Never,NL,17,m,US,Male
810,7,0.3333333333333333,Noisestorm,NL,17,m,IE,Male
810,8,0.31546487678572877,Damien Jurado,NL,17,m,US,Male
810,9,0.3010299956639812,Rihanna,NL,17,m,UK,Female
810,10,0.2890648263178879,Aaron Smith,NL,17,m,US,Male
811,1,1.0,Thom Yorke,RU,24,m,UK,Male
811,2,0.6309297535714575,DJ Shadow,RU,24,m,US,Male
811,3,0.5,Kanye West,RU,24,m,US,Male
811,4,0.43067655807339306,Moby,RU,24,m,US,Male
811,5,0.38685280723454163,Grimes,RU,24,m,CA,Female
811,6,0.3562071871080222,Nicki Minaj,RU,24,m,US,Female
811,7,0.3333333333333333,Rod Stewart,RU,24,m,UK,Male
811,8,0.31546487678572877,Nicki Minaj,RU,24,m,US,Female
811,9,0.3010299956639812,Wax Tailor,RU,24,m,FR,Male
811,10,0.2890648263178879,Britney Spears,RU,24,m,US,Female
812,1,1.0,Grimes,US,42,m,CA,Female
812,2,0.6309297535714575,Louis Tomlinson,US,42,m,UK,Male
812,3,0.5,Frank Ocean,US,42,m,US,Male
812,4,0.43067655807339306,John Maus,US,42,m,US,Male
812,5,0.38685280723454163,Tove Lo,US,42,m,SE,Female
812,6,0.3562071871080222,Ed Sheeran,US,42,m,UK,Male
812,7,0.3333333333333333,Ariana Grande,US,42,m,US,Female
812,8,0.31546487678572877,Ed Sheeran,US,42,m,UK,Male
812,9,0.3010299956639812,Kygo,US,42,m,NO,Male
812,10,0.2890648263178879,Joe Goddard,US,42,m,UK,Male
813,1,1.0,Bob Marley & The Wailers,PH,17,m,JM,Male
813,2,0.6309297535714575,Bob Marley & The Wailers,PH,17,m,JM,Male
813,3,0.5,Haddaway,PH,17,m,DE,Male
813,4,0.43067655807339306,Queen,PH,17,m,JP,Female
813,5,0.38685280723454163,Dolly Parton,PH,17,m,US,Female
813,6,0.3562071871080222,Mahmood,PH,17,m,IT,Male
813,7,0.3333333333333333,Eminem,PH,17,m,US,Male
813,8,0.31546487678572877,Ariana Grande,PH,17,m,US,Female
813,9,0.3010299956639812,Lil Nas X,PH,17,m,US,Male
813,10,0.2890648263178879,Rush,PH,17,m,US,Male
814,1,1.0,Kanye West,BR,19,f,US,Male
814,2,0.6309297535714575,Avril Lavigne,BR,19,f,CA,Female
814,3,0.5,Lisa Miskovsky,BR,19,f,SE,Female
814,4,0.43067655807339306,Frank Ocean,BR,19,f,US,Male
814,5,0.38685280723454163,John Maus,BR,19,f,US,Male
814,6,0.3562071871080222,Weyes Blood,BR,19,f,US,Female
814,7,0.3333333333333333,Katy Perry,BR,19,f,US,Female
814,8,0.31546487678572877,Ry x,BR,19,f,AU,Male
814,9,0.3010299956639812,Joe Goddard,BR,19,f,UK,Male
814,10,0.2890648263178879,Jennifer Paige,BR,19,f,US,Female
815,1,1.0,Lily Allen,FI,17,m,UK,Female
815,2,0.6309297535714575,Ed Sheeran,FI,17,m,UK,Male
815,3,0.5,Lauren Daigle,FI,17,m,US,Female
815,4,0.43067655807339306,DJ Shadow,FI,17,m,US,Male
815,5,0.38685280723454163,Tycho,FI,17,m,US,Male
815,6,0.3562071871080222,Tom Odell,FI,17,m,UK,Male
815,7,0.3333333333333333,Frank Ocean,FI,17,m,US,Male
815,8,0.31546487678572877,Madison Beer,FI,17,m,US,Female
815,9,0.3010299956639812,Milow,FI,17,m,BE,Male
815,10,0.2890648263178879,Niall Horan,FI,17,m,IE,Male
816,1,1.0,John Maus,CL,18,m,US,Male
816,2,0.6309297535714575,Kanye West,CL,18,m,US,Male
816,3,0.5,Avril Lavigne,CL,18,m,CA,Female
816,4,0.43067655807339306,Frank Ocean,CL,18,m,US,Male
816,5,0.38685280723454163,Lily Allen,CL,18,m,UK,Female
816,6,0.3562071871080222,Katy Perry,CL,18,m,US,Female
816,7,0.3333333333333333,Joe Goddard,CL,18,m,UK,Male
816,8,0.31546487678572877,Weyes Blood,CL,18,m,US,Female
816,9,0.3010299956639812,Ry x,CL,18,m,AU,Male
816,10,0.2890648263178879,Jennifer Paige,CL,18,m,US,Female
817,1,1.0,Grimes,FI,20,m,CA,Female
817,2,0.6309297535714575,Frank Ocean,FI,20,m,US,Male
817,3,0.5,John Maus,FI,20,m,US,Male
817,4,0.43067655807339306,Louis Tomlinson,FI,20,m,UK,Male
817,5,0.38685280723454163,Tove Lo,FI,20,m,SE,Female
817,6,0.3562071871080222,Ed Sheeran,FI,20,m,UK,Male
817,7,0.3333333333333333,Ed Sheeran,FI,20,m,UK,Male
817,8,0.31546487678572877,Queen,FI,20,m,JP,Female
817,9,0.3010299956639812,Chelsea Wolfe,FI,20,m,US,Female
817,10,0.2890648263178879,Weyes Blood,FI,20,m,US,Female
818,1,1.0,Kanye West,US,21,f,US,Male
818,2,0.6309297535714575,Avril Lavigne,US,21,f,CA,Female
818,3,0.5,Katy Perry,US,21,f,US,Female
818,4,0.43067655807339306,Lily Allen,US,21,f,UK,Female
818,5,0.38685280723454163,Joe Goddard,US,21,f,UK,Male
818,6,0.3562071871080222,Ry x,US,21,f,AU,Male
818,7,0.3333333333333333,Weyes Blood,US,21,f,US,Female
818,8,0.31546487678572877,Jennifer Paige,US,21,f,US,Female
818,9,0.3010299956639812,Elliott Smith,US,21,f,US,Male
818,10,0.2890648263178879,Louis Tomlinson,US,21,f,UK,Male
819,1,1.0,Jennifer Lopez,FR,27,m,US,Female
819,2,0.6309297535714575,Sia,FR,27,m,AU,Female
819,3,0.5,Kanye West,FR,27,m,US,Male
819,4,0.43067655807339306,Frank Ocean,FR,27,m,US,Male
819,5,0.38685280723454163,Lisa Miskovsky,FR,27,m,SE,Female
819,6,0.3562071871080222,Avril Lavigne,FR,27,m,CA,Female
819,7,0.3333333333333333,Katy Perry,FR,27,m,US,Female
819,8,0.31546487678572877,Ry x,FR,27,m,AU,Male
819,9,0.3010299956639812,Elliott Smith,FR,27,m,US,Male
819,10,0.2890648263178879,Louis Tomlinson,FR,27,m,UK,Male
820,1,1.0,Lily Allen,PL,15,f,UK,Female
820,2,0.6309297535714575,Katy Perry,PL,15,f,US,Female
820,3,0.5,Avril Lavigne,PL,15,f,CA,Female
820,4,0.43067655807339306,Frank Ocean,PL,15,f,US,Male
820,5,0.38685280723454163,Queen,PL,15,f,JP,Female
820,6,0.3562071871080222,Ed Sheeran,PL,15,f,UK,Male
820,7,0.3333333333333333,Louis Tomlinson,PL,15,f,UK,Male
820,8,0.31546487678572877,Jennifer Paige,PL,15,f,US,Female
820,9,0.3010299956639812,IAMX,PL,15,f,DE,Male
820,10,0.2890648263178879,Tove Lo,PL,15,f,SE,Female
821,1,1.0,DJ Shadow,UK,18,m,US,Male
821,2,0.6309297535714575,Lisa Miskovsky,UK,18,m,SE,Female
821,3,0.5,Ed Sheeran,UK,18,m,UK,Male
821,4,0.43067655807339306,Ed Sheeran,UK,18,m,UK,Male
821,5,0.38685280723454163,Thom Yorke,UK,18,m,UK,Male
821,6,0.3562071871080222,Alexandra Stan,UK,18,m,RO,Female
821,7,0.3333333333333333,Shakira,UK,18,m,CO,Female
821,8,0.31546487678572877,Madonna,UK,18,m,US,Female
821,9,0.3010299956639812,Grimes,UK,18,m,CA,Female
821,10,0.2890648263178879,Bruno Major,UK,18,m,UK,Male
822,1,1.0,RuPaul,AT,19,m,US,Female
822,2,0.6309297535714575,Kanye West,AT,19,m,US,Male
822,3,0.5,Sia,AT,19,m,AU,Female
822,4,0.43067655807339306,Elliott Smith,AT,19,m,US,Male
822,5,0.38685280723454163,Jennifer Lopez,AT,19,m,US,Female
822,6,0.3562071871080222,Lisa Miskovsky,AT,19,m,SE,Female
822,7,0.3333333333333333,Avril Lavigne,AT,19,m,CA,Female
822,8,0.31546487678572877,Twin Shadow,AT,19,m,US,Male
822,9,0.3010299956639812,Toro y Moi,AT,19,m,US,Male
822,10,0.2890648263178879,Jessica Pratt,AT,19,m,US,Female
823,1,1.0,Grimes,CZ,17,m,CA,Female
823,2,0.6309297535714575,Avril Lavigne,CZ,17,m,CA,Female
823,3,0.5,Katy Perry,CZ,17,m,US,Female
823,4,0.43067655807339306,Lily Allen,CZ,17,m,UK,Female
823,5,0.38685280723454163,Weyes Blood,CZ,17,m,US,Female
823,6,0.3562071871080222,Frank Ocean,CZ,17,m,US,Male
823,7,0.3333333333333333,John Maus,CZ,17,m,US,Male
823,8,0.31546487678572877,Louis Tomlinson,CZ,17,m,UK,Male
823,9,0.3010299956639812,Jennifer Paige,CZ,17,m,US,Female
823,10,0.2890648263178879,Queen,CZ,17,m,JP,Female
824,1,1.0,Wax Tailor,PL,19,m,FR,Male
824,2,0.6309297535714575,DJ Shadow,PL,19,m,US,Male
824,3,0.5,Lisa Miskovsky,PL,19,m,SE,Female
824,4,0.43067655807339306,Rod Stewart,PL,19,m,UK,Male
824,5,0.38685280723454163,Grimes,PL,19,m,CA,Female
824,6,0.3562071871080222,Thom Yorke,PL,19,m,UK,Male
824,7,0.3333333333333333,Sabrina Carpenter,PL,19,m,US,Female
824,8,0.31546487678572877,Grimes,PL,19,m,CA,Female
824,9,0.3010299956639812,Ed Sheeran,PL,19,m,UK,Male
824,10,0.2890648263178879,John Maus,PL,19,m,US,Male
826,1,1.0,Frank Ocean,HR,20,f,US,Male
826,2,0.6309297535714575,Thom Yorke,HR,20,f,UK,Male
826,3,0.5,Sia,HR,20,f,AU,Female
826,4,0.43067655807339306,DJ Shadow,HR,20,f,US,Male
826,5,0.38685280723454163,Kanye West,HR,20,f,US,Male
826,6,0.3562071871080222,Justin Timberlake,HR,20,f,US,Male
826,7,0.3333333333333333,Kelly Clarkson,HR,20,f,US,Female
826,8,0.31546487678572877,Moby,HR,20,f,US,Male
826,9,0.3010299956639812,Nicki Minaj,HR,20,f,US,Female
826,10,0.2890648263178879,Grimes,HR,20,f,CA,Female
827,1,1.0,Lorde,UK,20,m,NZ,Female
827,2,0.6309297535714575,Aaron Smith,UK,20,m,US,Male
827,3,0.5,Mitski,UK,20,m,US,Female
827,4,0.43067655807339306,Scott Walker,UK,20,m,UK,Male
827,5,0.38685280723454163,Nick Drake,UK,20,m,UK,Male
827,6,0.3562071871080222,Jessica Pratt,UK,20,m,US,Female
827,7,0.3333333333333333,J Balvin,UK,20,m,CO,Male
827,8,0.31546487678572877,Darkside,UK,20,m,UK,Male
827,9,0.3010299956639812,John Maus,UK,20,m,US,Male
827,10,0.2890648263178879,Britney Spears,UK,20,m,US,Female
828,1,1.0,Jennifer Paige,BR,22,m,US,Female
828,2,0.6309297535714575,Grimes,BR,22,m,CA,Female
828,3,0.5,Ed Sheeran,BR,22,m,UK,Male
828,4,0.43067655807339306,Jess Glynne,BR,22,m,UK,Female
828,5,0.38685280723454163,Charles Bolt,BR,22,m,US,Male
828,6,0.3562071871080222,Chelsea Wolfe,BR,22,m,US,Female
828,7,0.3333333333333333,Ed Sheeran,BR,22,m,UK,Male
828,8,0.31546487678572877,Weyes Blood,BR,22,m,US,Female
828,9,0.3010299956639812,Dennis Lloyd,BR,22,m,IL,Male
828,10,0.2890648263178879,Frank Ocean,BR,22,m,US,Male
829,1,1.0,Mitski,PL,18,f,US,Female
829,2,0.6309297535714575,Sharon Van Etten,PL,18,f,US,Female
829,3,0.5,Queen,PL,18,f,JP,Female
829,4,0.43067655807339306,James Blake,PL,18,f,UK,Male
829,5,0.38685280723454163,Panda Bear,PL,18,f,US,Male
829,6,0.3562071871080222,Lana Del Rey,PL,18,f,US,Female
829,7,0.3333333333333333,Bill Callahan,PL,18,f,US,Male
829,8,0.31546487678572877,Caribou,PL,18,f,CA,Male
829,9,0.3010299956639812,Leonard Cohen,PL,18,f,CA,Male
829,10,0.2890648263178879,John Maus,PL,18,f,US,Male
830,1,1.0,Elliott Smith,UK,28,m,US,Male
830,2,0.6309297535714575,Louis Tomlinson,UK,28,m,UK,Male
830,3,0.5,Queen,UK,28,m,JP,Female
830,4,0.43067655807339306,Earl Sweatshirt,UK,28,m,US,Male
830,5,0.38685280723454163,Twin Shadow,UK,28,m,US,Male
830,6,0.3562071871080222,Tame Impala,UK,28,m,AU,Male
830,7,0.3333333333333333,Jessica Pratt,UK,28,m,US,Female
830,8,0.31546487678572877,Tove Lo,UK,28,m,SE,Female
830,9,0.3010299956639812,Chelsea Wolfe,UK,28,m,US,Female
830,10,0.2890648263178879,Pional,UK,28,m,ES,Male
831,1,1.0,Chelsea Wolfe,AT,21,m,US,Female
831,2,0.6309297535714575,Queen,AT,21,m,JP,Female
831,3,0.5,Louis Tomlinson,AT,21,m,UK,Male
831,4,0.43067655807339306,Joe Goddard,AT,21,m,UK,Male
831,5,0.38685280723454163,Jennifer Paige,AT,21,m,US,Female
831,6,0.3562071871080222,Weyes Blood,AT,21,m,US,Female
831,7,0.3333333333333333,Ry x,AT,21,m,AU,Male
831,8,0.31546487678572877,Elliott Smith,AT,21,m,US,Male
831,9,0.3010299956639812,Ed Sheeran,AT,21,m,UK,Male
831,10,0.2890648263178879,Ed Sheeran,AT,21,m,UK,Male
832,1,1.0,Chelsea Wolfe,US,20,f,US,Female
832,2,0.6309297535714575,Devendra Banhart,US,20,f,US,Male
832,3,0.5,PJ Harvey,US,20,f,UK,Female
832,4,0.43067655807339306,Damien Jurado,US,20,f,US,Male
832,5,0.38685280723454163,PJ Harvey,US,20,f,UK,Female
832,6,0.3562071871080222,Bat for Lashes,US,20,f,UK,Female
832,7,0.3333333333333333,Mac DeMarco,US,20,f,CA,Male
832,8,0.31546487678572877,Kanye West,US,20,f,US,Male
832,9,0.3010299956639812,Oneohtrix Point Never,US,20,f,US,Male
832,10,0.2890648263178879,Madonna,US,20,f,US,Female
833,1,1.0,Frank Ocean,US,46,m,US,Male
833,2,0.6309297535714575,Queen,US,46,m,JP,Female
833,3,0.5,John Maus,US,46,m,US,Male
833,4,0.43067655807339306,Charles Bolt,US,46,m,US,Male
833,5,0.38685280723454163,Britney Spears,US,46,m,US,Female
833,6,0.3562071871080222,Christina Aguilera,US,46,m,US,Female
833,7,0.3333333333333333,Joe Goddard,US,46,m,UK,Male
833,8,0.31546487678572877,Rihanna,US,46,m,UK,Female
833,9,0.3010299956639812,Beyoncé,US,46,m,US,Female
833,10,0.2890648263178879,Ry x,US,46,m,AU,Male
834,1,1.0,Grimes,BR,15,f,CA,Female
834,2,0.6309297535714575,Jennifer Paige,BR,15,f,US,Female
834,3,0.5,Lisa Miskovsky,BR,15,f,SE,Female
834,4,0.43067655807339306,Louis Tomlinson,BR,15,f,UK,Male
834,5,0.38685280723454163,Kygo,BR,15,f,NO,Male
834,6,0.3562071871080222,Céu,BR,15,f,BR,Female
834,7,0.3333333333333333,Grimes,BR,15,f,CA,Female
834,8,0.31546487678572877,Christina Aguilera,BR,15,f,US,Female
834,9,0.3010299956639812,Weyes Blood,BR,15,f,US,Female
834,10,0.2890648263178879,Mariah Carey,BR,15,f,US,Female
835,1,1.0,Queen,RU,17,m,JP,Female
835,2,0.6309297535714575,Jennifer Paige,RU,17,m,US,Female
835,3,0.5,Twin Shadow,RU,17,m,US,Male
835,4,0.43067655807339306,Earl Sweatshirt,RU,17,m,US,Male
835,5,0.38685280723454163,Ry x,RU,17,m,AU,Male
835,6,0.3562071871080222,Jeff Buckley,RU,17,m,US,Male
835,7,0.3333333333333333,Tove Lo,RU,17,m,SE,Female
835,8,0.31546487678572877,Jessica Pratt,RU,17,m,US,Female
835,9,0.3010299956639812,IAMX,RU,17,m,DE,Male
835,10,0.2890648263178879,Leonard Cohen,RU,17,m,CA,Male
837,1,1.0,Grimes,BR,21,m,CA,Female
837,2,0.6309297535714575,Weyes Blood,BR,21,m,US,Female
837,3,0.5,Frank Ocean,BR,21,m,US,Male
837,4,0.43067655807339306,John Maus,BR,21,m,US,Male
837,5,0.38685280723454163,Louis Tomlinson,BR,21,m,UK,Male
837,6,0.3562071871080222,Tove Lo,BR,21,m,SE,Female
837,7,0.3333333333333333,Queen,BR,21,m,JP,Female
837,8,0.31546487678572877,Ed Sheeran,BR,21,m,UK,Male
837,9,0.3010299956639812,Kygo,BR,21,m,NO,Male
837,10,0.2890648263178879,Ed Sheeran,BR,21,m,UK,Male
838,1,1.0,Frank Ocean,UA,18,m,US,Male
838,2,0.6309297535714575,Jennifer Paige,UA,18,m,US,Female
838,3,0.5,Chelsea Wolfe,UA,18,m,US,Female
838,4,0.43067655807339306,John Maus,UA,18,m,US,Male
838,5,0.38685280723454163,Louis Tomlinson,UA,18,m,UK,Male
838,6,0.3562071871080222,Queen,UA,18,m,JP,Female
838,7,0.3333333333333333,Ed Sheeran,UA,18,m,UK,Male
838,8,0.31546487678572877,Ed Sheeran,UA,18,m,UK,Male
838,9,0.3010299956639812,Tove Lo,UA,18,m,SE,Female
838,10,0.2890648263178879,Ry x,UA,18,m,AU,Male
839,1,1.0,Bat for Lashes,NO,21,m,UK,Female
839,2,0.6309297535714575,Elvis Presley,NO,21,m,US,Male
839,3,0.5,Billy Joel,NO,21,m,US,Male
839,4,0.43067655807339306,Carpenter Brut,NO,21,m,FR,Male
839,5,0.38685280723454163,Sharon Van Etten,NO,21,m,US,Female
839,6,0.3562071871080222,Queen,NO,21,m,JP,Female
839,7,0.3333333333333333,Ozzy Osbourne,NO,21,m,UK,Male
839,8,0.31546487678572877,Justin Timberlake,NO,21,m,US,Male
839,9,0.3010299956639812,Bob Marley & The Wailers,NO,21,m,JM,Male
839,10,0.2890648263178879,Wild Nothing,NO,21,m,US,Male
840,1,1.0,Ed Sheeran,AU,17,m,UK,Male
840,2,0.6309297535714575,Ed Sheeran,AU,17,m,UK,Male
840,3,0.5,Frank Ocean,AU,17,m,US,Male
840,4,0.43067655807339306,Charles Bolt,AU,17,m,US,Male
840,5,0.38685280723454163,Queen,AU,17,m,JP,Female
840,6,0.3562071871080222,John Maus,AU,17,m,US,Male
840,7,0.3333333333333333,Rihanna,AU,17,m,UK,Female
840,8,0.31546487678572877,Lana Del Rey,AU,17,m,US,Female
840,9,0.3010299956639812,Roberta Flack,AU,17,m,US,Female
840,10,0.2890648263178879,Dimension,AU,17,m,ES,Male
842,1,1.0,Louis Tomlinson,AU,17,m,UK,Male
842,2,0.6309297535714575,Chelsea Wolfe,AU,17,m,US,Female
842,3,0.5,Ed Sheeran,AU,17,m,UK,Male
842,4,0.43067655807339306,Tove Lo,AU,17,m,SE,Female
842,5,0.38685280723454163,Queen,AU,17,m,JP,Female
842,6,0.3562071871080222,Ariana Grande,AU,17,m,US,Female
842,7,0.3333333333333333,Ed Sheeran,AU,17,m,UK,Male
842,8,0.31546487678572877,Kygo,AU,17,m,NO,Male
842,9,0.3010299956639812,IAMX,AU,17,m,DE,Male
842,10,0.2890648263178879,Jessica Pratt,AU,17,m,US,Female
843,1,1.0,Bill Callahan,CA,27,m,US,Male
843,2,0.6309297535714575,Leonard Cohen,CA,27,m,CA,Male
843,3,0.5,John Maus,CA,27,m,US,Male
843,4,0.43067655807339306,Laura Marling,CA,27,m,UK,Female
843,5,0.38685280723454163,Ed Sheeran,CA,27,m,UK,Male
843,6,0.3562071871080222,Panda Bear,CA,27,m,US,Male
843,7,0.3333333333333333,Ariana Grande,CA,27,m,US,Female
843,8,0.31546487678572877,Seal,CA,27,m,UK,Male
843,9,0.3010299956639812,Elvis Presley,CA,27,m,US,Male
843,10,0.2890648263178879,Oneohtrix Point Never,CA,27,m,US,Male
844,1,1.0,Taylor Swift,AT,19,m,US,Female
844,2,0.6309297535714575,George Ezra,AT,19,m,UK,Male
844,3,0.5,Bob Marley & The Wailers,AT,19,m,JM,Male
844,4,0.43067655807339306,Bat for Lashes,AT,19,m,UK,Female
844,5,0.38685280723454163,Devendra Banhart,AT,19,m,US,Male
844,6,0.3562071871080222,Marilyn Manson,AT,19,m,US,Male
844,7,0.3333333333333333,PJ Harvey,AT,19,m,UK,Female
844,8,0.31546487678572877,Adele,AT,19,m,UK,Female
844,9,0.3010299956639812,Ed Sheeran,AT,19,m,UK,Male
844,10,0.2890648263178879,Mac DeMarco,AT,19,m,CA,Male
845,1,1.0,Jennifer Paige,JP,24,m,US,Female
845,2,0.6309297535714575,Ariana Grande,JP,24,m,US,Female
845,3,0.5,Tove Lo,JP,24,m,SE,Female
845,4,0.43067655807339306,Ed Sheeran,JP,24,m,UK,Male
845,5,0.38685280723454163,Chelsea Wolfe,JP,24,m,US,Female
845,6,0.3562071871080222,Kygo,JP,24,m,NO,Male
845,7,0.3333333333333333,John Maus,JP,24,m,US,Male
845,8,0.31546487678572877,Frank Ocean,JP,24,m,US,Male
845,9,0.3010299956639812,Ed Sheeran,JP,24,m,UK,Male
845,10,0.2890648263178879,Jess Glynne,JP,24,m,UK,Female
846,1,1.0,Panda Bear,MK,24,f,US,Male
846,2,0.6309297535714575,Caribou,MK,24,f,CA,Male
846,3,0.5,Leonard Cohen,MK,24,f,CA,Male
846,4,0.43067655807339306,Bill Callahan,MK,24,f,US,Male
846,5,0.38685280723454163,John Maus,MK,24,f,US,Male
846,6,0.3562071871080222,John Maus,MK,24,f,US,Male
846,7,0.3333333333333333,Nick Drake,MK,24,f,UK,Male
846,8,0.31546487678572877,Miley Cyrus,MK,24,f,US,Non-binary
846,9,0.3010299956639812,Queen,MK,24,f,JP,Female
846,10,0.2890648263178879,Taylor Swift,MK,24,f,US,Female
848,1,1.0,Grimes,UA,21,f,CA,Female
848,2,0.6309297535714575,Frank Ocean,UA,21,f,US,Male
848,3,0.5,John Maus,UA,21,f,US,Male
848,4,0.43067655807339306,Queen,UA,21,f,JP,Female
848,5,0.38685280723454163,Jennifer Paige,UA,21,f,US,Female
848,6,0.3562071871080222,Louis Tomlinson,UA,21,f,UK,Male
848,7,0.3333333333333333,Chelsea Wolfe,UA,21,f,US,Female
848,8,0.31546487678572877,Joe Goddard,UA,21,f,UK,Male
848,9,0.3010299956639812,Ed Sheeran,UA,21,f,UK,Male
848,10,0.2890648263178879,Tove Lo,UA,21,f,SE,Female
849,1,1.0,Elvis Presley,JP,24,m,US,Male
849,2,0.6309297535714575,Carpenter Brut,JP,24,m,FR,Male
849,3,0.5,Bob Marley & The Wailers,JP,24,m,JM,Male
849,4,0.43067655807339306,Billy Joel,JP,24,m,US,Male
849,5,0.38685280723454163,Bill Callahan,JP,24,m,US,Male
849,6,0.3562071871080222,Justin Timberlake,JP,24,m,US,Male
849,7,0.3333333333333333,Queen,JP,24,m,JP,Female
849,8,0.31546487678572877,Ozzy Osbourne,JP,24,m,UK,Male
849,9,0.3010299956639812,Marilyn Manson,JP,24,m,US,Male
849,10,0.2890648263178879,Lorde,JP,24,m,NZ,Female
851,1,1.0,Grimes,RU,16,m,CA,Female
851,2,0.6309297535714575,Weyes Blood,RU,16,m,US,Female
851,3,0.5,Queen,RU,16,m,JP,Female
851,4,0.43067655807339306,Jennifer Paige,RU,16,m,US,Female
851,5,0.38685280723454163,Ed Sheeran,RU,16,m,UK,Male
851,6,0.3562071871080222,Tove Lo,RU,16,m,SE,Female
851,7,0.3333333333333333,Frank Ocean,RU,16,m,US,Male
851,8,0.31546487678572877,John Maus,RU,16,m,US,Male
851,9,0.3010299956639812,Ariana Grande,RU,16,m,US,Female
851,10,0.2890648263178879,Charles Bolt,RU,16,m,US,Male
852,1,1.0,Miley Cyrus,BR,31,m,US,Non-binary
852,2,0.6309297535714575,Bill Callahan,BR,31,m,US,Male
852,3,0.5,John Maus,BR,31,m,US,Male
852,4,0.43067655807339306,Ariana Grande,BR,31,m,US,Female
852,5,0.38685280723454163,George Ezra,BR,31,m,UK,Male
852,6,0.3562071871080222,Laura Marling,BR,31,m,UK,Female
852,7,0.3333333333333333,Bob Marley & The Wailers,BR,31,m,JM,Male
852,8,0.31546487678572877,Taylor Swift,BR,31,m,US,Female
852,9,0.3010299956639812,Jessie J,BR,31,m,UK,Female
852,10,0.2890648263178879,Adele,BR,31,m,UK,Female
853,1,1.0,Katy Perry,US,40,m,US,Female
853,2,0.6309297535714575,Jennifer Paige,US,40,m,US,Female
853,3,0.5,Queen,US,40,m,JP,Female
853,4,0.43067655807339306,Tove Lo,US,40,m,SE,Female
853,5,0.38685280723454163,Chelsea Wolfe,US,40,m,US,Female
853,6,0.3562071871080222,Kygo,US,40,m,NO,Male
853,7,0.3333333333333333,Ariana Grande,US,40,m,US,Female
853,8,0.31546487678572877,Weyes Blood,US,40,m,US,Female
853,9,0.3010299956639812,Ed Sheeran,US,40,m,UK,Male
853,10,0.2890648263178879,Ed Sheeran,US,40,m,UK,Male
854,1,1.0,Lily Allen,IE,43,m,UK,Female
854,2,0.6309297535714575,Jennifer Paige,IE,43,m,US,Female
854,3,0.5,Louis Tomlinson,IE,43,m,UK,Male
854,4,0.43067655807339306,Grimes,IE,43,m,CA,Female
854,5,0.38685280723454163,Tove Lo,IE,43,m,SE,Female
854,6,0.3562071871080222,Weyes Blood,IE,43,m,US,Female
854,7,0.3333333333333333,Ed Sheeran,IE,43,m,UK,Male
854,8,0.31546487678572877,Ariana Grande,IE,43,m,US,Female
854,9,0.3010299956639812,Ed Sheeran,IE,43,m,UK,Male
854,10,0.2890648263178879,Chelsea Wolfe,IE,43,m,US,Female
856,1,1.0,Grimes,ES,25,m,CA,Female
856,2,0.6309297535714575,Lily Allen,ES,25,m,UK,Female
856,3,0.5,Kanye West,ES,25,m,US,Male
856,4,0.43067655807339306,John Maus,ES,25,m,US,Male
856,5,0.38685280723454163,Apparat,ES,25,m,DE,Male
856,6,0.3562071871080222,Kurt Vile,ES,25,m,US,Male
856,7,0.3333333333333333,Ed Sheeran,ES,25,m,UK,Male
856,8,0.31546487678572877,Grimes,ES,25,m,CA,Female
856,9,0.3010299956639812,Tove Lo,ES,25,m,SE,Female
856,10,0.2890648263178879,Ed Sheeran,ES,25,m,UK,Male
857,1,1.0,Lorde,NP,29,m,NZ,Female
857,2,0.6309297535714575,DJ Shadow,NP,29,m,US,Male
857,3,0.5,Sia,NP,29,m,AU,Female
857,4,0.43067655807339306,Grimes,NP,29,m,CA,Female
857,5,0.38685280723454163,Sia,NP,29,m,AU,Female
857,6,0.3562071871080222,Britney Spears,NP,29,m,US,Female
857,7,0.3333333333333333,Rod Stewart,NP,29,m,UK,Male
857,8,0.31546487678572877,Rush,NP,29,m,US,Male
857,9,0.3010299956639812,Moby,NP,29,m,US,Male
857,10,0.2890648263178879,Sia,NP,29,m,AU,Female
858,1,1.0,Grimes,BR,15,m,CA,Female
858,2,0.6309297535714575,Ed Sheeran,BR,15,m,UK,Male
858,3,0.5,Ed Sheeran,BR,15,m,UK,Male
858,4,0.43067655807339306,Kurt Vile,BR,15,m,US,Male
858,5,0.38685280723454163,Grimes,BR,15,m,CA,Female
858,6,0.3562071871080222,Weyes Blood,BR,15,m,US,Female
858,7,0.3333333333333333,Frank Ocean,BR,15,m,US,Male
858,8,0.31546487678572877,Kelly Clarkson,BR,15,m,US,Female
858,9,0.3010299956639812,Charles Bolt,BR,15,m,US,Male
858,10,0.2890648263178879,Lorde,BR,15,m,NZ,Female
859,1,1.0,Ariana Grande,PL,18,m,US,Female
859,2,0.6309297535714575,Justin Timberlake,PL,18,m,US,Male
859,3,0.5,Moby,PL,18,m,US,Male
859,4,0.43067655807339306,RuPaul,PL,18,m,US,Female
859,5,0.38685280723454163,Kelly Clarkson,PL,18,m,US,Female
859,6,0.3562071871080222,Nicki Minaj,PL,18,m,US,Female
859,7,0.3333333333333333,Rihanna,PL,18,m,UK,Female
859,8,0.31546487678572877,Sia,PL,18,m,AU,Female
859,9,0.3010299956639812,Nicki Minaj,PL,18,m,US,Female
859,10,0.2890648263178879,Britney Spears,PL,18,m,US,Female
860,1,1.0,DJ Shadow,DE,20,f,US,Male
860,2,0.6309297535714575,Kanye West,DE,20,f,US,Male
860,3,0.5,Grimes,DE,20,f,CA,Female
860,4,0.43067655807339306,John Maus,DE,20,f,US,Male
860,5,0.38685280723454163,Freddie Mercury,DE,20,f,UK,Male
860,6,0.3562071871080222,Madonna,DE,20,f,US,Female
860,7,0.3333333333333333,Madison Beer,DE,20,f,US,Female
860,8,0.31546487678572877,Chelsea Wolfe,DE,20,f,US,Female
860,9,0.3010299956639812,Ariana Grande,DE,20,f,US,Female
860,10,0.2890648263178879,Apparat,DE,20,f,DE,Male
861,1,1.0,Kurt Vile,UA,18,f,US,Male
861,2,0.6309297535714575,Grimes,UA,18,f,CA,Female
861,3,0.5,Weyes Blood,UA,18,f,US,Female
861,4,0.43067655807339306,Ed Sheeran,UA,18,f,UK,Male
861,5,0.38685280723454163,Frank Ocean,UA,18,f,US,Male
861,6,0.3562071871080222,Ed Sheeran,UA,18,f,UK,Male
861,7,0.3333333333333333,John Maus,UA,18,f,US,Male
861,8,0.31546487678572877,Charles Bolt,UA,18,f,US,Male
861,9,0.3010299956639812,Dennis Lloyd,UA,18,f,IL,Male
861,10,0.2890648263178879,Chelsea Wolfe,UA,18,f,US,Female
862,1,1.0,Elliott Smith,PL,17,m,US,Male
862,2,0.6309297535714575,Lily Allen,PL,17,m,UK,Female
862,3,0.5,Earl Sweatshirt,PL,17,m,US,Male
862,4,0.43067655807339306,Twin Shadow,PL,17,m,US,Male
862,5,0.38685280723454163,Queen,PL,17,m,JP,Female
862,6,0.3562071871080222,Chelsea Wolfe,PL,17,m,US,Female
862,7,0.3333333333333333,Louis Tomlinson,PL,17,m,UK,Male
862,8,0.31546487678572877,Jennifer Paige,PL,17,m,US,Female
862,9,0.3010299956639812,Jessica Pratt,PL,17,m,US,Female
862,10,0.2890648263178879,Perfume Genius,PL,17,m,US,Male
863,1,1.0,Leonard Cohen,MX,21,m,CA,Male
863,2,0.6309297535714575,Bill Callahan,MX,21,m,US,Male
863,3,0.5,Caribou,MX,21,m,CA,Male
863,4,0.43067655807339306,Laura Marling,MX,21,m,UK,Female
863,5,0.38685280723454163,Elvis Presley,MX,21,m,US,Male
863,6,0.3562071871080222,Billy Joel,MX,21,m,US,Male
863,7,0.3333333333333333,Carpenter Brut,MX,21,m,FR,Male
863,8,0.31546487678572877,Bob Marley & The Wailers,MX,21,m,JM,Male
863,9,0.3010299956639812,Queen,MX,21,m,JP,Female
863,10,0.2890648263178879,Devendra Banhart,MX,21,m,US,Male
864,1,1.0,Sharon Van Etten,IT,23,f,US,Female
864,2,0.6309297535714575,James Blake,IT,23,f,UK,Male
864,3,0.5,Ed Sheeran,IT,23,f,UK,Male
864,4,0.43067655807339306,Panda Bear,IT,23,f,US,Male
864,5,0.38685280723454163,Bill Callahan,IT,23,f,US,Male
864,6,0.3562071871080222,Nick Drake,IT,23,f,UK,Male
864,7,0.3333333333333333,John Maus,IT,23,f,US,Male
864,8,0.31546487678572877,Leonard Cohen,IT,23,f,CA,Male
864,9,0.3010299956639812,Caribou,IT,23,f,CA,Male
864,10,0.2890648263178879,Laura Marling,IT,23,f,UK,Female
865,1,1.0,Katy Perry,FI,18,f,US,Female
865,2,0.6309297535714575,Weyes Blood,FI,18,f,US,Female
865,3,0.5,Louis Tomlinson,FI,18,f,UK,Male
865,4,0.43067655807339306,Jennifer Paige,FI,18,f,US,Female
865,5,0.38685280723454163,Ry x,FI,18,f,AU,Male
865,6,0.3562071871080222,Joe Goddard,FI,18,f,UK,Male
865,7,0.3333333333333333,Queen,FI,18,f,JP,Female
865,8,0.31546487678572877,Chelsea Wolfe,FI,18,f,US,Female
865,9,0.3010299956639812,Elliott Smith,FI,18,f,US,Male
865,10,0.2890648263178879,Tove Lo,FI,18,f,SE,Female
866,1,1.0,Grimes,BR,19,m,CA,Female
866,2,0.6309297535714575,Sia,BR,19,m,AU,Female
866,3,0.5,Weyes Blood,BR,19,m,US,Female
866,4,0.43067655807339306,Lisa Miskovsky,BR,19,m,SE,Female
866,5,0.38685280723454163,Kanye West,BR,19,m,US,Male
866,6,0.3562071871080222,Avril Lavigne,BR,19,m,CA,Female
866,7,0.3333333333333333,Katy Perry,BR,19,m,US,Female
866,8,0.31546487678572877,Frank Ocean,BR,19,m,US,Male
866,9,0.3010299956639812,Lily Allen,BR,19,m,UK,Female
866,10,0.2890648263178879,John Maus,BR,19,m,US,Male
867,1,1.0,Sharon Van Etten,IR,20,m,US,Female
867,2,0.6309297535714575,James Blake,IR,20,m,UK,Male
867,3,0.5,Panda Bear,IR,20,m,US,Male
867,4,0.43067655807339306,Bill Callahan,IR,20,m,US,Male
867,5,0.38685280723454163,Nick Drake,IR,20,m,UK,Male
867,6,0.3562071871080222,Leonard Cohen,IR,20,m,CA,Male
867,7,0.3333333333333333,Caribou,IR,20,m,CA,Male
867,8,0.31546487678572877,John Maus,IR,20,m,US,Male
867,9,0.3010299956639812,John Maus,IR,20,m,US,Male
867,10,0.2890648263178879,Laura Marling,IR,20,m,UK,Female
869,1,1.0,John Maus,MK,24,m,US,Male
869,2,0.6309297535714575,Grimes,MK,24,m,CA,Female
869,3,0.5,Jennifer Paige,MK,24,m,US,Female
869,4,0.43067655807339306,Weyes Blood,MK,24,m,US,Female
869,5,0.38685280723454163,Frank Ocean,MK,24,m,US,Male
869,6,0.3562071871080222,Ed Sheeran,MK,24,m,UK,Male
869,7,0.3333333333333333,John Maus,MK,24,m,US,Male
869,8,0.31546487678572877,Ry x,MK,24,m,AU,Male
869,9,0.3010299956639812,Joe Goddard,MK,24,m,UK,Male
869,10,0.2890648263178879,Charles Bolt,MK,24,m,US,Male
870,1,1.0,Grimes,BR,14,m,CA,Female
870,2,0.6309297535714575,Jorge Ben,BR,14,m,BR,Male
870,3,0.5,Cartola,BR,14,m,BR,Male
870,4,0.43067655807339306,Lisa Miskovsky,BR,14,m,SE,Female
870,5,0.38685280723454163,Johnny Hooker,BR,14,m,BR,Male
870,6,0.3562071871080222,Caetano Veloso,BR,14,m,BR,Male
870,7,0.3333333333333333,Jennifer Paige,BR,14,m,US,Female
870,8,0.31546487678572877,Marina Lima,BR,14,m,BR,Female
870,9,0.3010299956639812,Céu,BR,14,m,BR,Female
870,10,0.2890648263178879,Clara Nunes,BR,14,m,BR,Female
871,1,1.0,Avril Lavigne,PL,18,m,CA,Female
871,2,0.6309297535714575,Katy Perry,PL,18,m,US,Female
871,3,0.5,Lily Allen,PL,18,m,UK,Female
871,4,0.43067655807339306,Joe Goddard,PL,18,m,UK,Male
871,5,0.38685280723454163,Ry x,PL,18,m,AU,Male
871,6,0.3562071871080222,Weyes Blood,PL,18,m,US,Female
871,7,0.3333333333333333,Jennifer Paige,PL,18,m,US,Female
871,8,0.31546487678572877,Elliott Smith,PL,18,m,US,Male
871,9,0.3010299956639812,Louis Tomlinson,PL,18,m,UK,Male
871,10,0.2890648263178879,Queen,PL,18,m,JP,Female
872,1,1.0,Bill Callahan,PL,25,f,US,Male
872,2,0.6309297535714575,John Maus,PL,25,f,US,Male
872,3,0.5,Bob Marley & The Wailers,PL,25,f,JM,Male
872,4,0.43067655807339306,Carpenter Brut,PL,25,f,FR,Male
872,5,0.38685280723454163,Billy Joel,PL,25,f,US,Male
872,6,0.3562071871080222,Ozzy Osbourne,PL,25,f,UK,Male
872,7,0.3333333333333333,Queen,PL,25,f,JP,Female
872,8,0.31546487678572877,PJ Harvey,PL,25,f,UK,Female
872,9,0.3010299956639812,Justin Timberlake,PL,25,f,US,Male
872,10,0.2890648263178879,Noisestorm,PL,25,f,IE,Male
873,1,1.0,DJ Shadow,BR,18,m,US,Male
873,2,0.6309297535714575,Wax Tailor,BR,18,m,FR,Male
873,3,0.5,Kanye West,BR,18,m,US,Male
873,4,0.43067655807339306,Grimes,BR,18,m,CA,Female
873,5,0.38685280723454163,Jennifer Lopez,BR,18,m,US,Female
873,6,0.3562071871080222,RuPaul,BR,18,m,US,Female
873,7,0.3333333333333333,Sia,BR,18,m,AU,Female
873,8,0.31546487678572877,Lisa Miskovsky,BR,18,m,SE,Female
873,9,0.3010299956639812,Kanye West,BR,18,m,US,Male
873,10,0.2890648263178879,Apparat,BR,18,m,DE,Male
874,1,1.0,Sharon Van Etten,US,18,f,US,Female
874,2,0.6309297535714575,M. Ward,US,18,f,US,Male
874,3,0.5,Bill Callahan,US,18,f,US,Male
874,4,0.43067655807339306,James Blake,US,18,f,UK,Male
874,5,0.38685280723454163,Panda Bear,US,18,f,US,Male
874,6,0.3562071871080222,Leonard Cohen,US,18,f,CA,Male
874,7,0.3333333333333333,Nick Drake,US,18,f,UK,Male
874,8,0.31546487678572877,John Maus,US,18,f,US,Male
874,9,0.3010299956639812,John Maus,US,18,f,US,Male
874,10,0.2890648263178879,Caribou,US,18,f,CA,Male
875,1,1.0,Grimes,FI,22,m,CA,Female
875,2,0.6309297535714575,Weyes Blood,FI,22,m,US,Female
875,3,0.5,Louis Tomlinson,FI,22,m,UK,Male
875,4,0.43067655807339306,Avril Lavigne,FI,22,m,CA,Female
875,5,0.38685280723454163,Frank Ocean,FI,22,m,US,Male
875,6,0.3562071871080222,Dennis Lloyd,FI,22,m,IL,Male
875,7,0.3333333333333333,Jess Glynne,FI,22,m,UK,Female
875,8,0.31546487678572877,Britney Spears,FI,22,m,US,Female
875,9,0.3010299956639812,John Maus,FI,22,m,US,Male
875,10,0.2890648263178879,Christina Aguilera,FI,22,m,US,Female
876,1,1.0,Katy Perry,DE,19,m,US,Female
876,2,0.6309297535714575,Avril Lavigne,DE,19,m,CA,Female
876,3,0.5,Weyes Blood,DE,19,m,US,Female
876,4,0.43067655807339306,Joe Goddard,DE,19,m,UK,Male
876,5,0.38685280723454163,Queen,DE,19,m,JP,Female
876,6,0.3562071871080222,Elliott Smith,DE,19,m,US,Male
876,7,0.3333333333333333,Louis Tomlinson,DE,19,m,UK,Male
876,8,0.31546487678572877,Jennifer Paige,DE,19,m,US,Female
876,9,0.3010299956639812,Chelsea Wolfe,DE,19,m,US,Female
876,10,0.2890648263178879,Tove Lo,DE,19,m,SE,Female
877,1,1.0,Bill Callahan,CA,41,m,US,Male
877,2,0.6309297535714575,Panda Bear,CA,41,m,US,Male
877,3,0.5,Nick Drake,CA,41,m,UK,Male
877,4,0.43067655807339306,Leonard Cohen,CA,41,m,CA,Male
877,5,0.38685280723454163,Caribou,CA,41,m,CA,Male
877,6,0.3562071871080222,John Maus,CA,41,m,US,Male
877,7,0.3333333333333333,John Maus,CA,41,m,US,Male
877,8,0.31546487678572877,Justin Timberlake,CA,41,m,US,Male
877,9,0.3010299956639812,Laura Marling,CA,41,m,UK,Female
877,10,0.2890648263178879,Panda Bear,CA,41,m,US,Male
878,1,1.0,Louis Tomlinson,US,21,m,UK,Male
878,2,0.6309297535714575,Jennifer Paige,US,21,m,US,Female
878,3,0.5,Ed Sheeran,US,21,m,UK,Male
878,4,0.43067655807339306,Ed Sheeran,US,21,m,UK,Male
878,5,0.38685280723454163,Tove Lo,US,21,m,SE,Female
878,6,0.3562071871080222,Ariana Grande,US,21,m,US,Female
878,7,0.3333333333333333,Weyes Blood,US,21,m,US,Female
878,8,0.31546487678572877,Kygo,US,21,m,NO,Male
878,9,0.3010299956639812,Jess Glynne,US,21,m,UK,Female
878,10,0.2890648263178879,Elliott Smith,US,21,m,US,Male
879,1,1.0,Nicki Minaj,BR,16,m,US,Female
879,2,0.6309297535714575,RuPaul,BR,16,m,US,Female
879,3,0.5,Britney Spears,BR,16,m,US,Female
879,4,0.43067655807339306,Joe Goddard,BR,16,m,UK,Male
879,5,0.38685280723454163,Ry x,BR,16,m,AU,Male
879,6,0.3562071871080222,Kanye West,BR,16,m,US,Male
879,7,0.3333333333333333,Lisa Miskovsky,BR,16,m,SE,Female
879,8,0.31546487678572877,Jennifer Lopez,BR,16,m,US,Female
879,9,0.3010299956639812,Sia,BR,16,m,AU,Female
879,10,0.2890648263178879,Weyes Blood,BR,16,m,US,Female
880,1,1.0,Louis Tomlinson,PL,18,m,UK,Male
880,2,0.6309297535714575,Elliott Smith,PL,18,m,US,Male
880,3,0.5,Jennifer Paige,PL,18,m,US,Female
880,4,0.43067655807339306,Tove Lo,PL,18,m,SE,Female
880,5,0.38685280723454163,Ed Sheeran,PL,18,m,UK,Male
880,6,0.3562071871080222,Queen,PL,18,m,JP,Female
880,7,0.3333333333333333,Kygo,PL,18,m,NO,Male
880,8,0.31546487678572877,Ed Sheeran,PL,18,m,UK,Male
880,9,0.3010299956639812,Moby,PL,18,m,US,Male
880,10,0.2890648263178879,Dennis Lloyd,PL,18,m,IL,Male
882,1,1.0,Lisa Miskovsky,RU,25,m,SE,Female
882,2,0.6309297535714575,Avril Lavigne,RU,25,m,CA,Female
882,3,0.5,Katy Perry,RU,25,m,US,Female
882,4,0.43067655807339306,Lily Allen,RU,25,m,UK,Female
882,5,0.38685280723454163,Louis Tomlinson,RU,25,m,UK,Male
882,6,0.3562071871080222,Jennifer Paige,RU,25,m,US,Female
882,7,0.3333333333333333,Frank Ocean,RU,25,m,US,Male
882,8,0.31546487678572877,John Maus,RU,25,m,US,Male
882,9,0.3010299956639812,Tove Lo,RU,25,m,SE,Female
882,10,0.2890648263178879,Kygo,RU,25,m,NO,Male
883,1,1.0,Sia,DE,60,m,AU,Female
883,2,0.6309297535714575,Grimes,DE,60,m,CA,Female
883,3,0.5,Weyes Blood,DE,60,m,US,Female
883,4,0.43067655807339306,Katy Perry,DE,60,m,US,Female
883,5,0.38685280723454163,Kanye West,DE,60,m,US,Male
883,6,0.3562071871080222,John Maus,DE,60,m,US,Male
883,7,0.3333333333333333,Dimension,DE,60,m,ES,Male
883,8,0.31546487678572877,Avril Lavigne,DE,60,m,CA,Female
883,9,0.3010299956639812,Lily Allen,DE,60,m,UK,Female
883,10,0.2890648263178879,Frank Ocean,DE,60,m,US,Male
884,1,1.0,Sia,RU,17,m,AU,Female
884,2,0.6309297535714575,Kanye West,RU,17,m,US,Male
884,3,0.5,Lisa Miskovsky,RU,17,m,SE,Female
884,4,0.43067655807339306,Avril Lavigne,RU,17,m,CA,Female
884,5,0.38685280723454163,Katy Perry,RU,17,m,US,Female
884,6,0.3562071871080222,Lily Allen,RU,17,m,UK,Female
884,7,0.3333333333333333,Frank Ocean,RU,17,m,US,Male
884,8,0.31546487678572877,Jennifer Paige,RU,17,m,US,Female
884,9,0.3010299956639812,Louis Tomlinson,RU,17,m,UK,Male
884,10,0.2890648263178879,Queen,RU,17,m,JP,Female
885,1,1.0,Jennifer Paige,US,43,m,US,Female
885,2,0.6309297535714575,Queen,US,43,m,JP,Female
885,3,0.5,Louis Tomlinson,US,43,m,UK,Male
885,4,0.43067655807339306,Earl Sweatshirt,US,43,m,US,Male
885,5,0.38685280723454163,Twin Shadow,US,43,m,US,Male
885,6,0.3562071871080222,Kygo,US,43,m,NO,Male
885,7,0.3333333333333333,Tove Lo,US,43,m,SE,Female
885,8,0.31546487678572877,Tame Impala,US,43,m,AU,Male
885,9,0.3010299956639812,Sufjan Stevens,US,43,m,US,Male
885,10,0.2890648263178879,Ry x,US,43,m,AU,Male
886,1,1.0,Lily Allen,BR,27,m,UK,Female
886,2,0.6309297535714575,Lisa Miskovsky,BR,27,m,SE,Female
886,3,0.5,DJ Shadow,BR,27,m,US,Male
886,4,0.43067655807339306,Kanye West,BR,27,m,US,Male
886,5,0.38685280723454163,Louis Tomlinson,BR,27,m,UK,Male
886,6,0.3562071871080222,Ed Sheeran,BR,27,m,UK,Male
886,7,0.3333333333333333,Kylie Minogue,BR,27,m,AU,Female
886,8,0.31546487678572877,Ellie Goulding,BR,27,m,UK,Female
886,9,0.3010299956639812,Jess Glynne,BR,27,m,UK,Female
886,10,0.2890648263178879,Taylor Swift,BR,27,m,US,Female
887,1,1.0,Devendra Banhart,TR,20,m,US,Male
887,2,0.6309297535714575,Ariana Grande,TR,20,m,US,Female
887,3,0.5,George Ezra,TR,20,m,UK,Male
887,4,0.43067655807339306,Bat for Lashes,TR,20,m,UK,Female
887,5,0.38685280723454163,Damien Jurado,TR,20,m,US,Male
887,6,0.3562071871080222,Taylor Swift,TR,20,m,US,Female
887,7,0.3333333333333333,PJ Harvey,TR,20,m,UK,Female
887,8,0.31546487678572877,Sia,TR,20,m,AU,Female
887,9,0.3010299956639812,The Tallest Man on Earth,TR,20,m,SE,Male
887,10,0.2890648263178879,Kanye West,TR,20,m,US,Male
888,1,1.0,Joe Goddard,BY,27,m,UK,Male
888,2,0.6309297535714575,Ry x,BY,27,m,AU,Male
888,3,0.5,Weyes Blood,BY,27,m,US,Female
888,4,0.43067655807339306,Jennifer Paige,BY,27,m,US,Female
888,5,0.38685280723454163,Queen,BY,27,m,JP,Female
888,6,0.3562071871080222,Louis Tomlinson,BY,27,m,UK,Male
888,7,0.3333333333333333,Elliott Smith,BY,27,m,US,Male
888,8,0.31546487678572877,Chelsea Wolfe,BY,27,m,US,Female
888,9,0.3010299956639812,Tove Lo,BY,27,m,SE,Female
888,10,0.2890648263178879,Ariana Grande,BY,27,m,US,Female
889,1,1.0,Avril Lavigne,BR,31,f,CA,Female
889,2,0.6309297535714575,Katy Perry,BR,31,f,US,Female
889,3,0.5,Weyes Blood,BR,31,f,US,Female
889,4,0.43067655807339306,Elliott Smith,BR,31,f,US,Male
889,5,0.38685280723454163,Louis Tomlinson,BR,31,f,UK,Male
889,6,0.3562071871080222,Jennifer Paige,BR,31,f,US,Female
889,7,0.3333333333333333,Tove Lo,BR,31,f,SE,Female
889,8,0.31546487678572877,Toro y Moi,BR,31,f,US,Male
889,9,0.3010299956639812,Twin Shadow,BR,31,f,US,Male
889,10,0.2890648263178879,Charles Bolt,BR,31,f,US,Male
890,1,1.0,Katy Perry,DE,22,m,US,Female
890,2,0.6309297535714575,Avril Lavigne,DE,22,m,CA,Female
890,3,0.5,Lily Allen,DE,22,m,UK,Female
890,4,0.43067655807339306,Frank Ocean,DE,22,m,US,Male
890,5,0.38685280723454163,Jennifer Paige,DE,22,m,US,Female
890,6,0.3562071871080222,Louis Tomlinson,DE,22,m,UK,Male
890,7,0.3333333333333333,Queen,DE,22,m,JP,Female
890,8,0.31546487678572877,Tove Lo,DE,22,m,SE,Female
890,9,0.3010299956639812,Chelsea Wolfe,DE,22,m,US,Female
890,10,0.2890648263178879,Ariana Grande,DE,22,m,US,Female
891,1,1.0,DJ Shadow,PE,27,m,US,Male
891,2,0.6309297535714575,Kanye West,PE,27,m,US,Male
891,3,0.5,Thom Yorke,PE,27,m,UK,Male
891,4,0.43067655807339306,Grimes,PE,27,m,CA,Female
891,5,0.38685280723454163,Aldous Harding,PE,27,m,NZ,Female
891,6,0.3562071871080222,Ed Sheeran,PE,27,m,UK,Male
891,7,0.3333333333333333,Weyes Blood,PE,27,m,US,Female
891,8,0.31546487678572877,John Maus,PE,27,m,US,Male
891,9,0.3010299956639812,Dennis Lloyd,PE,27,m,IL,Male
891,10,0.2890648263178879,IAMX,PE,27,m,DE,Male
892,1,1.0,Carpenter Brut,SE,22,m,FR,Male
892,2,0.6309297535714575,Bob Marley & The Wailers,SE,22,m,JM,Male
892,3,0.5,Queen,SE,22,m,JP,Female
892,4,0.43067655807339306,Ozzy Osbourne,SE,22,m,UK,Male
892,5,0.38685280723454163,Marilyn Manson,SE,22,m,US,Male
892,6,0.3562071871080222,Justin Timberlake,SE,22,m,US,Male
892,7,0.3333333333333333,Lana Del Rey,SE,22,m,US,Female
892,8,0.31546487678572877,Lorde,SE,22,m,NZ,Female
892,9,0.3010299956639812,Lorde,SE,22,m,NZ,Female
892,10,0.2890648263178879,Red,SE,22,m,PL,Male
893,1,1.0,Jennifer Paige,UK,20,m,US,Female
893,2,0.6309297535714575,Louis Tomlinson,UK,20,m,UK,Male
893,3,0.5,Ry x,UK,20,m,AU,Male
893,4,0.43067655807339306,Joe Goddard,UK,20,m,UK,Male
893,5,0.38685280723454163,Weyes Blood,UK,20,m,US,Female
893,6,0.3562071871080222,Tove Lo,UK,20,m,SE,Female
893,7,0.3333333333333333,Chelsea Wolfe,UK,20,m,US,Female
893,8,0.31546487678572877,Kygo,UK,20,m,NO,Male
893,9,0.3010299956639812,Ariana Grande,UK,20,m,US,Female
893,10,0.2890648263178879,Ed Sheeran,UK,20,m,UK,Male
894,1,1.0,John Maus,US,23,m,US,Male
894,2,0.6309297535714575,PJ Harvey,US,23,m,UK,Female
894,3,0.5,Arca,US,23,m,VE,Non-binary
894,4,0.43067655807339306,Devendra Banhart,US,23,m,US,Male
894,5,0.38685280723454163,Chelsea Wolfe,US,23,m,US,Female
894,6,0.3562071871080222,Carpenter Brut,US,23,m,FR,Male
894,7,0.3333333333333333,Damien Jurado,US,23,m,US,Male
894,8,0.31546487678572877,Ozzy Osbourne,US,23,m,UK,Male
894,9,0.3010299956639812,Justin Timberlake,US,23,m,US,Male
894,10,0.2890648263178879,PJ Harvey,US,23,m,UK,Female
895,1,1.0,Grimes,PL,21,f,CA,Female
895,2,0.6309297535714575,John Maus,PL,21,f,US,Male
895,3,0.5,Kurt Vile,PL,21,f,US,Male
895,4,0.43067655807339306,Grimes,PL,21,f,CA,Female
895,5,0.38685280723454163,IAMX,PL,21,f,DE,Male
895,6,0.3562071871080222,Queen,PL,21,f,JP,Female
895,7,0.3333333333333333,Niall Horan,PL,21,f,IE,Male
895,8,0.31546487678572877,Frank Ocean,PL,21,f,US,Male
895,9,0.3010299956639812,Weyes Blood,PL,21,f,US,Female
895,10,0.2890648263178879,Kelly Clarkson,PL,21,f,US,Female
896,1,1.0,Joe Goddard,BG,14,m,UK,Male
896,2,0.6309297535714575,Weyes Blood,BG,14,m,US,Female
896,3,0.5,Katy Perry,BG,14,m,US,Female
896,4,0.43067655807339306,Elliott Smith,BG,14,m,US,Male
896,5,0.38685280723454163,Queen,BG,14,m,JP,Female
896,6,0.3562071871080222,Louis Tomlinson,BG,14,m,UK,Male
896,7,0.3333333333333333,Jennifer Paige,BG,14,m,US,Female
896,8,0.31546487678572877,Toro y Moi,BG,14,m,US,Male
896,9,0.3010299956639812,Chelsea Wolfe,BG,14,m,US,Female
896,10,0.2890648263178879,Twin Shadow,BG,14,m,US,Male
897,1,1.0,Lisa Miskovsky,US,19,m,SE,Female
897,2,0.6309297535714575,Kelly Clarkson,US,19,m,US,Female
897,3,0.5,Britney Spears,US,19,m,US,Female
897,4,0.43067655807339306,Fergie,US,19,m,UK,Male
897,5,0.38685280723454163,Louis Tomlinson,US,19,m,UK,Male
897,6,0.3562071871080222,Queen,US,19,m,JP,Female
897,7,0.3333333333333333,Frank Ocean,US,19,m,US,Male
897,8,0.31546487678572877,Princess Nokia,US,19,m,US,Non-binary
897,9,0.3010299956639812,Jess Glynne,US,19,m,UK,Female
897,10,0.2890648263178879,Madonna,US,19,m,US,Female
899,1,1.0,Wax Tailor,AR,19,m,FR,Male
899,2,0.6309297535714575,Lily Allen,AR,19,m,UK,Female
899,3,0.5,Tycho,AR,19,m,US,Male
899,4,0.43067655807339306,DJ Shadow,AR,19,m,US,Male
899,5,0.38685280723454163,Aldous Harding,AR,19,m,NZ,Female
899,6,0.3562071871080222,Kanye West,AR,19,m,US,Male
899,7,0.3333333333333333,Lisa Miskovsky,AR,19,m,SE,Female
899,8,0.31546487678572877,Thom Yorke,AR,19,m,UK,Male
899,9,0.3010299956639812,Louis Tomlinson,AR,19,m,UK,Male
899,10,0.2890648263178879,Madonna,AR,19,m,US,Female
900,1,1.0,Grouper,BR,18,f,US,Female
900,2,0.6309297535714575,M. Ward,BR,18,f,US,Male
900,3,0.5,Sharon Van Etten,BR,18,f,US,Female
900,4,0.43067655807339306,Arca,BR,18,f,VE,Non-binary
900,5,0.38685280723454163,James Blake,BR,18,f,UK,Male
900,6,0.3562071871080222,Bill Callahan,BR,18,f,US,Male
900,7,0.3333333333333333,Noisestorm,BR,18,f,IE,Male
900,8,0.31546487678572877,Lorde,BR,18,f,NZ,Female
900,9,0.3010299956639812,Panda Bear,BR,18,f,US,Male
900,10,0.2890648263178879,Rihanna,BR,18,f,UK,Female
901,1,1.0,Sia,MX,24,f,AU,Female
901,2,0.6309297535714575,Kanye West,MX,24,f,US,Male
901,3,0.5,Katy Perry,MX,24,f,US,Female
901,4,0.43067655807339306,Lily Allen,MX,24,f,UK,Female
901,5,0.38685280723454163,YOB,MX,24,f,UK,Male
901,6,0.3562071871080222,Louis Tomlinson,MX,24,f,UK,Male
901,7,0.3333333333333333,Avril Lavigne,MX,24,f,CA,Female
901,8,0.31546487678572877,Dimension,MX,24,f,ES,Male
901,9,0.3010299956639812,Toro y Moi,MX,24,f,US,Male
901,10,0.2890648263178879,Moby,MX,24,f,US,Male
902,1,1.0,Kurt Vile,BR,15,m,US,Male
902,2,0.6309297535714575,Ed Sheeran,BR,15,m,UK,Male
902,3,0.5,Ed Sheeran,BR,15,m,UK,Male
902,4,0.43067655807339306,Grimes,BR,15,m,CA,Female
902,5,0.38685280723454163,Weyes Blood,BR,15,m,US,Female
902,6,0.3562071871080222,Avril Lavigne,BR,15,m,CA,Female
902,7,0.3333333333333333,Christina Aguilera,BR,15,m,US,Female
902,8,0.31546487678572877,Britney Spears,BR,15,m,US,Female
902,9,0.3010299956639812,Frank Ocean,BR,15,m,US,Male
902,10,0.2890648263178879,Charles Bolt,BR,15,m,US,Male
903,1,1.0,Kanye West,RU,21,m,US,Male
903,2,0.6309297535714575,Lisa Miskovsky,RU,21,m,SE,Female
903,3,0.5,Katy Perry,RU,21,m,US,Female
903,4,0.43067655807339306,Avril Lavigne,RU,21,m,CA,Female
903,5,0.38685280723454163,Grimes,RU,21,m,CA,Female
903,6,0.3562071871080222,Lily Allen,RU,21,m,UK,Female
903,7,0.3333333333333333,Jennifer Paige,RU,21,m,US,Female
903,8,0.31546487678572877,Frank Ocean,RU,21,m,US,Male
903,9,0.3010299956639812,Tove Lo,RU,21,m,SE,Female
903,10,0.2890648263178879,John Maus,RU,21,m,US,Male
904,1,1.0,Grimes,BR,18,m,CA,Female
904,2,0.6309297535714575,John Maus,BR,18,m,US,Male
904,3,0.5,Madonna,BR,18,m,US,Female
904,4,0.43067655807339306,Dennis Lloyd,BR,18,m,IL,Male
904,5,0.38685280723454163,Ed Sheeran,BR,18,m,UK,Male
904,6,0.3562071871080222,Apparat,BR,18,m,DE,Male
904,7,0.3333333333333333,Ed Sheeran,BR,18,m,UK,Male
904,8,0.31546487678572877,Grimes,BR,18,m,CA,Female
904,9,0.3010299956639812,Kurt Vile,BR,18,m,US,Male
904,10,0.2890648263178879,Niall Horan,BR,18,m,IE,Male
905,1,1.0,Avril Lavigne,NL,22,f,CA,Female
905,2,0.6309297535714575,Katy Perry,NL,22,f,US,Female
905,3,0.5,Weyes Blood,NL,22,f,US,Female
905,4,0.43067655807339306,Joe Goddard,NL,22,f,UK,Male
905,5,0.38685280723454163,Charles Bolt,NL,22,f,US,Male
905,6,0.3562071871080222,Elliott Smith,NL,22,f,US,Male
905,7,0.3333333333333333,Chelsea Wolfe,NL,22,f,US,Female
905,8,0.31546487678572877,Jennifer Paige,NL,22,f,US,Female
905,9,0.3010299956639812,Ed Sheeran,NL,22,f,UK,Male
905,10,0.2890648263178879,Toro y Moi,NL,22,f,US,Male
906,1,1.0,Grimes,BR,18,m,CA,Female
906,2,0.6309297535714575,Frank Ocean,BR,18,m,US,Male
906,3,0.5,Queen,BR,18,m,JP,Female
906,4,0.43067655807339306,John Maus,BR,18,m,US,Male
906,5,0.38685280723454163,Louis Tomlinson,BR,18,m,UK,Male
906,6,0.3562071871080222,Jennifer Paige,BR,18,m,US,Female
906,7,0.3333333333333333,Weyes Blood,BR,18,m,US,Female
906,8,0.31546487678572877,Tove Lo,BR,18,m,SE,Female
906,9,0.3010299956639812,Joe Goddard,BR,18,m,UK,Male
906,10,0.2890648263178879,Elliott Smith,BR,18,m,US,Male
907,1,1.0,Ariana Grande,BY,30,m,US,Female
907,2,0.6309297535714575,Frank Ocean,BY,30,m,US,Male
907,3,0.5,Kanye West,BY,30,m,US,Male
907,4,0.43067655807339306,DJ Shadow,BY,30,m,US,Male
907,5,0.38685280723454163,Dennis Lloyd,BY,30,m,IL,Male
907,6,0.3562071871080222,Aldous Harding,BY,30,m,NZ,Female
907,7,0.3333333333333333,Thom Yorke,BY,30,m,UK,Male
907,8,0.31546487678572877,Grimes,BY,30,m,CA,Female
907,9,0.3010299956639812,Tom Odell,BY,30,m,UK,Male
907,10,0.2890648263178879,Bruno Mars,BY,30,m,US,Male
908,1,1.0,Grimes,PY,42,m,CA,Female
908,2,0.6309297535714575,Weyes Blood,PY,42,m,US,Female
908,3,0.5,Queen,PY,42,m,JP,Female
908,4,0.43067655807339306,Ed Sheeran,PY,42,m,UK,Male
908,5,0.38685280723454163,Ed Sheeran,PY,42,m,UK,Male
908,6,0.3562071871080222,Frank Ocean,PY,42,m,US,Male
908,7,0.3333333333333333,Charles Bolt,PY,42,m,US,Male
908,8,0.31546487678572877,John Maus,PY,42,m,US,Male
908,9,0.3010299956639812,IAMX,PY,42,m,DE,Male
908,10,0.2890648263178879,Dennis Lloyd,PY,42,m,IL,Male
909,1,1.0,Grimes,BE,55,m,CA,Female
909,2,0.6309297535714575,Apparat,BE,55,m,DE,Male
909,3,0.5,Kanye West,BE,55,m,US,Male
909,4,0.43067655807339306,John Maus,BE,55,m,US,Male
909,5,0.38685280723454163,Tove Lo,BE,55,m,SE,Female
909,6,0.3562071871080222,Kurt Vile,BE,55,m,US,Male
909,7,0.3333333333333333,Ed Sheeran,BE,55,m,UK,Male
909,8,0.31546487678572877,Queen,BE,55,m,JP,Female
909,9,0.3010299956639812,Grimes,BE,55,m,CA,Female
909,10,0.2890648263178879,AFI,BE,55,m,US,Female
910,1,1.0,Grimes,RU,22,m,CA,Female
910,2,0.6309297535714575,Queen,RU,22,m,JP,Female
910,3,0.5,Frank Ocean,RU,22,m,US,Male
910,4,0.43067655807339306,Ed Sheeran,RU,22,m,UK,Male
910,5,0.38685280723454163,Ed Sheeran,RU,22,m,UK,Male
910,6,0.3562071871080222,John Maus,RU,22,m,US,Male
910,7,0.3333333333333333,Dimension,RU,22,m,ES,Male
910,8,0.31546487678572877,Dennis Lloyd,RU,22,m,IL,Male
910,9,0.3010299956639812,Joe Goddard,RU,22,m,UK,Male
910,10,0.2890648263178879,Weyes Blood,RU,22,m,US,Female
911,1,1.0,Elliott Smith,BR,21,m,US,Male
911,2,0.6309297535714575,Jennifer Paige,BR,21,m,US,Female
911,3,0.5,Louis Tomlinson,BR,21,m,UK,Male
911,4,0.43067655807339306,Ariana Grande,BR,21,m,US,Female
911,5,0.38685280723454163,Earl Sweatshirt,BR,21,m,US,Male
911,6,0.3562071871080222,Toro y Moi,BR,21,m,US,Male
911,7,0.3333333333333333,Tove Lo,BR,21,m,SE,Female
911,8,0.31546487678572877,Queen,BR,21,m,JP,Female
911,9,0.3010299956639812,Twin Shadow,BR,21,m,US,Male
911,10,0.2890648263178879,Ed Sheeran,BR,21,m,UK,Male
912,1,1.0,John Maus,US,19,f,US,Male
912,2,0.6309297535714575,Apparat,US,19,f,DE,Male
912,3,0.5,Kanye West,US,19,f,US,Male
912,4,0.43067655807339306,Kurt Vile,US,19,f,US,Male
912,5,0.38685280723454163,Avril Lavigne,US,19,f,CA,Female
912,6,0.3562071871080222,Katy Perry,US,19,f,US,Female
912,7,0.3333333333333333,Lily Allen,US,19,f,UK,Female
912,8,0.31546487678572877,Grimes,US,19,f,CA,Female
912,9,0.3010299956639812,Weyes Blood,US,19,f,US,Female
912,10,0.2890648263178879,Louis Tomlinson,US,19,f,UK,Male
913,1,1.0,Curumin,BR,32,m,BR,Male
913,2,0.6309297535714575,Luke Bryan,BR,32,m,US,Male
913,3,0.5,Tal Wilkenfeld,BR,32,m,AU,Female
913,4,0.43067655807339306,Norah Jones,BR,32,m,US,Female
913,5,0.38685280723454163,Thomas Rhett,BR,32,m,US,Male
913,6,0.3562071871080222,Fafá de Belém,BR,32,m,BR,Female
913,7,0.3333333333333333,Thomas Rhett,BR,32,m,US,Male
913,8,0.31546487678572877,Erykah Badu,BR,32,m,US,Female
913,9,0.3010299956639812,Sam Hunt,BR,32,m,NZ,Male
913,10,0.2890648263178879,Baden Powell,BR,32,m,BR,Male
914,1,1.0,Grimes,UK,20,m,CA,Female
914,2,0.6309297535714575,Frank Ocean,UK,20,m,US,Male
914,3,0.5,John Maus,UK,20,m,US,Male
914,4,0.43067655807339306,Joe Goddard,UK,20,m,UK,Male
914,5,0.38685280723454163,Chelsea Wolfe,UK,20,m,US,Female
914,6,0.3562071871080222,Ariana Grande,UK,20,m,US,Female
914,7,0.3333333333333333,Tove Lo,UK,20,m,SE,Female
914,8,0.31546487678572877,Queen,UK,20,m,JP,Female
914,9,0.3010299956639812,Ry x,UK,20,m,AU,Male
914,10,0.2890648263178879,Ed Sheeran,UK,20,m,UK,Male
915,1,1.0,Lorde,FI,25,m,NZ,Female
915,2,0.6309297535714575,Frank Ocean,FI,25,m,US,Male
915,3,0.5,Ariana Grande,FI,25,m,US,Female
915,4,0.43067655807339306,Sia,FI,25,m,AU,Female
915,5,0.38685280723454163,Ariana Grande,FI,25,m,US,Female
915,6,0.3562071871080222,Moby,FI,25,m,US,Male
915,7,0.3333333333333333,Justin Timberlake,FI,25,m,US,Male
915,8,0.31546487678572877,Toro y Moi,FI,25,m,US,Male
915,9,0.3010299956639812,Ariana Grande,FI,25,m,US,Female
915,10,0.2890648263178879,Kanye West,FI,25,m,US,Male
916,1,1.0,Ed Sheeran,FI,20,f,UK,Male
916,2,0.6309297535714575,Tove Lo,FI,20,f,SE,Female
916,3,0.5,Queen,FI,20,f,JP,Female
916,4,0.43067655807339306,Ed Sheeran,FI,20,f,UK,Male
916,5,0.38685280723454163,Ariana Grande,FI,20,f,US,Female
916,6,0.3562071871080222,Chelsea Wolfe,FI,20,f,US,Female
916,7,0.3333333333333333,Frank Ocean,FI,20,f,US,Male
916,8,0.31546487678572877,Charles Bolt,FI,20,f,US,Male
916,9,0.3010299956639812,John Maus,FI,20,f,US,Male
916,10,0.2890648263178879,Jess Glynne,FI,20,f,UK,Female
917,1,1.0,Grimes,RU,22,m,CA,Female
917,2,0.6309297535714575,Weyes Blood,RU,22,m,US,Female
917,3,0.5,John Maus,RU,22,m,US,Male
917,4,0.43067655807339306,Frank Ocean,RU,22,m,US,Male
917,5,0.38685280723454163,Charles Bolt,RU,22,m,US,Male
917,6,0.3562071871080222,Ry x,RU,22,m,AU,Male
917,7,0.3333333333333333,Kygo,RU,22,m,NO,Male
917,8,0.31546487678572877,Ariana Grande,RU,22,m,US,Female
917,9,0.3010299956639812,Neil Diamond,RU,22,m,US,Male
917,10,0.2890648263178879,Dennis Lloyd,RU,22,m,IL,Male
918,1,1.0,Jennifer Paige,BR,20,m,US,Female
918,2,0.6309297535714575,Louis Tomlinson,BR,20,m,UK,Male
918,3,0.5,Frank Ocean,BR,20,m,US,Male
918,4,0.43067655807339306,Tove Lo,BR,20,m,SE,Female
918,5,0.38685280723454163,Chelsea Wolfe,BR,20,m,US,Female
918,6,0.3562071871080222,Queen,BR,20,m,JP,Female
918,7,0.3333333333333333,Ariana Grande,BR,20,m,US,Female
918,8,0.31546487678572877,Kygo,BR,20,m,NO,Male
918,9,0.3010299956639812,Ed Sheeran,BR,20,m,UK,Male
918,10,0.2890648263178879,Ed Sheeran,BR,20,m,UK,Male
919,1,1.0,Kanye West,UZ,23,m,US,Male
919,2,0.6309297535714575,Lisa Miskovsky,UZ,23,m,SE,Female
919,3,0.5,Avril Lavigne,UZ,23,m,CA,Female
919,4,0.43067655807339306,Katy Perry,UZ,23,m,US,Female
919,5,0.38685280723454163,Lily Allen,UZ,23,m,UK,Female
919,6,0.3562071871080222,John Maus,UZ,23,m,US,Male
919,7,0.3333333333333333,Louis Tomlinson,UZ,23,m,UK,Male
919,8,0.31546487678572877,Jennifer Paige,UZ,23,m,US,Female
919,9,0.3010299956639812,Weyes Blood,UZ,23,m,US,Female
919,10,0.2890648263178879,Joe Goddard,UZ,23,m,UK,Male
920,1,1.0,John Maus,EE,19,m,US,Male
920,2,0.6309297535714575,Kurt Vile,EE,19,m,US,Male
920,3,0.5,Grimes,EE,19,m,CA,Female
920,4,0.43067655807339306,Weyes Blood,EE,19,m,US,Female
920,5,0.38685280723454163,Lily Allen,EE,19,m,UK,Female
920,6,0.3562071871080222,Avril Lavigne,EE,19,m,CA,Female
920,7,0.3333333333333333,Katy Perry,EE,19,m,US,Female
920,8,0.31546487678572877,Frank Ocean,EE,19,m,US,Male
920,9,0.3010299956639812,John Maus,EE,19,m,US,Male
920,10,0.2890648263178879,Louis Tomlinson,EE,19,m,UK,Male
921,1,1.0,Jennifer Paige,RU,19,m,US,Female
921,2,0.6309297535714575,Louis Tomlinson,RU,19,m,UK,Male
921,3,0.5,Weyes Blood,RU,19,m,US,Female
921,4,0.43067655807339306,Joe Goddard,RU,19,m,UK,Male
921,5,0.38685280723454163,Ry x,RU,19,m,AU,Male
921,6,0.3562071871080222,Tove Lo,RU,19,m,SE,Female
921,7,0.3333333333333333,Queen,RU,19,m,JP,Female
921,8,0.31546487678572877,Elliott Smith,RU,19,m,US,Male
921,9,0.3010299956639812,Chelsea Wolfe,RU,19,m,US,Female
921,10,0.2890648263178879,Ed Sheeran,RU,19,m,UK,Male
922,1,1.0,Avril Lavigne,BG,22,m,CA,Female
922,2,0.6309297535714575,Katy Perry,BG,22,m,US,Female
922,3,0.5,Queen,BG,22,m,JP,Female
922,4,0.43067655807339306,Louis Tomlinson,BG,22,m,UK,Male
922,5,0.38685280723454163,Jennifer Paige,BG,22,m,US,Female
922,6,0.3562071871080222,Chelsea Wolfe,BG,22,m,US,Female
922,7,0.3333333333333333,Twin Shadow,BG,22,m,US,Male
922,8,0.31546487678572877,Earl Sweatshirt,BG,22,m,US,Male
922,9,0.3010299956639812,Tame Impala,BG,22,m,AU,Male
922,10,0.2890648263178879,Sufjan Stevens,BG,22,m,US,Male
923,1,1.0,Bill Callahan,GE,18,f,US,Male
923,2,0.6309297535714575,Elvis Presley,GE,18,f,US,Male
923,3,0.5,Carpenter Brut,GE,18,f,FR,Male
923,4,0.43067655807339306,John Maus,GE,18,f,US,Male
923,5,0.38685280723454163,Bob Marley & The Wailers,GE,18,f,JM,Male
923,6,0.3562071871080222,Billy Joel,GE,18,f,US,Male
923,7,0.3333333333333333,Queen,GE,18,f,JP,Female
923,8,0.31546487678572877,Laura Marling,GE,18,f,UK,Female
923,9,0.3010299956639812,Justin Timberlake,GE,18,f,US,Male
923,10,0.2890648263178879,Ozzy Osbourne,GE,18,f,UK,Male
924,1,1.0,Grimes,PH,19,m,CA,Female
924,2,0.6309297535714575,John Maus,PH,19,m,US,Male
924,3,0.5,Apparat,PH,19,m,DE,Male
924,4,0.43067655807339306,Kanye West,PH,19,m,US,Male
924,5,0.38685280723454163,Kurt Vile,PH,19,m,US,Male
924,6,0.3562071871080222,Katy Perry,PH,19,m,US,Female
924,7,0.3333333333333333,Lily Allen,PH,19,m,UK,Female
924,8,0.31546487678572877,Grimes,PH,19,m,CA,Female
924,9,0.3010299956639812,Louis Tomlinson,PH,19,m,UK,Male
924,10,0.2890648263178879,Weyes Blood,PH,19,m,US,Female
925,1,1.0,Grimes,DE,28,m,CA,Female
925,2,0.6309297535714575,DJ Shadow,DE,28,m,US,Male
925,3,0.5,Lorde,DE,28,m,NZ,Female
925,4,0.43067655807339306,Apparat,DE,28,m,DE,Male
925,5,0.38685280723454163,John Maus,DE,28,m,US,Male
925,6,0.3562071871080222,Rod Stewart,DE,28,m,UK,Male
925,7,0.3333333333333333,Michael Jackson,DE,28,m,US,Male
925,8,0.31546487678572877,Sia,DE,28,m,AU,Female
925,9,0.3010299956639812,Weyes Blood,DE,28,m,US,Female
925,10,0.2890648263178879,Britney Spears,DE,28,m,US,Female
926,1,1.0,Grimes,PL,25,m,CA,Female
926,2,0.6309297535714575,Rod Stewart,PL,25,m,UK,Male
926,3,0.5,Moby,PL,25,m,US,Male
926,4,0.43067655807339306,Apparat,PL,25,m,DE,Male
926,5,0.38685280723454163,John Maus,PL,25,m,US,Male
926,6,0.3562071871080222,Nicki Minaj,PL,25,m,US,Female
926,7,0.3333333333333333,Kurt Vile,PL,25,m,US,Male
926,8,0.31546487678572877,Britney Spears,PL,25,m,US,Female
926,9,0.3010299956639812,Grimes,PL,25,m,CA,Female
926,10,0.2890648263178879,Wax Tailor,PL,25,m,FR,Male
927,1,1.0,Grimes,ID,20,m,CA,Female
927,2,0.6309297535714575,John Maus,ID,20,m,US,Male
927,3,0.5,Kurt Vile,ID,20,m,US,Male
927,4,0.43067655807339306,Grimes,ID,20,m,CA,Female
927,5,0.38685280723454163,Chelsea Wolfe,ID,20,m,US,Female
927,6,0.3562071871080222,Queen,ID,20,m,JP,Female
927,7,0.3333333333333333,Weyes Blood,ID,20,m,US,Female
927,8,0.31546487678572877,Dido,ID,20,m,UK,Female
927,9,0.3010299956639812,Mariah Carey,ID,20,m,US,Female
927,10,0.2890648263178879,Frank Ocean,ID,20,m,US,Male
928,1,1.0,Jennifer Paige,PL,14,m,US,Female
928,2,0.6309297535714575,Joe Goddard,PL,14,m,UK,Male
928,3,0.5,Weyes Blood,PL,14,m,US,Female
928,4,0.43067655807339306,Ry x,PL,14,m,AU,Male
928,5,0.38685280723454163,Ariana Grande,PL,14,m,US,Female
928,6,0.3562071871080222,Queen,PL,14,m,JP,Female
928,7,0.3333333333333333,Tove Lo,PL,14,m,SE,Female
928,8,0.31546487678572877,Elliott Smith,PL,14,m,US,Male
928,9,0.3010299956639812,Kygo,PL,14,m,NO,Male
928,10,0.2890648263178879,Dido,PL,14,m,UK,Female
929,1,1.0,Kanye West,BR,18,f,US,Male
929,2,0.6309297535714575,Sia,BR,18,f,AU,Female
929,3,0.5,Joe Goddard,BR,18,f,UK,Male
929,4,0.43067655807339306,Elliott Smith,BR,18,f,US,Male
929,5,0.38685280723454163,Louis Tomlinson,BR,18,f,UK,Male
929,6,0.3562071871080222,Avril Lavigne,BR,18,f,CA,Female
929,7,0.3333333333333333,Charles Bolt,BR,18,f,US,Male
929,8,0.31546487678572877,Moby,BR,18,f,US,Male
929,9,0.3010299956639812,Tove Lo,BR,18,f,SE,Female
929,10,0.2890648263178879,Toro y Moi,BR,18,f,US,Male
930,1,1.0,Frank Ocean,DE,33,m,US,Male
930,2,0.6309297535714575,Jennifer Paige,DE,33,m,US,Female
930,3,0.5,Joe Goddard,DE,33,m,UK,Male
930,4,0.43067655807339306,Weyes Blood,DE,33,m,US,Female
930,5,0.38685280723454163,Ry x,DE,33,m,AU,Male
930,6,0.3562071871080222,Queen,DE,33,m,JP,Female
930,7,0.3333333333333333,Elliott Smith,DE,33,m,US,Male
930,8,0.31546487678572877,Tove Lo,DE,33,m,SE,Female
930,9,0.3010299956639812,Kygo,DE,33,m,NO,Male
930,10,0.2890648263178879,Ariana Grande,DE,33,m,US,Female
931,1,1.0,Sia,US,37,m,AU,Female
931,2,0.6309297535714575,Grimes,US,37,m,CA,Female
931,3,0.5,Kanye West,US,37,m,US,Male
931,4,0.43067655807339306,Lisa Miskovsky,US,37,m,SE,Female
931,5,0.38685280723454163,Katy Perry,US,37,m,US,Female
931,6,0.3562071871080222,Weyes Blood,US,37,m,US,Female
931,7,0.3333333333333333,Avril Lavigne,US,37,m,CA,Female
931,8,0.31546487678572877,Lily Allen,US,37,m,UK,Female
931,9,0.3010299956639812,Frank Ocean,US,37,m,US,Male
931,10,0.2890648263178879,John Maus,US,37,m,US,Male
932,1,1.0,John Maus,CA,17,m,US,Male
932,2,0.6309297535714575,Laura Marling,CA,17,m,UK,Female
932,3,0.5,Oneohtrix Point Never,CA,17,m,US,Male
932,4,0.43067655807339306,Arca,CA,17,m,VE,Non-binary
932,5,0.38685280723454163,Chelsea Wolfe,CA,17,m,US,Female
932,6,0.3562071871080222,Devendra Banhart,CA,17,m,US,Male
932,7,0.3333333333333333,Damien Jurado,CA,17,m,US,Male
932,8,0.31546487678572877,PJ Harvey,CA,17,m,UK,Female
932,9,0.3010299956639812,Bat for Lashes,CA,17,m,UK,Female
932,10,0.2890648263178879,Mac DeMarco,CA,17,m,CA,Male
933,1,1.0,Katy Perry,RU,15,m,US,Female
933,2,0.6309297535714575,Jennifer Paige,RU,15,m,US,Female
933,3,0.5,John Maus,RU,15,m,US,Male
933,4,0.43067655807339306,Louis Tomlinson,RU,15,m,UK,Male
933,5,0.38685280723454163,Tove Lo,RU,15,m,SE,Female
933,6,0.3562071871080222,Chelsea Wolfe,RU,15,m,US,Female
933,7,0.3333333333333333,Ariana Grande,RU,15,m,US,Female
933,8,0.31546487678572877,Queen,RU,15,m,JP,Female
933,9,0.3010299956639812,Ed Sheeran,RU,15,m,UK,Male
933,10,0.2890648263178879,Ed Sheeran,RU,15,m,UK,Male
934,1,1.0,Mitski,ZA,23,f,US,Female
934,2,0.6309297535714575,John Maus,ZA,23,f,US,Male
934,3,0.5,Grouper,ZA,23,f,US,Female
934,4,0.43067655807339306,Sharon Van Etten,ZA,23,f,US,Female
934,5,0.38685280723454163,M. Ward,ZA,23,f,US,Male
934,6,0.3562071871080222,Arca,ZA,23,f,VE,Non-binary
934,7,0.3333333333333333,James Blake,ZA,23,f,UK,Male
934,8,0.31546487678572877,Bill Callahan,ZA,23,f,US,Male
934,9,0.3010299956639812,Nick Drake,ZA,23,f,UK,Male
934,10,0.2890648263178879,Panda Bear,ZA,23,f,US,Male
935,1,1.0,Sia,MX,21,m,AU,Female
935,2,0.6309297535714575,Lisa Miskovsky,MX,21,m,SE,Female
935,3,0.5,Kanye West,MX,21,m,US,Male
935,4,0.43067655807339306,Ry x,MX,21,m,AU,Male
935,5,0.38685280723454163,Avril Lavigne,MX,21,m,CA,Female
935,6,0.3562071871080222,Elliott Smith,MX,21,m,US,Male
935,7,0.3333333333333333,Lily Allen,MX,21,m,UK,Female
935,8,0.31546487678572877,Katy Perry,MX,21,m,US,Female
935,9,0.3010299956639812,Queen,MX,21,m,JP,Female
935,10,0.2890648263178879,Earl Sweatshirt,MX,21,m,US,Male
936,1,1.0,Joe Goddard,RU,19,f,UK,Male
936,2,0.6309297535714575,Weyes Blood,RU,19,f,US,Female
936,3,0.5,Ry x,RU,19,f,AU,Male
936,4,0.43067655807339306,Jennifer Paige,RU,19,f,US,Female
936,5,0.38685280723454163,Elliott Smith,RU,19,f,US,Male
936,6,0.3562071871080222,Queen,RU,19,f,JP,Female
936,7,0.3333333333333333,Louis Tomlinson,RU,19,f,UK,Male
936,8,0.31546487678572877,Chelsea Wolfe,RU,19,f,US,Female
936,9,0.3010299956639812,Tove Lo,RU,19,f,SE,Female
936,10,0.2890648263178879,Toro y Moi,RU,19,f,US,Male
937,1,1.0,Adele,UA,17,f,UK,Female
937,2,0.6309297535714575,Ed Sheeran,UA,17,f,UK,Male
937,3,0.5,Madonna,UA,17,f,US,Female
937,4,0.43067655807339306,PJ Harvey,UA,17,f,UK,Female
937,5,0.38685280723454163,Elvis Presley,UA,17,f,US,Male
937,6,0.3562071871080222,Devendra Banhart,UA,17,f,US,Male
937,7,0.3333333333333333,Ariana Grande,UA,17,f,US,Female
937,8,0.31546487678572877,Seal,UA,17,f,UK,Male
937,9,0.3010299956639812,Damien Jurado,UA,17,f,US,Male
937,10,0.2890648263178879,Billy Joel,UA,17,f,US,Male
938,1,1.0,Grimes,SE,21,m,CA,Female
938,2,0.6309297535714575,John Maus,SE,21,m,US,Male
938,3,0.5,Kurt Vile,SE,21,m,US,Male
938,4,0.43067655807339306,Apparat,SE,21,m,DE,Male
938,5,0.38685280723454163,Dennis Lloyd,SE,21,m,IL,Male
938,6,0.3562071871080222,Sabrina Carpenter,SE,21,m,US,Female
938,7,0.3333333333333333,Grimes,SE,21,m,CA,Female
938,8,0.31546487678572877,Ellie Goulding,SE,21,m,UK,Female
938,9,0.3010299956639812,Madison Beer,SE,21,m,US,Female
938,10,0.2890648263178879,Kelly Clarkson,SE,21,m,US,Female
939,1,1.0,Nicki Minaj,RU,19,m,US,Female
939,2,0.6309297535714575,Rod Stewart,RU,19,m,UK,Male
939,3,0.5,Apparat,RU,19,m,DE,Male
939,4,0.43067655807339306,Wax Tailor,RU,19,m,FR,Male
939,5,0.38685280723454163,John Maus,RU,19,m,US,Male
939,6,0.3562071871080222,RuPaul,RU,19,m,US,Female
939,7,0.3333333333333333,Britney Spears,RU,19,m,US,Female
939,8,0.31546487678572877,Sia,RU,19,m,AU,Female
939,9,0.3010299956639812,Jennifer Lopez,RU,19,m,US,Female
939,10,0.2890648263178879,Weyes Blood,RU,19,m,US,Female
