user_id	item_id	rank	score
356	182	1	0.12908442
356	573	2	0.11338246
356	593	3	0.113035455
356	344	4	0.11168936
356	237	5	0.108712375
356	269	6	0.10869763
356	616	7	0.10191417
356	401	8	0.10125551
356	866	9	0.09922006
356	908	10	0.09565283
129	888	1	0.12349699
129	216	2	0.12021734
129	657	3	0.1124531
129	63	4	0.10840609
129	258	5	0.10776053
129	628	6	0.10758828
129	719	7	0.106773466
129	101	8	0.09790392
129	919	9	0.09550536
129	134	10	0.09425226
202	360	1	0.28187573
202	598	2	0.19800143
202	475	3	0.18397918
202	113	4	0.17597792
202	46	5	0.17134932
202	97	6	0.16155419
202	319	7	0.14503625
202	106	8	0.14371257
202	261	9	0.1425032
202	359	10	0.13922964
261	521	1	0.1203956
261	957	2	0.11578673
261	65	3	0.09811054
261	334	4	0.09205935
261	125	5	0.08815113
261	429	6	0.087354526
261	868	7	0.087217495
261	8	8	0.08211616
261	314	9	0.08083696
261	613	10	0.08058256
556	643	1	0.14911318
556	462	2	0.12736392
556	10	3	0.1270979
556	119	4	0.120104454
556	314	5	0.119112335
556	753	6	0.11571975
556	401	7	0.10947433
556	679	8	0.101811066
556	761	9	0.09755403
556	229	10	0.09730308
20	55	1	0.18248081
20	401	2	0.1551485
20	143	3	0.14280178
20	629	4	0.13835052
20	57	5	0.12920037
20	942	6	0.124719605
20	944	7	0.122128524
20	707	8	0.11716463
20	857	9	0.113859504
20	678	10	0.11115197
89	618	1	0.18016656
89	106	2	0.15088207
89	918	3	0.15045476
89	94	4	0.14495364
89	941	5	0.14279702
89	504	6	0.14058281
89	957	7	0.13931644
89	619	8	0.12810224
89	455	9	0.12803161
89	184	10	0.12308524
136	897	1	0.23057976
136	473	2	0.1578847
136	237	3	0.15615444
136	753	4	0.14290148
136	383	5	0.12571526
136	394	6	0.1251753
136	858	7	0.11826818
136	888	8	0.11802709
136	184	9	0.11468408
136	639	10	0.1122815
448	643	1	0.16838242
448	986	2	0.14103454
448	923	3	0.14028
448	329	4	0.1333858
448	119	5	0.13268596
448	187	6	0.12815998
448	942	7	0.11362589
448	526	8	0.10632102
448	660	9	0.10611732
448	761	10	0.10330863
587	629	1	0.3304664
587	925	2	0.2508912
587	986	3	0.20458293
587	888	4	0.19794634
587	643	5	0.18529569
587	65	6	0.17028472
587	59	7	0.14904386
587	119	8	0.14646663
587	32	9	0.14613597
587	112	10	0.14294176
576	271	1	0.14806445
576	462	2	0.13501471
576	639	3	0.13363862
576	341	4	0.12000481
576	802	5	0.11511178
576	337	6	0.10963084
576	56	7	0.10638299
576	836	8	0.10422595
576	93	9	0.099335186
576	751	10	0.096161105
582	271	1	0.16343316
582	119	2	0.1563115
582	105	3	0.12711164
582	182	4	0.12232728
582	265	5	0.121859714
582	649	6	0.117603146
582	806	7	0.1175085
582	241	8	0.11148536
582	473	9	0.10904697
582	573	10	0.106169015
601	916	1	0.18282092
601	387	2	0.15769283
601	571	3	0.10948381
601	536	4	0.101951376
601	809	5	0.10024155
601	831	6	0.10020526
601	275	7	0.09882725
601	526	8	0.0933772
601	748	9	0.09315111
601	182	10	0.09230701
38	401	1	0.15500492
38	260	2	0.15208592
38	548	3	0.13800679
38	42	4	0.12890764
38	403	5	0.12851763
38	918	6	0.111222245
38	838	7	0.09895138
38	181	8	0.096675545
38	536	9	0.09655573
38	325	10	0.095543385
117	343	1	0.17158741
117	8	2	0.16610366
117	888	3	0.14542547
117	398	4	0.11959103
117	68	5	0.111945495
117	462	6	0.10940601
117	632	7	0.10232067
117	190	8	0.10099212
117	963	9	0.10019934
117	925	10	0.09634048
632	78	1	0.14239275
632	459	2	0.13539672
632	957	3	0.13109854
632	742	4	0.11551828
632	503	5	0.115230694
632	655	6	0.113395095
632	705	7	0.11324762
632	583	8	0.11011817
632	106	9	0.106534615
632	753	10	0.102895476
419	487	1	0.22020301
419	65	2	0.20340596
419	986	3	0.16836926
419	859	4	0.15307051
419	271	5	0.14129013
419	921	6	0.14049941
419	395	7	0.13525929
419	78	8	0.13273677
419	52	9	0.12912026
419	305	10	0.12902382
198	918	1	0.14467889
198	224	2	0.12678328
198	557	3	0.10780563
198	595	4	0.09983493
198	640	5	0.099180214
198	468	6	0.09834783
198	460	7	0.09312283
198	986	8	0.092808835
198	641	9	0.087792784
198	846	10	0.08660093
589	521	1	0.27721354
589	506	2	0.23238234
589	643	3	0.2249032
589	323	4	0.22037393
589	923	5	0.21072897
589	32	6	0.20944348
589	364	7	0.20177811
589	344	8	0.16164857
589	695	9	0.15706336
589	337	10	0.15020342
528	77	1	0.12604064
528	703	2	0.12238917
528	76	3	0.121299595
528	401	4	0.11616803
528	265	5	0.114531256
528	387	6	0.11314455
528	844	7	0.11073065
528	377	8	0.10897467
528	972	9	0.10492233
528	573	10	0.10228733
101	705	1	0.13185427
101	584	2	0.1233416
101	753	3	0.11690202
101	8	4	0.11501494
101	573	5	0.1098735
101	394	6	0.10707827
101	918	7	0.10367291
101	866	8	0.10000646
101	825	9	0.09942521
101	85	10	0.099179655
94	175	1	0.2225371
94	908	2	0.17139484
94	564	3	0.16524743
94	288	4	0.15265663
94	846	5	0.15081176
94	455	6	0.14119424
94	280	7	0.13948001
94	8	8	0.13276921
94	942	9	0.12835301
94	985	10	0.12558183
493	819	1	0.13872954
493	51	2	0.121500924
493	246	3	0.12058943
493	897	4	0.12026675
493	987	5	0.107218996
493	893	6	0.106661655
493	935	7	0.105430596
493	632	8	0.10445532
493	354	9	0.10287227
493	748	10	0.09578567
352	918	1	0.15607709
352	17	2	0.13787252
352	590	3	0.13075806
352	268	4	0.13035801
352	514	5	0.12288074
352	971	6	0.11433801
352	584	7	0.11370726
352	570	8	0.10986454
352	516	9	0.10882666
352	564	10	0.10762201
56	632	1	0.1808457
56	446	2	0.1655007
56	702	3	0.16175377
56	384	4	0.15174706
56	573	5	0.14729849
56	95	6	0.13731107
56	834	7	0.13498972
56	756	8	0.13456178
56	790	9	0.1331096
56	159	10	0.12981376
258	233	1	0.15518735
258	748	2	0.1398274
258	553	3	0.12535119
258	264	4	0.12511843
258	169	5	0.12296672
258	842	6	0.12205173
258	240	7	0.121091545
258	265	8	0.11780303
258	475	9	0.11723453
258	42	10	0.11703282
579	263	1	0.15303397
579	819	2	0.15236333
579	633	3	0.1496478
579	59	4	0.14473644
579	116	5	0.14013833
579	941	6	0.13364945
579	720	7	0.11327554
579	611	8	0.105315655
579	578	9	0.10504265
579	244	10	0.10483895
609	55	1	0.25556636
609	976	2	0.21586147
609	417	3	0.1836362
609	470	4	0.17109975
609	48	5	0.15960334
609	237	6	0.15632743
609	858	7	0.15541466
609	520	8	0.15520695
609	639	9	0.15441966
609	844	10	0.14377064
429	695	1	0.18680945
429	274	2	0.18206114
429	182	3	0.16732016
429	633	4	0.14012495
429	862	5	0.13951609
429	268	6	0.13482156
429	705	7	0.120552644
429	893	8	0.11895827
429	422	9	0.11707777
429	485	10	0.11311834
366	341	1	0.1369463
366	971	2	0.13327335
366	233	3	0.13186963
366	584	4	0.12655158
366	238	5	0.12367709
366	17	6	0.12347859
366	8	7	0.12294982
366	916	8	0.11496267
366	401	9	0.11258494
366	539	10	0.11086022
239	705	1	0.1799515
239	383	2	0.1720359
239	748	3	0.16835529
239	401	4	0.16593662
239	314	5	0.16553026
239	344	6	0.16295177
239	364	7	0.15981433
239	274	8	0.14538151
239	206	9	0.14026052
239	185	10	0.11893416
634	957	1	0.21005511
634	233	2	0.16545694
634	288	3	0.16282904
634	94	4	0.15669212
634	55	5	0.1506469
634	571	6	0.15043965
634	237	7	0.14790466
634	526	8	0.14408113
634	343	9	0.139064
634	320	10	0.13092478
297	184	1	0.11756839
297	708	2	0.11383499
297	861	3	0.1050238
297	908	4	0.10455525
297	78	5	0.100489035
297	473	6	0.099718794
297	320	7	0.097072825
297	607	8	0.09679314
297	545	9	0.09284976
297	630	10	0.09179577
521	175	1	0.15894958
521	893	2	0.14909182
521	618	3	0.1410654
521	10	4	0.1343147
521	17	5	0.1150299
521	65	6	0.1129514
521	742	7	0.10527083
521	383	8	0.102882095
521	291	9	0.101931155
521	747	10	0.101145856
345	540	1	0.1498221
345	387	2	0.1449855
345	343	3	0.13319144
345	154	4	0.12814242
345	329	5	0.12232975
345	748	6	0.120378345
345	809	7	0.10673084
345	342	8	0.10506864
345	582	9	0.103772745
345	456	10	0.101942815
340	94	1	0.1686275
340	801	2	0.13588776
340	585	3	0.12756631
340	611	4	0.12625845
340	987	5	0.1243482
340	383	6	0.1214928
340	185	7	0.12026952
340	33	8	0.120004
340	329	9	0.11446218
340	266	10	0.11176579
491	57	1	0.18581301
491	923	2	0.18271819
491	506	3	0.17453587
491	65	4	0.17273824
491	753	5	0.16851348
491	154	6	0.15368481
491	323	7	0.15105292
491	398	8	0.15018576
491	31	9	0.15009388
491	344	10	0.1313596
432	136	1	0.20641626
432	99	2	0.15946421
432	387	3	0.14046372
432	753	4	0.13832694
432	695	5	0.13392912
432	271	6	0.13338722
432	238	7	0.1315719
432	274	8	0.12632269
432	848	9	0.12436082
432	240	10	0.1222184
395	159	1	0.18308155
395	705	2	0.1402772
395	918	3	0.14002192
395	394	4	0.12870947
395	384	5	0.121387415
395	136	6	0.11805897
395	986	7	0.11239843
395	65	8	0.11238557
395	629	9	0.10997546
395	259	10	0.09991822
2	590	1	0.15511596
2	857	2	0.1273876
2	325	3	0.12520161
2	748	4	0.12487872
2	480	5	0.11263385
2	655	6	0.11141026
2	65	7	0.1104655
2	807	8	0.10902036
2	321	9	0.107349664
2	949	10	0.10514353
30	401	1	0.18111065
30	65	2	0.15039904
30	364	3	0.1184303
30	459	4	0.11622454
30	260	5	0.115261376
30	918	6	0.11194067
30	59	7	0.11030981
30	819	8	0.1058323
30	570	9	0.10331984
30	36	10	0.10286343
494	48	1	0.18335071
494	56	2	0.14444351
494	764	3	0.13117999
494	688	4	0.12972571
494	639	5	0.12852286
494	473	6	0.122673474
494	394	7	0.11930054
494	604	8	0.118199766
494	171	9	0.11340714
494	666	10	0.1133121
372	275	1	0.14388394
372	929	2	0.13253586
372	224	3	0.12351875
372	622	4	0.120568424
372	356	5	0.115720145
372	151	6	0.10993749
372	337	7	0.10381286
372	961	8	0.10258162
372	555	9	0.09952084
372	797	10	0.09504948
22	727	1	0.13130689
22	171	2	0.11971271
22	141	3	0.106417395
22	196	4	0.103902556
22	48	5	0.102663174
22	475	6	0.10210609
22	268	7	0.1015744
22	321	8	0.09785277
22	383	9	0.092225246
22	724	10	0.09176906
459	876	1	0.21705562
459	829	2	0.20318067
459	579	3	0.16402614
459	178	4	0.14598307
459	36	5	0.136026
459	110	6	0.13389498
459	420	7	0.13012454
459	699	8	0.12964328
459	632	9	0.12800911
459	330	10	0.12755813
61	918	1	0.14133462
61	113	2	0.121227235
61	175	3	0.11339441
61	48	4	0.109631464
61	868	5	0.10650087
61	260	6	0.10641965
61	720	7	0.105622396
61	590	8	0.10524854
61	451	9	0.104201496
61	678	10	0.10215682
156	584	1	0.16253573
156	838	2	0.13695529
156	697	3	0.13133663
156	383	4	0.12810017
156	957	5	0.11248429
156	418	6	0.11225929
156	844	7	0.10636242
156	320	8	0.10590023
156	401	9	0.10465133
156	239	10	0.10378367
650	592	1	0.111615546
650	878	2	0.105911955
650	225	3	0.10516609
650	182	4	0.1024344
650	851	5	0.100731075
650	618	6	0.09840103
650	253	7	0.09601058
650	825	8	0.09472912
650	481	9	0.09397968
650	104	10	0.09281218
124	797	1	0.0999082
124	375	2	0.09870088
124	8	3	0.09644015
124	841	4	0.09535991
124	509	5	0.0878602
124	695	6	0.08737923
124	292	7	0.08533125
124	668	8	0.082886316
124	794	9	0.082541555
124	398	10	0.08198934
40	387	1	0.110069156
40	618	2	0.10067378
40	525	3	0.09997596
40	184	4	0.09855258
40	766	5	0.09477907
40	918	6	0.09377977
40	438	7	0.093343556
40	692	8	0.090628035
40	240	9	0.085711144
40	226	10	0.08517931
114	908	1	0.15499502
114	343	2	0.14471452
114	549	3	0.13206914
114	9	4	0.12859839
114	205	5	0.1271274
114	106	6	0.12172364
114	897	7	0.11967899
114	541	8	0.11959942
114	266	9	0.118512556
114	676	10	0.11070087
263	48	1	0.13876143
263	561	2	0.13667002
263	177	3	0.13310294
263	808	4	0.13077086
263	936	5	0.12559079
263	695	6	0.12498765
263	153	7	0.124076895
263	159	8	0.11806077
263	633	9	0.10952868
263	315	10	0.101651505
538	661	1	0.15935077
538	976	2	0.1431549
538	777	3	0.13837261
538	622	4	0.13475397
538	775	5	0.1347362
538	900	6	0.13186134
538	573	7	0.12513888
538	427	8	0.124007925
538	834	9	0.117869504
538	16	10	0.11774061
39	94	1	0.24428833
39	57	2	0.1889855
39	315	3	0.18826753
39	401	4	0.18771815
39	918	5	0.18017793
39	511	6	0.17680955
39	85	7	0.1679737
39	380	8	0.16704804
39	272	9	0.16021481
39	290	10	0.12955339
211	112	1	0.12570482
211	754	2	0.11429995
211	622	3	0.10648072
211	490	4	0.10583721
211	705	5	0.10500194
211	383	6	0.10132818
211	0	7	0.09141162
211	85	8	0.085327975
211	526	9	0.085268
211	875	10	0.07911976
207	215	1	0.21293467
207	283	2	0.18200216
207	526	3	0.164187
207	266	4	0.16346885
207	857	5	0.15519413
207	394	6	0.14584026
207	396	7	0.14329836
207	545	8	0.13642742
207	211	9	0.13402118
207	259	10	0.12647069
336	439	1	0.12998456
336	343	2	0.12971541
336	387	3	0.120953724
336	266	4	0.11735733
336	455	5	0.11509872
336	313	6	0.11416806
336	383	7	0.1120981
336	303	8	0.109532155
336	524	9	0.10927308
336	957	10	0.105900034
232	448	1	0.16373892
232	886	2	0.13090457
232	561	3	0.123562515
232	36	4	0.12243934
232	579	5	0.11316675
232	674	6	0.107277974
232	548	7	0.100916915
232	114	8	0.09821296
232	371	9	0.09591141
232	598	10	0.09558277
3	265	1	0.1368045
3	387	2	0.12234593
3	611	3	0.11888957
3	766	4	0.1045018
3	525	5	0.10061878
3	903	6	0.10036119
3	260	7	0.09408228
3	217	8	0.09389563
3	559	9	0.09292908
3	590	10	0.09192079
142	410	1	0.1575273
142	384	2	0.14608642
142	113	3	0.1384884
142	585	4	0.13844687
142	102	5	0.12737817
142	705	6	0.12505975
142	360	7	0.1238078
142	238	8	0.12305124
142	112	9	0.12169753
142	275	10	0.113846056
517	898	1	0.15788233
517	64	2	0.14023685
517	238	3	0.14019853
517	31	4	0.13854739
517	57	5	0.1382382
517	666	6	0.1327419
517	229	7	0.13127145
517	159	8	0.13034864
517	703	9	0.12921867
517	573	10	0.12747763
100	65	1	0.17355019
100	521	2	0.16776907
100	918	3	0.1493631
100	632	4	0.14631742
100	314	5	0.13638668
100	629	6	0.13367186
100	942	7	0.12685074
100	229	8	0.12491025
100	271	9	0.123820275
100	379	10	0.12222488
133	156	1	0.11577819
133	143	2	0.11006783
133	848	3	0.105027884
133	971	4	0.10079974
133	873	5	0.09792608
133	622	6	0.09687043
133	182	7	0.09555639
133	758	8	0.09441047
133	718	9	0.09305464
133	677	10	0.09125967
373	57	1	0.20216493
373	288	2	0.1527392
373	226	3	0.11978696
373	360	4	0.11755884
373	748	5	0.10468813
373	888	6	0.10409121
373	32	7	0.10294051
373	890	8	0.10216253
373	503	9	0.09729571
373	627	10	0.093982376
346	288	1	0.15002418
346	971	2	0.147145
346	549	3	0.12498006
346	144	4	0.12426497
346	850	5	0.11827982
346	72	6	0.11188333
346	410	7	0.11000616
346	409	8	0.10765128
346	260	9	0.106044635
346	151	10	0.100115776
112	809	1	0.1526815
112	908	2	0.14859417
112	42	3	0.13354528
112	360	4	0.11039059
112	383	5	0.108673766
112	343	6	0.10356209
112	605	7	0.098657474
112	374	8	0.0983292
112	570	9	0.09468685
112	491	10	0.094243
566	629	1	0.3526541
566	925	2	0.20521837
566	119	3	0.19880667
566	643	4	0.19037203
566	314	5	0.18914047
566	226	6	0.16325161
566	590	7	0.15971313
566	608	8	0.1512558
566	17	9	0.15046856
566	490	10	0.1491791
368	643	1	0.2506522
368	65	2	0.19645375
368	119	3	0.19201651
368	32	4	0.17290598
368	918	5	0.16582413
368	159	6	0.15210694
368	226	7	0.14698371
368	761	8	0.14648737
368	17	9	0.14468633
368	753	10	0.14444374
414	8	1	0.13286668
414	448	2	0.13172165
414	25	3	0.12633654
414	579	4	0.11370738
414	122	5	0.10714194
414	742	6	0.105694555
414	257	7	0.10053693
414	295	8	0.09862502
414	383	9	0.09634115
414	32	10	0.0950527
525	233	1	0.18287687
525	748	2	0.13930301
525	417	3	0.10604814
525	941	4	0.09920089
525	343	5	0.09768304
525	360	6	0.09138894
525	303	7	0.08916727
525	607	8	0.088872775
525	320	9	0.08860813
525	52	10	0.088108554
105	401	1	0.15817651
105	725	2	0.14984235
105	97	3	0.14370322
105	132	4	0.1270818
105	844	5	0.11928326
105	666	6	0.118431345
105	282	7	0.11637657
105	159	8	0.1151242
105	223	9	0.110189766
105	697	10	0.108414814
562	788	1	0.13855061
562	182	2	0.12275269
562	454	3	0.10303146
562	659	4	0.09878682
562	246	5	0.09722358
562	85	6	0.095137924
562	15	7	0.0951298
562	37	8	0.09106457
562	572	9	0.08877306
562	651	10	0.08703202
482	136	1	0.14364055
482	184	2	0.13548532
482	570	3	0.12567425
482	627	4	0.12369312
482	766	5	0.11775206
482	159	6	0.11628975
482	503	7	0.10941365
482	521	8	0.10860072
482	271	9	0.10471364
482	31	10	0.10244
344	748	1	0.14823632
344	611	2	0.1436497
344	884	3	0.12376349
344	579	4	0.11842564
344	508	5	0.09954861
344	378	6	0.098466076
344	720	7	0.097536966
344	729	8	0.097491875
344	886	9	0.09709037
344	116	10	0.09483576
592	702	1	0.20326799
592	409	2	0.13655023
592	106	3	0.12639076
592	859	4	0.121736035
592	897	5	0.120455705
592	59	6	0.120302975
592	42	7	0.11972845
592	487	8	0.11900036
592	162	9	0.11619727
592	735	10	0.10878043
551	154	1	0.1519134
551	487	2	0.14341599
551	184	3	0.1379387
551	409	4	0.12024751
551	285	5	0.11646507
551	825	6	0.100727014
551	65	7	0.09858523
551	478	8	0.09751279
551	287	9	0.093881354
551	325	10	0.093846686
55	848	1	0.15709896
55	742	2	0.15012549
55	950	3	0.13330758
55	819	4	0.13235216
55	705	5	0.13043761
55	884	6	0.12426988
55	239	7	0.119921006
55	237	8	0.116928026
55	280	9	0.116005525
55	564	10	0.110585414
613	364	1	0.16676232
613	343	2	0.13988842
613	237	3	0.13666803
613	387	4	0.13333225
613	697	5	0.1243705
613	394	6	0.12350436
613	672	7	0.12308748
613	462	8	0.12175338
613	401	9	0.12141295
613	627	10	0.11598482
146	401	1	0.15390314
146	753	2	0.15231153
146	246	3	0.13952777
146	398	4	0.115069
146	383	5	0.11361966
146	908	6	0.10509286
146	736	7	0.10487366
146	113	8	0.09868048
146	51	9	0.09646787
146	797	10	0.09603077
335	56	1	0.12120691
335	265	2	0.10929737
335	651	3	0.106968656
335	383	4	0.10388999
335	561	5	0.10105716
335	778	6	0.099885024
335	268	7	0.092848
335	113	8	0.09090611
335	337	9	0.0892189
335	526	10	0.08705076
343	573	1	0.13763343
343	761	2	0.13439651
343	112	3	0.12035705
343	604	4	0.11621453
343	97	5	0.11551141
343	962	6	0.11363425
343	568	7	0.113465756
343	724	8	0.11129738
343	185	9	0.11119832
343	736	10	0.10450669
515	79	1	0.14064083
515	910	2	0.13978742
515	315	3	0.12302523
515	82	4	0.121945955
515	678	5	0.11626261
515	355	6	0.11589427
515	264	7	0.11426277
515	720	8	0.11360939
515	142	9	0.10613841
515	760	10	0.10528399
111	383	1	0.16875648
111	976	2	0.15107386
111	459	3	0.11254489
111	848	4	0.10769363
111	288	5	0.10475838
111	460	6	0.09220287
111	76	7	0.09189102
111	702	8	0.090151936
111	886	9	0.08961579
111	712	10	0.08605236
98	182	1	0.15619358
98	573	2	0.13727278
98	94	3	0.13470961
98	408	4	0.12585825
98	627	5	0.12258187
98	916	6	0.119833425
98	589	7	0.114623114
98	739	8	0.11150332
98	708	9	0.106444
98	317	10	0.10153209
204	618	1	0.19478808
204	815	2	0.1817177
204	343	3	0.1574408
204	648	4	0.14922686
204	386	5	0.1485511
204	320	6	0.13568799
204	580	7	0.13270816
204	108	8	0.1300973
204	356	9	0.12262139
204	695	10	0.121611945
386	57	1	0.15104842
386	526	2	0.13739975
386	383	3	0.1346944
386	296	4	0.11790489
386	251	5	0.11559948
386	162	6	0.11416548
386	374	7	0.11217739
386	613	8	0.10735391
386	883	9	0.10599804
386	674	10	0.10216343
563	55	1	0.1283527
563	941	2	0.12341306
563	131	3	0.1218772
563	573	4	0.11736247
563	175	5	0.11705245
563	20	6	0.11028061
563	263	7	0.109369084
563	651	8	0.105191395
563	659	9	0.10255629
563	976	10	0.10149309
361	48	1	0.13896638
361	97	2	0.13741282
361	539	3	0.13480133
361	185	4	0.12425134
361	981	5	0.11584401
361	298	6	0.114223674
361	499	7	0.11208773
361	56	8	0.106723815
361	431	9	0.103388414
361	577	10	0.10320266
421	57	1	0.15550672
421	941	2	0.15272845
421	629	3	0.111392826
421	585	4	0.10726182
421	142	5	0.10707127
421	119	6	0.10279977
421	190	7	0.10040759
421	397	8	0.09706774
421	376	9	0.096770555
421	383	10	0.09283823
127	748	1	0.19071722
127	526	2	0.13101695
127	315	3	0.113165334
127	704	4	0.107589275
127	55	5	0.09885857
127	229	6	0.093105
127	705	7	0.09304039
127	394	8	0.088725105
127	910	9	0.08301171
127	6	10	0.08240987
301	320	1	0.118653044
301	526	2	0.102515735
301	575	3	0.095845856
301	97	4	0.09548678
301	620	5	0.0942638
301	272	6	0.09385992
301	898	7	0.08950607
301	435	8	0.08826677
301	148	9	0.08369936
301	560	10	0.082532376
339	94	1	0.14801972
339	852	2	0.14442253
339	356	3	0.12673715
339	185	4	0.122355714
339	209	5	0.116492435
339	571	6	0.11131661
339	184	7	0.10817604
339	182	8	0.10425967
339	8	9	0.10241858
339	573	10	0.10166964
273	643	1	0.23863396
273	888	2	0.20077045
273	629	3	0.17778727
273	585	4	0.16858296
273	314	5	0.16745052
273	42	6	0.15509802
273	925	7	0.15111911
273	570	8	0.14055115
273	32	9	0.13363165
273	815	10	0.12986168
513	119	1	0.17466404
513	121	2	0.13640946
513	364	3	0.1303504
513	504	4	0.1271013
513	445	5	0.1256535
513	857	6	0.122133024
513	362	7	0.1166974
513	478	8	0.111186564
513	489	9	0.11062649
513	916	10	0.11015691
143	265	1	0.13219164
143	695	2	0.12356443
143	751	3	0.122855514
143	658	4	0.11312735
143	268	5	0.11041938
143	582	6	0.10749742
143	553	7	0.1063603
143	561	8	0.1039791
143	167	9	0.09999867
143	219	10	0.09156729
19	343	1	0.22354823
19	598	2	0.1348959
19	325	3	0.12884492
19	859	4	0.12155562
19	470	5	0.1189439
19	838	6	0.115951285
19	857	7	0.11551561
19	36	8	0.1134509
19	584	9	0.109676935
19	517	10	0.109606236
295	549	1	0.12068999
295	314	2	0.118935086
295	632	3	0.11256663
295	266	4	0.10821697
295	963	5	0.099283166
295	894	6	0.095981784
295	748	7	0.09109669
295	987	8	0.0909232
295	499	9	0.089920714
295	618	10	0.0892351
545	260	1	0.12770495
545	521	2	0.122303985
545	382	3	0.12211053
545	697	4	0.116671756
545	324	5	0.11597641
545	639	6	0.11440769
545	897	7	0.10981738
545	209	8	0.10425403
545	323	9	0.0995108
545	838	10	0.096980825
251	582	1	0.1808979
251	829	2	0.17790574
251	284	3	0.1564942
251	383	4	0.14776301
251	972	5	0.13213965
251	748	6	0.12598282
251	226	7	0.12575272
251	374	8	0.121068716
251	456	9	0.118762046
251	442	10	0.114227206
490	240	1	0.15285926
490	439	2	0.15021949
490	704	3	0.13542876
490	597	4	0.13336466
490	48	5	0.13311298
490	180	6	0.12430982
490	188	7	0.12010896
490	935	8	0.10860609
490	387	9	0.10846632
490	482	10	0.09577842
497	761	1	0.1965392
497	343	2	0.1557366
497	462	3	0.15084642
497	42	4	0.14635247
497	781	5	0.14378978
497	27	6	0.12699142
497	184	7	0.12386585
497	292	8	0.11409652
497	654	9	0.11361697
497	440	10	0.11356442
107	94	1	0.14963076
107	370	2	0.13415122
107	440	3	0.11486458
107	534	4	0.11444454
107	121	5	0.11065622
107	589	6	0.10640833
107	754	7	0.10554724
107	985	8	0.10053019
107	501	9	0.09925885
107	44	10	0.09681344
514	383	1	0.15516423
514	317	2	0.117118105
514	957	3	0.11459253
514	511	4	0.1137
514	632	5	0.11241621
514	871	6	0.111628756
514	343	7	0.10860165
514	972	8	0.10857505
514	80	9	0.09819558
514	241	10	0.09507393
229	341	1	0.17607751
229	10	2	0.1489031
229	260	3	0.13851617
229	376	4	0.13821341
229	455	5	0.13199201
229	271	6	0.13028394
229	343	7	0.12945634
229	671	8	0.12598029
229	929	9	0.12419063
229	509	10	0.119950786
329	51	1	0.1674479
329	240	2	0.1612736
329	246	3	0.1434321
329	44	4	0.13638827
329	944	5	0.13178739
329	810	6	0.12948091
329	910	7	0.12631626
329	580	8	0.12608229
329	190	9	0.12545304
329	55	10	0.120699525
561	314	1	0.19035155
561	888	2	0.16630733
561	240	3	0.15472488
561	925	4	0.1526403
561	986	5	0.14673021
561	643	6	0.13357714
561	205	7	0.13309827
561	197	8	0.12486246
561	383	9	0.12363026
561	244	10	0.11423787
27	788	1	0.14150569
27	986	2	0.13439038
27	119	3	0.12763949
27	85	4	0.11472388
27	629	5	0.11346297
27	753	6	0.10979505
27	695	7	0.10898624
27	26	8	0.10873084
27	918	9	0.1084446
27	840	10	0.099815995
0	494	1	0.1358431
0	611	2	0.12478475
0	344	3	0.111459956
0	171	4	0.109841704
0	314	5	0.09632491
0	216	6	0.09360692
0	766	7	0.0892636
0	703	8	0.0881512
0	420	9	0.08762774
0	224	10	0.08720259
401	401	1	0.12941736
401	897	2	0.12463869
401	31	3	0.1206897
401	224	4	0.11680008
401	228	5	0.11489114
401	12	6	0.114613846
401	712	7	0.108758666
401	186	8	0.10308851
401	214	9	0.09895494
401	599	10	0.098509654
137	175	1	0.14906172
137	525	2	0.14038703
137	850	3	0.12700756
137	443	4	0.12419476
137	176	5	0.118194856
137	483	6	0.111020386
137	110	7	0.10920021
137	560	8	0.10684154
137	766	9	0.10400213
137	573	10	0.10387179
186	394	1	0.13277017
186	655	2	0.10904823
186	185	3	0.10032699
186	742	4	0.09919597
186	317	5	0.0990219
186	347	6	0.09528694
186	294	7	0.090394706
186	895	8	0.08888219
186	62	9	0.08590139
186	140	10	0.08391194
25	443	1	0.13326551
25	875	2	0.12299556
25	112	3	0.119561195
25	777	4	0.11743959
25	713	5	0.11117709
25	705	6	0.108187936
25	950	7	0.10761969
25	280	8	0.10521123
25	658	9	0.1010756
25	735	10	0.10046566
388	897	1	0.20984632
388	742	2	0.1837548
388	408	3	0.17136279
388	809	4	0.16963378
388	136	5	0.1518509
388	507	6	0.14875507
388	187	7	0.14341184
388	226	8	0.1345792
388	557	9	0.13406393
388	727	10	0.12921262
425	114	1	0.139173
425	889	2	0.13282873
425	939	3	0.12716293
425	317	4	0.12673219
425	579	5	0.12260139
425	853	6	0.11721308
425	181	7	0.10858151
425	710	8	0.09989914
425	315	9	0.0973672
425	438	10	0.09606097
214	184	1	0.15761775
214	525	2	0.14739406
214	470	3	0.14168662
214	918	4	0.13421094
214	137	5	0.13413462
214	343	6	0.12642737
214	17	7	0.119314
214	622	8	0.11788155
214	437	9	0.11716649
214	856	10	0.11468424
638	55	1	0.15728362
638	439	2	0.13972141
638	321	3	0.11581503
638	940	4	0.09644739
638	643	5	0.09102777
638	697	6	0.08801131
638	261	7	0.08604617
638	958	8	0.085365035
638	908	9	0.08531114
638	629	10	0.08430424
333	271	1	0.19407645
333	844	2	0.18850733
333	705	3	0.17122659
333	704	4	0.16960256
333	422	5	0.16488455
333	529	6	0.1555042
333	838	7	0.15494555
333	129	8	0.15125495
333	201	9	0.1458884
333	78	10	0.13465156
348	171	1	0.20696487
348	819	2	0.17831407
348	726	3	0.17448965
348	345	4	0.16879699
348	48	5	0.16443399
348	462	6	0.15192045
348	521	7	0.14711538
348	8	8	0.13704683
348	251	9	0.13495252
348	878	10	0.12648076
374	731	1	0.11987446
374	57	2	0.107134685
374	383	3	0.1069164
374	753	4	0.10150833
374	55	5	0.09946824
374	316	6	0.0957624
374	804	7	0.09481277
374	96	8	0.09332964
374	72	9	0.09289576
374	828	10	0.09270948
330	705	1	0.2515157
330	136	2	0.14659795
330	462	3	0.1441346
330	310	4	0.140894
330	8	5	0.14026113
330	897	6	0.13039933
330	190	7	0.12596847
330	941	8	0.12445781
330	394	9	0.123444304
330	246	10	0.11251407
621	918	1	0.2612399
621	705	2	0.1806404
621	971	3	0.17459297
621	77	4	0.14440273
621	777	5	0.14425445
621	693	6	0.13842976
621	237	7	0.13730419
621	739	8	0.13295165
621	621	9	0.13251697
621	702	10	0.12968516
393	826	1	0.15319075
393	459	2	0.12821576
393	416	3	0.12311651
393	448	4	0.11537818
393	462	5	0.11211248
393	837	6	0.11071339
393	447	7	0.11051781
393	268	8	0.10503742
393	681	9	0.10474353
393	694	10	0.10472746
257	819	1	0.14633766
257	655	2	0.12040038
257	89	3	0.11522084
257	387	4	0.1148293
257	246	5	0.11232948
257	161	6	0.1099865
257	545	7	0.09348606
257	866	8	0.09247394
257	181	9	0.0899128
257	407	10	0.08910034
320	264	1	0.14881529
320	817	2	0.14254665
320	59	3	0.13535467
320	633	4	0.13347527
320	643	5	0.12163483
320	553	6	0.10980815
320	113	7	0.10411459
320	122	8	0.1005974
320	516	9	0.09942747
320	555	10	0.094908774
478	695	1	0.18527533
478	141	2	0.15871115
478	632	3	0.14431106
478	441	4	0.14169571
478	383	5	0.13926288
478	677	6	0.13567121
478	622	7	0.13049817
478	136	8	0.12947735
478	489	9	0.10848379
478	26	10	0.105401665
46	878	1	0.16744947
46	618	2	0.15770608
46	467	3	0.14458352
46	708	4	0.14193827
46	910	5	0.12894267
46	56	6	0.12879983
46	721	7	0.11666562
46	896	8	0.1093502
46	987	9	0.10719623
46	598	10	0.10717895
596	579	1	0.13448814
596	637	2	0.12226079
596	175	3	0.121058814
596	51	4	0.11195798
596	836	5	0.10491584
596	220	6	0.10226974
596	300	7	0.09995319
596	643	8	0.099261835
596	632	9	0.09812535
596	454	10	0.09616129
450	918	1	0.14530963
450	573	2	0.12802427
450	237	3	0.12458141
450	32	4	0.11551949
450	584	5	0.115023695
450	10	6	0.11053768
450	523	7	0.11053185
450	136	8	0.106025934
450	669	9	0.10000379
450	345	10	0.097893625
647	401	1	0.108256124
647	706	2	0.10671579
647	94	3	0.106671125
647	36	4	0.097780846
647	853	5	0.09720789
647	806	6	0.09707778
647	697	7	0.09459538
647	738	8	0.09311511
647	244	9	0.09201335
647	185	10	0.089586794
396	189	1	0.13702157
396	318	2	0.11150886
396	742	3	0.11138175
396	705	4	0.110135764
396	684	5	0.10576682
396	825	6	0.10383536
396	439	7	0.100410044
396	593	8	0.09876903
396	908	9	0.098462306
396	637	10	0.09696585
342	748	1	0.14059801
342	571	2	0.13686773
342	59	3	0.13147941
342	962	4	0.110164426
342	808	5	0.10935529
342	319	6	0.102136016
342	75	7	0.10075789
342	973	8	0.10043487
342	944	9	0.09904164
342	266	10	0.0974063
284	374	1	0.12234135
284	29	2	0.1189853
284	548	3	0.11074889
284	336	4	0.1103082
284	935	5	0.107854895
284	572	6	0.10650932
284	388	7	0.099410914
284	136	8	0.099156946
284	929	9	0.09296341
284	110	10	0.09265374
492	321	1	0.17527786
492	154	2	0.15469833
492	770	3	0.13974437
492	32	4	0.13182491
492	681	5	0.13178489
492	181	6	0.11970106
492	358	7	0.119399264
492	690	8	0.11472916
492	163	9	0.11294814
492	57	10	0.11271644
187	55	1	0.15920907
187	464	2	0.13573104
187	447	3	0.10287897
187	611	4	0.10087575
187	325	5	0.10068042
187	315	6	0.0984358
187	268	7	0.09796651
187	809	8	0.09700973
187	921	9	0.095960595
187	79	10	0.09414532
588	702	1	0.15221328
588	487	2	0.14737895
588	548	3	0.13149229
588	878	4	0.12956218
588	801	5	0.12520759
588	528	6	0.11966205
588	585	7	0.11828532
588	604	8	0.1178668
588	809	9	0.11439172
588	721	10	0.11407854
281	264	1	0.13201784
281	346	2	0.10684538
281	834	3	0.1010713
281	734	4	0.09157191
281	239	5	0.090134144
281	838	6	0.08875428
281	9	7	0.08816005
281	891	8	0.083943084
281	801	9	0.08346356
281	901	10	0.08314152
306	401	1	0.15683825
306	910	2	0.12910092
306	514	3	0.12584941
306	569	4	0.123792484
306	362	5	0.113448694
306	414	6	0.10684481
306	225	7	0.10281186
306	322	8	0.10132151
306	987	9	0.09874312
306	36	10	0.097725615
399	94	1	0.18465291
399	431	2	0.14046207
399	629	3	0.111293815
399	383	4	0.10453546
399	825	5	0.102722906
399	344	6	0.09716637
399	9	7	0.091956615
399	317	8	0.09126066
399	182	9	0.090854935
399	702	10	0.09014127
628	321	1	0.17600434
628	8	2	0.14626187
628	553	3	0.12721974
628	677	4	0.1251928
628	942	5	0.11886819
628	32	6	0.11697388
628	723	7	0.109821215
628	223	8	0.10620315
628	384	9	0.103059694
628	639	10	0.09715478
441	553	1	0.170849
441	197	2	0.1266498
441	339	3	0.12004666
441	448	4	0.11900472
441	801	5	0.11836083
441	942	6	0.11364201
441	846	7	0.112640664
441	136	8	0.10953249
441	775	9	0.10856404
441	798	10	0.100458816
532	618	1	0.16862719
532	456	2	0.14426623
532	265	3	0.1422686
532	825	4	0.13747741
532	226	5	0.13651262
532	573	6	0.13491149
532	611	7	0.12162134
532	360	8	0.11363963
532	707	9	0.110003196
532	846	10	0.100287996
83	240	1	0.1474804
83	753	2	0.124165654
83	113	3	0.12312654
83	858	4	0.121778816
83	584	5	0.119980045
83	360	6	0.11538394
83	654	7	0.10719542
83	985	8	0.10480784
83	734	9	0.0993847
83	386	10	0.09891736
573	42	1	0.18106303
573	809	2	0.1335872
573	923	3	0.13248283
573	36	4	0.106472805
573	660	5	0.10286903
573	467	6	0.102164805
573	838	7	0.090991974
573	957	8	0.0904237
573	142	9	0.09024127
573	941	10	0.086818084
28	629	1	0.19833054
28	8	2	0.17885432
28	288	3	0.15420328
28	383	4	0.14298667
28	734	5	0.14209118
28	748	6	0.13633226
28	739	7	0.121206984
28	918	8	0.11794807
28	17	9	0.11699632
28	643	10	0.11604309
462	360	1	0.17742234
462	705	2	0.14178833
462	113	3	0.13086015
462	619	4	0.12758401
462	666	5	0.12400714
462	577	6	0.11688462
462	289	7	0.11684122
462	352	8	0.11639488
462	87	9	0.11120148
462	622	10	0.11082056
274	48	1	0.12281544
274	298	2	0.11734535
274	466	3	0.111975536
274	187	4	0.11015983
274	125	5	0.1078922
274	552	6	0.10660815
274	908	7	0.09865162
274	525	8	0.090103045
274	441	9	0.08944966
274	830	10	0.08823514
600	607	1	0.13035117
600	263	2	0.12504283
600	742	3	0.1211845
600	459	4	0.11938974
600	907	5	0.11927122
600	571	6	0.11459629
600	351	7	0.11244914
600	582	8	0.112253495
600	372	9	0.10818937
600	523	10	0.10653158
108	702	1	0.15454122
108	712	2	0.13400656
108	341	3	0.12790129
108	395	4	0.122493066
108	29	5	0.120678395
108	32	6	0.112051286
108	910	7	0.11045953
108	986	8	0.1060826
108	91	9	0.10190636
108	304	10	0.09911311
416	761	1	0.18565974
416	570	2	0.1669268
416	925	3	0.15955254
416	987	4	0.14662734
416	119	5	0.12727496
416	398	6	0.12484154
416	888	7	0.1194524
416	239	8	0.11574675
416	944	9	0.11272011
416	633	10	0.11195739
196	766	1	0.17172845
196	487	2	0.15381217
196	971	3	0.12365812
196	407	4	0.11786598
196	835	5	0.11671741
196	897	6	0.11641477
196	985	7	0.106389314
196	346	8	0.10447742
196	838	9	0.09960905
196	669	10	0.09898969
7	540	1	0.16004047
7	240	2	0.1597935
7	702	3	0.14546499
7	136	4	0.14264062
7	924	5	0.1404843
7	350	6	0.1372365
7	182	7	0.12788862
7	94	8	0.12751353
7	375	9	0.12268762
7	630	10	0.12249862
365	495	1	0.16706227
365	65	2	0.15636387
365	401	3	0.14130992
365	412	4	0.13830139
365	686	5	0.13506462
365	6	6	0.12911405
365	653	7	0.1267644
365	717	8	0.1255576
365	542	9	0.12524015
365	601	10	0.122002415
584	611	1	0.18748187
584	643	2	0.17500211
584	439	3	0.15906924
584	394	4	0.1529191
584	948	5	0.13946679
584	100	6	0.12151009
584	750	7	0.11722511
584	629	8	0.11539423
584	820	9	0.113906085
584	314	10	0.11004884
33	473	1	0.15226486
33	154	2	0.1508956
33	711	3	0.14903097
33	306	4	0.14742261
33	655	5	0.13633475
33	587	6	0.12515442
33	171	7	0.12351914
33	3	8	0.117005564
33	542	9	0.11391417
33	107	10	0.11226563
72	834	1	0.12666605
72	929	2	0.12157439
72	766	3	0.12063852
72	4	4	0.11535004
72	655	5	0.113295816
72	161	6	0.09718944
72	265	7	0.09507047
72	183	8	0.09227994
72	828	9	0.090877794
72	272	10	0.08888198
614	211	1	0.1315053
614	37	2	0.11722787
614	0	3	0.113811284
614	561	4	0.11194251
614	841	5	0.11045611
614	412	6	0.10630552
614	154	7	0.10456388
614	229	8	0.104326874
614	967	9	0.103712395
614	715	10	0.10357472
216	343	1	0.13068302
216	736	2	0.1252765
216	579	3	0.1229393
216	481	4	0.11160509
216	30	5	0.10718292
216	240	6	0.10177972
216	859	7	0.095709845
216	822	8	0.094782665
216	856	9	0.093714856
216	155	10	0.09363097
115	897	1	0.12986386
115	237	2	0.1298632
115	499	3	0.12974447
115	584	4	0.124735884
115	840	5	0.11938994
115	97	6	0.109725505
115	819	7	0.106387705
115	440	8	0.104531676
115	908	9	0.104442276
115	947	10	0.104265235
282	383	1	0.2156693
282	233	2	0.14701577
282	761	3	0.13619821
282	448	4	0.13283302
282	957	5	0.13060492
282	113	6	0.13001056
282	268	7	0.1294319
282	941	8	0.12720247
282	705	9	0.11461086
282	171	10	0.10980889
332	17	1	0.13134348
332	894	2	0.12868305
332	452	3	0.12466398
332	800	4	0.12166652
332	895	5	0.11978215
332	495	6	0.11452348
332	639	7	0.111858055
332	871	8	0.111759916
332	154	9	0.10991634
332	441	10	0.109375514
174	383	1	0.2275562
174	321	2	0.16767433
174	261	3	0.14076632
174	288	4	0.12649602
174	850	5	0.12340285
174	761	6	0.116894245
174	413	7	0.108458504
174	935	8	0.100791335
174	416	9	0.10008446
174	149	10	0.09976505
586	443	1	0.14464146
586	268	2	0.14124244
586	325	3	0.12673657
586	966	4	0.12381233
586	565	5	0.12199507
586	430	6	0.11033678
586	154	7	0.10572315
586	632	8	0.10423908
586	113	9	0.10401437
586	649	10	0.098427325
460	629	1	0.16164826
460	94	2	0.14559332
460	462	3	0.14462706
460	383	4	0.13870445
460	942	5	0.13672285
460	944	6	0.11940499
460	375	7	0.1148614
460	766	8	0.11435464
460	314	9	0.108955175
460	761	10	0.10408842
228	238	1	0.13008867
228	396	2	0.12509876
228	78	3	0.12467015
228	838	4	0.12064409
228	215	5	0.11905822
228	55	6	0.10057681
228	857	7	0.09978721
228	154	8	0.09768475
228	585	9	0.09763236
228	394	10	0.094301455
387	94	1	0.12199209
387	455	2	0.107241124
387	466	3	0.107206315
387	379	4	0.105169065
387	942	5	0.104709916
387	692	6	0.09530258
387	326	7	0.09108299
387	923	8	0.08586253
387	525	9	0.085462764
387	897	10	0.085110374
452	464	1	0.11924498
452	908	2	0.10491955
452	918	3	0.10216981
452	696	4	0.09776789
452	925	5	0.095391005
452	240	6	0.09225843
452	55	7	0.090429075
452	737	8	0.085856766
452	745	9	0.08558656
452	793	10	0.08217268
60	987	1	0.14366882
60	181	2	0.1394593
60	119	3	0.13800053
60	986	4	0.13053918
60	259	5	0.13017067
60	629	6	0.120725594
60	748	7	0.11871362
60	570	8	0.11067777
60	555	9	0.10784844
60	583	10	0.10031275
602	42	1	0.1435406
602	10	2	0.118869424
602	790	3	0.10728629
602	713	4	0.09787625
602	857	5	0.095581666
602	250	6	0.094138935
602	169	7	0.09138152
602	809	8	0.090721935
602	266	9	0.089327596
602	753	10	0.08858566
221	706	1	0.11505958
221	224	2	0.11016415
221	735	3	0.100094765
221	382	4	0.09924376
221	553	5	0.09505204
221	697	6	0.09414877
221	0	7	0.09401048
221	299	8	0.08891973
221	631	9	0.08787295
221	525	10	0.08750902
479	971	1	0.16510516
479	708	2	0.15462574
479	113	3	0.14971688
479	941	4	0.14898694
479	233	5	0.14832526
479	751	6	0.14574027
479	268	7	0.14467101
479	184	8	0.14249316
479	693	9	0.13945594
479	264	10	0.139366
410	585	1	0.15732852
410	584	2	0.15012601
410	415	3	0.14287251
410	618	4	0.14261542
410	481	5	0.13632587
410	967	6	0.12411156
410	570	7	0.12288855
410	655	8	0.122460365
410	260	9	0.122170135
410	710	10	0.11384227
550	748	1	0.15664896
550	695	2	0.14815128
550	387	3	0.1377252
550	161	4	0.13711709
550	240	5	0.13360761
550	808	6	0.13147877
550	701	7	0.12689172
550	430	8	0.12639087
550	857	9	0.11945032
550	131	10	0.119227946
422	742	1	0.15422171
422	507	2	0.14802593
422	748	3	0.13672607
422	224	4	0.12516521
422	695	5	0.122352645
422	243	6	0.117880136
422	426	7	0.11747821
422	98	8	0.11693258
422	88	9	0.1165231
422	716	10	0.1115295
379	10	1	0.16884643
379	154	2	0.14029348
379	636	3	0.12392027
379	323	4	0.112099625
379	747	5	0.10992785
379	360	6	0.10770044
379	40	7	0.10533488
379	242	8	0.10515101
379	501	9	0.103826925
379	203	10	0.10366982
48	949	1	0.19194247
48	897	2	0.1906353
48	948	3	0.15273537
48	931	4	0.14851803
48	838	5	0.12897429
48	611	6	0.12871018
48	809	7	0.12776943
48	9	8	0.12479293
48	708	9	0.12360925
48	876	10	0.12057622
49	908	1	0.13048181
49	313	2	0.09853875
49	417	3	0.09583436
49	503	4	0.09276987
49	275	5	0.087870486
49	504	6	0.08781954
49	25	7	0.08655479
49	173	8	0.084608465
49	942	9	0.08275561
49	483	10	0.080689505
65	521	1	0.11143297
65	59	2	0.10851234
65	721	3	0.09876291
65	537	4	0.09541417
65	314	5	0.0909581
65	482	6	0.083761446
65	897	7	0.08161233
65	509	8	0.0799645
65	33	9	0.079828754
65	309	10	0.07868591
603	345	1	0.26511288
603	401	2	0.16484159
603	65	3	0.16295536
603	504	4	0.15965106
603	944	5	0.15188777
603	895	6	0.13789013
603	76	7	0.13743535
603	604	8	0.13486552
603	447	9	0.13354899
603	72	10	0.13104552
433	761	1	0.18152201
433	780	2	0.13077249
433	261	3	0.12557282
433	211	4	0.113997616
433	448	5	0.11329605
433	939	6	0.11303501
433	458	7	0.11115101
433	652	8	0.10608266
433	176	9	0.106069565
433	490	10	0.10478462
653	387	1	0.18780088
653	987	2	0.15795015
653	695	3	0.13901563
653	978	4	0.12527281
653	97	5	0.124448836
653	553	6	0.11555369
653	532	7	0.11496942
653	339	8	0.114663996
653	443	9	0.1140955
653	265	10	0.109621815
472	934	1	0.19490023
472	859	2	0.19085976
472	56	3	0.1475043
472	81	4	0.14262913
472	42	5	0.14252235
472	55	6	0.14189267
472	427	7	0.1401721
472	369	8	0.13800831
472	970	9	0.1377138
472	185	10	0.13364847
16	29	1	0.17517225
16	893	2	0.13489015
16	10	3	0.12588595
16	697	4	0.117477655
16	797	5	0.1141243
16	59	6	0.1137833
16	277	7	0.113047756
16	766	8	0.11143071
16	772	9	0.11136585
16	954	10	0.10874143
391	387	1	0.1255878
391	809	2	0.11552191
391	592	3	0.10647039
391	120	4	0.10532415
391	42	5	0.10315843
391	734	6	0.102527186
391	16	7	0.09375218
391	292	8	0.093417406
391	748	9	0.093102805
391	277	10	0.0929189
369	959	1	0.14041492
369	277	2	0.13088107
369	168	3	0.12959188
369	42	4	0.11928291
369	115	5	0.11706517
369	686	6	0.11546851
369	29	7	0.114576064
369	914	8	0.114413664
369	310	9	0.11145227
369	226	10	0.109975055
408	188	1	0.11314526
408	56	2	0.107054524
408	97	3	0.101288974
408	48	4	0.09938395
408	299	5	0.09903405
408	483	6	0.09467907
408	923	7	0.094121866
408	82	8	0.09319646
408	864	9	0.090360984
408	740	10	0.089907885
447	761	1	0.16057307
447	387	2	0.13530776
447	685	3	0.11782795
447	315	4	0.103462815
447	101	5	0.10026146
447	255	6	0.09338208
447	66	7	0.091942914
447	462	8	0.09130012
447	511	9	0.09088683
447	448	10	0.08931726
73	6	1	0.13939553
73	500	2	0.13392763
73	43	3	0.13032635
73	56	4	0.122664556
73	627	5	0.12084551
73	629	6	0.11844094
73	838	7	0.117486954
73	789	8	0.11564168
73	527	9	0.114005744
73	383	10	0.11004018
59	181	1	0.1782736
59	383	2	0.15362938
59	48	3	0.15025216
59	886	4	0.13620654
59	364	5	0.12900689
59	422	6	0.1259276
59	884	7	0.12518169
59	966	8	0.119420975
59	629	9	0.117556244
59	417	10	0.11568565
155	618	1	0.26243985
155	103	2	0.15402883
155	394	3	0.15361515
155	971	4	0.15262735
155	438	5	0.14939569
155	420	6	0.14478162
155	918	7	0.14249864
155	758	8	0.1358655
155	205	9	0.13209924
155	788	10	0.12921375
442	570	1	0.11357285
442	260	2	0.10785752
442	660	3	0.10368553
442	8	4	0.098638445
442	383	5	0.09702659
442	721	6	0.09574036
442	598	7	0.09287588
442	129	8	0.09087725
442	237	9	0.08993234
442	487	10	0.089501485
327	94	1	0.16449732
327	547	2	0.15850303
327	736	3	0.14889944
327	470	4	0.14886132
327	590	5	0.1396484
327	525	6	0.13535082
327	466	7	0.13448402
327	185	8	0.12237986
327	169	9	0.12138151
327	918	10	0.12030372
99	748	1	0.13998409
99	154	2	0.12060431
99	592	3	0.11417023
99	661	4	0.113628484
99	474	5	0.10792047
99	422	6	0.10528898
99	923	7	0.10504538
99	252	8	0.10461998
99	908	9	0.10450407
99	766	10	0.101476826
473	94	1	0.14477855
473	65	2	0.14285058
473	971	3	0.13864318
473	468	4	0.12967503
473	175	5	0.122459784
473	627	6	0.10541086
473	154	7	0.10083271
473	713	8	0.100596026
473	183	9	0.09796882
473	555	10	0.096037835
469	401	1	0.22374406
469	976	2	0.1614469
469	618	3	0.14192218
469	364	4	0.13802156
469	947	5	0.122090064
469	987	6	0.12051937
469	237	7	0.116564766
469	78	8	0.11467427
469	564	9	0.11243705
469	260	10	0.111914344
195	448	1	0.15814975
195	260	2	0.15249859
195	387	3	0.11000635
195	369	4	0.109327964
195	2	5	0.10571945
195	37	6	0.10199436
195	136	7	0.099602565
195	423	8	0.09420122
195	585	9	0.093988836
195	383	10	0.08820656
407	383	1	0.14458135
407	611	2	0.14096174
407	705	3	0.13872847
407	916	4	0.12770495
407	632	5	0.1272879
407	643	6	0.120702766
407	627	7	0.10917184
407	88	8	0.10891929
407	136	9	0.10295116
407	838	10	0.10172822
524	360	1	0.2135169
524	305	2	0.16053048
524	225	3	0.12880377
524	523	4	0.11773925
524	957	5	0.11518134
524	398	6	0.106286526
524	927	7	0.099756576
524	120	8	0.099482745
524	76	9	0.09808102
524	190	10	0.097137496
86	48	1	0.14802471
86	987	2	0.13750157
86	379	3	0.1330597
86	185	4	0.11963399
86	369	5	0.115896516
86	364	6	0.10767377
86	149	7	0.10494391
86	317	8	0.10116325
86	932	9	0.09790623
86	686	10	0.09604797
175	184	1	0.13237059
175	899	2	0.1322501
175	852	3	0.11883448
175	265	4	0.10531565
175	533	5	0.09475728
175	653	6	0.09378284
175	394	7	0.09329498
175	360	8	0.09135243
175	181	9	0.08851014
175	966	10	0.08438472
599	571	1	0.15886128
599	131	2	0.14113416
599	65	3	0.13870041
599	17	4	0.13414797
599	445	5	0.13139355
599	55	6	0.1310582
599	160	7	0.12742656
599	878	8	0.12506068
599	88	9	0.12360823
599	918	10	0.12246168
526	288	1	0.19309905
526	42	2	0.16284245
526	237	3	0.15504754
526	972	4	0.11339038
526	511	5	0.109093904
526	32	6	0.10422343
526	578	7	0.10403222
526	542	8	0.10117416
526	383	9	0.09895594
526	124	10	0.09859039
569	618	1	0.18700077
569	923	2	0.1574935
569	918	3	0.14357957
569	32	4	0.13211396
569	579	5	0.13073829
569	65	6	0.13031112
569	125	7	0.13021052
569	662	8	0.12742598
569	372	9	0.12411678
569	287	10	0.1120531
289	705	1	0.1794498
289	343	2	0.11094579
289	459	3	0.10577577
289	123	4	0.103114516
289	261	5	0.10288362
289	470	6	0.100569546
289	529	7	0.0966583
289	976	8	0.09620692
289	487	9	0.09568906
289	358	10	0.09329341
288	487	1	0.15764514
288	268	2	0.1405805
288	369	3	0.12104418
288	590	4	0.11470128
288	908	5	0.11403099
288	296	6	0.1118561
288	136	7	0.11064926
288	766	8	0.110518485
288	632	9	0.10654351
288	705	10	0.10238628
347	55	1	0.22138356
347	923	2	0.133289
347	211	3	0.13173257
347	394	4	0.11666511
347	513	5	0.09747666
347	742	6	0.0939197
347	235	7	0.09010413
347	320	8	0.089597926
347	485	9	0.08779185
347	944	10	0.08528291
535	344	1	0.16358596
535	184	2	0.15139417
535	288	3	0.14410451
535	918	4	0.13938609
535	738	5	0.13477415
535	470	6	0.13355619
535	159	7	0.12046817
535	655	8	0.117614
535	592	9	0.11467155
535	274	10	0.11413642
145	761	1	0.16496977
145	583	2	0.11601426
145	8	3	0.110339716
145	268	4	0.0948065
145	272	5	0.0930789
145	197	6	0.09176598
145	323	7	0.09166666
145	319	8	0.08907091
145	539	9	0.088091075
145	83	10	0.08761029
646	627	1	0.14237761
646	825	2	0.12098964
646	96	3	0.1121442
646	857	4	0.109089494
646	182	5	0.108911306
646	470	6	0.10358591
646	858	7	0.10321024
646	973	8	0.09370805
646	618	9	0.09347393
646	742	10	0.0934266
547	629	1	0.2215443
547	17	2	0.2008988
547	314	3	0.16218899
547	923	4	0.15187868
547	119	5	0.15024522
547	925	6	0.1482452
547	888	7	0.14260834
547	65	8	0.14011174
547	261	9	0.12720354
547	643	10	0.122706786
376	171	1	0.16763541
376	78	2	0.14623958
376	105	3	0.12036288
376	29	4	0.11094649
376	783	5	0.110598
376	260	6	0.10954235
376	91	7	0.10945147
376	117	8	0.10677433
376	824	9	0.10465254
376	286	10	0.10387915
249	268	1	0.19627967
249	142	2	0.1845361
249	907	3	0.17475921
249	584	4	0.16352421
249	956	5	0.15661022
249	856	6	0.15409395
249	321	7	0.1528003
249	618	8	0.1523468
249	941	9	0.14313419
249	86	10	0.14200531
179	142	1	0.15977944
179	360	2	0.15746935
179	379	3	0.14637572
179	801	4	0.14058703
179	268	5	0.13500226
179	103	6	0.1327702
179	457	7	0.12297757
179	509	8	0.12059203
179	406	9	0.11938061
179	709	10	0.11878741
8	743	1	0.10877902
8	564	2	0.10714352
8	266	3	0.10657145
8	526	4	0.10039496
8	193	5	0.097640395
8	982	6	0.0951431
8	443	7	0.09506601
8	926	8	0.09040507
8	473	9	0.0897626
8	6	10	0.089107335
620	324	1	0.14265096
620	523	2	0.123123795
620	448	3	0.12091603
620	302	4	0.116694674
620	957	5	0.108763695
620	987	6	0.10243492
620	936	7	0.101112604
620	41	8	0.10085611
620	894	9	0.098666035
620	398	10	0.095829934
451	154	1	0.19495049
451	850	2	0.16348222
451	374	3	0.14999175
451	865	4	0.1379312
451	36	5	0.123711
451	739	6	0.122411355
451	839	7	0.11880258
451	841	8	0.11769811
451	420	9	0.11643184
451	134	10	0.1130569
170	742	1	0.1864897
170	632	2	0.16374125
170	659	3	0.14158848
170	916	4	0.1358923
170	8	5	0.13468163
170	950	6	0.11008253
170	320	7	0.10886047
170	525	8	0.10777744
170	573	9	0.105473116
170	629	10	0.10150929
208	748	1	0.17230004
208	56	2	0.13803695
208	525	3	0.13412005
208	291	4	0.13321581
208	629	5	0.13146603
208	383	6	0.1222547
208	142	7	0.118733406
208	190	8	0.11261423
208	944	9	0.10323635
208	171	10	0.10164009
41	383	1	0.1504238
41	590	2	0.1233709
41	753	3	0.11757711
41	888	4	0.116473764
41	643	5	0.11230393
41	205	6	0.10913093
41	25	7	0.10331559
41	446	8	0.10234357
41	705	9	0.101116255
41	646	10	0.100151464
445	394	1	0.16513824
445	237	2	0.15012097
445	48	3	0.13888672
445	897	4	0.13000453
445	569	5	0.12500165
445	910	6	0.11625687
445	491	7	0.11034159
445	950	8	0.109106295
445	311	9	0.10839959
445	858	10	0.105600014
74	343	1	0.21173295
74	59	2	0.1871446
74	226	3	0.16466388
74	401	4	0.15203731
74	976	5	0.14103943
74	360	6	0.13672587
74	501	7	0.13316295
74	427	8	0.1219133
74	878	9	0.12187342
74	986	10	0.121674836
382	94	1	0.10980516
382	462	2	0.102747306
382	650	3	0.09490819
382	187	4	0.09450637
382	900	5	0.09113088
382	175	6	0.091121644
382	266	7	0.08928898
382	363	8	0.08880433
382	809	9	0.087777376
382	505	10	0.085777245
434	33	1	0.14731386
434	705	2	0.12024097
434	465	3	0.1172484
434	315	4	0.11314376
434	562	5	0.11199972
434	314	6	0.10994285
434	231	7	0.109386064
434	107	8	0.10157542
434	459	9	0.093509555
434	619	10	0.09263848
463	801	1	0.17176466
463	692	2	0.1476108
463	394	3	0.14729144
463	403	4	0.13116315
463	569	5	0.12819725
463	942	6	0.12644343
463	432	7	0.124720216
463	923	8	0.1192143
463	352	9	0.1182275
463	1	10	0.11650825
260	819	1	0.13829112
260	590	2	0.12778774
260	976	3	0.1263795
260	349	4	0.117754236
260	246	5	0.116718546
260	742	6	0.11033123
260	42	7	0.108943865
260	571	8	0.107187234
260	923	9	0.10110076
260	947	10	0.095379025
540	725	1	0.12939678
540	987	2	0.10884377
540	510	3	0.10607272
540	965	4	0.09413469
540	788	5	0.091309994
540	23	6	0.08601009
540	910	7	0.08348717
540	672	8	0.08158375
540	567	9	0.080865756
540	753	10	0.07969568
554	65	1	0.1330551
554	8	2	0.12826914
554	92	3	0.12254515
554	629	4	0.1161032
554	987	5	0.112877205
554	750	6	0.108914465
554	824	7	0.10769385
554	875	8	0.10768138
554	282	9	0.10626376
554	871	10	0.10298489
328	55	1	0.17799069
328	343	2	0.1315672
328	487	3	0.13004684
328	125	4	0.10289277
328	211	5	0.10089051
328	619	6	0.10043678
328	247	7	0.09593003
328	182	8	0.093463525
328	906	9	0.0925285
328	691	10	0.088002324
141	629	1	0.16868134
141	387	2	0.13368666
141	226	3	0.11290994
141	485	4	0.11085649
141	643	5	0.10432342
141	325	6	0.10359524
141	78	7	0.09457922
141	438	8	0.09373897
141	136	9	0.09128392
141	194	10	0.09126122
644	226	1	0.14432812
644	57	2	0.1259324
644	237	3	0.123870134
644	288	4	0.122596815
644	629	5	0.11990093
644	756	6	0.11331862
644	511	7	0.11037505
644	42	8	0.10798448
644	564	9	0.10696397
644	593	10	0.10188897
651	483	1	0.124011114
651	526	2	0.12161991
651	323	3	0.12153192
651	894	4	0.11525057
651	766	5	0.11371976
651	315	6	0.10262255
651	629	7	0.101443395
651	738	8	0.10043718
651	127	9	0.0978778
651	75	10	0.09516524
496	240	1	0.18322341
496	695	2	0.17451179
496	627	3	0.16074914
496	33	4	0.14000235
496	360	5	0.13849889
496	185	6	0.13448545
496	809	7	0.10893247
496	888	8	0.10851127
496	976	9	0.10215841
496	618	10	0.100517504
262	908	1	0.16898155
262	31	2	0.1297841
262	761	3	0.12605181
262	853	4	0.12182605
262	553	5	0.12159107
262	401	6	0.1157345
262	315	7	0.1016628
262	765	8	0.1012266
262	259	9	0.1000287
262	638	10	0.09717586
200	948	1	0.10365387
200	939	2	0.10030565
200	937	3	0.09975237
200	184	4	0.09785442
200	492	5	0.096157596
200	141	6	0.09191545
200	587	7	0.08885065
200	838	8	0.08785433
200	742	9	0.084974095
200	429	10	0.08484503
458	612	1	0.15645784
458	171	2	0.1385968
458	628	3	0.1356478
458	585	4	0.13213849
458	829	5	0.12865128
458	587	6	0.12120064
458	526	7	0.11793212
458	825	8	0.11650428
458	6	9	0.113151625
458	753	10	0.11265111
398	119	1	0.20080298
398	629	2	0.19846636
398	344	3	0.14222373
398	521	4	0.13009013
398	506	5	0.12564316
398	705	6	0.12459589
398	643	7	0.123283885
398	287	8	0.122896224
398	888	9	0.1164836
398	295	10	0.115344815
138	570	1	0.13759924
138	511	2	0.105136596
138	690	3	0.09948626
138	142	4	0.09331518
138	589	5	0.09330281
138	923	6	0.09263615
138	8	7	0.09091943
138	143	8	0.08964005
138	969	9	0.08724098
138	2	10	0.08637537
210	211	1	0.2585588
210	9	2	0.18863845
210	57	3	0.16822377
210	761	4	0.15796214
210	796	5	0.15462549
210	520	6	0.15039957
210	569	7	0.14895615
210	175	8	0.14496869
210	936	9	0.14050357
210	859	10	0.13603935
367	918	1	0.18731141
367	317	2	0.14166877
367	175	3	0.13048111
367	268	4	0.12487513
367	182	5	0.12197684
367	908	6	0.109841555
367	57	7	0.104292475
367	417	8	0.10047787
367	385	9	0.09858775
367	337	10	0.09847069
375	639	1	0.1275325
375	264	2	0.110209875
375	708	3	0.10726057
375	305	4	0.104078054
375	858	5	0.10126846
375	627	6	0.09939818
375	147	7	0.09798226
375	26	8	0.092760935
375	893	9	0.092184685
375	809	10	0.09194926
466	857	1	0.14675656
466	129	2	0.13320282
466	935	3	0.1276055
466	766	4	0.122884646
466	732	5	0.11966779
466	705	6	0.112208426
466	242	7	0.11081042
466	747	8	0.108200446
466	981	9	0.10741756
466	310	10	0.107383564
188	761	1	0.18403059
188	509	2	0.1477679
188	164	3	0.1225622
188	801	4	0.12105826
188	781	5	0.1175065
188	777	6	0.1143776
188	639	7	0.11279526
188	198	8	0.10909116
188	941	9	0.10687711
188	235	10	0.10480944
383	8	1	0.12864885
383	513	2	0.116387844
383	723	3	0.1135743
383	835	4	0.112999156
383	923	5	0.10604201
383	185	6	0.10190576
383	339	7	0.10057489
383	209	8	0.09612971
383	159	9	0.09107885
383	863	10	0.08976736
31	343	1	0.18363822
31	182	2	0.10023606
31	114	3	0.09999487
31	139	4	0.09388793
31	57	5	0.09306906
31	247	6	0.08996827
31	77	7	0.08969083
31	843	8	0.08890063
31	112	9	0.087546356
31	651	10	0.087432496
578	94	1	0.17853437
578	383	2	0.14321439
578	918	3	0.14209135
578	590	4	0.13702343
578	487	5	0.13479531
578	629	6	0.132957
578	261	7	0.11653598
578	585	8	0.1083581
578	705	9	0.10586558
578	57	10	0.10504349
530	504	1	0.15733069
530	897	2	0.14986196
530	725	3	0.14273128
530	918	4	0.13582736
530	36	5	0.13465251
530	483	6	0.13399772
530	679	7	0.13156572
530	294	8	0.12860408
530	660	9	0.1196254
530	415	10	0.11686617
113	205	1	0.12684117
113	152	2	0.12057695
113	971	3	0.12015489
113	918	4	0.118954755
113	965	5	0.11701945
113	753	6	0.1166528
113	387	7	0.10883154
113	736	8	0.10852545
113	496	9	0.10365741
113	550	10	0.09986946
543	987	1	0.12800276
543	452	2	0.11360489
543	136	3	0.1068223
543	695	4	0.10333998
543	729	5	0.09777377
543	702	6	0.09706485
543	895	7	0.09653649
543	112	8	0.094471104
543	198	9	0.087698475
543	459	10	0.08750499
483	632	1	0.14641592
483	850	2	0.13479328
483	55	3	0.12689543
483	334	4	0.11962397
483	330	5	0.117468864
483	526	6	0.116345175
483	438	7	0.115430474
483	369	8	0.11445381
483	918	9	0.11349628
483	511	10	0.11169445
17	153	1	0.15288939
17	346	2	0.12147569
17	897	3	0.118452966
17	929	4	0.10655986
17	368	5	0.10484612
17	618	6	0.10392332
17	708	7	0.10307268
17	980	8	0.10026758
17	438	9	0.09494194
17	525	10	0.09302087
577	965	1	0.11963275
577	94	2	0.11208611
577	825	3	0.10946269
577	490	4	0.105663754
577	446	5	0.10520097
577	406	6	0.10373866
577	632	7	0.0999555
577	229	8	0.098925084
577	59	9	0.09743626
577	871	10	0.096036986
167	182	1	0.13471572
167	278	2	0.12608027
167	526	3	0.1248512
167	17	4	0.12112014
167	56	5	0.11644362
167	201	6	0.10598667
167	957	7	0.10064238
167	74	8	0.09967387
167	185	9	0.09823432
167	203	10	0.097740725
245	383	1	0.17075092
245	959	2	0.14862464
245	880	3	0.13186182
245	639	4	0.12607881
245	366	5	0.1253751
245	56	6	0.1252072
245	282	7	0.12457536
245	263	8	0.122781135
245	897	9	0.12168689
245	600	10	0.12122139
184	343	1	0.13527256
184	97	2	0.1257919
184	246	3	0.124751985
184	939	4	0.12430039
184	271	5	0.12388372
184	154	6	0.12114439
184	1	7	0.12079713
184	90	8	0.12037512
184	881	9	0.11309528
184	795	10	0.111380175
415	531	1	0.11955929
415	925	2	0.11383839
415	761	3	0.11091514
415	521	4	0.105911225
415	643	5	0.1028464
415	123	6	0.10260824
415	712	7	0.09877555
415	209	8	0.098131165
415	113	9	0.09699471
415	207	10	0.09349135
79	801	1	0.13003287
79	753	2	0.12977268
79	848	3	0.12555286
79	737	4	0.12024681
79	127	5	0.1171118
79	303	6	0.108989686
79	598	7	0.10212406
79	560	8	0.10155229
79	164	9	0.1006449
79	203	10	0.09905033
269	629	1	0.18320066
269	766	2	0.15406851
269	314	3	0.15362561
269	521	4	0.15280177
269	923	5	0.14488527
269	986	6	0.14365575
269	344	7	0.12854806
269	925	8	0.12682378
269	59	9	0.12125457
269	490	10	0.116932794
66	766	1	0.15202494
66	343	2	0.13597523
66	579	3	0.1297591
66	741	4	0.120835505
66	545	5	0.11977413
66	31	6	0.11525434
66	705	7	0.11456231
66	29	8	0.11295317
66	712	9	0.10926358
66	943	10	0.107175246
36	908	1	0.1520742
36	184	2	0.14931381
36	611	3	0.14789943
36	268	4	0.12310831
36	560	5	0.11640604
36	927	6	0.11081808
36	195	7	0.10669649
36	113	8	0.105403855
36	526	9	0.10348275
36	103	10	0.10298812
171	629	1	0.16815308
171	456	2	0.128322
171	748	3	0.12699616
171	240	4	0.12483731
171	633	5	0.1237731
171	226	6	0.12095584
171	925	7	0.11189012
171	888	8	0.1099986
171	857	9	0.10962154
171	263	10	0.10771136
633	275	1	0.11655906
633	934	2	0.11136276
633	918	3	0.110420674
633	656	4	0.109974936
633	590	5	0.10828216
633	852	6	0.10552834
633	139	7	0.10473514
633	16	8	0.10265331
633	562	9	0.10184782
633	341	10	0.09682982
349	245	1	0.12359037
349	789	2	0.10649455
349	500	3	0.09954128
349	667	4	0.09789571
349	809	5	0.094598666
349	501	6	0.0927293
349	70	7	0.090702094
349	561	8	0.090681925
349	166	9	0.09047074
349	317	10	0.08938828
405	582	1	0.15738072
405	430	2	0.1337902
405	268	3	0.13333933
405	696	4	0.13202192
405	705	5	0.12862612
405	844	6	0.12720874
405	447	7	0.12597543
405	161	8	0.12188767
405	575	9	0.11868256
405	314	10	0.11706804
35	214	1	0.15248522
35	528	2	0.12791951
35	857	3	0.1265426
35	55	4	0.12290212
35	766	5	0.11903392
35	222	6	0.11412385
35	36	7	0.113689646
35	508	8	0.11176568
35	498	9	0.108463526
35	363	10	0.1037929
159	8	1	0.12588577
159	94	2	0.11797643
159	239	3	0.106368035
159	226	4	0.10505152
159	382	5	0.097420126
159	753	6	0.09573158
159	825	7	0.08728043
159	182	8	0.08511446
159	119	9	0.08492225
159	718	10	0.08345243
420	923	1	0.13250211
420	572	2	0.11261174
420	720	3	0.109950125
420	238	4	0.10813327
420	766	5	0.10342623
420	3	6	0.09923833
420	421	7	0.097586066
420	705	8	0.09547153
420	32	9	0.089085914
420	42	10	0.085843176
464	703	1	0.11896643
464	403	2	0.109739915
464	321	3	0.10789399
464	534	4	0.10647425
464	59	5	0.10531716
464	724	6	0.10185575
464	184	7	0.094862066
464	863	8	0.09007066
464	55	9	0.088679865
464	374	10	0.08805689
102	506	1	0.12516801
102	78	2	0.12085512
102	504	3	0.11938234
102	8	4	0.117093235
102	238	5	0.11324362
102	246	6	0.110722706
102	239	7	0.102408454
102	338	8	0.09769839
102	538	9	0.09761571
102	769	10	0.09556568
443	645	1	0.12617338
443	704	2	0.123463884
443	161	3	0.122902766
443	470	4	0.11965055
443	584	5	0.11924867
443	329	6	0.11724411
443	403	7	0.11316725
443	181	8	0.1105344
443	394	9	0.10570945
443	813	10	0.09893382
437	192	1	0.21172711
437	448	2	0.17283952
437	705	3	0.15025318
437	260	4	0.11206444
437	283	5	0.10796185
437	360	6	0.107155204
437	873	7	0.10324627
437	91	8	0.10244666
437	331	9	0.10146844
437	650	10	0.09465707
80	697	1	0.13545153
80	761	2	0.12239183
80	797	3	0.10816902
80	337	4	0.10773649
80	986	5	0.10573541
80	344	6	0.1032811
80	251	7	0.10318835
80	364	8	0.099661484
80	72	9	0.09826537
80	447	10	0.0967211
303	415	1	0.14135277
303	13	2	0.12715755
303	513	3	0.112363234
303	439	4	0.10875567
303	932	5	0.10719008
303	136	6	0.102115154
303	370	7	0.098026425
303	330	8	0.09762269
303	858	9	0.09664628
303	244	10	0.0952895
508	126	1	0.13227627
508	314	2	0.13136776
508	545	3	0.12777005
508	655	4	0.12320707
508	702	5	0.121908136
508	76	6	0.121698685
508	913	7	0.11828799
508	93	8	0.113892965
508	725	9	0.11170925
508	343	10	0.11117631
334	119	1	0.22706372
334	629	2	0.22700268
334	986	3	0.18757898
334	364	4	0.17960456
334	314	5	0.1448679
334	344	6	0.14002919
334	888	7	0.1388708
334	761	8	0.1382787
334	753	9	0.13176805
334	506	10	0.11486226
63	396	1	0.1408357
63	42	2	0.12273525
63	33	3	0.10443221
63	214	4	0.09488697
63	113	5	0.093463115
63	856	6	0.091157146
63	31	7	0.09029597
63	265	8	0.08982448
63	448	9	0.088874936
63	573	10	0.08878241
362	175	1	0.15437126
362	17	2	0.12714791
362	49	3	0.12302588
362	360	4	0.12259641
362	735	5	0.118653275
362	761	6	0.10865727
362	257	7	0.1080922
362	240	8	0.10413683
362	260	9	0.102833085
362	182	10	0.100380525
355	181	1	0.13209343
355	8	2	0.12657836
355	677	3	0.1256237
355	959	4	0.12317556
355	175	5	0.11781693
355	141	6	0.11427443
355	949	7	0.11118743
355	951	8	0.107592784
355	639	9	0.106686234
355	416	10	0.10198491
519	42	1	0.1461567
519	173	2	0.12845454
519	762	3	0.11212548
519	708	4	0.1096827
519	117	5	0.10906331
519	667	6	0.0991521
519	118	7	0.09743862
519	429	8	0.09647648
519	712	9	0.09480217
519	370	10	0.092630915
57	487	1	0.1224028
57	54	2	0.10592431
57	332	3	0.09866671
57	28	4	0.09482665
57	342	5	0.0946209
57	796	6	0.093884796
57	627	7	0.092916355
57	781	8	0.09286815
57	260	9	0.09110658
57	464	10	0.09024676
357	987	1	0.1018593
357	923	2	0.09618672
357	266	3	0.090609446
357	175	4	0.09052485
357	892	5	0.08960931
357	380	6	0.088574484
357	770	7	0.08769825
357	706	8	0.08570166
357	792	9	0.08467926
357	314	10	0.08364695
224	418	1	0.12983423
224	387	2	0.1256117
224	129	3	0.105329916
224	838	4	0.10048842
224	581	5	0.09928335
224	810	6	0.09617416
224	854	7	0.09530056
224	481	8	0.09417997
224	611	9	0.09362419
224	762	10	0.09342333
23	310	1	0.1461715
23	55	2	0.13930827
23	705	3	0.13488834
23	579	4	0.12890792
23	871	5	0.12698774
23	843	6	0.12151892
23	175	7	0.11993003
23	325	8	0.11744792
23	260	9	0.11078693
23	19	10	0.109887294
572	525	1	0.1276619
572	268	2	0.12756664
572	673	3	0.115353666
572	349	4	0.11506848
572	222	5	0.1071585
572	383	6	0.10392711
572	352	7	0.10048962
572	448	8	0.094306014
572	294	9	0.090657994
572	209	10	0.090540916
78	113	1	0.15936066
78	891	2	0.12915945
78	462	3	0.12744549
78	55	4	0.119280756
78	985	5	0.1125656
78	618	6	0.1125049
78	10	7	0.10588397
78	211	8	0.101250134
78	772	9	0.099985
78	31	10	0.097623475
308	271	1	0.13690372
308	462	2	0.124660075
308	753	3	0.11822989
308	930	4	0.118101224
308	134	5	0.11518824
308	376	6	0.11451581
308	417	7	0.114179485
308	383	8	0.112770766
308	946	9	0.111795366
308	611	10	0.1083981
371	119	1	0.25117946
371	314	2	0.20788716
371	643	3	0.2007676
371	521	4	0.1603478
371	401	5	0.14103991
371	10	6	0.13838442
371	923	7	0.13474894
371	337	8	0.13016567
371	93	9	0.12838012
371	159	10	0.12715057
88	705	1	0.15067662
88	986	2	0.14954177
88	268	3	0.14521646
88	521	4	0.14279965
88	797	5	0.13000675
88	314	6	0.12329431
88	438	7	0.12306819
88	916	8	0.12272451
88	526	9	0.112017624
88	923	10	0.11184058
158	908	1	0.15713811
158	748	2	0.15073608
158	766	3	0.13551134
158	667	4	0.108029634
158	164	5	0.10762286
158	344	6	0.10742615
158	825	7	0.0996999
158	670	8	0.09520398
158	984	9	0.09491372
158	539	10	0.094099745
641	8	1	0.14599042
641	240	2	0.13725439
641	971	3	0.13025269
641	671	4	0.10208631
641	260	5	0.0984491
641	143	6	0.095404334
641	627	7	0.09046006
641	658	8	0.08452026
641	165	9	0.08329323
641	323	10	0.08326724
160	314	1	0.13050562
160	42	2	0.12245607
160	401	3	0.11950061
160	462	4	0.1099307
160	65	5	0.105058186
160	660	6	0.10219038
160	810	7	0.09831445
160	863	8	0.08898857
160	940	9	0.08515826
160	601	10	0.08199419
597	629	1	0.22973576
597	986	2	0.17361104
597	888	3	0.15962678
597	364	4	0.14814751
597	643	5	0.14301416
597	119	6	0.13369626
597	154	7	0.1329441
597	265	8	0.10683574
597	925	9	0.10309704
597	708	10	0.10174328
14	182	1	0.19272143
14	10	2	0.19216362
14	525	3	0.1651157
14	181	4	0.16067521
14	702	5	0.14964412
14	225	6	0.14776789
14	275	7	0.14293255
14	886	8	0.13514754
14	448	9	0.12797737
14	17	10	0.12641074
109	130	1	0.1421668
109	942	2	0.13701937
109	561	3	0.12001544
109	703	4	0.11801947
109	894	5	0.11328097
109	151	6	0.11291193
109	588	7	0.112742215
109	929	8	0.11173389
109	853	9	0.11050567
109	38	10	0.109731585
555	907	1	0.12878196
555	809	2	0.12702861
555	596	3	0.11835057
555	259	4	0.11539375
555	319	5	0.10701417
555	848	6	0.102679044
555	325	7	0.10036506
555	42	8	0.097423464
555	485	9	0.096310236
555	90	10	0.095896736
312	747	1	0.17561352
312	383	2	0.15418272
312	908	3	0.1303077
312	240	4	0.12570201
312	695	5	0.12141952
312	751	6	0.11976652
312	590	7	0.115583375
312	264	8	0.11409278
312	360	9	0.111437336
312	374	10	0.10587538
481	184	1	0.16697055
481	918	2	0.15026036
481	182	3	0.11943465
481	120	4	0.09891024
481	92	5	0.09652029
481	897	6	0.095736146
481	511	7	0.094804876
481	148	8	0.090274945
481	334	9	0.08718677
481	526	10	0.08368143
474	401	1	0.21161796
474	314	2	0.15096721
474	8	3	0.13228169
474	918	4	0.12185832
474	136	5	0.11660422
474	763	6	0.11555803
474	233	7	0.11475227
474	651	8	0.11461912
474	535	9	0.113836184
474	843	10	0.111911565
215	154	1	0.1465026
215	787	2	0.137218
215	238	3	0.13246486
215	856	4	0.12533803
215	736	5	0.12470947
215	225	6	0.12300426
215	897	7	0.12100196
215	460	8	0.12019612
215	950	9	0.10657771
215	861	10	0.102247775
169	923	1	0.17907555
169	168	2	0.16163859
169	477	3	0.14723824
169	972	4	0.13917911
169	941	5	0.13791947
169	381	6	0.13567537
169	233	7	0.12332451
169	528	8	0.123302534
169	957	9	0.11806064
169	383	10	0.11793144
423	113	1	0.23323002
423	618	2	0.20172223
423	181	3	0.18601556
423	42	4	0.17862974
423	268	5	0.1689235
423	319	6	0.14586554
423	10	7	0.14321549
423	76	8	0.13453184
423	909	9	0.12292531
423	87	10	0.12206098
377	42	1	0.20905662
377	233	2	0.13161168
377	113	3	0.1266103
377	225	4	0.12349461
377	383	5	0.12008794
377	494	6	0.11393972
377	487	7	0.111319914
377	797	8	0.11004238
377	897	9	0.10340611
377	366	10	0.101723924
439	462	1	0.20784566
439	490	2	0.14637281
439	636	3	0.13699555
439	209	4	0.13648185
439	454	5	0.13019253
439	672	6	0.12165022
439	57	7	0.11725025
439	720	8	0.11686291
439	826	9	0.11581081
439	229	10	0.11570135
397	246	1	0.126337
397	182	2	0.11452194
397	487	3	0.09913467
397	237	4	0.09875889
397	612	5	0.0967419
397	908	6	0.0938949
397	672	7	0.093669124
397	808	8	0.09335919
397	401	9	0.09330242
397	560	10	0.086448565
446	383	1	0.11660814
446	343	2	0.1070032
446	443	3	0.10642423
446	650	4	0.105328575
446	150	5	0.104402244
446	791	6	0.091855556
446	862	7	0.09091739
446	519	8	0.087283224
446	58	9	0.08656565
446	48	10	0.08618951
351	897	1	0.21134865
351	987	2	0.1663276
351	815	3	0.14680745
351	618	4	0.13299313
351	581	5	0.12118454
351	670	6	0.119843885
351	553	7	0.11740235
351	786	8	0.11447184
351	8	9	0.11317906
351	360	10	0.1085513
270	55	1	0.14212377
270	897	2	0.13882823
270	553	3	0.134339
270	697	4	0.13005309
270	517	5	0.11939429
270	254	6	0.11480007
270	420	7	0.11374627
270	333	8	0.112122044
270	809	9	0.11149019
270	448	10	0.10968673
476	234	1	0.13354936
476	565	2	0.12872851
476	611	3	0.12146551
476	957	4	0.12049971
476	94	5	0.11009074
476	321	6	0.10734736
476	886	7	0.105390206
476	188	8	0.09962525
476	564	9	0.09614742
476	942	10	0.0954725
71	629	1	0.14592469
71	20	2	0.1400486
71	597	3	0.11552518
71	445	4	0.11402538
71	8	5	0.11380786
71	194	6	0.1124726
71	489	7	0.1096894
71	142	8	0.10750434
71	987	9	0.10333125
71	372	10	0.10238923
240	474	1	0.09833294
240	768	2	0.09685393
240	568	3	0.09402481
240	918	4	0.09357706
240	943	5	0.09270516
240	283	6	0.088420466
240	519	7	0.08621783
240	361	8	0.08521917
240	264	9	0.08243504
240	931	10	0.08207077
18	181	1	0.13192426
18	652	2	0.11672443
18	462	3	0.11598893
18	14	4	0.09896585
18	114	5	0.09632386
18	625	6	0.095575936
18	134	7	0.0953717
18	491	8	0.09485121
18	246	9	0.09467195
18	766	10	0.09449536
557	343	1	0.24237734
557	703	2	0.20390645
557	530	3	0.1489049
557	213	4	0.14828844
557	56	5	0.13730574
557	498	6	0.13607512
557	82	7	0.13374391
557	432	8	0.13013744
557	766	9	0.12370218
557	629	10	0.12084502
321	762	1	0.13828418
321	487	2	0.12321727
321	639	3	0.12046401
321	397	4	0.11490327
321	167	5	0.108648784
321	383	6	0.09813401
321	669	7	0.09295055
321	585	8	0.091884166
321	416	9	0.09111942
321	268	10	0.08672669
319	448	1	0.15678737
319	502	2	0.12564734
319	260	3	0.1101349
319	881	4	0.10247535
319	38	5	0.101279005
319	25	6	0.09871231
319	297	7	0.09810029
319	714	8	0.09600384
319	320	9	0.09180272
319	358	10	0.09157764
565	525	1	0.20079139
565	908	2	0.19484457
565	918	3	0.16451201
565	240	4	0.15628597
565	825	5	0.14867921
565	470	6	0.14848183
565	387	7	0.1475913
565	182	8	0.14677173
565	761	9	0.14485928
565	184	10	0.14070612
505	8	1	0.20603375
505	697	2	0.1736384
505	703	3	0.13499257
505	561	4	0.1250007
505	266	5	0.12318961
505	165	6	0.116138175
505	119	7	0.10687525
505	863	8	0.105557606
505	314	9	0.10183786
505	57	10	0.100566074
264	321	1	0.12070343
264	448	2	0.11098251
264	762	3	0.107277736
264	976	4	0.104215235
264	451	5	0.099879235
264	391	6	0.096887924
264	372	7	0.09676146
264	736	8	0.09519893
264	295	9	0.091676146
264	131	10	0.09122649
622	618	1	0.14464514
622	766	2	0.13919899
622	27	3	0.12581882
622	462	4	0.11940445
622	5	5	0.11404878
622	702	6	0.11132657
622	859	7	0.107580185
622	632	8	0.10497076
622	570	9	0.09998621
622	528	10	0.09978135
69	923	1	0.14256096
69	384	2	0.14199518
69	59	3	0.1352127
69	215	4	0.13191745
69	226	5	0.11063569
69	986	6	0.10784568
69	159	7	0.09679285
69	65	8	0.094607145
69	888	9	0.09187051
69	219	10	0.09181279
246	401	1	0.13301437
246	42	2	0.12845844
246	908	3	0.12739144
246	197	4	0.119357094
246	141	5	0.10930827
246	897	6	0.10745444
246	403	7	0.10309222
246	186	8	0.10033144
246	841	9	0.09988075
246	237	10	0.09857687
279	462	1	0.1434269
279	614	2	0.1087574
279	729	3	0.10801655
279	766	4	0.10696269
279	237	5	0.10289954
279	639	6	0.097473286
279	826	7	0.09733355
279	263	8	0.096047245
279	137	9	0.09423308
279	122	10	0.0908863
307	639	1	0.17646292
307	184	2	0.15820345
307	94	3	0.14405215
307	703	4	0.14087269
307	198	5	0.12267819
307	258	6	0.10791967
307	56	7	0.1042511
307	799	8	0.10349292
307	242	9	0.10243092
307	29	10	0.10051857
134	751	1	0.11513452
134	190	2	0.10906553
134	959	3	0.10542841
134	618	4	0.102903165
134	251	5	0.10021669
134	829	6	0.09902745
134	161	7	0.095369786
134	626	8	0.09246373
134	838	9	0.09208319
134	761	10	0.0910137
217	462	1	0.15653105
217	923	2	0.13520356
217	275	3	0.12952584
217	918	4	0.115983285
217	42	5	0.115977705
217	957	6	0.115810856
217	159	7	0.114942595
217	407	8	0.11246474
217	171	9	0.108638704
217	182	10	0.10538543
248	837	1	0.11636643
248	908	2	0.11617449
248	693	3	0.10465735
248	8	4	0.1021434
248	712	5	0.09680618
248	184	6	0.09629564
248	496	7	0.09600662
248	72	8	0.09599313
248	451	9	0.0955648
248	462	10	0.09447011
604	305	1	0.12875473
604	932	2	0.108254224
604	170	3	0.08997168
604	919	4	0.088672526
604	494	5	0.08725112
604	298	6	0.08419768
604	218	7	0.082723856
604	592	8	0.08252958
604	928	9	0.08099134
604	705	10	0.079781465
510	918	1	0.16567416
510	590	2	0.107627146
510	908	3	0.1061881
510	383	4	0.10348961
510	260	5	0.102586344
510	187	6	0.101312935
510	490	7	0.10030584
510	532	8	0.09340745
510	923	9	0.09223682
510	302	10	0.09117362
322	703	1	0.17249975
322	106	2	0.15623514
322	585	3	0.1458122
322	753	4	0.13757364
322	59	5	0.13266107
322	65	6	0.13070235
322	323	7	0.12835655
322	42	8	0.12561831
322	387	9	0.11954692
322	357	10	0.11858058
32	181	1	0.15015668
32	705	2	0.13866901
32	834	3	0.120812386
32	590	4	0.11215065
32	255	5	0.11013844
32	609	6	0.10593333
32	856	7	0.10533076
32	918	8	0.1002205
32	819	9	0.09756559
32	65	10	0.09754179
625	704	1	0.14059898
625	618	2	0.13421161
625	906	3	0.11258048
625	242	4	0.10707343
625	742	5	0.10244613
625	871	6	0.1001475
625	816	7	0.10011801
625	918	8	0.097360715
625	538	9	0.096869074
625	590	10	0.09556295
278	512	1	0.11616038
278	584	2	0.112137645
278	295	3	0.10853729
278	950	4	0.107823886
278	478	5	0.104965344
278	184	6	0.10175966
278	137	7	0.094815746
278	245	8	0.09409116
278	627	9	0.093233764
278	540	10	0.09257024
654	629	1	0.40019748
654	986	2	0.28879738
654	643	3	0.2545091
654	888	4	0.23486888
654	925	5	0.21651176
654	521	6	0.20545168
654	570	7	0.2037789
654	394	8	0.16462852
654	344	9	0.16239364
654	55	10	0.1565301
426	825	1	0.21030119
426	182	2	0.18379432
426	36	3	0.1606228
426	761	4	0.15999457
426	184	5	0.15733086
426	916	6	0.15032035
426	488	7	0.14573732
426	412	8	0.14458969
426	725	9	0.13305049
426	33	10	0.12938176
10	233	1	0.20587066
10	360	2	0.13700154
10	41	3	0.12980476
10	590	4	0.119228825
10	797	5	0.11464997
10	608	6	0.110147655
10	464	7	0.10874446
10	324	8	0.107757725
10	439	9	0.10762398
10	583	10	0.10675794
75	561	1	0.13651215
75	360	2	0.12946373
75	317	3	0.124160744
75	114	4	0.12250598
75	42	5	0.12234081
75	246	6	0.12069106
75	260	7	0.1093203
75	853	8	0.10852525
75	524	9	0.09998694
75	67	10	0.09821935
518	629	1	0.13287753
518	142	2	0.13202767
518	485	3	0.12247776
518	380	4	0.111733325
518	119	5	0.11060193
518	726	6	0.09768079
518	53	7	0.09035928
518	917	8	0.08683713
518	712	9	0.08647997
518	323	10	0.08233708
50	632	1	0.13840394
50	57	2	0.12836374
50	653	3	0.11677138
50	629	4	0.11381538
50	240	5	0.11043792
50	965	6	0.10622682
50	54	7	0.10250928
50	180	8	0.0996401
50	387	9	0.09613754
50	605	10	0.09565921
590	94	1	0.17530459
590	401	2	0.13653708
590	986	3	0.13634908
590	72	4	0.11466761
590	473	5	0.11300241
590	184	6	0.10992269
590	553	7	0.10819909
590	859	8	0.106311336
590	927	9	0.10446434
590	67	10	0.10331587
164	584	1	0.16406506
164	736	2	0.1551171
164	452	3	0.15197279
164	315	4	0.13435611
164	320	5	0.1233118
164	131	6	0.12147559
164	343	7	0.1170364
164	415	8	0.11305927
164	502	9	0.11301841
164	950	10	0.11254328
236	360	1	0.1713224
236	32	2	0.15479873
236	384	3	0.113728434
236	113	4	0.109255075
236	826	5	0.10861829
236	268	6	0.108569816
236	759	7	0.10393539
236	344	8	0.10242723
236	51	9	0.10164452
236	462	10	0.09983872
151	266	1	0.13377321
151	748	2	0.12847015
151	57	3	0.12014134
151	215	4	0.1121241
151	666	5	0.10710676
151	268	6	0.106679216
151	518	7	0.104859255
151	240	8	0.10423353
151	460	9	0.10113723
151	727	10	0.09349972
608	454	1	0.115104064
608	707	2	0.11489312
608	655	3	0.11328984
608	223	4	0.10576649
608	871	5	0.10041749
608	627	6	0.098027155
608	55	7	0.09668805
608	431	8	0.09583627
608	48	9	0.09484211
608	882	10	0.094773054
183	590	1	0.13774693
183	487	2	0.11912922
183	763	3	0.1136952
183	931	4	0.11001672
183	606	5	0.10811269
183	364	6	0.107648596
183	319	7	0.106287405
183	655	8	0.105424285
183	558	9	0.10447924
183	59	10	0.10257508
34	369	1	0.18425956
34	765	2	0.13232946
34	353	3	0.12633152
34	409	4	0.12351899
34	636	5	0.11833188
34	622	6	0.11573285
34	460	7	0.1129421
34	65	8	0.11053779
34	324	9	0.106963836
34	443	10	0.10676433
191	94	1	0.1715977
191	742	2	0.15789299
191	443	3	0.14173599
191	910	4	0.13268739
191	549	5	0.12697461
191	244	6	0.12674329
191	422	7	0.11998863
191	387	8	0.119947545
191	219	9	0.11990094
191	620	10	0.11602885
435	372	1	0.124744
435	237	2	0.12405201
435	97	3	0.11953162
435	110	4	0.118289515
435	387	5	0.10520391
435	94	6	0.103403926
435	336	7	0.09525255
435	548	8	0.09012675
435	503	9	0.087410875
435	364	10	0.08620769
643	94	1	0.12968037
643	343	2	0.10362592
643	84	3	0.09618473
643	878	4	0.09371671
643	118	5	0.08908653
643	602	6	0.089004196
643	527	7	0.08879137
643	358	8	0.08802773
643	322	9	0.08428781
643	415	10	0.081056476
324	85	1	0.11694739
324	518	2	0.09968781
324	401	3	0.09573728
324	627	4	0.09251049
324	112	5	0.09100698
324	504	6	0.08235636
324	88	7	0.0820626
324	618	8	0.08188026
324	448	9	0.08159354
324	838	10	0.07977757
457	521	1	0.138833
457	886	2	0.123343356
457	598	3	0.11835162
457	108	4	0.10678692
457	681	5	0.106607206
457	638	6	0.101958245
457	953	7	0.1001727
457	181	8	0.09888339
457	820	9	0.09873274
457	986	10	0.098582536
364	264	1	0.17596188
364	107	2	0.14395583
364	824	3	0.13335823
364	81	4	0.1276108
364	230	5	0.122533
364	708	6	0.11804113
364	685	7	0.11091835
364	256	8	0.108773574
364	911	9	0.107158765
364	655	10	0.10285515
219	862	1	0.12033357
219	701	2	0.116470784
219	705	3	0.11160989
219	161	4	0.10819484
219	447	5	0.1053209
219	344	6	0.103819296
219	462	7	0.10311675
219	274	8	0.1021049
219	826	9	0.09884755
219	78	10	0.09448965
619	619	1	0.13324864
619	184	2	0.121799156
619	190	3	0.11515534
619	274	4	0.10998549
619	514	5	0.097896524
619	756	6	0.09609397
619	20	7	0.09521135
619	736	8	0.09195228
619	976	9	0.09160338
619	570	10	0.090939835
612	761	1	0.18644142
612	859	2	0.15907802
612	961	3	0.15897843
612	796	4	0.15789554
612	520	5	0.1570551
612	57	6	0.15696038
612	282	7	0.13107687
612	473	8	0.13016617
612	923	9	0.12630674
612	317	10	0.11798759
286	809	1	0.17869559
286	136	2	0.1646077
286	42	3	0.16194165
286	466	4	0.15414038
286	360	5	0.12065702
286	850	6	0.11529455
286	192	7	0.1144556
286	343	8	0.11088017
286	712	9	0.11040293
286	185	10	0.10950197
53	315	1	0.13837318
53	203	2	0.13237967
53	891	3	0.113097005
53	161	4	0.111803465
53	525	5	0.11141678
53	677	6	0.10946481
53	909	7	0.10679941
53	185	8	0.10417999
53	452	9	0.10189685
53	460	10	0.101789236
409	760	1	0.13924819
409	55	2	0.13912705
409	280	3	0.13658331
409	935	4	0.12965792
409	455	5	0.12493955
409	1	6	0.12056359
409	968	7	0.117113
409	810	8	0.116239384
409	698	9	0.11514215
409	685	10	0.113800704
96	695	1	0.13603933
96	766	2	0.10652522
96	703	3	0.10616596
96	660	4	0.10558449
96	809	5	0.099288784
96	724	6	0.096926115
96	36	7	0.09585047
96	398	8	0.09172741
96	796	9	0.091651864
96	631	10	0.088336185
189	57	1	0.111903146
189	957	2	0.10976062
189	294	3	0.10750081
189	819	4	0.105694726
189	712	5	0.10376276
189	685	6	0.1035772
189	705	7	0.103458785
189	163	8	0.10212913
189	197	9	0.0953273
189	189	10	0.09162303
498	274	1	0.12890011
498	720	2	0.12578659
498	438	3	0.122415245
498	708	4	0.12115414
498	344	5	0.11678043
498	48	6	0.11218518
498	986	7	0.11198489
498	387	8	0.11011198
498	562	9	0.10556605
498	314	10	0.103569716
152	184	1	0.15549117
152	175	2	0.15114254
152	893	3	0.1215721
152	546	4	0.10028462
152	670	5	0.09525958
152	920	6	0.09409484
152	275	7	0.091028586
152	517	8	0.090070926
152	568	9	0.089901626
152	448	10	0.08918967
259	553	1	0.14273898
259	315	2	0.13661757
259	182	3	0.1331038
259	751	4	0.1242547
259	56	5	0.122011244
259	525	6	0.11919847
259	448	7	0.11441589
259	767	8	0.11060778
259	956	9	0.11021608
259	391	10	0.10422684
267	226	1	0.1347166
267	10	2	0.13409834
267	668	3	0.116791286
267	159	4	0.10856046
267	437	5	0.10046616
267	986	6	0.100396655
267	583	7	0.09452136
267	17	8	0.090998694
267	493	9	0.090370774
267	724	10	0.089566566
43	271	1	0.19657299
43	56	2	0.15542087
43	573	3	0.14971632
43	672	4	0.14165735
43	224	5	0.13831005
43	343	6	0.13547997
43	936	7	0.124934845
43	735	8	0.12361994
43	570	9	0.12133989
43	222	10	0.118399
542	526	1	0.17741022
542	766	2	0.16720143
542	632	3	0.1659857
542	763	4	0.14802408
542	916	5	0.14398363
542	383	6	0.13026798
542	119	7	0.12389492
542	525	8	0.12213786
542	215	9	0.116926566
542	950	10	0.112602144
477	320	1	0.13467532
477	604	2	0.1337812
477	237	3	0.123617806
477	142	4	0.121154755
477	259	5	0.11113161
477	908	6	0.10745488
477	194	7	0.10282007
477	347	8	0.09601567
477	950	9	0.09455483
477	742	10	0.09297173
76	702	1	0.11533673
76	897	2	0.11391996
76	42	3	0.111563966
76	547	4	0.108942166
76	553	5	0.10407612
76	112	6	0.10207379
76	809	7	0.09809552
76	434	8	0.09563368
76	383	9	0.08829294
76	293	10	0.08663897
9	834	1	0.12165093
9	742	2	0.11734436
9	9	3	0.108233236
9	481	4	0.10742243
9	184	5	0.1030487
9	860	6	0.09894732
9	458	7	0.097806856
9	152	8	0.09765364
9	674	9	0.09543352
9	468	10	0.09402369
311	103	1	0.12168253
311	703	2	0.11522791
311	975	3	0.10513638
311	526	4	0.09923878
311	265	5	0.097332545
311	55	6	0.096788086
311	675	7	0.09598795
311	762	8	0.09502286
311	211	9	0.09469956
311	78	10	0.09462303
44	456	1	0.12738764
44	499	2	0.12524897
44	571	3	0.12201251
44	185	4	0.10872461
44	601	5	0.10621488
44	664	6	0.099185035
44	492	7	0.09702177
44	490	8	0.09488666
44	590	9	0.09431756
44	15	10	0.093777806
91	897	1	0.14244924
91	532	2	0.11632177
91	598	3	0.11569195
91	801	4	0.11353211
91	369	5	0.10728634
91	920	6	0.10528259
91	923	7	0.1016179
91	154	8	0.09310566
91	978	9	0.0928394
91	548	10	0.09280348
325	261	1	0.14308855
325	492	2	0.13249235
325	120	3	0.11841024
325	246	4	0.1160703
325	914	5	0.10692635
325	293	6	0.10510436
325	132	7	0.10355127
325	317	8	0.10275717
325	751	9	0.10209278
325	655	10	0.09944555
52	17	1	0.15105647
52	387	2	0.14983356
52	897	3	0.12182706
52	809	4	0.12092034
52	10	5	0.1163158
52	422	6	0.11602758
52	639	7	0.10945114
52	857	8	0.10639645
52	521	9	0.10540751
52	528	10	0.1017921
116	834	1	0.1114372
116	520	2	0.11098835
116	153	3	0.108836815
116	5	4	0.100651324
116	787	5	0.09595227
116	115	6	0.09109244
116	482	7	0.08775624
116	392	8	0.08729016
116	622	9	0.086856514
116	786	10	0.0852086
144	705	1	0.18118237
144	315	2	0.15920317
144	57	3	0.13955303
144	838	4	0.12556672
144	962	5	0.123842806
144	859	6	0.12314686
144	897	7	0.11571331
144	78	8	0.11118089
144	911	9	0.10716839
144	630	10	0.10380109
139	819	1	0.17930707
139	246	2	0.15636721
139	434	3	0.14166474
139	761	4	0.13481075
139	282	5	0.13327593
139	8	6	0.13007653
139	717	7	0.12821575
139	78	8	0.12660493
139	51	9	0.12064028
139	709	10	0.10793742
615	970	1	0.11133607
615	535	2	0.111158006
615	694	3	0.11111738
615	82	4	0.10383188
615	723	5	0.102690265
615	585	6	0.10169802
615	67	7	0.10101302
615	840	8	0.09933125
615	120	9	0.09774639
615	674	10	0.09697537
629	908	1	0.1723676
629	963	2	0.12717889
629	260	3	0.12664625
629	571	4	0.11586264
629	470	5	0.10353916
629	697	6	0.10243958
629	941	7	0.10116696
629	484	8	0.09966686
629	132	9	0.09947486
629	17	10	0.09833714
533	809	1	0.15228447
533	320	2	0.12634641
533	97	3	0.11965476
533	42	4	0.11035727
533	113	5	0.10929866
533	343	6	0.10666265
533	530	7	0.09642109
533	25	8	0.09512429
533	702	9	0.092871934
533	864	10	0.09034079
230	672	1	0.14668676
230	9	2	0.13711882
230	224	3	0.12985799
230	127	4	0.12888342
230	259	5	0.12581092
230	838	6	0.1208969
230	36	7	0.117618114
230	187	8	0.11141522
230	294	9	0.107930824
230	955	10	0.10463404
165	154	1	0.17381993
165	629	2	0.15278506
165	643	3	0.15004759
165	498	4	0.14008085
165	704	5	0.13987595
165	211	6	0.13604078
165	819	7	0.12987773
165	235	8	0.12761524
165	398	9	0.12686092
165	409	10	0.11999631
593	918	1	0.18701811
593	632	2	0.17937025
593	678	3	0.15201911
593	748	4	0.14517917
593	215	5	0.14118993
593	48	6	0.14116871
593	187	7	0.13741454
593	758	8	0.1281093
593	439	9	0.123832755
593	785	10	0.12178545
181	907	1	0.14516547
181	864	2	0.13443029
181	59	3	0.13354339
181	113	4	0.122134484
181	94	5	0.11859147
181	360	6	0.11545648
181	207	7	0.10942865
181	823	8	0.10602255
181	800	9	0.1056146
181	617	10	0.10061529
11	569	1	0.12009976
11	185	2	0.11860283
11	526	3	0.115139574
11	317	4	0.11500597
11	705	5	0.11281936
11	639	6	0.11117347
11	107	7	0.10514311
11	790	8	0.10461761
11	17	9	0.099037275
11	82	10	0.09674093
522	584	1	0.16523618
522	383	2	0.14090112
522	897	3	0.10349502
522	639	4	0.101740055
522	494	5	0.101373404
522	736	6	0.10115321
522	839	7	0.098158166
522	844	8	0.09557617
522	742	9	0.094660304
522	697	10	0.08973171
162	42	1	0.13858362
162	897	2	0.12690619
162	530	3	0.11895117
162	289	4	0.10758672
162	335	5	0.10325342
162	467	6	0.09990358
162	343	7	0.097384386
162	466	8	0.09497472
162	436	9	0.0914825
162	826	10	0.091358066
235	263	1	0.12832734
235	226	2	0.12599427
235	852	3	0.0973157
235	797	4	0.0938396
235	194	5	0.09277348
235	667	6	0.09132908
235	401	7	0.09094398
235	697	8	0.08877066
235	360	9	0.0872481
235	501	10	0.087194964
280	611	1	0.14263755
280	798	2	0.13857365
280	1	3	0.13197356
280	570	4	0.129104
280	585	5	0.12278028
280	271	6	0.12267751
280	868	7	0.10903255
280	726	8	0.10492788
280	321	9	0.100977615
280	288	10	0.10011845
292	55	1	0.12023282
292	448	2	0.107609816
292	546	3	0.10603903
292	753	4	0.10475321
292	218	5	0.10327458
292	462	6	0.094200924
292	56	7	0.089333415
292	857	8	0.089009
292	193	9	0.0887232
292	238	10	0.08402093
527	897	1	0.17509244
527	299	2	0.12699547
527	473	3	0.12349104
527	504	4	0.123473726
527	36	5	0.11496937
527	951	6	0.10777649
527	184	7	0.10470586
527	965	8	0.10445008
527	48	9	0.10437497
527	584	10	0.102152504
428	944	1	0.17242499
428	387	2	0.15005878
428	987	3	0.13471983
428	513	4	0.13143678
428	969	5	0.12813419
428	867	6	0.12615731
428	372	7	0.12327652
428	452	8	0.11744273
428	571	9	0.114353016
428	514	10	0.114066884
135	8	1	0.1685994
135	94	2	0.13780087
135	261	3	0.11786902
135	431	4	0.10296828
135	383	5	0.09975236
135	237	6	0.098426744
135	655	7	0.08887088
135	627	8	0.0845702
135	967	9	0.08344974
135	918	10	0.08299506
254	401	1	0.26654506
254	986	2	0.23785724
254	521	3	0.17665951
254	585	4	0.15417124
254	119	5	0.15385504
254	171	6	0.14659566
254	633	7	0.1350368
254	287	8	0.13492008
254	928	9	0.120569676
254	925	10	0.11723972
106	841	1	0.1277101
106	629	2	0.12708062
106	761	3	0.12271391
106	72	4	0.10775149
106	59	5	0.10368231
106	908	6	0.10192682
106	853	7	0.10011535
106	708	8	0.09089933
106	337	9	0.0886562
106	985	10	0.08656692
354	611	1	0.1946003
354	916	2	0.16986606
354	173	3	0.13026743
354	344	4	0.119608946
354	918	5	0.11350299
354	78	6	0.10846122
354	319	7	0.10414507
354	211	8	0.10388541
354	508	9	0.102264166
354	72	10	0.10165483
323	261	1	0.16167186
323	369	2	0.138693
323	655	3	0.13614675
323	676	4	0.119172156
323	246	5	0.118496746
323	819	6	0.109724596
323	17	7	0.10457441
323	784	8	0.10350374
323	848	9	0.10332724
323	360	10	0.10293962
468	942	1	0.15143247
468	8	2	0.14894715
468	798	3	0.12487751
468	55	4	0.103679925
468	626	5	0.10139936
468	643	6	0.09686483
468	908	7	0.09589466
468	894	8	0.091888025
468	956	9	0.09113528
468	705	10	0.089890584
37	788	1	0.14782324
37	987	2	0.14036626
37	277	3	0.1370358
37	292	4	0.13624959
37	240	5	0.13598108
37	372	6	0.13387951
37	306	7	0.12819827
37	590	8	0.12173565
37	971	9	0.119308084
37	801	10	0.11289579
213	182	1	0.19711861
213	265	2	0.17106792
213	29	3	0.14313084
213	240	4	0.14285892
213	571	5	0.14231727
213	931	6	0.13565537
213	226	7	0.13321291
213	611	8	0.13248974
213	748	9	0.13214028
213	971	10	0.12306627
552	327	1	0.1274344
552	742	2	0.12641135
552	629	3	0.10760131
552	320	4	0.106565416
552	964	5	0.100618534
552	878	6	0.09966916
552	330	7	0.0995723
552	840	8	0.09826321
552	920	9	0.09791556
552	85	10	0.09735866
640	942	1	0.15188657
640	456	2	0.14986768
640	643	3	0.14128353
640	629	4	0.11949195
640	483	5	0.11779074
640	259	6	0.1110398
640	495	7	0.09971078
640	809	8	0.099569485
640	141	9	0.097451076
640	162	10	0.09468261
400	504	1	0.12737119
400	372	2	0.1192423
400	363	3	0.111580566
400	325	4	0.11116841
400	942	5	0.10793699
400	613	6	0.10381311
400	387	7	0.10363361
400	315	8	0.09996212
400	190	9	0.09710958
400	342	10	0.09594597
424	639	1	0.17702633
424	965	2	0.14980786
424	85	3	0.11488361
424	48	4	0.108488426
424	141	5	0.1048741
424	259	6	0.09755622
424	983	7	0.09524528
424	59	8	0.094708234
424	570	9	0.09256801
424	807	10	0.090633795
487	239	1	0.13272108
487	801	2	0.112299226
487	251	3	0.11179276
487	965	4	0.104533575
487	748	5	0.096793644
487	387	6	0.095457
487	506	7	0.09400159
487	987	8	0.0926175
487	959	9	0.0912293
487	94	10	0.09030338
294	448	1	0.13628936
294	553	2	0.13126422
294	651	3	0.12423877
294	233	4	0.12381531
294	144	5	0.12202113
294	314	6	0.116695
294	61	7	0.113384694
294	182	8	0.105496794
294	751	9	0.10313815
294	187	10	0.097526185
381	761	1	0.18683457
381	401	2	0.15008545
381	323	3	0.14850412
381	218	4	0.12638354
381	207	5	0.12460539
381	241	6	0.119786695
381	17	7	0.11616546
381	630	8	0.11501318
381	112	9	0.11416708
381	177	10	0.111170664
54	395	1	0.1281222
54	237	2	0.11951579
54	567	3	0.11708753
54	549	4	0.11653301
54	162	5	0.11546127
54	629	6	0.1151253
54	628	7	0.11375902
54	897	8	0.10915968
54	742	9	0.10796758
54	473	10	0.10342641
205	629	1	0.2186374
205	986	2	0.18225464
205	31	3	0.14500143
205	314	4	0.13237068
205	888	5	0.12919217
205	344	6	0.12000842
205	928	7	0.11403739
205	643	8	0.11145756
205	317	9	0.110839665
205	112	10	0.10902393
47	398	1	0.12429107
47	742	2	0.11920108
47	441	3	0.10781665
47	657	4	0.10487999
47	48	5	0.09770323
47	841	6	0.097595714
47	629	7	0.09705873
47	211	8	0.09564365
47	976	9	0.09260394
47	725	10	0.091423914
363	55	1	0.16730429
363	343	2	0.13659059
363	154	3	0.13569924
363	462	4	0.13303702
363	225	5	0.13016509
363	8	6	0.12569693
363	57	7	0.109794445
363	280	8	0.1073806
363	32	9	0.105575606
363	617	10	0.10461105
140	72	1	0.13336259
140	819	2	0.12245322
140	8	3	0.1165148
140	618	4	0.102699
140	886	5	0.102683656
140	171	6	0.10016307
140	343	7	0.09500034
140	484	8	0.0934408
140	360	9	0.093382254
140	246	10	0.09100786
475	321	1	0.14192992
475	585	2	0.13865137
475	136	3	0.12421383
475	323	4	0.12023574
475	570	5	0.11847257
475	462	6	0.117817186
475	295	7	0.11780842
475	572	8	0.11278454
475	699	9	0.10991001
475	9	10	0.10854826
82	460	1	0.17374684
82	848	2	0.15741663
82	963	3	0.13121405
82	897	4	0.123456724
82	401	5	0.12174539
82	299	6	0.117888816
82	835	7	0.099805176
82	9	8	0.098979756
82	567	9	0.08957334
82	368	10	0.089058615
507	585	1	0.1420944
507	323	2	0.13084064
507	8	3	0.12589301
507	629	4	0.123080075
507	481	5	0.10816486
507	832	6	0.10708606
507	215	7	0.09956048
507	857	8	0.09930518
507	31	9	0.09665943
507	190	10	0.09565337
4	703	1	0.1155288
4	418	2	0.10649174
4	374	3	0.10054533
4	520	4	0.0969164
4	461	5	0.09647039
4	208	6	0.09563993
4	823	7	0.09222035
4	756	8	0.087275475
4	404	9	0.08358846
4	563	10	0.08198394
271	104	1	0.11328271
271	589	2	0.110680796
271	553	3	0.10748197
271	440	4	0.103865966
271	620	5	0.10308759
271	228	6	0.09808071
271	932	7	0.09770121
271	379	8	0.09673515
271	969	9	0.09333523
271	573	10	0.09330391
605	748	1	0.1571225
605	929	2	0.14438978
605	959	3	0.13374351
605	372	4	0.12984554
605	629	5	0.12505718
605	4	6	0.12344356
605	976	7	0.120621994
605	947	8	0.11619026
605	352	9	0.112567246
605	325	10	0.11012091
484	8	1	0.12828152
484	94	2	0.11192679
484	798	3	0.10497326
484	487	4	0.10266857
484	525	5	0.101645306
484	355	6	0.09744485
484	32	7	0.09582429
484	736	8	0.0957771
484	72	9	0.09430145
484	394	10	0.092555024
568	226	1	0.15764606
568	725	2	0.15227526
568	957	3	0.13329835
568	704	4	0.115144394
568	415	5	0.11325078
568	908	6	0.113068245
568	598	7	0.11289853
568	618	8	0.11240248
568	401	9	0.11075321
568	651	10	0.108309925
520	618	1	0.13278355
520	650	2	0.12757994
520	525	3	0.11530198
520	280	4	0.110860944
520	908	5	0.10458783
520	522	6	0.10277769
520	65	7	0.10129869
520	78	8	0.10013899
520	562	9	0.098487765
520	419	10	0.09808226
51	629	1	0.13237883
51	360	2	0.11149214
51	8	3	0.103189215
51	17	4	0.10300931
51	181	5	0.09443046
51	427	6	0.094064415
51	795	7	0.09090067
51	184	8	0.090262026
51	797	9	0.079842694
51	246	10	0.076861426
125	175	1	0.14919746
125	908	2	0.14905278
125	398	3	0.14539984
125	611	4	0.12802614
125	265	5	0.12579027
125	644	6	0.1243652
125	78	7	0.122534424
125	829	8	0.12191098
125	345	9	0.11466928
125	209	10	0.110707425
553	325	1	0.15258916
553	260	2	0.12656143
553	31	3	0.11959139
553	268	4	0.11572691
553	573	5	0.11321509
553	976	6	0.105761304
553	225	7	0.1028219
553	904	8	0.10182979
553	825	9	0.10011472
553	908	10	0.09868487
128	57	1	0.15698855
128	585	2	0.1302369
128	640	3	0.11718942
128	190	4	0.11711212
128	8	5	0.10689027
128	807	6	0.099993795
128	78	7	0.09643495
128	439	8	0.08916798
128	932	9	0.088514656
128	307	10	0.08539413
353	697	1	0.16581872
353	401	2	0.15674004
353	918	3	0.12085971
353	801	4	0.10451077
353	585	5	0.1031634
353	505	6	0.10014079
353	380	7	0.097195834
353	698	8	0.096018866
353	50	9	0.09460602
353	926	10	0.093563594
559	369	1	0.14185789
559	55	2	0.1347188
559	394	3	0.13248564
559	65	4	0.13062629
559	585	5	0.12273143
559	271	6	0.10168382
559	734	7	0.09771889
559	120	8	0.09734985
559	571	9	0.09513175
559	161	10	0.092958525
149	8	1	0.18466336
149	819	2	0.16849826
149	973	3	0.16818434
149	94	4	0.16510472
149	629	5	0.15866882
149	184	6	0.153644
149	748	7	0.14149532
149	263	8	0.13803563
149	561	9	0.12596759
149	474	10	0.12548909
313	725	1	0.11124532
313	264	2	0.108694464
313	422	3	0.10591721
313	387	4	0.09695786
313	545	5	0.088559546
313	809	6	0.08754625
313	964	7	0.08397515
313	818	8	0.083648704
313	571	9	0.08169354
313	673	10	0.07122496
591	629	1	0.2326009
591	918	2	0.16105193
591	57	3	0.15356094
591	643	4	0.148907
591	364	5	0.12906182
591	503	6	0.12407656
591	205	7	0.12203121
591	177	8	0.11611156
591	761	9	0.11548943
591	78	10	0.10928769
45	655	1	0.13226926
45	55	2	0.12571676
45	265	3	0.12167641
45	8	4	0.121079996
45	321	5	0.11159816
45	695	6	0.10647456
45	611	7	0.10421738
45	51	8	0.100281
45	383	9	0.09452991
45	59	10	0.0935175
531	216	1	0.14984538
531	735	2	0.11184552
531	28	3	0.10985001
531	39	4	0.10842998
531	222	5	0.10659383
531	689	6	0.10148734
531	834	7	0.09471547
531	670	8	0.09340666
531	417	9	0.08964012
531	233	10	0.08954573
118	568	1	0.14342998
118	224	2	0.14305069
118	17	3	0.14223337
118	569	4	0.14040038
118	48	5	0.12839967
118	521	6	0.11476185
118	867	7	0.11291286
118	401	8	0.111760154
118	846	9	0.111754805
118	439	10	0.10655126
223	627	1	0.21657135
223	838	2	0.16570954
223	892	3	0.13651715
223	407	4	0.12501477
223	756	5	0.12443341
223	848	6	0.12441583
223	187	7	0.12161021
223	529	8	0.11750883
223	584	9	0.11659354
223	314	10	0.116291255
574	585	1	0.17004484
574	8	2	0.16064808
574	918	3	0.14360592
574	364	4	0.14245228
574	56	5	0.1334083
574	376	6	0.12443959
574	47	7	0.11705965
574	271	8	0.09638204
574	801	9	0.09239401
574	672	10	0.08992211
81	340	1	0.123129584
81	119	2	0.12173638
81	662	3	0.11681126
81	897	4	0.10911847
81	669	5	0.1084413
81	314	6	0.107431024
81	740	7	0.106176384
81	987	8	0.09860894
81	935	9	0.09722048
81	595	10	0.09558428
406	775	1	0.16206983
406	584	2	0.12687889
406	211	3	0.110237986
406	909	4	0.10995254
406	976	5	0.10644049
406	620	6	0.10609327
406	933	7	0.10534991
406	466	8	0.10524459
406	857	9	0.103053376
406	614	10	0.09730613
209	260	1	0.12880291
209	526	2	0.12363191
209	57	3	0.12315895
209	724	4	0.11563952
209	923	5	0.107950516
209	137	6	0.102662094
209	969	7	0.095743574
209	965	8	0.09542757
209	737	9	0.095066346
209	918	10	0.09483755
15	908	1	0.16639996
15	187	2	0.16590872
15	321	3	0.16273949
15	561	4	0.16136083
15	42	5	0.16022785
15	343	6	0.1497747
15	865	7	0.13662507
15	48	8	0.1338078
15	918	9	0.12233752
15	501	10	0.11790021
90	629	1	0.17856386
90	65	2	0.17197564
90	753	3	0.16632025
90	314	4	0.15807137
90	521	5	0.15745118
90	570	6	0.15710042
90	986	7	0.14565656
90	364	8	0.13755786
90	119	9	0.128523
90	287	10	0.12614055
595	55	1	0.17434053
595	257	2	0.16505119
595	94	3	0.1506173
595	888	4	0.14689022
595	211	5	0.14626104
595	455	6	0.13700624
595	295	7	0.136839
595	803	8	0.13474286
595	846	9	0.13468279
595	444	10	0.1335845
250	398	1	0.14714478
250	766	2	0.12554555
250	320	3	0.113134794
250	55	4	0.1128633
250	10	5	0.109888464
250	456	6	0.10969542
250	175	7	0.10961879
250	163	8	0.10834214
250	801	9	0.10818027
250	942	10	0.10471268
418	240	1	0.13544661
418	136	2	0.12437678
418	175	3	0.11495315
418	94	4	0.11270036
418	228	5	0.108341746
418	748	6	0.10439643
418	618	7	0.102825016
418	751	8	0.08931155
418	452	9	0.08841964
418	585	10	0.08601493
120	315	1	0.15927684
120	959	2	0.10708116
120	400	3	0.10379259
120	347	4	0.09999178
120	443	5	0.09958999
120	247	6	0.09566059
120	531	7	0.09470448
120	711	8	0.093692
120	43	9	0.09341464
120	506	10	0.08856401
104	67	1	0.1319055
104	175	2	0.12158389
104	229	3	0.118684955
104	841	4	0.116038084
104	923	5	0.11253869
104	328	6	0.106861085
104	483	7	0.10354979
104	656	8	0.09893705
104	712	9	0.094173096
104	571	10	0.090375066
639	618	1	0.15368806
639	861	2	0.10883419
639	986	3	0.1048594
639	263	4	0.098705605
639	67	5	0.09780239
639	165	6	0.096900485
639	929	7	0.09647703
639	717	8	0.09604865
639	513	9	0.09202384
639	5	10	0.088164926
123	748	1	0.17972709
123	52	2	0.14127252
123	182	3	0.14117512
123	965	4	0.1304283
123	92	5	0.11562283
123	651	6	0.113432825
123	64	7	0.10831416
123	468	8	0.098552786
123	441	9	0.09683449
123	720	10	0.09633881
403	701	1	0.14789926
403	310	2	0.11730979
403	36	3	0.11094421
403	133	4	0.09995283
403	224	5	0.09318847
403	344	6	0.09247269
403	487	7	0.09223336
403	74	8	0.091089614
403	8	9	0.09084594
403	225	10	0.090836145
583	42	1	0.1664244
583	325	2	0.14550987
583	898	3	0.12653306
583	748	4	0.12518358
583	279	5	0.122695364
583	55	6	0.11858684
583	462	7	0.11705017
583	740	8	0.11423117
583	113	9	0.114031635
583	775	10	0.10475742
627	55	1	0.14527762
627	360	2	0.14005521
627	725	3	0.109853074
627	557	4	0.105644494
627	841	5	0.103923276
627	240	6	0.10343492
627	88	7	0.10325554
627	727	8	0.09670898
627	80	9	0.095214784
627	587	10	0.09312807
172	288	1	0.11217398
172	278	2	0.11011225
172	487	3	0.10971443
172	268	4	0.10863678
172	13	5	0.10731796
172	573	6	0.10078305
172	662	7	0.0963829
172	650	8	0.090412945
172	827	9	0.08498951
172	825	10	0.08449681
449	742	1	0.15175965
449	309	2	0.11280959
449	369	3	0.10733384
449	246	4	0.102807894
449	550	5	0.10155098
449	320	6	0.10118579
449	826	7	0.098278984
449	197	8	0.09762439
449	79	9	0.09724878
449	695	10	0.096277446
471	639	1	0.11730412
471	985	2	0.11314729
471	888	3	0.11048542
471	908	4	0.10418229
471	173	5	0.098868325
471	770	6	0.09030054
471	222	7	0.09012755
471	611	8	0.08827433
471	942	9	0.08805395
471	2	10	0.08493932
276	9	1	0.23027162
276	584	2	0.22053039
276	360	3	0.22000197
276	295	4	0.21695891
276	448	5	0.2012079
276	742	6	0.18983908
276	858	7	0.18725234
276	473	8	0.16774648
276	697	9	0.1611493
276	815	10	0.15944895
185	48	1	0.14293015
185	632	2	0.14265512
185	858	3	0.12497987
185	173	4	0.1179957
185	716	5	0.11572844
185	343	6	0.110308446
185	491	7	0.1053937
185	15	8	0.10516521
185	461	9	0.104570635
185	569	10	0.102615714
581	976	1	0.1825301
581	761	2	0.1577375
581	343	3	0.155633
581	703	4	0.14275403
581	17	5	0.13984033
581	56	6	0.13877413
581	215	7	0.13433747
581	344	8	0.13351575
581	897	9	0.13168474
581	94	10	0.12859288
642	470	1	0.15867005
642	770	2	0.15420036
642	564	3	0.13555358
642	410	4	0.13437691
642	692	5	0.1295032
642	487	6	0.122747734
642	618	7	0.12080854
642	663	8	0.11894272
642	369	9	0.11850087
642	583	10	0.11460945
85	839	1	0.108009845
85	176	2	0.106806725
85	299	3	0.10562881
85	696	4	0.10212156
85	294	5	0.101683974
85	617	6	0.098305896
85	460	7	0.094001606
85	643	8	0.09338279
85	42	9	0.09033625
85	95	10	0.088213935
1	611	1	0.1311819
1	761	2	0.12827744
1	703	3	0.12235568
1	343	4	0.12234751
1	986	5	0.115932815
1	82	6	0.10466063
1	175	7	0.10440271
1	96	8	0.10318293
1	93	9	0.09259205
1	570	10	0.091174185
511	198	1	0.15708573
511	705	2	0.14293009
511	136	3	0.13460338
511	389	4	0.12339531
511	738	5	0.11218443
511	838	6	0.110411435
511	929	7	0.109220415
511	90	8	0.10780668
511	772	9	0.105908066
511	485	10	0.097507164
431	253	1	0.1505701
431	929	2	0.124928504
431	85	3	0.1202302
431	639	4	0.11460658
431	753	5	0.106457725
431	809	6	0.10402944
431	217	7	0.10386066
431	527	8	0.10121852
431	341	9	0.09823755
431	822	10	0.097033724
539	848	1	0.16777723
539	918	2	0.15985061
539	908	3	0.14846951
539	59	4	0.14540468
539	296	5	0.14437681
539	564	6	0.12470496
539	226	7	0.11890736
539	275	8	0.11611293
539	940	9	0.11580309
539	204	10	0.11430633
495	207	1	0.10866144
495	618	2	0.094774365
495	166	3	0.09282156
495	475	4	0.08644517
495	723	5	0.08385354
495	333	6	0.080911264
495	551	7	0.07912679
495	584	8	0.078766525
495	561	9	0.078468665
495	761	10	0.07708063
103	857	1	0.1359341
103	394	2	0.1199289
103	226	3	0.11742725
103	724	4	0.11361368
103	182	5	0.10513486
103	215	6	0.103451625
103	181	7	0.10273631
103	525	8	0.10217354
103	738	9	0.10208915
103	573	10	0.09891305
203	364	1	0.15023002
203	136	2	0.14497788
203	705	3	0.12132049
203	942	4	0.11121021
203	553	5	0.11007086
203	154	6	0.10372299
203	485	7	0.1037042
203	641	8	0.096266076
203	970	9	0.095079005
203	632	10	0.09423969
341	364	1	0.1677944
341	8	2	0.12805292
341	857	3	0.12106434
341	112	4	0.10915427
341	742	5	0.09725381
341	36	6	0.094593436
341	261	7	0.09073918
341	632	8	0.08870025
341	240	9	0.08552684
341	299	10	0.085328564
503	918	1	0.13597518
503	266	2	0.13167605
503	620	3	0.12088328
503	709	4	0.120440885
503	185	5	0.118107915
503	422	6	0.11259124
503	375	7	0.11209872
503	265	8	0.109317064
503	97	9	0.10553215
503	320	10	0.10131763
389	360	1	0.13897945
389	834	2	0.12264016
389	369	3	0.11080706
389	569	4	0.107924655
389	10	5	0.107913285
389	260	6	0.105013534
389	112	7	0.103012405
389	748	8	0.09973036
389	387	9	0.09810396
389	567	10	0.09231886
536	858	1	0.14921759
536	271	2	0.14557399
536	202	3	0.13639176
536	570	4	0.12999225
536	164	5	0.118362844
536	611	6	0.11746565
536	894	7	0.114265196
536	350	8	0.11204314
536	31	9	0.11048668
536	455	10	0.10943741
594	873	1	0.120193586
594	107	2	0.11292332
594	10	3	0.112186976
594	590	4	0.10342195
594	567	5	0.09564706
594	404	6	0.09203302
594	611	7	0.09157769
594	629	8	0.0915626
594	447	9	0.091097206
594	319	10	0.08913095
623	692	1	0.12805957
623	629	2	0.11204576
623	401	3	0.11165099
623	261	4	0.11087051
623	678	5	0.11008994
623	175	6	0.10906842
623	967	7	0.10718091
623	125	8	0.10172691
623	429	9	0.09980722
623	659	10	0.09923038
291	119	1	0.124889016
291	585	2	0.11763607
291	320	3	0.11597297
291	228	4	0.102917224
291	475	5	0.101615705
291	892	6	0.09751001
291	401	7	0.09644559
291	452	8	0.092161596
291	867	9	0.09046344
291	460	10	0.088267095
147	401	1	0.1953294
147	978	2	0.18133923
147	143	3	0.13081248
147	884	4	0.12686898
147	873	5	0.1229209
147	894	6	0.118122265
147	302	7	0.11605928
147	669	8	0.11176118
147	941	9	0.11015572
147	659	10	0.10943632
385	547	1	0.13200358
385	246	2	0.11311269
385	462	3	0.10570151
385	893	4	0.10474609
385	819	5	0.1013593
385	636	6	0.10076198
385	215	7	0.10047458
385	693	8	0.099393845
385	957	9	0.0959883
385	366	10	0.09061111
242	317	1	0.1360345
242	379	2	0.13050959
242	29	3	0.124738716
242	692	4	0.123171024
242	1	5	0.12049206
242	81	6	0.12019506
242	761	7	0.11996811
242	56	8	0.11255854
242	462	9	0.10871405
242	48	10	0.10610487
268	59	1	0.15492994
268	748	2	0.15252417
268	857	3	0.14830807
268	372	4	0.13952626
268	725	5	0.13809302
268	403	6	0.13335808
268	447	7	0.12943068
268	897	8	0.1228748
268	470	9	0.11907736
268	401	10	0.109512486
132	781	1	0.14769873
132	669	2	0.11155172
132	659	3	0.10354901
132	735	4	0.10294285
132	667	5	0.10046132
132	895	6	0.09997837
132	495	7	0.09812212
132	550	8	0.09501578
132	576	9	0.09304294
132	358	10	0.0924615
157	260	1	0.16352
157	766	2	0.13893655
157	319	3	0.11725859
157	986	4	0.11691365
157	376	5	0.11599739
157	553	6	0.108412996
157	753	7	0.10741891
157	962	8	0.105521575
157	607	9	0.100992925
157	82	10	0.09976169
12	101	1	0.13520572
12	473	2	0.12501675
12	325	3	0.12162854
12	9	4	0.11060372
12	363	5	0.09934522
12	796	6	0.09639933
12	931	7	0.09393197
12	655	8	0.09365915
12	858	9	0.090843745
12	926	10	0.089980714
173	388	1	0.12293435
173	744	2	0.10960195
173	934	3	0.10769642
173	8	4	0.10652585
173	542	5	0.10569598
173	931	6	0.09877753
173	631	7	0.09849913
173	224	8	0.09536348
173	254	9	0.09141697
173	510	10	0.090898976
546	584	1	0.14730747
546	299	2	0.123399146
546	325	3	0.11714592
546	233	4	0.115272105
546	487	5	0.1099035
546	886	6	0.10267157
546	826	7	0.100454114
546	895	8	0.094587855
546	37	9	0.093916304
546	636	10	0.09241445
411	627	1	0.14921907
411	611	2	0.11359516
411	439	3	0.11160186
411	92	4	0.107558936
411	720	5	0.10343254
411	493	6	0.095426045
411	126	7	0.0951098
411	285	8	0.09080436
411	182	9	0.090016544
411	570	10	0.088426456
534	833	1	0.123416506
534	42	2	0.12063365
534	325	3	0.11229266
534	20	4	0.108811855
534	735	5	0.10212647
534	804	6	0.10201725
534	501	7	0.10185705
534	418	8	0.100263834
534	450	9	0.09774463
534	724	10	0.09577748
486	987	1	0.114812955
486	372	2	0.114295065
486	923	3	0.110121265
486	317	4	0.108285144
486	608	5	0.1081669
486	48	6	0.10751078
486	697	7	0.104876645
486	268	8	0.10480792
486	664	9	0.104744196
486	640	10	0.1007102
392	56	1	0.14115879
392	17	2	0.13735068
392	639	3	0.1348666
392	401	4	0.13123123
392	181	5	0.12517428
392	360	6	0.11247423
392	584	7	0.091953985
392	568	8	0.088445224
392	857	9	0.08580926
392	10	10	0.08228396
560	858	1	0.21140756
560	466	2	0.2007612
560	831	3	0.13315107
560	958	4	0.12986127
560	293	5	0.12919098
560	815	6	0.1224282
560	13	7	0.122409515
560	856	8	0.12042633
560	698	9	0.11595998
560	588	10	0.11174913
499	972	1	0.20493537
499	702	2	0.20435198
499	941	3	0.1826787
499	957	4	0.17992267
499	526	5	0.16661057
499	611	6	0.16542774
499	136	7	0.16043039
499	619	8	0.15756293
499	383	9	0.15450439
499	971	10	0.15283978
148	541	1	0.16656709
148	156	2	0.15337312
148	299	3	0.15272048
148	443	4	0.14983161
148	627	5	0.14273787
148	582	6	0.13988057
148	845	7	0.1394299
148	655	8	0.13933152
148	639	9	0.134347
148	179	10	0.13420641
233	441	1	0.13160259
233	586	2	0.12017062
233	251	3	0.11719599
233	857	4	0.11517383
233	209	5	0.10993933
233	394	6	0.10538065
233	282	7	0.10333273
233	600	8	0.10213729
233	159	9	0.101248235
233	931	10	0.09723018
220	655	1	0.13012224
220	56	2	0.113495454
220	455	3	0.11205485
220	238	4	0.11140954
220	657	5	0.1088312
220	573	6	0.105667084
220	766	7	0.10470651
220	923	8	0.103828564
220	639	9	0.10215941
220	364	10	0.10195304
607	401	1	0.14060304
607	629	2	0.12144807
607	908	3	0.11847371
607	695	4	0.118152924
607	923	5	0.11592331
607	2	6	0.11573388
607	660	7	0.11563086
607	226	8	0.115460634
607	229	9	0.104431674
607	744	10	0.102468245
626	237	1	0.1589904
626	976	2	0.1306204
626	607	3	0.12232982
626	8	4	0.121812955
626	526	5	0.12148626
626	742	6	0.117985584
626	851	7	0.115604125
626	807	8	0.112780064
626	725	9	0.11178915
626	584	10	0.10483234
29	42	1	0.14736035
29	470	2	0.117398776
29	780	3	0.11536607
29	584	4	0.11333449
29	966	5	0.111586764
29	514	6	0.11120485
29	383	7	0.109345675
29	497	8	0.10432504
29	59	9	0.103978604
29	800	10	0.103123546
178	314	1	0.15250148
178	790	2	0.14331079
178	209	3	0.13752471
178	462	4	0.12713587
178	618	5	0.107989214
178	916	6	0.10699732
178	266	7	0.104212195
178	177	8	0.10221624
178	514	9	0.10150221
178	511	10	0.10026723
206	321	1	0.1988546
206	233	2	0.17582294
206	560	3	0.16998938
206	171	4	0.15812339
206	460	5	0.15795463
206	508	6	0.12451353
206	230	7	0.11977276
206	564	8	0.11888248
206	106	9	0.11543024
206	523	10	0.11402031
130	929	1	0.15346338
130	661	2	0.11888898
130	240	3	0.11509612
130	372	4	0.11419852
130	328	5	0.11336087
130	4	6	0.11215117
130	561	7	0.110778295
130	702	8	0.10894502
130	864	9	0.10838438
130	320	10	0.10633325
529	119	1	0.14343715
529	629	2	0.14018959
529	184	3	0.13104653
529	209	4	0.11376399
529	32	5	0.108510934
529	459	6	0.09762525
529	643	7	0.09634122
529	618	8	0.093939364
529	708	9	0.09338008
529	888	10	0.09041284
255	329	1	0.15411249
255	401	2	0.14132792
255	441	3	0.13510658
255	878	4	0.12267543
255	665	5	0.11421277
255	59	6	0.11380893
255	717	7	0.1117219
255	527	8	0.109469205
255	575	9	0.107001975
255	585	10	0.106287986
427	660	1	0.17956841
427	584	2	0.14335999
427	42	3	0.13262409
427	923	4	0.1306584
427	344	5	0.12655407
427	215	6	0.12140042
427	857	7	0.11360557
427	36	8	0.10369485
427	233	9	0.09725924
427	113	10	0.096550316
549	184	1	0.1294742
549	475	2	0.103884116
549	182	3	0.10195246
549	933	4	0.10089655
549	57	5	0.10031928
549	705	6	0.09668122
549	568	7	0.09608939
549	416	8	0.09597766
549	478	9	0.08903152
549	293	10	0.0879761
380	487	1	0.18031213
380	525	2	0.16128041
380	573	3	0.1597049
380	175	4	0.15812778
380	916	5	0.15751469
380	187	6	0.15427795
380	532	7	0.14483818
380	94	8	0.14331223
380	233	9	0.135288
380	552	10	0.12434109
402	119	1	0.2803651
402	629	2	0.2624447
402	986	3	0.2323955
402	888	4	0.22899039
402	761	5	0.19329399
402	521	6	0.18900317
402	925	7	0.17809537
402	364	8	0.17210042
402	585	9	0.15859103
402	323	10	0.15766814
122	224	1	0.14452101
122	893	2	0.13447168
122	29	3	0.120134115
122	343	4	0.11788142
122	125	5	0.11562244
122	967	6	0.11368025
122	876	7	0.11197369
122	161	8	0.110944375
122	524	9	0.109680675
122	889	10	0.108019754
544	766	1	0.13604888
544	965	2	0.11399949
544	753	3	0.10283449
544	173	4	0.095971644
544	132	5	0.0933757
544	401	6	0.0898142
544	383	7	0.08959357
544	341	8	0.08904295
544	470	9	0.088856965
544	809	10	0.08841808
67	343	1	0.16083458
67	48	2	0.1576176
67	55	3	0.14665285
67	627	4	0.13814679
67	154	5	0.13762714
67	976	6	0.12159298
67	651	7	0.1215283
67	265	8	0.12142481
67	672	9	0.10384688
67	260	10	0.09963543
618	48	1	0.17708135
618	314	2	0.15046352
618	171	3	0.13574272
618	561	4	0.13249967
618	360	5	0.12881146
618	947	6	0.12851457
618	838	7	0.12780376
618	240	8	0.12505907
618	584	9	0.117585495
618	681	10	0.11051196
631	184	1	0.15964253
631	240	2	0.14166802
631	535	3	0.12304443
631	622	4	0.12023091
631	182	5	0.11323013
631	387	6	0.11240177
631	704	7	0.11119438
631	935	8	0.10988343
631	736	9	0.10977889
631	264	10	0.109304115
296	321	1	0.15870202
296	265	2	0.14044881
296	240	3	0.12822679
296	561	4	0.123242244
296	455	5	0.118374124
296	292	6	0.112820596
296	859	7	0.10472719
296	923	8	0.104653254
296	908	9	0.10294722
296	539	10	0.09699769
516	36	1	0.16613063
516	42	2	0.1480532
516	639	3	0.14692786
516	736	4	0.1349513
516	410	5	0.122802675
516	154	6	0.11686452
516	918	7	0.11033121
516	387	8	0.11024132
516	697	9	0.10510813
516	82	10	0.10075149
611	216	1	0.1353935
611	36	2	0.13331757
611	716	3	0.1240785
611	325	4	0.119421534
611	691	5	0.11665245
611	83	6	0.11456806
611	252	7	0.10922605
611	728	8	0.10588093
611	873	9	0.10466808
611	419	10	0.10204677
283	409	1	0.16611862
283	106	2	0.1471805
283	580	3	0.14305125
283	171	4	0.13315402
283	650	5	0.12886071
283	327	6	0.12379448
283	577	7	0.12089301
283	211	8	0.11980932
283	12	9	0.11660682
283	184	10	0.11657169
575	629	1	0.13402703
575	987	2	0.122121066
575	720	3	0.12024479
575	32	4	0.11433768
575	260	5	0.11232604
575	585	6	0.107195035
575	511	7	0.10717934
575	161	8	0.105324075
575	387	9	0.10492806
575	878	10	0.1036131
430	987	1	0.14454669
430	254	2	0.13771522
430	984	3	0.12632267
430	42	4	0.124611214
430	829	5	0.12408903
430	75	6	0.11414257
430	697	7	0.11096531
430	401	8	0.107976936
430	585	9	0.10301068
430	535	10	0.10075647
461	584	1	0.14086762
461	161	2	0.1240554
461	923	3	0.11820166
461	237	4	0.116313145
461	387	5	0.109776914
461	981	6	0.10442801
461	230	7	0.090095
461	748	8	0.09007151
461	477	9	0.08796782
461	363	10	0.08758484
266	172	1	0.12952083
266	231	2	0.11762324
266	97	3	0.11728153
266	94	4	0.11435549
266	237	5	0.11107125
266	573	6	0.10935865
266	501	7	0.10847211
266	157	8	0.104945585
266	610	9	0.10418239
266	481	10	0.102754146
635	468	1	0.15210488
635	639	2	0.105090156
635	401	3	0.09766122
635	395	4	0.09754655
635	310	5	0.097143136
635	903	6	0.09674962
635	817	7	0.08777368
635	370	8	0.08558755
635	774	9	0.083823316
635	986	10	0.08346592
616	360	1	0.14821911
616	343	2	0.14129414
616	573	3	0.13973016
616	42	4	0.13336119
616	736	5	0.13319802
616	894	6	0.12985577
616	237	7	0.09934592
616	908	8	0.094335124
616	296	9	0.091970764
616	918	10	0.09172508
62	965	1	0.13465248
62	55	2	0.13313422
62	225	3	0.12165284
62	705	4	0.115349814
62	321	5	0.114600554
62	475	6	0.11353354
62	838	7	0.11347379
62	918	8	0.10809269
62	598	9	0.10353077
62	935	10	0.094795726
24	85	1	0.16306531
24	705	2	0.14298576
24	82	3	0.1348087
24	119	4	0.12042454
24	629	5	0.11956771
24	259	6	0.118877575
24	65	7	0.11527346
24	438	8	0.11494573
24	534	9	0.11048067
24	695	10	0.10859196
110	364	1	0.14118873
110	888	2	0.1253263
110	182	3	0.12415181
110	739	4	0.11254004
110	525	5	0.10631651
110	942	6	0.0930953
110	460	7	0.0897201
110	106	8	0.08814238
110	506	9	0.08807433
110	985	10	0.087547995
193	585	1	0.23444645
193	697	2	0.20263337
193	59	3	0.19541568
193	618	4	0.18714103
193	47	5	0.18321025
193	569	6	0.16316381
193	659	7	0.16296884
193	394	8	0.15795016
193	319	9	0.15551764
193	561	10	0.1375161
412	864	1	0.119555846
412	627	2	0.118490905
412	273	3	0.10672352
412	645	4	0.10629486
412	298	5	0.10434206
412	906	6	0.10342974
412	123	7	0.10197675
412	929	8	0.09913347
412	596	9	0.09839176
412	763	10	0.09058987
58	8	1	0.17228732
58	321	2	0.14822042
58	629	3	0.14044026
58	268	4	0.13070303
58	904	5	0.11495391
58	314	6	0.11101552
58	942	7	0.11058718
58	957	8	0.10912421
58	783	9	0.1086447
58	428	10	0.10222468
648	629	1	0.16425057
648	986	2	0.11674932
648	364	3	0.11669143
648	194	4	0.10796949
648	328	5	0.1037836
648	161	6	0.10114357
648	681	7	0.09629523
648	736	8	0.09310477
648	655	9	0.090709105
648	643	10	0.088480964
390	585	1	0.18004626
390	364	2	0.17329583
390	543	3	0.1414357
390	271	4	0.13724542
390	190	5	0.13494131
390	341	6	0.1299169
390	819	7	0.12265357
390	986	8	0.119734176
390	745	9	0.11127729
390	576	10	0.109441884
558	632	1	0.1498963
558	398	2	0.13839805
558	669	3	0.11792659
558	957	4	0.11712511
558	55	5	0.11712457
558	266	6	0.11208385
558	383	7	0.11043327
558	894	8	0.10953625
558	790	9	0.10288103
558	934	10	0.10042582
6	629	1	0.17572758
6	344	2	0.14759974
6	761	3	0.14731517
6	394	4	0.121797666
6	184	5	0.1212315
6	632	6	0.11404322
6	986	7	0.10950641
6	506	8	0.10868506
6	384	9	0.107683495
6	94	10	0.106670514
93	360	1	0.14220557
93	42	2	0.11546658
93	101	3	0.11373915
93	156	4	0.10945065
93	39	5	0.10831918
93	268	6	0.108105265
93	260	7	0.104474515
93	181	8	0.104068495
93	736	9	0.10306488
93	71	10	0.096572354
384	55	1	0.1455175
384	136	2	0.14263555
384	561	3	0.1192639
384	8	4	0.11248043
384	495	5	0.10988812
384	233	6	0.104415774
384	321	7	0.10068454
384	826	8	0.100366145
384	17	9	0.09995436
384	142	10	0.09416713
624	136	1	0.18017422
624	672	2	0.14325535
624	419	3	0.124101065
624	153	4	0.11902976
624	284	5	0.116033316
624	739	6	0.11422899
624	584	7	0.110096455
624	36	8	0.10692024
624	161	9	0.10690503
624	984	10	0.10585797
360	435	1	0.11391428
360	136	2	0.11159845
360	514	3	0.101643026
360	686	4	0.09619286
360	401	5	0.095481396
360	205	6	0.09386408
360	414	7	0.092122324
360	295	8	0.09171601
360	265	9	0.089357674
360	598	10	0.085814044
488	226	1	0.1514692
488	629	2	0.14724809
488	187	3	0.14629824
488	201	4	0.1212699
488	8	5	0.107993595
488	288	6	0.10588359
488	185	7	0.103011206
488	525	8	0.10197489
488	383	9	0.10093883
488	315	10	0.09864083
358	618	1	0.12878323
358	504	2	0.10530043
358	918	3	0.10388826
358	985	4	0.0996612
358	184	5	0.09468876
358	549	6	0.092935696
358	57	7	0.09123368
358	589	8	0.09112954
358	971	9	0.08294098
358	926	10	0.081802584
272	629	1	0.23765042
272	986	2	0.19306324
272	643	3	0.17039618
272	32	4	0.1690386
272	521	5	0.15535487
272	925	6	0.14776662
272	364	7	0.14685072
272	753	8	0.133677
272	888	9	0.13051721
272	229	10	0.1302371
244	422	1	0.14564863
244	475	2	0.14147739
244	512	3	0.13484284
244	931	4	0.11989411
244	266	5	0.116009876
244	618	6	0.11567843
244	790	7	0.11435971
244	295	8	0.1083193
244	828	9	0.09980099
244	834	10	0.09858701
570	175	1	0.12825231
570	703	2	0.12264021
570	184	3	0.11499956
570	705	4	0.114729986
570	343	5	0.11208182
570	321	6	0.10373356
570	611	7	0.09650485
570	716	8	0.09606226
570	185	9	0.095785335
570	673	10	0.09518756
199	761	1	0.16904297
199	78	2	0.15868945
199	56	3	0.15584633
199	233	4	0.14717707
199	639	5	0.14269258
199	222	6	0.13717292
199	527	7	0.12548247
199	702	8	0.122455075
199	323	9	0.12243322
199	494	10	0.122046754
489	801	1	0.13120577
489	225	2	0.12167429
489	589	3	0.11674243
489	939	4	0.1158507
489	832	5	0.100614265
489	406	6	0.10051225
489	299	7	0.098542154
489	655	8	0.098205686
489	921	9	0.09707581
489	839	10	0.09457556
92	233	1	0.13441445
92	629	2	0.13237327
92	643	3	0.10686886
92	553	4	0.099558294
92	161	5	0.09698492
92	113	6	0.09401485
92	942	7	0.09090763
92	96	8	0.08790871
92	832	9	0.087772205
92	154	10	0.08733714
637	321	1	0.17638263
637	976	2	0.13370903
637	643	3	0.12994803
637	282	4	0.12111994
637	130	5	0.1144776
637	942	6	0.11398303
637	48	7	0.11179251
637	745	8	0.106706716
637	249	9	0.09795581
637	234	10	0.097853795
636	629	1	0.14980729
636	57	2	0.1026153
636	407	3	0.08915584
636	9	4	0.08649434
636	859	5	0.085981846
636	505	6	0.08307533
636	440	7	0.08289325
636	987	8	0.08268208
636	209	9	0.08187404
636	916	10	0.08064316
150	317	1	0.14132977
150	959	2	0.1221184
150	702	3	0.12097555
150	233	4	0.12004623
150	742	5	0.114464164
150	976	6	0.11065005
150	383	7	0.109437495
150	584	8	0.109033614
150	51	9	0.10417685
150	347	10	0.10232354
131	611	1	0.1266888
131	986	2	0.10987347
131	8	3	0.10116344
131	742	4	0.099187955
131	36	5	0.09608585
131	259	6	0.09603757
131	468	7	0.087292746
131	400	8	0.086122006
131	820	9	0.08341337
131	573	10	0.08288913
300	343	1	0.15536167
300	17	2	0.11530061
300	470	3	0.11264014
300	16	4	0.10559443
300	766	5	0.104527585
300	443	6	0.10219538
300	29	7	0.09079842
300	335	8	0.08883883
300	685	9	0.088135436
300	229	10	0.0872128
500	761	1	0.19088413
500	119	2	0.18915014
500	925	3	0.1879974
500	923	4	0.16696104
500	629	5	0.16491452
500	521	6	0.16353011
500	888	7	0.16185588
500	986	8	0.15058725
500	10	9	0.12933822
500	379	10	0.12595807
580	288	1	0.16501388
580	55	2	0.14257781
580	585	3	0.13916728
580	618	4	0.12248248
580	620	5	0.12108105
580	97	6	0.12078346
580	923	7	0.11999057
580	102	8	0.10690627
580	206	9	0.102134906
580	345	10	0.1020489
153	42	1	0.15287545
153	394	2	0.1454208
153	234	3	0.14107108
153	57	4	0.12648696
153	143	5	0.12241101
153	766	6	0.11472151
153	923	7	0.11463295
153	81	8	0.11304654
153	342	9	0.11147214
153	214	10	0.103946455
509	343	1	0.16035539
509	112	2	0.15557861
509	908	3	0.13251919
509	97	4	0.10790785
509	584	5	0.098475635
509	8	6	0.096969664
509	194	7	0.096137285
509	976	8	0.09410661
509	470	9	0.0915679
509	378	10	0.08706975
314	57	1	0.18020561
314	612	2	0.13365492
314	315	3	0.11994094
314	211	4	0.11803768
314	275	5	0.11610688
314	459	6	0.11322434
314	317	7	0.110971004
314	215	8	0.1101267
314	94	9	0.10779057
314	573	10	0.10336383
201	655	1	0.14936379
201	540	2	0.1335371
201	643	3	0.124402575
201	468	4	0.117186815
201	732	5	0.106320284
201	241	6	0.104128845
201	106	7	0.09812643
201	230	8	0.09449731
201	976	9	0.091852844
201	623	10	0.090103395
247	585	1	0.11876118
247	401	2	0.11846705
247	878	3	0.10553083
247	224	4	0.10517256
247	189	5	0.098397896
247	825	6	0.09622568
247	774	7	0.09156327
247	265	8	0.08783981
247	701	9	0.087533094
247	343	10	0.087511495
585	285	1	0.14642377
585	948	2	0.13996795
585	190	3	0.12292487
585	154	4	0.12228846
585	859	5	0.120665014
585	94	6	0.117624015
585	967	7	0.11218195
585	831	8	0.11057272
585	246	9	0.10700651
585	704	10	0.10478127
166	257	1	0.11285641
166	523	2	0.10853109
166	704	3	0.10587281
166	890	4	0.10281871
166	837	5	0.10079743
166	448	6	0.100725845
166	761	7	0.09965585
166	722	8	0.09306021
166	73	9	0.09173445
166	264	10	0.09140447
168	569	1	0.11788666
168	182	2	0.10934302
168	272	3	0.107913844
168	498	4	0.10641897
168	790	5	0.1040559
168	369	6	0.102420025
168	422	7	0.09952944
168	85	8	0.096620336
168	522	9	0.095533326
168	899	10	0.09497145
309	78	1	0.14649422
309	369	2	0.13445568
309	911	3	0.12551421
309	275	4	0.12298316
309	3	5	0.122815415
309	343	6	0.11579242
309	447	7	0.11115602
309	785	8	0.111154854
309	725	9	0.10928147
309	803	10	0.108704515
331	742	1	0.15138273
331	193	2	0.14992991
331	319	3	0.1247704
331	678	4	0.11951271
331	239	5	0.11931935
331	46	6	0.11708483
331	266	7	0.11696644
331	8	8	0.10726377
331	526	9	0.106910035
331	113	10	0.10619401
302	629	1	0.1632193
302	521	2	0.15059437
302	394	3	0.14076117
302	48	4	0.13839518
302	748	5	0.13439327
302	226	6	0.124071576
302	360	7	0.123554125
302	960	8	0.11905396
302	507	9	0.11684251
302	42	10	0.11649684
350	629	1	0.124249265
350	136	2	0.12310157
350	908	3	0.11885701
350	859	4	0.11142036
350	747	5	0.095671624
350	214	6	0.09308624
350	364	7	0.093021646
350	414	8	0.09233953
350	194	9	0.09095263
350	31	10	0.089338884
277	857	1	0.12280238
277	697	2	0.11132492
277	8	3	0.10863806
277	394	4	0.09857451
277	898	5	0.09420115
277	941	6	0.09335335
277	437	7	0.08951351
277	944	8	0.083055094
277	608	9	0.08289571
277	932	10	0.07916245
197	57	1	0.115226224
197	490	2	0.11134341
197	971	3	0.111049384
197	957	4	0.10590477
197	182	5	0.09809451
197	325	6	0.09139742
197	271	7	0.08995316
197	751	8	0.08826922
197	453	9	0.08642743
197	571	10	0.086250976
512	627	1	0.122812405
512	577	2	0.121761605
512	575	3	0.11832109
512	695	4	0.1030475
512	464	5	0.09065246
512	71	6	0.089241594
512	761	7	0.08920686
512	672	8	0.08429041
512	762	9	0.08243931
512	22	10	0.08233818
256	629	1	0.19331177
256	925	2	0.19103952
256	888	3	0.17219469
256	986	4	0.14336167
256	323	5	0.14247653
256	364	6	0.13969639
256	314	7	0.1341406
256	171	8	0.1317935
256	761	9	0.12958875
256	344	10	0.1231163
467	670	1	0.13809754
467	320	2	0.13345249
467	613	3	0.111991614
467	237	4	0.10628175
467	766	5	0.10474969
467	624	6	0.103871934
467	146	7	0.10338307
467	853	8	0.10190926
467	321	9	0.10009557
467	225	10	0.09971978
485	656	1	0.12274336
485	10	2	0.11843078
485	846	3	0.11386685
485	679	4	0.10980539
485	103	5	0.10058421
485	333	6	0.1002578
485	907	7	0.096355945
485	615	8	0.09362277
485	198	9	0.09005772
485	674	10	0.08935702
465	369	1	0.16084082
465	925	2	0.13275737
465	8	3	0.11314542
465	263	4	0.11167647
465	582	5	0.10673456
465	613	6	0.09843804
465	145	7	0.09724339
465	535	8	0.09666239
465	987	9	0.09121026
465	78	10	0.08219886
378	584	1	0.15428235
378	984	2	0.11919787
378	723	3	0.1189678
378	8	4	0.11308586
378	289	5	0.111379184
378	986	6	0.10838032
378	949	7	0.10742527
378	893	8	0.10526157
378	32	9	0.10304255
378	573	10	0.10142878
95	394	1	0.15544891
95	384	2	0.122397706
95	171	3	0.11901609
95	238	4	0.11456609
95	935	5	0.11282084
95	42	6	0.11049196
95	383	7	0.110144496
95	260	8	0.10651132
95	215	9	0.103663355
95	989	10	0.10195504
394	908	1	0.16712064
394	942	2	0.16111049
394	506	3	0.12659591
394	183	4	0.11414573
394	766	5	0.10598844
394	564	6	0.098247156
394	739	7	0.094570525
394	17	8	0.09247679
394	399	9	0.08878532
394	194	10	0.08825366
64	777	1	0.12397287
64	571	2	0.12036209
64	831	3	0.11277738
64	966	4	0.11050327
64	35	5	0.10876265
64	672	6	0.0994154
64	825	7	0.09855453
64	18	8	0.09166491
64	651	9	0.091082975
64	10	10	0.089336015
237	364	1	0.1413197
237	925	2	0.13396633
237	293	3	0.11438453
237	197	4	0.108146064
237	725	5	0.10253863
237	235	6	0.1002452
237	810	7	0.099235505
237	960	8	0.0983741
237	347	9	0.096590556
237	211	10	0.09649891
454	655	1	0.16160889
454	215	2	0.13627055
454	923	3	0.12350172
454	410	4	0.120909244
454	893	5	0.11671527
454	362	6	0.113667086
454	579	7	0.10931324
454	985	8	0.10590957
454	364	9	0.101870306
454	721	10	0.10004175
241	753	1	0.21055259
241	941	2	0.18086655
241	321	3	0.1395528
241	976	4	0.13318957
241	957	5	0.12894766
241	233	6	0.12827507
241	584	7	0.124829546
241	643	8	0.117756054
241	858	9	0.11490873
241	431	10	0.11334789
417	51	1	0.157453
417	246	2	0.14168862
417	573	3	0.14093702
417	443	4	0.12619929
417	984	5	0.113710925
417	548	6	0.11198676
417	182	7	0.10934115
417	650	8	0.1059764
417	372	9	0.10581624
417	467	10	0.096604764
571	237	1	0.15351948
571	116	2	0.13655482
571	187	3	0.12570482
571	772	4	0.12539956
571	310	5	0.12133522
571	557	6	0.115627974
571	505	7	0.11379435
571	58	8	0.10849004
571	120	9	0.106841475
571	448	10	0.10360081
161	487	1	0.14194444
161	154	2	0.13998012
161	8	3	0.13675125
161	629	4	0.1311678
161	120	5	0.108360454
161	671	6	0.107491255
161	643	7	0.10742572
161	903	8	0.10602172
161	840	9	0.10504138
161	473	10	0.10345796
315	394	1	0.16523808
315	57	2	0.16012785
315	705	3	0.15641895
315	655	4	0.13971496
315	524	5	0.12959653
315	252	6	0.1293647
315	834	7	0.12553868
315	462	8	0.113901675
315	329	9	0.113860294
315	752	10	0.10962315
502	175	1	0.13483338
502	260	2	0.13237938
502	486	3	0.11610824
502	161	4	0.112448215
502	292	5	0.11135602
502	627	6	0.11134109
502	524	7	0.11018021
502	651	8	0.10037151
502	667	9	0.09988375
502	43	10	0.09789516
194	448	1	0.16052148
194	268	2	0.13057153
194	383	3	0.12131205
194	203	4	0.12104997
194	260	5	0.11149694
194	487	6	0.110377945
194	976	7	0.10739671
194	94	8	0.105707645
194	343	9	0.09956445
194	908	10	0.093386695
218	462	1	0.1716961
218	631	2	0.14386915
218	42	3	0.13436425
218	325	4	0.111937106
218	677	5	0.11121228
218	448	6	0.1109048
218	418	7	0.11050531
218	292	8	0.10187298
218	705	9	0.09734043
218	31	10	0.09283319
238	21	1	0.13802615
238	260	2	0.13228884
238	317	3	0.12954621
238	797	4	0.12302698
238	561	5	0.11726482
238	224	6	0.115719125
238	46	7	0.10626138
238	42	8	0.10562906
238	598	9	0.10529316
238	312	10	0.09435917
225	967	1	0.1419131
225	261	2	0.11179389
225	65	3	0.089898616
225	154	4	0.08212141
225	539	5	0.07641018
225	78	6	0.07592168
225	799	7	0.07558273
225	743	8	0.07517735
225	639	9	0.074244305
225	55	10	0.07366392
480	401	1	0.12638758
480	681	2	0.114502035
480	627	3	0.10389057
480	443	4	0.09889351
480	704	5	0.09885344
480	260	6	0.0988272
480	504	7	0.09686458
480	159	8	0.09464452
480	738	9	0.09395227
480	384	10	0.093170464
119	136	1	0.1631906
119	766	2	0.15801677
119	702	3	0.15135092
119	624	4	0.12737185
119	199	5	0.10270052
119	198	6	0.10231991
119	420	7	0.09834866
119	525	8	0.09313139
119	264	9	0.09133847
119	461	10	0.08584228
298	598	1	0.13305297
298	314	2	0.12625092
298	360	3	0.12063244
298	260	4	0.11688528
298	987	5	0.11615832
298	0	6	0.11544388
298	101	7	0.1080933
298	187	8	0.10742831
298	773	9	0.104471326
298	97	10	0.10100894
290	317	1	0.17143786
290	321	2	0.15527593
290	761	3	0.13414702
290	436	4	0.11320547
290	639	5	0.1131615
290	288	6	0.11267087
290	200	7	0.111274034
290	635	8	0.09956937
290	839	9	0.09943469
290	414	10	0.097879976
645	119	1	0.19038627
645	888	2	0.17193282
645	766	3	0.17073034
645	643	4	0.16475856
645	660	5	0.148128
645	229	6	0.13174012
645	918	7	0.12738743
645	32	8	0.12601371
645	585	9	0.11978774
645	908	10	0.11838102
316	897	1	0.13754702
316	567	2	0.13112251
316	343	3	0.13046254
316	929	4	0.108220324
316	697	5	0.105823845
316	470	6	0.09933369
316	976	7	0.097956926
316	372	8	0.09784819
316	161	9	0.09134356
316	926	10	0.08554583
265	369	1	0.11634587
265	836	2	0.09984941
265	343	3	0.09852177
265	407	4	0.09784711
265	612	5	0.09567168
265	88	6	0.09475063
265	219	7	0.09436426
265	166	8	0.093698174
265	312	9	0.09207753
265	792	10	0.09075113
304	263	1	0.13618389
304	240	2	0.13097161
304	951	3	0.12200067
304	501	4	0.11543671
304	436	5	0.112062946
304	729	6	0.108517036
304	612	7	0.10547075
304	92	8	0.1025616
304	115	9	0.10211588
304	99	10	0.10195962
97	184	1	0.1734595
97	447	2	0.15966763
97	462	3	0.1262429
97	352	4	0.12403511
97	632	5	0.11743295
97	781	6	0.109761775
97	14	7	0.09911147
97	369	8	0.09895359
97	468	9	0.098459914
97	916	10	0.09822443
564	664	1	0.12780008
564	441	2	0.12010479
564	809	3	0.11316769
564	838	4	0.1120458
564	0	5	0.10548704
564	464	6	0.102060996
564	400	7	0.10128725
564	258	8	0.09790243
564	323	9	0.09626938
564	799	10	0.09398146
226	96	1	0.12805393
226	720	2	0.12285581
226	106	3	0.11292421
226	113	4	0.10877405
226	876	5	0.101129636
226	568	6	0.10056433
226	826	7	0.09591675
226	815	8	0.0952556
226	462	9	0.08899237
226	87	10	0.08769663
26	276	1	0.13454269
26	99	2	0.1255879
26	142	3	0.11510438
26	474	4	0.10427823
26	797	5	0.10292318
26	748	6	0.10035953
26	78	7	0.0966084
26	610	8	0.09636284
26	420	9	0.0962252
26	249	10	0.095694646
438	260	1	0.14731665
438	697	2	0.110306606
438	360	3	0.10423185
438	762	4	0.100645944
438	679	5	0.100069016
438	481	6	0.09919573
438	501	7	0.097625956
438	812	8	0.09686651
438	647	9	0.09579629
438	658	10	0.09390956
121	243	1	0.1057423
121	857	2	0.102752894
121	360	3	0.100900434
121	171	4	0.09835796
121	748	5	0.09764658
121	724	6	0.095564336
121	185	7	0.09404114
121	50	8	0.093594246
121	747	9	0.091529906
121	213	10	0.091332495
652	343	1	0.14890078
652	323	2	0.1345343
652	542	3	0.13231656
652	448	4	0.121614836
652	770	5	0.10786515
652	800	6	0.10102587
652	260	7	0.099695176
652	612	8	0.09929882
652	261	9	0.0989244
652	224	10	0.09523377
180	271	1	0.12609448
180	761	2	0.12231359
180	383	3	0.104830444
180	239	4	0.104556344
180	94	5	0.09884594
180	857	6	0.097910956
180	742	7	0.095327534
180	321	8	0.090970114
180	73	9	0.087771185
180	817	10	0.083614364
70	94	1	0.15076165
70	153	2	0.1299004
70	627	3	0.12384769
70	34	4	0.122192115
70	761	5	0.11712534
70	886	6	0.11590072
70	325	7	0.115437925
70	942	8	0.11479839
70	321	9	0.11417951
70	506	10	0.108985856
243	268	1	0.11230571
243	113	2	0.10795745
243	97	3	0.107153684
243	384	4	0.09987587
243	410	5	0.096871644
243	153	6	0.09657179
243	655	7	0.09604837
243	176	8	0.09597823
243	172	9	0.0959358
243	676	10	0.09575891
163	942	1	0.15651691
163	454	2	0.12165918
163	159	3	0.11060743
163	678	4	0.10800513
163	632	5	0.106402166
163	135	6	0.10632096
163	57	7	0.104357794
163	383	8	0.10430738
163	916	9	0.101725295
163	394	10	0.10014298
404	154	1	0.15091601
404	205	2	0.12331719
404	175	3	0.11877142
404	582	4	0.113452554
404	884	5	0.10919772
404	63	6	0.102323055
404	611	7	0.10216641
404	964	8	0.101806074
404	230	9	0.100579664
404	901	10	0.09958596
541	97	1	0.1540702
541	487	2	0.10759918
541	255	3	0.10688996
541	51	4	0.09950056
541	316	5	0.098117575
541	482	6	0.09494194
541	689	7	0.09474647
541	489	8	0.094383895
541	471	9	0.09349166
541	893	10	0.08977826
231	215	1	0.12970471
231	897	2	0.123282485
231	910	3	0.10602385
231	553	4	0.103126146
231	857	5	0.10016498
231	678	6	0.09545414
231	447	7	0.09288682
231	896	8	0.090376586
231	54	9	0.08973777
231	435	10	0.08933219
87	852	1	0.11914644
87	292	2	0.11891606
87	372	3	0.11054139
87	959	4	0.10879652
87	134	5	0.104249045
87	660	6	0.102127224
87	188	7	0.09764139
87	719	8	0.093728654
87	565	9	0.09346847
87	421	10	0.091122836
253	148	1	0.1163704
253	942	2	0.11565432
253	778	3	0.11143978
253	612	4	0.10195383
253	292	5	0.098532036
253	737	6	0.09517458
253	597	7	0.08900771
253	85	8	0.08836106
253	265	9	0.08685997
253	696	10	0.08387689
176	570	1	0.16253608
176	846	2	0.15753883
176	918	3	0.15663502
176	126	4	0.1547679
176	931	5	0.15403026
176	908	6	0.15196511
176	907	7	0.14542598
176	182	8	0.14531
176	78	9	0.14368963
176	455	10	0.13844314
84	59	1	0.16310093
84	251	2	0.14800937
84	905	3	0.12453088
84	963	4	0.12089097
84	233	5	0.11810698
84	512	6	0.117686614
84	83	7	0.115048245
84	678	8	0.11492734
84	846	9	0.111580595
84	894	10	0.11089836
77	841	1	0.12886375
77	963	2	0.0948849
77	79	3	0.09279457
77	150	4	0.09246463
77	273	5	0.08786659
77	611	6	0.08691751
77	359	7	0.08494046
77	876	8	0.08392342
77	116	9	0.0838245
77	568	10	0.08329259
317	383	1	0.12348555
317	321	2	0.11729202
317	986	3	0.112559676
317	10	4	0.111824796
317	699	5	0.11039345
317	119	6	0.107280195
317	618	7	0.10704278
317	171	8	0.10576662
317	209	9	0.0969339
317	364	10	0.096075416
234	918	1	0.16951445
234	797	2	0.11579908
234	925	3	0.112513065
234	205	4	0.09939371
234	233	5	0.09487905
234	153	6	0.093420535
234	60	7	0.09192833
234	8	8	0.089384764
234	748	9	0.088973425
234	639	10	0.08446236
537	741	1	0.12255804
537	93	2	0.12119413
537	753	3	0.11621938
537	119	4	0.11341875
537	460	5	0.113144144
537	274	6	0.1101916
537	632	7	0.1095152
537	459	8	0.106057495
537	748	9	0.0988572
537	159	10	0.098783985
21	55	1	0.11998304
21	418	2	0.11960953
21	810	3	0.11069975
21	239	4	0.11006819
21	857	5	0.097893655
21	643	6	0.09207112
21	789	7	0.091525555
21	42	8	0.091310605
21	914	9	0.088269114
21	422	10	0.08798058
617	325	1	0.14063379
617	271	2	0.10651049
617	596	3	0.1059864
617	570	4	0.105533384
617	363	5	0.10002343
617	1	6	0.09789656
617	231	7	0.09639938
617	396	8	0.09431657
617	917	9	0.092799634
617	935	10	0.09218562
5	375	1	0.14787439
5	561	2	0.14780958
5	632	3	0.13582726
5	202	4	0.11736662
5	923	5	0.1139512
5	787	6	0.11078515
5	323	7	0.10564829
5	585	8	0.1048211
5	737	9	0.10430094
5	394	10	0.1032668
299	32	1	0.10656077
299	694	2	0.102526814
299	598	3	0.100934364
299	55	4	0.098726794
299	897	5	0.09722399
299	335	6	0.08940986
299	129	7	0.087983325
299	487	8	0.08754873
299	511	9	0.08429133
299	84	10	0.08368669
440	292	1	0.1391961
440	503	2	0.1202276
440	321	3	0.1108586
440	154	4	0.10514675
440	908	5	0.10341184
440	907	6	0.1029979
440	411	7	0.09561159
440	62	8	0.092396215
440	323	9	0.09192251
440	25	10	0.091083795
326	708	1	0.13651317
326	709	2	0.122836284
326	857	3	0.11056137
326	639	4	0.10759726
326	703	5	0.10581227
326	987	6	0.10064867
326	15	7	0.09655838
326	719	8	0.09571907
326	120	9	0.089818925
326	288	10	0.08810839
455	268	1	0.13467768
455	702	2	0.11151007
455	29	3	0.098144904
455	8	4	0.097744204
455	401	5	0.09707935
455	876	6	0.09422998
455	726	7	0.09216595
455	321	8	0.08782603
455	94	9	0.08123318
455	31	10	0.08046076
338	8	1	0.12917772
338	261	2	0.12798607
338	65	3	0.12087813
338	967	4	0.11255322
338	66	5	0.112325974
338	918	6	0.11094396
338	655	7	0.10861871
338	629	8	0.107705146
338	735	9	0.106611624
338	957	10	0.104863904
68	618	1	0.16886559
68	754	2	0.11554393
68	496	3	0.10911183
68	695	4	0.106384374
68	224	5	0.10473331
68	320	6	0.10322716
68	704	7	0.10276317
68	702	8	0.099883154
68	183	9	0.09707875
68	79	10	0.09608541
456	553	1	0.1370548
456	437	2	0.13670984
456	369	3	0.13103965
456	8	4	0.10619642
456	761	5	0.105891615
456	766	6	0.10207595
456	639	7	0.096922144
456	573	8	0.09071712
456	460	9	0.09069738
456	630	10	0.08226506
610	184	1	0.13318929
610	59	2	0.11136404
610	697	3	0.11070208
610	961	4	0.110018045
610	55	5	0.10972228
610	288	6	0.09936198
610	957	7	0.09861684
610	260	8	0.09762606
610	724	9	0.09746818
610	753	10	0.09688793
275	766	1	0.15713994
275	268	2	0.10439352
275	329	3	0.09739315
275	916	4	0.095542125
275	778	5	0.093315795
275	136	6	0.08434264
275	319	7	0.082798295
275	390	8	0.082774654
275	569	9	0.082034886
275	741	10	0.08196911
337	564	1	0.12863497
337	742	2	0.12651096
337	697	3	0.118735954
337	452	4	0.106741175
337	908	5	0.09863932
337	643	6	0.093981676
337	941	7	0.09319426
337	410	8	0.09215837
337	981	9	0.08790204
337	36	10	0.08110471
567	394	1	0.14531699
567	495	2	0.14326483
567	747	3	0.14213604
567	766	4	0.12073587
567	65	5	0.11710665
567	585	6	0.10965946
567	786	7	0.106536224
567	535	8	0.104649134
567	667	9	0.10429745
567	173	10	0.100497976
212	383	1	0.12573753
212	972	2	0.1216037
212	573	3	0.11934401
212	697	4	0.11508083
212	941	5	0.11295184
212	8	6	0.10660842
212	42	7	0.102382466
212	585	8	0.10126346
212	766	9	0.100608304
212	182	10	0.09473669
318	175	1	0.12389123
318	275	2	0.09641528
318	790	3	0.0964048
318	387	4	0.09431098
318	629	5	0.09406552
318	104	6	0.09187924
318	352	7	0.08861317
318	656	8	0.08567007
318	296	9	0.08245633
318	702	10	0.08173827
293	702	1	0.17533728
293	908	2	0.16459645
293	526	3	0.12880337
293	190	4	0.11195798
293	790	5	0.103772074
293	188	6	0.10198797
293	360	7	0.10020812
293	705	8	0.09603383
293	765	9	0.09417116
293	241	10	0.090140894
649	629	1	0.253655
649	986	2	0.17280792
649	643	3	0.16923884
649	364	4	0.16771871
649	314	5	0.15877526
649	81	6	0.1148472
649	761	7	0.11480892
649	383	8	0.110836655
649	462	9	0.109762356
649	379	10	0.10747635
182	514	1	0.16887689
182	59	2	0.16801652
182	237	3	0.15407562
182	162	4	0.14815366
182	290	5	0.13879089
182	648	6	0.13597775
182	687	7	0.13593988
182	30	8	0.12978989
182	805	9	0.12545769
182	627	10	0.120512314
523	490	1	0.13693851
523	766	2	0.13662592
523	618	3	0.098478
523	929	4	0.097992346
523	591	5	0.09702279
523	274	6	0.09637882
523	908	7	0.095201194
523	70	8	0.093219236
523	890	9	0.090748385
523	761	10	0.08800167
370	325	1	0.17461434
370	265	2	0.1745144
370	918	3	0.15825765
370	629	4	0.14356469
370	643	5	0.1374984
370	455	6	0.1335275
370	383	7	0.12801012
370	942	8	0.12579642
370	268	9	0.12520239
370	831	10	0.12324522
413	643	1	0.16949458
413	154	2	0.14976773
413	585	3	0.13598612
413	65	4	0.13141632
413	360	5	0.11759933
413	761	6	0.11526372
413	78	7	0.114951916
413	986	8	0.10759799
413	171	9	0.1019447
413	55	10	0.09857063
453	748	1	0.18940324
453	238	2	0.1391576
453	642	3	0.135977
453	317	4	0.13357005
453	726	5	0.12971699
453	175	6	0.1234229
453	103	7	0.11815305
453	320	8	0.11747624
453	695	9	0.11219158
453	29	10	0.10955179
548	487	1	0.11799748
548	175	2	0.10979333
548	684	3	0.10568232
548	507	4	0.10567893
548	57	5	0.10390484
548	76	6	0.10068518
548	103	7	0.10034253
548	753	8	0.098226346
548	383	9	0.09386684
548	552	10	0.0926151
190	264	1	0.14505807
190	878	2	0.12506384
190	268	3	0.10802444
190	487	4	0.09800487
190	113	5	0.097188175
190	542	6	0.092376985
190	894	7	0.09016296
190	981	8	0.08975534
190	849	9	0.088454016
190	589	10	0.087810084
504	761	1	0.12993838
504	420	2	0.11905388
504	360	3	0.11885407
504	789	4	0.10943493
504	530	5	0.092617676
504	97	6	0.0863605
504	523	7	0.085063666
504	153	8	0.08401635
504	943	9	0.08394365
504	268	10	0.08375125
222	459	1	0.16631675
222	226	2	0.13098145
222	59	3	0.121200144
222	596	4	0.120180845
222	273	5	0.11120312
222	48	6	0.10879706
222	319	7	0.103955306
222	685	8	0.10387296
222	38	9	0.10212129
222	511	10	0.094049595
252	929	1	0.15599184
252	154	2	0.14650701
252	182	3	0.10595427
252	633	4	0.10111911
252	94	5	0.09977395
252	8	6	0.09674275
252	514	7	0.0942863
252	987	8	0.09082483
252	983	9	0.089094505
252	629	10	0.08325745
192	761	1	0.14023554
192	533	2	0.115090355
192	401	3	0.11268479
192	639	4	0.09979973
192	490	5	0.09269283
192	437	6	0.09200897
192	526	7	0.09142319
192	71	8	0.09015789
192	655	9	0.08882343
192	364	10	0.08574859
359	897	1	0.1707631
359	569	2	0.12784463
359	56	3	0.12295018
359	859	4	0.11947355
359	338	5	0.11262006
359	873	6	0.11040704
359	260	7	0.109243
359	762	8	0.10678346
359	819	9	0.10579365
359	894	10	0.102693014
436	585	1	0.15018713
436	362	2	0.119809195
436	312	3	0.11029813
436	660	4	0.101417586
436	475	5	0.099282585
436	21	6	0.097945295
436	305	7	0.095253415
436	608	8	0.090473995
436	784	9	0.08865768
436	439	10	0.086754814
13	94	1	0.286989
13	59	2	0.195872
13	310	3	0.18999313
13	11	4	0.15502381
13	48	5	0.14566442
13	732	6	0.14343435
13	470	7	0.14246716
13	866	8	0.13823326
13	482	9	0.1372469
13	918	10	0.13424833
470	766	1	0.12953775
470	315	2	0.11590899
470	504	3	0.110034846
470	218	4	0.10922555
470	421	5	0.104144394
470	559	6	0.10262646
470	584	7	0.10234392
470	794	8	0.10020667
470	920	9	0.098810226
470	10	10	0.096982494
287	443	1	0.11952557
287	571	2	0.09767003
287	888	3	0.095816866
287	325	4	0.09337592
287	136	5	0.09142965
287	980	6	0.090986595
287	364	7	0.08908577
287	929	8	0.085522436
287	623	9	0.084920846
287	356	10	0.08401027
126	973	1	0.123339556
126	226	2	0.12197164
126	908	3	0.121734135
126	497	4	0.1109567
126	629	5	0.09798338
126	43	6	0.09171493
126	652	7	0.090539254
126	490	8	0.08964957
126	982	9	0.08695845
126	200	10	0.08352807
444	857	1	0.14620617
444	36	2	0.13987912
444	42	3	0.13421477
444	910	4	0.12642416
444	564	5	0.11761142
444	207	6	0.11631154
444	119	7	0.10468688
444	695	8	0.10396777
444	977	9	0.10270254
444	942	10	0.10049969
501	260	1	0.13894185
501	751	2	0.11667005
501	935	3	0.11395767
501	55	4	0.11242621
501	401	5	0.1057127
501	838	6	0.09721324
501	774	7	0.096122675
501	94	8	0.09509022
501	590	9	0.09067803
501	83	10	0.089375615
506	639	1	0.14454213
506	15	2	0.11664157
506	737	3	0.11530234
506	287	4	0.11380102
506	935	5	0.10735375
506	237	6	0.099020205
506	766	7	0.09852474
506	190	8	0.09616662
506	510	9	0.095899984
506	234	10	0.092604905
606	343	1	0.20407547
606	590	2	0.15469164
606	246	3	0.118354574
606	422	4	0.11736442
606	265	5	0.10257356
606	487	6	0.10241494
606	604	7	0.10161501
606	819	8	0.100414075
606	435	9	0.098934546
606	383	10	0.096510485
227	8	1	0.15301508
227	314	2	0.14093943
227	857	3	0.1322158
227	288	4	0.124877304
227	464	5	0.121086545
227	697	6	0.11915297
227	470	7	0.112269476
227	266	8	0.112111576
227	56	9	0.110462636
227	366	10	0.10200014
285	182	1	0.12150294
285	730	2	0.107805766
285	237	3	0.10395295
285	696	4	0.10128493
285	152	5	0.10041581
285	890	6	0.09563909
285	479	7	0.09447908
285	703	8	0.09338446
285	29	9	0.09116877
285	858	10	0.0906234
42	553	1	0.11060347
42	519	2	0.104379125
42	540	3	0.103007235
42	354	4	0.09727082
42	597	5	0.094013885
42	561	6	0.09008795
42	538	7	0.08867433
42	904	8	0.087732136
42	90	9	0.08653877
42	750	10	0.08640326
154	918	1	0.1537328
154	809	2	0.12818749
154	923	3	0.116345
154	203	4	0.11627117
154	329	5	0.107694395
154	167	6	0.10254502
154	288	7	0.09938945
154	94	8	0.09909743
154	122	9	0.09744316
154	462	10	0.09724963
598	852	1	0.13132477
598	233	2	0.120446436
598	941	3	0.10576139
598	439	4	0.1044881
598	10	5	0.1019485
598	839	6	0.101430714
598	764	7	0.09601447
598	929	8	0.094795436
598	604	9	0.08877145
598	383	10	0.08546139
310	704	1	0.12460248
310	494	2	0.11000858
310	929	3	0.10204119
310	750	4	0.10050873
310	774	5	0.09546296
310	59	6	0.09431434
310	465	7	0.09318874
310	487	8	0.09183977
310	830	9	0.08664858
310	151	10	0.08573728
305	95	1	0.1250862
305	686	2	0.115361914
305	462	3	0.11426957
305	763	4	0.10876419
305	435	5	0.10272863
305	511	6	0.101106636
305	739	7	0.10088284
305	501	8	0.09782112
305	605	9	0.09607157
305	393	10	0.09386041
630	310	1	0.117328756
630	94	2	0.11154284
630	500	3	0.10809373
630	891	4	0.10622004
630	834	5	0.10462309
630	611	6	0.104587145
630	971	7	0.101666905
630	742	8	0.096462406
630	704	9	0.09455061
630	546	10	0.09219517
177	761	1	0.14999627
177	260	2	0.12558782
177	184	3	0.12448359
177	8	4	0.112078
177	521	5	0.105032265
177	265	6	0.10322032
177	659	7	0.102529295
177	319	8	0.099680826
177	893	9	0.098141775
177	329	10	0.09564272
