user_id	item_id	rank	score
88	3251	1	4.3070593
88	1697	2	3.655435
88	3718	3	4.029121
88	901	4	3.3543825
88	1161	5	3.6679263
88	420	6	2.4043684
88	271	7	3.8235133
88	363	8	2.5587146
88	1794	9	4.8938785
88	161	10	3.8215678
933	11	1	4.903082
933	238	2	4.7926307
933	485	3	4.8280773
933	686	4	4.1702228
933	2060	5	4.965595
933	1321	6	3.9640255
933	242	7	4.794693
933	200	8	5.3519373
933	196	9	4.377101
933	911	10	4.312946
858	706	1	4.415325
858	330	2	3.9609826
858	1693	3	4.096365
858	3273	4	3.995555
858	55	5	3.6807537
858	590	6	3.818574
858	1925	7	3.8205953
858	694	8	3.1677177
858	680	9	3.6639285
858	156	10	2.5313056
884	109	1	4.8988743
884	597	2	4.587255
884	456	3	4.653578
884	936	4	4.269915
884	1983	5	4.6953444
884	2060	6	3.7095432
884	62	7	4.5474205
884	1066	8	4.4553866
884	372	9	4.5189056
884	1484	10	3.2276993
549	3251	1	3.998935
549	1582	2	2.9857097
549	271	3	3.831437
549	28	4	3.6709864
549	2800	5	4.2653475
549	702	6	3.7742507
549	363	7	2.718607
549	1794	8	4.547973
549	3718	9	3.5818205
549	43	10	3.6804793
67	3251	1	3.7216651
67	1697	2	3.6677108
67	1115	3	3.4825017
67	944	4	3.2280393
67	4016	5	3.1069336
67	2503	6	2.6952462
67	161	7	3.4420357
67	599	8	3.511608
67	1794	9	3.6913362
67	733	10	3.3831584
701	641	1	5.2703323
701	860	2	4.7159443
701	682	3	5.0405235
701	147	4	5.24457
701	620	5	5.3013005
701	2503	6	4.2980366
701	479	7	4.9187903
701	599	8	5.272492
701	391	9	5.251371
701	196	10	4.7160325
742	152	1	4.7553406
742	213	2	4.2732034
742	732	3	4.172804
742	439	4	3.947785
742	72	5	5.02411
742	420	6	4.1902685
742	351	7	4.1362276
742	1066	8	3.7332006
742	1794	9	4.525035
742	311	10	3.9982643
930	53	1	4.33311
930	213	2	4.696229
930	1449	3	3.8182049
930	28	4	4.022539
930	71	5	5.135654
930	225	6	3.3941674
930	823	7	3.470838
930	1066	8	4.200997
930	278	9	3.4357872
930	539	10	3.3931477
781	732	1	5.8199615
781	24	2	5.305796
781	216	3	5.5281553
781	439	4	5.5601025
781	225	5	5.4899974
781	1926	6	3.7098746
781	372	7	5.5003977
781	200	8	4.6874475
781	1794	9	6.5806828
781	485	10	5.0264206
878	1011	1	3.9223228
878	369	2	4.5543427
878	19	3	3.9087465
878	686	4	3.430366
878	1926	5	4.4955997
878	2503	6	4.5696306
878	672	7	3.6257744
878	200	8	4.857554
878	53	9	3.5818017
878	1602	10	2.5135155
190	139	1	4.372533
190	1761	2	3.422106
190	19	3	4.138947
190	243	4	3.9509888
190	72	5	2.8707526
190	420	6	2.6173537
190	501	7	4.086481
190	1066	8	2.651937
190	1410	9	3.8337693
190	1139	10	3.6004655
682	515	1	3.9541888
682	1748	2	4.8944526
682	889	3	3.882094
682	1137	4	4.6539564
682	72	5	3.5990288
682	225	6	3.708088
682	278	7	3.8002899
682	694	8	2.6218622
682	3138	9	3.9779873
682	1449	10	3.7787228
28	311	1	4.6130357
28	213	2	4.329479
28	631	3	4.203901
28	243	4	5.0211587
28	1926	5	3.5355618
28	2503	6	3.1634073
28	3718	7	4.0345364
28	200	8	3.700315
28	216	9	3.9400964
28	1745	10	3.477263
799	242	1	3.9757867
799	369	2	4.945885
799	11	3	3.9345527
799	439	4	4.404604
799	1321	5	4.055954
799	2942	6	2.699553
799	1011	7	3.4800534
799	200	8	3.3044858
799	911	9	4.10557
799	1701	10	3.4049077
41	139	1	4.460165
41	1526	2	3.9940033
41	1854	3	4.3442883
41	147	4	4.576127
41	1161	5	3.8703246
41	420	6	2.532019
41	948	7	4.3193684
41	1197	8	5.6013184
41	351	9	4.0677605
41	501	10	4.065765
294	152	1	4.992491
294	213	2	4.967034
294	1449	3	4.561158
294	3929	4	3.6825247
294	30	5	4.414459
294	225	6	3.8401244
294	278	7	3.9810982
294	1066	8	4.4073277
294	372	9	3.936994
294	221	10	3.7410967
331	53	1	4.9408174
331	369	2	4.9448204
331	631	3	4.532952
331	3929	4	4.6175537
331	71	5	4.325008
331	225	6	3.7449908
331	372	7	4.52345
331	1066	8	4.4750166
331	672	9	4.4229546
331	221	10	3.0322607
415	196	1	4.08129
415	431	2	4.1764116
415	3072	3	3.993825
415	3929	4	3.622822
415	55	5	2.984234
415	2060	6	2.5740972
415	278	7	3.6838777
415	200	8	4.0209765
415	215	9	3.6264286
415	221	10	3.402712
679	4021	1	4.1941767
679	168	2	5.514523
679	1854	3	4.0515804
679	3929	4	3.3433926
679	2800	5	3.4102583
679	2503	6	3.443407
679	1197	7	5.887296
679	1139	8	4.0046644
679	1129	9	3.9674323
679	911	10	2.0592961
493	3072	1	4.070259
493	721	2	4.700204
493	3075	3	3.5545583
493	2135	4	2.5386043
493	58	5	2.730525
493	420	6	2.1310549
493	1701	7	3.4276295
493	1066	8	2.9159484
493	492	9	3.2158022
493	229	10	3.1277387
751	631	1	5.011731
751	24	2	4.195812
751	216	3	4.938814
751	439	4	5.3512373
751	1926	5	3.977406
751	2503	6	4.1666617
751	372	7	4.776299
751	694	8	4.5473204
751	732	9	4.766565
751	539	10	3.9653893
8	50	1	3.4056845
8	218	2	3.8828313
8	631	3	3.3515697
8	2760	4	3.268684
8	455	5	3.6616497
8	1036	6	2.8679862
8	1359	7	3.2316713
8	1595	8	2.8660731
8	152	9	3.0862284
8	1794	10	2.50139
55	62	1	5.6136036
55	213	2	5.224764
55	19	3	5.3865924
55	495	4	4.703379
55	72	5	5.6198993
55	225	6	4.3591623
55	53	7	5.268593
55	1197	8	5.641081
55	372	9	5.137907
55	221	10	3.780837
262	227	1	3.2717342
262	1761	2	3.6057842
262	717	3	3.211865
262	3929	4	3.8098161
262	72	5	2.7070575
262	225	6	2.2042024
262	252	7	3.124058
262	14	8	3.123277
262	631	9	2.8662024
262	248	10	2.6881657
376	501	1	4.961816
376	1761	2	4.098368
376	3251	3	3.9634824
376	28	4	3.750482
376	622	5	2.957995
376	3090	6	3.9139676
376	1199	7	2.680688
376	3718	8	3.822977
376	43	9	3.8628008
376	1139	10	3.7942758
760	152	1	4.6161566
760	213	2	4.012743
760	351	3	4.017617
760	28	4	3.9675426
760	72	5	4.7121387
760	420	6	4.350464
760	732	7	3.8800192
760	1066	8	3.5223527
760	1794	9	4.3387947
760	311	10	3.7573638
387	2404	1	3.7090065
387	1531	2	4.520404
387	889	3	3.6532016
387	1137	4	4.680215
387	114	5	3.5536602
387	2548	6	3.5962691
387	3735	7	3.5032978
387	1484	8	2.7240815
387	913	9	3.2550914
387	1748	10	4.4106874
812	242	1	4.5275917
812	24	2	5.737959
812	11	3	4.488077
812	686	4	4.105377
812	1321	5	4.419832
812	2503	6	5.031595
812	913	7	4.134048
812	200	8	4.671503
812	911	9	4.6577706
812	95	10	4.0284553
395	682	1	5.4537888
395	2550	2	3.9122016
395	152	3	4.8461175
395	3929	4	4.6171846
395	4016	5	3.9778626
395	2060	6	3.0514972
395	84	7	4.7747893
395	1066	8	3.727688
395	227	9	4.598816
395	43	10	5.4357166
654	227	1	4.262753
654	231	2	3.96336
654	62	3	4.165859
654	320	4	4.106175
654	72	5	3.5372121
654	2503	6	3.7622128
654	219	7	4.0201993
654	200	8	3.6402879
654	152	9	3.9036922
654	539	10	3.1985638
579	2125	1	4.6420355
579	1761	2	4.1103406
579	216	3	4.1814
579	3929	4	4.338825
579	4016	5	3.8942664
579	2060	6	3.1776052
579	152	7	4.135769
579	1066	8	3.0504808
579	84	9	3.9627585
579	911	10	2.7004828
39	1410	1	3.5504603
39	1761	2	3.744059
39	3090	3	3.4347548
39	28	4	3.5578613
39	4016	5	3.60937
39	1139	6	3.398621
39	2502	7	2.1856732
39	49	8	3.2787905
39	717	9	3.2447298
39	403	10	3.2197602
824	688	1	3.3538945
824	218	2	3.6762233
824	920	3	3.2307928
824	3273	4	3.5723329
824	935	5	2.1025085
824	1359	6	3.192082
824	694	7	2.243414
824	680	8	2.8870206
824	1794	9	2.628775
824	43	10	3.7108514
268	913	1	4.145437
268	238	2	4.1437206
268	242	3	4.1307817
268	686	4	4.324888
268	1321	5	4.2322145
268	2503	6	4.8211503
268	95	7	3.8249004
268	200	8	4.2425685
268	911	9	4.2724924
268	1011	10	3.7032986
472	370	1	4.763692
472	369	2	3.8448794
472	216	3	4.287899
472	1134	4	3.527347
472	71	5	3.74423
472	2503	6	3.5181055
472	29	7	3.9002934
472	200	8	3.5658536
472	221	9	4.7896423
472	1011	10	3.6536045
775	109	1	3.992274
775	213	2	3.419551
775	641	3	3.7446785
775	28	4	3.5942683
775	71	5	3.0983307
775	420	6	2.1017628
775	4017	7	3.6066308
775	1197	8	4.463148
775	139	9	3.5740952
775	4029	10	4.0104737
608	351	1	3.8234181
608	431	2	3.8888538
608	372	3	3.723628
608	2760	4	2.9816685
608	55	5	3.4452205
608	590	6	2.3188655
608	3073	7	3.548994
608	200	8	3.0007176
608	1794	9	3.7774138
608	3072	10	3.5090015
233	485	1	3.723802
233	3781	2	3.7902665
233	2031	3	3.4434447
233	3275	4	3.068111
233	55	5	3.364571
233	225	6	3.506567
233	905	7	3.4356942
233	172	8	3.9365385
233	3073	9	3.414979
233	539	10	2.1384053
920	631	1	4.888386
920	24	2	3.858751
920	732	3	4.6456585
920	495	4	3.9985056
920	71	5	3.3609157
920	2503	6	2.5574121
920	485	7	4.431346
920	200	8	2.4676168
920	1794	9	4.837585
920	258	10	4.3033214
523	682	1	5.3935647
523	1582	2	3.3485322
523	1139	3	3.9087365
523	28	4	4.158986
523	4016	5	4.6778164
523	2503	6	3.394621
523	654	7	3.8650157
523	599	8	3.6004615
523	161	9	3.8575706
523	391	10	3.5645208
237	278	1	4.6080213
237	185	2	3.8421502
237	196	3	4.273997
237	28	4	2.788683
237	225	5	4.464175
237	430	6	3.5567071
237	485	7	4.1718073
237	200	8	4.6378
237	221	9	4.307968
237	515	10	3.7982752
328	682	1	5.5049567
328	1526	2	4.962812
328	3090	3	4.4879007
328	147	4	5.7948155
328	2800	5	4.6417246
328	2503	6	3.5608416
328	3251	7	4.298896
328	2502	8	2.9585948
328	1794	9	4.6860266
328	216	10	4.2071695
424	1449	1	4.1205926
424	231	2	4.3209133
424	1925	3	3.9311576
424	28	4	4.3117948
424	1926	5	3.5167115
424	420	6	3.5556831
424	1693	7	3.6689425
424	1066	8	4.042918
424	539	9	3.8740761
424	7	10	3.6643138
60	515	1	4.133522
60	168	2	3.9876862
60	370	3	4.0317965
60	495	4	4.092615
60	1321	5	4.0026693
60	2503	6	4.347657
60	19	7	4.009086
60	694	8	4.0173254
60	672	9	3.9746397
60	4029	10	3.8366523
598	682	1	5.1924496
598	213	2	4.4489655
598	196	3	5.0551805
598	3929	4	5.261979
598	2800	5	3.762436
598	2060	6	3.717626
598	479	7	5.035411
598	1066	8	4.301725
598	641	9	4.905822
598	221	10	3.034589
306	84	1	4.3536386
306	108	2	4.4049897
306	3074	3	4.167098
306	3273	4	4.6529713
306	55	5	3.8122296
306	420	6	3.1708512
306	706	7	4.090684
306	1066	8	3.4427533
306	1449	9	3.9654496
306	1794	10	3.7463021
842	641	1	3.3667283
842	24	2	3.6434386
842	311	3	3.0265982
842	686	4	2.6169636
842	1926	5	3.208578
842	225	6	2.4368825
842	843	7	2.960877
842	694	8	2.398582
842	732	9	2.9228926
842	221	10	2.0796967
136	84	1	4.784076
136	231	2	4.7678003
136	216	3	4.6816306
136	243	4	4.3683424
136	622	5	4.3697605
136	2503	6	3.9491441
136	682	7	4.5021954
136	1197	8	4.634092
136	1794	9	5.5135736
136	227	10	4.3753777
256	258	1	5.0811214
256	24	2	4.4843016
256	3718	3	4.777401
256	439	4	4.951905
256	1321	5	4.5007334
256	2060	6	5.1190114
256	216	7	4.736984
256	200	8	3.7671752
256	229	9	5.503806
256	0	10	4.648344
803	62	1	3.9414206
803	108	2	3.853555
803	81	3	3.9348602
803	28	4	4.0133133
803	30	5	4.275172
803	420	6	4.2852564
803	84	7	3.884433
803	694	8	2.8964427
803	1794	9	3.8652945
803	806	10	3.8380811
361	152	1	4.3841186
361	231	2	3.9526463
361	1129	3	4.3022423
361	28	4	4.344936
361	4016	5	4.539448
361	2060	6	2.679142
361	161	7	4.251526
361	2502	8	2.8353567
361	271	9	4.092954
361	19	10	4.0147047
610	3718	1	4.647454
610	231	2	4.576481
610	227	3	4.6078944
610	3929	4	5.135354
610	620	5	4.800835
610	2503	6	3.964709
610	216	7	4.5296154
610	1197	8	4.6768517
610	1794	9	5.494437
610	219	10	4.134015
488	728	1	3.54928
488	238	2	4.0236826
488	196	3	3.413095
488	1134	4	3.127078
488	1321	5	4.7377577
488	2503	6	4.787113
488	29	7	3.3647034
488	172	8	3.0417717
488	539	9	3.8727145
488	1011	10	3.3015656
215	311	1	3.6728494
215	821	2	3.4752913
215	1449	3	3.5943425
215	243	4	3.7145808
215	622	5	3.5421586
215	225	6	3.66794
215	732	7	3.2436755
215	694	8	3.196559
215	911	9	4.2096972
215	258	10	3.1625495
104	1449	1	5.0259323
104	231	2	5.2607594
104	196	3	4.2958364
104	3929	4	4.4613795
104	430	5	3.9464288
104	225	6	4.2865114
104	7	7	4.0797925
104	200	8	4.6769037
104	278	9	4.007519
104	539	10	3.175386
905	515	1	3.6918144
905	185	2	3.6420016
905	485	3	3.4540024
905	3929	4	4.4465256
905	225	5	4.1243505
905	1321	6	2.8303027
905	242	7	3.4454465
905	694	8	4.128623
905	221	9	3.8713129
905	370	10	3.360797
804	4211	1	2.6297588
804	314	2	2.144803
804	1337	3	2.2471967
804	1133	4	1.8279369
804	2233	5	3.000283
804	2839	6	1.2315199
804	2775	7	1.7067358
804	3281	8	1.5483327
804	1019	9	1.5811181
804	1845	10	1.5090139
261	732	1	4.3293552
261	213	2	4.3960524
261	351	3	4.1904025
261	3275	4	4.5604854
261	58	5	2.8795152
261	420	6	3.7362711
261	311	7	4.056192
261	1066	8	3.9366715
261	1449	9	3.7629828
261	221	10	3.1023464
106	278	1	4.7067156
106	431	2	4.8577375
106	7	3	4.3404293
106	439	4	4.9439135
106	55	5	3.4055834
106	2060	6	3.6954231
106	3075	7	4.1080213
106	1066	8	5.4816613
106	221	9	4.4374638
106	53	10	4.020174
686	1449	1	5.280267
686	213	2	5.0690975
686	258	3	5.14318
686	495	4	4.4387627
686	1321	5	4.5286827
686	2503	6	4.1902804
686	3718	7	5.0943737
686	694	8	4.178848
686	278	9	5.0341387
686	1484	10	4.514845
321	152	1	5.3370714
321	821	2	4.3090553
321	732	3	4.7979684
321	686	4	4.1144304
321	70	5	3.2203755
321	420	6	3.7531314
321	3074	7	4.65744
321	1066	8	4.2013206
321	351	9	4.52629
321	221	10	3.3938322
161	152	1	4.5758743
161	213	2	4.391222
161	732	3	3.9840262
161	3273	4	3.2822366
161	30	5	3.73641
161	225	6	2.965827
161	3075	7	3.7800574
161	1066	8	3.894741
161	1794	9	3.7484417
161	215	10	3.6380315
846	1211	1	3.626692
846	185	2	3.409504
846	351	3	3.2088234
846	439	4	3.5451088
846	1321	5	2.9896817
846	2060	6	3.3743901
846	227	7	3.1542058
846	599	8	3.2312114
846	152	9	3.1285582
846	539	10	2.9272738
89	3072	1	4.4439354
89	721	2	5.163925
89	7	3	4.252489
89	28	4	2.9542494
89	430	5	4.597378
89	2060	6	3.0914943
89	278	7	3.9834733
89	694	8	4.7951546
89	215	9	3.9702792
89	221	10	3.6562762
263	351	1	5.703379
263	821	2	4.254122
263	152	3	5.3330393
263	3929	4	4.7777777
263	72	5	4.067916
263	2060	6	3.4924123
263	84	7	5.020829
263	1066	8	3.9392486
263	227	9	4.7287645
263	1484	10	2.999703
72	95	1	5.054574
72	201	2	4.654316
72	1449	3	5.0523124
72	686	4	4.4686565
72	430	5	4.6346674
72	225	6	4.460451
72	82	7	4.569231
72	694	8	4.636813
72	278	9	4.4009004
72	539	10	4.2205305
271	728	1	3.108368
271	185	2	3.6068764
271	913	3	2.979951
271	686	4	2.9730382
271	71	5	3.1685305
271	225	6	3.688016
271	53	7	2.9484048
271	694	8	4.104586
271	221	9	3.4672456
271	242	10	2.9151602
735	3251	1	3.8028028
735	1526	2	3.768437
735	3090	3	3.77586
735	3929	4	3.4483423
735	4016	5	3.035941
735	2060	6	2.8382678
735	152	7	3.3350801
735	599	8	4.00503
735	391	9	4.3245697
735	1115	10	3.3233268
501	227	1	4.893253
501	330	2	4.4917774
501	84	3	4.238658
501	3273	4	4.0445657
501	72	5	5.0610495
501	420	6	4.7537804
501	215	7	3.9770067
501	1066	8	3.7782812
501	311	9	3.9712763
501	1794	10	3.856995
787	515	1	3.9717653
787	488	2	3.503996
787	7	3	3.5488276
787	439	4	4.6687317
787	1321	5	3.5961223
787	1011	6	3.5028272
787	200	7	3.9210358
787	1484	8	4.105259
787	728	9	3.4092693
787	196	10	3.3959665
389	1449	1	4.6198416
389	821	2	4.703912
389	95	3	4.5278997
389	439	4	4.3657365
389	430	5	4.0281863
389	225	6	4.026477
389	196	7	4.0789413
389	200	8	4.3551254
389	7	9	4.045022
389	221	10	3.5793653
124	351	1	4.7111425
124	2550	2	4.516548
124	152	3	4.2639794
124	3929	4	3.986061
124	622	5	3.9257193
124	2060	6	2.896179
124	84	7	3.9756339
124	1066	8	2.928244
124	1794	9	5.608572
124	1139	10	3.9548838
794	515	1	3.8914695
794	201	2	4.379703
794	215	3	3.8061085
794	3275	4	3.3899262
794	430	5	4.1357484
794	225	6	4.7050095
794	3072	7	3.799622
794	172	8	4.468564
794	370	9	3.7138362
794	911	10	3.2728677
441	19	1	4.00637
441	488	2	3.8085532
441	1011	3	3.9985046
441	686	4	3.6274335
441	71	5	4.166031
441	2503	6	4.089436
441	874	7	3.800796
441	200	8	4.313616
441	1484	9	4.7964306
441	1466	10	3.7129765
382	11	1	4.257024
382	185	2	4.570537
382	439	3	5.6825895
382	242	4	4.1641836
382	2503	5	5.018022
382	1321	6	4.0669923
382	95	7	3.6650233
382	200	8	4.3484764
382	911	9	4.217579
382	196	10	3.4696913
721	95	1	3.3010688
721	431	2	3.501963
721	196	3	3.283491
721	3275	4	2.9221385
721	1315	5	3.3322952
721	72	6	2.5979762
721	3074	7	3.247267
721	1066	8	1.9002724
721	3718	9	3.0847542
721	1794	10	2.171265
408	3073	1	4.053109
408	108	2	4.357104
408	3072	3	3.877365
408	439	4	3.8923733
408	58	5	2.8386335
408	2060	6	3.130991
408	196	7	3.818422
408	200	8	3.9838412
408	221	9	4.1079655
408	1701	10	3.556895
145	789	1	4.1757193
145	1511	2	3.697133
145	479	3	4.0546603
145	936	4	4.139159
145	1926	5	3.8308728
145	935	6	3.6806593
145	456	7	3.9824986
145	1197	8	3.8147295
145	391	9	4.589777
145	1368	10	3.951042
416	227	1	3.949752
416	529	2	3.8860574
416	706	3	3.7699246
416	3273	4	3.1034808
416	55	5	3.1569004
416	225	6	2.4370098
416	152	7	3.6980681
416	694	8	3.1989307
416	84	9	3.5432951
416	221	10	2.4445126
179	372	1	4.8579025
179	213	2	5.4580984
179	1449	3	4.7836914
179	3929	4	4.8176575
179	225	5	4.16969
179	1926	6	3.2417002
179	278	7	4.2441497
179	694	8	4.587614
179	53	9	4.0205746
179	221	10	3.758245
877	196	1	4.8435826
877	231	2	3.4611533
877	3718	3	4.7011843
877	28	4	4.1245637
877	622	5	4.0216293
877	2503	6	4.5857577
877	351	7	4.474245
877	1199	8	2.6106544
877	391	9	5.5666637
877	152	10	4.0812087
24	351	1	4.3788724
24	431	2	4.6585827
24	732	3	4.3235335
24	439	4	3.8698864
24	55	5	3.1413507
24	225	6	3.364173
24	372	7	4.042475
24	694	8	4.2222524
24	3074	9	4.0116177
24	221	10	3.2375002
141	53	1	3.8210802
141	213	2	3.5587559
141	682	3	3.6393728
141	936	4	3.348876
141	2503	5	3.543105
141	4016	6	2.7690558
141	641	7	3.514254
141	1197	8	3.760989
141	62	9	3.4602213
141	1484	10	2.8347585
891	187	1	3.4805923
891	213	2	2.4947097
891	625	3	3.2402751
891	686	4	2.212288
891	72	5	3.2124848
891	1036	6	2.7370937
891	215	7	3.1515388
891	1732	8	2.534015
891	914	9	3.1253433
891	1794	10	2.2654202
319	196	1	5.4000216
319	369	2	6.0245194
319	439	3	6.4951296
319	53	4	4.7604
319	1926	5	4.657281
319	225	6	5.0510254
319	242	7	4.7554326
319	694	8	4.9900827
319	95	9	4.596605
319	539	10	4.8195367
3	3251	1	3.8864942
3	264	2	2.834609
3	936	3	5.45634
3	139	4	3.8663383
3	2800	5	4.4278593
3	2503	6	2.692679
3	271	7	3.8183074
3	599	8	3.9861166
3	391	9	4.355728
3	717	10	3.782708
434	227	1	3.6894007
434	231	2	3.9200263
434	2605	3	3.6806781
434	243	4	3.7736313
434	72	5	3.5607257
434	225	6	3.7698448
434	278	7	3.5841236
434	47	8	3.8817286
434	391	9	4.4066296
434	2548	10	3.545905
125	196	1	4.8191805
125	238	2	5.0026655
125	95	3	4.5070252
125	686	4	4.2685947
125	1926	5	4.08887
125	2060	6	4.773908
125	53	7	4.2645006
125	200	8	5.6588736
125	539	9	4.223448
125	7	10	3.9228792
391	95	1	4.083975
391	1511	2	2.9479759
391	456	3	3.3209743
391	495	4	3.175813
391	2216	5	3.2484126
391	935	6	3.6578786
391	80	7	3.0632553
391	1197	8	2.957506
391	391	9	3.405176
391	227	10	3.0354538
92	682	1	4.629904
92	1526	2	3.8658953
92	152	3	4.416879
92	320	4	3.8552127
92	620	5	4.7587934
92	420	6	2.6818533
92	1854	7	4.3761144
92	1066	8	2.9511685
92	539	9	5.6201487
92	258	10	4.2050886
164	351	1	4.9072514
164	1697	2	3.8193536
164	216	3	4.8802233
164	3929	4	4.024764
164	2800	5	4.6125717
164	2503	6	4.4116716
164	3718	7	4.83512
164	1066	8	2.9796696
164	1794	9	5.6231546
164	196	10	4.596586
670	1042	1	3.2883258
670	529	2	4.009346
670	187	3	3.1558828
670	686	4	2.6895733
670	455	5	3.7193115
670	1003	6	3.0361133
670	73	7	3.1479578
670	1025	8	3.7325013
670	1148	9	2.97726
670	391	10	2.1736865
137	351	1	4.0458317
137	213	2	3.3254898
137	311	3	3.6163766
137	243	4	2.7029018
137	622	5	2.755137
137	1315	6	2.8275402
137	913	7	3.4927568
137	47	8	2.2311807
137	391	9	3.5490782
137	62	10	3.4877806
220	3073	1	4.4639654
220	431	2	4.616908
220	3072	3	4.2375
220	3275	4	3.9770584
220	225	5	5.5058846
220	1321	6	3.8122406
220	196	7	4.235281
220	200	8	5.1427774
220	1484	9	4.0557837
220	1023	10	3.9679842
309	3072	1	3.4054136
309	2110	2	3.2776625
309	19	3	3.0697513
309	936	4	2.8117726
309	1400	5	4.0016613
309	620	6	2.4830651
309	3073	7	2.994287
309	47	8	2.7156487
309	109	9	2.9625142
309	229	10	2.610404
914	62	1	4.4189706
914	24	2	4.243704
914	227	3	4.3261747
914	28	4	3.267189
914	1926	5	2.693018
914	225	6	2.64472
914	631	7	4.0669336
914	1066	8	3.3470497
914	84	9	4.050799
914	221	10	2.2837586
94	278	1	4.8971705
94	821	2	5.9082885
94	485	3	4.428989
94	3929	4	5.698129
94	1926	5	3.802007
94	2060	6	4.306698
94	7	7	4.1502647
94	200	8	5.49832
94	221	9	4.2287874
94	3073	10	4.064994
707	216	1	4.9367332
707	369	2	4.295215
707	732	3	4.880419
707	439	4	4.9888077
707	71	5	4.137006
707	225	6	4.778924
707	372	7	4.8752413
707	200	8	4.1624336
707	485	9	4.140262
707	1745	10	3.4460564
348	682	1	4.6090107
348	860	2	4.3513002
348	2125	3	4.034535
348	296	4	4.285593
348	2800	5	3.6115928
348	2060	6	2.7039654
348	1139	7	3.5374565
348	1197	8	4.932496
348	161	9	3.4863634
348	911	10	2.1967463
129	3090	1	4.212982
129	860	2	5.3625526
129	3251	3	3.8776574
129	28	4	4.2289047
129	2800	5	4.323254
129	420	6	2.7330618
129	141	7	3.8705926
129	1199	8	2.634183
129	1794	9	4.913191
129	271	10	3.852274
7	839	1	3.738413
7	548	2	2.743525
7	161	3	3.57293
7	901	4	3.4464407
7	1161	5	3.5157607
7	1139	6	3.5512514
7	2502	7	3.7812512
7	844	8	3.4073677
7	391	9	3.2737715
7	1374	10	3.3430982
160	311	1	4.329555
160	213	2	3.9961543
160	372	3	3.94841
160	243	4	4.5452504
160	1926	5	3.7616665
160	225	6	4.3314104
160	216	7	3.910644
160	200	8	4.2250056
160	1794	9	5.0989475
160	631	10	3.8219583
248	4021	1	4.7643433
248	1761	2	3.3739786
248	1854	3	4.571802
248	147	4	5.008957
248	1161	5	3.88519
248	2060	6	3.1964746
248	196	7	4.422954
248	1066	8	3.206732
248	948	9	4.3848763
248	1484	10	2.4807515
247	242	1	4.215807
247	238	2	3.9985485
247	11	3	4.1587067
247	439	4	5.112217
247	2503	5	4.6453915
247	1321	6	3.7947016
247	95	7	3.588513
247	200	8	4.2456813
247	911	9	4.149401
247	551	10	3.3174245
14	682	1	4.805882
14	2108	2	5.234342
14	2125	3	4.7629194
14	439	4	4.9548025
14	620	5	5.0206013
14	2503	6	2.7714856
14	3251	7	4.221235
14	599	8	3.7047536
14	139	9	4.165745
14	1794	10	3.9575362
354	351	1	4.15426
354	369	2	3.2410119
354	227	3	4.105694
354	3929	4	3.7791808
354	72	5	3.5447514
354	2060	6	2.529336
354	84	7	4.054284
354	1066	8	3.21974
354	479	9	3.882526
354	43	10	4.5042095
802	2484	1	3.4539604
802	203	2	3.2956383
802	2474	3	3.1872895
802	28	4	2.5192533
802	1149	5	3.2066278
802	935	6	2.462327
802	2268	7	3.0132809
802	200	8	2.629879
802	1779	9	2.778325
802	229	10	2.0306928
182	53	1	3.7624972
182	2110	2	3.6922789
182	717	3	3.4114916
182	296	4	3.700947
182	620	5	3.310719
182	733	6	3.3720813
182	2502	7	2.3397446
182	843	8	3.2871618
182	391	9	1.9941425
182	139	10	3.2271018
592	2101	1	3.9123635
592	529	2	4.273493
592	641	3	3.762137
592	2760	4	3.7939072
592	455	5	4.0723524
592	1315	6	3.8012094
592	187	7	3.6879106
592	1732	8	3.2408943
592	677	9	3.5286164
592	1794	10	2.6031442
769	50	1	4.367942
769	203	2	3.8235927
769	2484	3	4.206334
769	1014	4	3.358199
769	58	5	3.9806418
769	1003	6	3.7562768
769	805	7	3.94883
769	1042	8	3.940481
769	680	9	3.8942363
769	43	10	2.7960985
32	196	1	4.8246994
32	721	2	4.530857
32	95	3	4.561926
32	439	4	5.5709023
32	1926	5	3.804776
32	2060	6	4.3584867
32	3072	7	4.1408153
32	694	8	4.89093
32	221	9	4.1920567
32	3073	10	4.134038
546	152	1	3.8734782
546	213	2	3.1283827
546	84	3	3.6740446
546	320	4	3.7164712
546	58	5	3.280085
546	590	6	3.3037033
546	1368	7	3.6141515
546	1066	8	2.8597653
546	631	9	3.5496671
546	539	10	2.4591014
277	672	1	3.7809565
277	231	2	3.5902307
277	210	3	3.350185
277	439	4	4.2212515
277	620	5	3.8458111
277	2060	6	4.5124197
277	227	7	3.3161752
277	1066	8	4.1152945
277	1794	9	4.187875
277	682	10	3.2878752
552	161	1	4.0824594
552	1761	2	4.1156645
552	19	3	4.023869
552	28	4	4.2240586
552	2800	5	4.34725
552	2060	6	2.295494
552	3090	7	4.0098906
552	14	8	2.683517
552	152	9	3.95421
552	1139	10	3.937074
11	515	1	4.8634725
11	369	2	5.272423
11	485	3	4.7404385
11	686	4	3.614082
11	71	5	4.8170877
11	2503	6	5.511141
11	53	7	4.555932
11	694	8	5.061783
11	539	9	4.9265165
11	370	10	4.521147
310	2098	1	3.749444
310	231	2	4.0631886
310	278	3	3.6621094
310	925	4	3.0356631
310	1321	5	3.868574
310	2942	6	3.1055112
310	62	7	3.5523493
310	200	8	2.717233
310	1794	9	3.9838672
310	1449	10	3.5452797
191	370	1	4.6989985
191	238	2	3.9263883
191	11	3	3.9568787
191	28	4	2.811105
191	71	5	4.7689896
191	2503	6	4.9623685
191	242	7	3.9386637
191	200	8	5.1537685
191	221	9	5.0443974
191	196	10	3.8414903
607	216	1	4.202131
607	2550	2	4.2762337
607	196	3	3.97856
607	901	4	3.5781574
607	4016	5	3.8022027
607	2503	6	3.3389072
607	271	7	3.8781252
607	1199	8	2.8367515
607	161	9	3.8611152
607	702	10	3.8397312
97	682	1	3.5285225
97	821	2	3.1665726
97	216	3	3.2852044
97	243	4	2.8123672
97	622	5	2.9533093
97	225	6	2.7078123
97	3090	7	3.109129
97	1197	8	3.6148503
97	501	9	3.0374038
97	911	10	2.7447228
162	216	1	4.1862783
162	860	2	3.788324
162	479	3	4.0527487
162	296	4	3.4389868
162	72	5	3.2744756
162	2503	6	3.8083358
162	682	7	3.836894
162	694	8	2.1495752
162	501	9	3.720974
162	1484	10	3.0697322
935	196	1	4.1946974
935	231	2	4.3009596
935	1854	3	4.076165
935	3929	4	4.521881
935	1161	5	3.5577297
935	2060	6	3.6260092
935	227	7	4.038558
935	1066	8	3.6795697
935	948	9	3.916487
935	911	10	2.8666248
398	3251	1	3.825715
398	1697	2	3.1883526
398	197	3	3.4570394
398	28	4	3.7926438
398	1161	5	3.732741
398	420	6	2.8186753
398	3072	7	3.4205158
398	2502	8	2.6192565
398	3073	9	3.4003797
398	3090	10	3.367869
102	351	1	4.2015953
102	231	2	3.111639
102	1410	3	4.029454
102	901	4	4.043655
102	430	5	2.4891226
102	420	6	2.8629992
102	1129	7	3.9143257
102	2502	8	2.865784
102	152	9	3.8882024
102	919	10	2.4411612
810	152	1	3.7620997
810	369	2	3.5967264
810	84	3	3.680995
810	147	4	4.360841
810	620	5	4.098744
810	420	6	2.9380126
810	3074	7	3.623917
810	1199	8	2.8398485
810	1410	9	3.4487343
810	3251	10	3.4331186
739	7	1	3.494974
739	721	2	3.8123121
739	82	3	3.2577991
739	3929	4	3.3575082
739	430	5	3.1527152
739	225	6	3.2403302
739	728	7	3.2012503
739	200	8	3.286423
739	221	9	4.006372
739	196	10	3.0900002
296	161	1	4.6799593
296	2576	2	3.6414719
296	1742	3	4.388686
296	376	4	3.3334403
296	4016	5	3.7429938
296	1115	6	3.9538326
296	363	7	2.9686713
296	543	8	3.8189
296	580	9	3.8112488
296	952	10	2.597293
153	77	1	3.6511388
153	597	2	3.1049433
153	672	3	3.5060644
153	936	4	2.9691966
153	620	5	3.15059
153	2425	6	2.8971133
153	4017	7	3.1282082
153	1197	8	2.5508695
153	501	9	3.0527391
153	3138	10	2.0951443
339	278	1	4.011979
339	721	2	3.8963428
339	515	3	3.682218
339	28	4	2.5422592
339	2060	5	4.0307226
339	1321	6	3.2664247
339	82	7	3.6417594
339	200	8	4.089431
339	911	9	3.3784027
339	370	10	3.2459764
883	732	1	3.4693923
883	488	2	3.123173
883	515	3	3.4024196
883	495	4	2.583859
883	1321	5	3.788991
883	2942	6	2.5884361
883	29	7	3.350243
883	200	8	2.2275438
883	221	9	3.7188663
883	874	10	3.177481
320	196	1	4.4447346
320	2110	2	3.7264998
320	242	3	4.221378
320	28	4	3.3771307
320	225	5	4.41994
320	430	6	3.3664641
320	53	7	4.0476274
320	694	8	3.917178
320	515	9	3.8119986
320	221	10	3.7804787
266	4021	1	4.5871296
266	201	2	3.9151874
266	682	3	4.4143057
266	28	4	4.9253135
266	620	5	4.5148625
266	935	6	2.6743226
266	1854	7	4.375553
266	2125	8	4.131382
266	43	9	5.0399084
266	156	10	2.5586417
815	82	1	3.5253763
815	201	2	3.6118312
815	1030	3	3.225102
815	2760	4	3.0744824
815	430	5	3.1700552
815	3073	6	2.9624314
815	1066	7	3.3749642
815	2338	8	2.9244518
815	2043	9	2.1230536
815	905	10	2.8994503
695	278	1	4.8726935
695	108	2	4.663793
695	196	3	4.5569696
695	439	4	4.8570027
695	2060	5	4.2098355
695	1321	6	3.2318532
695	485	7	4.360807
695	200	8	4.855418
695	221	9	4.4302692
695	3073	10	4.1990037
666	278	1	3.949748
666	231	2	3.819982
666	515	3	3.908524
666	1137	4	4.687486
666	225	5	3.774677
666	622	6	2.610067
666	889	7	3.8349097
666	694	8	2.672983
666	1449	9	3.776192
666	1281	10	3.585988
712	682	1	5.278705
712	2550	2	4.5986366
712	139	3	4.8895636
712	28	4	4.224161
712	4016	5	4.41131
712	420	6	2.9376495
712	3718	7	4.853397
712	1199	8	2.636581
712	501	9	4.3550844
712	351	10	4.2638054
588	95	1	3.8993008
588	721	2	4.5815334
588	485	3	3.8816867
588	3929	4	4.3071947
588	225	5	3.711573
588	1321	6	2.852355
588	551	7	3.7674363
588	172	8	4.091668
588	7	9	3.537609
588	1484	10	2.8773398
728	682	1	5.4452076
728	369	2	3.489726
728	19	3	5.3567905
728	28	4	4.8997087
728	622	5	4.670742
728	420	6	3.2189732
728	3718	7	5.3442106
728	1199	8	2.7036128
728	501	9	5.002303
728	351	10	4.5075464
731	372	1	5.0954704
731	213	2	5.676799
731	1449	3	5.029093
731	3929	4	5.0759506
731	71	5	6.2188964
731	225	6	4.476651
731	278	7	4.3567305
731	1066	8	5.342045
731	539	9	4.3091416
731	7	10	3.980311
462	479	1	4.937535
462	2550	2	3.8075151
462	77	3	4.690235
462	147	4	4.4990273
462	620	5	4.510087
462	935	6	2.7088282
462	4021	7	4.626883
462	172	8	2.7268927
462	682	9	4.501542
462	4029	10	5.2360315
795	515	1	4.2726984
795	185	2	4.1497974
795	95	3	4.0698967
795	3275	4	2.8190417
795	1321	5	3.4271069
795	2060	6	4.0300813
795	7	7	3.989244
795	172	8	3.8799393
795	370	9	3.9778016
795	911	10	3.5715313
915	351	1	3.7231352
915	231	2	3.297673
915	227	3	3.5519207
915	320	4	3.65521
915	72	5	3.503327
915	225	6	3.4798155
915	278	7	3.511059
915	47	8	2.9572015
915	219	9	3.3498719
915	229	10	3.1635695
115	2125	1	4.6812077
115	1526	2	4.4339232
115	196	3	4.6490145
115	3929	4	4.503899
115	622	5	4.425805
115	2060	6	3.2402499
115	227	7	4.200667
115	1066	8	3.4188795
115	1794	9	6.0536346
115	3251	10	3.9372966
696	3735	1	3.150387
696	1421	2	3.4860077
696	3808	3	3.0553832
696	1225	4	2.634113
696	1321	5	3.3007114
696	3220	6	3.6608806
696	2931	7	2.6466615
696	599	8	1.8731496
696	1484	9	2.9558327
696	514	10	2.6289062
324	196	1	4.643724
324	2110	2	4.3637614
324	672	3	4.3356276
324	686	4	3.8117166
324	71	5	4.7924266
324	225	6	4.98553
324	682	7	4.189474
324	694	8	4.809391
324	221	9	4.6884575
324	843	10	4.172269
352	62	1	5.199622
352	24	2	5.3124704
352	631	3	4.981036
352	439	4	5.3880043
352	71	5	5.5689135
352	225	6	3.750053
352	311	7	4.7301044
352	1066	8	4.647704
352	732	9	4.6556096
352	539	10	4.2603292
334	311	1	5.1275883
334	24	2	4.4766593
334	1449	3	4.9535437
334	495	4	4.563512
334	620	5	4.2056437
334	225	6	4.8441296
334	278	7	4.647459
334	694	8	4.0123086
334	539	9	4.3840733
334	672	10	4.3199825
33	216	1	3.4314082
33	488	2	3.2141657
33	1011	3	3.3917832
33	439	4	2.9676473
33	1321	5	3.3743181
33	2503	6	2.6966405
33	29	7	3.323536
33	200	8	2.168799
33	221	9	3.87534
33	242	10	3.288249
602	152	1	4.0485044
602	529	2	4.207105
602	631	3	3.99267
602	439	4	3.4375544
602	55	5	3.8818493
602	935	6	2.6049001
602	215	7	3.885486
602	694	8	2.90627
602	1794	9	3.8308659
602	1578	10	3.659719
669	11	1	4.7267075
669	201	2	3.6013093
669	278	3	4.680175
669	3275	4	2.1912358
669	2503	5	4.6736717
669	1321	6	3.1009982
669	242	7	4.6725492
669	172	8	3.5211275
669	485	9	4.5581775
669	911	10	3.2948802
278	515	1	4.644244
278	163	2	3.6141982
278	3718	3	4.0676923
278	495	4	3.4284823
278	1926	5	3.7488692
278	2503	6	2.8682477
278	732	7	3.9785228
278	200	8	3.4980114
278	1011	9	3.94395
278	539	10	3.5205114
128	196	1	4.882896
128	1697	2	3.7580848
128	3718	3	4.7199984
128	28	4	4.167401
128	622	5	3.54751
128	420	6	2.2800863
128	3251	7	4.2794204
128	1199	8	2.8610203
128	351	9	4.1269264
128	1139	10	4.0542583
343	278	1	4.18985
343	721	2	3.8845773
343	485	3	3.8813236
343	3929	4	4.0324693
343	430	5	3.4567418
343	2060	6	3.1882935
343	215	7	3.7454264
343	172	8	4.066496
343	221	9	4.0269723
343	515	10	3.7310948
626	1449	1	4.609374
626	821	2	4.9183674
626	3718	3	4.506544
626	495	4	3.613994
626	72	5	4.865603
626	2503	6	3.7161264
626	372	7	4.5027885
626	694	8	3.4173388
626	1794	9	5.2974544
626	278	10	4.490199
350	216	1	4.5025616
350	369	2	4.4240313
350	913	3	3.9846616
350	439	4	4.6877465
350	1926	5	2.9429383
350	2503	6	3.5702312
350	7	7	3.5131245
350	200	8	3.5427063
350	1794	9	5.7048597
350	11	10	3.1873317
38	139	1	3.950985
38	218	2	3.6422935
38	1368	3	3.9399056
38	439	4	2.9177039
38	4016	5	2.8630636
38	1410	6	3.560216
38	1025	7	2.7136388
38	49	8	3.1144707
38	156	9	2.9136794
38	43	10	3.6972296
867	3718	1	4.104872
867	1761	2	4.3856874
867	3251	3	4.0379715
867	28	4	4.0232553
867	2800	5	4.4086437
867	420	6	2.1709304
867	351	7	3.7760262
867	2502	8	2.5416434
867	1794	9	4.7725973
867	702	10	3.7181141
800	152	1	3.6956913
800	231	2	3.194784
800	77	3	3.3848042
800	243	4	3.225851
800	622	5	2.974719
800	2503	6	3.1874523
800	682	7	3.2584994
800	200	8	3.932867
800	216	9	3.2498696
800	911	10	1.9223223
49	682	1	5.0477724
49	2550	2	4.1604695
49	152	3	4.519521
49	243	4	4.242753
49	4016	5	3.9805636
49	2060	6	3.0808344
49	196	7	4.454568
49	1197	8	5.728322
49	139	9	4.403719
49	1484	10	2.4021127
830	152	1	4.167594
830	238	2	4.6205344
830	242	3	4.125512
830	320	4	3.7268045
830	71	5	4.0855856
830	935	6	2.8191967
830	95	7	4.040515
830	1066	8	2.5612702
830	1794	9	4.8787374
830	227	10	4.0373907
457	152	1	4.32608
457	330	2	3.938549
457	81	3	3.8000205
457	3273	4	3.796883
457	58	5	3.2324471
457	420	6	3.9279814
457	806	7	3.7557771
457	1066	8	3.3019986
457	1794	9	3.7322102
457	53	10	3.7416449
744	682	1	4.1739683
744	821	2	3.4482179
744	479	3	3.7772522
744	296	4	3.675646
744	1161	5	3.7426908
744	225	6	3.2049956
744	227	7	3.708404
744	1066	8	4.0265837
744	1794	9	5.0877523
744	372	10	3.575642
454	501	1	4.482781
454	1526	2	4.701452
454	139	3	4.1089516
454	147	4	4.910204
454	1161	5	3.5660133
454	2503	6	3.0738204
454	3251	7	3.908639
454	1310	8	2.9228797
454	1139	9	3.542253
454	216	10	3.5209327
206	216	1	3.8270311
206	24	2	4.208603
206	1011	3	3.4525516
206	439	4	3.9545507
206	71	5	3.5918732
206	2503	6	3.2522845
206	29	7	3.440268
206	200	8	2.7961571
206	911	9	4.9586234
206	1466	10	3.2703905
613	278	1	3.811313
613	238	2	3.6753187
613	515	3	3.7069068
613	3929	4	4.4407215
613	1321	5	3.3340747
613	2060	6	3.5099633
613	370	7	3.54564
613	172	8	3.5757027
613	95	9	3.386408
613	911	10	3.232226
619	311	1	4.978523
619	213	2	4.7947726
619	515	3	4.8505683
619	495	4	4.0262575
619	1926	5	3.7288022
619	2503	6	3.4973397
619	372	7	4.638515
619	694	8	4.0129685
619	1794	9	5.2106934
619	258	10	4.533346
938	680	1	3.1714268
938	529	2	3.2486255
938	73	3	3.0341234
938	320	4	3.4595327
938	590	5	3.3584316
938	1149	6	2.262187
938	50	7	2.9192796
938	1732	8	2.4255445
938	227	9	2.9182787
938	156	10	2.6682124
239	53	1	4.1376557
239	168	2	3.716608
239	242	3	3.877918
239	3929	4	4.173093
239	1926	5	4.0474687
239	2060	6	2.8198285
239	479	7	3.7193856
239	694	8	3.3611495
239	95	9	3.6885445
239	221	10	2.842938
575	3718	1	4.2481384
575	231	2	3.7410884
575	682	3	4.0731363
575	3929	4	3.6492348
575	622	5	3.6027281
575	2503	6	3.705119
575	216	7	3.9410667
575	1066	8	3.0522807
575	196	9	3.7430592
575	911	10	2.4698157
166	278	1	4.66392
166	238	2	4.51163
166	515	3	3.9563513
166	3275	4	2.5434046
166	2503	5	4.6501517
166	430	6	3.2257323
166	370	7	3.7788925
166	172	8	4.0082474
166	728	9	3.6312857
166	911	10	3.242241
31	682	1	4.5437727
31	2550	2	4.1596313
31	3251	3	4.1802716
31	243	4	3.2278512
31	4016	5	3.8941026
31	420	6	3.006348
31	3718	7	4.122078
31	2502	8	2.5358677
31	391	9	4.6062913
31	161	10	3.9787471
467	843	1	4.6151314
467	860	2	4.392762
467	839	3	4.3563294
467	296	4	4.2938514
467	620	5	4.146154
467	1315	6	2.989766
467	3096	7	4.114149
467	47	8	2.7334962
467	733	9	4.0957575
467	1794	10	2.4419842
345	1854	1	4.9123297
345	1761	2	3.659958
345	196	3	4.6764154
345	28	4	3.9851031
345	72	5	2.6864016
345	2060	6	2.682103
345	139	7	4.651614
345	1199	8	2.6625233
345	501	9	4.4604225
345	1139	10	3.9598932
849	152	1	4.886257
849	231	2	4.1961317
849	3718	3	4.620679
849	243	4	4.0403724
849	4016	5	4.1030064
849	2503	6	4.3126698
849	196	7	4.5311246
849	1197	8	6.0853724
849	84	9	4.4906626
849	911	10	3.2128842
831	732	1	5.258788
831	369	2	4.896726
831	19	3	4.8805647
831	495	4	5.0985084
831	71	5	4.530564
831	2503	6	5.006054
831	485	7	4.44483
831	53	8	4.2597528
831	1745	9	3.3328097
831	4029	10	3.7566423
567	152	1	3.9215598
567	213	2	4.157489
567	3072	3	3.778942
567	3929	4	2.939945
567	30	5	3.3069098
567	420	6	2.4073656
567	351	7	3.6348076
567	1066	8	3.4178746
567	196	9	3.6281943
567	221	10	2.4317691
506	485	1	4.845056
506	369	2	5.1292324
506	19	3	4.7677984
506	439	4	5.700077
506	71	5	4.949165
506	2503	6	4.9405165
506	11	7	4.0271277
506	172	8	3.656076
506	911	9	4.62122
506	242	10	4.01666
730	242	1	3.877715
730	238	2	3.6097026
730	19	3	3.6087291
730	439	4	3.902256
730	1321	5	3.5258305
730	2942	6	2.7080197
730	95	7	3.2291567
730	172	8	3.255494
730	1484	9	3.2811484
730	1011	10	2.9473302
213	161	1	3.9134827
213	1697	2	3.8673272
213	839	3	3.6731682
213	439	4	4.5901747
213	4016	5	4.315975
213	2503	6	2.5905828
213	1139	7	3.6484165
213	599	8	2.8472843
213	654	9	3.5900583
213	1794	10	3.363028
624	913	1	3.9379435
624	848	2	3.4650486
624	1466	3	3.7102718
624	439	4	4.4038773
624	2503	5	3.5709505
624	2019	6	2.499691
624	874	7	3.5683045
624	200	8	2.9711928
624	911	9	4.6263742
624	1755	10	3.401547
536	485	1	4.2840242
536	721	2	4.5787315
536	196	3	4.0383224
536	3275	4	3.2750056
536	1321	5	2.8525982
536	2060	6	3.4938197
536	82	7	3.9543958
536	200	8	4.258049
536	515	9	3.706996
536	911	10	2.9290407
481	1449	1	4.688158
481	213	2	4.970429
481	372	3	4.421259
481	3929	4	4.664109
481	1926	5	3.4752893
481	225	6	4.1691117
481	278	7	4.2755394
481	1066	8	4.9634533
481	53	9	4.124756
481	221	10	3.8161545
852	641	1	4.0477834
852	2110	2	3.9244318
852	53	3	3.9663095
852	936	4	3.3365002
852	1983	5	3.6699185
852	2503	6	3.8000894
852	109	7	3.883782
852	1197	8	3.4872096
852	539	9	3.6170158
852	210	10	3.5972135
514	258	1	3.3555734
514	488	2	2.7056599
514	216	3	2.9218109
514	495	4	2.9547837
514	622	5	3.5062592
514	2503	6	2.0285807
514	0	7	2.8083293
514	200	8	2.5240936
514	1484	9	4.0322375
514	825	10	2.6699388
107	682	1	4.6411633
107	369	2	4.1680174
107	77	3	4.397175
107	243	4	4.945175
107	622	5	4.8636675
107	0	6	4.3355994
107	172	7	3.0068414
107	391	8	5.4171762
107	1854	9	4.2279787
107	43	10	4.9935894
156	19	1	4.2831173
156	108	2	3.5437064
156	63	3	3.7940574
156	686	4	3.308684
156	71	5	4.494853
156	2503	6	4.295725
156	514	7	3.6787596
156	172	8	3.0279012
156	1745	9	3.6463041
156	11	10	3.6168606
77	311	1	4.4161344
77	213	2	3.9122348
77	62	3	4.3991256
77	439	4	4.300972
77	1926	5	3.4426587
77	2503	6	2.6989837
77	631	7	3.9823036
77	694	8	3.313076
77	1794	9	4.4562526
77	913	10	3.7467608
690	242	1	4.674833
690	238	2	4.560743
690	7	3	4.3479385
690	439	4	5.363597
690	2503	5	5.0213804
690	1926	6	3.2403078
690	95	7	4.1165276
690	172	8	4.0793447
690	913	9	3.8871884
690	539	10	3.194003
83	1854	1	4.6175985
83	821	2	3.9785957
83	196	3	4.5243635
83	3929	4	4.2033587
83	622	5	4.3347282
83	2060	6	2.9759874
83	152	7	4.4296293
83	1199	8	3.4995317
83	501	9	4.4064884
83	221	10	2.2639854
928	152	1	4.674039
928	2110	2	4.7342763
928	84	3	4.5562363
928	28	4	4.2846174
928	1926	5	3.9831696
928	590	6	2.9397275
928	351	7	4.4164395
928	1197	8	4.281145
928	539	9	4.4485483
928	210	10	4.0063663
449	258	1	4.1724133
449	369	2	3.5710297
449	1854	3	4.063217
449	147	4	4.3575153
449	4016	5	3.5759723
449	2060	6	2.8223617
449	227	7	3.9689405
449	1066	8	3.3867486
449	948	9	3.9506547
449	1484	10	2.1824546
146	479	1	4.5486884
146	860	2	4.4630213
146	139	3	4.417419
146	147	4	4.9003515
146	620	5	4.6542187
146	501	6	4.392594
146	363	7	2.4406414
146	682	8	4.38186
146	1794	9	4.287755
146	43	10	3.702176
1	0	1	5.67637
1	369	2	5.1901712
1	278	3	4.699263
1	3929	4	5.220437
1	2503	5	4.603614
1	1321	6	3.505567
1	485	7	4.5666995
1	200	8	3.9565759
1	221	9	4.719486
1	11	10	4.357083
643	372	1	3.7127755
643	213	2	4.1465216
643	485	3	3.6367102
643	2065	4	3.1772585
643	225	5	4.420925
643	622	6	3.5908759
643	732	7	3.6304665
643	200	8	2.7569685
643	258	9	3.1538644
643	1281	10	1.9034559
98	351	1	4.0862885
98	1533	2	4.2315426
98	485	3	3.6838636
98	243	4	3.0212774
98	622	5	2.4413915
98	3220	6	3.0060823
98	311	7	3.6502721
98	694	8	3.2374828
98	321	9	3.5879688
98	391	10	3.3693352
563	62	1	3.7175221
563	213	2	3.2554789
563	311	3	3.4616747
563	243	4	3.363152
563	622	5	3.4077501
563	2503	6	1.8795165
563	631	7	3.4561431
563	694	8	3.2967038
563	1794	9	3.742929
563	258	10	3.2122104
615	1449	1	5.052253
615	488	2	3.7094758
615	372	3	4.343437
615	439	4	4.2585826
615	1321	5	3.8731675
615	2503	6	3.0356286
615	258	7	4.1862235
615	694	8	4.1354737
615	3718	9	4.068775
615	221	10	3.8219848
254	370	1	4.246912
254	185	2	4.5594845
254	196	3	3.8513055
254	686	4	3.6985571
254	2060	5	4.84214
254	1321	6	3.8830438
254	913	7	3.813039
254	172	8	3.4350777
254	911	9	4.2451687
254	95	10	3.7316065
759	216	1	4.811076
759	185	2	4.7622323
759	242	3	4.009779
759	439	4	4.33745
759	1321	5	4.242033
759	2060	6	4.385776
759	1011	7	3.8199177
759	200	8	3.0236006
759	911	9	4.1151223
759	1023	10	3.7109687
258	53	1	4.1858015
258	231	2	3.624504
258	351	3	4.176919
258	3929	4	3.7018952
258	1983	5	3.7754235
258	2060	6	3.2585478
258	479	7	3.898043
258	1199	8	2.2241447
258	539	9	4.576768
258	456	10	3.7419386
453	62	1	4.329859
453	231	2	4.1905103
453	210	3	3.9993637
453	3929	4	3.6490116
453	71	5	3.8801746
453	225	6	3.0660145
453	672	7	3.9637218
453	1066	8	3.7654405
453	219	9	3.8889818
453	911	10	2.294905
135	216	1	3.7744935
135	1697	2	3.0385447
135	3718	3	3.7600515
135	489	4	3.0683017
135	622	5	2.5252416
135	420	6	2.3876693
135	1410	7	3.7586474
135	599	8	4.3627596
135	3090	9	3.4327075
135	351	10	3.4154801
637	372	1	5.1449366
637	213	2	5.747954
637	485	3	4.3751497
637	439	4	5.296936
637	225	5	5.1351013
637	1926	6	3.5421731
637	11	7	4.2060275
637	694	8	5.2007904
637	242	9	4.010061
637	539	10	3.4742796
365	227	1	4.607381
365	231	2	4.286377
365	479	3	4.473919
365	936	4	4.693072
365	620	5	4.6245675
365	2060	6	3.3484874
365	641	7	4.3899183
365	1066	8	3.7042286
365	682	9	4.147521
365	1484	10	2.3982096
726	11	1	4.0863132
726	369	2	5.2591944
726	439	3	5.6065764
726	242	4	4.07091
726	2503	5	4.813223
726	1926	6	3.877469
726	913	7	4.0337234
726	200	8	4.8458138
726	7	9	3.706903
726	539	10	3.8959494
814	109	1	5.0601435
814	231	2	4.7306557
814	196	3	4.912074
814	3929	4	5.0795593
814	620	5	4.5548635
814	225	6	3.4968436
814	210	7	4.694759
814	1066	8	4.474765
814	479	9	4.5472183
814	911	10	3.158658
246	372	1	5.5422564
246	24	2	4.9081573
246	216	3	5.1836653
246	686	4	3.4088929
246	71	5	4.2984133
246	2503	6	4.3852344
246	485	7	4.964691
246	200	8	4.676576
246	911	9	5.28055
246	370	10	4.8607254
419	216	1	3.6103127
419	3795	2	2.809764
419	1236	3	3.2381737
419	243	4	4.241061
419	2060	5	4.574141
419	620	6	1.8774269
419	0	7	3.0849428
419	200	8	3.2787445
419	1794	9	3.6762917
419	732	10	3.0518405
820	109	1	3.5412812
820	597	2	3.4662416
820	479	3	3.4812703
820	495	4	3.1167583
820	620	5	3.1415486
820	225	6	3.5405405
820	370	7	3.2609289
820	1197	8	3.5908723
820	1484	9	3.7636733
820	843	10	3.2321098
517	535	1	3.1573672
517	369	2	3.7939258
517	90	3	3.0284593
517	495	4	3.0526667
517	55	5	2.6395292
517	935	6	2.949115
517	571	7	2.981574
517	599	8	2.0959191
517	1928	9	2.9808898
517	229	10	1.950614
198	732	1	4.6039643
198	24	2	4.729109
198	242	3	4.5271735
198	3929	4	4.843404
198	71	5	4.736352
198	225	6	3.8912191
198	372	7	4.4568605
198	1197	8	4.543459
198	1449	9	4.4553103
198	221	10	3.3386364
936	19	1	4.580967
936	108	2	3.8727322
936	439	3	6.0649056
936	913	4	4.159877
936	71	5	4.7291718
936	2503	6	4.9617057
936	196	7	4.0090857
936	200	8	4.9982433
936	1011	9	3.914345
936	1745	10	3.1812522
326	844	1	3.5763037
326	2550	2	3.4712634
326	1115	3	3.5013835
326	28	4	3.0564005
326	1161	5	3.114561
326	3251	6	3.4367714
326	599	7	3.0719843
326	139	8	3.3143983
326	391	9	3.0249372
326	1910	10	3.303166
811	62	1	4.327272
811	213	2	4.041491
811	311	3	4.298355
811	243	4	4.84342
811	1321	5	4.5478187
811	2503	6	3.186483
811	370	7	4.281492
811	200	8	3.668682
811	1794	9	4.378805
811	631	10	3.929983
370	196	1	4.9617777
370	185	2	4.4331737
370	242	3	4.9335756
370	28	4	3.571869
370	1926	5	4.4083724
370	2060	6	4.948229
370	53	7	4.57578
370	694	8	5.0521116
370	95	9	4.5574346
370	539	10	4.5016947
48	216	1	4.808619
48	2108	2	4.243751
48	53	3	4.7517557
48	936	4	4.4711523
48	1983	5	4.96848
48	2503	6	4.0705204
48	479	7	4.3758926
48	1197	8	5.383371
48	62	9	4.1655836
48	911	10	3.8447628
505	216	1	4.348402
505	1526	2	4.0817
505	3718	3	3.919412
505	28	4	3.7678316
505	4016	5	3.6444697
505	2503	6	3.8357177
505	152	7	3.900148
505	599	8	5.016627
505	139	9	3.8868792
505	3137	10	2.569082
548	196	1	3.576366
548	2110	2	3.2776601
548	439	3	4.2469387
548	479	4	3.0224104
548	71	5	2.5468144
548	225	6	2.8556185
548	210	7	2.9935904
548	172	8	2.5646024
548	109	9	2.9375885
548	1484	10	2.6365526
832	672	1	4.190836
832	2110	2	3.6142979
832	1449	3	3.9957862
832	936	4	3.5020938
832	620	5	3.9339037
832	2503	6	3.7710896
832	4017	7	3.7958717
832	1197	8	4.5086126
832	682	9	3.7830727
832	221	10	3.4896116
880	152	1	3.587379
880	2108	2	4.029159
880	351	3	3.48231
880	296	4	2.7797585
880	1926	5	3.6534996
880	935	6	2.74825
880	843	7	3.4222827
880	1066	8	2.610288
880	210	9	3.3872452
880	221	10	1.9633579
937	216	1	4.728361
937	1697	2	3.9797266
937	351	3	4.6626406
937	3929	4	3.941202
937	2503	5	4.2023335
937	72	6	2.4041352
937	196	7	4.5154357
937	599	8	5.291028
937	3251	9	4.491322
937	3718	10	4.344689
234	372	1	4.5574064
234	213	2	4.0969405
234	62	3	4.535056
234	936	4	3.854674
234	72	5	4.4949503
234	2503	6	3.4583824
234	311	7	4.5281334
234	1197	8	4.8440084
234	216	9	4.441657
234	1745	10	3.0000544
355	1011	1	3.9580178
355	488	2	2.9638605
355	216	3	3.8376584
355	495	4	3.8727727
355	71	5	3.1126928
355	2503	6	3.1940746
355	7	7	2.9753895
355	200	8	2.817549
355	911	9	4.807342
355	1466	10	2.8838632
932	682	1	5.205202
932	2550	2	4.558595
932	1854	3	4.8395104
932	147	4	4.811493
932	1161	5	3.4229202
932	2060	6	2.3745472
932	501	7	4.5689754
932	1199	8	2.6838503
932	3251	9	4.1383333
932	351	10	3.9273627
617	351	1	4.3777766
617	1697	2	3.485434
617	1139	3	4.0720596
617	28	4	4.140171
617	4016	5	4.4958315
617	420	6	2.4540548
617	3090	7	3.9593048
617	1199	8	2.7414198
617	152	9	3.7933493
617	271	10	3.6606045
15	839	1	3.869823
15	1582	2	3.8074315
15	844	3	3.6824117
15	944	4	4.362768
15	4016	5	4.231237
15	2503	6	2.6261082
15	3085	7	3.6210537
15	2502	8	3.3207903
15	3096	9	3.6034007
15	391	10	3.5162802
61	1449	1	4.868589
61	821	2	5.0189466
61	62	3	4.8111067
61	439	4	4.2278266
61	1926	5	3.4052107
61	2942	6	3.3665833
61	311	7	4.532816
61	3281	8	3.6400928
61	1794	9	4.639121
61	631	10	4.3491306
438	196	1	4.173414
438	821	2	5.1190643
438	95	3	4.088098
438	3929	4	4.796421
438	430	5	3.6801336
438	225	6	4.238331
438	278	7	4.019782
438	200	8	4.713291
438	7	9	3.808244
438	221	10	3.734412
407	372	1	5.1278086
407	821	2	5.278503
407	1449	3	5.017665
407	3929	4	5.1248326
407	1926	5	3.7346787
407	2060	6	3.9228392
407	3072	7	4.694457
407	694	8	4.6105814
407	278	9	4.4108267
407	221	10	3.9305353
756	152	1	5.4898996
756	721	2	5.288266
756	631	3	5.0217686
756	686	4	4.0996757
756	55	5	3.6755505
756	225	6	3.7047741
756	351	7	4.6694226
756	1066	8	4.356104
756	1794	9	4.8861732
756	219	10	4.514179
466	242	1	4.1690035
466	108	2	3.9196162
466	515	3	3.8170247
466	439	4	4.551442
466	225	5	4.3719096
466	1321	6	3.0604787
466	95	7	3.690525
466	200	8	3.7745652
466	370	9	3.5953465
466	911	10	3.1697483
288	311	1	4.8926086
288	369	2	3.8194458
288	732	3	4.8151264
288	439	4	3.8388984
288	71	5	4.0269413
288	2060	6	4.160198
288	258	7	4.787398
288	200	8	3.0105147
288	1794	9	5.0243692
288	0	10	4.6243534
302	1854	1	4.534051
302	860	2	4.2230453
302	641	3	4.3643603
302	147	4	4.783086
302	2800	5	3.482511
302	2503	6	3.0123935
302	948	7	4.2973332
302	1197	8	5.4184513
302	479	9	4.267246
302	911	10	2.9560428
436	152	1	4.3432107
436	213	2	3.8658853
436	84	3	4.2661505
436	28	4	3.5970054
436	72	5	4.635358
436	225	6	2.7636824
436	62	7	4.2023864
436	1066	8	3.378006
436	631	9	4.1916857
436	1794	10	4.0938625
616	139	1	3.95546
616	1526	2	4.1255913
616	3090	3	3.662436
616	901	4	3.021052
616	2800	5	3.8618038
616	2503	6	3.063376
616	161	7	3.6118834
616	599	8	3.9433446
616	391	9	4.2578144
616	216	10	3.5618443
252	682	1	4.528712
252	1697	2	3.279614
252	3251	3	4.000589
252	944	4	3.15445
252	620	5	4.9177747
252	2060	6	2.2131176
252	702	7	3.6817622
252	363	8	2.5028353
252	1794	9	4.6067276
252	19	10	3.655251
693	372	1	4.4703283
693	231	2	4.9629498
693	485	3	3.8780913
693	3929	4	4.2973084
693	430	5	3.3736968
693	225	6	3.9825122
693	278	7	3.6888654
693	172	8	3.8777328
693	221	9	3.937356
693	196	10	3.3920224
596	152	1	4.156642
596	821	2	3.7775154
596	351	3	4.0309744
596	320	4	3.6101108
596	72	5	3.460836
596	225	6	3.5466914
596	1449	7	3.9893425
596	694	8	3.0738945
596	227	9	3.6656208
596	1745	10	3.5553253
240	886	1	3.3758268
240	1522	2	2.7690706
240	248	3	3.0757785
240	4452	4	1.5240564
240	111	5	2.0732102
240	2425	6	1.6409731
240	4604	7	3.028565
240	832	8	1.6616862
240	2466	9	2.951531
240	4396	10	2.8145185
631	215	1	3.413711
631	218	2	3.2656507
631	631	3	3.290753
631	320	4	3.3485425
631	55	5	3.0214772
631	420	6	3.5614834
631	454	7	3.2338898
631	694	8	2.5508277
631	50	9	3.1503923
631	156	10	2.513547
157	242	1	3.9684517
157	238	2	3.8643408
157	95	3	3.8113134
157	439	4	3.9306407
157	1321	5	4.5692053
157	2060	6	4.7514186
157	913	7	3.6972072
157	200	8	3.8893037
157	911	9	4.2208457
157	29	10	3.4147465
174	672	1	4.65121
174	2110	2	4.232609
174	4021	3	4.3323007
174	936	4	4.313995
174	620	5	4.0652084
174	2503	6	2.3419328
174	4020	7	4.164178
174	200	8	3.5397718
174	77	9	3.9773061
174	1794	10	2.9922018
422	351	1	4.771146
422	231	2	4.272058
422	631	3	4.384248
422	3929	4	4.109399
422	1926	5	3.3973823
422	2060	6	3.2724125
422	732	7	4.368891
422	172	8	3.8944962
422	1449	9	3.7916641
422	539	10	3.4220405
299	95	1	3.8333385
299	721	2	3.6134315
299	196	3	3.8222427
299	439	4	4.604471
299	1926	5	2.7445471
299	2060	6	3.2843394
299	278	7	3.7445078
299	200	8	4.218092
299	7	9	3.613491
299	539	10	3.217023
916	216	1	4.77878
916	369	2	4.67642
916	485	3	4.691014
916	439	4	4.94717
916	71	5	4.2138853
916	2503	6	4.0931516
916	19	7	4.0302997
916	200	8	4.0793324
916	1484	9	3.992899
916	242	10	3.7264216
533	95	1	4.987848
533	821	2	5.5978227
533	3072	3	4.7804456
533	3929	4	5.2943697
533	1926	5	4.40433
533	2060	6	3.8500812
533	3073	7	4.751342
533	694	8	4.6841383
533	82	9	4.519189
533	221	10	3.963417
152	732	1	5.3537664
152	24	2	5.235251
152	216	3	5.3264303
152	495	4	5.405897
152	71	5	4.7028184
152	2060	6	4.5468545
152	515	7	5.28144
152	200	8	4.381549
152	1794	9	5.8205295
152	372	10	4.90273
336	3072	1	3.728336
336	113	2	3.536524
336	278	3	3.4050827
336	3273	4	3.3361497
336	590	5	2.1741347
336	3075	6	3.3812833
336	172	7	5.0593596
336	728	8	3.2517054
336	221	9	3.5774367
336	359	10	2.9549952
460	7	1	3.44937
460	614	2	3.554336
460	227	3	3.4402122
460	2760	4	3.9316952
460	58	5	3.9130294
460	1036	6	3.327218
460	571	7	3.3368154
460	1025	8	3.0428026
460	426	9	3.3035455
460	391	10	2.9635997
698	1410	1	3.8511896
698	721	2	3.497467
698	4021	3	3.831127
698	147	4	3.2186136
698	71	5	3.0110059
698	590	6	2.6979966
698	95	7	3.7566206
698	1025	8	2.4036436
698	479	9	3.7561626
698	1794	10	3.6866374
919	311	1	5.234772
919	213	2	5.3712916
919	732	3	5.0261803
919	686	4	3.7929165
919	71	5	5.6127167
919	225	6	4.229118
919	95	7	5.0089254
919	1066	8	5.244918
919	372	9	4.9744825
919	539	10	4.851391
359	3718	1	4.9178543
359	24	2	3.8522656
359	631	3	4.840114
359	243	4	5.7879486
359	2060	5	5.40055
359	1926	6	3.8949776
359	216	7	4.7772465
359	200	8	4.3927526
359	1794	9	5.4585543
359	0	10	4.549092
818	515	1	4.559414
818	185	2	4.6835623
818	3929	3	6.4014206
818	370	4	4.2559605
818	2060	5	5.235323
818	1926	6	4.2804193
818	11	7	4.253798
818	200	8	5.264255
818	196	9	4.2179136
818	221	10	4.7376566
733	1211	1	3.619014
733	1531	2	3.140823
733	988	3	3.5689983
733	1134	4	3.2612188
733	620	5	2.2996683
733	2942	6	2.413587
733	913	7	3.563952
733	694	8	2.4670691
733	857	9	3.4857943
733	1745	10	3.2670445
823	351	1	3.724072
823	2108	2	4.034197
823	84	3	3.6953697
823	439	4	4.140722
823	72	5	3.7227402
823	420	6	4.0465446
823	1410	7	3.6651006
823	1197	8	3.639487
823	152	9	3.6602874
823	539	10	3.4037075
675	53	1	3.4340968
675	201	2	3.657274
675	278	3	3.3791103
675	3275	4	2.95121
675	70	5	2.3372505
675	2060	6	2.6348083
675	372	7	3.245983
675	172	8	3.473968
675	3074	9	3.147128
675	221	10	2.9862406
661	258	1	5.035029
661	213	2	5.1719766
661	3718	3	4.9089365
661	495	4	4.4992733
661	71	5	3.9333725
661	2503	6	3.889711
661	372	7	4.843759
661	694	8	4.49545
661	1794	9	5.590895
661	732	10	4.834141
372	152	1	4.9727626
372	24	2	4.3358717
372	351	3	4.627022
372	495	4	4.49014
372	1926	5	4.515678
372	225	6	2.858389
372	84	7	4.5427423
372	1197	8	4.061125
372	539	9	4.3866115
372	95	10	4.388811
706	161	1	4.124537
706	4050	2	3.6606545
706	839	3	3.8476224
706	296	4	3.7533467
706	1161	5	3.394352
706	271	6	3.8366685
706	2502	7	2.8867216
706	1285	8	3.7819972
706	391	9	2.93397
706	129	10	3.6793098
218	485	1	3.8509808
218	115	2	3.2872796
218	278	3	3.5171213
218	3273	4	2.934567
218	430	5	4.286538
218	225	6	3.8785548
218	196	7	3.3190355
218	1066	8	4.3754406
218	221	9	3.62525
218	1368	10	3.2690287
232	485	1	4.5869484
232	185	2	4.0805984
232	95	3	4.3380756
232	3929	4	5.5239506
232	1926	5	3.55368
232	2060	6	4.201693
232	7	7	4.142478
232	200	8	5.0776367
232	539	9	4.026441
232	515	10	3.8230996
52	2125	1	4.849364
52	1526	2	4.503133
52	139	3	4.3734035
52	944	4	3.503608
52	4016	5	3.7248302
52	2503	6	3.5150805
52	161	7	4.2551017
52	599	8	4.836672
52	216	9	4.0527115
52	3251	10	4.006896
645	95	1	5.4094677
645	431	2	5.1973705
645	62	3	5.069047
645	686	4	4.2311454
645	1926	5	3.995874
645	420	6	3.8103542
645	3075	7	4.705848
645	1066	8	4.2999425
645	3074	9	4.564612
645	221	10	3.102025
502	682	1	4.8852205
502	2550	2	3.9095488
502	4021	3	4.496503
502	320	4	3.937042
502	4016	5	4.18468
502	420	6	3.3875275
502	84	7	4.401646
502	1066	8	3.221367
502	227	9	4.294737
502	1854	10	4.138589
17	139	1	4.2577205
17	2550	2	4.0671997
17	3251	3	4.140641
17	147	4	5.1695547
17	620	5	4.909371
17	2503	6	3.5774107
17	216	7	4.094198
17	599	8	4.2257013
17	1794	9	4.597145
17	196	10	3.968362
687	242	1	4.094208
687	369	2	5.0261374
687	11	3	3.9525194
687	686	4	3.8622496
687	1321	5	3.4415078
687	2060	6	4.062543
687	515	7	3.783153
687	200	8	4.143341
687	7	9	3.693192
687	911	10	3.5036876
427	152	1	4.0733147
427	1748	2	3.2513058
427	351	3	3.5811586
427	320	4	3.1604166
427	72	5	3.0593126
427	225	6	3.0894084
427	84	7	3.5039353
427	694	8	2.6241639
427	391	9	3.4755154
427	227	10	3.1408172
187	351	1	5.3252745
187	185	2	3.467208
187	372	3	4.62223
187	3929	4	4.3408346
187	430	5	3.6219373
187	2060	6	3.3442316
187	95	7	4.461382
187	200	8	3.7183032
187	278	9	4.305996
187	221	10	4.016261
184	456	1	4.292529
184	168	2	4.2488036
184	672	3	4.0746
184	936	4	3.813632
184	1983	5	3.9656577
184	225	6	2.2618709
184	227	7	4.0084534
184	1199	8	3.4686384
184	539	9	4.269966
184	210	10	3.977132
489	682	1	5.1759386
489	1697	2	3.7243743
489	3251	3	4.4569464
489	28	4	3.603531
489	2800	5	4.749169
489	2503	6	3.270729
489	733	7	4.003932
489	599	8	3.8858209
489	391	9	4.0502157
489	161	10	3.9472313
772	1449	1	4.8223276
772	185	2	4.3419456
772	515	3	4.604825
772	439	4	4.4358068
772	1321	5	4.74204
772	2942	6	3.2555792
772	372	7	4.318212
772	694	8	3.6829927
772	1794	9	4.8585663
772	258	10	4.2487926
635	485	1	4.4578667
635	369	2	4.9213595
635	19	3	4.168071
635	439	4	5.104538
635	71	5	4.572473
635	2503	6	4.5971093
635	370	7	4.0531516
635	200	8	4.1020813
635	221	9	4.592
635	515	10	3.9810405
169	216	1	3.714555
169	1526	2	3.7440283
169	139	3	3.439166
169	28	4	3.2936294
169	2800	5	3.5442936
169	2503	6	2.9710498
169	351	7	3.4018822
169	599	8	3.7958026
169	391	9	3.7443542
169	1139	10	3.2345638
718	1449	1	5.233713
718	369	2	5.118084
718	485	3	4.30828
718	3929	4	5.35021
718	1926	5	3.6826406
718	225	6	4.3531857
718	278	7	4.291204
718	694	8	4.409058
718	242	9	4.286258
718	221	10	4.050592
9	370	1	4.678394
9	1748	2	4.0618243
9	62	3	4.551226
9	439	4	3.942853
9	1926	5	3.3796887
9	2942	6	3.2105026
9	311	7	4.4032865
9	694	8	3.213157
9	1794	9	4.2119923
9	631	10	4.1209307
464	81	1	3.615303
464	529	2	3.7102494
464	152	3	3.5104573
464	686	4	3.2830553
464	55	5	3.4310427
464	1036	6	2.395586
464	631	7	3.4815416
464	694	8	2.811983
464	215	9	3.461906
464	1794	10	3.1309538
212	370	1	4.175248
212	369	2	4.887412
212	439	3	5.699668
212	11	4	3.9199016
212	71	5	4.537412
212	2503	6	4.7613497
212	196	7	3.8497055
212	694	8	4.689694
212	221	9	4.433216
212	913	10	3.8307896
66	1011	1	3.5413966
66	369	2	3.5950685
66	63	3	3.4139564
66	495	4	3.7810163
66	1926	5	3.7490678
66	2503	6	3.5250955
66	913	7	3.2598562
66	694	8	4.218504
66	1466	9	3.2082405
66	1745	10	3.0322266
378	372	1	4.0655403
378	238	2	4.1410537
378	631	3	3.982244
378	3929	4	4.448285
378	1926	5	3.8249187
378	2060	6	3.4529119
378	732	7	3.9534676
378	1066	8	4.152117
378	242	9	3.88457
378	1484	10	2.6903875
929	1449	1	3.1147094
929	488	2	2.9103386
929	515	3	3.0606828
929	495	4	2.8509152
929	1321	5	2.7120337
929	1223	6	1.6844008
929	485	7	2.616046
929	694	8	2.326078
929	911	9	3.0169263
929	43	10	3.7370296
597	84	1	3.9702573
597	3342	2	3.810966
597	351	3	3.5707183
597	3929	4	4.637454
597	72	5	3.3579807
597	1666	6	3.3541234
597	278	7	3.3514342
597	47	8	2.3553066
597	1449	9	3.2862754
597	1281	10	3.1840694
509	732	1	5.0459743
509	369	2	4.8280354
509	19	3	4.8691034
509	686	4	3.2781346
509	71	5	4.505689
509	2503	6	5.0765324
509	485	7	4.385416
509	694	8	4.362071
509	53	9	4.372658
509	911	10	4.3371983
511	4020	1	3.9013915
511	168	2	4.3419695
511	4021	3	3.7955546
511	439	4	4.09453
511	1983	5	4.1791687
511	2060	6	2.678351
511	2125	7	3.5863686
511	47	8	3.2346387
511	229	9	3.6746447
511	210	10	3.5688105
253	278	1	4.5737133
253	821	2	5.514873
253	3073	3	4.4476414
253	439	4	5.019099
253	430	5	4.5431952
253	2060	6	3.7036304
253	3072	7	4.3876905
253	200	8	5.066721
253	221	9	4.2464304
253	7	10	4.151437
927	152	1	4.9817386
927	213	2	5.046334
927	351	3	4.398078
927	3273	4	3.7950673
927	225	5	3.5251036
927	1693	6	4.317518
927	1066	7	4.142574
927	7	8	4.2436953
927	1794	9	4.6089945
927	1449	10	4.1386204
837	152	1	5.3660517
837	213	2	4.685749
837	62	3	5.0166516
837	439	4	4.3697414
837	55	5	4.167844
837	420	6	4.5266914
837	631	7	4.986721
837	1066	8	4.234794
837	732	9	4.7122536
837	539	10	3.1622696
921	152	1	5.3107214
921	2108	2	4.627447
921	62	3	4.6990385
921	439	4	5.003994
921	1926	5	3.6890752
921	590	6	3.754325
921	351	7	4.620896
921	1066	8	3.9358296
921	1794	9	5.2443256
921	732	10	4.1988993
903	278	1	4.7406955
903	369	2	5.619542
903	242	3	4.619075
903	439	4	5.3888116
903	1926	5	3.7030635
903	2060	6	4.171281
903	485	7	4.23903
903	694	8	4.8620815
903	95	9	4.2165756
903	196	10	4.2110662
23	62	1	3.7798493
23	168	2	3.7496722
23	311	3	3.6213565
23	243	4	3.5742514
23	72	5	3.5823832
23	225	6	3.839345
23	278	7	3.5612292
23	1197	8	3.383685
23	539	9	3.873303
23	109	10	3.199824
386	19	1	4.718791
386	369	2	4.7160053
386	53	3	4.492773
386	147	4	3.2146888
386	71	5	4.2707815
386	2503	6	5.0068607
386	672	7	4.264138
386	694	8	4.536496
386	539	9	4.9689064
386	843	10	4.0502787
291	216	1	4.840487
291	238	2	3.8669913
291	485	3	4.3104186
291	242	4	4.2268157
291	2503	5	4.0844297
291	1321	6	2.8362393
291	200	7	3.1768832
291	221	8	4.214328
291	11	9	4.101345
291	278	10	4.0295153
827	682	1	4.865809
827	1526	2	3.7700028
827	152	3	4.6035957
827	147	4	4.603367
827	2800	5	3.667595
827	2060	6	2.7222157
827	4021	7	4.5356035
827	1066	8	3.090941
827	139	9	4.282709
827	1484	10	2.1989875
445	3251	1	4.3452916
445	1697	2	3.7469382
445	196	3	4.0855856
445	28	4	3.7850485
445	4016	5	4.153985
445	2503	6	3.8326347
445	271	7	3.972465
445	2502	8	2.8866372
445	391	9	4.7477803
445	161	10	3.9231348
725	139	1	4.6947412
725	1526	2	4.3116927
725	2125	3	4.653858
725	28	4	3.6469994
725	4016	5	4.097274
725	501	6	4.6530056
725	599	7	4.847595
725	948	8	4.5529394
725	43	9	4.349725
725	351	10	4.0836296
194	227	1	4.1717224
194	218	2	3.3296423
194	631	3	3.7921567
194	3273	4	4.252107
194	30	5	3.5704517
194	420	6	3.9068286
194	81	7	3.7506962
194	1732	8	2.4085245
194	454	9	3.7159028
194	1794	10	3.2527
150	62	1	3.4551473
150	369	2	3.3887024
150	11	3	3.4188871
150	243	4	3.4854789
150	71	5	3.113851
150	2503	6	3.0407486
150	732	7	3.4009907
150	1066	8	2.7531252
150	227	9	3.3626165
150	229	10	3.2617037
216	216	1	5.0503817
216	369	2	4.481535
216	372	3	4.9087405
216	439	4	4.985062
216	2060	5	5.5300727
216	1926	6	3.329479
216	485	7	4.4623194
216	200	8	3.9298506
216	1794	9	5.8214946
216	913	10	4.0272284
605	62	1	4.7819014
605	231	2	4.7923203
605	479	3	4.4474673
605	3929	4	5.0866776
605	72	5	4.92595
605	2060	6	3.9727628
605	631	7	4.4455156
605	1066	8	4.735119
605	311	9	4.4361916
605	911	10	3.080409
503	62	1	5.101848
503	24	2	4.269438
503	311	3	4.854186
503	495	4	4.41057
503	620	5	4.145766
503	225	6	4.0603065
503	631	7	4.6742964
503	1197	8	4.8600554
503	1449	9	4.568494
503	221	10	3.6688342
133	914	1	4.111676
133	218	2	3.8585835
133	1503	3	3.740851
133	55	4	3.3082175
133	1003	5	3.362714
133	920	6	3.6051507
133	599	7	2.7814648
133	680	8	3.5386024
133	229	9	2.6019034
133	43	10	2.9601126
895	351	1	5.1507473
895	821	2	4.876749
895	1449	3	5.104571
895	439	4	4.4482718
895	30	5	5.5920486
895	225	6	4.221773
895	372	7	4.693554
895	1066	8	4.9756827
895	3074	9	4.304451
895	221	10	3.9349947
65	271	1	3.4451602
65	2550	2	4.69903
65	3718	3	3.1605878
65	28	4	2.8498602
65	2800	5	3.9044745
65	2503	6	2.895335
65	351	7	3.1566339
65	599	8	3.4653323
65	391	9	3.870058
65	216	10	3.1264277
705	3207	1	2.5058339
705	3225	2	1.9882892
705	415	3	2.437334
705	2488	4	3.0614886
705	3327	5	2.207923
705	353	6	1.9802532
705	1634	7	1.432823
705	687	8	1.9727362
705	1213	9	1.8319399
705	1330	10	1.8970286
477	152	1	4.6008396
477	821	2	3.741679
477	732	3	4.4843764
477	686	4	4.381856
477	30	5	4.4975777
477	420	6	3.736604
477	351	7	4.224962
477	1066	8	3.8885798
477	1794	9	4.3511295
477	1693	10	4.0294056
640	196	1	4.702468
640	2550	2	3.9056268
640	3251	3	4.330921
640	944	4	3.035573
640	2800	5	4.226843
640	420	6	2.2972019
640	3718	7	4.2626305
640	14	8	2.7818499
640	1794	9	4.948084
640	152	10	3.8671355
601	152	1	4.2949667
601	330	2	4.1552963
601	73	3	4.2616005
601	3275	4	4.8523746
601	1926	5	3.3776784
601	935	6	3.8553216
601	81	7	3.9696007
601	1595	8	2.6998096
601	1410	9	3.7142596
601	156	10	3.520605
724	278	1	4.430623
724	369	2	4.865732
724	515	3	4.1279964
724	439	4	4.3420444
724	225	5	4.474072
724	1321	6	3.1435103
724	242	7	3.986266
724	200	8	3.6959014
724	221	9	4.0672474
724	7	10	3.7809587
70	242	1	4.009739
70	185	2	3.951001
70	278	3	3.87983
70	3275	4	2.0238252
70	2503	5	4.2712293
70	1321	6	3.0705752
70	515	7	3.5775723
70	200	8	3.4866686
70	911	9	3.5078273
70	370	10	3.5315433
647	682	1	4.9875145
647	1526	2	3.6836736
647	479	3	4.9146476
647	3929	4	4.4030313
647	622	5	4.4163246
647	2060	6	3.1858222
647	152	7	4.7473593
647	1066	8	3.5851011
647	84	9	4.5188212
647	1484	10	2.5366395
496	62	1	4.244341
496	597	2	4.1944876
496	1449	3	4.0803905
496	936	4	3.4989867
496	2503	5	4.05683
496	71	6	3.10385
496	210	7	4.042548
496	200	8	4.923543
496	4017	9	3.8355885
496	1484	10	3.200984
899	1893	1	4.3363123
899	1511	2	4.080559
899	187	3	4.1360826
899	1014	4	3.0176277
899	55	5	3.8580594
899	1315	6	2.8414092
899	571	7	3.6453466
899	1025	8	3.6782782
899	90	9	3.6197307
899	229	10	3.5157304
750	62	1	4.519316
750	821	2	4.1214075
750	631	3	4.296252
750	495	4	4.3176537
750	620	5	3.8184106
750	225	6	3.4195714
750	311	7	4.2903814
750	694	8	3.2396069
750	11	9	4.087718
750	221	10	2.769411
43	3718	1	5.5931177
43	24	2	4.659895
43	732	3	5.3390045
43	439	4	5.2708125
43	225	5	5.2311983
43	71	6	4.180173
43	0	7	5.151168
43	200	8	4.3312054
43	372	9	4.9905906
43	1745	10	3.9121194
568	1854	1	4.1419377
568	1526	2	3.6150146
568	501	3	3.8712702
568	28	4	2.7625453
568	2800	5	3.3512447
568	948	6	3.8105485
568	1197	7	4.4038057
568	196	8	3.2773116
568	391	9	3.3395848
568	43	10	2.7086549
656	3718	1	4.5102015
656	231	2	3.0696747
656	3251	3	4.055213
656	243	4	3.6928065
656	4016	5	4.2277927
656	420	6	2.5958767
656	351	7	4.0043435
656	1199	8	2.7016196
656	1794	9	5.1692944
656	1139	10	3.8721366
544	242	1	4.1076245
544	238	2	3.9810991
544	11	3	4.1013546
544	686	4	3.6743512
544	71	5	4.6942163
544	2503	6	4.923194
544	196	7	3.652666
544	200	8	5.000344
544	911	9	4.931795
544	95	10	3.5208473
431	1688	1	3.6382353
431	721	2	4.1650634
431	1893	3	3.5411851
431	455	4	4.109831
431	935	5	3.251996
431	90	6	3.5000684
431	1732	7	3.4061928
431	73	8	3.4536257
431	1461	9	2.3184109
431	50	10	3.423114
583	1688	1	4.0358534
583	529	2	3.9232583
583	50	3	3.9926953
583	1014	4	2.939697
583	2216	5	4.6315145
583	1003	6	3.1126332
583	680	7	3.852368
583	677	8	3.6217115
583	1090	9	3.621464
583	43	10	2.7941728
142	1626	1	4.2704115
142	1424	2	3.8693755
142	2098	3	4.061527
142	439	4	3.6463401
142	1321	5	3.3233745
142	225	6	2.8931308
142	84	7	3.8013275
142	47	8	3.2162266
142	2605	9	3.7219095
142	1484	10	3.3783
856	3718	1	4.024795
856	369	2	3.6853218
856	1466	3	3.5090342
856	686	4	3.575186
856	71	5	3.3192396
856	2503	6	2.2569342
856	63	7	3.2286525
856	200	8	2.247523
856	1794	9	4.2628922
856	530	10	3.1697755
148	152	1	5.383877
148	1171	2	3.684308
148	219	3	4.6739054
148	3929	4	3.32884
148	55	5	4.0349684
148	225	6	3.5726929
148	351	7	4.6200585
148	1066	8	4.5997963
148	372	9	4.515771
148	221	10	3.5070233
130	682	1	4.7112055
130	860	2	4.6026754
130	501	3	4.522415
130	296	4	4.731518
130	2800	5	3.8074913
130	2503	6	2.6846485
130	2125	7	4.1215315
130	1066	8	2.4240613
130	161	9	3.947091
130	911	10	2.2588391
50	3073	1	3.2575989
50	41	2	3.6199293
50	823	3	3.1658435
50	3929	4	4.1687536
50	430	5	3.6912184
50	225	6	4.319539
50	515	7	3.1607933
50	2036	8	3.1093063
50	2043	9	3.501385
50	3072	10	3.066451
736	351	1	4.2757206
736	860	2	3.8385653
736	3072	3	4.1708045
736	243	4	4.374172
736	622	5	4.2381554
736	2060	6	2.6577687
736	682	7	4.0914598
736	1066	8	2.7946346
736	1794	9	4.895694
736	152	10	4.04881
196	196	1	3.647446
196	213	2	3.2585158
196	439	3	4.1953516
196	672	4	3.1119826
196	1983	5	3.023209
196	225	6	2.3198104
196	109	7	3.0839367
196	1066	8	3.042013
196	4021	9	2.7980661
196	188	10	2.0972352
57	372	1	5.145012
57	369	2	5.286818
57	732	3	4.6300635
57	28	4	3.7252471
57	71	5	4.9830847
57	225	6	4.771685
57	11	7	4.409929
57	1197	8	4.3737984
57	242	9	4.079524
57	4029	10	4.178715
909	515	1	4.365302
909	369	2	4.2148848
909	913	3	3.7846997
909	686	4	3.3835738
909	1321	5	4.2020655
909	2060	6	4.306263
909	7	7	3.5962129
909	200	8	2.7690244
909	911	9	4.0505586
909	1011	10	3.564851
580	152	1	5.4543867
580	431	2	5.5480103
580	351	3	4.9932795
580	439	4	4.760434
580	72	5	5.5995345
580	420	6	3.8326986
580	311	7	4.6504784
580	1066	8	4.311394
580	219	9	4.540226
580	539	10	3.4227805
620	914	1	4.2267513
620	218	2	3.5754824
620	50	3	3.983842
620	2760	4	3.6233244
620	55	5	3.7701738
620	1315	6	3.1247697
620	90	7	3.8717334
620	1025	8	2.5728285
620	688	9	3.7326894
620	391	10	2.9491491
773	11	1	4.5089636
773	238	2	4.252222
773	370	3	4.489045
773	439	4	5.4294395
773	1321	5	4.254745
773	2503	6	4.9344234
773	242	7	4.391842
773	200	8	4.767537
773	911	9	4.386855
773	7	10	4.037186
410	372	1	4.4779024
410	369	2	4.069777
410	631	3	4.425658
410	3929	4	4.5539784
410	72	5	4.2180824
410	2060	6	3.2794309
410	4020	7	4.173893
410	1066	8	3.9815803
410	62	9	4.1303244
410	1484	10	2.6828375
717	1449	1	5.4150505
717	821	2	5.5138245
717	95	3	4.676341
717	28	4	3.9079707
717	1926	5	3.6737714
717	2060	6	3.8597794
717	278	7	4.632845
717	694	8	4.854441
717	221	9	4.345617
717	3072	10	4.321901
688	271	1	4.548437
688	1697	2	3.9006343
688	702	3	4.5306005
688	3929	4	3.0804348
688	622	5	2.5141706
688	2503	6	3.3241386
688	733	7	4.207188
688	2502	8	3.2204492
688	161	9	4.0235853
688	2390	10	3.9439425
178	372	1	4.9050994
178	24	2	4.247987
178	732	3	4.7965593
178	495	4	4.450519
178	71	5	3.6917968
178	2503	6	3.6433563
178	485	7	4.5105143
178	694	8	4.75261
178	216	9	4.4872317
178	539	10	3.3315592
447	3718	1	5.019251
447	213	2	5.3868713
447	372	3	4.987706
447	495	4	4.3859406
447	225	5	5.1354446
447	1926	6	3.8389654
447	732	7	4.9009914
447	200	8	4.2591367
447	1794	9	6.0171933
447	258	10	4.8241143
380	152	1	5.3627195
380	168	2	4.7597237
380	351	3	5.1765566
380	495	4	4.681475
380	71	5	4.887942
380	225	6	2.9596996
380	672	7	4.9274716
380	172	8	4.46853
380	539	9	5.417904
380	84	10	4.9237003
183	2125	1	3.8280737
183	1761	2	3.6946921
183	271	3	3.7507067
183	901	4	2.7662506
183	620	5	4.116939
183	753	6	3.5904584
183	47	7	3.109872
183	479	8	3.5437303
183	391	9	2.5811677
183	641	10	3.225926
289	19	1	4.7879763
289	238	2	4.565697
289	242	3	4.6893277
289	686	4	4.25785
289	2503	5	4.798225
289	1321	6	3.4787145
289	11	7	4.599352
289	200	8	3.9630816
289	95	9	4.2127485
289	911	10	3.5945454
513	372	1	5.076412
513	821	2	5.154065
513	732	3	5.071984
513	28	4	3.8801227
513	430	5	4.5686064
513	225	6	4.6857376
513	1449	7	4.9530797
513	694	8	4.307601
513	95	9	4.8818264
513	539	10	4.089218
853	278	1	3.9678285
853	108	2	4.2815285
853	3929	3	4.7161613
853	515	4	3.4558146
853	2060	5	3.6834645
853	1321	6	2.7752213
853	82	7	3.2768564
853	200	8	4.103357
853	221	9	3.8186684
853	1701	10	3.1291628
821	426	1	4.2168694
821	108	2	4.0579824
821	571	3	4.0232472
821	2135	4	3.1755977
821	70	5	3.1933959
821	1036	6	3.9931822
821	1148	7	3.9538074
821	1369	8	2.5577674
821	1042	9	3.820116
821	391	10	2.5988755
840	152	1	4.677701
840	185	2	2.920188
840	3072	3	4.564583
840	3929	4	3.5617008
840	71	5	5.0358095
840	225	6	3.4213016
840	3073	7	4.530464
840	1066	8	4.2611647
840	1449	9	3.9318228
840	221	10	3.1720104
154	84	1	2.2998195
154	168	2	2.4776044
154	152	3	2.2203546
154	439	4	2.7512589
154	1926	5	2.7639127
154	1315	6	3.2926486
154	672	7	2.1258113
154	200	8	2.0915399
154	1794	9	2.741015
154	479	10	2.0357957
822	372	1	4.2464814
822	369	2	4.0617886
822	732	3	4.0494747
822	495	4	4.025668
822	71	5	3.5654964
822	225	6	3.8888476
822	196	7	4.018055
822	1197	8	3.9589772
822	53	9	3.946165
822	221	10	3.2990909
662	515	1	4.96342
662	108	2	4.7711887
662	370	3	4.5634933
662	439	4	5.048772
662	1321	5	4.193467
662	2060	6	4.8796234
662	1701	7	3.891224
662	172	8	4.2077637
662	911	9	4.343353
662	728	10	3.6930501
91	278	1	4.8528624
91	213	2	5.702397
91	95	3	4.8372746
91	686	4	3.8748963
91	1926	5	4.5767097
91	2060	6	4.222472
91	515	7	4.0627804
91	694	8	4.734902
91	221	9	4.2279897
91	485	10	3.974375
740	278	1	3.6615722
740	1058	2	3.6025424
740	485	3	3.502708
740	3929	4	3.9721327
740	430	5	4.497205
740	225	6	3.701509
740	920	7	3.4537196
740	694	8	4.7676125
740	53	9	3.3402739
740	539	10	3.167433
845	152	1	5.378379
845	821	2	4.6698327
845	1449	3	4.760025
845	439	4	4.045922
845	430	5	3.9648004
845	2060	6	3.8623688
845	372	7	4.4115143
845	200	8	4.2435555
845	196	9	4.193617
845	221	10	3.8365195
833	215	1	3.5209866
833	213	2	4.0087514
833	1368	3	3.426262
833	686	4	3.7890832
833	71	5	5.11406
833	420	6	2.9978304
833	1693	7	3.3992593
833	1066	8	3.7151732
833	372	9	3.3398638
833	221	10	3.1721315
452	216	1	4.3150444
452	24	2	4.8625326
452	728	3	3.4250255
452	439	4	4.4644094
452	225	5	5.276195
452	1926	6	2.6770184
452	7	7	3.3370178
452	200	8	3.2821846
452	19	9	3.2187214
452	1303	10	2.7452385
241	370	1	3.3632617
241	108	2	3.1530657
241	3275	3	4.228492
241	3074	4	3.1412477
241	2060	5	2.9989848
241	1926	6	1.9265562
241	454	7	2.8360486
241	1066	8	4.0629463
241	1925	9	2.8025074
241	911	10	2.4479942
118	196	1	4.682132
118	238	2	4.449094
118	11	3	4.558306
118	686	4	3.9557707
118	2503	5	5.5932035
118	1926	6	4.3929625
118	242	7	4.4625225
118	200	8	5.4615116
118	539	9	4.670706
118	515	10	4.2904854
918	29	1	3.5814502
918	108	2	3.456214
918	874	3	3.562862
918	635	4	2.451459
918	1321	5	4.7245545
918	2060	6	5.298353
918	1011	7	3.5072255
918	200	8	4.1563754
918	911	9	4.6716013
918	11	10	3.4997501
665	152	1	5.259102
665	431	2	5.074916
665	196	3	4.935143
665	3273	4	4.2613297
665	2216	5	2.9452963
665	225	6	3.8123212
665	351	7	4.595729
665	1066	8	4.166418
665	3075	9	4.509741
665	221	10	3.4187632
584	4021	1	3.9010072
584	231	2	4.230054
584	62	3	3.706068
584	28	4	3.1852603
584	72	5	3.6746454
584	2060	6	3.467597
584	2125	7	3.3619933
584	694	8	2.7968543
584	196	9	3.358708
584	221	10	2.7138226
678	682	1	4.5607986
678	860	2	4.563141
678	2125	3	4.059517
678	28	4	2.989366
678	2800	5	3.8557568
678	2503	6	2.821216
678	161	7	4.023523
678	363	8	2.6869655
678	479	9	3.9707243
678	919	10	2.2440605
896	1449	1	5.3815184
896	24	2	5.3913655
896	278	3	4.8273134
896	686	4	3.802845
896	1983	5	4.194774
896	225	6	4.8667994
896	242	7	4.685745
896	1197	8	4.8974466
896	672	9	4.497203
896	221	10	4.3414564
377	2125	1	4.186263
377	2108	2	4.331103
377	839	3	3.498682
377	3929	4	3.0401492
377	2800	5	3.638652
377	2503	6	2.5527878
377	161	7	3.2120438
377	14	8	2.536439
377	1794	9	4.218228
377	3251	10	3.1225045
185	95	1	3.5873904
185	185	2	4.1196795
185	439	3	4.7769594
185	913	4	3.3163066
185	1321	5	3.7965093
185	2503	6	4.283385
185	728	7	3.1457593
185	200	8	3.4834492
185	911	9	3.903078
185	1011	10	3.0983717
729	63	1	3.6504588
729	24	2	4.1065946
729	216	3	3.6267943
729	439	4	4.0887856
729	71	5	3.5941284
729	2503	6	2.6193876
729	807	7	3.33781
729	200	8	2.7881641
729	1745	9	3.8336625
729	37	10	3.201725
440	216	1	4.883167
440	231	2	4.9799633
440	227	3	4.5503244
440	243	4	4.687355
440	622	5	4.6061034
440	2060	6	3.9543285
440	682	7	4.4635334
440	1197	8	4.920363
440	372	9	4.4224215
440	911	10	3.2687802
761	278	1	3.6427572
761	369	2	4.0031557
761	485	3	3.5351374
761	495	4	4.418721
761	71	5	4.047636
761	2503	6	3.790819
761	242	7	3.4375665
761	694	8	3.771562
761	7	9	3.3743668
761	221	10	3.3035176
394	278	1	4.139614
394	369	2	4.08418
394	485	3	3.8659358
394	495	4	4.0438056
394	1926	5	4.3747964
394	2503	6	4.0764513
394	672	7	3.8142118
394	200	8	4.5444117
394	539	9	4.163547
394	515	10	3.8016157
747	372	1	3.3435748
747	721	2	4.643055
747	196	3	3.3186572
747	3275	4	3.372148
747	430	5	4.155585
747	225	6	2.9778762
747	3075	7	3.293007
747	200	8	3.8688538
747	7	9	3.2710578
747	221	10	2.7465682
777	216	1	4.94937
777	168	2	3.9874916
777	278	3	4.178055
777	495	4	3.9084756
777	1983	5	3.570926
777	2060	6	4.4100037
777	732	7	4.100994
777	1197	8	3.9347477
777	539	9	4.103923
777	53	10	3.9889543
498	152	1	4.4383297
498	821	2	3.61298
498	351	3	3.7142448
498	439	4	3.1754272
498	30	5	3.9929514
498	420	6	2.6803012
498	278	7	3.1254008
498	200	8	3.7250404
498	372	9	3.0968895
498	1484	10	2.3777092
103	682	1	4.3728724
103	860	2	4.527912
103	2125	3	4.1525097
103	28	4	3.136104
103	1161	5	3.2130103
103	2503	6	2.9949174
103	3090	7	3.9380555
103	599	8	3.8617663
103	391	9	4.120931
103	161	10	3.6377368
674	515	1	3.8099415
674	108	2	3.0968485
674	485	3	3.7390137
674	686	4	3.3200102
674	1321	5	3.3459263
674	2060	6	3.161543
674	95	7	3.3053293
674	172	8	3.2310605
674	7	9	3.2288234
674	911	10	3.203019
723	3251	1	3.9637232
723	1526	2	5.1359367
723	271	3	3.8947601
723	28	4	3.6504397
723	2800	5	4.200301
723	420	6	2.6369927
723	197	7	3.730804
723	2502	8	2.63392
723	1115	9	3.6877089
723	1794	10	3.3952732
226	3776	1	3.8062272
226	1748	2	4.872503
226	2605	3	3.453599
226	439	4	3.1144357
226	1983	5	2.894214
226	1666	6	3.428839
226	109	7	3.3071213
226	599	8	2.2433715
226	911	9	3.1409218
226	337	10	3.141605
333	672	1	3.6614275
333	431	2	3.3296318
333	210	3	3.303452
333	495	4	3.4278688
333	1983	5	3.0066903
333	420	6	2.0464911
333	109	7	3.165627
333	694	8	2.8392205
333	95	9	3.0077646
333	1484	10	2.2597573
458	351	1	5.0174055
458	2550	2	4.1679096
458	196	3	4.8910646
458	243	4	4.272263
458	4016	5	3.8923502
458	2060	6	2.913256
458	152	7	4.6673126
458	1066	8	3.2959018
458	2125	9	4.6472073
458	43	10	5.0472474
4	7	1	3.9609191
4	108	2	4.2261887
4	242	3	3.9455838
4	1134	4	2.9457216
4	71	5	4.6568346
4	2503	6	4.230247
4	1011	7	3.9338605
4	200	8	4.3094215
4	911	9	4.985605
4	19	10	3.8671746
474	515	1	4.784504
474	238	2	3.9715104
474	19	3	4.640106
474	686	4	3.8015156
474	71	5	4.8305826
474	2503	6	4.74699
474	485	7	4.6324887
474	172	8	3.539318
474	11	9	4.235367
474	539	10	3.5127087
636	515	1	4.5100403
636	369	2	4.012677
636	370	3	4.326714
636	686	4	3.3631153
636	71	5	3.7684135
636	2942	6	3.0923128
636	216	7	4.1824117
636	200	8	3.1501431
636	911	9	5.0165577
636	1011	10	3.6406221
205	19	1	4.7278347
205	24	2	4.967102
205	515	3	4.365299
205	439	4	5.0876894
205	71	5	4.598407
205	2503	6	4.837519
205	485	7	4.267306
205	694	8	4.695538
205	11	9	4.1010437
205	1484	10	3.7013483
765	196	1	4.1018076
765	431	2	4.654524
765	73	3	3.8536735
765	2760	4	2.890611
765	55	5	3.2934108
765	590	6	3.2639174
765	3718	7	3.835957
765	1732	8	2.5253468
765	3074	9	3.8242493
765	156	10	2.7618756
86	682	1	5.057823
86	2550	2	4.022732
86	3718	3	4.880204
86	147	4	4.646539
86	4016	5	4.51939
86	1854	6	4.4519835
86	1199	7	2.538681
86	1794	8	4.9039264
86	2125	9	4.2975063
86	43	10	4.5422106
689	278	1	4.7064304
689	213	2	5.3069167
689	485	3	3.9188943
689	28	4	3.3775592
689	1926	5	4.0196915
689	2060	6	4.1971455
689	370	7	3.8372478
689	694	8	4.5163293
689	221	9	4.4489026
689	95	10	3.6035323
862	479	1	4.763165
862	168	2	4.5380783
862	672	3	4.5075617
862	296	4	4.2963696
862	71	5	4.0963264
862	935	6	2.6369505
862	4017	7	4.450677
862	1066	8	2.83138
862	539	9	5.1207213
862	227	10	4.2093573
590	913	1	3.3243103
590	488	2	3.21004
590	495	3	4.537871
590	242	4	3.197936
590	1321	5	3.579959
590	2942	6	2.2479985
590	53	7	3.1577759
590	694	8	4.4563923
590	221	9	4.202006
590	196	10	3.1543267
875	196	1	3.4981236
875	821	2	3.8674288
875	3072	3	3.4922967
875	3929	4	3.5748134
875	430	5	3.6393454
875	225	6	2.9398258
875	278	7	3.1280084
875	1197	8	2.7361536
875	539	9	3.0075934
875	53	10	2.921962
557	1449	1	5.0096693
557	185	2	4.463747
557	311	3	4.7142034
557	439	4	3.9380183
557	71	5	3.0225532
557	2942	6	3.461566
557	515	7	4.551372
557	694	8	4.0639772
557	1794	9	4.546632
557	631	10	4.536224
223	501	1	4.339427
223	860	2	4.579341
223	682	3	4.0120673
223	243	4	2.8742952
223	2800	5	3.7354732
223	2125	6	3.9926193
223	599	7	4.287594
223	391	8	4.3574243
223	196	9	3.7656765
223	43	10	3.5304797
371	82	1	3.7390118
371	1058	2	3.691336
371	3072	3	3.3230393
371	3275	4	3.000263
371	430	5	3.6367092
371	2060	6	3.0246696
371	1023	7	3.2609286
371	200	8	3.926296
371	73	9	3.2500317
371	911	10	3.0127869
274	732	1	5.3966575
274	24	2	4.7606807
274	258	3	5.376609
274	439	4	5.0219126
274	225	5	5.321736
274	71	6	4.253561
274	3718	7	5.2262254
274	200	8	3.846085
274	0	9	5.028994
274	43	10	5.808857
143	501	1	4.3429933
143	431	2	3.3761668
143	682	3	3.9049335
143	147	4	4.522134
143	622	5	4.105207
143	420	6	3.2930145
143	351	7	3.631948
143	2502	8	2.8283725
143	3090	9	3.3204322
143	0	10	3.3191643
926	372	1	3.9894028
926	185	2	3.3776116
926	515	3	3.8916953
926	495	4	3.3655162
926	622	5	3.5151346
926	2942	6	2.2933617
926	631	7	3.8725846
926	694	8	3.917325
926	1794	9	4.0370283
926	370	10	3.649615
155	152	1	5.6187463
155	231	2	4.441888
155	631	3	5.1890626
155	439	4	4.5825987
155	55	5	3.462336
155	420	6	3.616889
155	351	7	5.0040193
155	1066	8	4.434899
155	311	9	4.753084
155	221	10	3.354657
432	1449	1	4.859463
432	821	2	4.7432375
432	515	3	4.7062683
432	243	4	4.6174526
432	622	5	3.8940217
432	225	6	4.5567455
432	62	7	4.6091948
432	694	8	3.890547
432	311	9	4.407535
432	229	10	4.0451403
68	682	1	4.6521173
68	1526	2	4.2580824
68	2125	3	4.5080323
68	147	4	5.069911
68	2800	5	4.3436584
68	2503	6	3.7452464
68	139	7	4.3412943
68	599	8	4.3005204
68	1794	9	4.503537
68	196	10	4.095067
547	351	1	3.645203
547	1761	2	3.72996
547	216	3	3.6284466
547	28	4	3.1338725
547	2800	5	3.843797
547	2503	6	3.2639952
547	196	7	3.4896984
547	599	8	4.1775913
547	1794	9	4.2894526
547	161	10	3.3033118
54	3090	1	4.378672
54	1697	2	3.9813461
54	271	3	4.2526083
54	28	4	3.2571979
54	2318	5	2.3524647
54	2503	6	3.0707936
54	1129	7	3.8869634
54	2502	8	3.1165714
54	197	9	3.8313074
54	654	10	3.7288451
96	196	1	4.7279897
96	201	2	4.4525995
96	370	3	4.2075167
96	3275	4	3.431167
96	1321	5	3.6891336
96	2060	6	4.5556192
96	82	7	4.1997676
96	200	8	5.2610035
96	3073	9	4.1528535
96	911	10	3.8658576
497	196	1	4.8021693
497	213	2	5.8077908
497	95	3	4.6259203
497	686	4	4.1512322
497	1926	5	4.2051916
497	2060	6	4.403201
497	278	7	4.5742717
497	694	8	4.954941
497	221	9	4.3446913
497	485	10	4.3080025
658	95	1	3.8972814
658	24	2	3.6403685
658	278	3	3.0712366
658	3275	4	3.4208822
658	420	5	4.454343
658	55	6	2.7574215
658	73	7	3.0015767
658	1066	8	3.4153721
658	1449	9	2.998303
658	1242	10	2.42145
78	152	1	4.2725906
78	231	2	3.5691485
78	1693	3	4.2467585
78	3929	4	2.5082936
78	58	5	3.4556453
78	225	6	2.9412446
78	196	7	3.8496714
78	1066	8	3.94062
78	372	9	3.7057672
78	2043	10	2.4256597
116	372	1	5.1598496
116	46	2	3.823226
116	1449	3	5.052555
116	3929	4	4.8781238
116	71	5	6.116284
116	2060	6	3.4662127
116	53	7	4.3824086
116	172	8	5.054205
116	7	9	4.3062105
116	221	10	4.0237346
363	732	1	5.507325
363	213	2	5.805714
363	372	3	5.1463547
363	495	4	5.238724
363	71	5	4.657501
363	2503	6	4.6163707
363	485	7	4.632408
363	694	8	5.287405
363	1794	9	6.373655
363	43	10	6.2445774
74	351	1	5.2692804
74	369	2	3.7712896
74	152	3	4.7259607
74	243	4	4.8767543
74	622	5	4.939712
74	2060	6	2.6156192
74	258	7	4.413762
74	1066	8	3.2362323
74	84	9	4.2705145
74	3251	10	4.2677736
939	311	1	4.749047
939	213	2	4.3463764
939	631	3	4.676467
939	439	4	3.9866128
939	71	5	3.2301064
939	2942	6	3.1125982
939	913	7	4.419442
939	694	8	3.7171853
939	229	9	4.5542197
939	1011	10	4.170574
455	216	1	5.6800613
455	24	2	4.7972136
455	732	3	5.2157073
455	686	4	3.1428556
455	1321	5	4.664764
455	2503	6	4.720848
455	485	7	4.797408
455	694	8	4.8279057
455	911	9	5.2177444
455	19	10	4.654129
650	95	1	3.756837
650	46	2	3.5859747
650	242	3	3.736287
650	439	4	4.4081173
650	2503	5	3.9985137
650	430	6	3.044575
650	7	7	3.4952235
650	200	8	3.6624446
650	1794	9	5.617511
650	913	10	3.4431143
459	732	1	5.7096972
459	369	2	5.6247826
459	372	3	5.616193
459	686	4	3.8260226
459	71	5	5.2172813
459	2060	6	5.169454
459	515	7	4.770735
459	694	8	5.1210313
459	221	9	4.8859797
459	196	10	4.760829
771	732	1	4.102729
771	24	2	3.3144574
771	372	3	4.0557556
771	439	4	4.359509
771	225	5	4.260801
771	1926	6	3.1274395
771	3718	7	4.0025578
771	200	8	3.2493029
771	1794	9	4.929128
771	258	10	3.9451222
780	227	1	5.259078
780	231	2	5.237523
780	372	3	4.4412117
780	243	4	5.1218867
780	72	5	4.6441393
780	225	6	4.452013
780	62	7	4.422237
780	200	8	4.803342
780	1794	9	5.574892
780	1449	10	4.382557
211	3173	1	2.6831605
211	467	2	2.9919763
211	4253	3	2.6406603
211	243	4	2.1463838
211	2613	5	2.3786314
211	2070	6	2.5088897
211	2166	7	1.918106
211	4512	8	3.3298945
211	1009	9	2.5058858
211	3640	10	2.4749088
931	485	1	4.2568183
931	24	2	3.9436247
931	370	3	4.2303133
931	495	4	4.216284
931	1321	5	4.3253145
931	2503	6	3.6645684
931	913	7	4.0931673
931	694	8	4.2492895
931	911	9	4.8002567
931	1011	10	3.4618082
165	732	1	3.7381601
165	2062	2	3.5250578
165	2735	3	3.6847208
165	925	4	3.7827954
165	1321	5	3.1710944
165	258	6	3.6536717
165	694	7	3.716023
165	2666	8	3.4103775
165	221	9	3.4115624
165	43	10	3.5218315
468	252	1	3.5521717
468	369	2	3.2244196
468	717	3	3.552023
468	320	4	3.330737
468	430	5	3.0029356
468	420	6	2.6986191
468	227	7	3.4631028
468	172	8	2.4106464
468	1742	9	3.3521962
468	919	10	2.35236
870	73	1	3.3026028
870	1511	2	3.6207497
870	2101	3	3.2734375
870	495	4	3.4365363
870	55	5	3.1558018
870	27	6	2.7589812
870	805	7	3.1781027
870	1197	8	2.9218295
870	156	9	3.4817297
870	2681	10	3.0687814
140	372	1	4.268186
140	24	2	3.419579
140	732	3	4.191766
140	495	4	3.604494
140	225	5	4.246312
140	71	6	2.9182363
140	485	7	3.8288991
140	200	8	2.9920154
140	1794	9	4.600685
140	0	10	3.784114
235	152	1	5.7872696
235	231	2	5.2294245
235	227	3	5.2574925
235	3929	4	5.110066
235	72	5	4.6188636
235	2060	6	3.557802
235	196	7	4.964835
235	1066	8	4.2474933
235	19	9	4.7640285
235	911	10	3.0931296
692	1688	1	3.8694568
692	108	2	3.0451021
692	688	3	3.5671802
692	2760	4	3.846177
692	1149	5	3.472557
692	420	6	3.7755265
692	914	7	3.2937884
692	1732	8	2.8001912
692	632	9	3.2829201
692	90	10	3.2469912
36	370	1	3.3256311
36	108	2	4.0066805
36	551	3	3.32199
36	3275	4	2.5019913
36	2060	5	3.9432244
36	1321	6	2.8905797
36	215	7	3.3117366
36	200	8	3.7705097
36	515	9	3.29878
36	911	10	3.207818
207	631	1	4.635041
207	213	2	4.806443
207	196	3	4.474003
207	495	4	4.2817826
207	72	5	4.814231
207	225	6	3.6829534
207	109	7	4.394736
207	1066	8	4.5915785
207	210	9	4.3033676
207	221	10	3.2181706
872	682	1	4.432349
872	231	2	3.7669253
872	839	3	4.1570463
872	3929	4	3.9251444
872	2800	5	3.8343563
872	2060	6	3.1924803
872	351	7	4.1088724
872	599	8	4.096891
872	1794	9	4.523849
872	479	10	4.0565457
515	2125	1	4.381935
515	1526	2	3.9728055
515	682	3	4.336443
515	944	4	3.4107227
515	620	5	4.917781
515	2503	6	3.3959954
515	3251	7	3.93835
515	363	8	2.8051744
515	1794	9	4.0147223
515	196	10	3.9196277
478	311	1	3.8707817
478	821	2	4.1789017
478	62	3	3.8257685
478	243	4	3.6457171
478	1321	5	3.7248187
478	2503	6	2.7559497
478	1449	7	3.8179955
478	1197	8	3.792059
478	1794	9	5.2005925
478	278	10	3.7022321
673	216	1	3.9641814
673	488	2	3.4675274
673	1011	3	3.8502085
673	439	4	4.377021
673	1321	5	4.4791727
673	2503	6	2.9847982
673	874	7	3.4865885
673	200	8	2.9184237
673	911	9	4.5691833
673	29	10	3.4508247
908	278	1	4.637052
908	201	2	4.12404
908	196	3	4.3066406
908	439	4	4.920702
908	430	5	3.8624606
908	2060	6	4.000759
908	485	7	4.2614555
908	200	8	4.602909
908	221	9	4.616827
908	7	10	4.1002493
528	139	1	4.576029
528	1761	2	4.4014072
528	3090	3	4.271728
528	28	4	3.9485238
528	4016	5	4.1878576
528	2060	6	2.3994288
528	161	7	4.1458187
528	14	8	2.7242317
528	1139	9	4.1131563
528	3718	10	4.0990124
64	1139	1	3.8279927
64	1697	2	3.485896
64	3718	3	3.5323281
64	243	4	2.835343
64	1161	5	3.3905697
64	351	6	3.4487472
64	1457	7	2.4284964
64	1794	8	4.619416
64	143	9	3.4349146
64	43	10	3.853418
703	95	1	4.1132364
703	238	2	4.5239425
703	3929	3	5.2164373
703	485	4	3.8034267
703	430	5	3.9647117
703	225	6	4.566375
703	370	7	3.7105515
703	694	8	4.7904544
703	672	9	3.6216888
703	1484	10	3.5063298
851	372	1	4.343565
851	213	2	5.227804
851	485	3	4.319619
851	439	4	3.8775465
851	2060	5	4.9155903
851	71	6	3.802773
851	1011	7	4.2275953
851	200	8	2.683906
851	1794	9	5.070463
851	216	10	3.7254877
790	732	1	4.5679502
790	24	2	4.395114
790	216	3	4.472314
790	439	4	4.3853245
790	1321	5	4.259698
790	2060	6	4.1458373
790	372	7	4.243801
790	200	8	3.5860896
790	1794	9	5.0698814
790	485	10	3.9396782
491	732	1	4.6174417
491	24	2	3.6837964
491	372	3	4.589897
491	495	4	3.86209
491	225	5	5.0254316
491	1926	6	4.135147
491	3718	7	4.5294013
491	200	8	3.9907417
491	216	9	4.373955
491	539	10	3.6639307
47	682	1	3.5045938
47	2110	2	2.8968964
47	351	3	3.1117864
47	439	4	3.8433492
47	620	5	3.832924
47	843	6	3.1091893
47	599	7	2.9567595
47	539	8	3.517202
47	913	9	3.0805726
47	4029	10	3.7827637
279	152	1	3.8108091
279	2108	2	3.3791952
279	688	3	3.8041604
279	28	4	4.0822926
279	55	5	3.7991207
279	935	6	3.20095
279	1578	7	3.6981635
279	1732	8	2.905378
279	156	9	3.7282338
279	215	10	3.554138
430	2125	1	4.699751
430	2108	2	5.248951
430	641	3	4.5993385
430	296	4	5.1443653
430	2800	5	4.450609
430	2503	6	2.752859
430	139	7	4.1624866
430	599	8	3.8460507
430	839	9	4.0471487
430	391	10	4.0002003
700	372	1	4.793028
700	24	2	4.5015035
700	258	3	4.718568
700	439	4	4.20965
700	71	5	3.8404307
700	0	6	4.5861
700	200	7	3.2017374
700	1794	8	5.2289515
700	216	9	4.1654797
700	43	10	5.046548
738	196	1	4.1554775
738	1582	2	3.5193706
738	654	3	4.111831
738	944	4	3.3961895
738	1161	5	3.7425594
738	2503	6	2.9234822
738	1139	7	4.0667686
738	599	8	2.912295
738	1115	9	3.705281
738	1794	10	3.3531528
270	278	1	4.359231
270	821	2	5.4042053
270	196	3	4.3515663
270	3929	4	5.1099815
270	430	5	4.0257244
270	225	6	4.514072
270	485	7	4.2639923
270	200	8	5.061528
270	221	9	4.166823
270	3073	10	3.891936
844	2125	1	5.062451
844	1526	2	4.86942
844	139	3	4.8368926
844	147	4	5.760291
844	620	5	5.1464376
844	2503	6	2.6121984
844	479	7	4.7058926
844	47	8	4.2165346
844	682	9	4.6919775
844	1794	10	3.3968296
863	139	1	4.5589733
863	2550	2	4.4538336
863	216	3	4.274914
863	28	4	3.7175603
863	2800	5	4.5640974
863	2503	6	3.716063
863	3090	7	4.2177043
863	1199	8	2.7263942
863	1794	9	5.005162
863	3251	10	4.137306
758	7	1	3.7232192
758	369	2	5.1134276
758	95	3	3.595083
758	28	4	2.4922843
758	1321	5	3.9128263
758	2503	6	4.51447
758	196	7	3.5829027
758	172	8	3.2356477
758	1011	9	3.403678
758	1745	10	2.3607793
603	152	1	5.457872
603	821	2	5.2433896
603	278	3	4.4378595
603	3929	4	4.345626
603	430	5	3.8035207
603	225	6	4.4956903
603	372	7	4.4141984
603	172	8	4.272003
603	221	9	4.452345
603	95	10	4.3296328
228	1893	1	3.7203975
228	218	2	3.4837868
228	353	3	3.6325493
228	495	4	3.374422
228	58	5	3.2059822
228	935	6	3.2179575
228	1688	7	3.54426
228	1732	8	2.4653397
228	156	9	3.909099
228	454	10	3.4921596
480	3718	1	4.6549783
480	231	2	3.3187068
480	351	3	4.4360676
480	28	4	4.265998
480	622	5	3.8255863
480	3251	6	4.39756
480	2502	7	2.708663
480	1794	8	5.418594
480	161	9	4.0367312
480	43	10	4.572301
134	216	1	4.2710567
134	185	2	3.3823867
134	278	3	3.8270192
134	439	4	3.659331
134	225	5	4.174684
134	1321	6	2.9281254
134	370	7	3.2794962
134	200	8	2.383026
134	515	9	3.1120956
134	1484	10	2.8780313
531	732	1	5.470606
531	24	2	4.98838
531	216	3	5.3872313
531	686	4	3.4553335
531	71	5	4.505283
531	2503	6	4.495373
531	515	7	5.1847777
531	200	8	4.4588623
531	372	9	5.152918
531	1302	10	2.4720328
251	515	1	4.308251
251	185	2	4.3417945
251	370	3	3.803891
251	439	4	4.699624
251	2060	5	4.648781
251	1321	6	3.7510111
251	551	7	3.5217657
251	172	8	3.3567004
251	728	9	3.403792
251	539	10	2.9150639
301	1449	1	4.2376823
301	213	2	4.916849
301	95	3	4.1259265
301	3929	4	3.9740133
301	71	5	4.6177645
301	225	6	3.3006744
301	479	7	3.8970573
301	1066	8	4.264126
301	551	9	3.5707889
301	221	10	3.4385166
163	501	1	4.6749697
163	1761	2	3.8505383
163	152	3	4.316171
163	3929	4	4.0514293
163	622	5	4.026499
163	2060	6	2.8937392
163	1197	7	5.9850955
163	84	8	4.0039387
163	3090	9	3.8496423
163	43	10	4.760807
869	351	1	5.0229454
869	213	2	5.001539
869	732	3	4.781332
869	439	4	4.6779623
869	225	5	3.9176044
869	1926	6	2.9735708
869	1449	7	4.363325
869	1197	8	2.9061923
869	372	9	4.2490563
869	221	10	3.4417877
551	631	1	4.533082
551	821	2	4.6725264
551	672	3	4.521826
551	3929	4	4.845235
551	71	5	4.327991
551	2060	6	3.766249
551	372	7	4.5090823
551	1066	8	4.621719
551	456	9	4.448596
551	221	10	3.2633874
834	196	1	3.9239726
834	201	2	3.5569746
834	3074	3	3.4492989
834	3929	4	2.8316236
834	55	5	2.7247882
834	225	6	3.2472582
834	333	7	3.426691
834	1066	8	3.1325135
834	73	9	3.3683162
834	221	10	2.2035327
890	62	1	5.417077
890	369	2	5.330517
890	311	3	5.2234855
890	495	4	5.0726147
890	71	5	4.796865
890	225	6	4.2835255
890	631	7	5.173376
890	1066	8	5.28092
890	196	9	5.014288
890	221	10	4.0178256
401	152	1	4.3187695
401	213	2	3.7867498
401	62	3	4.134513
401	439	4	3.5205092
401	72	5	4.4932995
401	590	6	3.4038298
401	84	7	4.0321026
401	1066	8	3.243095
401	351	9	3.8723655
401	539	10	2.7786937
383	278	1	3.78335
383	108	2	3.9424143
383	485	3	3.4300594
383	3929	4	4.2680917
383	71	5	4.5773416
383	225	6	3.628474
383	7	7	3.3020601
383	694	8	4.2774167
383	73	9	3.1065407
383	1484	10	2.5023482
29	196	1	3.8650987
29	369	2	4.634521
29	11	3	3.8022757
29	686	4	3.5232341
29	1321	5	3.2240846
29	2503	6	3.9694953
29	370	7	3.7370567
29	200	8	4.295209
29	221	9	3.7954965
29	515	10	3.5605135
369	351	1	5.731617
369	213	2	5.6460543
369	372	3	4.921832
369	3929	4	4.6135883
369	55	5	3.5070338
369	225	6	4.249502
369	53	7	4.4448605
369	1066	8	5.1622524
369	278	9	4.32936
369	221	10	4.0030546
189	161	1	3.864767
189	1582	2	2.6161523
189	1410	3	3.5972056
189	901	4	3.281858
189	4016	5	4.1555862
189	420	6	2.4050531
189	351	7	3.4844835
189	2502	8	2.5723877
189	1139	9	3.2739756
189	2390	10	3.2080348
743	1410	1	4.0098042
743	218	2	3.9052968
743	2101	3	3.7189662
743	2760	4	3.4573994
743	58	5	3.7065825
743	1315	6	3.8535137
743	914	7	3.6939185
743	1732	8	2.879119
743	1578	9	3.4474013
743	539	10	2.6644123
293	258	1	4.542802
293	213	2	4.6788864
293	3718	3	4.3795533
293	439	4	4.245866
293	1321	5	3.5504217
293	2503	6	3.6597276
293	0	7	4.2635784
293	200	8	3.612473
293	1794	9	4.9093714
293	732	10	4.2384105
634	11	1	4.655084
634	185	2	4.5456963
634	242	3	4.6319947
634	28	4	2.990475
634	2503	5	5.2291365
634	1926	6	3.8109293
634	515	7	4.549233
634	200	8	5.039623
634	370	9	4.314735
634	911	10	4.020611
924	913	1	4.127223
924	238	2	3.6991274
924	11	3	3.9715724
924	439	4	4.5648985
924	2060	5	5.7631106
924	71	6	4.6034436
924	29	7	3.954265
924	200	8	3.8351145
924	1794	9	5.4453497
924	7	10	3.8736303
566	19	1	3.886032
566	369	2	4.6235414
566	11	3	3.6244507
566	439	4	4.2870436
566	2503	5	3.8373256
566	430	6	2.4766192
566	242	7	3.6243834
566	200	8	3.5151184
566	728	9	3.5823345
566	1303	10	2.4010267
245	515	1	4.1608562
245	185	2	4.4637675
245	370	3	3.8674262
245	635	4	2.3167596
245	1321	5	3.6319656
245	2060	6	4.1676164
245	1011	7	3.2489033
245	694	8	4.7601104
245	221	9	4.219795
245	874	10	3.1838095
379	889	1	3.6723642
379	1748	2	4.4150686
379	351	3	3.1965537
379	1137	4	4.144853
379	1321	5	3.0993242
379	114	6	3.484048
379	903	7	3.07301
379	599	8	2.4521782
379	152	9	3.0485542
379	1484	10	2.739675
652	372	1	5.2504425
652	369	2	4.989791
652	631	3	5.1803093
652	495	4	5.0566635
652	71	5	4.377466
652	225	6	4.376452
652	1449	7	4.9424143
652	1197	8	4.536132
652	196	9	4.325924
652	221	10	4.003802
910	242	1	4.8958426
910	369	2	5.9775743
910	95	3	4.5182705
910	686	4	4.6664543
910	225	5	5.041939
910	1321	6	4.0456142
910	7	7	4.208685
910	172	8	4.3279696
910	82	9	3.664167
910	539	10	2.7017045
816	485	1	4.1297073
816	213	2	5.2426825
816	278	3	3.8661957
816	3929	4	4.6459255
816	71	5	4.121771
816	2503	6	4.3335285
816	242	7	3.8096352
816	694	8	4.3160205
816	221	9	3.8958662
816	11	10	3.6974483
90	62	1	3.8829331
90	504	2	3.1821978
90	227	3	3.5381553
90	3275	4	3.1381228
90	30	5	3.0029562
90	1212	6	2.626615
90	152	7	3.2878308
90	200	8	3.171853
90	311	9	2.9217196
90	1794	10	2.8756955
622	732	1	5.368826
622	213	2	5.6243362
622	372	3	5.3026667
622	686	4	4.1067557
622	1926	5	4.6556263
622	2060	6	4.0318418
622	1449	7	5.0324955
622	172	8	4.5360327
622	95	9	4.887855
622	221	10	3.9641674
784	501	1	3.9240322
784	1526	2	4.101744
784	682	3	3.4850502
784	147	4	3.986502
784	2800	5	2.9861689
784	544	6	2.9511101
784	3090	7	3.3049717
784	599	8	2.6034186
784	271	9	3.1738267
784	1794	10	2.7924776
495	515	1	4.860593
495	821	2	6.326988
495	196	3	4.532773
495	439	4	5.951745
495	2060	5	5.182255
495	1926	6	4.0233793
495	370	7	4.486947
495	200	8	5.464278
495	7	9	4.1570396
495	539	10	4.033327
85	311	1	5.177162
85	24	2	4.2643795
85	631	3	5.0397773
85	439	4	4.6150355
85	71	5	3.5806103
85	2503	6	3.3395956
85	732	7	4.757062
85	200	8	3.2610242
85	1794	9	5.4358892
85	258	10	4.7175927
400	152	1	4.8158026
400	213	2	4.950163
400	1449	3	4.704048
400	3929	4	3.8230014
400	30	5	4.0210576
400	225	6	3.9108024
400	242	7	4.481846
400	172	8	3.5573723
400	278	9	4.004341
400	221	10	3.975722
754	161	1	4.2013063
754	1697	2	4.3327246
754	839	3	3.9454455
754	944	4	4.3578424
754	4016	5	4.183408
754	2503	6	2.6346898
754	1742	7	3.664021
754	599	8	3.2296975
754	391	9	3.463232
754	141	10	3.4619322
51	682	1	3.519802
51	721	2	4.174757
51	672	3	3.2840486
51	686	4	3.8700647
51	71	5	4.5484715
51	225	6	4.7765636
51	210	7	3.2811797
51	172	8	3.598451
51	539	9	4.3452845
51	479	10	3.231586
173	19	1	4.622679
173	1526	2	3.772658
173	84	3	4.520776
173	243	4	4.5843105
173	620	5	4.351445
173	2060	6	2.5291207
173	152	7	4.457967
173	14	8	3.3792787
173	258	9	4.316251
173	227	10	4.187671
404	242	1	5.0690975
404	46	2	4.4927983
404	439	3	6.454708
404	196	4	4.8408985
404	1926	5	4.279519
404	2060	6	4.866642
404	95	7	4.634966
404	172	8	4.257413
404	53	9	4.314261
404	539	10	4.370721
813	740	1	1.6859413
813	1501	2	1.5695789
813	658	3	1.487932
813	978	4	1.1600152
813	1321	5	1.183506
813	4437	6	1.4231791
813	3281	7	1.0142936
813	3440	8	1.3903949
813	911	9	1.155175
813	2739	10	1.2560215
722	1449	1	4.5712
722	821	2	4.745551
722	278	3	3.94278
722	3929	4	4.092723
722	55	5	3.1406312
722	2060	6	3.2461252
722	7	7	3.8287067
722	694	8	4.318611
722	215	9	3.68866
722	221	10	3.440245
582	53	1	4.774642
582	213	2	3.8875935
582	372	3	4.2392836
582	296	4	3.8453295
582	2503	5	4.1114225
582	1321	6	3.026598
582	258	7	4.133439
582	1066	8	4.591601
582	62	9	4.106207
582	911	10	3.455489
303	631	1	3.534678
303	213	2	3.5730386
303	258	3	3.3067255
303	1134	4	2.8269663
303	1926	5	3.094289
303	2503	6	2.5062246
303	732	7	3.1960986
303	200	8	3.287893
303	1794	9	3.677812
303	216	10	3.187701
861	485	1	4.6669755
861	201	2	4.7541757
861	7	3	4.400096
861	3929	4	5.024838
861	1321	5	3.1126728
861	2060	6	3.9838126
861	515	7	4.255288
861	196	8	3.9433756
861	911	9	3.4014626
861	370	10	3.8831563
276	242	1	5.5095215
276	821	2	5.302277
276	372	3	5.328451
276	3929	4	5.0710735
276	1926	5	4.5798445
276	2060	6	3.6022968
276	53	7	5.1834536
276	694	8	4.370312
276	95	9	5.058277
276	221	10	3.8152175
471	3718	1	4.200745
471	231	2	2.8976352
471	351	3	3.916478
471	28	4	4.2072444
471	622	5	3.655294
471	420	6	2.4703832
471	152	7	3.6666107
471	2502	8	2.2432191
471	161	9	3.5716906
471	43	10	4.138653
170	139	1	3.767063
170	231	2	3.4527164
170	196	3	3.701748
170	243	4	2.8190932
170	4016	5	3.4687681
170	2503	6	3.092626
170	152	7	3.6298294
170	1197	8	5.3266144
170	216	9	3.5421343
170	911	10	2.639608
80	515	1	5.327608
80	369	2	5.4527225
80	19	3	4.9634557
80	439	4	5.597642
80	1321	5	4.403318
80	2503	6	5.0053616
80	485	7	4.926548
80	200	8	4.888958
80	1484	9	4.5892067
80	11	10	4.296396
668	913	1	4.1111097
668	238	2	3.551733
668	19	3	4.108951
668	439	4	4.4401994
668	71	5	4.373266
668	2503	6	4.0619926
668	242	7	3.6936204
668	200	8	3.8626976
668	1484	9	4.623745
668	11	10	3.6308124
573	139	1	5.4687905
573	2550	2	4.0261283
573	479	3	5.4382563
573	147	4	4.8620315
573	622	5	4.049117
573	935	6	2.8910267
573	682	7	4.9331403
573	172	8	2.4790442
573	3718	9	4.806443
573	1794	10	4.711138
913	1665	1	2.7625332
913	943	2	1.9317102
913	1423	3	2.582995
913	1223	4	4.576435
913	1161	5	1.7863517
913	2894	6	2.2003539
913	4200	7	2.078789
913	413	8	2.1107478
913	1330	9	2.0745034
913	610	10	1.8775421
214	3251	1	4.3338466
214	1526	2	4.731448
214	702	3	4.245116
214	901	4	3.7879262
214	2800	5	4.5075016
214	2503	6	3.5672202
214	139	7	4.097981
214	599	8	4.7036595
214	1794	9	4.7047796
214	351	10	4.072215
504	479	1	4.3238416
504	2108	2	4.792799
504	682	3	4.185573
504	944	4	3.1088257
504	620	5	4.6033516
504	2503	6	2.3798866
504	3090	7	4.0637136
504	363	8	2.441847
504	2125	9	4.0487056
504	1794	10	3.413465
702	95	1	4.276033
702	721	2	4.262371
702	515	3	4.180259
702	3929	4	5.412472
702	225	5	4.947899
702	1321	6	3.3878703
702	1701	7	3.9266043
702	172	8	3.696196
702	370	9	3.7575684
702	911	10	3.6714063
805	278	1	4.1289144
805	168	2	3.8311543
805	4017	3	4.010069
805	243	4	3.9629261
805	620	5	3.9551048
805	225	6	3.9638991
805	372	7	3.8298595
805	200	8	3.819292
805	1794	9	4.474169
805	216	10	3.7621207
699	515	1	4.816204
699	24	2	4.668969
699	370	3	4.2564726
699	439	4	3.9950972
699	2503	5	3.5782487
699	1926	6	2.3707705
699	216	7	4.2088013
699	200	8	3.001178
699	221	9	4.379631
699	7	10	3.5351193
138	682	1	4.7906327
138	2550	2	4.256407
138	139	3	4.772579
138	28	4	3.9702358
138	2800	5	4.222839
138	420	6	2.5836453
138	3251	7	3.9533966
138	599	8	4.2244797
138	1794	9	4.2114244
138	717	10	3.6880293
922	11	1	4.099369
922	238	2	4.046447
922	439	3	5.6709404
922	242	4	4.0978484
922	1321	5	4.8536158
922	2503	6	4.9671507
922	196	7	3.9605994
922	172	8	3.6985645
922	1484	9	4.877307
922	7	10	3.7924213
315	152	1	5.64513
315	213	2	4.333072
315	641	3	4.956044
315	3929	4	4.6048036
315	71	5	4.210923
315	225	6	3.3040533
315	479	7	4.9251804
315	1066	8	4.244381
315	682	9	4.6124306
315	221	10	2.8053827
317	216	1	5.0108695
317	2108	2	4.91008
317	210	3	4.896796
317	147	4	4.763666
317	622	5	4.5701666
317	2503	6	4.2529564
317	4020	7	4.6936893
317	1197	8	5.236337
317	479	9	4.6177077
317	911	10	3.3032691
250	351	1	4.4641466
250	721	2	4.237777
250	732	3	4.1162987
250	3275	4	3.8521502
250	1926	5	3.1921592
250	225	6	3.1399136
250	372	7	3.6401243
250	1066	8	3.616654
250	1449	9	3.6161394
250	539	10	3.5316803
217	196	1	4.429648
217	201	2	4.4091244
217	7	3	4.1897383
217	3929	4	4.88734
217	225	5	4.5064435
217	55	6	3.0781205
217	82	7	4.1693745
217	172	8	4.4176483
217	221	9	4.257332
217	3073	10	4.0204167
456	515	1	3.6776223
456	46	2	3.3221285
456	216	3	3.453738
456	686	4	3.28428
456	71	5	3.5053701
456	2942	6	2.9562
456	7	7	3.3588405
456	3281	8	2.7495174
456	229	9	3.8389854
456	1435	10	3.1906238
127	139	1	4.1342854
127	1526	2	4.6901402
127	161	3	4.0229864
127	3929	4	3.1580029
127	4016	5	3.5321631
127	2503	6	2.6371732
127	3251	7	3.9217675
127	14	8	2.98058
127	839	9	3.5188282
127	1374	10	3.5066872
362	19	1	4.644684
362	24	2	4.9520564
362	370	3	4.195492
362	686	4	3.507511
362	71	5	4.442942
362	2503	6	4.8240986
362	196	7	3.9814785
362	694	8	4.666103
362	539	9	4.6317606
362	53	10	3.9756484
599	682	1	5.483767
599	1761	2	4.3042526
599	3251	3	4.1795034
599	243	4	3.3663836
599	2800	5	4.7126245
599	717	6	3.8042533
599	2502	7	2.6316001
599	1794	8	4.6284614
599	1139	9	3.7447615
599	43	10	4.001134
330	196	1	4.9513445
330	1697	2	3.6275902
330	3718	3	4.5994663
330	147	4	5.7326345
330	622	5	3.923872
330	2060	6	2.9782834
330	152	7	4.2689557
330	599	8	5.6561174
330	1139	9	4.112273
330	43	10	4.764082
892	216	1	4.4617705
892	860	2	3.792408
892	258	3	3.7623978
892	936	4	4.3031125
892	622	5	4.240722
892	2503	6	3.8532948
892	4021	7	3.7614589
892	1197	8	4.6911135
892	948	9	3.7398524
892	911	10	3.0810497
176	278	1	4.8323364
176	238	2	4.541586
176	242	3	4.6394024
176	28	4	2.9607043
176	225	5	4.805848
176	430	6	3.4610639
176	485	7	4.571764
176	172	8	3.8105392
176	515	9	4.118185
176	911	10	3.7016435
230	351	1	5.014655
230	1526	2	4.4704685
230	216	3	4.9800935
230	28	4	4.1424136
230	2800	5	4.3226476
230	2060	6	2.8207703
230	3718	7	4.6677403
230	14	8	3.0702543
230	1794	9	5.634941
230	196	10	4.557386
409	351	1	4.8226
409	213	2	4.6631145
409	95	3	4.736162
409	3929	4	4.0349655
409	1926	5	3.3143158
409	225	6	3.7083347
409	631	7	4.556473
409	1066	8	4.3242617
409	732	9	4.344669
409	539	10	3.5425568
576	3718	1	4.17931
576	213	2	4.507805
576	732	3	4.148257
576	439	4	4.3054996
576	225	5	4.5180893
576	71	6	3.3189788
576	258	7	4.13094
576	200	8	3.3194003
576	372	9	4.122095
576	539	10	2.889668
58	913	1	2.7897372
58	848	2	3.2441354
58	551	3	2.786623
58	686	4	3.0049725
58	1321	5	3.194385
58	2503	6	3.5231695
58	242	7	2.7212257
58	200	8	2.2883139
58	911	9	3.7351184
58	1755	10	2.588964
839	501	1	3.8937502
839	231	2	3.5538363
839	216	3	3.858569
839	3929	4	3.9230127
839	2800	5	3.4516528
839	2503	6	3.105454
839	641	7	3.7395747
839	1066	8	2.7523918
839	139	9	3.3949726
839	161	10	3.15196
857	117	1	4.5890746
857	1748	2	4.5021214
857	515	3	4.564889
857	1133	4	4.4317527
857	1321	5	5.2913117
857	225	6	4.4674053
857	2098	7	4.4393377
857	694	8	3.6242666
857	370	9	4.0717287
857	229	10	4.001618
882	479	1	4.5045223
882	1526	2	3.7109861
882	4021	3	4.23083
882	147	4	4.1405177
882	4016	5	4.0710464
882	935	6	2.4947283
882	77	7	4.1676025
882	172	8	2.1817558
882	1794	9	4.2843294
882	682	10	3.985808
793	479	1	3.9380157
793	597	2	3.7554145
793	1368	3	3.7711747
793	3275	4	4.294243
793	4016	5	4.2469945
793	590	6	3.6212234
793	806	7	3.7693706
793	1197	8	4.027721
793	1794	9	3.9606857
793	4021	10	3.75816
807	717	1	4.108865
807	231	2	3.0643535
807	216	3	4.0262337
807	3929	4	3.7349372
807	2800	5	4.5786014
807	2503	6	3.5026417
807	3251	7	3.9400454
807	14	8	2.7847838
807	271	9	3.9345036
807	196	10	3.8307657
709	196	1	4.6456833
709	231	2	3.9986217
709	3718	3	4.567814
709	3929	4	4.368909
709	2800	5	4.3174405
709	2060	6	3.1685548
709	152	7	4.4753613
709	1197	8	6.0828223
709	84	9	4.237411
709	911	10	2.8005786
479	161	1	4.340794
479	1697	2	4.280154
479	197	3	4.186426
479	901	4	3.900381
479	4016	5	4.6981506
479	2503	6	3.0117233
479	839	7	4.124182
479	599	8	3.4055514
479	798	9	4.079929
479	391	10	3.573968
305	53	1	4.556755
305	2110	2	4.416872
305	196	3	4.4247866
305	3929	4	5.80392
305	71	5	4.456864
305	225	6	4.568521
305	479	7	4.373476
305	694	8	4.3383975
305	221	9	4.284333
305	843	10	4.2876043
817	95	1	4.8722763
817	201	2	4.218746
817	82	3	4.400194
817	686	4	3.8550718
817	430	5	4.090418
817	2060	6	3.9211836
817	3073	7	4.261948
817	200	8	5.5511465
817	53	9	4.259052
817	539	10	3.8328724
105	515	1	4.8964877
105	238	2	5.0706787
105	370	3	4.400247
105	686	4	4.607529
105	1321	5	3.8596582
105	2060	6	4.652117
105	82	7	3.6686568
105	172	8	4.58768
105	911	9	4.0542307
105	3073	10	3.5925627
149	682	1	4.811245
149	24	2	3.7760513
149	19	3	4.6706204
149	3929	4	5.226177
149	72	5	4.7523146
149	2060	6	3.9295263
149	0	7	4.6591873
149	694	8	3.274934
149	196	9	4.6419344
149	221	10	3.16841
753	152	1	4.7696133
753	231	2	4.242618
753	216	3	4.3467674
753	243	4	3.8360696
753	2800	5	3.8618946
753	2503	6	3.5722537
753	641	7	4.3157806
753	1197	8	5.198562
753	1794	9	5.1717777
753	479	10	4.251858
344	1688	1	3.3038874
344	330	2	4.1060762
344	258	3	3.2737246
344	243	4	3.340147
344	2216	5	3.5852618
344	1036	6	2.926506
344	805	7	3.065792
344	1732	8	2.5558982
344	3718	9	3.0616424
344	229	10	2.0300627
264	95	1	4.847464
264	238	2	5.3017025
264	485	3	4.6033716
264	3275	4	3.2802906
264	430	5	4.2382374
264	2060	6	4.533145
264	515	7	4.4157233
264	172	8	4.564862
264	221	9	4.748968
264	3073	10	4.089695
26	242	1	3.7913163
26	1058	2	3.8932831
26	790	3	3.218462
26	686	4	3.997918
26	71	5	4.602915
26	2060	6	5.189918
26	1701	7	3.1582808
26	2166	8	2.3285863
26	911	9	4.756236
26	1466	10	3.108859
204	227	1	4.4569025
204	108	2	3.9946713
204	631	3	4.0710607
204	686	4	3.6077998
204	30	5	4.1340494
204	935	6	3.3592165
204	571	7	3.929178
204	1732	8	3.8291562
204	391	9	4.4281797
204	90	10	3.9163408
540	372	1	4.417084
540	369	2	4.863765
540	11	3	4.2388964
540	686	4	3.5355587
540	225	5	4.8250856
540	1926	6	2.5308356
540	242	7	4.127478
540	200	8	4.1450005
540	485	9	4.0094314
540	539	10	2.6361556
282	216	1	4.0797415
282	369	2	3.7392087
282	732	3	4.0054374
282	495	4	4.443887
282	71	5	3.8032665
282	2060	6	3.561489
282	515	7	3.9221258
282	200	8	3.092922
282	372	9	3.8951478
282	911	10	3.5041611
768	311	1	3.855896
768	213	2	3.3070772
768	1466	3	3.7237363
768	439	4	2.6093545
768	1321	5	3.5873365
768	2503	6	2.3476424
768	258	7	3.4919522
768	694	8	3.4405007
768	221	9	3.7570562
768	631	10	3.2490578
499	152	1	5.005873
499	213	2	4.587295
499	631	3	4.7420106
499	439	4	3.7750552
499	30	5	4.975136
499	420	6	3.468115
499	732	7	4.3242164
499	1066	8	3.9022267
499	311	9	4.165385
499	221	10	3.2663884
737	242	1	4.428634
737	721	2	3.6636124
737	196	3	4.021386
737	686	4	3.8345034
737	2060	5	4.6702776
737	1321	6	3.8074389
737	95	7	3.9577527
737	172	8	3.7037787
737	911	9	3.9908528
737	7	10	3.7786174
871	242	1	4.852953
871	821	2	5.761885
871	53	3	4.8104057
871	3929	4	5.842739
871	71	5	5.3005466
871	2060	6	4.3849063
871	278	7	4.679988
871	694	8	4.8021574
871	95	9	4.46973
871	221	10	4.3494096
923	152	1	4.246768
923	1697	2	3.8509
923	3251	3	4.089713
923	28	4	4.2507687
923	622	5	3.9809506
923	2060	6	2.667359
923	1139	7	3.9336617
923	599	8	5.6025095
923	84	9	3.9226956
923	43	10	4.811836
609	227	1	3.903038
609	597	2	4.0037785
609	2098	3	3.7725406
609	243	4	4.124686
609	622	5	3.4479194
609	225	6	3.3730385
609	77	7	3.7252617
609	1066	8	4.528372
609	1794	9	4.5450754
609	1626	10	3.712299
746	278	1	4.086234
746	24	2	4.6591544
746	372	3	4.0788517
746	3929	4	4.4006853
746	1321	5	2.7924294
746	2060	6	3.5077329
746	95	7	4.0638933
746	200	8	4.5168
746	221	9	3.548439
746	7	10	3.2132826
555	372	1	4.9598217
555	24	2	3.6418903
555	732	3	4.5623636
555	495	4	3.7766035
555	1926	5	3.866744
555	2503	6	3.22016
555	258	7	4.5515885
555	200	8	3.6021738
555	913	9	4.4817595
555	1303	10	2.4543796
469	242	1	4.0090265
469	369	2	4.013508
469	0	3	3.7201777
469	320	4	2.538299
469	71	5	3.6200666
469	420	6	2.3165329
469	95	7	3.6529312
469	47	8	3.7135954
469	258	9	3.6482005
469	1991	10	2.839662
463	843	1	3.7369552
463	860	2	3.5820084
463	682	3	3.650317
463	147	4	3.5553265
463	620	5	3.7497637
463	271	6	3.6238155
463	425	7	2.3058536
463	2125	8	3.566471
463	539	9	2.8680148
463	4029	10	3.9189484
280	672	1	4.222788
280	2110	2	4.8413815
280	682	3	4.19706
280	936	4	3.7049296
280	1926	5	3.676226
280	1315	6	2.3611054
280	948	7	3.993668
280	2502	8	2.696385
280	1854	9	3.9589496
280	1794	10	2.461794
259	1011	1	3.6057134
259	369	2	3.7823277
259	29	3	3.3936996
259	495	4	4.234472
259	2503	5	3.8431191
259	620	6	2.7242246
259	63	7	3.0406413
259	694	8	4.1940284
259	911	9	4.588345
259	728	10	2.9606862
879	210	1	4.448661
879	597	2	4.752192
879	258	3	4.2675424
879	243	4	4.6655855
879	620	5	4.6641636
879	225	6	3.3779545
879	4017	7	4.218046
879	1066	8	4.0359755
879	196	9	4.1558156
879	911	10	3.0941668
612	196	1	4.4926586
612	185	2	4.3734684
612	439	3	5.8851013
612	53	4	4.361676
612	1926	5	4.378621
612	2503	6	5.2158637
612	11	7	4.1941786
612	200	8	5.666792
612	242	9	3.9965627
612	221	10	4.290801
594	196	1	4.6222477
594	238	2	5.0966616
594	95	3	4.443743
594	28	4	3.3999476
594	1926	5	4.0138474
594	2060	6	4.2993217
594	53	7	4.2496386
594	200	8	5.5576544
594	539	9	4.431452
594	515	10	4.1568737
521	216	1	4.4492617
521	821	2	4.5248976
521	53	3	4.170491
521	495	4	2.9491954
521	620	5	4.4426403
521	2503	6	4.053996
521	62	7	4.1679354
521	694	8	2.9810915
521	911	9	3.8361285
521	258	10	3.8165007
110	196	1	5.28361
110	201	2	4.474269
110	95	3	4.6555758
110	439	4	5.287386
110	430	5	4.2743816
110	225	6	4.332706
110	1449	7	4.612923
110	200	8	5.4571066
110	82	9	4.386812
110	539	10	4.0037413
446	271	1	3.9730077
446	403	2	3.226447
446	1115	3	3.5047197
446	28	4	3.1797738
446	2503	5	2.686974
446	197	6	3.3744726
446	363	7	3.261392
446	141	8	3.364266
446	798	9	3.3105016
446	4050	10	3.2180116
351	1449	1	4.436196
351	213	2	4.496462
351	732	3	4.1634817
351	3929	4	5.172325
351	1983	5	3.7991755
351	225	6	3.7881389
351	672	7	4.0669827
351	172	8	2.943446
351	682	9	4.04562
351	4029	10	4.1793833
111	732	1	5.2711926
111	24	2	4.6084948
111	3718	3	5.019044
111	495	4	4.7534065
111	225	5	5.39771
111	71	6	4.137004
111	0	7	4.9464955
111	200	8	3.7895713
111	372	9	4.9033556
111	1745	10	3.862651
789	152	1	4.3939123
789	1761	2	3.6914897
789	19	3	4.3602357
789	147	4	5.5197945
789	2800	5	4.3850193
789	2060	6	2.945067
789	161	7	4.0063596
789	1066	8	3.0320175
789	1794	9	5.406563
789	1410	10	3.936813
886	688	1	3.6957536
886	108	2	3.5242732
886	631	3	3.6824021
886	28	4	2.6829915
886	58	5	3.902678
886	935	6	2.6247735
886	732	7	3.4675004
886	1732	8	2.1708808
886	791	9	3.389147
886	1794	10	3.0017958
785	196	1	4.5213394
785	108	2	4.495443
785	53	3	4.392797
785	686	4	4.2057743
785	1926	5	4.5837483
785	2060	6	5.5184345
785	1011	7	3.7252035
785	1197	8	4.221295
785	539	9	4.7309003
785	672	10	3.6063669
476	196	1	4.7437844
476	185	2	4.404658
476	95	3	4.4675837
476	3929	4	5.765258
476	1926	5	3.9286892
476	2060	6	4.5544014
476	53	7	4.1066303
476	200	8	5.504122
476	539	9	4.1057096
476	3073	10	3.927372
621	1449	1	4.6417265
621	2108	2	3.9789143
621	53	3	4.2571173
621	3929	4	4.2420583
621	1926	5	3.487246
621	420	6	3.4223533
621	3075	7	4.2269297
621	1066	8	4.7151327
621	3074	9	4.133654
621	539	10	3.825793
34	109	1	4.835018
34	369	2	4.824173
34	4017	3	4.5335474
34	3929	4	4.7773075
34	1983	5	4.677424
34	225	6	3.460981
34	682	7	4.521547
34	1066	8	4.5303326
34	210	9	4.461938
34	221	10	2.8285215
630	515	1	4.0775733
630	185	2	3.9466033
630	242	3	3.8847961
630	686	4	3.6750934
630	2503	5	4.1945868
630	1926	6	2.9198709
630	370	7	3.6962912
630	172	8	3.2063272
630	911	9	3.490825
630	7	10	3.5068674
411	271	1	3.7159505
411	1463	2	2.901976
411	2390	3	3.6031952
411	28	4	3.380672
411	1343	5	2.0102453
411	1115	6	3.594147
411	14	7	3.350968
411	3090	8	3.5899754
411	753	9	3.5556052
411	1410	10	3.4874845
272	242	1	4.5354767
272	369	2	5.184279
272	95	3	4.1552544
272	3929	4	4.6074533
272	71	5	4.74999
272	2060	6	2.945156
272	3072	7	3.9015977
272	694	8	4.0157633
272	3073	9	3.8671517
272	221	10	3.5595632
20	196	1	3.9329505
20	403	2	3.2790027
20	654	3	3.8499212
20	28	4	3.6231337
20	1161	5	3.7860165
20	2503	6	3.114909
20	1410	7	3.56027
20	599	8	3.6369996
20	391	9	3.976914
20	197	10	3.5482945
27	1449	1	5.3196707
27	213	2	4.738902
27	372	3	4.604761
27	495	4	3.9770024
27	225	5	4.9442067
27	1926	6	4.025319
27	631	7	4.5155106
27	694	8	4.222471
27	1794	9	5.6972227
27	216	10	4.2978315
381	2125	1	3.5860343
381	1526	2	3.3767304
381	717	3	3.4650636
381	1830	4	3.406912
381	1161	5	2.4943256
381	161	6	3.3533003
381	2502	7	2.8556743
381	798	8	3.1956162
381	129	9	3.1822443
381	403	10	2.9057121
633	216	1	4.6812735
633	24	2	4.4358263
633	913	3	3.9377549
633	439	4	4.9682417
633	71	5	4.234166
633	2503	6	3.812403
633	63	7	3.8502526
633	200	8	3.7108417
633	728	9	3.39877
633	1745	10	3.2748256
406	2125	1	4.368061
406	2110	2	4.5562224
406	53	3	4.3266325
406	296	4	4.689464
406	620	5	4.349272
406	682	6	4.1927676
406	47	7	3.4567668
406	839	8	4.1019
406	1794	9	3.1092944
406	733	10	4.0987153
727	1011	1	3.9268198
727	238	2	3.7756042
727	439	3	5.8215237
727	11	4	3.8033037
727	71	5	4.7047296
727	2503	6	4.8643413
727	242	7	3.7012954
727	200	8	4.887661
727	1484	9	4.7507715
727	196	10	3.6903677
714	948	1	4.7835736
714	1761	2	3.7225435
714	351	3	4.708907
714	243	4	4.455883
714	622	5	4.5428057
714	420	6	2.844106
714	2125	7	4.7050943
714	1066	8	2.9870973
714	1794	9	5.7506495
714	501	10	4.62716
494	196	1	4.759673
494	213	2	4.055817
494	641	3	4.4811335
494	3929	4	4.9320307
494	72	5	4.2848616
494	2503	6	4.959245
494	0	7	4.4256363
494	1066	8	4.1546745
494	19	9	4.3655334
494	1484	10	2.9436736
22	485	1	4.137761
22	24	2	5.0257463
22	515	3	3.9717906
22	439	4	5.1471033
22	225	5	4.520088
22	1926	6	3.4867697
22	370	7	3.7096329
22	172	8	3.5605726
22	1484	9	3.7531586
22	53	10	3.6283479
172	139	1	4.3746834
172	2550	2	4.2492642
172	3251	3	4.3213596
172	439	4	5.133031
172	620	5	4.884282
172	2503	6	2.9276366
172	161	7	3.736038
172	599	8	3.5685616
172	1794	9	3.9792955
172	839	10	3.533214
19	839	1	3.897438
19	1697	2	3.8829598
19	654	3	3.6601477
19	28	4	4.2165313
19	2800	5	4.7421227
19	2503	6	3.0451026
19	1410	7	3.4750674
19	599	8	4.045405
19	1794	9	3.8544357
19	196	10	3.4742644
848	216	1	5.409926
848	369	2	4.9067287
848	913	3	4.619216
848	439	4	5.4383755
848	71	5	4.6636076
848	19	6	4.374736
848	200	7	4.375465
848	1794	8	6.347189
848	874	9	4.1723833
848	43	10	6.2594786
332	152	1	5.527602
332	213	2	5.2173414
332	631	3	5.261975
332	3929	4	3.960129
332	225	5	3.8377752
332	2216	6	2.353273
332	351	7	4.7429843
332	200	8	4.842092
332	1794	9	4.8634424
332	1449	10	4.6570134
912	515	1	5.4165297
912	24	2	5.4434643
912	372	3	5.348377
912	686	4	3.777274
912	71	5	4.7645164
912	2060	6	5.0039973
912	216	7	5.1781006
912	200	8	4.027764
912	911	9	4.5555267
912	19	10	4.2135653
530	95	1	3.8798745
530	721	2	3.884831
530	351	3	3.6840444
530	296	4	3.8378406
530	4016	5	3.3559093
530	420	6	3.422658
530	479	7	3.636701
530	539	8	4.133605
530	227	9	3.267397
530	242	10	3.1838067
349	351	1	3.3096025
349	1748	2	4.6837645
349	2577	3	3.235035
349	925	4	3.4280431
349	72	5	2.5810876
349	225	6	3.1823144
349	370	7	3.1751924
349	47	8	2.1338902
349	321	9	3.1498184
349	1281	10	3.048015
79	196	1	5.4354715
79	213	2	4.9867425
79	62	3	5.3354597
79	495	4	4.6035757
79	620	5	4.8696384
79	2060	6	4.137621
79	456	7	5.27888
79	1066	8	5.051546
79	682	9	5.162466
79	221	10	3.4669392
81	1449	1	5.3335657
81	213	2	5.5497227
81	278	3	4.8262653
81	3929	4	6.167742
81	71	5	4.945198
81	225	6	4.9044757
81	242	7	4.426238
81	1197	8	4.4905877
81	221	9	4.2076178
81	95	10	4.1663637
550	80	1	3.813962
550	24	2	3.9244065
550	914	3	3.3837223
550	2760	4	3.3085566
550	455	5	3.8506694
550	1315	6	3.3141851
550	625	7	3.337401
550	1732	8	2.5388508
550	50	9	3.3205776
550	156	10	2.9481082
774	95	1	4.0862203
774	108	2	3.844728
774	53	3	4.050955
774	28	4	3.2332482
774	1926	5	3.9436483
774	2060	6	4.093771
774	485	7	3.8487744
774	694	8	4.4360304
774	539	9	4.137861
774	515	10	3.8470507
906	242	1	4.553371
906	238	2	4.6303973
906	95	3	4.3643994
906	686	4	3.995631
906	2060	5	4.58018
906	1321	6	3.6080565
906	515	7	4.338629
906	200	8	5.0469546
906	7	9	4.021724
906	911	10	3.9595072
860	152	1	4.401588
860	488	2	3.2910852
860	196	3	3.6622314
860	3929	4	3.0053682
860	430	5	4.52095
860	225	6	3.2415855
860	905	7	3.5905204
860	200	8	3.113118
860	1578	9	3.5833898
860	73	10	3.468236
304	278	1	3.8745594
304	24	2	4.0027957
304	242	3	3.7605379
304	495	4	4.334415
304	71	5	4.1068735
304	420	6	2.4409504
304	11	7	3.5477843
304	694	8	3.5427275
304	485	9	3.516261
304	221	10	3.0037463
614	3251	1	4.0457582
614	1697	2	3.4551928
614	197	3	3.7715178
614	901	4	2.9567993
614	1161	5	4.073826
614	2503	6	3.3440444
614	654	7	3.7689607
614	14	8	2.855907
614	1410	9	3.7216172
614	141	10	3.5835247
490	95	1	4.024849
490	201	2	3.8618302
490	227	3	3.6413562
490	320	4	3.4530847
490	71	5	4.1999817
490	1315	6	4.4898305
490	1693	7	3.5121777
490	172	8	3.9401977
490	152	9	3.431984
490	1794	10	3.1985607
649	370	1	3.9321103
649	185	2	4.4114175
649	53	3	3.8764646
649	28	4	3.0150576
649	71	5	4.719687
649	2060	6	4.8144927
649	913	7	3.7174354
649	694	8	4.818513
649	221	9	4.4750195
649	95	10	3.7069764
500	914	1	3.3493285
500	943	2	2.5685902
500	187	3	3.010829
500	2760	4	3.3336306
500	455	5	2.937948
500	1036	6	2.7385206
500	625	7	2.9442434
500	571	8	2.9251282
500	1794	9	2.3691545
500	2217	10	2.8785
638	732	1	5.1237097
638	369	2	4.043008
638	372	3	4.779442
638	439	4	4.8130674
638	225	5	5.5908184
638	71	6	4.2071557
638	216	7	4.623249
638	200	8	3.8311608
638	1794	9	5.501215
638	485	10	4.5263314
762	515	1	4.756642
762	369	2	4.991833
762	439	3	6.1401973
762	370	4	4.5169067
762	71	5	4.6030045
762	2503	6	5.0402064
762	19	7	4.48685
762	200	8	4.915092
762	911	9	4.6250057
762	913	10	3.961962
30	2125	1	4.9632297
30	1526	2	4.650861
30	53	3	4.652853
30	439	4	4.380824
30	620	5	4.960873
30	641	6	4.520055
30	47	7	3.2988417
30	839	8	4.2650986
30	1794	9	3.1106648
30	139	10	3.9932654
267	152	1	4.461426
267	821	2	3.7450383
267	732	3	4.111307
267	3273	4	3.2519822
267	55	5	2.7576303
267	225	6	3.0180345
267	631	7	4.0949955
267	1066	8	3.9040182
267	351	9	3.954604
267	221	10	2.8102014
313	672	1	4.5750756
313	2110	2	4.795549
313	843	3	4.496972
313	147	4	3.7000818
313	71	5	4.528375
313	2060	6	4.3250065
313	682	7	4.4062386
313	694	8	4.0177975
313	109	9	4.3588247
313	221	10	3.8738072
512	479	1	4.8761883
512	860	2	4.0820966
512	672	3	4.809517
512	296	4	4.4235797
512	620	5	4.1101007
512	139	6	4.533689
512	1197	7	4.977259
512	1794	8	4.890103
512	258	9	4.2515574
512	43	10	4.7548456
284	370	1	3.968739
284	185	2	4.1226854
284	515	3	3.9163141
284	28	4	2.4505453
284	2503	5	4.8109016
284	1926	6	3.3100882
284	196	7	3.5836823
284	172	8	3.5335064
284	911	9	3.739115
284	728	10	3.5259528
763	732	1	5.3906927
763	24	2	4.739325
763	3718	3	5.3412447
763	439	4	5.203613
763	225	5	5.304636
763	71	6	4.2351346
763	372	7	5.11823
763	200	8	4.209035
763	216	9	5.0960226
763	1745	10	3.7083967
265	1925	1	3.419569
265	431	2	3.2532187
265	258	3	3.177114
265	439	4	4.2090755
265	620	5	2.992904
265	948	6	3.1035104
265	172	7	2.0873413
265	391	8	3.8859358
265	1594	9	3.0842457
265	43	10	3.5184398
681	242	1	4.4123197
681	24	2	4.918818
681	485	3	4.069372
681	495	4	5.247348
681	430	5	3.9598951
681	2060	6	4.664153
681	95	7	4.0376196
681	1197	8	4.539961
681	221	9	4.188549
681	456	10	4.015231
243	551	1	3.5045252
243	848	2	3.500334
243	439	3	4.5660396
243	874	4	3.1922913
243	1321	5	4.1262712
243	2503	6	3.6996713
243	913	7	3.189857
243	172	8	2.710578
243	1484	9	3.819091
243	95	10	3.1525846
655	216	1	5.5099635
655	369	2	4.9845743
655	19	3	4.2340117
655	439	4	5.5959215
655	1926	5	3.8161352
655	2503	6	4.429139
655	913	7	3.9582841
655	200	8	4.725916
655	728	9	3.9268727
655	539	10	3.7577956
819	258	1	4.444633
819	2108	2	4.796651
819	62	3	4.425372
819	147	4	4.0845633
819	72	5	4.383424
819	2060	6	3.9597356
819	4017	7	4.387128
819	1066	8	4.2921615
819	311	9	4.204131
819	221	10	3.0611753
316	11	1	3.8364704
316	238	2	3.8241158
316	196	3	3.7573476
316	686	4	3.4013412
316	71	5	4.527918
316	2503	6	4.7856717
316	242	7	3.7519493
316	1197	8	3.4337728
316	221	9	4.6704373
316	53	10	3.5035295
25	152	1	4.132657
25	213	2	4.0052595
25	631	3	4.105694
25	686	4	3.9071672
25	72	5	4.5368276
25	420	6	3.4931417
25	732	7	3.9667177
25	694	8	3.1471515
25	53	9	3.8071387
25	539	10	2.6754694
225	351	1	4.5677056
225	369	2	3.3854446
225	501	3	4.533035
225	28	4	4.3146777
225	1161	5	3.5446587
225	420	6	2.6453993
225	258	7	4.1065397
225	1066	8	2.8298187
225	227	9	4.0747485
225	84	10	3.92681
95	733	1	4.0893083
95	1697	2	3.578814
95	3086	3	4.016709
95	944	4	4.6435933
95	4016	5	4.0973682
95	2503	6	2.4066005
95	839	7	3.9863706
95	599	8	2.9021497
95	886	9	3.8382342
95	391	10	3.3179095
158	227	1	4.6518316
158	231	2	4.6709933
158	19	3	4.4287014
158	3929	4	4.869347
158	620	5	4.618434
158	2060	6	3.621214
158	682	7	4.4173994
158	1066	8	4.1114063
158	196	9	4.3622046
158	1484	10	2.9176884
520	1466	1	3.7913043
520	488	2	3.849702
520	63	3	3.7753346
520	686	4	3.7694554
520	2503	5	3.703546
520	1926	6	2.827019
520	7	7	3.694552
520	200	8	3.148129
520	221	9	5.418727
520	728	10	3.4572768
210	372	1	4.896552
210	821	2	5.303836
210	95	3	4.534869
210	439	4	4.8641906
210	430	5	4.07733
210	225	6	4.567427
210	278	7	4.473962
210	200	8	4.644206
210	196	9	4.367696
210	221	10	4.20291
144	351	1	5.351367
144	213	2	4.864599
144	732	3	4.5243726
144	3929	4	4.391776
144	71	5	5.123662
144	225	6	3.8225245
144	1449	7	4.4734936
144	1197	8	2.9826188
144	372	9	4.431234
144	221	10	3.5488496
560	3718	1	4.448724
560	231	2	3.2799232
560	19	3	4.411087
560	147	4	5.1085744
560	4016	5	4.0441046
560	420	6	2.610868
560	501	7	4.3014336
560	1066	8	2.7321775
560	351	9	4.2925715
560	43	10	4.6106663
660	1410	1	4.548731
660	431	2	4.07794
660	3074	3	4.478117
660	147	4	3.7047162
660	430	5	3.8020127
660	935	6	2.8637328
660	4021	7	4.146432
660	172	8	3.0337682
660	391	9	4.310301
660	77	10	3.774728
73	152	1	5.1108
73	821	2	3.9905257
73	216	3	4.918806
73	3929	4	4.6175947
73	622	5	4.4200673
73	2060	6	3.3809013
73	682	7	4.6623325
73	1066	8	3.9448895
73	372	9	4.2189403
73	1484	10	3.042078
529	1449	1	4.710746
529	821	2	5.26681
529	732	3	4.643705
529	28	4	4.0555687
529	1926	5	4.9567194
529	2060	6	4.1115246
529	672	7	4.5521297
529	1197	8	4.6073
529	278	9	4.510326
529	911	10	3.5953608
806	227	1	4.47751
806	330	2	4.5813847
806	631	3	4.124164
806	28	4	3.9382453
806	2216	5	4.332005
806	420	6	4.7563677
806	152	7	3.8052106
806	1732	8	2.959704
806	73	9	3.7786455
806	156	10	3.5580018
532	1396	1	3.2567894
532	1531	2	2.2096622
532	2354	3	2.7472587
532	1133	4	2.892631
532	2233	5	3.3123026
532	3434	6	1.4881582
532	1337	7	2.6471844
532	117	8	2.630046
532	1242	9	1.743477
532	889	10	2.328117
854	485	1	4.258604
854	108	2	3.9951186
854	19	3	4.2120285
854	439	4	4.278714
854	1321	5	3.5556698
854	2503	6	4.2615395
854	515	7	4.1883903
854	172	8	3.231379
854	370	9	4.10365
854	911	10	3.6348066
554	311	1	4.701936
554	213	2	4.622587
554	515	3	4.5415154
554	495	4	4.1517143
554	622	5	4.668483
554	225	6	4.62064
554	631	7	4.472167
554	172	8	2.0585978
554	258	9	4.269225
554	1794	10	4.189781
704	50	1	3.9530675
704	108	2	3.0188265
704	73	3	3.905017
704	1014	4	2.752779
704	58	5	3.7130256
704	1315	6	3.1733832
704	680	7	3.8518364
704	1732	8	3.3920207
704	1893	9	3.7621555
704	391	10	2.7585592
902	152	1	4.431361
902	213	2	4.234206
902	84	3	4.3734813
902	3273	4	4.123784
902	55	5	3.713387
902	420	6	4.0828733
902	351	7	3.761621
902	694	8	3.77944
902	1794	9	4.071833
902	219	10	3.5466
574	216	1	4.6709547
574	369	2	4.6892533
574	874	3	3.9154058
574	439	4	4.3730235
574	71	5	4.425096
574	2060	6	5.186813
574	913	7	3.8814127
574	200	8	3.4048567
574	1794	9	5.613688
574	19	10	3.6992552
646	372	1	4.134456
646	163	2	3.5742235
646	485	3	4.0655203
646	439	4	3.8413358
646	71	5	2.9191751
646	2942	6	3.2117643
646	732	7	3.9891634
646	694	8	3.7372704
646	1794	9	4.4431515
646	29	10	3.7741356
384	479	1	3.667139
384	2110	2	4.414301
384	501	3	3.5062473
384	147	4	3.8079782
384	4016	5	3.3974967
384	2503	6	2.8835511
384	2125	7	3.260666
384	599	8	3.2838826
384	682	9	3.2093148
384	1794	10	3.1632085
672	49	1	3.340702
672	1697	2	2.728739
672	3090	3	3.2147145
672	1882	4	2.2502103
672	620	5	4.092844
672	2503	6	2.140697
672	654	7	3.210804
672	599	8	2.8304043
672	141	9	3.2006447
672	271	10	3.1195867
524	242	1	4.6554995
524	369	2	5.6056566
524	672	3	4.546732
524	147	4	3.6146185
524	1983	5	4.100717
524	2060	6	4.0747786
524	95	7	4.253072
524	1197	8	4.916956
524	539	9	4.7074175
524	479	10	4.0767913
249	196	1	4.533987
249	721	2	4.090081
249	11	3	4.500063
249	686	4	4.154322
249	2503	5	5.5703235
249	1926	6	4.310592
249	242	7	4.4702845
249	200	8	5.4846387
249	53	9	4.3696003
249	539	10	4.2877603
117	7	1	2.925281
117	1601	2	3.0455737
117	770	3	3.9484067
117	196	4	2.7454937
117	71	5	2.9455924
117	2503	6	3.135406
117	152	7	2.7334886
117	200	8	2.425316
117	95	9	2.6418781
117	539	10	2.167328
876	227	1	5.2446094
876	238	2	4.3986244
876	84	3	5.2441535
876	3929	4	4.7419906
876	72	5	4.522697
876	2060	6	3.5791748
876	479	7	5.1892457
876	172	8	3.4793735
876	539	9	5.94394
876	682	10	4.81779
444	732	1	4.1587515
444	24	2	4.6150074
444	351	3	3.9854455
444	3275	4	4.145224
444	55	5	3.628366
444	225	6	3.8021183
444	53	7	3.8609316
444	694	8	3.4534588
444	1693	9	3.7063313
444	43	10	5.271352
312	955	1	3.252079
312	1671	2	2.6862226
312	248	3	3.0885391
312	2771	4	2.0659103
312	4395	5	2.4501886
312	4119	6	3.0271113
312	2027	7	2.012816
312	3733	8	2.8951664
312	539	9	1.6509949
312	85	10	2.6054516
192	278	1	4.0052834
192	314	2	4.2098703
192	370	3	3.8480601
192	1713	4	3.244755
192	1666	5	4.0295315
192	620	6	2.355016
192	1449	7	3.6340582
192	47	8	2.303692
192	960	9	3.5496495
192	391	10	3.2713037
629	515	1	4.611906
629	185	2	4.4869246
629	370	3	4.3705387
629	439	4	4.4957695
629	71	5	3.6793714
629	2503	6	3.3411713
629	216	7	4.1867623
629	200	8	3.203497
629	221	9	4.463766
629	874	10	3.2281098
865	515	1	4.9638286
865	369	2	5.516994
865	485	3	4.6569486
865	439	4	5.1301584
865	225	5	5.334069
865	1321	6	4.019218
865	11	7	4.4703746
865	200	8	4.481706
865	242	9	4.3985295
865	1484	10	4.277283
437	733	1	4.400502
437	1582	2	3.9200914
437	1410	3	4.3469
437	28	4	4.6488557
437	1161	5	3.974186
437	420	6	2.6070142
437	197	7	3.755147
437	2502	8	3.78252
437	1794	9	4.1473846
437	798	10	3.7505279
420	732	1	4.217413
420	213	2	4.4848986
420	372	3	4.180457
420	439	4	3.341215
420	71	5	3.9349666
420	2060	6	4.0992274
420	216	7	4.0358133
420	172	8	3.0139196
420	229	9	4.2431498
420	485	10	3.9506147
175	216	1	4.7747293
175	24	2	5.3022346
175	278	3	4.5153093
175	3929	4	4.4598207
175	71	5	4.694338
175	225	6	4.627189
175	372	7	4.4953403
175	172	8	3.9241123
175	242	9	4.329817
175	911	10	3.6085505
482	654	1	4.1416183
482	1582	2	3.9635613
482	1115	3	4.040104
482	489	4	3.125033
482	1161	5	3.3373857
482	2503	6	2.6747906
482	844	7	3.847001
482	599	8	3.2966528
482	391	9	3.87098
482	49	10	3.8371234
792	152	1	4.7198753
792	213	2	4.340367
792	53	3	4.2844114
792	28	4	4.408804
792	72	5	4.9133625
792	420	6	4.744111
792	351	7	4.189774
792	1066	8	3.6361926
792	1794	9	4.6111584
792	806	10	3.932715
224	682	1	4.7157907
224	860	2	4.759227
224	501	3	4.329591
224	28	4	3.5745125
224	4016	5	3.5157778
224	2060	6	2.8427935
224	2125	7	4.292178
224	1066	8	2.5936222
224	351	9	4.142155
224	1484	10	2.5339224
433	682	1	4.4443784
433	2108	2	5.1263533
433	948	3	4.2920384
433	28	4	3.3241255
433	2800	5	3.404268
433	2060	6	2.305079
433	501	7	4.1689005
433	1197	8	5.0282784
433	1794	9	4.2586956
433	2125	10	3.9518514
507	2605	1	4.1282406
507	1748	2	4.851327
507	889	3	4.0985928
507	303	4	3.8066742
507	620	5	3.0828993
507	225	6	3.3154902
507	278	7	3.3096144
507	903	8	3.260051
507	391	9	3.4699101
507	219	10	3.1971602
159	216	1	4.891848
159	2110	2	4.4589305
159	1449	3	4.847967
159	936	4	3.6390395
159	620	5	4.431503
159	225	6	4.675702
159	109	7	4.313113
159	200	8	4.565329
159	278	9	4.250377
159	1745	10	2.2333362
904	1042	1	4.0586967
904	1511	2	3.9331498
904	535	3	3.811398
904	28	4	4.016178
904	72	5	3.6454802
904	935	6	3.3488476
904	227	7	3.7683902
904	1025	8	3.9047086
904	571	9	3.7294908
904	391	10	3.4010868
76	1449	1	4.4117823
76	185	2	3.6893673
76	515	3	3.965087
76	243	4	4.25994
76	1321	5	4.1653905
76	225	6	4.081416
76	370	7	3.8639085
76	200	8	3.8594408
76	911	9	4.6975574
76	216	10	3.8259292
273	682	1	5.189122
273	1526	2	4.0026827
273	641	3	4.7283344
273	936	4	5.040066
273	620	5	4.755445
273	2060	6	2.8262877
273	4021	7	4.720752
273	1066	8	3.3041663
273	139	9	4.2607903
273	911	10	2.4415674
40	732	1	5.0045214
40	213	2	5.322445
40	53	3	4.765231
40	686	4	3.4423819
40	71	5	5.0258636
40	225	6	4.5440664
40	242	7	4.47087
40	694	8	4.2578225
40	278	9	4.289487
40	221	10	3.9545937
461	258	1	4.4683723
461	24	2	3.8410668
461	732	3	4.3346376
461	495	4	3.8575299
461	71	5	3.4002829
461	2503	6	3.0920238
461	372	7	4.1362324
461	200	8	3.0811896
461	1794	9	4.879004
461	0	10	4.103779
606	733	1	4.274233
606	238	2	3.5054774
606	161	3	3.9508529
606	320	4	2.8009415
606	420	5	3.308485
606	71	6	2.4167526
606	839	7	3.8415313
606	172	8	3.1501079
606	1794	9	4.862338
606	351	10	3.7621145
342	501	1	4.0102386
342	1761	2	3.4397144
342	196	3	3.9298224
342	147	4	4.263885
342	4016	5	3.2456105
342	2503	6	3.5207038
342	3251	7	3.578016
342	2502	8	2.3938146
342	38	9	3.3289227
342	1459	10	1.914268
715	682	1	4.8403153
715	1526	2	4.3045135
715	196	3	4.1695633
715	3929	4	3.402172
715	2800	5	4.1074557
715	2503	6	3.7240334
715	216	7	4.1388416
715	599	8	4.6712503
715	1794	9	4.66492
715	351	10	3.9750874
346	839	1	4.147678
346	2576	2	3.141316
346	161	3	3.9344826
346	28	4	3.6694062
346	620	5	4.99261
346	2503	6	3.1176033
346	237	7	3.669407
346	599	8	3.1888075
346	1115	9	3.6642876
346	391	10	3.457055
888	3072	1	4.933564
888	431	2	4.6604023
888	1449	3	4.842604
888	3929	4	4.564664
888	1926	5	3.2009068
888	2060	6	3.427099
888	372	7	4.8070507
888	1066	8	4.9875607
888	278	9	4.2065034
888	221	10	3.7089725
894	196	1	4.385912
894	2550	2	4.599296
894	296	3	5.940961
894	161	4	4.326522
894	2800	5	5.0488653
894	2503	6	3.7325883
894	216	7	4.237266
894	2502	8	3.2286913
894	1794	9	4.8784537
894	839	10	4.022212
168	216	1	5.480212
168	821	2	3.8064687
168	152	3	4.9783134
168	147	4	4.9776783
168	622	5	4.5369983
168	2060	6	3.2187786
168	196	7	4.8288507
168	1199	8	3.111755
168	84	9	4.702306
168	1484	10	2.5386436
101	351	1	4.9758997
101	721	2	4.8535814
101	62	3	4.8059034
101	439	4	5.0275784
101	1926	5	3.7485476
101	225	6	3.4620585
101	631	7	4.5750914
101	1066	8	4.1799088
101	311	9	4.2338142
101	539	10	3.9448028
374	216	1	4.911088
374	24	2	4.0702515
374	732	3	4.649767
374	439	4	5.3528886
374	1321	5	4.789503
374	2503	6	4.3203793
374	372	7	4.578515
374	694	8	4.01902
374	221	9	4.6087337
374	19	10	4.330126
522	415	1	2.746619
522	1213	2	2.3946414
522	3207	3	2.645939
522	325	4	4.4567404
522	2151	5	2.3581557
522	4829	6	2.1845727
522	1720	7	2.224464
522	3669	8	2.0920718
522	2154	9	2.014054
522	3404	10	4.114041
186	682	1	5.155503
186	2550	2	4.594077
186	3251	3	4.8876333
186	439	4	5.02911
186	2800	5	4.9832087
186	2503	6	2.5577977
186	139	7	4.73433
186	2502	8	3.6143005
186	839	9	4.3214273
186	1794	10	3.6868527
366	3251	1	4.0446725
366	1761	2	4.1668663
366	271	3	3.4885592
366	1277	4	2.6750307
366	620	5	4.473059
366	420	6	2.1541882
366	161	7	3.3398893
366	2502	8	2.9324894
366	1794	9	4.212059
366	49	10	3.3332417
749	216	1	4.8261566
749	488	2	3.6274023
749	7	3	3.9327555
749	439	4	4.841138
749	2503	5	4.0269575
749	1926	6	3.1228542
749	19	7	3.9175143
749	200	8	3.720057
749	1794	9	5.8188133
749	11	10	3.4929292
199	501	1	4.3093123
199	2550	2	3.7505386
199	351	3	3.9339595
199	3929	4	3.8144014
199	1161	5	4.0904946
199	2060	6	3.2156262
199	3090	7	3.8093562
199	1066	8	2.5797384
199	2125	9	3.7026758
199	911	10	2.2636373
866	216	1	5.396533
866	24	2	4.7453537
866	19	3	4.6896305
866	495	4	4.9933167
866	71	5	4.4879274
866	2503	6	4.681815
866	485	7	4.482736
866	694	8	4.7143865
866	221	9	4.8114967
866	913	10	4.3423896
281	3251	1	4.155126
281	2550	2	4.8974886
281	1139	3	3.9822829
281	28	4	3.5320377
281	1161	5	4.0747833
281	2503	6	3.7182734
281	161	7	3.9619315
281	2502	8	2.6987317
281	271	9	3.8452182
281	733	10	3.7401104
443	3251	1	4.293617
443	1526	2	4.5022135
443	753	3	4.079852
443	944	4	3.9623976
443	620	5	4.8214464
443	2503	6	2.5728421
443	682	7	4.07518
443	2502	8	2.8727612
443	161	9	4.0538063
443	391	10	2.870884
275	19	1	3.7247324
275	369	2	4.0710487
275	439	3	4.85575
275	53	4	3.4087477
275	71	5	3.512096
275	2503	6	4.0574574
275	515	7	3.3281107
275	200	8	4.31536
275	11	9	3.2637925
275	539	10	3.4359808
755	515	1	3.9441006
755	213	2	4.5874667
755	1011	3	3.5649512
755	3929	4	4.044161
755	71	5	4.3553944
755	225	6	3.9297462
755	372	7	3.5638485
755	200	8	3.3493195
755	1794	9	4.630716
755	11	10	3.5137978
340	515	1	4.8833714
340	721	2	4.0722313
340	242	3	4.8204107
340	28	4	2.848085
340	225	5	5.620918
340	1321	6	4.216156
340	370	7	4.594204
340	172	8	4.0117197
340	221	9	5.2601337
340	7	10	4.280259
269	19	1	4.29363
269	238	2	3.4859364
269	439	3	5.7307687
269	913	4	3.852033
269	71	5	4.457476
269	2503	6	4.42161
269	53	7	3.7360616
269	200	8	4.7899227
269	221	9	4.90921
269	874	10	3.731925
887	2125	1	4.332145
887	860	2	4.746895
887	682	3	4.124293
887	147	4	4.9662676
887	620	5	4.2636533
887	479	6	3.979053
887	2502	7	3.0403326
887	641	8	3.8189576
887	391	9	2.4590669
887	1115	10	3.6379094
642	874	1	3.929091
642	488	2	3.3563075
642	913	3	3.7676566
642	439	4	4.6858172
642	2503	5	3.8911214
642	1926	6	2.9290514
642	728	7	3.7601678
642	200	8	3.7059484
642	1466	9	3.6012483
642	1745	10	3.2409701
541	216	1	3.894606
541	24	2	3.4463377
541	1200	3	3.0965576
541	1133	4	3.0597327
541	71	5	2.903831
541	2503	6	2.9087412
541	1112	7	3.0535803
541	694	8	4.337477
541	825	9	3.053288
541	1602	10	2.9099565
84	682	1	4.2211237
84	860	2	3.7925215
84	641	3	4.0513134
84	147	4	4.2695885
84	622	5	4.096843
84	2060	6	2.9310899
84	84	7	3.9733422
84	1197	8	4.9188576
84	196	9	3.919877
84	911	10	2.1612744
257	84	1	3.604485
257	884	2	3.5323787
257	515	3	3.1689034
257	320	4	2.8109236
257	1321	5	3.6936443
257	225	6	3.1284533
257	2577	7	3.099455
257	599	8	3.2427816
257	1484	9	3.1929083
257	278	10	3.0456755
403	95	1	4.246386
403	431	2	3.7679708
403	152	3	4.1106663
403	3275	4	2.9835978
403	430	5	3.4662066
403	225	6	3.1153657
403	196	7	3.8172016
403	1066	8	3.7876663
403	82	9	3.4670331
403	221	10	2.795301
229	1139	1	3.7363229
229	1697	2	3.1355758
229	411	3	3.4001799
229	901	4	3.027422
229	2800	5	4.1143093
229	935	6	2.5138922
229	1115	7	3.351724
229	2502	8	2.334209
229	1408	9	3.126051
229	919	10	2.5855508
587	311	1	4.816334
587	821	2	5.266971
587	631	3	4.7147803
587	495	4	3.799103
587	1321	5	4.8821716
587	2503	6	3.5765831
587	372	7	4.510106
587	200	8	3.9369776
587	1794	9	5.1360826
587	258	10	4.4679127
451	19	1	5.2095556
451	238	2	4.2951674
451	913	3	4.707289
451	686	4	4.0015974
451	1321	5	4.782911
451	2503	6	5.0149603
451	242	7	4.4779887
451	172	8	3.8430066
451	911	9	5.2100506
451	11	10	4.4264603
826	351	1	5.472328
826	821	2	5.072539
826	62	3	4.696867
826	439	4	4.4307966
826	1926	5	3.6198187
826	2503	6	3.4518108
826	311	7	4.5825267
826	200	8	3.940839
826	1794	9	4.64795
826	370	10	4.3675933
290	95	1	4.1157866
290	821	2	5.052952
290	278	3	4.0629787
290	3929	4	4.3584585
290	430	5	3.6291742
290	225	6	4.284359
290	7	7	4.0376825
290	200	8	3.7201104
290	196	9	3.9700453
290	1484	10	2.9704258
16	515	1	4.6097174
16	238	2	4.3276086
16	11	3	4.4304385
16	439	4	5.038044
16	1321	5	3.9388108
16	2060	6	4.6820006
16	242	7	4.420365
16	200	8	4.327946
16	911	9	3.993588
16	95	10	3.9924579
527	1410	1	4.681076
527	1341	2	3.245373
527	2125	3	4.2725725
527	28	4	4.764286
527	620	5	4.3832645
527	935	6	2.8393507
527	1854	7	4.019532
527	1199	8	2.5175748
527	1794	9	5.2039337
527	351	10	3.886085
171	3090	1	4.0048165
171	1526	2	4.5013638
171	139	3	3.9241183
171	944	4	3.2223768
171	2800	5	3.9402928
171	2503	6	2.5764234
171	271	7	3.5532613
171	47	8	3.81778
171	161	9	3.5466726
171	3251	10	3.5233407
421	258	1	5.0357704
421	24	2	4.5732203
421	631	3	5.015798
421	495	4	4.6126065
421	71	5	4.089086
421	2060	6	4.8390465
421	732	7	4.96778
421	200	8	3.5570006
421	1794	9	5.1578846
421	3718	10	4.9597797
231	515	1	4.1527576
231	821	2	3.9163733
231	278	3	4.094216
231	1713	4	3.4043014
231	2942	5	3.7118447
231	622	6	2.3514724
231	1449	7	3.9453588
231	694	8	2.900384
231	485	9	3.6938896
231	221	10	3.566074
221	1410	1	4.161181
221	213	2	3.407993
221	84	3	3.888754
221	3275	4	3.8121839
221	72	5	3.5049567
221	590	6	2.9638274
221	62	7	3.8319576
221	1066	8	2.9190814
221	1794	9	3.990251
221	152	10	3.819319
648	152	1	5.070484
648	231	2	4.5377436
648	3718	3	4.9486856
648	3929	4	4.990451
648	622	5	4.416652
648	2060	6	3.856617
648	84	7	4.7512474
648	1066	8	3.937894
648	391	9	6.285405
648	196	10	4.506123
120	53	1	5.1345453
120	821	2	5.3300056
120	242	3	5.035385
120	3929	4	5.4012766
120	1926	5	4.6718674
120	225	6	4.4594073
120	1449	7	4.9458623
120	172	8	4.513491
120	3072	9	4.6414275
120	221	10	3.8211317
542	631	1	5.4969864
542	24	2	4.812401
542	732	3	5.431717
542	686	4	3.1754684
542	2503	5	4.0601635
542	620	6	2.1971946
542	3718	7	5.2155714
542	200	8	4.096704
542	372	9	5.0724106
542	43	10	5.855553
21	672	1	3.643016
21	168	2	3.4052649
21	109	3	3.3462849
21	439	4	3.3835928
21	620	5	3.4089801
21	2060	6	3.3024545
21	210	7	3.230083
21	599	8	3.0844254
21	229	9	3.2424738
21	641	10	3.1464186
708	196	1	4.5362754
708	848	2	3.5664167
708	485	3	4.4961796
708	3929	4	5.032528
708	225	5	4.4875927
708	430	6	3.335444
708	278	7	4.337473
708	200	8	4.472192
708	221	9	4.083712
708	95	10	4.090036
558	479	1	4.3303747
558	1341	2	3.242646
558	1449	3	4.326147
558	686	4	4.42445
558	1926	5	3.6542895
558	2060	6	2.78022
558	485	7	3.9045663
558	1066	8	4.221046
558	682	9	3.6119332
558	1484	10	2.1787677
167	216	1	5.1557527
167	369	2	4.6809425
167	19	3	4.2635784
167	439	4	5.123288
167	71	5	4.4682055
167	2503	6	4.431543
167	1011	7	3.990409
167	200	8	4.3261747
167	1794	9	6.1524014
167	1466	10	3.9747558
219	109	1	3.9659078
219	369	2	4.043399
219	682	3	3.8810349
219	495	4	3.9516225
219	620	5	3.8303826
219	225	6	3.6973195
219	456	7	3.8797584
219	1197	8	4.401665
219	196	9	3.793605
219	1484	10	3.2797928
360	351	1	5.1134987
360	213	2	4.71207
360	631	3	4.6910167
360	3929	4	4.0973797
360	1926	5	3.605962
360	225	6	3.7174122
360	311	7	4.4838996
360	1066	8	4.3393474
360	219	9	4.4757395
360	539	10	3.563878
492	152	1	4.1851254
492	721	2	4.569217
492	1925	3	4.154275
492	3273	4	3.6707456
492	72	5	4.293714
492	420	6	3.6351247
492	706	7	3.8236308
492	1066	8	3.223875
492	732	9	3.6772847
492	156	10	2.4681892
238	258	1	5.475358
238	24	2	4.828684
238	732	3	5.254852
238	439	4	4.6530437
238	71	5	4.4351387
238	2503	6	3.9169538
238	0	7	5.219464
238	200	8	3.7802665
238	3718	9	5.026469
238	43	10	5.6491623
874	501	1	4.566721
874	238	2	3.7250216
874	351	3	4.317358
874	243	4	4.682584
874	4016	5	4.507286
874	420	6	3.6784878
874	152	7	4.2137647
874	172	8	2.7738752
874	1794	9	5.5613976
874	3074	10	4.1455326
618	196	1	4.239628
618	231	2	3.5144677
618	152	3	4.116599
618	147	4	4.703161
618	622	5	3.9141722
618	2060	6	2.6472902
618	948	7	3.9586153
618	1197	8	5.2337174
618	84	9	3.8964
618	1854	10	3.845777
556	351	1	5.1090946
556	24	2	4.246211
556	479	3	4.168812
556	3929	4	3.977315
556	1926	5	4.094504
556	2060	6	3.283083
556	109	7	3.938019
556	1197	8	3.9115732
556	372	9	3.8756938
556	911	10	2.4316707
388	152	1	4.654032
388	821	2	3.6987572
388	216	3	4.555316
388	243	4	4.444207
388	72	5	3.5532398
388	2060	6	3.5912971
388	227	7	4.2478194
388	1199	8	2.1139088
388	258	9	3.9203587
388	221	10	2.4212112
838	732	1	5.016496
838	24	2	4.2184196
838	258	3	4.9400997
838	439	4	5.1582317
838	1926	5	3.7030356
838	2503	6	3.8164475
838	372	7	4.9343257
838	1197	8	3.2491817
838	485	9	4.566544
838	539	10	3.6924982
545	11	1	4.587565
545	46	2	4.300701
545	95	3	4.133754
545	686	4	4.567703
545	2503	5	4.7532806
545	430	6	3.1596396
545	1466	7	4.0083475
545	200	8	3.7693272
545	911	9	4.8394036
545	1011	10	3.9674737
611	152	1	5.9997506
611	213	2	4.8400483
611	311	3	5.11621
611	243	4	5.2333364
611	225	5	4.748989
611	71	6	3.5266902
611	631	7	4.6894913
611	694	8	4.7403727
611	1794	9	5.4381533
611	3718	10	4.617134
439	485	1	3.6857295
439	108	2	3.9182174
439	3929	3	4.620285
439	7	4	3.4349647
439	430	5	3.180274
439	2060	6	3.3283505
439	370	7	3.341269
439	200	8	4.001646
439	3073	9	3.1046324
439	911	10	3.1935453
828	351	1	5.0145683
828	821	2	4.5717726
828	215	3	4.612496
828	3275	4	4.755307
828	58	5	2.9074593
828	420	6	3.2312365
828	1449	7	4.5124598
828	200	8	5.283249
828	3075	9	4.4290667
828	221	10	3.6038585
5	351	1	5.5801783
5	231	2	4.647737
5	152	3	5.1518774
5	243	4	5.1514544
5	622	5	5.4155693
5	225	6	3.0576892
5	227	7	5.0510283
5	1066	8	3.8480282
5	84	9	4.959302
5	221	10	2.6380253
100	84	1	3.753715
100	3342	2	4.204818
100	351	3	3.6152263
100	925	4	3.626517
100	72	5	2.8399525
100	225	6	3.2284164
100	515	7	3.2044208
100	47	8	2.3683338
100	1484	9	3.247878
100	278	10	3.055735
600	109	1	4.1171546
600	168	2	4.0026402
600	216	3	4.1170526
600	243	4	3.9170845
600	1983	5	3.9427538
600	2060	6	2.7568831
600	53	7	3.9795268
600	1197	8	4.3480377
600	1794	9	4.6147585
600	152	10	3.8748605
516	278	1	3.9894438
516	721	2	3.72752
516	95	3	3.7112088
516	439	4	4.235606
516	225	5	3.9371831
516	430	6	2.9577518
516	913	7	3.3756576
516	200	8	3.3232532
516	221	9	3.2345266
516	82	10	3.0507174
534	485	1	4.1093016
534	848	2	3.4362319
534	278	3	3.4840083
534	3275	4	2.0702784
534	2503	5	4.1936054
534	430	6	2.9467688
534	515	7	3.4058423
534	172	8	3.4204557
534	95	9	3.1886811
534	539	10	2.4989643
347	216	1	4.5337734
347	108	2	3.3436337
347	1011	3	3.7495
347	439	4	3.7249846
347	1321	5	3.653867
347	2060	6	4.172262
347	242	7	3.7142808
347	200	8	2.6781607
347	911	9	3.8596034
347	11	10	3.443119
99	682	1	4.7433314
99	1526	2	4.758635
99	139	3	4.529838
99	439	4	4.6383467
99	620	5	4.952609
99	2503	6	2.5777907
99	3251	7	4.3801727
99	2502	8	3.0815349
99	1115	9	3.8625996
99	1794	10	3.2305927
788	1449	1	4.4053593
788	185	2	3.913086
788	311	3	4.124763
788	439	4	3.7558532
788	1321	5	4.120354
788	225	6	4.4382477
788	370	7	3.7819643
788	200	8	3.8486953
788	258	9	3.7070675
788	1484	10	3.545404
797	1011	1	3.9334798
797	369	2	4.70811
797	439	3	5.5759068
797	242	4	3.6096766
797	71	5	4.504541
797	7	6	3.5149336
797	200	7	4.4838667
797	221	8	5.037635
797	11	9	3.4873018
797	29	10	3.3958292
417	501	1	3.2840915
417	238	2	2.8453627
417	479	3	3.1582315
417	3275	4	2.5428267
417	620	5	3.1391363
417	590	6	2.148553
417	161	7	3.0661118
417	172	8	2.7160826
417	539	9	3.231444
417	82	10	3.0515792
429	1449	1	4.913002
429	24	2	4.8343115
429	278	3	4.460912
429	439	4	5.7595263
429	1926	5	4.4196053
429	225	6	4.845558
429	196	7	4.291379
429	694	8	4.301675
429	539	9	4.370439
429	43	10	6.0472364
604	152	1	3.5140047
604	821	2	3.318882
604	84	3	3.4671626
604	320	4	2.9926515
604	1321	5	2.8950226
604	225	6	2.8560388
604	278	7	3.3746533
604	599	8	2.6946251
604	391	9	3.3353
604	1449	10	3.1712763
35	84	1	4.9798455
35	821	2	3.943842
35	196	3	4.876732
35	243	4	4.795403
35	72	5	3.8152363
35	2060	6	3.7181516
35	227	7	4.608528
35	1066	8	4.011413
35	948	9	4.529368
35	1484	10	2.9078517
414	631	1	4.370419
414	24	2	4.928668
414	152	3	4.172333
414	3273	4	4.3815093
414	30	5	3.9258766
414	225	6	2.8235657
414	62	7	4.0594997
414	1066	8	3.242225
414	732	9	3.7367613
414	1794	10	3.4073343
390	216	1	4.524241
390	238	2	3.559081
390	372	3	4.088928
390	439	4	4.1573067
390	71	5	3.8865824
390	2060	6	3.622066
390	485	7	3.727242
390	200	8	3.952486
390	1794	9	4.747746
390	11	10	3.1916265
710	278	1	4.4640408
710	721	2	4.293339
710	196	3	4.268949
710	3929	4	4.541133
710	1321	5	2.8666177
710	2060	6	3.3546696
710	3073	7	4.0894055
710	3072	8	3.9927711
710	221	9	4.5564036
710	485	10	3.8951955
487	515	1	4.025586
487	213	2	5.619829
487	3929	3	5.384349
487	7	4	3.5031514
487	1321	5	3.868293
487	2060	6	4.1383924
487	53	7	3.396068
487	694	8	4.846819
487	911	9	3.939804
487	728	10	3.3196144
473	372	1	3.6024022
473	821	2	4.3005524
473	7	3	3.5209634
473	439	4	3.079198
473	1321	5	2.0590773
473	2060	6	2.120532
473	196	7	3.3926957
473	1066	8	3.8741994
473	221	9	3.2209423
473	278	10	3.2171583
683	351	1	4.550685
683	721	2	4.662889
683	62	3	4.423853
683	28	4	4.6225348
683	72	5	4.702862
683	225	6	3.1789243
683	823	7	4.1287107
683	1066	8	3.5917318
683	732	9	4.0432577
683	221	10	2.7786932
676	152	1	4.7826624
676	218	2	4.4652567
676	732	3	4.1999707
676	686	4	3.9559522
676	420	5	5.25253
676	2216	6	4.297782
676	920	7	3.9213908
676	694	8	3.4348497
676	1794	9	4.3927684
676	50	10	3.9087722
242	242	1	4.0678654
242	488	2	3.7521627
242	913	3	4.0450945
242	28	4	2.9479074
242	71	5	4.8594923
242	2503	6	4.986281
242	196	7	3.8869486
242	1197	8	3.619563
242	221	9	4.924408
242	7	10	3.7480884
396	3072	1	3.031341
396	369	2	3.3596387
396	278	3	2.9077826
396	3929	4	3.821517
396	430	5	2.7378273
396	225	6	2.8307335
396	3073	7	2.6971278
396	694	8	2.984571
396	539	9	2.959095
396	242	10	2.6699998
685	1893	1	3.9160216
685	529	2	4.0472383
685	1410	3	3.8726993
685	28	4	4.518734
685	455	5	3.7879682
685	1315	6	4.441037
685	914	7	3.8692722
685	1025	8	3.389135
685	156	9	3.9638715
685	227	10	3.8319209
448	216	1	5.4498177
448	488	2	3.6921
448	19	3	4.780923
448	439	4	5.3117943
448	1321	5	4.573445
448	2060	6	5.3655367
448	485	7	4.757861
448	200	8	4.656671
448	911	9	4.74405
448	11	10	4.2870703
485	682	1	4.498913
485	2550	2	4.4290485
485	3251	3	4.4908385
485	901	4	3.0512354
485	620	5	5.0076766
485	139	6	4.3465233
485	47	7	3.1252804
485	2390	8	3.8313463
485	1794	9	2.8272078
485	141	10	3.7371051
87	2125	1	4.119126
87	2550	2	3.8552337
87	152	3	4.0528283
87	243	4	3.1245608
87	2800	5	3.816978
87	2503	6	3.4838347
87	3718	7	3.987348
87	599	8	4.695538
87	216	9	3.8308642
87	911	10	2.2218077
770	372	1	3.7695413
770	821	2	3.3865106
770	4021	3	3.7528045
770	243	4	3.6430984
770	620	5	3.8164546
770	2060	6	2.6412547
770	196	7	3.6789956
770	1197	8	5.1137795
770	2125	9	3.6162055
770	911	10	2.364002
808	682	1	3.7104995
808	431	2	3.450114
808	1410	3	3.6281588
808	28	4	3.7950664
808	4016	5	3.6348255
808	27	6	2.920341
808	152	7	3.3443837
808	172	8	2.683795
808	1794	9	4.349574
808	242	10	3.275457
397	196	1	4.196115
397	721	2	3.5085635
397	95	3	3.6585205
397	28	4	2.7566524
397	1926	5	3.3824134
397	2942	6	2.0449154
397	3073	7	3.5057678
397	200	8	4.7465854
397	221	9	3.9021118
397	3072	10	3.3359003
335	515	1	4.5652027
335	185	2	4.5316653
335	439	3	5.8031387
335	370	4	4.2066317
335	2060	5	5.2280607
335	1926	6	4.1140757
335	95	7	4.1769657
335	172	8	3.9302835
335	221	9	4.7141623
335	53	10	4.008767
483	3090	1	4.0070477
483	2550	2	4.332114
483	3251	3	3.9027135
483	3929	4	3.2111092
483	4016	5	3.8709192
483	2060	6	2.178514
483	1139	7	3.8596034
483	2502	8	2.5408409
483	391	9	4.7933664
483	351	10	3.7867775
56	152	1	5.086299
56	2550	2	4.129806
56	227	3	4.5523577
56	3929	4	4.8578286
56	622	5	4.7083883
56	2060	6	3.6107516
56	372	7	4.3684435
56	1066	8	3.9829555
56	4021	9	4.3391967
56	911	10	3.002421
859	682	1	4.343897
859	168	2	4.302184
859	139	3	3.930983
859	28	4	3.331621
859	1983	5	4.374029
859	420	6	2.8505604
859	77	7	3.8363602
859	1310	8	2.4203596
859	4017	9	3.4609845
859	43	10	3.7728062
367	485	1	3.7499182
367	201	2	3.8434596
367	3073	3	3.5562727
367	3275	4	2.4941754
367	225	5	3.8732362
367	1321	6	2.517402
367	3072	7	3.4442458
367	1197	8	3.3146508
367	278	9	3.44244
367	539	10	2.5949595
578	515	1	4.621051
578	369	2	6.2779174
578	3929	3	5.8553095
578	370	4	4.2563844
578	225	5	5.0970473
578	430	6	3.8585446
578	196	7	4.2127037
578	200	8	5.219137
578	82	9	3.8777988
578	911	10	3.8502214
287	215	1	4.0266643
287	1341	2	3.794213
287	805	3	3.7105842
287	320	4	3.4588447
287	55	5	4.3355064
287	160	6	3.11478
287	1359	7	3.6936004
287	1732	8	3.4235084
287	391	9	3.7768476
287	50	10	3.6124625
767	631	1	4.731447
767	213	2	4.9768496
767	515	3	4.698173
767	495	4	4.302857
767	2060	5	4.633969
767	1926	6	2.1662064
767	3718	7	4.390218
767	200	8	2.8730073
767	485	9	4.102174
767	539	10	2.3148913
113	682	1	4.6777825
113	2550	2	3.7185788
113	351	3	3.867421
113	296	4	5.106176
113	1161	5	3.3908381
113	2060	6	3.1938033
113	3251	7	3.8205216
113	2502	8	2.7098043
113	1794	9	4.6041293
113	1115	10	3.6675282
131	3718	1	5.160024
131	24	2	4.563293
131	372	3	5.1133976
131	495	4	4.6524973
131	1926	5	4.1393795
131	2503	6	4.156934
131	732	7	4.9818764
131	694	8	4.593384
131	370	9	4.8686976
131	221	10	4.7362447
428	501	1	5.2738576
428	1697	2	3.6555681
428	948	3	5.0931826
428	28	4	3.7691917
428	1161	5	3.7752
428	420	6	2.3872092
428	3251	7	4.27604
428	1199	8	2.6300685
428	1139	9	3.9989495
428	351	10	3.9757724
934	501	1	4.582814
934	1697	2	3.5173507
934	152	3	4.1985006
934	28	4	4.3233805
934	622	5	4.3783383
934	420	6	2.559738
934	84	7	3.8831236
934	1066	8	2.7091603
934	3251	9	3.8720815
934	1139	10	3.8242097
569	1449	1	4.750059
569	821	2	4.7707047
569	278	3	4.647045
569	243	4	4.9607344
569	622	5	4.2141685
569	225	6	4.6564603
569	62	7	4.628702
569	3281	8	3.6447954
569	1794	9	4.296938
569	631	10	4.290283
776	152	1	5.4654818
776	24	2	5.061947
776	631	3	4.742567
776	3929	4	4.214579
776	72	5	5.410765
776	225	6	3.5233135
776	732	7	4.674921
776	1066	8	4.644581
776	311	9	4.648884
776	539	10	3.5887003
412	152	1	5.2094045
412	821	2	3.8690305
412	3718	3	5.0868797
412	3929	4	4.715069
412	4016	5	3.5663822
412	2060	6	3.3989959
412	84	7	4.692045
412	1066	8	3.67256
412	2125	9	4.57776
412	1484	10	2.5682657
112	19	1	4.1872835
112	488	2	3.6462417
112	1011	3	3.8014565
112	439	4	5.0532913
112	2503	5	4.20516
112	1926	6	3.385897
112	242	7	3.75557
112	172	8	3.0912657
112	911	9	5.016947
112	874	10	3.6905143
286	278	1	5.0623064
286	185	2	4.569741
286	3929	3	6.1822557
286	242	4	4.6225185
286	1926	5	4.5964923
286	225	6	4.9513326
286	53	7	4.5085273
286	694	8	4.790737
286	515	9	4.4472065
286	1745	10	2.3991446
373	95	1	5.059402
373	721	2	4.927519
373	3074	3	4.6268578
373	28	4	4.2211018
373	1926	5	3.5762935
373	225	6	3.6978786
373	732	7	4.5268483
373	1066	8	4.4731264
373	53	9	4.4004736
373	221	10	3.1693363
203	152	1	4.3304114
203	108	2	4.165937
203	631	3	4.265996
203	686	4	4.080598
203	30	5	4.1616454
203	420	6	4.250698
203	732	7	4.146695
203	694	8	3.6572852
203	920	9	3.965108
203	1794	10	3.767301
809	242	1	4.108524
809	821	2	4.4096107
809	95	3	3.956769
809	3929	4	4.309393
809	71	5	4.108904
809	225	6	3.5900667
809	82	7	3.5025365
809	200	8	4.688752
809	485	9	3.4068787
809	221	10	2.9683723
796	3718	1	4.447348
796	213	2	4.4073377
796	258	3	4.1839724
796	439	4	4.9437504
796	1926	5	3.7546592
796	225	6	4.1761885
796	372	7	4.07292
796	694	8	4.036101
796	216	9	4.069265
796	732	10	4.0534596
42	370	1	3.8966007
42	185	2	3.932844
42	515	3	3.8459475
42	495	4	4.0628924
42	225	5	4.555152
42	620	6	3.6868174
42	109	7	3.664373
42	1197	8	4.1105833
42	911	9	4.2351427
42	53	10	3.6127021
364	53	1	4.532047
364	2108	2	3.965207
364	3075	3	4.22878
364	3275	4	3.8626711
364	430	5	5.1067142
364	2060	6	3.1352155
364	278	7	4.2286725
364	1066	8	5.3905478
364	221	9	4.167509
364	485	10	4.1804514
201	717	1	3.5770926
201	1761	2	3.488266
201	161	3	3.5690503
201	944	4	3.1697965
201	2800	5	3.9440079
201	2060	6	2.865062
201	271	7	3.4302495
201	599	8	3.6054754
201	3251	9	3.4036665
201	1452	10	2.4839656
435	311	1	4.4691095
435	213	2	4.3714046
435	631	3	4.192949
435	3929	4	5.132475
435	1321	5	4.078043
435	372	6	3.8837614
435	1197	7	3.3315864
435	732	8	3.8701723
435	911	9	3.6190248
435	43	10	4.7677097
561	372	1	5.502495
561	24	2	4.7471666
561	0	3	5.1563067
561	439	4	5.4243627
561	71	5	4.1871305
561	2503	6	4.14075
561	485	7	5.1256123
561	200	8	4.379143
561	1794	9	6.163162
561	913	10	4.8810954
202	278	1	4.455724
202	431	2	3.4175448
202	515	3	3.318872
202	3275	4	2.8130808
202	225	5	4.049755
202	430	6	3.2802007
202	196	7	3.0712368
202	200	8	3.2389429
202	911	9	2.9394994
202	913	10	2.9398305
93	515	1	4.8806777
93	238	2	4.652422
93	11	3	4.6951256
93	28	4	3.1834662
93	2503	5	5.6188197
93	1926	6	4.496895
93	242	7	4.596577
93	172	8	4.031912
93	221	9	4.990837
93	196	10	4.531905
778	515	1	4.938429
778	369	2	4.94243
778	19	3	3.9753177
778	686	4	3.812338
778	1321	5	4.2894945
778	2503	6	4.410639
778	913	7	3.890014
778	200	8	4.2315817
778	911	9	4.4067755
778	242	10	3.8400555
518	19	1	3.3458028
518	1921	2	3.3907447
518	242	3	3.3155477
518	686	4	3.4885168
518	2503	5	3.4595647
518	1926	6	2.6252618
518	11	7	3.1982136
518	200	8	3.3186743
518	1602	9	3.9108405
518	95	10	2.8754227
6	278	1	3.9803455
6	529	2	4.1627426
6	485	3	3.7606392
6	3275	4	3.6804104
6	430	5	4.312981
6	225	6	3.9243264
6	551	7	3.4362178
6	694	8	4.5312366
6	221	9	3.668673
6	215	10	3.4069924
639	3718	1	3.6537738
639	1697	2	3.4317894
639	1115	3	3.5842679
639	28	4	3.8464365
639	4016	5	4.206815
639	2503	6	3.7932572
639	351	7	3.5719652
639	2502	8	2.7468383
639	1794	9	4.6576033
639	161	10	3.4689424
745	515	1	4.127039
745	185	2	4.2028103
745	242	3	3.831504
745	686	4	3.864462
745	71	5	4.629798
745	2503	6	4.8165135
745	370	7	3.7954793
745	200	8	4.6868534
745	11	9	3.7201629
745	4029	10	3.400863
897	914	1	3.7516756
897	218	2	3.4278412
897	1410	3	3.1217484
897	2760	4	2.7831492
897	590	5	3.8536952
897	55	6	3.0029297
897	1688	7	3.0913014
897	1595	8	2.8176987
897	227	9	3.0841215
897	156	10	2.9328506
475	0	1	3.145039
475	201	2	3.1251938
475	242	3	3.0829883
475	243	4	3.0739431
475	622	5	3.1673675
475	2503	6	2.3882446
475	258	7	2.9863694
475	599	8	2.1418447
475	82	9	2.9620686
475	221	10	2.4128475
835	19	1	4.3916674
835	369	2	4.594365
835	485	3	4.1232624
835	495	4	4.91045
835	71	5	4.581373
835	2503	6	4.6702437
835	196	7	3.9694953
835	694	8	4.670803
835	913	9	3.725987
835	1745	10	2.8337626
413	216	1	4.6318684
413	213	2	4.025749
413	1449	3	4.206354
413	243	4	4.6668096
413	1983	5	4.63239
413	2503	6	3.9876227
413	278	7	4.183255
413	200	8	5.1213284
413	911	9	4.28541
413	479	10	4.1531434
357	216	1	5.241708
357	24	2	4.7835445
357	0	3	5.222288
357	686	4	3.3248768
357	1926	5	4.104192
357	2503	6	4.3612556
357	913	7	4.498086
357	200	8	4.415861
357	19	9	3.9383216
357	1281	10	2.4874911
385	62	1	5.0819597
385	821	2	4.888637
385	631	3	4.924094
385	3929	4	5.245798
385	72	5	5.1779156
385	2060	6	3.9020803
385	372	7	4.8970184
385	1066	8	4.8102646
385	311	9	4.7599125
385	221	10	3.3828318
632	1449	1	5.3761244
632	821	2	5.6615562
632	95	3	5.1364064
632	3929	4	5.285214
632	430	5	4.5611744
632	2060	6	4.014034
632	3072	7	4.576972
632	694	8	4.909374
632	278	9	4.5681295
632	539	10	4.1808014
539	372	1	5.3256807
539	24	2	4.761375
539	732	3	5.2588935
539	439	4	5.675277
539	71	5	4.2647038
539	216	6	5.2345724
539	200	7	4.752987
539	1794	8	6.3392487
539	485	9	4.7523127
539	19	10	4.472125
907	216	1	4.0961556
907	238	2	3.949021
907	372	3	4.085514
907	686	4	3.5729957
907	71	5	4.3923364
907	2060	6	3.1706338
907	11	7	3.6554847
907	2166	8	2.5287592
907	95	9	3.555409
907	7	10	3.5548863
402	278	1	4.108246
402	504	2	4.0572376
402	485	3	4.0970955
402	28	4	2.9073234
402	225	5	4.103936
402	1321	6	2.7546558
402	7	7	4.0868616
402	200	8	4.2461476
402	3073	9	3.7165916
402	911	10	3.0481982
123	210	1	3.7310724
123	821	2	3.605282
123	62	3	3.653009
123	936	4	3.5984416
123	622	5	3.1996694
123	2060	6	2.8541095
123	53	7	3.4559033
123	599	8	4.289798
123	372	9	3.3757372
123	911	10	2.5388288
181	641	1	3.9040155
181	201	2	4.012845
181	139	3	3.733347
181	439	4	3.491346
181	1983	5	2.9212916
181	590	6	2.18613
181	152	7	3.5707893
181	1197	8	3.089869
181	1794	9	3.7269413
181	706	10	3.2571824
132	2125	1	4.3710804
132	2576	2	3.5999823
132	4320	3	4.08556
132	901	4	3.5051703
132	4016	5	2.8430717
132	2383	6	3.6160855
132	1498	7	2.2300787
132	139	8	3.5640693
132	4769	9	2.3625069
132	161	10	3.5348868
323	372	1	5.291363
323	821	2	5.275198
323	732	3	5.0565434
323	3929	4	5.535565
323	71	5	5.3580923
323	2060	6	4.032054
323	242	7	4.9367957
323	172	8	4.348296
323	1449	9	4.848217
323	221	10	3.7293305
657	53	1	3.8073802
657	168	2	3.4291193
657	2031	3	3.6162698
657	28	4	3.022088
657	430	5	3.4019866
657	225	6	2.7259088
657	1449	7	3.5756934
657	694	8	3.1604407
657	95	9	3.5120068
657	221	10	2.326619
644	351	1	5.0345407
644	213	2	4.8828773
644	53	3	4.382192
644	3929	4	4.053732
644	71	5	5.804003
644	420	6	3.7755795
644	372	7	4.252118
644	1066	8	4.4655495
644	1449	9	4.1639714
644	539	10	3.5312817
757	485	1	4.0986977
757	369	2	5.1786227
757	242	3	4.0925674
757	3929	4	4.5714374
757	225	5	4.1950006
757	430	6	2.8024633
757	278	7	4.08034
757	200	8	3.7708611
757	221	9	3.9476724
757	7	10	3.7581027
873	351	1	3.949972
873	821	2	4.0134115
873	631	3	3.8357646
873	3929	4	3.9255872
873	1321	5	2.592329
873	2503	6	2.782689
873	515	7	3.6554337
873	694	8	3.506772
873	229	9	3.7744117
873	216	10	3.5697052
543	109	1	4.0357113
543	231	2	4.28631
543	227	3	4.032178
543	243	4	4.2603254
543	622	5	3.7279234
543	225	6	3.5568943
543	417	7	3.9403093
543	200	8	4.398663
543	1794	9	4.9152403
543	372	10	3.8898008
764	372	1	3.9743679
764	721	2	3.6095622
764	370	3	3.905526
764	28	4	2.8908238
764	1321	5	3.137091
764	2060	6	3.5500045
764	515	7	3.7984872
764	200	8	3.738044
764	221	9	4.2750354
764	485	10	3.7096457
641	216	1	4.7276945
641	231	2	4.6075563
641	641	3	4.3550386
641	3929	4	4.91073
641	72	5	3.3754706
641	2503	6	4.037915
641	501	7	4.26643
641	1066	8	3.8613951
641	948	9	4.181326
641	911	10	3.181285
236	242	1	4.2674356
236	108	2	3.9590821
236	370	3	4.0870247
236	439	4	4.2946777
236	2503	5	4.3158517
236	430	6	2.7121654
236	95	7	3.5978756
236	200	8	3.25578
236	229	9	5.2742066
236	913	10	3.5291996
697	216	1	5.0594883
697	369	2	4.641205
697	19	3	4.6973767
697	439	4	5.0379376
697	71	5	4.4184
697	2942	6	2.6234405
697	515	7	4.6213274
697	200	8	4.239484
697	911	9	4.5862017
697	485	10	4.5582776
119	95	1	3.7859414
119	431	2	2.809586
119	3718	3	3.441432
119	3273	4	3.4808533
119	55	5	2.937354
119	225	6	2.1275172
119	216	7	3.0612864
119	2166	8	2.2869387
119	3072	9	3.0038571
119	391	10	2.0067687
510	216	1	3.9578881
510	185	2	3.5527782
510	515	3	3.5122461
510	495	4	3.442236
510	1321	5	3.6123161
510	2503	6	3.2977355
510	370	7	3.4593053
510	694	8	3.55199
510	1484	9	3.6078057
510	1011	10	3.0738962
519	485	1	4.7288833
519	185	2	4.7354097
519	3929	3	6.11382
519	515	4	4.5966043
519	1926	5	4.0582995
519	2060	6	4.8894587
519	370	7	4.31598
519	694	8	5.2556505
519	95	9	4.3149853
519	911	10	4.195829
353	351	1	3.429605
353	1748	2	3.5563478
353	300	3	3.1629663
353	1137	4	3.057582
353	72	5	2.755591
353	2942	6	2.7222092
353	278	7	3.0673583
353	694	8	2.1920142
353	1626	9	2.9287739
353	229	10	2.5102577
300	139	1	4.0058985
300	1697	2	3.0038488
300	1139	3	3.598995
300	28	4	3.2415702
300	1161	5	3.0587177
300	2503	6	3.1063657
300	216	7	3.285771
300	599	8	3.5576298
300	391	9	3.901653
300	196	10	3.1695766
297	271	1	4.1413755
297	1697	2	3.8639684
297	702	3	4.1238875
297	944	4	3.6414926
297	2503	5	3.7903528
297	622	6	2.7013402
297	753	7	4.0487976
297	2502	8	3.5203867
297	3718	9	3.9614902
297	43	10	3.7657776
375	152	1	5.573435
375	213	2	5.069167
375	631	3	5.1053925
375	3929	4	4.209921
375	55	5	3.6715155
375	225	6	3.8907971
375	732	7	4.813239
375	1066	8	4.7300577
375	351	9	4.7841673
375	43	10	5.8985143
901	515	1	3.0900607
901	884	2	2.5512443
901	29	3	3.0331078
901	1133	4	2.9221961
901	1926	5	2.681816
901	3286	6	2.069064
901	417	7	2.7558966
901	3281	8	2.2176826
901	258	9	2.7292972
901	539	10	2.550953
200	196	1	3.635048
200	721	2	4.3548126
200	920	3	3.5036943
200	439	4	3.8841398
200	2503	5	4.86696
200	430	6	3.6968544
200	3073	7	3.441849
200	200	8	3.7602954
200	1794	9	5.4985
200	1693	10	3.319479
71	1449	1	4.577978
71	213	2	3.9550147
71	278	3	4.3981876
71	320	4	4.6347055
71	1321	5	3.7991476
71	225	6	4.0672374
71	62	7	4.244963
71	47	8	3.7153015
71	391	9	4.7152743
71	227	10	4.200635
917	514	1	3.23705
917	488	2	3.081194
917	439	3	4.662184
917	19	4	3.1199803
917	1926	5	3.240271
917	2503	6	3.6144888
917	7	7	3.1026301
917	200	8	3.6380262
917	475	9	2.6695027
917	1281	10	2.2929962
653	242	1	4.34221
653	108	2	3.864784
653	370	3	4.2800922
653	686	4	3.8466945
653	2503	5	5.2427535
653	1321	6	4.099765
653	196	7	3.9719224
653	200	8	4.989331
653	911	9	4.3764553
653	95	10	3.9209452
623	351	1	4.8180428
623	231	2	3.836073
623	152	3	4.3866243
623	28	4	4.234494
623	2800	5	4.3546276
623	2060	6	2.8541856
623	19	7	4.088812
623	1066	8	3.0321445
623	1794	9	5.6854563
623	161	10	4.060666
893	62	1	5.012732
893	821	2	4.7415795
893	372	3	4.658092
893	3929	4	4.9226837
893	71	5	3.9500196
893	2060	6	3.663045
893	631	7	4.423434
893	1066	8	4.5674863
893	732	9	4.3700695
893	221	10	3.467958
75	1139	1	4.2300043
75	1697	2	3.9552991
75	3090	3	4.0476375
75	28	4	3.9197645
75	2503	5	4.4421997
75	622	6	3.5777674
75	161	7	3.8836532
75	14	8	3.1094193
75	152	9	3.8282585
75	654	10	3.6999316
442	139	1	4.88056
442	1526	2	5.009359
442	3251	3	4.5798798
442	147	4	5.563044
442	1161	5	3.6393454
442	2503	6	3.4446297
442	196	7	4.0889893
442	599	8	3.9799275
442	391	9	4.1206775
442	702	10	4.030429
734	1693	1	4.806228
734	213	2	5.1133447
734	372	3	4.6527314
734	439	4	5.01197
734	1926	5	3.4066644
734	225	6	4.0546923
734	1449	7	4.386718
734	1066	8	4.6521835
734	706	9	4.243408
734	221	10	3.2711926
680	732	1	5.003089
680	369	2	3.8890953
680	0	3	4.672529
680	495	4	4.5956964
680	71	5	3.8618972
680	2060	6	4.5480165
680	216	7	4.5680304
680	172	8	2.8609147
680	372	9	4.5495644
680	1745	10	3.7711935
188	278	1	5.070773
188	821	2	5.7545238
188	515	3	4.3274374
188	3929	4	5.5188074
188	430	5	4.733388
188	2060	6	4.3977394
188	485	7	4.2853885
188	200	8	5.483907
188	221	9	4.6065454
188	215	10	3.877459
783	215	1	3.9268067
783	529	2	3.9450395
783	1688	3	3.7677262
783	58	4	3.3387532
783	1315	5	3.051155
783	688	6	3.743321
783	1025	7	3.335761
783	1578	8	3.677263
783	229	9	3.6514902
783	805	10	3.609118
925	62	1	4.8744407
925	821	2	4.9798193
925	278	3	4.7845907
925	495	4	3.4680705
925	1321	5	4.6125455
925	225	6	4.8126907
925	1449	7	4.771515
925	200	8	3.9777195
925	1794	9	5.245409
925	515	10	4.5296373
126	3075	1	4.1603403
126	721	2	5.25992
126	3074	3	4.022747
126	3929	4	4.5745625
126	430	5	4.9071608
126	420	6	3.1210876
126	515	7	3.9708126
126	200	8	5.3739843
126	53	9	3.8783035
126	911	10	2.7437046
628	351	1	5.6944976
628	821	2	5.0747957
628	1449	3	4.8089004
628	3929	4	4.5453367
628	430	5	4.895888
628	2060	6	3.3940868
628	372	7	4.74138
628	694	8	4.5041065
628	53	9	4.1354437
628	221	10	3.6526446
399	216	1	4.0541897
399	24	2	4.32973
399	372	3	3.9226906
399	495	4	4.3445454
399	71	5	3.7358975
399	2060	6	3.9539824
399	485	7	3.7827866
399	694	8	4.4016757
399	1794	9	4.4724607
399	29	10	3.2709062
12	152	1	4.847226
12	213	2	4.255018
12	641	3	4.7141457
12	439	4	4.9639597
12	72	5	4.8069816
12	590	6	3.6339803
12	351	7	4.4736238
12	1066	8	3.3779287
12	139	9	4.304062
12	539	10	4.1286182
671	351	1	4.4570827
671	821	2	4.5808682
671	278	3	4.139536
671	3275	4	3.4282033
671	430	5	3.4294355
671	225	6	3.8983176
671	82	7	3.873094
671	694	8	4.4177446
671	372	9	3.8156145
671	221	10	3.7476315
713	913	1	3.4702065
713	488	2	3.4600587
713	439	3	4.864969
713	95	4	3.465211
713	2060	5	4.656461
713	430	6	2.7987187
713	63	7	3.1813664
713	172	8	3.424058
713	911	9	4.2602882
713	1701	10	3.1684585
69	3820	1	2.7332728
69	1531	2	2.6014755
69	1146	3	2.5209408
69	1137	4	2.155835
69	305	5	2.517771
69	1321	6	1.8670969
69	152	7	2.4375765
69	599	8	2.1554427
69	117	9	2.382385
69	391	10	1.921462
782	77	1	4.169293
782	2550	2	3.6456165
782	4021	3	4.0034914
782	3929	4	2.8671036
782	1161	5	3.164596
782	420	6	2.320414
782	139	7	3.9351487
782	1197	8	4.662016
782	4020	9	3.9233348
782	43	10	3.690495
535	11	1	4.7165384
535	108	2	4.099532
535	196	3	4.5389485
535	147	4	2.7498434
535	1926	5	4.5778933
535	2060	6	5.2883196
535	242	7	4.4623356
535	694	8	5.264475
535	53	9	4.3340664
535	1745	10	2.6516845
2	351	1	4.723394
2	821	2	4.793441
2	62	3	4.5216074
2	495	4	3.5837483
2	71	5	3.1367185
2	2942	6	3.071416
2	370	7	4.4938016
2	694	8	3.822115
2	311	9	4.4028955
2	229	10	3.7407317
45	152	1	5.2158084
45	721	2	4.851205
45	62	3	5.0692015
45	686	4	4.0913363
45	55	5	3.5961776
45	225	6	3.7007384
45	631	7	4.7199683
45	200	8	4.3427887
45	732	9	4.6166
45	221	10	3.3295522
677	682	1	4.1445355
677	2576	2	3.6327438
677	479	3	4.1008415
677	408	4	2.736271
677	620	5	4.185148
677	580	6	3.8077693
677	16	7	2.4872572
677	798	8	3.7351975
677	579	9	3.5771632
677	641	10	3.5671632
565	913	1	3.8881137
565	369	2	3.9414625
565	1466	3	3.4287286
565	495	4	4.439246
565	71	5	3.9550416
565	2503	6	3.8190327
565	728	7	3.289775
565	200	8	3.5771577
565	1745	9	3.512232
565	1238	10	3.2194674
177	1449	1	4.960225
177	821	2	5.132019
177	278	3	4.4101
177	3929	4	4.8475666
177	430	5	4.6632133
177	2060	6	3.6966562
177	3075	7	4.1458893
177	1066	8	5.3473167
177	7	9	4.130083
177	221	10	4.059888
864	682	1	4.8746495
864	860	2	4.3528137
864	216	3	4.608405
864	147	4	4.8710175
864	2800	5	3.618343
864	2503	6	3.8907733
864	196	7	4.3538594
864	363	8	2.7981982
864	1794	9	4.714707
864	139	10	4.0798416
82	372	1	5.3996525
82	821	2	6.100341
82	278	3	5.1842675
82	28	4	3.0261009
82	1321	5	3.8787441
82	2060	6	4.6451178
82	242	7	5.0588403
82	200	8	4.8507757
82	485	9	4.7623506
82	911	10	4.0297174
337	242	1	4.649873
337	2108	2	3.874817
337	95	3	3.9677815
337	936	4	2.8396685
337	1926	5	3.6665726
337	2060	6	2.865462
337	682	7	3.7416363
337	694	8	4.1413045
337	3073	9	3.6917834
337	479	10	3.643609
318	631	1	4.607108
318	213	2	4.4358244
318	152	3	4.3307786
318	28	4	3.7052128
318	55	5	4.852513
318	420	6	4.6692476
318	84	7	4.1780353
318	1066	8	3.1551332
318	1893	9	3.9639256
318	156	10	3.6955893
537	53	1	4.215208
537	185	2	4.5438647
537	3073	3	3.8090787
537	686	4	4.054677
537	1926	5	4.0107694
537	2060	6	4.598014
537	82	7	3.6992955
537	200	8	5.544362
537	221	9	4.635213
537	3072	10	3.6990547
525	95	1	4.1293745
525	238	2	4.6406183
525	485	3	3.9542577
525	3929	4	4.6802053
525	225	5	4.5625525
525	430	6	3.6203942
525	7	7	3.9236465
525	200	8	3.8076909
525	1701	9	3.649841
525	911	10	2.7702975
766	82	1	3.7144232
766	431	2	4.0477476
766	515	3	3.6295867
766	3275	4	3.564365
766	225	5	4.4075975
766	55	6	3.3088841
766	680	7	3.5822272
766	172	8	4.1866345
766	920	9	3.4401746
766	911	10	2.6128364
581	1449	1	4.598398
581	821	2	4.757452
581	372	3	4.415327
581	3929	4	5.492573
581	72	5	4.488064
581	225	6	3.9778912
581	216	7	4.201635
581	200	8	4.0472927
581	631	9	4.0226064
581	911	10	3.9054627
684	706	1	3.784329
684	431	2	4.030909
684	95	3	3.7529573
684	495	4	3.6172829
684	1149	5	3.1027465
684	1315	6	3.345711
684	823	7	3.4125109
684	172	8	3.6087813
684	1368	9	3.3821363
684	1794	10	2.2304513
900	3718	1	5.2802296
900	231	2	3.9764898
900	351	3	4.963488
900	243	4	4.492933
900	622	5	4.577297
900	2060	6	2.7414188
900	501	7	4.703929
900	1066	8	3.1551685
900	152	9	4.6069355
900	43	10	5.234494
659	152	1	4.2830725
659	173	2	3.8332882
659	351	3	4.219524
659	439	4	4.563641
659	622	5	3.1899126
659	2503	6	3.2031374
659	84	7	4.071091
659	1197	8	4.0024414
659	1794	9	3.9945474
659	417	10	3.6787024
311	682	1	4.408582
311	821	2	3.7627668
311	152	3	4.231174
311	147	4	4.1569247
311	620	5	4.2018585
311	2060	6	2.5577447
311	196	7	4.079747
311	1066	8	3.2833865
311	62	9	3.7248318
311	221	10	2.1885595
829	372	1	4.482222
829	369	2	3.7533402
829	631	3	3.9824743
829	243	4	5.1232147
829	71	5	3.1543312
829	2060	6	3.8999379
829	278	7	3.9011288
829	1197	8	4.2951813
829	732	9	3.8791227
829	1484	10	3.1303587
227	242	1	4.4626684
227	238	2	4.3039155
227	7	3	4.226887
227	686	4	4.116938
227	2503	5	5.2491713
227	1926	6	4.0172796
227	95	7	4.035059
227	172	8	3.7320414
227	911	9	5.07707
227	196	10	4.015908
595	216	1	4.68342
595	369	2	4.2111087
595	913	3	4.078515
595	439	4	4.7837853
595	71	5	4.2412386
595	2503	6	3.6731994
595	19	7	3.6512492
595	200	8	3.8902643
595	1794	9	5.5709953
595	1466	10	3.5167596
911	196	1	3.8742728
911	238	2	4.0814834
911	242	3	3.8509207
911	439	4	4.9043236
911	1321	5	3.5780613
911	420	6	2.435006
911	53	7	3.496799
911	694	8	4.075318
911	221	9	4.0578346
911	95	10	3.430031
716	515	1	4.61934
716	185	2	4.59383
716	95	3	4.1925173
716	686	4	4.2292137
716	2060	5	4.9491577
716	1926	6	3.8100433
716	370	7	4.1897078
716	694	8	5.2939906
716	221	9	4.7049494
716	196	10	4.159799
341	53	1	5.532699
341	821	2	5.09321
341	62	3	5.2024307
341	936	4	4.363856
341	620	5	4.812913
341	2503	6	5.32038
341	372	7	4.988986
341	1197	8	5.5304065
341	0	9	4.946642
341	221	10	3.7013814
62	227	1	4.2387247
62	2108	2	4.6625094
62	152	3	4.061973
62	28	4	4.577029
62	1926	5	3.654479
62	935	6	2.870519
62	1368	7	3.9737728
62	1197	8	3.521356
62	1794	9	4.2957354
62	1410	10	3.7508013
843	2125	1	3.8867822
843	860	2	4.473823
843	3090	3	3.5719635
843	3929	4	3.067885
843	2800	5	3.7560282
843	2060	6	2.327932
843	216	7	3.4817944
843	2502	8	2.2985127
843	351	9	3.4782598
843	43	10	3.2716618
571	278	1	4.5276914
571	185	2	3.9642987
571	95	3	4.19899
571	3275	4	2.665842
571	1926	5	4.0090427
571	2060	6	4.216909
571	485	7	4.145659
571	694	8	4.629821
571	53	9	4.13134
571	221	10	4.0485206
292	258	1	4.820095
292	213	2	5.346337
292	372	3	4.7684097
292	439	4	4.3798075
292	71	5	3.8106794
292	2942	6	3.5422432
292	0	7	4.5845933
292	200	8	3.2722926
292	1794	9	5.0821743
292	3718	10	4.5157576
18	3072	1	4.7064204
18	201	2	4.656415
18	278	3	4.6378603
18	28	4	3.8643873
18	430	5	4.6092887
18	2060	6	3.9170747
18	82	7	4.615391
18	172	8	4.8889494
18	53	9	4.3865137
18	221	10	4.206032
465	4017	1	4.183152
465	168	2	3.7377572
465	109	3	4.0559897
465	936	4	3.6093774
465	430	5	3.322431
465	673	6	2.089244
465	672	7	3.94295
465	1066	8	2.331905
465	139	9	3.8889942
465	43	10	4.0040956
538	161	1	3.7435114
538	2550	2	4.458949
538	271	3	3.704209
538	944	4	3.4838314
538	620	5	5.209257
538	2503	6	2.7131073
538	2390	7	3.4967637
538	599	8	3.6639524
538	391	9	4.005676
538	753	10	3.3952904
885	152	1	5.4275146
885	24	2	4.5505505
885	351	3	5.3501725
885	28	4	5.170847
885	71	5	5.1078005
885	225	6	3.0755246
885	84	7	5.1506057
885	1066	8	4.0311604
885	539	9	5.524681
885	62	10	4.8017273
663	1854	1	4.594248
663	1761	2	3.5646987
663	2125	3	4.347494
663	147	4	4.8153534
663	2800	5	4.0907407
663	948	6	4.336763
663	1199	7	2.8214102
663	501	8	3.9986792
663	43	9	4.4027553
663	351	10	3.8028202
147	351	1	5.2149267
147	238	2	4.0577726
147	682	3	4.9669456
147	320	4	4.59787
147	4016	5	4.1293554
147	420	6	3.12649
147	139	7	4.7967267
147	172	8	3.2802064
147	0	9	4.75858
147	84	10	4.6389847
748	242	1	4.4196715
748	108	2	3.9163728
748	196	3	4.1434407
748	686	4	3.8445144
748	2060	5	4.5816
748	1926	6	3.5935757
748	515	7	4.058385
748	172	8	3.6983721
748	95	9	4.00062
748	539	10	3.7954946
308	29	1	3.3282652
308	369	2	3.3435695
308	11	3	2.903146
308	1225	4	2.3261871
308	2060	5	3.4540548
308	1926	6	2.35759
308	196	7	2.819583
308	694	8	4.0242777
308	1794	9	4.0395174
308	874	10	2.8072243
484	227	1	5.2697477
484	231	2	5.1695294
484	219	3	5.0092783
484	243	4	5.424736
484	622	5	4.932164
484	2503	6	4.48003
484	216	7	4.9457197
484	1066	8	5.4199333
484	1794	9	6.0440836
484	3718	10	4.942944
564	227	1	2.9396844
564	3781	2	2.6803074
564	62	3	2.9233477
564	3273	4	2.6692195
564	71	5	3.461044
564	420	6	2.2206337
564	631	7	2.8349524
564	1732	8	1.9138591
564	372	9	2.7529788
564	1794	10	2.6989095
322	672	1	4.0329204
322	369	2	3.9519143
322	479	3	3.8299513
322	147	4	3.2876716
322	620	5	3.312158
322	590	6	2.718204
322	95	7	3.810831
322	1595	8	3.0179572
322	1794	9	3.6173944
322	242	10	3.626133
801	732	1	4.6236353
801	24	2	3.984928
801	631	3	4.5602517
801	439	4	4.375098
801	2060	5	4.7403936
801	71	6	3.6691222
801	372	7	4.420059
801	694	8	4.375244
801	221	9	4.414403
801	515	10	4.3655834
664	372	1	4.954468
664	24	2	3.9730868
664	732	3	4.847984
664	439	4	4.847685
664	225	5	5.0986238
664	1926	6	3.577458
664	3718	7	4.7316113
664	200	8	3.4830966
664	1794	9	5.563612
664	258	10	4.5338697
209	672	1	3.7157314
209	369	2	4.058447
209	109	3	3.5714104
209	495	4	3.6235375
209	72	5	3.852819
209	225	6	2.7607627
209	210	7	3.4554496
209	1066	8	3.6081436
209	242	9	3.2951689
209	1484	10	2.366547
37	139	1	3.4342515
37	529	2	3.0629387
37	353	3	3.3693032
37	1014	4	2.6320167
37	55	5	2.8234365
37	935	6	2.7239823
37	914	7	3.3022604
37	1025	8	3.313908
37	49	9	3.2806656
37	391	10	2.0961213
307	53	1	3.1458824
307	213	2	3.3950374
307	3929	3	4.2899323
307	672	4	3.1050444
307	1983	5	3.024098
307	2060	6	3.525774
307	210	7	3.010254
307	1066	8	3.4495366
307	109	9	2.898907
307	221	10	2.608078
338	227	1	3.9659874
338	529	2	4.073122
338	914	3	3.696463
338	2760	4	3.7262917
338	420	5	4.7694483
338	1688	6	3.653295
338	1732	7	2.9672275
338	805	8	3.6278744
338	156	9	3.3597488
338	688	10	3.5889544
585	632	1	4.477168
585	24	2	3.9778848
585	50	3	4.250658
585	1014	4	2.990559
585	2216	5	4.9055443
585	420	6	3.9133434
585	215	7	4.247053
585	1025	8	3.1552012
585	90	9	4.1817923
585	156	10	3.8004274
358	372	1	4.7632284
358	213	2	4.8633604
358	196	3	4.149787
358	439	4	4.27151
358	430	5	4.285039
358	2060	6	3.1224957
358	278	7	3.878653
358	200	8	4.474249
358	485	9	3.5748692
358	539	10	2.5638409
193	3251	1	4.2519016
193	2550	2	4.470895
193	439	3	5.6662784
193	1139	4	3.9116719
193	1161	5	3.4631767
193	2503	6	3.0470457
193	161	7	3.8608735
193	2502	8	2.7303686
193	391	9	4.3518047
193	196	10	3.7238636
53	2125	1	5.1168427
53	1526	2	4.701395
53	641	3	4.5486827
53	439	4	3.937624
53	620	5	4.5862617
53	682	6	4.314934
53	47	7	3.0707002
53	479	8	4.292105
53	1794	9	2.6994214
53	2449	10	4.206028
553	1011	1	4.0048103
553	369	2	4.5520496
553	7	3	3.7918572
553	686	4	3.6338854
553	71	5	4.358296
553	2503	6	3.8987536
553	19	7	3.7841012
553	200	8	3.6298237
553	911	9	4.9036026
553	242	10	3.4394155
108	95	1	4.3627005
108	821	2	5.2264624
108	7	3	3.8369398
108	3275	4	2.930534
108	225	5	4.10781
108	1321	6	2.7301455
108	196	7	3.7641559
108	200	8	4.043166
108	221	9	4.061768
108	82	10	3.7525883
732	311	1	4.636789
732	24	2	3.221572
732	631	3	4.270003
732	243	4	4.928956
732	1926	5	3.1902933
732	2503	6	3.0820785
732	3718	7	3.915358
732	694	8	3.5910158
732	1794	9	4.57352
732	372	10	3.912337
694	485	1	3.426599
694	185	2	3.0800982
694	3072	3	3.3814716
694	3929	4	3.6159973
694	71	5	4.681488
694	225	6	2.8558009
694	278	7	3.1918383
694	172	8	3.9298263
694	539	9	3.1471438
694	515	10	3.0421867
44	95	1	4.6993227
44	1526	2	3.7910514
44	4021	3	4.365863
44	147	4	4.035941
44	4016	5	4.724564
44	935	6	3.1275635
44	682	7	4.184736
44	172	8	4.31397
44	1794	9	5.1377015
44	227	10	4.099889
593	216	1	4.1885867
593	1761	2	4.095464
593	196	3	3.912311
593	28	4	3.4093938
593	4016	5	3.6023848
593	2503	6	3.7838233
593	351	7	3.8901258
593	2502	8	2.7374258
593	1794	9	4.8057847
593	3718	10	3.8335207
393	682	1	4.7991247
393	2110	2	4.6939936
393	501	3	4.4881763
393	147	4	4.487925
393	2800	5	3.9299867
393	2503	6	2.7269778
393	641	7	4.192828
393	599	8	3.511795
393	391	9	3.7609925
393	3251	10	3.5865805
570	152	1	3.797887
570	860	2	2.9592736
570	139	3	3.2898269
570	147	4	3.7193851
570	620	5	3.3891277
570	420	6	2.2700949
570	479	7	3.2319565
570	1066	8	2.44726
570	1410	9	2.9968495
570	43	10	3.7545066
295	914	1	4.414942
295	1171	2	4.169047
295	139	3	4.022843
295	2760	4	3.9498756
295	1926	5	2.8171124
295	935	6	3.4863226
295	1893	7	3.9383
295	1025	8	3.687821
295	1410	9	3.9373627
295	1794	10	3.392668
720	258	1	4.803813
720	24	2	3.9640427
720	3718	3	4.6598377
720	495	4	4.255718
720	71	5	3.6336055
720	2503	6	3.6629834
720	372	7	4.6419525
720	200	8	3.9722726
720	229	9	5.6262226
720	732	10	4.6264796
889	242	1	4.5940976
889	201	2	3.5139
889	95	3	4.1306086
889	3275	4	2.5811176
889	2503	5	4.7500753
889	430	6	3.5394928
889	485	7	3.9124446
889	200	8	4.2375016
889	196	9	3.9083295
889	221	10	3.7752447
325	139	1	4.4708643
325	1582	2	3.5033379
325	216	3	4.407783
325	28	4	3.5612273
325	1161	5	3.5812263
325	2503	6	3.8212805
325	3718	7	4.258477
325	1199	8	2.9951727
325	196	9	4.1045837
325	351	10	3.9967275
121	682	1	4.8594036
121	1526	2	4.37686
121	2125	3	4.6140823
121	901	4	3.4114194
121	2800	5	4.410017
121	641	6	4.5118036
121	47	7	3.7329545
121	479	8	4.4452477
121	391	9	3.6143591
121	161	10	4.4322443
798	19	1	5.048193
798	369	2	4.8943167
798	196	3	4.3620977
798	495	4	4.862078
798	71	5	4.2949634
798	225	6	4.4867735
798	53	7	4.2560205
798	694	8	4.255376
798	539	9	4.5086746
798	485	10	4.053911
470	152	1	4.915033
470	213	2	4.455095
470	631	3	4.8221984
470	439	4	3.5501332
470	55	5	3.8318589
470	225	6	3.3442628
470	732	7	4.4073634
470	1066	8	3.9440174
470	1794	9	4.3957376
470	311	10	4.249028
526	84	1	4.7951107
526	369	2	3.8943715
526	227	3	4.611539
526	3929	4	4.196646
526	620	5	3.682868
526	225	6	3.0479927
526	196	7	4.283497
526	1066	8	4.1156588
526	539	9	4.4094434
526	62	10	4.1672473
562	372	1	4.787855
562	213	2	5.2613945
562	1449	3	4.6011314
562	3929	4	4.554442
562	55	5	3.2463353
562	225	6	4.032956
562	3074	7	4.1516666
562	694	8	4.3477554
562	278	9	3.9820962
562	539	10	3.8797503
151	49	1	3.8362203
151	201	2	3.9781656
151	204	3	3.7706492
151	28	4	3.7463248
151	1983	5	3.5783627
151	935	6	3.2672133
151	95	7	3.7477567
151	1197	8	3.549417
151	139	9	3.7333117
151	1794	10	3.350347
752	311	1	4.418999
752	213	2	4.1535416
752	216	3	4.2229185
752	495	4	3.5811224
752	1926	5	3.8113723
752	225	6	4.296358
752	631	7	4.1361947
752	200	8	4.4432826
752	370	9	3.8737476
752	221	10	3.8084471
586	152	1	4.3592653
586	821	2	3.5651064
586	216	3	4.2041626
586	147	4	3.9739738
586	4016	5	3.5160935
586	2503	6	3.768752
586	4021	7	4.1869955
586	1066	8	3.3993301
586	641	9	3.8540716
586	911	10	2.9054546
651	805	1	4.058603
651	529	2	3.5535624
651	109	3	4.0123434
651	936	4	4.3750315
651	1983	5	3.8172348
651	935	6	3.2087572
651	672	7	3.89192
651	1732	8	2.9882464
651	1082	9	3.8073606
651	156	10	3.688325
691	456	1	3.8706179
691	1748	2	3.7575326
691	843	3	3.5126328
691	439	4	4.8118277
691	1321	5	3.4734464
691	2942	6	2.5686996
691	417	7	3.5069203
691	1197	8	3.5940008
691	1794	9	4.453972
691	210	10	3.498592
