user_id	item_id	rank	score
1	0	1	6.3436337
1	510	2	5.8745527
1	1112	3	5.675885
1	3273	4	5.585124
1	1359	5	5.3049088
1	172	6	5.29688
1	44	7	5.288425
1	1594	8	5.270344
1	80	9	5.262125
1	1672	10	5.2386184
2	510	1	5.4681244
2	1112	2	5.3125606
2	3781	3	5.16123
2	1359	4	5.061401
2	1594	5	5.0554166
2	44	6	4.960858
2	80	7	4.871313
2	4020	8	4.866375
2	172	9	4.8434443
2	109	10	4.767768
3	3017	1	4.186718
3	4	2	4.0873075
3	1114	3	3.937506
3	1701	4	3.9351227
3	692	5	3.7815926
3	1332	6	3.7081137
3	945	7	3.6797526
3	1693	8	3.5765483
3	913	9	3.529973
3	515	10	3.5059776
4	3795	1	4.246042
4	1263	2	3.8867536
4	530	3	3.587635
4	914	4	3.516831
4	1926	5	3.5026598
4	2217	6	3.4784212
4	1511	7	3.091548
4	147	8	2.883044
4	1139	9	2.8494794
4	1058	10	2.8099036
5	1411	1	4.5826187
5	192	2	4.3430796
5	1648	3	3.9618268
5	489	4	3.8538878
5	982	5	3.662842
5	1114	6	3.4763865
5	1313	7	3.3590407
5	2576	8	3.3546925
5	1023	9	3.296873
5	534	10	3.2408645
6	3795	1	3.96571
6	2217	2	3.2449367
6	1926	3	2.854432
6	848	4	2.5233228
6	1139	5	2.4160175
6	1058	6	2.4097536
6	1156	7	2.3419242
6	1755	8	2.3219059
6	96	9	2.2547615
6	625	10	2.2189407
7	3075	1	3.9582942
7	24	2	3.8378377
7	1689	3	3.830869
7	485	4	3.7174816
7	73	5	3.6838727
7	125	6	3.4374902
7	19	7	3.3973694
7	732	8	3.26081
7	213	9	3.246889
7	391	10	3.2401648
8	77	1	3.2484262
8	4021	2	3.0545464
8	985	3	3.0228522
8	1983	4	2.7774453
8	632	5	2.6943161
8	389	6	2.559816
8	1250	7	2.400135
8	694	8	2.367526
8	191	9	2.3487313
8	860	10	2.3482113
9	1112	1	5.8768334
9	510	2	5.868382
9	1341	3	5.7471514
9	77	4	5.610704
9	3781	5	5.5454617
9	4021	6	5.45045
9	1359	7	5.4027233
9	1983	8	5.358876
9	44	9	5.223407
9	172	10	5.190733
11	3795	1	4.8371377
11	3307	2	4.3693786
11	914	3	4.139597
11	2217	4	3.8957205
11	1263	5	3.837455
11	1926	6	3.6866102
11	530	7	3.6622953
11	1511	8	3.5795145
11	277	9	3.5699248
11	1139	10	2.9598818
12	277	1	3.2049193
12	1139	2	3.1985536
12	1854	3	3.1888819
12	147	4	3.036789
12	141	5	2.991122
12	1129	6	2.9794536
12	1083	7	2.832511
12	948	8	2.8022423
12	798	9	2.6773136
12	161	10	2.6440885
14	4	1	4.8903365
14	149	2	4.805645
14	185	3	4.602347
14	1701	4	4.508298
14	3017	5	4.272398
14	1114	6	4.2232356
14	1693	7	4.2164497
14	913	8	4.2002935
14	515	9	4.148904
14	1016	10	3.9986439
15	3017	1	4.0577874
15	1114	2	4.035986
15	1016	3	3.8809776
15	1332	4	3.5668278
15	692	5	3.4812655
15	1689	6	3.3267848
15	2449	7	3.124239
15	4016	8	3.006688
15	1843	9	2.7761815
15	14	10	2.765922
16	3307	1	3.7005372
16	914	2	3.4005864
16	2217	3	3.3768325
16	1926	4	2.9155173
16	1511	5	2.8362927
16	96	6	2.8225224
16	848	7	2.6879904
16	1156	8	2.5922475
16	1681	9	2.496776
16	90	10	2.464147
17	192	1	4.929189
17	1411	2	4.906371
17	1648	3	4.421711
17	489	4	4.2794795
17	1114	5	3.9360635
17	2576	6	3.931883
17	3017	7	3.845533
17	580	8	3.6434066
17	1016	9	3.543284
17	201	10	3.5287755
18	3307	1	4.09245
18	914	2	3.5889785
18	1263	3	3.3592794
18	1139	4	3.328101
18	530	5	3.3259525
18	1854	6	3.308799
18	2217	7	3.293954
18	147	8	3.2603118
18	1511	9	3.1432633
18	141	10	3.0705357
19	515	1	3.3351526
19	913	2	3.2446947
19	627	3	3.0065432
19	386	4	2.9552703
19	1768	5	2.9503245
19	381	6	2.9442065
19	558	7	2.9083724
19	920	8	2.9048746
19	2965	9	2.892433
19	934	10	2.7696369
20	982	1	3.063898
20	201	2	3.0540347
20	934	3	3.0036366
20	1526	4	2.9479892
20	4016	5	2.9452076
20	381	6	2.89047
20	379	7	2.8418074
20	1313	8	2.8000102
20	125	9	2.7964067
20	2965	10	2.7468002
21	58	1	5.0381913
21	50	2	4.9285154
21	1066	3	4.7454023
21	3273	4	4.7249155
21	806	5	4.634051
21	353	6	4.6220236
21	1091	7	4.583947
21	1112	8	4.562392
21	510	9	4.507743
21	1341	10	4.4703107
22	3307	1	3.5481036
22	1926	2	3.4650097
22	985	3	3.1944427
22	914	4	2.9756656
22	530	5	2.8923087
22	2217	6	2.8472543
22	1511	7	2.754177
22	1083	8	2.6782985
22	1263	9	2.6747131
22	147	10	2.653025
23	485	1	4.287808
23	369	2	4.2267466
23	24	3	4.0494804
23	73	4	3.8970232
23	213	5	3.6369107
23	3017	6	3.625908
23	391	7	3.608191
23	732	8	3.5987363
23	1114	9	3.5767527
23	2576	10	3.4897604
24	389	1	4.4972887
24	985	2	4.0509
24	2125	3	3.87877
24	2217	4	3.7663374
24	1511	5	3.6649356
24	3251	6	3.5660157
24	1263	7	3.3187346
24	530	8	3.1868124
24	277	9	3.0314534
24	90	10	2.9809
25	3307	1	3.7559595
25	985	2	3.5175614
25	1263	3	3.2358017
25	2217	4	3.1666918
25	1511	5	3.0649137
25	530	6	3.0592206
25	1926	7	2.9880362
25	277	8	2.9049253
25	252	9	2.5328717
25	90	10	2.4440536
26	1511	1	2.781447
26	1926	2	2.4426408
26	367	3	2.4135518
26	2440	4	2.162405
26	1137	5	2.0979228
26	625	6	2.0942118
26	671	7	2.0547647
26	1238	8	2.0378761
26	1133	9	2.0025973
26	147	10	1.9925103
27	993	1	4.8245745
27	389	2	4.3382893
27	860	3	4.0898867
27	985	4	4.019641
27	3795	5	4.0174475
27	3307	6	3.7080555
27	2125	7	3.603104
27	1263	8	3.4705484
27	914	9	3.421782
27	2217	10	3.3854697
28	3781	1	5.607774
28	44	2	5.388568
28	172	3	5.2964506
28	80	4	5.169751
28	1983	5	5.1575875
28	4021	6	5.139269
28	993	7	4.9969006
28	41	8	4.6779976
28	389	9	4.6492953
28	860	10	4.532653
29	2125	1	4.0702124
29	3251	2	3.817135
29	3795	3	3.754203
29	914	4	3.51579
29	2217	5	3.2240703
29	1926	6	3.1715713
29	1511	7	2.9286668
29	90	8	2.619128
29	96	9	2.6028934
29	848	10	2.600714
30	732	1	3.901329
30	692	2	3.8688054
30	391	3	3.7399452
30	4	4	3.719594
30	149	5	3.6988282
30	1701	6	3.5623512
30	304	7	3.4305067
30	1689	8	3.4212196
30	185	9	3.3462806
30	14	10	3.3449955
31	1114	1	3.588919
31	3017	2	3.556183
31	201	3	3.3959298
31	945	4	3.0787563
31	1332	5	3.0600166
31	1313	6	2.8475623
31	1023	7	2.8037443
31	1388	8	2.799536
31	7	9	2.773941
31	431	10	2.741768
32	3795	1	4.5958705
32	3307	2	4.308105
32	914	3	3.8064373
32	1263	4	3.640411
32	2217	5	3.5998874
32	1926	6	3.596727
32	530	7	3.5020754
32	1511	8	3.3656263
32	277	9	3.3121145
32	147	10	2.99265
33	389	1	3.134836
33	860	2	3.043371
33	914	3	2.7702303
33	2217	4	2.7536492
33	2125	5	2.4014482
33	3251	6	2.3116171
33	848	7	2.3009903
33	3795	8	2.2717857
33	336	9	2.1649523
33	1755	10	2.1177995
34	1868	1	5.1941533
34	2628	2	5.1182823
34	1910	3	4.9960394
34	383	4	4.956425
34	1697	5	4.9460254
34	264	6	4.847232
34	1313	7	4.8247423
34	1023	8	4.78701
34	7	9	4.742812
34	1411	10	4.6519527
35	993	1	4.873783
35	3795	2	4.5441823
35	322	3	4.5176363
35	41	4	4.408375
35	45	5	4.311674
35	3307	6	3.91643
35	985	7	3.906987
35	914	8	3.4405932
35	141	9	3.395759
35	1263	10	3.3683834
36	4021	1	3.7685308
36	1983	2	3.5544162
36	389	3	3.2624598
36	860	4	3.2118492
36	848	5	2.7915394
36	1633	6	2.587957
36	191	7	2.4510322
36	937	8	2.3543358
36	2125	9	2.3469625
36	1755	10	2.2746944
37	1594	1	3.7319689
37	993	2	3.665812
37	4029	3	3.6379473
37	109	4	3.6279905
37	4020	5	3.5637121
37	3307	6	3.4542537
37	77	7	3.4293957
37	4021	8	3.1407175
37	1983	9	3.0222373
37	1148	10	2.9549308
38	985	1	2.994705
38	1893	2	2.6626432
38	1029	3	2.4994395
38	677	4	2.458013
38	1263	5	2.4047434
38	3251	6	2.3492131
38	1156	7	2.3353016
38	530	8	2.2980876
38	2036	9	2.232763
38	1406	10	2.1656172
39	3017	1	3.4260626
39	1016	2	3.2051115
39	2965	3	2.8592794
39	515	4	2.7927325
39	1114	5	2.7763703
39	304	6	2.6910658
39	1539	7	2.6363795
39	4016	8	2.6072583
39	2449	9	2.5530128
39	913	10	2.5116563
40	993	1	5.0047245
40	3795	2	4.5378685
40	1926	3	4.1946716
40	3307	4	4.110613
40	985	5	4.1018143
40	914	6	3.579327
40	530	7	3.4739776
40	2217	8	3.4434657
40	1263	9	3.437202
40	147	10	3.4235573
41	192	1	4.231633
41	1648	2	3.8338604
41	201	3	3.7869644
41	489	4	3.6656404
41	982	5	3.5085292
41	1023	6	3.428499
41	1313	7	3.4117646
41	1114	8	3.2891943
41	184	9	3.2057066
41	7	10	3.1808462
42	993	1	4.5528107
42	45	2	3.9525213
42	3795	3	3.899828
42	3307	4	3.3585358
42	530	5	3.0267386
42	1263	6	3.0137722
42	277	7	3.0016303
42	914	8	2.964363
42	252	9	2.9534535
42	2217	10	2.8195446
43	993	1	5.3157406
43	41	2	4.893697
43	3795	3	4.731267
43	2125	4	4.6199102
43	985	5	4.474538
43	3307	6	4.2952766
43	914	7	4.0523343
43	2217	8	3.9079745
43	1263	9	3.7980304
43	530	10	3.7785058
44	993	1	4.1454153
44	3795	2	4.047057
44	45	3	3.9171224
44	41	4	3.6495628
44	985	5	3.4668918
44	3307	6	3.3579345
44	702	7	3.2942443
44	1115	8	3.1553144
44	753	9	3.070975
44	2550	10	3.0602536
45	389	1	4.3789396
45	3795	2	4.3083425
45	985	3	4.0736337
45	914	4	3.9952524
45	2125	5	3.6272178
45	1263	6	3.473852
45	1511	7	3.4109414
45	3251	8	3.381424
45	530	9	3.2645173
45	90	10	3.058452
47	369	1	4.5612345
47	485	2	4.258442
47	24	3	4.1343884
47	73	4	4.1120024
47	1411	5	4.0489273
47	3075	6	4.008939
47	82	7	3.9311423
47	213	8	3.8371882
47	391	9	3.6630573
47	732	10	3.6368473
48	993	1	4.4775686
48	80	2	4.400939
48	322	3	3.8824983
48	3795	4	3.856169
48	41	5	3.745996
48	45	6	3.6852949
48	3307	7	3.5277257
48	985	8	3.3422167
48	530	9	2.962385
48	1263	10	2.960794
49	4	1	4.570471
49	489	2	4.127001
49	1693	3	4.0446377
49	515	4	3.9912124
49	913	5	3.853838
49	2576	6	3.695569
49	823	7	3.6791716
49	3017	8	3.5437903
49	1114	9	3.508028
49	920	10	3.465382
50	1983	1	3.3000221
50	4021	2	3.2435296
50	389	3	3.1220553
50	2503	4	2.9965906
50	1443	5	2.674777
50	860	6	2.6425066
50	805	7	2.6397424
50	1893	8	2.5781765
50	1694	9	2.569267
50	1406	10	2.5435786
51	914	1	3.1652718
51	147	2	2.6878424
51	848	3	2.5194447
51	96	4	2.5058155
51	1511	5	2.4494228
51	1156	6	2.128889
51	2681	7	2.1178534
51	39	8	2.0696087
51	798	9	2.0640218
51	25	10	2.0492961
52	913	1	4.8633986
52	489	2	4.2139564
52	201	3	4.168227
52	982	4	4.0402794
52	1114	5	3.8860435
52	1313	6	3.724958
52	1023	7	3.718775
52	3017	8	3.658505
52	534	9	3.6476622
52	580	10	3.5556693
53	391	1	3.7343078
53	149	2	3.7026076
53	692	3	3.6661966
53	1689	4	3.5346034
53	1701	5	3.523559
53	2965	6	3.4821784
53	4	7	3.4551446
53	185	8	3.3633442
53	381	9	3.3203387
53	1526	10	3.3033233
54	3017	1	3.62765
54	1016	2	3.2803907
54	1332	3	3.1988924
54	982	4	2.844315
54	4016	5	2.6968994
54	304	6	2.6095476
54	1313	7	2.4944935
54	1539	8	2.4907432
54	2449	9	2.4300375
54	125	10	2.361155
55	2125	1	5.2586117
55	993	2	5.163836
55	80	3	5.1360693
55	322	4	4.6815705
55	41	5	4.6102223
55	45	6	4.530097
55	3795	7	4.5275536
55	1926	8	4.3983984
55	3307	9	4.2505956
55	985	10	4.2121706
56	192	1	4.8961096
56	1648	2	4.4393673
56	489	3	4.2261963
56	920	4	3.8629127
56	2576	5	3.7579584
56	3017	6	3.727253
56	201	7	3.639517
56	982	8	3.589127
56	1114	9	3.5887144
56	534	10	3.443996
57	147	1	3.4603527
57	1139	2	3.454258
57	1854	3	3.1565309
57	1083	4	3.1343515
57	141	5	3.101976
57	161	6	3.0449557
57	1129	7	2.9486752
57	798	8	2.9251003
57	948	9	2.901425
57	405	10	2.5702877
58	4021	1	3.6361477
58	1983	2	3.2076626
58	860	3	3.1161475
58	389	4	3.023869
58	3795	5	2.6644962
58	2125	6	2.5519285
58	1263	7	2.388342
58	2503	8	2.066855
58	937	9	2.0464358
58	1773	10	1.9991792
60	993	1	5.0252457
60	322	2	4.8383484
60	45	3	4.5862236
60	3795	4	4.5394287
60	41	5	4.537976
60	1926	6	4.1624594
60	985	7	4.051556
60	3307	8	4.0081244
60	914	9	3.6781197
60	1263	10	3.4494138
61	4	1	4.4943304
61	24	2	4.2535825
61	3072	3	4.0643835
61	4029	4	4.0055456
61	1594	5	3.9563146
61	4020	6	3.8798885
61	728	7	3.8508897
61	19	8	3.8446798
61	551	9	3.8402886
61	1023	10	3.825656
62	3795	1	4.290267
62	914	2	3.700863
62	1926	3	3.5835247
62	1263	4	3.3130794
62	1511	5	3.2627196
62	2217	6	3.252391
62	530	7	3.1827145
62	1139	8	3.0278423
62	147	9	2.9433455
62	277	10	2.9408164
64	1016	1	3.589613
64	627	2	2.8543863
64	1843	3	2.7208953
64	151	4	2.7146206
64	2631	5	2.5679622
64	125	6	2.5322201
64	371	7	2.5224903
64	1768	8	2.4995751
64	1686	9	2.4905362
64	381	10	2.4677386
65	1332	1	3.967658
65	732	2	3.6714807
65	149	3	3.4348497
65	627	4	3.3896177
65	391	5	3.3678272
65	4	6	3.3431032
65	1701	7	3.2783742
65	151	8	3.137847
65	2965	9	3.0996547
65	1843	10	3.0882225
66	914	1	3.4056504
66	1263	2	3.3275998
66	277	3	2.9961853
66	530	4	2.9800122
66	1511	5	2.8892915
66	2217	6	2.84581
66	252	7	2.6324055
66	1139	8	2.5429533
66	1406	9	2.5339355
66	1854	10	2.5216808
67	3017	1	3.5017254
67	515	2	3.0069592
67	913	3	2.827273
67	823	4	2.8216639
67	1689	5	2.6885846
67	2449	6	2.668859
67	920	7	2.629119
67	627	8	2.571391
67	2965	9	2.5176082
67	1526	10	2.4376256
68	192	1	5.2555423
68	1411	2	5.217568
68	1648	3	4.7871184
68	4	4	4.4857283
68	489	5	4.4754515
68	149	6	4.3388867
68	185	7	4.1608477
68	534	8	4.1407585
68	2576	9	4.1003566
68	1701	10	4.0896764
69	488	1	5.0100217
69	1410	2	4.9446917
69	539	3	4.93565
69	3430	4	4.8033104
69	353	5	4.7288857
69	1112	6	4.689019
69	3273	7	4.68589
69	168	8	4.6737795
69	1091	9	4.656228
69	1341	10	4.639999
70	2125	1	2.5379903
70	1406	2	2.3566241
70	1775	3	2.2223625
70	1681	4	2.1911802
70	937	5	2.1867485
70	1156	6	2.1774259
70	688	7	2.1545286
70	191	8	2.1529217
70	3251	9	2.1361358
70	1633	10	2.1224654
71	492	1	4.131852
71	2108	2	4.0475626
71	641	3	4.040715
71	49	4	3.9475207
71	622	5	3.938047
71	40	6	3.8997211
71	215	7	3.8608348
71	895	8	3.792223
71	4	9	3.7732913
71	200	10	3.755825
72	3795	1	4.9527526
72	914	2	4.262641
72	2217	3	3.9211407
72	1263	4	3.754096
72	1511	5	3.746904
72	530	6	3.550745
72	1926	7	3.4954681
72	277	8	3.4370081
72	90	9	3.0550494
72	252	10	2.9272847
73	2628	1	5.3837576
73	1411	2	4.693985
73	192	3	4.690254
73	1648	4	4.180345
73	489	5	3.92424
73	1114	6	3.6404443
73	1023	7	3.6214871
73	2576	8	3.5942955
73	1313	9	3.510675
73	534	10	3.4807522
74	2628	1	5.5922484
74	1411	2	4.8883533
74	192	3	4.6602097
74	1648	4	4.335864
74	489	5	4.0288215
74	1114	6	3.8171225
74	2576	7	3.7689219
74	7	8	3.6810024
74	539	9	3.5432959
74	534	10	3.524613
75	1411	1	4.070708
75	192	2	3.8157465
75	1648	3	3.780332
75	489	4	3.666115
75	920	5	3.5088274
75	2576	6	3.2385545
75	580	7	3.1208568
75	692	8	3.0292501
75	3017	9	3.0139866
75	534	10	2.8913236
76	510	1	4.399025
76	172	2	3.927383
76	1359	3	3.9217958
76	44	4	3.8097374
76	80	5	3.6675768
76	322	6	3.5324667
76	41	7	3.5301464
76	45	8	3.4050262
76	3795	9	3.2495985
76	1926	10	3.2124505
77	1594	1	5.088603
77	510	2	4.9938197
77	1091	3	4.917429
77	1672	4	4.8535185
77	1112	5	4.836301
77	77	6	4.813796
77	1341	7	4.742447
77	1359	8	4.585909
77	3781	9	4.5818415
77	1983	10	4.574266
78	1156	1	3.4136426
78	77	2	3.3214016
78	1148	3	3.1536608
78	1263	4	2.9278111
78	1983	5	2.8361607
78	530	6	2.8228812
78	1953	7	2.7310326
78	455	8	2.5752888
78	4021	9	2.563765
78	277	10	2.5582304
79	3795	1	4.1373177
79	1263	2	3.5891633
79	914	3	3.5706468
79	530	4	3.4116306
79	277	5	3.3078856
79	2217	6	3.253282
79	1511	7	2.9287634
79	848	8	2.6444745
79	1406	9	2.5034661
79	90	10	2.4486122
80	389	1	4.994398
80	3795	2	4.69808
80	3307	3	4.678721
80	914	4	4.420059
80	2125	5	4.202641
80	2217	6	4.1242714
80	3251	7	3.842836
80	277	8	3.7578747
80	1511	9	3.7077847
80	90	10	3.155795
81	1926	1	4.484344
81	3307	2	4.2039175
81	914	3	3.6770778
81	1139	4	3.6634727
81	147	5	3.612976
81	1263	6	3.5933921
81	530	7	3.5891042
81	1854	8	3.583936
81	141	9	3.5151734
81	2217	10	3.3815446
82	3795	1	4.3185883
82	3251	2	3.6556664
82	530	3	3.6434424
82	1263	4	3.6410294
82	2217	5	3.628335
82	277	6	3.58392
82	1511	7	3.334326
82	1926	8	2.9718874
82	90	9	2.8236375
82	1058	10	2.6790347
83	3017	1	3.832141
83	1016	2	3.577981
83	1332	3	3.4164796
83	692	4	3.2840028
83	945	5	3.225119
83	304	6	2.9537044
83	1689	7	2.9067798
83	4016	8	2.6796527
83	379	9	2.6443214
83	2449	10	2.6434512
84	2628	1	5.2527986
84	1910	2	5.2368307
84	1234	3	5.1503973
84	264	4	4.9431663
84	34	5	4.7692676
84	1697	6	4.680627
84	1411	7	4.613268
84	4	8	4.523978
84	192	9	4.4918146
84	1648	10	4.073445
85	77	1	5.062224
85	1983	2	4.835929
85	4021	3	4.77653
85	80	4	4.6650696
85	389	5	4.5175796
85	322	6	4.398341
85	993	7	4.3563776
85	860	8	4.309205
85	45	9	4.0155826
85	41	10	4.0097094
86	510	1	5.420892
86	3273	2	5.126495
86	1091	3	5.0569906
86	1066	4	5.0446153
86	3781	5	5.004443
86	1112	6	4.927092
86	1672	7	4.8183546
86	1359	8	4.769176
86	172	9	4.758932
86	80	10	4.6273017
87	391	1	4.311879
87	4	2	4.1710796
87	3017	3	4.1690607
87	185	4	4.026988
87	149	5	3.9881997
87	913	6	3.6092563
87	1701	7	3.5888023
87	515	8	3.5784838
87	692	9	3.5600424
87	2965	10	3.4826856
88	489	1	4.156114
88	1114	2	3.7588086
88	2576	3	3.6828446
88	3017	4	3.6561763
88	534	5	3.5590498
88	580	6	3.3677773
88	1016	7	3.364602
88	692	8	3.3443403
88	1689	9	3.1332793
88	1332	10	3.116373
89	1263	1	3.4330764
89	530	2	3.1479473
89	277	3	3.092247
89	90	4	2.735454
89	1058	5	2.5276897
89	1156	6	2.5112152
89	848	7	2.4783168
89	1688	8	2.4151094
89	1406	9	2.3394604
89	625	10	2.3225164
90	1594	1	3.9080594
90	77	2	3.5376086
90	4021	3	3.4323525
90	389	4	3.3287506
90	1983	5	3.0386348
90	935	6	2.9050033
90	860	7	2.7768264
90	346	8	2.7674274
90	1867	9	2.748471
90	3795	10	2.7025604
91	3795	1	4.1339564
91	3307	2	3.7140222
91	914	3	3.3416815
91	530	4	3.3366842
91	1263	5	3.3237271
91	1854	6	3.3044887
91	2217	7	3.140903
91	1129	8	3.1270678
91	277	9	3.076849
91	948	10	3.0450377
92	1112	1	5.8373294
92	172	2	5.4298773
92	44	3	5.3214436
92	80	4	5.218495
92	993	5	5.1419067
92	322	6	4.7379265
92	41	7	4.59396
92	45	8	4.5408397
92	3795	9	4.507902
92	985	10	4.170104
93	914	1	3.9238143
93	1263	2	3.8822036
93	2217	3	3.7739623
93	530	4	3.6507201
93	1511	5	3.3371353
93	90	6	2.8758702
93	96	7	2.81879
93	848	8	2.813295
93	1139	9	2.7735171
93	147	10	2.7437353
94	3795	1	4.348524
94	1926	2	3.6536763
94	914	3	3.614361
94	2217	4	3.3328454
94	1511	5	3.2800004
94	530	6	3.2501729
94	1263	7	3.2487178
94	277	8	3.0856433
94	1139	9	2.9623725
94	1854	10	2.9572353
95	149	1	3.9673982
95	4	2	3.7482352
95	1701	3	3.6156769
95	2965	4	3.6021907
95	185	5	3.5614555
95	913	6	3.2773743
95	515	7	3.2633219
95	135	8	3.236332
95	1693	9	3.2166762
95	1843	10	3.1974711
96	1926	1	3.7319393
96	1263	2	3.7020578
96	1139	3	2.9848423
96	147	4	2.9435682
96	1058	5	2.8764381
96	1854	6	2.8192315
96	1083	7	2.7529826
96	848	8	2.7356005
96	141	9	2.7332966
96	252	10	2.6512809
97	391	1	3.8842344
97	692	2	3.8264208
97	149	3	3.8246918
97	4	4	3.6200523
97	185	5	3.367351
97	1701	6	3.299697
97	304	7	3.2529202
97	1693	8	3.2457006
97	2965	9	3.227747
97	913	10	3.0985513
98	993	1	3.9823089
98	1594	2	3.96903
98	80	3	3.957141
98	936	4	3.6398335
98	77	5	3.6069045
98	41	6	3.5325546
98	4021	7	3.4146743
98	45	8	3.337726
98	1263	9	3.1910937
98	1983	10	3.166043
99	732	1	4.118101
99	149	2	4.08168
99	391	3	4.0554304
99	4	4	4.0097685
99	1701	5	3.8114777
99	185	6	3.803749
99	1114	7	3.7129478
99	913	8	3.4547646
99	1693	9	3.410929
99	515	10	3.2743049
100	109	1	4.872997
100	4029	2	4.7668443
100	1594	3	4.565002
100	4020	4	4.532111
100	1023	5	4.4583554
100	551	6	4.3500023
100	7	7	4.2922645
100	488	8	4.2879663
100	70	9	4.2551193
100	807	10	4.246283
101	45	1	4.4681034
101	3795	2	4.3787074
101	3307	3	4.1374416
101	985	4	4.0805154
101	914	5	3.6426756
101	1263	6	3.523801
101	530	7	3.47129
101	1854	8	3.4247165
101	2217	9	3.3571873
101	141	10	3.3001769
102	1016	1	3.6563458
102	692	2	3.3484776
102	1332	3	3.1007433
102	2449	4	2.9045916
102	125	5	2.700425
102	2965	6	2.6805274
102	379	7	2.6446667
102	257	8	2.6227999
102	1526	9	2.6039166
102	7	10	2.592468
103	24	1	5.631303
103	732	2	5.0132623
103	185	3	4.8391485
103	149	4	4.8018394
103	213	5	4.7691393
103	4	6	4.7557755
103	391	7	4.728156
103	1701	8	4.5559688
103	515	9	4.448204
103	192	10	4.409957
104	3795	1	4.659198
104	985	2	4.4783783
104	2125	3	4.243291
104	1263	4	3.8349328
104	530	5	3.829516
104	3251	6	3.8234224
104	1511	7	3.8071723
104	277	8	3.62586
104	90	9	3.2545087
104	1058	10	3.137539
105	1926	1	3.8177388
105	530	2	3.6606603
105	1263	3	3.5708427
105	1511	4	3.5599575
105	277	5	3.3533833
105	147	6	3.0718029
105	1139	7	2.9946918
105	90	8	2.9693542
105	1854	9	2.913118
105	252	10	2.8018537
106	1263	1	3.8283722
106	530	2	3.5498536
106	3251	3	3.3483386
106	277	4	3.2266324
106	1058	5	3.117823
106	1156	6	3.0196233
106	1406	7	2.7930756
106	1029	8	2.7835853
106	2503	9	2.6439528
106	848	10	2.5895371
107	2628	1	5.4117155
107	1411	2	4.6535625
107	192	3	4.6528773
107	489	4	4.212637
107	1648	5	4.1902175
107	2576	6	3.6591144
107	3017	7	3.5709019
107	534	8	3.4683452
107	920	9	3.4562943
107	580	10	3.4462156
108	2125	1	4.986613
108	3795	2	4.8320994
108	3251	3	4.6238184
108	1263	4	3.9914916
108	530	5	3.9209516
108	2217	6	3.83762
108	277	7	3.797584
108	1926	8	3.7126722
108	1511	9	3.7016664
108	252	10	3.3199909
110	2125	1	3.9385595
110	985	2	3.5252676
110	3795	3	3.352672
110	1263	4	3.3362188
110	914	5	3.1987839
110	530	6	3.147492
110	1926	7	2.9797227
110	1511	8	2.7643552
110	277	9	2.7287438
110	248	10	2.7131886
111	389	1	5.3256035
111	860	2	5.201826
111	45	3	5.0484843
111	3795	4	4.5662127
111	985	5	4.5541415
111	2125	6	4.510373
111	3307	7	4.4741282
111	3251	8	4.2639265
111	1263	9	4.106477
111	914	10	4.084108
112	1263	1	3.1525502
112	2217	2	2.9326966
112	147	3	2.851593
112	277	4	2.8134577
112	1139	5	2.776527
112	1854	6	2.69481
112	1083	7	2.5083106
112	141	8	2.4733138
112	948	9	2.4576917
112	848	10	2.3383741
113	4	1	4.2611723
113	1701	2	3.8994389
113	1693	3	3.4773035
113	913	4	3.476448
113	515	5	3.3946967
113	823	6	3.2911644
113	2965	7	3.2195835
113	386	8	3.207005
113	151	9	3.1569724
113	1539	10	3.096871
115	192	1	4.505126
115	1648	2	4.0134296
115	1023	3	3.9063792
115	489	4	3.8435297
115	7	5	3.710663
115	1114	6	3.6566834
115	1484	7	3.5875626
115	539	8	3.553607
115	184	9	3.5407481
115	488	10	3.4912844
116	1263	1	3.8683474
116	530	2	3.616217
116	277	3	3.501123
116	90	4	3.3144634
116	1156	5	3.011354
116	1058	6	2.9905038
116	1926	7	2.910801
116	1688	8	2.833241
116	625	9	2.8309307
116	1406	10	2.778908
117	2024	1	3.9622207
117	1936	2	3.9166422
117	510	3	3.9080367
117	1349	4	3.752567
117	80	5	3.639554
117	1594	6	3.6058135
117	1112	7	3.5585873
117	1359	8	3.5013561
117	172	9	3.4752924
117	1672	10	3.1972985
118	3795	1	3.9654307
118	914	2	3.9226782
118	2217	3	3.5080547
118	530	4	3.4060025
118	277	5	3.39345
118	1511	6	3.3236375
118	1926	7	3.181251
118	252	8	2.953878
118	90	9	2.6833787
118	1139	10	2.5195644
119	1112	1	3.480091
119	1156	2	3.197946
119	2108	3	3.1761658
119	1097	4	3.0930846
119	597	5	3.0349302
119	993	6	3.028671
119	210	7	3.0178404
119	4405	8	2.9145007
119	439	9	2.8717494
119	1595	10	2.780873
120	1926	1	3.982996
120	914	2	3.5543218
120	2217	3	3.5050035
120	1263	4	3.4728417
120	530	5	3.361889
120	1139	6	3.215715
120	1511	7	3.203466
120	147	8	3.2010913
120	1854	9	3.1214027
120	277	10	3.0990615
121	3017	1	4.4400034
121	1114	2	4.0348268
121	4	3	3.7364323
121	945	4	3.728147
121	692	5	3.715773
121	1332	6	3.643035
121	149	7	3.6169782
121	304	8	3.5874207
121	2449	9	3.479002
121	185	10	3.4242268
123	510	1	4.127382
123	3307	2	3.8193116
123	41	3	3.7938628
123	2125	4	3.6767058
123	80	5	3.6029742
123	985	6	3.5427904
123	322	7	3.2694998
123	1197	8	3.1924105
123	45	9	3.1427026
123	1263	10	3.0735078
124	1411	1	4.7014923
124	201	2	4.493197
124	192	3	4.4492054
124	982	4	4.3404083
124	1023	5	4.14624
124	1313	6	4.0974874
124	7	7	3.919651
124	1648	8	3.8912625
124	489	9	3.8122902
124	184	10	3.8026793
125	2125	1	4.0831747
125	3251	2	3.608402
125	2217	3	3.566589
125	1263	4	3.279603
125	530	5	3.268622
125	277	6	3.1317348
125	90	7	2.8831549
125	1926	8	2.8686285
125	3275	9	2.7040632
125	1406	10	2.6305919
126	2125	1	2.8020482
126	848	2	2.594548
126	1406	3	2.5369759
126	1633	4	2.504263
126	3275	5	2.488103
126	3251	6	2.4575973
126	1238	7	2.3576045
126	937	8	2.3221343
126	1029	9	2.2935321
126	96	10	2.2868633
127	24	1	3.723084
127	1114	2	3.6684597
127	213	3	3.201281
127	732	4	3.1360402
127	4	5	2.9072766
127	1843	6	2.857121
127	391	7	2.8212624
127	1285	8	2.7807798
127	553	9	2.697871
127	1701	10	2.6811752
128	1411	1	5.040598
128	192	2	4.866176
128	1648	3	4.3742704
128	489	4	4.291524
128	2576	5	3.7771978
128	1114	6	3.7139838
128	3017	7	3.6516938
128	580	8	3.52896
128	534	9	3.5148106
128	1016	10	3.4022436
129	913	1	3.997845
129	3017	2	3.932814
129	1016	3	3.7011557
129	1332	4	3.5563111
129	692	5	3.4496417
129	920	6	3.359597
129	945	7	3.283677
129	1689	8	3.2264097
129	304	9	3.202261
129	201	10	3.1886249
130	24	1	4.5883207
130	1411	2	4.4457355
130	732	3	4.200967
130	3017	4	4.100332
130	391	5	4.018861
130	1114	6	4.0176334
130	4	7	3.8797412
130	149	8	3.8369915
130	692	9	3.730289
130	185	10	3.689817
131	44	1	5.1429157
131	993	2	5.0160074
131	389	3	4.9574304
131	80	4	4.8931265
131	860	5	4.7740746
131	41	6	4.6330013
131	322	7	4.55918
131	45	8	4.3452578
131	2125	9	4.19785
131	3795	10	4.1492343
132	1411	1	5.2830086
132	351	2	3.7990527
132	216	3	3.7720776
132	224	4	3.7200835
132	1843	5	3.5794072
132	895	6	3.5624592
132	369	7	3.4489694
132	152	8	3.311004
132	1925	9	3.2992315
132	4320	10	3.2991009
133	45	1	3.8655386
133	44	2	3.763249
133	3307	3	3.5312757
133	41	4	3.4481723
133	1636	5	3.4062479
133	1112	6	3.3614106
133	1148	7	3.3270419
133	1672	8	3.2397099
133	993	9	3.1326337
133	4020	10	2.834065
134	2125	1	2.4372067
134	3275	2	2.2541428
134	113	3	2.2294922
134	3795	4	2.1638956
134	1633	5	2.115439
134	937	6	2.1136627
134	3251	7	2.0699224
134	52	8	1.9893258
134	2128	9	1.9509132
134	1197	10	1.9439992
135	3017	1	3.6081533
135	1016	2	3.1559577
135	2449	3	2.7971904
135	379	4	2.7130702
135	627	5	2.5230246
135	783	6	2.4462821
135	1768	7	2.3894525
135	692	8	2.377386
135	304	9	2.3258152
135	1843	10	2.3034043
136	4	1	5.508503
136	149	2	5.2265153
136	185	3	4.995331
136	1701	4	4.91337
136	1411	5	4.8880105
136	1693	6	4.824093
136	515	7	4.807472
136	913	8	4.5956645
136	823	9	4.3570175
136	489	10	4.170273
137	1112	1	4.9427166
137	510	2	4.935595
137	3781	3	4.6627674
137	44	4	4.5291004
137	1594	5	4.446922
137	172	6	4.445422
137	80	7	4.3509893
137	77	8	4.2374897
137	45	9	4.095093
137	993	10	4.0804214
138	732	1	4.2488747
138	391	2	4.142378
138	149	3	4.1345406
138	4	4	4.101154
138	1701	5	4.092319
138	185	6	3.8672905
138	3017	7	3.7254417
138	1693	8	3.5445504
138	515	9	3.4843621
138	692	10	3.4298108
140	1983	1	4.8863187
140	4021	2	4.8732414
140	993	3	4.7696686
140	322	4	4.5784698
140	41	5	4.543662
140	3795	6	4.5270505
140	389	7	4.481052
140	45	8	4.396652
140	860	9	4.233575
140	985	10	3.9583874
141	993	1	4.216889
141	322	2	4.170842
141	2125	3	4.1475244
141	45	4	3.9711242
141	41	5	3.8441315
141	3795	6	3.7407126
141	1926	7	3.466055
141	3307	8	3.171163
141	1511	9	3.1497283
141	985	10	3.121426
142	1868	1	4.8935547
142	601	2	4.8514423
142	895	3	4.8430376
142	492	4	4.826473
142	485	5	4.744007
142	200	6	4.7369356
142	1449	7	4.736576
142	0	8	4.666703
142	383	9	4.6566734
142	1910	10	4.616293
143	192	1	3.9991343
143	3795	2	3.4545398
143	489	3	3.4304008
143	1114	4	3.3686843
143	2576	5	3.234775
143	534	6	2.904708
143	580	7	2.8914826
143	3017	8	2.8519993
143	1689	9	2.7034688
143	692	10	2.5651011
144	914	1	4.4959946
144	2217	2	4.184408
144	3251	3	3.9565864
144	1263	4	3.9038894
144	1511	5	3.8228734
144	277	6	3.716418
144	530	7	3.7047386
144	90	8	3.2856698
144	1926	9	3.0941057
144	1406	10	3.000168
145	993	1	3.9894664
145	985	2	3.2324395
145	1926	3	3.1976485
145	530	4	3.0382378
145	3307	5	2.9619784
145	141	6	2.8344727
145	1139	7	2.7141323
145	2681	8	2.5723538
145	147	9	2.5623126
145	1854	10	2.516058
146	1910	1	5.4193945
146	2628	2	5.3339787
146	148	3	5.27205
146	1234	4	5.112564
146	4	5	5.0113935
146	1697	6	4.908635
146	34	7	4.8562546
146	1411	8	4.7329707
146	589	9	4.5834217
146	192	10	4.54222
147	993	1	4.3518906
147	985	2	3.6132948
147	3307	3	3.5061398
147	1926	4	3.4324026
147	914	5	3.3778787
147	2217	6	3.2243793
147	1511	7	3.0334039
147	530	8	2.8928206
147	1139	9	2.8215585
147	277	10	2.764294
148	4021	1	4.0096035
148	860	2	3.2657976
148	389	3	3.2615187
148	1148	4	3.030083
148	2125	5	2.8019242
148	423	6	2.5908675
148	1694	7	2.5850916
148	1111	8	2.5552936
148	1633	9	2.530624
148	455	10	2.5031781
149	993	1	4.9805007
149	322	2	4.52121
149	3795	3	4.5053034
149	45	4	4.4200683
149	41	5	4.3935146
149	985	6	4.017651
149	3307	7	3.9581006
149	147	8	3.6401587
149	1139	9	3.6055012
149	914	10	3.576828
150	2110	1	4.6041274
150	479	2	4.588555
150	439	3	4.540345
150	216	4	4.5260816
150	172	5	4.5219717
150	1112	6	4.4417944
150	168	7	4.410951
150	843	8	4.404446
150	510	9	4.3670673
150	49	10	4.3373604
151	3795	1	3.5897791
151	993	2	3.2131329
151	3251	3	3.172495
151	41	4	3.0224037
151	3307	5	2.8882465
151	2217	6	2.8356688
151	3275	7	2.738616
151	1926	8	2.7091136
151	1511	9	2.623363
151	985	10	2.4423194
152	4021	1	5.18561
152	1983	2	5.0844345
152	993	3	5.0553746
152	389	4	4.846983
152	41	5	4.6633263
152	860	6	4.6332235
152	322	7	4.5499706
152	45	8	4.4187055
152	3307	9	4.2139006
152	3795	10	4.2021785
153	192	1	5.188538
153	1648	2	4.7417564
153	1411	3	4.6667585
153	489	4	4.456906
153	3017	5	4.3595796
153	369	6	4.3452864
153	534	7	4.3173676
153	2576	8	4.310144
153	895	9	4.2715898
153	492	10	4.0786815
154	510	1	5.222815
154	172	2	4.6294174
154	44	3	4.5417914
154	80	4	4.520861
154	993	5	4.4971266
154	322	6	4.3708463
154	77	7	3.9842877
154	4021	8	3.9487715
154	41	9	3.9418135
154	1983	10	3.9332051
155	3307	1	4.378179
155	914	2	4.024456
155	2217	3	3.7203813
155	1263	4	3.670804
155	530	5	3.6323872
155	1511	6	3.4324334
155	277	7	3.3759024
155	1139	8	2.955874
155	1854	9	2.9134018
155	147	10	2.908716
156	1926	1	3.90338
156	914	2	3.6286135
156	1139	3	3.1882586
156	147	4	3.1779008
156	1854	5	3.0934796
156	1083	6	2.9722133
156	141	7	2.964009
156	1129	8	2.8100047
156	948	9	2.7306046
156	96	10	2.6259925
157	389	1	4.013677
157	3795	2	3.8045778
157	2125	3	3.4071007
157	3251	4	3.00142
157	848	5	2.5876322
157	1058	6	2.5176296
157	3275	7	2.438189
157	1238	8	2.304288
157	1633	9	2.2523115
157	928	10	2.2455766
158	510	1	5.0409293
158	1112	2	4.724448
158	1672	3	4.5954123
158	3781	4	4.590419
158	3273	5	4.4852223
158	993	6	4.349552
158	172	7	4.3155046
158	1359	8	4.311719
158	44	9	4.3070555
158	80	10	4.0775156
159	172	1	4.073515
159	44	2	4.0601654
159	993	3	3.9634447
159	3781	4	3.8260102
159	80	5	3.608938
159	45	6	3.5350473
159	985	7	3.5201354
159	322	8	3.4177237
159	161	9	3.3869367
159	41	10	3.2939665
160	3273	1	5.290126
160	1983	2	5.223076
160	510	3	5.119786
160	1672	4	5.111553
160	4021	5	5.0440884
160	3781	6	4.976178
160	389	7	4.896559
160	172	8	4.831978
160	44	9	4.820327
160	993	10	4.673888
161	3307	1	4.7609787
161	77	2	4.05946
161	1688	3	3.7839136
161	1983	4	3.690391
161	1263	5	3.5804188
161	1029	6	3.5089092
161	4021	7	3.368023
161	625	8	3.3400393
161	530	9	3.265595
161	389	10	3.234127
162	3017	1	3.800805
162	913	2	3.532627
162	515	3	3.464911
162	920	4	2.9966464
162	2965	5	2.88597
162	692	6	2.8806872
162	1332	7	2.8381338
162	1689	8	2.8314738
162	384	9	2.8086216
162	201	10	2.6603632
163	2628	1	5.3847756
163	1411	2	4.806413
163	201	3	4.7768908
163	982	4	4.5534925
163	192	5	4.471924
163	1313	6	4.3959136
163	1023	7	4.3822374
163	7	8	4.149633
163	539	9	3.9913445
163	1648	10	3.9623728
164	1693	1	4.1658487
164	913	2	4.046126
164	3017	3	3.9340525
164	1114	4	3.902032
164	1016	5	3.7411902
164	920	6	3.576496
164	692	7	3.489408
164	945	8	3.4324732
164	201	9	3.3764644
164	982	10	3.2805934
165	993	1	4.1522903
165	45	2	3.4455097
165	3307	3	3.1730795
165	1263	4	3.0264735
165	1983	5	2.9453118
165	389	6	2.9383233
165	914	7	2.9101758
165	4021	8	2.8887467
165	925	9	2.8173003
165	277	10	2.652197
166	4021	1	3.8206117
166	389	2	3.6701396
166	860	3	3.487301
166	1688	4	3.1814995
166	277	5	3.169704
166	1406	6	2.946696
166	2125	7	2.9175072
166	3275	8	2.9066288
166	1633	9	2.9015658
166	191	10	2.8276076
167	3795	1	4.5514517
167	2125	2	4.2034254
167	914	3	4.1755753
167	1263	4	3.938175
167	3251	5	3.921682
167	2217	6	3.8858106
167	1511	7	3.6696558
167	1926	8	3.0665517
167	1058	9	3.0016966
167	1156	10	2.9818215
168	41	1	4.2722783
168	45	2	4.222855
168	985	3	3.9841108
168	3795	4	3.8274865
168	3307	5	3.8188515
168	914	6	3.50618
168	530	7	3.4743938
168	1263	8	3.3736749
168	277	9	3.1930547
168	2217	10	3.141017
169	1693	1	3.881491
169	913	2	3.8506365
169	823	3	3.6372952
169	1114	4	3.5749872
169	201	5	3.4184766
169	2576	6	3.311149
169	920	7	3.2392635
169	534	8	3.157291
169	1313	9	2.984976
169	1016	10	2.9639904
170	201	1	4.1104994
170	982	2	4.0468154
170	1023	3	3.8153884
170	184	4	3.667352
170	1313	5	3.6575017
170	7	6	3.5563202
170	70	7	3.4717817
170	1484	8	3.4654615
170	488	9	3.3981214
170	539	10	3.3936439
171	4	1	3.84174
171	692	2	3.511753
171	185	3	3.436993
171	1701	4	3.3438118
171	1332	5	3.2888737
171	913	6	3.2639852
171	304	7	3.128498
171	1689	8	3.12394
171	1693	9	3.1084542
171	515	10	3.0884347
172	192	1	4.6506844
172	1648	2	4.1717997
172	913	3	4.1349573
172	489	4	4.093364
172	823	5	3.9223385
172	920	6	3.686447
172	2576	7	3.656855
172	534	8	3.5263014
172	1114	9	3.5152113
172	3017	10	3.5141833
173	993	1	4.885112
173	1926	2	4.5965843
173	41	3	4.2719097
173	45	4	4.227017
173	3795	5	4.171731
173	3307	6	4.090726
173	1139	7	3.8262444
173	985	8	3.8050215
173	147	9	3.7161922
173	141	10	3.7097168
174	485	1	5.540521
174	24	2	5.469501
174	73	3	5.4530506
174	82	4	5.3493805
174	213	5	5.1836104
174	1411	6	4.991511
174	4	7	4.9474688
174	391	8	4.940323
174	149	9	4.842437
174	732	10	4.8014746
175	1112	1	5.1836166
175	45	2	4.828433
175	993	3	4.6576166
175	4020	4	4.584213
175	77	5	4.5311546
175	41	6	4.466297
175	1983	7	4.404247
175	3307	8	4.3030605
175	4021	9	4.1647186
175	914	10	4.0331516
176	3795	1	4.375854
176	3307	2	4.1020594
176	1263	3	3.5681746
176	914	4	3.5183334
176	530	5	3.4632595
176	277	6	3.2937613
176	2217	7	3.28867
176	1854	8	3.1225708
176	1511	9	3.1012967
176	147	10	3.0991192
177	1263	1	3.6759527
177	277	2	3.3754134
177	3251	3	3.0811849
177	1156	4	3.0762377
177	3275	5	3.0665526
177	625	6	2.896883
177	1058	7	2.8850424
177	1406	8	2.8825727
177	848	9	2.8610616
177	252	10	2.8206277
178	993	1	4.665608
178	45	2	3.9734826
178	2125	3	3.845053
178	985	4	3.803031
178	3795	5	3.7784157
178	3307	6	3.6878843
178	3251	7	3.5948455
178	914	8	3.3128967
178	1263	9	3.2634394
178	530	10	3.2279646
179	2217	1	3.8163009
179	1263	2	3.7842689
179	530	3	3.559475
179	1511	4	3.495082
179	1926	5	3.4484644
179	277	6	3.4127216
179	90	7	3.0213866
179	1156	8	2.9203732
179	1058	9	2.8363347
179	147	10	2.8125536
181	3307	1	3.3946118
181	985	2	3.1473336
181	2125	3	2.9008398
181	277	4	2.8694856
181	2217	5	2.790056
181	530	6	2.7254782
181	3251	7	2.724049
181	1511	8	2.6147099
181	1058	9	2.4301603
181	625	10	2.1112852
182	24	1	5.8798494
182	732	2	5.3996534
182	391	3	5.2677135
182	4	4	5.18064
182	149	5	5.071011
182	1234	6	4.9732847
182	185	7	4.8950944
182	1701	8	4.7176027
182	1693	9	4.6928926
182	515	10	4.617943
183	485	1	3.6563654
183	24	2	3.5204897
183	732	3	3.3220432
183	1411	4	3.1923432
183	82	5	3.1033087
183	391	6	3.0695953
183	149	7	2.9670005
183	1399	8	2.8631577
183	4	9	2.8535275
183	142	10	2.722087
184	172	1	3.6384695
184	41	2	3.0477982
184	3307	3	2.9968479
184	322	4	2.894611
184	1854	5	2.8623621
184	45	6	2.8545861
184	1129	7	2.7672548
184	985	8	2.7026825
184	1263	9	2.5988183
184	948	10	2.593114
185	3795	1	3.5489538
185	914	2	3.376619
185	2217	3	3.2346525
185	1511	4	2.9958303
185	1926	5	2.893135
185	848	6	2.759966
185	1156	7	2.4898264
185	90	8	2.4567423
185	1139	9	2.3279831
185	248	10	2.286172
186	1693	1	4.428187
186	913	2	4.2948384
186	3017	3	3.980515
186	1114	4	3.8381855
186	920	5	3.812857
186	1016	6	3.7353578
186	201	7	3.581231
186	982	8	3.5204325
186	1332	9	3.4089813
186	692	10	3.398165
187	4021	1	4.4312325
187	3795	2	4.274502
187	389	3	4.0282555
187	1263	4	3.541289
187	2125	5	3.4068503
187	530	6	3.2888436
187	3251	7	2.9426293
187	1688	8	2.6492062
187	1156	9	2.589499
187	252	10	2.553123
188	914	1	4.0555053
188	1926	2	4.018182
188	2217	3	3.779854
188	1511	4	3.5463014
188	277	5	3.46012
188	1139	6	3.262465
188	147	7	3.2128406
188	1854	8	3.1690779
188	141	9	3.033076
188	1083	10	2.952125
189	3017	1	3.4769056
189	1016	2	3.2698321
189	692	3	3.049693
189	1332	4	2.921541
189	1689	5	2.9132228
189	7	6	2.9058323
189	945	7	2.8553336
189	1768	8	2.8233576
189	488	9	2.7258644
189	1368	10	2.6707969
190	3017	1	3.423347
190	1332	2	2.9736152
190	945	3	2.7483087
190	1484	4	2.7291331
190	1689	5	2.6947112
190	911	6	2.6788568
190	539	7	2.668744
190	7	8	2.5990305
190	431	9	2.5672383
190	558	10	2.5530553
191	3795	1	4.7609854
191	914	2	4.2005568
191	2217	3	3.9500155
191	1511	4	3.572171
191	1926	5	3.384034
191	90	6	3.081221
191	252	7	2.966363
191	848	8	2.8896663
191	1156	9	2.7578363
191	1406	10	2.754073
192	807	1	4.306632
192	70	2	4.249711
192	7	3	4.208519
192	71	4	4.1889687
192	1594	5	4.10287
192	72	6	4.068944
192	488	7	4.067399
192	19	8	3.9499981
192	275	9	3.782916
192	1368	10	3.731173
193	391	1	4.0191584
193	732	2	4.0189104
193	149	3	3.8543525
193	1114	4	3.7833195
193	4	5	3.7634387
193	1701	6	3.686296
193	1332	7	3.461912
193	185	8	3.4086204
193	692	9	3.3490148
193	1689	10	3.2702625
194	1983	1	4.3856483
194	4021	2	4.3241305
194	985	3	4.308046
194	860	4	3.9456038
194	389	5	3.733097
194	530	6	3.4056582
194	1263	7	3.3899121
194	2125	8	3.2842207
194	277	9	3.0355873
194	1156	10	3.034845
196	1112	1	4.3155494
196	1672	2	4.258093
196	172	3	4.0740314
196	860	4	3.7410893
196	80	5	3.674657
196	44	6	3.6481905
196	2125	7	3.5569594
196	322	8	3.5484688
196	45	9	3.5118465
196	993	10	3.3361156
198	4021	1	6.033036
198	993	2	5.2567654
198	322	3	5.061522
198	2125	4	4.9478893
198	3251	5	4.797697
198	45	6	4.677668
198	41	7	4.6743565
198	3795	8	4.581559
198	3307	9	4.2641153
198	985	10	4.1521077
199	24	1	3.669711
199	391	2	3.3702195
199	82	3	3.3555026
199	149	4	3.2274404
199	732	5	3.2272491
199	4	6	3.221192
199	185	7	3.174905
199	379	8	2.98174
199	1693	9	2.9025207
199	913	10	2.870576
200	1029	1	3.0783696
200	4021	2	2.7315445
200	1983	3	2.5451384
200	1111	4	2.5150504
200	1149	5	2.3834808
200	455	6	2.342784
200	2216	7	2.255343
200	974	8	2.2360816
200	113	9	2.2291923
200	389	10	2.2124405
201	24	1	4.0754423
201	732	2	3.3936367
201	2965	3	3.3622274
201	627	4	3.2356102
201	391	5	3.1363444
201	14	6	3.1308336
201	1701	7	3.0086608
201	135	8	2.9510741
201	82	9	2.9491062
201	185	10	2.9032798
202	4021	1	3.3144448
202	1983	2	3.2866807
202	860	3	2.9109015
202	389	4	2.8818686
202	1688	5	2.7653089
202	1406	6	2.5354054
202	1103	7	2.4170287
202	2560	8	2.3979077
202	2036	9	2.382566
202	1893	10	2.3433127
203	277	1	3.015821
203	1156	2	2.709558
203	3251	3	2.513763
203	1058	4	2.4911697
203	848	5	2.4896946
203	1633	6	2.4331872
203	1029	7	2.42109
203	96	8	2.2662187
203	191	9	2.2170749
203	1681	10	2.199423
204	985	1	3.4533815
204	1250	2	3.016504
204	632	3	2.9878561
204	860	4	2.9378705
204	389	5	2.9223993
204	995	6	2.860248
204	2125	7	2.829558
204	1156	8	2.804507
204	1159	9	2.7656097
204	10	10	2.6636524
205	4021	1	5.5552263
205	389	2	5.23039
205	993	3	5.1094456
205	860	4	5.0096054
205	41	5	4.768984
205	2125	6	4.662616
205	3795	7	4.544856
205	3251	8	4.384329
205	3307	9	4.381152
205	985	10	3.983845
206	3795	1	4.127965
206	3307	2	3.7922564
206	914	3	3.6514683
206	2217	4	3.5056052
206	1263	5	3.4804816
206	530	6	3.3049426
206	3251	7	3.2896433
206	1511	8	3.0874498
206	90	9	2.7829728
206	96	10	2.4541297
207	993	1	4.4210806
207	41	2	3.8509061
207	45	3	3.8025901
207	3307	4	3.6601567
207	985	5	3.647059
207	3795	6	3.600194
207	530	7	3.0854568
207	798	8	3.005908
207	1263	9	2.9899049
207	914	10	2.9392262
209	993	1	3.498417
209	3307	2	2.745924
209	41	3	2.6361175
209	45	4	2.56782
209	914	5	2.477616
209	530	6	2.3463006
209	1263	7	2.3217044
209	985	8	2.2831955
209	3795	9	2.183377
209	2217	10	2.149713
210	985	1	4.3195767
210	389	2	4.1944866
210	914	3	4.147585
210	3795	4	4.1108828
210	860	5	3.9753318
210	1263	6	3.897851
210	2217	7	3.698626
210	1511	8	3.5001202
210	530	9	3.4934337
210	2125	10	3.488742
211	1029	1	3.8245564
211	805	2	3.5716805
211	688	3	3.495739
211	4203	4	3.3297637
211	1688	5	3.3291733
211	455	6	3.1946237
211	423	7	3.158454
211	1018	8	3.0729995
211	1831	9	3.029912
211	1216	10	2.9950008
212	3795	1	3.9180913
212	914	2	3.774995
212	1263	3	3.735917
212	2217	4	3.6262143
212	277	5	3.4155579
212	530	6	3.363274
212	1511	7	3.0909147
212	90	8	2.8428855
212	1156	9	2.591164
212	848	10	2.5614371
213	304	1	3.5432467
213	1689	2	3.5225735
213	692	3	3.3761797
213	2449	4	3.306305
213	371	5	3.203329
213	627	6	3.1677852
213	379	7	3.1244636
213	381	8	3.0847812
213	1526	9	3.07017
213	1539	10	2.865078
214	3017	1	4.1484723
214	913	2	4.118369
214	1693	3	4.0732937
214	823	4	3.7445185
214	692	5	3.5450842
214	920	6	3.5120904
214	201	7	3.4102545
214	982	8	3.3255372
214	304	9	3.2189503
214	1313	10	3.1096566
215	4020	1	4.9904213
215	1594	2	4.7209797
215	109	3	4.6588774
215	936	4	4.601598
215	77	5	4.447091
215	993	6	4.4058285
215	4021	7	4.3076634
215	510	8	4.2467637
215	1983	9	4.210991
215	389	10	4.117603
216	3795	1	4.708762
216	1926	2	3.9192848
216	914	3	3.9167721
216	530	4	3.7313576
216	2217	5	3.6654937
216	277	6	3.488153
216	1511	7	3.4329565
216	1139	8	3.162651
216	147	9	3.1297565
216	1854	10	3.107185
217	914	1	3.8398283
217	2217	2	3.6446967
217	1263	3	3.5187278
217	530	4	3.3746526
217	1926	5	3.347145
217	1511	6	3.2794385
217	277	7	3.2265573
217	1139	8	2.7709522
217	90	9	2.7335536
217	147	10	2.7295895
218	3795	1	3.8611538
218	1983	2	3.7660613
218	4021	3	3.5505512
218	389	4	3.352076
218	860	5	3.2254148
218	1688	6	2.7723317
218	2125	7	2.6461012
218	1103	8	2.3184736
218	318	9	2.2987976
218	2503	10	2.28548
219	44	1	4.233878
219	80	2	4.1125774
219	993	3	4.0668626
219	3795	4	3.936082
219	41	5	3.846109
219	45	6	3.8252835
219	3307	7	3.4621768
219	985	8	3.3579583
219	798	9	3.0667205
219	702	10	3.0284164
220	2125	1	3.367575
220	2036	2	3.2511833
220	1103	3	3.2353678
220	1893	4	3.0779433
220	571	5	3.0707912
220	1029	6	2.9907792
220	805	7	2.9432209
220	1042	8	2.8662152
220	848	9	2.815083
220	1148	10	2.7685335
221	3795	1	3.0712686
221	2217	2	2.6657734
221	530	3	2.3523483
221	1926	4	2.2697284
221	1263	5	2.2294621
221	277	6	2.1238966
221	1854	7	1.9073384
221	997	8	1.8656976
221	677	9	1.812743
221	1755	10	1.8096209
223	4	1	4.5503736
223	1701	2	4.30688
223	1693	3	3.9080174
223	515	4	3.78566
223	1114	5	3.7572129
223	913	6	3.7469096
223	3017	7	3.6325078
223	823	8	3.6064491
223	920	9	3.3713346
223	1016	10	3.344777
224	149	1	4.1436715
224	185	2	4.100579
224	1411	3	4.0194974
224	192	4	4.0095654
224	4	5	3.992702
224	1701	6	3.8641486
224	1693	7	3.8060627
224	515	8	3.679563
224	1648	9	3.670073
224	913	10	3.5309792
225	45	1	3.5661492
225	3307	2	3.446566
225	161	3	3.3815305
225	985	4	3.3751688
225	126	5	3.290344
225	702	6	3.1507716
225	2550	7	3.0313325
225	611	8	3.027975
225	405	9	2.9966965
225	620	10	2.9731555
226	1926	1	3.5449047
226	3086	2	3.5243607
226	1410	3	3.4573984
226	641	4	3.447012
226	3096	5	3.348636
226	231	6	3.2324834
226	599	7	3.1924806
226	4083	8	3.1907454
226	1234	9	3.1892734
226	1833	10	3.1882925
227	1263	1	3.8749142
227	1511	2	3.8214378
227	277	3	3.5637608
227	1156	4	3.15695
227	1926	5	3.150444
227	1688	6	2.9246185
227	1058	7	2.8948224
227	3275	8	2.874167
227	848	9	2.866383
227	252	10	2.8377073
228	44	1	4.0500746
228	1112	2	4.0082636
228	1672	3	3.9593534
228	45	4	3.8821166
228	41	5	3.5996149
228	993	6	3.4962077
228	1983	7	3.1466575
228	1831	8	2.890531
228	1148	9	2.8610544
228	2036	10	2.834893
229	381	1	2.8246324
229	627	2	2.6285706
229	635	3	2.5353317
229	125	4	2.4166064
229	1539	5	2.3800693
229	934	6	2.304343
229	539	7	2.255696
229	2965	8	2.2425795
229	2631	9	2.2418275
229	151	10	2.233769
230	1411	1	4.6992664
230	192	2	4.5800333
230	913	3	4.4874554
230	1648	4	4.1476293
230	823	5	4.1001225
230	489	6	4.020113
230	201	7	3.804103
230	920	8	3.7753108
230	1114	9	3.6648
230	2576	10	3.6587863
231	807	1	3.6976867
231	3072	2	3.4913518
231	1578	3	3.4540615
231	72	4	3.4480631
231	109	5	3.4385185
231	1368	6	3.3639245
231	1112	7	3.2539268
231	430	8	3.1857562
231	275	9	3.1364636
231	1594	10	3.126822
232	2125	1	4.824586
232	3251	2	4.4307714
232	1263	3	4.048399
232	277	4	3.7446213
232	1926	5	3.5015638
232	1406	6	3.0255308
232	848	7	2.9407463
232	1139	8	2.9000673
232	147	9	2.8907862
232	1156	10	2.8837147
233	4021	1	3.7739646
233	389	2	3.0395315
233	694	3	2.8250914
233	1029	4	2.5955014
233	805	5	2.5574286
233	677	6	2.5538177
233	2681	7	2.4105606
233	194	8	2.4100032
233	2451	9	2.3955173
233	2125	10	2.37346
234	172	1	4.711418
234	80	2	4.598617
234	993	3	4.510354
234	3795	4	4.0758924
234	322	5	4.072251
234	41	6	3.9388082
234	45	7	3.9073102
234	3307	8	3.227196
234	277	9	3.1790504
234	1263	10	3.172216
235	2125	1	4.8507032
235	993	2	4.7564855
235	3795	3	4.3989363
235	1926	4	4.12347
235	3307	5	3.9363317
235	985	6	3.9178872
235	914	7	3.525713
235	147	8	3.4029431
235	1139	9	3.3920236
235	1263	10	3.390318
236	1263	1	3.77323
236	530	2	3.40761
236	2125	3	2.9872074
236	252	4	2.7093935
236	1156	5	2.6848516
236	3275	6	2.6356063
236	1058	7	2.6141486
236	3251	8	2.5207627
236	848	9	2.3608713
236	688	10	2.3501728
237	3795	1	4.3891993
237	914	2	4.1274657
237	2217	3	3.752541
237	1511	4	3.2892532
237	277	5	3.1207418
237	90	6	2.9972477
237	1926	7	2.7074642
237	1406	8	2.6488187
237	1156	9	2.6083336
237	1058	10	2.5459585
238	993	1	5.4323797
238	3795	2	4.553885
238	2125	3	4.445159
238	985	4	4.350023
238	3307	5	4.3376718
238	3251	6	4.1947155
238	914	7	4.0958004
238	2217	8	3.8840504
238	1263	9	3.7876468
238	530	10	3.6612184
239	3307	1	3.6505814
239	1263	2	3.4022431
239	914	3	3.3338087
239	2217	4	3.170603
239	277	5	3.1277633
239	252	6	2.6351466
239	848	7	2.4383647
239	147	8	2.3302557
239	1058	9	2.3007488
239	1681	10	2.2920594
240	4029	1	3.2268653
240	479	2	3.1836166
240	7	3	2.927452
240	244	4	2.9252083
240	539	5	2.9165354
240	11	6	2.9149616
240	641	7	2.9045925
240	1341	8	2.8784728
240	84	9	2.872642
240	3020	10	2.8432074
241	4021	1	3.3852568
241	389	2	3.2621887
241	1238	3	2.5814734
241	1029	4	2.4516718
241	252	5	2.3061442
241	2125	6	2.2993088
241	3251	7	2.1900458
241	578	8	2.0796087
241	2681	9	2.0435
241	39	10	1.9915442
242	3795	1	4.5176554
242	3307	2	4.2210207
242	985	3	4.2071676
242	914	4	3.7127
242	1263	5	3.639433
242	530	6	3.4950187
242	2217	7	3.4775412
242	277	8	3.3278935
242	1511	9	3.2638597
242	1129	10	2.9956965
243	2125	1	3.3510447
243	3251	2	2.8494854
243	3275	3	2.4740632
243	252	4	2.466897
243	1755	5	2.3680665
243	625	6	2.3212895
243	248	7	2.2874496
243	1321	8	2.2304854
243	1238	9	2.2136495
243	1926	10	2.207142
245	1156	1	3.2607317
245	1058	2	3.0824666
245	3251	3	3.0002508
245	625	4	2.788598
245	848	5	2.7729702
245	1688	6	2.7580628
245	3275	7	2.71587
245	688	8	2.700548
245	1633	9	2.6083083
245	937	10	2.5121849
246	993	1	5.381574
246	2125	2	4.595932
246	3795	3	4.5686073
246	3251	4	4.355044
246	985	5	4.25449
246	3307	6	4.1047955
246	914	7	3.8490412
246	1263	8	3.6853874
246	2217	9	3.6083293
246	1926	10	3.5745668
247	914	1	3.5950158
247	2217	2	3.3906262
247	1926	3	3.356596
247	252	4	2.9305449
247	1139	5	2.7321372
247	147	6	2.6755104
247	90	7	2.6653092
247	96	8	2.6138623
247	1854	9	2.611689
247	1156	10	2.5904517
248	2576	1	3.6357186
248	3017	2	3.6239157
248	1114	3	3.620209
248	920	4	3.5053766
248	534	5	3.4980707
248	580	6	3.3574607
248	1016	7	3.352675
248	201	8	3.3126063
248	982	9	3.2132144
248	692	10	3.1445088
249	1926	1	4.065435
249	914	2	3.6747637
249	2217	3	3.479126
249	1139	4	3.33261
249	147	5	3.2623806
249	1854	6	3.1658666
249	1511	7	3.0483103
249	1083	8	2.9894133
249	141	9	2.988982
249	252	10	2.8875113
250	3251	1	3.5160732
250	2217	2	3.2400422
250	1926	3	2.9455833
250	848	4	2.7813497
250	252	5	2.522717
250	625	6	2.5099645
250	1058	7	2.482891
250	3275	8	2.4181738
250	1139	9	2.3195777
250	96	10	2.283917
251	1688	1	2.8682902
251	625	2	2.8643684
251	1406	3	2.8391855
251	1926	4	2.6867607
251	3275	5	2.5874376
251	252	6	2.4239206
251	688	7	2.4049907
251	96	8	2.3752885
251	2656	9	2.2638407
251	1139	10	2.2635834
252	913	1	3.5238047
252	2965	2	2.9260926
252	201	3	2.9231067
252	14	4	2.8933015
252	982	5	2.8181124
252	1399	6	2.8020747
252	1526	7	2.7923927
252	1843	8	2.748591
252	4016	9	2.7451515
252	142	10	2.706133
253	914	1	4.298463
253	1263	2	4.047906
253	2217	3	3.9299774
253	3251	4	3.8488395
253	530	5	3.8327794
253	277	6	3.7087302
253	1511	7	3.5796304
253	252	8	3.1698148
253	90	9	3.159031
253	1926	10	2.9651735
254	3795	1	4.1714215
254	3307	2	3.8113167
254	1854	3	3.581954
254	1139	4	3.5744753
254	147	5	3.5513256
254	141	6	3.3994403
254	914	7	3.3749323
254	530	8	3.357943
254	1083	9	3.309864
254	1129	10	3.2986262
256	389	1	5.1357574
256	860	2	5.047289
256	993	3	4.7858377
256	80	4	4.7695885
256	2125	5	4.53637
256	41	6	4.48792
256	3251	7	4.3697925
256	322	8	4.2958136
256	985	9	4.2217884
256	45	10	4.1909943
257	4	1	4.3862457
257	24	2	4.12586
257	109	3	4.0927505
257	551	4	4.0299597
257	672	5	3.983036
257	3072	6	3.9499655
257	728	7	3.928341
257	807	8	3.89272
257	488	9	3.860548
257	1023	10	3.8536434
258	389	1	3.674428
258	2125	2	3.6201625
258	914	3	3.46598
258	3307	4	3.4136019
258	41	5	3.3644497
258	3251	6	3.2426035
258	3795	7	3.2285724
258	2217	8	3.1949353
258	1511	9	2.8851657
258	1926	10	2.6109157
259	3795	1	3.9636707
259	3307	2	3.4646192
259	2217	3	3.1397161
259	1263	4	3.111144
259	914	5	3.0940828
259	530	6	3.0844996
259	1511	7	2.604239
259	96	8	2.562096
259	928	9	2.4240887
259	1681	10	2.317407
261	2125	1	4.2597933
261	914	2	4.035637
261	3251	3	3.8261747
261	1263	4	3.614462
261	1511	5	3.4618044
261	530	6	3.4220548
261	277	7	3.2038891
261	90	8	3.0162468
261	1926	9	3.0040956
261	1406	10	2.8732436
262	2576	1	3.0341086
262	1114	2	3.0227027
262	3017	3	2.9602861
262	534	4	2.8192363
262	911	5	2.7788491
262	1016	6	2.5042975
262	244	7	2.484537
262	3781	8	2.454277
262	510	9	2.4267514
262	275	10	2.4123318
263	1868	1	5.3598337
263	2628	2	5.2351737
263	383	3	5.0840025
263	264	4	4.893264
263	826	5	4.819477
263	1234	6	4.814127
263	1697	7	4.800934
263	1411	8	4.6199617
263	34	9	4.4862185
263	192	10	4.40653
264	914	1	4.345817
264	1263	2	4.0608573
264	2217	3	4.016754
264	530	4	3.944101
264	1511	5	3.777115
264	277	6	3.7448707
264	1406	7	3.0933442
264	90	8	3.0640333
264	1139	9	2.9766564
264	1058	10	2.9724412
265	2628	1	3.8008432
265	192	2	3.473722
265	184	3	3.0240185
265	539	4	3.0111547
265	1368	5	3.0027387
265	7	6	2.8647957
265	911	7	2.7551222
265	1341	8	2.7529426
265	3795	9	2.7354255
265	1484	10	2.7238173
266	3795	1	4.716487
266	3307	2	4.3105016
266	985	3	4.0771513
266	914	4	3.8294253
266	1511	5	3.4600997
266	530	6	3.4311113
266	1263	7	3.2946825
266	252	8	3.2615242
266	2217	9	3.238743
266	2550	10	3.0535004
267	985	1	3.4321423
267	2125	2	2.766609
267	1263	3	2.6192896
267	277	4	2.4760609
267	530	5	2.4700203
267	3251	6	2.3791857
267	848	7	2.3556857
267	1156	8	2.1526093
267	1029	9	1.9881246
267	1406	10	1.9169959
268	3795	1	3.829214
268	1263	2	3.7314072
268	914	3	3.6421194
268	2217	4	3.6256433
268	530	5	3.5851717
268	277	6	3.3247166
268	1511	7	3.2973752
268	1156	8	2.9196944
268	90	9	2.7961593
268	848	10	2.7747536
269	3795	1	3.8090672
269	1926	2	3.7339575
269	914	3	3.6255376
269	2217	4	3.3601499
269	1511	5	3.0477474
269	1139	6	2.978574
269	147	7	2.8767576
269	1854	8	2.8650818
269	1083	9	2.8461075
269	848	10	2.812386
270	1263	1	3.727501
270	2217	2	3.6066675
270	1926	3	3.5560722
270	530	4	3.4677012
270	277	5	3.2889395
270	1511	6	3.217924
270	1139	7	3.052384
270	147	8	3.0310864
270	1854	9	2.7854059
270	90	10	2.7713537
271	3251	1	3.0249677
271	914	2	2.9319625
271	1926	3	2.6999562
271	3795	4	2.6366062
271	277	5	2.4009204
271	147	6	2.347762
271	530	7	2.3140316
271	90	8	2.30556
271	176	9	2.2283053
271	1139	10	2.212503
272	1263	1	3.4416773
272	530	2	3.1441972
272	1511	3	3.0759888
272	277	4	3.02556
272	90	5	2.776901
272	1058	6	2.7457123
272	1156	7	2.7212067
272	1406	8	2.5314822
272	1926	9	2.4199557
272	848	10	2.3888693
273	993	1	4.0582876
273	322	2	3.6201758
273	41	3	3.5518618
273	45	4	3.2964315
273	985	5	3.2893853
273	530	6	3.0088768
273	1083	7	2.979805
273	3307	8	2.9644284
273	3795	9	2.8942902
273	277	10	2.8478298
274	4021	1	5.4434686
274	389	2	5.006828
274	3795	3	4.6098204
274	985	4	4.493025
274	2125	5	4.1346316
274	914	6	4.0553703
274	1263	7	3.9377308
274	3251	8	3.9328804
274	2217	9	3.847897
274	530	10	3.7836885
275	985	1	3.3353653
275	2125	2	3.266918
275	3307	3	3.2651792
275	3795	4	3.2324443
275	3251	5	2.986014
275	914	6	2.8743916
275	2217	7	2.6925511
275	1263	8	2.6254532
275	1511	9	2.6114445
275	277	10	2.600181
276	3795	1	4.734983
276	530	2	3.901373
276	1263	3	3.8850937
276	2217	4	3.7915916
276	1511	5	3.7444143
276	277	6	3.553326
276	1926	7	3.5286498
276	90	8	3.1129537
276	1058	9	2.8701286
276	1156	10	2.8601727
277	641	1	3.978901
277	200	2	3.5572248
277	40	3	3.535161
277	895	4	3.5272505
277	4017	5	3.4924514
277	47	6	3.4145393
277	216	7	3.3827488
277	108	8	3.3485208
277	672	9	3.3120131
277	109	10	3.2922735
278	993	1	5.016589
278	45	2	4.4149485
278	3307	3	3.9998984
278	3795	4	3.9771535
278	2125	5	3.7612777
278	1263	6	3.7518296
278	3251	7	3.6200554
278	530	8	3.541077
278	277	9	3.4865575
278	914	10	3.4449744
279	389	1	4.466383
279	3307	2	4.38289
279	2125	3	3.8594334
279	985	4	3.7165198
279	3251	5	3.5705292
279	1263	6	3.2610712
279	1029	7	3.1659403
279	530	8	2.9275856
279	1893	9	2.7324595
279	1042	10	2.7055907
280	4029	1	2.7616627
280	495	2	2.734232
280	504	3	2.679963
280	4	4	2.6681511
280	3020	5	2.5317824
280	333	6	2.5256786
280	11	7	2.5082965
280	823	8	2.4985244
280	539	9	2.4698834
280	244	10	2.4501436
281	1693	1	3.8379183
281	515	2	3.7557025
281	3017	3	3.7268925
281	913	4	3.5720897
281	1114	5	3.5514798
281	823	6	3.5154068
281	1016	7	3.4181323
281	692	8	3.2536705
281	920	9	3.1579356
281	1332	10	3.1325712
282	3795	1	4.406358
282	914	2	3.5664036
282	1263	3	3.4246826
282	1406	4	3.1772485
282	530	5	3.1390777
282	2125	6	3.1262665
282	1511	7	2.8077645
282	96	8	2.5756626
282	1156	9	2.2713284
282	39	10	2.254538
284	3251	1	3.7439213
284	1926	2	2.687551
284	937	3	2.5983796
284	688	4	2.5020323
284	1406	5	2.4793086
284	318	6	2.4699225
284	252	7	2.4643881
284	625	8	2.4193873
284	3275	9	2.2939353
284	1446	10	2.2700577
286	3795	1	4.674757
286	3307	2	4.3464394
286	914	3	3.9255366
286	2217	4	3.7617393
286	1263	5	3.7362025
286	530	6	3.5765243
286	277	7	3.4930596
286	1511	8	3.388493
286	147	9	2.958787
286	1854	10	2.8915765
287	1112	1	4.4413557
287	993	2	3.906467
287	1443	3	2.881905
287	1983	4	2.701032
287	2474	5	2.5304475
287	2125	6	2.4973683
287	985	7	2.470028
287	389	8	2.381826
287	305	9	2.3473892
287	1263	10	2.2935734
288	4021	1	4.6682744
288	1983	2	4.5895176
288	389	3	4.275754
288	860	4	4.04679
288	3795	5	3.5061193
288	2125	6	3.3854012
288	530	7	3.2918851
288	277	8	3.1736808
288	3251	9	3.1427112
288	1511	10	2.8541098
289	914	1	3.9764564
289	1263	2	3.7154012
289	530	3	3.4855762
289	1511	4	3.3573902
289	277	5	3.3440044
289	90	6	2.8800554
289	1926	7	2.8527102
289	1406	8	2.6346116
289	252	9	2.5521224
289	848	10	2.5019264
290	2125	1	3.9975533
290	914	2	3.9506552
290	1263	3	3.7207177
290	2217	4	3.581247
290	530	5	3.4533665
290	1511	6	3.3694556
290	277	7	3.366469
290	252	8	2.8474658
290	90	9	2.8249438
290	1926	10	2.7181907
291	389	1	4.4104996
291	1263	2	4.0125
291	3795	3	3.859797
291	277	4	3.7889314
291	2217	5	3.6781864
291	2125	6	3.6418276
291	3251	7	3.3214192
291	1511	8	3.2165594
291	848	9	2.8287864
291	1156	10	2.8260837
292	1112	1	5.2236977
292	3781	2	5.1165047
292	510	3	5.0742035
292	4020	4	5.058044
292	1594	5	4.9838085
292	109	6	4.8434286
292	936	7	4.8219843
292	993	8	4.749664
292	172	9	4.6946907
292	44	10	4.694193
293	4020	1	4.7025957
293	510	2	4.648658
293	109	3	4.557419
293	1594	4	4.5567837
293	936	5	4.4627047
293	993	6	4.4166155
293	80	7	4.3502116
293	77	8	4.3462276
293	44	9	4.284262
293	4021	10	4.1074286
294	4021	1	4.2478933
294	389	2	3.9287357
294	860	3	3.736556
294	1263	4	3.7053666
294	2125	5	3.3768373
294	530	6	3.3168535
294	277	7	3.1032987
294	3275	8	2.897628
294	3251	9	2.867588
294	688	10	2.6840527
295	3313	1	3.2906837
295	2125	2	3.2062063
295	3307	3	3.1043978
295	993	4	3.1023655
295	423	5	2.8108234
295	1926	6	2.6314807
295	1087	7	2.6117065
295	985	8	2.5842
295	1111	9	2.5746462
295	535	10	2.5241227
296	1689	1	3.9716468
296	24	2	3.8894877
296	485	3	3.8576193
296	676	4	3.3653457
296	1764	5	3.3611484
296	1285	6	3.3555984
296	732	7	3.3079476
296	339	8	3.3016963
296	2731	9	3.1941857
296	213	10	3.181997
297	1016	1	3.5456667
297	1332	2	3.367772
297	692	3	3.311575
297	982	4	3.1649427
297	1023	5	2.8788524
297	304	6	2.7930083
297	1526	7	2.7683554
297	934	8	2.5988936
297	184	9	2.567395
297	539	10	2.532348
299	3795	1	4.0717607
299	914	2	3.5888562
299	1263	3	3.3951354
299	2217	4	3.3252459
299	530	5	2.9706683
299	1511	6	2.9231825
299	277	7	2.8608894
299	252	8	2.715752
299	1139	9	2.6637492
299	147	10	2.5775642
300	732	1	3.525637
300	1016	2	3.4783623
300	391	3	3.1922224
300	149	4	3.1913624
300	945	5	3.163045
300	4	6	3.150496
300	1332	7	3.138157
300	1701	8	3.035098
300	2449	9	2.8539953
300	185	10	2.7911859
301	2125	1	3.8130748
301	3251	2	3.2437224
301	1688	3	3.162972
301	848	4	2.722375
301	2681	5	2.6603975
301	1029	6	2.4612012
301	96	7	2.3959477
301	1926	8	2.390378
301	571	9	2.3820133
301	191	10	2.3433464
302	192	1	5.5434313
302	1411	2	5.2634563
302	1648	3	4.750585
302	489	4	4.716913
302	149	5	4.57263
302	4	6	4.5255523
302	2576	7	4.3119764
302	185	8	4.262698
302	3017	9	4.2169557
302	534	10	4.038974
303	3781	1	4.0487494
303	80	2	3.800016
303	172	3	3.5808232
303	993	4	3.4559653
303	41	5	3.299524
303	389	6	3.2716963
303	2125	7	3.2282848
303	860	8	3.1955795
303	3795	9	3.125312
303	3307	10	3.103538
304	914	1	3.5649261
304	2217	2	3.2954369
304	1511	3	2.9609861
304	277	4	2.9207268
304	2125	5	2.869905
304	3795	6	2.8368902
304	1058	7	2.7050433
304	90	8	2.6371152
304	1688	9	2.4315777
304	3251	10	2.4228885
305	1926	1	3.7604795
305	3795	2	3.6302187
305	3307	3	3.5420747
305	530	4	3.1629577
305	147	5	3.0958176
305	277	6	3.0944316
305	1263	7	3.030538
305	948	8	2.8494477
305	914	9	2.8037357
305	1129	10	2.7286363
306	1594	1	3.317143
306	4029	2	3.0487804
306	1644	3	3.0073938
306	1633	4	3.0016577
306	109	5	2.9407551
306	77	6	2.9263325
306	2615	7	2.9118652
306	4020	8	2.8954196
306	1216	9	2.834906
306	1406	10	2.7362006
307	391	1	4.131181
307	1411	2	4.1134396
307	732	3	4.0210633
307	192	4	3.9746802
307	149	5	3.9635863
307	4	6	3.9193654
307	1701	7	3.8391435
307	185	8	3.7413626
307	1648	9	3.6931896
307	1693	10	3.5558157
308	389	1	3.1660583
308	4021	2	3.0651977
308	3795	3	3.0169795
308	3307	4	2.8777902
308	914	5	2.6863575
308	2125	6	2.6700113
308	2217	7	2.4493623
308	530	8	2.4108334
308	3251	9	2.4069266
308	527	10	2.0618625
309	3070	1	5.9135337
309	3700	2	5.684916
309	3107	3	5.619495
309	4308	4	5.4796486
309	3984	5	5.253741
309	4015	6	5.0879765
309	4211	7	5.0336857
309	3878	8	5.022915
309	2642	9	4.892503
309	4265	10	4.8829393
310	4	1	4.846139
310	1594	2	4.3520627
310	1023	3	4.2192917
310	70	4	4.2110453
310	551	5	4.153385
310	728	6	4.151941
310	807	7	4.1517572
310	4020	8	4.122278
310	71	9	4.0914497
310	7	10	4.083638
311	1648	1	3.7582545
311	489	2	3.7149115
311	192	3	3.6404572
311	1693	4	3.5019
311	913	5	3.2005346
311	14	6	3.1973732
311	692	7	3.1794083
311	2576	8	3.097926
311	3017	9	3.0527816
311	534	10	3.0066485
312	4029	1	2.8057854
312	504	2	2.7831182
312	2110	3	2.7344513
312	479	4	2.5720446
312	4	5	2.5528648
312	539	6	2.4280906
312	244	7	2.4173386
312	7	8	2.414588
312	1341	9	2.3677318
312	11	10	2.3627753
313	993	1	4.2650948
313	41	2	3.9911578
313	45	3	3.8913288
313	3795	4	3.8637795
313	985	5	3.4534206
313	530	6	3.3735414
313	3307	7	3.3564937
313	914	8	3.2173343
313	1854	9	3.210466
313	798	10	3.02337
315	3795	1	4.6297045
315	3307	2	4.330988
315	985	3	4.3072224
315	530	4	3.6689534
315	1263	5	3.6322775
315	147	6	3.601439
315	914	7	3.5818357
315	277	8	3.440821
315	141	9	3.429397
315	1083	10	3.4065547
316	914	1	3.6301253
316	530	2	3.4946666
316	2217	3	3.4673731
316	147	4	3.237189
316	1139	5	3.2135153
316	277	6	3.2082756
316	1854	7	3.1742325
316	1511	8	3.1443071
316	141	9	3.0522628
316	1083	10	2.899212
317	4	1	5.251138
317	149	2	5.152348
317	1868	3	5.1111674
317	383	4	5.011007
317	2628	5	4.9859033
317	148	6	4.9817348
317	1910	7	4.850425
317	1701	8	4.838106
317	264	9	4.7457724
317	1693	10	4.7114
318	77	1	3.5708654
318	4021	2	3.1854558
318	1156	3	3.0127182
318	535	4	2.987185
318	1983	5	2.9104395
318	1250	6	2.7755914
318	632	7	2.6296248
318	860	8	2.5516174
318	1644	9	2.549276
318	694	10	2.5491219
319	3795	1	3.750305
319	914	2	3.678389
319	2217	3	3.6558356
319	1511	4	2.8673377
319	90	5	2.7137632
319	96	6	2.6612294
319	252	7	2.3941364
319	848	8	2.394136
319	1058	9	2.3167057
319	1926	10	2.2725968
320	3795	1	4.123917
320	985	2	3.6560783
320	914	3	3.3402133
320	1926	4	3.1487527
320	530	5	3.1267977
320	1263	6	3.053784
320	2217	7	2.9932928
320	1511	8	2.9058871
320	1139	9	2.74629
320	141	10	2.599087
321	4021	1	3.7884133
321	1029	2	3.5438066
321	1263	3	3.4675307
321	389	4	3.387392
321	1893	5	3.1678052
321	805	6	3.158003
321	1156	7	3.0265412
321	1148	8	2.9957888
321	277	9	2.976184
321	530	10	2.943758
322	530	1	2.4928951
322	1263	2	2.42901
322	1144	3	2.324895
322	277	4	2.2844448
322	805	5	2.1242263
322	625	6	1.9966512
322	206	7	1.8276303
322	943	8	1.8263148
322	96	9	1.7130858
322	1681	10	1.6909704
323	1263	1	3.6292875
323	1511	2	3.480667
323	1926	3	3.4006495
323	90	4	2.82918
323	1139	5	2.8200588
323	147	6	2.7443871
323	252	7	2.7010372
323	1406	8	2.6802711
323	1854	9	2.666078
323	96	10	2.6480455
324	3795	1	4.4145026
324	3307	2	4.1701756
324	1854	3	3.9911652
324	147	4	3.848699
324	1263	5	3.6762283
324	530	6	3.6357827
324	1083	7	3.605258
324	277	8	3.6040695
324	1129	9	3.5496259
324	948	10	3.445032
325	4	1	3.8781223
325	515	2	3.2143292
325	1693	3	3.2095194
325	913	4	3.1076136
325	1689	5	3.038578
325	823	6	2.986053
325	2449	7	2.9184422
325	304	8	2.8283777
325	920	9	2.8060863
325	627	10	2.76579
326	692	1	3.383665
326	4	2	3.145811
326	1701	3	3.1198888
326	149	4	3.0851207
326	391	5	3.042972
326	185	6	2.9614818
326	913	7	2.8738832
326	4016	8	2.5776
326	635	9	2.5770993
326	2965	10	2.5734563
328	4	1	4.9697328
328	149	2	4.961192
328	185	3	4.909309
328	1701	4	4.666234
328	1693	5	4.57401
328	515	6	4.462826
328	913	7	4.175417
328	823	8	4.0757666
328	3017	9	3.7372718
328	920	10	3.7350206
330	920	1	3.7353451
330	1114	2	3.662191
330	201	3	3.6122015
330	2576	4	3.607632
330	982	5	3.485977
330	1313	6	3.3134437
330	1016	7	3.2145667
330	1023	8	3.2039182
330	7	9	3.0294108
330	1332	10	2.9895062
331	993	1	4.83162
331	80	2	4.7798176
331	322	3	4.4886627
331	41	4	4.266162
331	45	5	4.138646
331	3795	6	4.108419
331	3307	7	4.0078506
331	1926	8	3.9317899
331	985	9	3.7946043
331	914	10	3.3571033
332	389	1	4.441412
332	860	2	4.2686276
332	2125	3	3.7155533
332	3251	4	3.3220332
332	252	5	2.7484303
332	1688	6	2.7108936
332	1058	7	2.529252
332	1029	8	2.499786
332	1926	9	2.4792695
332	1156	10	2.4644322
333	41	1	3.007918
333	993	2	2.9305077
333	45	3	2.8825083
333	1129	4	2.606987
333	1263	5	2.5367627
333	403	6	2.3936105
333	141	7	2.3429184
333	914	8	2.2840714
333	1511	9	2.2798028
333	3307	10	2.2146997
334	4021	1	5.5568953
334	510	2	5.388796
334	389	3	5.2900834
334	860	4	5.0765204
334	3781	5	5.0725675
334	172	6	4.884077
334	1359	7	4.781597
334	44	8	4.772874
334	993	9	4.7005167
334	2125	10	4.5886536
335	3795	1	4.3316545
335	3307	2	4.052292
335	1263	3	3.729227
335	914	4	3.657372
335	530	5	3.6199243
335	277	6	3.4394743
335	2217	7	3.4072993
335	1139	8	3.3499832
335	147	9	3.3251486
335	1854	10	3.2471583
336	1594	1	2.9311905
336	1263	2	2.8238683
336	1029	3	2.7336915
336	194	4	2.7067955
336	2181	5	2.6278207
336	1443	6	2.6055074
336	2365	7	2.577467
336	1953	8	2.5152779
336	1111	9	2.5062962
336	1246	10	2.3806605
337	1755	1	2.388148
337	248	2	2.2221372
337	1681	3	2.1569917
337	937	4	2.08919
337	1926	5	2.047029
337	1775	6	1.961298
337	1238	7	1.9332845
337	1654	8	1.9029886
337	1139	9	1.8913722
337	2681	10	1.891294
338	389	1	3.6848426
338	1263	2	3.5805154
338	277	3	3.1786807
338	530	4	3.1783438
338	2125	5	3.0047317
338	1029	6	2.6627243
338	1156	7	2.5956507
338	1893	8	2.4835694
338	252	9	2.4431224
338	848	10	2.4277296
339	3795	1	3.6978092
339	2125	2	3.012454
339	848	3	2.6097143
339	1511	4	2.553166
339	1688	5	2.3911371
339	3251	6	2.363277
339	3275	7	2.2944975
339	115	8	2.1036754
339	8	9	2.0997682
339	1238	10	2.085751
340	914	1	4.3447113
340	1511	2	3.6569996
340	1926	3	3.0249662
340	848	4	2.8497674
340	252	5	2.8333383
340	1156	6	2.7765636
340	3275	7	2.6890392
340	96	8	2.654653
340	1058	9	2.6262488
340	1688	10	2.5345874
341	993	1	5.341128
341	80	2	5.3333673
341	322	3	4.9019794
341	3795	4	4.8898277
341	45	5	4.721012
341	41	6	4.6705036
341	1926	7	4.616235
341	3307	8	4.2957726
341	985	9	4.293863
341	147	10	3.7415857
342	4	1	3.8912675
342	1693	2	3.4144735
342	1016	3	3.3200822
342	1114	4	2.9640634
342	913	5	2.863809
342	920	6	2.8464947
342	1526	7	2.8252177
342	982	8	2.4527943
342	1539	9	2.4388962
342	2031	10	2.3513298
343	4021	1	3.7544625
343	1983	2	3.5627978
343	389	3	3.2603002
343	860	4	3.2327793
343	1263	5	3.1216624
343	530	6	2.8700418
343	277	7	2.8239486
343	1156	8	2.7375293
343	2125	9	2.7277548
343	1029	10	2.5212765
344	4029	1	4.059597
344	1672	2	3.9030294
344	993	3	3.8749092
344	109	4	3.8436348
344	1594	5	3.7865896
344	77	6	3.7497025
344	4020	7	3.7477398
344	1983	8	3.2929282
344	3307	9	3.2599525
344	389	10	3.151084
345	192	1	4.573595
345	489	2	3.9702
345	1648	3	3.9330215
345	7	4	3.7496178
345	1114	5	3.6435816
345	1484	6	3.5077024
345	70	7	3.4861574
345	539	8	3.391625
345	2576	9	3.380045
345	244	10	3.3026896
346	4	1	3.5668707
346	185	2	3.3619215
346	1701	3	3.331769
346	627	4	3.137879
346	913	5	3.04077
346	1693	6	2.9279969
346	2965	7	2.8765645
346	515	8	2.8737984
346	151	9	2.8652873
346	125	10	2.806075
347	914	1	4.0066767
347	389	2	3.9101717
347	1511	3	3.3500257
347	530	4	3.3475738
347	277	5	3.2363093
347	2125	6	3.231959
347	1156	7	2.8912966
347	1058	8	2.811598
347	3251	9	2.7734132
347	3275	10	2.6276612
348	3017	1	4.3907304
348	1016	2	4.1192474
348	1114	3	3.977123
348	945	4	3.8697658
348	1332	5	3.8029299
348	692	6	3.7193916
348	732	7	3.578854
348	1689	8	3.5731974
348	304	9	3.5012205
348	2449	10	3.3995333
349	4	1	4.3569136
349	201	2	4.252879
349	4017	3	4.1991935
349	431	4	4.182946
349	732	5	4.1514044
349	24	6	4.1277
349	109	7	4.0374966
349	3072	8	4.020233
349	1313	9	4.008768
349	551	10	4.0086346
350	3795	1	4.6450973
350	2125	2	4.2636337
350	3251	3	3.9204218
350	1058	4	3.0929973
350	848	5	3.060238
350	1926	6	2.978446
350	252	7	2.663415
350	1406	8	2.655559
350	39	9	2.4061675
350	1139	10	2.3649945
351	993	1	4.7718735
351	322	2	4.188758
351	41	3	4.050509
351	45	4	4.027761
351	3795	5	3.884724
351	985	6	3.865635
351	3307	7	3.8350441
351	530	8	3.2581625
351	914	9	3.161872
351	1263	10	3.1293051
352	3795	1	4.4299755
352	3307	2	3.992857
352	1926	3	3.7757773
352	914	4	3.6737015
352	530	5	3.46756
352	1263	6	3.4420485
352	2217	7	3.3737583
352	1511	8	3.1926827
352	277	9	3.1776
352	1139	10	3.0469031
353	353	1	3.9710674
353	3273	2	3.9365125
353	1112	3	3.8905277
353	1341	4	3.7747025
353	1066	5	3.7330074
353	3781	6	3.7255824
353	510	7	3.7150083
353	4020	8	3.713314
353	1091	9	3.7009544
353	109	10	3.6119394
354	4	1	4.264211
354	1693	2	3.8870888
354	913	3	3.8816538
354	201	4	3.3618424
354	920	5	3.2800205
354	982	6	3.1903963
354	3017	7	3.0344863
354	1016	8	2.9523714
354	1313	9	2.9290187
354	1023	10	2.898702
355	3307	1	3.2589707
355	3795	2	3.2427435
355	277	3	2.9616477
355	141	4	2.7833943
355	2217	5	2.6491213
355	252	6	2.6006532
355	914	7	2.5891504
355	161	8	2.3628607
355	848	9	2.2507014
355	126	10	2.149293
357	3795	1	3.8194127
357	914	2	3.6010988
357	1263	3	3.4075167
357	1511	4	3.067007
357	277	5	2.842538
357	1926	6	2.6150808
357	848	7	2.427886
357	252	8	2.424758
357	1156	9	2.421048
357	1058	10	2.4196067
358	389	1	4.005476
358	1263	2	3.453471
358	2125	3	3.4533737
358	3251	4	2.8616776
358	1156	5	2.80158
358	3275	6	2.648525
358	96	7	2.6004086
358	1406	8	2.562595
358	848	9	2.5502055
358	1688	10	2.5453906
359	77	1	5.122534
359	510	2	5.108983
359	4021	3	5.0360327
359	1983	4	5.0245466
359	1112	5	4.961197
359	1672	6	4.8868065
359	3781	7	4.7491913
359	1359	8	4.640716
359	44	9	4.608548
359	389	10	4.4951196
360	4021	1	4.6861153
360	860	2	4.317588
360	389	3	4.1896467
360	993	4	4.037973
360	41	5	3.859801
360	45	6	3.7705398
360	2125	7	3.7575493
360	3795	8	3.6875165
360	3251	9	3.5597625
360	985	10	3.39814
361	1648	1	4.132844
361	489	2	4.056056
361	7	3	4.051428
361	1114	4	3.9843056
361	1484	5	3.9496837
361	539	6	3.8977776
361	215	7	3.8650012
361	70	8	3.8611917
361	1368	9	3.8346128
361	488	10	3.782154
362	3795	1	4.42864
362	3307	2	4.066132
362	1263	3	3.887962
362	530	4	3.7530966
362	1854	5	3.607554
362	147	6	3.5965674
362	277	7	3.5485682
362	914	8	3.5421991
362	141	9	3.420043
362	1083	10	3.399331
363	3795	1	4.597844
363	1263	2	4.274518
363	914	3	4.192813
363	2125	4	4.129616
363	2217	5	3.9186704
363	3251	6	3.7257116
363	1511	7	3.4896235
363	90	8	3.0293975
363	848	9	3.0106528
363	1058	10	3.0009038
364	1263	1	3.5661693
364	2125	2	3.1821256
364	1156	3	2.9858716
364	1148	4	2.8223944
364	1144	5	2.7121854
364	3251	6	2.5996401
364	1636	7	2.5689695
364	1042	8	2.5675893
364	2681	9	2.5532508
364	191	10	2.5067332
365	510	1	5.428959
365	1341	2	5.1986303
365	1091	3	5.1700363
365	1112	4	5.096712
365	3273	5	5.077557
365	721	6	5.037018
365	1066	7	5.0247498
365	1578	8	4.974748
365	3781	9	4.9663963
365	1672	10	4.8592453
366	913	1	3.826934
366	1114	2	3.4028144
366	3017	3	3.367918
366	2576	4	3.280505
366	982	5	3.134437
366	1016	6	3.0614634
366	692	7	3.0021963
366	1313	8	2.8874307
366	1689	9	2.8177834
366	945	10	2.7022047
367	389	1	3.4218035
367	1511	2	3.005922
367	3795	3	2.8550327
367	2125	4	2.6262903
367	3251	5	2.3799388
367	1633	6	2.3548415
367	3275	7	2.290872
367	1688	8	2.2260747
367	848	9	2.2164788
367	1522	10	2.17733
369	2125	1	4.04769
369	3251	2	3.6868198
369	277	3	3.1337638
369	1926	4	3.03949
369	1406	5	2.6511383
369	1139	6	2.5181198
369	252	7	2.4552908
369	1156	8	2.4214106
369	147	9	2.3570013
369	848	10	2.3060002
370	3795	1	4.572526
370	3307	2	4.290784
370	914	3	3.9243572
370	1263	4	3.6452782
370	2217	5	3.4411695
370	530	6	3.3861809
370	1511	7	3.3632383
370	277	8	3.3218982
370	147	9	3.1592155
370	1854	10	3.0638046
371	4021	1	4.093169
371	1983	2	3.839375
371	389	3	3.5091698
371	2320	4	2.86016
371	2125	5	2.8374786
371	1029	6	2.668317
371	571	7	2.4948018
371	2035	8	2.3762856
371	1238	9	2.343045
371	2560	10	2.2061715
372	389	1	4.6328664
372	3307	2	4.357559
372	2125	3	4.1649504
372	985	4	4.1431293
372	1511	5	3.7933133
372	3251	6	3.6889904
372	1263	7	3.2769985
372	530	8	3.239672
372	90	9	3.121859
372	277	10	3.0973215
373	3795	1	4.220737
373	3307	2	4.162071
373	2125	3	3.8468776
373	914	4	3.754879
373	3251	5	3.466619
373	1263	6	3.4520738
373	530	7	3.2880495
373	277	8	3.227693
373	1511	9	3.199905
373	90	10	2.906589
374	993	1	5.123296
374	45	2	4.661867
374	3795	3	4.412225
374	3307	4	4.22832
374	985	5	4.1763864
374	914	6	4.033405
374	2125	7	4.029318
374	2217	8	3.609957
374	1263	9	3.580726
374	530	10	3.3650246
375	4021	1	5.276318
375	389	2	4.8270006
375	860	3	4.653018
375	914	4	4.4730697
375	2125	5	4.1421514
375	1511	6	3.8190029
375	3251	7	3.7125127
375	1263	8	3.6887026
375	530	9	3.5734296
375	277	10	3.4214106
376	1648	1	4.1029325
376	489	2	4.043759
376	913	3	4.015469
376	2576	4	3.5667408
376	920	5	3.554595
376	3017	6	3.4577613
376	1114	7	3.390513
376	534	8	3.3547301
376	580	9	3.3303444
376	201	10	3.3112836
377	1114	1	3.5532265
377	149	2	3.3571167
377	4	3	3.3396142
377	391	4	3.3215737
377	1701	5	3.3126228
377	1332	6	3.2893999
377	185	7	3.0549512
377	692	8	3.029376
377	1689	9	2.9723122
377	2965	10	2.903811
378	3795	1	3.5150607
378	3307	2	3.3493466
378	1511	3	3.256383
378	1926	4	3.0619307
378	914	5	3.0504827
378	2217	6	2.9460564
378	1263	7	2.9183366
378	530	8	2.5602489
378	1083	9	2.3584404
378	141	10	2.3214068
379	492	1	4.180465
379	4017	2	4.06956
379	40	3	3.9563503
379	200	4	3.897932
379	895	5	3.8867195
379	672	6	3.7659364
379	108	7	3.736032
379	4029	8	3.612376
379	168	9	3.5949774
379	369	10	3.517002
380	993	1	5.091009
380	3795	2	4.673422
380	45	3	4.6716394
380	41	4	4.655799
380	3307	5	4.18923
380	985	6	4.108489
380	914	7	3.8163717
380	1263	8	3.499671
380	2217	9	3.4926581
380	530	10	3.444148
381	1332	1	3.3879926
381	73	2	3.3168316
381	24	3	3.3134763
381	485	4	3.3124034
381	1689	5	2.953707
381	135	6	2.9425876
381	1526	7	2.8465133
381	391	8	2.8262424
381	82	9	2.8169422
381	149	10	2.7630796
382	3795	1	3.8171005
382	914	2	3.7591763
382	2217	3	3.6934843
382	3251	4	3.645602
382	1511	5	3.1444986
382	1058	6	2.89948
382	848	7	2.7233536
382	1926	8	2.7209768
382	90	9	2.7108386
382	1406	10	2.5782616
383	3795	1	3.6801558
383	96	2	2.7133484
383	848	3	2.623413
383	1926	4	2.4350471
383	1681	5	2.400322
383	1156	6	2.3459876
383	252	7	2.3085647
383	318	8	2.2734442
383	1238	9	2.1858068
383	1058	10	2.179513
384	485	1	4.425086
384	2628	2	4.4074235
384	24	3	4.3698773
384	73	4	4.367604
384	383	5	4.3480115
384	1868	6	4.325194
384	148	7	4.317772
384	3075	8	4.2895284
384	213	9	4.2879877
384	82	10	4.0633287
385	3307	1	4.454541
385	914	2	4.17019
385	2217	3	3.8095732
385	1926	4	3.7642965
385	1263	5	3.724331
385	1511	6	3.6399393
385	530	7	3.608941
385	277	8	3.3706398
385	1139	9	3.0833187
385	147	10	3.0387945
386	172	1	4.219178
386	1129	2	4.1149545
386	993	3	4.0473137
386	798	4	3.9834151
386	80	5	3.933159
386	3795	6	3.7833116
386	702	7	3.7701297
386	405	8	3.6754918
386	322	9	3.628634
386	985	10	3.5617287
387	641	1	3.4218156
387	184	2	3.3425765
387	49	3	3.2946615
387	200	4	3.2131147
387	201	5	3.1991615
387	622	6	3.196845
387	4	7	3.195766
387	40	8	3.1862652
387	431	9	3.1791806
387	895	10	3.1767778
388	1112	1	4.2610846
388	1341	2	4.2474813
388	510	3	4.152914
388	1091	4	4.0708246
388	3781	5	3.950167
388	3273	6	3.9317186
388	1359	7	3.7597432
388	172	8	3.7399917
388	44	9	3.7399197
388	80	10	3.6383717
389	914	1	4.0102553
389	1263	2	3.765068
389	2125	3	3.7407484
389	2217	4	3.6475127
389	530	5	3.429436
389	1511	6	3.4290006
389	277	7	3.3636265
389	3251	8	3.3193054
389	252	9	2.9242687
389	90	10	2.9050941
390	3795	1	3.8865275
390	2125	2	3.5144477
390	1263	3	3.4508622
390	2217	4	3.4108229
390	914	5	3.4066234
390	1406	6	3.1709204
390	277	7	3.1203601
390	3251	8	3.051739
390	530	9	3.0298312
390	1511	10	2.6407773
391	1112	1	4.355677
391	44	2	4.126935
391	322	3	3.707979
391	914	4	3.6827996
391	993	5	3.5660434
391	45	6	3.3928108
391	3795	7	3.3008952
391	3352	8	3.2833996
391	389	9	3.2245233
391	41	10	3.171126
393	2628	1	4.9584646
393	1910	2	4.957541
393	4	3	4.911666
393	1234	4	4.813631
393	1697	5	4.7889395
393	149	6	4.694086
393	185	7	4.4868765
393	34	8	4.427706
393	1411	9	4.3758087
393	192	10	4.3666
394	1910	1	4.9082184
394	2628	2	4.671796
394	1234	3	4.515888
394	264	4	4.4469447
394	1411	5	4.2492733
394	34	6	4.169942
394	913	7	4.165474
394	192	8	4.141021
394	1693	9	4.0165324
394	1648	10	3.8030438
395	192	1	4.2178154
395	1648	2	3.8390145
395	489	3	3.6184955
395	539	4	3.4729083
395	1484	5	3.4621956
395	184	6	3.4001534
395	7	7	3.372945
395	529	8	3.2492762
395	1368	9	3.2454295
395	2576	10	3.2399886
396	44	1	2.8180346
396	753	2	2.5186746
396	45	3	2.5060427
396	985	4	2.4373493
396	405	5	2.3726754
396	80	6	2.322825
396	702	7	2.273251
396	993	8	2.1858737
396	264	9	2.163787
396	41	10	2.1125605
397	3307	1	3.2089694
397	3795	2	3.128139
397	530	3	2.8707833
397	277	4	2.803125
397	914	5	2.6970968
397	2217	6	2.5383656
397	252	7	2.258517
397	1511	8	2.1288688
397	96	9	2.0931988
397	1058	10	2.0355616
398	2965	1	3.070242
398	627	2	2.9838433
398	913	3	2.9538693
398	2631	4	2.8792934
398	515	5	2.8769107
398	304	6	2.852978
398	371	7	2.7793021
398	934	8	2.6779737
398	920	9	2.663235
398	125	10	2.6627223
399	4021	1	4.291884
399	389	2	4.283233
399	914	3	3.940845
399	2217	4	3.764503
399	2125	5	3.6311283
399	1263	6	3.5558462
399	90	7	3.2262921
399	1511	8	3.1572695
399	3251	9	2.9929028
399	277	10	2.9112825
400	1112	1	5.4022903
400	993	2	4.8202443
400	77	3	4.6439686
400	4021	4	4.377723
400	1983	5	4.301673
400	3795	6	4.282404
400	3307	7	4.1160192
400	914	8	4.038335
400	389	9	3.9216847
400	985	10	3.9178956
401	3795	1	4.6471972
401	2125	2	4.2909584
401	914	3	4.255316
401	3251	4	3.9287834
401	2217	5	3.844797
401	1263	6	3.6620994
401	1511	7	3.6184554
401	530	8	3.53077
401	277	9	3.254236
401	1926	10	3.1490822
402	3795	1	3.525917
402	1263	2	3.332789
402	1511	3	3.108667
402	2125	4	3.080223
402	3251	5	2.8193784
402	1156	6	2.4637446
402	625	7	2.3724523
402	3275	8	2.3649368
402	1406	9	2.286183
402	1688	10	2.2304678
403	985	1	4.165946
403	3795	2	4.081518
403	1263	3	3.9025779
403	389	4	3.6340744
403	1511	5	3.6250303
403	2217	6	3.565639
403	277	7	3.532959
403	2125	8	3.1472342
403	1058	9	3.1240063
403	1755	10	3.1043782
404	914	1	4.306923
404	2217	2	4.0351443
404	1511	3	3.7787714
404	1926	4	3.5861893
404	90	5	3.1258638
404	1139	6	3.0439725
404	848	7	2.9505663
404	1156	8	2.9503706
404	147	9	2.905372
404	1058	10	2.8677175
406	4	1	5.004244
406	1701	2	4.566676
406	489	3	4.4555235
406	1693	4	4.362734
406	515	5	4.3456798
406	913	6	4.3355417
406	2576	7	4.0975738
406	1114	8	4.030818
406	3017	9	4.010739
406	823	10	3.9824758
407	914	1	4.202729
407	2217	2	3.7074242
407	1263	3	3.6355557
407	1511	4	3.5197148
407	530	5	3.3403502
407	277	6	3.1979444
407	90	7	3.170051
407	252	8	2.957533
407	1156	9	2.8569434
407	1926	10	2.7978659
408	389	1	3.8936267
408	2125	2	3.171073
408	3251	3	2.7153587
408	1755	4	2.3438048
408	96	5	2.252761
408	1633	6	2.2474422
408	1688	7	2.2069564
408	937	8	2.0060892
408	318	9	1.9961711
408	1321	10	1.9617403
409	3251	1	4.5110683
409	914	2	4.300989
409	1263	3	4.0026064
409	1926	4	3.6654506
409	2217	5	3.5961018
409	530	6	3.5768456
409	277	7	3.48248
409	1139	8	3.1210492
409	252	9	3.0463095
409	147	10	2.9157696
410	80	1	3.7004457
410	41	2	3.628854
410	45	3	3.4780784
410	322	4	3.4434972
410	985	5	3.2655888
410	530	6	3.0614762
410	3307	7	3.0415423
410	277	8	2.8499355
410	3795	9	2.8157601
410	1263	10	2.7855148
411	1016	1	3.1020088
411	1693	2	2.78169
411	913	3	2.714885
411	982	4	2.636773
411	1399	5	2.5126925
411	1114	6	2.5002613
411	783	7	2.4697986
411	2149	8	2.4153736
411	304	9	2.305246
411	787	10	2.3046887
412	1411	1	5.0149293
412	823	2	4.7497406
412	920	3	4.570217
412	1648	4	4.307619
412	489	5	4.085425
412	1023	6	3.9761443
412	1313	7	3.8765676
412	7	8	3.7692933
412	539	9	3.6698253
412	2576	10	3.6681406
413	993	1	4.0913477
413	322	2	3.9680347
413	41	3	3.7459748
413	3795	4	3.636609
413	45	5	3.4645448
413	985	6	3.4556468
413	948	7	3.44978
413	1129	8	3.4371967
413	161	9	3.3752708
413	798	10	3.269952
414	3307	1	3.8141432
414	4021	2	3.5612502
414	1983	3	3.4405754
414	985	4	3.251523
414	805	5	3.0361714
414	389	6	3.0235462
414	1029	7	2.9090693
414	860	8	2.823685
414	2125	9	2.6765828
414	1831	10	2.6511972
415	3307	1	3.7531986
415	2125	2	3.5773911
415	3251	3	3.181115
415	1511	4	3.1680827
415	1263	5	3.1336043
415	530	6	3.0102139
415	277	7	2.8328638
415	1926	8	2.60427
415	3275	9	2.483953
415	688	10	2.4586072
416	3795	1	3.8783567
416	4021	2	3.7209053
416	1263	3	3.4622285
416	389	4	3.2927227
416	860	5	3.1058903
416	530	6	2.842198
416	2125	7	2.7518134
416	277	8	2.669394
416	1156	9	2.5537124
416	2503	10	2.4352422
417	1313	1	2.4487557
417	1004	2	2.3201632
417	58	3	2.2666721
417	635	4	2.2499566
417	4016	5	2.1743422
417	806	6	2.171352
417	510	7	2.161106
417	275	8	2.1288884
417	7	9	2.1272871
417	1091	10	2.1104612
419	993	1	3.9259834
419	4021	2	3.844576
419	985	3	3.1508677
419	389	4	3.119213
419	3307	5	2.838419
419	2125	6	2.7620833
419	860	7	2.717217
419	3251	8	2.6083903
419	1263	9	2.5977716
419	914	10	2.5127928
420	44	1	4.2626333
420	993	2	4.160883
420	77	3	3.967516
420	4021	4	3.8124301
420	41	5	3.8025227
420	322	6	3.675043
420	45	7	3.6438699
420	1983	8	3.589559
420	3795	9	3.4289217
420	860	10	3.3705754
421	77	1	5.3674793
421	4021	2	5.1636076
421	1983	3	5.059182
421	41	4	4.8127937
421	389	5	4.642499
421	45	6	4.630934
421	860	7	4.462287
421	985	8	4.379053
421	3795	9	4.1711073
421	1263	10	3.9443612
422	3307	1	4.149397
422	914	2	3.634191
422	985	3	3.5714436
422	1926	4	3.557866
422	2217	5	3.3776293
422	530	6	3.084979
422	1263	7	3.0719023
422	1511	8	3.0159564
422	147	9	3.0142548
422	1854	10	2.9451878
424	3275	1	2.68384
424	1926	2	2.6173275
424	1688	3	2.5902815
424	1406	4	2.2485461
424	1633	5	2.2394588
424	848	6	2.2375803
424	2503	7	2.1936135
424	805	8	2.1730008
424	1029	9	2.0802746
424	96	10	2.065926
427	4020	1	4.374545
427	4029	2	4.346315
427	806	3	4.34075
427	1594	4	4.273112
427	936	5	4.223962
427	1091	6	4.1718345
427	109	7	4.1666336
427	77	8	4.139824
427	1112	9	4.136753
427	353	10	4.1123033
428	489	1	3.4056253
428	539	2	3.0047774
428	4016	3	2.9906297
428	2576	4	2.9899807
428	3795	5	2.9707294
428	3017	6	2.9598093
428	7	7	2.9465723
428	1114	8	2.9209323
428	184	9	2.8689673
428	488	10	2.8530993
429	993	1	4.8452625
429	41	2	4.5452023
429	3795	3	4.236806
429	2125	4	4.200946
429	3307	5	4.021021
429	3251	6	3.952732
429	985	7	3.9195127
429	914	8	3.8204603
429	2217	9	3.5170822
429	1263	10	3.46241
430	4	1	4.639346
430	3017	2	4.2720904
430	515	3	4.144888
430	1693	4	4.058335
430	913	5	3.982824
430	1114	6	3.9286222
430	1332	7	3.7128062
430	823	8	3.656756
430	920	9	3.4179492
430	1689	10	3.295944
431	1636	1	4.0189676
431	3307	2	3.865545
431	1672	3	3.858913
431	1112	4	3.7697842
431	1111	5	3.2741983
431	993	6	3.2436826
431	456	7	3.2352896
431	2110	8	3.230796
431	84	9	3.1778889
431	1644	10	3.1759145
432	1594	1	5.493477
432	4020	2	5.386952
432	1578	3	5.2743244
432	58	4	5.2076654
432	1112	5	5.1722765
432	430	6	5.1646066
432	50	7	5.15882
432	1066	8	5.1360807
432	806	9	5.1308064
432	333	10	5.067071
433	2628	1	5.5451984
433	1234	2	5.466625
433	1697	3	5.1092463
433	1411	4	4.883975
433	192	5	4.843645
433	732	6	4.521635
433	1648	7	4.325421
433	489	8	4.277612
433	149	9	4.2430387
433	4	10	4.2057776
434	4	1	5.0560675
434	24	2	4.910615
434	672	3	4.773554
434	3072	4	4.6910205
434	4029	5	4.6298065
434	1594	6	4.547346
434	1313	7	4.4586735
434	4020	8	4.437173
434	1023	9	4.3801217
434	19	10	4.3721004
435	993	1	4.4297013
435	45	2	3.8466325
435	985	3	3.8428607
435	3307	4	3.7419899
435	3795	5	3.5966325
435	914	6	3.2011662
435	1926	7	3.1498053
435	530	8	3.0816507
435	1263	9	3.0553675
435	2217	10	3.049058
436	2125	1	4.3010054
436	3251	2	3.9808798
436	914	3	3.8825161
436	2217	4	3.5554342
436	1511	5	3.4597352
436	1926	6	3.365468
436	530	7	3.2915623
436	1263	8	3.1574001
436	277	9	2.9331067
436	90	10	2.7972193
437	4	1	3.8073668
437	1701	2	3.5791652
437	2965	3	3.501809
437	386	4	3.3306427
437	1693	5	3.1806276
437	913	6	3.1691527
437	515	7	3.0276086
437	339	8	3.021178
437	558	9	2.9729714
437	4050	10	2.9285076
438	2125	1	3.9824836
438	3251	2	3.791831
438	3795	3	3.7463398
438	1263	4	3.339066
438	914	5	3.2590978
438	1926	6	2.9763947
438	147	7	2.5290604
438	1139	8	2.5013325
438	848	9	2.3836226
438	1156	10	2.3580408
439	2217	1	3.6996965
439	2125	2	3.61422
439	1511	3	3.2749367
439	3251	4	3.2481835
439	90	5	2.8180103
439	1058	6	2.8139715
439	1156	7	2.6405892
439	848	8	2.5789032
439	1321	9	2.5661764
439	96	10	2.5442438
440	4021	1	5.034362
440	389	2	4.951684
440	510	3	4.6771526
440	2125	4	4.4799337
440	3251	5	4.162502
440	172	6	4.100362
440	44	7	4.029592
440	1926	8	3.9204583
440	993	9	3.9174676
440	80	10	3.9092522
441	3795	1	3.9825091
441	2217	2	3.567177
441	914	3	3.5103664
441	1926	4	3.118304
441	1511	5	2.981494
441	96	6	2.8019748
441	848	7	2.7308478
441	1156	8	2.6924508
441	90	9	2.6212091
441	147	10	2.6076105
442	2576	1	4.376592
442	4	2	4.3707795
442	3017	3	4.296751
442	534	4	4.2073107
442	1114	5	4.1357517
442	1701	6	4.1036615
442	580	7	4.099076
442	1016	8	3.9114995
442	1693	9	3.8144882
442	913	10	3.7527313
443	3017	1	4.040425
443	24	2	3.7500246
443	732	3	3.5323024
443	391	4	3.2499807
443	149	5	3.0043554
443	627	6	2.9861655
443	4	7	2.9715097
443	1526	8	2.8262682
443	185	9	2.7855594
443	379	10	2.7335563
444	2217	1	3.1457534
444	985	2	3.11058
444	3251	3	2.919987
444	1511	4	2.8108222
444	935	5	2.7837892
444	160	6	2.7453094
444	90	7	2.5053358
444	346	8	2.5043182
444	837	9	2.4391794
444	1867	10	2.397397
445	913	1	4.036312
445	1114	2	3.7758498
445	580	3	3.7425508
445	3017	4	3.7385793
445	534	5	3.664272
445	920	6	3.5051198
445	1016	7	3.499928
445	201	8	3.3065395
445	945	9	3.2863836
445	982	10	3.2444854
446	2965	1	3.5561726
446	1701	2	3.2855566
446	515	3	3.0297751
446	1693	4	3.027818
446	913	5	3.0236359
446	823	6	2.8572528
446	1768	7	2.8388376
446	2631	8	2.7881937
446	1240	9	2.688465
446	263	10	2.6229868
447	4021	1	5.9121184
447	389	2	5.488945
447	860	3	5.2117996
447	993	4	5.1370583
447	41	5	4.767222
447	322	6	4.703457
447	2125	7	4.6698246
447	3795	8	4.5542693
447	45	9	4.478169
447	985	10	4.453621
448	3795	1	3.9989333
448	914	2	3.5556917
448	2217	3	3.2920628
448	1263	4	3.19951
448	277	5	3.1757522
448	1511	6	3.122767
448	1926	7	3.0752895
448	252	8	2.8371556
448	147	9	2.435081
448	848	10	2.419498
449	993	1	4.5004582
449	3795	2	4.1209874
449	45	3	3.957749
449	3307	4	3.5297909
449	147	5	3.469266
449	985	6	3.4162076
449	141	7	3.3670945
449	1083	8	3.3195624
449	948	9	3.2600346
449	914	10	3.1433702
451	914	1	3.9649916
451	1263	2	3.811097
451	530	3	3.7622738
451	1926	4	3.6627975
451	2217	5	3.657537
451	277	6	3.5918097
451	1511	7	3.3886876
451	147	8	2.9636872
451	1139	9	2.941511
451	90	10	2.7839217
452	3795	1	4.6276712
452	914	2	4.26188
452	2125	3	4.084507
452	3251	4	3.7592912
452	1511	5	3.5169597
452	1156	6	3.147965
452	1926	7	3.0310056
452	1058	8	2.9953122
452	848	9	2.7906854
452	625	10	2.7084706
453	3795	1	4.1308804
453	3307	2	3.6171627
453	985	3	3.4669867
453	914	4	3.3290796
453	2217	5	3.2747035
453	1926	6	3.0637975
453	1263	7	2.8531766
453	530	8	2.832661
453	1511	9	2.7323265
453	147	10	2.7008624
454	192	1	4.6562176
454	4	2	4.2379084
454	1701	3	4.1024876
454	489	4	3.9572868
454	185	5	3.9150634
454	1693	6	3.547718
454	2576	7	3.4967184
454	3017	8	3.4505377
454	534	9	3.3883915
454	823	10	3.3335898
455	389	1	5.635497
455	860	2	5.5012836
455	993	3	5.1450377
455	2125	4	5.099393
455	322	5	4.7981167
455	3251	6	4.6831136
455	3795	7	4.6200533
455	45	8	4.580787
455	41	9	4.5489917
455	1926	10	4.2073016
456	914	1	3.637403
456	2217	2	3.6329122
456	1263	3	3.4796832
456	3307	4	3.3699255
456	1983	5	3.2338362
456	1511	6	3.1105227
456	4021	7	3.0641322
456	389	8	2.9146523
456	90	9	2.8784556
456	860	10	2.7109473
457	1893	1	2.9023402
457	1831	2	2.8562436
457	1636	3	2.8244617
457	571	4	2.805861
457	805	5	2.7907
457	1103	6	2.749053
457	1029	7	2.693362
457	1263	8	2.555891
457	1111	9	2.5530367
457	1171	10	2.5491438
458	1411	1	4.858641
458	192	2	4.7744823
458	1648	3	4.3279257
458	489	4	4.2020664
458	920	5	4.0868187
458	201	6	3.993178
458	982	7	3.7804651
458	2576	8	3.7696729
458	1114	9	3.74208
458	3017	10	3.61411
459	3795	1	4.9068527
459	2217	2	4.16246
459	1263	3	4.0319405
459	1511	4	3.862935
459	530	5	3.8490877
459	277	6	3.7324252
459	90	7	3.3412445
459	1926	8	3.1874084
459	1156	9	2.9514418
459	252	10	2.8583286
460	632	1	3.0822763
460	985	2	2.962292
460	1159	3	2.8903668
460	4020	4	2.822703
460	1075	5	2.7079992
460	4021	6	2.6554153
460	10	7	2.6375856
460	1644	8	2.6342263
460	77	9	2.6271367
460	1156	10	2.5918565
461	1112	1	5.822297
461	172	2	5.6554756
461	80	3	5.4367723
461	44	4	5.37945
461	322	5	5.158408
461	993	6	5.0053377
461	1983	7	4.895844
461	4021	8	4.835898
461	45	9	4.7484426
461	41	10	4.7483926
462	192	1	4.6468554
462	489	2	4.1333857
462	982	3	3.847158
462	2576	4	3.7222865
462	1114	5	3.6800041
462	1313	6	3.5048776
462	534	7	3.4926934
462	1023	8	3.4826562
462	3017	9	3.4695315
462	692	10	3.3817348
463	192	1	4.7560816
463	369	2	4.2715807
463	895	3	4.2541494
463	1648	4	4.1116333
463	485	5	4.0570145
463	1411	6	4.0261507
463	24	7	4.013884
463	3017	8	3.841604
463	73	9	3.6981995
463	2576	10	3.5936794
464	389	1	4.1851892
464	3795	2	4.163942
464	2125	3	3.5624087
464	1263	4	3.5065718
464	1511	5	3.4837353
464	530	6	3.3640642
464	3251	7	3.1580467
464	277	8	3.153164
464	1688	9	2.544738
464	848	10	2.5307233
465	993	1	3.6865606
465	322	2	3.4963443
465	45	3	3.3421342
465	3307	4	3.2528996
465	3795	5	2.906146
465	985	6	2.8050013
465	914	7	2.7488365
465	1263	8	2.513309
465	1511	9	2.442306
465	530	10	2.2361019
466	3795	1	4.0802097
466	2125	2	3.5859656
466	2217	3	3.5342422
466	530	4	3.2320576
466	277	5	3.1940606
466	3251	6	3.089766
466	252	7	2.926105
466	1156	8	2.654383
466	3275	9	2.6425147
466	1058	10	2.343813
467	1411	1	5.075939
467	369	2	4.747234
467	489	3	4.739523
467	2576	4	4.5452485
467	3017	5	4.47078
467	485	6	4.343521
467	24	7	4.343061
467	73	8	4.299597
467	1114	9	4.136487
467	3075	10	4.104613
468	192	1	4.2794905
468	489	2	3.543853
468	7	3	3.4114707
468	2576	4	3.3967853
468	58	5	3.081245
468	534	6	3.0702615
468	218	7	3.0652156
468	353	8	3.0434804
468	510	9	3.036973
468	1114	10	3.0353718
469	539	1	4.8159695
469	1066	2	4.662567
469	1672	3	4.4364214
469	1112	4	4.4215536
469	45	5	4.3383307
469	44	6	4.2986555
469	2110	7	4.1339808
469	41	8	4.1058826
469	42	9	4.1044664
469	843	10	4.0404387
470	1263	1	3.5982873
470	530	2	3.4290118
470	277	3	3.2279487
470	1688	4	2.9649167
470	3251	5	2.9617188
470	625	6	2.9554513
470	1058	7	2.834549
470	1406	8	2.758335
470	1156	9	2.7178478
470	2503	10	2.6683846
471	913	1	3.9816523
471	3017	2	3.5699787
471	201	3	3.3135686
471	982	4	3.1663957
471	692	5	3.1377869
471	1332	6	3.0353038
471	1768	7	2.9473925
471	1313	8	2.8626385
471	1023	9	2.779617
471	304	10	2.756022
472	993	1	4.852544
472	3795	2	4.2162066
472	2125	3	4.0339165
472	985	4	3.9033484
472	3251	5	3.8632045
472	3307	6	3.7613301
472	914	7	3.7117581
472	2217	8	3.589804
472	1263	9	3.5607386
472	530	10	3.4238558
473	3795	1	4.0912547
473	1511	2	3.8711078
473	1983	3	3.216052
473	4021	4	3.2094293
473	805	5	2.9893794
473	389	6	2.98521
473	1156	7	2.912392
473	860	8	2.8965166
473	1633	9	2.698224
473	1893	10	2.6750364
474	914	1	3.946387
474	277	2	3.6101885
474	1511	3	3.382051
474	252	4	3.0866697
474	90	5	2.9006286
474	1156	6	2.8821595
474	1058	7	2.7912111
474	848	8	2.7468085
474	1139	9	2.6712308
474	96	10	2.6604552
475	1066	1	4.784052
475	3795	2	4.5463905
475	45	3	4.49067
475	1112	4	4.482991
475	44	5	4.4595003
475	1672	6	4.395787
475	4029	7	4.2058024
475	109	8	4.117857
475	3307	9	4.10334
475	41	10	4.1017075
476	3795	1	4.597182
476	914	2	4.0534577
476	1263	3	3.6800346
476	2217	4	3.5987804
476	530	5	3.5480108
476	1511	6	3.462408
476	277	7	3.3819876
476	1926	8	3.2551055
476	252	9	3.0282407
476	90	10	2.8967447
477	389	1	4.4395924
477	3795	2	4.160054
477	2125	3	3.734982
477	1511	4	3.5986319
477	3251	5	3.319202
477	1406	6	2.8068602
477	848	7	2.788643
477	1156	8	2.668837
477	1058	9	2.592284
477	96	10	2.5560455
478	4	1	4.2183437
478	201	2	4.1202674
478	2309	3	4.106538
478	732	4	4.071556
478	24	5	4.0338855
478	431	6	4.023508
478	1674	7	3.9322653
478	109	8	3.8918574
478	168	9	3.8708181
478	672	10	3.8655517
479	2965	1	3.6347542
479	4	2	3.3536344
479	135	3	3.3231878
479	1843	4	3.2797742
479	2631	5	3.231085
479	185	6	3.123845
479	339	7	3.1104445
479	1701	8	3.1070666
479	1326	9	3.0599644
479	913	10	2.876414
480	2628	1	5.5500193
480	1411	2	4.9088745
480	192	3	4.7504444
480	1648	4	4.244482
480	489	5	4.040343
480	1023	6	3.7591043
480	1114	7	3.6741183
480	2576	8	3.6662955
480	3017	9	3.4922485
480	534	10	3.424089
481	3795	1	4.2089677
481	914	2	3.8046303
481	530	3	3.3711631
481	2217	4	3.3693314
481	1263	5	3.345808
481	1511	6	3.3350196
481	277	7	3.0784297
481	252	8	2.8179064
481	1139	9	2.7695892
481	1854	10	2.7076077
482	732	1	3.7551482
482	391	2	3.5326672
482	149	3	3.4815075
482	4	4	3.3642535
482	2965	5	3.3253582
482	1701	6	3.1626258
482	185	7	3.1217809
482	558	8	2.889255
482	1326	9	2.8442378
482	1693	10	2.78068
483	192	1	4.423933
483	913	2	4.3416405
483	1648	3	4.024466
483	489	4	3.9485464
483	920	5	3.9138818
483	201	6	3.759899
483	982	7	3.6052575
483	2576	8	3.5089173
483	1023	9	3.4462194
483	1114	10	3.3987439
484	50	1	5.163105
484	1112	2	5.1399903
484	806	3	5.08762
484	430	4	5.077444
484	58	5	5.0625167
484	1066	6	5.049721
484	539	7	4.979172
484	4021	8	4.9159904
484	510	9	4.91213
484	1341	10	4.910361
485	391	1	4.2068005
485	732	2	4.1863074
485	4	3	4.1036453
485	149	4	4.0287685
485	1114	5	3.9304562
485	1701	6	3.8257575
485	185	7	3.7235017
485	1693	8	3.5332549
485	1332	9	3.5244842
485	515	10	3.4424052
487	914	1	4.250354
487	1511	2	3.6146317
487	96	3	2.9466653
487	1926	4	2.8145406
487	848	5	2.7670732
487	1058	6	2.7388928
487	1156	7	2.6254022
487	3275	8	2.6141026
487	1406	9	2.612177
487	252	10	2.5810318
488	937	1	2.425029
488	1926	2	2.2556171
488	1238	3	2.2524834
488	1755	4	2.1098971
488	318	5	2.0918276
488	147	6	2.0840976
488	367	7	2.0455332
488	1321	8	2.0398455
488	3275	9	1.9857488
488	9	10	1.9616863
489	489	1	4.001252
489	913	2	3.7434127
489	823	3	3.5997522
489	3017	4	3.4244947
489	920	5	3.366615
489	534	6	3.3026385
489	201	7	3.2678912
489	1114	8	3.2529578
489	1016	9	3.107819
489	982	10	3.051285
490	1753	1	5.5755024
490	3070	2	5.1998663
490	4160	3	4.9879217
490	4308	4	4.9870443
490	3700	5	4.963396
490	4484	6	4.9535627
490	3107	7	4.8227167
490	3984	8	4.57768
490	160	9	4.5733476
490	3878	10	4.5709276
491	3307	1	4.0703783
491	530	2	3.6579769
491	914	3	3.6215487
491	1263	4	3.5897775
491	277	5	3.482576
491	2217	6	3.26626
491	147	7	3.2157633
491	1854	8	3.109449
491	1139	9	3.0822577
491	1511	10	3.0698056
492	3795	1	5.0702496
492	993	2	4.987715
492	4021	3	4.9368625
492	1983	4	4.893404
492	389	5	4.3881907
492	2217	6	4.385557
492	860	7	4.2566714
492	3307	8	4.250828
492	1511	9	4.073034
492	985	10	3.9550476
493	936	1	3.1439042
493	1594	2	3.0830474
493	1029	3	3.0605845
493	41	4	3.021388
493	4029	5	2.9639122
493	1443	6	2.940248
493	77	7	2.8894935
493	4020	8	2.8404522
493	3430	9	2.806718
493	2216	10	2.7235024
494	913	1	4.1671104
494	1114	2	3.5624294
494	201	3	3.5309663
494	3017	4	3.464625
494	534	5	3.439867
494	1016	6	3.297689
494	1023	7	3.2968478
494	692	8	3.1720066
494	1313	9	3.1670632
494	945	10	2.9995208
495	3795	1	4.845888
495	3307	2	4.409143
495	914	3	4.016199
495	1926	4	3.8735337
495	2217	5	3.831651
495	1263	6	3.8159225
495	530	7	3.6019137
495	277	8	3.5508459
495	1511	9	3.4021568
495	1139	10	3.2732236
496	3307	1	3.6807792
496	1263	2	3.5827901
496	914	3	3.225204
496	3795	4	3.2095833
496	530	5	3.1016846
496	277	6	3.0311537
496	2217	7	2.904035
496	1926	8	2.8144019
496	1511	9	2.7370367
496	252	10	2.5445032
497	3795	1	4.9608936
497	3307	2	4.6842284
497	914	3	4.3902864
497	2217	4	4.0796824
497	1263	5	3.830146
497	1511	6	3.776742
497	530	7	3.6787066
497	277	8	3.6078198
497	90	9	3.1352892
497	1156	10	2.9286437
498	1511	1	3.1460805
498	2125	2	3.0798535
498	3251	3	2.5897841
498	3275	4	2.5873368
498	1688	5	2.5241356
498	1156	6	2.447185
498	1029	7	2.3649578
498	688	8	2.3438213
498	1058	9	2.3260713
498	625	10	2.2621555
499	4021	1	4.932246
499	389	2	4.3317413
499	860	3	4.289316
499	1263	4	3.7659879
499	2125	5	3.6871414
499	1511	6	3.5576432
499	3251	7	3.2213416
499	1156	8	3.011012
499	1058	9	2.9709258
499	848	10	2.924655
500	1112	1	4.3871927
500	993	2	3.581352
500	346	3	2.761356
500	1263	4	2.6898427
500	182	5	2.6548214
500	305	6	2.635517
500	985	7	2.6141582
500	4021	8	2.5251522
500	2144	9	2.4906359
500	160	10	2.4636009
501	77	1	4.2620454
501	1983	2	3.8340406
501	985	3	3.8089442
501	4021	4	3.711378
501	389	5	3.3243942
501	860	6	3.1908736
501	1148	7	3.1477256
501	3313	8	3.1238375
501	1171	9	2.992559
501	530	10	2.938509
502	172	1	4.2477293
502	44	2	4.1961913
502	993	3	4.1683226
502	80	4	4.107991
502	948	5	3.867413
502	322	6	3.7240195
502	3795	7	3.7236943
502	41	8	3.554235
502	405	9	3.4173715
502	985	10	3.4165716
503	1112	1	5.9832387
503	172	2	5.65566
503	1359	3	5.5579863
503	44	4	5.5049357
503	993	5	5.4049077
503	80	6	5.316101
503	322	7	4.8861647
503	45	8	4.797951
503	41	9	4.7815347
503	3795	10	4.756202
504	192	1	5.1430893
504	24	2	4.91039
504	1411	3	4.8417025
504	1648	4	4.82662
504	489	5	4.769099
504	82	6	4.4543777
504	3017	7	4.4213
504	732	8	4.349251
504	213	9	4.2862487
504	391	10	4.243642
505	913	1	4.326387
505	201	2	3.8658233
505	920	3	3.7893488
505	982	4	3.520575
505	1313	5	3.4523478
505	1023	6	3.33461
505	7	7	3.2607331
505	692	8	3.2402277
505	539	9	3.2099385
505	1484	10	3.1185408
506	3795	1	4.638673
506	914	2	4.0529375
506	1263	3	3.9017665
506	2217	4	3.783749
506	530	5	3.6806087
506	1926	6	3.668165
506	277	7	3.5927932
506	1511	8	3.451363
506	1139	9	2.982687
506	90	10	2.954419
507	29	1	3.426961
507	1011	2	3.3000102
507	4	3	3.2575378
507	672	4	3.200722
507	431	5	3.1701248
507	215	6	3.1623287
507	732	7	3.124473
507	244	8	3.1074662
507	201	9	3.0668693
507	4373	10	3.0659728
509	3795	1	4.5972476
509	3307	2	4.475752
509	985	3	4.3571672
509	1926	4	3.8822148
509	914	5	3.842578
509	530	6	3.8149815
509	1263	7	3.7393165
509	277	8	3.6344247
509	2217	9	3.600501
509	252	10	3.2757187
510	80	1	3.8016267
510	322	2	3.6817365
510	993	3	3.6262472
510	2125	4	3.523593
510	3251	5	3.4520023
510	45	6	3.33494
510	530	7	3.1702182
510	985	8	3.0542347
510	1263	9	2.9767497
510	3795	10	2.8811364
511	1112	1	5.1816688
511	77	2	5.1481857
511	4021	3	4.991191
511	1983	4	4.9260645
511	3781	5	4.848173
511	172	6	4.7344494
511	389	7	4.581399
511	44	8	4.5520873
511	80	9	4.524847
511	860	10	4.4242535
512	44	1	5.2022357
512	993	2	5.0460243
512	2125	3	4.775294
512	322	4	4.7523985
512	3795	5	4.600513
512	41	6	4.4894686
512	45	7	4.476712
512	3307	8	4.2077465
512	914	9	3.9106195
512	985	10	3.8720443
513	3795	1	4.4608107
513	985	2	4.208451
513	3307	3	4.0899353
513	1263	4	3.7603745
513	914	5	3.7237713
513	530	6	3.6642704
513	1926	7	3.6564133
513	2217	8	3.5957496
513	277	9	3.487619
513	1511	10	3.2173927
514	389	1	3.9230962
514	860	2	3.6630726
514	1263	3	3.4865522
514	3307	4	3.4185266
514	2125	5	3.3230262
514	530	6	3.186957
514	252	7	3.1048737
514	3251	8	3.009787
514	914	9	2.8841457
514	3795	10	2.7624438
515	1693	1	4.611699
515	913	2	4.427635
515	920	3	3.8209684
515	201	4	3.8198314
515	1114	5	3.6661742
515	982	6	3.5997927
515	3017	7	3.5822258
515	1313	8	3.3812237
515	1023	9	3.2807522
515	692	10	3.255783
516	3307	1	4.137224
516	3795	2	3.9389322
516	914	3	3.8167133
516	1263	4	3.2940826
516	2217	5	3.160464
516	530	6	2.9441245
516	90	7	2.8367019
516	1926	8	2.7652502
516	1058	9	2.611016
516	1156	10	2.5398102
517	219	1	3.7580862
517	1672	2	3.6593623
517	456	3	3.6111722
517	2110	4	3.5876968
517	44	5	3.5788884
517	439	6	3.5491667
517	1112	7	3.5300145
517	49	8	3.4688044
517	597	9	3.4343576
517	351	10	3.4062457
518	2125	1	3.2627606
518	3251	2	2.8196561
518	1755	3	2.527913
518	1633	4	2.4880643
518	928	5	2.210331
518	176	6	2.1958983
518	1688	7	2.14917
518	1642	8	2.1440523
518	1345	9	2.0196106
518	1451	10	1.9616202
519	1926	1	4.221582
519	914	2	3.7176018
519	1263	3	3.692114
519	530	4	3.564756
519	1139	5	3.4730597
519	147	6	3.4447355
519	2217	7	3.4226203
519	1854	8	3.3956554
519	277	9	3.3856049
519	1511	10	3.3118188
520	3251	1	3.3166575
520	1511	2	2.75402
520	1058	3	2.4771585
520	1926	4	2.4212306
520	39	5	2.1166153
520	1755	6	2.0893927
520	937	7	2.0649338
520	147	8	2.0299292
520	1446	9	1.9979715
520	1321	10	1.9976047
521	2576	1	3.8408108
521	3017	2	3.797617
521	534	3	3.6261382
521	580	4	3.6110077
521	1016	5	3.4898481
521	1114	6	3.4018395
521	692	7	3.2369356
521	945	8	3.1518579
521	1689	9	3.0886104
521	1332	10	3.05646
522	3107	1	5.0164165
522	4211	2	4.508758
522	413	3	4.3030634
522	4200	4	4.267612
522	4288	5	4.251132
522	1202	6	3.978065
522	4775	7	3.8541474
522	3215	8	3.732648
522	3207	9	3.6765218
522	3740	10	3.6567967
523	1016	1	3.8826027
523	945	2	3.4702191
523	304	3	3.2642813
523	2449	4	3.117137
523	1526	5	2.9959934
523	371	6	2.9304273
523	627	7	2.8495378
523	1843	8	2.8044953
523	379	9	2.7921815
523	204	10	2.7325118
524	914	1	3.737542
524	1263	2	3.689924
524	2217	3	3.542026
524	530	4	3.453117
524	1511	5	3.4068232
524	277	6	3.3678544
524	147	7	2.9975395
524	90	8	2.8943548
524	252	9	2.8358097
524	141	10	2.6962152
525	914	1	4.241144
525	3795	2	4.136238
525	985	3	4.0977163
525	1263	4	4.0265317
525	2125	5	3.5712228
525	2217	6	3.5693557
525	530	7	3.347907
525	277	8	3.3207846
525	1511	9	3.310401
525	3251	10	3.1556854
526	4029	1	5.5014606
526	1594	2	5.449403
526	510	3	5.234715
526	3273	4	5.2257223
526	77	5	5.1622796
526	4020	6	5.0661373
526	1983	7	5.044978
526	1341	8	4.873605
526	1091	9	4.8085675
526	1066	10	4.7924547
527	2628	1	4.193223
527	383	2	3.9215658
527	1234	3	3.9092195
527	7	4	3.819987
527	1411	5	3.7627616
527	539	6	3.6407902
527	1697	7	3.5353966
527	826	8	3.4497252
527	330	9	3.4137309
527	806	10	3.3943524
528	3017	1	3.6823907
528	692	2	3.6168323
528	1016	3	3.5166202
528	1332	4	3.341751
528	945	5	3.2866468
528	982	6	3.171052
528	1689	7	3.0416124
528	1313	8	2.8872666
528	14	9	2.8050535
528	2449	10	2.7282095
529	3795	1	4.057991
529	3307	2	3.510744
529	914	3	3.2919269
529	2217	4	3.1614156
529	1263	5	3.1539073
529	1854	6	3.0833511
529	141	7	2.8733
529	1511	8	2.8496666
529	1129	9	2.7893991
529	277	10	2.7626343
530	848	1	2.446649
530	625	2	2.267013
530	1156	3	2.2512732
530	96	4	2.1851869
530	1688	5	2.116527
530	39	6	2.0451326
530	790	7	1.9576921
530	1139	8	1.9400792
530	688	9	1.9230392
530	1058	10	1.8892452
531	3795	1	4.5274
531	3307	2	4.2972097
531	1926	3	3.8304183
531	914	4	3.7856047
531	1263	5	3.758569
531	530	6	3.6500487
531	2217	7	3.5648177
531	277	8	3.5159888
531	1511	9	3.2577026
531	147	10	3.1093907
532	49	1	3.9903238
532	895	2	3.9179454
532	108	3	3.8055062
532	216	4	3.7436607
532	4	5	3.6893973
532	4017	6	3.6319785
532	24	7	3.5787373
532	109	8	3.5781264
532	672	9	3.5496802
532	238	10	3.5290647
533	277	1	3.506831
533	90	2	3.1069827
533	1926	3	3.016786
533	848	4	2.858093
533	1156	5	2.7625904
533	1406	6	2.7441468
533	1058	7	2.636147
533	3275	8	2.6321762
533	625	9	2.5097215
533	1688	10	2.4960492
534	389	1	3.4514449
534	1406	2	3.0220776
534	2125	3	3.0043936
534	1688	4	2.5045114
534	1029	5	2.3281446
534	1681	6	2.3087344
534	3251	7	2.2698746
534	268	8	2.1289659
534	113	9	2.1131425
534	3275	10	2.1071696
535	2217	1	3.933566
535	1926	2	3.2174969
535	90	3	3.136139
535	252	4	2.984943
535	1156	5	2.6939228
535	848	6	2.677357
535	3275	7	2.6378088
535	1688	8	2.5951033
535	1058	9	2.5646803
535	1139	10	2.5016894
536	1511	1	3.7775564
536	2125	2	3.7434764
536	277	3	3.538425
536	3251	4	3.3498719
536	1156	5	3.2077794
536	252	6	3.067284
536	1058	7	3.0274982
536	1688	8	3.0252376
536	625	9	2.8906646
536	688	10	2.8843496
537	1926	1	3.2650352
537	252	2	2.6989431
537	96	3	2.638802
537	1156	4	2.5751896
537	147	5	2.5347323
537	1139	6	2.5310488
537	1058	7	2.528748
537	1854	8	2.4521527
537	141	9	2.4380026
537	3275	10	2.353674
538	4	1	4.6554747
538	515	2	4.039899
538	1693	3	4.019205
538	913	4	3.9704888
538	3017	5	3.8490367
538	1114	6	3.83268
538	823	7	3.6867847
538	1016	8	3.5522094
538	920	9	3.4460385
538	692	10	3.3190365
539	993	1	5.5014133
539	41	2	5.020086
539	45	3	4.9911156
539	3795	4	4.629694
539	2125	5	4.4176817
539	3307	6	4.3307533
539	985	7	4.2956057
539	914	8	4.1545167
539	3251	9	4.074861
539	2217	10	3.8819118
540	3795	1	4.3694234
540	914	2	4.2473474
540	2125	3	3.5399144
540	277	4	3.418511
540	1511	5	3.391511
540	3251	6	3.2496138
540	90	7	3.1743276
540	1156	8	2.8020782
540	848	9	2.7428694
540	1058	10	2.6665945
541	80	1	3.110699
541	2125	2	3.0995502
541	45	3	3.0790262
541	322	4	3.0122948
541	3251	5	2.7686896
541	3307	6	2.3620722
541	848	7	2.2843485
541	2400	8	2.1671247
541	2217	9	2.1589382
541	1821	10	2.1223197
542	3795	1	4.061317
542	914	2	3.590994
542	2217	3	3.4352288
542	2125	4	3.1136665
542	1511	5	2.8727522
542	1058	6	2.7963724
542	3251	7	2.731711
542	318	8	2.6859088
542	1156	9	2.593412
542	39	10	2.5423532
543	1594	1	4.7530756
543	551	2	4.6405764
543	70	3	4.5792675
543	807	4	4.5257373
543	7	5	4.5217505
543	71	6	4.4729524
543	77	7	4.370066
543	1368	8	4.3002577
543	823	9	4.2890234
543	1578	10	4.223632
544	3795	1	4.4342384
544	3307	2	4.190276
544	3251	3	4.05409
544	914	4	3.7358773
544	1263	5	3.723857
544	530	6	3.6275377
544	2217	7	3.6267333
544	277	8	3.3781967
544	1926	9	3.3005452
544	1511	10	3.2560902
545	2125	1	3.1795516
545	1688	2	2.8250375
545	3251	3	2.7145748
545	2503	4	2.5949752
545	1029	5	2.4975371
545	848	6	2.489047
545	1633	7	2.3621016
545	96	8	2.3334684
545	937	9	2.2411947
545	694	10	2.2344172
546	860	1	3.804604
546	389	2	3.5438666
546	3307	3	3.507933
546	2125	4	3.2025287
546	1263	5	2.8657026
546	530	6	2.7639651
546	3251	7	2.6669607
546	1688	8	2.4724107
546	2656	9	2.327688
546	277	10	2.3166652
547	1693	1	3.6084704
547	3017	2	3.501158
547	913	3	3.4843626
547	1114	4	3.3775403
547	1016	5	3.242669
547	692	6	3.2275891
547	823	7	3.2042184
547	920	8	3.075317
547	201	9	3.0610566
547	1332	10	3.000613
548	41	1	3.1120539
548	3307	2	3.052331
548	985	3	2.9245658
548	322	4	2.917412
548	45	5	2.8846366
548	3795	6	2.5339408
548	161	7	2.5221148
548	277	8	2.4757628
548	790	9	2.3894746
548	702	10	2.3150873
549	4	1	5.050947
549	1693	2	4.4599323
549	913	3	4.4432125
549	515	4	4.41378
549	823	5	4.024224
549	1114	6	3.8583915
549	920	7	3.8100014
549	3017	8	3.7535155
549	201	9	3.6749268
549	982	10	3.5782285
550	993	1	4.0345936
550	4021	2	3.4337716
550	41	3	3.3531656
550	1263	4	3.3482013
550	305	5	2.9951177
550	1636	6	2.9291015
550	1983	7	2.8520064
550	389	8	2.7886033
550	985	9	2.7152643
550	1103	10	2.59942
551	2125	1	4.4799504
551	985	2	4.22364
551	3307	3	4.2207193
551	3795	4	4.1710005
551	1263	5	3.721024
551	914	6	3.6677787
551	530	7	3.600411
551	2217	8	3.5368142
551	1926	9	3.4782748
551	277	10	3.47484
552	192	1	4.588391
552	982	2	4.375851
552	1313	3	4.154761
552	1023	4	4.1147823
552	1648	5	4.0783005
552	7	6	3.9486096
552	489	7	3.9235864
552	1484	8	3.8574433
552	184	9	3.8235707
552	488	10	3.7214203
553	3795	1	4.6819735
553	1263	2	4.3804417
553	2217	3	4.247026
553	2125	4	4.2361317
553	914	5	4.1876993
553	3251	6	3.927921
553	1511	7	3.3947902
553	96	8	3.2338357
553	90	9	3.1164863
553	848	10	2.9677365
554	1594	1	5.527805
554	510	2	5.2141695
554	1112	3	5.1434145
554	1983	4	4.9137774
554	77	5	4.891629
554	4020	6	4.8568926
554	3273	7	4.8291893
554	1341	8	4.8260136
554	353	9	4.8031726
554	1091	10	4.766762
555	1263	1	3.286008
555	914	2	3.1110272
555	3795	3	3.0759215
555	2217	4	3.0720427
555	2125	5	2.9606566
555	3251	6	2.7290473
555	1511	7	2.5691276
555	1156	8	2.4975724
555	1058	9	2.4713993
555	90	10	2.4036925
556	530	1	2.608859
556	1263	2	2.6015978
556	1893	3	2.5400794
556	1029	4	2.5151374
556	252	5	2.4853325
556	805	6	2.481472
556	1926	7	2.4624107
556	1042	8	2.3780034
556	1156	9	2.324153
556	571	10	2.2724442
557	1594	1	5.8190794
557	1112	2	5.6369996
557	510	3	5.634979
557	77	4	5.3159113
557	3781	5	5.2865553
557	172	6	5.0367575
557	4021	7	5.0337725
557	44	8	4.9612513
557	993	9	4.9596424
557	1983	10	4.9329367
558	1688	1	2.8370311
558	1755	2	2.6508055
558	191	3	2.6183164
558	694	4	2.5668745
558	110	5	2.1044874
558	8	6	2.103908
558	1446	7	2.0755944
558	1238	8	2.0498967
558	1103	9	2.0462852
558	2503	10	2.0285716
560	510	1	4.585369
560	58	2	4.5659127
560	353	3	4.55868
560	806	4	4.551729
560	50	5	4.483654
560	1112	6	4.439968
560	1091	7	4.4372153
560	721	8	4.408696
560	1341	9	4.4070034
560	3273	10	4.370739
561	993	1	4.887979
561	2125	2	4.0762787
561	3795	3	4.0091867
561	3251	4	3.8348632
561	985	5	3.7138324
561	3307	6	3.694868
561	914	7	3.4560888
561	1263	8	3.3176222
561	2217	9	3.2758927
561	530	10	3.2604885
562	1926	1	4.0376635
562	1263	2	3.6009781
562	530	3	3.5070953
562	1139	4	3.285314
562	277	5	3.2725267
562	147	6	3.2558293
562	1854	7	3.2091115
562	141	8	3.0417304
562	1029	9	3.012812
562	1406	10	2.9883249
563	172	1	5.0603733
563	80	2	5.0220003
563	44	3	4.617939
563	322	4	4.5611677
563	993	5	4.2658134
563	389	6	4.1527925
563	45	7	4.130853
563	41	8	4.094693
563	860	9	3.7655013
563	3795	10	3.6802962
564	1594	1	3.0115168
564	109	2	2.8471937
564	4020	3	2.844582
564	77	4	2.694324
564	4021	5	2.451222
564	3351	6	2.4036798
564	55	7	2.3951316
564	3617	8	2.3923612
564	1250	9	2.358213
564	1030	10	2.3483474
565	3795	1	3.574524
565	1926	2	3.3218336
565	530	3	3.0230203
565	2217	4	2.903089
565	914	5	2.809801
565	1139	6	2.6808763
565	96	7	2.5898788
565	1854	8	2.5061982
565	1511	9	2.505616
565	1083	10	2.4407258
566	389	1	3.2158594
566	3275	2	2.5663817
566	2125	3	2.473912
566	848	4	2.4679134
566	1688	5	2.467678
566	1755	6	2.2749696
566	1238	7	2.2454293
566	1633	8	2.1405385
566	3251	9	2.0837247
566	1775	10	2.0308793
567	3795	1	3.7111275
567	1983	2	3.2713735
567	985	3	3.1663141
567	4021	4	3.1200905
567	1263	5	2.9453244
567	860	6	2.833023
567	389	7	2.7819986
567	1688	8	2.7575002
567	2503	9	2.549639
567	2125	10	2.4454222
568	489	1	4.4532247
568	2576	2	3.9824715
568	3017	3	3.907751
568	580	4	3.8723161
568	534	5	3.7244363
568	1016	6	3.6896024
568	945	7	3.595942
568	1332	8	3.5495336
568	149	9	3.493618
568	4	10	3.4518433
569	1594	1	4.756784
569	7	2	4.633811
569	1368	3	4.4185424
569	1578	4	4.2543983
569	77	5	4.2186165
569	1112	6	4.208174
569	430	7	4.176421
569	58	8	4.1636024
569	50	9	4.1418524
569	275	10	4.141614
570	192	1	3.7068164
570	489	2	3.6956367
570	1648	3	3.4540682
570	920	4	3.4502916
570	201	5	3.4440584
570	913	6	3.3914595
570	2965	7	3.247292
570	982	8	3.2109556
570	3017	9	3.2104528
570	125	10	3.0958383
571	1263	1	3.8912287
571	2217	2	3.873064
571	1511	3	3.5979092
571	277	4	3.5565906
571	1926	5	3.3902946
571	90	6	2.9487844
571	252	7	2.8586152
571	848	8	2.765357
571	1139	9	2.7521672
571	1156	10	2.7010846
573	192	1	5.1351495
573	4	2	4.8710775
573	489	3	4.709651
573	515	4	4.1899915
573	913	5	4.052805
573	2576	6	4.052672
573	823	7	3.8350909
573	3017	8	3.8317106
573	534	9	3.8315656
573	1114	10	3.8249936
574	3795	1	4.3670826
574	2125	2	4.17857
574	3307	3	4.15887
574	914	4	4.154114
574	3251	5	3.7824965
574	2217	6	3.680903
574	530	7	3.5938523
574	277	8	3.4360647
574	1511	9	3.2161522
574	252	10	2.9237933
575	1091	1	4.0141788
575	510	2	3.8622022
575	1341	3	3.7281597
575	3273	4	3.6518319
575	3781	5	3.593668
575	1112	6	3.4952562
575	172	7	3.4917092
575	1672	8	3.3847542
575	3795	9	3.367272
575	44	10	3.2786756
576	2125	1	3.826004
576	3795	2	3.6825233
576	3251	3	3.586831
576	3307	4	3.2887166
576	1263	5	3.1874785
576	530	6	3.0407934
576	914	7	2.994782
576	2217	8	2.8827767
576	1926	9	2.8507571
576	1511	10	2.6941018
578	3795	1	4.7253594
578	3307	2	4.513297
578	985	3	4.4188137
578	914	4	4.013623
578	1263	5	3.7923844
578	2217	6	3.7653604
578	530	7	3.6275883
578	1926	8	3.5484552
578	1511	9	3.4886222
578	277	10	3.42136
579	1411	1	4.6927466
579	489	2	4.1720724
579	3017	3	4.051133
579	2576	4	3.9893458
579	913	5	3.8783154
579	515	6	3.8346334
579	1114	7	3.7026904
579	1016	8	3.6814299
579	692	9	3.432471
579	823	10	3.3460755
580	993	1	5.1062803
580	3795	2	4.7144947
580	3307	3	4.5090322
580	914	4	4.2620053
580	985	5	4.06509
580	2217	6	3.9373837
580	1511	7	3.7757702
580	1263	8	3.3185282
580	530	9	3.236612
580	90	10	3.1696763
581	993	1	5.1335473
581	4021	2	4.9621277
581	1983	3	4.861083
581	389	4	4.4064093
581	985	5	4.132654
581	860	6	4.0965858
581	3795	7	4.083066
581	3307	8	4.0752125
581	1263	9	3.7138357
581	2125	10	3.6590266
582	1263	1	3.5097716
582	530	2	3.242348
582	3795	3	3.1860375
582	914	4	2.9373858
582	2217	5	2.8928967
582	1926	6	2.818697
582	252	7	2.6330705
582	1511	8	2.449662
582	1681	9	2.3988147
582	96	10	2.3620572
583	3307	1	4.8201466
583	1112	2	4.7623844
583	1672	3	4.5853167
583	993	4	4.517141
583	41	5	4.4972587
583	3795	6	4.4508967
583	1410	7	4.146698
583	936	8	3.8239946
583	1594	9	3.816145
583	4029	10	3.5944011
584	3017	1	3.256144
584	1016	2	2.951128
584	1114	3	2.8770761
584	692	4	2.8249543
584	945	5	2.7770534
584	4016	6	2.6692863
584	1689	7	2.6330745
584	1408	8	2.606686
584	558	9	2.4505908
584	304	10	2.4377599
585	1672	1	4.0768437
585	1112	2	4.001938
585	41	3	3.9397259
585	439	4	3.5712051
585	993	5	3.5097651
585	219	6	3.3689635
585	456	7	3.3237557
585	139	8	3.2993164
585	84	9	3.2417645
585	2110	10	3.1741192
586	45	1	3.8194113
586	322	2	3.8110547
586	3795	3	3.7710059
586	41	4	3.3839037
586	3307	5	3.363679
586	985	6	3.159525
586	914	7	3.1267793
586	1854	8	2.9304733
586	1139	9	2.8135388
586	161	10	2.806914
587	4021	1	5.644245
587	1112	2	5.605856
587	3273	3	5.527558
587	510	4	5.517172
587	1066	5	5.514777
587	1341	6	5.5118856
587	1983	7	5.42522
587	389	8	5.2190447
587	1091	9	5.213929
587	3781	10	5.174678
588	389	1	3.0670693
588	2125	2	2.6443398
588	3795	3	2.5087576
588	191	4	2.4757671
588	3251	5	2.2852576
588	2217	6	2.2191257
588	937	7	2.1235216
588	1536	8	2.0512435
588	194	9	2.0263276
588	1197	10	1.9721196
590	3251	1	4.0106173
590	985	2	3.855723
590	3307	3	3.7100725
590	914	4	3.4675634
590	2217	5	3.241126
590	530	6	3.1717415
590	1263	7	3.16747
590	1511	8	3.0191178
590	277	9	3.012106
590	147	10	2.8354309
592	389	1	4.508021
592	985	2	4.117775
592	2125	3	3.9719815
592	3251	4	3.4705596
592	530	5	3.2585745
592	1263	6	3.1339965
592	1406	7	3.0799594
592	2036	8	3.0408378
592	3313	9	2.9813795
592	1831	10	2.9765515
593	1411	1	4.905386
593	192	2	4.7277107
593	1648	3	4.325835
593	489	4	4.1414413
593	2576	5	3.787985
593	1114	6	3.7550685
593	201	7	3.6940784
593	982	8	3.6702967
593	3017	9	3.5952754
593	534	10	3.509365
594	1511	1	3.4996178
594	277	2	3.3377168
594	1156	3	3.2253454
594	1058	4	3.1626835
594	1926	5	2.952901
594	848	6	2.7581296
594	625	7	2.7450354
594	1688	8	2.6579604
594	3275	9	2.5090976
594	688	10	2.4209023
595	3795	1	4.160938
595	3307	2	3.8258615
595	147	3	3.5864224
595	1854	4	3.5693245
595	141	5	3.3952947
595	1263	6	3.344367
595	1083	7	3.2997537
595	530	8	3.2585201
595	914	9	3.2327693
595	948	10	3.2294738
596	3273	1	5.158192
596	393	2	5.0353613
596	510	3	5.0125923
596	44	4	4.9205036
596	1341	5	4.8500013
596	1410	6	4.8263793
596	172	7	4.7919817
596	1359	8	4.7230797
596	3781	9	4.6493516
596	80	10	4.544483
597	1674	1	4.1582656
597	551	2	3.67416
597	109	3	3.474047
597	1023	4	3.4273705
597	488	5	3.427167
597	672	6	3.418328
597	807	7	3.4090228
597	564	8	3.3720603
597	70	9	3.3189335
597	330	10	3.3008707
598	58	1	4.9214864
598	510	2	4.841608
598	806	3	4.76933
598	1341	4	4.7497234
598	1112	5	4.638197
598	721	6	4.616477
598	1091	7	4.5984125
598	1672	8	4.5585117
598	3273	9	4.520687
598	1066	10	4.501832
599	1332	1	3.6009405
599	1526	2	3.0766072
599	558	3	2.8622272
599	1843	4	2.7713091
599	934	5	2.7199326
599	2449	6	2.6625433
599	1768	7	2.651586
599	1539	8	2.6471748
599	371	9	2.5773292
599	142	10	2.51275
600	510	1	5.336558
600	1983	2	5.0901656
600	4021	3	4.996541
600	172	4	4.8058033
600	80	5	4.690421
600	389	6	4.67557
600	860	7	4.549503
600	993	8	4.5074143
600	322	9	4.356184
600	41	10	4.1888247
601	1042	1	2.7594714
601	2036	2	2.7568707
601	1171	3	2.6931543
601	1926	4	2.525529
601	1103	5	2.4601123
601	1263	6	2.4087343
601	1148	7	2.3307502
601	3313	8	2.297587
601	1503	9	2.1580315
601	1111	10	2.1428452
602	4021	1	4.255805
602	389	2	3.9387462
602	860	3	3.6516995
602	530	4	3.402509
602	2125	5	3.2776165
602	277	6	3.097699
602	3251	7	2.8638253
602	1156	8	2.7476053
602	1058	9	2.656465
602	1029	10	2.650848
603	4021	1	4.549843
603	389	2	3.979734
603	3795	3	3.9278183
603	860	4	3.900446
603	530	5	3.5372252
603	277	6	3.4240942
603	2125	7	3.360392
603	3251	8	2.883389
603	625	9	2.7712684
603	1406	10	2.700842
604	510	1	4.870337
604	1341	2	4.743149
604	3273	3	4.7251396
604	1066	4	4.6897955
604	488	5	4.535371
604	1112	6	4.5311875
604	1672	7	4.5036483
604	1359	8	4.458337
604	539	9	4.3929396
604	1091	10	4.2930365
605	3795	1	4.83918
605	3307	2	4.2738256
605	985	3	4.0946703
605	914	4	3.8737068
605	530	5	3.557077
605	1511	6	3.5443087
605	277	7	3.452867
605	2217	8	3.4503653
605	1263	9	3.4173524
605	252	10	3.1951532
606	1697	1	4.286695
606	192	2	3.925149
606	1648	3	3.6963832
606	489	4	3.6887465
606	993	5	3.4728594
606	221	6	3.4322977
606	3781	7	3.420745
606	806	8	3.3385005
606	1091	9	3.2855659
606	353	10	3.2359881
607	2576	1	3.5802288
607	3017	2	3.3161287
607	913	3	3.2934632
607	1114	4	3.2355254
607	14	5	3.1369271
607	1016	6	3.1255798
607	692	7	2.8751636
607	945	8	2.8730893
607	920	9	2.8694983
607	982	10	2.7469199
608	109	1	3.513708
608	1594	2	3.4991539
608	985	3	3.38511
608	77	4	3.2840183
608	4020	5	3.1941066
608	1156	6	3.1229477
608	1058	7	2.9494748
608	423	8	2.8146772
608	1263	9	2.7927167
608	4021	10	2.7361283
609	551	1	4.785946
609	1023	2	4.6381283
609	70	3	4.565724
609	488	4	4.5581636
609	807	5	4.5575056
609	71	6	4.534664
609	7	7	4.5169196
609	72	8	4.513011
609	1594	9	4.4504824
609	330	10	4.4287252
610	1983	1	5.6423883
610	4021	2	5.6350346
610	44	3	5.3846827
610	389	4	5.3491106
610	860	5	5.145699
610	993	6	5.109774
610	80	7	5.0712404
610	41	8	4.638076
610	3795	9	4.618335
610	2125	10	4.6104946
611	4021	1	4.779819
611	389	2	4.4758453
611	3795	3	4.4232183
611	860	4	4.3306212
611	3307	5	4.006378
611	2125	6	3.7180927
611	914	7	3.6642456
611	530	8	3.5827537
611	1263	9	3.5559008
611	2217	10	3.3412986
612	3795	1	4.2424383
612	1926	2	3.9439883
612	3307	3	3.6980429
612	914	4	3.4070652
612	530	5	3.3736768
612	1263	6	3.3027272
612	1139	7	3.2577343
612	2217	8	3.2039886
612	1854	9	3.2003746
612	277	10	3.1991243
613	914	1	3.0451837
613	1263	2	3.0324779
613	2217	3	3.0010111
613	530	4	2.7004406
613	277	5	2.692768
613	1156	6	2.6415162
613	1058	7	2.3015924
613	688	8	2.2590785
613	937	9	2.229084
613	848	10	2.2182038
614	4	1	3.9758172
614	1016	2	3.5998
614	3017	3	3.5465431
614	913	4	3.3400602
614	1114	5	3.287784
614	1693	6	3.2365503
614	692	7	3.2316399
614	515	8	3.0859828
614	823	9	3.0735488
614	4016	10	3.0294204
615	510	1	4.969228
615	3781	2	4.285818
615	44	3	4.2630014
615	4021	4	4.215188
615	172	5	4.1648626
615	993	6	4.0707126
615	80	7	3.9007118
615	41	8	3.8053157
615	322	9	3.7352934
615	45	10	3.6068826
616	1868	1	5.283798
616	2628	2	5.1800528
616	1910	3	5.100054
616	4	4	4.998316
616	1234	5	4.9118414
616	264	6	4.845701
616	149	7	4.7841444
616	1697	8	4.7214494
616	1411	9	4.57137
616	192	10	4.514208
617	1411	1	4.5975094
617	192	2	4.4997616
617	1648	3	4.145752
617	489	4	3.9962997
617	1114	5	3.542336
617	2576	6	3.5376086
617	1023	7	3.4807363
617	3017	8	3.4141483
617	534	9	3.3495657
617	580	10	3.228879
618	2628	1	4.9943
618	192	2	4.8107557
618	34	3	4.6054077
618	589	4	4.116643
618	944	5	4.055357
618	1648	6	3.8624573
618	489	7	3.7344255
618	1114	8	3.4558454
618	2576	9	3.2744641
618	534	10	3.0985837
619	1112	1	4.9114285
619	58	2	4.8904314
619	1066	3	4.8421774
619	353	4	4.779525
619	510	5	4.7611675
619	1341	6	4.7323246
619	4021	7	4.6678157
619	721	8	4.612021
619	3781	9	4.590483
619	3273	10	4.578124
620	44	1	4.757968
620	1672	2	4.1445365
620	41	3	3.9801953
620	1112	4	3.9607031
620	4020	5	3.8020551
620	535	6	3.544
620	1594	7	3.4634106
620	4029	8	3.402338
620	1027	9	3.3905482
620	109	10	3.3242707
621	1688	1	2.7695503
621	625	2	2.7163582
621	1058	3	2.6271973
621	688	4	2.6206298
621	3275	5	2.602025
621	1755	6	2.4028778
621	96	7	2.3226824
621	1029	8	2.2837229
621	2681	9	2.210116
621	2503	10	2.1236668
622	3307	1	4.308301
622	914	2	4.125551
622	1263	3	3.8866577
622	2217	4	3.847393
622	530	5	3.6399705
622	277	6	3.5641637
622	1511	7	3.536357
622	1926	8	3.3326669
622	90	9	2.9512365
622	1139	10	2.7030668
623	489	1	4.312509
623	2576	2	3.806083
623	3017	3	3.7981906
623	1114	4	3.6846833
623	534	5	3.640337
623	1016	6	3.4904876
623	201	7	3.419044
623	692	8	3.3924766
623	982	9	3.321948
623	1332	10	3.1401687
624	4021	1	3.3126516
624	2125	2	2.6208806
624	848	3	2.342247
624	1688	4	2.1830084
624	194	5	2.1656318
624	1238	6	2.0197341
624	8	7	1.9512923
624	248	8	1.9022028
624	318	9	1.8937838
624	176	10	1.8892671
626	1594	1	5.499485
626	551	2	5.472807
626	7	3	5.3967133
626	70	4	5.3838925
626	807	5	5.3210583
626	4020	6	5.190465
626	1368	7	5.169095
626	77	8	4.9481974
626	1578	9	4.9405737
626	50	10	4.9185934
628	3795	1	4.2568383
628	914	2	3.8588462
628	1926	3	3.730743
628	1263	4	3.5124354
628	2217	5	3.4227455
628	530	6	3.3470762
628	1511	7	3.3069005
628	277	8	3.244069
628	1139	9	3.1940799
628	147	10	2.9974594
629	389	1	4.236844
629	985	2	3.597886
629	2125	3	3.512642
629	3795	4	3.4593542
629	3307	5	3.4295957
629	3251	6	3.3584929
629	1263	7	3.3474588
629	914	8	3.1751444
629	277	9	3.0899973
629	530	10	3.0413308
630	914	1	3.9407105
630	2217	2	3.654953
630	1263	3	3.5181785
630	1511	4	3.2375467
630	530	5	3.2309864
630	277	6	3.1700072
630	90	7	2.9328895
630	1156	8	2.7215533
630	252	9	2.7073874
630	1058	10	2.5817099
631	2217	1	3.8957558
631	1263	2	3.5611138
631	1511	3	3.494441
631	530	4	3.3242211
631	90	5	3.265447
631	2125	6	3.2632928
631	277	7	3.1720145
631	3275	8	2.8512874
631	1688	9	2.8169403
631	3251	10	2.7998447
632	914	1	4.205864
632	2217	2	3.8452144
632	1263	3	3.7182484
632	530	4	3.6716175
632	1511	5	3.6334982
632	277	6	3.514118
632	1926	7	3.1888375
632	90	8	3.0108218
632	3275	9	2.6998072
632	1406	10	2.6907392
633	3795	1	4.150861
633	914	2	3.929391
633	2217	3	3.7822938
633	2125	4	3.5532227
633	3251	5	3.1587274
633	1511	6	3.0549376
633	90	7	3.0525098
633	96	8	2.7028732
633	848	9	2.6102805
633	1058	10	2.6100097
634	993	1	5.0690627
634	45	2	4.597436
634	3307	3	4.1728754
634	985	4	4.135975
634	3795	5	4.115178
634	2125	6	4.051331
634	914	7	3.7654884
634	1263	8	3.5793464
634	2217	9	3.4185653
634	530	10	3.391406
635	4021	1	4.863389
635	1983	2	4.8420763
635	45	3	4.830405
635	993	4	4.772371
635	41	5	4.622506
635	322	6	4.591108
635	389	7	4.554242
635	860	8	4.5448246
635	3795	9	4.297753
635	3307	10	4.0294275
636	3795	1	3.8227735
636	2125	2	3.7942145
636	1263	3	3.6948624
636	3251	4	3.6677094
636	914	5	3.4857678
636	2217	6	3.4396176
636	277	7	3.3356812
636	530	8	3.2347455
636	1511	9	2.939331
636	1926	10	2.7772627
637	3795	1	4.656939
637	914	2	4.219367
637	2217	3	3.9642804
637	1263	4	3.6158981
637	1511	5	3.6003165
637	530	6	3.5276828
637	90	7	2.97994
637	1926	8	2.8005116
637	1688	9	2.7393734
637	1156	10	2.704638
638	993	1	5.4087586
638	3795	2	4.623763
638	2125	3	4.4513383
638	3307	4	4.424787
638	985	5	4.349948
638	3251	6	4.166962
638	914	7	4.144896
638	2217	8	3.7512293
638	1263	9	3.6881409
638	530	10	3.4677405
639	2576	1	3.686576
639	1114	2	3.6158905
639	3017	3	3.4298375
639	534	4	3.3229945
639	1016	5	3.3168292
639	7	6	3.1664963
639	692	7	3.1584656
639	184	8	3.1455357
639	1332	9	3.0883884
639	488	10	3.0498998
640	1016	1	4.069168
640	304	2	3.2135923
640	934	3	3.0500262
640	1408	4	2.9394817
640	184	5	2.8572025
640	2449	6	2.855249
640	1526	7	2.805973
640	1768	8	2.7941227
640	558	9	2.7833667
640	379	10	2.7381124
641	1411	1	4.7293825
641	489	2	4.0372157
641	823	3	3.9417844
641	920	4	3.8121371
641	201	5	3.7231755
641	2576	6	3.6658053
641	3017	7	3.6510487
641	1114	8	3.639121
641	580	9	3.5298805
641	534	10	3.4175444
642	3251	1	3.701702
642	1926	2	3.0396268
642	1058	3	2.7789116
642	252	4	2.7510414
642	848	5	2.72327
642	147	6	2.3793502
642	1139	7	2.3603456
642	625	8	2.2737603
642	3275	9	2.235621
642	318	10	2.1945953
643	4021	1	4.6161604
643	1983	2	4.256033
643	389	3	4.1755075
643	860	4	3.8516464
643	3307	5	3.386605
643	2125	6	3.3232605
643	914	7	3.0144491
643	3251	8	2.9062004
643	1595	9	2.776372
643	848	10	2.7648275
644	914	1	3.829362
644	1926	2	3.6841125
644	2217	3	3.5782452
644	1263	4	3.466884
644	530	5	3.4140558
644	1511	6	3.309241
644	277	7	3.117972
644	147	8	3.0058537
644	1139	9	2.9562745
644	1854	10	2.8899398
645	914	1	4.5940866
645	1511	2	3.8848915
645	277	3	3.646236
645	1926	4	3.0151718
645	1156	5	3.005024
645	1058	6	2.8978548
645	252	7	2.8525825
645	96	8	2.8272262
645	1406	9	2.8192353
645	3275	10	2.813747
646	1594	1	5.4375925
646	510	2	5.32382
646	1112	3	5.2313643
646	1341	4	5.130417
646	3781	5	5.065959
646	77	6	4.995841
646	1359	7	4.926181
646	4021	8	4.8823056
646	44	9	4.8097124
646	1983	10	4.717764
647	1411	1	4.8916698
647	192	2	4.8862967
647	1648	3	4.5298777
647	489	4	4.407254
647	2576	5	4.0259295
647	3017	6	3.8967848
647	534	7	3.843486
647	580	8	3.8146315
647	1114	9	3.7720928
647	1016	10	3.6901212
648	1868	1	4.9762506
648	2628	2	4.9035063
648	1697	3	4.67472
648	1234	4	4.60793
648	1411	5	4.3964567
648	34	6	4.249797
648	192	7	4.1913986
648	184	8	3.7363362
648	1648	9	3.7341435
648	489	10	3.6355305
649	914	1	3.834286
649	1926	2	3.8301451
649	1263	3	3.608262
649	2217	4	3.5526643
649	530	5	3.5102687
649	277	6	3.295619
649	1511	7	3.2775111
649	1139	8	3.170337
649	1854	9	3.1373353
649	147	10	3.132205
650	2125	1	2.918453
650	848	2	2.5735056
650	3251	3	2.550041
650	1058	4	2.3492527
650	252	5	2.2575097
650	1446	6	2.237894
650	1755	7	2.2138817
650	1321	8	2.1701195
650	39	9	2.1381977
650	660	10	1.9833127
651	993	1	3.5853333
651	3307	2	2.8101602
651	985	3	2.72473
651	1926	4	2.6783652
651	1388	5	2.6312118
651	1636	6	2.5431142
651	530	7	2.3126323
651	1854	8	2.2308211
651	1694	9	2.1990423
651	1159	10	2.1876926
652	3795	1	4.021453
652	985	2	3.7937307
652	3307	3	3.7045
652	914	4	3.3717988
652	1263	5	3.3379188
652	530	6	3.1648855
652	277	7	3.0880032
652	2217	8	3.0810258
652	1511	9	2.9351587
652	147	10	2.45633
653	1263	1	3.911876
653	530	2	3.7261019
653	1926	3	3.6183271
653	277	4	3.5546935
653	1511	5	3.5302787
653	1139	6	2.9763484
653	90	7	2.964579
653	147	8	2.9309192
653	1058	9	2.8558319
653	252	10	2.8501859
654	993	1	5.477502
654	1112	2	5.204296
654	77	3	5.001625
654	172	4	4.988312
654	80	5	4.859543
654	1672	6	4.846838
654	1983	7	4.8101115
654	44	8	4.8037004
654	4021	9	4.645355
654	3307	10	4.596611
655	1511	1	3.610486
655	1058	2	3.1221733
655	2125	3	3.0923848
655	848	4	2.92346
655	3275	5	2.8263047
655	937	6	2.8166945
655	1688	7	2.7522178
655	3251	8	2.6798763
655	625	9	2.6617913
655	688	10	2.6231217
656	2628	1	5.4088783
656	1234	2	5.162834
656	1697	3	4.99026
656	1411	4	4.8554235
656	192	5	4.6248035
656	1648	6	4.1419744
656	489	7	4.0253406
656	7	8	3.6947126
656	1114	9	3.6503286
656	1484	10	3.5987606
657	277	1	3.3287952
657	3795	2	3.2162437
657	2217	3	2.6738489
657	90	4	2.5086799
657	1926	5	2.4110641
657	2681	6	2.3377538
657	937	7	2.1404595
657	1755	8	2.114846
657	1854	9	2.1132388
657	1522	10	2.1014357
658	993	1	3.7955947
658	4021	2	3.6706443
658	2144	3	3.6470618
658	322	4	3.596452
658	1983	5	3.5074499
658	3307	6	3.4917846
658	389	7	3.3528028
658	1263	8	3.3509712
658	914	9	3.3290052
658	45	10	3.2792604
659	4	1	5.0284133
659	201	2	4.191699
659	184	3	4.1541133
659	939	4	4.0759697
659	2668	5	4.0622883
659	29	6	4.057377
659	149	7	4.051752
659	1313	8	4.043451
659	1701	9	4.0311728
659	431	10	4.0167513
660	1672	1	4.3693647
660	3795	2	4.2640257
660	993	3	4.043377
660	322	4	3.9641342
660	45	5	3.9510841
660	41	6	3.6875038
660	3307	7	3.5336452
660	985	8	3.352107
660	914	9	3.2283645
660	611	10	3.0148606
661	510	1	5.8697214
661	1112	2	5.8119783
661	3781	3	5.49061
661	4021	4	5.3171473
661	1983	5	5.279668
661	172	6	5.2495317
661	44	7	5.205824
661	993	8	5.173458
661	389	9	5.0202675
661	80	10	4.9888754
662	3795	1	4.741708
662	389	2	3.7987854
662	1263	3	3.5806596
662	2125	4	3.1553292
662	1688	5	3.059091
662	277	6	2.97388
662	625	7	2.9316738
662	3275	8	2.8965952
662	1406	9	2.7659366
662	3251	10	2.7492764
663	192	1	4.1596823
663	580	2	3.2796502
663	2576	3	3.1811652
663	3017	4	3.1382086
663	534	5	3.1180718
663	692	6	3.077283
663	1114	7	3.0482001
663	1016	8	3.0063508
663	982	9	3.0050716
663	1023	10	2.8718212
664	4021	1	5.409931
664	993	2	5.0075655
664	389	3	4.985484
664	80	4	4.94147
664	860	5	4.7929916
664	322	6	4.5053816
664	45	7	4.43987
664	2125	8	4.3656435
664	3795	9	4.3357315
664	985	10	4.095788
665	4021	1	4.511244
665	389	2	4.2033873
665	1263	3	3.6645756
665	2125	4	3.5972893
665	530	5	3.327558
665	3251	6	3.1243517
665	277	7	3.069807
665	625	8	2.9737458
665	1029	9	2.837556
665	1156	10	2.666
666	1023	1	4.5070066
666	1594	2	4.479377
666	70	3	4.3831534
666	71	4	4.37467
666	488	5	4.3690014
666	807	6	4.353508
666	4020	7	4.3365364
666	7	8	4.27781
666	1368	9	4.0637703
666	77	10	4.0586576
668	3795	1	4.1141615
668	1926	2	3.8549428
668	530	3	3.536879
668	1263	4	3.4962888
668	914	5	3.3274298
668	2217	6	3.301662
668	277	7	3.2424295
668	147	8	3.2225814
668	1139	9	3.1152766
668	1511	10	3.0910676
669	4021	1	4.728316
669	389	2	4.5134716
669	2125	3	3.8263674
669	3795	4	3.623805
669	3251	5	3.5381513
669	1263	6	3.4547894
669	1511	7	3.2085133
669	2217	8	3.0277405
669	840	9	2.8124862
669	1926	10	2.6314175
670	1112	1	3.626084
670	993	2	3.3010788
670	535	3	3.0704188
670	1594	4	2.941771
670	10	5	2.8988183
670	1103	6	2.8800864
670	174	7	2.8493257
670	936	8	2.643073
670	1216	9	2.5876708
670	1644	10	2.4825218
671	914	1	3.9382193
671	1263	2	3.7170477
671	4021	3	3.2013645
671	1983	4	3.1540534
671	277	5	2.9973502
671	389	6	2.7986374
671	860	7	2.7681475
671	1688	8	2.609045
671	1406	9	2.4276063
671	96	10	2.248886
672	24	1	3.605523
672	732	2	3.088403
672	391	3	3.0032957
672	2965	4	2.9570436
672	627	5	2.918067
672	1539	6	2.887483
672	1701	7	2.853263
672	151	8	2.8525248
672	4	9	2.8451333
672	2631	10	2.828248
673	914	1	3.1101494
673	2217	2	3.0433855
673	1263	3	2.9841928
673	530	4	2.7925782
673	1511	5	2.7247872
673	277	6	2.6645527
673	1156	7	2.5296583
673	90	8	2.4333785
673	1058	9	2.3343565
673	848	10	2.1824384
674	2217	1	3.34728
674	90	2	3.0626469
674	1511	3	2.718773
674	1406	4	2.7131522
674	3275	5	2.5720205
674	2320	6	2.5449047
674	389	7	2.4476895
674	3795	8	2.2372441
674	1156	9	2.1701243
674	1688	10	2.0941439
675	530	1	2.6949964
675	3307	2	2.6601002
675	2217	3	2.6248841
675	914	4	2.5940077
675	277	5	2.5212119
675	948	6	2.427669
675	1854	7	2.4259915
675	252	8	2.124197
675	1129	9	2.1219447
675	405	10	2.1059546
676	985	1	4.1250286
676	389	2	3.9644032
676	2125	3	3.4875257
676	1263	4	3.3659656
676	530	5	3.1033907
676	1148	6	3.0539415
676	1156	7	3.0013103
676	277	8	2.8887146
676	3251	9	2.8265026
676	1042	10	2.7360637
677	1114	1	3.8621182
677	2965	2	3.5699763
677	82	3	3.5375543
677	627	4	3.5099034
677	391	5	3.423213
677	732	6	3.3833628
677	4	7	3.2953935
677	1332	8	3.282953
677	149	9	3.191865
677	1689	10	3.1367836
678	732	1	4.034479
678	149	2	3.9846978
678	4	3	3.8590121
678	692	4	3.7639432
678	185	5	3.5328236
678	1693	6	3.46204
678	2449	7	3.3932421
678	1701	8	3.3559504
678	1332	9	3.2279248
678	913	10	3.2253273
679	4	1	3.4823346
679	823	2	3.0653708
679	252	3	2.9545996
679	913	4	2.8584175
679	1693	5	2.82623
679	587	6	2.804225
679	3017	7	2.7144492
679	2576	8	2.69783
679	534	9	2.6719007
679	920	10	2.62895
680	2125	1	4.1158924
680	3795	2	4.0710692
680	3251	3	3.7339625
680	1263	4	3.6443758
680	914	5	3.5017812
680	530	6	3.4587293
680	2217	7	3.294417
680	1926	8	3.0199795
680	1511	9	2.88303
680	1406	10	2.7062583
681	3795	1	4.52775
681	3307	2	4.1130896
681	914	3	3.8584127
681	2217	4	3.590206
681	530	5	3.5761485
681	1263	6	3.4823763
681	1511	7	3.3437195
681	277	8	3.3352418
681	90	9	2.708422
681	948	10	2.7028801
682	4020	1	4.719447
682	1023	2	4.6024685
682	551	3	4.563735
682	488	4	4.5297575
682	1693	5	4.499404
682	70	6	4.4929104
682	807	7	4.4708557
682	71	8	4.42496
682	7	9	4.4247026
682	330	10	4.4078155
683	2125	1	3.8139029
683	530	2	3.3722863
683	3251	3	3.2174857
683	1263	4	3.1744595
683	277	5	2.9387188
683	3275	6	2.8153021
683	688	7	2.654373
683	1688	8	2.63722
683	1156	9	2.5454123
683	660	10	2.4658654
684	936	1	3.670148
684	41	2	3.6402116
684	4020	3	3.5414243
684	4029	4	3.4561787
684	109	5	3.3583717
684	77	6	3.236783
684	1594	7	3.1951077
684	4021	8	3.0032063
684	1983	9	2.8052359
684	1263	10	2.6513276
685	2125	1	4.054156
685	3251	2	3.5307846
685	1029	3	3.293614
685	625	4	3.2445393
685	530	5	3.2129965
685	2503	6	3.1957731
685	1893	7	3.1840296
685	1263	8	3.1645362
685	571	9	3.0779004
685	1156	10	2.945764
686	1594	1	5.261565
686	4020	2	5.119955
686	1578	3	4.905549
686	50	4	4.8671618
686	1112	5	4.8521085
686	430	6	4.8260136
686	58	7	4.8083053
686	275	8	4.775101
686	77	9	4.7631464
686	1066	10	4.75475
687	1263	1	4.045695
687	914	2	4.0307264
687	2125	3	3.934942
687	2217	4	3.890963
687	277	5	3.5054293
687	530	6	3.4865623
687	3251	7	3.45888
687	1511	8	3.3189168
687	90	9	3.0387845
687	848	10	2.829648
688	1693	1	3.822783
688	1332	2	3.748661
688	913	3	3.7403786
688	515	4	3.7019699
688	823	5	3.461761
688	692	6	3.4387102
688	1689	7	3.4226563
688	920	8	3.2225692
688	201	9	3.1109638
688	379	10	3.052135
689	3307	1	3.633213
689	914	2	3.116715
689	1263	3	3.0846732
689	530	4	2.9593744
689	277	5	2.9289508
689	161	6	2.912593
689	1129	7	2.8948622
689	2217	8	2.8800392
689	798	9	2.8446336
689	126	10	2.7234678
690	2125	1	4.3127837
690	3251	2	3.8817556
690	1926	3	3.2263556
690	252	4	2.899047
690	1156	5	2.8834996
690	1058	6	2.7406569
690	147	7	2.6664333
690	848	8	2.6425204
690	96	9	2.6169715
690	1139	10	2.5950222
691	2125	1	4.0180244
691	1926	2	3.7469203
691	172	3	3.583163
691	44	4	3.3924894
691	80	5	3.3410645
691	993	6	3.269621
691	41	7	3.2088337
691	1139	8	3.0487013
691	322	9	3.0272841
691	45	10	3.0106359
692	1112	1	4.7020493
692	993	2	4.0901937
692	985	3	3.5605874
692	936	4	3.2995093
692	1594	5	3.2020836
692	4029	6	3.1229744
692	694	7	3.0696607
692	3430	8	3.0210817
692	1156	9	2.9951892
692	191	10	2.895566
693	389	1	3.6621766
693	2125	2	2.9341197
693	3251	3	2.6623492
693	1156	4	2.53855
693	1688	5	2.5069597
693	688	6	2.3586502
693	1058	7	2.326771
693	3275	8	2.3052506
693	625	9	2.248013
693	848	10	2.2245624
694	2125	1	2.9039018
694	805	2	2.3867533
694	3251	3	2.337906
694	2503	4	2.2976198
694	1029	5	2.2742827
694	2036	6	2.1886725
694	1893	7	2.124774
694	1148	8	2.0676022
694	1536	9	2.064398
694	2338	10	2.0497715
695	3795	1	4.467106
695	2125	2	4.09827
695	914	3	4.0674057
695	1263	4	3.8110237
695	2217	5	3.8076463
695	530	6	3.6040444
695	277	7	3.4192283
695	1511	8	3.3700902
695	90	9	2.9363618
695	1926	10	2.8791928
696	4	1	4.071331
696	4017	2	4.003987
696	109	3	3.912621
696	238	4	3.8939953
696	732	5	3.8887982
696	431	6	3.8864632
696	672	7	3.8837795
696	201	8	3.8818614
696	24	9	3.8292518
696	215	10	3.797658
697	993	1	5.161968
697	860	2	5.040867
697	41	3	4.7037287
697	322	4	4.6704235
697	2125	5	4.6021595
697	45	6	4.5289927
697	3251	7	4.249736
697	3307	8	4.2232027
697	985	9	4.2150545
697	3795	10	4.0877414
698	3795	1	3.981322
698	993	2	3.7866156
698	45	3	3.5000386
698	914	4	2.999773
698	985	5	2.9006062
698	530	6	2.8843348
698	3307	7	2.7642696
698	2217	8	2.6919103
698	702	9	2.662997
698	277	10	2.6372116
699	993	1	5.091083
699	41	2	4.990321
699	322	3	4.9652505
699	45	4	4.8309774
699	1594	5	4.7474637
699	77	6	4.3988056
699	4020	7	4.3475533
699	914	8	4.1935635
699	985	9	4.0679817
699	3795	10	4.0418015
700	993	1	5.6904836
700	41	2	5.1841726
700	4021	3	4.657422
700	3795	4	4.554159
700	3307	5	4.49673
700	985	6	4.4168406
700	914	7	4.3571877
700	389	8	4.3369074
700	2217	9	4.27054
700	860	10	4.1545763
701	732	1	5.133494
701	391	2	5.022498
701	4	3	4.982154
701	149	4	4.974519
701	1411	5	4.889279
701	192	6	4.8169794
701	185	7	4.810524
701	1701	8	4.5520916
701	1693	9	4.513397
701	515	10	4.3959436
702	4021	1	4.7310357
702	389	2	4.2522173
702	2125	3	3.65952
702	3251	4	3.2307808
702	1406	5	2.792067
702	625	6	2.732057
702	1688	7	2.719045
702	848	8	2.6389215
702	1029	9	2.5138826
702	1926	10	2.461248
703	3307	1	3.2428265
703	1926	2	3.0249932
703	530	3	2.8576932
703	1263	4	2.7836802
703	1139	5	2.4952862
703	1406	6	2.4551427
703	277	7	2.4182823
703	141	8	2.3256745
703	90	9	2.2892976
703	3275	10	2.2365234
704	1112	1	4.318946
704	1672	2	4.312113
704	41	3	4.2058434
704	993	4	4.1990523
704	4020	5	3.5548954
704	3313	6	3.415227
704	1594	7	3.415214
704	936	8	3.3539138
704	4029	9	3.2837105
704	985	10	3.0756233
705	1790	1	3.4745512
705	2296	2	3.1993954
705	2064	3	3.116757
705	3328	4	3.1118708
705	4533	5	2.9993732
705	4036	6	2.8663192
705	4169	7	2.8343434
705	418	8	2.8229074
705	3582	9	2.8201883
705	1923	10	2.7751465
706	1332	1	3.944755
706	895	2	3.7889354
706	231	3	3.6641915
706	492	4	3.615034
706	369	5	3.5999267
706	1689	6	3.3851357
706	263	7	3.2085147
706	1375	8	3.196951
706	339	9	3.1899045
706	258	10	3.1896977
707	993	1	5.6491942
707	45	2	5.174409
707	3307	3	4.701025
707	3795	4	4.5602355
707	985	5	4.560055
707	914	6	4.3526297
707	2217	7	4.196306
707	1263	8	4.0093055
707	2125	9	3.8833218
707	1511	10	3.6958477
708	3795	1	3.7284796
708	1926	2	2.908343
708	1058	3	2.8244665
708	90	4	2.7740974
708	625	5	2.448217
708	96	6	2.4082723
708	1755	7	2.3836012
708	3275	8	2.3794584
708	1139	9	2.3728986
708	840	10	2.2189784
709	1411	1	4.8195343
709	192	2	4.750699
709	1693	3	4.4461017
709	1648	4	4.2737145
709	913	5	4.2193246
709	489	6	4.1790824
709	823	7	3.9930248
709	920	8	3.7622623
709	2576	9	3.7153058
709	1114	10	3.6839304
710	1263	1	3.2656412
710	1029	2	3.0230799
710	530	3	2.9869123
710	277	4	2.9755344
710	2503	5	2.7996988
710	2036	6	2.7088463
710	3251	7	2.6948488
710	571	8	2.674117
710	1148	9	2.6571584
710	848	10	2.620573
712	192	1	4.692621
712	1648	2	4.246273
712	489	3	4.188711
712	2576	4	3.7185926
712	3017	5	3.6065402
712	534	6	3.5938993
712	580	7	3.5258968
712	1114	8	3.4948535
712	1693	9	3.4634795
712	913	10	3.4358268
713	3795	1	3.9674397
713	848	2	2.7142696
713	1156	3	2.5948925
713	1058	4	2.5735574
713	1238	5	2.5662906
713	1321	6	2.5000715
713	1681	7	2.4815583
713	252	8	2.397803
713	1926	9	2.3358865
713	625	10	2.2075753
714	1411	1	4.773777
714	192	2	4.669131
714	1648	3	4.1751823
714	489	4	4.08636
714	982	5	3.7022638
714	2576	6	3.608046
714	1114	7	3.5669692
714	534	8	3.4619317
714	1313	9	3.3995507
714	3017	10	3.3966842
715	192	1	4.815696
715	1411	2	4.7936115
715	4	3	4.770902
715	1648	4	4.2331734
715	1693	5	4.195935
715	913	6	4.1270266
715	515	7	4.101157
715	489	8	4.062555
715	823	9	3.7581892
715	2576	10	3.705276
716	2125	1	4.6424046
716	3251	2	4.232023
716	1263	3	3.982409
716	530	4	3.8260608
716	1511	5	3.7549877
716	277	6	3.5851188
716	1926	7	3.412529
716	1058	8	2.9331744
716	848	9	2.858942
716	1406	10	2.8566878
717	4021	1	4.2036057
717	389	2	4.068015
717	2125	3	3.4958415
717	1263	4	3.4843428
717	277	5	3.276045
717	3251	6	3.015367
717	1688	7	2.891253
717	625	8	2.7714875
717	1156	9	2.6257763
717	252	10	2.5220394
718	1112	1	5.9655256
718	1983	2	5.7314982
718	4021	3	5.707873
718	993	4	5.4365177
718	860	5	5.1863194
718	322	6	4.967822
718	45	7	4.894737
718	41	8	4.7511373
718	3795	9	4.7387934
718	2125	10	4.6931295
720	4021	1	5.5517006
720	172	2	5.5160317
720	1983	3	5.489958
720	80	4	5.4148154
720	993	5	5.2699795
720	389	6	5.050059
720	41	7	4.8184996
720	860	8	4.8109307
720	322	9	4.7546043
720	45	10	4.624713
721	1753	1	3.6438675
721	2368	2	3.642091
721	4308	3	3.551425
721	1330	4	3.5414374
721	3207	5	3.4358354
721	3070	6	3.2593083
721	2705	7	3.0372329
721	3215	8	3.0346086
721	3700	9	3.009861
721	3878	10	2.8953552
722	389	1	3.8543396
722	3795	2	3.81644
722	1263	3	3.5478568
722	530	4	3.5073824
722	2125	5	3.1330826
722	3251	6	2.8289306
722	1688	7	2.6398556
722	625	8	2.5588915
722	840	9	2.5046785
722	3275	10	2.503306
723	4	1	4.310113
723	3017	2	4.0353436
723	1016	3	3.897974
723	1332	4	3.797593
723	913	5	3.6533437
723	1693	6	3.6295028
723	945	7	3.592486
723	515	8	3.585163
723	823	9	3.3964572
723	920	10	3.2091053
724	993	1	4.7956467
724	2125	2	4.564745
724	41	3	4.5176115
724	3251	4	4.2184305
724	3795	5	4.0627875
724	985	6	3.7607303
724	1926	7	3.6317363
724	914	8	3.602332
724	2217	9	3.393488
724	1263	10	3.3288393
725	2628	1	5.632016
725	4	2	5.356416
725	1411	3	5.0539064
725	192	4	4.977623
725	1693	5	4.7085705
725	515	6	4.558801
725	913	7	4.537299
725	1648	8	4.4043474
725	489	9	4.343498
725	823	10	4.2758865
726	2217	1	4.2372646
726	1263	2	4.1526575
726	530	3	3.8507705
726	277	4	3.7281065
726	1511	5	3.5904725
726	90	6	3.2802222
726	1926	7	3.0543053
726	1156	8	2.889598
726	96	9	2.8611598
726	252	10	2.8601713
727	1263	1	3.817607
727	914	2	3.7083297
727	1926	3	3.6898174
727	2217	4	3.6051247
727	530	5	3.5207653
727	277	6	3.2216508
727	1511	7	3.1561005
727	147	8	3.1080647
727	1854	9	2.9069726
727	252	10	2.8850899
728	993	1	5.3603168
728	3795	2	5.0096555
728	45	3	4.944846
728	41	4	4.854428
728	3307	5	4.4029584
728	985	6	4.397354
728	914	7	4.044939
728	530	8	3.680684
728	1511	9	3.6609216
728	2217	10	3.659529
729	2217	1	4.036565
729	914	2	3.896009
729	3795	3	3.599016
729	1511	4	3.3314042
729	2125	5	3.2009814
729	90	6	3.1834462
729	1156	7	2.7749615
729	1058	8	2.7427075
729	3251	9	2.6217737
729	39	10	2.6122918
730	389	1	4.5607495
730	2125	2	3.8552456
730	3251	3	3.4642627
730	1511	4	3.0414224
730	1058	5	2.8336957
730	252	6	2.7092485
730	848	7	2.7005777
730	1926	8	2.532221
730	937	9	2.317793
730	1633	10	2.2229323
731	1926	1	3.915329
731	2217	2	3.9110258
731	1263	3	3.8452966
731	530	4	3.7591538
731	1511	5	3.6764889
731	277	6	3.5679464
731	1139	7	3.106253
731	147	8	3.0867443
731	1854	9	2.9669201
731	252	10	2.927096
732	510	1	5.446048
732	1341	2	5.30101
732	1112	3	5.262034
732	1672	4	5.252358
732	3781	5	5.0963626
732	1359	6	5.03862
732	44	7	4.963278
732	4021	8	4.839423
732	80	9	4.799652
732	172	10	4.7993164
733	1066	1	4.615204
733	3273	2	4.5340776
733	510	3	4.526673
733	1672	4	4.5189376
733	1091	5	4.490323
733	1594	6	4.4098186
733	1341	7	4.3668137
733	680	8	4.281172
733	1359	9	4.2702503
733	3781	10	4.2394915
734	2125	1	3.576406
734	1263	2	3.2625573
734	1029	3	3.2597032
734	530	4	3.1273496
734	3251	5	3.0274405
734	1156	6	2.8459804
734	1831	7	2.8243687
734	277	8	2.7510161
734	1636	9	2.7431588
734	1148	10	2.687252
735	1701	1	3.2706158
735	1526	2	3.2124143
735	4	3	3.2087355
735	934	4	3.1599991
735	379	5	3.0426137
735	381	6	3.0167546
735	627	7	2.9599771
735	1843	8	2.907281
735	2965	9	2.8832765
735	1539	10	2.8390532
736	4	1	4.062613
736	185	2	3.8755646
736	1701	3	3.7134104
736	913	4	3.5556126
736	515	5	3.543552
736	1693	6	3.529786
736	489	7	3.4951165
736	2576	8	3.3234835
736	823	9	3.281742
736	1114	10	3.2076373
737	914	1	4.108591
737	2217	2	3.931973
737	1263	3	3.8721378
737	530	4	3.687104
737	277	5	3.5560505
737	1511	6	3.4138818
737	90	7	2.921515
737	1406	8	2.8185024
737	252	9	2.781592
737	1156	10	2.7448285
738	732	1	3.848158
738	391	2	3.7550964
738	149	3	3.733551
738	4	4	3.5835211
738	1701	5	3.3345094
738	185	6	3.2981703
738	304	7	3.2195425
738	1539	8	3.1379209
738	1693	9	3.1272926
738	558	10	3.0259328
739	4021	1	4.009587
739	3795	2	3.981394
739	389	3	3.8057852
739	1263	4	3.4153152
739	2125	5	2.989541
739	1406	6	2.922521
739	1156	7	2.6558547
739	848	8	2.5946012
739	1688	9	2.5306473
739	3251	10	2.5055776
740	3795	1	3.654218
740	1511	2	2.8402562
740	1926	3	2.4154255
740	252	4	2.4096045
740	3275	5	2.2327573
740	2320	6	2.1594229
740	1755	7	2.120264
740	1642	8	2.0100873
740	1139	9	1.9198891
740	1321	10	1.9149723
742	2125	1	4.935982
742	3251	2	4.6443367
742	1926	3	3.9668443
742	530	4	3.7626286
742	1263	5	3.646716
742	277	6	3.5230618
742	1511	7	3.4372199
742	1139	8	3.1844943
742	1854	9	3.103815
742	147	10	3.0790772
743	4021	1	3.8253846
743	1983	2	3.7700121
743	993	3	3.54944
743	860	4	3.3520765
743	389	5	3.314806
743	2125	6	2.9824286
743	985	7	2.9231813
743	3307	8	2.9204466
743	3251	9	2.8152733
743	1636	10	2.711604
744	3017	1	4.072092
744	4	2	3.8610573
744	185	3	3.6880257
744	1016	4	3.6013412
744	692	5	3.4219046
744	1701	6	3.421874
744	1332	7	3.369182
744	913	8	3.368444
744	515	9	3.3628721
744	945	10	3.3263113
745	993	1	4.6740036
745	2125	2	4.376109
745	3251	3	4.229865
745	985	4	3.8744226
745	1926	5	3.7150002
745	3307	6	3.61525
745	3795	7	3.6050134
745	1263	8	3.3761563
745	530	9	3.2532058
745	914	10	3.1344857
746	4021	1	3.576561
746	389	2	3.3160024
746	860	3	3.2479043
746	1263	4	3.119701
746	1029	5	2.9626007
746	2125	6	2.9245067
746	530	7	2.7794504
746	277	8	2.664352
746	805	9	2.614393
746	1058	10	2.5874352
747	77	1	4.2496853
747	4021	2	3.825371
747	1983	3	3.71843
747	1263	4	3.5372324
747	389	5	3.4153695
747	860	6	3.2865908
747	2125	7	2.9825847
747	530	8	2.9435
747	1156	9	2.8633442
747	1058	10	2.8332906
748	3307	1	4.195874
748	914	2	3.7380393
748	1926	3	3.5091445
748	2217	4	3.4815986
748	1263	5	3.418007
748	530	6	3.347125
748	1511	7	3.238299
748	277	8	3.0288901
748	147	9	2.8789372
748	1139	10	2.8053703
749	914	1	4.131532
749	2125	2	4.049362
749	3251	3	3.7979457
749	1058	4	3.048299
749	1156	5	2.9908633
749	96	6	2.9032714
749	1926	7	2.8876092
749	848	8	2.7472434
749	252	9	2.6061025
749	625	10	2.553429
750	3307	1	3.9260528
750	914	2	3.5574207
750	1263	3	3.41191
750	277	4	3.378011
750	530	5	3.3286602
750	2217	6	3.1849833
750	1511	7	2.9751496
750	848	8	2.625706
750	1156	9	2.514417
750	90	10	2.4830673
751	993	1	5.1454535
751	45	2	4.7106123
751	41	3	4.624689
751	3307	4	4.1932
751	3795	5	4.1923723
751	985	6	4.154402
751	914	7	3.8383522
751	2125	8	3.8038116
751	1263	9	3.655462
751	2217	10	3.6212497
752	993	1	5.268116
752	389	2	5.253194
752	41	3	4.820056
752	2125	4	4.5081406
752	3795	5	4.3984203
752	985	6	4.3447866
752	3307	7	4.2717175
752	3251	8	4.2314105
752	914	9	3.934344
752	530	10	3.559668
753	807	1	4.7843494
753	221	2	4.760066
753	58	3	4.722413
753	330	4	4.681527
753	353	5	4.6588707
753	806	6	4.5518823
753	510	7	4.538061
753	721	8	4.476703
753	1341	9	4.450398
753	1672	10	4.4407625
754	913	1	4.03155
754	3017	2	3.7033653
754	201	3	3.5405688
754	982	4	3.287749
754	692	5	3.1743975
754	1313	6	3.0104039
754	1689	7	2.935069
754	1023	8	2.9336624
754	1332	9	2.886943
754	1484	10	2.8362296
755	389	1	3.8572195
755	2125	2	3.1774614
755	3307	3	2.9535165
755	3251	4	2.889885
755	914	5	2.7730784
755	1406	6	2.536422
755	848	7	2.5238245
755	1511	8	2.3899474
755	1321	9	2.314869
755	1926	10	2.243004
756	4021	1	4.3141384
756	389	2	4.0493774
756	530	3	3.4655147
756	2125	4	3.3775344
756	277	5	3.176863
756	3275	6	3.10525
756	1688	7	3.0527642
756	3251	8	2.9151516
756	1156	9	2.7632496
756	625	10	2.742843
757	993	1	4.5333843
757	3251	2	3.7766309
757	985	3	3.6616182
757	914	4	3.4514625
757	2217	5	3.2618213
757	1926	6	3.221592
757	1511	7	3.1058638
757	1263	8	2.974718
757	530	9	2.8334477
757	277	10	2.7947154
758	3795	1	4.43601
758	1263	2	3.960579
758	2125	3	3.80121
758	1511	4	3.6288457
758	3251	5	3.4096074
758	252	6	2.775346
758	848	7	2.766676
758	1406	8	2.7634776
758	3275	9	2.7579386
758	1156	10	2.7408495
759	4021	1	4.0381365
759	3795	2	4.012942
759	1983	3	3.92872
759	914	4	3.8547158
759	389	5	3.8465714
759	860	6	3.5375957
759	1156	7	3.0453663
759	1511	8	2.9855738
759	1058	9	2.958487
759	2125	10	2.779883
760	2125	1	4.4588127
760	3251	2	4.1278644
760	1511	3	3.8272164
760	1263	4	3.66174
760	530	5	3.5379143
760	277	6	3.2985218
760	1926	7	3.2970166
760	3275	8	3.0403214
760	1688	9	2.9410973
760	1156	10	2.8506787
761	1983	1	4.237352
761	4021	2	4.2197695
761	389	3	3.717377
761	860	4	3.6805959
761	914	5	3.604311
761	3795	6	3.4301095
761	2125	7	3.39005
761	1263	8	3.3866572
761	530	9	3.204638
761	2217	10	3.1486526
762	41	1	4.574797
762	45	2	4.571385
762	322	3	4.5369825
762	3795	4	4.1323028
762	985	5	4.09446
762	3307	6	3.8675957
762	914	7	3.5679185
762	1263	8	3.5625682
762	2217	9	3.443787
762	530	10	3.3607442
763	3795	1	4.895402
763	3307	2	4.8863096
763	2125	3	4.7343154
763	985	4	4.7180934
763	3251	5	4.397214
763	914	6	4.3753085
763	1263	7	4.1766872
763	2217	8	4.0755787
763	530	9	3.9559767
763	1511	10	3.7533045
764	389	1	4.056707
764	4021	2	4.011505
764	860	3	3.7469049
764	2125	4	3.17029
764	625	5	2.8290772
764	1156	6	2.772893
764	848	7	2.7637632
764	252	8	2.7505636
764	1681	9	2.7178001
764	96	10	2.6993747
765	1112	1	4.9151793
765	993	2	4.064578
765	4020	3	3.7741802
765	3795	4	3.7219963
765	3307	5	3.6931376
765	41	6	3.6912699
765	4021	7	3.5467348
765	1983	8	3.475961
765	305	9	3.272355
765	1511	10	3.169578
766	2125	1	3.4075236
766	1688	2	3.0441487
766	3251	3	2.8878584
766	2681	4	2.724044
766	2503	5	2.7186687
766	1831	6	2.315061
766	2036	7	2.3022094
766	1536	8	2.2694342
766	248	9	2.1690724
766	194	10	2.1661413
767	4021	1	4.292094
767	1983	2	4.1385174
767	389	3	3.7038817
767	914	4	3.6282983
767	860	5	3.4767127
767	3795	6	3.4394562
767	848	7	3.023407
767	2125	8	2.821741
767	1511	9	2.7825646
767	1058	10	2.7084153
768	80	1	4.25584
768	993	2	4.2410803
768	1983	3	4.2314243
768	389	4	3.8990054
768	4021	5	3.82501
768	860	6	3.6439054
768	3795	7	3.3693514
768	45	8	3.1742334
768	3307	9	3.1712873
768	2217	10	3.166584
769	1066	1	4.990175
769	1672	2	4.3409233
769	1112	3	4.065838
769	439	4	3.8452096
769	993	5	3.8391838
769	2110	6	3.6245406
769	174	7	3.2964728
769	1410	8	3.2585354
769	55	9	3.2507079
769	2530	10	3.144665
770	192	1	3.7690127
770	1648	2	3.3283806
770	1114	3	3.1229293
770	489	4	3.0431714
770	982	5	3.0347462
770	1313	6	3.0246432
770	2576	7	2.9952593
770	7	8	2.9548376
770	1023	9	2.9344006
770	3017	10	2.9181206
771	4021	1	5.5516872
771	993	2	5.101963
771	389	3	5.069149
771	860	4	5.003567
771	2125	5	4.3760157
771	985	6	4.3311377
771	3795	7	4.3278494
771	3251	8	4.085057
771	3307	9	3.9133809
771	1263	10	3.7778418
772	77	1	5.5947433
772	1112	2	5.543993
772	1066	3	5.5328074
772	4021	4	5.4720917
772	1341	5	5.467807
772	510	6	5.4303427
772	3273	7	5.351321
772	1983	8	5.2922573
772	1091	9	5.26609
772	3781	10	5.223359
773	3795	1	4.5494695
773	2125	2	4.2717147
773	914	3	4.244835
773	1263	4	4.0756826
773	3251	5	3.9735823
773	2217	6	3.916311
773	1511	7	3.5526662
773	252	8	3.0425682
773	90	9	3.0417309
773	1926	10	2.999227
774	2217	1	3.6216614
774	1263	2	3.5997732
774	277	3	3.4404638
774	1511	4	3.3749342
774	90	5	2.8057914
774	252	6	2.8049724
774	1139	7	2.6592731
774	147	8	2.6454167
774	1854	9	2.605056
774	1156	10	2.5785508
775	993	1	3.2470431
775	1263	2	2.6764202
775	277	3	2.6073942
775	985	4	2.5994656
775	914	5	2.5664482
775	3307	6	2.5396848
775	2550	7	2.390099
775	1511	8	2.3464937
775	2217	9	2.319005
775	4083	10	2.2863407
776	985	1	4.3201194
776	3795	2	4.2449336
776	3307	3	4.111614
776	1926	4	3.8720427
776	914	5	3.79503
776	530	6	3.7823734
776	1263	7	3.6739879
776	2217	8	3.518888
776	277	9	3.4096024
776	1139	10	3.1996064
777	1112	1	5.425124
777	172	2	5.115484
777	44	3	4.9532967
777	80	4	4.8752503
777	993	5	4.8254848
777	322	6	4.4744387
777	3795	7	4.3909044
777	41	8	4.3760448
777	45	9	4.334545
777	3307	10	4.0054193
778	3307	1	4.72833
778	3795	2	4.720827
778	985	3	4.6544724
778	2125	4	4.3251295
778	914	5	4.283059
778	1263	6	4.1303835
778	2217	7	3.9284663
778	3251	8	3.9215455
778	530	9	3.7531855
778	277	10	3.552534
780	3808	1	4.2147245
780	4	2	4.1517835
780	86	3	3.6223028
780	2931	4	3.5763302
780	3698	5	3.5336685
780	728	6	3.5221026
780	551	7	3.5102568
780	2577	8	3.4756582
780	1023	9	3.4747305
780	2309	10	3.4607587
781	3795	1	4.501589
781	2125	2	4.2937317
781	3251	3	4.0220623
781	3307	4	3.992612
781	914	5	3.8050365
781	1263	6	3.7823532
781	530	7	3.6217132
781	2217	8	3.6179204
781	1926	9	3.3427525
781	1511	10	3.2741084
782	391	1	3.7882764
782	4	2	3.6698039
782	1701	3	3.3378086
782	185	4	3.2849374
782	945	5	3.1511204
782	1693	6	3.1447158
782	1689	7	2.9723492
782	913	8	2.958043
782	823	9	2.9180202
782	920	10	2.8484917
783	1112	1	5.341374
783	3307	2	4.7051105
783	1594	3	4.2521505
783	109	4	3.9029193
783	985	5	3.7282374
783	4020	6	3.697362
783	77	7	3.6940641
783	1148	8	3.6094847
783	1636	9	3.1767263
783	4021	10	3.133933
784	24	1	4.1488457
784	3017	2	4.007334
784	489	3	3.9710493
784	1114	4	3.8248076
784	2576	5	3.797206
784	304	6	3.7299027
784	391	7	3.725718
784	1016	8	3.7011251
784	1689	9	3.6724524
784	82	10	3.6349995
785	1156	1	2.8394628
785	3275	2	2.8029804
785	1406	3	2.748239
785	1926	4	2.7354107
785	848	5	2.6895266
785	1688	6	2.6879776
785	1058	7	2.6651545
785	625	8	2.631587
785	688	9	2.618327
785	252	10	2.4838297
787	3251	1	2.7569618
787	1156	2	2.5123878
787	848	3	2.4167025
787	1058	4	2.3852828
787	625	5	2.3655033
787	252	6	2.3479495
787	3275	7	2.345986
787	96	8	2.3114061
787	1688	9	2.27668
787	1406	10	2.134038
788	1983	1	3.6471336
788	993	2	3.547103
788	389	3	3.5047722
788	172	4	3.4846623
788	510	5	3.4791746
788	1359	6	3.3367157
788	4021	7	3.3169253
788	80	8	3.2551098
788	41	9	3.15597
788	322	10	3.071828
789	920	1	4.295239
789	201	2	4.1508336
789	489	3	4.1401157
789	1648	4	4.10227
789	982	5	3.9821177
789	1023	6	3.7751503
789	1114	7	3.6512132
789	7	8	3.5600185
789	2576	9	3.524528
789	1484	10	3.4588418
790	993	1	5.245254
790	45	2	4.6649404
790	3795	3	4.49658
790	3307	4	4.4116893
790	914	5	4.138031
790	2125	6	3.9465346
790	2217	7	3.919867
790	530	8	3.6327257
790	277	9	3.5879364
790	3251	10	3.5839016
792	1263	1	3.3944807
792	530	2	3.3216743
792	277	3	2.894767
792	1688	4	2.762295
792	3275	5	2.727109
792	147	6	2.6600442
792	1156	7	2.5374503
792	1058	8	2.530136
792	1129	9	2.525544
792	141	10	2.4815404
793	993	1	4.7661953
793	41	2	4.4384804
793	45	3	4.3855724
793	914	4	3.9249086
793	3307	5	3.905138
793	985	6	3.7591047
793	2217	7	3.3666134
793	530	8	3.3626366
793	161	9	3.3078566
793	702	10	2.8941097
794	3251	1	4.311924
794	1926	2	3.4404454
794	1156	3	2.9255342
794	1688	4	2.922102
794	625	5	2.9197829
794	1139	6	2.8848114
794	147	7	2.8193588
794	3275	8	2.7974231
794	1058	9	2.7913892
794	848	10	2.7829952
795	914	1	4.00588
795	2217	2	3.7293947
795	1263	3	3.630615
795	1511	4	3.4705205
795	277	5	3.294688
795	90	6	2.8884058
795	1854	7	2.827682
795	147	8	2.8231406
795	252	9	2.768149
795	141	10	2.727189
796	4021	1	5.5484753
796	1983	2	5.3352184
796	993	3	5.3147726
796	389	4	5.0317993
796	41	5	4.962371
796	45	6	4.9206
796	860	7	4.869788
796	3795	8	4.708763
796	985	9	4.62582
796	2125	10	4.196657
797	3795	1	4.062318
797	1263	2	3.701912
797	914	3	3.6993122
797	2217	4	3.4486008
797	530	5	3.4278164
797	1926	6	3.4265516
797	277	7	3.2706885
797	1511	8	3.1379697
797	1139	9	2.8949513
797	147	10	2.7820745
798	993	1	5.315426
798	41	2	4.8462477
798	45	3	4.822033
798	2125	4	4.55811
798	3795	5	4.520255
798	985	6	4.379257
798	3307	7	4.350205
798	3251	8	4.3451586
798	914	9	4.006192
798	1263	10	3.8696861
799	914	1	3.952836
799	3795	2	3.8550496
799	2217	3	3.5670834
799	2125	4	3.2735314
799	1511	5	3.0618482
799	90	6	2.9769313
799	1156	7	2.9105392
799	3251	8	2.8747022
799	848	9	2.7683365
799	252	10	2.646694
800	2628	1	5.03603
800	1697	2	4.3187914
800	1411	3	4.180256
800	192	4	4.1352606
800	391	5	4.0442915
800	732	6	3.9050984
800	149	7	3.8617444
800	1648	8	3.8520427
800	4	9	3.8496919
800	1701	10	3.8335402
801	389	1	4.86965
801	993	2	4.8008795
801	41	3	4.3602505
801	2125	4	4.2320957
801	45	5	4.157692
801	3795	6	4.1095266
801	3251	7	3.9709477
801	985	8	3.8770165
801	3307	9	3.6306512
801	277	10	3.4231706
802	1672	1	3.792181
802	1112	2	3.7428017
802	2474	3	3.5964365
802	1295	4	3.1944933
802	2338	5	3.1644316
802	311	6	3.1476612
802	1014	7	3.1006117
802	365	8	3.01717
802	439	9	2.8562021
802	1906	10	2.7582421
803	985	1	3.7825446
803	2125	2	3.6639943
803	1263	3	3.2493823
803	277	4	3.2184567
803	530	5	3.1370573
803	3251	6	3.0994723
803	2217	7	3.0164413
803	1511	8	2.9216957
803	1406	9	2.6841247
803	1926	10	2.5408573
804	1553	1	5.1183805
804	1043	2	4.3038597
804	4292	3	4.24341
804	2324	4	4.1628036
804	3864	5	4.1140103
804	440	6	4.0464706
804	3875	7	4.0398655
804	3224	8	3.989003
804	3320	9	3.9052773
804	3873	10	3.8780785
805	389	1	4.361272
805	860	2	4.165696
805	1112	3	4.136195
805	806	4	4.015177
805	58	5	3.9892933
805	1066	6	3.958497
805	1341	7	3.9315202
805	353	8	3.9165785
805	510	9	3.879311
805	430	10	3.8646388
806	4021	1	4.942994
806	389	2	4.4670053
806	860	3	4.3011403
806	2125	4	3.8966217
806	1263	5	3.7841415
806	530	6	3.4986348
806	1688	7	3.3595862
806	3251	8	3.3351226
806	277	9	3.2433343
806	1156	10	2.9337687
807	913	1	4.4515314
807	1693	2	4.1346836
807	823	3	3.7877557
807	920	4	3.7300577
807	201	5	3.362532
807	982	6	3.3100467
807	4016	7	3.0424218
807	1526	8	3.0029457
807	14	9	2.9283404
807	1023	10	2.9069943
808	1114	1	3.1998277
808	837	2	3.1846557
808	1648	3	3.1806946
808	346	4	2.898567
808	330	5	2.7773652
808	2576	6	2.7720826
808	489	7	2.719399
808	323	8	2.7111456
808	1313	9	2.6653461
808	1023	10	2.6640055
809	44	1	4.1087403
809	80	2	4.000542
809	993	3	3.9283128
809	322	4	3.7901413
809	3795	5	3.6954834
809	45	6	3.5933893
809	41	7	3.503056
809	985	8	3.4146717
809	3307	9	3.3492668
809	530	10	3.0210323
810	692	1	3.34838
810	1332	2	3.3088913
810	3017	3	3.2684083
810	1016	4	3.115265
810	1114	5	2.7905657
810	945	6	2.788546
810	529	7	2.7714043
810	539	8	2.7053785
810	7	9	2.6995168
810	1484	10	2.668898
811	1066	1	5.3969965
811	510	2	5.3596992
811	1091	3	5.340581
811	77	4	5.3207893
811	1341	5	5.3198147
811	1112	6	5.282575
811	1672	7	5.28181
811	4021	8	5.1438646
811	1983	9	5.100847
811	3781	10	5.0021453
812	2217	1	3.8893223
812	1263	2	3.6992714
812	1511	3	3.6549544
812	3251	4	3.630652
812	530	5	3.5363894
812	277	6	3.2787502
812	90	7	3.1092107
812	1926	8	2.8838882
812	252	9	2.8433793
812	1058	10	2.8070095
813	3797	1	4.508658
813	258	2	4.366164
813	2110	3	4.18891
813	216	4	4.1661267
813	227	5	4.0809455
813	539	6	4.0212355
813	843	7	3.9745035
813	72	8	3.9664288
813	488	9	3.953215
813	58	10	3.9429808
814	993	1	5.305724
814	45	2	4.775213
814	41	3	4.6891775
814	3795	4	4.3845563
814	3307	5	4.361104
814	914	6	4.091839
814	985	7	3.905061
814	2217	8	3.6656356
814	1263	9	3.6181602
814	1511	10	3.5641963
815	985	1	3.5474205
815	1263	2	3.4324603
815	530	3	3.0082622
815	277	4	2.9204917
815	1410	5	2.8938024
815	115	6	2.8540568
815	1594	7	2.8533494
815	936	8	2.810597
815	77	9	2.8041189
815	109	10	2.8025653
816	389	1	4.5179033
816	3307	2	4.236967
816	985	3	3.8915966
816	2125	4	3.764222
816	252	5	3.6135042
816	3251	6	3.6097174
816	1263	7	3.5703268
816	530	8	3.4740968
816	914	9	3.3942382
816	3795	10	3.3278217
817	2217	1	4.084461
817	1511	2	3.682315
817	2125	3	3.6266322
817	1263	4	3.6104064
817	530	5	3.3425999
817	277	6	3.3224487
817	90	7	3.254546
817	3251	8	3.202365
817	3275	9	2.8371391
817	1688	10	2.8283424
818	3795	1	4.866124
818	3307	2	4.6662307
818	914	3	4.370005
818	3251	4	4.1695156
818	1263	5	4.146106
818	2217	6	4.0564823
818	530	7	3.8385718
818	277	8	3.710968
818	1511	9	3.7017527
818	1926	10	3.3917108
819	993	1	4.8009357
819	41	2	4.345706
819	985	3	4.0366526
819	3307	4	3.9933314
819	1263	5	3.6799338
819	3795	6	3.6042051
819	914	7	3.3692617
819	2217	8	3.2556736
819	277	9	3.1721063
819	530	10	3.1286478
820	277	1	3.2115521
820	3251	2	2.7140613
820	914	3	2.705908
820	1681	4	2.6153545
820	3795	5	2.5513391
820	2217	6	2.496969
820	252	7	2.3641396
820	1058	8	2.3556948
820	937	9	2.26321
820	1511	10	2.2628717
821	1112	1	4.164522
821	1649	2	3.3798933
821	2530	3	3.1552396
821	145	4	3.0387084
821	936	5	2.9551911
821	4020	6	2.9095159
821	985	7	2.8682284
821	4029	8	2.703671
821	409	9	2.7024279
821	1156	10	2.666029
822	172	1	5.179461
822	993	2	5.0639114
822	80	3	4.894702
822	322	4	4.5302696
822	45	5	4.4100533
822	41	6	4.391738
822	3795	7	4.2857847
822	3307	8	3.942398
822	985	9	3.900156
822	914	10	3.4185967
823	41	1	4.3275757
823	993	2	4.279274
823	3251	3	3.8902102
823	2125	4	3.8822632
823	3795	5	3.809122
823	985	6	3.6657224
823	3307	7	3.5115213
823	2217	8	3.391199
823	914	9	3.3372626
823	1263	10	3.273168
824	3307	1	3.311472
824	44	2	3.1409953
824	1112	3	3.0888796
824	4453	4	2.96952
824	1636	5	2.6076565
824	4020	6	2.5024583
824	694	7	2.496551
824	109	8	2.4535515
824	993	9	2.4497602
824	1014	10	2.4162426
826	3273	1	5.4199524
826	1066	2	5.182272
826	510	3	5.1416135
826	1091	4	5.1389875
826	4029	5	5.137896
826	1672	6	5.0614624
826	1112	7	5.042906
826	1341	8	5.0155687
826	1594	9	5.011298
826	109	10	4.866034
827	70	1	5.1366677
827	539	2	5.0811057
827	58	3	4.899838
827	911	4	4.8798084
827	510	5	4.806496
827	1115	6	4.770361
827	330	7	4.7640276
827	353	8	4.7601705
827	806	9	4.7241583
827	807	10	4.709005
828	389	1	4.313534
828	1511	2	4.1081314
828	1263	3	4.0564947
828	277	4	3.637027
828	2125	5	3.5172327
828	3275	6	3.4709969
828	1688	7	3.2408957
828	3251	8	3.07625
828	688	9	3.0715065
828	1156	10	2.982581
829	1411	1	4.1562805
829	489	2	3.594913
829	1648	3	3.560195
829	70	4	3.3217425
829	7	5	3.301804
829	1368	6	3.2651105
829	353	7	3.1701102
829	539	8	3.1638846
829	1114	9	3.1408648
829	488	10	3.116785
830	147	1	3.3871324
830	2217	2	3.1629157
830	530	3	3.1277246
830	1263	4	3.1110406
830	1129	5	3.0940151
830	798	6	3.0209665
830	702	7	2.786736
830	126	8	2.7800179
830	277	9	2.754809
830	252	10	2.6651936
831	914	1	3.9076653
831	1926	2	3.6890361
831	1263	3	3.6563811
831	2217	4	3.5602002
831	1511	5	3.374632
831	1139	6	2.9999433
831	147	7	2.9778473
831	1854	8	2.789228
831	1406	9	2.7449489
831	90	10	2.7436414
832	913	1	3.845296
832	1114	2	3.7934341
832	3017	3	3.5562105
832	920	4	3.2179437
832	1016	5	3.1037424
832	201	6	3.018433
832	1332	7	2.9665246
832	692	8	2.9489114
832	982	9	2.9134789
832	1313	10	2.8696938
833	1926	1	2.5556848
833	96	2	2.4794345
833	1029	3	2.4066463
833	1321	4	2.3123972
833	1681	5	2.2590716
833	848	6	2.1814723
833	1688	7	2.154625
833	625	8	2.100363
833	1595	9	2.0932322
833	252	10	2.0725093
834	993	1	3.4290361
834	3251	2	2.8588896
834	2125	3	2.8398454
834	3352	4	2.822751
834	860	5	2.7868536
834	935	6	2.774316
834	3307	7	2.7609277
834	41	8	2.7215836
834	160	9	2.7122931
834	1263	10	2.7043092
835	3795	1	3.8185294
835	914	2	3.3006253
835	2217	3	3.076506
835	1511	4	2.7872114
835	252	5	2.5417788
835	848	6	2.383635
835	90	7	2.2309852
835	1058	8	2.214588
835	1083	9	2.1888428
835	1406	10	2.1794045
837	3795	1	4.8933845
837	985	2	4.3832374
837	914	3	4.311982
837	2217	4	4.0110335
837	1263	5	3.779924
837	530	6	3.5805206
837	277	7	3.3895233
837	90	8	3.1638446
837	1926	9	3.1258707
837	1058	10	2.805199
838	389	1	5.0427175
838	2125	2	4.3656187
838	3795	3	4.259392
838	3251	4	4.0200195
838	530	5	3.8422956
838	914	6	3.81085
838	2217	7	3.575071
838	1926	8	3.2332184
838	1511	9	3.0791485
838	96	10	2.8768597
839	1114	1	3.285406
839	1332	2	2.7200084
839	692	3	2.6555297
839	2965	4	2.614121
839	1689	5	2.4916701
839	371	6	2.4916377
839	913	7	2.4220822
839	627	8	2.4078102
839	125	9	2.391808
839	920	10	2.2977061
840	2217	1	3.3929706
840	2125	2	2.9071999
840	3251	3	2.757686
840	1156	4	2.6633463
840	1688	5	2.4490178
840	1755	6	2.3735964
840	848	7	2.3021162
840	3275	8	2.262208
840	96	9	2.177844
840	1103	10	2.1070848
842	530	1	2.6345425
842	1263	2	2.4798064
842	2217	3	2.293123
842	1029	4	2.2898395
842	1058	5	2.2325995
842	252	6	2.226027
842	1688	7	2.0501301
842	1162	8	2.0203652
842	688	9	1.9924744
842	2681	10	1.9850786
843	4	1	4.6770945
843	192	2	4.4083786
843	1693	3	4.118877
843	515	4	4.025033
843	913	5	3.9948847
843	489	6	3.9417403
843	823	7	3.617155
843	920	8	3.488106
843	2576	9	3.487053
843	1114	10	3.4814236
844	732	1	4.1509824
844	391	2	4.1296396
844	149	3	4.0825872
844	4	4	3.9788432
844	692	5	3.9515128
844	185	6	3.7173035
844	1701	7	3.5530403
844	2965	8	3.5276303
844	1693	9	3.4809341
844	1332	10	3.4566462
845	914	1	3.7630525
845	2217	2	3.6486597
845	1511	3	3.5899286
845	1263	4	3.3363872
845	530	5	3.2320654
845	3251	6	3.1749735
845	277	7	3.0672107
845	252	8	2.7724128
845	1926	9	2.7287188
845	90	10	2.572683
846	895	1	5.0250545
846	231	2	4.9615226
846	192	3	4.936757
846	108	4	4.8442693
846	369	5	4.82699
846	3074	6	4.797984
846	492	7	4.766174
846	238	8	4.6714
846	485	9	4.6381354
846	1648	10	4.6191726
848	3795	1	4.7963405
848	3251	2	4.557351
848	3307	3	4.541442
848	914	4	4.195359
848	1263	5	3.9545264
848	2217	6	3.8912015
848	1926	7	3.8094165
848	530	8	3.7478316
848	277	9	3.5830407
848	1511	10	3.5414996
849	1411	1	4.8281946
849	920	2	4.560259
849	192	3	4.4298463
849	1313	4	4.142357
849	1648	5	4.100721
849	1023	6	4.100618
849	184	7	3.9545047
849	7	8	3.8669453
849	489	9	3.8436122
849	1011	10	3.7990956
851	914	1	3.4460173
851	2217	2	3.404317
851	1926	3	3.086604
851	1511	4	2.8523028
851	848	5	2.5281148
851	90	6	2.503172
851	147	7	2.4276981
851	1139	8	2.3834414
851	252	9	2.3529062
851	1854	10	2.2655427
852	24	1	4.860908
852	1411	2	4.5590763
852	213	3	4.4138594
852	391	4	4.2110033
852	149	5	4.1870728
852	4	6	4.152462
852	732	7	4.040037
852	185	8	3.9637065
852	1114	9	3.827835
852	1693	10	3.7868972
853	914	1	3.4482365
853	277	2	3.3120291
853	530	3	3.0939472
853	1511	4	2.8480506
853	1058	5	2.620171
853	848	6	2.5896919
853	3275	7	2.3760047
853	625	8	2.302703
853	96	9	2.2833595
853	1926	10	2.2795057
854	3795	1	4.2554555
854	2125	2	4.0498457
854	985	3	4.0324116
854	914	4	3.8384237
854	3307	5	3.8343978
854	2217	6	3.7220857
854	3251	7	3.6991053
854	1263	8	3.3837028
854	1511	9	3.2761142
854	530	10	3.2632308
856	1263	1	3.8396382
856	914	2	3.7400918
856	3307	3	3.6451595
856	3795	4	3.3755155
856	860	5	3.333068
856	2217	6	3.245957
856	1058	7	2.9298382
856	1511	8	2.9085712
856	1156	9	2.8010054
856	848	10	2.7133946
857	77	1	4.7384024
857	1112	2	4.7086086
857	1578	3	4.6449842
857	430	4	4.6046305
857	50	5	4.586653
857	1341	6	4.583934
857	1066	7	4.564005
857	58	8	4.5452013
857	333	9	4.5219316
857	4021	10	4.493454
858	389	1	3.7190037
858	2125	2	3.453179
858	1148	3	2.9626276
858	1263	4	2.8509564
858	530	5	2.8102436
858	3251	6	2.754593
858	3313	7	2.638006
858	1149	8	2.6274486
858	2681	9	2.6079345
858	191	10	2.494258
859	510	1	4.773116
859	44	2	4.154684
859	172	3	4.1121407
859	3781	4	4.087785
859	993	5	4.039455
859	322	6	3.9479523
859	80	7	3.830423
859	3795	8	3.4096816
859	41	9	3.3976164
859	45	10	3.3664346
860	1594	1	3.6673765
860	77	2	3.5133622
860	4020	3	3.3974984
860	571	4	2.986115
860	1263	5	2.9429574
860	1983	6	2.7007866
860	1694	7	2.6463137
860	2101	8	2.5440712
860	4021	9	2.5068817
860	860	10	2.4946256
861	389	1	4.8157396
861	2125	2	4.106064
861	3251	3	3.6606407
861	530	4	3.3260417
861	1688	5	3.1672373
861	1156	6	3.1010904
861	277	7	3.0672987
861	1406	8	2.9868202
861	1029	9	2.9367971
861	1058	10	2.8712192
862	985	1	3.8595562
862	3307	2	3.8223445
862	1083	3	3.4907904
862	1129	4	3.4791646
862	914	5	3.4656246
862	798	6	3.3621507
862	161	7	3.3291698
862	530	8	3.3111873
862	2217	9	3.2417364
862	1511	10	3.161584
863	913	1	4.7496405
863	823	2	4.374111
863	920	3	4.1785393
863	489	4	4.160885
863	201	5	4.020309
863	982	6	3.8747747
863	2576	7	3.7896504
863	1114	8	3.7619603
863	1313	9	3.6820347
863	3017	10	3.658774
864	192	1	4.7576675
864	4	2	4.4597497
864	149	3	4.4348097
864	185	4	4.2425413
864	1648	5	4.20855
864	489	6	4.1546774
864	1701	7	4.120714
864	1693	8	3.8540504
864	515	9	3.8255744
864	2576	10	3.7680686
865	3307	1	4.143531
865	914	2	3.899321
865	1263	3	3.6927435
865	1926	4	3.648992
865	2217	5	3.5881672
865	530	6	3.477895
865	277	7	3.371861
865	1511	8	3.3453126
865	1139	9	2.960609
865	147	10	2.8861303
866	389	1	5.21235
866	993	2	5.0812006
866	322	3	4.630953
866	45	4	4.590523
866	2125	5	4.5671105
866	41	6	4.4798427
866	3251	7	4.2968664
866	3795	8	4.292475
866	3307	9	4.105487
866	985	10	3.9078937
867	185	1	5.6224375
867	515	2	5.2727094
867	823	3	4.791671
867	920	4	4.6060286
867	1023	5	4.1268473
867	1313	6	4.092218
867	7	7	3.8745687
867	489	8	3.818798
867	184	9	3.7616723
867	539	10	3.743096
869	2125	1	3.5339174
869	1263	2	3.4815335
869	3251	3	3.1275206
869	277	4	2.9823668
869	252	5	2.5128355
869	937	6	2.4113407
869	1058	7	2.4087944
869	1156	8	2.3302493
869	1926	9	2.3033452
869	2503	10	2.274849
870	993	1	4.088248
870	3795	2	3.528658
870	41	3	3.432323
870	860	4	3.0550556
870	1263	5	2.949773
870	3352	6	2.8379045
870	2217	7	2.8255591
870	3251	8	2.81221
870	2125	9	2.7873955
870	837	10	2.6846857
871	3795	1	4.5107145
871	3307	2	4.251425
871	1926	3	4.093502
871	914	4	3.69
871	1263	5	3.6359913
871	530	6	3.568537
871	2217	7	3.3792205
871	1139	8	3.3564935
871	1854	9	3.336098
871	147	10	3.3331008
872	3017	1	4.058323
872	913	2	4.0138474
872	1016	3	3.9975305
872	515	4	3.811604
872	1689	5	3.5489473
872	823	6	3.5452027
872	1332	7	3.5128117
872	304	8	3.4906273
872	945	9	3.4830203
872	920	10	3.4333096
873	510	1	5.314092
873	1112	2	5.206633
873	172	3	5.043085
873	80	4	4.8303514
873	44	5	4.821217
873	993	6	4.532093
873	322	7	4.383608
873	41	8	4.324604
873	77	9	4.308262
873	45	10	4.202672
874	1411	1	4.861884
874	192	2	4.7897935
874	1648	3	4.261645
874	489	4	4.211442
874	1023	5	3.8345597
874	7	6	3.6414418
874	2576	7	3.604383
874	1114	8	3.5387244
874	539	9	3.50089
874	580	10	3.4676855
875	860	1	3.7055645
875	985	2	3.3513637
875	2125	3	3.326635
875	1029	4	3.049498
875	530	5	2.969907
875	1144	6	2.9445496
875	1893	7	2.7321315
875	3251	8	2.7004957
875	2036	9	2.6143365
875	2503	10	2.606856
876	3307	1	3.8064392
876	1926	2	3.782247
876	914	3	3.4127016
876	2217	4	3.3955393
876	1263	5	3.3230066
876	147	6	3.2316003
876	1854	7	3.1651547
876	530	8	3.1387095
876	277	9	3.0800085
876	141	10	3.0054755
877	192	1	5.0456142
877	1648	2	4.613679
877	489	3	4.4881496
877	2576	4	4.1159425
877	3017	5	3.9448283
877	1114	6	3.897169
877	534	7	3.8386283
877	580	8	3.778883
877	1016	9	3.7050667
877	692	10	3.5498176
878	1926	1	3.5821505
878	1511	2	3.3627439
878	147	3	2.8442895
878	1139	4	2.7670245
878	1156	5	2.757989
878	848	6	2.7424943
878	1854	7	2.6680622
878	1058	8	2.6620574
878	1083	9	2.6302557
878	1406	10	2.6215487
879	172	1	4.470963
879	44	2	4.442877
879	80	3	4.3687515
879	993	4	4.202187
879	322	5	4.010962
879	41	6	3.9523153
879	3795	7	3.8848815
879	45	8	3.7924864
879	985	9	3.4428778
879	1926	10	3.357842
880	1681	1	2.3078823
880	1058	2	2.0271158
880	1926	3	1.9896084
880	96	4	1.9634483
880	848	5	1.8899989
880	1238	6	1.8232942
880	1156	7	1.7906473
880	625	8	1.7826531
880	1029	9	1.7713528
880	3275	10	1.7143695
882	993	1	4.7409954
882	3795	2	4.5276766
882	45	3	4.472319
882	985	4	3.8554616
882	3307	5	3.8132598
882	914	6	3.7190728
882	1926	7	3.5689366
882	2217	8	3.449341
882	1511	9	3.3361244
882	530	10	3.1642327
883	389	1	4.2398186
883	4021	2	4.1893497
883	3251	3	3.3552294
883	41	4	3.3486848
883	2125	5	3.2439814
883	1263	6	3.2186303
883	45	7	3.1911368
883	530	8	3.0218034
883	3795	9	2.9402218
883	3307	10	2.628709
884	993	1	5.223202
884	2125	2	5.114551
884	3251	3	4.9405794
884	3795	4	4.744545
884	1926	5	4.2686996
884	985	6	4.225835
884	3307	7	3.914938
884	914	8	3.8146586
884	530	9	3.5619698
884	2217	10	3.5212545
885	2217	1	3.8157954
885	530	2	3.7849407
885	1511	3	3.699323
885	1263	4	3.5313861
885	90	5	2.8815656
885	1129	6	2.8221607
885	3275	7	2.7786946
885	161	8	2.6874318
885	1406	9	2.6661787
885	1688	10	2.6603618
886	1112	1	4.455192
886	993	2	4.3205776
886	77	3	3.6739635
886	1636	4	3.5026917
886	4021	5	3.3915534
886	985	6	3.3366494
886	1983	7	2.9370608
886	860	8	2.820985
886	389	9	2.6671305
886	1111	10	2.6616368
887	3017	1	4.487786
887	24	2	4.0740175
887	82	3	3.799117
887	1332	4	3.6678076
887	732	5	3.602917
887	213	6	3.533558
887	2449	7	3.5082667
887	304	8	3.4238267
887	1689	9	3.3523865
887	627	10	3.3342855
888	914	1	4.0121
888	1263	2	3.7174513
888	530	3	3.7006974
888	1511	4	3.4584365
888	277	5	3.416699
888	1926	6	3.0751195
888	90	7	2.8671253
888	848	8	2.6816835
888	1156	9	2.6650906
888	1058	10	2.6439686
889	914	1	3.5936172
889	277	2	3.2095804
889	2217	3	3.1977472
889	1511	4	3.0440059
889	1926	5	3.0380943
889	1139	6	2.6646223
889	147	7	2.5423295
889	1406	8	2.5016212
889	1129	9	2.4708128
889	90	10	2.4460058
890	3795	1	4.53014
890	2125	2	4.3806806
890	3307	3	4.323029
890	3251	4	4.072169
890	914	5	3.8124952
890	2217	6	3.563801
890	1263	7	3.5288737
890	1926	8	3.3811207
890	530	9	3.365919
890	277	10	3.2247066
891	1148	1	3.6391828
891	1594	2	3.2284193
891	1216	3	3.16856
891	1103	4	3.0725665
891	1636	5	3.0432124
891	174	6	2.9549212
891	943	7	2.9455628
891	2484	8	2.9332685
891	1149	9	2.9081779
891	1087	10	2.9067645
892	192	1	4.4681106
892	1648	2	4.0233984
892	489	3	3.8820534
892	920	4	3.585292
892	2576	5	3.3680797
892	534	6	3.3552444
892	3017	7	3.298612
892	1114	8	3.079185
892	1313	9	3.0566447
892	580	10	3.0487154
893	985	1	3.6614728
893	3795	2	3.5040417
893	3307	3	3.3955524
893	530	4	3.1668892
893	1263	5	3.0806227
893	914	6	2.9937828
893	2217	7	2.9412975
893	277	8	2.9057486
893	147	9	2.8291934
893	1854	10	2.7595735
894	489	1	4.272009
894	1114	2	3.8140821
894	2576	3	3.7592838
894	3017	4	3.6397882
894	580	5	3.5037146
894	692	6	3.3627899
894	1016	7	3.336988
894	7	8	3.3039317
894	184	9	3.2514062
894	1484	10	3.1897206
895	4021	1	3.8361099
895	389	2	3.4481492
895	1029	3	2.821588
895	1755	4	2.733222
895	2125	5	2.6020548
895	1148	6	2.5816178
895	96	7	2.4645572
895	252	8	2.4245749
895	1238	9	2.3884954
895	1446	10	2.3393462
896	3795	1	4.6951656
896	3307	2	4.2500067
896	914	3	3.6499937
896	147	4	3.6305704
896	1854	5	3.6253145
896	530	6	3.51718
896	1263	7	3.5105019
896	141	8	3.4265916
896	1083	9	3.3563578
896	2217	10	3.3344603
897	985	1	2.9591162
897	389	2	2.9077783
897	2125	3	2.855752
897	535	4	2.6900926
897	455	5	2.630814
897	1087	6	2.5991104
897	1636	7	2.5774026
897	1694	8	2.4467146
897	1111	9	2.4393435
897	1148	10	2.4270701
899	1672	1	4.11149
899	1112	2	3.9493961
899	993	3	3.6645474
899	535	4	3.2200065
899	2530	5	3.1873546
899	1159	6	3.1105385
899	1250	7	3.0125432
899	1644	8	2.9921947
899	632	9	2.9869213
899	1594	10	2.9827642
900	2628	1	5.3312473
900	383	2	5.2193437
900	1234	3	5.003978
900	264	4	4.9735208
900	1697	5	4.88815
900	1411	6	4.7679024
900	192	7	4.5625753
900	1648	8	4.064604
900	1023	9	4.015685
900	489	10	3.8982577
901	147	1	2.78853
901	141	2	2.7136664
901	1083	3	2.6859987
901	798	4	2.6352878
901	1263	5	2.6147337
901	45	6	2.5919013
901	1854	7	2.4792202
901	3795	8	2.3571076
901	948	9	2.1465373
901	161	10	2.144158
902	4021	1	4.3423605
902	389	2	3.9555306
902	2125	3	3.4172335
902	1029	4	2.9432144
902	1688	5	2.9369307
902	1156	6	2.7481532
902	3251	7	2.7339883
902	625	8	2.6853447
902	1058	9	2.4522853
902	96	10	2.450962
903	993	1	5.5217867
903	41	2	5.105798
903	3795	3	4.986967
903	3307	4	4.6040864
903	985	5	4.5069714
903	3251	6	4.384042
903	914	7	4.3021703
903	2217	8	4.0972414
903	1263	9	4.035935
903	1511	10	3.6765924
904	4021	1	3.896327
904	1983	2	3.7647877
904	389	3	3.335251
904	535	4	3.3006349
904	860	5	3.2314467
904	2125	6	3.0197287
904	1156	7	2.9783723
904	2681	8	2.77367
904	1250	9	2.7688317
904	530	10	2.7449918
905	3307	1	3.2375927
905	1263	2	2.9312062
905	1139	3	2.5414429
905	2217	4	2.5164697
905	1854	5	2.4864302
905	3795	6	2.396272
905	141	7	2.2855525
905	1083	8	2.2389736
905	96	9	2.2381244
905	798	10	2.22218
906	3795	1	3.9693232
906	3307	2	3.7820103
906	914	3	3.7142267
906	1263	4	3.275289
906	1511	5	3.1187005
906	2217	6	3.115251
906	277	7	2.9175892
906	530	8	2.8696728
906	1926	9	2.7726903
906	90	10	2.6836717
907	1688	1	3.6564157
907	1594	2	3.3800144
907	1029	3	3.2712579
907	985	4	3.2498255
907	77	5	3.0637298
907	1263	6	3.051198
907	805	7	2.9724278
907	2503	8	2.9154465
907	1633	9	2.6578155
907	1983	10	2.5767198
908	2125	1	4.363898
908	3251	2	3.9186926
908	2217	3	3.7900686
908	1511	4	3.4866009
908	1926	5	3.2151217
908	1058	6	2.8467205
908	1156	7	2.807477
908	252	8	2.6305308
908	848	9	2.5814137
908	1406	10	2.5398893
909	3307	1	3.5818863
909	914	2	3.0296535
909	1156	3	2.9142675
909	4021	4	2.89856
909	848	5	2.886994
909	2320	6	2.8328743
909	860	7	2.8045034
909	3795	8	2.7860765
909	530	9	2.6813524
909	90	10	2.6716204
910	389	1	4.882491
910	2125	2	4.205601
910	3251	3	3.7825403
910	1926	4	2.9284565
910	1156	5	2.8681178
910	3275	6	2.8094811
910	1058	7	2.7957468
910	848	8	2.7956228
910	1688	9	2.77743
910	252	10	2.6781554
911	1263	1	3.4534845
911	2217	2	3.1256104
911	1511	3	3.0550046
911	530	4	2.9891558
911	277	5	2.9177632
911	1058	6	2.412949
911	252	7	2.4119382
911	3275	8	2.3635774
911	1688	9	2.2107987
911	1171	10	2.1614423
912	993	1	5.5360346
912	4021	2	5.4556274
912	389	3	5.0653677
912	45	4	5.0044513
912	41	5	4.9308934
912	860	6	4.8737683
912	3795	7	4.769596
912	3307	8	4.51471
912	2125	9	4.339861
912	914	10	4.1573853
913	4211	1	5.2201333
913	4288	2	5.023796
913	413	3	5.0124826
913	3878	4	4.994796
913	3136	5	4.9187326
913	4265	6	4.668001
913	4775	7	4.540321
913	4200	8	4.368354
913	1202	9	4.359811
913	3049	10	4.3321247
914	3795	1	3.8284388
914	914	2	3.5023913
914	2217	3	2.84249
914	1511	4	2.840897
914	277	5	2.7056475
914	90	6	2.3934977
914	1139	7	2.372902
914	147	8	2.3390956
914	141	9	2.2527425
914	248	10	2.2302132
915	19	1	4.9342732
915	50	2	4.8545365
915	539	3	4.8165307
915	353	4	4.7171984
915	1112	5	4.7135963
915	3273	6	4.641968
915	1672	7	4.619193
915	168	8	4.587393
915	1066	9	4.5444336
915	1341	10	4.5420227
916	2125	1	4.1437273
916	2217	2	3.7131732
916	3251	3	3.68742
916	1263	4	3.440906
916	530	5	3.262737
916	277	6	3.1652367
916	1926	7	2.970126
916	1156	8	2.7972703
916	1058	9	2.773512
916	3275	10	2.688983
917	3795	1	3.1057866
917	2125	2	2.9830575
917	3251	3	2.727736
917	1511	4	2.3126764
917	928	5	2.1300302
917	1633	6	2.1004722
917	248	7	2.0592299
917	689	8	1.910832
917	1775	9	1.9008008
917	1134	10	1.8525236
918	2125	1	4.269812
918	3251	2	3.917914
918	1263	3	3.8492694
918	914	4	3.8077621
918	2217	5	3.7620516
918	1511	6	3.1600215
918	1926	7	3.1200657
918	252	8	2.8886566
918	1156	9	2.7704506
918	90	10	2.7554145
919	993	1	5.2579036
919	45	2	4.8357453
919	3795	3	4.8053885
919	41	4	4.788107
919	3307	5	4.278
919	985	6	4.2292776
919	1926	7	4.228854
919	914	8	3.8946404
919	2217	9	3.6687033
919	530	10	3.6323595
920	1983	1	4.974381
920	4021	2	4.640855
920	985	3	4.612585
920	389	4	4.5087776
920	3307	5	4.466115
920	860	6	4.3376493
920	914	7	3.781902
920	3795	8	3.7667613
920	2217	9	3.5920448
920	2125	10	3.5290163
921	2217	1	3.6962945
921	530	2	3.3339918
921	1926	3	3.297956
921	1263	4	3.2337396
921	277	5	3.0365992
921	90	6	2.9797745
921	1688	7	2.814309
921	3275	8	2.7229128
921	1139	9	2.7095864
921	625	10	2.662943
922	3795	1	4.557835
922	3307	2	4.337509
922	914	3	3.8725448
922	1263	4	3.590732
922	2217	5	3.5043578
922	277	6	3.2959523
922	1511	7	3.2947125
922	1083	8	3.0154963
922	1854	9	2.960012
922	252	10	2.8589854
923	192	1	4.741563
923	1648	2	4.3007927
923	489	3	4.124859
923	2576	4	3.7752776
923	1114	5	3.7526298
923	201	6	3.7340865
923	982	7	3.6486163
923	3017	8	3.5965986
923	534	9	3.5007339
923	580	10	3.4647684
924	993	1	5.009202
924	1983	2	4.6410522
924	4021	3	4.6324897
924	45	4	4.2905817
924	3795	5	4.270673
924	389	6	4.1516085
924	860	7	3.9824271
924	3307	8	3.9371142
924	985	9	3.903557
924	914	10	3.6267426
925	50	1	4.994582
925	1578	2	4.970891
925	1112	3	4.9180465
925	430	4	4.8965077
925	1066	5	4.8667364
925	58	6	4.839468
925	806	7	4.740373
925	353	8	4.738431
925	1341	9	4.7273936
925	333	10	4.702531
926	1112	1	4.5202694
926	510	2	4.5162973
926	1983	3	4.321808
926	3273	4	4.231534
926	993	5	4.037086
926	4021	6	4.017729
926	389	7	3.9876657
926	172	8	3.9862216
926	44	9	3.9845545
926	1359	10	3.9588623
927	2125	1	3.2236567
927	3251	2	2.6834886
927	1058	3	2.6380754
927	1688	4	2.624792
927	1156	5	2.5081866
927	848	6	2.4500906
927	252	7	2.368278
927	1029	8	2.2931004
927	96	9	2.273264
927	1406	10	2.2666316
928	1926	1	4.0774918
928	530	2	3.8595061
928	1511	3	3.8427496
928	1263	4	3.613334
928	1139	5	3.5615208
928	147	6	3.3915925
928	277	7	3.328347
928	141	8	3.3236551
928	1854	9	3.1587734
928	1129	10	3.0205705
929	322	1	3.379137
929	41	2	2.8243673
929	914	3	2.6929626
929	3307	4	2.6478362
929	3795	5	2.5865593
929	2217	6	2.403145
929	848	7	2.316455
929	1511	8	2.1269193
929	1926	9	2.0986054
929	1156	10	2.0744214
930	1511	1	3.0811098
930	2217	2	3.0773463
930	1263	3	3.0460854
930	530	4	2.9941034
930	277	5	2.7419271
930	1926	6	2.6903799
930	90	7	2.66721
930	252	8	2.344817
930	1156	9	2.3340178
930	3275	10	2.2815664
931	44	1	4.779711
931	993	2	4.7467117
931	2125	3	4.614795
931	322	4	4.44728
931	45	5	4.3667707
931	3795	6	4.3504972
931	3251	7	4.284443
931	41	8	4.1046753
931	3307	9	3.675796
931	914	10	3.6754038
932	192	1	4.5773573
932	913	2	4.0231223
932	920	3	3.6295042
932	201	4	3.4629982
932	982	5	3.416657
932	3017	6	3.411881
932	534	7	3.3932152
932	1114	8	3.2650332
932	1016	9	3.2159863
932	1023	10	3.177923
933	3795	1	4.7382016
933	3307	2	4.34701
933	914	3	3.966531
933	2217	4	3.7426414
933	1926	5	3.7210107
933	277	6	3.399632
933	1511	7	3.3943655
933	1139	8	3.064267
933	147	9	3.0020475
933	1854	10	2.9482508
934	383	1	4.7838087
934	2628	2	4.7354784
934	1234	3	4.550765
934	1411	4	4.3939066
934	192	5	4.0630403
934	1023	6	3.7505069
934	1648	7	3.6024902
934	489	8	3.5011218
934	539	9	3.492422
934	7	10	3.4802775
935	3795	1	4.428767
935	985	2	4.1230474
935	3307	3	4.0094714
935	1926	4	3.7156503
935	914	5	3.6582627
935	1263	6	3.6182177
935	530	7	3.5012822
935	2217	8	3.4832602
935	277	9	3.3438377
935	1511	10	3.250009
936	914	1	3.9614916
936	530	2	3.9151304
936	1263	3	3.824691
936	277	4	3.7353237
936	2217	5	3.6974792
936	1926	6	3.6414866
936	1511	7	3.3236136
936	1139	8	2.9460225
936	147	9	2.9181712
936	90	10	2.8663526
937	515	1	3.9941487
937	3017	2	3.9777968
937	1693	3	3.9462004
937	913	4	3.926332
937	1114	5	3.8249583
937	1016	6	3.6740792
937	823	7	3.649263
937	945	8	3.3983545
937	920	9	3.3797498
937	1332	10	3.3706408
938	4021	1	3.9787488
938	389	2	3.5141296
938	860	3	3.4314003
938	2125	4	3.0724142
938	530	5	2.7214005
938	1263	6	2.71081
938	3251	7	2.6695192
938	1406	8	2.3204467
938	1029	9	2.2599864
938	277	10	2.2087727
939	3781	1	5.3606625
939	44	2	5.0651283
939	172	3	4.9727697
939	1983	4	4.9665184
939	4021	5	4.874037
939	80	6	4.82324
939	993	7	4.7038074
939	389	8	4.5928793
939	41	9	4.552496
939	860	10	4.46649
