user_id	item_id	rank	score
88	4020	1	3.8704526
88	860	2	2.8690171
88	109	3	3.6651654
88	936	4	3.1013846
88	1926	5	2.859427
88	843	6	3.566269
88	200	7	2.8634696
88	4021	8	3.320653
88	4029	9	3.1151943
88	53	10	3.189067
933	0	1	3.2864063
933	213	2	2.7495718
933	258	3	3.1922905
933	320	4	3.058241
933	622	5	2.7091298
933	227	6	3.1632423
933	599	7	3.1765716
933	84	8	3.1326272
933	391	9	2.648867
933	19	10	2.6829772
858	242	1	3.9243145
858	369	2	4.1691685
858	3074	3	3.5672364
858	243	4	4.3013725
858	622	5	4.4682837
858	905	6	3.394815
858	47	7	3.727012
858	196	8	3.3088045
858	216	9	3.3086283
858	43	10	3.0714095
884	4017	1	4.3166375
884	2110	2	3.0303612
884	216	3	2.8232322
884	28	4	2.4971611
884	30	5	3.2334747
884	823	6	2.7015376
884	47	7	2.4755936
884	19	8	2.6772184
884	391	9	1.9099839
884	4029	10	2.2558956
549	4021	1	3.951363
549	860	2	3.028286
549	672	3	3.6050801
549	936	4	2.9604278
549	30	5	4.383174
549	77	6	3.4998896
549	200	7	2.2228692
549	843	8	3.0975513
549	4029	9	3.441791
549	456	10	3.0377316
67	4021	1	3.745449
67	860	2	2.8664129
67	1854	3	3.235163
67	936	4	2.8790653
67	30	5	3.959447
67	843	6	3.1823092
67	53	7	3.026895
67	717	8	3.0172672
67	4029	9	3.1296923
67	902	10	2.7535582
701	1868	1	2.7904124
701	597	2	1.310116
701	99	3	2.463467
701	1829	4	1.1192027
701	30	5	1.1969571
701	1790	6	0.8070057
701	1388	7	2.1639686
701	1398	8	2.0612607
701	3137	9	1.15399
701	4020	10	2.0208292
742	333	1	3.82553
742	431	2	3.9328609
742	706	3	3.3485432
742	3275	4	2.6214993
742	622	5	3.8737755
742	95	6	3.2883568
742	47	7	3.0370734
742	1925	8	3.1465793
742	81	9	3.137796
742	43	10	2.2368727
930	11	1	3.8298447
930	238	2	3.7034261
930	258	3	3.7790248
930	243	4	3.2278445
930	622	5	3.2927914
930	216	6	3.1749365
930	47	7	3.4161167
930	196	8	3.0110025
930	43	9	2.787593
930	95	10	2.93886
781	874	1	2.4311237
781	185	2	2.35321
781	227	3	2.2768073
781	635	4	1.720035
781	30	5	1.566619
781	1838	6	2.0678887
781	1066	7	2.4364634
781	221	8	2.9464762
781	1011	9	1.9316105
781	2421	10	2.5675778
878	219	1	3.4737887
878	821	2	3.706561
878	84	3	3.4169796
878	243	4	2.184694
878	30	5	3.0352578
878	311	6	3.0228424
878	599	7	3.7091799
878	278	8	2.8498387
878	229	9	3.1664128
878	485	10	2.6554542
190	77	1	3.0971801
190	2	2	2.6644707
190	49	3	2.923729
190	28	4	2.4461246
190	620	5	2.709117
190	4017	6	2.9043493
190	599	7	2.2710648
190	141	8	2.827292
190	1794	9	2.3591492
190	672	10	2.727537
682	37	1	2.6578507
682	1424	2	2.4438806
682	417	3	2.4329443
682	978	4	1.413642
682	3796	5	2.355267
682	3220	6	0.9586319
682	3462	7	2.2281399
682	1626	8	1.8246336
682	2668	9	2.2102258
682	1821	10	3.0049279
28	1215	1	3.5226414
28	231	2	1.9590015
28	960	3	3.5117416
28	1225	4	3.4187684
28	72	5	1.9596704
28	837	6	2.3257189
28	514	7	3.4877486
28	1236	8	3.119351
28	599	9	1.4228647
28	221	10	2.1571712
799	631	1	3.4727054
799	821	2	4.286089
799	84	3	3.401062
799	243	4	3.0527596
799	622	5	2.4733415
799	225	6	1.8942744
799	599	7	4.7528825
799	227	8	3.0715532
799	62	9	3.0066185
799	1794	10	2.2301085
41	109	1	2.5162964
41	2110	2	3.3091984
41	654	3	2.3976693
41	296	4	1.7944214
41	620	5	2.8910952
41	682	6	2.2922769
41	1199	7	1.4465226
41	210	8	2.18915
41	229	9	1.6730533
41	4029	10	2.6647325
294	0	1	2.3966737
294	110	2	2.354402
294	258	3	2.2697582
294	320	4	2.521531
294	56	5	3.2289982
294	1701	6	2.2581744
294	599	7	1.6429577
294	2076	8	2.0934377
294	732	9	2.006668
294	43	10	1.7947476
331	479	1	2.6557477
331	529	2	3.1570225
331	19	3	2.5676825
331	686	4	2.0262156
331	30	5	2.8828943
331	3718	6	2.498314
331	14	7	2.1468554
331	2031	8	2.4343932
331	539	9	1.5397362
331	4029	10	1.8919399
415	11	1	2.9806108
415	231	2	3.1666713
415	95	3	2.9432006
415	495	4	2.1667848
415	72	5	2.443113
415	82	6	2.9047866
415	47	7	2.8020575
415	84	8	2.713972
415	311	9	2.6742837
415	201	10	3.0666714
679	843	1	3.4194994
679	2110	2	3.5435972
679	204	3	3.109262
679	296	4	1.918684
679	2227	5	2.3237798
679	109	6	2.9163926
679	14	7	1.4964452
679	479	8	2.8979027
679	539	9	2.4043522
679	4029	10	2.4180872
493	3718	1	3.5797453
493	369	2	3.69847
493	7	3	3.372339
493	495	4	2.6988835
493	622	5	3.6828244
493	1315	6	1.9127576
493	11	7	3.1340816
493	599	8	3.0339582
493	95	9	3.1243196
493	43	10	3.0708594
751	370	1	2.988451
751	185	2	1.9606128
751	1193	3	2.3966382
751	2065	4	1.8247402
751	30	5	1.3782673
751	1011	6	1.997419
751	1066	7	1.62992
751	29	8	1.9898827
751	911	9	2.1596487
751	278	10	1.9445952
8	1368	1	3.5924861
8	1171	2	3.2167501
8	706	3	3.2969456
8	495	4	2.3840575
8	71	5	2.8802633
8	2503	6	2.197405
8	1925	7	3.2229414
8	599	8	1.7886868
8	1693	9	3.1316435
8	43	10	2.8781254
55	196	1	2.0347443
55	108	2	1.8503268
55	1300	3	1.9812682
55	320	4	1.7316858
55	30	5	1.8641696
55	1650	6	1.9137526
55	1310	7	1.664118
55	85	8	1.9017534
55	1794	9	1.3863388
55	43	10	1.50004
262	210	1	4.2279944
262	506	2	3.226171
262	109	3	4.0178623
262	439	4	3.4047272
262	620	5	3.4239302
262	351	6	3.3367093
262	599	7	2.625093
262	4021	8	3.2817037
262	229	9	2.39893
262	3718	10	3.1729038
376	456	1	4.1104536
376	168	2	3.7989733
376	210	3	3.4615989
376	936	4	2.9399164
376	4016	5	2.5317605
376	141	6	3.237835
376	47	7	2.200683
376	4017	8	3.1168268
376	229	9	2.326054
376	4029	10	3.0980504
760	706	1	3.3233871
760	431	2	3.3537488
760	333	3	3.212378
760	243	4	3.5597095
760	622	5	3.606983
760	2503	6	1.7937503
760	492	7	2.9388905
760	47	8	3.0497322
760	81	9	2.8903797
760	196	10	2.8850765
387	3923	1	1.4405744
387	157	2	1.3994031
387	3462	3	1.3408327
387	978	4	1.1733663
387	2931	5	1.1540134
387	4294	6	0.9038677
387	3101	7	1.1175654
387	3239	8	0.94641614
387	4230	9	1.0872698
387	1421	10	1.300988
812	84	1	3.5065947
812	231	2	3.8063023
812	0	3	3.504745
812	243	4	3.2741637
812	622	5	3.043913
812	258	6	3.329418
812	599	7	3.718339
812	219	8	2.9672232
812	391	9	3.2494009
812	43	10	3.6396735
395	109	1	3.3403726
395	2110	2	4.197282
395	4017	3	3.323813
395	936	4	2.9282973
395	1926	5	2.880184
395	641	6	3.237913
395	47	7	2.763239
395	456	8	3.1045833
395	539	9	2.2558417
395	77	10	3.0494277
654	1701	1	2.7630444
654	108	2	3.2027376
654	2260	3	2.7431102
654	686	4	3.0114002
654	4398	5	1.6468734
654	248	6	2.7247517
654	14	7	2.769156
654	2644	8	2.494006
654	3649	9	1.9264033
654	2954	10	2.4579604
579	77	1	2.8143737
579	168	2	3.385551
579	109	3	2.7994313
579	296	4	2.0113888
579	1926	5	2.8095918
579	672	6	2.6871037
579	1197	7	1.6086829
579	682	8	2.5211043
579	391	9	2.1003249
579	4029	10	2.436196
39	672	1	3.2877753
39	1526	2	2.4523554
39	1854	3	2.944171
39	439	4	2.9461102
39	1983	5	2.747763
39	456	6	2.9175396
39	599	7	2.2098415
39	843	8	2.897018
39	229	9	2.4322255
39	43	10	2.4573836
824	82	1	4.01454
824	201	2	3.9596758
824	73	3	2.9132686
824	243	4	3.5939252
824	622	5	3.8451288
824	2503	6	2.0996304
824	1406	7	2.7975368
824	200	8	2.8609488
824	1693	9	2.7637053
824	1621	10	1.8288796
268	84	1	4.340992
268	108	2	3.473545
268	62	3	3.8885517
268	243	4	3.2177007
268	30	5	2.9658399
268	732	6	3.52589
268	311	7	3.2858958
268	1794	8	2.9981928
268	43	9	4.1339216
268	152	10	3.1696618
472	219	1	2.8296185
472	821	2	3.537171
472	311	3	2.702116
472	495	4	1.7341344
472	622	5	1.9512687
472	631	6	2.6138618
472	599	7	3.2495503
472	152	8	2.451749
472	1794	9	1.9229326
472	43	10	3.0406196
775	258	1	3.2014837
775	2110	2	3.2631836
775	216	3	2.909059
775	320	4	2.4470515
775	1926	5	1.950145
775	196	6	2.9083133
775	47	7	2.7404299
775	3073	8	2.8100834
775	229	9	2.107728
775	43	10	3.2647347
608	95	1	4.18499
608	529	2	3.763667
608	82	3	4.1572
608	320	4	3.9368126
608	72	5	3.188837
608	242	6	3.830247
608	599	7	3.565781
608	2036	8	3.647287
608	43	9	4.313629
608	215	10	3.6116617
233	351	1	3.5145748
233	369	2	5.143633
233	11	3	3.450138
233	545	4	1.8535969
233	622	5	3.9392986
233	311	6	3.368961
233	47	7	3.1418507
233	7	8	3.2142248
233	1794	9	1.890142
233	529	10	4.869323
920	29	1	2.7949705
920	185	2	2.311749
920	1011	3	2.6680102
920	2065	4	1.7100859
920	72	5	1.6263182
920	2942	6	1.0130048
920	227	7	2.5596051
920	599	8	1.784574
920	1263	9	2.523522
920	1602	10	2.0465004
523	109	1	4.3882504
523	168	2	4.577121
523	456	3	4.1782303
523	296	4	2.9735358
523	30	5	5.2225285
523	4017	6	3.9269052
523	1197	7	1.9496588
523	4020	8	3.6389208
523	539	9	2.2128778
523	77	10	3.6322513
237	258	1	3.8773665
237	201	2	2.9234877
237	3718	3	2.909292
237	320	4	3.105027
237	622	5	3.52486
237	215	6	2.7265792
237	599	7	2.6613517
237	95	8	2.6836426
237	43	9	2.8498726
237	11	10	2.579538
328	109	1	2.7872338
328	2110	2	2.979237
328	479	3	2.637309
328	1277	4	1.8734105
328	30	5	2.8520904
328	210	6	2.5916493
328	200	7	1.3677115
328	141	8	2.4907513
328	53	9	2.228423
328	168	10	2.8399959
424	3718	1	4.881604
424	24	2	4.8501625
424	3072	3	4.190631
424	320	4	3.85678
424	430	5	3.199146
424	732	6	3.9752154
424	47	7	3.7665305
424	3075	8	3.5675354
424	43	9	4.0991154
424	215	10	3.5546384
60	84	1	2.5382097
60	231	2	2.4831064
60	219	3	2.3181996
60	3929	4	2.124382
60	620	5	1.9661185
60	227	6	2.253016
60	599	7	2.3022928
60	539	8	2.5076675
60	176	9	2.1089954
60	43	10	2.5468373
598	4017	1	3.981314
598	2108	2	4.020357
598	210	3	3.480411
598	439	4	3.229618
598	1983	5	2.4910903
598	4020	6	3.409039
598	47	7	2.9841976
598	216	8	3.1992407
598	229	9	2.139512
598	4029	10	2.9906905
306	3718	1	4.2099514
306	369	2	4.7490797
306	215	3	4.1960154
306	495	4	3.525642
306	622	5	4.8663216
306	510	6	3.8075514
306	47	7	4.249869
306	791	8	3.7386978
306	82	9	3.66657
306	24	10	4.6140413
842	258	1	4.0426536
842	431	2	3.8143559
842	11	3	3.891499
842	147	4	2.391263
842	430	5	3.2242098
842	3073	6	3.6797824
842	172	7	2.264598
842	3074	8	3.6263204
842	3075	9	3.613473
842	43	10	2.6587007
136	63	1	1.7201995
136	173	2	1.9639279
136	4017	3	1.6681721
136	3929	4	1.4501855
136	30	5	1.5703225
136	4020	6	1.6517313
136	2393	7	1.530474
136	405	8	1.5486817
136	911	9	1.3344624
136	4029	10	1.4669652
256	485	1	2.2165442
256	821	2	1.9983275
256	84	3	2.2071748
256	320	4	1.6588094
256	1222	5	1.1493757
256	219	6	2.167316
256	599	7	2.0809078
256	372	8	2.0825212
256	221	9	1.1898769
256	1681	10	1.7434436
803	11	1	2.9118645
803	238	2	3.0515602
803	242	3	2.7079554
803	243	4	2.9857671
803	622	5	2.7899501
803	3073	6	2.613975
803	47	7	2.6184402
803	333	8	2.5362875
803	3072	9	2.4472263
803	721	10	2.5110111
361	77	1	3.903438
361	860	2	3.9583092
361	948	3	3.5185156
361	439	4	3.429315
361	1926	5	3.9985323
361	53	6	3.4812608
361	200	7	2.505343
361	479	8	3.3438122
361	229	9	2.6516201
361	4029	10	4.4359417
610	4017	1	1.5885454
610	168	2	1.4225643
610	63	3	1.463884
610	635	4	1.2879479
610	30	5	1.3412085
610	4020	6	1.4439076
610	363	7	1.314143
610	210	8	1.4330933
610	911	9	1.5453582
610	96	10	1.2285464
488	62	1	4.040847
488	108	2	3.7230968
488	485	3	3.7037477
488	495	4	2.4842079
488	622	5	3.5786057
488	227	6	3.4589505
488	47	7	2.7800508
488	7	8	3.2889125
488	391	9	2.3216476
488	1023	10	3.2298884
215	3790	1	2.4937334
215	950	2	1.9282873
215	3820	3	2.10901
215	1133	4	1.526496
215	2514	5	2.1794324
215	620	6	1.0268142
215	2056	7	1.6627026
215	3281	8	1.7352657
215	3002	9	1.5885193
215	2304	10	1.5658904
104	0	1	2.9446
104	529	2	2.639137
104	258	3	2.587951
104	686	4	2.7323399
104	622	5	2.5260644
104	732	6	2.4747114
104	599	7	2.3079057
104	215	8	2.440282
104	1794	9	1.8711764
104	43	10	2.4879398
905	0	1	3.6188226
905	46	2	3.5492194
905	227	3	3.5087223
905	320	4	2.8245459
905	55	5	2.4465456
905	258	6	3.4149008
905	599	7	3.023421
905	216	8	3.2472787
905	229	9	1.8303943
905	43	10	2.8999667
804	3107	1	1.2931917
804	610	2	0.9812403
804	413	3	1.233324
804	4784	4	1.313397
804	51	5	0.8672607
804	3207	6	1.2316585
804	415	7	1.2218635
804	1720	8	0.7817695
804	1385	9	1.221286
804	2938	10	0.7438411
261	19	1	3.6136265
261	201	2	2.8675141
261	0	3	3.5507994
261	243	4	2.8716228
261	72	5	2.994618
261	258	6	3.4089503
261	47	7	2.4515767
261	82	8	2.8957229
261	11	9	2.7889676
261	43	10	2.0251253
106	62	1	3.6988068
106	369	2	4.5962133
106	95	3	3.6540525
106	320	4	3.9520354
106	72	5	3.6934743
106	11	6	3.6022382
106	47	7	3.9336336
106	631	8	3.356124
106	3073	9	3.3534737
106	201	10	4.1177626
686	3462	1	2.5131364
686	1748	2	2.2771845
686	37	3	2.3592262
686	3929	4	1.7673349
686	30	5	1.140771
686	114	6	1.4988692
686	1200	7	2.2492604
686	599	8	1.403743
686	3796	9	2.24232
686	911	10	1.2490075
321	82	1	4.069645
321	431	2	4.4632816
321	3073	3	4.0167017
321	320	4	2.8623316
321	72	5	3.8371925
321	3072	6	3.8303032
321	47	7	4.3580637
321	216	8	3.6394324
321	43	9	3.6757166
321	215	10	3.5442972
161	0	1	4.671251
161	238	2	3.967111
161	258	3	4.5035996
161	320	4	2.3269622
161	622	5	3.955102
161	19	6	4.211995
161	47	7	3.1630654
161	82	8	3.6948
161	2043	9	1.8994713
161	43	10	3.1505473
846	796	1	1.1305878
846	2339	2	1.0133166
846	4352	3	1.1302269
846	1225	4	0.8421544
846	1926	5	0.7067141
846	4062	6	0.6198215
846	1236	7	1.0477337
846	3998	8	0.83485115
846	1362	9	0.8814534
846	3776	10	0.82667506
89	3718	1	3.3469706
89	238	2	3.9997778
89	11	3	3.0204086
89	495	4	2.6827767
89	622	5	3.9541185
89	242	6	3.001642
89	47	7	2.9755979
89	351	8	2.9850764
89	43	9	3.8183374
89	311	10	2.929617
263	843	1	3.6945696
263	1526	2	2.584362
263	456	3	3.539402
263	296	4	2.4921703
263	30	5	4.516654
263	109	6	3.4972706
263	47	7	2.1140347
263	210	8	3.345492
263	229	9	2.1960573
263	4017	10	3.3158786
72	227	1	3.857914
72	238	2	4.414912
72	3718	3	3.684012
72	320	4	3.4156127
72	622	5	4.315532
72	11	6	3.556347
72	47	7	3.590571
72	3073	8	3.5401042
72	43	9	3.600627
72	216	10	3.3736768
271	311	1	2.6339068
271	24	2	2.6182377
271	351	3	2.6026485
271	495	4	1.9165151
271	30	5	2.4734938
271	0	6	2.589094
271	599	7	2.1862564
271	258	8	2.4693758
271	43	9	2.6219583
271	84	10	2.4329925
735	109	1	2.98471
735	2108	2	2.9624395
735	271	3	2.9367137
735	376	4	2.2899027
735	1926	5	2.4066455
735	1854	6	2.8804736
735	14	7	2.4035926
735	886	8	2.540311
735	3137	9	2.5126088
735	4029	10	1.989974
501	258	1	4.3848996
501	431	2	4.111404
501	80	3	4.012163
501	2760	4	2.5985467
501	622	5	4.094758
501	2503	6	2.2015896
501	333	7	3.6757402
501	200	8	4.0066385
501	81	9	3.6169798
501	95	10	3.5734344
787	3718	1	3.7135916
787	213	2	3.8024588
787	19	3	3.545476
787	320	4	4.0435734
787	622	5	3.405457
787	219	6	3.2666411
787	599	7	4.1607656
787	227	8	3.2490644
787	391	9	2.5993803
787	43	10	3.6898468
389	0	1	3.2788866
389	369	2	3.2377245
389	258	3	3.1265244
389	495	4	3.3644207
389	622	5	2.5521202
389	3718	6	3.0097423
389	599	7	2.236788
389	19	8	2.7578254
389	215	9	2.4987469
389	43	10	2.0446746
124	210	1	3.517671
124	2110	2	3.7204201
124	4021	3	3.426735
124	296	4	2.1681814
124	30	5	3.4643085
124	109	6	3.0894651
124	200	7	1.7443624
124	1854	8	2.9257908
124	229	9	1.7984877
124	4029	10	2.7181745
794	19	1	4.1446166
794	369	2	4.388752
794	219	3	3.8365688
794	495	4	3.799674
794	622	5	4.598263
794	3718	6	3.6794038
794	47	7	3.257003
794	631	8	3.6792803
794	1794	9	2.5983467
794	551	10	3.5415835
441	351	1	3.6798143
441	231	2	3.7237015
441	515	3	3.170206
441	243	4	2.710464
441	30	5	3.0287838
441	225	6	2.1346095
441	631	7	3.1394188
441	599	8	3.8117166
441	1449	9	3.064315
441	391	10	2.3951223
382	3718	1	3.5096605
382	108	2	3.7528083
382	0	3	3.255735
382	243	4	3.2579112
382	30	5	2.2383637
382	311	6	3.16532
382	47	7	1.9258316
382	219	8	3.124608
382	229	9	2.4633741
382	258	10	3.0882206
721	19	1	1.6610649
721	721	2	1.4614885
721	621	3	1.5472038
721	243	4	1.5763588
721	1261	5	3.1037083
721	56	6	1.8796825
721	628	7	1.3771307
721	47	8	1.3981581
721	492	9	1.2710785
721	3327	10	1.2596089
408	311	1	3.9830623
408	24	2	3.7896028
408	215	3	3.2515712
408	495	4	2.8066034
408	71	5	3.1558604
408	631	6	3.2111201
408	599	7	3.9489954
408	227	8	3.0932596
408	11	9	2.9921565
408	369	10	3.7324667
145	0	1	4.45722
145	2110	2	3.440591
145	1925	3	4.3609157
145	243	4	3.700497
145	622	5	3.387459
145	2503	6	2.6337655
145	216	7	3.9345407
145	47	8	3.7139857
145	258	9	3.813032
145	3718	10	3.7684326
416	0	1	3.7495804
416	369	2	2.9260063
416	11	3	2.8213496
416	495	4	2.1627233
416	622	5	3.2803974
416	242	6	2.6858592
416	47	7	2.8542488
416	791	8	2.539414
416	156	9	1.53861
416	43	10	2.8359628
179	11	1	3.8091285
179	431	2	3.279536
179	82	3	3.3942482
179	320	4	2.6799684
179	430	5	2.6571808
179	3075	6	3.3806572
179	599	7	2.5069766
179	216	8	3.3395565
179	43	9	3.2281563
179	3718	10	3.2153199
877	4021	1	3.7456117
877	860	2	3.2491302
877	843	3	3.65687
877	936	4	2.8652878
877	30	5	4.7586975
877	456	6	3.5179672
877	200	7	2.4310808
877	672	8	3.5037293
877	229	9	2.446382
877	1854	10	3.4071336
24	0	1	3.746328
24	238	2	3.205161
24	258	3	3.6166372
24	243	4	2.8256714
24	622	5	3.2801664
24	19	6	3.4897346
24	47	7	2.633039
24	3073	8	2.5711923
24	95	9	2.5374942
24	43	10	2.2512271
141	351	1	2.4302497
141	2108	2	1.8367677
141	152	3	1.8140273
141	439	4	1.8128662
141	1926	5	1.6359541
141	456	6	1.7598848
141	2393	7	1.3824261
141	84	8	1.7585547
141	229	9	1.3997202
141	4029	10	1.9436338
891	3073	1	4.4552517
891	201	2	4.509441
891	3072	3	4.3231153
891	320	4	2.4804149
891	622	5	4.6124406
891	2503	6	2.3279684
891	3075	7	3.779322
891	47	8	3.8036187
891	3074	9	3.3722868
891	156	10	2.3764954
319	370	1	3.012271
319	231	2	2.9527993
319	0	3	2.8050313
319	320	4	2.5524492
319	30	5	3.3689408
319	258	6	2.6503541
319	599	7	2.944221
319	1449	8	2.5084972
319	221	9	2.643425
319	985	10	1.96969
3	4017	1	3.0920353
3	597	2	2.771314
3	4020	3	3.0768948
3	379	4	1.9856153
3	1926	5	2.7791505
3	77	6	2.8553977
3	4021	7	2.7560263
3	229	8	1.9451516
3	672	9	2.6291814
3	4029	10	1.7735333
434	37	1	2.9296649
434	314	2	2.686533
434	3796	3	2.8275166
434	978	4	1.8068097
434	114	5	1.8409591
434	30	6	1.0559794
434	1200	7	2.667356
434	417	8	2.035205
434	3776	9	1.9242338
434	1748	10	2.446953
125	84	1	3.954805
125	213	2	3.8141294
125	227	3	3.7367268
125	320	4	4.1478176
125	622	5	3.1909387
125	1315	6	2.1550694
125	258	7	3.7337508
125	599	8	3.8889544
125	0	9	3.7185926
125	229	10	2.438089
391	333	1	2.9114838
391	2110	2	2.7960486
391	216	3	2.8847313
391	3273	4	2.4695039
391	622	5	3.0580976
391	1261	6	2.8073487
391	706	7	2.7414215
391	47	8	2.8813238
391	73	9	2.703578
391	806	10	2.6164556
92	216	1	3.128644
92	2108	2	3.6600406
92	4017	3	3.0248919
92	439	4	2.833533
92	30	5	3.776254
92	19	6	2.9126155
92	47	7	2.8735876
92	109	8	2.6829681
92	4020	9	2.6332078
92	4029	10	2.2666583
164	77	1	3.4405837
164	597	2	4.1534276
164	843	3	3.3342228
164	936	4	2.7212205
164	30	5	3.9764252
164	456	6	3.2309322
164	200	7	2.1043053
164	3090	8	3.106853
164	229	9	1.9654691
164	4029	10	3.1340024
670	706	1	4.1817636
670	431	2	3.394521
670	196	3	3.9137387
670	2584	4	1.985492
670	58	5	3.0261042
670	2503	6	2.6112351
670	95	7	3.6793547
670	47	8	3.3567328
670	1925	9	3.408856
670	1368	10	3.394703
137	124	1	1.3667185
137	1116	2	1.6167454
137	530	3	1.3554277
137	3723	4	1.6566004
137	2805	5	1.0494137
137	29	6	1.268829
137	1102	7	1.233109
137	188	8	1.2408748
137	2694	9	1.2198184
137	1247	10	0.87438226
220	19	1	4.572969
220	213	2	4.311451
220	1449	3	4.2389936
220	495	4	2.902611
220	622	5	5.30204
220	95	6	3.9085236
220	47	7	3.470119
220	84	8	3.76396
220	391	9	2.8542223
220	311	10	3.6240082
309	130	1	1.5596099
309	3352	2	1.1075093
309	628	3	1.3248
309	395	4	3.0457487
309	1161	5	1.0880374
309	3327	6	1.1648012
309	4746	7	1.1260436
309	1456	8	1.1563692
309	3088	9	1.0755869
309	544	10	2.8793836
914	0	1	3.4981318
914	238	2	3.1449802
914	3073	3	3.1289306
914	243	4	2.9896443
914	622	5	2.5817003
914	258	6	3.1252947
914	200	7	1.94821
914	3072	8	3.1092405
914	229	9	1.8751491
914	43	10	3.0836213
94	215	1	2.9676495
94	24	2	3.3117988
94	95	3	2.803456
94	243	4	3.4985142
94	70	5	2.536425
94	1315	6	1.6937872
94	3718	7	2.7752652
94	599	8	3.2390597
94	84	9	2.7697923
94	43	10	3.2073584
707	1449	1	2.788301
707	231	2	2.183285
707	278	3	2.7332742
707	3929	4	1.9425744
707	30	5	1.9937241
707	1193	6	2.6346638
707	1066	7	2.8145278
707	221	8	3.824966
707	84	9	2.6030483
707	2739	10	2.3448362
348	210	1	2.319223
348	148	2	2.3591564
348	1854	3	2.157745
348	381	4	2.1689878
348	30	5	2.5018082
348	105	6	2.029193
348	351	7	1.954727
348	229	8	1.8768831
348	4017	9	1.8922404
348	4029	10	1.3106763
129	3073	1	3.3602662
129	2110	2	3.9796543
129	641	3	3.3027115
129	936	4	2.364738
129	30	5	4.243209
129	3072	6	3.2586184
129	200	7	2.627221
129	109	8	3.0087364
129	229	9	1.7524748
129	49	10	2.9355512
7	962	1	3.9948916
7	1526	2	3.3117661
7	733	3	3.8248003
7	936	4	3.2903697
7	30	5	4.885091
7	843	6	3.7980952
7	1197	7	2.407703
7	702	8	3.6003153
7	229	9	2.503676
7	798	10	3.59732
160	4741	1	2.1130729
160	764	2	2.0907402
160	1711	3	2.0169172
160	2431	4	0.81900597
160	30	5	1.3684418
160	278	6	1.5082097
160	1998	7	1.2373831
160	3043	8	1.6877688
160	4598	9	1.2302774
160	96	10	1.8228486
248	843	1	3.6242466
248	168	2	3.6710925
248	456	3	3.5097282
248	439	4	2.3417184
248	1926	5	2.6250548
248	641	6	3.2272997
248	599	7	2.39786
248	109	8	2.893562
248	229	9	2.6563332
248	4029	10	3.0420723
247	0	1	3.3935463
247	108	2	3.541914
247	258	3	3.3793077
247	243	4	3.630851
247	622	5	3.028931
247	631	6	3.3728895
247	47	7	1.8530022
247	84	8	3.3700252
247	1794	9	2.098485
247	485	10	3.0904832
14	702	1	3.9886684
14	597	2	2.734745
14	2390	3	3.56708
14	944	4	2.6787982
14	30	5	1.6633981
14	4017	6	3.3790202
14	3085	7	3.3077059
14	210	8	3.299317
14	4029	9	1.6495283
14	4020	10	3.2945366
354	216	1	4.1070423
354	168	2	4.002456
354	4017	3	3.9070854
354	439	4	3.0593581
354	1926	5	2.7087722
354	4020	6	3.473465
354	47	7	2.8666344
354	210	8	3.3846262
354	109	9	3.3058004
354	4029	10	3.0555475
802	791	1	4.096665
802	24	2	3.3229847
802	215	3	3.595719
802	2760	4	2.8687286
802	430	5	3.936943
802	1003	6	2.3717837
802	426	7	3.2838683
802	172	8	2.6101635
802	806	9	3.1433425
802	43	10	2.9057183
182	4021	1	2.5797925
182	332	2	1.6669831
182	4083	3	1.9536197
182	408	4	1.7343352
182	4727	5	2.0939665
182	1958	6	1.8470175
182	425	7	0.94527483
182	1285	8	1.786186
182	4086	9	1.7372997
182	4413	10	1.263006
592	706	1	4.7979403
592	369	2	4.024642
592	95	3	3.9732757
592	3275	4	3.5871625
592	622	5	4.716655
592	2503	6	3.107901
592	1368	7	3.8321729
592	200	8	3.6100364
592	1693	9	3.821234
592	216	10	3.6878135
769	706	1	4.301132
769	24	2	3.2950652
769	1925	3	3.9954062
769	3275	4	3.7761655
769	430	5	4.231368
769	2503	6	3.4821053
769	1578	7	3.9192092
769	200	8	2.8887281
769	81	9	3.822476
769	80	10	3.730696
32	258	1	4.2341385
32	231	2	4.2708826
32	19	3	3.706595
32	320	4	4.159748
32	72	5	3.181652
32	84	6	3.481331
32	599	7	3.767666
32	311	8	3.1686852
32	43	9	3.9460173
32	1449	10	2.998669
546	0	1	3.1568494
546	201	2	2.6842787
546	1410	3	2.8835406
546	243	4	1.979466
546	72	5	2.590938
546	3072	6	2.8147473
546	47	7	2.9165344
546	823	8	2.80021
546	258	9	2.7405937
546	721	10	2.3203037
277	3121	1	1.7704487
277	263	2	0.86022437
277	204	3	1.459975
277	1134	4	0.7276169
277	2561	5	0.6663852
277	2389	6	0.729373
277	2292	7	1.0406766
277	266	8	0.7624226
277	911	9	1.3696947
277	2004	10	0.985765
552	4020	1	3.9966347
552	2110	2	4.669935
552	843	3	3.4109182
552	936	4	3.0792913
552	30	5	4.7545686
552	1854	6	3.379033
552	200	7	2.2307353
552	4021	8	3.3383565
552	229	9	2.1257505
552	4029	10	3.3291478
11	219	1	3.1358013
11	231	2	3.290875
11	227	3	3.0136812
11	320	4	3.2129657
11	620	5	1.9566772
11	84	6	3.0048676
11	599	7	2.9172463
11	351	8	2.797368
11	391	9	2.548579
11	43	10	3.0429215
310	889	1	2.4609458
310	1533	2	3.339412
310	117	3	1.8671483
310	320	4	1.6566291
310	114	5	2.5776856
310	30	6	1.7642194
310	3462	7	1.8258088
310	599	8	1.3737297
310	485	9	1.7296151
310	3138	10	1.2180662
191	84	1	4.12156
191	231	2	4.179262
191	351	3	4.0829687
191	243	4	3.1862395
191	30	5	3.5021915
191	1449	6	3.200773
191	599	7	3.9502733
191	485	8	3.199463
191	391	9	2.9175842
191	43	10	3.8533585
607	4020	1	3.706308
607	597	2	3.8003373
607	77	3	3.1733441
607	439	4	2.7653852
607	1983	5	2.674809
607	4021	6	3.0851183
607	14	7	2.062656
607	843	8	3.0509725
607	229	9	2.4807014
607	4029	10	2.9490032
97	4021	1	3.229743
97	168	2	2.7823038
97	351	3	2.7410455
97	147	4	2.2119818
97	1926	5	1.8057518
97	152	6	2.4581196
97	599	7	2.0206437
97	126	8	2.4041085
97	229	9	2.5546174
97	4029	10	1.9522294
162	4017	1	3.737543
162	597	2	3.1593401
162	4020	3	3.5715194
162	243	4	2.4176402
162	30	5	3.4374232
162	4021	6	3.2342699
162	599	7	2.3554375
162	210	8	3.0625389
162	229	9	3.1676457
162	43	10	2.475542
935	4017	1	3.0561666
935	2110	2	3.7548213
935	109	3	2.7977452
935	936	4	2.5170426
935	1926	5	2.818398
935	2125	6	2.7833033
935	47	7	1.7547172
935	672	8	2.7415886
935	229	9	1.6971879
935	4029	10	2.7030191
398	19	1	3.519094
398	108	2	2.8055272
398	682	3	3.4641714
398	296	4	3.264814
398	1983	5	3.190496
398	53	6	3.3375192
398	47	7	2.5796733
398	672	8	3.2023067
398	229	9	2.4897532
398	4029	10	3.4233527
102	672	1	4.363457
102	860	2	3.704034
102	456	3	4.2215896
102	936	4	4.194567
102	1983	5	3.583253
102	77	6	4.099369
102	200	7	3.6447358
102	53	8	4.044777
102	141	9	3.6899261
102	1526	10	3.2097235
810	210	1	4.473612
810	597	2	4.613641
810	53	3	4.1216965
810	439	4	3.261403
810	1983	5	3.2914362
810	139	6	3.8955064
810	47	7	3.228255
810	843	8	3.8785024
810	539	9	2.328007
810	4029	10	3.5504293
739	0	1	4.312723
739	369	2	3.7422628
739	19	3	4.0794773
739	243	4	4.59558
739	622	5	3.6644995
739	3718	6	3.293286
739	47	7	3.2956378
739	84	8	3.0604277
739	311	9	3.01473
739	231	10	3.5689726
296	4021	1	4.982074
296	860	2	3.9198565
296	843	3	4.00473
296	944	4	3.3825037
296	1983	5	3.7645783
296	456	6	3.8303916
296	200	7	2.1971593
296	733	8	3.828148
296	948	9	3.809227
296	1910	10	3.750257
153	2264	1	2.298229
153	1227	2	1.0339324
153	517	3	1.7507976
153	877	4	0.8565517
153	4063	5	1.346159
153	3069	6	0.54014623
153	518	7	1.7486928
153	2383	8	1.7256625
153	2079	9	0.5498229
153	2713	10	1.3073659
339	372	1	3.182143
339	108	2	3.722575
339	1023	3	3.1264338
339	495	4	2.3561983
339	30	5	2.8415618
339	1315	6	2.0047526
339	219	7	3.1091332
339	599	8	4.179228
339	631	9	3.0348706
339	1794	10	2.4812326
883	84	1	2.7010145
883	821	2	2.9606848
883	456	3	2.362057
883	3929	4	1.4766114
883	30	5	2.2419615
883	843	6	2.2522316
883	599	7	2.5901487
883	1011	8	2.140378
883	391	9	1.7684036
883	43	10	1.9897001
320	258	1	3.5297837
320	821	2	3.4998674
320	0	3	3.435843
320	320	4	3.8679957
320	30	5	2.394403
320	84	6	3.2698755
320	599	7	3.318931
320	19	8	3.2679677
320	1794	9	1.7639629
320	43	10	3.4716053
266	196	1	4.6366687
266	431	2	3.8340197
266	109	3	4.2376437
266	936	4	3.4054728
266	622	5	3.0095417
266	216	6	3.9733148
266	599	7	2.418226
266	641	8	3.941649
266	391	9	2.4752676
266	4029	10	3.701609
815	920	1	3.1638582
815	1058	2	3.5243473
815	320	3	4.0451074
815	242	4	2.9394367
815	72	5	1.8116049
815	551	6	2.7922542
815	47	7	3.1199589
815	1023	8	2.7309663
815	43	9	3.0205781
815	372	10	2.675868
695	19	1	3.8408647
695	369	2	3.8120463
695	227	3	2.9204206
695	495	4	2.5400195
695	72	5	2.6911247
695	732	6	2.901823
695	599	7	3.2809412
695	11	8	2.8024268
695	82	9	2.7647498
695	238	10	3.7628922
666	37	1	3.589563
666	1116	2	2.9229603
666	3796	3	3.1432567
666	978	4	2.3665085
666	3220	5	2.1883934
666	2548	6	2.7375426
666	3228	7	2.4731078
666	1484	8	1.7237694
666	1200	9	2.4030404
666	1421	10	2.5752783
712	19	1	3.0776396
712	2110	2	4.0364747
712	196	3	2.9330032
712	936	4	2.2260745
712	620	5	2.3306272
712	109	6	2.8342428
712	47	7	2.4508915
712	49	8	2.744407
712	229	9	1.7179236
712	4029	10	2.284077
588	258	1	3.1915023
588	238	2	2.9721966
588	732	3	2.801526
588	243	4	3.3141646
588	30	5	2.6202686
588	823	6	2.6741714
588	599	7	2.4335701
588	53	8	2.6581264
588	391	9	1.7968051
588	43	10	2.5128284
728	109	1	3.0282426
728	168	2	3.236759
728	210	3	2.9432406
728	296	4	2.5710871
728	1926	5	2.7107818
728	4017	6	2.5907962
728	47	7	1.8692957
728	3251	8	2.50521
728	229	9	1.6748459
728	4029	10	2.9124935
731	3075	1	3.9726691
731	369	2	3.7424786
731	11	3	3.8742518
731	243	4	4.223577
731	622	5	4.152383
731	82	6	3.8326507
731	47	7	3.6436048
731	3074	8	3.6260593
731	43	9	3.2062218
731	3718	10	3.3960085
462	216	1	3.1002827
462	168	2	2.6264038
462	3073	3	2.9282608
462	28	4	1.9386132
462	4016	5	2.081596
462	109	6	2.9007769
462	47	7	2.3471832
462	3072	8	2.8707702
462	229	9	1.6158286
462	843	10	2.7573218
795	351	1	3.7972853
795	231	2	3.6571398
795	219	3	3.6029317
795	495	4	2.72896
795	622	5	3.5306134
795	84	6	3.3233533
795	47	7	2.54604
795	311	8	3.2243571
795	1794	9	1.9934287
795	62	10	3.1675124
915	2158	1	3.385541
915	163	2	1.623766
915	913	3	3.2377434
915	3929	4	1.314717
915	903	5	3.143513
915	2645	6	1.7063358
915	2417	7	2.930717
915	3281	8	1.363931
915	1241	9	2.7847323
915	1281	10	1.6137714
115	672	1	3.5413072
115	2110	2	3.9915862
115	109	3	3.353885
115	439	4	3.0066826
115	30	5	4.0002623
115	77	6	3.192007
115	200	7	2.064323
115	948	8	2.8063564
115	229	9	2.2219243
115	4029	10	2.7903767
696	1200	1	2.778229
696	314	2	2.9955485
696	889	3	2.0009203
696	978	4	2.0820832
696	114	5	1.9091151
696	117	6	1.9011731
696	3776	7	1.8820219
696	3138	8	1.2014573
696	417	9	1.8415787
696	1748	10	2.4036298
324	258	1	3.712949
324	213	2	4.6599026
324	631	3	3.699111
324	243	4	3.8060074
324	622	5	3.2035394
324	0	6	3.6039104
324	47	7	2.6205368
324	485	8	3.5337825
324	1794	9	2.708952
324	311	10	3.4728243
352	0	1	3.6532905
352	238	2	3.484325
352	3075	3	3.6477947
352	243	4	2.9356096
352	30	5	3.2998226
352	11	6	3.4534752
352	47	7	3.0033317
352	3074	8	3.378971
352	258	9	3.2372832
352	43	10	2.3397868
334	351	1	2.2009087
334	1788	2	2.86283
334	176	3	2.074562
334	320	4	2.6747615
334	30	5	2.5793605
334	114	6	2.768837
334	732	7	2.0380425
334	47	8	2.2174277
334	19	9	2.0301445
334	229	10	1.7705417
33	732	1	3.20282
33	231	2	3.0120335
33	1449	3	2.6085925
33	206	4	1.6978109
33	622	5	2.4103723
33	0	6	2.5841532
33	2166	7	1.5810125
33	227	8	2.5032582
33	62	9	2.4810367
33	108	10	2.8519373
602	3075	1	4.680785
602	369	2	4.243806
602	333	3	4.147632
602	3275	4	2.7934206
602	71	5	3.4329681
602	2503	6	2.3789783
602	3074	7	4.141465
602	47	8	4.1744423
602	196	9	4.071832
602	216	10	3.952341
669	0	1	4.2397223
669	213	2	4.07833
669	252	3	3.9552631
669	243	4	3.7305417
669	622	5	3.4061728
669	258	6	3.7361069
669	47	7	2.3964314
669	3718	8	3.7081056
669	43	9	4.146625
669	1794	10	2.0566366
278	219	1	2.5553546
278	821	2	1.9544829
278	913	3	2.3989193
278	320	4	1.9240123
278	30	5	1.6807022
278	1315	6	1.2485032
278	790	7	2.1070178
278	599	8	1.3650606
278	564	9	1.96681
278	229	10	1.5477734
128	197	1	3.1182327
128	168	2	3.9250073
128	654	3	3.027494
128	296	4	2.6181936
128	1926	5	3.4938388
128	210	6	2.946945
128	1197	7	1.7972503
128	682	8	2.8612607
128	229	9	2.521163
128	2379	10	2.6623626
343	19	1	2.8504243
343	238	2	2.8576288
343	95	3	2.6653948
343	320	4	2.5946848
343	622	5	2.6606119
343	227	6	2.5890422
343	599	7	2.4059436
343	311	8	2.4571948
343	3718	9	2.3580182
343	24	10	2.4881287
626	1200	1	2.423502
626	1748	2	2.338916
626	117	3	2.2665849
626	3929	4	1.6608108
626	30	5	1.9421027
626	1666	6	1.2586186
626	559	7	1.7251604
626	599	8	1.214409
626	3462	9	1.6249864
626	3138	10	1.37819
350	84	1	3.4910283
350	231	2	3.3195405
350	278	3	3.4145112
350	320	4	3.1871085
350	72	5	2.579777
350	1011	6	3.0457842
350	599	7	3.1033435
350	221	8	3.2588882
350	485	9	2.7784677
350	728	10	2.6343167
38	11	1	3.397953
38	721	2	2.771759
38	3313	3	3.1932516
38	243	4	2.5625372
38	58	5	2.710034
38	935	6	1.7600409
38	0	7	2.9556563
38	200	8	3.2494702
38	1925	9	2.8218913
38	258	10	2.7951055
867	4021	1	3.6014233
867	2110	2	4.009033
867	109	3	3.4990373
867	936	4	2.414987
867	30	5	3.5348732
867	672	6	3.2118225
867	200	7	1.8784571
867	77	8	3.0419378
867	4029	9	2.8936243
867	2108	10	3.9194984
800	227	1	1.8738747
800	2110	2	1.7539968
800	84	3	1.6677752
800	901	4	1.1949048
800	30	5	1.3574371
800	1223	6	1.1069882
800	3046	7	1.5955968
800	1595	8	1.26263
800	372	9	1.4677261
800	1794	10	1.0906223
49	210	1	2.977733
49	2110	2	3.4198864
49	843	3	2.9005036
49	901	4	2.2556176
49	620	5	2.4997463
49	77	6	2.871715
49	109	7	2.807736
49	229	8	1.9068106
49	456	9	2.7165947
49	4029	10	2.3848515
830	216	1	3.9794686
830	431	2	3.7226071
830	4017	3	3.7117639
830	243	4	2.997747
830	430	5	3.2693863
830	258	6	3.3217509
830	200	7	3.3888607
830	109	8	3.2636542
830	11	9	3.2069592
830	4029	10	2.4587183
457	242	1	3.7123814
457	369	2	4.163588
457	333	3	3.5493786
457	495	4	3.619787
457	71	5	3.5044026
457	216	6	3.4780288
457	47	7	4.1325536
457	227	8	3.4404774
457	43	9	3.8251936
457	215	10	3.394525
744	77	1	2.5129516
744	2110	2	2.197053
744	152	3	2.4711108
744	3929	4	2.1743717
744	30	5	2.5144596
744	161	6	2.2989113
744	200	7	1.3902167
744	913	8	2.1898718
744	4017	9	2.1361659
744	884	10	2.1426706
454	479	1	3.1762667
454	2110	2	3.192483
454	682	3	3.082014
454	1610	4	1.8390176
454	30	5	3.1043515
454	1650	6	2.7896662
454	14	7	2.2967825
454	85	8	2.7521195
454	539	9	2.0982509
454	196	10	2.5985482
206	485	1	2.7244847
206	821	2	3.0063019
206	152	3	2.515409
206	243	4	1.8105459
206	72	5	1.4709578
206	2060	6	1.5750132
206	631	7	2.3930838
206	599	8	2.6936123
206	227	9	2.2514522
206	1281	10	1.6989131
613	0	1	3.1622677
613	213	2	2.9613109
613	258	3	2.9564457
613	243	4	3.0544677
613	622	5	2.7497852
613	152	6	2.8605087
613	599	7	2.6630166
613	19	8	2.8452454
613	391	9	1.9895012
613	43	10	3.0139859
619	889	1	2.513245
619	671	2	2.4602337
619	1200	3	1.9894757
619	925	4	1.6739337
619	30	5	1.6649774
619	114	6	1.7298005
619	913	7	1.8711303
619	3462	8	1.7629863
619	391	9	1.1969934
619	314	10	2.4115195
938	3075	1	4.517106
938	369	2	3.2646866
938	82	3	4.0304155
938	243	4	3.6529374
938	58	5	3.0167255
938	2503	6	2.3378694
938	1925	7	3.5218637
938	200	8	2.8316689
938	216	9	3.3339667
938	1578	10	3.3296642
239	631	1	3.6301045
239	231	2	3.5711684
239	219	3	3.5266888
239	243	4	3.8745155
239	30	5	3.9565935
239	84	6	3.3322349
239	599	7	3.5118828
239	227	8	3.2848947
239	229	9	2.3282282
239	43	10	3.822524
575	4017	1	2.5296397
575	2110	2	3.4891522
575	351	3	2.348918
575	296	4	1.9616337
575	1983	5	1.8705289
575	210	6	2.3053813
575	599	7	2.0481956
575	4020	8	2.2232947
575	391	9	2.441753
575	4029	10	2.3426604
166	351	1	3.7612407
166	24	2	4.1877904
166	3718	3	3.6286945
166	495	4	3.5854754
166	622	5	3.5509915
166	551	6	3.4220183
166	47	7	3.00568
166	372	8	3.3770413
166	1794	9	2.1595252
166	19	10	3.2439978
31	672	1	4.26221
31	597	2	4.481189
31	109	3	4.1863565
31	296	4	3.0243883
31	1983	5	2.9434555
31	53	6	3.8103218
31	200	7	3.687651
31	613	8	3.7148657
31	4029	9	3.4624112
31	3072	10	3.5767312
467	3090	1	3.8810923
467	1764	2	2.5646064
467	702	3	3.7550921
467	944	4	2.3284252
467	2390	5	3.4723492
467	3085	6	3.3561015
467	1854	7	3.3157954
467	636	8	2.546609
467	501	9	3.1546369
467	1646	10	3.1002395
345	4017	1	3.7704196
345	821	2	3.0602953
345	672	3	3.649071
345	439	4	3.0175943
345	2800	5	3.2598443
345	219	6	3.5535274
345	599	7	2.9100523
345	479	8	3.4875462
345	229	9	3.135265
345	4029	10	3.9468064
849	843	1	3.6294625
849	168	2	4.411119
849	456	3	3.5370536
849	936	4	2.6559467
849	1983	5	3.0916972
849	4017	6	3.4346914
849	682	7	3.1117582
849	229	8	2.2194476
849	672	9	3.03793
849	4020	10	3.0310452
831	370	1	3.0987625
831	231	2	2.9463508
831	216	3	2.9046507
831	28	4	2.727949
831	1321	5	2.5618367
831	1112	6	2.8483965
831	599	7	2.7545872
831	221	8	3.380731
831	84	9	2.806408
831	43	10	2.924224
567	258	1	2.955719
567	238	2	2.7811615
567	0	3	2.921603
567	243	4	2.3261178
567	622	5	2.7322578
567	2503	6	1.7717353
567	227	7	2.571741
567	47	8	1.4420441
567	19	9	2.4905863
567	62	10	2.2687373
506	84	1	3.4978158
506	185	2	3.8709922
506	1449	3	3.383346
506	320	4	2.691061
506	30	5	2.557052
506	515	6	2.9941683
506	599	7	3.2669246
506	1484	8	3.6846485
506	1011	9	2.9834857
506	43	10	3.4262702
730	152	1	3.6598597
730	231	2	3.667213
730	485	3	3.5731597
730	243	4	3.10922
730	622	5	2.582345
730	1315	6	2.0406299
730	311	7	3.253782
730	599	8	4.2925005
730	372	9	3.1990323
730	229	10	2.7081642
213	843	1	4.2962084
213	860	2	3.8002446
213	456	3	4.0547843
213	296	4	3.0531712
213	1983	5	3.495419
213	948	6	3.6474612
213	200	7	2.2576718
213	4021	8	3.596363
213	4029	9	3.711066
213	77	10	3.4996514
624	152	1	4.0813065
624	369	2	3.9516191
624	485	3	3.9813583
624	243	4	4.7133775
624	622	5	4.566564
624	1315	6	2.5201535
624	728	7	3.96205
624	47	8	3.3805697
624	791	9	3.4220486
624	1794	10	2.422069
536	19	1	3.501048
536	213	2	3.9404063
536	311	3	3.4000664
536	495	4	2.9239426
536	72	5	2.8045692
536	227	6	3.1790948
536	47	7	2.6570582
536	62	8	3.1716115
536	1794	9	1.9586651
536	1701	10	3.1076908
481	3075	1	3.4650426
481	201	2	3.6994905
481	11	3	3.38987
481	243	4	3.8142323
481	72	5	2.985866
481	216	6	3.174425
481	47	7	3.1592484
481	3718	8	3.158124
481	391	9	2.048119
481	43	10	3.147092
852	1399	1	2.9451032
852	218	2	1.2331139
852	405	3	2.5924149
852	1400	4	2.4590955
852	56	5	1.5804899
852	1388	6	2.4439049
852	1876	7	2.3068795
852	200	8	1.082781
852	102	9	2.2776227
852	3003	10	1.1169796
514	631	1	2.8521416
514	821	2	3.0773134
514	732	3	2.7885303
514	147	4	1.9421688
514	1222	5	1.311275
514	225	6	1.3294337
514	1755	7	2.7222319
514	599	8	3.1402853
514	84	9	2.4484124
514	391	10	2.1642332
107	109	1	3.8757923
107	168	2	3.5466938
107	216	3	3.7179706
107	936	4	2.7571278
107	4016	5	2.8188972
107	935	6	1.9359288
107	204	7	3.6415343
107	47	8	3.361834
107	210	9	3.5013561
107	53	10	3.3984997
156	515	1	4.0188594
156	213	2	3.905026
156	278	3	3.7902246
156	243	4	2.881784
156	72	5	3.0474582
156	370	6	3.4919162
156	1066	7	2.1969252
156	152	8	3.27323
156	221	9	3.3648248
156	43	10	4.0333757
77	1333	1	3.4411216
77	112	2	1.4613099
77	1215	3	2.981685
77	978	4	2.7177093
77	1321	5	1.1584144
77	837	6	1.5459251
77	857	7	2.8938289
77	1426	8	2.6975718
77	1066	9	1.2874753
77	221	10	2.2121549
690	84	1	4.089905
690	24	2	3.6673846
690	219	3	3.5658913
690	320	4	4.0077095
690	622	5	3.1657438
690	1449	6	3.4504504
690	599	7	3.8628685
690	515	8	3.3880243
690	1302	9	2.5914388
690	485	10	3.3773067
83	109	1	3.453453
83	763	2	2.457992
83	558	3	3.1193285
83	296	4	2.6735206
83	1161	5	3.5054355
83	654	6	2.930361
83	47	7	2.3447096
83	210	8	2.9233537
83	229	9	3.1467814
83	4029	10	3.8587022
928	11	1	3.3730803
928	201	2	3.388255
928	0	3	3.2306306
928	243	4	2.8085423
928	622	5	2.759376
928	1315	6	1.6323252
928	1408	7	3.226645
928	47	8	2.8960066
928	82	9	3.1646652
928	216	10	2.9039054
449	2125	1	3.2913086
449	168	2	3.988312
449	77	3	2.9726467
449	296	4	2.5193677
449	620	5	2.881954
449	641	6	2.6816804
449	200	7	1.8330376
449	1139	8	2.6797514
449	229	9	2.3309808
449	4029	10	2.850328
146	692	1	2.6980646
146	597	2	1.332813
146	1388	3	2.4024448
146	1830	4	1.3688936
146	30	5	1.4377439
146	4020	6	2.2357812
146	4017	7	2.1985059
146	200	8	1.0853904
146	3137	9	1.1731278
146	1399	10	2.1578693
1	0	1	2.643989
1	24	2	2.3094773
1	258	3	2.3465562
1	320	4	2.3501806
1	622	5	1.8754016
1	311	6	2.3018358
1	599	7	2.2147346
1	732	8	2.1494803
1	43	9	2.3327389
1	62	10	2.139381
643	3785	1	2.7534966
643	2	2	2.6316335
643	1838	3	2.5919116
643	439	4	2.9394898
643	30	5	1.6589646
643	2692	6	2.488272
643	599	7	2.3237095
643	1406	8	2.4188447
643	1302	9	2.017704
643	2320	10	2.5052896
98	515	1	3.006177
98	979	2	2.574234
98	227	3	2.6532853
98	303	4	2.0790594
98	2060	5	2.4879782
98	84	6	2.6190395
98	3281	7	1.7709796
98	2156	8	2.5365672
98	1281	9	2.463602
98	1241	10	2.465921
563	29	1	2.0314727
563	4262	2	1.57951
563	530	3	1.9372098
563	3929	4	1.6255833
563	1321	5	1.6382239
563	225	6	1.5024889
563	63	7	1.8126693
563	1484	8	3.0480556
563	3281	9	0.95754874
563	1466	10	1.6906816
615	689	1	1.8322558
615	821	2	1.2715869
615	1033	3	1.6013958
615	925	4	1.1401069
615	842	5	1.0006351
615	2752	6	1.4882145
615	219	7	1.366756
615	229	8	1.0137227
615	1572	9	1.2932148
615	2320	10	1.1684346
254	0	1	3.5788765
254	231	2	3.7594852
254	351	3	3.3788874
254	243	4	3.3729258
254	622	5	2.8905156
254	631	6	3.1454778
254	47	7	2.3929067
254	62	8	3.0894928
254	391	9	2.3291175
254	732	10	3.0366032
759	219	1	3.4989195
759	821	2	3.9225311
759	485	3	3.4975686
759	243	4	3.1888103
759	622	5	2.5152512
759	258	6	3.3226328
759	694	7	1.9361005
759	84	8	3.2674022
759	1794	9	2.0814857
759	1755	10	3.1730542
258	1114	1	1.8984609
258	866	2	1.4929756
258	19	3	1.6333611
258	28	4	0.84019494
258	2800	5	1.291211
258	405	6	1.5074682
258	200	7	0.89501494
258	4017	8	1.5022023
258	85	9	1.4104997
258	4029	10	1.0153661
453	216	1	2.1808639
453	2110	2	2.1940472
453	641	3	2.112097
453	439	4	1.9237384
453	30	5	2.4257226
453	1315	6	1.9264114
453	49	7	2.0667522
453	47	8	1.7141786
453	1411	9	2.032505
453	221	10	1.3702967
135	682	1	4.015214
135	1526	2	2.6908693
135	141	3	3.4624484
135	296	4	3.477322
135	4016	5	3.5210085
135	176	6	3.4521806
135	2502	7	2.5693903
135	3251	8	3.3777275
135	539	9	2.5785074
135	4029	10	3.957633
637	278	1	3.2230995
637	231	2	2.801825
637	0	3	2.9805038
637	243	4	2.7397475
637	1321	5	3.045505
637	258	6	2.9135594
637	599	7	2.4717643
637	19	8	2.678259
637	1602	9	2.4375653
637	43	10	3.0994546
365	126	1	2.9138613
365	2110	2	3.1262684
365	19	3	2.8644788
365	320	4	2.744103
365	30	5	2.8620722
365	4086	6	2.8380237
365	599	7	2.6817
365	139	8	2.817801
365	229	9	2.058849
365	210	10	2.7729948
726	84	1	3.4422212
726	231	2	3.172889
726	515	3	3.342428
726	320	4	2.8148034
726	72	5	3.0390196
726	1011	6	3.010813
726	599	7	3.034878
726	1484	8	3.5664291
726	258	9	2.9972568
726	0	10	2.9277983
814	19	1	2.2728872
814	2110	2	2.4114938
814	682	3	2.1338828
814	320	4	1.4943669
814	1161	5	1.5045824
814	823	6	2.0437312
814	200	7	1.5834658
814	4017	8	1.8883024
814	229	9	1.6806436
814	4029	10	1.6433067
246	84	1	2.7966082
246	185	2	2.7868888
246	219	3	2.7499032
246	243	4	1.9864049
246	30	5	2.5719063
246	227	6	2.74771
246	599	7	2.4848673
246	391	8	2.9376714
246	152	9	2.5774894
246	43	10	2.3123062
419	351	1	2.5994086
419	977	2	2.8427482
419	1333	3	2.499785
419	1225	4	3.0158286
419	30	5	2.223946
419	1215	6	2.4480069
419	363	7	2.2157857
419	1112	8	2.3400931
419	1281	9	1.8563664
419	258	10	2.2545302
820	351	1	3.5590253
820	231	2	3.0858707
820	84	3	3.3034854
820	320	4	2.8493652
820	1983	5	1.9062887
820	227	6	2.69528
820	599	7	2.9133248
820	372	8	2.6434078
820	229	9	2.1875606
820	43	10	2.7781193
517	11	1	3.6669407
517	431	2	3.3374188
517	492	3	3.1436012
517	3275	4	2.472364
517	622	5	2.917749
517	590	6	1.9501324
517	1925	7	3.0815334
517	624	8	1.8954842
517	1693	9	2.8899517
517	258	10	2.803981
198	1410	1	2.7843552
198	213	2	2.7310348
198	0	3	2.740922
198	320	4	2.4514492
198	30	5	3.0066571
198	258	6	2.5910158
198	599	7	2.8677454
198	32	8	2.5547252
198	229	9	1.8167661
198	43	10	2.6009274
936	84	1	3.3995175
936	231	2	3.4496396
936	370	3	3.0614338
936	320	4	3.1329193
936	30	5	2.4027548
936	1449	6	2.9473057
936	599	7	3.380973
936	219	8	2.8714604
936	911	9	2.9334435
936	43	10	3.06828
326	1854	1	3.2869222
326	2110	2	2.960622
326	4020	3	3.2311034
326	296	4	2.7500875
326	30	5	3.3341634
326	702	6	2.9067984
326	1457	7	1.7569226
326	109	8	2.8755999
326	1362	9	1.6261587
326	4029	10	2.332379
811	515	1	4.005382
811	1780	2	1.5179398
811	1426	3	3.6919398
811	1225	4	3.9357421
811	837	5	2.454949
811	30	6	1.2953403
811	988	7	3.5607948
811	1108	8	3.2254143
811	363	9	1.0277314
811	1211	10	3.2200732
370	258	1	4.4647574
370	213	2	4.181461
370	351	3	3.930862
370	495	4	3.1585398
370	622	5	3.8551173
370	732	6	3.8476505
370	47	7	3.7170687
370	84	8	3.790614
370	1794	9	2.3528428
370	43	10	4.5046754
48	219	1	3.0314808
48	168	2	3.065362
48	84	3	2.8617406
48	320	4	2.9076846
48	30	5	3.2937918
48	672	6	2.8180876
48	599	7	2.475772
48	152	8	2.6179607
48	229	9	2.08149
48	43	10	2.572256
505	4017	1	3.347241
505	2110	2	3.217901
505	4020	3	2.9837155
505	439	4	2.6303687
505	1983	5	2.2559025
505	210	6	2.8939195
505	1595	7	2.338946
505	1115	8	2.7066817
505	229	9	1.6713808
505	4029	10	2.6327236
548	0	1	2.9512758
548	821	2	2.9635024
548	351	3	2.815468
548	320	4	2.9055927
548	622	5	2.27989
548	258	6	2.5628362
548	47	7	1.6573627
548	3718	8	2.5493329
548	539	9	1.9471025
548	19	10	2.476787
832	152	1	2.8999069
832	185	2	2.889037
832	3718	3	2.4393387
832	320	4	2.2882185
832	30	5	2.9284058
832	258	6	2.2761045
832	599	7	1.9001834
832	515	8	2.2586622
832	391	9	1.8732066
832	43	10	2.5455132
880	1406	1	3.6337242
880	369	2	3.393774
880	11	3	3.541668
880	243	4	3.7901268
880	30	5	3.147821
880	3073	6	3.3244703
880	599	7	2.7731485
880	3072	8	3.2081246
880	391	9	2.2896485
880	43	10	3.2889843
937	109	1	3.9418998
937	597	2	4.8197565
937	210	3	3.9227931
937	936	4	2.8322635
937	1983	5	2.6263337
937	77	6	3.770454
937	4017	7	3.7675414
937	229	8	2.6476867
937	4029	9	3.4704266
937	672	10	3.4439902
234	210	1	3.0471492
234	185	2	3.0623887
234	4020	3	3.033371
234	439	4	2.5496645
234	1161	5	2.1908493
234	4017	6	2.9126992
234	599	7	2.0929463
234	84	8	2.8024755
234	221	9	2.7066724
234	4029	10	2.3140864
355	227	1	3.8159814
355	213	2	3.435488
355	152	3	3.1726155
355	320	4	4.1012335
355	72	5	2.385716
355	351	6	3.0736415
355	599	7	3.7931774
355	311	8	3.0256808
355	391	9	2.498508
355	43	10	3.5064516
932	109	1	2.8956552
932	860	2	2.942544
932	641	3	2.578844
932	296	4	1.7297931
932	620	5	2.619778
932	210	6	2.4660158
932	47	7	1.7436993
932	196	8	2.430795
932	229	9	1.8508704
932	4029	10	2.4555182
617	456	1	3.678341
617	860	2	3.325249
617	4021	3	3.3950047
617	439	4	3.1033506
617	1983	5	3.4393377
617	1854	6	3.0477781
617	47	7	2.727233
617	77	8	3.0323727
617	229	9	2.5247865
617	479	10	2.9679341
15	77	1	4.6208525
15	860	2	3.6649046
15	4021	3	4.3219824
15	936	4	3.4602504
15	1926	5	3.577111
15	501	6	3.9297886
15	3090	7	3.7422755
15	702	8	3.689928
15	4029	9	4.0016675
15	1761	10	3.3901532
61	889	1	2.0715363
61	314	2	2.4354439
61	1200	3	1.9782996
61	925	4	1.5243475
61	114	5	1.86345
61	30	6	0.90670604
61	3462	7	1.83471
61	117	8	1.718741
61	911	9	1.1114429
61	3342	10	2.2742722
438	732	1	3.1241841
438	369	2	3.0656977
438	351	3	2.7480474
438	495	4	2.7877593
438	622	5	2.6335604
438	258	6	2.7207398
438	599	7	3.0972502
438	0	8	2.7190816
438	43	9	2.7237873
438	551	10	2.664195
407	3718	1	3.0756874
407	201	2	3.024119
407	11	3	2.9278111
407	320	4	2.9235554
407	72	5	2.1397517
407	82	6	2.761112
407	599	7	2.5410109
407	95	8	2.7190154
407	43	9	2.8589034
407	3073	10	2.6109605
756	3072	1	4.1150637
756	238	2	4.4617844
756	82	3	3.9559698
756	320	4	2.5830607
756	430	5	3.2505083
756	3075	6	3.7383208
756	47	7	3.2028537
756	3074	8	3.5828676
756	95	9	3.3291032
756	43	10	2.693429
466	351	1	4.3033743
466	231	2	3.5399032
466	732	3	3.2381496
466	495	4	3.011593
466	622	5	2.7655258
466	62	6	3.2258456
466	1353	7	1.8598605
466	84	8	3.1777854
466	229	9	1.7703393
466	258	10	3.150819
288	1011	1	3.0757976
288	185	2	2.6957514
288	227	3	3.035555
288	320	4	1.7401409
288	72	5	1.6502392
288	39	6	2.68406
288	599	7	3.0280538
288	1484	8	3.0217757
288	318	9	2.660727
288	43	10	2.865103
302	1112	1	2.398376
302	597	2	1.9193742
302	77	3	2.0918508
302	3929	4	1.734525
302	1161	5	1.2017858
302	161	6	1.9489102
302	363	7	1.2939663
302	672	8	1.9399347
302	539	9	1.3640516
302	1115	10	1.934871
436	3072	1	3.7356386
436	201	2	3.1084929
436	11	3	3.5407128
436	243	4	2.6240458
436	622	5	2.8696826
436	2503	6	1.5789356
436	3075	7	3.3714964
436	47	8	2.1718562
436	3074	9	3.0988302
436	0	10	2.99164
616	210	1	2.123324
616	168	2	2.4392672
616	109	3	2.1166842
616	147	4	1.3970865
616	30	5	1.9797912
616	4017	6	2.0248728
616	4020	7	2.0166788
616	229	8	1.2936459
616	672	9	1.8302212
616	2110	10	2.3904374
252	77	1	3.9215398
252	2110	2	4.6844482
252	109	3	3.8069367
252	296	4	3.061726
252	30	5	4.5918407
252	641	6	3.591229
252	47	7	2.3274438
252	216	8	3.5373979
252	948	9	3.3675406
252	2108	10	4.3202105
693	19	1	3.1351633
693	369	2	3.680378
693	732	3	3.0481493
693	686	4	3.7240036
693	622	5	3.2988203
693	95	6	2.7184083
693	599	7	3.3263555
693	311	8	2.6639116
693	43	9	3.1938562
693	905	10	2.6262453
596	63	1	1.9924821
596	1008	2	1.8152392
596	1114	3	1.8126009
596	4844	4	0.95834637
596	3287	5	1.1208627
596	1766	6	1.753561
596	1066	7	1.6890618
596	3411	8	1.7341697
596	911	9	1.8105745
596	275	10	2.0704684
240	1631	1	3.702301
240	1671	2	2.4042518
240	1705	3	3.6231298
240	1610	4	2.5229387
240	4398	5	3.051065
240	1617	6	3.5485916
240	14	7	2.8987708
240	252	8	3.2823954
240	1459	9	1.5191606
240	3049	10	3.0871308
631	11	1	4.4124846
631	369	2	3.519134
631	3073	3	4.2624435
631	243	4	4.0326376
631	622	5	4.100189
631	3072	6	4.1390657
631	47	7	3.4772782
631	3075	8	3.770949
631	3718	9	3.611349
631	43	10	2.9683626
157	62	1	3.2571244
157	369	2	3.0072699
157	84	3	3.1027703
157	243	4	3.231577
157	72	5	3.4225292
157	216	6	3.065507
157	599	7	3.0110512
157	19	8	2.895378
157	391	9	2.7044208
157	43	10	3.186142
174	3670	1	1.4538288
174	610	2	1.1635687
174	4911	3	1.3383396
174	879	4	0.5349183
174	1393	5	0.68544114
174	878	6	1.3234937
174	2335	7	1.3007951
174	875	8	1.21503
174	1634	9	0.53298765
174	1283	10	1.0635023
422	0	1	3.3664622
422	201	2	2.6117854
422	258	3	3.039715
422	243	4	2.7609224
422	622	5	2.735393
422	2503	6	1.5108106
422	196	7	2.7095165
422	47	8	2.7457614
422	3073	9	2.639297
422	3072	10	2.526895
299	258	1	3.4235084
299	213	2	3.0273933
299	227	3	2.9659925
299	243	4	3.0420594
299	622	5	3.4597208
299	311	6	2.8196158
299	599	7	3.0265818
299	84	8	2.657277
299	43	9	3.1767097
299	1794	10	1.3975835
916	515	1	3.2192364
916	213	2	3.2650013
916	84	3	3.1797595
916	320	4	3.4388237
916	30	5	2.6201174
916	63	6	2.8528943
916	599	7	3.3290477
916	258	8	2.8127167
916	221	9	2.220586
916	43	10	3.141521
533	0	1	5.0616436
533	529	2	4.3112574
533	732	3	3.6110024
533	243	4	4.2996016
533	30	5	2.979708
533	11	6	3.4965172
533	599	7	4.019334
533	227	8	3.3952558
533	539	9	2.111333
533	43	10	4.192364
152	728	1	2.1291912
152	2	2	1.9250867
152	825	3	2.0878065
152	2771	4	2.0772357
152	72	5	1.1759456
152	227	6	2.0260005
152	599	7	1.9460524
152	63	8	2.012973
152	221	9	1.6845853
152	43	10	1.7480974
336	3718	1	4.1590786
336	431	2	3.615013
336	7	3	3.6754618
336	495	4	3.9903908
336	387	5	2.7740717
336	227	6	3.6040893
336	694	7	2.3357532
336	219	8	3.4721546
336	2043	9	2.2223277
336	485	10	3.3291442
460	3718	1	4.477849
460	108	2	4.1309032
460	80	3	4.3087416
460	495	4	4.203101
460	71	5	3.6910527
460	2503	6	2.346352
460	216	7	4.072519
460	200	8	2.9023638
460	1925	9	3.9234037
460	43	10	3.6605678
698	196	1	3.9316056
698	168	2	3.769678
698	456	3	3.666436
698	243	4	3.1675332
698	622	5	3.3970194
698	1594	6	3.4714775
698	47	7	3.5090666
698	258	8	3.4332461
698	3313	9	3.3469987
698	43	10	2.9579177
919	19	1	3.6693058
919	238	2	3.203613
919	258	3	3.2372093
919	243	4	2.7691364
919	622	5	2.778329
919	3073	6	2.8949857
919	47	7	3.1533642
919	3072	8	2.8752356
919	11	9	2.871304
919	43	10	2.0896387
359	1333	1	3.6389918
359	231	2	2.0007658
359	960	3	3.3135839
359	1225	4	3.155735
359	72	5	1.9691684
359	837	6	1.898068
359	1215	7	3.1203275
359	857	8	2.9750075
359	599	9	1.3381996
359	391	10	2.0651793
818	84	1	3.3549876
818	213	2	3.4174986
818	152	3	2.9182513
818	320	4	3.8405404
818	30	5	3.2938282
818	631	6	2.8558867
818	599	7	3.7410622
818	227	8	2.7613883
818	229	9	2.676186
818	43	10	3.1982253
733	321	1	2.7904153
733	3795	2	2.0731277
733	555	3	2.66857
733	303	4	2.6489997
733	30	5	1.6929226
733	837	6	1.546457
733	1333	7	2.5561948
733	368	8	1.2374026
733	1449	9	2.4212065
733	1484	10	1.3815807
823	19	1	2.8742456
823	431	2	2.4031823
823	11	3	2.3598053
823	243	4	1.2129542
823	430	5	1.936945
823	3073	6	2.2270575
823	47	7	1.5548702
823	0	8	2.1887379
823	3072	9	2.1510808
823	4029	10	1.2454535
675	3718	1	3.3920293
675	24	2	3.142869
675	227	3	3.0103402
675	495	4	2.1294737
675	30	5	2.2219944
675	11	6	2.8218431
675	599	7	2.8160467
675	84	8	2.6565018
675	391	9	1.8219304
675	43	10	3.14853
661	889	1	2.1647086
661	1788	2	2.7933397
661	1200	3	2.126681
661	3929	4	1.3652649
661	30	5	1.0640072
661	1315	6	1.1520315
661	227	7	1.7115965
661	599	8	1.1138142
661	117	9	1.568977
661	911	10	1.2320731
372	3073	1	3.967067
372	431	2	3.2043219
372	3075	3	3.6115804
372	243	4	2.3848422
372	30	5	2.8927197
372	2503	6	1.7402822
372	3074	7	3.5445728
372	200	8	3.0889654
372	0	9	2.9733334
372	196	10	2.8715153
706	672	1	3.4683056
706	168	2	4.4331245
706	1854	3	3.3654208
706	147	4	3.3887143
706	30	5	3.1369529
706	3090	6	3.284315
706	16	7	1.8635076
706	126	8	3.0775514
706	105	9	3.0245118
706	4029	10	2.2759757
218	732	1	3.9958377
218	213	2	4.1537404
218	62	3	3.6320558
218	622	4	4.5300255
218	311	5	3.5996788
218	599	6	4.433133
218	551	7	3.2957883
218	191	8	3.2892737
218	504	9	3.6591535
218	351	10	3.1867168
232	0	1	4.6035414
232	213	2	3.8192434
232	258	3	4.228282
232	320	4	4.925132
232	622	5	3.9869452
232	732	6	4.007336
232	47	7	3.1113658
232	551	8	3.336793
232	229	9	2.1355395
232	43	10	4.045015
52	4017	1	4.133198
52	597	2	3.9457972
52	4020	3	4.043913
52	936	4	2.6316047
52	1983	5	2.8414476
52	210	6	3.6828036
52	4021	7	3.5752497
52	229	8	2.4690185
52	4029	9	3.2168489
52	672	10	3.4170618
645	3718	1	4.422225
645	2110	2	4.044229
645	258	3	4.361871
645	320	4	3.444478
645	622	5	3.9777398
645	216	6	3.9668784
645	599	7	3.1575372
645	196	8	3.857127
645	391	9	2.1207685
645	43	10	4.0717793
502	843	1	3.5961185
502	2108	2	4.1744123
502	210	3	3.5130355
502	439	4	2.7777286
502	1926	5	2.8320513
502	3072	6	3.3973937
502	47	7	2.4669626
502	3073	8	3.3919997
502	229	9	2.079678
502	4029	10	2.7215762
17	210	1	3.4064143
17	168	2	3.4029274
17	4017	3	3.3660088
17	944	4	2.3050222
17	30	5	3.319315
17	4020	6	3.1914644
17	1854	7	3.1806087
17	3090	8	3.0354297
17	4029	9	2.4688168
17	2110	10	2.9993832
687	311	1	2.496798
687	213	2	2.6662886
687	551	3	2.3479776
687	243	4	2.2371202
687	622	5	1.9492106
687	0	6	2.3245935
687	599	7	2.8269277
687	229	8	2.7075984
687	219	9	2.2240052
687	43	10	2.6811638
427	1383	1	2.4868307
427	180	2	1.9053209
427	1169	3	2.4467714
427	3929	4	1.4265292
427	387	5	1.9952084
427	160	6	1.1170585
427	1435	7	2.2683883
427	1884	8	1.048758
427	2417	9	2.1011682
427	1281	10	1.6399629
187	258	1	3.9052148
187	213	2	3.7058735
187	1701	3	3.0532727
187	243	4	3.5364366
187	622	5	3.8547359
187	215	6	3.024868
187	47	7	2.3718042
187	311	8	3.0164576
187	19	9	2.9984279
187	231	10	3.1175914
184	268	1	3.7616553
184	238	2	3.2870789
184	0	3	3.483273
184	686	4	2.9966087
184	622	5	2.6124287
184	479	6	3.219967
184	47	7	2.600782
184	2031	8	3.1412535
184	258	9	3.0493145
184	43	10	2.64678
489	4017	1	4.150269
489	597	2	3.5717635
489	4020	3	3.9891875
489	936	4	2.3628
489	30	5	3.2052894
489	210	6	3.892305
489	4021	7	3.6004524
489	109	8	3.3884196
489	4029	9	2.6314461
489	2108	10	3.3763223
772	3796	1	2.4722564
772	173	2	2.6479268
772	807	3	2.4245338
772	1133	4	2.3783574
772	30	5	1.7532411
772	37	6	2.395022
772	599	7	1.3389511
772	417	8	2.2994585
772	1281	9	1.3823115
772	3462	10	2.2330196
635	62	1	1.5062139
635	213	2	1.6945775
635	320	3	1.9082952
635	351	4	1.2062049
635	387	5	1.638974
635	311	6	1.1836483
635	599	7	1.5589135
635	2069	8	1.1340206
635	2043	9	1.2420812
635	43	10	1.4538336
169	210	1	2.6584864
169	168	2	2.9422896
169	4020	3	2.559923
169	296	4	1.89449
169	30	5	3.0346103
169	672	6	2.489923
169	501	7	2.4253848
169	456	8	2.3623967
169	4029	9	2.3580885
169	2110	10	2.59377
718	732	1	2.1820428
718	213	2	1.9645514
718	62	3	1.9480321
718	320	4	2.0357533
718	622	5	1.3815061
718	4718	6	1.9137042
718	599	7	1.4386568
718	551	8	1.9087597
718	43	9	1.937115
718	3607	10	1.9033666
9	321	1	3.3310049
9	1788	2	2.7110424
9	555	3	3.0485535
9	1133	4	3.717624
9	30	5	1.3204224
9	837	6	1.8102915
9	514	7	2.8064542
9	1066	8	1.288407
9	960	9	2.7217193
9	391	10	2.1324406
464	11	1	3.525366
464	431	2	3.314725
464	3073	3	3.3782823
464	243	4	3.5382643
464	71	5	2.5155356
464	590	6	1.6730516
464	333	7	3.377709
464	47	8	2.7734933
464	3072	9	3.2899356
464	3075	10	2.9468775
212	227	1	3.097915
212	821	2	3.1705694
212	152	3	2.931384
212	320	4	3.2606273
212	620	5	1.9208394
212	351	6	2.863827
212	599	7	3.0812755
212	631	8	2.8599334
212	391	9	2.3610153
212	43	10	3.0240197
66	84	1	3.2592037
66	231	2	3.1922202
66	152	3	2.908405
66	439	4	2.7099338
66	30	5	3.2791457
66	216	6	2.6602807
66	599	7	3.1221647
66	278	8	2.6550121
66	911	9	2.1005476
66	43	10	2.8174677
378	258	1	2.6613693
378	721	2	2.2842371
378	0	3	2.6215966
378	320	4	2.5291786
378	30	5	2.9167576
378	3718	6	2.5846114
378	599	7	2.1131377
378	19	8	2.479611
378	539	9	2.3654668
378	43	10	2.7371666
929	219	1	2.531138
929	2110	2	3.652824
929	479	3	2.3098063
929	320	4	3.058463
929	1983	5	2.019247
929	1525	6	1.4245093
929	84	7	2.2925837
929	599	8	2.0785363
929	126	9	2.2425315
929	1794	10	1.8011963
597	417	1	3.0343213
597	163	2	2.7391276
597	2400	3	2.5424924
597	303	4	2.347053
597	2098	5	2.3523993
597	1626	6	2.3257518
597	3808	7	2.3232899
597	1794	8	0.99065185
597	173	9	2.3236582
597	2548	10	2.2732592
509	370	1	2.373753
509	821	2	2.7679112
509	196	3	2.283337
509	439	4	2.418178
509	30	5	2.3346066
509	219	6	2.2650342
509	599	7	2.5082936
509	221	8	2.7735548
509	227	9	2.1224966
509	43	10	2.3511064
511	2046	1	1.150624
511	3292	2	1.5785259
511	2341	3	1.0062122
511	881	4	0.69495827
511	1126	5	0.7012488
511	981	6	0.7596259
511	3923	7	0.87253946
511	1881	8	0.6688814
511	4437	9	0.816479
511	3239	10	0.6222364
253	11	1	2.9092271
253	238	2	3.6117542
253	227	3	2.8398838
253	243	4	3.5476933
253	622	5	3.5159698
253	732	6	2.8177733
253	599	7	2.8186421
253	215	8	2.7653544
253	43	9	3.0351915
253	95	10	2.6696634
927	3718	1	4.4668536
927	24	2	4.671932
927	82	3	4.3530846
927	495	4	3.4346123
927	430	5	3.2648563
927	95	6	4.136693
927	599	7	2.949881
927	333	8	3.8364625
927	43	9	3.5149312
927	3075	10	3.6931772
837	82	1	3.9136703
837	201	2	3.7608936
837	11	3	3.8878078
837	243	4	3.7862267
837	71	5	3.2378664
837	2503	6	1.9649193
837	3072	7	3.8345323
837	47	8	3.5340028
837	3073	9	3.7699757
837	3075	10	3.4496367
921	0	1	4.09978
921	431	2	3.93461
921	258	3	3.6732957
921	243	4	3.5485897
921	622	5	3.539024
921	2503	6	2.0870113
921	196	7	3.6478126
921	47	8	3.4813907
921	333	9	3.548263
921	216	10	3.4840565
903	351	1	2.3861427
903	1341	2	2.599866
903	0	3	2.3424683
903	320	4	2.6445491
903	622	5	1.8100886
903	62	6	2.2497976
903	599	7	2.2395253
903	258	8	2.1631446
903	539	9	1.6789763
903	43	10	2.4886913
23	219	1	2.1669436
23	1534	2	1.6171414
23	515	3	2.0316725
23	303	4	1.7801542
23	30	5	1.7355801
23	305	6	0.9884016
23	227	7	1.8530122
23	599	8	1.3108685
23	84	9	1.815802
23	1794	10	1.1045308
386	84	1	3.8128874
386	213	2	3.5897183
386	219	3	3.5007262
386	3929	4	2.4718633
386	30	5	2.7816534
386	351	6	3.0953743
386	599	7	3.63921
386	152	8	2.8866887
386	229	9	2.3742702
386	43	10	3.4570622
291	732	1	3.6380057
291	46	2	3.3805661
291	0	3	3.4327679
291	320	4	3.6127582
291	622	5	2.783605
291	252	6	3.1046286
291	599	7	3.0016203
291	268	8	3.0120375
291	43	9	2.8834667
291	3718	10	2.9862437
827	109	1	3.38896
827	597	2	4.0580797
827	210	3	3.150609
827	296	4	2.2775292
827	1926	5	2.9361672
827	641	6	2.8044527
827	47	7	2.1868916
827	4017	8	2.6997702
827	229	9	1.8839781
827	4029	10	3.0807018
445	210	1	4.0703764
445	168	2	4.5195394
445	109	3	4.0111523
445	936	4	2.769391
445	1983	5	2.9801533
445	672	6	3.6572595
445	200	7	2.4049158
445	843	8	3.45005
445	229	9	1.9610517
445	4029	10	3.177153
725	109	1	2.414629
725	2110	2	2.753158
725	641	3	2.1448126
725	147	4	1.5887806
725	30	5	2.7161503
725	843	6	2.132372
725	1310	7	1.5393331
725	1006	8	1.979003
725	229	9	1.5048132
725	4029	10	1.6225208
194	82	1	4.2739325
194	431	2	3.6407673
194	95	3	3.57506
194	686	4	2.8106484
194	622	5	4.3318386
194	3718	6	3.5668528
194	599	7	2.0459793
194	3073	8	3.5643706
194	333	9	3.476944
194	43	10	2.9289577
150	415	1	3.253818
150	529	2	1.0224214
150	1385	3	2.804451
150	3215	4	1.4812748
150	114	5	1.9057964
150	1948	6	0.835862
150	2151	7	2.6058843
150	2451	8	2.4216008
150	832	9	0.63513637
150	3669	10	2.3829052
216	84	1	3.0424075
216	1194	2	2.7708073
216	29	3	2.7024727
216	303	4	2.2454839
216	71	5	1.9743572
216	1263	6	2.6500833
216	599	7	2.3169022
216	391	8	2.9986038
216	549	9	2.4820313
216	43	10	2.104221
605	641	1	3.44918
605	2110	2	4.2030044
605	53	3	3.3813305
605	243	4	2.9593306
605	620	5	2.6800983
605	49	6	3.3708575
605	47	7	2.9905603
605	3075	8	3.2521398
605	229	9	2.0270886
605	43	10	2.7306137
503	4017	1	3.3107562
503	213	2	2.8265424
503	4020	3	2.9911687
503	439	4	2.9772596
503	1926	5	2.549364
503	672	6	2.984991
503	599	7	2.6106946
503	843	8	2.934462
503	229	9	2.2599206
503	43	10	2.653514
133	196	1	4.1646204
133	1171	2	3.13149
133	0	3	4.012567
133	28	4	2.3347695
133	622	5	3.293487
133	2503	6	2.1847305
133	216	7	3.8076448
133	47	8	4.0903263
133	3718	9	3.696814
133	2101	10	3.4590611
895	3718	1	4.57378
895	529	2	4.784444
895	227	3	4.2295775
895	3273	4	3.140832
895	72	5	4.8123646
895	3072	6	4.1706414
895	599	7	3.9754372
895	62	8	3.97557
895	104	9	3.9319472
895	46	10	4.4210677
65	1833	1	3.4620256
65	597	2	3.7378845
65	2125	3	3.364776
65	147	4	2.5219624
65	620	5	3.5095227
65	1129	6	3.2976682
65	1310	7	2.2137828
65	197	8	3.1016908
65	641	9	2.9972906
65	4029	10	2.4424007
705	130	1	2.1955569
705	3088	2	1.8010154
705	4001	3	1.6310486
705	395	4	2.6129684
705	4746	5	1.6099594
705	1971	6	1.5723047
705	1456	7	1.5237896
705	440	8	1.5721684
705	2077	9	1.5523446
705	3989	10	1.5273438
477	3072	1	4.084268
477	369	2	3.5704195
477	11	3	3.6863122
477	243	4	3.4270964
477	622	5	3.6250916
477	3718	6	3.6015973
477	47	7	3.0377378
477	333	8	3.3797266
477	3074	9	3.266278
477	43	10	2.3593993
640	672	1	4.304709
640	2110	2	5.1221976
640	717	3	4.128574
640	28	4	3.7033057
640	30	5	5.2346425
640	1315	6	2.4950929
640	641	7	3.9687786
640	200	8	2.8897953
640	143	9	3.9060662
640	1115	10	3.7057743
601	3074	1	4.661848
601	721	2	4.676874
601	216	3	4.2849307
601	320	4	3.0655358
601	622	5	4.927861
601	95	6	4.023143
601	200	7	3.354933
601	492	8	3.9799368
601	333	9	3.8426683
601	43	10	3.5535536
724	0	1	3.5795505
724	238	2	3.2492657
724	258	3	3.5435662
724	320	4	4.1490602
724	622	5	3.6833167
724	732	6	3.2331896
724	599	7	3.344737
724	19	8	2.9766374
724	43	9	2.9537914
724	62	10	2.9228232
70	0	1	3.7922988
70	24	2	3.4699597
70	84	3	3.296657
70	243	4	3.5556576
70	622	5	2.8880553
70	631	6	3.0908709
70	599	7	3.2576807
70	351	8	2.913373
70	1794	9	1.9057846
70	43	10	3.4678578
647	161	1	3.131395
647	597	2	2.3055024
647	105	3	2.230163
647	439	4	1.8822021
647	30	5	2.5433767
647	4017	6	2.1962657
647	599	7	1.4458005
647	210	8	2.1447563
647	229	9	1.5266232
647	43	10	1.7022818
496	219	1	2.7799768
496	2110	2	3.2811432
496	682	3	2.6956668
496	243	4	1.8916385
496	1161	5	1.7826421
496	558	6	2.5968344
496	599	7	2.3082578
496	3718	8	2.4326
496	43	9	2.3645475
496	479	10	2.4212909
899	706	1	5.061528
899	330	2	3.2906961
899	104	3	3.8214383
899	495	4	2.3133292
899	2216	5	3.0060346
899	2503	6	2.8358483
899	1925	7	3.6967502
899	47	8	3.8485487
899	242	9	3.661323
899	2101	10	3.534266
750	0	1	3.7505183
750	2110	2	3.780128
750	53	3	3.460977
750	320	4	3.1910474
750	30	5	4.1272907
750	19	6	3.4538321
750	599	7	2.7411256
750	3718	8	3.3331149
750	229	9	2.471565
750	43	10	3.0501723
43	63	1	3.9159684
43	2055	2	2.4908814
43	370	3	2.9796417
43	635	4	1.996585
43	30	5	1.6968138
43	227	6	2.8804774
43	1066	7	2.42348
43	221	8	3.4238708
43	29	9	2.8230624
43	96	10	3.0687442
568	843	1	3.4823518
568	2110	2	2.1449668
568	2125	3	2.5004866
568	439	4	2.0081115
568	1926	5	2.2565756
568	176	6	1.9415503
568	538	7	1.845761
568	229	8	1.7511361
568	4029	9	1.7988915
568	3718	10	1.814347
656	4020	1	3.8652644
656	168	2	4.299002
656	672	3	3.6305885
656	936	4	2.8302617
656	1983	5	3.0036716
656	456	6	3.5733867
656	200	7	2.462481
656	77	8	3.5215702
656	4021	9	3.3416548
656	860	10	3.1693606
544	84	1	3.3741546
544	185	2	2.9262016
544	631	3	3.1017122
544	495	4	1.989919
544	622	5	2.6234603
544	258	6	2.9580016
544	599	7	3.8760002
544	485	8	2.903418
544	391	9	2.079144
544	732	10	2.8954957
431	258	1	4.069354
431	201	2	4.309217
431	0	3	3.9984243
431	243	4	3.4124994
431	622	5	4.1707444
431	1003	6	2.2628133
431	333	7	3.8244247
431	200	8	3.1271234
431	1925	9	3.7822776
431	1693	10	3.6602445
583	11	1	3.9614155
583	201	2	3.9727526
583	3073	3	3.917721
583	3275	4	2.5397894
583	622	5	4.265888
583	2503	6	2.2028565
583	3072	7	3.7960153
583	47	8	3.0656173
583	3075	9	3.6817415
583	242	10	3.3391182
142	117	1	2.3537452
142	1748	2	2.5193193
142	1200	3	2.137886
142	3929	4	1.6607752
142	30	5	1.946348
142	2060	6	1.4533355
142	559	7	2.059927
142	602	8	2.0381932
142	3138	9	1.6623642
142	337	10	1.9440219
856	370	1	3.0127773
856	578	2	2.4720154
856	351	3	2.8916082
856	3929	4	2.7765362
856	30	5	1.302579
856	225	6	1.3150157
856	227	7	2.6411228
856	599	8	2.267026
856	278	9	2.4968
856	391	10	2.2865043
148	3718	1	4.889683
148	504	2	3.8618793
148	82	3	4.418165
148	495	4	4.0467443
148	72	5	4.0134897
148	3073	6	4.3156033
148	47	7	3.8537014
148	215	8	4.2293153
148	43	9	4.100052
148	3072	10	4.0695724
130	4083	1	2.8308585
130	168	2	2.721293
130	672	3	2.6588075
130	439	4	2.781822
130	30	5	2.610013
130	210	6	2.526964
130	1854	7	2.3752365
130	391	8	1.6773089
130	4029	9	2.4223597
130	1374	10	2.3636274
50	19	1	4.0275474
50	213	2	4.2852097
50	62	3	3.9388223
50	206	4	2.4780657
50	55	5	2.607634
50	215	6	3.7790275
50	47	7	3.2969859
50	372	8	3.5584736
50	1794	9	3.081078
50	905	10	3.5038834
736	4020	1	2.0676963
736	2110	2	2.624114
736	53	3	2.0448222
736	28	4	1.5994174
736	30	5	2.582937
736	167	6	1.229577
736	109	7	2.018594
736	200	8	1.4255936
736	77	9	1.9961615
736	641	10	1.9340334
196	3640	1	2.3389902
196	168	2	2.1284804
196	4017	3	2.2809377
196	147	4	1.9697018
196	30	5	1.7824882
196	1315	6	1.3234327
196	216	7	2.1792502
196	47	8	1.9813194
196	19	9	1.9940705
196	229	10	1.4895123
57	227	1	3.287919
57	2108	2	4.0044956
57	84	3	3.1158948
57	3929	4	2.709767
57	1926	5	2.1359785
57	1315	6	2.0192404
57	278	7	2.8687766
57	47	8	2.79288
57	53	9	2.6772814
57	539	10	1.886498
909	311	1	3.1299813
909	231	2	2.960689
909	219	3	2.8726776
909	495	4	1.9333624
909	732	5	2.766513
909	599	6	2.6548579
909	485	7	2.7517138
909	3654	8	1.6624696
909	43	9	3.1853607
909	3223	10	2.692166
580	0	1	4.482121
580	201	2	4.099292
580	258	3	4.357211
580	243	4	4.088077
580	622	5	3.975544
580	11	6	3.7646544
580	47	7	3.8180566
580	3073	8	3.632962
580	3072	9	3.6009958
580	43	10	3.0434027
620	333	1	3.867404
620	201	2	4.401853
620	95	3	3.5706701
620	3275	4	2.613823
620	430	5	3.5349965
620	2503	6	2.3948338
620	3074	7	3.477875
620	599	8	2.2244935
620	242	9	3.4428616
620	3718	10	3.1323333
773	227	1	3.336543
773	213	2	3.753484
773	320	3	4.5221696
773	62	4	3.1956425
773	30	5	2.810299
773	372	6	3.1396391
773	599	7	3.8673115
773	0	8	3.127286
773	1794	9	2.3688822
773	43	10	3.9761066
410	351	1	3.1067004
410	168	2	3.5108838
410	84	3	3.1044743
410	320	4	2.844315
410	620	5	3.001071
410	1315	6	1.9909904
410	210	7	2.855607
410	599	8	2.7118893
410	1794	9	3.0186207
410	1410	10	2.7197528
717	0	1	4.289849
717	108	2	3.9892433
717	258	3	4.032093
717	320	4	3.8853736
717	622	5	3.740646
717	3718	6	3.572986
717	599	7	3.2317188
717	11	8	3.2093735
717	43	9	3.2062645
717	732	10	3.185876
688	672	1	4.229287
688	860	2	3.4319544
688	4021	3	4.05023
688	296	4	2.8754156
688	1983	5	2.914412
688	77	6	3.9534273
688	200	7	2.1316686
688	1854	8	3.9194512
688	229	9	2.6534972
688	4029	10	3.6797085
178	227	1	2.7158675
178	185	2	2.7085817
178	370	3	2.3951745
178	3929	4	1.8604176
178	30	5	1.5950079
178	84	6	2.367249
178	599	7	2.1803806
178	515	8	2.355973
178	1745	9	1.9182179
178	43	10	2.0023904
447	63	1	3.8302827
447	2055	2	2.6007628
447	1466	3	2.385954
447	439	4	1.9555962
447	1112	5	2.2048054
447	1066	6	2.4289417
447	278	7	2.147229
447	391	8	2.3686197
447	96	9	2.9896579
447	370	10	2.1087623
380	3075	1	3.7455788
380	597	2	3.2750378
380	3074	3	3.583951
380	243	4	2.9100966
380	30	5	4.1993256
380	0	6	3.4421835
380	47	7	3.1396198
380	216	8	3.350208
380	3718	9	3.1936207
380	43	10	2.3330235
183	372	1	3.237198
183	2110	2	3.9884927
183	109	3	3.103436
183	296	4	2.1838212
183	30	5	3.3920863
183	1115	6	3.0615559
183	16	7	2.3335595
183	1742	8	3.0191333
183	4029	9	3.05524
183	597	10	3.9439
289	219	1	3.3937845
289	213	2	3.3823938
289	351	3	3.277659
289	243	4	2.5961943
289	622	5	2.1335933
289	227	6	3.073849
289	1066	7	1.8029026
289	732	8	2.867012
289	391	9	2.7921786
289	43	10	3.6392293
513	0	1	4.110827
513	201	2	3.5588615
513	258	3	3.9457529
513	320	4	2.9778614
513	622	5	3.8265567
513	114	6	2.043675
513	11	7	3.5110285
513	599	8	2.5832167
513	3073	9	3.4510155
513	43	10	3.0247443
853	732	1	3.4731297
853	821	2	3.6683254
853	84	3	3.3174214
853	243	4	3.6918159
853	72	5	2.4716287
853	7	6	3.1672194
853	47	7	2.1629472
853	219	8	3.0846395
853	229	9	2.313952
853	43	10	3.881341
821	1925	1	4.3407927
821	529	2	4.322347
821	139	3	3.718914
821	3275	4	3.5710793
821	71	5	3.345934
821	2503	6	2.649379
821	1359	7	3.6799953
821	1025	8	2.18707
821	823	9	3.4441214
821	1688	10	3.4428167
840	258	1	3.8067703
840	46	2	3.1917567
840	3718	3	3.2257617
840	320	4	3.4745922
840	622	5	3.6592274
840	252	6	3.0592475
840	599	7	3.07649
840	680	8	3.027151
840	43	9	3.6860409
840	551	10	2.8893971
154	3870	1	1.0632801
154	1428	2	1.166325
154	1811	3	0.997815
154	882	4	1.0938089
154	323	5	1.8870771
154	3600	6	0.989523
154	1066	7	1.0106177
154	4819	8	0.9703982
154	539	9	1.0314229
154	707	10	1.0274694
822	219	1	2.172695
822	821	2	1.8507695
822	1714	3	2.1628528
822	320	4	2.1047213
822	1161	5	1.4629769
822	1315	6	1.2450591
822	84	7	2.0566468
822	599	8	1.7764285
822	176	9	2.0450358
822	1484	10	1.6824214
662	311	1	3.7380881
662	231	2	4.237756
662	631	3	3.2925634
662	243	4	4.030598
662	622	5	3.716064
662	62	6	3.263089
662	599	7	4.0157843
662	351	8	3.220673
662	1794	9	2.0912848
662	84	10	3.2142076
91	227	1	3.469917
91	238	2	3.8384361
91	11	3	3.4414558
91	320	4	2.8726003
91	622	5	3.5213249
91	3073	6	3.1902037
91	599	7	3.0098815
91	3718	8	3.1099648
91	391	9	2.8888352
91	3072	10	3.040502
740	631	1	3.4947817
740	213	2	3.733626
740	351	3	3.3931327
740	495	4	2.608251
740	622	5	4.025095
740	227	6	3.2430227
740	1197	7	1.8484943
740	311	8	3.2032523
740	229	9	2.3676589
740	43	10	4.103821
845	0	1	3.2275681
845	529	2	2.9767017
845	258	3	3.11027
845	320	4	3.1392777
845	622	5	2.9122443
845	19	6	2.5921116
845	599	7	2.6372762
845	11	8	2.5676804
845	43	9	2.7307816
845	732	10	2.5457234
833	3718	1	3.9344506
833	431	2	3.6095421
833	95	3	3.6813922
833	320	4	2.6660643
833	622	5	3.9702826
833	216	6	3.6612952
833	47	7	4.1702485
833	227	8	3.2200184
833	43	9	3.5559397
833	242	10	3.1933136
452	63	1	3.732083
452	185	2	3.4870677
452	370	3	3.4877496
452	320	4	3.0707295
452	72	5	1.6571076
452	29	6	3.3354032
452	599	7	2.8238091
452	221	8	3.6857219
452	84	9	3.0406594
452	43	10	2.7702875
241	82	1	3.245349
241	431	2	3.9772427
241	3072	3	3.2256951
241	243	4	4.1643686
241	430	5	2.1764088
241	3718	6	3.1406147
241	47	7	3.343039
241	515	8	2.9303265
241	391	9	1.8544377
241	43	10	3.3721454
118	351	1	3.6992803
118	213	2	3.7418797
118	219	3	3.2915173
118	243	4	3.121224
118	30	5	2.7531376
118	227	6	3.2383094
118	47	7	1.6709173
118	84	8	3.0667305
118	1794	9	2.5771432
118	732	10	3.0612285
918	351	1	3.7530432
918	231	2	3.2512994
918	219	3	3.443959
918	495	4	1.9724996
918	622	5	2.6802123
918	631	6	2.9415498
918	599	7	3.638987
918	62	8	2.9029562
918	229	9	1.6521225
918	485	10	2.8247366
665	227	1	3.5756521
665	369	2	3.9240866
665	1693	3	3.4250553
665	243	4	3.747112
665	56	5	2.315738
665	2503	6	2.2361135
665	82	7	3.348373
665	47	8	3.1738517
665	95	9	3.3201423
665	43	10	2.943655
584	843	1	3.4755979
584	2110	2	4.7612224
584	210	3	3.3798003
584	3929	4	2.8079817
584	30	5	4.3643255
584	219	6	3.2860086
584	599	7	3.3938904
584	84	8	3.2686224
584	1794	9	2.5593448
584	4029	10	2.812193
678	129	1	2.7540724
678	2110	2	2.8024483
678	219	3	2.6837282
678	3929	4	2.4799442
678	30	5	2.5794225
678	672	6	2.5811121
678	200	7	1.6238892
678	733	8	2.4368267
678	229	9	2.4650261
678	4029	10	2.1748548
896	84	1	3.327535
896	2110	2	3.1265922
896	0	3	3.326638
896	320	4	2.9922464
896	622	5	2.555271
896	219	6	3.0292504
896	47	7	3.0607429
896	258	8	2.9592085
896	391	9	2.3992295
896	43	10	2.9805527
377	1854	1	3.268682
377	168	2	3.4235969
377	109	3	3.1570063
377	901	4	2.2083964
377	30	5	3.5627937
377	672	6	2.9642687
377	1197	7	1.6605828
377	3090	8	2.8163352
377	4029	9	2.7317986
377	77	10	2.7878652
185	0	1	3.5799768
185	821	2	4.168806
185	258	3	3.4115791
185	243	4	3.5176587
185	622	5	3.3902307
185	372	6	3.3150887
185	47	7	2.4324684
185	311	8	3.1314898
185	229	9	2.4081292
185	631	10	3.018425
729	515	1	3.159809
729	231	2	2.6091766
729	278	3	2.9888697
729	320	4	2.523835
729	72	5	1.8651923
729	219	6	2.940851
729	599	7	2.3819246
729	221	8	2.9534016
729	485	9	2.5876265
729	43	10	2.6543927
440	3223	1	2.4142137
440	1341	2	2.9449244
440	3540	3	1.9207633
440	147	4	1.6686816
440	30	5	2.4415843
440	3029	6	1.7670084
440	2250	7	1.4574933
440	843	8	1.7629371
440	539	9	1.6649301
440	168	10	2.5495434
761	62	1	2.0614002
761	821	2	1.9365396
761	258	3	2.0500698
761	320	4	1.7399905
761	30	5	2.0363216
761	1261	6	1.4896011
761	84	7	1.8827834
761	599	8	2.1034875
761	227	9	1.8299632
761	391	10	1.4359744
394	152	1	1.564466
394	46	2	1.6452348
394	62	3	1.3950434
394	439	4	1.483866
394	30	5	1.5586637
394	305	6	0.8133959
394	631	7	1.2974377
394	599	8	1.3354397
394	77	9	1.2786974
394	391	10	0.99139434
747	0	1	4.213011
747	238	2	3.5545604
747	258	3	3.8747683
747	243	4	3.521247
747	622	5	3.3173375
747	216	6	3.0705376
747	47	7	3.126133
747	152	8	2.9126456
747	3072	9	2.7490582
747	431	10	3.4777467
777	515	1	2.1057067
777	231	2	2.2557588
777	227	3	2.0584111
777	320	4	1.6233386
777	30	5	2.082807
777	152	6	1.971081
777	599	7	2.220144
777	4017	8	1.7917753
777	391	9	1.3906991
777	43	10	1.8943615
498	3073	1	3.2518442
498	431	2	3.195851
498	82	3	3.1061893
498	243	4	3.058659
498	622	5	2.98285
498	227	6	3.0552168
498	47	7	2.8384304
498	3075	8	2.9199417
498	391	9	1.995991
498	43	10	2.4744277
103	4017	1	3.3745139
103	597	2	2.071034
103	4020	3	3.2945127
103	439	4	1.9300706
103	30	5	1.9370203
103	4021	6	3.0141284
103	363	7	1.4831209
103	4083	8	2.5255299
103	1362	9	1.5398161
103	580	10	2.2640233
674	258	1	3.2180862
674	231	2	3.0392866
674	84	3	3.037806
674	320	4	3.2533822
674	622	5	2.5605192
674	19	6	2.9829817
674	599	7	3.8107233
674	3718	8	2.9094603
674	229	9	2.7073054
674	43	10	3.393557
723	49	1	3.4939773
723	2110	2	3.651978
723	109	3	2.9964528
723	296	4	2.5771422
723	30	5	3.5274024
723	1315	6	1.8506014
723	196	7	2.8795056
723	200	8	1.9062712
723	734	9	2.808069
723	210	10	2.721257
226	152	1	1.8979216
226	554	2	2.1120439
226	3462	3	1.7371573
226	1133	4	1.8955605
226	890	5	1.5628108
226	1207	6	1.5378635
226	903	7	1.5274659
226	1534	8	1.9546262
226	4897	9	1.504749
226	2306	10	1.9452358
333	372	1	3.1103966
333	231	2	3.029407
333	0	3	3.0903096
333	320	4	3.22962
333	622	5	2.6504083
333	1315	6	1.762651
333	84	7	3.0816035
333	200	8	1.8436415
333	351	9	3.0373688
333	391	10	1.7989216
458	4017	1	4.121894
458	2110	2	3.59483
458	4021	3	3.422359
458	439	4	2.6302505
458	1983	5	2.4575343
458	210	6	3.3521788
458	200	7	1.7567468
458	672	8	2.9291942
458	229	9	1.8636914
458	4029	10	2.5299973
4	219	1	3.9010906
4	821	2	4.4290104
4	84	3	3.722814
4	495	4	2.548585
4	622	5	2.704014
4	62	6	3.418051
4	47	7	2.0869958
4	631	8	3.3476243
4	1794	9	3.0436406
4	0	10	3.1694415
474	84	1	2.879877
474	231	2	3.1167736
474	278	3	2.8735375
474	320	4	3.068329
474	622	5	2.142128
474	370	6	2.7660484
474	599	7	2.9330938
474	63	8	2.7208261
474	221	9	2.9045231
474	43	10	3.0479665
636	351	1	2.9448287
636	213	2	2.9178696
636	3718	3	2.7375503
636	243	4	2.1674323
636	30	5	1.8516306
636	1315	6	1.4403672
636	84	7	2.574627
636	599	8	2.7252698
636	1755	9	2.5562778
636	1281	10	1.877321
205	63	1	2.0938883
205	231	2	1.8873456
205	227	3	1.8211994
205	320	4	1.6262933
205	1321	5	1.4427196
205	0	6	1.8003384
205	599	7	1.778537
205	911	8	2.154162
205	874	9	1.7834549
205	43	10	2.038681
765	258	1	2.5444024
765	1171	2	2.2248993
765	1042	3	2.436159
765	3273	4	1.8301172
765	622	5	2.3938103
765	1867	6	2.6169395
765	0	7	2.3545275
765	172	8	1.6860869
765	19	9	2.2104926
765	1461	10	1.8774666
86	1594	1	3.234013
86	597	2	3.6146417
86	19	3	3.0943103
86	936	4	2.28234
86	30	5	3.961677
86	1315	6	1.9694021
86	843	7	2.9823923
86	47	8	2.224959
86	558	9	2.912261
86	1411	10	2.881065
689	196	1	3.4312518
689	369	2	3.5334222
689	3075	3	3.4137247
689	320	4	3.2330291
689	622	5	3.6014845
689	84	6	3.2762957
689	599	7	3.4813454
689	3074	8	3.2446046
689	391	9	2.5681505
689	43	10	3.6343555
862	0	1	3.5843232
862	2110	2	3.8973053
862	641	3	3.575144
862	243	4	2.7723765
862	430	5	2.846137
862	11	6	3.4798949
862	200	7	2.5907202
862	49	8	3.4637432
862	53	9	3.1388366
862	4029	10	2.113329
590	485	1	3.017542
590	213	2	3.3879132
590	631	3	2.82852
590	320	4	3.076045
590	622	5	2.0288727
590	1315	6	1.6847209
590	351	7	2.7959414
590	47	8	2.1098025
590	391	9	2.6353257
590	216	10	2.6422112
875	19	1	3.8789449
875	238	2	3.9408555
875	11	3	3.4658775
875	243	4	4.1813755
875	622	5	3.619458
875	62	6	3.2391057
875	599	7	3.0090432
875	73	8	3.1292386
875	229	9	1.8648312
875	152	10	3.1010776
557	913	1	2.7932024
557	1531	2	2.9098656
557	262	3	2.1530771
557	1137	4	2.1638842
557	30	5	1.2140001
557	1168	6	2.072559
557	599	7	1.1921887
557	903	8	2.045515
557	1484	9	1.4008642
557	173	10	2.6328819
223	4086	1	3.0786893
223	2110	2	3.3375545
223	579	3	2.912414
223	936	4	2.5553083
223	30	5	2.80332
223	611	6	2.8597794
223	1595	7	2.386352
223	1854	8	2.8366914
223	210	9	2.8358796
223	4029	10	2.5410972
371	62	1	4.55557
371	231	2	4.2253895
371	372	3	4.397925
371	754	4	2.8019173
371	622	5	4.2696176
371	7	6	4.0904303
371	311	7	3.8937404
371	1794	8	3.233664
371	11	9	3.3685083
371	238	10	3.7133555
274	278	1	2.7416027
274	185	2	2.4382339
274	370	3	2.675775
274	320	4	1.9643668
274	1321	5	2.3896465
274	1466	6	2.5918486
274	599	7	2.122769
274	874	8	2.5172024
274	1302	9	1.791558
274	275	10	2.3493114
143	109	1	3.9657369
143	860	2	3.3737252
143	456	3	3.6120896
143	439	4	3.1534536
143	4016	5	3.0044112
143	196	6	3.5936935
143	200	7	3.3324428
143	672	8	3.42036
143	229	9	2.2015686
143	53	10	3.4173503
926	2699	1	1.0422491
926	2440	2	1.0519325
926	1184	3	0.98100424
926	1521	4	0.7327951
926	1232	5	0.77771646
926	2918	6	0.84605086
926	2005	7	0.9770218
926	4945	8	1.0826986
926	1187	9	0.96207166
926	4681	10	0.69114995
155	19	1	4.6025867
155	24	2	3.4137478
155	11	3	3.6480496
155	495	4	2.692061
155	430	5	2.5475423
155	3073	6	3.337669
155	47	7	3.053434
155	82	8	3.2968621
155	43	9	3.3822622
155	242	10	3.2693672
432	37	1	2.569948
432	173	2	2.6285691
432	417	3	2.516715
432	978	4	1.5107362
432	3220	5	1.3994708
432	244	6	2.2426777
432	3462	7	2.2414103
432	1066	8	1.0363297
432	221	9	1.1789086
432	3796	10	2.1439354
68	3086	1	2.4119997
68	168	2	1.7192146
68	702	3	2.2975595
68	944	4	1.1878684
68	1926	5	1.025028
68	1854	6	2.1878333
68	3090	7	2.1731782
68	717	8	2.0317147
68	4029	9	1.2104046
68	2110	10	1.6071937
547	77	1	3.549409
547	168	2	3.7182233
547	672	3	3.2450361
547	296	4	2.2594156
547	30	5	3.1588917
547	4021	6	3.2373438
547	109	7	3.1321852
547	1854	8	2.822133
547	4029	9	2.458195
547	597	10	3.2731814
54	210	1	4.5703697
54	1980	2	2.9775622
54	4017	3	4.3969393
54	901	4	3.1323276
54	620	5	3.0257206
54	2125	6	4.0898952
54	1197	7	2.0714583
54	3251	8	3.8892958
54	229	9	2.114181
54	4020	10	3.816374
96	84	1	3.7438955
96	231	2	4.3399515
96	62	3	3.6733553
96	495	4	2.6573873
96	71	5	3.079442
96	1449	6	3.6267672
96	47	7	3.2463107
96	732	8	3.5216994
96	43	9	4.4004593
96	391	10	2.1885388
497	3718	1	3.382265
497	369	2	3.7443202
497	84	3	3.1496077
497	243	4	3.857881
497	30	5	3.5057073
497	3073	6	3.0078297
497	599	7	3.3934207
497	219	8	3.001112
497	229	9	2.205689
497	43	10	3.7144306
658	3072	1	3.0177624
658	238	2	3.3913841
658	823	3	2.9254045
658	243	4	3.6386542
658	622	5	3.4907126
658	2195	6	3.1902547
658	3073	7	2.8623493
658	47	8	2.954645
658	3075	9	2.7652125
658	539	10	2.1772938
78	258	1	5.1797647
78	238	2	5.2503543
78	11	3	3.936289
78	2760	4	2.3610582
78	72	5	3.1327906
78	62	6	3.7883263
78	599	7	3.9778705
78	95	8	3.77508
78	1794	9	2.2132134
78	43	10	4.4059258
116	3718	1	4.5526905
116	108	2	4.659053
116	11	3	3.9225166
116	320	4	4.026811
116	622	5	4.289231
116	82	6	3.5778308
116	47	7	3.775762
116	732	8	3.509674
116	43	9	4.1163673
116	95	10	3.4020462
363	227	1	2.7315588
363	2055	2	2.6053827
363	823	3	2.505364
363	439	4	2.549384
363	30	5	2.0563505
363	1112	6	2.3410506
363	599	7	1.771539
363	391	8	3.4959722
363	874	9	2.1626253
363	275	10	2.5592976
74	4021	1	4.2229013
74	860	2	3.1234353
74	843	3	3.8645446
74	439	4	3.5318604
74	1983	5	3.1155531
74	77	6	3.757443
74	47	7	3.1410694
74	53	8	3.6240206
74	229	9	2.186063
74	4029	10	3.4455767
939	1333	1	2.9746206
939	185	2	3.990818
939	555	3	2.6071072
939	1134	4	2.3446012
939	72	5	1.6276455
939	837	6	1.5888708
939	1426	7	2.5399876
939	1215	8	2.5260205
939	391	9	2.077263
939	1194	10	3.3576124
455	152	1	2.9125104
455	185	2	2.5645795
455	227	3	2.625543
455	1133	4	2.6919265
455	1161	5	2.0039103
455	219	6	2.5491242
455	599	7	1.7100067
455	84	8	2.5395918
455	1484	9	2.6861267
455	4029	10	2.0574539
650	258	1	3.9692235
650	369	2	3.1935697
650	1466	3	3.1510823
650	320	4	3.130301
650	622	5	3.1219525
650	219	6	3.106314
650	1066	7	2.1567624
650	391	8	4.0096836
650	874	9	2.919391
650	1773	10	2.4999437
459	278	1	2.8108401
459	213	2	2.6742537
459	63	3	2.7421372
459	320	4	2.5007026
459	622	5	2.1448805
459	227	6	2.7073977
459	599	7	2.7737923
459	0	8	2.6900349
459	391	9	2.6413627
459	43	10	2.8701415
771	63	1	3.9535968
771	185	2	2.3988276
771	370	3	2.947247
771	635	4	2.147823
771	1466	5	2.624971
771	29	6	2.448476
771	599	7	1.6105113
771	911	8	3.23778
771	96	9	2.6597996
771	1112	10	2.2730796
780	1200	1	2.180977
780	1533	2	3.4330769
780	117	3	2.1476717
780	296	4	1.6634643
780	114	5	2.7509212
780	30	6	1.566635
780	77	7	2.1021469
780	672	8	1.9273398
780	911	9	1.0189435
780	337	10	1.8733065
211	2069	1	2.3749661
211	2701	2	1.8375163
211	552	3	1.8862612
211	4802	4	1.5624487
211	2615	5	2.1981182
211	3503	6	1.8482157
211	2346	7	1.8238571
211	2043	8	2.5227127
211	1454	9	1.739077
211	1392	10	1.7055138
931	219	1	2.4148293
931	231	2	2.6035776
931	311	3	2.3517792
931	320	4	2.7091317
931	622	5	1.7065325
931	152	6	2.3089023
931	599	7	2.0553164
931	631	8	2.171643
931	391	9	1.6481078
931	43	10	2.3165607
165	2417	1	3.2362528
165	213	2	1.9864216
165	1427	3	2.8854156
165	3929	4	1.7615335
165	2019	5	1.1180122
165	1384	6	2.8249164
165	749	7	2.7647028
165	599	8	1.3997755
165	229	9	1.4401186
165	1241	10	2.6364098
468	672	1	4.6839666
468	860	2	3.8881721
468	843	3	4.253025
468	296	4	3.4173524
468	2800	5	3.4293098
468	733	6	3.9261165
468	200	7	3.7466776
468	53	8	3.838337
468	229	9	3.2042317
468	77	10	3.6756582
870	11	1	4.4472923
870	201	2	4.015747
870	216	3	4.2885284
870	28	4	3.577372
870	622	5	3.2471979
870	2503	6	2.4031293
870	80	7	3.8052456
870	47	8	4.1270657
870	3718	9	3.7214568
870	333	10	3.6700363
140	2102	1	2.5848327
140	578	2	2.1249385
140	515	3	2.2634597
140	320	4	1.8417706
140	1321	5	1.6618223
140	1320	6	2.1915803
140	434	7	1.9994699
140	63	8	2.1595387
140	221	9	1.4544859
140	2000	10	1.983744
235	2125	1	2.7824533
235	2110	2	3.8445828
235	3718	3	2.7337704
235	439	4	2.216147
235	620	5	2.3836174
235	109	6	2.5204418
235	599	7	1.9122312
235	210	8	2.5179315
235	1794	9	2.216619
235	4029	10	2.6315334
692	95	1	3.6885095
692	431	2	3.7050798
692	680	3	3.3636837
692	495	4	2.7981076
692	430	5	3.304874
692	905	6	3.2319894
692	47	7	3.4079053
692	242	8	3.1177347
692	43	9	3.1011755
692	215	10	2.9950304
36	258	1	3.823103
36	46	2	3.0861754
36	311	3	3.5789065
36	495	4	2.3846483
36	622	5	3.4711258
36	225	6	1.8282406
36	631	7	3.5052314
36	599	8	3.5452404
36	351	9	3.4754183
36	43	10	3.9995508
207	248	1	3.1438565
207	597	2	3.360896
207	843	3	3.1300826
207	320	4	3.1676729
207	30	5	3.8556492
207	0	6	2.91871
207	599	7	2.881277
207	351	8	2.8900185
207	229	9	2.6877422
207	43	10	3.0019321
872	4020	1	3.960555
872	148	2	2.9586763
872	4017	3	3.8289614
872	944	4	3.1932607
872	30	5	3.035295
872	4021	6	3.4596913
872	753	7	3.3799734
872	717	8	3.3445258
872	1681	9	2.2450225
872	597	10	2.8854985
515	1854	1	4.032984
515	2110	2	4.3706074
515	3270	3	3.7165005
515	936	4	3.2694845
515	30	5	3.8902712
515	672	6	3.636642
515	200	7	3.1642742
515	613	8	3.5182939
515	109	9	3.4003882
515	4029	10	3.098863
478	456	1	1.4327682
478	671	2	1.7330728
478	2382	3	1.3860983
478	1133	4	1.7428005
478	30	5	1.3453478
478	225	6	1.1223441
478	874	7	1.281771
478	1881	8	1.0195446
478	1745	9	1.3326025
478	863	10	1.2105193
673	84	1	3.429488
673	213	2	3.468937
673	219	3	3.3558996
673	243	4	2.486015
673	30	5	2.61657
673	1449	6	3.2031207
673	599	7	3.428568
673	311	8	3.1509497
673	1794	9	2.226324
673	43	10	3.1440086
908	3718	1	3.3917508
908	231	2	3.4853597
908	95	3	3.0992293
908	320	4	4.0719514
908	72	5	2.7547774
908	215	6	2.933373
908	599	7	3.7814307
908	73	8	2.8760464
908	551	9	2.833555
908	504	10	3.3956087
528	4017	1	3.8518739
528	2110	2	4.080664
528	4020	3	3.5252187
528	147	4	2.8912482
528	30	5	4.3799453
528	109	6	3.4891653
528	200	7	2.0444367
528	1854	8	3.134266
528	229	9	2.3086705
528	4029	10	2.648451
64	4021	1	3.8128555
64	1526	2	3.357284
64	77	3	3.744577
64	147	4	2.6837745
64	1926	5	3.7884169
64	139	6	3.3774033
64	1197	7	2.4872837
64	641	8	3.245092
64	4029	9	4.076284
64	501	10	3.2016215
703	278	1	3.4077578
703	231	2	3.3663602
703	152	3	3.2402012
703	320	4	3.1918325
703	30	5	3.6980395
703	3073	6	2.9888315
703	599	7	3.1366458
703	62	8	2.9853399
703	391	9	3.075419
703	43	10	3.7380853
851	227	1	2.9567013
851	46	2	2.8705702
851	1838	3	2.252837
851	320	4	2.721694
851	1321	5	3.1674964
851	258	6	2.2424
851	599	7	2.9141405
851	221	8	3.3214293
851	660	9	2.2410917
851	2421	10	2.7277813
790	84	1	3.144775
790	1642	2	2.8844085
790	227	3	3.0979476
790	320	4	2.2642484
790	842	5	2.41694
790	728	6	2.9681745
790	599	7	3.0079675
790	370	8	2.9070492
790	391	9	2.3160038
790	43	10	2.8717682
491	370	1	3.5931106
491	185	2	3.85247
491	29	3	3.0326486
491	3929	4	2.27805
491	1321	5	2.3142633
491	278	6	2.9329376
491	1066	7	2.8537621
491	911	8	3.2137785
491	1466	9	2.621986
491	2739	10	2.1555958
47	77	1	1.8724368
47	168	2	1.5529857
47	3929	3	1.9678545
47	874	4	1.4297678
47	1926	5	0.9682491
47	2942	6	1.2001722
47	672	7	1.3889952
47	14	8	1.8602264
47	3337	9	1.5426092
47	4412	10	1.3069103
279	11	1	4.4593277
279	721	2	3.0779908
279	81	3	4.0192394
279	243	4	3.566467
279	622	5	3.5402684
279	2503	6	2.5474925
279	0	7	3.892018
279	200	8	3.9064655
279	1925	9	3.7755156
279	492	10	3.6899924
430	717	1	4.1028767
430	168	2	4.0260916
430	2390	3	3.9592977
430	944	4	2.7866173
430	30	5	3.0135803
430	501	6	3.7987487
430	271	7	3.5663328
430	109	8	3.563338
430	4029	9	2.704165
430	597	10	3.7220109
700	227	1	3.4125772
700	979	2	2.449648
700	515	3	3.30822
700	320	4	2.0669167
700	2060	5	2.0116122
700	30	6	1.3119062
700	1449	7	2.7901568
700	599	8	1.5973526
700	84	9	2.4469852
700	391	10	2.338394
738	109	1	4.208736
738	860	2	3.3790622
738	210	3	4.1556454
738	296	4	2.6423538
738	620	5	2.8916411
738	141	6	3.7370834
738	200	7	2.1588268
738	641	8	3.7158718
738	143	9	3.5127835
738	4029	10	2.6666036
270	3718	1	3.620008
270	721	2	3.8780427
270	311	3	3.231935
270	243	4	3.6516395
270	622	5	3.5447788
270	11	6	3.0638852
270	599	7	2.9710736
270	732	8	3.0176868
270	95	9	3.0110593
270	238	10	3.7852578
844	3086	1	3.5206313
844	597	2	3.334578
844	2390	3	3.3534489
844	439	4	2.648979
844	30	5	2.727002
844	717	6	3.1722865
844	580	7	3.1424215
844	501	8	3.1371777
844	4029	9	2.555412
844	2110	10	3.2483604
863	4017	1	3.4264867
863	597	2	3.4429355
863	4020	3	3.175377
863	901	4	2.27731
863	30	5	3.5379138
863	210	6	3.134789
863	200	7	1.6012468
863	109	8	3.008534
863	229	9	1.7480011
863	4021	10	2.8233275
758	351	1	3.1301332
758	231	2	3.7336733
758	370	3	3.012348
758	3929	4	2.497058
758	30	5	2.377235
758	485	6	3.0016484
758	1066	7	2.2592254
758	278	8	2.9226449
758	911	9	2.394877
758	732	10	2.7056928
603	0	1	3.6083777
603	369	2	3.5075686
603	258	3	3.3469672
603	243	4	3.0542173
603	622	5	3.305265
603	732	6	3.251071
603	599	7	2.5410638
603	11	8	2.8646004
603	1701	9	2.758308
603	43	10	2.5818183
228	216	1	3.5164342
228	2108	2	3.4978285
228	0	3	3.5057898
228	243	4	2.993691
228	622	5	3.2428026
228	2503	6	2.4637012
228	333	7	3.4954681
228	47	8	3.478273
228	789	9	3.367414
228	53	10	3.3080049
480	672	1	3.843379
480	860	2	3.4195995
480	456	3	3.7810955
480	936	4	3.0955646
480	1983	5	3.4740686
480	77	6	3.7570047
480	200	7	2.5091124
480	4021	8	3.5680535
480	229	9	2.260837
480	4029	10	4.054702
134	1701	1	3.1495454
134	369	2	3.1978676
134	248	3	3.1024444
134	495	4	3.1904972
134	622	5	2.327935
134	551	6	3.0489922
134	1353	7	1.7328849
134	3718	8	3.0184221
134	229	9	1.838243
134	3178	10	2.434889
531	370	1	3.5407376
531	185	2	2.9285288
531	29	3	2.687285
531	320	4	1.742091
531	30	5	1.8624175
531	244	6	2.645422
531	599	7	2.227882
531	278	8	2.6295586
531	1745	9	2.0434928
531	43	10	2.2331963
251	84	1	4.0689745
251	821	2	4.0087748
251	351	3	4.0184336
251	243	4	3.2649708
251	622	5	3.1399722
251	311	6	3.8643138
251	47	7	2.011323
251	62	8	3.7694235
251	1484	9	2.7686892
251	0	10	3.5760245
301	0	1	4.310585
301	369	2	3.823285
301	196	3	3.744354
301	243	4	3.4028213
301	30	5	4.0762997
301	252	6	3.3858423
301	47	7	3.508619
301	732	8	3.2881315
301	229	9	2.7326493
301	43	10	3.7953925
163	109	1	3.3740115
163	2108	2	3.9072397
163	4017	3	3.0952578
163	439	4	2.63146
163	620	5	3.359671
163	672	6	2.8646858
163	4020	7	2.782921
163	229	8	2.345141
163	4029	9	3.3057575
163	168	10	3.8714862
869	258	1	4.274316
869	24	2	3.586317
869	3073	3	3.4851742
869	320	4	2.6180527
869	430	5	2.4477916
869	2503	6	1.8171824
869	11	7	3.4322958
869	599	8	2.5705547
869	82	9	3.2194748
869	43	10	2.7801723
551	0	1	2.984125
551	597	2	3.1202676
551	19	3	2.9378138
551	320	4	2.4880228
551	30	5	3.497447
551	3718	6	2.8741388
551	47	7	2.4748807
551	252	8	2.674909
551	539	9	1.8681545
551	43	10	2.5331964
834	258	1	3.4080033
834	238	2	2.7930732
834	0	3	3.40167
834	320	4	2.0558052
834	622	5	3.046565
834	1261	6	2.1519961
834	1693	7	2.625649
834	47	8	2.9626303
834	3073	9	2.6248627
834	84	10	2.5197988
890	456	1	3.177309
890	168	2	3.3083763
890	210	3	2.8563788
890	320	4	1.9955544
890	1926	5	2.2986095
890	109	6	2.8563309
890	47	7	2.180716
890	152	8	2.4557629
890	229	9	1.9684999
890	43	10	2.3347065
401	19	1	4.1749363
401	238	2	3.7433877
401	11	3	3.2390594
401	243	4	3.2897017
401	622	5	3.127129
401	3073	6	3.1294794
401	47	7	2.6874633
401	3072	8	3.0226986
401	43	9	2.655094
401	3718	10	2.7291944
383	62	1	3.2035685
383	369	2	3.0374207
383	84	3	2.8926032
383	439	4	2.8166995
383	30	5	3.1896963
383	311	6	2.6101499
383	599	7	2.7840946
383	216	8	2.596462
383	229	9	2.0243392
383	4029	10	2.2508922
29	732	1	2.4073548
29	24	2	2.6678054
29	682	3	2.3598714
29	243	4	2.755048
29	72	5	2.2085326
29	1701	6	2.3162546
29	599	7	2.3807032
29	311	8	2.2840927
29	229	9	1.552813
29	43	10	2.797845
369	3073	1	3.786453
369	369	2	3.9032166
369	3072	3	3.5249069
369	320	4	2.6389966
369	71	5	2.8271194
369	3718	6	3.5150764
369	47	7	3.264352
369	3075	8	3.151658
369	62	9	3.0563974
369	431	10	3.6431985
189	4021	1	4.49509
189	2550	2	2.679899
189	77	3	3.7380736
189	28	4	3.2257812
189	1926	5	3.3064957
189	501	6	3.563158
189	200	7	2.5690238
189	682	8	3.3640723
189	229	9	2.4194005
189	4029	10	4.1253366
743	706	1	4.7963505
743	369	2	4.0942593
743	258	3	4.78533
743	243	4	4.4530926
743	2216	5	3.4878929
743	2503	6	2.5646942
743	196	7	4.509457
743	200	8	4.7763424
743	1925	9	4.2229815
743	333	10	4.064424
293	913	1	3.7405941
293	163	2	1.9243253
293	1169	3	2.9351263
293	1133	4	1.3220105
293	2417	5	2.8155446
293	622	6	0.9934084
293	2645	7	1.3307786
293	599	8	1.3750799
293	281	9	2.734056
293	792	10	1.1660045
634	351	1	2.8783312
634	213	2	2.9499297
634	0	3	2.5956984
634	686	4	2.7038758
634	622	5	2.2930107
634	3718	6	2.5022645
634	599	7	3.192451
634	311	8	2.4480963
634	1794	9	1.4438145
634	43	10	2.7731419
924	1449	1	3.1079319
924	231	2	2.777709
924	258	3	2.9145734
924	303	4	2.8094883
924	622	5	2.3668346
924	549	6	2.9133725
924	599	7	2.5826788
924	84	8	2.797073
924	391	9	2.5502465
924	43	10	2.6923149
566	84	1	3.9431913
566	231	2	3.3653631
566	278	3	3.9062252
566	320	4	3.4356399
566	72	5	2.5641174
566	219	6	3.4721155
566	599	7	3.2497323
566	1449	8	3.2017975
566	1602	9	2.7366834
566	43	10	3.3059287
245	219	1	3.4844055
245	231	2	3.5542006
245	351	3	3.2461553
245	495	4	2.5644243
245	622	5	3.908146
245	84	6	3.2025263
245	599	7	3.4886854
245	732	8	3.022585
245	539	9	2.7053313
245	19	10	2.9986594
379	3735	1	1.1040674
379	1116	2	1.3780291
379	3796	3	0.9802475
379	371	4	0.9904381
379	4304	5	0.65847653
379	771	6	0.70295
379	105	7	0.9049134
379	1206	8	0.89225185
379	3138	9	0.7253076
379	854	10	0.8687103
652	3718	1	3.1156077
652	860	2	2.9581606
652	0	3	3.0536742
652	320	4	3.0185523
652	620	5	2.3446007
652	258	6	2.8406177
652	599	7	3.0209641
652	210	8	2.7920628
652	229	9	2.6165628
652	43	10	3.3006
910	258	1	3.438465
910	24	2	3.3637867
910	0	3	3.3784318
910	320	4	3.2241228
910	622	5	2.7520123
910	278	6	3.0274482
910	599	7	3.1449468
910	391	8	3.2327948
910	84	9	2.7061648
910	43	10	3.2003021
816	682	1	2.6254764
816	108	2	2.9658854
816	252	3	2.5127578
816	439	4	2.0559983
816	30	5	2.7305124
816	732	6	2.3956559
816	599	7	2.7838333
816	219	8	2.2578566
816	1794	9	1.6208544
816	43	10	2.2727103
90	82	1	2.8005617
90	431	2	2.143579
90	333	3	2.4850202
90	495	4	1.9744384
90	430	5	2.043769
90	1493	6	1.3545656
90	242	7	2.3234153
90	47	8	2.0726953
90	11	9	2.186136
90	706	10	1.8473574
622	0	1	3.5972602
622	238	2	2.9460783
622	258	3	3.2854311
622	243	4	3.1558912
622	622	5	2.9780369
622	216	6	3.0834026
622	47	7	3.1221783
622	196	8	3.0137153
622	391	9	1.637644
622	43	10	2.7410817
784	4017	1	2.860139
784	2550	2	2.059893
784	4021	3	2.6259372
784	560	4	1.3705342
784	2195	5	3.4602141
784	1161	6	1.7618062
784	4020	7	2.5859857
784	1854	8	2.1463697
784	628	9	1.9020958
784	597	10	2.051434
495	258	1	3.7001333
495	231	2	3.6390476
495	1449	3	3.1103685
495	243	4	3.3727865
495	622	5	3.1731632
495	1315	6	1.7143044
495	19	7	2.9546604
495	599	8	3.1636624
495	219	9	2.8609364
495	221	10	2.2632027
85	2048	1	2.3246965
85	231	2	1.6846031
85	1986	3	2.0222757
85	1708	4	1.4567302
85	1321	5	1.3236558
85	2942	6	1.1295345
85	98	7	1.9051836
85	599	8	1.4019029
85	1484	9	2.6254573
85	3353	10	1.8267641
400	732	1	1.5537063
400	24	2	2.1680086
400	1701	3	1.5053604
400	495	4	1.8407439
400	55	5	2.1346812
400	953	6	1.4288734
400	599	7	1.1439869
400	0	8	1.3919932
400	887	9	1.2808967
400	1721	10	1.3271205
754	733	1	3.9271042
754	860	2	3.7759123
754	501	3	3.6778836
754	936	4	3.6350718
754	30	5	5.4992175
754	948	6	3.6499457
754	200	7	2.438062
754	3090	8	3.6244369
754	4029	9	4.1686716
754	717	10	3.3432312
51	3718	1	4.2778354
51	369	2	3.8958676
51	84	3	3.9401326
51	495	4	3.040041
51	622	5	3.798847
51	227	6	3.916747
51	1197	7	2.2223322
51	62	8	3.6425052
51	391	9	2.7171888
51	152	10	3.4953327
173	4020	1	2.9323921
173	2108	2	3.417747
173	109	3	2.832883
173	1610	4	2.1250463
173	30	5	3.062825
173	479	6	2.7587209
173	1197	7	2.7835379
173	248	8	2.692852
173	229	9	1.6065627
173	4029	10	2.376697
404	62	1	3.837861
404	231	2	4.606908
404	732	3	3.7961497
404	320	4	4.8217034
404	622	5	3.9911225
404	278	6	3.7424128
404	47	7	2.5737095
404	219	8	3.6859097
404	391	9	2.7961087
404	351	10	3.6112747
813	288	1	1.1627878
813	1674	2	1.354778
813	2868	3	1.0911555
813	3728	4	0.9737383
813	3434	5	0.74655247
813	1861	6	0.87563825
813	3315	7	1.011457
813	1881	8	1.0274221
813	3656	9	0.99675786
813	4357	10	0.8205308
722	3073	1	3.6129675
722	24	2	4.643558
722	82	3	3.5919228
722	320	4	3.6774197
722	622	5	4.34453
722	3072	6	3.5744529
722	47	7	3.5909061
722	11	8	3.5269015
722	43	9	3.8747034
722	1701	10	3.376243
582	210	1	2.6783378
582	2110	2	3.6926136
582	672	3	2.6466024
582	320	4	2.3553038
582	1926	5	2.3546169
582	1315	6	1.5766567
582	77	7	2.6046672
582	599	8	2.4029071
582	4017	9	2.5435083
582	229	10	1.6512833
303	527	1	2.286589
303	1780	2	2.5735636
303	84	3	2.0772343
303	3929	4	1.5407503
303	30	5	1.9007559
303	1238	6	1.9737024
303	363	7	1.3753158
303	567	8	1.8947407
303	221	9	1.2278383
303	1704	10	1.8781056
861	62	1	3.91502
861	213	2	3.9665775
861	227	3	3.8540342
861	320	4	4.1583776
861	72	5	3.0624144
861	84	6	3.6388974
861	47	7	3.3146012
861	311	8	3.5173
861	391	9	2.0863013
861	11	10	3.3611588
276	0	1	4.2898254
276	24	2	3.4961047
276	258	3	3.8330436
276	243	4	3.6555562
276	622	5	3.1945243
276	3718	6	3.6685138
276	599	7	3.0781322
276	843	8	3.3687105
276	229	9	2.5214903
276	43	10	3.5756211
471	4020	1	2.9946275
471	860	2	2.9827056
471	109	3	2.9664245
471	296	4	2.8557744
471	1983	5	2.2472491
471	53	6	2.7278728
471	200	7	3.0243115
471	2125	8	2.6593983
471	229	9	1.7413001
471	4029	10	2.498433
170	109	1	2.9691067
170	826	2	2.0190153
170	456	3	2.9477675
170	296	4	2.3507767
170	1161	5	2.3799083
170	843	6	2.8795738
170	717	7	2.8016624
170	391	8	1.6345382
170	4029	9	2.841579
170	271	10	2.7908125
80	227	1	3.4548967
80	185	2	2.7899654
80	84	3	3.32088
80	320	4	2.0749595
80	72	5	2.129911
80	1449	6	2.9581473
80	599	7	2.8427446
80	29	8	2.6947093
80	391	9	2.9408627
80	43	10	2.9655294
668	84	1	2.9251032
668	231	2	3.0385594
668	244	3	2.6567695
668	320	4	3.3723872
668	622	5	2.2135503
668	485	6	2.5591063
668	599	7	3.2180374
668	219	8	2.4753256
668	221	9	2.3051672
668	43	10	2.9293342
573	3072	1	3.5931883
573	2110	2	4.0807347
573	3074	3	3.3847914
573	936	4	2.5588982
573	30	5	3.6756482
573	19	6	3.35215
573	200	7	2.5603442
573	654	8	3.2846088
573	3075	9	3.2002087
573	2108	10	3.921714
913	628	1	1.7763587
913	621	2	1.7654057
913	1867	3	4.427112
913	56	4	1.806362
913	130	5	1.562618
913	336	6	1.3912483
913	899	7	1.3526827
913	1400	8	3.9269128
913	2781	9	3.6618896
913	457	10	3.6155138
214	210	1	3.597892
214	597	2	4.055943
214	717	3	3.4211366
214	296	4	2.7677255
214	30	5	3.6644328
214	4017	6	3.259921
214	109	7	3.1495848
214	141	8	2.999617
214	4029	9	2.2847238
214	2108	10	3.4579325
504	4086	1	3.5249662
504	3900	2	2.3979132
504	1285	3	3.1003585
504	439	4	2.3265066
504	30	5	1.9404738
504	579	6	3.0092497
504	87	7	2.8869138
504	200	8	1.5572221
504	580	9	2.8835373
504	4029	10	1.9831469
702	0	1	4.514553
702	213	2	4.402013
702	258	3	4.429997
702	243	4	4.3043075
702	622	5	4.0541434
702	351	6	4.1411066
702	47	7	3.1579692
702	551	8	3.6378627
702	229	9	2.4663305
702	219	10	3.556923
805	889	1	2.4057422
805	314	2	2.7368398
805	126	3	1.6785179
805	925	4	1.585076
805	114	5	2.2476382
805	4020	6	1.6444039
805	1868	7	1.6077068
805	391	8	1.3390442
805	671	9	2.583919
805	1681	10	1.3617715
699	227	1	1.7776957
699	821	2	1.6724646
699	485	3	1.5279338
699	320	4	1.9708445
699	71	5	1.4173441
699	219	6	1.5067794
699	599	7	1.5402545
699	351	8	1.3167621
699	539	9	0.8112595
699	43	10	1.154896
138	141	1	2.8337998
138	2110	2	2.8129404
138	109	3	2.56586
138	936	4	1.6687537
138	30	5	2.4145854
138	49	6	2.468698
138	1310	7	1.2950158
138	1410	8	2.4450822
138	271	9	2.4445128
138	2108	10	2.6554797
922	258	1	3.1422775
922	821	2	3.5255332
922	278	3	3.082046
922	320	4	3.7033544
922	72	5	3.112616
922	0	6	2.9205678
922	47	7	2.046101
922	1011	8	2.8926487
922	391	9	3.1815739
922	43	10	3.3647995
315	4017	1	3.5069041
315	860	2	2.6272593
315	843	3	3.2950103
315	147	4	2.2306685
315	1926	5	2.5364513
315	210	6	3.25943
315	47	7	2.6507308
315	109	8	3.1976624
315	391	9	2.0320847
315	4029	10	2.9477015
317	1374	1	1.4267828
317	168	2	1.2872653
317	682	3	1.4106112
317	165	4	1.2433165
317	30	5	1.1796844
317	77	6	1.3648059
317	1066	7	0.90542793
317	733	8	1.3178214
317	229	9	1.0116626
317	372	10	1.2790735
250	258	1	3.5385067
250	369	2	3.0373309
250	11	3	2.5963109
250	243	4	2.9173486
250	30	5	2.752664
250	53	6	2.3690643
250	599	7	2.4342551
250	3718	8	2.3361979
250	43	9	2.636309
250	219	10	2.2882822
217	19	1	4.1249847
217	238	2	4.041362
217	3718	3	3.3047967
217	320	4	4.1872315
217	72	5	2.865847
217	227	6	3.2610495
217	47	7	3.019517
217	732	8	3.1992579
217	84	9	3.1819978
217	213	10	3.8815691
456	485	1	3.3758435
456	185	2	3.5377045
456	351	3	3.1587136
456	243	4	2.8295717
456	622	5	2.6052132
456	225	6	1.8180833
456	0	7	3.0772867
456	1066	8	1.6434299
456	1011	9	2.9010882
456	391	10	2.1786256
127	843	1	3.5403886
127	2110	2	4.4701905
127	4021	3	3.340563
127	901	4	2.9748871
127	30	5	4.4115343
127	1854	6	3.2898812
127	1197	7	1.9086978
127	479	8	3.1491632
127	1794	9	2.771408
127	4029	10	2.8334212
362	84	1	3.5572915
362	821	2	4.1655226
362	732	3	3.1775885
362	495	4	2.294816
362	622	5	2.4806287
362	372	6	3.1316707
362	599	7	3.883348
362	62	8	2.8837662
362	229	9	2.6416125
362	43	10	3.7223868
599	843	1	3.987203
599	168	2	4.647138
599	210	3	3.8725634
599	28	4	3.0233898
599	430	5	2.8861659
599	1315	6	2.3995087
599	53	7	3.6662195
599	200	8	3.242929
599	456	9	3.3188386
599	229	10	2.3822784
330	109	1	4.0299664
330	2108	2	4.5210395
330	77	3	3.8755221
330	901	4	3.3371305
330	1983	5	3.2244527
330	672	6	3.5567007
330	4017	7	3.4296546
330	229	8	2.5903602
330	4029	9	3.7051544
330	4020	10	3.0818863
892	219	1	3.0965862
892	821	2	3.3069077
892	456	3	2.8613853
892	439	4	2.2804081
892	30	5	3.7128797
892	479	6	2.7925398
892	599	7	2.958157
892	732	8	2.6672869
892	229	9	2.5419667
892	43	10	2.8561628
176	0	1	3.3612447
176	44	2	2.7599397
176	258	3	3.0029511
176	320	4	3.4185524
176	622	5	2.6969767
176	732	6	2.912476
176	47	7	1.7400715
176	3718	8	2.528131
176	1794	9	1.617202
176	43	10	2.7838798
230	210	1	3.0009193
230	597	2	3.1851878
230	4017	3	2.8390546
230	296	4	3.0274777
230	30	5	3.1329782
230	109	6	2.6309044
230	200	7	1.5557199
230	60	8	2.6144934
230	3138	9	1.7458389
230	4020	10	2.6042957
409	0	1	3.5006669
409	238	2	3.0781155
409	258	3	3.0953672
409	243	4	2.986743
409	622	5	2.7489803
409	420	6	1.6006137
409	3073	7	2.9310613
409	47	8	2.9174564
409	3072	9	2.8465772
409	196	10	2.7250085
576	370	1	3.1195111
576	2055	2	2.7781906
576	1466	3	2.838067
576	635	4	1.931102
576	1321	5	3.3396559
576	227	6	2.792706
576	1066	7	2.6850114
576	29	8	2.6101465
576	1602	9	2.6507964
576	2421	10	2.756147
58	219	1	3.7900023
58	185	2	3.4156542
58	351	3	3.5502124
58	243	4	3.151968
58	72	5	2.1006842
58	84	6	3.5163703
58	311	7	3.2532325
58	1066	8	1.5130953
58	221	9	2.4422917
58	485	10	3.1296985
839	210	1	3.1623125
839	2108	2	2.5582035
839	672	3	2.5424695
839	320	4	2.6592157
839	30	5	2.3669932
839	77	6	2.4305696
839	599	7	2.2692578
839	372	8	2.4086342
839	1794	9	1.9751943
839	43	10	2.5659394
857	37	1	3.4743676
857	1531	2	3.1248758
857	3796	3	3.3287678
857	320	4	3.2505574
857	3220	5	1.5227522
857	3462	6	3.0516634
857	599	7	2.3305335
857	913	8	2.6609147
857	1794	9	2.1312592
857	43	10	2.1864772
882	3073	1	3.0615156
882	2108	2	2.502224
882	19	3	2.4840412
882	829	4	1.8529764
882	430	5	2.1208334
882	210	6	2.332955
882	47	7	1.3623836
882	1410	8	2.300026
882	843	9	2.1029768
882	2110	10	2.3590403
793	0	1	4.163378
793	431	2	4.315016
793	80	3	4.079329
793	28	4	3.3869193
793	30	5	4.427177
793	53	6	4.064579
793	47	7	4.210702
793	1925	8	3.9425
793	210	9	3.8260014
793	43	10	2.3867831
807	210	1	3.7668858
807	1341	2	3.0566416
807	479	3	3.633855
807	901	4	3.0412498
807	30	5	4.1766653
807	672	6	3.2092495
807	200	7	2.4505444
807	53	8	2.9149766
807	1794	9	2.2227592
807	4029	10	3.096645
709	456	1	3.5397606
709	2110	2	3.3588543
709	843	3	3.1986303
709	439	4	2.7257376
709	30	5	3.7859435
709	109	6	2.9923983
709	4017	7	2.9141378
709	229	8	1.7531492
709	4020	9	2.7213128
709	168	10	2.9920776
479	501	1	4.378751
479	1761	2	4.0082083
479	717	3	3.9996724
479	944	4	3.3711147
479	30	5	4.894801
479	2390	6	3.9316075
479	200	7	2.3673105
479	843	8	3.844331
479	4029	9	3.7864788
479	271	10	3.7371368
305	732	1	3.4868917
305	821	2	3.7802572
305	0	3	3.3636513
305	320	4	4.2910905
305	30	5	3.1790924
305	3718	6	3.2007065
305	1197	7	2.1327267
305	258	8	3.13654
305	229	9	2.5716395
305	43	10	3.7800915
817	0	1	3.7376928
817	231	2	3.270043
817	732	3	3.4614615
817	243	4	3.7308173
817	622	5	2.9886863
817	258	6	3.3649602
817	599	7	3.920486
817	84	8	3.0923638
817	1794	9	2.2872474
817	43	10	3.7526064
105	62	1	3.6287441
105	213	2	3.9028845
105	311	3	3.5771413
105	243	4	4.2578654
105	622	5	3.6888409
105	84	6	3.5473442
105	47	7	2.8146029
105	227	8	3.4025812
105	391	9	2.239219
105	19	10	3.3777564
149	4020	1	3.4582677
149	168	2	3.5907483
149	843	3	3.4198253
149	439	4	2.7273946
149	30	5	4.2994695
149	210	6	3.2744708
149	599	7	2.6142511
149	456	8	3.2227712
149	229	9	2.2751007
149	43	10	2.8384938
753	4017	1	2.4321172
753	597	2	2.23811
753	672	3	2.3682446
753	3929	4	1.6556325
753	1321	5	1.5973449
753	161	6	2.2806344
753	363	7	1.8584218
753	4020	8	2.2435358
753	391	9	2.1195765
753	4029	10	2.0502052
344	19	1	1.812707
344	369	2	1.6028595
344	82	3	1.7255511
344	206	4	1.1535163
344	455	5	1.0559407
344	0	6	1.449671
344	694	7	1.4196866
344	3073	8	1.4429122
344	1571	9	0.85767955
344	81	10	1.4128454
264	84	1	3.7734427
264	231	2	4.008374
264	0	3	3.6438832
264	243	4	3.542075
264	30	5	3.005169
264	258	6	3.5294585
264	47	7	2.5082898
264	732	8	3.3991318
264	391	9	2.8900752
264	227	10	3.2636871
26	732	1	4.3723917
26	185	2	3.7869194
26	1449	3	3.7385817
26	495	4	2.60311
26	622	5	3.287388
26	7	6	3.5018063
26	172	7	2.0612345
26	3718	8	3.2825422
26	229	9	3.0366096
26	19	10	3.2029128
204	1925	1	4.667752
204	529	2	3.9560328
204	1693	3	4.517643
204	495	4	2.9549522
204	58	5	3.4636703
204	196	6	4.2624607
204	47	7	5.390817
204	677	8	3.9202785
204	1359	9	3.7057538
204	43	10	3.368986
540	0	1	3.7484214
540	231	2	3.2045667
540	258	3	3.6355138
540	3275	4	1.9392638
540	55	5	2.3673716
540	19	6	3.0691674
540	599	7	2.7905767
540	1449	8	3.0449948
540	221	9	1.8962474
540	43	10	2.9316447
282	951	1	2.34446
282	213	2	1.9607146
282	728	3	2.2259834
282	3722	4	1.7917693
282	72	5	1.899227
282	0	6	2.2083309
282	599	7	2.0510907
282	227	8	2.1075718
282	391	9	1.3903042
282	2710	10	2.1195753
768	176	1	2.0537791
768	231	2	2.3600547
768	378	3	1.9702609
768	3929	4	1.2000804
768	2463	5	1.1983001
768	1263	6	1.9611495
768	599	7	1.6025183
768	650	8	1.9134045
768	985	9	2.2901306
768	539	10	1.2519666
499	82	1	3.8554301
499	431	2	3.8886764
499	3073	3	3.7191217
499	495	4	2.3616517
499	622	5	3.6882854
499	3072	6	3.5883455
499	172	7	2.4081182
499	95	8	3.372523
499	3075	9	3.239636
499	43	10	2.9009488
737	219	1	3.7459373
737	108	2	3.160315
737	351	3	3.6020887
737	243	4	3.3695488
737	622	5	3.0256815
737	311	6	3.3572807
737	47	7	2.3787272
737	258	8	3.350286
737	391	9	2.8356984
737	0	10	3.3349338
871	258	1	3.3476949
871	213	2	3.0636978
871	227	3	3.109693
871	320	4	3.0549586
871	30	5	3.3725328
871	19	6	3.0233693
871	47	7	3.005514
871	216	8	2.960118
871	391	9	1.9463551
871	43	10	3.193701
923	109	1	3.2806177
923	2110	2	3.678502
923	210	3	3.1703649
923	296	4	2.791934
923	620	5	2.7997394
923	2125	6	2.8064406
923	4017	7	2.754328
923	229	8	2.201105
923	4020	9	2.6044579
923	2108	10	3.2870955
609	1200	1	2.6018739
609	1748	2	2.4025002
609	559	3	1.9651127
609	439	4	1.3524272
609	30	5	1.3975875
609	1666	6	1.5231332
609	3462	7	1.930786
609	602	8	1.8971236
609	3138	9	1.850129
609	3776	10	1.7772
746	258	1	3.5100665
746	431	2	2.9030306
746	0	3	3.2106676
746	243	4	3.2544396
746	71	5	3.592019
746	515	6	3.0241802
746	47	7	3.0316951
746	216	8	2.9340034
746	3073	9	2.8794699
746	185	10	2.7489974
555	29	1	3.266418
555	185	2	2.4789379
555	39	3	2.8159647
555	1713	4	1.8623983
555	30	5	2.2013907
555	2060	6	1.464329
555	227	7	2.4094582
555	1066	8	2.2725997
555	84	9	2.3871207
555	229	10	2.0551314
469	2484	1	2.5513453
469	1473	2	1.7468443
469	1148	3	2.3185625
469	243	4	1.2149785
469	1015	5	2.6347828
469	3838	6	2.083021
469	425	7	3.0910783
469	4203	8	2.0648994
469	3416	9	1.9315548
469	1095	10	2.011993
463	2427	1	1.5457891
463	2133	2	1.5249112
463	1182	3	1.4385257
463	944	4	0.9992204
463	1358	5	1.2038497
463	1260	6	1.4377024
463	364	7	1.0520532
463	1456	8	1.8021512
463	1016	9	1.3532627
463	865	10	1.2946535
280	2429	1	1.0777316
280	1760	2	0.92373794
280	1387	3	1.0387915
280	1610	4	1.0930692
280	2318	5	1.0926425
280	3380	6	0.6963769
280	2679	7	0.964876
280	1881	8	0.60566914
280	3849	9	0.95404655
280	3649	10	0.8721918
259	84	1	3.7676325
259	185	2	4.200478
259	515	3	3.7639952
259	320	4	2.5426521
259	622	5	2.6927562
259	19	6	3.2013643
259	599	7	2.7843106
259	152	8	3.075574
259	391	9	2.8535905
259	43	10	3.224224
879	351	1	2.2514808
879	2110	2	2.4352305
879	479	3	2.1777704
879	320	4	1.9831258
879	30	5	2.1436028
879	152	6	2.1185663
879	599	7	1.6604447
879	1139	8	1.9868462
879	229	9	2.0701907
879	43	10	1.7409582
612	84	1	3.4258885
612	213	2	3.1407192
612	631	3	3.1382723
612	320	4	3.2742739
612	30	5	2.3271003
612	227	6	2.8732395
612	599	7	3.5234122
612	351	8	2.7723293
612	229	9	1.719068
612	43	10	3.0101428
594	0	1	4.2019086
594	821	2	5.041283
594	258	3	4.064283
594	495	4	3.0884912
594	622	5	3.5922322
594	372	6	3.9732804
594	47	7	2.9849172
594	3718	8	3.941698
594	1794	9	2.9885921
594	43	10	4.933405
521	152	1	3.2303991
521	185	2	3.1831963
521	227	3	2.7764554
521	320	4	3.3993945
521	30	5	3.1101167
521	278	6	2.496126
521	47	7	1.5455511
521	391	8	3.2751546
521	913	9	2.4955647
521	672	10	2.401536
110	0	1	3.415457
110	369	2	3.2712812
110	258	3	3.1519847
110	243	4	3.066142
110	622	5	2.9153128
110	732	6	3.084587
110	47	7	2.9470043
110	2031	8	3.065296
110	43	9	2.6206412
110	1701	10	2.7813287
446	4017	1	4.948998
446	860	2	3.4257627
446	4020	3	4.6228447
446	936	4	3.4959593
446	1983	5	3.4607048
446	4021	6	4.1361427
446	2502	7	2.2715724
446	672	8	4.0415273
446	229	9	2.5191898
446	3090	10	3.5390735
351	278	1	2.7438622
351	2110	2	2.9819636
351	84	3	2.624282
351	439	4	2.4785175
351	30	5	3.3871493
351	219	6	2.432105
351	599	7	2.7580872
351	911	8	2.9289742
351	196	9	2.3173358
351	43	10	2.6195598
111	227	1	2.9481535
111	185	2	2.9834886
111	1446	3	2.817631
111	2065	4	1.9247434
111	72	5	1.3826876
111	278	6	2.6708665
111	1066	7	2.3571222
111	244	8	2.5667686
111	1602	9	2.4610682
111	1011	10	2.5091996
789	109	1	3.44279
789	597	2	3.8332665
789	843	3	3.3356276
789	3929	4	2.764655
789	30	5	4.1856966
789	4021	6	3.060635
789	200	7	1.985794
789	456	8	2.9742305
789	229	9	2.0633116
789	4029	10	2.834658
886	333	1	3.3037686
886	1171	2	3.0101657
886	492	3	3.2378755
886	495	4	2.5731974
886	71	5	3.0538301
886	2503	6	1.9043581
886	242	7	3.149479
886	3075	8	3.1034307
886	1578	9	2.8184652
886	43	10	2.1538575
785	219	1	4.7844596
785	185	2	3.730959
785	351	3	4.1777534
785	243	4	4.1319065
785	622	5	3.788714
785	311	6	3.7869506
785	47	7	3.0869217
785	732	8	3.7800648
785	1794	9	2.6585684
785	152	10	3.7614553
476	258	1	3.3562417
476	213	2	3.8611734
476	351	3	3.3336084
476	320	4	4.119385
476	622	5	2.6099205
476	0	6	3.27976
476	47	7	2.319169
476	631	8	3.0473986
476	229	9	2.1446173
476	311	10	2.988357
621	11	1	4.1958437
621	201	2	4.2949114
621	3073	3	4.01878
621	495	4	3.2426453
621	72	5	3.5287228
621	227	6	3.8853884
621	599	7	3.4950237
621	3718	8	3.7704353
621	43	9	4.0914183
621	196	10	3.7309837
34	351	1	3.440254
34	2110	2	4.284137
34	843	3	3.2988164
34	320	4	3.901568
34	30	5	4.5097713
34	3718	6	3.2637293
34	599	7	3.537717
34	0	8	3.240607
34	229	9	2.4635768
34	43	10	3.5295253
630	84	1	3.2775578
630	821	2	3.3675768
630	351	3	3.2028687
630	243	4	2.758573
630	622	5	2.4345975
630	258	6	2.9524803
630	47	7	2.0692317
630	227	8	2.9451842
630	43	9	3.8088727
630	391	10	1.7916266
411	672	1	4.211875
411	1697	2	3.024126
411	77	3	4.1060214
411	936	4	3.4871316
411	620	5	3.4464576
411	641	6	4.0839963
411	1199	7	3.0090466
411	141	8	4.053891
411	391	9	2.409109
411	143	10	3.973734
272	0	1	2.642745
272	2110	2	2.436428
272	19	3	2.6081622
272	243	4	2.2297935
272	622	5	2.1649048
272	176	6	2.4045658
272	599	7	2.7386801
272	3718	8	2.376968
272	229	9	1.7840612
272	43	10	2.74444
20	641	1	4.005069
20	1526	2	3.6409345
20	948	3	3.9143312
20	296	4	3.897491
20	1983	5	4.0247154
20	733	6	3.4745107
20	141	7	3.4717126
20	229	8	2.9165812
20	753	9	3.4675765
20	2550	10	3.4890387
27	63	1	2.3561685
27	4232	2	2.1251469
27	2834	3	2.2922058
27	320	4	2.1642756
27	30	5	2.4326143
27	2833	6	2.2137609
27	1066	7	1.9944545
27	911	8	3.0805607
27	85	9	2.199648
27	275	10	1.8675668
381	109	1	3.5555668
381	2110	2	3.8341596
381	210	3	3.5104547
381	439	4	3.5484247
381	1926	5	2.7977872
381	3270	6	3.3265002
381	200	7	1.8631047
381	1854	8	3.1123314
381	611	9	2.9957895
381	4029	10	2.6850553
633	1011	1	3.3040361
633	185	2	3.703186
633	1449	3	3.2397175
633	320	4	3.0229468
633	30	5	2.8383713
633	219	6	2.7761946
633	599	7	2.9130816
633	3718	8	2.6817315
633	221	9	2.8342018
633	43	10	2.8006482
406	702	1	3.5819411
406	636	2	2.4571602
406	3085	3	3.329015
406	944	4	2.5391643
406	717	5	3.0173268
406	497	6	3.0030208
406	662	7	2.9893136
406	3239	8	1.5679107
406	316	9	2.4477017
406	1646	10	2.9525483
727	84	1	3.8236485
727	213	2	3.4114885
727	258	3	3.1329618
727	320	4	3.604828
727	30	5	2.9051676
727	0	6	3.0163045
727	599	7	3.7559624
727	219	8	3.0135202
727	391	9	2.9133694
727	152	10	2.9794676
714	210	1	3.4567425
714	168	2	3.8750973
714	843	3	3.434279
714	296	4	2.645862
714	30	5	4.4219165
714	196	6	3.1622443
714	200	7	2.2251651
714	456	8	2.967102
714	654	9	2.9466858
714	4029	10	2.524082
494	219	1	3.4668276
494	2108	2	3.7023695
494	176	3	3.1920395
494	296	4	2.101894
494	620	5	2.8804345
494	479	6	3.151404
494	1310	7	1.8610942
494	109	8	3.0991516
494	539	9	2.867459
494	4029	10	3.600132
22	0	1	3.0814285
22	369	2	2.7005324
22	258	3	3.0502782
22	243	4	3.2183723
22	30	5	2.7300036
22	1315	6	1.6330938
22	84	7	2.9622138
22	599	8	3.0456407
22	227	9	2.9159665
22	221	10	1.9545348
172	3086	1	3.2014108
172	597	2	2.840779
172	4017	3	3.1858907
172	944	4	2.3550138
172	1926	5	2.1487906
172	4020	6	3.0950782
172	501	7	2.8047147
172	271	8	2.7393038
172	4029	9	1.9987121
172	2110	10	2.483953
19	948	1	3.6246161
19	2110	2	4.592548
19	501	3	3.5691514
19	936	4	3.4586146
19	30	5	4.7740593
19	161	6	3.405059
19	753	7	3.369245
19	53	8	3.2862923
19	2108	9	4.514351
19	1782	10	2.2057097
848	227	1	3.6255593
848	821	2	2.8003113
848	1449	3	3.0408144
848	320	4	2.4795215
848	30	5	2.023459
848	225	6	2.5063934
848	515	7	2.9926918
848	599	8	2.5416484
848	391	9	2.999893
848	370	10	2.816389
332	258	1	4.3830056
332	24	2	3.3339322
332	19	3	3.8015616
332	495	4	2.2450373
332	56	5	2.1493645
332	11	6	3.0508895
332	47	7	2.935545
332	242	8	2.9898925
332	43	9	3.0065646
332	2217	10	2.913153
912	219	1	2.4980316
912	231	2	3.066578
912	84	3	2.3696864
912	320	4	2.4939346
912	842	5	1.9225869
912	485	6	2.2695074
912	599	7	2.3466833
912	728	8	2.1552672
912	229	9	1.3371351
912	43	10	2.0679545
530	0	1	4.0233397
530	597	2	3.2953029
530	139	3	3.7952473
530	439	4	3.2381392
530	30	5	4.107775
530	3075	6	3.6970048
530	200	7	3.021088
530	258	8	3.5567257
530	4021	9	3.477705
530	43	10	3.0527358
349	3462	1	2.2891133
349	1531	2	2.4157639
349	2400	3	2.1943462
349	1134	4	1.9311174
349	837	5	1.4131567
349	1200	6	2.073753
349	3808	7	2.0204413
349	1626	8	1.928645
349	812	9	2.280715
349	1333	10	1.9252359
79	210	1	3.6160884
79	597	2	3.5769668
79	351	3	3.601343
79	320	4	3.7135823
79	1983	5	2.722696
79	372	6	3.3240364
79	599	7	3.459387
79	19	8	3.2900043
79	1794	9	2.3529568
79	43	10	3.5520601
81	3718	1	3.4528222
81	2110	2	3.937674
81	0	3	3.4337442
81	243	4	3.6593108
81	30	5	4.298282
81	258	6	3.381761
81	599	7	3.4063208
81	84	8	3.2862902
81	391	9	2.5108793
81	43	10	3.5493596
550	3074	1	3.4853873
550	201	2	4.2562604
550	706	3	3.3427815
550	3273	4	2.7196574
550	622	5	4.316057
550	2144	6	2.2991335
550	95	7	3.2682748
550	47	8	3.509611
550	215	9	2.985781
550	920	10	2.9202394
774	84	1	3.9167566
774	369	2	3.4827678
774	219	3	3.48552
774	495	4	2.1392195
774	622	5	3.5763493
774	19	6	3.3978057
774	599	7	4.2050037
774	1449	8	3.2943513
774	391	9	2.9314792
774	351	10	3.2215703
906	152	1	2.9859374
906	213	2	3.3733015
906	372	3	2.9780183
906	243	4	2.3663912
906	30	5	1.704934
906	351	6	2.6616056
906	599	7	3.6262612
906	311	8	2.480317
906	1794	9	1.9599904
906	43	10	3.034761
860	311	1	4.5621085
860	201	2	4.2546186
860	242	3	4.145115
860	72	4	3.611195
860	3718	5	3.7780077
860	1353	6	2.7408857
860	7	7	3.7070045
860	485	8	3.4198961
860	231	9	4.100466
860	1755	10	3.41197
304	216	1	2.5569906
304	2110	2	2.2129042
304	219	3	2.4466496
304	3929	4	2.1921325
304	1161	5	2.2630389
304	2060	6	1.8932743
304	823	7	2.4427714
304	47	8	2.2266865
304	152	9	2.436599
304	391	10	2.0059593
614	843	1	3.1549964
614	168	2	3.8436794
614	1833	3	2.9875505
614	296	4	2.3348343
614	1983	5	2.7801466
614	456	6	2.904921
614	1197	7	2.3318586
614	252	8	2.781187
614	229	9	1.9159701
614	4029	10	2.9026232
490	628	1	1.3797307
490	218	2	0.97730225
490	621	3	1.0988501
490	27	4	3.0225477
490	56	5	1.397984
490	182	6	1.0509989
490	1985	7	0.99421537
490	73	8	0.9470944
490	330	9	0.93117106
490	19	10	0.93656194
649	351	1	3.8599925
649	231	2	4.0170302
649	84	3	3.5954075
649	495	4	2.175679
649	30	5	2.8084617
649	0	6	3.4670143
649	47	7	2.4168773
649	258	8	3.4538903
649	1794	9	2.3303556
649	372	10	3.1277902
500	1925	1	4.4030857
500	108	2	3.5660264
500	242	3	3.4192576
500	3275	4	2.7263644
500	72	5	3.1094165
500	673	6	2.2349854
500	215	7	3.3209493
500	200	8	2.4274735
500	492	9	3.0421753
500	43	10	2.7324731
638	84	1	3.5118632
638	231	2	3.537129
638	219	3	3.0354967
638	303	4	3.2404065
638	72	5	2.698889
638	555	6	2.9933596
638	599	7	2.7882133
638	960	8	2.8024576
638	1484	9	3.0819418
638	43	10	2.5276632
762	219	1	2.4884808
762	231	2	2.4142969
762	84	3	2.4217172
762	320	4	2.5963502
762	30	5	1.7667191
762	351	6	2.3518083
762	1066	7	1.4649065
762	372	8	2.1606343
762	391	9	2.1910377
762	43	10	2.4138803
30	1854	1	4.2969027
30	168	2	3.373477
30	3090	3	3.9477024
30	936	4	2.2768192
30	30	5	2.1993244
30	3086	6	3.4142556
30	2390	7	3.4020588
30	109	8	3.2220047
30	4029	9	2.1575541
30	597	10	3.1255472
267	82	1	3.4300244
267	529	2	2.800171
267	3072	3	3.2078686
267	320	4	2.6024008
267	430	5	2.4452345
267	3073	6	3.1458218
267	47	7	2.9151878
267	95	8	3.1197495
267	242	9	2.8943179
267	431	10	2.7553442
313	258	1	3.6948414
313	238	2	3.4875593
313	84	3	3.1260488
313	320	4	3.0151136
313	30	5	2.905004
313	11	6	3.009772
313	599	7	3.134904
313	278	8	2.9777281
313	391	9	2.8431218
313	43	10	3.5822105
512	1410	1	3.1796863
512	2110	2	2.1937761
512	843	3	2.1973746
512	936	4	1.3576723
512	30	5	2.228903
512	420	6	1.3291483
512	353	7	2.1693563
512	2166	8	1.1391981
512	1411	9	2.158652
512	1347	10	1.954875
284	258	1	4.6402397
284	108	2	4.123908
284	0	3	4.473527
284	495	4	2.729249
284	622	5	3.8886538
284	351	6	4.1935153
284	47	7	3.246869
284	372	8	4.0587363
284	229	9	2.6800926
284	311	10	3.8608992
763	227	1	2.787024
763	185	2	2.7834754
763	1446	3	2.737698
763	2065	4	1.9031358
763	72	5	1.4386913
763	1011	6	2.5806842
763	1066	7	2.3931837
763	278	8	2.4717412
763	1602	9	2.2209883
763	244	10	2.43813
265	19	1	3.454233
265	597	2	3.016351
265	53	3	2.9414406
265	936	4	2.486321
265	30	5	3.763002
265	0	6	2.8262599
265	47	7	2.296174
265	141	8	2.7224214
265	3074	9	2.6150665
265	4029	10	1.9578664
681	84	1	3.5171332
681	213	2	3.0578394
681	216	3	3.4044461
681	320	4	3.1735256
681	30	5	3.8474312
681	19	6	3.0676866
681	599	7	3.2993467
681	3718	8	3.0408204
681	391	9	2.703906
681	43	10	3.260631
243	0	1	4.5357003
243	231	2	4.3925247
243	258	3	4.325593
243	243	4	4.1850076
243	622	5	3.6765716
243	1315	6	1.8942581
243	219	7	4.074846
243	47	8	2.7557566
243	311	9	3.9800122
243	1794	10	2.5684
655	515	1	3.699534
655	231	2	4.1363516
655	1011	3	3.5897684
655	320	4	3.604651
655	622	5	2.5250328
655	278	6	3.5223413
655	599	7	3.5125585
655	485	8	3.5081925
655	911	9	2.3231559
655	152	10	3.4217992
819	843	1	3.610285
819	2110	2	3.5062797
819	456	3	3.509314
819	320	4	2.5329099
819	1926	5	2.4903927
819	351	6	2.8641977
819	1197	7	1.9496521
819	2125	8	2.6224327
819	1794	9	2.3666763
819	43	10	2.3451798
316	84	1	4.0900917
316	488	2	3.1672108
316	732	3	3.4141724
316	243	4	2.9977348
316	30	5	3.1394448
316	152	6	3.2987585
316	47	7	2.0214622
316	311	8	3.2741876
316	1794	9	2.987068
316	227	10	2.9962344
25	0	1	3.5161998
25	201	2	3.3473883
25	258	3	3.2226658
25	243	4	2.9615073
25	622	5	2.9912665
25	11	6	2.9589
25	47	7	1.9442915
25	95	8	2.9003232
25	82	9	2.673767
25	43	10	2.0701618
225	210	1	4.1394157
225	2550	2	3.1400008
225	4017	3	3.9335587
225	296	4	3.1282036
225	1926	5	3.3729858
225	672	6	3.5769184
225	47	7	2.7874732
225	4020	8	3.3550856
225	229	9	2.6961663
225	3251	10	3.237898
95	456	1	4.459598
95	1761	2	3.9173415
95	501	3	4.3996735
95	936	4	4.0295515
95	30	5	5.7612066
95	641	6	4.2746043
95	200	7	3.038582
95	672	8	4.124543
95	4029	9	4.0688424
95	3090	10	4.0898848
158	3718	1	2.8536344
158	2110	2	3.399179
158	210	3	2.6933136
158	439	4	2.2103763
158	30	5	3.4168663
158	672	6	2.6216993
158	200	7	2.2512846
158	229	8	3.1037445
158	372	9	2.5718727
158	4029	10	2.512927
520	351	1	4.272957
520	231	2	4.859477
520	485	3	3.7080233
520	243	4	3.3674455
520	622	5	2.7995508
520	1449	6	3.5767736
520	372	7	3.5470338
520	229	8	3.3131495
520	43	9	4.304461
520	152	10	3.5063348
210	3718	1	2.939042
210	369	2	3.169096
210	0	3	2.8644614
210	495	4	3.4632466
210	622	5	2.3269048
210	258	6	2.6752076
210	599	7	2.1961684
210	215	8	2.5284262
210	19	9	2.445054
210	43	10	1.8492732
144	11	1	2.8338554
144	238	2	3.5067644
144	3718	3	2.8285532
144	243	4	3.3589954
144	622	5	3.2081144
144	393	6	2.7669353
144	599	7	2.781633
144	53	8	2.7537665
144	43	9	2.9945164
144	311	10	2.7318344
560	4017	1	3.2687376
560	860	2	2.5226736
560	210	3	3.084618
560	901	4	2.0045035
560	30	5	3.5707693
560	109	6	3.0452309
560	200	7	1.8305345
560	4020	8	3.0370252
560	229	9	1.5619786
560	4029	10	2.9975872
660	210	1	3.845155
660	168	2	4.317009
660	3073	3	3.6872468
660	936	4	3.3817167
660	620	5	3.4785063
660	53	6	3.619718
660	200	7	2.8943272
660	4017	8	3.608125
660	3072	9	3.4427316
660	43	10	2.3223872
73	4017	1	3.9231212
73	168	2	4.5992126
73	4020	3	3.7693982
73	936	4	2.633779
73	1926	5	3.027995
73	77	6	3.6537247
73	599	7	2.5992765
73	3090	8	3.5088067
73	391	9	2.53603
73	4029	10	3.2757468
529	0	1	3.881082
529	2110	2	3.3517122
529	258	3	3.703219
529	243	4	3.3623037
529	30	5	3.2861593
529	11	6	3.3609536
529	47	7	3.1515226
529	3074	8	3.2737613
529	229	9	2.6505775
529	43	10	3.2231462
806	333	1	3.7271447
806	431	2	3.3989494
806	3073	3	3.464756
806	3273	4	2.3065639
806	71	5	2.8642988
806	2503	6	1.9174416
806	3072	7	3.4084544
806	599	8	1.9819059
806	95	9	3.3610685
806	1693	10	3.2127707
532	3107	1	1.3972754
532	1674	2	1.0293515
532	2368	3	1.3414087
532	3722	4	0.9652213
532	4304	5	0.9302976
532	4484	6	1.2036927
532	413	7	1.337586
532	4945	8	1.0603579
532	1385	9	1.2750878
532	410	10	0.9838805
854	62	1	2.1950364
854	213	2	2.3510268
854	227	3	2.1808357
854	320	4	2.7569613
854	622	5	1.6541001
854	351	6	2.0646687
854	1066	7	1.7569042
854	219	8	1.974252
854	221	9	2.029811
854	43	10	2.3116074
554	4630	1	2.006611
554	4608	2	1.3141571
554	3870	3	1.8725135
554	1713	4	1.1107728
554	1382	5	1.0053378
554	742	6	1.5688672
554	1066	7	1.4796829
554	710	8	1.5221416
554	1602	9	1.2851951
554	985	10	1.2992005
704	3073	1	4.6552024
704	201	2	4.499857
704	11	3	4.525383
704	686	4	2.516949
704	71	5	3.4926977
704	2503	6	2.723604
704	333	7	4.441453
704	47	8	3.9296374
704	3072	9	4.3959894
704	3075	10	4.1840267
902	3718	1	3.980581
902	431	2	4.1434917
902	82	3	3.8873196
902	320	4	3.1877494
902	622	5	4.560914
902	492	6	3.5704498
902	47	7	3.1835608
902	95	8	3.3186598
902	43	9	2.9711964
902	706	10	3.1140835
574	515	1	2.5337234
574	112	2	2.4815521
574	278	3	2.384527
574	320	4	2.4534478
574	72	5	2.243047
574	728	6	2.3540046
574	599	7	2.4655132
574	219	8	2.2991953
574	391	9	2.3442876
574	43	10	2.1395032
646	321	1	2.760523
646	231	2	2.0063314
646	1333	3	2.676168
646	1133	4	2.8080955
646	72	5	1.7177057
646	837	6	1.3195932
646	1449	7	2.65766
646	599	8	1.5272257
646	549	9	2.5908666
646	391	10	2.1872327
384	130	1	1.9569333
384	2344	2	1.7272091
384	456	3	1.8962753
384	1277	4	1.2010086
384	323	5	3.1057243
384	1126	6	1.6068277
384	628	7	1.6619174
384	843	8	1.5801761
384	1456	9	1.1387527
384	4029	10	1.1966774
672	4020	1	3.8905272
672	860	2	2.9757438
672	4021	3	3.337357
672	296	4	2.2699056
672	4016	5	2.6322055
672	210	6	3.2894087
672	200	7	2.4551191
672	672	8	3.2506347
672	229	9	2.6943977
672	4029	10	2.9326262
524	823	1	3.5454898
524	231	2	3.6668792
524	84	3	3.2663584
524	320	4	3.4617872
524	72	5	2.5427487
524	1315	6	1.9528188
524	219	7	3.0770695
524	47	8	3.5348134
524	11	9	2.9157639
524	391	10	1.9756551
249	84	1	3.845776
249	231	2	3.9182858
249	0	3	3.6815958
249	243	4	3.2258883
249	30	5	3.2557192
249	227	6	3.5739784
249	599	7	4.0372124
249	258	8	3.528373
249	1794	9	2.4749446
249	43	10	4.039279
117	4585	1	3.0860085
117	2585	2	2.6190972
117	19	3	2.4903884
117	3534	4	3.1572938
117	622	5	2.001254
117	0	6	2.3706634
117	1199	7	2.1094685
117	1606	8	2.3305326
117	3718	9	2.3016627
117	43	10	1.5778573
876	19	1	3.533465
876	860	2	2.592419
876	4017	3	3.2558448
876	243	4	2.700228
876	2800	5	2.4735608
876	456	6	3.25281
876	200	7	2.4177227
876	109	8	3.2439406
876	229	9	1.8353428
876	4029	10	2.962164
444	0	1	3.7418134
444	431	2	3.618653
444	258	3	3.674533
444	28	4	1.974941
444	30	5	3.2423112
444	305	6	2.5663218
444	3072	7	3.4639158
444	200	8	2.6011193
444	3073	9	3.2715628
444	3075	10	2.959104
312	2260	1	1.5912397
312	4242	2	1.2352474
312	2955	3	1.4593906
312	1590	4	0.88846886
312	1948	5	1.2331198
312	2425	6	0.92416614
312	1396	7	1.3656836
312	14	8	1.5534601
312	2031	9	1.3180816
312	3649	10	1.302907
192	2548	1	2.9024997
192	163	2	3.5303245
192	3776	3	2.7239003
192	1137	4	2.4760125
192	3220	5	1.9440043
192	515	6	2.6167507
192	913	7	2.576244
192	1281	8	1.3760221
192	173	9	3.303762
192	2894	10	2.2426736
629	485	1	2.4799988
629	821	2	3.0000198
629	227	3	2.3703997
629	320	4	2.39504
629	30	5	1.8992648
629	351	6	2.301333
629	599	7	2.299619
629	1162	8	2.204402
629	1794	9	1.8743
629	43	10	1.8341649
865	227	1	4.5300026
865	238	2	3.0403118
865	0	3	3.7114277
865	243	4	2.9892135
865	622	5	3.4449096
865	258	6	3.7082586
865	599	7	3.068904
865	1449	8	3.4811845
865	391	9	2.5784955
865	43	10	3.2022686
437	456	1	4.205744
437	1526	2	2.9195268
437	53	3	3.9963422
437	296	4	3.7828708
437	1983	5	3.4471548
437	3090	6	3.8082345
437	200	7	2.5589237
437	1139	8	3.8071508
437	4029	9	3.9797332
437	4021	10	3.7394454
420	227	1	2.055028
420	1642	2	2.0974329
420	1451	3	1.6993055
420	320	4	1.3991868
420	72	5	1.7351674
420	515	6	1.5693457
420	599	7	1.1589804
420	788	8	1.555784
420	1681	9	2.033462
420	3665	10	0.9736146
175	1454	1	2.0139775
175	1392	2	1.9829475
175	2069	3	1.7885647
175	4802	4	1.1955518
175	3180	5	1.9158335
175	2036	6	1.7799265
175	694	7	1.3501989
175	1359	8	1.693728
175	221	9	1.5092093
175	43	10	1.3357728
482	717	1	3.8380823
482	860	2	3.3966095
482	501	3	3.802586
482	296	4	3.0783315
482	1983	5	3.549673
482	2390	6	3.6957965
482	200	7	2.6860619
482	843	8	3.6540294
482	4029	9	3.500956
482	886	10	3.647459
792	3074	1	4.4852037
792	108	2	3.9122515
792	95	3	4.1085644
792	3273	4	3.344865
792	622	5	5.0433187
792	492	6	3.9981685
792	47	7	4.342395
792	242	8	3.794817
792	196	9	3.7865825
792	43	10	3.2800965
224	456	1	2.481882
224	597	2	2.7732325
224	843	3	2.4798872
224	635	4	2.4735515
224	1983	5	1.7982725
224	1315	6	1.4026442
224	196	7	2.054638
224	200	8	1.4758662
224	654	9	1.9951888
224	539	10	1.8156165
433	161	1	1.7720166
433	1438	2	1.5300051
433	77	3	1.6981636
433	296	4	1.4047415
433	30	5	1.4240289
433	672	6	1.6658112
433	692	7	1.5948856
433	2166	8	0.9159552
433	919	9	0.91978204
433	34	10	1.4071245
507	417	1	2.4092116
507	173	2	2.5539894
507	3462	3	2.380753
507	1133	4	1.3738396
507	3796	5	2.1968899
507	37	6	2.0707042
507	1066	7	1.1903844
507	229	8	1.2683482
507	163	9	2.507135
507	2548	10	1.9653848
159	219	1	3.1506243
159	821	2	3.778221
159	84	3	3.1457474
159	320	4	3.386946
159	30	5	3.039424
159	227	6	2.9834266
159	599	7	3.0869212
159	372	8	2.9080427
159	539	9	2.427021
159	43	10	3.1733265
904	805	1	4.2529583
904	721	2	4.3438034
904	3718	3	4.214587
904	3275	4	3.7556648
904	58	5	3.3910751
904	590	6	2.37463
904	806	7	4.0329833
904	47	8	4.9762125
904	216	9	3.9542584
904	43	10	3.2196329
76	351	1	2.3897765
76	168	2	1.5955756
76	788	3	1.8288753
76	320	4	1.6111674
76	1126	5	1.1841238
76	3255	6	1.7211406
76	599	7	1.1483617
76	564	8	1.7198286
76	1794	9	1.5096643
76	37	10	1.7111444
273	219	1	3.2318568
273	2110	2	3.7494683
273	4017	3	2.967761
273	320	4	2.4852424
273	30	5	4.0615277
273	84	6	2.9400406
273	599	7	2.6383328
273	109	8	2.8265102
273	1794	9	2.4661396
273	3718	10	2.7153158
40	0	1	3.5081873
40	2110	2	3.2889736
40	258	3	3.347945
40	320	4	2.811909
40	30	5	3.567597
40	227	6	3.1448486
40	599	7	2.4880214
40	3073	8	2.9072626
40	1484	9	2.201353
40	43	10	2.864533
461	278	1	2.532431
461	185	2	1.9079702
461	1986	3	2.1909118
461	1708	4	1.7457385
461	30	5	1.3929886
461	2942	6	1.6596785
461	227	7	1.9618814
461	599	8	1.1025438
461	911	9	2.3115687
461	370	10	1.9233005
606	134	1	4.026434
606	721	2	3.5832572
606	717	3	3.885232
606	408	4	3.1981645
606	1926	5	3.4555264
606	196	6	3.7794092
606	47	7	3.6576633
606	3718	8	3.739981
606	229	9	2.9376683
606	248	10	3.6840005
342	843	1	3.7060513
342	2108	2	3.6580405
342	2031	3	3.4106612
342	1610	4	2.5588846
342	1948	5	2.4532332
342	109	6	3.381143
342	599	7	2.2259188
342	456	8	3.124321
342	229	9	2.10998
342	4029	10	2.9321995
715	109	1	1.7167774
715	168	2	2.0528715
715	210	3	1.6513152
715	147	4	1.6621041
715	30	5	1.6515155
715	948	6	1.579829
715	1498	7	0.91081643
715	717	8	1.5659881
715	4020	9	1.5427022
715	597	10	1.9116198
346	843	1	3.5260167
346	860	2	3.1767406
346	948	3	3.3818655
346	439	4	2.9031432
346	30	5	4.328694
346	77	6	3.1317658
346	47	7	2.3197231
346	3090	8	3.0785549
346	229	9	2.1896865
346	456	10	3.0784864
888	19	1	3.717682
888	24	2	3.272791
888	215	3	3.1862135
888	243	4	3.534052
888	55	5	2.655671
888	11	6	3.0376515
888	47	7	2.6658623
888	216	8	2.8081486
888	43	9	3.123993
888	3718	10	2.7784615
894	702	1	4.410926
894	2110	2	4.0398817
894	109	3	4.097329
894	944	4	3.174911
894	30	5	3.7991033
894	672	6	4.0383625
894	200	7	2.0918818
894	77	8	3.95079
894	753	9	3.801186
894	4029	10	2.9879503
168	843	1	3.0132933
168	168	2	2.7907932
168	109	3	2.9277928
168	296	4	2.1699939
168	30	5	3.5535607
168	210	6	2.5936048
168	599	7	1.8725529
168	1006	8	2.5648518
168	229	9	2.2284317
168	4029	10	2.717898
101	0	1	3.754462
101	238	2	3.9441369
101	706	3	3.469306
101	243	4	2.9747992
101	622	5	3.087369
101	2503	6	1.922193
101	258	7	3.2939126
101	47	8	3.2528625
101	216	9	3.2659576
101	333	10	3.177101
374	549	1	2.9243517
374	977	2	2.7473226
374	321	3	2.870995
374	303	4	2.5790532
374	30	5	2.0075166
374	837	6	1.2840359
374	555	7	2.6743004
374	599	8	2.0969093
374	84	9	2.6237316
374	391	10	2.4845533
522	130	1	1.4711711
522	3088	2	1.4673493
522	1019	3	1.4131303
522	1086	4	1.220408
522	1400	5	2.8538833
522	2369	6	1.3780454
522	3870	7	1.3269929
522	1456	8	1.4447398
522	1074	9	1.3201838
522	3989	10	1.265829
186	702	1	3.901702
186	597	2	3.9294555
186	2390	3	3.765195
186	944	4	2.8635573
186	30	5	3.4733858
186	753	6	3.7019358
186	501	7	3.6717567
186	109	8	3.6713078
186	2110	9	3.5914426
186	717	10	3.49376
366	4017	1	3.338553
366	2110	2	3.9353623
366	843	3	2.9797077
366	936	4	2.46076
366	1983	5	2.5109344
366	4020	6	2.9699223
366	47	7	2.7712913
366	641	8	2.8988404
366	2108	9	3.7013898
366	4029	10	2.5492773
749	84	1	3.7398844
749	231	2	4.022725
749	152	3	3.3413906
749	320	4	4.0620127
749	30	5	2.8580308
749	311	6	3.242372
749	599	7	3.411571
749	0	8	3.216636
749	391	9	3.096813
749	213	10	3.8917384
199	4017	1	3.8541346
199	2110	2	3.4657872
199	4020	3	3.577629
199	439	4	2.441136
199	30	5	3.1002493
199	4021	6	3.221308
199	200	7	2.2987087
199	210	8	3.0886977
199	229	9	2.1917396
199	4029	10	2.2728686
866	227	1	2.5660634
866	185	2	2.5311296
866	631	3	2.534883
866	3929	4	1.8347878
866	30	5	2.7282438
866	1449	6	2.532552
866	599	7	1.7239403
866	1011	8	2.5040238
866	391	9	2.7361178
866	152	10	2.4511647
281	4020	1	3.3738852
281	597	2	3.6379457
281	682	3	2.996256
281	296	4	2.1853518
281	30	5	3.7720923
281	843	6	2.9504657
281	1197	7	1.7621466
281	4021	8	2.9405627
281	1794	9	1.7516494
281	456	10	2.8203354
443	672	1	3.8076143
443	168	2	4.642528
443	109	3	3.7479253
443	936	4	3.4340508
443	30	5	3.3721356
443	77	6	3.4759657
443	200	7	3.109652
443	87	8	3.0480556
443	597	9	4.293879
443	4029	10	2.6365964
275	219	1	2.2575037
275	231	2	2.4328847
275	351	3	2.2191253
275	320	4	2.2702408
275	30	5	1.8453649
275	84	6	2.1394324
275	599	7	2.1941068
275	311	8	2.0662758
275	221	9	1.377711
275	43	10	2.5192394
755	227	1	3.0675025
755	238	2	2.0993874
755	3718	3	2.618003
755	635	4	1.9947822
755	70	5	2.2249606
755	370	6	2.322274
755	599	7	2.4714983
755	0	8	2.297403
755	391	9	2.5589178
755	96	10	2.5368078
340	84	1	4.2308064
340	24	2	3.5476904
340	351	3	4.1819634
340	243	4	3.6720505
340	622	5	3.3498828
340	258	6	3.6633716
340	47	7	2.0654864
340	0	8	3.575445
340	229	9	2.7885916
340	62	10	3.4898736
269	219	1	2.8640468
269	213	2	2.5233045
269	1263	3	2.8561044
269	320	4	2.8935986
269	30	5	3.193981
269	485	6	2.789282
269	1066	7	1.641215
269	0	8	2.6384225
269	391	9	2.9379642
269	43	10	2.7777472
887	1854	1	2.8538103
887	168	2	2.21241
887	210	3	2.8372931
887	408	4	1.6109395
887	702	5	2.713982
887	3090	6	2.699135
887	109	7	2.4181316
887	4029	8	1.4854163
887	1761	9	2.0431437
887	3430	10	3.4567962
642	84	1	3.9917233
642	821	2	3.1440327
642	370	3	3.2908351
642	320	4	3.4014106
642	72	5	2.2966812
642	152	6	3.2608874
642	599	7	3.474583
642	219	8	3.2056427
642	1484	9	3.577754
642	43	10	3.6306572
541	913	1	3.4335053
541	112	2	3.2340868
541	370	3	3.3516457
541	3929	4	3.7291956
541	620	5	2.573998
541	2060	6	2.154231
541	485	7	3.2167375
541	47	8	2.1171238
541	221	9	3.449281
541	514	10	3.133494
84	1207	1	2.4760866
84	4745	2	2.1840153
84	4017	3	1.9610041
84	901	4	1.9657408
84	30	5	2.6619194
84	843	6	1.9507425
84	672	7	1.8536196
84	229	8	1.6057627
84	4029	9	1.6990931
84	73	10	1.8456854
257	1200	1	2.7307863
257	671	2	2.9408135
257	3462	3	2.5395768
257	978	4	1.7961032
257	1666	5	1.5765496
257	37	6	2.0720477
257	3281	7	1.0962247
257	3796	8	2.057662
257	3138	9	1.4634123
257	3776	10	2.021777
403	0	1	3.9981804
403	238	2	3.6823206
403	732	3	3.669189
403	243	4	3.7913609
403	622	5	3.6285908
403	258	6	3.5409312
403	599	7	2.7726724
403	1701	8	3.4586253
403	227	9	3.3168025
403	43	10	3.023678
229	77	1	3.5526464
229	721	2	3.0167046
229	456	3	3.4941115
229	936	4	4.1523
229	1926	5	3.1777186
229	1410	6	3.4256856
229	200	7	3.3732243
229	672	8	3.4175975
229	229	9	2.7862864
229	1854	10	3.407707
587	3462	1	2.384357
587	3342	2	2.5475888
587	889	3	2.308966
587	3929	4	2.1079855
587	114	5	2.219019
587	1161	6	1.3483872
587	117	7	1.9954661
587	3796	8	1.979389
587	911	9	1.1204777
587	37	10	1.8544066
451	227	1	3.8314369
451	213	2	3.7699223
451	84	3	3.779655
451	243	4	2.6567712
451	622	5	2.5322804
451	351	6	3.3636472
451	1066	7	1.9782393
451	278	8	3.2120812
451	391	9	3.4637778
451	43	10	3.6359491
826	515	1	4.044404
826	584	2	1.505392
826	1215	3	3.6374876
826	1134	4	1.313858
826	837	5	2.424767
826	960	6	3.6047897
826	30	7	0.9093519
826	1426	8	3.531251
826	363	9	1.0018971
826	1106	10	3.5100436
290	0	1	3.719358
290	24	2	3.644772
290	258	3	3.278161
290	320	4	3.613303
290	622	5	3.0387354
290	19	6	3.2361133
290	599	7	3.1888018
290	551	8	2.9205642
290	229	9	1.5948114
290	43	10	3.3125684
16	84	1	3.5730002
16	821	2	3.5869246
16	732	3	3.316485
16	243	4	3.2037907
16	622	5	3.1089368
16	311	6	3.2272542
16	694	7	2.32292
16	351	8	3.1484735
16	43	9	4.111575
16	1794	10	2.0031576
527	196	1	4.9807215
527	431	2	3.6400776
527	3073	3	4.634139
527	936	4	3.4584846
527	4016	5	3.2860062
527	843	6	4.580893
527	200	7	3.609418
527	109	8	4.1012487
527	229	9	2.3349
527	4029	10	3.3688922
171	109	1	2.4827564
171	2110	2	2.768816
171	210	3	2.2363276
171	147	4	2.562808
171	30	5	2.5989304
171	1129	6	2.1145103
171	152	7	2.0267985
171	1794	8	2.0118482
171	2628	9	2.014892
171	4029	10	1.361163
421	370	1	2.5034266
421	185	2	1.454
421	278	3	2.1763783
421	635	4	1.2576678
421	1321	5	2.4805653
421	1466	6	2.0595284
421	1066	7	2.226031
421	911	8	2.682117
421	29	9	1.9142504
421	275	10	2.7332463
231	913	1	3.2702527
231	884	2	2.9472804
231	3796	3	2.9699616
231	1708	4	1.7297237
231	387	5	1.5030348
231	351	6	2.8634624
231	1066	7	1.5997972
231	152	8	2.798911
231	1484	9	1.9107707
231	1200	10	2.6855688
221	196	1	4.6796627
221	2110	2	4.0641284
221	0	3	4.501375
221	243	4	3.946903
221	30	5	4.242372
221	3718	6	4.476736
221	47	7	3.2299366
221	258	8	4.014188
221	53	9	3.5871909
221	43	10	3.3645477
648	672	1	2.756546
648	860	2	2.603685
648	4020	3	2.678886
648	936	4	2.57518
648	30	5	3.800603
648	843	6	2.5649986
648	47	7	1.7946739
648	1139	8	2.551273
648	4029	9	2.5280337
648	479	10	2.4829154
120	0	1	3.577539
120	369	2	2.9477947
120	258	3	3.340349
120	243	4	2.9184976
120	622	5	2.7704382
120	95	6	2.8322482
120	47	7	2.2540348
120	196	8	2.8243551
120	229	9	2.3770962
120	43	10	2.662774
542	370	1	3.6383328
542	2055	2	2.3534517
542	29	3	3.133555
542	3929	4	1.8209102
542	72	5	1.3645008
542	227	6	3.1193538
542	1066	7	3.0077362
542	84	8	2.743263
542	539	9	2.5192814
542	275	10	2.441636
21	628	1	0.99255776
21	979	2	0.9567009
21	321	3	0.8928126
21	489	4	0.79324263
21	837	5	1.9700282
21	1333	6	0.87857103
21	988	7	0.82382876
21	1456	8	0.804885
21	960	9	0.80621344
21	1582	10	0.7996934
708	351	1	4.37222
708	213	2	4.1122465
708	0	3	4.2316513
708	243	4	3.950591
708	30	5	2.6625469
708	732	6	4.2045603
708	599	7	4.4515014
708	311	8	3.4228013
708	43	9	4.4822536
708	1794	10	1.8185713
558	62	1	3.8865533
558	213	2	4.4643874
558	84	3	3.885203
558	320	4	5.2376633
558	30	5	4.8161325
558	920	6	3.6647353
558	599	7	4.8439665
558	229	8	4.2774315
558	7	9	3.609239
558	43	10	5.2304325
167	227	1	3.4767394
167	185	2	3.1699793
167	219	3	2.997429
167	320	4	2.8740473
167	30	5	2.6125762
167	0	6	2.824096
167	599	7	2.9800782
167	1449	8	2.7049878
167	391	9	2.512796
167	43	10	3.3978136
219	351	1	2.9011664
219	2110	2	3.233698
219	258	3	2.8522472
219	243	4	2.9045496
219	30	5	4.0731134
219	19	6	2.8430142
219	599	7	2.6813104
219	152	8	2.7101877
219	391	9	2.2835822
219	4029	10	2.7537792
360	1378	1	2.303933
360	238	2	2.1335394
360	0	3	2.0480912
360	243	4	1.586149
360	622	5	2.1638706
360	95	6	1.9816663
360	47	7	1.0243083
360	104	8	1.9333332
360	215	9	1.9053551
360	43	10	1.2911147
492	0	1	3.7920241
492	201	2	3.1953323
492	258	3	3.7043014
492	243	4	3.5334435
492	622	5	3.684329
492	333	6	3.2692516
492	47	7	2.4659216
492	3072	8	3.0542173
492	11	9	2.971971
492	43	10	2.3846292
238	29	1	2.9081278
238	185	2	2.576645
238	39	3	2.6200085
238	320	4	1.6207577
238	1321	5	1.3193735
238	2060	6	1.3149712
238	227	7	2.6047742
238	599	8	2.4501147
238	318	9	2.4554653
238	911	10	2.0982723
874	4017	1	4.3110437
874	860	2	3.480438
874	210	3	4.190887
874	936	4	3.4303772
874	1926	5	2.9780343
874	109	6	4.0634336
874	47	7	3.509916
874	216	8	3.943942
874	229	9	2.3458292
874	4029	10	3.2857122
618	1410	1	2.9031868
618	2108	2	3.3301196
618	3718	3	2.8916483
618	439	4	2.3653436
618	1926	5	2.8011549
618	672	6	2.8686523
618	2125	7	2.7513623
618	391	8	2.5391386
618	4029	9	2.8351355
618	4017	10	2.7359114
556	216	1	4.0753326
556	238	2	4.287242
556	11	3	3.7829688
556	320	4	3.0744622
556	30	5	3.3898256
556	82	6	3.6092072
556	599	7	2.5751905
556	3075	8	3.2460299
556	229	9	2.1160228
556	43	10	3.1072261
388	843	1	3.5002003
388	597	2	3.362634
388	558	3	3.1533856
388	439	4	2.4035916
388	1161	5	2.4358897
388	196	6	2.8471768
388	599	7	2.0493984
388	109	8	2.787849
388	391	9	2.2851186
388	4029	10	2.9500813
838	318	1	3.1364317
838	231	2	3.0187323
838	1449	3	2.6724021
838	320	4	2.3292427
838	72	5	2.1168466
838	1193	6	2.5281157
838	1066	7	1.6777601
838	530	8	2.4921262
838	911	9	2.2339587
838	43	10	2.8916435
545	351	1	3.7957144
545	185	2	3.5637984
545	219	3	3.682272
545	754	4	2.1232855
545	30	5	2.2722716
545	84	6	3.679735
545	694	7	2.1352315
545	732	8	3.2297993
545	391	9	2.7442763
545	1023	10	3.1229603
611	370	1	3.1985085
611	185	2	1.6878736
611	29	3	2.498077
611	635	4	1.7253416
611	1288	5	1.5526419
611	1838	6	2.4203923
611	1066	7	2.711252
611	1484	8	3.0210493
611	2692	9	2.336627
611	1724	10	1.9986746
439	11	1	2.7931387
439	369	2	3.1687555
439	62	3	2.6989403
439	320	4	2.7382581
439	622	5	3.3752875
439	84	6	2.6569686
439	599	7	2.6436467
439	278	8	2.568359
439	391	9	1.7150846
439	43	10	3.1517367
828	258	1	5.5023627
828	201	2	4.6943083
828	3718	3	4.4194784
828	243	4	4.253789
828	55	5	3.0691407
828	11	6	4.268239
828	47	7	3.692064
828	227	8	3.9489627
828	95	9	3.9447975
828	43	10	3.364017
5	109	1	3.2039852
5	2108	2	3.78003
5	210	3	3.1554816
5	901	4	2.4969478
5	30	5	3.746691
5	843	6	2.793925
5	47	7	1.9151568
5	1854	8	2.7390609
5	229	9	1.6394978
5	77	10	2.699074
100	37	1	3.5899506
100	1534	2	3.5939496
100	417	3	2.7990627
100	1133	4	3.1067424
100	3220	5	1.2310724
100	2400	6	2.4784107
100	3808	7	2.323917
100	1626	8	2.2352424
100	1788	9	2.4752786
100	864	10	3.3443208
600	1185	1	1.7101779
600	764	2	1.1317233
600	197	3	1.6996949
600	2004	4	1.5562391
600	30	5	0.86723363
600	223	6	1.075452
600	3870	7	1.5195584
600	156	8	0.8913811
600	875	9	1.4707719
600	1011	10	1.4432316
516	0	1	3.1950512
516	213	2	3.384487
516	311	3	2.949843
516	243	4	3.0397592
516	622	5	2.5975738
516	372	6	2.798716
516	47	7	2.2853165
516	19	8	2.7702403
516	1794	9	1.9253831
516	43	10	3.4143744
534	351	1	3.8275826
534	213	2	4.193852
534	0	3	3.49552
534	243	4	3.7154827
534	622	5	3.323831
534	258	6	3.4429774
534	1197	7	2.517478
534	62	8	3.3839195
534	1794	9	1.9783651
534	43	10	3.8442218
347	84	1	3.1637428
347	213	2	3.3463683
347	258	3	2.975745
347	243	4	2.6851
347	71	5	2.3332474
347	0	6	2.9263425
347	47	7	1.4861232
347	278	8	2.7752738
347	391	9	2.3624356
347	43	10	3.4360247
99	3090	1	4.387885
99	168	2	4.170166
99	501	3	3.6205764
99	936	4	2.4973683
99	30	5	2.8633413
99	4021	6	3.5026445
99	2390	7	3.4485042
99	3085	8	3.3701003
99	4029	9	2.8284712
99	2108	10	3.9526477
788	682	1	1.8696401
788	461	2	1.2571099
788	278	3	1.755127
788	320	4	1.184149
788	2227	5	1.5647328
788	1493	6	1.0470519
788	840	7	1.7288669
788	2397	8	1.8497977
788	1466	9	1.6521
788	4094	10	1.3601768
797	631	1	2.691771
797	185	2	3.1286354
797	351	3	2.600437
797	320	4	3.0011072
797	72	5	2.0099714
797	1315	6	1.5121903
797	152	7	2.5508957
797	47	8	1.4669175
797	391	9	2.8715258
797	515	10	2.536858
417	210	1	3.1567397
417	330	2	2.7129922
417	3073	3	2.8304973
417	635	4	2.7475748
417	622	5	2.2848232
417	0	6	2.802811
417	363	7	2.6258159
417	145	8	2.7616978
417	3072	9	2.7550902
417	4029	10	1.7116214
429	152	1	2.1999903
429	213	2	1.8991075
429	631	3	2.0793889
429	320	4	2.3087533
429	622	5	1.8591212
429	738	6	1.1928823
429	258	7	2.0691705
429	599	8	1.529644
429	913	9	2.0358858
429	919	10	1.1883357
604	1810	1	2.1731591
604	4528	2	1.2393262
604	3889	3	1.9250673
604	925	4	0.8315295
604	3701	5	1.5250386
604	1728	6	0.8817215
604	1865	7	1.9209731
604	4302	8	1.8973386
604	1381	9	1.7390152
604	861	10	0.8733727
35	4017	1	3.3853135
35	860	2	3.1305118
35	210	3	3.330122
35	439	4	2.9874952
35	620	5	2.8294535
35	109	6	3.310903
35	47	7	1.9928286
35	672	8	3.2708573
35	229	9	2.554531
35	4029	10	3.0794895
414	216	1	3.2089014
414	201	2	3.7281766
414	95	3	2.977828
414	243	4	3.375422
414	430	5	2.817017
414	2503	6	2.1617804
414	227	7	2.9703038
414	47	8	2.8410401
414	196	9	2.9059985
414	1693	10	2.8346372
390	84	1	2.6281986
390	821	2	2.22336
390	152	3	2.5550444
390	320	4	2.3387868
390	30	5	2.1487603
390	370	6	2.461164
390	599	7	2.8941176
390	1449	8	2.25744
390	221	9	2.0021029
390	43	10	2.6847734
710	95	1	4.10188
710	213	2	4.2803874
710	631	3	4.0328455
710	495	4	2.8535466
710	387	5	2.4489882
710	11	6	3.9360514
710	172	7	2.3225293
710	732	8	3.9052982
710	43	9	4.651234
710	242	10	3.8241415
487	11	1	2.9802213
487	238	2	3.4921482
487	3718	3	2.977046
487	243	4	3.2972398
487	30	5	3.0386477
487	3072	6	2.9378102
487	599	7	3.1856263
487	278	8	2.8897307
487	1484	9	2.3002152
487	216	10	2.8518298
473	0	1	3.2109702
473	238	2	2.9213169
473	732	3	2.8463004
473	243	4	3.2789881
473	430	5	1.4804131
473	2503	6	1.9143999
473	242	7	2.8127735
473	599	8	2.4807115
473	258	9	2.732209
473	3178	10	2.137151
683	216	1	3.9739683
683	238	2	3.300376
683	3073	3	3.2592149
683	243	4	3.0937042
683	622	5	3.2221987
683	1315	6	1.7663298
683	3072	7	3.2574682
683	47	8	3.38699
683	372	9	3.150864
683	229	10	2.2847328
676	3074	1	4.1699657
676	369	2	4.2911873
676	95	3	4.125952
676	495	4	2.6727872
676	430	5	3.8705335
676	2503	6	2.4081206
676	216	7	3.9673474
676	47	8	4.6195135
676	492	9	3.8995357
676	196	10	3.7685585
242	258	1	3.8437843
242	108	2	3.0824876
242	1449	3	3.7317684
242	3929	4	2.3821864
242	622	5	3.3356214
242	0	6	3.7043157
242	47	7	2.5942326
242	351	8	3.668612
242	391	9	2.8109922
242	152	10	3.5635653
396	4017	1	2.2815099
396	3795	2	2.4733763
396	1449	3	2.2684016
396	243	4	2.244132
396	72	5	1.7628666
396	216	6	2.2646937
396	47	7	2.4535735
396	152	8	2.1197295
396	1452	9	1.2402474
396	43	10	1.8049892
685	196	1	4.1126213
685	330	2	3.4584422
685	258	3	4.0968595
685	243	4	3.8018985
685	622	5	3.8612113
685	2503	6	2.4125166
685	1925	7	3.8215046
685	200	8	4.1885834
685	3718	9	3.518686
685	95	10	3.506526
448	84	1	3.5399349
448	213	2	3.3034725
448	515	3	3.3338866
448	320	4	3.470059
448	72	5	2.307836
448	1449	6	3.1716123
448	1066	7	2.2462664
448	221	8	3.4431605
448	219	9	2.8721259
448	43	10	3.4050174
485	210	1	3.519728
485	168	2	3.5029519
485	1854	3	3.2924414
485	936	4	2.0173793
485	30	5	2.941145
485	109	6	3.1244864
485	3090	7	2.7233932
485	717	8	2.6551695
485	597	9	3.3710427
485	4029	10	1.9297771
87	4020	1	4.1251144
87	597	2	3.2611063
87	4021	3	3.9114776
87	3929	4	2.957433
87	30	5	3.2939818
87	210	6	3.124227
87	672	7	3.0196457
87	229	8	2.9538033
87	4029	9	2.7129893
87	139	10	2.6719496
770	210	1	3.2258573
770	2110	2	2.9425602
770	252	3	3.0148227
770	296	4	2.4284444
770	30	5	3.2670722
770	4017	6	2.858382
770	1199	7	1.9739659
770	843	8	2.7929919
770	229	9	2.3568723
770	4029	10	2.411995
808	109	1	3.338657
808	597	2	2.9809089
808	141	3	3.144416
808	243	4	2.7822828
808	622	5	2.0498714
808	346	6	2.5954418
808	3072	7	2.9463177
808	47	8	2.5440857
808	216	9	2.9267855
808	53	10	2.7690778
397	84	1	3.9259691
397	848	2	3.0913134
397	0	3	3.427239
397	495	4	1.969312
397	30	5	3.6411688
397	152	6	3.3754485
397	599	7	3.825431
397	479	8	3.1340055
397	229	9	2.9455788
397	43	10	4.111585
335	258	1	3.3651817
335	369	2	3.124596
335	84	3	2.7638693
335	320	4	3.2886815
335	622	5	2.821033
335	196	6	2.7211547
335	47	7	2.4430118
335	227	8	2.6937141
335	229	9	1.8514087
335	351	10	2.5822186
483	4017	1	4.273016
483	2110	2	3.8523464
483	4020	3	3.8334808
483	936	4	2.6693184
483	2800	5	2.1463537
483	109	6	3.437579
483	4021	7	3.3620806
483	47	8	1.7680697
483	77	9	3.3562677
483	4029	10	2.771383
56	682	1	3.389431
56	2110	2	4.132651
56	843	3	3.1614513
56	296	4	2.454076
56	30	5	3.9226556
56	219	6	3.0628452
56	599	7	2.7411637
56	109	8	3.0051484
56	229	9	2.283073
56	4029	10	2.852037
859	1408	1	3.4215198
859	2110	2	3.1910124
859	654	3	3.3995004
859	243	4	2.0656111
859	30	5	3.5894756
859	843	6	3.050377
859	47	7	1.7963352
859	641	8	2.899623
859	197	9	2.7607164
859	4029	10	1.9095075
367	219	1	3.729033
367	213	2	4.2405043
367	62	3	3.4309945
367	243	4	4.351232
367	30	5	2.6682892
367	227	6	3.2475505
367	47	7	3.080033
367	7	8	3.2105448
367	43	9	4.0370903
367	1794	10	1.9404633
578	19	1	3.146822
578	231	2	3.4764395
578	62	3	2.7859101
578	243	4	3.625051
578	622	5	3.0154672
578	84	6	2.7265224
578	599	7	3.3994708
578	732	8	2.7233407
578	229	9	1.9224229
578	3718	10	2.6714497
287	80	1	4.3058333
287	330	2	4.00124
287	95	3	3.827177
287	3273	4	3.6916654
287	71	5	3.756311
287	27	6	2.3113956
287	806	7	3.67463
287	172	8	2.8298292
287	81	9	3.6256104
287	43	10	2.9479709
767	278	1	3.5678415
767	24	2	2.0832374
767	29	3	2.9406247
767	635	4	2.1612544
767	622	5	1.5989356
767	874	6	2.8919184
767	694	7	1.639018
767	227	8	2.7647035
767	1484	9	3.0205956
767	1479	10	2.3505554
113	4021	1	3.5346599
113	2110	2	3.7883773
113	672	3	3.3123713
113	1277	4	2.759842
113	30	5	4.057707
113	109	6	3.3096454
113	200	7	2.0965059
113	702	8	2.9365509
113	229	9	1.96697
113	839	10	2.8768644
131	889	1	2.4098372
131	185	2	2.3412063
131	227	3	2.3706279
131	3929	4	2.1373684
131	30	5	1.8738145
131	114	6	2.2679272
131	1200	7	2.1662817
131	599	8	1.4237845
131	84	9	2.1427362
131	911	10	1.9788084
428	210	1	3.6359737
428	213	2	2.824459
428	109	3	3.5478272
428	439	4	2.8691418
428	620	5	3.8450663
428	53	6	3.2446141
428	599	7	2.4006782
428	4017	8	3.1344504
428	229	9	2.4936008
428	4029	10	3.6937838
934	456	1	3.602294
934	168	2	3.3375676
934	210	3	3.0944724
934	936	4	2.4534874
934	1983	5	2.4406579
934	4017	6	3.0480359
934	47	7	2.689066
934	109	8	2.969958
934	229	9	1.8700737
934	216	10	2.894228
569	37	1	2.399156
569	173	2	2.4513102
569	3796	3	2.3662279
569	1133	4	2.4065366
569	3220	5	1.270139
569	417	6	2.1520104
569	514	7	1.9026462
569	911	8	1.4223641
569	939	9	1.8318473
569	1424	10	2.4398818
776	11	1	3.156721
776	201	2	2.9090102
776	216	3	3.003351
776	243	4	2.1822352
776	30	5	2.5415897
776	3074	6	2.8276756
776	47	7	2.3849688
776	641	8	2.7518225
776	1408	9	2.726693
776	43	10	1.9478112
412	4017	1	4.176634
412	1526	2	2.8254628
412	210	3	4.0211077
412	936	4	2.8923717
412	1926	5	3.232358
412	843	6	3.9745455
412	47	7	2.331137
412	4020	8	3.6752462
412	229	9	2.7891665
412	456	10	3.652352
112	84	1	3.8818042
112	213	2	3.7109632
112	0	3	3.7904403
112	320	4	4.0661955
112	622	5	3.3765967
112	258	6	3.6843178
112	599	7	3.772694
112	152	8	3.4512463
112	391	9	2.683758
112	43	10	3.669331
286	0	1	4.097864
286	238	2	3.2369933
286	258	3	3.8054008
286	320	4	3.268345
286	30	5	3.2331572
286	227	6	3.6358905
286	599	7	3.4995062
286	84	8	3.2254624
286	1794	9	1.9842901
286	43	10	3.6979368
373	227	1	3.2245867
373	431	2	2.7984676
373	0	3	3.0194373
373	243	4	1.8984139
373	72	5	3.0833416
373	258	6	2.7073493
373	47	7	2.2534404
373	3073	8	2.2752118
373	1484	9	1.4894061
373	3718	10	2.2624962
203	196	1	3.998726
203	431	2	4.133381
203	216	3	3.867536
203	495	4	3.2343354
203	430	5	4.29085
203	2503	6	2.209165
203	706	7	3.7586818
203	47	8	3.7847953
203	3718	9	3.6516213
203	1368	10	3.4504147
809	227	1	2.8186839
809	24	2	3.1459937
809	19	3	2.7745872
809	320	4	3.0502234
809	30	5	3.0638118
809	248	6	2.614458
809	599	7	2.8104622
809	84	8	2.6009536
809	43	9	3.4053652
809	391	10	1.643018
796	278	1	3.3682117
796	2055	2	2.644009
796	370	3	3.1796815
796	635	4	1.9589194
796	30	5	1.5398508
796	3785	6	2.7657013
796	1066	7	2.580801
796	29	8	2.6369576
796	1303	9	2.2570148
796	96	10	3.3948488
42	351	1	3.165836
42	2110	2	3.1029434
42	843	3	2.7376776
42	320	4	3.567305
42	30	5	3.8419821
42	227	6	2.6458788
42	599	7	3.0238256
42	682	8	2.5573292
42	391	9	2.6457205
42	4029	10	2.1002977
364	11	1	4.2002735
364	238	2	4.8356247
364	1701	3	4.175418
364	622	4	4.863249
364	252	5	4.1410036
364	47	6	4.144676
364	351	7	4.049525
364	229	8	2.6711588
364	196	9	4.0067515
364	213	10	4.717687
201	672	1	3.408557
201	2110	2	3.1463282
201	77	3	3.2723722
201	303	4	2.5560982
201	30	5	4.1217575
201	210	6	3.1964555
201	1595	7	2.0254645
201	109	8	3.0449433
201	229	9	2.0635488
201	4029	10	2.6732168
435	514	1	2.9250364
435	1194	2	2.3081665
435	84	3	2.528499
435	303	4	1.7411752
435	30	5	2.2543068
435	1315	6	1.3092529
435	549	7	2.1621344
435	599	8	2.035235
435	1484	9	2.4433556
435	216	10	2.160131
561	227	1	2.0126348
561	185	2	2.2440448
561	219	3	1.9628285
561	320	4	1.8331075
561	1321	5	1.5112134
561	84	6	1.904982
561	1066	7	1.6545814
561	1484	8	2.7563195
561	370	9	1.7572758
561	96	10	1.3671265
202	311	1	3.9753335
202	231	2	3.9080873
202	732	3	3.799419
202	243	4	4.156165
202	622	5	4.1110225
202	351	6	3.6143484
202	47	7	2.642338
202	7	8	3.590897
202	43	9	4.600026
202	229	10	2.089185
93	219	1	4.031162
93	821	2	4.2843714
93	258	3	3.9164715
93	495	4	2.5204916
93	622	5	3.2976837
93	0	6	3.8129041
93	47	7	2.7346687
93	84	8	3.7932396
93	1794	9	2.8178244
93	43	10	4.6565886
778	84	1	3.2624211
778	213	2	3.455453
778	732	3	3.2473857
778	243	4	2.576979
778	622	5	1.9858527
778	311	6	3.1900492
778	599	7	3.8135993
778	631	8	3.1546593
778	43	9	3.3027158
778	1794	10	1.6036339
518	152	1	3.7916007
518	213	2	3.8774476
518	311	3	3.5380704
518	243	4	3.0894337
518	30	5	3.1025631
518	225	6	1.8490093
518	351	7	3.4523335
518	1066	8	2.0507493
518	1484	9	3.9703026
518	631	10	3.435888
6	227	1	3.577747
6	24	2	4.031416
6	3718	3	3.5119371
6	495	4	2.9903145
6	622	5	3.940302
6	732	6	3.470396
6	47	7	3.6038709
6	84	8	3.4564838
6	7	9	3.3686106
6	201	10	3.9062054
639	4020	1	4.351569
639	860	2	3.3406086
639	672	3	3.7934952
639	296	4	3.2514706
639	1926	5	3.1495748
639	4021	6	3.7911265
639	200	7	2.5521283
639	456	8	3.5508146
639	4029	9	3.607953
639	141	10	3.5206208
745	219	1	3.6528587
745	213	2	3.421648
745	84	3	3.3820076
745	243	4	2.8107061
745	30	5	3.0395122
745	0	6	3.1384277
745	599	7	4.1129885
745	258	8	3.0806725
745	391	9	2.1159031
745	43	10	3.711705
897	258	1	3.5192692
897	2108	2	3.5261905
897	372	3	3.0170083
897	3275	4	1.8458159
897	622	5	3.1969972
897	706	6	2.9999018
897	200	7	3.8728886
897	1368	8	2.900986
897	4021	9	2.897049
897	43	10	2.2165155
475	2346	1	1.9408367
475	2701	2	1.948604
475	3503	3	1.9163743
475	4802	4	1.6603575
475	2770	5	2.1298182
475	1454	6	1.8075929
475	2069	7	1.8073896
475	1991	8	2.190576
475	552	9	1.731252
475	2985	10	1.860609
835	370	1	3.844573
835	231	2	2.7156167
835	29	3	3.1581836
835	28	4	2.044366
835	30	5	3.0383515
835	278	6	2.9123354
835	599	7	2.7672567
835	63	8	2.7265277
835	911	9	3.025763
835	43	10	2.310903
413	84	1	3.3212535
413	231	2	2.7867832
413	485	3	2.8623414
413	320	4	2.6914077
413	30	5	3.9413583
413	843	6	2.7882922
413	599	7	2.6484032
413	456	8	2.7491798
413	229	9	2.8316205
413	43	10	2.5336382
357	29	1	3.1080313
357	185	2	3.2532816
357	84	3	2.725131
357	320	4	1.9173281
357	72	5	2.0609262
357	1449	6	2.7078235
357	599	7	2.3455281
357	221	8	3.6281352
357	1466	9	2.6897001
357	43	10	2.446701
385	843	1	3.711577
385	597	2	3.4906907
385	456	3	3.3125744
385	320	4	3.0907676
385	620	5	2.7138157
385	0	6	3.265848
385	47	7	3.0662053
385	3718	8	3.2607596
385	229	9	3.0990052
385	43	10	3.2548454
632	732	1	3.1135378
632	238	2	3.788354
632	268	3	2.788218
632	243	4	3.5319023
632	622	5	3.499086
632	11	6	2.771596
632	599	7	3.0387506
632	252	8	2.7093952
632	43	9	3.5279412
632	82	10	2.6668906
539	227	1	3.0665374
539	1194	2	2.0327678
539	515	3	2.6954432
539	1133	4	1.9040248
539	225	5	2.1650376
539	30	6	1.4757711
539	370	7	2.5296164
539	599	8	1.646384
539	391	9	3.0358267
539	84	10	2.4591877
907	0	1	2.7844443
907	231	2	2.8757384
907	258	3	2.6717234
907	320	4	2.8024175
907	622	5	2.7515779
907	1315	6	1.7138877
907	84	7	2.2679293
907	599	8	2.2717483
907	539	9	2.2305737
907	552	10	2.2283149
402	3718	1	4.2728214
402	369	2	4.4246845
402	311	3	3.4231982
402	495	4	3.1708403
402	30	5	2.1946342
402	19	6	3.3976626
402	47	7	2.8540223
402	551	8	3.321565
402	229	9	2.1883464
402	351	10	3.2709816
123	2031	1	3.386796
123	108	2	3.0738857
123	1300	3	2.6412
123	2771	4	2.075541
123	1948	5	2.4635487
123	1006	6	2.6079319
123	14	7	3.130969
123	955	8	2.5611973
123	229	9	1.5604978
123	351	10	2.540044
181	19	1	2.580953
181	2108	2	2.1285996
181	258	3	2.4497166
181	243	4	1.9563372
181	622	5	2.2683911
181	673	6	1.53772
181	227	7	2.242216
181	3617	8	1.7486708
181	4020	9	2.164634
181	3073	10	2.156014
132	2342	1	3.5064883
132	2108	2	3.2953734
132	948	3	3.223466
132	1590	4	2.981781
132	1926	5	2.8476543
132	1851	6	2.9533257
132	1742	7	2.762857
132	3239	8	2.740114
132	4029	9	3.0806873
132	734	10	2.7318199
323	216	1	3.8368633
323	721	2	3.6025136
323	3718	3	3.7320242
323	320	4	3.0107026
323	30	5	4.705915
323	3073	6	3.5271907
323	599	7	2.9914174
323	196	8	3.5150595
323	229	9	2.2748976
323	43	10	3.5619602
657	252	1	3.805425
657	721	2	3.764563
657	0	3	3.7540011
657	686	4	2.600317
657	622	5	3.209035
657	196	6	3.6980753
657	1197	7	3.1342955
657	268	8	3.6440704
657	539	9	2.215781
657	43	10	3.4634085
644	3073	1	3.933641
644	431	2	3.5534315
644	3072	3	3.8712654
644	495	4	2.3933501
644	622	5	4.3471823
644	333	6	3.412081
644	599	7	2.5679622
644	3075	8	3.3428729
644	43	9	3.2697136
644	3718	10	3.2986321
757	0	1	2.4369454
757	213	2	2.6870537
757	258	3	2.327887
757	320	4	3.0472803
757	622	5	2.2743325
757	551	6	2.2181513
757	599	7	1.9922891
757	62	8	2.2055252
757	2043	9	2.0984187
757	732	10	2.2055116
873	661	1	3.467699
873	1164	2	2.9502006
873	186	3	2.6439757
873	2448	4	2.5597916
873	387	5	2.3317904
873	2060	6	1.1418719
873	104	7	2.469908
873	1884	8	1.2716024
873	1269	9	2.3868313
873	1302	10	2.1894279
543	117	1	2.4646993
543	1533	2	3.510858
543	1200	3	2.1452374
543	3929	4	1.3256798
543	1666	5	1.3612242
543	30	6	0.96929497
543	559	7	1.925283
543	602	8	1.6817906
543	3138	9	1.4149249
543	337	10	1.6570362
764	0	1	3.646731
764	231	2	2.885747
764	227	3	3.2948732
764	243	4	3.008618
764	1701	5	2.731171
764	599	6	2.7500143
764	216	7	2.7077205
764	1302	8	1.7681136
764	43	9	2.5431795
764	215	10	2.6384735
641	4017	1	3.2802272
641	597	2	3.4195561
641	672	3	2.9965796
641	901	4	2.5792782
641	1161	5	2.298609
641	210	6	2.987979
641	200	7	1.8598895
641	4021	8	2.8809226
641	229	9	1.8728573
641	4029	10	2.467381
236	0	1	3.6822443
236	238	2	2.9270062
236	19	3	2.9088278
236	243	4	3.417427
236	55	5	2.307526
236	305	6	1.7329044
236	152	7	2.848222
236	599	8	3.025065
236	84	9	2.8156867
236	43	10	2.7763836
697	219	1	2.5153515
697	213	2	2.866484
697	84	3	2.3886867
697	320	4	3.0110555
697	30	5	1.7787347
697	1315	6	1.6268822
697	732	7	2.3880358
697	599	8	2.6502986
697	351	9	2.3334863
697	43	10	2.866149
119	0	1	3.0413418
119	992	2	3.172226
119	920	3	2.8607285
119	243	4	3.1051106
119	622	5	2.9950495
119	19	6	2.8064713
119	47	7	1.8794665
119	1767	8	2.7179713
119	1694	9	2.4966745
119	238	10	3.1250162
510	84	1	2.8244936
510	506	2	2.6844954
510	351	3	2.7395144
510	320	4	2.7536993
510	30	5	2.3357315
510	913	6	2.6870751
510	599	7	2.2574034
510	278	8	2.3449347
510	911	9	2.0674663
510	43	10	2.2860327
519	19	1	3.5219643
519	231	2	3.9659529
519	84	3	3.4930468
519	320	4	3.7973747
519	30	5	2.9695997
519	216	6	3.075288
519	599	7	3.6449966
519	219	8	3.055841
519	391	9	2.375434
519	43	10	3.7643595
353	2156	1	2.7396188
353	173	2	2.0255725
353	1241	3	2.5030928
353	925	4	1.4221678
353	620	5	1.0505388
353	2645	6	1.263646
353	1703	7	2.1785316
353	3281	8	1.5518553
353	749	9	2.121451
353	792	10	1.7412821
300	843	1	2.974422
300	860	2	2.920618
300	456	3	2.9662251
300	296	4	2.237213
300	30	5	2.7998192
300	4017	6	2.555293
300	1197	7	1.7878299
300	4020	8	2.398479
300	4029	9	2.4446027
300	2125	10	2.3559806
297	210	1	5.0792284
297	1526	2	3.190609
297	4017	3	4.2274294
297	296	4	3.228601
297	1983	5	3.6356857
297	77	6	3.9614859
297	1197	7	2.2465544
297	672	8	3.8825164
297	229	9	2.842203
297	4029	10	4.4913187
375	19	1	3.2914872
375	201	2	2.5776024
375	0	3	3.2310991
375	243	4	2.3639834
375	71	5	2.2547965
375	258	6	3.1560864
375	47	7	1.9221716
375	82	8	3.137197
375	11	9	2.8328834
375	369	10	2.5300655
901	152	1	3.704296
901	848	2	2.6694975
901	913	3	3.3969848
901	3929	4	2.93303
901	30	5	2.399561
901	1315	6	1.662983
901	1033	7	2.6030245
901	1775	8	2.5569122
901	391	9	1.7873218
901	43	10	2.753331
200	19	1	4.3041363
200	238	2	4.3924932
200	3718	3	3.7943916
200	495	4	2.5268164
200	387	5	2.524801
200	791	6	3.4728456
200	694	7	3.0814683
200	631	8	3.425734
200	391	9	3.5628788
200	732	10	3.1734989
71	2745	1	2.0608275
71	1292	2	1.7235792
71	647	3	1.7187271
71	451	4	0.9629098
71	3701	5	1.151532
71	564	6	1.7096804
71	1810	7	1.6681435
71	3254	8	1.6555269
71	2001	9	0.8916447
71	3930	10	1.590347
917	1238	1	3.491522
917	231	2	4.090336
917	1263	3	3.3940241
917	320	4	3.1015694
917	30	5	2.3926337
917	2060	6	1.6554022
917	1466	7	3.2893658
917	219	8	3.0848823
917	1745	9	3.376283
917	351	10	3.0568132
653	351	1	3.5950937
653	231	2	3.9254766
653	0	3	3.3562965
653	243	4	3.4267812
653	622	5	2.9456134
653	258	6	3.3353312
653	599	7	4.1487803
653	152	8	3.2551427
653	391	9	3.1086931
653	43	10	4.277586
623	672	1	3.9710429
623	860	2	2.9039576
623	4021	3	3.919045
623	296	4	3.0290155
623	30	5	4.051874
623	501	6	3.2678974
623	200	7	1.9585212
623	717	8	3.1448565
623	229	9	1.8372118
623	4029	10	3.4503808
893	109	1	3.1986547
893	597	2	3.3252082
893	19	3	3.1003928
893	320	4	2.6386976
893	1983	5	2.4130797
893	641	6	2.9949012
893	599	7	2.8117986
893	351	8	2.8947973
893	229	9	2.3731542
893	4029	10	2.7253282
75	4017	1	4.4460616
75	1526	2	3.2830093
75	4020	3	3.9080415
75	439	4	3.384321
75	1926	5	3.350827
75	2125	6	3.69025
75	1199	7	2.2036505
75	479	8	3.5542562
75	539	9	2.809243
75	3251	10	3.4960084
442	210	1	3.1529245
442	168	2	3.38545
442	4017	3	2.8825407
442	944	4	2.0563233
442	30	5	2.6435041
442	1854	6	2.8705277
442	4020	7	2.8428507
442	109	8	2.8305802
442	597	9	3.3176563
442	4029	10	1.9820355
734	333	1	4.6664815
734	24	2	4.249603
734	196	3	4.3371334
734	320	4	3.5456488
734	430	5	3.789038
734	2503	6	2.5744593
734	3718	7	4.2366
734	47	8	4.9300623
734	3074	9	4.2007556
734	43	10	4.0305367
680	278	1	3.3210907
680	231	2	2.6260548
680	84	3	3.1665425
680	439	4	2.4758806
680	1321	5	2.8927636
680	29	6	2.8966355
680	599	7	2.8009524
680	515	8	2.759562
680	1602	9	3.1130433
680	43	10	3.0457876
188	3718	1	3.7923634
188	431	2	3.539342
188	3072	3	3.4274745
188	320	4	3.5014505
188	622	5	4.108224
188	95	6	3.1730032
188	47	7	3.4286437
188	3075	8	3.130758
188	43	9	3.7418811
188	242	10	3.0338297
783	11	1	3.985478
783	24	2	2.8991892
783	3072	3	3.982632
783	495	4	1.9700115
783	430	5	3.452232
783	2503	6	2.0454597
783	3075	7	3.4807801
783	47	8	3.615123
783	95	9	3.4159095
783	333	10	3.2922058
925	889	1	2.2657502
925	1788	2	2.5736017
925	3462	3	1.7640167
925	3929	4	1.1610706
925	114	5	2.144103
925	30	6	0.8934789
925	117	7	1.5489724
925	3776	8	1.4450694
925	911	9	1.1990385
925	1533	10	2.5705395
126	84	1	4.01586
126	231	2	4.3944545
126	62	3	3.598284
126	320	4	4.505199
126	622	5	4.2402225
126	351	6	3.5290923
126	599	7	4.2656813
126	1449	8	3.5044534
126	391	9	2.447548
126	311	10	3.3302386
628	258	1	3.9227648
628	201	2	3.312078
628	11	3	3.2572908
628	243	4	3.4868102
628	622	5	3.5061235
628	82	6	2.9042954
628	599	7	2.5983036
628	62	8	2.8958788
628	43	9	2.9473853
628	3072	10	2.8436837
399	227	1	3.3176773
399	231	2	3.1785154
399	84	3	2.6923864
399	3722	4	1.7713728
399	72	5	1.9679377
399	1263	6	2.514217
399	599	7	2.338672
399	728	8	2.2225847
399	391	9	2.1017203
399	2710	10	1.9354582
12	11	1	4.3699512
12	369	2	4.033118
12	3718	3	4.009034
12	495	4	2.814463
12	622	5	4.447648
12	3075	6	3.9816625
12	599	7	2.7938921
12	227	8	3.62534
12	43	9	3.6617708
12	82	10	3.6193688
671	227	1	3.9562862
671	24	2	3.8228161
671	258	3	3.6775699
671	243	4	3.5127258
671	71	5	3.203008
671	0	6	3.2588048
671	599	7	3.0651197
671	732	8	3.142703
671	1302	9	2.0581677
671	43	10	3.1732664
713	62	1	3.7452908
713	108	2	3.523489
713	485	3	3.5462441
713	320	4	4.6209407
713	622	5	3.9112859
713	1315	6	2.0724506
713	631	7	3.3462174
713	47	8	2.811146
713	278	9	3.259954
713	391	10	3.1244762
69	262	1	3.6376805
69	4197	2	1.3398027
69	281	3	3.2090254
69	1133	4	1.0725408
69	1383	5	3.202641
69	2645	6	1.6584542
69	1384	7	2.8382344
69	3281	8	1.374447
69	792	9	1.9750229
69	1427	10	2.6938431
782	219	1	2.9946482
782	168	2	3.2041385
782	1833	3	2.839888
782	320	4	2.2842152
782	30	5	4.1018305
782	1129	6	2.7857373
782	599	7	2.0289772
782	843	8	2.7781916
782	1794	9	2.061234
782	1410	10	2.7749898
535	84	1	3.6776254
535	185	2	3.785015
535	219	3	3.383318
535	320	4	3.4534812
535	30	5	3.4135294
535	19	6	3.2986798
535	599	7	3.6191602
535	1449	8	3.1903665
535	911	9	2.1850767
535	43	10	3.693122
2	549	1	3.2391682
2	1531	2	2.2002668
2	321	3	3.1600223
2	3929	4	1.965761
2	72	5	1.4968045
2	837	6	1.5648234
2	1333	7	3.0762677
2	599	8	1.6070559
2	555	9	2.931255
2	391	10	2.1770685
45	2217	1	3.1273737
45	238	2	2.6696978
45	0	3	2.5002246
45	2448	4	1.8631833
45	387	5	2.116827
45	1036	6	1.6827694
45	258	7	2.3657131
45	50	8	2.3181658
45	1302	9	1.2942978
45	215	10	2.2861319
677	109	1	3.8797898
677	597	2	4.6035957
677	501	3	3.622253
677	439	4	3.6973815
677	30	5	4.3988566
677	3251	6	3.3962963
677	2502	7	2.022728
677	717	8	3.3277688
677	4029	9	3.8620706
677	2390	10	3.293621
565	370	1	3.2946563
565	231	2	3.6680114
565	219	3	3.2040477
565	320	4	2.7324154
565	72	5	1.9516474
565	278	6	2.9446206
565	599	7	3.2404811
565	1484	8	3.4697914
565	351	9	2.8182144
565	29	10	2.7390072
177	258	1	4.565114
177	238	2	4.4902096
177	11	3	3.6221728
177	243	4	3.9592252
177	622	5	4.034377
177	82	6	3.215453
177	47	7	2.994804
177	3073	8	3.1325345
177	369	9	4.2222033
177	43	10	2.7724319
864	1287	1	2.6003942
864	597	2	2.432986
864	672	3	2.397602
864	635	4	2.0592291
864	1983	5	1.3737426
864	4017	6	2.3380394
864	200	7	1.5904518
864	161	8	2.299911
864	3137	9	1.7660669
864	77	10	2.2823448
82	0	1	3.894541
82	108	2	3.8272195
82	732	3	3.86187
82	686	4	3.2471519
82	72	5	2.6439989
82	258	6	3.520869
82	599	7	3.6553435
82	19	8	3.2939897
82	1794	9	1.7620606
82	43	10	3.328434
337	196	1	3.7723174
337	24	2	4.0639462
337	62	3	3.3886962
337	243	4	3.9552832
337	430	5	1.9562973
337	53	6	3.3253722
337	599	7	3.7888665
337	732	8	3.301883
337	229	9	2.6348476
337	311	10	3.241642
318	3718	1	5.210574
318	108	2	4.344703
318	492	3	4.0964575
318	320	4	3.5274854
318	430	5	4.3955135
318	216	6	3.9403782
318	599	7	3.2904344
318	1925	8	3.8892975
318	43	9	4.112557
318	791	10	3.738375
537	732	1	3.2635593
537	369	2	3.5479553
537	95	3	3.2317088
537	243	4	4.1947527
537	622	5	3.658595
537	84	6	3.164535
537	599	7	3.9719908
537	11	8	3.1574183
537	539	9	3.0115151
537	372	10	3.1531672
525	351	1	3.1978614
525	213	2	3.630673
525	84	3	3.0758233
525	243	4	2.9568791
525	622	5	2.6107674
525	227	6	3.043654
525	47	7	2.0811307
525	372	8	3.000514
525	1794	9	1.7549183
525	0	10	2.8974319
766	258	1	4.619725
766	231	2	4.0139685
766	311	3	4.3040752
766	686	4	3.4447558
766	72	5	3.265273
766	19	6	4.1527066
766	1353	7	2.850721
766	219	8	3.7435346
766	229	9	2.2236407
766	62	10	3.6860604
581	840	1	1.6090386
581	1946	2	1.6186812
581	2125	3	1.598676
581	3723	4	1.2272002
581	30	5	1.697232
581	682	6	1.5865693
581	1066	7	1.2828828
581	539	8	2.0846286
581	248	9	1.5761611
581	4029	10	1.4520137
684	0	1	2.5989442
684	721	2	2.361412
684	19	3	2.5781827
684	243	4	1.5926924
684	995	5	2.2865343
684	935	6	1.3654497
684	1023	7	2.4316225
684	47	8	2.1360567
684	216	9	2.4221365
684	2043	10	1.6275747
900	109	1	3.6101618
900	860	2	2.9320965
900	210	3	3.4946938
900	936	4	2.5804486
900	1983	5	2.6056938
900	456	6	3.3107038
900	47	7	2.6121643
900	641	8	3.0854921
900	229	9	2.0195494
900	4029	10	3.056951
659	77	1	2.2815752
659	597	2	2.943675
659	672	3	2.2633536
659	28	4	2.0498924
659	30	5	2.6461253
659	1790	6	1.4101294
659	1200	7	2.1307325
659	1457	8	1.2389543
659	271	9	2.0716658
659	3138	10	1.8867273
311	4017	1	2.957726
311	2110	2	3.9325943
311	479	3	2.8749087
311	439	4	2.7870755
311	30	5	3.5597024
311	248	6	2.8638034
311	599	7	2.0662804
311	843	8	2.8589683
311	1794	9	2.2782717
311	43	10	2.3348713
829	456	1	3.7535613
829	597	2	3.7643752
829	351	3	2.9876597
829	147	4	3.3137245
829	620	5	3.4233003
829	210	6	2.970809
829	47	7	2.4285808
829	4017	8	2.965144
829	1794	9	2.0414572
829	43	10	2.7947402
227	219	1	3.7961073
227	213	2	4.491148
227	311	3	3.7555943
227	243	4	3.817253
227	30	5	2.985371
227	84	6	3.6379294
227	47	7	2.4576972
227	227	8	3.4709058
227	229	9	2.3858054
227	62	10	3.4292657
595	278	1	2.969523
595	231	2	3.0350246
595	1263	3	2.5083556
595	320	4	2.2475038
595	72	5	2.032405
595	485	6	2.2881203
595	599	7	2.4627178
595	391	8	3.4590049
595	728	9	2.2493048
595	43	10	2.5190604
911	1449	1	3.3494086
911	231	2	3.33914
911	258	3	3.0662584
911	243	4	3.025569
911	622	5	2.7946615
911	1315	6	1.5743731
911	0	7	2.9774473
911	599	8	2.4507225
911	219	9	2.7034562
911	391	10	2.3328943
716	351	1	3.632492
716	213	2	3.7145743
716	485	3	3.525895
716	243	4	3.1106896
716	30	5	3.6147346
716	0	6	3.415969
716	47	7	2.6046534
716	227	8	3.3419037
716	229	9	2.6635368
716	631	10	3.3146908
341	672	1	2.7146091
341	597	2	2.9655647
341	278	3	2.477573
341	439	4	2.534045
341	1983	5	1.8011241
341	843	6	2.2991967
341	599	7	1.7748553
341	456	8	2.195056
341	911	9	2.394237
341	4029	10	2.2127614
62	82	1	3.1579802
62	201	2	2.9627647
62	3313	3	3.0856833
62	936	4	2.0360253
62	30	5	1.9059688
62	2503	6	1.6507735
62	11	7	2.951035
62	47	8	2.329681
62	1925	9	2.6630623
62	333	10	2.5097537
843	4020	1	2.7123194
843	168	2	2.6983242
843	4021	3	2.5827913
843	439	4	1.745151
843	30	5	2.0613456
843	210	6	2.4037292
843	200	7	1.7942331
843	839	8	2.0032873
843	229	9	1.8941276
843	4029	10	1.6108067
571	0	1	3.9370332
571	231	2	3.514576
571	258	3	3.7660937
571	495	4	3.3097563
571	622	5	3.144634
571	351	6	3.6240597
571	47	7	2.8163042
571	372	8	3.241066
571	1794	9	2.2686749
571	311	10	3.182953
292	227	1	1.9773906
292	1748	2	2.3869338
292	913	3	1.8903527
292	320	4	1.4416816
292	30	5	1.0253195
292	1011	6	1.8121412
292	599	7	1.0357985
292	219	8	1.7411602
292	1484	9	1.7399764
292	1449	10	1.6618868
18	3718	1	3.6797452
18	231	2	4.1152124
18	732	3	3.5074198
18	495	4	2.6193106
18	622	5	4.260347
18	227	6	3.347495
18	47	7	3.5302572
18	84	8	3.2749953
18	631	9	3.2193136
18	369	10	3.9619672
465	843	1	2.7252293
465	2110	2	2.8213782
465	49	3	2.7085402
465	296	4	1.9016669
465	620	5	1.9840837
465	456	6	2.4984128
465	47	7	1.8558935
465	176	8	2.4947653
465	229	9	1.8118893
465	353	10	2.485958
538	210	1	3.4598827
538	597	2	3.5579464
538	733	3	3.1394424
538	439	4	2.4632156
538	30	5	3.1154728
538	672	6	3.111873
538	109	7	3.0521073
538	229	8	2.1059666
538	4029	9	2.859479
538	77	10	2.9812713
885	3072	1	4.2620625
885	369	2	3.4173312
885	3718	3	3.6566234
885	243	4	3.5930576
885	30	5	4.258709
885	3074	6	3.6059911
885	200	7	2.7418098
885	82	8	3.5968118
885	53	9	3.3555658
885	43	10	3.1127079
663	456	1	3.8937273
663	860	2	3.44927
663	604	3	3.407468
663	439	4	3.417539
663	1983	5	2.7142463
663	411	6	3.3723636
663	47	7	2.3434777
663	216	8	3.3195422
663	539	9	2.2616434
663	4029	10	3.3731618
147	109	1	3.4661021
147	168	2	3.6647651
147	210	3	3.3790345
147	296	4	2.5611172
147	1926	5	2.7887945
147	3073	6	3.2677574
147	47	7	2.7154315
147	3072	8	3.1592927
147	229	9	2.422699
147	4029	10	2.7909727
748	351	1	3.5609765
748	213	2	3.8504634
748	258	3	3.207025
748	243	4	3.1948752
748	622	5	2.7983077
748	0	6	3.1905465
748	47	7	1.928871
748	311	8	3.0978947
748	43	9	3.9652562
748	221	10	2.053757
308	84	1	3.1744273
308	185	2	3.7868605
308	219	3	2.8577127
308	320	4	2.3711925
308	622	5	2.0956273
308	370	6	2.7555249
308	599	7	2.4963984
308	216	8	2.6982121
308	391	9	2.7817261
308	43	10	2.4949782
484	1200	1	2.469751
484	1748	2	2.468852
484	117	3	2.4173348
484	3929	4	1.6868911
484	30	5	2.0703468
484	1666	6	1.3413076
484	3462	7	1.8620574
484	602	8	1.7884823
484	3138	9	1.5258992
484	4029	10	1.6467226
564	3072	1	3.692766
564	721	2	3.3144608
564	11	3	3.2058823
564	439	4	2.6859713
564	622	5	3.1288824
564	3075	6	3.1739664
564	172	7	3.5561614
564	492	8	3.055081
564	73	9	2.7237413
564	369	10	3.274854
322	82	1	3.6347623
322	3795	2	2.8400311
322	139	3	3.418591
322	243	4	2.2053466
322	622	5	2.931057
322	492	6	3.353789
322	200	7	3.6066403
322	210	8	3.156615
322	823	9	3.1211376
322	4029	10	1.965042
801	2834	1	2.2910237
801	764	2	1.8821497
801	2833	3	2.070157
801	320	4	1.9811473
801	30	5	1.4405437
801	1838	6	1.968404
801	599	7	1.5875623
801	840	8	1.8582708
801	911	9	1.8405471
801	43	10	1.8079538
664	370	1	2.3886166
664	185	2	1.8565357
664	1011	3	2.3843167
664	1134	4	1.1537076
664	30	5	1.3645532
664	3286	6	1.4833546
664	227	7	2.0946856
664	1066	8	1.3689398
664	1484	9	2.5785296
664	84	10	2.0002084
209	411	1	3.4868584
209	821	2	2.81891
209	558	3	3.4595168
209	243	4	2.8034372
209	622	5	2.4800315
209	1315	6	1.9200816
209	3718	7	3.4033027
209	47	8	1.6666378
209	538	9	2.9947197
209	539	10	2.3658996
37	333	1	3.2515478
37	201	2	3.1885667
37	0	3	3.146079
37	243	4	2.379731
37	430	5	3.422494
37	2503	6	2.3611288
37	492	7	2.720859
37	200	8	3.183464
37	805	9	2.6459475
37	258	10	2.5998902
307	84	1	1.9767861
307	2110	2	2.2555237
307	456	3	1.7518028
307	901	4	1.1989864
307	30	5	2.0174956
307	227	6	1.7501725
307	599	7	1.2925912
307	3718	8	1.6267412
307	391	9	1.2142051
307	4029	10	1.990417
338	11	1	4.59398
338	201	2	4.8765087
338	706	3	4.5907354
338	3275	4	2.557008
338	2216	5	3.0369227
338	2503	6	2.58462
338	80	7	4.2865453
338	200	8	3.5537868
338	81	9	3.761606
338	1925	10	3.659708
585	11	1	3.6527255
585	201	2	4.3503084
585	968	3	3.6200023
585	2760	4	2.2664468
585	622	5	3.8862085
585	590	6	2.2410233
585	2606	7	3.4564795
585	47	8	2.9182506
585	242	9	3.4498734
585	791	10	3.392469
358	258	1	3.5136988
358	369	2	2.524311
358	3072	3	2.843657
358	243	4	2.8597846
358	622	5	3.2289305
358	216	6	2.7980638
358	47	7	2.671142
358	3075	8	2.7192771
358	221	9	2.0054975
358	43	10	2.749753
193	210	1	3.832227
193	2110	2	3.7880535
193	109	3	3.645436
193	901	4	2.7095263
193	30	5	3.4356134
193	77	6	3.1656122
193	1197	7	1.6251228
193	1854	8	3.106408
193	229	9	1.5773572
193	753	10	2.949493
53	109	1	4.2696066
53	597	2	4.4298816
53	735	3	3.9987469
53	944	4	3.7701879
53	30	5	3.4675453
53	672	6	3.8438973
53	733	7	3.838368
53	270	8	3.5828621
53	4029	9	3.4519427
53	1761	10	3.8866503
553	84	1	3.6309252
553	185	2	3.6192865
553	351	3	3.3413348
553	243	4	2.6086695
553	72	5	2.397921
553	62	6	2.932798
553	599	7	3.5519104
553	29	8	2.699112
553	391	9	2.3867927
553	1449	10	2.651128
108	0	1	3.6765952
108	238	2	3.4412353
108	732	3	3.565133
108	495	4	2.6650343
108	72	5	2.5659046
108	258	6	3.5151153
108	599	7	3.1756995
108	242	8	2.8105474
108	43	9	3.203144
108	551	10	2.7394133
732	1215	1	3.377723
732	231	2	1.599771
732	857	3	3.2854
732	1225	4	3.4768884
732	837	5	2.2711427
732	30	6	1.4145042
732	1426	7	3.258214
732	988	8	3.1226454
732	363	9	0.93429536
732	391	10	1.61704
694	3718	1	4.4170084
694	213	2	4.304618
694	242	3	3.9331017
694	495	4	2.9007945
694	622	5	4.316332
694	62	6	3.6506777
694	599	7	3.6414945
694	7	8	3.3236952
694	492	9	3.2780752
694	201	10	3.7471066
44	3075	1	4.3880963
44	168	2	3.7403116
44	216	3	4.099519
44	936	4	3.3296578
44	622	5	3.5216093
44	3074	6	4.0781555
44	47	7	3.8231082
44	1925	8	3.884564
44	843	9	3.6156695
44	4029	10	2.4969344
593	210	1	3.6562734
593	2110	2	3.7433052
593	1854	3	3.467743
593	936	4	2.6630826
593	30	5	3.5313761
593	672	6	3.4300125
593	200	7	2.1076236
593	109	8	3.3099694
593	229	9	2.0802011
593	4029	10	2.845427
393	456	1	1.8268435
393	629	2	1.177809
393	843	3	1.5487776
393	944	4	1.2757885
393	620	5	1.4346364
393	197	6	1.2476776
393	312	7	1.2451599
393	1362	8	0.79986846
393	109	9	1.214615
393	1782	10	1.0399358
570	227	1	2.794535
570	597	2	2.5063672
570	77	3	2.7090793
570	439	4	2.2798133
570	71	5	2.075018
570	672	6	2.5086017
570	47	7	2.2302408
570	84	8	2.4192631
570	391	9	1.6633096
570	196	10	2.401204
295	216	1	4.4556913
295	2110	2	4.062432
295	805	3	4.0673695
295	3275	4	3.0151696
295	30	5	3.673633
295	2503	6	2.5027726
295	1368	7	4.0416517
295	706	8	3.8726478
295	3718	9	3.6611047
295	43	10	3.2925577
720	321	1	2.7290537
720	231	2	2.071823
720	1449	3	2.563665
720	978	4	2.6319437
720	72	5	1.6995488
720	837	6	1.3944753
720	1333	7	2.5064468
720	599	8	1.5649434
720	514	9	2.4735594
720	391	10	2.2204032
889	351	1	3.231895
889	213	2	3.353869
889	732	3	2.9079654
889	3929	4	1.8092602
889	622	5	2.9163084
889	346	6	1.7900622
889	0	7	2.6585557
889	14	8	1.7476258
889	372	9	2.5662951
889	43	10	3.1199396
325	456	1	4.2908525
325	548	2	2.8006105
325	210	3	3.7466016
325	936	4	2.9220319
325	1926	5	3.5706978
325	479	6	3.6089592
325	599	7	2.4686518
325	2125	8	3.405978
325	229	9	2.8550088
325	4029	10	3.6633866
121	4017	1	3.5790884
121	597	2	2.375944
121	4020	3	3.516035
121	944	4	2.2626996
121	1926	5	2.309428
121	4021	6	3.3118148
121	210	7	3.2156162
121	3090	8	3.1130261
121	1854	9	3.0553699
121	2110	10	2.3515346
798	0	1	1.9899216
798	2110	2	1.9508538
798	3718	3	1.9624232
798	320	4	1.8442452
798	30	5	2.2383776
798	248	6	1.904468
798	599	7	1.633162
798	227	8	1.8613286
798	391	9	1.769317
798	43	10	1.8260088
470	11	1	3.902475
470	201	2	3.9047484
470	3075	3	3.6882725
470	243	4	3.8736982
470	622	5	4.3359566
470	590	6	1.8664341
470	104	7	3.4717212
470	47	8	2.6100745
470	333	9	3.2977567
470	1368	10	3.1502876
526	2758	1	2.66183
526	629	2	1.7069448
526	2004	3	2.65175
526	3883	4	1.810983
526	30	5	1.0031184
526	2292	6	2.6267686
526	739	7	2.49622
526	599	8	1.4933319
526	654	9	2.4079697
526	1782	10	1.9907011
562	11	1	3.7037275
562	201	2	4.015925
562	3718	3	3.6338532
562	495	4	2.8186257
562	30	5	2.707439
562	242	6	3.5763774
562	599	7	3.7205653
562	82	8	3.438171
562	43	9	4.000595
562	3073	10	3.4184947
151	19	1	3.467412
151	2110	2	2.9233193
151	843	3	3.3221734
151	243	4	2.2353535
151	30	5	2.7682807
151	1315	6	1.8884132
151	1410	7	3.169416
151	47	8	1.9369817
151	196	9	3.0497456
151	539	10	1.9068896
752	278	1	2.082749
752	869	2	1.7705072
752	1838	3	1.9265649
752	3929	4	1.4756953
752	30	5	1.9165361
752	1112	6	1.4575028
752	1998	7	0.890187
752	911	8	2.2854102
752	1711	9	1.4446776
752	96	10	1.4504402
586	843	1	2.9013278
586	2110	2	3.2086549
586	456	3	2.759375
586	439	4	2.4092274
586	1983	5	2.4655795
586	278	6	2.7213612
586	599	7	1.9402689
586	109	8	2.6014776
586	391	9	2.6094275
586	96	10	2.232393
651	216	1	4.83017
651	721	2	4.1960087
651	53	3	4.5246706
651	243	4	4.3540664
651	30	5	4.4788256
651	2503	6	2.5741086
651	258	7	4.395771
651	172	8	2.3864872
651	4017	9	4.3064795
651	3718	10	4.2080107
691	219	1	1.9319639
691	2099	2	1.8988143
691	913	3	1.9104203
691	383	4	2.0926003
691	30	5	1.8550111
691	1315	6	1.2329195
691	37	7	1.8964968
691	47	8	1.2591832
691	4017	9	1.8910996
691	2043	10	1.4037287
