user_id	item_id	rank	score
88	672	1	4.9492073
88	1761	2	3.5454123
88	77	3	4.196291
88	439	4	3.8708658
88	1983	5	3.8523479
88	456	6	4.0659275
88	1197	7	2.739318
88	139	8	3.7534332
88	229	9	4.2277894
88	3090	10	3.370321
933	62	1	4.0161037
933	369	2	3.7917943
933	3718	3	3.9699416
933	495	4	2.973864
933	30	5	4.144312
933	1315	6	2.0392385
933	1449	7	3.9082394
933	47	8	3.8210459
933	221	9	3.8545668
933	219	10	3.7972355
858	1368	1	3.4600773
858	1341	2	3.8138657
858	215	3	3.31702
858	320	4	3.428968
858	71	5	3.1546016
858	2503	6	3.1620111
858	732	7	3.2675338
858	599	8	3.0953553
858	311	9	3.1904035
858	229	10	2.3082786
884	672	1	3.6018457
884	168	2	3.7704182
884	84	3	3.4908872
884	243	4	3.2880197
884	622	5	2.9480057
884	152	6	3.466329
884	599	7	3.8162942
884	196	8	3.4454474
884	229	9	3.574031
884	43	10	3.6088781
549	139	1	3.1269813
549	1761	2	2.7712684
549	501	3	2.9410572
549	439	4	2.89815
549	1926	5	3.5744276
549	479	6	2.881372
549	47	7	2.6574428
549	229	8	3.4429178
549	53	9	2.8654087
549	717	10	2.8454313
67	672	1	4.33809
67	1761	2	2.8865967
67	77	3	3.7059116
67	439	4	3.3744764
67	1983	5	3.2772446
67	1315	6	2.0081723
67	456	7	3.6870646
67	200	8	3.5161648
67	229	9	3.8471406
67	501	10	3.0869818
701	4017	1	2.0571938
701	168	2	1.5556638
701	4021	3	2.0466144
701	296	4	1.4939275
701	1161	5	1.3289124
701	77	6	2.0406034
701	200	7	1.8221583
701	1114	8	1.9552183
701	3138	9	1.0812969
701	4029	10	1.6163476
742	196	1	4.4098873
742	369	2	4.727547
742	216	3	4.211602
742	3273	4	3.4202874
742	430	5	3.9119544
742	2503	6	4.1930504
742	3718	7	4.1685743
742	200	8	2.9609408
742	242	9	4.1429586
742	492	10	3.8358073
930	732	1	3.2287602
930	369	2	4.201685
930	242	3	3.108347
930	495	4	3.4586673
930	30	5	2.8924146
930	2503	6	2.406426
930	311	7	3.018691
930	599	8	3.2704787
930	333	9	2.9312615
930	229	10	2.3512554
781	84	1	3.9444075
781	231	2	3.5409827
781	1449	3	2.9906907
781	320	4	3.9299347
781	72	5	2.7623515
781	219	6	2.98378
781	599	7	4.511768
781	1484	8	4.5535073
781	515	9	2.964782
781	43	10	3.9328604
878	227	1	3.6185775
878	231	2	4.050907
878	631	3	3.371214
878	3929	4	2.4021578
878	622	5	3.0478077
878	1315	6	1.9086777
878	258	7	3.1848168
878	1066	8	2.9838572
878	221	9	3.4337738
878	62	10	3.1644833
190	4020	1	3.5734005
190	1697	2	2.7103708
190	682	3	3.3525207
190	296	4	2.9728248
190	1926	5	4.100662
190	1315	6	2.0164595
190	4021	7	3.3281343
190	47	8	3.2941248
190	53	9	3.3186085
190	391	10	2.2792041
682	2400	1	3.236517
682	1533	2	3.7347126
682	3532	3	2.7570386
682	1134	4	2.330452
682	2098	5	2.5332742
682	599	6	1.7133564
682	3776	7	2.2569206
682	1281	8	1.8625916
682	1421	9	3.238622
682	2548	10	2.231604
28	84	1	3.9340682
28	226	2	2.7182965
28	1106	3	3.4905176
28	3929	4	3.0964267
28	30	5	3.2152376
28	1315	6	1.750821
28	1211	7	3.3486958
28	1066	8	2.4296017
28	988	9	3.2318604
28	911	10	2.2801268
799	485	1	3.8843493
799	108	2	3.8198085
799	258	3	3.7859912
799	495	4	3.0848646
799	30	5	3.537269
799	1315	6	2.2089324
799	152	7	3.6928623
799	47	8	2.8846178
799	391	9	3.5903766
799	0	10	3.4837122
41	672	1	3.7093313
41	2108	2	4.4477825
41	479	3	3.4011154
41	439	4	3.1886294
41	1926	5	4.1854076
41	1315	6	2.2261786
41	53	7	3.2880502
41	47	8	3.3910956
41	3718	9	3.2661753
41	539	10	2.8553545
294	3718	1	3.4704313
294	238	2	3.693345
294	215	3	3.2716951
294	686	4	2.5227742
294	622	5	4.225389
294	62	6	3.212126
294	47	7	3.399859
294	242	8	3.1318402
294	1794	9	2.1276627
294	551	10	3.0950413
331	0	1	3.1741571
331	721	2	3.786198
331	843	3	3.0322223
331	243	4	2.7596974
331	622	5	2.7392066
331	258	6	2.9239323
331	47	7	3.276873
331	229	8	3.3467531
331	216	9	2.7975955
331	43	10	3.0712943
415	62	1	3.8584056
415	24	2	4.066947
415	732	3	3.7968438
415	3275	4	1.9076278
415	71	5	3.4773924
415	2503	6	2.2505147
415	631	7	3.498015
415	172	8	1.9666139
415	3718	9	3.4203906
415	391	10	2.894291
679	456	1	3.416107
679	597	2	3.336538
679	77	3	3.2008886
679	439	4	2.811653
679	1926	5	3.0748267
679	176	6	3.0686488
679	599	7	2.6844025
679	229	8	3.7054377
679	672	9	3.0411198
679	641	10	2.8726392
493	62	1	3.5873892
493	201	2	3.8052
493	311	3	3.484129
493	686	4	2.6841273
493	71	5	2.3898368
493	2503	6	2.0206099
493	242	7	3.4724135
493	1353	8	2.395928
493	82	9	3.2198381
493	3073	10	2.8314972
751	227	1	3.9792664
751	231	2	2.9938564
751	84	3	3.8283043
751	320	4	2.9163218
751	1321	5	2.7963963
751	1315	6	1.9406513
751	874	7	2.978586
751	599	8	3.9141393
751	515	9	2.8924332
751	1602	10	2.5845876
8	216	1	4.4849215
8	721	2	3.7179236
8	196	3	3.5707273
8	28	4	2.828233
8	30	5	2.9985704
8	1315	6	1.8670073
8	53	7	3.411292
8	172	8	2.2159746
8	73	9	3.1978672
8	229	10	1.9156433
55	843	1	3.7852554
55	2110	2	3.878988
55	479	3	3.7158391
55	439	4	3.0576742
55	1983	5	2.8969216
55	84	6	3.4536273
55	599	7	4.270156
55	109	8	3.4465094
55	391	9	2.8748226
55	4029	10	3.8742576
262	682	1	3.4957132
262	1697	2	3.0626922
262	479	3	3.4097118
262	936	4	3.6640697
262	4016	5	2.9590654
262	1315	6	2.4903796
262	152	7	3.1250396
262	47	8	3.815343
262	702	9	2.96118
262	1794	10	2.3883927
376	672	1	4.071891
376	860	2	4.0016875
376	4020	3	3.658909
376	439	4	3.3974013
376	1983	5	3.4883592
376	1315	6	2.3323183
376	77	7	3.3783426
376	200	8	3.2053628
376	53	9	3.3237445
376	391	10	2.214508
760	216	1	3.9439316
760	369	2	4.071723
760	1925	3	3.7449095
760	3275	4	3.1956995
760	430	5	3.8575752
760	242	6	3.6706264
760	200	7	3.1271176
760	95	8	3.5119214
760	43	9	3.4899292
760	3718	10	3.442033
387	2400	1	2.5639472
387	1424	2	2.748539
387	3796	3	2.2916317
387	2912	4	1.7320395
387	3434	5	1.9699454
387	3286	6	1.6996589
387	2577	7	2.109486
387	1881	8	1.5232702
387	4357	9	2.0890026
387	2599	10	2.0521824
812	732	1	3.9141133
812	185	2	4.142573
812	351	3	3.9054546
812	495	4	2.947556
812	72	5	4.113011
812	631	6	3.8157573
812	47	7	3.499551
812	62	8	3.8066254
812	1484	9	3.5610852
812	278	10	3.7710376
395	672	1	3.9148035
395	231	2	2.449449
395	216	3	3.609111
395	296	4	2.9627442
395	1983	5	2.9758236
395	1315	6	2.1695447
395	3718	7	3.5855558
395	200	8	3.6005712
395	229	9	4.5817356
395	4020	10	3.4296358
654	2955	1	2.8592787
654	1522	2	2.506655
654	955	3	2.779655
654	1610	4	2.6205359
654	4394	5	1.9512873
654	2451	6	2.6278722
654	1197	7	2.4225779
654	1705	8	2.5857093
654	229	9	1.4568089
654	1631	10	2.526988
579	4017	1	4.142856
579	860	2	3.3242292
579	4020	3	4.131995
579	439	4	2.7783537
579	1983	5	3.0959692
579	4021	6	3.719415
579	200	7	2.799354
579	229	8	4.0388265
579	1854	9	3.1424413
579	501	10	3.0527732
39	139	1	3.277811
39	902	2	3.033547
39	682	3	3.1754022
39	936	4	3.2860842
39	1926	5	3.8488455
39	3251	6	3.1184
39	47	7	3.214127
39	641	8	3.0932307
39	391	9	2.3164182
39	2125	10	3.0868492
824	53	1	3.1147752
824	238	2	3.6338859
824	1925	3	3.0325758
824	3275	4	2.8932395
824	430	5	2.9529002
824	1315	6	1.6630684
824	3718	7	2.6642513
824	599	8	1.9561664
824	95	9	2.5782948
824	229	10	1.561444
268	227	1	4.5453334
268	185	2	3.87914
268	258	3	4.350543
268	495	4	3.075705
268	622	5	4.2060547
268	1315	6	2.5493839
268	1449	7	3.9270272
268	47	8	3.4884257
268	0	9	3.8667395
268	391	10	3.6864376
472	84	1	4.62367
472	231	2	4.044517
472	258	3	3.7440987
472	754	4	2.2951255
472	30	5	3.550726
472	1315	6	2.1309574
472	62	7	3.7347798
472	47	8	3.0788403
472	227	9	3.647866
472	391	10	3.5400093
775	3718	1	4.3997955
775	108	2	2.943137
775	84	3	3.5446026
775	495	4	2.8873634
775	72	5	2.3844957
775	1315	6	1.9110496
775	351	7	3.4682007
775	599	8	4.287836
775	11	9	3.4075203
775	391	10	2.7431102
608	732	1	4.375208
608	231	2	4.036741
608	227	3	4.1826754
608	495	4	4.1759133
608	71	5	3.5963583
608	2503	6	2.0671437
608	84	7	3.8120732
608	47	8	4.2701025
608	3718	9	3.7054105
608	221	10	2.6871574
233	227	1	4.148394
233	238	2	4.701473
233	84	3	3.9168425
233	206	4	2.1173618
233	30	5	3.2755497
233	219	6	3.5790782
233	1353	7	2.5698285
233	631	8	3.5498123
233	229	9	2.7964895
233	614	10	4.606038
920	278	1	3.4810667
920	231	2	3.1847913
920	84	3	3.3987708
920	320	4	2.3954816
920	1321	5	3.1165297
920	2060	6	1.7541972
920	1449	7	3.253829
920	1066	8	3.7784367
920	911	9	3.3754787
920	1466	10	3.1665301
523	672	1	4.2813025
523	1761	2	3.098745
523	1854	3	3.7490687
523	936	4	3.8742795
523	1983	5	3.2865238
523	641	6	3.6102085
523	200	7	3.195097
523	4021	8	3.5784545
523	229	9	3.365815
523	2125	10	3.1968713
237	732	1	4.1955547
237	231	2	3.4656246
237	62	3	3.640808
237	495	4	3.6056526
237	72	5	2.868795
237	311	6	3.5540433
237	47	7	3.8599696
237	84	8	3.5274484
237	1794	9	2.91718
237	227	10	3.4048061
328	843	1	3.6438553
328	2108	2	4.2404494
328	77	3	3.4274952
328	296	4	2.986598
328	1926	5	3.257391
328	4017	6	3.3753536
328	47	7	2.176369
328	672	8	3.2867966
328	229	9	2.9887922
328	4029	10	4.1818905
424	216	1	3.9779785
424	46	2	4.186423
424	62	3	3.9523098
424	686	4	3.2769322
424	30	5	4.538624
424	351	6	3.9335861
424	599	7	4.627331
424	631	8	3.716362
424	229	9	3.7384086
424	227	10	3.6807203
60	152	1	3.8026073
60	821	2	3.81835
60	631	3	3.670156
60	320	4	4.3310823
60	622	5	3.19026
60	1315	6	2.7290833
60	351	7	3.546996
60	47	8	3.2243798
60	229	9	4.112942
60	258	10	3.455274
598	456	1	3.3694696
598	231	2	2.735962
598	109	3	3.3511205
598	936	4	2.9892488
598	622	5	2.535674
598	1315	6	1.9150965
598	19	7	3.231826
598	200	8	3.203287
598	84	9	3.1888747
598	391	10	2.4822938
306	732	1	4.619502
306	431	2	4.4993505
306	1578	3	4.464385
306	320	4	4.391912
306	71	5	3.5457125
306	2503	6	2.8172204
306	62	7	4.4498415
306	599	8	4.6071444
306	216	9	4.0061502
306	2043	10	2.6312895
842	492	1	3.8460038
842	2110	2	4.0857453
842	53	3	3.6513338
842	320	4	2.6457672
842	71	5	2.6240516
842	2503	6	2.8008249
842	706	7	3.419613
842	599	8	2.8919735
842	82	9	3.3951046
842	391	10	2.3286166
136	4021	1	3.7597425
136	168	2	4.220542
136	672	3	3.7091131
136	439	4	2.9662285
136	1926	5	2.726182
136	210	6	3.5378287
136	599	7	3.4791641
136	229	8	3.7527323
136	109	9	3.1088614
136	43	10	2.8086753
256	227	1	2.8715432
256	231	2	3.1935143
256	152	3	2.8253546
256	243	4	1.715176
256	30	5	2.173555
256	351	6	2.6312337
256	1066	7	2.1386824
256	311	8	2.503041
256	1794	9	2.5189276
256	43	10	2.9392087
803	216	1	3.521224
803	24	2	2.9598684
803	492	3	3.2894454
803	3275	4	2.618106
803	430	5	3.0045297
803	2503	6	3.399271
803	196	7	3.227686
803	172	8	2.0011704
803	3075	9	3.1919625
803	3074	10	3.0136695
361	682	1	3.107523
361	1526	2	2.9461415
361	139	3	3.049807
361	296	4	3.336656
361	1983	5	3.6989517
361	501	6	2.9986396
361	47	7	2.999485
361	641	8	2.8839355
361	539	9	2.107098
361	43	10	2.4733987
610	672	1	2.893052
610	597	2	2.5866075
610	4021	3	2.7476282
610	439	4	2.8303614
610	1321	5	2.360794
610	109	6	2.3989844
610	599	7	2.7044473
610	229	8	2.8101974
610	84	9	2.3797455
610	4029	10	2.8626218
488	3718	1	4.5673175
488	185	2	4.235811
488	278	3	4.0659304
488	3929	4	2.880109
488	30	5	4.827584
488	1315	6	2.6652265
488	1449	7	3.9614978
488	1066	8	2.7813597
488	221	9	3.8267975
488	73	10	3.367044
215	84	1	2.10105
215	2062	2	1.9129033
215	750	3	1.94943
215	3929	4	2.541438
215	305	5	2.16748
215	4530	6	1.4903738
215	219	7	1.8904642
215	599	8	1.3909936
215	2735	9	1.8550881
215	229	10	1.6348157
104	227	1	4.0127654
104	721	2	3.911487
104	84	3	3.8497257
104	320	4	4.5143023
104	72	5	3.1849816
104	311	6	3.698964
104	47	7	3.7943974
104	19	8	3.410256
104	229	9	2.886223
104	351	10	3.395636
905	3718	1	4.0533886
905	721	2	3.2939084
905	84	3	3.393034
905	243	4	3.6337872
905	30	5	3.7265782
905	351	6	3.2281222
905	47	7	3.2741349
905	311	8	3.0602677
905	1794	9	2.5183535
905	732	10	2.9867764
804	336	1	3.4076056
804	593	2	1.0373996
804	1366	3	2.5578117
804	3215	4	1.0839776
804	876	5	2.6775384
804	1330	6	2.256895
804	2368	7	2.2162368
804	3669	8	2.127487
804	1634	9	1.0390278
804	2151	10	2.006341
261	3073	1	3.6333246
261	369	2	3.5306158
261	3072	3	3.5042155
261	320	4	2.6453977
261	430	5	2.6739292
261	2503	6	2.857228
261	227	7	3.468279
261	599	8	2.6670833
261	3718	9	3.327485
261	196	10	3.0995865
106	84	1	3.5986638
106	24	2	4.1213713
106	732	3	3.5258214
106	495	4	3.2370362
106	71	5	3.0825884
106	2503	6	2.4263816
106	82	7	3.4319973
106	599	8	4.008979
106	216	9	3.3341296
106	391	10	2.6245732
686	889	1	3.27337
686	173	2	3.250155
686	417	3	3.0737705
686	320	4	2.416523
686	1315	5	1.6212742
686	152	6	2.8844385
686	1066	7	1.9128127
686	913	8	2.6027195
686	391	9	2.2736857
686	43	10	2.2155252
321	3718	1	4.3346243
321	369	2	4.821639
321	196	3	4.111595
321	495	4	3.6033666
321	430	5	3.288707
321	2503	6	3.720174
321	333	7	4.0419273
321	599	8	3.8717823
321	242	9	3.953951
321	391	10	2.6954927
161	95	1	3.5555525
161	369	2	3.766275
161	62	3	3.530716
161	495	4	3.211906
161	71	5	2.9979882
161	2503	6	2.56293
161	631	7	3.401227
161	599	8	3.0480971
161	311	9	3.1733723
161	1350	10	2.2111375
846	1215	1	1.8497292
846	977	2	1.7670686
846	672	3	1.828747
846	303	4	2.2335413
846	30	5	1.8396243
846	837	6	1.7126111
846	1333	7	1.8121612
846	363	8	1.2876484
846	1426	9	1.776163
846	229	10	1.2393852
89	62	1	3.8684638
89	369	2	4.7410617
89	84	3	3.763669
89	686	4	2.8268054
89	30	5	3.0523186
89	2503	6	2.188373
89	631	7	3.6653552
89	95	8	3.513002
89	1794	9	2.778487
89	82	10	3.5119972
263	672	1	4.744167
263	2550	2	2.8330264
263	4020	3	4.5991898
263	936	4	3.5797744
263	1926	5	4.354064
263	4021	6	4.084426
263	200	7	3.6733472
263	77	8	3.975637
263	1794	9	2.6047573
263	43	10	3.1459823
72	84	1	3.782476
72	231	2	3.6555521
72	732	3	3.586963
72	495	4	3.383079
72	30	5	4.1127243
72	2503	6	2.0315886
72	311	7	3.471569
72	599	8	4.3247166
72	229	9	3.3739285
72	62	10	3.397378
271	732	1	3.3199465
271	231	2	3.657187
271	631	3	3.1888652
271	243	4	2.968124
271	622	5	3.2901993
271	219	6	3.0337954
271	47	7	2.8386192
271	372	8	2.7997413
271	152	9	2.7626154
271	4029	10	2.2479413
735	456	1	3.3148646
735	2110	2	3.7659478
735	501	3	3.3052526
735	147	4	3.4196289
735	1983	5	3.539184
735	479	6	3.2881932
735	200	7	2.4948583
735	229	8	4.418986
735	1139	9	3.1800694
735	753	10	3.1583908
501	196	1	4.9651976
501	369	2	4.8100653
501	216	3	4.7872024
501	3275	4	3.499506
501	71	5	3.7815819
501	242	6	4.5136166
501	172	7	3.0605812
501	492	8	4.108758
501	43	9	4.246116
501	806	10	3.9638045
787	732	1	4.3166723
787	231	2	4.569395
787	62	3	4.1174774
787	243	4	4.8801975
787	30	5	4.211274
787	1315	6	2.5588396
787	351	7	4.028395
787	47	8	3.9661932
787	311	9	3.9461694
787	221	10	3.5862627
389	732	1	3.7837448
389	238	2	4.036023
389	62	3	3.6711838
389	243	4	4.754362
389	72	5	2.828586
389	11	6	3.5687675
389	47	7	4.044982
389	311	8	3.3967218
389	1794	9	2.7615395
389	84	10	3.3783898
124	843	1	4.5048866
124	597	2	4.886738
124	456	3	4.261989
124	936	4	3.6074986
124	1983	5	3.7758405
124	139	6	3.4324827
124	47	7	2.9808106
124	479	8	3.3225183
124	2108	9	4.884901
124	501	10	3.2710044
794	227	1	4.1722126
794	238	2	4.753151
794	11	3	4.1298194
794	686	4	3.1811152
794	30	5	3.6811075
794	7	6	3.9042182
794	694	7	2.7377174
794	372	8	3.7058914
794	229	9	3.2301192
794	95	10	3.6659744
441	258	1	3.8509889
441	24	2	3.0491948
441	62	3	3.800972
441	3929	4	3.0257075
441	622	5	3.7836635
441	1315	6	2.322508
441	152	7	3.5752792
441	1066	8	2.8317204
441	221	9	3.506454
441	43	10	4.853364
382	84	1	4.6237693
382	821	2	4.1706104
382	62	3	4.2220473
382	495	4	3.1526484
382	72	5	2.331153
382	227	6	3.7124116
382	1066	7	2.199081
382	372	8	3.684039
382	1794	9	3.828442
382	631	10	3.6299007
721	11	1	2.0821154
721	3088	2	2.1650221
721	258	3	2.0801864
721	28	4	1.4008517
721	1400	5	3.0140421
721	622	6	2.0343359
721	353	7	2.0395498
721	200	8	1.2487805
721	130	9	2.0260696
721	1456	10	1.2681756
408	3718	1	4.6413755
408	504	2	4.0692315
408	62	3	4.5081983
408	686	4	2.6589575
408	70	5	3.2250655
408	84	6	4.367942
408	694	7	2.7715073
408	7	8	4.0190725
408	1794	9	2.8522491
408	551	10	3.8980923
145	53	1	4.2374263
145	2108	2	3.689885
145	139	3	4.1511335
145	28	4	3.3515482
145	30	5	4.1393604
145	420	6	2.8518455
145	641	7	4.0574646
145	49	8	3.8774953
145	492	9	3.6587667
145	43	10	2.843035
416	3073	1	2.871661
416	201	2	3.2134166
416	95	3	2.7782598
416	3275	4	2.197883
416	71	5	2.6878524
416	2503	6	2.43407
416	3718	7	2.7193713
416	599	8	2.8164167
416	1925	9	2.6697307
416	1794	10	1.560233
179	3074	1	4.1321297
179	721	2	4.186874
179	333	3	3.8241599
179	495	4	3.5214367
179	30	5	3.2225783
179	2503	6	3.4494464
179	95	7	3.6976342
179	200	8	3.3250928
179	242	9	3.6752071
179	229	10	2.4152555
877	77	1	3.808619
877	1761	2	2.97767
877	948	3	3.0365949
877	439	4	3.1427963
877	2800	5	3.017969
877	501	6	2.9871671
877	47	7	2.6133215
877	641	8	2.9545202
877	2125	9	2.9478822
877	1697	10	2.8954012
24	227	1	3.498876
24	369	2	3.656077
24	82	3	3.441338
24	320	4	2.9279451
24	72	5	3.4298747
24	2503	6	2.4574482
24	11	7	3.365362
24	599	8	3.255577
24	3718	9	3.1229138
24	391	10	2.475202
141	672	1	2.5861864
141	2110	2	2.7027435
141	4017	3	2.502804
141	320	4	2.6769288
141	622	5	1.8723931
141	3718	6	2.4370205
141	599	7	3.1720402
141	210	8	2.4126844
141	391	9	2.3231323
141	43	10	2.9000325
891	1925	1	4.285727
891	1171	2	2.9473872
891	3718	3	4.193512
891	2135	4	2.5276372
891	71	5	3.8860316
891	590	6	2.3572998
891	95	7	4.0165157
891	172	8	2.9634304
891	81	9	3.7619948
891	492	10	3.629793
319	219	1	4.1573057
319	821	2	3.8762934
319	351	3	4.003772
319	243	4	4.6786547
319	622	5	4.586395
319	19	6	3.9665563
319	47	7	3.961862
319	311	8	3.8835936
319	229	9	4.121246
319	631	10	3.7812572
3	210	1	4.32917
3	2110	2	3.7813702
3	109	3	4.239538
3	147	4	3.6222453
3	30	5	4.6864004
3	1854	6	3.6552427
3	200	7	2.8455973
3	456	8	3.5965202
3	843	9	3.395467
3	2108	10	3.7065635
434	889	1	3.3723724
434	3342	2	3.001989
434	117	3	2.3697002
434	3929	4	2.2076342
434	620	5	1.213367
434	2060	6	1.4507394
434	2599	7	2.2297006
434	599	8	1.5448523
434	3138	9	2.5382388
434	3532	10	2.2120352
125	219	1	3.321889
125	821	2	3.0840485
125	631	3	3.0756636
125	243	4	3.4455667
125	30	5	3.5587482
125	19	6	2.9257038
125	47	7	3.1304824
125	3718	8	2.8391352
125	391	9	2.916959
125	43	10	3.8986804
391	11	1	4.041719
391	201	2	3.3082068
391	196	3	3.7414522
391	28	4	2.6085806
391	430	5	3.0900402
391	2503	6	3.5504236
391	3718	7	3.1063519
391	200	8	3.6904786
391	49	9	3.0510688
391	229	10	1.8491795
92	210	1	4.294752
92	168	2	4.4524517
92	4021	3	4.0347457
92	936	4	3.6636405
92	1926	5	3.3036048
92	843	6	3.9583483
92	200	7	4.004842
92	672	8	3.8780332
92	229	9	3.674807
92	43	10	2.7557855
164	139	1	3.1271458
164	860	2	3.381123
164	501	3	3.0879083
164	439	4	3.1396275
164	1926	5	3.7383862
164	717	6	3.0877495
164	47	7	2.9839764
164	479	8	3.0703154
164	53	9	3.0236735
164	43	10	1.9965305
670	242	1	4.1423197
670	330	2	3.436074
670	914	3	3.8858662
670	495	4	3.0090787
670	71	5	3.9246764
670	590	6	2.5531945
670	1578	7	3.841974
670	200	8	2.6705751
670	3718	9	3.441318
670	156	10	1.9489567
137	874	1	2.2182193
137	185	2	1.5695648
137	1466	3	2.1336048
137	2065	4	1.3453094
137	1321	5	1.6854541
137	2942	6	1.1155572
137	39	7	1.5288808
137	1066	8	1.7451622
137	221	9	2.1437883
137	794	10	1.4979773
220	732	1	4.8634243
220	821	2	4.76705
220	219	3	4.739394
220	686	4	2.6766942
220	30	5	4.2769766
220	631	6	4.6520634
220	1066	7	2.844057
220	152	8	4.6479216
220	221	9	4.3606358
220	278	10	4.586872
309	621	1	2.1344934
309	2077	2	1.898524
309	1971	3	1.6718736
309	458	4	4.0549197
309	56	5	1.5033636
309	4001	6	1.5647871
309	1985	7	1.5511789
309	353	8	1.3879166
309	218	9	1.4028014
309	440	10	1.3274553
914	196	1	3.921184
914	369	2	3.2400055
914	11	3	3.3829877
914	320	4	2.5107932
914	430	5	2.4131382
914	2503	6	2.0829535
914	82	7	3.321765
914	1197	8	1.9111353
914	3074	9	3.0762138
914	1794	10	2.0389123
94	732	1	3.9573054
94	369	2	4.3719683
94	62	3	3.6612659
94	495	4	3.3354392
94	30	5	3.4315248
94	2503	6	2.0808098
94	11	7	3.660432
94	47	8	4.66439
94	311	9	3.5644164
94	391	10	3.1463757
707	874	1	3.492702
707	821	2	3.136585
707	515	3	3.4425466
707	320	4	3.802398
707	72	5	3.5321188
707	1466	6	3.3695927
707	599	7	4.7452397
707	911	8	4.413799
707	258	9	3.2015367
707	43	10	3.9467783
348	672	1	3.9319577
348	597	2	3.356399
348	4020	3	3.414462
348	901	4	2.5584044
348	1926	5	3.3636498
348	109	6	3.3274674
348	599	7	2.5113473
348	77	8	3.2855728
348	1794	9	2.4916582
348	456	10	2.721202
129	843	1	3.4184208
129	2108	2	4.1998634
129	672	3	3.4061298
129	147	4	2.6987329
129	1926	5	2.953177
129	2503	6	1.7598681
129	4020	7	3.237084
129	47	8	3.7366328
129	53	9	3.215557
129	4029	10	3.636891
7	456	1	4.8361607
7	826	2	3.5196924
7	479	3	4.24292
7	944	4	3.9336367
7	1926	5	5.001748
7	3085	6	4.1618857
7	200	7	3.8770652
7	2125	8	3.7447743
7	271	9	3.7012768
7	682	10	3.687149
160	840	1	2.1744256
160	763	2	2.225843
160	1112	3	2.0694036
160	320	4	2.308766
160	1321	5	1.8518298
160	682	6	2.0499716
160	599	7	2.3218012
160	84	8	2.019224
160	4094	9	2.1443121
160	43	10	2.0972564
248	210	1	3.2482147
248	860	2	2.7236135
248	4017	3	3.0387952
248	320	4	2.574526
248	1983	5	2.876223
248	1315	6	2.063225
248	216	7	2.9794905
248	47	8	3.4504628
248	672	9	2.9309652
248	1794	10	2.2369685
247	3718	1	3.8959122
247	504	2	3.758567
247	227	3	3.7487335
247	495	4	3.1971345
247	30	5	3.577097
247	225	6	1.8705418
247	372	7	3.6861272
247	1066	8	2.0922427
247	229	9	3.6334558
247	152	10	3.5529437
14	109	1	4.3211517
14	168	2	4.167686
14	672	3	4.121975
14	936	4	3.1789875
14	1926	5	3.0884726
14	4021	6	4.085163
14	200	7	2.3520083
14	753	8	4.063815
14	229	9	2.7233746
14	77	10	3.5079317
354	672	1	4.3260775
354	860	2	3.103093
354	77	3	4.0632277
354	296	4	3.1852026
354	1983	5	2.7215822
354	843	6	4.0416765
354	200	7	3.805624
354	4021	8	3.9760487
354	391	9	2.1025405
354	1854	10	3.7894087
802	90	1	3.2177544
802	330	2	3.2563524
802	1636	3	3.1677008
802	495	4	2.691721
802	70	5	3.2488523
802	766	6	2.7925434
802	196	7	3.1631136
802	1732	8	2.1256466
802	2530	9	3.1329165
802	1350	10	2.192543
182	3270	1	2.9095411
182	2576	2	3.1053557
182	580	3	2.83799
182	1830	4	2.571922
182	3434	5	1.6988076
182	579	6	2.7073674
182	200	7	1.8290119
182	1726	8	2.414661
182	1452	9	1.970711
182	1854	10	2.319407
592	242	1	4.288211
592	721	2	4.2811604
592	806	3	4.1788216
592	3273	4	3.707273
592	71	5	4.129903
592	1003	6	2.438908
592	3718	7	3.8490796
592	172	8	3.0110383
592	1688	9	3.8164651
592	156	10	2.2895267
769	196	1	4.6969833
769	218	2	3.8537345
769	914	3	3.994739
769	3273	4	3.7994123
769	455	5	3.9118178
769	590	6	2.9372425
769	1688	7	3.9900932
769	1893	8	3.8807096
769	156	9	2.325636
769	423	10	3.6403408
32	351	1	3.8588102
32	821	2	3.8794808
32	219	3	3.8562684
32	243	4	4.312148
32	30	5	3.7444637
32	1315	6	1.782984
32	732	7	3.641881
32	47	8	3.5961657
32	631	9	3.612621
32	391	10	3.375879
546	3075	1	3.629501
546	369	2	3.229323
546	3074	3	3.5780904
546	3275	4	2.1828501
546	430	5	3.3971221
546	2503	6	3.085739
546	3718	7	3.512569
546	200	8	2.9967337
546	11	9	3.3436213
546	391	10	1.6910968
277	558	1	1.6813694
277	2111	2	1.2684448
277	1122	3	1.6578237
277	1133	4	1.9587868
277	30	5	1.172883
277	2942	6	1.4125845
277	734	7	1.5273386
277	1881	8	1.085742
277	538	9	1.5164393
277	3138	10	1.018945
552	456	1	4.246092
552	2108	2	5.053622
552	53	3	3.6897736
552	296	4	3.710634
552	1926	5	4.119932
552	479	6	3.6225123
552	47	7	3.8455958
552	501	8	3.3361607
552	1794	9	2.1613595
552	43	10	2.7715988
11	258	1	4.5637293
11	821	2	4.3830476
11	0	3	4.2692833
11	243	4	4.5309124
11	622	5	4.411734
11	1315	6	2.9869642
11	3718	7	4.1273565
11	47	8	4.3473053
11	229	9	4.6901565
11	62	10	4.114662
310	3796	1	3.3580618
310	3342	2	3.4556468
310	37	3	2.6568336
310	3929	4	2.412161
310	1161	5	1.9315116
310	1315	6	1.6853759
310	559	7	2.6375194
310	47	8	1.3541784
310	911	9	2.5105004
310	913	10	2.426708
191	258	1	4.669022
191	108	2	3.576006
191	62	3	4.607775
191	495	4	2.9613636
191	622	5	4.536889
191	1315	6	2.918667
191	732	7	4.414055
191	47	8	3.8347008
191	229	9	4.471019
191	311	10	4.3871384
607	479	1	4.2592525
607	860	2	3.9922342
607	456	3	4.204076
607	936	4	3.4144745
607	1926	5	4.1710324
607	1854	6	3.7160916
607	200	7	2.7797546
607	682	8	3.521072
607	1794	9	2.585881
607	2125	10	3.1293092
97	109	1	3.101827
97	597	2	3.0109715
97	210	3	2.9501157
97	320	4	2.3774695
97	1983	5	2.1395345
97	1854	6	2.7029922
97	200	7	1.9642384
97	84	8	2.6515117
97	1794	9	2.4942656
97	43	10	2.1904802
162	672	1	4.049803
162	148	2	2.7848055
162	109	3	3.7683566
162	936	4	2.9214454
162	1983	5	2.8349526
162	1854	6	3.405745
162	200	7	3.0625257
162	77	8	3.0538218
162	1794	9	2.6881742
162	4029	10	3.7275825
935	4020	1	4.00476
935	168	2	5.191313
935	84	3	3.8367958
935	320	4	3.5956316
935	1983	5	3.4245274
935	1315	6	2.6296406
935	77	7	3.69643
935	599	8	4.233442
935	351	9	3.6321847
935	391	10	3.131931
398	4017	1	4.338557
398	721	2	2.9025285
398	77	3	4.2396545
398	147	4	3.408642
398	1926	5	4.168214
398	1315	6	2.2459915
398	4020	7	3.891766
398	200	8	3.7156944
398	2125	9	3.7092488
398	1794	10	2.648164
102	479	1	3.6663508
102	1761	2	3.4224393
102	501	3	3.5773995
102	439	4	4.803791
102	2800	5	3.3755746
102	1315	6	2.7658803
102	948	7	3.459937
102	47	8	4.892991
102	229	9	4.7211742
102	2125	10	3.459054
810	672	1	3.96102
810	168	2	4.7713027
810	456	3	3.5692985
810	936	4	3.129672
810	1926	5	3.4109836
810	1854	6	3.515532
810	200	7	4.1881685
810	229	8	4.4764347
810	77	9	3.4671834
810	43	10	3.376637
739	351	1	3.1441574
739	46	2	3.6367357
739	62	3	3.0981264
739	495	4	3.504919
739	72	5	3.1134272
739	11	6	3.0090632
739	694	7	1.807419
739	216	8	2.9078777
739	1794	9	2.8133044
739	485	10	2.883451
296	139	1	4.291081
296	1526	2	3.757461
296	2390	3	4.0215874
296	936	4	4.5838556
296	620	5	3.2839112
296	3096	6	3.9653792
296	1197	7	3.217311
296	3085	8	3.9033275
296	229	9	4.275511
296	479	10	3.6362538
153	2649	1	2.2748857
153	314	2	1.1751897
153	491	3	1.9774678
153	379	4	1.375572
153	4062	5	1.6279522
153	1833	6	1.8440005
153	364	7	1.4299278
153	508	8	1.7145855
153	1362	9	1.2907603
153	493	10	1.7141819
339	227	1	4.20563
339	821	2	3.9165606
339	311	3	3.6428661
339	439	4	2.3930757
339	72	5	2.8474069
339	152	6	3.4814134
339	47	7	4.120514
339	62	8	3.461737
339	229	9	3.2497294
339	1449	10	3.1898134
883	682	1	2.939445
883	231	2	3.0649242
883	788	3	2.931755
883	439	4	1.6014125
883	1161	5	2.4283464
883	1315	6	1.865407
883	370	7	2.8920727
883	1066	8	2.6517172
883	911	9	2.7783399
883	311	10	2.727855
320	227	1	4.1362286
320	369	2	3.8477266
320	3718	3	4.0289564
320	495	4	2.9390483
320	1926	5	2.1732433
320	1315	6	2.209526
320	152	7	3.820485
320	47	8	4.4561787
320	229	9	4.04179
320	219	10	3.7537127
266	3718	1	3.786077
266	860	2	3.6242542
266	258	3	3.7629528
266	243	4	3.748302
266	4016	5	3.5375764
266	2503	6	3.0426338
266	456	7	3.6875532
266	1197	8	2.6721249
266	229	9	4.168303
266	0	10	3.5561295
815	631	1	3.6565032
815	213	2	4.0702085
815	243	3	4.928125
815	351	4	3.56934
815	58	5	2.1598353
815	219	6	3.4228456
815	599	7	4.0429497
815	3718	8	3.3835258
815	1794	9	2.806559
815	1156	10	3.328443
695	84	1	4.266417
695	231	2	4.206649
695	3718	3	4.0055113
695	686	4	2.5220604
695	71	5	3.2823052
695	2503	6	2.1703994
695	631	7	3.7971225
695	47	8	4.4340286
695	311	9	3.7963896
695	391	10	2.7819824
666	2400	1	3.9111867
666	884	2	2.7360423
666	2098	3	3.0419233
666	1133	4	2.8956132
666	1321	5	1.6872745
666	1626	6	2.9317698
666	1066	7	2.286778
666	3776	8	2.6599798
666	911	9	2.5776205
666	3532	10	2.6357956
712	210	1	3.7913184
712	168	2	3.9161978
712	641	3	3.512234
712	439	4	3.0682087
712	1926	5	3.5072248
712	672	6	3.2770462
712	200	7	3.240262
712	2125	8	3.2487812
712	539	9	2.1571476
712	4017	10	3.2352011
588	3718	1	4.2271843
588	24	2	3.9661584
588	62	3	3.6997929
588	495	4	3.2420206
588	71	5	1.6110685
588	84	6	3.6840494
588	47	7	3.773176
588	631	8	3.2104807
588	221	9	2.3744707
588	311	10	3.2062252
728	672	1	4.2200327
728	1526	2	3.2330728
728	4020	3	3.8812606
728	936	4	3.4638968
728	1983	5	3.7411823
728	1315	6	1.941932
728	77	7	3.711272
728	200	8	3.718544
728	53	9	3.5782943
728	539	10	2.3298337
731	216	1	4.320631
731	721	2	4.1238947
731	196	3	4.287895
731	320	4	4.152154
731	30	5	4.065983
731	2503	6	3.363491
731	242	7	3.7173257
731	599	8	4.2285643
731	84	9	3.6969635
731	229	10	3.0891924
462	53	1	3.7408707
462	860	2	2.7002368
462	210	3	3.6793709
462	936	4	3.0020163
462	1983	5	2.8111796
462	2503	6	2.190763
462	456	7	3.148985
462	200	8	3.6738744
462	3075	9	3.0985236
462	391	10	2.2952073
795	3718	1	4.341565
795	24	2	3.9490268
795	227	3	4.1294293
795	686	4	2.1131675
795	30	5	3.5909586
795	1315	6	2.020855
795	631	7	4.065173
795	1066	8	1.8207462
795	229	9	3.5982304
795	152	10	3.4602962
915	1427	1	3.625629
915	3795	2	2.1141934
915	749	3	3.4472837
915	1133	4	2.2517638
915	305	5	1.9334602
915	4530	6	1.2017868
915	1308	7	2.6023104
915	2156	8	2.5388775
915	792	9	2.2671247
915	300	10	2.4287663
115	843	1	3.7692435
115	597	2	4.580454
115	501	3	3.358334
115	936	4	3.8270779
115	1926	5	3.7134755
115	139	6	3.3200622
115	47	7	3.4779277
115	456	8	3.2880926
115	2108	9	4.5550504
115	53	10	3.178243
696	2400	1	2.7901075
696	3342	2	3.6720662
696	2599	3	2.717543
696	303	4	2.1218123
696	1666	5	1.992589
696	559	6	2.2434525
696	3281	7	1.7011918
696	2605	8	2.1571915
696	911	9	1.1677599
696	3532	10	2.1008375
324	152	1	4.4627476
324	24	2	4.0579815
324	227	3	4.2291822
324	495	4	3.1940463
324	30	5	5.213428
324	1315	6	2.6390736
324	62	7	4.200987
324	1197	8	2.5834877
324	229	9	4.5997114
324	3718	10	4.0374317
352	82	1	4.063734
352	201	2	4.1427655
352	53	3	3.4612026
352	28	4	2.7257442
352	622	5	4.194344
352	2503	6	2.9916277
352	1925	7	3.4008632
352	200	8	3.6461027
352	333	9	3.3048148
352	391	10	2.5752053
334	84	1	3.8611197
334	821	2	3.3075833
334	3718	3	3.820417
334	243	4	3.8614345
334	622	5	3.7412999
334	1315	6	2.4017763
334	258	7	3.6454322
334	599	8	4.701508
334	219	9	3.6171522
334	1794	10	3.4255056
33	84	1	3.836946
33	369	2	3.3157554
33	311	3	3.4888453
33	686	4	1.9992417
33	72	5	3.5480733
33	225	6	1.6778886
33	351	7	3.3077083
33	1066	8	2.2259507
33	278	9	3.2035367
33	391	10	2.8589337
602	706	1	4.166636
602	721	2	4.113949
602	242	3	4.0997944
602	3273	4	3.117989
602	58	5	3.1951272
602	420	6	2.0269222
602	492	7	3.9001427
602	200	8	3.3980975
602	81	9	3.6359384
602	43	10	3.6739874
669	84	1	4.310999
669	231	2	4.1899195
669	351	3	4.251604
669	3929	4	2.061985
669	30	5	3.583381
669	62	6	4.1607685
669	14	7	2.3146172
669	227	8	4.034859
669	391	9	2.9337559
669	311	10	3.9581811
278	84	1	4.830198
278	185	2	4.324955
278	227	3	4.100071
278	243	4	2.3574376
278	72	5	2.5654123
278	225	6	2.5642138
278	351	7	3.8018723
278	1066	8	3.117935
278	911	9	3.5054839
278	152	10	3.4675813
128	4017	1	3.8427796
128	1526	2	3.4340796
128	4020	3	3.4556448
128	439	4	3.3072262
128	1983	5	4.0120707
128	1315	6	2.041162
128	141	7	3.4298573
128	200	8	3.0321753
128	479	9	3.388417
128	539	10	2.8937485
343	732	1	3.8266494
343	369	2	3.8634138
343	84	3	3.7337737
343	495	4	3.2986083
343	72	5	3.1968927
343	2503	6	1.9129602
343	7	7	3.4594307
343	47	8	3.6092806
343	631	9	3.409054
343	1794	10	2.6071293
626	3796	1	3.0232139
626	2133	2	2.5939944
626	337	3	2.6451964
626	320	4	2.1372867
626	620	5	1.7065799
626	1315	6	1.7969129
626	37	7	2.570471
626	47	8	1.6189878
626	911	9	2.6671329
626	672	10	2.421014
350	874	1	2.9529815
350	821	2	3.1579976
350	219	3	2.93548
350	243	4	2.7703533
350	622	5	2.803399
350	225	6	1.735513
350	63	7	2.877026
350	47	8	1.5955586
350	1484	9	3.9139526
350	62	10	2.6795545
38	196	1	3.9714103
38	369	2	3.1384807
38	216	3	3.5367887
38	28	4	2.4489532
38	30	5	2.8579354
38	420	6	1.6943569
38	333	7	3.1691904
38	47	8	4.460984
38	53	9	3.0692663
38	229	10	2.0239296
867	843	1	4.1969256
867	168	2	5.1897516
867	53	3	3.8495674
867	439	4	3.4397917
867	1926	5	3.8470185
867	456	6	3.7725515
867	47	7	3.2697997
867	3090	8	3.4587698
867	229	9	3.6107306
867	641	10	3.392339
800	456	1	2.0684557
800	2108	2	1.9382654
800	351	3	1.6650001
800	3929	4	1.9565239
800	620	5	1.5141594
800	2060	6	1.1354785
800	843	7	1.553578
800	599	8	1.7984427
800	391	9	1.8196185
800	210	10	1.5110623
49	672	1	4.6811457
49	597	2	4.6525846
49	4017	3	4.2155714
49	147	4	3.4021282
49	1983	5	3.5532184
49	1315	6	2.0048747
49	4020	7	3.6191278
49	200	8	3.1752942
49	4021	9	3.4457026
49	1794	10	2.1279507
830	843	1	4.3168116
830	168	2	4.0459023
830	1925	3	3.963398
830	936	4	3.7569556
830	622	5	3.3970919
830	2503	6	3.2327971
830	641	7	3.8159745
830	1197	8	2.148769
830	456	9	3.614359
830	229	10	3.119683
457	196	1	4.114571
457	529	2	3.5054722
457	1925	3	3.839991
457	320	4	3.5363126
457	72	5	3.3954692
457	2503	6	3.7191381
457	50	7	3.5255685
457	599	8	3.5140443
457	706	9	3.5001411
457	1578	10	3.49942
744	672	1	3.5295115
744	597	2	3.2874963
744	109	3	3.3042307
744	439	4	2.9607415
744	1926	5	3.4518805
744	1315	6	2.1189046
744	210	7	3.1117532
744	599	8	2.7799141
744	229	9	3.5538301
744	105	10	3.0932107
454	109	1	3.8982162
454	2108	2	3.9641852
454	843	3	3.7422748
454	439	4	2.7294083
454	1926	5	2.8182077
454	210	6	3.4710636
454	200	7	2.3948736
454	4017	8	3.2005625
454	1794	9	2.0311997
454	672	10	3.0783958
206	1449	1	3.6466498
206	231	2	4.0228076
206	258	3	3.3750257
206	3929	4	2.9043248
206	622	5	3.2947862
206	225	6	2.2992444
206	311	7	3.305172
206	47	8	2.3384585
206	391	9	3.5475912
206	62	10	3.195259
613	84	1	4.1987476
613	231	2	3.4985876
613	227	3	3.8700266
613	320	4	3.8892488
613	30	5	3.5685802
613	1315	6	2.2876363
613	732	7	3.3179092
613	1066	8	2.1366944
613	311	9	3.2272592
613	229	10	2.9233212
619	3796	1	3.0094573
619	3342	2	2.9177723
619	37	3	2.985177
619	320	4	2.0974336
619	2060	5	2.2155643
619	1321	6	1.518063
619	84	7	2.5565138
619	599	8	2.6872807
619	911	9	2.991858
619	152	10	2.487809
938	3718	1	3.5977917
938	721	2	3.4353056
938	492	3	3.5193255
938	3275	4	2.7781863
938	55	5	2.9899142
938	935	6	2.3803482
938	1693	7	3.4352322
938	172	8	2.123362
938	196	9	3.3813136
938	391	10	1.9532686
239	216	1	3.7994173
239	369	2	3.1534894
239	3718	3	3.3856258
239	320	4	3.5687542
239	622	5	4.060273
239	1315	6	2.1020372
239	196	7	3.2793298
239	200	8	2.536053
239	152	9	3.2563095
239	391	10	2.8310685
575	109	1	3.3210368
575	168	2	3.915478
575	4021	3	3.2841983
575	439	4	2.772843
575	1926	5	2.8828044
575	456	6	2.9892254
575	47	7	2.7048125
575	229	8	3.8996546
575	372	9	2.8537917
575	43	10	3.0798392
166	84	1	5.0471706
166	231	2	5.2052107
166	62	3	4.911583
166	686	4	3.3569622
166	72	5	3.5946667
166	227	6	4.67292
166	1353	7	2.2994924
166	631	8	4.278351
166	229	9	3.513999
166	7	10	3.990277
31	843	1	3.534403
31	860	2	2.9687176
31	196	3	3.2706633
31	147	4	3.0066156
31	1926	5	3.2246444
31	216	6	3.1313238
31	47	7	3.6445181
31	77	8	3.1105301
31	229	9	3.518527
31	456	10	3.0879207
467	753	1	4.5103607
467	1761	2	3.4495316
467	553	3	4.301818
467	383	4	1.948492
467	1926	5	1.8254365
467	717	6	3.7996361
467	543	7	3.7821896
467	2502	8	1.6543957
467	270	9	3.6892517
467	4029	10	2.467986
345	4020	1	4.1862707
345	548	2	2.5628858
345	77	3	3.9640098
345	936	4	3.4427958
345	4016	5	3.1501522
345	1315	6	2.293147
345	4021	7	3.7641587
345	47	8	3.4042275
345	641	9	3.5671434
345	1794	10	2.8609273
849	77	1	3.7162695
849	2550	2	2.6312137
849	479	3	3.2090707
849	439	4	3.3373609
849	1926	5	3.6790476
849	1315	6	2.049862
849	4021	7	3.2068613
849	200	8	3.0778556
849	2125	9	3.158156
849	539	10	2.915738
831	258	1	3.3878145
831	821	2	2.812723
831	0	3	3.1909444
831	320	4	3.582743
831	622	5	3.0874267
831	1315	6	1.8137387
831	219	7	2.9392571
831	47	8	3.0541053
831	152	9	2.8949938
831	229	10	2.7662344
567	3718	1	3.3397093
567	24	2	3.1511538
567	84	3	3.3237867
567	320	4	2.9409847
567	72	5	3.365602
567	11	6	3.0434723
567	599	7	2.7686648
567	82	8	2.9557805
567	391	9	1.8900671
567	43	10	3.557189
506	219	1	4.2575808
506	821	2	4.2481422
506	258	3	4.1346493
506	243	4	3.887248
506	72	5	4.161658
506	1315	6	1.9509869
506	0	7	3.8509798
506	47	8	2.9837682
506	221	9	4.9990416
506	351	10	3.8380213
730	732	1	3.5451233
730	24	2	2.904852
730	258	3	3.3979
730	3929	4	2.2033281
730	30	5	2.914947
730	346	6	1.6903285
730	0	7	3.0562575
730	47	8	2.9843745
730	391	9	2.9356909
730	43	10	4.298644
213	2125	1	3.8197598
213	1526	2	3.507775
213	3096	3	3.6128082
213	936	4	3.8659987
213	1926	5	4.779272
213	733	6	3.5737386
213	1197	7	2.7399945
213	229	8	4.097006
213	3090	9	3.5497077
213	753	10	3.5468314
624	7	1	3.7853189
624	238	2	3.553971
624	3718	3	3.5745015
624	495	4	3.6588714
624	30	5	3.1813846
624	278	6	3.370413
624	694	7	2.625781
624	215	8	3.3176136
624	391	9	3.7474852
624	515	10	3.121634
536	3718	1	3.7618809
536	369	2	4.0528135
536	11	3	3.3949466
536	686	4	2.4848287
536	30	5	2.645836
536	1315	6	1.6625445
536	631	7	3.236475
536	694	8	1.8531291
536	219	9	3.059536
536	391	10	2.6437926
481	196	1	3.8944852
481	431	2	3.741426
481	3074	3	3.6996713
481	320	4	3.62058
481	30	5	4.0699944
481	2503	6	3.0121942
481	84	7	3.4268053
481	599	8	3.9124904
481	333	9	3.372805
481	229	10	2.6099658
852	1868	1	2.3357956
852	3352	2	1.3313216
852	99	3	1.9751258
852	28	4	1.4823375
852	458	5	2.8979955
852	30	6	1.1453071
852	216	7	1.8939729
852	47	8	1.3502786
852	823	9	1.7738649
852	621	10	1.6547387
514	227	1	2.4355745
514	231	2	3.0248811
514	913	3	2.3296099
514	243	4	1.912525
514	30	5	2.5933695
514	2060	6	1.5945321
514	62	7	2.300241
514	1066	8	1.9879191
514	229	9	2.6052215
514	370	10	2.2077165
107	456	1	3.6802468
107	860	2	3.4692862
107	3075	3	3.657355
107	28	4	3.2177773
107	1983	5	3.0253325
107	2503	6	2.3845465
107	654	7	3.5098252
107	200	8	3.8570569
107	3718	9	3.4901671
107	229	10	3.1506493
156	29	1	4.192779
156	112	2	3.3091047
156	258	3	4.1044517
156	1225	4	2.4924452
156	30	5	4.7272205
156	225	6	2.432567
156	874	7	3.901265
156	47	8	2.8434868
156	911	9	4.51736
156	631	10	3.861858
77	960	1	4.3347025
77	226	2	2.8466733
77	1106	3	3.722021
77	3929	4	3.0035944
77	72	5	2.7173748
77	2060	6	1.4466286
77	988	7	3.5193923
77	599	8	2.4108503
77	1211	9	3.4018202
77	911	10	2.9813795
690	62	1	3.9798896
690	231	2	4.7274485
690	351	3	3.888541
690	243	4	4.273741
690	30	5	3.4371405
690	1315	6	2.1702085
690	732	7	3.6923616
690	47	8	2.9522114
690	29	9	3.542346
690	911	10	3.279357
83	682	1	3.408871
83	185	2	2.9208553
83	77	3	3.404735
83	320	4	3.1778102
83	1983	5	3.6818147
83	1315	6	2.3657873
83	4017	7	3.2975836
83	599	8	3.6033382
83	84	9	3.2167845
83	1794	10	2.6413364
928	258	1	4.3922596
928	238	2	4.3437567
928	333	3	3.5717244
928	320	4	2.8177333
928	30	5	3.9539068
928	2503	6	3.200708
928	53	7	3.427372
928	200	8	3.4939141
928	641	9	3.3677387
928	229	10	2.7982779
449	4017	1	3.5979538
449	860	2	3.6286383
449	19	3	3.5426579
449	439	4	3.2628884
449	1926	5	3.7629058
449	1315	6	2.258947
449	479	7	3.4445267
449	47	8	4.216568
449	3718	9	3.3724046
449	1794	10	2.2782466
146	4021	1	3.2478218
146	168	2	2.5962815
146	672	3	2.8467784
146	439	4	2.4205937
146	1926	5	2.0103054
146	77	6	2.7382183
146	47	7	2.0248957
146	109	8	2.7045832
146	229	9	2.2136838
146	4029	10	2.5761056
1	84	1	3.4639678
1	213	2	3.7290156
1	3718	3	3.3835583
1	243	4	4.153733
1	72	5	2.374807
1	351	6	3.1770115
1	47	7	3.1302443
1	227	8	3.0908043
1	1794	9	2.6482732
1	7	10	3.0234206
643	84	1	3.8565383
643	231	2	3.240159
643	1449	3	2.8554907
643	320	4	3.2686248
643	72	5	2.4229972
643	1315	6	1.6679533
643	152	7	2.7745667
643	172	8	1.7001538
643	244	9	2.7378235
643	539	10	1.7239215
98	1200	1	3.2909102
98	163	2	3.7383556
98	3462	3	3.1246247
98	1225	4	2.6484485
98	225	5	3.0961413
98	1321	6	2.1022215
98	37	7	3.0518723
98	599	8	2.3036623
98	1484	9	2.83769
98	549	10	2.8426998
563	370	1	3.2542193
563	185	2	2.5734973
563	913	3	2.6024399
563	320	4	1.8808454
563	30	5	2.0793064
563	3286	6	1.5192717
563	1066	7	3.770358
563	318	8	2.492132
563	221	9	3.2076697
563	1838	10	2.3976874
615	84	1	2.3609939
615	231	2	2.2636847
615	1960	3	2.3095407
615	320	4	2.587103
615	30	5	1.7601973
615	490	6	2.1600718
615	599	7	2.533409
615	351	8	2.1335175
615	391	9	1.912075
615	43	10	2.0404823
254	311	1	4.111225
254	24	2	4.005037
254	3718	3	3.8876622
254	495	4	3.2301493
254	72	5	3.5508232
254	1315	6	2.1885333
254	152	7	3.8688936
254	1066	8	2.3517985
254	1449	9	3.6668482
254	1794	10	3.623818
759	62	1	3.3531656
759	24	2	3.2313616
759	227	3	3.2080784
759	495	4	2.605599
759	72	5	2.3651
759	0	6	2.9342813
759	47	7	2.311759
759	1449	8	2.8848753
759	221	9	2.6427078
759	152	10	2.7857378
258	227	1	2.9112275
258	597	2	2.8978412
258	216	3	2.8622053
258	243	4	2.5103796
258	30	5	3.888608
258	258	6	2.8264816
258	47	7	2.9254425
258	0	8	2.7288275
258	229	9	2.5150273
258	43	10	2.2213655
453	19	1	4.183456
453	2108	2	3.993528
453	843	3	3.6528087
453	243	4	2.799882
453	622	5	2.8514078
453	109	6	3.4895701
453	200	7	3.135212
453	53	8	3.3997135
453	229	9	2.989983
453	4029	10	3.4446554
135	4017	1	3.5209286
135	826	2	2.8706954
135	604	3	3.1451607
135	439	4	3.4790373
135	1983	5	4.0755787
135	1315	6	2.3023424
135	4020	7	3.0569298
135	200	8	3.1415968
135	1714	9	3.042955
135	410	10	2.5876737
637	84	1	3.8653424
637	369	2	3.1260853
637	3718	3	2.9878554
637	320	4	3.5788684
637	622	5	3.3652935
637	874	6	2.9532764
637	47	7	2.6000755
637	1449	8	2.946405
637	1745	9	2.3315072
637	219	10	2.7931767
365	84	1	3.5153558
365	168	2	3.848
365	672	3	3.498641
365	243	4	3.5612633
365	622	5	3.2359607
365	258	6	3.4826035
365	47	7	4.2113643
365	351	8	3.4591188
365	1794	9	2.9904041
365	4029	10	3.8278558
726	219	1	3.9290447
726	821	2	4.027891
726	631	3	3.6581857
726	243	4	4.1601977
726	622	5	4.232178
726	1315	6	1.9645283
726	874	7	3.6124213
726	1066	8	4.0655847
726	911	9	4.201123
726	62	10	3.6035047
814	258	1	3.788376
814	168	2	3.8415294
814	84	3	3.7699761
814	243	4	3.7612848
814	622	5	3.5288696
814	1315	6	2.2621849
814	216	7	3.611002
814	47	8	4.2947807
814	0	9	3.607126
814	1794	10	3.0360775
246	913	1	4.1945343
246	231	2	4.457677
246	351	3	4.04813
246	495	4	2.5042095
246	622	5	3.7437992
246	1315	6	2.9477882
246	258	7	3.735366
246	47	8	3.2061043
246	1484	9	3.8742783
246	62	10	3.6955516
419	1426	1	2.9972138
419	821	2	3.2100053
419	303	3	4.239063
419	514	4	2.9498878
419	622	5	2.667184
419	837	6	2.5360634
419	152	7	2.9038668
419	599	8	3.696498
419	391	9	3.3000784
419	525	10	2.832954
820	311	1	3.2357697
820	168	2	3.0934908
820	3718	3	3.0439925
820	243	4	2.8004227
820	622	5	2.7839456
820	62	6	2.9426198
820	47	7	2.742715
820	631	8	2.8714514
820	1794	9	2.902684
820	4029	10	2.5624344
517	333	1	4.550247
517	330	2	3.360709
517	81	3	3.7462215
517	3273	4	3.5139875
517	2503	5	3.9819283
517	71	6	2.9138265
517	242	7	3.4723012
517	172	8	2.1053166
517	806	9	3.316987
517	216	10	3.2651877
198	19	1	4.527773
198	231	2	3.7913203
198	3718	3	4.3235006
198	243	4	4.3622947
198	622	5	4.305814
198	1315	6	2.6417572
198	216	7	3.6486464
198	47	8	4.4972363
198	631	9	3.6164308
198	1794	10	3.0227916
936	351	1	4.042944
936	213	2	3.7841692
936	631	3	3.8443403
936	243	4	3.4179883
936	72	5	3.6270413
936	1315	6	1.9810458
936	485	7	3.6653924
936	1066	8	3.793847
936	732	9	3.589478
936	229	10	3.2852516
326	4021	1	3.8583024
326	2108	2	3.8808703
326	843	3	3.3515406
326	936	4	3.604351
326	1926	5	3.552127
326	456	6	3.099615
326	200	7	2.8221684
326	229	8	3.8042216
326	53	9	3.0084229
326	271	10	2.9978888
811	227	1	3.482415
811	226	2	2.563727
811	961	3	3.3771145
811	978	4	3.4191089
811	72	5	2.0522916
811	1315	6	1.1075991
811	514	7	3.248372
811	599	8	1.860285
811	391	9	2.4623752
811	525	10	2.4506195
370	631	1	3.7593994
370	231	2	3.8627682
370	62	3	3.6985765
370	439	4	2.3016639
370	30	5	4.389609
370	1315	6	2.3660295
370	311	7	3.6758313
370	1197	8	1.9329869
370	227	9	3.636234
370	229	10	3.5716228
48	227	1	3.5142677
48	231	2	3.9696274
48	913	3	3.324408
48	439	4	3.069146
48	1926	5	3.0191507
48	1315	6	2.816463
48	278	7	3.2657773
48	47	8	3.2973707
48	391	9	3.38426
48	77	10	3.2266188
505	4021	1	3.7945104
505	2108	2	3.6210737
505	1854	3	2.835316
505	147	4	2.9472547
505	1926	5	3.3809915
505	53	6	2.695261
505	200	7	2.9104218
505	84	8	2.6541605
505	391	9	2.2036552
505	43	10	2.3011856
548	631	1	3.3410256
548	369	2	3.290966
548	732	3	3.2126398
548	243	4	3.8476605
548	1926	5	1.9290348
548	1315	6	2.145352
548	311	7	3.1457214
548	1197	8	2.0226111
548	391	9	3.1506329
548	62	10	3.0988922
832	219	1	3.5376725
832	821	2	3.3965704
832	351	3	3.5188475
832	439	4	3.0914087
832	1926	5	2.8421245
832	1315	6	1.8823525
832	84	7	3.42958
832	47	8	3.4545527
832	229	9	3.792557
832	732	10	3.3638675
880	3718	1	4.086564
880	721	2	3.9986153
880	3075	3	4.064664
880	320	4	3.0689316
880	430	5	3.423307
880	2503	6	2.56117
880	82	7	3.8669565
880	200	8	3.3023152
880	3074	9	3.8244503
880	229	10	2.7713153
937	4020	1	3.699356
937	860	2	3.642972
937	2125	3	3.325007
937	296	4	3.0760057
937	4016	5	2.5902793
937	4021	6	3.307764
937	200	7	2.8390098
937	1854	8	3.2674828
937	539	9	2.0247588
937	682	10	3.2581415
234	672	1	4.2445316
234	597	2	3.810226
234	227	3	3.994668
234	320	4	3.755981
234	1983	5	2.7375388
234	1315	6	2.4350243
234	351	7	3.5409114
234	1066	8	3.4145675
234	229	9	3.944358
234	152	10	3.5309558
355	1449	1	3.998867
355	2	2	2.805543
355	631	3	3.4813519
355	3929	4	3.3576493
355	622	5	2.9377875
355	1315	6	2.2356634
355	485	7	3.4372048
355	1066	8	2.8555813
355	221	9	3.8456426
355	370	10	3.3859003
932	672	1	3.2007933
932	597	2	3.5335865
932	4017	3	3.00553
932	936	4	2.5912306
932	1983	5	2.9685986
932	1315	6	1.7819431
932	19	7	2.8721635
932	200	8	2.7750678
932	53	9	2.8090024
932	391	10	1.8047587
617	139	1	2.616692
617	1526	2	2.3269944
617	682	3	2.5634732
617	936	4	2.4979525
617	1926	5	3.0088987
617	19	6	2.4881966
617	200	7	2.861021
617	3718	8	2.4667797
617	539	9	1.7601104
617	641	10	2.445227
15	479	1	4.2018175
15	1526	2	3.7791867
15	53	3	3.9257054
15	296	4	4.067572
15	1983	5	4.474785
15	948	6	3.8130455
15	47	7	3.2705112
15	229	8	4.7338176
15	641	9	3.8022256
15	682	10	3.7315328
61	3796	1	2.5518703
61	671	2	3.186576
61	913	3	2.3711843
61	320	4	2.0878577
61	2060	5	1.8216673
61	1321	6	1.2692375
61	559	7	2.3581307
61	599	8	2.4993334
61	3138	9	2.3206508
61	37	10	2.2912114
438	227	1	3.7485073
438	24	2	3.8847985
438	84	3	3.5847504
438	243	4	4.3795624
438	30	5	3.7533953
438	62	6	3.5167763
438	47	7	3.8553338
438	19	8	3.4887855
438	229	9	3.099314
438	311	10	3.3803692
407	732	1	4.005726
407	24	2	4.4906635
407	227	3	3.8502707
407	495	4	3.728674
407	30	5	3.3275814
407	2503	6	2.4494393
407	84	7	3.7163067
407	172	8	2.142118
407	216	9	3.684844
407	229	10	2.6955256
756	3718	1	3.86866
756	369	2	4.1146817
756	242	3	3.6154623
756	495	4	3.161874
756	71	5	3.0307484
756	2503	6	3.1178906
756	333	7	3.3923416
756	599	8	3.1589065
756	732	9	3.2396963
756	196	10	3.2340107
466	311	1	4.0399117
466	24	2	3.4297907
466	631	3	3.7341394
466	754	4	2.3373528
466	30	5	2.918867
466	0	6	3.6391664
466	47	7	3.1535988
466	3718	8	3.4118934
466	221	9	2.970078
466	227	10	3.358613
288	84	1	4.2144585
288	821	2	3.125838
288	278	3	3.8877354
288	243	4	3.0007138
288	1321	5	2.8989785
288	1449	6	3.6243591
288	47	7	1.9789345
288	911	8	3.991721
288	1466	9	3.410851
288	2739	10	2.8634696
302	84	1	2.71166
302	168	2	2.4155822
302	4017	3	2.3930373
302	635	4	1.8101655
302	1926	5	2.0528479
302	109	6	2.2920318
302	599	7	2.136331
302	229	8	2.5644062
302	4020	9	2.2120159
302	4029	10	2.0742378
436	258	1	4.146922
436	431	2	3.7749155
436	333	3	3.6508048
436	495	4	2.3761222
436	430	5	3.1625798
436	242	6	3.235012
436	200	7	2.6584983
436	196	8	3.2047055
436	43	9	3.0670128
436	216	10	3.1997209
616	4021	1	3.9264565
616	2108	2	4.0880384
616	77	3	3.3236923
616	936	4	2.9769611
616	1926	5	3.418068
616	843	6	3.2746787
616	200	7	3.0816648
616	1854	8	3.1459255
616	4029	9	4.190907
616	456	10	2.9354596
252	456	1	3.2920253
252	1761	2	3.5889814
252	843	3	3.2355032
252	439	4	3.7398179
252	1926	5	3.3493285
252	1315	6	2.3987136
252	405	7	3.2322145
252	200	8	3.4479716
252	229	9	3.995459
252	152	10	3.1666694
693	62	1	3.3967292
693	238	2	3.5724502
693	243	3	4.2922564
693	215	4	3.2181344
693	72	5	2.2640834
693	11	6	3.1890357
693	47	7	3.386919
693	7	8	3.0491152
693	1794	9	2.5068607
693	551	10	2.9191046
596	29	1	2.8100646
596	1864	2	2.2599654
596	1466	3	2.7766576
596	2065	4	1.9274707
596	2839	5	1.3041368
596	2942	6	1.2837479
596	1112	7	2.7109885
596	437	8	1.9642751
596	1602	9	2.7215476
596	3059	10	2.7055538
240	1650	1	4.077681
240	3528	2	2.835145
240	1877	3	3.5736287
240	2771	4	1.76747
240	4394	5	3.0786915
240	3380	6	1.2226468
240	3536	7	3.5092564
240	1199	8	2.3456779
240	268	9	3.2631662
240	4585	10	3.2054548
631	3074	1	3.8991814
631	721	2	3.1333194
631	333	3	3.7144444
631	3275	4	2.7972207
631	2503	5	3.4105148
631	71	6	2.6846128
631	492	7	3.5301647
631	200	8	2.4477189
631	216	9	3.3833876
631	196	10	3.2914207
157	278	1	3.5708642
157	24	2	3.9008055
157	152	3	3.4398375
157	320	4	4.316501
157	622	5	4.3450003
157	2503	6	1.8506585
157	631	7	3.230928
157	47	8	3.4824245
157	7	9	3.195386
157	1484	10	3.1035714
174	2303	1	2.0069072
174	1478	2	2.0180168
174	1139	3	1.9190116
174	383	4	1.0943483
174	2340	5	1.0667872
174	1529	6	1.9114187
174	78	7	1.7208471
174	4117	8	0.75258684
174	3890	9	0.828625
174	621	10	1.6323304
422	82	1	3.5369277
422	431	2	3.4688368
422	3718	3	3.5178525
422	320	4	2.2635264
422	30	5	3.194592
422	11	6	3.517568
422	200	7	2.921787
422	3075	8	3.2839217
422	229	9	2.0612562
422	43	10	3.3102064
299	62	1	3.816238
299	24	2	4.110175
299	19	3	3.7295566
299	495	4	3.1753983
299	30	5	3.25144
299	1315	6	2.0807056
299	3718	7	3.7178926
299	47	8	4.2509027
299	219	9	3.6408205
299	391	10	2.936332
916	732	1	3.5596032
916	231	2	3.652626
916	3718	3	3.4513028
916	243	4	3.521896
916	72	5	2.6532989
916	1315	6	1.8226689
916	62	7	3.4245791
916	47	8	3.0717728
916	311	9	3.4089441
916	391	10	3.1754317
533	84	1	4.7997913
533	721	2	5.100878
533	216	3	4.5074244
533	495	4	4.1343565
533	72	5	3.2899318
533	1315	6	2.6525826
533	351	7	4.462178
533	47	8	5.6502333
533	229	9	4.560031
533	196	10	4.3334107
152	84	1	4.137252
152	185	2	3.3486657
152	1449	3	3.7279923
152	320	4	3.9080505
152	622	5	3.4890103
152	258	6	3.708095
152	1066	7	2.9854107
152	0	8	3.6499717
152	391	9	3.6159904
152	278	10	3.5206048
336	84	1	4.253181
336	721	2	4.633322
336	73	3	3.7296052
336	2760	4	2.5825338
336	30	5	2.2108822
336	2503	6	2.2244115
336	82	7	3.6080728
336	1353	8	2.3925226
336	1794	9	3.6322837
336	1701	10	3.5901942
460	920	1	3.8662922
460	218	2	3.478972
460	215	3	3.8267212
460	3275	4	3.9717336
460	2216	5	3.682146
460	914	6	3.7414722
460	172	7	3.0113094
460	806	8	3.5855436
460	454	9	3.432722
460	203	10	3.2183685
698	216	1	3.5720024
698	431	2	3.8978271
698	706	3	3.4694705
698	439	4	2.7919185
698	2216	5	2.683048
698	2503	6	3.1782417
698	210	7	3.4159384
698	599	8	1.888682
698	333	9	3.246757
698	539	10	1.8206036
919	82	1	4.1833735
919	369	2	4.2254963
919	196	3	4.028798
919	495	4	3.0266542
919	30	5	3.6738114
919	2503	6	2.8940692
919	3718	7	4.0148973
919	200	8	3.370543
919	3075	9	4.0142784
919	229	10	2.4020848
359	84	1	3.6875632
359	226	2	2.6229835
359	1449	3	3.6338139
359	978	4	2.9221601
359	30	5	2.7777324
359	514	6	3.4690375
359	1066	7	2.4846787
359	1426	8	3.3839304
359	1484	9	3.4652817
359	43	10	2.8252225
818	258	1	4.306274
818	231	2	4.789453
818	311	3	4.105363
818	243	4	4.3075905
818	622	5	4.299221
818	1315	6	2.787836
818	732	7	3.9934099
818	47	8	3.962235
818	1794	9	3.9851732
818	0	10	3.9252532
733	960	1	3.8005488
733	231	2	2.384348
733	1215	3	3.7177753
733	1225	4	4.054073
733	72	5	2.6297054
733	1315	6	1.6712252
733	84	7	3.379344
733	599	8	2.5941968
733	391	9	3.5250697
733	514	10	3.2655175
823	258	1	3.859547
823	721	2	3.1238074
823	3074	3	3.660976
823	495	4	2.2822351
823	622	5	3.7850223
823	2503	6	2.7508347
823	3075	7	3.5460815
823	200	8	2.470956
823	82	9	3.2729769
823	229	10	2.0121279
675	1449	1	3.5299222
675	369	2	3.7235456
675	82	3	3.2191043
675	439	4	2.351818
675	58	5	2.2163
675	2503	6	2.0975096
675	311	7	3.100541
675	47	8	3.7097836
675	3073	9	2.9875865
675	229	10	2.784356
661	84	1	2.9746041
661	185	2	3.0203416
661	219	3	2.4984634
661	320	4	2.4609764
661	72	5	1.5786767
661	2060	6	1.7035992
661	152	7	2.4547052
661	1066	8	1.6569015
661	391	9	2.949354
661	515	10	2.2261858
372	258	1	3.719748
372	201	2	3.8375885
372	11	3	3.5655365
372	28	4	2.7885573
372	622	5	3.4611275
372	139	6	3.3558767
372	1595	7	2.143835
372	53	8	3.288568
372	229	9	2.3061721
372	43	10	2.8248353
706	77	1	3.6188488
706	597	2	3.7252016
706	580	3	3.2878888
706	439	4	3.1817596
706	1926	5	3.4148083
706	733	6	3.1200962
706	200	7	3.0399308
706	229	8	3.4492836
706	702	9	2.9846504
706	717	10	2.9710865
218	227	1	3.5802882
218	1341	2	3.407448
218	84	3	3.5418403
218	439	4	1.9981713
218	72	5	2.8570027
218	920	6	3.4598851
218	47	7	4.0970845
218	242	8	3.3917542
218	1794	9	3.1487992
218	1633	10	3.1673965
232	62	1	4.557025
232	231	2	4.7289743
232	243	3	6.4235277
232	11	4	4.465646
232	72	5	3.5793414
232	1315	6	2.4339144
232	219	7	4.456098
232	311	8	4.382262
232	1794	9	3.7766924
232	227	10	4.35396
52	109	1	3.7113307
52	2110	2	3.5579283
52	1854	3	3.387865
52	147	4	3.091802
52	2800	5	2.3327599
52	77	6	3.2305515
52	200	7	2.8378224
52	843	8	3.1726518
52	1794	9	1.8956923
52	456	10	3.0794096
645	11	1	3.6232347
645	721	2	3.8745725
645	732	3	3.1307106
645	495	4	3.0960643
645	430	5	2.3901894
645	2503	6	1.9026202
645	372	7	3.0892847
645	200	8	2.8195992
645	229	9	3.2665386
645	53	10	3.0047808
502	109	1	4.2001295
502	860	2	3.3737478
502	456	3	4.103511
502	147	4	3.176866
502	1983	5	3.0180016
502	53	6	3.667007
502	200	7	3.7960138
502	641	8	3.6464581
502	391	9	2.4458506
502	141	10	3.471979
17	4021	1	4.955323
17	2108	2	4.145241
17	109	3	4.8533525
17	936	4	3.824821
17	1926	5	3.728221
17	672	6	4.8355265
17	200	7	3.3199809
17	77	8	4.1601357
17	229	9	3.9177828
17	702	10	3.9561148
687	84	1	4.283744
687	231	2	4.3556433
687	258	3	4.055354
687	495	4	3.4458132
687	30	5	3.4243803
687	1315	6	1.8615453
687	631	7	3.9203405
687	47	8	3.4155455
687	1794	9	3.6795483
687	62	10	3.5855722
427	1703	1	2.2964869
427	554	2	1.6611798
427	1241	3	2.2199926
427	1133	4	1.830632
427	2645	5	1.8873856
427	2805	6	0.9933325
427	915	7	1.9792567
427	3281	8	1.7245649
427	1384	9	1.931494
427	2043	10	1.3536758
187	3718	1	4.056299
187	201	2	3.768072
187	11	3	3.8514194
187	495	4	3.7563825
187	72	5	3.2547605
187	2503	6	1.910331
187	84	7	3.7053032
187	694	8	2.0495987
187	62	9	3.6443162
187	1794	10	2.591436
184	3718	1	4.091955
184	2110	2	3.4704278
184	196	3	3.5282023
184	243	4	3.8686104
184	4016	5	2.6133015
184	216	6	3.417584
184	14	7	3.242949
184	248	8	3.3795981
184	229	9	3.295034
184	4029	10	3.1334705
489	672	1	4.6301994
489	860	2	3.680479
489	843	3	3.974512
489	147	4	3.3154314
489	1926	5	4.1140327
489	77	6	3.9407494
489	200	7	3.5997224
489	501	8	3.8502326
489	229	9	3.6465964
489	456	10	3.6409426
772	152	1	3.1072114
772	884	2	2.4780045
772	84	3	2.7993457
772	3929	4	2.8043075
772	2060	5	1.7643036
772	903	6	2.7766733
772	1066	7	1.9208591
772	1200	8	2.6414578
772	911	9	2.4944782
772	43	10	2.301591
635	84	1	4.019465
635	231	2	3.9930067
635	732	3	3.6729121
635	243	4	3.186504
635	622	5	3.292251
635	219	6	3.5616784
635	47	7	2.4282446
635	227	8	3.5007648
635	391	9	3.116416
635	258	10	3.299183
169	4021	1	3.1052752
169	2108	2	3.1811695
169	109	3	3.1044843
169	147	4	2.4670172
169	1926	5	2.5626957
169	1315	6	1.4715173
169	77	7	2.9726584
169	200	8	2.6336677
169	229	9	2.6935768
169	1854	10	2.6715891
718	84	1	4.1014533
718	231	2	3.7461033
718	219	3	3.7198436
718	243	4	3.9283838
718	30	5	2.8746243
718	258	6	3.6885006
718	47	7	2.8410044
718	351	8	3.6478744
718	1794	9	3.1618125
718	311	10	3.5365462
9	1215	1	4.0629764
9	1780	2	2.736187
9	1236	3	3.5773964
9	1137	4	2.4024463
9	72	5	2.5606608
9	2060	6	2.104568
9	1426	7	3.4550881
9	599	8	2.6966615
9	1106	9	3.389565
9	1484	10	3.313956
464	3074	1	3.8880367
464	369	2	3.591689
464	216	3	3.388515
464	495	4	2.29862
464	430	5	3.0749054
464	2503	6	3.6607358
464	242	7	3.3600466
464	172	8	2.004427
464	196	9	3.265826
464	1925	10	3.1937494
212	1449	1	3.660511
212	231	2	4.587896
212	258	3	3.5704064
212	243	4	3.6264691
212	72	5	3.558476
212	1315	6	2.4394884
212	311	7	3.5203795
212	47	8	3.1852083
212	229	9	3.783922
212	62	10	3.5005407
66	219	1	3.3186283
66	821	2	3.044562
66	631	3	2.978889
66	320	4	3.470851
66	622	5	3.1061437
66	1315	6	1.7246708
66	351	7	2.9415178
66	47	8	3.089043
66	229	9	2.9852252
66	311	10	2.9205527
378	84	1	3.1742225
378	369	2	2.9828558
378	219	3	2.8421438
378	243	4	3.4094167
378	430	5	1.9680058
378	1315	6	2.0589013
378	3073	7	2.735469
378	47	8	3.0398147
378	391	9	2.7426562
378	3072	10	2.7237217
929	311	1	2.9203072
929	902	2	3.0808187
929	62	3	2.7753918
929	3929	4	2.6442146
929	622	5	2.0941105
929	1315	6	1.7961771
929	53	7	2.6572595
929	1197	8	2.0960364
929	372	9	2.626924
929	391	10	2.1674385
597	3532	1	2.3832417
597	1084	2	2.0344334
597	3776	3	2.0487952
597	1134	4	2.1843805
597	1200	5	2.0257497
597	2577	6	2.0150363
597	1066	7	1.0513146
597	1484	8	1.2326016
597	2599	9	1.9396237
597	884	10	2.0227513
509	84	1	4.865722
509	185	2	3.9343
509	278	3	4.0155745
509	243	4	3.6240957
509	622	5	3.2453218
509	3718	6	3.4933572
509	47	7	3.059349
509	229	8	4.189206
509	372	9	3.4758465
509	4029	10	3.0206277
511	197	1	1.1077569
511	1428	2	1.3887893
511	1453	3	1.0852919
511	4012	4	0.67027545
511	1861	5	1.3399377
511	1232	6	0.92044556
511	3472	7	1.0809677
511	2502	8	0.9764092
511	3338	9	1.0686711
511	2391	10	1.0405914
253	62	1	4.045523
253	108	2	4.0751476
253	84	3	3.9856591
253	320	4	4.7738028
253	72	5	3.5072334
253	2503	6	2.3868895
253	82	7	3.9127197
253	47	8	5.0500245
253	311	9	3.8589833
253	1794	10	2.8287067
927	216	1	4.200568
927	369	2	5.2133827
927	242	3	4.139854
927	320	4	3.77416
927	2503	5	3.6212041
927	30	6	2.566635
927	196	7	3.913722
927	200	8	2.4129524
927	3074	9	3.7483916
927	227	10	3.6817164
837	333	1	3.599706
837	369	2	3.5900483
837	3074	3	3.5259619
837	3275	4	2.606195
837	430	5	2.9403543
837	196	6	3.3489714
837	200	7	2.6206694
837	242	8	3.2367887
837	391	9	1.8904967
837	43	10	3.460423
921	1925	1	3.5305877
921	369	2	3.5033245
921	3718	3	3.209169
921	3275	4	2.6060739
921	30	5	3.0053349
921	492	6	3.1956797
921	172	7	2.1235647
921	53	8	3.140959
921	43	9	3.0961738
921	95	10	3.0630028
903	84	1	4.093096
903	231	2	3.779942
903	732	3	3.6911407
903	243	4	4.2229633
903	30	5	4.038541
903	1315	6	2.1120396
903	227	7	3.6503131
903	47	8	3.7512467
903	219	9	3.5741944
903	221	10	2.401514
23	889	1	2.360073
23	671	2	2.3670788
23	372	3	2.245401
23	3929	4	2.1883008
23	1926	5	1.544674
23	1315	6	1.8081605
23	337	7	2.209005
23	1199	8	1.4553086
23	229	9	2.485927
23	913	10	2.1701956
386	258	1	4.055749
386	821	2	4.243241
386	372	3	3.8401234
386	243	4	3.9621735
386	622	5	3.7894816
386	1315	6	2.6008272
386	311	7	3.8307543
386	47	8	3.965023
386	391	9	4.2016706
386	62	10	3.805797
291	258	1	3.844508
291	213	2	3.5715349
291	62	3	3.5798755
291	243	4	4.0829873
291	30	5	2.2674153
291	551	6	3.4068246
291	47	7	3.1810243
291	351	8	3.3803246
291	1794	9	2.771062
291	311	10	3.2738433
827	53	1	3.760462
827	168	2	4.650156
827	672	3	3.7457705
827	936	4	3.196377
827	1983	5	3.491948
827	1315	6	2.506915
827	19	7	3.5014749
827	200	8	3.637382
827	196	9	3.4361541
827	391	10	2.0599313
445	456	1	4.54755
445	860	2	4.49658
445	1854	3	4.4520583
445	296	4	3.7240381
445	1926	5	4.533645
445	479	6	3.955273
445	47	7	3.1514478
445	1139	8	3.7828279
445	641	9	3.696817
445	1526	10	3.6362128
725	210	1	3.9400043
725	2108	2	4.1783605
725	456	3	3.6617796
725	296	4	3.053708
725	1926	5	3.4582992
725	672	6	3.637485
725	47	7	2.8220854
725	4017	8	3.5565495
725	1794	9	2.2289732
725	682	10	3.464386
194	242	1	4.289594
194	108	2	3.4801874
194	216	3	4.2292795
194	495	4	3.8506913
194	71	5	3.5300834
194	2503	6	3.1022108
194	3072	7	4.0402946
194	172	8	2.9300675
194	1578	9	3.7253277
194	215	10	3.7201054
150	3049	1	3.1398063
150	943	2	1.5022528
150	1923	3	2.4992328
150	3728	4	1.4542898
150	2233	5	2.343046
150	4398	6	1.130563
150	418	7	2.452754
150	1197	8	1.0097657
150	1578	9	2.2152822
150	2354	10	2.180732
216	278	1	3.704473
216	821	2	3.2608902
216	258	3	3.547289
216	320	4	3.892387
216	622	5	3.260289
216	837	6	1.8918238
216	219	7	3.368472
216	1066	8	3.0038998
216	1484	9	4.0426855
216	555	10	3.2130132
605	11	1	4.1317644
605	2108	2	4.0115395
605	3074	3	3.686881
605	320	4	3.3556194
605	622	5	4.140593
605	1315	6	2.6176186
605	82	7	3.6450434
605	200	8	3.7569854
605	152	9	3.527257
605	391	10	2.7643309
503	210	1	4.460055
503	231	2	3.7754564
503	84	3	4.245327
503	320	4	4.275717
503	622	5	3.431487
503	1315	6	2.3111773
503	456	7	4.1888366
503	47	8	4.4507966
503	109	9	4.131746
503	1794	10	3.3952408
133	1368	1	3.6212945
133	1511	2	3.3931694
133	2656	3	3.3356104
133	1014	4	1.9725089
133	455	5	2.6486502
133	590	6	2.1560428
133	805	7	3.285841
133	172	8	2.3507318
133	677	9	3.162782
133	806	10	3.103226
895	732	1	4.8426085
895	504	2	4.220237
895	50	3	4.1937695
895	3275	4	3.84863
895	70	5	4.245656
895	2503	6	3.662432
895	7	7	4.1625977
895	196	8	4.101988
895	391	9	2.8846202
895	84	10	4.07133
65	672	1	4.148752
65	2108	2	4.950844
65	682	3	4.020183
65	296	4	3.3933275
65	1983	5	3.8717217
65	1315	6	2.223273
65	77	7	3.9995794
65	47	8	2.8468544
65	229	9	4.9200983
65	4017	10	3.7500122
705	1985	1	2.3138947
705	218	2	1.9155707
705	336	3	2.1653736
705	577	4	1.2764232
705	1577	5	2.4255376
705	1059	6	1.0181766
705	15	7	1.658854
705	1423	8	1.5855647
705	1242	9	1.1624302
705	4291	10	1.5423851
477	216	1	3.757853
477	529	2	3.1501002
477	242	3	3.6420975
477	495	4	3.2800837
477	430	5	3.1772408
477	2503	6	3.2964458
477	196	7	3.618655
477	599	8	2.7236001
477	95	9	3.5574615
477	492	10	3.278188
640	4021	1	4.603215
640	2108	2	5.5934877
640	843	3	4.1388664
640	439	4	4.09628
640	1926	5	4.344529
640	161	6	3.8424308
640	47	7	3.884233
640	229	8	4.393432
640	456	9	3.6870825
640	4029	10	5.648185
601	1925	1	4.580472
601	369	2	4.4449015
601	53	3	4.148239
601	28	4	3.330465
601	2503	5	4.23335
601	71	6	3.2840896
601	139	7	3.7859316
601	599	8	3.0209632
601	843	9	3.4869924
601	391	10	2.4890575
724	3718	1	4.12568
724	24	2	3.7732735
724	631	3	3.860163
724	243	4	4.763889
724	72	5	3.1536734
724	84	6	3.7925172
724	47	7	3.720247
724	311	8	3.5767493
724	229	9	2.9035132
724	227	10	3.4141235
70	732	1	3.9829926
70	369	2	3.6018293
70	311	3	3.82718
70	495	4	3.222511
70	30	5	3.5820103
70	1315	6	2.4310951
70	372	7	3.643124
70	47	8	3.9139624
70	62	9	3.5531483
70	229	10	3.1096995
647	672	1	4.1407456
647	2110	2	4.0382442
647	109	3	4.036565
647	936	4	3.1242895
647	1926	5	3.6803503
647	1315	6	2.0924494
647	4020	7	3.7852085
647	47	8	3.392844
647	77	9	3.6059327
647	1794	10	2.4720721
496	84	1	3.2256625
496	168	2	2.7568803
496	0	3	2.6196268
496	439	4	2.44269
496	622	5	2.4841728
496	1315	6	2.0973668
496	176	7	2.6095834
496	47	8	2.8332217
496	227	9	2.511623
496	391	10	2.40931
899	806	1	4.207381
899	24	2	3.2714672
899	196	3	4.032121
899	2135	4	2.7698023
899	71	5	4.1383057
899	1003	6	2.6279652
899	1693	7	3.8373108
899	200	8	3.58572
899	2484	9	3.7274423
899	454	10	3.517275
750	351	1	3.851911
750	597	2	3.4810524
750	258	3	3.8502848
750	243	4	3.8389502
750	1926	5	2.8520193
750	1315	6	2.2255776
750	219	7	3.7833278
750	47	8	4.3247395
750	152	9	3.422486
750	1794	10	3.2577405
43	84	1	3.9697409
43	231	2	3.5692086
43	515	3	2.924655
43	320	4	3.8330238
43	72	5	2.6466846
43	2942	6	1.749178
43	1112	7	2.8598225
43	599	8	4.2297
43	1602	9	3.3724265
43	1449	10	2.7761593
568	210	1	2.6174085
568	2108	2	2.648565
568	109	3	2.600195
568	296	4	2.049269
568	1983	5	1.7756069
568	672	6	2.2638705
568	200	7	1.858274
568	77	8	2.1403582
568	539	9	1.4017872
568	682	10	2.0936027
656	1854	1	3.8038502
656	1761	2	2.940042
656	641	3	3.665687
656	439	4	3.3985147
656	1926	5	4.206384
656	53	6	3.5313609
656	47	7	3.480373
656	229	8	4.288497
656	479	9	3.350904
656	2125	10	3.2939763
544	227	1	4.4569416
544	369	2	3.4008517
544	0	3	4.041281
544	3929	4	3.0370302
544	30	5	3.991763
544	1315	6	2.235724
544	1449	7	3.7277575
544	47	8	3.3052003
544	221	9	3.6730156
544	7	10	3.268786
431	242	1	3.6033
431	431	2	4.2564077
431	492	3	3.5971074
431	2760	4	1.9418783
431	71	5	3.144095
431	590	6	2.336097
431	454	7	3.3248987
431	1359	8	3.1115963
431	805	9	3.0444648
431	43	10	1.8897454
583	3074	1	4.0385203
583	431	2	3.9977984
583	1925	3	3.8426294
583	3273	4	3.6073453
583	430	5	3.2193427
583	590	6	2.7394772
583	95	7	3.361762
583	1578	8	3.3478756
583	806	9	3.26092
583	369	10	3.5042298
142	3462	1	2.7800798
142	1541	2	1.4844612
142	3796	3	1.9808578
142	925	4	1.283008
142	1161	5	1.2141814
142	2424	6	1.5384383
142	3776	7	1.8741848
142	3281	8	1.2242599
142	672	9	1.7484856
142	229	10	1.3127761
856	62	1	3.343668
856	213	2	2.5694757
856	631	3	3.1367183
856	925	4	1.7834036
856	72	5	2.0539517
856	2060	6	2.2134037
856	1449	7	3.0942054
856	1066	8	2.6226933
856	1484	9	3.2215576
856	913	10	3.058653
148	732	1	4.978018
148	231	2	4.094344
148	227	3	4.4879785
148	3275	4	3.3654022
148	71	5	4.245654
148	2503	6	3.488249
148	62	7	4.4387646
148	599	8	4.9398174
148	7	9	4.215541
148	1794	10	2.6946993
130	109	1	3.8808253
130	597	2	4.0227385
130	77	3	3.4242663
130	936	4	3.54338
130	1926	5	3.3069768
130	372	6	3.4224834
130	200	7	3.1534352
130	229	8	4.1837883
130	843	9	2.8844852
130	43	10	2.4591465
50	84	1	4.501683
50	231	2	4.9819517
50	351	3	4.2638807
50	754	4	2.0500057
50	72	5	3.4121702
50	631	6	3.864221
50	172	7	3.0218565
50	219	8	3.8405004
50	229	9	3.387834
50	242	10	3.4160552
736	210	1	3.9840102
736	2108	2	4.0097256
736	843	3	3.654255
736	439	4	2.5710683
736	1926	5	2.8966296
736	1315	6	1.8206153
736	672	7	3.568122
736	47	8	2.770884
736	456	9	3.2544541
736	229	10	2.4644861
196	152	1	2.8798678
196	1697	2	2.0019217
196	372	3	2.5174854
196	243	4	2.0479302
196	622	5	2.0222974
196	219	6	2.3584394
196	425	7	2.1874123
196	258	8	2.2917027
196	2043	9	1.8236139
196	43	10	2.151825
57	258	1	3.3476267
57	185	2	3.5818775
57	152	3	3.2982035
57	243	4	3.335456
57	622	5	3.1529348
57	219	6	3.1731315
57	599	7	4.4462767
57	0	8	3.1319342
57	229	9	3.5057395
57	43	10	3.8942494
909	84	1	3.6585965
909	848	2	3.3805637
909	152	3	3.5477993
909	243	4	3.0406709
909	622	5	2.9157157
909	3718	6	3.4610791
909	47	7	2.4977283
909	62	8	3.3093486
909	391	9	2.3861024
909	631	10	3.1407127
580	3718	1	4.1438627
580	369	2	4.4267282
580	242	3	3.970521
580	495	4	3.5366917
580	71	5	3.5916486
580	2503	6	3.4909816
580	216	7	3.919931
580	599	8	3.4543362
580	3075	9	3.878881
580	229	10	2.1737964
620	216	1	3.7326941
620	369	2	3.8556361
620	706	3	3.5754013
620	3273	4	3.3700757
620	70	5	2.9663134
620	590	6	2.530899
620	806	7	3.539283
620	172	8	2.6214614
620	196	9	3.4270058
620	43	10	3.2391796
773	258	1	4.3150387
773	185	2	3.7102787
773	732	3	4.1231337
773	243	4	4.4774647
773	622	5	4.3142414
773	1315	6	2.5922496
773	311	7	4.027852
773	47	8	3.7688806
773	152	9	3.8977258
773	391	10	3.7393055
410	3718	1	3.5582173
410	238	2	2.8521543
410	216	3	3.4761133
410	243	4	3.6525965
410	1926	5	3.524089
410	682	6	3.4191635
410	47	7	3.947067
410	229	8	4.541419
410	196	9	3.4109035
410	4029	10	4.270619
717	62	1	3.7500358
717	238	2	4.0467386
717	243	3	4.8794575
717	227	4	3.6260452
717	30	5	3.6349711
717	1315	6	2.1727004
717	311	7	3.5875964
717	47	8	4.3828998
717	84	9	3.558526
717	1794	10	3.0389876
688	2125	1	3.8726673
688	1761	2	3.5704093
688	501	3	3.7717526
688	147	4	3.6487544
688	2800	5	3.2847114
688	948	6	3.6131892
688	1197	7	3.1445003
688	682	8	3.504869
688	539	9	2.306606
688	3251	10	3.4966478
178	278	1	3.7760613
178	231	2	3.9670553
178	219	3	3.2833984
178	320	4	3.49377
178	72	5	3.4033985
178	2060	6	1.6823969
178	1011	7	3.282698
178	1066	8	3.4656115
178	911	9	3.497891
178	29	10	3.1783776
447	29	1	3.9282722
447	185	2	3.597195
447	84	3	3.7944932
447	320	4	3.2208033
447	30	5	3.1811712
447	227	6	3.740483
447	599	7	3.6989942
447	1484	8	4.5893517
447	874	9	3.291369
447	43	10	3.0763896
380	53	1	4.321291
380	238	2	3.9338398
380	258	3	4.1812468
380	28	4	3.2210193
380	622	5	3.9860644
380	2503	6	2.830373
380	843	7	3.9323502
380	200	8	4.206732
380	11	9	3.891235
380	229	10	3.798017
183	733	1	3.7332573
183	168	2	4.446431
183	77	3	3.5550642
183	147	4	3.35578
183	1926	5	3.217691
183	3096	6	3.261045
183	832	7	2.9733455
183	1240	8	3.1187775
183	229	9	3.0351806
183	1374	10	3.110414
289	258	1	4.469409
289	231	2	4.673279
289	62	3	4.244351
289	495	4	3.1193085
289	72	5	3.6270194
289	0	6	4.141115
289	47	7	3.1794214
289	311	8	3.9830728
289	1484	9	3.3661976
289	1449	10	3.9287212
513	216	1	3.569198
513	231	2	2.8833718
513	3718	3	3.499929
513	495	4	2.3385983
513	30	5	4.0062547
513	1315	6	2.1610856
513	84	7	3.3390832
513	200	8	2.4432206
513	3072	9	3.1886268
513	229	10	2.6879237
853	311	1	4.340708
853	369	2	4.49267
853	227	3	4.3321433
853	495	4	3.8734064
853	30	5	3.3528264
853	1315	6	2.1928332
853	62	7	4.2758694
853	694	8	2.0806282
853	1794	9	4.068013
853	152	10	3.7699804
821	50	1	4.1243315
821	24	2	4.5627127
821	1693	3	3.6941316
821	3273	4	3.483156
821	58	5	3.6507626
821	1003	6	2.2065177
821	1831	7	3.5294695
821	624	8	2.1087036
821	680	9	3.3726811
821	43	10	3.9468722
840	351	1	3.3865042
840	213	2	3.3432193
840	84	3	3.2433333
840	495	4	3.4363375
840	30	5	3.0053308
840	311	6	3.1182723
840	14	7	2.1687815
840	82	8	3.0430732
840	1794	9	2.3755512
840	7	10	2.9678392
154	628	1	1.4701157
154	263	2	1.2005384
154	404	3	1.402687
154	1521	4	1.4323277
154	1867	5	2.5950353
154	1556	6	1.3365364
154	913	7	1.2839979
154	1703	8	1.2776775
154	3292	9	1.096494
154	4001	10	1.1790342
822	227	1	3.194249
822	231	2	3.1923716
822	258	3	3.1145978
822	243	4	3.2350948
822	622	5	3.1624537
822	351	6	3.0275674
822	47	7	2.8148935
822	229	8	3.4867222
822	278	9	2.9780607
822	43	10	3.9591305
662	219	1	4.5247855
662	24	2	4.765428
662	152	3	4.2175813
662	495	4	3.9358542
662	30	5	3.9074178
662	1315	6	2.367794
662	19	7	3.8451824
662	47	8	4.729847
662	7	9	3.8196263
662	391	10	3.4195347
91	84	1	4.2899866
91	369	2	4.5675516
91	152	3	3.8908184
91	495	4	3.5413337
91	72	5	2.941637
91	2503	6	2.706722
91	82	7	3.733499
91	200	8	2.8769057
91	732	9	3.706851
91	229	10	3.6275063
740	242	1	3.767929
740	721	2	3.782093
740	11	3	3.6786878
740	686	4	2.6388595
740	30	5	3.9237785
740	216	6	3.5416713
740	95	7	3.5244892
740	1794	8	2.880381
740	219	9	3.441912
740	201	10	3.688006
845	3718	1	3.3313744
845	201	2	2.7729566
845	62	3	2.860752
845	495	4	3.011463
845	30	5	2.459149
845	1315	6	1.5678039
845	215	7	2.8259237
845	47	8	3.383153
845	82	9	2.71656
845	391	10	2.0124967
833	732	1	3.556478
833	24	2	4.1362615
833	492	3	3.3345923
833	3275	4	2.7363944
833	30	5	3.2548163
833	2503	6	2.5147748
833	84	7	3.2666686
833	599	8	3.8199275
833	1406	9	3.2542636
833	391	10	2.554577
452	631	1	3.5320134
452	231	2	4.3266068
452	1011	3	3.499624
452	243	4	3.22305
452	622	5	3.0308626
452	351	6	3.47951
452	1066	7	4.598624
452	1449	8	3.4488423
452	1602	9	3.2452173
452	732	10	3.4472694
241	333	1	3.2472093
241	721	2	3.7252655
241	152	3	2.9844959
241	320	4	3.8304138
241	30	5	2.8256955
241	2503	6	2.9131136
241	196	7	2.9838758
241	599	8	4.2442226
241	278	9	2.9704242
241	221	10	2.433312
118	258	1	3.9817305
118	231	2	4.2822943
118	0	3	3.8613343
118	495	4	3.138466
118	622	5	4.1686077
118	1315	6	2.2588747
118	62	7	3.8552704
118	1066	8	2.6502192
118	391	9	3.8716636
118	3718	10	3.5634277
918	84	1	5.031181
918	24	2	4.039534
918	3718	3	4.350974
918	686	4	2.4523797
918	30	5	4.1289797
918	311	6	4.146814
918	47	7	3.5831785
918	7	8	3.6257973
918	1794	9	3.7695656
918	1449	10	3.4132671
665	11	1	3.8435
665	24	2	3.7655401
665	3073	3	3.733317
665	320	4	2.968834
665	430	5	2.689106
665	1578	6	3.3420935
665	599	7	3.1989245
665	333	8	3.316732
665	391	9	2.0395734
665	242	10	3.3117535
584	351	1	3.6455226
584	597	2	3.596523
584	790	3	3.3775074
584	439	4	2.7891889
584	1926	5	3.2530928
584	372	6	3.3173747
584	229	7	4.595766
584	1199	8	1.7239196
584	672	9	3.1962266
584	3718	10	2.9302158
678	84	1	3.3692458
678	168	2	4.071805
678	372	3	3.322753
678	147	4	3.371369
678	1926	5	2.9930863
678	1854	6	3.1467772
678	599	7	3.3150787
678	210	8	3.1427515
678	1794	9	2.4600291
678	152	10	3.0386221
896	19	1	4.734978
896	231	2	3.9723835
896	3718	3	3.9830854
896	243	4	4.812681
896	72	5	3.2215176
896	1315	6	2.9459753
896	196	7	3.8607914
896	599	8	4.9371166
896	229	9	4.03187
896	152	10	3.7848086
377	479	1	3.3964179
377	2110	2	3.6425946
377	843	3	3.1745944
377	147	4	2.6394053
377	1926	5	3.0461237
377	456	6	2.7844644
377	200	7	2.7645247
377	229	8	3.8690276
377	389	9	2.5606964
377	43	10	2.1451209
185	62	1	3.9908667
185	24	2	4.3254123
185	227	3	3.8189733
185	495	4	3.3713794
185	30	5	4.372511
185	485	6	3.5186718
185	1197	7	2.303094
185	7	8	3.1098037
185	1794	9	3.4628186
185	278	10	3.0974286
729	631	1	4.032168
729	213	2	3.4703903
729	351	3	3.7443094
729	243	4	2.7675815
729	30	5	3.1013007
729	1315	6	1.9705718
729	1466	7	3.734379
729	1066	8	4.169571
729	911	9	4.101745
729	62	10	3.562141
440	672	1	2.62491
440	2110	2	2.6507525
440	456	3	2.5367227
440	320	4	2.3443902
440	1926	5	2.7150204
440	1315	6	1.4813601
440	210	7	2.4145782
440	599	8	2.6667373
440	109	9	2.4094462
440	1794	10	2.1903512
761	219	1	3.1131732
761	231	2	3.3576307
761	0	3	2.693843
761	243	4	2.895536
761	622	5	2.9128304
761	1315	6	2.2270975
761	351	7	2.604521
761	47	8	2.5724368
761	229	9	2.764245
761	152	10	2.578177
394	84	1	3.2137122
394	231	2	2.7032437
394	227	3	2.8046732
394	320	4	2.993222
394	622	5	2.392281
394	1315	6	2.1660912
394	258	7	2.6705744
394	47	8	2.729466
394	219	9	2.5450125
394	229	10	2.5170603
747	62	1	3.925537
747	369	2	4.39453
747	631	3	3.8995223
747	495	4	3.9609022
747	30	5	3.399945
747	2503	6	2.5747266
747	82	7	3.8328438
747	599	8	4.181999
747	242	9	3.69452
747	229	10	2.6624737
777	84	1	4.190751
777	185	2	3.839024
777	219	3	3.4548032
777	243	4	2.8821125
777	72	5	3.1595783
777	1449	6	3.4347143
777	47	7	2.622375
777	351	8	3.3992977
777	221	9	3.4478102
777	4029	10	2.621974
498	216	1	4.266677
498	369	2	3.8899868
498	3074	3	3.8017797
498	320	4	2.961789
498	430	5	3.091695
498	2503	6	3.474725
498	3718	7	3.5581646
498	599	8	3.0324504
498	333	9	3.5421824
498	221	10	2.1010714
103	672	1	3.6009903
103	168	2	3.4905438
103	210	3	3.5380664
103	936	4	3.070353
103	1983	5	2.5824828
103	837	6	1.8617957
103	109	7	3.493351
103	200	8	3.1768115
103	1854	9	3.443208
103	229	10	2.786813
674	219	1	3.4798577
674	721	2	2.6724513
674	227	3	3.3454762
674	495	4	2.569633
674	30	5	2.9814124
674	1315	6	2.30368
674	732	7	3.2384906
674	47	8	3.0986676
674	351	9	3.1675928
674	1794	10	2.8673978
723	843	1	4.0196247
723	168	2	4.5630603
723	456	3	3.6625395
723	936	4	3.2390847
723	1926	5	3.7431464
723	479	6	3.353692
723	47	7	2.4157925
723	4021	8	3.3195524
723	229	9	3.4170074
723	4029	10	4.402363
226	672	1	2.1484764
226	1533	2	2.350079
226	1134	3	2.739926
226	77	4	1.6958494
226	30	5	1.7604909
226	114	6	1.6008996
226	1062	7	1.6652241
226	4017	8	1.6622801
226	229	9	1.6503046
226	2098	10	1.6356704
333	258	1	3.9036016
333	238	2	3.1778467
333	631	3	3.8909307
333	439	4	2.6328084
333	72	5	1.9954118
333	2503	6	2.1907134
333	219	7	3.4337525
333	599	8	3.8548136
333	229	9	3.0702205
333	3718	10	2.937581
458	109	1	4.5739875
458	2108	2	4.3031235
458	843	3	3.907518
458	936	4	3.5007536
458	2800	5	2.628209
458	77	6	3.768042
458	47	7	3.164679
458	456	8	3.6393785
458	1794	9	2.2325373
458	139	10	3.1987329
4	258	1	5.0255814
4	24	2	4.7791967
4	227	3	4.7905684
4	3929	4	2.8454475
4	30	5	4.377595
4	1315	6	2.5281134
4	3718	7	4.3150053
4	1066	8	2.415378
4	372	9	4.1760774
4	229	10	3.97514
474	219	1	3.9083679
474	213	2	3.37951
474	258	3	3.8230417
474	243	4	3.8742962
474	72	5	3.1457188
474	1315	6	2.1147916
474	0	7	3.791728
474	47	8	3.6641004
474	229	9	3.9735835
474	152	10	3.5933888
636	311	1	3.5442946
636	821	2	3.7493482
636	62	3	3.375772
636	3929	4	2.8036637
636	622	5	3.3354578
636	225	6	1.732506
636	631	7	3.3749704
636	47	8	2.5951154
636	1794	9	3.5532427
636	0	10	3.1028214
205	84	1	4.292178
205	185	2	3.3972402
205	258	3	3.6938205
205	243	4	3.7242954
205	30	5	3.710796
205	219	6	3.40197
205	1066	7	3.5038524
205	221	8	3.8664758
205	732	9	3.3996348
205	62	10	3.3196332
765	82	1	3.1786118
765	238	2	3.1607504
765	11	3	2.6290874
765	3275	4	1.8567092
765	71	5	2.2075381
765	2503	6	2.0863824
765	3073	7	2.4633908
765	47	8	2.5376372
765	1368	9	2.3716455
765	43	10	2.0681233
86	210	1	4.4379625
86	168	2	4.311159
86	456	3	3.9720428
86	296	4	3.0995758
86	1926	5	3.5337164
86	2503	6	2.069542
86	3072	7	3.8720036
86	200	8	4.094205
86	53	9	3.7014394
86	229	10	3.6575248
689	152	1	3.7407544
689	231	2	3.6905427
689	3718	3	3.5500917
689	495	4	2.9436808
689	30	5	3.8017292
689	2503	6	1.9816309
689	219	7	3.1587448
689	47	8	4.4965916
689	351	9	3.0930037
689	229	10	2.7935474
862	258	1	3.727192
862	2108	2	3.986571
862	82	3	3.5551934
862	635	4	2.2069085
862	622	5	3.5301437
862	2503	6	2.842826
862	139	7	3.402804
862	599	8	2.3079383
862	843	9	3.3618252
862	229	10	2.732924
590	258	1	2.8397427
590	231	2	3.287755
590	3718	3	2.7226152
590	3929	4	2.8442411
590	72	5	2.2600567
590	311	6	2.7001135
590	1197	7	1.7185204
590	229	8	3.4748285
590	62	9	2.6706514
590	43	10	3.673889
875	227	1	4.327626
875	369	2	3.97928
875	3718	3	4.1116276
875	320	4	4.3495197
875	30	5	3.7464826
875	732	6	3.6701236
875	172	7	2.3239033
875	216	8	3.644712
875	1794	9	3.2121413
875	219	10	3.6232405
557	3462	1	3.4381104
557	1533	2	3.3377366
557	3796	3	3.326285
557	3929	4	3.067483
557	72	5	1.8853612
557	2060	6	2.031095
557	37	7	3.206841
557	1066	8	2.391641
557	84	9	3.1928709
557	911	10	3.0626702
223	109	1	3.409052
223	168	2	3.8932624
223	672	3	3.3782353
223	147	4	2.7122464
223	1926	5	2.6288998
223	53	6	3.1659844
223	47	7	3.2300038
223	372	8	3.1450536
223	229	9	3.173661
223	139	10	3.049736
371	1449	1	3.7913382
371	1341	2	3.5439653
371	95	3	3.466628
371	674	4	2.433766
371	30	5	3.7821386
371	1315	6	2.222705
371	152	7	3.4485419
371	694	8	2.483831
371	229	9	4.118678
371	216	10	3.3062553
274	227	1	4.6752653
274	231	2	3.7435641
274	84	3	4.4069037
274	3929	4	2.5778666
274	30	5	3.2640047
274	2942	6	1.8119152
274	29	7	4.3786182
274	1066	8	4.632577
274	1011	9	3.4310064
274	1303	10	2.3465538
143	216	1	3.9961405
143	201	2	2.936257
143	4021	3	3.8410485
143	936	4	3.5877655
143	1926	5	3.676999
143	2503	6	2.6118054
143	641	7	3.371275
143	1197	8	2.6059139
143	2125	9	3.337511
143	539	10	2.269142
926	2661	1	1.3855963
926	213	2	1.0145794
926	1189	3	1.301975
926	3929	4	0.950223
926	2060	5	0.8924435
926	84	6	1.1013724
926	2166	7	1.2334373
926	1451	8	1.0874507
926	391	9	1.0156441
926	3154	10	0.91647124
155	3718	1	4.382963
155	721	2	4.040502
155	3072	3	4.079598
155	3275	4	2.742915
155	71	5	3.3314052
155	2503	6	2.9495373
155	95	7	3.7869973
155	172	8	2.6247623
155	732	9	3.7457952
155	391	10	2.3484173
432	29	1	2.214767
432	1533	2	2.6309862
432	1466	3	2.1155388
432	320	4	1.8491688
432	1321	5	2.008716
432	370	6	2.1040878
432	599	7	2.2186108
432	911	8	2.5854478
432	63	9	1.9969847
432	913	10	1.9628787
68	109	1	4.2942376
68	2108	2	4.0068016
68	4017	3	4.167989
68	936	4	3.2292137
68	30	5	4.0048175
68	501	6	4.1352224
68	200	7	2.625226
68	4020	8	3.9088871
68	229	9	2.6126008
68	672	10	3.790604
547	843	1	3.877531
547	860	2	3.2880025
547	456	3	3.51963
547	936	4	3.562148
547	1926	5	3.7922595
547	53	6	3.3195748
547	200	7	3.703289
547	229	8	4.0249834
547	641	9	3.083508
547	479	10	3.006419
54	479	1	4.273633
54	1582	2	2.5427866
54	641	3	3.6180518
54	936	4	3.564189
54	4016	5	3.1773365
54	4021	6	3.4863005
54	200	7	3.658134
54	682	8	3.353931
54	539	9	2.2244
54	1854	10	3.198398
96	3718	1	4.715744
96	821	2	4.451069
96	631	3	4.7143674
96	3929	4	2.6155355
96	30	5	4.367152
96	1315	6	2.4420261
96	311	7	4.5668826
96	219	8	4.443472
96	1794	9	3.573086
96	351	10	4.3580103
497	732	1	4.1338415
497	238	2	4.477996
497	311	3	4.1264906
497	320	4	4.8184566
497	622	5	5.4260387
497	1315	6	2.3533905
497	11	7	4.065448
497	47	8	5.328288
497	62	9	4.004443
497	391	10	3.284787
658	82	1	3.285985
658	721	2	3.234806
658	196	3	3.2595768
658	320	4	2.6444306
658	458	5	3.4330068
658	430	6	2.167461
658	11	7	3.24964
658	200	8	2.868639
658	3074	9	3.0471885
658	229	10	2.6517167
78	311	1	4.5716543
78	529	2	4.0050335
78	82	3	4.232873
78	3275	4	2.5136192
78	71	5	3.288467
78	2503	6	2.5627222
78	73	7	3.8344808
78	1353	8	2.2306213
78	84	9	3.6875088
78	229	10	2.604292
116	216	1	4.4758453
116	504	2	4.218486
116	3073	3	4.336241
116	495	4	4.2899213
116	30	5	4.418277
116	2503	6	2.6573849
116	3072	7	4.1834683
116	599	8	4.9001117
116	242	9	4.087176
116	229	10	3.5130897
363	84	1	4.369197
363	185	2	4.2848454
363	258	3	3.194645
363	320	4	4.013369
363	72	5	2.9579353
363	1315	6	1.8777564
363	0	7	3.1345901
363	47	8	2.5127146
363	221	9	5.136877
363	1449	10	3.0943072
74	1854	1	4.8688145
74	1761	2	3.3444762
74	456	3	4.6060753
74	936	4	4.559645
74	1926	5	4.512998
74	216	6	3.8609076
74	1197	7	3.7358398
74	479	8	3.839972
74	1794	9	2.5100553
74	43	10	3.4236846
939	84	1	3.7036324
939	979	2	3.9626837
939	960	3	3.6509113
939	3929	4	3.4202518
939	30	5	3.1841323
939	2060	6	1.645078
939	1106	7	3.1518679
939	599	8	3.2041104
939	1484	9	3.3563147
939	527	10	3.1056263
455	351	1	2.5307374
455	231	2	2.948751
455	1449	3	2.4961932
455	320	4	3.081564
455	622	5	2.1668775
455	1315	6	2.0509381
455	631	7	2.4834943
455	47	8	2.3928404
455	221	9	2.591647
455	515	10	2.483106
650	631	1	3.963359
650	213	2	4.210623
650	311	3	3.7224681
650	243	4	4.5922985
650	30	5	3.3870754
650	1315	6	2.0194337
650	152	7	3.6167743
650	47	8	3.2075615
650	221	9	4.6202884
650	3718	10	3.4404235
459	84	1	5.2110224
459	231	2	4.7529736
459	258	3	5.0513306
459	243	4	4.836196
459	72	5	3.6243725
459	1315	6	2.6855834
459	219	7	4.1899443
459	47	8	4.5566754
459	3718	9	4.174091
459	229	10	4.0336246
771	227	1	3.9027858
771	231	2	2.929905
771	278	3	3.6170104
771	320	4	3.247171
771	30	5	2.8185554
771	2942	6	1.5369542
771	84	7	3.58144
771	221	8	4.6601872
771	437	9	1.5633128
771	874	10	3.3501837
780	3462	1	3.3664584
780	173	2	2.2386823
780	3796	3	3.0443606
780	3929	4	2.368149
780	1161	5	1.5658267
780	1666	6	2.019578
780	559	7	2.7966273
780	599	8	2.2233825
780	602	9	2.465236
780	229	10	2.1092951
211	4468	1	2.457121
211	1050	2	2.624868
211	3915	3	2.3155665
211	387	4	2.8486233
211	228	5	2.309594
211	694	6	1.5760242
211	1991	7	3.5341089
211	4257	8	2.2486243
211	1359	9	2.2286463
211	1395	10	2.5192528
931	84	1	4.290496
931	185	2	3.728908
931	227	3	3.8154378
931	243	4	3.8334966
931	30	5	4.1223965
931	258	6	3.8032515
931	47	7	3.1287012
931	351	8	3.5506377
931	229	9	3.4580824
931	62	10	3.399379
165	84	1	2.746653
165	231	2	1.8731395
165	351	3	2.3675547
165	1133	4	1.9502143
165	30	5	1.674144
165	1315	6	1.3580443
165	3820	7	1.8596864
165	3281	8	2.2872524
165	1794	9	1.8083794
165	372	10	1.7804961
468	196	1	4.015802
468	902	2	4.1615443
468	216	3	3.8548775
468	147	4	3.7960272
468	620	5	3.1948452
468	479	6	3.6378684
468	1197	7	3.5926633
468	152	8	3.5577855
468	539	9	2.535944
468	1772	10	3.5554008
870	258	1	4.399742
870	369	2	3.7067294
870	492	3	3.7531655
870	243	4	4.710457
870	2216	5	3.2713332
870	1261	6	2.947775
870	411	7	3.692846
870	1025	8	2.2658565
870	1411	9	3.654996
870	242	10	3.5892243
140	227	1	3.379642
140	231	2	2.7005727
140	84	3	3.2275207
140	243	4	2.5684159
140	30	5	2.8036556
140	370	6	2.6237607
140	599	7	3.4181585
140	391	8	3.2170515
140	219	9	2.4569106
140	43	10	2.9751692
235	672	1	3.5151803
235	168	2	4.2770386
235	4017	3	3.4676766
235	320	4	3.3920183
235	1926	5	3.7574584
235	1315	6	2.2095542
235	84	7	3.4277568
235	47	8	3.7240558
235	53	9	3.1453512
235	391	10	2.769535
692	196	1	3.640916
692	1171	2	2.8083558
692	920	3	3.4164143
692	3275	4	2.4011314
692	2503	5	3.053784
692	2216	6	2.377118
692	706	7	3.1527176
692	200	8	2.3940315
692	80	9	2.8893359
692	81	10	2.8150616
36	732	1	4.938012
36	24	2	3.5634403
36	84	3	4.4235835
36	686	4	2.1332574
36	30	5	3.6080313
36	62	6	4.2475805
36	47	7	3.46417
36	3718	8	3.6242666
36	229	9	3.16377
36	152	10	3.616886
207	479	1	3.8195596
207	168	2	3.8415952
207	258	3	3.724785
207	243	4	3.5945783
207	622	5	3.5821052
207	84	6	3.7006774
207	47	7	3.9300938
207	456	8	3.5426836
207	1794	9	3.4729252
207	732	10	3.523993
872	672	1	4.5216656
872	2110	2	3.4357202
872	109	3	4.3039966
872	936	4	3.2797632
872	1926	5	3.609251
872	501	6	3.8600893
872	200	7	2.8859305
872	77	8	3.6516767
872	229	9	3.4624557
872	4029	10	4.0480404
515	77	1	4.3308716
515	168	2	5.302913
515	139	3	4.1812577
515	147	4	3.4728198
515	1926	5	3.8084197
515	1115	6	3.824069
515	47	7	3.015223
515	843	8	3.7288795
515	229	9	3.6770587
515	597	10	4.9410825
478	889	1	2.4028325
478	597	2	2.3161798
478	672	3	2.3282049
478	3929	4	2.5437958
478	1926	5	2.0504115
478	2060	6	1.8389395
478	843	7	2.1585584
478	599	8	1.8440611
478	229	9	2.3124595
478	210	10	1.9252096
673	351	1	3.5837505
673	821	2	3.7047496
673	62	3	3.374008
673	3929	4	2.6600356
673	72	5	3.2700958
673	1315	6	2.4797964
673	485	7	3.358496
673	47	8	2.4108067
673	391	9	3.8237808
673	258	10	3.2654586
908	227	1	3.6142623
908	213	2	3.145731
908	84	3	3.3668368
908	495	4	3.056815
908	71	5	2.6683562
908	1315	6	1.5715462
908	62	7	3.2290363
908	47	8	3.6919985
908	351	9	3.1348405
908	1794	10	2.481789
528	4021	1	3.9048676
528	2108	2	4.535427
528	456	3	3.6589432
528	936	4	3.2233362
528	620	5	2.5160775
528	682	6	3.303935
528	47	7	2.9938521
528	479	8	3.233503
528	1794	9	2.4431472
528	43	10	2.4839892
64	53	1	3.4840693
64	2550	2	2.6862018
64	717	3	3.2280703
64	901	4	2.4846063
64	1983	5	3.6772826
64	753	6	2.8989027
64	599	7	2.0692255
64	229	8	4.1113906
64	141	9	2.8979526
64	1843	10	2.8790424
703	84	1	3.8836322
703	369	2	3.7023811
703	311	3	3.6028519
703	243	4	4.479877
703	622	5	4.252291
703	3072	6	3.3204544
703	47	7	4.378383
703	351	8	3.319888
703	229	9	3.298159
703	11	10	3.2973068
851	84	1	3.8835676
851	24	2	3.8814278
851	732	3	3.510001
851	243	4	3.143429
851	72	5	3.4050796
851	0	6	3.3341498
851	1066	7	4.2528887
851	391	8	3.8077
851	3718	9	3.3312678
851	43	10	4.3245106
790	1449	1	4.022872
790	185	2	3.931449
790	278	3	4.0042553
790	243	4	3.5562198
790	72	5	3.9449575
790	62	6	3.563723
790	1066	7	2.998183
790	219	8	3.5395176
790	221	9	3.5066395
790	1011	10	3.5318487
491	84	1	4.405699
491	231	2	3.4414804
491	1011	3	3.60089
491	320	4	3.1022973
491	30	5	3.435987
491	2942	6	2.255097
491	1449	7	3.1811273
491	599	8	4.198572
491	1193	9	3.076006
491	1303	10	2.8518987
47	1114	1	2.275755
47	671	2	1.7870938
47	889	3	1.7910678
47	1133	4	1.7956091
47	1321	5	1.3927438
47	2060	6	1.1714563
47	405	7	1.7538872
47	3281	8	1.3875741
47	911	9	1.8290741
47	4021	10	1.686806
279	258	1	5.13871
279	369	2	3.986432
279	196	3	4.9505587
279	3275	4	3.5445406
279	71	5	3.3475585
279	420	6	2.4995685
279	216	7	4.864114
279	47	8	5.703512
279	806	9	3.8818872
279	43	10	3.4006484
430	672	1	4.5401516
430	1761	2	4.0822577
430	3085	3	4.099749
430	936	4	3.8519607
430	1926	5	3.536736
430	77	6	3.9158773
430	200	7	3.0737572
430	270	8	3.7282627
430	229	9	3.0595908
430	735	10	3.679918
700	370	1	3.3889625
700	231	2	3.8032258
700	219	3	3.2677207
700	3929	4	2.921351
700	72	5	3.290752
700	2942	6	1.9656497
700	152	7	3.1096733
700	1066	8	2.7059443
700	1484	9	3.6342845
700	278	10	3.100937
738	672	1	4.3720417
738	1526	2	3.6217704
738	77	3	4.3137746
738	936	4	3.34681
738	1983	5	3.7634342
738	4017	6	3.9485755
738	2502	7	2.1138468
738	271	8	3.7807808
738	229	9	3.1383893
738	1854	10	3.6229596
270	62	1	3.7551
270	201	2	3.8333929
270	84	3	3.445335
270	320	4	4.23528
270	30	5	3.1184003
270	215	6	3.3165536
270	47	7	4.4174843
270	242	8	3.256235
270	229	9	2.6605213
270	7	10	3.2452347
844	672	1	4.298007
844	168	2	4.5226126
844	3085	3	3.8634143
844	936	4	3.7778769
844	1926	5	3.369512
844	733	6	3.5967906
844	200	7	3.5314941
844	77	8	3.4682877
844	229	9	2.917971
844	271	10	3.3826942
863	1854	1	3.8434558
863	2110	2	4.4624023
863	843	3	3.8428252
863	936	4	3.5243492
863	1926	5	3.8870306
863	456	6	3.6377034
863	47	7	2.7492085
863	501	8	3.206588
863	4029	9	4.934172
863	2108	10	4.4405293
758	258	1	4.2367835
758	185	2	4.6356764
758	631	3	4.108858
758	495	4	2.7935727
758	622	5	4.0777125
758	1315	6	2.1390002
758	311	7	4.027345
758	47	8	3.1755497
758	0	9	3.8887887
758	1794	10	3.7597718
603	242	1	3.3446102
603	238	2	3.6336803
603	551	3	3.1115508
603	674	4	1.7954746
603	71	5	3.5319624
603	215	6	3.0963113
603	47	7	3.218318
603	227	8	2.9341505
603	1794	9	2.1293383
603	1578	10	2.8315496
228	196	1	4.88052
228	2110	2	3.6741142
228	258	3	3.9757364
228	3275	4	3.1810777
228	71	5	2.941577
228	1003	6	2.0136333
228	806	7	3.596241
228	172	8	2.15646
228	2101	9	3.1252432
228	641	10	3.112892
480	501	1	3.5805209
480	1526	2	3.4759903
480	641	3	3.4145513
480	296	4	3.2376418
480	2800	5	3.320166
480	2125	6	3.3791974
480	47	7	2.7289274
480	948	8	3.3410218
480	717	9	3.308133
480	1761	10	3.2427597
134	62	1	3.7114263
134	231	2	3.4278235
134	0	3	3.577549
134	243	4	3.8863304
134	30	5	2.2590861
134	219	6	3.3616507
134	47	7	2.8354812
134	7	8	3.2846332
134	1794	9	3.1332066
134	84	10	3.2838855
531	84	1	4.573597
531	231	2	3.9054227
531	874	3	3.5004268
531	243	4	3.0638423
531	72	5	3.1999948
531	1315	6	2.0442142
531	219	7	3.4372706
531	1066	8	3.8925111
531	1011	9	3.3979368
531	229	10	2.6710906
251	258	1	5.074939
251	24	2	4.3639746
251	3718	3	4.4540215
251	495	4	3.530057
251	30	5	4.158366
251	1315	6	2.108359
251	631	7	4.2439995
251	694	8	2.6367934
251	7	9	3.7671895
251	229	10	3.49791
301	351	1	3.6730428
301	238	2	3.8698416
301	11	3	3.5768175
301	495	4	3.925294
301	622	5	4.8223515
301	7	6	3.3277085
301	599	7	4.292513
301	631	8	3.2389402
301	1794	9	3.31423
301	456	10	3.2210922
163	4021	1	4.019978
163	860	2	4.198186
163	77	3	3.9041362
163	936	4	3.512927
163	1983	5	3.9048457
163	1854	6	3.7347028
163	200	7	3.7002945
163	479	8	3.4610074
163	539	9	2.346325
163	682	10	3.3368042
869	3072	1	4.4447503
869	369	2	4.8821197
869	196	3	4.232562
869	495	4	3.450282
869	30	5	3.3277342
869	1315	6	2.1357622
869	3718	7	4.1254587
869	172	8	2.7070832
869	333	9	3.9292061
869	391	10	3.3179789
551	258	1	4.4246397
551	2108	2	3.8487175
551	196	3	4.1385894
551	243	4	4.416293
551	1926	5	2.7788737
551	1315	6	2.1346319
551	84	7	3.8314462
551	599	8	4.3607697
551	229	9	4.2111616
551	216	10	3.7387547
834	3072	1	3.8590078
834	431	2	3.6180859
834	82	3	3.7361155
834	28	4	2.1698732
834	430	5	2.3227553
834	458	6	2.9094403
834	1925	7	3.4961722
834	200	8	3.445257
834	11	9	3.3168454
834	391	10	1.8100393
890	84	1	4.0745816
890	231	2	3.6485124
890	351	3	3.9353194
890	243	4	3.3280268
890	622	5	3.2509246
890	1315	6	2.6761844
890	3718	7	3.7891078
890	599	8	4.745794
890	672	9	3.6131887
890	391	10	3.377379
401	3075	1	3.5937033
401	201	2	4.1152945
401	216	3	3.5756314
401	495	4	3.4882786
401	30	5	3.1791782
401	2503	6	3.1572256
401	3074	7	3.5284824
401	599	8	3.4358199
401	333	9	3.198214
401	229	10	2.3144512
383	3718	1	3.7879844
383	721	2	3.6802337
383	631	3	3.4030194
383	320	4	3.2709503
383	622	5	4.160662
383	152	6	3.3196528
383	1197	7	2.1549923
383	732	8	3.06004
383	1794	9	2.6261215
383	219	10	3.028935
29	258	1	4.349077
29	231	2	3.9057164
29	3718	3	4.2638893
29	495	4	3.3321257
29	30	5	4.442314
29	84	6	4.054289
29	47	7	3.7972882
29	372	8	3.6199937
29	1794	9	3.2396533
29	219	10	3.610739
369	3074	1	3.4239664
369	721	2	3.3566265
369	216	3	3.278226
369	495	4	2.8699727
369	430	5	2.9309025
369	2503	6	3.039158
369	196	7	3.123277
369	599	8	2.7380052
369	492	9	2.9789815
369	391	10	1.7673832
189	53	1	3.6659575
189	1761	2	3.3609946
189	216	3	3.6512911
189	147	4	3.3223119
189	1983	5	3.7764258
189	196	6	3.482142
189	47	7	4.2608786
189	641	8	3.3912885
189	391	9	2.3634286
189	43	10	3.2936082
743	806	1	3.5408878
743	721	2	3.7532787
743	95	3	3.5334744
743	3275	4	3.1141098
743	71	5	3.4000885
743	2656	6	3.445363
743	599	7	1.9071095
743	641	8	3.3049028
743	229	9	2.0446286
743	242	10	3.298993
293	1423	1	3.4406414
293	3795	2	2.8882046
293	84	3	3.2652636
293	1134	4	2.6724458
293	30	5	2.8345246
293	1315	6	1.9829625
293	1703	7	2.851985
293	47	8	2.3137095
293	219	9	2.8361747
293	229	10	2.305212
634	258	1	3.9769006
634	231	2	3.7351103
634	84	3	3.8571768
634	243	4	4.1270914
634	72	5	3.2155762
634	1315	6	1.8038536
634	227	7	3.815236
634	47	8	3.1536207
634	62	9	3.6026812
634	229	10	2.6752133
924	631	1	2.9994485
924	24	2	2.3517447
924	62	3	2.9226923
924	243	4	3.087365
924	72	5	3.1820002
924	837	6	1.8243167
924	351	7	2.8954616
924	47	8	2.3303862
924	732	9	2.8489265
924	221	10	2.8258715
566	874	1	3.6978593
566	821	2	3.6512728
566	1011	3	3.5621505
566	243	4	3.34518
566	622	5	3.1794214
566	225	6	2.0717854
566	258	7	3.509154
566	47	8	2.2330241
566	1745	9	3.3124862
566	152	10	3.332499
245	311	1	3.9757502
245	369	2	4.021232
245	3718	3	3.7885518
245	686	4	2.5544102
245	30	5	3.497467
245	1315	6	1.911267
245	227	7	3.475502
245	47	8	3.4346523
245	229	9	3.2911296
245	372	10	3.2806416
379	37	1	2.1183612
379	884	2	2.2086186
379	2400	3	2.080081
379	1134	4	1.8430398
379	30	5	1.2746692
379	3462	6	2.0186586
379	2098	7	1.698493
379	3137	8	1.0599144
379	3532	9	1.6930864
379	1533	10	1.8691401
652	84	1	3.8298779
652	231	2	3.4546626
652	732	3	3.7253447
652	243	4	3.591059
652	622	5	3.661017
652	1315	6	2.2264068
652	351	7	3.7153246
652	47	8	3.963161
652	672	9	3.61603
652	1794	10	3.3848925
910	732	1	3.8383095
910	231	2	3.877139
910	351	3	3.5805311
910	243	4	4.3240314
910	30	5	3.4630184
910	311	6	3.4182076
910	1066	7	3.4531345
910	62	8	3.2227106
910	1484	9	3.3419309
910	1449	10	3.2062693
816	62	1	3.817593
816	821	2	3.6801152
816	0	3	3.3333895
816	243	4	3.4077597
816	622	5	3.2578483
816	3718	6	3.313189
816	47	7	2.971207
816	229	8	3.6559467
816	258	9	3.1865323
816	227	10	3.057172
90	258	1	2.136573
90	24	2	2.316876
90	688	3	2.0794473
90	243	4	2.5910087
90	622	5	2.684872
90	2503	6	1.7186133
90	492	7	1.8266344
90	172	8	1.4771769
90	920	9	1.7808406
90	43	10	1.8179638
622	3073	1	3.9175332
622	369	2	4.439924
622	84	3	3.9016974
622	320	4	4.130939
622	72	5	2.9096682
622	1315	6	2.481763
622	3072	7	3.8910193
622	599	8	4.4685907
622	53	9	3.73141
622	229	10	3.6880212
784	672	1	2.5852334
784	168	2	2.6073077
784	109	3	2.5721493
784	936	4	2.30906
784	1926	5	2.0599427
784	1223	6	2.2835193
784	843	7	2.3708367
784	200	8	2.1610177
784	210	9	2.3242388
784	229	10	1.9270796
495	631	1	3.9407651
495	238	2	4.1768694
495	62	3	3.8557568
495	320	4	4.7381315
495	72	5	4.080941
495	311	6	3.7808816
495	47	7	4.8093543
495	3718	8	3.665976
495	229	9	3.538766
495	43	10	5.341954
85	84	1	3.3913302
85	185	2	3.1645517
85	227	3	3.1246002
85	320	4	2.9830017
85	30	5	2.6036348
85	2060	6	1.5937048
85	370	7	3.1225653
85	1066	8	3.1791394
85	221	9	3.222899
85	29	10	3.106718
400	258	1	3.3844905
400	369	2	3.2041092
400	3718	3	3.000226
400	320	4	3.5384026
400	622	5	3.395218
400	84	6	2.7956882
400	47	7	2.6334753
400	227	8	2.7919064
400	1794	9	2.1276488
400	43	10	3.5755978
754	139	1	4.2406173
754	1526	2	3.9166028
754	2125	3	3.9918742
754	296	4	3.9148529
754	1983	5	4.54941
754	702	6	3.658969
754	1197	7	3.047583
754	229	8	4.4454618
754	479	9	3.6520925
754	753	10	3.5750299
51	216	1	3.7856576
51	24	2	4.0530376
51	196	3	3.6436093
51	439	4	3.523499
51	30	5	5.239668
51	311	6	3.4365935
51	200	7	2.0871902
51	229	8	4.097493
51	11	9	3.1466885
51	4029	10	2.8824384
173	843	1	4.263405
173	168	2	4.1906424
173	210	3	4.04003
173	439	4	3.1352172
173	1983	5	3.6340907
173	672	6	3.5994215
173	47	7	3.5878947
173	4021	8	3.4811153
173	1794	9	2.2769916
173	43	10	3.0445027
404	3718	1	4.3214016
404	213	2	4.144845
404	311	3	4.195623
404	243	4	5.053174
404	30	5	4.20881
404	1315	6	2.1714344
404	631	7	3.983556
404	1066	8	2.5110776
404	1449	9	3.8501778
404	1794	10	3.6211724
813	331	1	1.3034992
813	1475	2	1.1232646
813	655	3	1.2975662
813	4399	4	0.92864484
813	1232	5	0.9879322
813	1328	6	1.2455719
813	434	7	0.93427956
813	984	8	1.1472692
813	4681	9	0.76876867
813	1856	10	1.1388836
722	227	1	4.5382013
722	201	2	4.1882677
722	732	3	4.265853
722	495	4	3.6796763
722	72	5	3.5039346
722	2503	6	2.7584252
722	216	7	4.083438
722	1197	8	2.5353143
722	62	9	3.8463223
722	391	10	3.4622993
582	109	1	3.8853557
582	860	2	3.3055632
582	4020	3	3.6962864
582	147	4	2.9140406
582	1983	5	2.8920574
582	84	6	3.5988908
582	47	7	3.2021976
582	351	8	3.306239
582	391	9	3.1840672
582	4029	10	4.206896
303	796	1	2.5929813
303	231	2	2.8938065
303	152	3	2.5448406
303	320	4	2.0034509
303	72	5	3.2938695
303	225	6	1.3535349
303	1140	7	2.5106354
303	599	8	2.4194195
303	2134	9	2.4457002
303	1745	10	1.8187677
861	3718	1	3.618628
861	24	2	3.7566636
861	732	3	3.6098695
861	495	4	3.0417888
861	30	5	2.917633
861	1315	6	1.8333198
861	152	7	3.60509
861	172	8	1.9147875
861	1449	9	3.5235333
861	221	10	2.9894218
276	216	1	4.080989
276	201	2	3.7951114
276	11	3	4.011621
276	320	4	4.315816
276	430	5	2.5931053
276	2503	6	2.2085571
276	732	7	3.8564057
276	200	8	3.0737977
276	3073	9	3.7928686
276	1794	10	2.758485
471	641	1	4.0410385
471	2550	2	3.033513
471	4021	3	3.680956
471	936	4	3.753416
471	2800	5	3.0139337
471	139	6	3.662346
471	47	7	3.6236649
471	948	8	3.416573
471	539	9	2.0921593
471	196	10	3.3345885
170	672	1	4.3707895
170	1526	2	2.8555632
170	4017	3	3.9103904
170	439	4	2.8305557
170	1983	5	3.3180826
170	77	6	3.6740353
170	599	7	2.29461
170	229	8	4.0111046
170	4020	9	3.5358462
170	2125	10	3.498256
80	258	1	4.2471557
80	821	2	3.8850865
80	219	3	4.2344613
80	243	4	4.113303
80	622	5	4.097146
80	1315	6	2.1016226
80	0	7	3.9592457
80	47	8	3.3128881
80	62	9	3.8916302
80	221	10	3.779088
668	258	1	3.8696282
668	213	2	3.2788682
668	0	3	3.54289
668	243	4	3.953084
668	30	5	4.0074115
668	1315	6	2.2918062
668	278	7	3.5216737
668	47	8	2.938513
668	391	9	4.2342644
668	732	10	3.5136733
573	109	1	4.131919
573	168	2	3.7503147
573	210	3	4.0504656
573	28	4	2.9386396
573	1926	5	2.9250436
573	1315	6	1.8232265
573	1411	7	3.8234303
573	47	8	3.2536535
573	843	9	3.6158047
573	229	10	2.5308843
913	4746	1	2.1116042
913	3088	2	2.1921117
913	4001	3	2.076291
913	2262	4	3.8801918
913	1971	5	1.9320287
913	1985	6	1.8410528
913	1456	7	1.9386358
913	3989	8	1.787981
913	2077	9	1.8448604
913	1385	10	1.671006
214	4020	1	3.2737048
214	2110	2	3.4344387
214	4021	3	3.015818
214	936	4	2.6646628
214	1926	5	3.0798216
214	1854	6	3.008381
214	200	7	2.4331036
214	843	8	2.8616102
214	229	9	2.899487
214	456	10	2.860623
504	139	1	3.4305243
504	2110	2	3.552801
504	126	3	3.3942351
504	936	4	3.2364569
504	1983	5	2.5862927
504	672	6	3.3744597
504	47	7	2.5655892
504	109	8	3.3248396
504	229	9	2.8218105
504	210	10	3.3063445
702	84	1	5.3281894
702	821	2	4.8064084
702	62	3	4.593336
702	495	4	3.9892266
702	30	5	4.4361234
702	631	6	4.3194175
702	694	7	2.4668155
702	227	8	4.279389
702	1794	9	4.1580086
702	372	10	4.0898857
805	405	1	2.2528706
805	185	2	1.7758709
805	84	3	2.0654235
805	320	4	1.7662599
805	30	5	2.8110108
805	2942	6	1.5361614
805	672	7	1.9669269
805	599	8	2.0485575
805	911	9	2.3626335
805	913	10	1.9656409
699	84	1	3.8140504
699	231	2	3.676066
699	732	3	3.5246246
699	243	4	2.8439667
699	622	5	3.1650028
699	225	6	1.7182596
699	1449	7	2.9139185
699	1066	8	1.9313455
699	62	9	2.9102032
699	391	10	2.7884445
138	210	1	3.982929
138	168	2	4.140372
138	843	3	3.9741063
138	296	4	2.9609876
138	1926	5	3.1748493
138	4017	6	3.589739
138	200	7	3.1340191
138	4020	8	3.4737086
138	229	9	3.3376393
138	4029	10	4.1305604
922	631	1	4.272252
922	213	2	4.130339
922	62	3	4.2660723
922	243	4	4.86109
922	622	5	4.834447
922	1315	6	2.525322
922	351	7	4.1093545
922	1066	8	2.9806962
922	221	9	4.1874633
922	311	10	3.8971066
315	19	1	4.138715
315	721	2	2.9326282
315	672	3	3.9073014
315	243	4	3.3622751
315	622	5	3.2391305
315	1315	6	2.6628296
315	456	7	3.8011477
315	200	8	3.6813836
315	229	9	4.343205
315	4020	10	3.775119
317	672	1	3.169676
317	597	2	2.7742317
317	4017	3	2.6356657
317	320	4	2.3565311
317	1926	5	2.52735
317	219	6	2.5601652
317	599	7	2.6540904
317	456	8	2.5465639
317	1794	9	2.0451055
317	4029	10	2.8618643
250	82	1	3.9295547
250	201	2	3.9307685
250	3072	3	3.4528751
250	320	4	3.7311537
250	430	5	2.7079728
250	2503	6	2.5755553
250	631	7	3.3726811
250	1197	8	2.0323834
250	242	9	3.3015661
250	229	10	2.5753102
217	311	1	4.2408113
217	231	2	4.446925
217	631	3	4.2107744
217	495	4	4.0356083
217	30	5	3.7515578
217	11	6	4.0263066
217	694	7	2.1125085
217	219	8	4.006048
217	1794	9	3.380118
217	351	10	3.935379
456	62	1	3.9338303
456	24	2	3.0864186
456	631	3	3.5797648
456	3929	4	2.7541022
456	72	5	2.9978187
456	1315	6	1.9864575
456	732	7	3.4195662
456	47	8	2.460594
456	278	9	3.2620163
456	221	10	3.0159202
127	456	1	3.866271
127	597	2	4.7757664
127	501	3	3.4384763
127	936	4	3.8140783
127	1983	5	3.9860277
127	1315	6	2.4571905
127	53	7	3.313005
127	200	8	3.526869
127	229	9	4.8394527
127	141	10	3.237918
362	3718	1	4.1319294
362	231	2	4.413742
362	258	3	4.023877
362	439	4	3.1060066
362	1926	5	2.6251001
362	1315	6	2.478976
362	227	7	3.9503787
362	47	8	3.7101834
362	1794	9	4.0588384
362	311	10	3.9298005
599	139	1	4.029954
599	860	2	3.6688871
599	77	3	3.922134
599	296	4	3.6207814
599	1926	5	3.877892
599	2503	6	2.4791384
599	4017	7	3.8201373
599	47	8	4.876724
599	672	9	3.803771
599	4029	10	4.8637185
330	4021	1	3.854114
330	1526	2	3.4070377
330	1854	3	3.5424151
330	296	4	3.6690712
330	2800	5	3.3078437
330	479	6	3.5109475
330	200	7	3.492363
330	641	8	3.3071997
330	1794	9	2.1606767
330	141	10	3.2475655
892	843	1	4.355175
892	597	2	4.390404
892	84	3	3.9979348
892	3929	4	3.1899185
892	1926	5	3.8659134
892	1315	6	2.2673306
892	210	7	3.8613894
892	47	8	3.2317104
892	3718	9	3.8225412
892	1794	10	3.5360627
176	84	1	4.2960563
176	231	2	4.180034
176	19	3	4.1819987
176	243	4	5.115941
176	30	5	3.6744175
176	311	6	4.1093893
176	694	7	2.4023438
176	62	8	4.008898
176	229	9	3.2295036
176	227	10	3.909924
230	843	1	3.7188764
230	2108	2	4.396247
230	4021	3	3.597003
230	936	4	3.2268953
230	1926	5	3.6462934
230	456	6	3.587881
230	47	7	2.779489
230	229	8	4.1070433
230	1139	9	3.237465
230	4029	10	4.579045
409	3718	1	4.060597
409	201	2	3.8721678
409	11	3	4.019023
409	320	4	3.1869009
409	430	5	2.8238468
409	2503	6	2.6820533
409	82	7	3.7294211
409	599	8	3.5084414
409	3075	9	3.6681302
409	229	10	2.9405575
576	84	1	3.50902
576	185	2	4.110687
576	278	3	3.4675574
576	320	4	2.8737135
576	30	5	2.4817796
576	2942	6	1.8469625
576	1011	7	3.415588
576	599	8	3.6110191
576	874	9	3.35626
576	1303	10	2.8373637
58	1449	1	4.211182
58	24	2	3.7116284
58	152	3	3.9050379
58	3929	4	2.5129213
58	30	5	3.3399127
58	1315	6	2.7529926
58	258	7	3.8791232
58	694	8	2.3853664
58	391	9	4.516898
58	372	10	3.7698302
839	109	1	3.689034
839	597	2	3.526274
839	843	3	3.4441159
839	439	4	2.66165
839	1926	5	3.0935543
839	456	6	2.9056754
839	47	7	2.5722804
839	248	8	2.7966127
839	4029	9	3.9211907
839	539	10	1.7514131
857	152	1	3.1464422
857	1424	2	2.6354094
857	84	3	2.8990445
857	1134	4	2.102208
857	30	5	2.4696393
857	219	6	2.7393606
857	1066	7	2.2774324
857	278	8	2.5930302
857	911	9	2.7905061
857	485	10	2.52587
882	109	1	3.13223
882	168	2	3.5570984
882	4020	3	3.0558016
882	936	4	2.4481015
882	30	5	3.4375916
882	2503	6	1.7633833
882	4017	7	3.0526457
882	641	8	2.9926562
882	229	9	2.609513
882	4029	10	3.2877946
793	333	1	4.6536207
793	721	2	3.8540084
793	258	3	4.3708773
793	243	4	4.543136
793	622	5	4.164788
793	2503	6	4.338607
793	492	7	3.6832905
793	3718	8	3.6709256
793	229	9	2.7603846
793	4029	10	3.5764084
807	77	1	3.782435
807	860	2	3.3790252
807	843	3	3.7008624
807	439	4	3.2773533
807	1983	5	3.7832692
807	456	6	3.282335
807	47	7	2.8481517
807	1854	8	3.2514253
807	139	9	2.9249802
807	43	10	2.0635948
709	672	1	4.834033
709	2108	2	4.399145
709	210	3	4.517936
709	296	4	3.0029829
709	1926	5	4.1841183
709	4021	6	3.836842
709	599	7	3.1350374
709	77	8	3.782326
709	391	9	2.7385092
709	1854	10	3.5187588
479	456	1	4.59805
479	860	2	4.6662755
479	139	3	3.9309397
479	147	4	4.2796984
479	1983	5	3.9927042
479	948	6	3.7760537
479	1197	7	3.0275474
479	229	8	4.2318864
479	237	9	3.5717745
479	1843	10	3.512565
305	84	1	4.3146553
305	213	2	4.119971
305	219	3	4.166253
305	243	4	4.0300055
305	622	5	4.104246
305	62	6	4.0787535
305	47	7	3.6763725
305	311	8	4.017334
305	1794	9	3.9642415
305	4029	10	3.1771355
817	62	1	4.2148705
817	369	2	4.033387
817	3718	3	4.0590425
817	495	4	3.3777747
817	30	5	3.8702621
817	1315	6	2.0179036
817	311	7	4.038945
817	47	8	4.270359
817	227	9	3.9556901
817	229	10	3.4879713
105	3718	1	4.478688
105	24	2	4.6665435
105	631	3	4.193657
105	495	4	3.8744907
105	30	5	3.987766
105	1315	6	2.114543
105	152	7	4.090908
105	694	8	2.3243523
105	1449	9	4.058503
105	1794	10	3.7317042
149	109	1	4.3090935
149	213	2	2.666618
149	4021	3	3.828438
149	320	4	3.5405936
149	1926	5	3.6077564
149	1315	6	2.0056248
149	77	7	3.5029736
149	47	8	3.7638068
149	351	9	3.4949088
149	391	10	2.7421396
753	210	1	3.203757
753	168	2	3.3818612
753	4021	3	3.197404
753	296	4	2.1220267
753	1926	5	2.4774177
753	1315	6	1.5536312
753	77	7	2.8884525
753	200	8	2.757595
753	229	9	2.893579
753	109	10	2.8588116
344	3072	1	1.4104539
344	201	2	1.5958235
344	333	3	1.385277
344	3273	4	1.4367316
344	430	5	1.2393925
344	2503	6	1.4816889
344	3075	7	1.3495138
344	47	8	1.1989828
344	3074	9	1.3459343
344	806	10	1.321163
264	3718	1	4.5012226
264	369	2	4.3770914
264	62	3	4.3977966
264	495	4	3.5730455
264	622	5	5.080448
264	1315	6	2.4557033
264	631	7	4.181907
264	1066	8	2.42325
264	229	9	4.274803
264	19	10	4.0721354
26	1023	1	3.5166
26	24	2	3.9343452
26	370	3	3.1665006
26	754	4	2.7753372
26	72	5	3.6603274
26	791	6	3.092445
26	1066	7	2.74301
26	1794	8	4.795025
26	515	9	3.0610113
26	807	10	2.9445515
204	920	1	3.0379784
204	218	2	3.5944233
204	2101	3	2.8548071
204	28	4	2.4842854
204	455	5	2.9780896
204	420	6	2.036238
204	139	7	2.8434024
204	200	8	3.957848
204	688	9	2.800509
204	905	10	2.7985654
540	84	1	4.364208
540	24	2	3.2765398
540	370	3	3.8518596
540	495	4	2.4822483
540	30	5	2.774612
540	515	6	3.642009
540	1066	7	3.1888409
540	29	8	3.4633694
540	911	9	3.1686854
540	219	10	3.2569876
282	84	1	2.5890112
282	238	2	2.2288606
282	311	3	2.3963604
282	243	4	2.5048232
282	622	5	2.7217693
282	1449	6	2.2911654
282	47	7	2.3224025
282	19	8	2.279937
282	221	9	1.9810662
282	3718	10	2.2756374
768	227	1	2.979545
768	4608	2	2.4282188
768	370	3	2.5281508
768	320	4	2.0921044
768	30	5	2.17893
768	1315	6	1.3877239
768	1011	7	2.4332824
768	4945	8	1.6641644
768	84	9	2.3256125
768	391	10	2.1217093
499	3718	1	3.4331763
499	369	2	3.939452
499	3074	3	3.2834647
499	320	4	2.776093
499	430	5	2.8738003
499	2503	6	2.6403532
499	196	7	3.2279403
499	599	8	2.7447736
499	216	9	3.1845396
499	391	10	1.9557148
737	631	1	4.8244123
737	24	2	4.2511153
737	62	3	4.742689
737	495	4	3.4670374
737	30	5	4.693958
737	1315	6	2.4527016
737	152	7	4.686243
737	1066	8	2.7079878
737	3718	9	4.323822
737	1794	10	4.081517
871	84	1	4.866275
871	238	2	4.152013
871	3718	3	4.435104
871	243	4	5.317607
871	622	5	5.1124377
871	1315	6	2.2498887
871	219	7	4.141204
871	599	8	5.369117
871	152	9	4.1325808
871	229	10	4.055069
923	4021	1	4.4872537
923	1526	2	3.7068074
923	1854	3	4.0045776
923	936	4	4.0322165
923	1983	5	4.389641
923	682	6	3.7646375
923	200	7	4.016246
923	479	8	3.7042565
923	539	9	2.4479358
923	641	10	3.5758717
609	3796	1	3.2764647
609	168	2	2.0977626
609	337	3	2.7686746
609	3929	4	2.1428876
609	1658	5	1.8136015
609	620	6	1.3212533
609	37	7	2.6928651
609	599	8	1.6056492
609	417	9	2.131649
609	911	10	2.0449226
746	84	1	3.7529578
746	231	2	3.4528604
746	631	3	3.2291002
746	320	4	3.230309
746	70	5	3.1802113
746	62	6	3.0685446
746	599	7	3.7618327
746	11	8	3.0024977
746	391	9	3.2543325
746	82	10	2.9968054
555	278	1	3.6736002
555	821	2	3.2392647
555	63	3	3.2193484
555	320	4	3.2482831
555	1321	5	3.8283734
555	225	6	2.103035
555	219	7	3.0409546
555	599	8	4.3251867
555	244	9	3.0028071
555	1302	10	2.2231295
469	632	1	2.504025
469	4197	2	2.22017
469	3640	3	2.474453
469	3275	4	1.1777004
469	3975	5	2.7600179
469	1097	6	2.4140468
469	421	7	3.4863255
469	663	8	2.3179996
469	1621	9	2.1070976
469	1643	10	2.1815283
463	210	1	1.8018365
463	1697	2	1.7859442
463	109	3	1.6640754
463	1133	4	1.7251326
463	30	5	1.5200508
463	1223	6	1.6487721
463	4017	7	1.4791158
463	2079	8	1.489785
463	3058	9	1.4036516
463	1452	10	1.3894318
280	3843	1	2.1800194
280	2468	2	2.0426729
280	1816	3	2.0675476
280	3553	4	1.4859481
280	111	5	1.9610921
280	3850	6	2.0260909
280	14	7	1.1323001
280	2853	8	1.8038586
280	3147	9	1.3627677
280	716	10	1.7312851
259	219	1	3.4829366
259	821	2	3.5079045
259	351	3	3.3349059
259	243	4	3.7267408
259	1926	5	2.6502607
259	1315	6	1.8910015
259	874	7	3.32934
259	47	8	3.7585866
259	229	9	3.9218028
259	631	10	3.32273
879	219	1	3.491166
879	168	2	3.405565
879	84	3	3.3167715
879	147	4	2.7635834
879	1926	5	2.6435776
879	682	6	3.1214986
879	47	7	2.9059422
879	843	8	3.052681
879	391	9	2.6460555
879	4029	10	3.0880737
612	258	1	3.4630418
612	821	2	3.252685
612	311	3	3.289486
612	243	4	3.4839206
612	622	5	3.163732
612	1315	6	1.8814738
612	0	7	3.230134
612	47	8	3.4260836
612	62	9	2.9612389
612	1794	10	2.9005418
594	62	1	4.345728
594	231	2	4.561015
594	311	3	4.313242
594	686	4	2.569932
594	30	5	4.3108797
594	1315	6	2.128763
594	227	7	3.7959878
594	1197	8	2.2752657
594	229	9	3.9549112
594	19	10	3.770794
521	1449	1	3.0041456
521	168	2	3.478466
521	631	3	2.9786654
521	243	4	2.6034236
521	1926	5	2.687797
521	1315	6	2.678625
521	311	7	2.8212588
521	1066	8	1.7194673
521	229	9	3.7369847
521	210	10	2.6682272
110	3718	1	4.306054
110	238	2	4.0878477
110	11	3	3.5632646
110	320	4	3.8039284
110	72	5	2.4805796
110	216	6	3.3797219
110	599	7	3.8783507
110	62	8	3.2966003
110	229	9	2.822756
110	84	10	3.2595553
446	2125	1	3.111257
446	1697	2	3.5185854
446	501	3	2.911987
446	296	4	3.6077626
446	2800	5	2.637216
446	53	6	2.8722153
446	200	7	3.5051632
446	161	8	2.7992926
446	1794	9	1.861608
446	1843	10	2.7971418
351	258	1	3.3776321
351	231	2	3.6016293
351	0	3	3.3273883
351	320	4	3.794416
351	622	5	3.1316807
351	1315	6	1.898192
351	351	7	3.3192816
351	47	8	3.255176
351	229	9	3.2538195
351	631	10	3.1083083
111	84	1	4.156863
111	231	2	3.6999466
111	1449	3	3.544172
111	320	4	3.5467937
111	1321	5	3.3980331
111	2942	6	1.84494
111	515	7	3.4758322
111	599	8	4.278756
111	911	9	4.0895333
111	1466	10	3.4740753
789	1854	1	3.3102975
789	860	2	3.3363366
789	479	3	3.1298618
789	296	4	3.103291
789	1926	5	3.7362263
789	948	6	2.9886296
789	47	7	2.9976823
789	641	8	2.9290612
789	53	9	2.90874
789	43	10	2.1984515
886	95	1	3.5577722
886	504	2	2.7633462
886	3074	3	3.4607327
886	320	4	2.5485287
886	1149	5	2.953349
886	215	6	3.2480352
886	172	7	2.2046063
886	50	8	3.2024436
886	1925	9	3.1220977
886	216	10	3.0852785
785	3718	1	4.4801335
785	24	2	4.4617777
785	485	3	4.1934032
785	495	4	3.488238
785	30	5	5.0693555
785	1315	6	2.5799227
785	372	7	4.0259867
785	1066	8	2.4622653
785	391	9	4.394435
785	19	10	3.8993363
476	732	1	3.749352
476	24	2	3.3887382
476	62	3	3.6786475
476	243	4	4.390109
476	72	5	3.0837083
476	1315	6	1.9048604
476	3718	7	3.611754
476	152	8	3.505425
476	391	9	3.2317731
476	19	10	3.2997289
621	732	1	4.580967
621	213	2	3.7040284
621	84	3	4.0639324
621	439	4	2.9007835
621	30	5	3.931364
621	2503	6	2.2915447
621	62	7	4.0030365
621	215	8	3.8246202
621	1794	9	3.1138282
621	95	10	3.757926
34	258	1	4.1107864
34	721	2	3.9280045
34	84	3	3.774487
34	243	4	4.008242
34	622	5	4.0846195
34	1315	6	2.6186125
34	219	7	3.728844
34	47	8	4.5292187
34	1794	9	3.6647453
34	372	10	3.5418692
630	0	1	4.3352594
630	369	2	4.0222588
630	732	3	4.0294847
630	495	4	3.118075
630	72	5	3.5258646
630	62	6	3.8699112
630	694	7	2.4769816
630	631	8	3.5769954
630	1794	9	3.053117
630	1449	10	3.468189
411	682	1	3.8635733
411	1761	2	2.917687
411	4021	3	3.7938845
411	439	4	3.1594663
411	4016	5	3.2127929
411	1854	6	3.5277934
411	200	7	3.679412
411	1139	8	3.5010061
411	798	9	3.4948897
411	43	10	2.3794794
272	351	1	3.327054
272	231	2	2.9771597
272	84	3	3.2716002
272	320	4	3.8159204
272	4016	5	2.4311204
272	1315	6	1.8883756
272	152	7	3.2031827
272	47	8	3.935418
272	227	9	3.1643424
272	1794	10	2.7511425
20	501	1	4.4783525
20	1761	2	3.9768581
20	139	3	4.043695
20	147	4	3.8439493
20	2800	5	3.85718
20	1139	6	3.9946098
20	1197	7	3.1191034
20	682	8	3.9695063
20	717	9	3.8315053
20	1782	10	2.5974479
27	84	1	3.4322288
27	821	2	2.9453611
27	1112	3	3.2657735
27	439	4	2.3712997
27	1321	5	3.3104339
27	227	6	2.895436
27	599	7	3.851784
27	351	8	2.8659205
27	221	9	3.1621196
27	43	10	3.1285517
381	672	1	4.731246
381	168	2	4.569296
381	613	3	3.3999164
381	936	4	3.4107878
381	1983	5	3.351623
381	1374	6	3.3678513
381	1197	7	2.4059153
381	77	8	3.0560246
381	125	9	2.9862313
381	597	10	4.1832438
633	0	1	3.7641308
633	231	2	4.5777273
633	258	3	3.750174
633	243	4	3.8008687
633	622	5	3.8265538
633	1315	6	2.012013
633	152	7	3.4765408
633	1066	8	3.4604387
633	62	9	3.4080687
633	911	10	3.3713484
406	753	1	4.390666
406	1764	2	3.4600587
406	210	3	3.884848
406	1590	4	2.4338048
406	30	5	2.2646718
406	4017	6	3.8024433
406	270	7	3.680495
406	200	8	1.7083642
406	553	9	3.6600182
406	4029	10	3.0123942
727	3718	1	3.8219757
727	821	2	3.8549314
727	631	3	3.799539
727	243	4	3.856248
727	622	5	3.8420763
727	1315	6	1.9582742
727	351	7	3.7872248
727	47	8	3.377609
727	221	9	3.608026
727	62	10	3.5128212
714	4017	1	4.214493
714	860	2	3.9031558
714	672	3	4.1821814
714	936	4	3.5975237
714	1926	5	3.9411352
714	479	6	4.073647
714	47	7	4.1403947
714	19	8	4.0353518
714	229	9	4.088384
714	77	10	3.9933596
494	4017	1	3.64752
494	168	2	4.2321935
494	210	3	3.5723064
494	439	4	2.7440841
494	1983	5	3.371286
494	77	6	3.3570805
494	47	7	2.800456
494	229	8	4.712434
494	4020	9	3.3240385
494	43	10	3.3224754
22	311	1	3.42723
22	238	2	3.3508377
22	216	3	3.365704
22	320	4	3.892159
22	622	5	4.5462365
22	219	6	3.3401933
22	200	7	2.0663674
22	631	8	3.3285422
22	391	9	3.4558377
22	43	10	4.7266474
172	672	1	4.566672
172	2108	2	3.9006286
172	4021	3	4.4946327
172	936	4	3.242114
172	30	5	4.0939007
172	77	6	3.8877704
172	200	7	2.760552
172	3085	8	3.6664658
172	229	9	3.1659367
172	2390	10	3.5087638
19	843	1	3.8963594
19	860	2	3.5231662
19	456	3	3.7718465
19	901	4	3.6199965
19	1926	5	4.170263
19	641	6	3.6638484
19	47	7	3.1221514
19	682	8	3.5752053
19	229	9	3.9427533
19	141	10	3.495575
848	219	1	4.33393
848	231	2	4.709442
848	631	3	4.0359497
848	3929	4	3.3394828
848	72	5	3.563846
848	2942	6	2.458708
848	351	7	4.0030932
848	1066	8	3.515452
848	221	9	4.2847905
848	152	10	3.7242866
332	82	1	3.5240602
332	369	2	3.7796764
332	215	3	3.4105756
332	3275	4	2.3789377
332	430	5	2.4226942
332	2503	6	2.5259476
332	216	7	3.2739496
332	599	8	2.8333077
332	95	9	3.2289815
332	3073	10	3.088327
912	227	1	4.275465
912	821	2	3.872212
912	278	3	3.4607356
912	243	4	3.0881412
912	30	5	3.2204232
912	1449	6	3.4556649
912	1066	7	2.6670823
912	311	8	3.3904161
912	391	9	3.2837167
912	62	10	3.3402324
530	210	1	4.187236
530	369	2	3.1008391
530	672	3	3.8421597
530	243	4	3.5768867
530	622	5	3.0636616
530	2503	6	2.1145139
530	53	7	3.6387882
530	1197	8	2.544467
530	229	9	3.93857
530	1854	10	3.5650022
349	3776	1	2.982183
349	1671	2	2.3656318
349	417	3	2.8503222
349	1133	4	2.97049
349	114	5	1.4069583
349	2098	6	2.8294506
349	3281	7	1.6066687
349	2599	8	2.7729511
349	3138	9	1.5041292
349	3532	10	2.6377532
79	843	1	4.1878023
79	821	2	3.3243933
79	4017	3	4.0872846
79	243	4	3.3557134
79	1926	5	3.4182706
79	1315	6	2.419754
79	672	7	4.0609326
79	47	8	4.087009
79	229	9	4.848572
79	4020	10	3.7934818
81	227	1	4.1180086
81	231	2	3.947369
81	152	3	4.0596104
81	320	4	4.799913
81	622	5	4.599021
81	1315	6	2.6602674
81	196	7	3.9985924
81	47	8	4.6290655
81	229	9	4.088677
81	216	10	3.9911826
550	216	1	4.253741
550	369	2	3.7136123
550	196	3	3.6851532
550	3275	4	2.9392502
550	71	5	3.63751
550	2503	6	3.5247815
550	631	7	3.4544392
550	200	8	2.963821
550	3718	9	3.3243175
550	43	10	3.2466831
774	3718	1	4.428275
774	238	2	4.298723
774	732	3	4.1918917
774	3929	4	2.5568967
774	30	5	4.319351
774	1315	6	2.2692268
774	62	7	4.102642
774	47	8	4.6580563
774	152	9	4.038519
774	221	10	3.681778
906	227	1	4.0908337
906	231	2	4.8428516
906	732	3	3.8738563
906	495	4	2.6934285
906	622	5	3.7070353
906	1315	6	2.2973804
906	258	7	3.6515238
906	47	8	3.1660838
906	391	9	3.577254
906	62	10	3.5737
860	84	1	4.4096527
860	115	2	3.3592613
860	62	3	4.262223
860	439	4	1.9834341
860	71	5	3.3894608
860	1315	6	2.1875782
860	219	7	3.8995185
860	694	8	2.8645895
860	680	9	3.8005123
860	229	10	2.4515269
304	631	1	2.544571
304	168	2	2.4561257
304	351	3	2.5193317
304	243	4	2.5170157
304	622	5	2.2878294
304	1315	6	2.01728
304	0	7	2.442895
304	599	8	2.7543378
304	229	9	2.8851612
304	3718	10	2.4196572
614	672	1	4.012824
614	860	2	4.5709553
614	682	3	3.9725442
614	936	4	2.8755922
614	1926	5	3.9475665
614	4017	6	3.8900552
614	200	7	3.141066
614	2125	8	3.7691846
614	1794	9	2.188008
614	77	10	3.6873689
490	3073	1	2.5776408
490	431	2	2.3274946
490	3072	3	2.50113
490	243	4	2.2321386
490	1261	5	3.2029939
490	622	6	2.1208248
490	1925	7	2.4583712
490	47	8	2.4627533
490	82	9	2.3794785
490	3074	10	2.2273576
649	227	1	3.6099854
649	821	2	3.4394903
649	3718	3	3.6051574
649	439	4	2.111743
649	622	5	4.1339006
649	1315	6	1.8382351
649	631	7	3.4503627
649	1197	8	1.7393107
649	229	9	3.5457602
649	62	10	3.396208
500	706	1	3.8922355
500	24	2	3.6822555
500	806	3	3.4143403
500	28	4	2.5964875
500	58	5	2.5681095
500	458	6	2.3297572
500	50	7	3.3762722
500	599	8	1.915914
500	90	9	3.346929
500	391	10	2.074366
638	278	1	3.7194993
638	821	2	3.7189984
638	152	3	3.7007806
638	320	4	4.2043667
638	30	5	3.8708353
638	837	6	2.5230603
638	258	7	3.582665
638	1066	8	2.8398967
638	221	9	4.1286774
638	1011	10	3.3676116
762	227	1	4.12012
762	213	2	3.6681347
762	485	3	3.6575022
762	243	4	3.623588
762	622	5	3.5607188
762	1315	6	2.1739097
762	631	7	3.6498785
762	47	8	2.9505
762	1794	9	3.7341228
762	732	10	3.6435137
30	672	1	4.677348
30	2108	2	3.836041
30	501	3	3.9658723
30	944	4	3.240916
30	1926	5	3.6485858
30	3085	6	3.6524904
30	1197	7	2.8095083
30	717	8	3.5444162
30	229	9	3.3312366
30	3096	10	3.4830265
267	3718	1	3.8502207
267	721	2	3.5534987
267	3075	3	3.0342336
267	495	4	3.5091715
267	71	5	2.558052
267	2503	6	2.6657465
267	333	7	2.976525
267	599	8	2.9146252
267	3074	9	2.968958
267	229	10	1.8518763
313	3718	1	4.376498
313	231	2	4.814241
313	219	3	4.3324385
313	495	4	3.0689464
313	72	5	3.731683
313	1315	6	2.6507254
313	631	7	4.201459
313	47	8	4.705601
313	216	9	4.0733705
313	229	10	4.0114827
512	19	1	4.2255683
512	2108	2	4.103524
512	196	3	3.9816446
512	28	4	2.7862477
512	1926	5	2.890381
512	1315	6	2.2927084
512	641	7	3.6978202
512	47	8	3.6606302
512	456	9	3.5228777
512	229	10	2.9403129
284	3718	1	4.617584
284	24	2	4.628071
284	62	3	4.1954985
284	686	4	2.5486562
284	30	5	3.6681647
284	227	6	3.8912725
284	694	7	2.478755
284	152	8	3.5615544
284	1794	9	3.8857303
284	1701	10	3.4965894
763	84	1	4.533112
763	231	2	3.937373
763	1449	3	3.6913657
763	320	4	3.8787594
763	1321	5	3.5777001
763	2942	6	1.9334239
763	874	7	3.6650379
763	599	8	4.618362
763	911	9	4.441302
763	1466	10	3.5200434
265	109	1	3.279049
265	238	2	2.7840946
265	210	3	3.251628
265	243	4	2.8889332
265	1983	5	2.8439581
265	420	6	1.9901283
265	49	7	3.173088
265	200	8	3.3846326
265	229	9	3.3691218
265	216	10	3.0824487
681	152	1	3.7469559
681	821	2	3.4298103
681	219	3	3.5520935
681	243	4	4.03623
681	1926	5	2.526824
681	1315	6	2.6917114
681	351	7	3.5433872
681	47	8	3.9091337
681	229	9	3.7344265
681	631	10	3.4083781
243	84	1	5.478038
243	369	2	4.2136507
243	372	3	4.4987965
243	495	4	3.8496532
243	30	5	3.8916378
243	227	6	4.487557
243	1066	7	2.2755089
243	3718	8	4.1436143
243	229	9	3.5493748
243	1449	10	3.839699
655	219	1	4.1326723
655	821	2	4.2370806
655	874	3	3.9553106
655	243	4	4.1634216
655	1321	5	3.6865032
655	225	6	1.9992845
655	1466	7	3.9444945
655	1066	8	4.7758865
655	631	9	3.8978481
655	1602	10	3.4266403
819	84	1	3.7836
819	168	2	4.3843546
819	109	3	3.7803597
819	439	4	3.1305344
819	1983	5	3.5532112
819	1315	6	2.5442696
819	672	7	3.6348433
819	599	8	4.3218374
819	682	9	3.5301666
819	391	10	2.6788778
316	631	1	4.217791
316	185	2	3.9644299
316	258	3	4.1611786
316	3929	4	3.3796413
316	622	5	4.2272
316	1315	6	2.569231
316	62	7	4.0943403
316	1066	8	2.2753549
316	229	9	4.3465624
316	0	10	3.8453393
25	216	1	3.4239728
25	238	2	4.1639843
25	3073	3	3.39935
25	320	4	3.1392002
25	430	5	2.6604276
25	2503	6	2.5053303
25	242	7	3.2007327
25	599	8	2.97904
25	3072	9	3.1303391
25	229	10	2.029914
225	53	1	3.6018608
225	721	2	3.2415013
225	3718	3	3.598002
225	439	4	3.4611595
225	4016	5	3.433136
225	139	6	3.5734549
225	599	7	3.7310584
225	77	8	3.5482798
225	539	9	2.9399664
225	43	10	4.081734
95	77	1	4.971179
95	1526	2	3.777659
95	479	3	4.098717
95	296	4	3.9580805
95	1983	5	4.0412145
95	2390	6	3.8633094
95	47	7	3.4815116
95	141	8	3.8045177
95	229	9	4.1393127
95	717	10	3.7243419
158	109	1	3.9849336
158	168	2	4.7103415
158	1854	3	3.4270575
158	147	4	3.2942257
158	1926	5	3.5249815
158	843	6	3.3567734
158	599	7	3.1185617
158	77	8	3.2406278
158	1794	9	2.5912676
158	43	10	3.0067644
520	732	1	4.6568303
520	213	2	4.2111225
520	258	3	4.5152082
520	754	4	2.7869642
520	1315	5	2.301382
520	0	6	4.3127704
520	47	7	3.4838967
520	278	8	4.2217746
520	391	9	4.3662214
520	62	10	4.156333
210	732	1	3.9218822
210	238	2	3.5185914
210	62	3	3.3088083
210	243	4	4.335017
210	72	5	2.8732753
210	11	6	3.0715196
210	47	7	3.1861713
210	227	8	3.0695014
210	1794	9	2.2246306
210	311	10	2.9802294
144	62	1	3.0741382
144	24	2	3.5292115
144	196	3	3.0579228
144	320	4	3.1505103
144	30	5	2.440027
144	2503	6	2.0393856
144	216	7	3.0497694
144	47	8	3.9305844
144	82	9	3.0003157
144	391	10	2.2840986
560	672	1	4.3500338
560	1526	2	2.7053578
560	843	3	4.213381
560	936	4	3.1074436
560	1926	5	3.5190902
560	4021	6	4.092628
560	47	7	3.0203946
560	77	8	3.795742
560	539	9	1.9987438
560	456	10	3.6967568
660	216	1	4.42037
660	238	2	4.040908
660	196	3	4.404709
660	243	4	4.2005982
660	622	5	3.9950616
660	2503	6	3.2564828
660	641	7	4.195076
660	1197	8	2.4726598
660	3075	9	4.121608
660	229	10	3.589544
73	672	1	5.082884
73	597	2	4.679335
73	4021	3	4.4505825
73	439	4	3.4785228
73	1983	5	3.2643037
73	843	6	3.7451413
73	200	7	3.2735012
73	229	8	4.379488
73	501	9	3.706263
73	43	10	3.555994
529	216	1	3.6449049
529	201	2	3.759852
529	152	3	3.4909022
529	495	4	2.8867545
529	622	5	4.447997
529	1315	6	2.3135371
529	311	7	3.4071374
529	599	8	3.7138305
529	631	9	3.3243613
529	1794	10	2.902647
806	216	1	3.9361055
806	369	2	4.4420576
806	3075	3	3.8569453
806	495	4	3.3936062
806	430	5	3.366205
806	3074	6	3.8328094
806	172	7	2.4188204
806	196	8	3.6467805
806	43	9	3.8936424
806	706	10	3.322754
532	1366	1	2.3243399
532	3342	2	1.4972032
532	2556	3	2.284085
532	1137	4	1.4636936
532	114	5	1.8521509
532	4395	6	0.89360416
532	1330	7	2.2187
532	4149	8	1.0822632
532	3207	9	2.1138854
532	4357	10	0.9842138
854	84	1	4.188435
854	231	2	3.713092
854	631	3	3.444495
854	243	4	3.5377667
854	30	5	3.2534747
854	1315	6	1.6409854
854	258	7	3.4294126
854	47	8	2.605707
854	732	9	3.4032087
854	391	10	3.2750063
554	1011	1	2.207972
554	185	2	1.5853086
554	1466	3	2.0234442
554	3929	4	1.538553
554	1321	5	1.588516
554	1212	6	1.3626782
554	595	7	1.8257315
554	599	8	1.0222013
554	911	9	1.9275094
554	29	10	1.8109546
704	3074	1	4.863616
704	1171	2	3.4430566
704	196	3	4.502689
704	495	4	2.6930115
704	430	5	4.125146
704	420	6	2.1580157
704	706	7	4.402519
704	200	8	3.1640563
704	95	9	4.080597
704	242	10	4.0666656
902	333	1	4.596279
902	24	2	4.6221485
902	196	3	4.220746
902	495	4	3.8109846
902	71	5	3.7053618
902	2503	6	4.038445
902	216	7	4.0231333
902	599	8	3.1070385
902	1925	9	3.617867
902	1368	10	3.6023903
574	152	1	3.0146651
574	821	2	3.2739093
574	311	3	3.0122032
574	243	4	2.8189108
574	622	5	2.8133044
574	258	6	2.988075
574	1066	7	2.8173635
574	1484	8	3.5906837
574	631	9	2.949566
574	985	10	3.1133
646	84	1	4.060272
646	821	2	2.889207
646	514	3	3.669745
646	3929	4	3.502996
646	30	5	3.316647
646	2060	6	2.324051
646	278	7	3.2431912
646	1066	8	2.6066406
646	1484	9	3.5613875
646	219	10	3.0478218
384	210	1	2.5680454
384	168	2	2.5144625
384	109	3	2.3842466
384	936	4	1.9786906
384	1926	5	2.089305
384	346	6	2.5462348
384	641	7	2.145925
384	200	8	2.0352178
384	672	9	2.088242
384	229	10	1.5769775
672	77	1	3.7216613
672	1526	2	2.7504666
672	1854	3	3.5335546
672	147	4	2.8434088
672	1926	5	3.6113143
672	641	6	3.3134942
672	1197	7	2.3426414
672	139	8	3.28938
672	539	9	1.9422963
672	479	10	2.9779744
524	631	1	3.0054636
524	238	2	3.403404
524	732	3	2.9637127
524	495	4	2.3338826
524	71	5	2.235277
524	152	6	2.779522
524	599	7	4.0607953
524	3718	8	2.6927586
524	229	9	2.9078743
524	43	10	4.1134853
249	732	1	4.1723776
249	185	2	3.919066
249	351	3	4.1381516
249	495	4	2.9273431
249	622	5	4.2713575
249	1315	6	2.630942
249	631	7	4.131363
249	47	8	3.9169724
249	391	9	3.9369006
249	62	10	3.8093805
117	258	1	2.9874082
117	461	2	2.2455962
117	62	3	2.8096852
117	243	4	3.1643176
117	30	5	2.3819988
117	11	6	2.6377184
117	47	7	2.638813
117	479	8	2.4691966
117	229	9	1.7794635
117	85	10	2.3625875
876	210	1	3.4499943
876	1526	2	2.1977687
876	672	3	2.7383642
876	936	4	2.409236
876	1926	5	2.8076885
876	641	6	2.7100806
876	1197	7	1.9562641
876	4020	8	2.6765594
876	3072	9	2.640762
876	43	10	2.0183134
444	11	1	3.762146
444	238	2	4.1224504
444	3074	3	3.570198
444	439	4	2.1073136
444	430	5	3.1136098
444	2503	6	3.0580583
444	82	7	3.5588472
444	599	8	2.481133
444	196	9	3.453349
444	229	10	2.075433
312	2954	1	2.0388322
312	585	2	1.7693846
312	1650	3	2.0304842
312	1610	4	1.8857906
312	4398	5	1.6676216
312	1877	6	1.8118677
312	1197	7	1.2714612
312	252	8	1.8061321
312	3049	9	1.7726116
312	1631	10	1.7330793
192	1333	1	2.8081586
192	1788	2	2.7338269
192	514	3	2.760764
192	3066	4	1.4217447
192	30	5	1.5813595
192	837	6	1.9389842
192	2404	7	2.3028674
192	3281	8	1.8936229
192	549	9	2.2517724
192	3138	10	2.0249915
629	732	1	3.380221
629	231	2	4.0535126
629	258	3	3.3067303
629	243	4	3.4674249
629	622	5	3.3561506
629	1315	6	2.3247454
629	62	7	3.2833085
629	47	8	2.496743
629	391	9	3.3519106
629	311	10	3.2698278
865	84	1	3.523148
865	24	2	2.9445791
865	62	3	2.7648716
865	320	4	3.462349
865	30	5	2.3445725
865	278	6	2.7592645
865	47	7	2.587116
865	219	8	2.735077
865	221	9	2.8056517
865	19	10	2.7153268
437	753	1	3.9932551
437	826	2	2.8837354
437	734	3	3.6415477
437	936	4	4.681244
437	2800	5	2.9428864
437	2125	6	3.5784152
437	47	7	3.003032
437	479	8	3.514687
437	229	9	3.8641899
437	702	10	3.4136338
420	84	1	2.6974778
420	231	2	2.9760551
420	219	3	2.342654
420	243	4	1.8322695
420	622	5	1.8435738
420	62	6	2.3114204
420	1066	7	1.7747211
420	631	8	2.2517686
420	221	9	2.0685325
420	3003	10	2.4942505
175	258	1	3.5004206
175	231	2	3.4208603
175	84	3	3.3236809
175	243	4	3.1756597
175	622	5	3.487357
175	227	6	3.311058
175	599	7	3.482034
175	0	8	2.9610305
175	391	9	3.0830655
175	152	10	2.8041472
482	456	1	4.414897
482	1697	2	3.3886867
482	753	3	4.2121906
482	1277	4	3.3073027
482	2800	5	3.541969
482	702	6	3.8598971
482	1197	7	3.2379518
482	229	8	4.712168
482	139	9	3.7752497
482	271	10	3.7709808
792	216	1	4.698389
792	218	2	3.4033833
792	1925	3	4.314658
792	3275	4	3.619061
792	430	5	4.115053
792	2503	6	4.1937575
792	706	7	3.7042775
792	599	8	3.3542867
792	1693	9	3.585865
792	81	10	3.4991472
224	672	1	2.5044508
224	2110	2	2.7551503
224	210	3	2.4647171
224	296	4	2.1702194
224	1926	5	2.311718
224	109	6	2.4527524
224	47	7	2.3018732
224	4017	8	2.389421
224	229	9	2.5917625
224	4029	10	2.9758682
433	4017	1	2.9202495
433	168	2	3.2443378
433	210	3	2.8205905
433	936	4	2.4680853
433	1926	5	2.6096053
433	109	6	2.792038
433	200	7	2.5362766
433	4020	8	2.6328273
433	229	9	2.7372968
433	4029	10	2.925364
507	1200	1	1.801303
507	1424	2	2.332426
507	1134	3	2.7562985
507	913	4	1.7778841
507	30	5	1.9871507
507	114	6	1.1643895
507	351	7	1.776586
507	599	8	2.0291405
507	1626	9	1.7728646
507	911	10	2.0145373
159	152	1	3.5362904
159	168	2	4.61699
159	4017	3	3.5213346
159	147	4	3.7972121
159	1926	5	3.4514375
159	1315	6	2.80055
159	485	7	3.2898612
159	47	8	2.8685822
159	311	9	3.268693
159	4029	10	3.9686115
904	454	1	4.158842
904	218	2	4.106417
904	920	3	3.8239985
904	3273	4	4.2055807
904	2216	5	3.9953408
904	420	6	2.3973732
904	1893	7	3.5995011
904	200	8	4.41348
904	73	9	3.4999032
904	215	10	3.4245448
76	84	1	2.3862271
76	231	2	2.056945
76	1162	3	2.1379325
76	147	4	1.828539
76	30	5	2.5479112
76	2211	6	1.1307132
76	672	7	1.9322226
76	1881	8	1.1708214
76	229	9	2.6614103
76	311	10	1.890827
273	672	1	4.5165014
273	597	2	4.652448
273	152	3	4.214858
273	243	4	3.643921
273	1926	5	3.777155
273	1315	6	2.5932586
273	4020	7	4.214787
273	47	8	4.474094
273	210	9	4.01525
273	539	10	2.76102
40	84	1	4.678344
40	231	2	4.062211
40	3718	3	3.9416378
40	439	4	3.1977692
40	622	5	4.7830915
40	1315	6	2.7853594
40	196	7	3.866527
40	200	8	2.9524202
40	229	9	3.6685767
40	3072	10	3.626326
461	84	1	3.8178258
461	231	2	3.313329
461	29	3	3.6406775
461	320	4	3.1978908
461	1321	5	3.1424332
461	2060	6	2.3129945
461	1466	7	2.9207144
461	1066	8	3.5684013
461	221	9	3.770554
461	63	10	2.9077072
606	641	1	3.8487043
606	1761	2	3.478848
606	2125	3	3.5858076
606	147	4	3.5255907
606	620	5	3.0204592
606	1843	6	3.3325572
606	599	7	2.904447
606	682	8	3.3226843
606	3090	9	3.3100085
606	201	10	3.2312033
342	77	1	3.6962326
342	721	2	3.2977676
342	672	3	3.6610744
342	296	4	3.1170168
342	1926	5	3.4250598
342	210	6	3.6191297
342	47	7	3.1196377
342	2125	8	3.4623084
342	1794	9	3.0691493
342	43	10	3.0472724
715	672	1	4.090047
715	2108	2	3.2401552
715	4017	3	3.8508465
715	936	4	3.1077776
715	1926	5	2.9989436
715	4021	6	3.6746364
715	200	7	2.6712236
715	1854	8	3.3755283
715	229	9	3.172864
715	4029	10	3.657052
346	501	1	3.9287648
346	1761	2	3.6857343
346	733	3	3.5540829
346	296	4	3.464808
346	1926	5	4.3396783
346	479	6	3.526764
346	1197	7	2.9121144
346	641	8	3.4836304
346	53	9	3.3502855
346	1526	10	3.4892547
888	82	1	4.2421527
888	721	2	3.8417902
888	3073	3	3.9812446
888	320	4	3.9366841
888	58	5	3.0821123
888	2503	6	2.8368955
888	84	7	3.703729
888	599	8	4.312385
888	62	9	3.6410584
888	391	10	2.808189
894	843	1	4.3229327
894	2108	2	4.9241743
894	3085	3	4.0873623
894	936	4	4.1998177
894	1926	5	4.3352847
894	456	6	4.023554
894	1197	7	2.6344743
894	733	8	3.593432
894	229	9	3.6300535
894	948	10	3.5878835
168	456	1	4.1611795
168	1526	2	2.81861
168	672	3	3.9589205
168	439	4	3.0855765
168	1926	5	3.7298818
168	4017	6	3.8059082
168	47	7	3.1238136
168	3718	8	3.6589434
168	1794	9	2.670267
168	43	10	3.0033634
101	196	1	3.7943556
101	431	2	4.1339316
101	492	3	3.5180583
101	3275	4	2.7881594
101	71	5	3.2345996
101	1925	6	3.4965613
101	200	7	3.4200459
101	242	8	3.4795218
101	229	9	2.0187762
101	43	10	3.831954
374	219	1	3.0040069
374	231	2	3.35536
374	152	3	2.9843564
374	3929	4	3.460417
374	72	5	2.8307433
374	1315	6	1.9010525
374	960	7	2.9717057
374	1066	8	2.5378814
374	1484	9	3.366871
374	278	10	2.932274
522	1985	1	1.96084
522	610	2	1.5115346
522	4746	3	1.9044328
522	1867	4	3.4284444
522	628	5	1.7195272
522	440	6	1.6747143
522	4001	7	1.5927241
522	3352	8	1.4537
522	1971	9	1.5303799
522	899	10	1.6034845
186	672	1	4.8637953
186	2108	2	4.2603307
186	77	3	4.2895737
186	936	4	3.7962382
186	1926	5	3.763615
186	271	6	3.691687
186	200	7	3.3336878
186	733	8	3.646149
186	229	9	3.0173054
186	735	10	3.5585155
366	4021	1	3.939506
366	860	2	3.4345927
366	210	3	3.9215512
366	901	4	2.9479196
366	1926	5	3.5635252
366	456	6	3.3691733
366	200	7	3.180153
366	1854	8	3.3215575
366	229	9	3.5269382
366	53	10	3.1419566
749	219	1	3.832553
749	821	2	3.9866452
749	631	3	3.7827468
749	243	4	3.3830628
749	622	5	3.3201766
749	225	6	2.078743
749	351	7	3.516838
749	1066	8	3.1949787
749	221	9	3.76399
749	485	10	3.4726515
199	672	1	3.8673098
199	597	2	3.9059834
199	109	3	3.2905324
199	936	4	3.0367723
199	1926	5	3.0285246
199	152	6	3.1438456
199	47	7	2.7168012
199	77	8	2.9794085
199	1794	9	2.6517713
199	843	10	2.9662042
866	515	1	3.292576
866	231	2	3.2075703
866	219	3	3.190613
866	320	4	3.1734087
866	72	5	2.346419
866	1315	6	2.09089
866	278	7	2.9563794
866	1066	8	2.4862237
866	1484	9	4.002878
866	370	10	2.8383806
281	672	1	4.6525116
281	1697	2	3.251184
281	77	3	4.209739
281	147	4	3.2476182
281	1983	5	3.647675
281	1854	6	3.8468866
281	200	7	3.09922
281	479	8	3.681809
281	391	9	2.1884131
281	501	10	3.3477998
443	1115	1	3.2518454
443	2110	2	4.0086527
443	139	3	3.245315
443	147	4	3.3894038
443	1926	5	3.1560946
443	733	6	3.1873832
443	47	7	2.419973
443	501	8	3.0358505
443	229	9	2.8193398
443	613	10	2.9382408
275	227	1	3.05923
275	821	2	3.028119
275	258	3	3.047504
275	243	4	2.866078
275	622	5	2.7972112
275	3718	6	3.0262818
275	47	7	2.8405082
275	732	8	2.8852103
275	391	9	2.948011
275	152	10	2.8732946
755	258	1	3.7825038
755	369	2	3.516577
755	19	3	3.2615
755	243	4	3.6073484
755	622	5	3.7470708
755	278	6	3.0012841
755	1066	7	2.6099977
755	221	8	3.314619
755	1466	9	2.7598426
755	43	10	3.772818
340	152	1	4.6436195
340	369	2	3.8434265
340	732	3	4.366492
340	495	4	3.0924635
340	30	5	5.179213
340	1315	6	2.735209
340	311	7	4.3617926
340	1066	8	2.7845006
340	391	9	4.520707
340	3718	10	4.34426
269	351	1	3.724166
269	108	2	2.8853426
269	62	3	3.5775123
269	243	4	3.3174443
269	622	5	3.1891818
269	1315	6	2.0722108
269	258	7	3.3593247
269	47	8	2.5341456
269	229	9	3.452928
269	1449	10	3.2956004
887	672	1	4.2599125
887	597	2	3.3062139
887	501	3	3.62501
887	944	4	3.3295655
887	30	5	2.7833838
887	753	6	3.6007767
887	200	7	2.4485035
887	77	8	3.508027
887	3086	9	3.3046174
887	2576	10	3.041495
642	258	1	4.049006
642	369	2	3.2902422
642	311	3	4.0093403
642	243	4	3.999094
642	622	5	3.9682536
642	1315	6	1.994327
642	351	7	3.9831803
642	1066	8	3.9758835
642	62	9	3.8961124
642	229	10	3.2401104
541	278	1	3.790979
541	2	2	3.0311995
541	874	3	3.0657892
541	303	4	2.4404845
541	72	5	3.21413
541	1315	6	2.9627857
541	29	7	2.9628918
541	1066	8	2.909853
541	229	9	3.3908408
541	672	10	2.8484082
84	456	1	3.5596209
84	2110	2	3.7358894
84	210	3	3.5219462
84	320	4	3.0505633
84	1926	5	3.406546
84	4020	6	3.4538207
84	47	7	3.7478511
84	109	8	3.4376984
84	1794	9	2.348535
84	43	10	3.3279364
257	559	1	2.8304515
257	1227	2	2.5989065
257	2599	3	2.7843413
257	303	4	2.106565
257	1658	5	1.6555946
257	417	6	2.6874578
257	903	7	2.4291914
257	792	8	1.6283903
257	2605	9	2.2626903
257	163	10	2.491418
403	3718	1	4.426279
403	213	2	3.4584808
403	11	3	3.898015
403	320	4	4.4102182
403	30	5	3.186542
403	351	6	3.4398966
403	47	7	4.0681443
403	216	8	3.4165986
403	1794	9	2.581378
403	7	10	3.4077175
229	53	1	3.9970562
229	238	2	3.5383902
229	0	3	3.511721
229	147	4	4.0636
229	4016	5	3.8491
229	2503	6	3.0053911
229	258	7	3.4873621
229	1197	8	2.8214812
229	49	9	3.4612083
229	539	10	2.7086983
587	417	1	2.7910185
587	671	2	3.2628584
587	913	3	2.7304668
587	320	4	2.1535769
587	30	5	3.6780066
587	2060	6	1.8097401
587	152	7	2.518587
587	599	8	2.6338737
587	3138	9	2.5696115
587	84	10	2.5058043
451	258	1	4.3513556
451	231	2	5.164734
451	152	3	4.344479
451	3929	4	3.861505
451	30	5	4.8371882
451	225	6	2.5472386
451	631	7	4.2727184
451	47	8	2.9340153
451	221	9	4.757429
451	1449	10	4.01357
826	1236	1	4.190832
826	226	2	2.8066292
826	988	3	3.956163
826	3929	4	2.4784322
826	72	5	1.7739263
826	2060	6	1.3057308
826	961	7	3.661066
826	514	8	3.6029983
826	599	9	1.4105196
826	391	10	2.1577067
290	311	1	3.6174626
290	369	2	4.032098
290	243	3	4.8067036
290	84	4	3.4725683
290	72	5	2.962117
290	62	6	3.4030018
290	47	7	3.8487265
290	351	8	3.3733418
290	1794	9	2.736496
290	227	10	3.334072
16	219	1	3.8617568
16	231	2	4.164429
16	62	3	3.6877365
16	495	4	3.3603377
16	72	5	2.6542125
16	227	6	3.5460703
16	47	7	3.234106
16	3718	8	3.4084532
16	391	9	2.7455616
16	7	10	3.3420234
527	53	1	4.6935043
527	860	2	4.1886315
527	4017	3	4.38952
527	243	4	4.003105
527	1983	5	3.794125
527	2503	6	2.5763192
527	3075	7	4.2273583
527	1197	8	3.4748456
527	3074	9	4.113187
527	139	10	4.0657625
171	843	1	3.5393772
171	2108	2	3.4782577
171	456	3	3.3712077
171	936	4	2.5850093
171	1926	5	3.5583844
171	1315	6	2.3285725
171	672	7	3.1651497
171	599	8	2.2266304
171	229	9	4.2085395
171	2125	10	2.9426675
421	227	1	3.3145306
421	231	2	2.5548391
421	84	3	2.9873867
421	320	4	2.7219543
421	72	5	2.0649948
421	874	6	2.9744644
421	599	7	3.0794048
421	221	8	4.177763
421	39	9	2.6867175
421	2421	10	3.0439913
231	903	1	3.1333196
231	185	2	2.6866999
231	1626	3	2.9309056
231	978	4	2.472579
231	30	5	2.1098573
231	2060	6	2.180428
231	84	7	2.7614717
231	599	8	2.7111177
231	911	9	3.3965058
231	3776	10	2.7599652
221	216	1	4.2596207
221	2108	2	4.0896997
221	139	3	3.9248385
221	320	4	3.0660396
221	622	5	4.5189943
221	2503	6	3.7539835
221	843	7	3.4611728
221	599	8	3.0971718
221	210	9	3.445997
221	229	10	3.2197227
648	4021	1	4.357748
648	1526	2	3.0805035
648	456	3	4.056818
648	147	4	3.463756
648	1926	5	4.0807543
648	1854	6	3.6147404
648	200	7	3.6516757
648	229	8	4.4264083
648	139	9	3.4590392
648	53	10	3.364095
120	216	1	3.938178
120	238	2	4.4561176
120	11	3	3.9294848
120	320	4	4.331859
120	30	5	4.1205263
120	227	6	3.790742
120	599	7	4.3213377
120	3073	8	3.7374742
120	1794	9	2.9145527
120	311	10	3.5911107
542	515	1	3.2438836
542	231	2	3.4457426
542	1466	3	3.0458908
542	320	4	3.546321
542	622	5	2.3154535
542	1315	6	1.5076954
542	1449	7	3.03391
542	599	8	4.150544
542	1011	9	3.0086498
542	229	10	2.2112923
21	1215	1	2.8328412
21	1194	2	2.0904698
21	555	3	2.7646065
21	303	4	2.9003403
21	30	5	1.9807138
21	346	6	2.2344007
21	549	7	2.7145743
21	363	8	1.3894069
21	1426	9	2.5631728
21	1106	10	2.4550257
708	3718	1	5.148284
708	231	2	4.059632
708	84	3	4.208143
708	495	4	4.406396
708	72	5	2.8929257
708	19	6	3.9665701
708	1197	7	2.806771
708	219	8	3.8140848
708	229	9	3.915401
708	1701	10	3.781159
558	11	1	4.7457337
558	231	2	4.5590057
558	243	3	6.5794287
558	631	4	4.6209555
558	72	5	2.8343127
558	1315	6	2.966166
558	216	7	4.3530855
558	47	8	6.2424326
558	219	9	4.281577
558	391	10	3.116972
167	258	1	4.2836475
167	821	2	4.387114
167	311	3	4.0963535
167	243	4	4.1082172
167	72	5	4.1825285
167	1315	6	1.9881468
167	62	7	4.0208263
167	1066	8	3.6063437
167	221	9	4.1670694
167	631	10	3.9266748
219	3718	1	3.770681
219	231	2	3.1164746
219	84	3	3.7584763
219	320	4	3.5001945
219	622	5	3.3588126
219	1315	6	2.04439
219	219	7	3.3087296
219	47	8	3.9289129
219	227	9	3.2470267
219	1794	10	2.7241864
360	258	1	4.1594124
360	201	2	3.3260307
360	19	3	4.1234713
360	320	4	2.952507
360	30	5	2.7510488
360	2503	6	1.8985158
360	3718	7	3.3721862
360	599	8	3.3854775
360	3073	9	3.371038
360	229	10	2.2450132
492	3073	1	3.5167847
492	369	2	3.7385535
492	3718	3	3.2073388
492	320	4	2.8709407
492	30	5	2.6154206
492	2503	6	2.8080456
492	216	7	3.2068043
492	599	8	2.9777284
492	242	9	3.1563158
492	391	10	2.0090337
238	84	1	4.4658966
238	231	2	3.6666603
238	278	3	3.7806654
238	3929	4	2.9412503
238	72	5	3.3877358
238	2942	6	2.168882
238	1011	7	3.4533591
238	1066	8	4.1977186
238	874	9	3.4025998
238	1602	10	2.9093192
874	456	1	4.990794
874	1526	2	3.4119837
874	672	3	4.7628756
874	28	4	3.777826
874	1983	5	4.010297
874	1315	6	2.4865708
874	3072	7	4.3059177
874	200	8	4.8612814
874	4020	9	4.2565575
874	479	10	4.180143
618	210	1	3.1145856
618	168	2	3.5473223
618	19	3	2.7999725
618	243	4	2.5925322
618	1983	5	2.7260127
618	1315	6	1.7934469
618	109	7	2.77357
618	47	8	3.218127
618	53	9	2.6350782
618	1794	10	1.6887608
556	3074	1	3.6101034
556	201	2	3.9567654
556	152	3	3.595308
556	28	4	2.8420582
556	430	5	3.3527136
556	2503	6	2.9604163
556	1925	7	3.518022
556	200	8	3.1383529
556	196	9	3.5029078
556	391	10	2.542412
388	210	1	3.2337768
388	168	2	3.1969872
388	672	3	3.039252
388	320	4	2.8486967
388	1983	5	2.6279469
388	1315	6	2.2176266
388	641	7	2.9520826
388	47	8	2.9331203
388	84	9	2.9101636
388	539	10	1.9753324
838	29	1	4.052903
838	185	2	4.674038
838	515	3	3.524686
838	243	4	3.1461835
838	1321	5	3.2620134
838	1315	6	1.6879421
838	63	7	3.4664297
838	47	8	2.137293
838	874	9	3.4643493
838	1745	10	3.216155
545	227	1	5.2817445
545	24	2	4.1739817
545	1449	3	4.21566
545	495	4	3.4522536
545	72	5	3.9500895
545	3718	6	3.9240441
545	47	7	3.9674573
545	485	8	3.9184728
545	221	9	4.2644873
545	372	10	3.636755
611	278	1	3.1161416
611	1008	2	2.5066342
611	874	3	3.0562775
611	2065	4	2.0945
611	30	5	1.8028628
611	1112	6	2.8930273
611	599	7	2.3752413
611	221	8	4.044488
611	227	9	2.5953536
611	2374	10	2.4937124
439	631	1	3.4178827
439	24	2	3.293849
439	3718	3	3.3405733
439	495	4	2.4457922
439	72	5	3.5301447
439	2503	6	2.1618578
439	311	7	3.1281419
439	47	8	3.7282033
439	216	9	3.1193113
439	221	10	3.0600958
828	3073	1	4.2932796
828	721	2	4.9570184
828	82	3	4.2353506
828	320	4	4.7254925
828	30	5	3.254451
828	2503	6	2.8971243
828	84	7	4.1992583
828	599	8	4.8942223
828	732	9	4.1323476
828	391	10	3.284503
5	456	1	3.6400895
5	860	2	3.1965904
5	216	3	3.267122
5	439	4	3.3125348
5	1926	5	3.2512436
5	3718	6	3.128839
5	200	7	3.4143956
5	19	8	3.0898705
5	1794	9	2.1551895
5	43	10	3.2610428
100	2599	1	2.7705526
100	163	2	3.3072248
100	1134	3	4.360794
100	2098	4	2.5623302
100	114	5	1.8835993
100	3532	6	2.4574761
100	3281	7	1.9225051
100	2605	8	2.360597
100	3138	9	2.1265981
100	2577	10	2.2280416
600	196	1	2.7270164
600	2110	2	1.9921273
600	928	3	2.6634045
600	3929	4	1.5342046
600	1161	5	1.8812373
600	1315	6	1.4669621
600	843	7	2.5773768
600	599	8	1.4258257
600	456	9	2.4458456
600	391	10	1.8109621
516	84	1	4.297842
516	24	2	4.0422707
516	62	3	3.970981
516	495	4	3.7471318
516	30	5	3.2422042
516	258	6	3.8353171
516	152	7	3.4162326
516	229	8	3.4886172
516	631	9	3.3099117
516	821	10	3.9485471
534	311	1	3.935444
534	238	2	3.491593
534	219	3	3.543183
534	30	4	2.6705
534	248	5	3.4732196
534	47	6	3.6663754
534	372	7	3.425839
534	229	8	3.2130413
534	7	9	3.308374
534	4029	10	1.9287355
347	62	1	4.2379613
347	24	2	4.376215
347	732	3	4.0090866
347	495	4	3.1567712
347	387	5	2.5682669
347	219	6	3.8813534
347	694	7	2.3974376
347	311	8	3.7238984
347	221	9	3.4362493
347	631	10	3.6827192
99	672	1	4.251894
99	597	2	3.9391766
99	271	3	3.8530183
99	944	4	3.5514011
99	1926	5	3.350037
99	77	6	3.6853404
99	200	7	2.5152397
99	456	8	3.6361547
99	229	9	2.3963318
99	843	10	3.441014
788	1112	1	2.571416
788	821	2	1.9184101
788	85	3	2.1923485
788	2431	4	1.4004521
788	30	5	2.2418065
788	2409	6	2.0116787
788	1066	7	2.067409
788	4060	8	2.0057583
788	229	9	1.6576726
788	43	10	1.983997
797	258	1	4.2480426
797	231	2	4.5824504
797	62	3	3.9788823
797	243	4	4.1977525
797	622	5	4.1466107
797	0	6	3.8931913
797	1066	7	2.1996899
797	732	8	3.6145253
797	229	9	3.6675315
797	311	10	3.6071064
417	611	1	3.4214392
417	201	2	3.1718392
417	196	3	3.3238745
417	243	4	2.567071
417	430	5	2.445503
417	2503	6	1.6526878
417	53	7	3.0946968
417	421	8	2.508718
417	613	9	3.0787137
417	229	10	2.6415863
429	19	1	4.0163984
429	238	2	3.254219
429	84	3	3.8957257
429	243	4	3.9813964
429	30	5	4.0331793
429	1315	6	2.292822
429	0	7	3.6815438
429	47	8	3.8439527
429	351	9	3.2319808
429	391	10	2.9818783
604	894	1	1.4597508
604	4536	2	0.9448246
604	2711	3	1.4223692
604	1713	4	0.7144737
604	3684	5	1.4367115
604	842	6	0.7679616
604	2741	7	1.4109814
604	4581	8	1.3175775
604	1459	9	0.9028137
604	2457	10	1.2018688
35	4020	1	4.421896
35	1697	2	2.8671622
35	4021	3	4.0011005
35	936	4	3.530961
35	1983	5	3.5643501
35	1315	6	2.3686306
35	77	7	3.9437933
35	200	8	3.7802904
35	1854	9	3.5608501
35	391	10	2.6204329
414	706	1	3.681551
414	431	2	4.3138466
414	1925	3	3.6513236
414	3275	4	2.9074762
414	2216	5	2.7775342
414	590	6	1.8093759
414	81	7	3.2578716
414	200	8	2.3524554
414	1368	9	3.1637225
414	80	10	3.1468563
390	311	1	3.4732318
390	185	2	3.2471788
390	258	3	3.41889
390	243	4	2.9541047
390	622	5	3.0255651
390	0	6	3.3141484
390	47	7	2.4573567
390	219	8	3.226407
390	391	9	3.1777875
390	62	10	3.088552
710	84	1	4.117485
710	24	2	4.415539
710	3718	3	4.0683594
710	686	4	2.214145
710	30	5	2.6432955
710	2503	6	2.4289849
710	62	7	4.030911
710	694	8	2.5376468
710	82	9	3.8513002
710	391	10	3.125893
487	84	1	4.362454
487	369	2	4.4834127
487	82	3	3.4884748
487	320	4	4.3173056
487	71	5	2.6669974
487	1315	6	2.7368681
487	732	7	3.3536568
487	47	8	4.6427226
487	229	9	3.6740189
487	62	10	3.342831
473	227	1	3.7633054
473	24	2	3.8361778
473	3718	3	3.7148993
473	495	4	3.1591659
473	30	5	1.7511971
473	11	6	3.306672
473	47	7	3.5766788
473	62	8	3.1244452
473	43	9	4.2169375
473	1794	10	2.0848653
683	196	1	4.416383
683	431	2	3.7588186
683	3074	3	4.238735
683	439	4	2.740349
683	30	5	4.0344205
683	2503	6	3.060174
683	11	7	3.7745547
683	200	8	4.07657
683	82	9	3.6255155
683	1794	10	2.4058318
676	706	1	4.611377
676	721	2	4.528387
676	242	3	4.4595346
676	320	4	2.8585622
676	71	5	3.8838823
676	3718	6	4.374366
676	200	7	3.5185046
676	81	8	3.5618436
676	43	9	4.549487
676	454	10	3.509676
242	62	1	4.5687494
242	24	2	4.0615225
242	311	3	4.5099
242	495	4	3.2331486
242	30	5	4.951195
242	1315	6	2.3462477
242	631	7	4.508965
242	1066	8	2.764937
242	732	9	4.508049
242	229	10	3.9662447
396	84	1	3.1977248
396	24	2	2.5505433
396	311	3	3.0416417
396	320	4	2.7521763
396	30	5	3.365334
396	219	6	2.8299122
396	425	7	1.9383337
396	631	8	2.5512471
396	229	9	2.5428967
396	732	10	2.3862903
685	216	1	4.19695
685	369	2	4.027436
685	242	3	3.6357257
685	3275	4	3.413848
685	2216	5	3.984102
685	806	6	3.604601
685	47	7	5.2510395
685	1368	8	3.4735348
685	43	9	3.237195
685	2656	10	3.4496431
448	278	1	4.0673456
448	24	2	2.974582
448	62	3	3.6574488
448	243	4	3.681251
448	622	5	3.6362205
448	258	6	3.6290326
448	47	7	2.7431507
448	1484	8	4.0327597
448	631	9	3.4753342
448	0	10	3.4716969
485	501	1	3.3096614
485	2108	2	3.1257899
485	753	3	3.1736803
485	944	4	2.919692
485	1926	5	3.133293
485	702	6	3.067865
485	200	7	2.226037
485	843	8	3.0230126
485	229	9	2.2575655
485	1782	10	2.2922573
87	109	1	3.8457348
87	2110	2	3.9512808
87	1854	3	3.4996593
87	147	4	3.6611104
87	1926	5	3.637605
87	843	6	3.2643466
87	200	7	3.1816435
87	456	8	3.202201
87	1794	9	2.4983423
87	77	10	3.1028013
770	456	1	3.2936711
770	2108	2	3.3313622
770	109	3	3.187974
770	3929	4	2.404877
770	1926	5	2.889589
770	351	6	2.8388107
770	599	7	3.1283321
770	1854	8	2.8365822
770	1794	9	2.1255205
770	43	10	3.0601187
808	3718	1	3.039339
808	238	2	2.664319
808	258	3	2.911864
808	296	4	2.1560688
808	1983	5	2.1308749
808	1261	6	2.1819105
808	11	7	2.7882233
808	200	8	2.6245227
808	0	9	2.759838
808	229	10	2.664275
397	3718	1	3.768079
397	24	2	3.439941
397	372	3	3.428914
397	439	4	2.872411
397	622	5	4.032004
397	225	6	1.9557068
397	227	7	3.262981
397	47	8	4.4462805
397	1794	9	3.9663224
397	278	10	3.0353627
335	219	1	3.1706033
335	231	2	3.2187233
335	311	3	2.8900757
335	243	4	3.5647867
335	30	5	4.013593
335	1315	6	1.8976835
335	732	7	2.8767743
335	1066	8	1.707478
335	391	9	3.0498583
335	631	10	2.8511055
483	1854	1	4.1012545
483	597	2	4.6473727
483	843	3	4.0229483
483	147	4	3.4739919
483	1926	5	3.7382379
483	456	6	3.6638
483	1197	7	2.7435606
483	229	8	4.1840963
483	53	9	3.5374012
483	139	10	3.4287164
56	456	1	4.505383
56	168	2	4.6225843
56	210	3	3.7967415
56	439	4	2.7992172
56	1983	5	3.6975267
56	1315	6	2.1456518
56	351	7	3.6816573
56	1197	8	3.1471395
56	672	9	3.6705728
56	1794	10	3.419806
859	1411	1	3.6832094
859	2108	2	3.1650944
859	1410	3	3.3973868
859	439	4	2.2745428
859	4016	5	2.5973587
859	1315	6	2.361126
859	456	7	3.0919678
859	200	8	2.2549205
859	229	9	2.8970137
859	216	10	2.858347
367	1449	1	3.264998
367	504	2	4.0137606
367	311	3	3.1562438
367	495	4	2.9779887
367	72	5	3.5369453
367	11	6	3.089543
367	694	7	2.205896
367	95	8	2.867252
367	391	9	2.4254873
367	231	10	3.9502726
578	227	1	4.427276
578	24	2	4.316323
578	219	3	4.244069
578	320	4	5.3486714
578	30	5	4.262498
578	351	6	4.220504
578	47	7	4.7692704
578	631	8	3.988391
578	1794	9	3.7818763
578	1449	10	3.5893834
287	53	1	4.2810845
287	1511	2	3.644318
287	641	3	3.7558992
287	28	4	3.1395564
287	30	5	3.5498762
287	1212	6	2.382834
287	49	7	3.3777242
287	1025	8	2.4149895
287	631	9	3.30476
287	1578	10	3.263979
767	84	1	3.0807981
767	185	2	2.8628068
767	530	3	2.6275783
767	320	4	3.3337991
767	72	5	2.4195428
767	732	6	2.4364738
767	1011	7	2.4157784
767	1303	8	2.8064456
767	43	9	3.3031642
767	219	10	2.354546
113	1139	1	3.2317922
113	2108	2	3.709661
113	717	3	3.1894174
113	944	4	3.3747053
113	1983	5	3.1130204
113	271	6	3.0871682
113	47	7	2.3766582
113	501	8	3.0650778
113	4029	9	4.4731517
113	753	10	2.880866
131	152	1	3.4089308
131	231	2	3.3279815
131	278	3	3.3157358
131	320	4	3.5477986
131	72	5	2.5821369
131	2060	6	2.2962525
131	219	7	3.3053062
131	1066	8	2.9382682
131	1484	9	3.5610662
131	913	10	3.0956402
428	77	1	3.4005961
428	2344	2	2.8393083
428	4020	3	3.3648717
428	936	4	3.3142202
428	1983	5	3.7530444
428	1315	6	2.129147
428	682	7	3.3345857
428	200	8	2.7786036
428	152	9	3.2513356
428	539	10	2.7740083
934	672	1	3.7531576
934	1526	2	2.977118
934	4020	3	3.739024
934	439	4	3.2014103
934	1926	5	3.6074347
934	641	6	3.5803375
934	200	7	3.7041144
934	77	8	3.3213959
934	391	9	1.9606829
934	43	10	2.7215443
569	2400	1	2.679216
569	163	2	3.314417
569	515	3	2.6456604
569	1137	4	2.8155122
569	1321	5	2.2900715
569	114	6	1.9770446
569	1466	7	2.4824831
569	1066	8	2.587394
569	221	9	2.5291595
569	2098	10	2.357508
776	258	1	4.0997305
776	369	2	3.8481412
776	333	3	3.5187502
776	320	4	2.5805004
776	622	5	4.0389805
776	2503	6	2.7196612
776	53	7	3.221952
776	200	8	2.8308318
776	1925	9	3.2026515
776	391	10	2.2392297
412	672	1	5.1190023
412	1697	2	3.1121216
412	4021	3	4.259551
412	439	4	3.9079604
412	620	5	3.3384244
412	77	6	4.148173
412	200	7	3.7738585
412	479	8	4.0215907
412	1794	9	2.91088
412	43	10	3.4282985
112	219	1	4.2298717
112	24	2	3.6300318
112	278	3	4.1886477
112	243	4	4.5646486
112	30	5	3.8822935
112	1315	6	2.424364
112	631	7	3.915586
112	1066	8	3.2487445
112	221	9	4.323414
112	732	10	3.8739529
286	3718	1	4.3317738
286	231	2	4.200605
286	216	3	3.9915156
286	243	4	4.977922
286	622	5	4.9031763
286	1315	6	2.5580158
286	152	7	3.9047546
286	47	8	4.682761
286	351	9	3.8904798
286	229	10	3.7493536
373	3072	1	4.016135
373	201	2	3.6967325
373	196	3	3.53871
373	320	4	2.9945745
373	622	5	4.8289337
373	2503	6	2.8419743
373	82	7	3.5281181
373	599	8	3.571394
373	11	9	3.4453702
373	229	10	2.4457023
203	242	1	4.062116
203	330	2	3.590283
203	1925	3	3.9521646
203	3275	4	3.5850523
203	71	5	4.1942844
203	215	6	3.917281
203	172	7	3.0989506
203	50	8	3.6894739
203	43	9	4.7557387
203	1578	10	3.3994737
809	351	1	3.7493737
809	213	2	3.7334096
809	219	3	3.498874
809	243	4	4.006174
809	622	5	3.8756785
809	732	6	3.4491127
809	47	7	3.5937235
809	311	8	3.286911
809	229	9	3.599383
809	4029	10	2.755824
796	84	1	3.2106664
796	185	2	3.395362
796	227	3	3.1623206
796	320	4	2.8582714
796	2942	5	1.7026988
796	1112	6	2.7963028
796	599	7	3.3510756
796	244	8	2.7550128
796	229	9	2.032003
796	43	10	2.9011939
42	3718	1	3.583589
42	231	2	3.9052305
42	732	3	3.5052283
42	243	4	3.1899195
42	622	5	3.2739196
42	1315	6	2.315813
42	631	7	3.421578
42	47	8	2.9406
42	229	9	4.7360682
42	456	10	3.394527
364	84	1	4.916389
364	201	2	4.453005
364	62	3	4.67567
364	28	4	2.8231652
364	30	5	5.391816
364	1315	6	2.727993
364	311	7	4.3389673
364	1197	8	3.5256073
364	216	9	4.2883463
364	1794	10	4.1213655
201	456	1	3.7458043
201	2108	2	3.948582
201	843	3	3.6713586
201	147	4	3.265793
201	1983	5	3.1274457
201	1854	6	3.4944441
201	47	7	3.3965328
201	948	8	3.1423635
201	391	9	2.2900703
201	43	10	2.4301374
435	555	1	2.7099886
435	231	2	2.5694225
435	152	3	2.668066
435	320	4	2.450263
435	72	5	2.8499134
435	837	6	2.2166266
435	258	7	2.595502
435	47	8	2.5543904
435	19	9	2.4842324
435	221	10	2.4316106
561	278	1	3.9613903
561	231	2	4.07866
561	29	3	3.7904348
561	243	4	2.8640125
561	72	5	3.2969313
561	1315	6	2.2426565
561	152	7	3.6621697
561	599	8	5.1669245
561	221	9	4.5192885
561	351	10	3.54381
202	84	1	4.3147087
202	108	2	4.0339093
202	219	3	3.978666
202	72	4	3.3380232
202	242	5	3.7203517
202	694	6	3.1749701
202	551	7	3.6852074
202	1794	8	3.556829
202	680	9	3.4879155
202	201	10	3.9018486
93	732	1	4.9499407
93	369	2	4.3854246
93	3718	3	4.848928
93	3929	4	2.8922684
93	30	5	4.8318477
93	1315	6	2.4845333
93	227	7	4.668154
93	1066	8	2.2780137
93	631	9	4.6662016
93	229	10	4.5153923
778	227	1	3.983347
778	231	2	4.5033717
778	258	3	3.8479257
778	495	4	2.5874233
778	30	5	3.4311044
778	1315	6	1.8760349
778	372	7	3.783377
778	47	8	3.2671442
778	152	9	3.7539296
778	229	10	3.2360618
518	62	1	4.170457
518	24	2	3.664476
518	3718	3	3.9900537
518	3929	4	2.8077617
518	1321	5	2.5528262
518	1315	6	2.1248343
518	732	7	3.9287407
518	47	8	3.4203174
518	911	9	3.5766973
518	372	10	3.1144774
6	631	1	3.5660305
6	231	2	3.723901
6	311	3	3.444538
6	439	4	2.0944624
6	30	5	3.265552
6	62	6	3.2975698
6	152	7	3.1826217
6	1794	8	2.838002
6	351	9	3.1572003
6	821	10	3.2978668
639	717	1	4.009262
639	1761	2	3.6521971
639	479	3	3.9801998
639	936	4	4.275551
639	1983	5	4.3243556
639	2125	6	3.9045117
639	47	7	3.4430807
639	229	8	4.2977915
639	271	9	3.6913958
639	139	10	3.6482787
745	227	1	3.5127764
745	231	2	3.714632
745	311	3	3.3340278
745	439	4	2.6702285
745	622	5	3.2763958
745	1315	6	2.2598064
745	152	7	3.331905
745	47	8	3.036497
745	62	9	3.2832165
745	221	10	2.6115556
897	333	1	4.2417884
897	330	2	3.5944266
897	242	3	3.55907
897	495	4	2.610968
897	30	5	3.375719
897	2503	6	4.0035467
897	1693	7	3.3578372
897	172	8	2.6731753
897	80	9	3.34852
897	95	10	3.2171407
475	3915	1	2.4614868
475	1032	2	2.4504852
475	4468	3	2.4202843
475	2615	4	3.0634477
475	4257	5	2.2569134
475	694	6	1.5469503
475	228	7	2.1912436
475	188	8	2.6870072
475	1359	9	2.1897607
475	1392	10	2.440166
835	258	1	4.4645376
835	821	2	4.002066
835	219	3	4.0552826
835	320	4	5.042614
835	622	5	4.042281
835	1315	6	2.386805
835	152	7	3.9787998
835	1066	8	4.2254133
835	3718	9	3.9763143
835	229	10	3.6376936
413	672	1	3.0029626
413	168	2	3.231582
413	631	3	2.4979908
413	147	4	2.39426
413	620	5	2.310937
413	1315	6	2.1205618
413	311	7	2.382813
413	1199	8	2.0103316
413	391	9	2.5528479
413	176	10	2.3694203
357	219	1	3.420618
357	231	2	3.6725445
357	152	3	3.2702594
357	243	4	2.5149279
357	622	5	2.3053079
357	225	6	1.9567026
357	485	7	2.8797045
357	1066	8	3.3405385
357	351	9	2.8662348
357	229	10	2.5892055
385	258	1	4.1511364
385	231	2	3.628635
385	84	3	4.053214
385	243	4	4.170556
385	622	5	4.008612
385	1315	6	2.4218497
385	351	7	3.9309993
385	599	8	4.643176
385	210	9	3.7774334
385	391	10	3.1452203
632	84	1	3.8323495
632	201	2	4.0809526
632	62	3	3.7246416
632	320	4	4.57382
632	30	5	3.9748247
632	2503	6	2.2216923
632	216	7	3.7086916
632	47	8	5.042039
632	311	9	3.606595
632	229	10	3.066601
539	874	1	3.50074
539	231	2	3.7297878
539	1449	3	3.336245
539	320	4	3.9451137
539	72	5	3.2411685
539	1315	6	1.8616176
539	219	7	3.3327513
539	1066	8	3.4690137
539	1484	9	4.6416903
539	152	10	3.1320176
907	227	1	3.5750723
907	821	2	3.5260994
907	732	3	3.4153094
907	243	4	4.0441236
907	387	5	3.057951
907	311	6	3.2005677
907	47	7	2.9519758
907	631	8	3.1596107
907	1794	9	2.8767238
907	19	10	3.051618
402	84	1	4.437551
402	24	2	4.7741385
402	62	3	4.2074823
402	686	4	2.8240666
402	72	5	3.101273
402	11	6	4.0209875
402	694	7	2.0701313
402	631	8	3.9633095
402	1794	9	3.7276387
402	219	10	3.8107457
123	843	1	3.355606
123	168	2	2.9233694
123	456	3	3.1057806
123	320	4	2.9860108
123	1926	5	2.635659
123	109	6	2.924437
123	1199	7	3.4902685
123	1714	8	2.7874894
123	1794	9	2.0288405
123	4029	10	3.4544523
181	3072	1	3.1798663
181	238	2	3.0605164
181	3075	3	3.0707808
181	320	4	2.5289361
181	30	5	2.9723356
181	2503	6	2.334578
181	53	7	2.965925
181	200	8	3.404732
181	11	9	2.9030707
181	229	10	2.2523742
132	3045	1	3.2811532
132	2110	2	3.5862193
132	3251	3	3.110776
132	383	4	2.865685
132	1983	5	2.7109232
132	843	6	3.0744388
132	200	7	3.2734892
132	1338	8	3.0684953
132	229	9	2.4130821
132	456	10	2.9778876
323	843	1	4.0028276
323	24	2	3.869564
323	11	3	3.9996006
323	439	4	3.3885908
323	622	5	4.9405184
323	1315	6	2.3880463
323	53	7	3.9673262
323	200	8	3.4610415
323	3072	9	3.9084673
323	391	10	3.197837
657	258	1	4.3159614
657	24	2	4.0780168
657	351	3	3.671844
657	439	4	3.3017578
657	30	5	4.8397274
657	843	6	3.55474
657	14	7	2.62506
657	1701	8	3.547001
657	229	9	4.037975
657	4029	10	3.3957968
644	216	1	4.2174735
644	24	2	4.2990794
644	196	3	4.1516557
644	3275	4	2.6575396
644	30	5	3.5207405
644	2503	6	3.2828941
644	3074	7	3.9127798
644	200	8	2.8483224
644	242	9	3.8373165
644	391	10	2.610294
757	3718	1	3.851493
757	24	2	3.4823296
757	311	3	3.703763
757	243	4	4.092937
757	72	5	2.5183294
757	351	6	3.4330628
757	47	7	3.3964849
757	631	8	3.1188745
757	1794	9	2.5547957
757	84	10	3.078567
873	3124	1	2.6335392
873	937	2	2.5614629
873	50	3	2.5796468
873	674	4	1.549087
873	70	5	2.3495703
873	2942	6	1.5345931
873	480	7	2.5263057
873	599	8	1.649703
873	215	9	2.42566
873	391	10	1.9778206
543	3462	1	2.8915088
543	1748	2	2.5460331
543	3796	3	2.5738475
543	936	4	1.79211
543	620	5	1.6637877
543	2424	6	1.8239796
543	672	7	2.4953218
543	599	8	1.9467678
543	77	9	2.3878407
543	229	10	2.2387161
764	732	1	3.9919176
764	213	2	3.3532567
764	84	3	3.8511455
764	686	4	2.7672613
764	30	5	2.471625
764	1315	6	2.0330067
764	62	7	3.5873446
764	47	8	3.5345492
764	11	9	3.5669425
764	391	10	2.9385219
641	109	1	4.9809055
641	2110	2	5.1363034
641	77	3	4.506924
641	439	4	4.2361836
641	1983	5	3.8472817
641	843	6	4.4539833
641	47	7	3.5432453
641	456	8	4.349279
641	391	9	2.504533
641	1854	10	4.050052
236	219	1	3.6753173
236	231	2	3.8282993
236	1449	3	3.6714942
236	495	4	2.7254512
236	30	5	3.371966
236	62	6	3.6164331
236	47	7	3.843816
236	732	8	3.546933
236	391	9	3.7215233
236	3718	10	3.4640398
697	227	1	3.642431
697	231	2	3.7643433
697	152	3	3.4193623
697	243	4	3.4888768
697	622	5	3.480471
697	2060	6	1.6937567
697	258	7	3.221643
697	47	8	3.1126275
697	391	9	3.3503003
697	0	10	3.213238
119	82	1	2.7347546
119	201	2	2.547031
119	2164	3	2.476282
119	2448	4	1.9803878
119	58	5	2.1968815
119	2503	6	2.3104875
119	1578	7	2.4169526
119	172	8	1.9360142
119	3640	9	2.4029083
119	221	10	1.876762
510	672	1	2.8657262
510	231	2	2.9168048
510	631	3	2.787887
510	439	4	2.2397048
510	1926	5	1.9643329
510	2060	6	1.8307114
510	311	7	2.7371585
510	1066	8	2.2778451
510	229	9	3.1703908
510	372	10	2.5481713
519	3718	1	4.2982373
519	369	2	4.3336983
519	243	3	5.4333677
519	152	4	4.1355534
519	72	5	3.9844482
519	1315	6	2.389749
519	631	7	4.0584445
519	47	8	4.9401283
519	732	9	4.0180993
519	229	10	3.5912516
353	915	1	2.2117605
353	2062	2	1.9446905
353	417	3	2.1197011
353	3929	4	2.4262161
353	2060	5	1.5126243
353	4530	6	1.0899669
353	3462	7	1.925994
353	3796	8	1.8862896
353	1484	9	1.2679621
353	2735	10	1.8575326
300	672	1	2.8724158
300	168	2	2.8506463
300	210	3	2.7515182
300	936	4	1.9760126
300	1926	5	2.2812939
300	77	6	2.5621827
300	1199	7	1.6955783
300	4021	8	2.387147
300	229	9	2.3180637
300	479	10	2.3430793
297	479	1	3.817512
297	548	2	2.8551097
297	4020	3	3.7205734
297	936	4	3.0839946
297	2800	5	3.2069998
297	641	6	3.402729
297	200	7	2.8136039
297	1854	8	3.3502762
297	539	9	2.5355444
297	4021	10	3.170525
375	3073	1	4.1049957
375	24	2	3.8945415
375	3072	3	3.8380353
375	320	4	3.2577424
375	72	5	3.223686
375	2503	6	3.4241047
375	3718	7	3.5897856
375	599	8	3.245936
375	333	9	3.5757113
375	391	10	2.3558865
901	732	1	2.9823787
901	185	2	2.4406433
901	807	3	2.6098363
901	439	4	2.045299
901	622	5	1.7385644
901	2060	6	1.7820047
901	62	7	2.5032725
901	47	8	1.6979563
901	227	9	2.4177508
901	911	10	1.9687502
200	219	1	4.577661
200	24	2	5.269654
200	351	3	4.053996
200	1707	4	2.4407082
200	70	5	3.1604443
200	73	6	3.8951726
200	47	7	4.568838
200	82	8	3.835713
200	221	9	4.33431
200	821	10	4.86229
71	1381	1	2.2159057
71	452	2	1.6383648
71	4442	3	2.2076988
71	1562	4	1.020515
71	842	5	0.88012797
71	1612	6	1.1919439
71	1865	7	2.1344175
71	3889	8	1.8789573
71	861	9	1.138159
71	2711	10	1.8756766
917	631	1	3.680398
917	213	2	3.4004254
917	530	3	3.422851
917	243	4	3.8168833
917	1321	5	4.6760154
917	2942	6	2.7646742
917	62	7	3.4171104
917	47	8	2.2004838
917	732	9	3.2015195
917	1794	10	2.5995822
653	311	1	4.0962553
653	24	2	3.251987
653	62	3	4.0696964
653	3929	4	3.0094743
653	30	5	4.7008934
653	1315	6	2.7113528
653	631	7	4.044775
653	47	8	3.5381193
653	732	9	4.034798
653	221	10	3.8627486
623	843	1	4.389887
623	1526	2	3.040506
623	456	3	4.018749
623	936	4	3.94434
623	1926	5	4.162928
623	479	6	3.3776886
623	47	7	3.1495962
623	139	8	3.3210323
623	753	9	3.2383728
623	43	10	2.0843391
893	258	1	3.785909
893	369	2	3.491218
893	196	3	3.7555885
893	243	4	3.674335
893	622	5	3.7193737
893	1315	6	2.4076796
893	456	7	3.717516
893	47	8	4.388896
893	210	9	3.6282082
893	1794	10	3.0651011
75	4021	1	4.44442
75	764	2	3.7485776
75	77	3	4.2960644
75	296	4	3.8030057
75	4016	5	3.6030662
75	139	6	4.0119348
75	200	7	3.8265743
75	229	8	5.480803
75	1854	9	4.0031033
75	53	10	3.6894045
442	672	1	4.223634
442	2110	2	3.9708061
442	4021	3	3.9360344
442	936	4	3.4016788
442	1983	5	3.0873826
442	501	6	3.7991917
442	200	7	3.0435436
442	843	8	3.75487
442	229	9	3.111962
442	77	10	3.695067
734	216	1	5.5242257
734	231	2	4.3521614
734	227	3	4.7341676
734	495	4	4.082443
734	30	5	4.594203
734	1315	6	2.6158857
734	1925	7	4.7013016
734	599	8	4.883379
734	242	9	4.653514
734	391	10	3.478374
680	219	1	3.2959895
680	821	2	3.5878258
680	351	3	3.2782075
680	320	4	4.295538
680	30	5	3.7871428
680	152	6	3.2091522
680	47	7	1.8704263
680	98	8	3.2045255
680	1303	9	2.9460602
680	96	10	3.338668
188	84	1	4.395403
188	721	2	4.4484243
188	732	3	4.380003
188	495	4	3.9621372
188	30	5	3.9797325
188	2503	6	2.5577345
188	62	7	3.961139
188	599	8	5.003013
188	216	9	3.946125
188	391	10	3.4743
783	3074	1	4.0385437
783	330	2	2.8792143
783	3718	3	3.8948193
783	2760	4	2.0713427
783	2216	5	2.7946334
783	590	6	1.9828149
783	492	7	3.663661
783	200	8	2.9255428
783	196	9	3.6121764
783	43	10	3.1808028
925	3796	1	2.8076875
925	2133	2	2.3646452
925	559	3	2.617372
925	320	4	1.5991735
925	1926	5	1.3503263
925	1666	6	1.5911033
925	337	7	2.5794182
925	599	8	2.2043371
925	3138	9	2.6170447
925	37	10	2.2897983
126	216	1	4.1524205
126	369	2	4.370358
126	243	3	5.611382
126	631	4	3.9895966
126	30	5	4.6309323
126	1315	6	2.2114134
126	11	7	3.8648052
126	47	8	5.096144
126	219	9	3.8082252
126	221	10	2.625383
628	3718	1	4.11935
628	431	2	3.9396
628	196	3	3.8223596
628	320	4	3.8803277
628	30	5	3.3570476
628	2503	6	3.1123145
628	227	7	3.7741714
628	200	8	2.3211005
628	95	9	3.6981456
628	391	10	2.6249318
399	258	1	3.3398209
399	185	2	3.7812972
399	0	3	3.1484008
399	320	4	3.2962463
399	622	5	3.0322812
399	219	6	3.06238
399	172	7	2.977346
399	62	8	3.017993
399	1484	9	2.4828575
399	43	10	3.5068128
12	3074	1	4.260196
12	721	2	4.7242546
12	1925	3	4.0972795
12	320	4	3.6269438
12	30	5	4.1581507
12	2503	6	3.4586418
12	95	7	3.9239883
12	200	8	3.462835
12	242	9	3.9035153
12	229	10	2.8196852
671	84	1	3.5540671
671	369	2	3.997482
671	215	3	3.3606155
671	495	4	3.356522
671	58	5	2.3287177
671	1449	6	3.2490525
671	47	7	2.9830725
671	62	8	3.2277336
671	391	9	2.3188682
671	19	10	3.1603563
713	732	1	4.4487247
713	369	2	4.091752
713	311	3	4.1781855
713	243	4	5.148838
713	30	5	4.2505236
713	3718	6	4.145779
713	1066	7	3.0276942
713	351	8	3.8547306
713	221	9	3.9137352
713	19	10	3.6693854
69	1241	1	3.745881
69	950	2	1.7599297
69	749	3	3.5396795
69	925	4	1.8288887
69	1703	5	3.3553634
69	4530	6	1.494092
69	2514	7	1.7796232
69	915	8	3.1577663
69	1281	9	2.5029163
69	2156	10	2.6267912
782	641	1	3.2524168
782	2108	2	3.0234632
782	109	3	3.183768
782	147	4	2.6384726
782	1926	5	2.9060006
782	935	6	1.7336779
782	49	7	3.0564752
782	1310	8	2.1905596
782	229	9	3.1287808
782	456	10	3.0383217
535	62	1	4.358364
535	231	2	5.124111
535	631	3	4.0917196
535	495	4	3.204668
535	622	5	5.089793
535	1315	6	2.1966422
535	3718	7	4.070343
535	47	8	4.45623
535	732	9	4.067509
535	229	10	3.379572
2	84	1	3.3956556
2	173	2	3.0831678
2	514	3	3.342465
2	1134	4	2.6522198
2	30	5	2.7635512
2	225	6	2.1373205
2	1215	7	3.3298435
2	1066	8	2.7022998
2	1484	9	3.5974076
2	960	10	3.1820655
45	19	1	3.1454554
45	24	2	3.700946
45	1578	3	3.098126
45	243	4	3.6971424
45	70	5	2.828271
45	2503	6	1.8864508
45	82	7	3.0083747
45	47	8	2.5867012
45	1269	9	2.9070678
45	391	10	1.9622493
677	139	1	4.014971
677	860	2	3.702365
677	843	3	3.6977203
677	936	4	3.880944
677	1926	5	3.8602998
677	753	6	3.366493
677	200	7	3.5295222
677	229	8	3.7359166
677	456	9	3.1629548
677	613	10	3.0067751
565	152	1	3.5870886
565	821	2	3.095951
565	874	3	2.993096
565	3929	4	3.3060184
565	622	5	2.4900198
565	1315	6	1.708936
565	631	7	2.9208164
565	1066	8	2.668141
565	221	9	3.587591
565	258	10	2.91213
177	216	1	4.020665
177	108	2	3.9193099
177	3072	3	4.004692
177	320	4	4.2526684
177	30	5	3.495636
177	2503	6	2.7196064
177	196	7	3.7103233
177	599	8	4.271741
177	311	9	3.6350198
177	229	10	2.8488958
864	4020	1	3.4113767
864	168	2	3.375733
864	4021	3	3.1446753
864	296	4	2.8596582
864	1926	5	2.648438
864	109	6	3.1357782
864	47	7	2.5454268
864	210	8	3.084084
864	229	9	2.8733
864	4029	10	3.1040268
82	227	1	4.6466603
82	369	2	4.440975
82	84	3	4.4681196
82	439	4	2.0540829
82	30	5	3.1969647
82	1315	6	2.2700505
82	3718	7	4.32329
82	47	8	4.2869434
82	62	9	4.1067133
82	391	10	3.4604712
337	219	1	4.69008
337	369	2	4.580402
337	372	3	4.3999352
337	495	4	3.7934775
337	1983	5	2.5812335
337	351	6	4.3737893
337	47	7	5.13489
337	843	8	4.0260806
337	221	9	2.9229681
337	4029	10	3.7884417
318	706	1	4.2839823
318	218	2	3.6229296
318	196	3	4.246919
318	3275	4	4.3112154
318	71	5	4.709672
318	2503	6	4.80882
318	732	7	3.988204
318	172	8	3.0538323
318	920	9	3.9543817
318	914	10	3.8866267
537	227	1	4.0651684
537	24	2	4.236327
537	219	3	4.001949
537	495	4	3.541579
537	72	5	3.2363188
537	1315	6	2.1789298
537	351	7	3.6459534
537	47	8	4.7923226
537	229	9	3.5505295
537	278	10	3.517185
525	258	1	4.103477
525	24	2	3.8522031
525	631	3	3.7738569
525	495	4	2.9747834
525	30	5	3.31938
525	62	6	3.632051
525	1197	7	1.7712573
525	311	8	3.3394008
525	391	9	2.9055843
525	19	10	3.2320652
766	227	1	4.4690933
766	238	2	4.425518
766	7	3	4.3308077
766	30	4	4.3239317
766	485	5	3.5604525
766	694	6	2.3833947
766	1156	7	3.5471663
766	1794	8	4.3233356
766	791	9	3.5359468
766	721	10	4.332616
581	843	1	2.7574875
581	168	2	2.7808464
581	672	3	2.5370584
581	320	4	2.4149609
581	1983	5	2.1707253
581	456	6	2.4795594
581	599	7	2.7335787
581	229	8	3.3827143
581	351	9	2.4708915
581	43	10	2.1375933
684	1148	1	2.3068457
684	238	2	2.3034873
684	3073	3	2.3009057
684	686	4	1.275415
684	622	5	2.165086
684	2195	6	1.5090809
684	3072	7	2.2313843
684	200	8	1.8855665
684	258	9	2.158538
684	2484	10	2.0536485
900	672	1	4.343829
900	1526	2	3.2189322
900	4020	3	4.229755
900	439	4	3.6688073
900	1926	5	4.1053295
900	4021	6	3.8323114
900	200	7	4.1448846
900	53	8	3.828847
900	1794	9	2.2018766
900	77	10	3.7601027
659	3462	1	2.8497982
659	2108	2	3.021497
659	210	3	2.7737405
659	936	4	2.5406547
659	1926	5	1.833165
659	1315	6	1.3911088
659	4017	7	2.6371288
659	47	8	2.205851
659	109	9	2.5258236
659	229	10	2.3526297
311	4020	1	3.6825361
311	2108	2	4.054786
311	456	3	3.4320157
311	320	4	3.0017664
311	1926	5	3.1485205
311	109	6	3.3921576
311	1199	7	2.9344587
311	229	8	4.313378
311	210	9	3.361135
311	672	10	3.2099442
829	672	1	3.9610457
829	231	2	3.1772094
829	84	3	3.473432
829	320	4	3.8547854
829	1983	5	2.9738421
829	109	6	3.3896756
829	599	7	3.8576303
829	4020	8	3.2599168
829	391	9	2.5172997
829	4029	10	4.1798887
227	631	1	4.6041512
227	231	2	5.1535673
227	152	3	4.3433514
227	495	4	3.6576548
227	72	5	3.4696896
227	1315	6	2.3003554
227	372	7	4.2384014
227	1066	8	2.5004833
227	1794	9	4.2625494
227	3718	10	3.9843745
595	219	1	4.28245
595	821	2	4.1020856
595	258	3	3.8246436
595	243	4	3.633245
595	30	5	4.1839786
595	225	6	2.0064998
595	631	7	3.7840672
595	1066	8	3.4697392
595	221	9	4.306361
595	152	10	3.6517367
911	631	1	3.8630264
911	821	2	3.5395362
911	62	3	3.6638696
911	320	4	4.2834415
911	72	5	3.848548
911	837	6	2.293264
911	19	7	3.6439672
911	47	8	4.31937
911	1484	9	3.2827816
911	43	10	4.8795424
716	732	1	3.9467182
716	369	2	3.787383
716	62	3	3.8445752
716	495	4	2.788258
716	622	5	4.622775
716	1315	6	2.671274
716	311	7	3.825519
716	19	8	3.7401483
716	391	9	3.7511728
716	152	10	3.7202468
341	84	1	3.5237885
341	168	2	3.5271442
341	682	3	3.1672714
341	320	4	3.3786526
341	1926	5	2.967708
341	1315	6	1.9423435
341	210	7	3.0648675
341	47	8	2.9783258
341	229	9	3.9661512
341	4017	10	3.0269332
62	196	1	3.9313211
62	431	2	3.8328557
62	258	3	3.3614304
62	243	4	3.3817182
62	622	5	3.0999713
62	420	6	1.6144054
62	216	7	3.3052785
62	0	8	3.0293424
62	53	9	2.9190435
62	238	10	3.7863398
843	672	1	4.3423786
843	2110	2	4.437867
843	109	3	4.118619
843	936	4	3.2796006
843	1926	5	3.6921513
843	843	6	3.9649346
843	47	7	3.1845427
843	456	8	3.6044965
843	1794	9	2.4645376
843	77	10	3.3788073
571	3718	1	4.77518
571	369	2	4.6028585
571	84	3	4.6197615
571	439	4	2.7659054
571	30	5	4.5890303
571	1315	6	2.1252775
571	19	7	4.4229007
571	1197	8	2.4099655
571	62	9	4.398415
571	229	10	3.897633
292	84	1	4.537709
292	185	2	4.4845386
292	278	3	3.272213
292	243	4	2.2793508
292	72	5	3.0489223
292	225	6	2.4064922
292	152	7	3.2567773
292	1066	8	3.2571611
292	391	9	4.085741
292	370	10	3.2092867
18	62	1	4.2914224
18	24	2	4.219571
18	219	3	4.0148463
18	686	4	2.3123922
18	30	5	3.758512
18	1315	6	2.013692
18	152	7	3.8892925
18	694	8	2.191009
18	11	9	3.78013
18	391	10	3.4239578
465	196	1	3.776825
465	2108	2	3.009967
465	928	3	3.0538764
465	243	4	2.4239573
465	1926	5	2.3644705
465	1315	6	2.0695531
465	641	7	3.0020783
465	200	8	1.9500893
465	3073	9	2.9434783
465	391	10	1.5784657
538	843	1	3.5140295
538	2110	2	3.864613
538	139	3	3.1344266
538	936	4	3.3529015
538	1926	5	3.3837757
538	501	6	3.1314201
538	200	7	3.5148983
538	456	8	3.034556
538	702	9	2.9708624
538	2108	10	3.766477
885	1925	1	3.8785896
885	431	2	4.0818996
885	139	3	3.6778455
885	439	4	3.419743
885	430	5	3.7015333
885	2503	6	3.2964969
885	333	7	3.673864
885	599	8	3.1161656
885	843	9	3.4646285
885	229	10	3.0972915
663	210	1	4.5393515
663	1526	2	3.014741
663	53	3	3.9692123
663	936	4	3.6115127
663	1926	5	3.5273404
663	935	6	2.4118364
663	672	7	3.8441868
663	200	8	3.6925368
663	229	9	4.2558603
663	19	10	3.7476857
147	19	1	3.8433993
147	860	2	3.3968158
147	4017	3	3.7711208
147	243	4	3.3089147
147	1983	5	3.2893019
147	1315	6	2.6271718
147	672	7	3.5880766
147	599	8	3.233547
147	479	9	3.3423803
147	1794	10	2.8956184
748	732	1	4.0328274
748	369	2	3.5568242
748	62	3	3.9913886
748	495	4	2.9148555
748	30	5	3.7836757
748	1315	6	1.9210707
748	631	7	3.925249
748	1066	8	2.4969077
748	391	9	3.8374047
748	1449	10	3.7101748
308	278	1	3.3936343
308	112	2	2.9466856
308	62	3	3.105719
308	243	4	3.1102982
308	30	5	3.0167656
308	1315	6	2.007706
308	631	7	3.007431
308	47	8	2.8694968
308	221	9	3.6381922
308	152	10	2.9232373
484	3796	1	2.7587504
484	597	2	2.6172197
484	337	3	2.7317204
484	28	4	1.9034486
484	1926	5	1.9671981
484	1315	6	1.5980599
484	672	7	2.6670427
484	599	8	1.7808089
484	77	9	2.5985177
484	229	10	2.3074954
564	3718	1	2.9817948
564	24	2	2.8639793
564	1925	3	2.7858336
564	495	4	3.0095303
564	2503	5	2.7239277
564	2216	6	2.0619187
564	1359	7	2.7172165
564	2166	8	2.0229862
564	216	9	2.6120486
564	2043	10	1.6712353
322	258	1	3.6035469
322	168	2	3.183639
322	641	3	3.400802
322	901	4	2.3316631
322	2216	5	2.841695
322	2503	6	3.0193338
322	4017	7	3.3044512
322	1197	8	2.1249452
322	1925	9	3.3028076
322	229	10	2.5816236
801	84	1	2.980311
801	821	2	2.9051733
801	63	3	2.922729
801	243	4	2.573753
801	622	5	2.5429962
801	219	6	2.797411
801	1445	7	1.7315631
801	227	8	2.6947877
801	391	9	2.7077494
801	96	10	2.4909644
664	278	1	2.8666582
664	231	2	2.6094534
664	29	3	2.7338734
664	320	4	2.673926
664	1321	5	2.1508248
664	2942	6	1.8745515
664	515	7	2.6449308
664	599	8	3.3008616
664	221	9	3.2808201
664	1466	10	2.5070868
209	843	1	3.8795056
209	2110	2	3.0557737
209	152	3	3.5546446
209	3929	4	2.6012666
209	620	5	2.4242857
209	631	6	3.5334547
209	1310	7	1.9461496
209	456	8	3.407678
209	229	9	3.2375927
209	4029	10	2.7781587
37	216	1	3.4280524
37	1171	2	2.7864761
37	196	3	3.1900797
37	2135	4	1.8186059
37	2216	5	3.366868
37	590	6	1.7633625
37	53	7	3.023128
37	47	8	4.0353775
37	806	9	2.9178677
37	1368	10	2.904036
307	351	1	3.218327
307	2108	2	3.3061826
307	258	3	3.127337
307	320	4	3.5715635
307	622	5	2.6843889
307	1315	6	1.765538
307	372	7	3.0221539
307	47	8	3.1906025
307	229	9	3.4504654
307	152	10	2.918593
338	196	1	4.148391
338	330	2	3.6536703
338	216	3	3.869616
338	495	4	2.9925303
338	455	5	2.3818588
338	492	6	3.782819
338	47	7	4.8329124
338	242	8	3.6863973
338	95	9	3.5687537
338	43	10	3.197306
585	3073	1	3.8694816
585	369	2	3.1584635
585	1578	3	3.6347413
585	495	4	2.1343768
585	71	5	3.528029
585	2503	6	3.3643208
585	95	7	3.6054544
585	172	8	2.329647
585	3074	9	3.245052
585	3075	10	3.2187684
358	84	1	3.3756232
358	231	2	3.258987
358	3718	3	3.266584
358	320	4	3.4360633
358	72	5	3.375379
358	2503	6	2.4872785
358	152	7	3.252974
358	599	8	3.945211
358	62	9	2.9411693
358	1794	10	2.3499737
193	501	1	3.8323898
193	2108	2	4.527334
193	843	3	3.817047
193	936	4	3.559479
193	1926	5	3.8349261
193	456	6	3.659931
193	200	7	3.6011817
193	3090	8	3.568791
193	271	9	3.380845
193	1761	10	3.7930613
53	3094	1	4.0341706
53	2110	2	4.1276064
53	237	3	3.9041512
53	936	4	3.7986882
53	1926	5	4.1545095
53	843	6	3.7697556
53	200	7	3.4018054
53	534	8	3.7661457
53	229	9	3.2043653
53	589	10	3.7503498
553	732	1	4.1413965
553	231	2	5.0886154
553	152	3	4.1373396
553	3929	4	3.5062673
553	622	5	4.0934887
553	225	6	2.4339201
553	258	7	4.1054726
553	1066	8	3.624234
553	221	9	4.2901425
553	370	10	4.007947
108	3718	1	4.188484
108	24	2	4.6476355
108	311	3	4.161852
108	686	4	2.4705806
108	30	5	3.2269535
108	631	6	4.1327786
108	47	7	4.5510864
108	84	8	4.0801287
108	1794	9	3.1340256
108	62	10	4.048255
732	84	1	3.5465205
732	821	2	2.383137
732	1236	3	3.4199104
732	978	4	3.1556087
732	72	5	2.8342333
732	1315	6	1.5026741
732	514	7	3.3911586
732	599	8	3.1292238
732	1449	9	3.1691983
732	1484	10	2.9771876
694	631	1	4.064254
694	231	2	3.9771464
694	311	3	3.9746244
694	686	4	3.0244057
694	30	5	3.982959
694	2503	6	2.0193963
694	227	7	3.8106868
694	47	8	5.239233
694	219	9	3.69426
694	229	10	3.5026677
44	210	1	3.7316623
44	431	2	3.7066965
44	109	3	3.4463856
44	243	4	4.091172
44	430	5	3.3074389
44	2503	6	2.8378406
44	456	7	3.3912203
44	200	8	3.9453166
44	229	9	3.288202
44	139	10	3.2300777
593	843	1	4.0123253
593	2108	2	4.7742643
593	456	3	3.6147344
593	439	4	3.5158157
593	1983	5	3.6050797
593	139	6	3.3396869
593	47	7	2.9404922
593	948	8	3.1114554
593	479	9	3.0211387
593	860	10	3.569295
393	2125	1	2.5647254
393	860	2	1.9398938
393	2523	3	1.8433397
393	296	4	1.4883024
393	30	5	2.296892
393	210	6	1.7124552
393	47	7	1.3857096
393	1453	8	1.6934592
393	229	9	1.7101154
393	4029	10	2.10798
570	19	1	3.049696
570	2110	2	3.286498
570	109	3	2.826013
570	936	4	2.9757118
570	622	5	2.4165983
570	1315	6	1.8389881
570	1406	7	2.7942915
570	200	8	3.7202294
570	229	9	2.7453086
570	210	10	2.736773
295	806	1	3.796958
295	2108	2	3.6422706
295	641	3	3.7325568
295	28	4	3.0305674
295	2216	5	2.973224
295	420	6	2.269318
295	242	7	3.6194234
295	172	8	2.2087607
295	353	9	3.4156923
295	49	10	3.4044578
720	84	1	4.0176573
720	821	2	2.849711
720	555	3	3.6076753
720	320	4	3.319717
720	30	5	3.6692562
720	1315	6	1.8102057
720	152	7	3.4013007
720	1066	8	2.5970342
720	1484	9	3.7308207
720	278	10	3.1681166
889	258	1	4.1754947
889	231	2	3.349173
889	84	3	3.9221807
889	439	4	2.0167809
889	30	5	3.7401338
889	1315	6	2.1953826
889	3718	7	3.8337266
889	47	8	3.76093
889	219	9	3.5730524
889	391	10	2.8099732
325	672	1	4.2769156
325	1697	2	2.3680766
325	682	3	3.830071
325	147	4	3.047066
325	620	5	2.9267848
325	1315	6	2.3000753
325	4017	7	3.8219757
325	47	8	2.844017
325	4020	9	3.246357
325	1794	10	2.74717
121	672	1	4.2374487
121	2108	2	3.2639756
121	109	3	4.0742326
121	936	4	3.1445496
121	30	5	4.1882105
121	77	6	3.2962546
121	200	7	2.869114
121	702	8	3.1949544
121	229	9	3.3265147
121	4029	10	4.063853
798	84	1	3.8832283
798	213	2	3.1266625
798	258	3	3.2425652
798	243	4	3.0270724
798	622	5	2.9490538
798	1315	6	1.6988428
798	351	7	3.155479
798	47	8	2.4979334
798	278	9	3.086772
798	229	10	2.9881964
470	242	1	4.1529903
470	431	2	4.669901
470	3074	3	4.1438704
470	495	4	3.4498305
470	430	5	3.5553162
470	2503	6	3.9250731
470	3718	7	3.9886336
470	599	8	2.8057187
470	196	9	3.9748862
470	43	10	4.4021096
526	1411	1	2.2892475
526	2110	2	1.8783575
526	1859	3	2.2752786
526	320	4	1.5563872
526	1926	5	1.526837
526	1315	6	1.3878605
526	843	7	2.2057304
526	47	8	1.7636373
526	928	9	2.173835
526	229	10	1.8970473
562	84	1	3.2955666
562	24	2	3.5487254
562	227	3	3.2916462
562	28	4	2.080275
562	430	5	2.209875
562	2503	6	2.132727
562	216	7	3.2749865
562	200	8	1.9497306
562	196	9	2.963529
562	229	10	2.5221925
151	3072	1	3.4199097
151	2108	2	3.1313171
151	1411	3	3.2319083
151	296	4	2.2144895
151	622	5	2.7232924
151	11	6	3.120129
151	200	7	2.566666
151	1925	8	3.024643
151	229	9	2.7776883
151	4029	10	3.0245252
752	84	1	2.540221
752	231	2	2.4870684
752	227	3	2.3836122
752	320	4	2.5860827
752	1321	5	1.8795004
752	682	6	2.3585763
752	599	7	2.762208
752	391	8	2.9196572
752	63	9	2.2577438
752	43	10	2.461038
586	84	1	2.8894668
586	168	2	3.0048065
586	227	3	2.774652
586	320	4	2.8852081
586	1926	5	2.7263658
586	672	6	2.5939224
586	1197	7	2.2170146
586	229	8	3.3390589
586	210	9	2.5705605
586	43	10	2.877549
651	843	1	4.105752
651	369	2	3.880773
651	2656	3	3.8050752
651	28	4	3.7549772
651	622	5	4.54303
651	420	6	2.8121915
651	1410	7	3.7747674
651	1025	8	2.5111103
651	4020	9	3.7692313
651	229	10	2.6285336
691	84	1	2.8392878
691	488	2	2.6391566
691	351	3	2.8324642
691	1133	4	2.4614012
691	1926	5	2.3101056
691	672	6	2.7855663
691	599	7	2.858306
691	372	8	2.600676
691	229	9	2.756055
691	4029	10	2.4445114
