user_id	item_id	rank	score
1	439	1	5.8163624
1	672	2	5.1968336
1	4	3	5.1896577
1	4017	4	4.998634
1	109	5	4.973726
1	936	6	4.9486594
1	4029	7	4.8477907
1	353	8	4.828693
1	1341	9	4.7681375
1	4020	10	4.707654
2	439	1	5.2127657
2	353	2	4.8651824
2	58	3	4.8489084
2	393	4	4.813452
2	3273	5	4.569689
2	672	6	4.527954
2	1091	7	4.4022737
2	1341	8	4.3358526
2	1066	9	4.3113437
2	4029	10	4.310071
3	485	1	4.6620646
3	369	2	4.6201477
3	73	3	4.4636526
3	82	4	4.392664
3	213	5	4.3181167
3	24	6	4.0549393
3	732	7	3.7539737
3	391	8	3.7320008
3	149	9	3.583162
3	185	10	3.5106413
4	172	1	4.643108
4	322	2	4.3259315
4	80	3	4.281869
4	41	4	4.0468016
4	45	5	3.9201984
4	993	6	3.815414
4	3251	7	3.486057
4	2125	8	3.3020113
4	3307	9	3.1359923
4	277	10	3.133935
5	735	1	4.7669163
5	1868	2	4.6268177
5	1234	3	4.402028
5	1697	4	4.3443136
5	2628	5	4.1151857
5	515	6	4.0632143
5	823	7	4.0263357
5	920	8	3.731378
5	201	9	3.6386793
5	913	10	3.63165
6	860	1	3.2941492
6	389	2	3.073608
6	252	3	3.0675411
6	3307	4	2.739913
6	1406	5	2.6990752
6	2125	6	2.6279235
6	90	7	2.6033683
6	3251	8	2.4420507
6	914	9	2.4311776
6	1511	10	2.3876364
7	108	1	3.9303148
7	1449	2	3.7723927
7	864	3	3.7481585
7	622	4	3.7181697
7	3074	5	3.5945246
7	492	6	3.588015
7	895	7	3.5303936
7	238	8	3.4945352
7	369	9	3.350541
7	1114	10	3.3299046
8	45	1	3.4155078
8	1672	2	3.237599
8	3307	3	2.9176886
8	1112	4	2.8981044
8	1594	5	2.818142
8	1111	6	2.6915965
8	1103	7	2.5907564
8	993	8	2.4710193
8	535	9	2.3621283
8	995	10	2.3495836
9	4029	1	5.2195716
9	109	2	5.1605997
9	353	3	5.007365
9	58	4	5.001176
9	936	5	4.980748
9	4020	6	4.9318624
9	1594	7	4.7093253
9	1066	8	4.5733013
9	3273	9	4.526158
9	1091	10	4.4928303
11	44	1	4.4001255
11	172	2	4.393919
11	80	3	4.1717396
11	322	4	3.8703716
11	3251	5	3.7719417
11	41	6	3.7208533
11	2125	7	3.6652958
11	45	8	3.6305032
11	985	9	3.6250143
11	993	10	3.5387468
12	1672	1	4.6728926
12	2125	2	3.4627151
12	3251	3	3.4448457
12	3795	4	3.1908379
12	985	5	3.074326
12	2217	6	2.843433
12	530	7	2.7065005
12	1926	8	2.6338887
12	252	9	2.6196554
12	1263	10	2.5945249
14	1868	1	5.142841
14	1697	2	4.633642
14	1648	3	4.0412817
14	732	4	4.0056148
14	580	5	3.977067
14	391	6	3.895659
14	192	7	3.8947337
14	2576	8	3.8024535
14	489	9	3.7683299
14	1411	10	3.7414737
15	185	1	4.221382
15	1701	2	4.153631
15	1693	3	3.9084034
15	580	4	3.856907
15	515	5	3.7401063
15	920	6	3.530004
15	913	7	3.4286654
15	201	8	3.4129653
15	1023	9	3.3865466
15	982	10	3.2588434
16	4021	1	3.6922066
16	389	2	3.5945733
16	45	3	3.3041353
16	3251	4	3.0936258
16	2125	5	3.0057406
16	1134	6	2.7504532
16	530	7	2.7442584
16	1263	8	2.7225845
16	163	9	2.409112
16	3795	10	2.385466
17	1868	1	4.666026
17	185	2	4.298106
17	1697	3	4.284753
17	1701	4	4.2533565
17	2628	5	4.17017
17	1693	6	4.0186167
17	823	7	3.9745767
17	515	8	3.8474667
17	920	9	3.7277644
17	913	10	3.7136211
18	44	1	4.373479
18	322	2	4.0328364
18	3251	3	3.9651859
18	2125	4	3.8515425
18	41	5	3.6395094
18	993	6	3.5400481
18	45	7	3.523378
18	985	8	3.2412171
18	1926	9	3.213826
18	3795	10	3.0724778
19	149	1	3.4289334
19	304	2	3.1763177
19	185	3	3.1158364
19	1016	4	3.0978992
19	1701	5	3.004898
19	379	6	2.980762
19	1693	7	2.9226608
19	823	8	2.9170299
19	4	9	2.8977332
19	2449	10	2.8756833
20	1701	1	3.4612162
20	823	2	3.23481
20	1693	3	3.182563
20	515	4	3.1515923
20	371	5	3.0663612
20	920	6	3.0102906
20	2449	7	3.009464
20	304	8	2.980219
20	3017	9	2.9634006
20	913	10	2.8847013
21	1023	1	4.430727
21	330	2	4.3660755
21	905	3	4.3064528
21	454	4	4.2373714
21	614	5	4.2180185
21	672	6	4.136731
21	393	7	4.081641
21	4029	8	4.0757217
21	488	9	4.051613
21	874	10	4.0256433
22	510	1	4.116767
22	1672	2	3.9499073
22	1112	3	3.9111717
22	172	4	3.7892725
22	80	5	3.578447
22	44	6	3.4558463
22	322	7	3.3524384
22	45	8	3.3498602
22	993	9	3.0959148
22	41	10	3.0751653
23	1697	1	4.7920914
23	1648	2	4.435711
23	1449	3	4.2620463
23	192	4	4.2076902
23	238	5	4.107233
23	534	6	4.0971713
23	1411	7	4.085205
23	580	8	4.056082
23	489	9	4.0277677
23	895	10	3.9669757
24	322	1	4.67482
24	45	2	4.1627254
24	41	3	4.078485
24	1983	4	3.8734896
24	993	5	3.7819645
24	3795	6	3.758409
24	914	7	3.741661
24	4021	8	3.5988526
24	860	9	3.578824
24	3307	10	3.5263124
25	44	1	4.16185
25	1112	2	4.0547466
25	41	3	3.5368724
25	389	4	3.5098937
25	45	5	3.4156156
25	2125	6	3.2101364
25	993	7	3.1606503
25	3251	8	3.0901573
25	3795	9	3.04073
25	914	10	2.9612708
26	90	1	2.8045971
26	163	2	2.730455
26	2217	3	2.3421385
26	1406	4	2.267074
26	2125	5	2.2520666
26	318	6	2.24306
26	595	7	2.11133
26	914	8	2.103806
26	3251	9	2.088457
26	1791	10	2.026203
27	1594	1	4.408433
27	77	2	4.265971
27	172	3	4.100582
27	44	4	4.063656
27	80	5	3.8135805
27	322	6	3.646414
27	1983	7	3.6360655
27	41	8	3.5686016
27	45	9	3.5050845
27	4021	10	3.3948615
28	936	1	5.52131
28	353	2	5.42328
28	3273	3	5.0727124
28	1594	4	5.051118
28	1341	5	4.8049216
28	77	6	4.7220106
28	1672	7	4.6870103
28	1359	8	4.5864177
28	1112	9	4.4037504
28	510	10	4.3729167
29	172	1	4.1999197
29	322	2	4.045929
29	80	3	3.8747869
29	993	4	3.7323942
29	45	5	3.6809964
29	985	6	3.2464836
29	1263	7	2.934103
29	389	8	2.914585
29	277	9	2.89684
29	530	10	2.8312988
30	1411	1	4.336781
30	485	2	3.9724078
30	73	3	3.8205867
30	82	4	3.7143512
30	1114	5	3.6149793
30	945	6	3.5539398
30	213	7	3.5426652
30	2449	8	3.5006638
30	1016	9	3.486309
30	3017	10	3.3510618
31	489	1	3.281561
31	1693	2	3.2235606
31	2576	3	3.1291423
31	920	4	2.9145699
31	692	5	2.8114395
31	1408	6	2.7733533
31	204	7	2.7690895
31	613	8	2.756849
31	913	9	2.7242055
31	304	10	2.690896
32	80	1	4.535472
32	44	2	4.5105886
32	389	3	4.4377146
32	322	4	4.2282877
32	3251	5	4.0452614
32	2125	6	3.9008114
32	41	7	3.8411355
32	45	8	3.7097683
32	993	9	3.6871982
32	985	10	3.313645
33	936	1	4.0958986
33	80	2	3.6535003
33	4020	3	3.5653312
33	1594	4	3.3265014
33	77	5	2.9785502
33	1263	6	2.8262568
33	1572	7	2.7071908
33	1983	8	2.6246872
33	90	9	2.4678643
33	4021	10	2.3961656
34	3086	1	4.7778
34	1071	2	4.725421
34	1761	3	4.6567125
34	2032	4	4.5705347
34	601	5	4.5431023
34	2093	6	4.5051017
34	579	7	4.503913
34	1132	8	4.3880496
34	237	9	4.3778396
34	148	10	4.3305078
35	1341	1	5.115054
35	1672	2	4.665576
35	510	3	4.6256084
35	1112	4	4.472962
35	3781	5	4.3667145
35	44	6	4.158619
35	172	7	4.1310806
35	80	8	4.0829506
35	147	9	4.027177
35	1139	10	4.0210466
36	1594	1	3.4628568
36	77	2	3.2589812
36	985	3	3.1639953
36	530	4	2.6965175
36	277	5	2.5928648
36	1263	6	2.5841432
36	1688	7	2.436448
36	2069	8	2.3800175
36	1406	9	2.3699708
36	2503	10	2.3678558
37	1672	1	3.7184608
37	44	2	3.522707
37	41	3	3.0833678
37	943	4	3.035378
37	1503	5	3.031021
37	1112	6	3.002026
37	936	7	2.8977537
37	1090	8	2.8961837
37	1694	9	2.8879204
37	2036	10	2.8524063
38	1672	1	3.5048165
38	77	2	3.373899
38	1112	3	3.2371168
38	993	4	3.0322726
38	4021	5	2.9647572
38	1983	6	2.9300194
38	860	7	2.7562473
38	389	8	2.4627776
38	2125	9	2.3272448
38	571	10	2.284806
39	732	1	3.4213145
39	391	2	3.2306435
39	185	3	3.0228944
39	4	4	2.8761642
39	1701	5	2.8300734
39	692	6	2.8282468
39	403	7	2.7102666
39	823	8	2.7056012
39	1526	9	2.6388528
39	1332	10	2.565399
40	3781	1	4.917343
40	1672	2	4.8046083
40	172	3	4.557037
40	1112	4	4.505328
40	80	5	4.476467
40	44	6	4.425503
40	322	7	4.1796274
40	3251	8	3.7225962
40	41	9	3.7146132
40	45	10	3.666829
41	735	1	4.693106
41	1868	2	4.6573467
41	1234	3	4.3804984
41	185	4	4.3575497
41	1697	5	4.3232327
41	2628	6	4.127715
41	515	7	3.9796753
41	823	8	3.8262324
41	920	9	3.6028862
41	1411	10	3.5772843
42	510	1	3.6933873
42	172	2	3.467192
42	1083	3	3.3366284
42	147	4	3.2982392
42	80	5	3.2676816
42	948	6	3.0916493
42	1854	7	3.0888667
42	41	8	3.0863597
42	322	9	3.06594
42	985	10	2.9965549
43	1672	1	4.3037767
43	1983	2	4.193743
43	4021	3	3.9821427
43	80	4	3.9627311
43	860	5	3.8732285
43	322	6	3.794829
43	44	7	3.789061
43	389	8	3.7157667
43	3251	9	3.3371556
43	45	10	3.3287244
44	510	1	4.13714
44	3781	2	3.9517584
44	1672	3	3.86377
44	80	4	3.7860913
44	1112	5	3.7174263
44	172	6	3.542355
44	44	7	3.4448185
44	322	8	3.3010314
44	405	9	3.286324
44	143	10	3.2749043
45	1672	1	4.806431
45	44	2	4.489928
45	1112	3	4.4660134
45	45	4	4.0664587
45	41	5	3.942382
45	1983	6	3.8125725
45	993	7	3.796906
45	4021	8	3.5857964
45	860	9	3.5010843
45	3307	10	3.4035585
47	622	1	4.473312
47	108	2	4.471487
47	864	3	4.4412675
47	238	4	4.3372164
47	895	5	4.3216496
47	3072	6	4.228486
47	1449	7	4.200879
47	492	8	4.1964765
47	3074	9	4.162324
47	19	10	4.0155888
48	1341	1	4.2877007
48	3781	2	3.9028583
48	3273	3	3.8097005
48	510	4	3.7368767
48	1359	5	3.7331502
48	948	6	3.508732
48	798	7	3.5011241
48	44	8	3.442872
48	172	9	3.441046
48	405	10	3.4370217
49	735	1	5.216973
49	1868	2	5.077248
49	1234	3	4.751984
49	1697	4	4.725187
49	2628	5	4.5991282
49	185	6	4.0058565
49	1411	7	3.9980218
49	1701	8	3.9347296
49	1648	9	3.9009118
49	192	10	3.8607526
50	936	1	3.9831202
50	109	2	3.118499
50	1594	3	2.9108913
50	4020	4	2.8538542
50	77	5	2.676974
50	704	6	2.6639962
50	571	7	2.655347
50	1032	8	2.5771806
50	318	9	2.3369467
50	677	10	2.3230147
51	3307	1	3.1540823
51	1263	2	2.796454
51	318	3	2.1217823
51	3795	4	2.0862126
51	1854	5	2.0816832
51	1083	6	2.0472078
51	141	7	2.0433815
51	2217	8	2.035828
51	405	9	2.033162
51	1321	10	2.024403
52	732	1	4.683346
52	391	2	4.577119
52	185	3	4.3659725
52	1701	4	4.3003597
52	4	5	4.0890646
52	1693	6	4.0419865
52	515	7	3.9208896
52	823	8	3.9078581
52	920	9	3.8065386
52	1411	10	3.7395508
53	369	1	4.550963
53	73	2	4.260488
53	485	3	4.2448597
53	82	4	4.0665927
53	213	5	4.03644
53	304	6	3.659598
53	1114	7	3.6380641
53	3017	8	3.527687
53	732	9	3.5076094
53	627	10	3.4350975
54	149	1	4.0415845
54	1701	2	3.7413864
54	185	3	3.7055159
54	4	4	3.5447068
54	823	5	3.516409
54	515	6	3.331212
54	920	7	3.1622915
54	913	8	3.157724
54	201	9	2.9223444
54	1023	10	2.915327
55	1341	1	5.516385
55	3781	2	4.9574585
55	1359	3	4.8843036
55	510	4	4.836343
55	1672	5	4.801711
55	389	6	4.7795186
55	1112	7	4.7077546
55	44	8	4.5624905
55	3251	9	4.509532
55	172	10	4.4170876
56	735	1	4.5306525
56	148	2	4.522525
56	589	3	4.509031
56	1868	4	4.494919
56	1234	5	4.285134
56	185	6	4.276573
56	1697	7	4.1495485
56	2628	8	4.121028
56	1411	9	4.0546985
56	823	10	3.7388608
57	45	1	3.7843792
57	3307	2	3.139554
57	3251	3	2.9605818
57	3795	4	2.811826
57	252	5	2.5448704
57	90	6	2.4599
57	1511	7	2.3953567
57	2217	8	2.3879857
57	914	9	2.2780716
57	1926	10	2.2391467
58	1594	1	2.8762903
58	77	2	2.5530603
58	277	3	2.4615598
58	90	4	2.3199687
58	1511	5	2.2625203
58	914	6	2.25743
58	704	7	2.181302
58	1406	8	2.1073961
58	625	9	2.0406938
58	3275	10	2.0377903
60	510	1	4.748499
60	389	2	4.704863
60	1672	3	4.663331
60	3251	4	4.529994
60	3781	5	4.504286
60	1112	6	4.3115573
60	2125	7	4.288008
60	80	8	4.1320133
60	172	9	4.0984044
60	44	10	4.025047
61	3074	1	4.6553564
61	439	2	4.5943403
61	73	3	4.3310366
61	215	4	4.1015263
61	168	5	4.062557
61	4017	6	3.9825284
61	1313	7	3.9798832
61	201	8	3.9643934
61	672	9	3.9259195
61	109	10	3.9133344
62	1112	1	4.0917196
62	44	2	3.9130306
62	389	3	3.7484107
62	3251	4	3.3998806
62	45	5	3.2829552
62	993	6	3.2387953
62	2125	7	3.2314665
62	41	8	3.1457746
62	985	9	2.9591575
62	3307	10	2.7615323
64	185	1	4.06485
64	823	2	3.685725
64	515	3	3.4613633
64	920	4	3.4344282
64	1023	5	3.2351015
64	304	6	3.107982
64	913	7	3.0998893
64	201	8	3.0779762
64	982	9	2.9864655
64	3017	10	2.9664311
65	3017	1	3.277365
65	1114	2	3.1198602
65	82	3	3.09796
65	485	4	3.0626926
65	2449	5	2.915123
65	304	6	2.9010715
65	692	7	2.881041
65	213	8	2.8499117
65	4016	9	2.8371742
65	1004	10	2.7846687
66	172	1	3.5503726
66	80	2	3.4534683
66	322	3	3.3309555
66	2125	4	2.9048533
66	993	5	2.897446
66	45	6	2.8820562
66	1926	7	2.5817957
66	3795	8	2.49606
66	3307	9	2.3966944
66	1134	10	2.3696666
67	485	1	4.1879377
67	732	2	3.6222708
67	391	3	3.5917528
67	149	4	3.2874274
67	185	5	3.2236104
67	4	6	2.9537954
67	304	7	2.9347975
67	1701	8	2.9271183
67	692	9	2.9067454
67	1693	10	2.9011924
68	735	1	5.2374315
68	485	2	5.1502357
68	1868	3	5.065744
68	148	4	5.031145
68	213	5	4.78977
68	1234	6	4.7690725
68	1697	7	4.7185726
68	2628	8	4.560151
68	732	9	4.467558
68	391	10	4.449245
69	454	1	5.248805
69	905	2	5.1511917
69	456	3	5.0295258
69	330	4	5.022545
69	58	5	4.9069567
69	806	6	4.898942
69	430	7	4.8381414
69	439	8	4.824251
69	680	9	4.7714267
69	50	10	4.7698793
70	1983	1	3.025097
70	3307	2	2.8458433
70	1511	3	2.6549153
70	860	4	2.6518412
70	389	5	2.6174479
70	4021	6	2.4462295
70	1263	7	2.3852525
70	3795	8	2.322907
70	2217	9	2.3092716
70	530	10	2.2000864
71	372	1	4.441109
71	11	2	4.2691097
71	682	3	4.249613
71	456	4	4.2219367
71	2110	5	4.1845913
71	242	6	4.0593195
71	3718	7	4.0323915
71	231	8	3.904911
71	53	9	3.842416
71	3074	10	3.8250184
72	44	1	4.9677496
72	1983	2	4.770068
72	45	3	4.2409472
72	41	4	4.206075
72	389	5	4.1663938
72	993	6	4.1091104
72	3251	7	3.7270303
72	2125	8	3.6756258
72	985	9	3.4790916
72	3307	10	3.4576373
73	735	1	4.362275
73	589	2	4.3136497
73	34	3	4.2064962
73	148	4	4.1777773
73	1910	5	4.176354
73	1697	6	4.1681204
73	1234	7	4.1432157
73	920	8	4.0817685
73	1868	9	4.0131283
73	1011	10	3.8293202
74	920	1	4.764778
74	201	2	4.5486875
74	735	3	4.523121
74	1023	4	4.457858
74	1011	5	4.4417696
74	1868	6	4.3622885
74	1697	7	4.282487
74	1234	8	4.172592
74	184	9	4.1166883
74	123	10	4.106986
75	589	1	4.440963
75	1868	2	4.3880386
75	735	3	4.354099
75	1910	4	4.3049974
75	148	5	4.186156
75	1234	6	4.094427
75	1697	7	3.9683008
75	383	8	3.9458482
75	2628	9	3.8483906
75	1023	10	3.3243904
76	1983	1	4.193452
76	4021	2	4.023799
76	389	3	4.015199
76	1672	4	3.9495902
76	3251	5	3.9421134
76	860	6	3.8677096
76	1341	7	3.6297972
76	2125	8	3.597247
76	1112	9	3.5168705
76	3781	10	3.376522
77	672	1	5.0687094
77	393	2	5.025713
77	58	3	4.963001
77	353	4	4.915626
77	4029	5	4.772386
77	936	6	4.7097225
77	109	7	4.6900754
77	4020	8	4.6848545
77	3273	9	4.5476217
77	1066	10	4.4840117
78	1672	1	4.1819353
78	1112	2	3.821383
78	1090	3	3.0155349
78	2216	4	2.8168445
78	423	5	2.7367969
78	1594	6	2.7333255
78	4020	7	2.729393
78	1029	8	2.7165093
78	1111	9	2.7121158
78	191	10	2.6865683
79	44	1	4.402765
79	172	2	4.319385
79	80	3	4.1425314
79	322	4	3.864736
79	993	5	3.7342675
79	41	6	3.6383586
79	45	7	3.5371046
79	985	8	3.2689624
79	3307	9	3.2073674
79	1139	10	3.2032387
80	1672	1	5.0886526
80	44	2	4.9545574
80	80	3	4.7886257
80	322	4	4.516987
80	1983	5	4.2396555
80	41	6	4.1979604
80	45	7	4.1512966
80	4021	8	3.9726887
80	993	9	3.9599047
80	860	10	3.8651736
81	44	1	4.5446997
81	322	2	4.291696
81	389	3	4.008151
81	41	4	3.774471
81	45	5	3.7688751
81	2125	6	3.5307424
81	3251	7	3.5217326
81	993	8	3.4917965
81	985	9	3.2322977
81	3795	10	3.0494716
82	172	1	4.791078
82	322	2	4.4191637
82	1983	3	4.093298
82	41	4	4.018946
82	993	5	3.6836948
82	389	6	3.5518644
82	985	7	3.3541436
82	3307	8	3.2243772
82	914	9	3.0649896
82	2125	10	3.0278854
83	192	1	3.7747726
83	920	2	3.450809
83	489	3	3.3777702
83	2576	4	3.337713
83	201	5	3.2671542
83	913	6	3.1858988
83	534	7	3.1325116
83	1023	8	3.1059883
83	123	9	3.062457
83	580	10	3.0574515
84	185	1	4.339313
84	149	2	4.1536183
84	1701	3	4.071441
84	944	4	4.05429
84	1132	5	3.9975402
84	589	6	3.9854841
84	1693	7	3.9813879
84	735	8	3.9601803
84	1868	9	3.9589887
84	148	10	3.9584208
85	1341	1	5.20039
85	3273	2	5.159272
85	1672	3	5.1359224
85	1359	4	4.9076147
85	3781	5	4.7012367
85	510	6	4.6466093
85	1112	7	4.618997
85	44	8	4.5210266
85	172	9	4.4997787
85	1594	10	4.4726896
86	454	1	4.6784506
86	905	2	4.626003
86	680	3	4.5697308
86	393	4	4.5520906
86	539	5	4.5356135
86	1578	6	4.4433346
86	58	7	4.416526
86	721	8	4.357961
86	791	9	4.2751913
86	1341	10	4.2259145
87	1648	1	4.5025063
87	489	2	4.225313
87	1411	3	4.1429214
87	2576	4	4.037197
87	213	5	3.7549396
87	82	6	3.7135088
87	945	7	3.2654233
87	1114	8	3.2597847
87	732	9	3.2542615
87	1016	10	3.233975
88	735	1	5.0564213
88	1868	2	4.885484
88	2628	3	4.454607
88	1411	4	4.0138917
88	920	5	3.8033295
88	1648	6	3.790935
88	913	7	3.7558866
88	192	8	3.737599
88	201	9	3.7256186
88	1023	10	3.6221876
89	4021	1	4.0036798
89	860	2	3.7877576
89	389	3	3.6821053
89	985	4	3.3752742
89	2125	5	3.29423
89	3251	6	3.170814
89	3307	7	3.1429715
89	914	8	3.0785832
89	1511	9	3.0223489
89	2217	10	2.9313276
90	993	1	3.338704
90	936	2	3.194449
90	1261	3	2.9462962
90	305	4	2.8394003
90	4020	5	2.8139737
90	985	6	2.7269664
90	420	7	2.7112224
90	1058	8	2.6016226
90	1263	9	2.5889668
90	1525	10	2.5406928
91	172	1	4.2887154
91	80	2	4.150795
91	44	3	4.1441083
91	322	4	4.0134764
91	41	5	3.465191
91	45	6	3.4178424
91	993	7	3.4037092
91	985	8	3.2112164
91	147	9	3.078268
91	1083	10	3.062327
92	353	1	5.473299
92	1341	2	5.145042
92	3273	3	5.0651402
92	1066	4	5.0236006
92	1983	5	4.880172
92	1359	6	4.71031
92	510	7	4.5846443
92	1672	8	4.5654483
92	3781	9	4.524993
92	389	10	4.45803
93	389	1	4.141021
93	45	2	3.8699493
93	3251	3	3.6953087
93	993	4	3.6544328
93	2125	5	3.6494608
93	985	6	3.4594717
93	3307	7	3.060266
93	3795	8	3.0013697
93	1926	9	2.8757262
93	277	10	2.835986
94	172	1	4.0750556
94	44	2	4.0408564
94	3251	3	3.6974554
94	322	4	3.6373816
94	2125	5	3.553423
94	45	6	3.483543
94	41	7	3.3191795
94	993	8	3.1963127
94	3307	9	2.8718433
94	985	10	2.863173
95	82	1	4.1554294
95	485	2	4.126607
95	213	3	4.0735493
95	304	4	3.9429493
95	1526	5	3.5769658
95	14	6	3.5301037
95	1332	7	3.4829516
95	732	8	3.4615366
95	692	9	3.4406033
95	391	10	3.3655424
96	985	1	3.427103
96	3307	2	3.3725
96	3795	3	3.336806
96	3251	4	3.2547593
96	2217	5	3.0727413
96	914	6	3.053096
96	90	7	2.9577003
96	530	8	2.9458375
96	1511	9	2.8930693
96	277	10	2.8768375
97	485	1	3.7285628
97	2449	2	3.459702
97	1411	3	3.3584242
97	1114	4	3.214441
97	82	5	3.1507134
97	371	6	3.084837
97	3017	7	3.039928
97	945	8	3.0151625
97	732	9	2.9615407
97	1332	10	2.9078019
98	3273	1	4.0825715
98	1341	2	4.07272
98	1112	3	4.038036
98	3781	4	3.8208995
98	4029	5	3.738315
98	172	6	3.5839639
98	44	7	3.5273247
98	510	8	3.511412
98	322	9	3.4950802
98	4020	10	3.3232183
99	485	1	3.6226997
99	73	2	3.5033956
99	82	3	3.4356132
99	213	4	3.2962186
99	3017	5	3.2357795
99	304	6	3.1845112
99	1332	7	3.181617
99	24	8	3.1651359
99	1689	9	3.057683
99	627	10	3.0454602
100	201	1	4.271935
100	728	2	3.9487143
100	63	3	3.947587
100	1466	4	3.9184031
100	123	5	3.8846073
100	672	6	3.8717194
100	82	7	3.8555813
100	1701	8	3.8096142
100	1693	9	3.7960982
100	504	10	3.764841
101	3251	1	4.210205
101	2125	2	3.9712875
101	44	3	3.9018946
101	322	4	3.69883
101	1926	5	3.4453473
101	1139	6	3.3425562
101	41	7	3.2800698
101	147	8	3.2769928
101	993	9	3.269723
101	1083	10	3.266518
102	580	1	3.744712
102	534	2	3.6542468
102	1023	3	3.2017589
102	1011	4	3.0384538
102	123	5	2.936926
102	304	6	2.8424788
102	3017	7	2.7611318
102	945	8	2.7390194
102	204	9	2.738565
102	215	10	2.7194443
103	735	1	5.0791254
103	589	2	5.013047
103	1868	3	5.0034
103	369	4	4.9506826
103	73	5	4.6603365
103	1234	6	4.640541
103	485	7	4.5760956
103	2628	8	4.5295353
103	82	9	4.4649067
103	1697	10	4.4013968
104	1112	1	4.460374
104	1672	2	4.286789
104	1983	3	3.7119155
104	3307	4	3.5043333
104	4021	5	3.4243379
104	860	6	3.4019327
104	389	7	3.1655402
104	914	8	2.9867818
104	2217	9	2.9281902
104	252	10	2.8586125
105	45	1	4.1518583
105	389	2	3.911869
105	993	3	3.8813229
105	985	4	3.4791694
105	3307	5	3.4495125
105	2125	6	3.4138002
105	3251	7	3.404323
105	914	8	3.3338153
105	3795	9	3.2729173
105	2217	10	3.2058141
106	1672	1	4.8477197
106	77	2	4.2948437
106	1983	3	3.880446
106	4021	4	3.7000587
106	993	5	3.5591688
106	860	6	3.368575
106	985	7	3.261238
106	389	8	3.194837
106	2125	9	2.8734186
106	1688	10	2.835875
107	944	1	4.421335
107	1910	2	4.3702717
107	735	3	4.3674846
107	1868	4	4.3226533
107	589	5	4.305423
107	34	6	4.3036127
107	148	7	4.260413
107	913	8	4.063171
107	1234	9	4.0453386
107	1697	10	4.0167594
108	1672	1	4.6342363
108	1112	2	4.572429
108	322	3	4.3424187
108	1983	4	4.1819015
108	45	5	4.092152
108	993	6	3.712727
108	389	7	3.5055356
108	985	8	3.4562583
108	3307	9	3.3539858
108	914	10	3.2400846
110	172	1	4.463029
110	510	2	4.4346614
110	44	3	4.187027
110	1672	4	4.182823
110	80	5	4.0709105
110	322	6	3.7038684
110	3251	7	3.37676
110	45	8	3.3358526
110	41	9	3.2867558
110	3307	10	3.2635891
111	1672	1	5.112792
111	172	2	4.95645
111	44	3	4.946143
111	1112	4	4.863728
111	80	5	4.6868277
111	322	6	4.3933134
111	1983	7	4.2574086
111	4021	8	4.0694733
111	41	9	4.0427804
111	993	10	3.9942362
112	45	1	3.8747692
112	3251	2	3.6126628
112	993	3	3.412335
112	985	4	3.2016335
112	3795	5	3.159239
112	3307	6	3.1067421
112	914	7	2.8466828
112	1926	8	2.8192449
112	1511	9	2.760241
112	530	10	2.7447257
113	304	1	4.0288405
113	2449	2	3.8121376
113	732	3	3.6293974
113	149	4	3.4944751
113	391	5	3.4355216
113	627	6	3.378084
113	1526	7	3.3319018
113	4016	8	3.2876842
113	185	9	3.266165
113	1689	10	3.254067
115	185	1	4.4677258
115	1701	2	4.3873086
115	823	3	4.0541825
115	515	4	4.0466957
115	920	5	3.8510628
115	201	6	3.7744732
115	913	7	3.7453992
115	1411	8	3.62224
115	982	9	3.5538816
115	1313	10	3.5480394
116	1983	1	4.694151
116	389	2	4.0763226
116	3307	3	3.70545
116	2125	4	3.544383
116	3251	5	3.5427651
116	985	6	3.5178614
116	3795	7	3.480704
116	914	8	3.4300175
116	1511	9	3.1237555
116	2217	10	3.117559
117	1341	1	3.9933956
117	3781	2	3.8423088
117	58	3	3.8337536
117	936	4	3.7991643
117	672	5	3.7646768
117	1066	6	3.668633
117	4029	7	3.4989617
117	109	8	3.4988563
117	3456	9	3.4409018
117	770	10	3.399249
118	80	1	4.03407
118	389	2	3.8656363
118	322	3	3.7245128
118	45	4	3.6255817
118	993	5	3.521278
118	985	6	3.3699484
118	3251	7	3.3329053
118	2125	8	3.2522523
118	3307	9	3.0525885
118	1263	10	2.8186808
119	843	1	3.135767
119	1090	2	2.9961205
119	196	3	2.988582
119	1893	4	2.9593887
119	44	5	2.895378
119	1042	6	2.8888378
119	1672	7	2.796515
119	2323	8	2.7752326
119	641	9	2.704475
119	479	10	2.6431966
120	44	1	4.792798
120	80	2	4.636239
120	41	3	4.092581
120	45	4	4.083189
120	993	5	3.9244041
120	2125	6	3.6387029
120	3251	7	3.6206236
120	985	8	3.5977404
120	3795	9	3.3439274
120	3307	10	3.2816968
121	369	1	4.7489643
121	485	2	4.596746
121	73	3	4.4905024
121	82	4	4.408698
121	213	5	4.3114905
121	1411	6	3.9925032
121	24	7	3.9784708
121	580	8	3.9413223
121	732	9	3.691817
121	391	10	3.6417227
123	4021	1	3.451072
123	1341	2	3.3876052
123	3781	3	3.3607292
123	1112	4	3.3046947
123	1359	5	3.1810694
123	44	6	3.1527138
123	993	7	3.0111034
123	1672	8	2.9768057
123	353	9	2.9656205
123	172	10	2.7933102
124	185	1	4.80462
124	1701	2	4.776039
124	1868	3	4.686196
124	1697	4	4.4522896
124	1234	5	4.3999662
124	515	6	4.3997216
124	4	7	4.397463
124	823	8	4.300377
124	913	9	4.158005
124	920	10	4.119383
125	1983	1	4.1567683
125	45	2	4.0671506
125	993	3	3.7653923
125	860	4	3.7455816
125	389	5	3.5321617
125	3795	6	3.317065
125	3307	7	3.2892642
125	914	8	3.2104642
125	985	9	3.149438
125	1511	10	3.0400782
126	1672	1	4.44602
126	914	2	2.918934
126	3307	3	2.842751
126	4021	4	2.6537347
126	530	5	2.5849748
126	860	6	2.531318
126	277	7	2.4824028
126	1263	8	2.4268603
126	1156	9	2.3117824
126	389	10	2.3040063
127	108	1	3.5372024
127	1449	2	3.4895039
127	492	3	3.4448552
127	895	4	3.344912
127	627	5	3.1614609
127	485	6	3.1052425
127	369	7	3.0204334
127	82	8	2.968144
127	73	9	2.9588776
127	676	10	2.894067
128	735	1	4.6481504
128	148	2	4.5208
128	1868	3	4.519702
128	920	4	4.510954
128	1697	5	4.452358
128	201	6	4.414304
128	1234	7	4.314483
128	1011	8	4.3050504
128	1023	9	4.2317915
128	2628	10	4.000109
129	149	1	3.6812015
129	534	2	3.6460652
129	580	3	3.640222
129	1701	4	3.5358443
129	185	5	3.535813
129	823	6	3.356735
129	1693	7	3.2415054
129	515	8	3.2151976
129	4	9	3.1986966
129	4016	10	2.9796898
130	1697	1	5.0321956
130	369	2	4.8155503
130	485	3	4.572882
130	73	4	4.534182
130	82	5	4.409109
130	1648	6	4.38111
130	213	7	4.3773184
130	192	8	4.1848674
130	534	9	4.102026
130	489	10	4.0907617
131	1594	1	5.5602007
131	1341	2	5.2847934
131	3273	3	5.1780567
131	1359	4	4.9493513
131	1112	5	4.8673964
131	3781	6	4.8149195
131	510	7	4.704971
131	1983	8	4.6968174
131	172	9	4.5032415
131	4021	10	4.406302
132	1114	1	3.8646815
132	3072	2	3.8544421
132	43	3	3.60151
132	11	4	3.487242
132	3797	5	3.4513109
132	0	6	3.447747
132	599	7	3.3447056
132	821	8	3.3022618
132	692	9	3.287806
132	200	10	3.2729733
133	1341	1	4.592483
133	3781	2	4.0089617
133	4017	3	3.9966874
133	351	4	3.8074474
133	3929	5	3.7279406
133	479	6	3.7219143
133	597	7	3.6811457
133	1066	8	3.6405678
133	210	9	3.6015956
133	439	10	3.5271719
134	860	1	3.1465945
134	4021	2	3.1261594
134	1983	3	3.1078327
134	277	4	2.9874353
134	985	5	2.7448204
134	1156	6	2.6776772
134	914	7	2.5553432
134	2217	8	2.418378
134	1511	9	2.2881477
134	90	10	2.266366
135	1701	1	3.3419638
135	1693	2	3.047416
135	515	3	2.9412441
135	1006	4	2.9316053
135	1526	5	2.806991
135	201	6	2.7940452
135	1023	7	2.7604175
135	920	8	2.5624413
135	982	9	2.5223918
135	945	10	2.519353
136	1868	1	4.8905916
136	82	2	4.7978077
136	485	3	4.7039614
136	1234	4	4.5737658
136	213	5	4.526475
136	1697	6	4.408133
136	2628	7	4.3712044
136	732	8	4.119893
136	391	9	4.093736
136	192	10	3.8975892
137	672	1	4.567349
137	353	2	4.3251743
137	109	3	4.3019733
137	1091	4	4.126079
137	1341	5	4.125181
137	936	6	4.118985
137	4020	7	4.1070576
137	3273	8	3.9950137
137	1066	9	3.9194484
137	1359	10	3.878414
138	1411	1	4.460033
138	485	2	4.4082603
138	1648	3	4.329367
138	489	4	4.178298
138	82	5	4.1573796
138	192	6	4.107456
138	580	7	4.090438
138	2576	8	3.9233236
138	213	9	3.8784947
138	534	10	3.8609395
140	3273	1	4.635394
140	1341	2	4.5118723
140	1672	3	4.456485
140	1359	4	4.2306895
140	3781	5	4.0933876
140	1112	6	4.054938
140	44	7	3.934929
140	510	8	3.8410463
140	172	9	3.7421
140	80	10	3.6414726
141	1672	1	4.30985
141	1983	2	3.867673
141	44	3	3.7157059
141	510	4	3.6581852
141	1112	5	3.5241065
141	860	6	3.3750176
141	172	7	3.273032
141	80	8	3.2683308
141	389	9	3.2412496
141	3251	10	3.2323089
142	78	1	4.726319
142	242	2	4.70449
142	579	3	4.5084767
142	2093	4	4.4660172
142	4086	5	4.453616
142	944	6	4.4455047
142	231	7	4.3874373
142	622	8	4.3517942
142	589	9	4.3451385
142	2032	10	4.338883
143	1868	1	3.9853356
143	2628	2	3.6272628
143	913	3	3.5625181
143	1023	4	3.441718
143	1011	5	3.3510447
143	1411	6	3.244347
143	1648	7	3.132307
143	184	8	3.107177
143	71	9	3.1039996
143	728	10	3.0821948
144	1983	1	4.223204
144	45	2	3.9601407
144	4021	3	3.7649288
144	860	4	3.7353096
144	993	5	3.7147639
144	389	6	3.6019306
144	985	7	3.5216205
144	2125	8	3.3474731
144	3795	9	3.3349018
144	3307	10	3.2964354
145	1672	1	3.6627378
145	44	2	3.4257965
145	1112	3	3.047656
145	688	4	2.9510894
145	3251	5	2.9358919
145	2125	6	2.829354
145	45	7	2.791042
145	1503	8	2.7369387
145	41	9	2.6924956
145	2217	10	2.6824605
146	82	1	6.01083
146	485	2	5.6581526
146	213	3	5.431918
146	732	4	5.209448
146	391	5	5.2047844
146	1701	6	4.950265
146	185	7	4.9455204
146	1132	8	4.8670697
146	944	9	4.826577
146	149	10	4.812687
147	510	1	4.8034487
147	3781	2	4.6692066
147	1672	3	4.6204257
147	80	4	4.4059772
147	1112	5	4.363705
147	172	6	4.2076764
147	44	7	4.0750084
147	322	8	4.020542
147	45	9	3.5177083
147	41	10	3.507564
148	1672	1	5.075905
148	4020	2	4.0500846
148	1594	3	3.869594
148	985	4	3.5917702
148	77	5	3.3314676
148	277	6	2.8275132
148	1983	7	2.7831125
148	530	8	2.7766492
148	1156	9	2.7464337
148	1263	10	2.6762567
149	1341	1	4.990981
149	3273	2	4.71002
149	1672	3	4.5390162
149	1359	4	4.4243336
149	510	5	4.4021773
149	3781	6	4.372722
149	1112	7	4.333105
149	44	8	4.041522
149	172	9	3.9862387
149	80	10	3.8607585
150	58	1	4.1917624
150	393	2	4.153572
150	1341	3	4.1424513
150	597	4	4.0672197
150	1359	5	4.0292706
150	1091	6	3.9899387
150	3273	7	3.9887621
150	139	8	3.9632134
150	1066	9	3.9006972
150	53	10	3.847178
151	1672	1	3.8780885
151	1983	2	3.6144397
151	3781	3	3.5096483
151	860	4	3.3488936
151	1112	5	3.339531
151	4021	6	3.2330384
151	389	7	3.1694798
151	44	8	3.1291008
151	2125	9	2.9491487
151	45	10	2.6980271
152	1341	1	5.445814
152	4020	2	5.3398943
152	1594	3	5.1060696
152	1672	4	5.095187
152	3781	5	5.0387607
152	510	6	4.947762
152	1112	7	4.9023724
152	44	8	4.7815943
152	77	9	4.765998
152	80	10	4.5352364
153	1868	1	5.5186286
153	11	2	5.4503384
153	0	3	5.392565
153	864	4	5.1516037
153	3072	5	5.1199427
153	622	6	5.0896835
153	2628	7	5.040058
153	238	8	5.0373507
153	231	9	5.031788
153	200	10	4.9945774
154	936	1	4.269714
154	353	2	4.155909
154	1341	3	4.149565
154	1672	4	4.12915
154	4020	5	4.11416
154	1594	6	3.9986067
154	3273	7	3.864342
154	1359	8	3.8426206
154	3781	9	3.816761
154	1112	10	3.7557259
155	44	1	4.3287253
155	389	2	4.2443905
155	3251	3	3.8992162
155	2125	4	3.8645396
155	41	5	3.662553
155	45	6	3.6025805
155	993	7	3.4001503
155	3795	8	3.2961845
155	985	9	3.1660829
155	1926	10	3.1314485
156	2125	1	3.2352066
156	3251	2	3.2054148
156	1263	3	3.0848665
156	3307	4	2.9710798
156	3795	5	2.6130354
156	252	6	2.547483
156	1511	7	2.4956512
156	163	8	2.463691
156	2217	9	2.4465265
156	90	10	2.413942
157	3307	1	3.2883291
157	985	2	3.1934016
157	90	3	3.1026611
157	914	4	3.0661554
157	1983	5	2.9943805
157	277	6	2.772877
157	1511	7	2.7127876
157	252	8	2.6502445
157	4021	9	2.637763
157	860	10	2.5636992
158	454	1	4.9640927
158	680	2	4.7440615
158	686	3	4.720747
158	353	4	4.6365232
158	806	5	4.600569
158	58	6	4.5219417
158	721	7	4.441897
158	791	8	4.425495
158	1066	9	4.345777
158	1091	10	4.295044
159	353	1	4.8579383
159	1066	2	4.4932237
159	1341	3	4.21761
159	1672	4	4.109504
159	1112	5	4.089699
159	3273	6	4.050264
159	510	7	3.8314617
159	798	8	3.762959
159	1359	9	3.6999996
159	734	10	3.615388
160	936	1	5.982246
160	4020	2	5.827939
160	58	3	5.7123046
160	353	4	5.616542
160	1594	5	5.5801687
160	393	6	5.43202
160	1066	7	5.4013233
160	77	8	5.3820667
160	1341	9	5.357361
160	1091	10	5.331585
161	1672	1	4.903955
161	936	2	4.5170856
161	1112	3	4.376358
161	90	4	3.879754
161	4020	5	3.8259888
161	1594	6	3.7919583
161	1511	7	3.6572132
161	3275	8	3.61165
161	993	9	3.6097178
161	985	10	3.3745582
162	149	1	3.5674171
162	1114	2	3.2942681
162	125	3	3.1472692
162	304	4	3.1263793
162	1016	5	2.9849715
162	1693	6	2.905974
162	1701	7	2.8824832
162	2449	8	2.838269
162	945	9	2.826256
162	823	10	2.7851748
163	735	1	4.8747206
163	589	2	4.7049227
163	1868	3	4.6393185
163	34	4	4.6143045
163	515	5	4.6139426
163	823	6	4.453239
163	1697	7	4.452746
163	913	8	4.414697
163	1234	9	4.401379
163	920	10	4.3763895
164	1648	1	3.911377
164	192	2	3.9076781
164	1411	3	3.8658803
164	580	4	3.687463
164	1701	5	3.6752052
164	489	6	3.6644278
164	534	7	3.663353
164	2576	8	3.474514
164	515	9	3.4533808
164	823	10	3.4306684
165	3781	1	4.3386393
165	172	2	4.0411086
165	44	3	3.8204155
165	510	4	3.8171182
165	4020	5	3.5965126
165	322	6	3.593425
165	936	7	3.5455456
165	80	8	3.3950682
165	1594	9	3.247558
165	77	10	3.092955
166	914	1	3.702538
166	985	2	3.4102736
166	3795	3	3.148498
166	1511	4	3.0452414
166	530	5	3.0039444
166	1156	6	3.0037446
166	1263	7	2.9392638
166	688	8	2.919937
166	625	9	2.905293
166	1983	10	2.8770146
167	80	1	4.7114716
167	322	2	4.5072327
167	45	3	4.3002453
167	1983	4	3.9630008
167	985	5	3.7864938
167	4021	6	3.7173288
167	860	7	3.6299155
167	3307	8	3.428745
167	389	9	3.4170008
167	277	10	3.2676883
168	3251	1	4.417422
168	510	2	4.381559
168	1112	3	4.2982693
168	1672	4	4.136697
168	44	5	4.0736036
168	172	6	3.9316576
168	80	7	3.7592711
168	993	8	3.7232747
168	322	9	3.5253427
168	1926	10	3.483256
169	1411	1	3.8613768
169	185	2	3.6710825
169	149	3	3.6061733
169	192	4	3.388186
169	1701	5	3.367892
169	1648	6	3.3347595
169	489	7	3.3019314
169	4	8	3.297813
169	515	9	3.2809458
169	580	10	3.2637815
170	185	1	4.1267624
170	1411	2	4.122718
170	823	3	3.6888103
170	515	4	3.6846037
170	1648	5	3.6831167
170	1693	6	3.6628883
170	192	7	3.6236591
170	920	8	3.4578567
170	489	9	3.4410434
170	913	10	3.4370918
171	369	1	4.354418
171	82	2	4.279445
171	485	3	4.2705736
171	213	4	3.8962286
171	24	5	3.6829913
171	732	6	3.454294
171	391	7	3.3587143
171	149	8	3.3151715
171	3017	9	3.2389798
171	1114	10	3.1982481
172	735	1	4.9620132
172	1868	2	4.7902203
172	1234	3	4.5655947
172	1697	4	4.488865
172	2628	5	4.368398
172	185	6	4.07026
172	1701	7	4.025355
172	1411	8	3.779375
172	515	9	3.757173
172	4	10	3.7408829
173	510	1	4.797955
173	3781	2	4.7723923
173	1672	3	4.7553515
173	1112	4	4.625272
173	172	5	4.4247923
173	44	6	4.306487
173	80	7	4.2677197
173	3251	8	4.202657
173	2125	9	4.0505266
173	322	10	3.902717
174	735	1	5.229141
174	1868	2	5.2108703
174	148	3	5.1538897
174	1910	4	5.1493325
174	1234	5	4.936818
174	2628	6	4.804039
174	1697	7	4.752701
174	1449	8	4.580917
174	895	9	4.553794
174	369	10	4.474128
175	672	1	5.2666726
175	172	2	4.900549
175	936	3	4.822935
175	109	4	4.7485504
175	4029	5	4.6963167
175	80	6	4.672494
175	1672	7	4.475643
175	322	8	4.4068146
175	44	9	4.347578
175	1594	10	4.250356
176	172	1	4.303982
176	44	2	4.2146745
176	80	3	4.190377
176	322	4	4.0862627
176	41	5	3.5110548
176	45	6	3.4430904
176	993	7	3.3607328
176	985	8	3.1731248
176	1139	9	2.8764791
176	1926	10	2.8725147
177	1983	1	4.0821886
177	4021	2	3.7298489
177	860	3	3.6984882
177	389	4	3.611006
177	985	5	3.4145637
177	914	6	3.413374
177	2217	7	3.3727474
177	2125	8	3.1102872
177	90	9	3.0520234
177	688	10	2.9937897
178	77	1	4.8796034
178	1672	2	4.8793173
178	1112	3	4.5693045
178	44	4	4.418851
178	1983	5	4.3961067
178	80	6	4.0703073
178	860	7	3.9738803
178	4021	8	3.9577007
178	389	9	3.8401375
178	41	10	3.6742911
179	44	1	4.473919
179	45	2	3.8587093
179	993	3	3.702735
179	41	4	3.6255777
179	3251	5	3.4233165
179	2125	6	3.3878527
179	3795	7	3.2853937
179	985	8	3.2803512
179	3307	9	3.0411165
179	914	10	2.9348183
181	1672	1	3.936808
181	77	2	3.2751374
181	1983	3	3.082197
181	45	4	2.7643378
181	1263	5	2.646561
181	252	6	2.5777338
181	860	7	2.409767
181	389	8	2.2755592
181	993	9	2.2441282
181	914	10	2.1583328
182	735	1	4.8644476
182	82	2	4.754476
182	1910	3	4.7135887
182	1868	4	4.713443
182	73	5	4.7005987
182	485	6	4.6875806
182	148	7	4.65024
182	213	8	4.459009
182	1697	9	4.326316
182	2628	10	4.2729206
183	304	1	3.752873
183	2449	2	3.622423
183	369	3	3.4578872
183	108	4	3.440802
183	1449	5	3.3635805
183	622	6	3.3460627
183	3801	7	3.150123
183	1526	8	3.133594
183	1964	9	3.0682654
183	73	10	3.057849
184	1112	1	3.147007
184	510	2	3.032929
184	44	3	3.0328026
184	2031	4	3.0024953
184	1926	5	2.9958792
184	1672	6	2.9548762
184	1083	7	2.939168
184	80	8	2.8701806
184	141	9	2.7565327
184	147	10	2.6952195
185	1594	1	4.690759
185	1983	2	3.7234492
185	860	3	3.627937
185	4021	4	3.4603071
185	389	5	3.3095984
185	1263	6	2.975853
185	1406	7	2.7201815
185	252	8	2.6973157
185	3251	9	2.6233892
185	2125	10	2.5888915
186	485	1	5.2095137
186	732	2	4.3908415
186	391	3	4.2334886
186	149	4	4.114669
186	580	5	4.079899
186	185	6	4.0469885
186	1701	7	4.019946
186	4	8	3.7324624
186	515	9	3.6471171
186	823	10	3.5918396
187	985	1	3.3400888
187	914	2	3.3231597
187	2217	3	3.166984
187	3307	4	3.1277514
187	90	5	3.0439568
187	688	6	2.9004354
187	1511	7	2.8059244
187	1983	8	2.7350035
187	3275	9	2.6311307
187	1406	10	2.615496
188	1983	1	4.9177275
188	4021	2	4.612232
188	389	3	4.341017
188	3251	4	3.848222
188	2125	5	3.768292
188	985	6	3.5479684
188	3795	7	3.0966582
188	530	8	3.049602
188	252	9	2.9903722
188	1263	10	2.9799635
189	1411	1	3.357435
189	1023	2	3.09088
189	1648	3	3.075664
189	192	4	3.0497227
189	489	5	3.037043
189	2576	6	2.858397
189	580	7	2.8512092
189	1114	8	2.798441
189	123	9	2.7942014
189	534	10	2.7732716
190	580	1	3.7246494
190	192	2	3.6027822
190	920	3	3.121693
190	201	4	3.036547
190	913	5	2.9017565
190	1011	6	2.8303292
190	1023	7	2.7949889
190	184	8	2.785963
190	692	9	2.7497017
190	1016	10	2.6937194
191	80	1	4.7161546
191	322	2	4.3978662
191	45	3	4.038476
191	993	4	3.912277
191	2125	5	3.5091276
191	3251	6	3.4757018
191	3307	7	3.207647
191	1263	8	3.0770018
191	530	9	3.0586302
191	277	10	2.964306
192	439	1	4.272066
192	168	2	3.656015
192	4029	3	3.4753032
192	82	4	3.4165742
192	81	5	3.3800864
192	330	6	3.3701239
192	672	7	3.3631206
192	3075	8	3.358137
192	109	9	3.3550231
192	1693	10	3.345
193	485	1	3.3304133
193	2449	2	3.2117245
193	73	3	3.206098
193	82	4	3.1345859
193	1016	5	3.1193395
193	3017	6	3.0788062
193	371	7	3.0753036
193	213	8	3.0202975
193	304	9	2.93074
193	1919	10	2.9004025
194	936	1	4.7812734
194	109	2	4.361984
194	1672	3	4.1918983
194	1112	4	4.1253214
194	1594	5	4.0949264
194	4020	6	3.826483
194	993	7	3.7492812
194	77	8	3.4651637
194	2503	9	3.384399
194	1042	10	3.298708
196	1341	1	3.9605446
196	4020	2	3.7848618
196	77	3	3.647634
196	1983	4	3.367186
196	1066	5	3.3488884
196	1359	6	3.3397431
196	4021	7	3.317093
196	3781	8	3.2899003
196	510	9	3.22193
196	389	10	3.1030705
198	1341	1	5.398546
198	1672	2	5.01151
198	1359	3	4.9390507
198	510	4	4.8593574
198	3781	5	4.8403807
198	1112	6	4.5121984
198	172	7	4.454484
198	44	8	4.428213
198	389	9	4.352084
198	80	10	4.2810383
199	1449	1	3.637057
199	622	2	3.6327808
199	485	3	3.1446624
199	213	4	3.1062322
199	73	5	3.0257685
199	304	6	2.9941044
199	2449	7	2.7532103
199	125	8	2.7314787
199	1114	9	2.6865373
199	381	10	2.6745262
200	936	1	3.8232932
200	109	2	3.297921
200	4020	3	2.902923
200	2101	4	2.8458204
200	943	5	2.8264832
200	1594	6	2.7146811
200	704	7	2.6496487
200	2656	8	2.527777
200	77	9	2.5201538
200	1090	10	2.4907932
201	622	1	3.9915202
201	304	2	3.4224665
201	369	3	3.4178982
201	692	4	3.140352
201	1332	5	3.022699
201	73	6	2.9688013
201	381	7	2.9129364
201	485	8	2.9121525
201	2145	9	2.7722561
201	337	10	2.7346687
202	936	1	4.159383
202	985	2	3.9083695
202	4020	3	3.6656547
202	1594	4	3.4693756
202	77	5	3.1075056
202	3795	6	3.03583
202	3275	7	2.7353663
202	530	8	2.7153566
202	2503	9	2.6369777
202	1831	10	2.5085495
203	1672	1	5.1606903
203	1983	2	3.888162
203	860	3	3.4771943
203	4021	4	3.4667668
203	389	5	3.22875
203	2503	6	3.0290656
203	530	7	3.015929
203	1263	8	3.001602
203	2125	9	2.7994893
203	571	10	2.746603
204	1672	1	4.0404477
204	1112	2	3.5350592
204	993	3	3.4539928
204	77	4	3.0905905
204	156	5	2.9637861
204	1983	6	2.7702534
204	4021	7	2.6703985
204	1928	8	2.550418
204	1095	9	2.5068374
204	2681	10	2.4947062
205	3781	1	4.7970037
205	510	2	4.7839584
205	1672	3	4.765257
205	172	4	4.6364603
205	1112	5	4.5611258
205	44	6	4.556049
205	80	7	4.2116203
205	322	8	3.9862144
205	1983	9	3.9081602
205	45	10	3.8913202
206	44	1	3.7660382
206	41	2	3.2530482
206	1134	3	3.131281
206	45	4	3.0101337
206	389	5	3.0094864
206	993	6	2.9817758
206	985	7	2.818078
206	2125	8	2.679523
206	163	9	2.6486378
206	277	10	2.506631
207	1672	1	3.9574943
207	1112	2	3.938379
207	510	3	3.8862538
207	3781	4	3.8425937
207	44	5	3.6642148
207	172	6	3.4613085
207	80	7	3.3897896
207	322	8	3.1414132
207	1083	9	3.0087695
207	147	10	3.0049896
209	44	1	3.208877
209	1672	2	3.1934316
209	4021	3	3.1504023
209	3781	4	3.1487596
209	1854	5	3.1128867
209	80	6	2.9239762
209	172	7	2.894868
209	322	8	2.8477175
209	1406	9	2.704607
209	1112	10	2.7005732
210	1672	1	5.08445
210	44	2	4.8815126
210	80	3	4.7561765
210	322	4	4.48226
210	45	5	4.145915
210	41	6	4.068307
210	1983	7	4.0467143
210	993	8	3.9340677
210	3307	9	3.8044515
210	4021	10	3.7316504
211	1644	1	3.4610229
211	2503	2	3.3766263
211	992	3	3.3434868
211	1087	4	3.227541
211	634	5	3.1498976
211	3275	6	3.1331477
211	3396	7	3.0319395
211	1636	8	2.96274
211	663	9	2.844331
211	3838	10	2.8434153
212	322	1	4.119853
212	1983	2	4.095298
212	4021	3	3.8658032
212	45	4	3.788531
212	860	5	3.7083788
212	993	6	3.5953615
212	389	7	3.5949988
212	2125	8	3.1066575
212	3307	9	3.0939012
212	3251	10	3.066036
213	732	1	3.5567245
213	391	2	3.4970546
213	149	3	3.3450136
213	185	4	3.1676793
213	1701	5	3.0680437
213	945	6	3.0512748
213	4016	7	3.0468488
213	4	8	3.0430984
213	3017	9	3.0183
213	1114	10	2.988988
214	1648	1	4.282857
214	489	2	3.9865484
214	580	3	3.906887
214	2576	4	3.8991883
214	1114	5	3.302716
214	1701	6	3.2379017
214	4	7	3.2102485
214	515	8	3.173243
214	1689	9	3.1730156
214	945	10	3.1620789
215	439	1	5.0980167
215	1341	2	4.7752924
215	672	3	4.677397
215	1066	4	4.666198
215	3781	5	4.528408
215	1359	6	4.3022404
215	1112	7	4.2866564
215	4029	8	4.199134
215	353	9	4.0397387
215	172	10	3.8531528
216	1983	1	4.6220207
216	4021	2	4.344122
216	860	3	4.1998715
216	45	4	4.0693955
216	389	5	3.9642532
216	993	6	3.6881151
216	2125	7	3.5654206
216	985	8	3.5437567
216	3251	9	3.5137715
216	3307	10	3.2470508
217	1983	1	4.4729834
217	4021	2	4.2225437
217	860	3	4.133376
217	389	4	3.946652
217	993	5	3.8682225
217	3251	6	3.5348208
217	2125	7	3.4757543
217	985	8	3.4308715
217	3795	9	3.1969829
217	3307	10	3.1843927
218	1594	1	2.9391274
218	4020	2	2.9141374
218	1511	3	2.7771578
218	2094	4	2.584383
218	77	5	2.450235
218	704	6	2.4180565
218	848	7	2.395835
218	1636	8	2.3764164
218	1831	9	2.3539941
218	96	10	2.3458912
219	353	1	4.4646273
219	3273	2	4.1865287
219	1091	3	4.141301
219	1341	4	4.1389065
219	1672	5	3.9189172
219	510	6	3.786428
219	1359	7	3.7339962
219	1112	8	3.5970325
219	3781	9	3.5725615
219	172	10	3.3943706
220	1672	1	5.2317696
220	77	2	4.264166
220	1983	3	3.6585221
220	277	4	3.2530828
220	4021	5	3.2309127
220	530	6	3.1692996
220	860	7	3.113967
220	677	8	2.9519439
220	2503	9	2.92778
220	389	10	2.8804226
221	45	1	3.072934
221	914	2	3.020554
221	1112	3	2.9722393
221	1672	4	2.8879533
221	587	5	2.4135895
221	1511	6	2.3527293
221	411	7	2.3192239
221	688	8	2.2623806
221	90	9	2.2585049
221	789	10	2.2450953
223	82	1	4.660613
223	485	2	4.4708576
223	213	3	4.4459505
223	732	4	4.010922
223	580	5	3.9390209
223	391	6	3.9000773
223	1411	7	3.8228016
223	534	8	3.745863
223	149	9	3.7388124
223	185	10	3.585722
224	589	1	4.4170437
224	735	2	4.396143
224	1868	3	4.3637033
224	34	4	4.351407
224	148	5	4.2729483
224	1234	6	4.2487273
224	391	7	4.1209774
224	732	8	4.0720596
224	1697	9	4.008417
224	2628	10	4.006747
225	80	1	4.218669
225	1672	2	4.1018906
225	172	3	4.0906916
225	1112	4	4.0693173
225	44	5	4.065808
225	322	6	3.6699808
225	993	7	3.5204706
225	948	8	3.465265
225	147	9	3.4152317
225	41	10	3.2698245
226	734	1	3.4026465
226	1761	2	3.264781
226	372	3	3.218769
226	1277	4	3.2070374
226	3251	5	3.1774921
226	1071	6	3.1023326
226	798	7	3.071833
226	1115	8	3.0518367
226	456	9	2.9696553
226	579	10	2.948885
227	45	1	4.3135114
227	993	2	4.0515285
227	985	3	3.8019948
227	3251	4	3.4769266
227	3795	5	3.4525936
227	3307	6	3.4167361
227	914	7	3.1287537
227	530	8	3.0640273
227	2217	9	3.0407896
227	90	10	2.9786448
228	4029	1	3.47586
228	4020	2	3.4224246
228	3781	3	3.3291411
228	1066	4	3.3198252
228	1090	5	3.1698313
228	1111	6	2.9458954
228	2217	7	2.8712459
228	4021	8	2.8111458
228	1087	9	2.7807026
228	77	10	2.7801008
229	920	1	2.9895325
229	913	2	2.705583
229	371	3	2.5945873
229	1023	4	2.5873187
229	3017	5	2.55974
229	1114	6	2.5104861
229	1843	7	2.4595978
229	2449	8	2.4459565
229	558	9	2.397495
229	379	10	2.3859632
230	735	1	4.7008753
230	589	2	4.656588
230	185	3	4.62378
230	1868	4	4.5536256
230	1701	5	4.509694
230	1697	6	4.284195
230	515	7	4.2343154
230	1693	8	4.2214475
230	4	9	4.148963
230	2628	10	4.075511
231	3074	1	3.8200264
231	3430	2	3.3789854
231	168	3	3.316976
231	4373	4	3.1834657
231	672	5	3.155148
231	4029	6	3.125782
231	4017	7	3.1023335
231	330	8	3.0229053
231	412	9	2.9903572
231	71	10	2.9637566
232	4021	1	3.849297
232	3307	2	3.619796
232	914	3	3.3566232
232	985	4	3.2724082
232	1511	5	3.0724418
232	90	6	3.0493104
232	2217	7	3.0230484
232	3795	8	3.01373
232	530	9	3.006604
232	252	10	2.9798956
233	1672	1	4.5500226
233	985	2	3.2013078
233	1156	3	2.6605182
233	1263	4	2.646887
233	1983	5	2.646317
233	2503	6	2.5724616
233	860	7	2.5118566
233	1406	8	2.4775534
233	100	9	2.404851
233	1893	10	2.37753
234	1672	1	3.9467165
234	1341	2	3.84157
234	1112	3	3.6964407
234	1926	4	3.5865407
234	3781	5	3.561246
234	147	6	3.4800444
234	1359	7	3.4273067
234	44	8	3.3170903
234	510	9	3.2889585
234	405	10	3.2048202
235	510	1	4.5865793
235	1112	2	4.561198
235	3781	3	4.513199
235	172	4	4.511759
235	44	5	4.4312487
235	80	6	4.1318507
235	322	7	4.0270844
235	3251	8	3.8837347
235	45	9	3.7834556
235	41	10	3.6940422
236	45	1	3.364163
236	3307	2	3.0047727
236	389	3	2.7036347
236	985	4	2.6318069
236	3795	5	2.544673
236	1406	6	2.4122615
236	914	7	2.3602142
236	2217	8	2.3433206
236	1511	9	2.2819138
236	90	10	2.27649
237	322	1	3.85084
237	993	2	3.6867218
237	389	3	3.6757586
237	45	4	3.6470428
237	985	5	3.321782
237	3251	6	3.2334566
237	2125	7	3.1800363
237	530	8	2.8499165
237	1263	9	2.828542
237	3307	10	2.7983172
238	1672	1	4.7588396
238	44	2	4.539199
238	80	3	4.3479323
238	1983	4	4.208043
238	322	5	4.1599784
238	4021	6	3.986959
238	860	7	3.8578205
238	45	8	3.8369884
238	41	9	3.812155
238	389	10	3.7069972
239	3251	1	3.333004
239	45	2	3.1699715
239	3795	3	3.07752
239	993	4	3.0098476
239	985	5	2.9276717
239	1139	6	2.5962427
239	1926	7	2.5587466
239	530	8	2.3816192
239	1511	9	2.3146787
239	1406	10	2.3114736
240	108	1	2.8842297
240	185	2	2.632401
240	333	3	2.5932527
240	732	4	2.5872202
240	2110	5	2.5428796
240	49	6	2.520609
240	485	7	2.4902372
240	823	8	2.4639664
240	53	9	2.461536
240	224	10	2.4406478
241	77	1	2.5845766
241	4020	2	2.4691622
241	1983	3	2.294455
241	318	4	2.2657533
241	860	5	2.0930343
241	704	6	1.9812386
241	248	7	1.9140589
241	1134	8	1.8967334
241	2656	9	1.8024949
241	96	10	1.7580237
242	172	1	4.335638
242	44	2	4.2695346
242	80	3	4.2351427
242	322	4	3.896354
242	41	5	3.5712752
242	993	6	3.515864
242	45	7	3.48277
242	1083	8	3.332584
242	147	9	3.3319168
242	1854	10	3.199913
243	1983	1	3.2286327
243	3307	2	3.20515
243	4021	3	2.9896288
243	860	4	2.9562519
243	914	5	2.9541807
243	90	6	2.8517265
243	389	7	2.7589884
243	1406	8	2.673886
243	1511	9	2.5763416
243	2217	10	2.5105724
245	860	1	3.4496562
245	4021	2	3.1483345
245	1263	3	3.0228026
245	389	4	2.9999957
245	90	5	2.8973784
245	2217	6	2.89542
245	914	7	2.8583956
245	530	8	2.7834291
245	252	9	2.6774094
245	2125	10	2.6296964
246	3781	1	5.0240726
246	510	2	4.7015953
246	1112	3	4.6573496
246	172	4	4.6028304
246	80	5	4.326524
246	322	6	4.1922464
246	1983	7	4.0155706
246	41	8	3.8592224
246	45	9	3.8204157
246	389	10	3.6070707
247	389	1	3.141681
247	985	2	2.8916209
247	3307	3	2.740147
247	3251	4	2.6785645
247	530	5	2.6300395
247	2125	6	2.6245947
247	277	7	2.4508905
247	1263	8	2.3569374
247	1511	9	2.2621999
247	3795	10	2.2508194
248	735	1	4.822966
248	1868	2	4.5623016
248	1234	3	4.283856
248	2628	4	4.1521425
248	1411	5	3.7936814
248	192	6	3.6703486
248	1648	7	3.5267649
248	1693	8	3.432546
248	489	9	3.4119616
248	823	10	3.360283
249	172	1	4.5554266
249	80	2	4.443053
249	322	3	4.1555614
249	45	4	3.8769822
249	985	5	3.5315337
249	3307	6	3.1786983
249	530	7	2.8933856
249	277	8	2.8498893
249	1406	9	2.8050756
249	1263	10	2.7468486
250	985	1	3.187078
250	3307	2	2.8120918
250	1263	3	2.6262512
250	90	4	2.5779853
250	914	5	2.5722842
250	530	6	2.5103698
250	1511	7	2.4923053
250	1156	8	2.465621
250	277	9	2.3962312
250	3795	10	2.3688874
251	4021	1	3.365716
251	389	2	3.2045918
251	2125	3	2.882098
251	3251	4	2.8162107
251	1156	5	2.6249342
251	2217	6	2.5105555
251	1511	7	2.4263234
251	90	8	2.3829288
251	3795	9	2.2931442
251	1263	10	2.2567816
252	391	1	4.1196632
252	185	2	3.6460543
252	149	3	3.601879
252	304	4	3.4275584
252	1693	5	3.2671576
252	4	6	3.2376285
252	515	7	3.1458402
252	920	8	3.109325
252	204	9	3.0939226
252	558	10	3.0497298
253	80	1	4.798531
253	44	2	4.7971296
253	322	3	4.630431
253	45	4	4.2064285
253	41	5	4.0532746
253	993	6	3.942432
253	3307	7	3.4953055
253	985	8	3.474599
253	3795	9	3.3524194
253	2125	10	3.2256508
254	172	1	4.3295736
254	44	2	4.2950206
254	322	3	4.0022182
254	3251	4	3.933909
254	2125	5	3.8336241
254	41	6	3.553172
254	45	7	3.5327845
254	993	8	3.4334378
254	1926	9	3.2149975
254	985	10	3.1266496
256	353	1	5.0236
256	1341	2	4.7225356
256	3273	3	4.5598946
256	1672	4	4.493007
256	1359	5	4.4293394
256	3781	6	4.372972
256	1112	7	4.3435607
256	510	8	4.3069134
256	44	9	4.194149
256	172	10	4.1330757
257	456	1	4.950836
257	3074	2	4.555949
257	439	3	4.444086
257	73	4	4.233438
257	201	5	3.985985
257	168	6	3.9440355
257	4017	7	3.8676248
257	431	8	3.7442741
257	564	9	3.7130067
257	4029	10	3.7070785
258	1672	1	3.45611
258	510	2	3.3286822
258	3781	3	3.2747245
258	1112	4	3.2627087
258	44	5	2.8242571
258	322	6	2.7771583
258	45	7	2.6722214
258	993	8	2.6674552
258	1983	9	2.6520343
258	252	10	2.5435028
259	172	1	3.6711965
259	80	2	3.5300186
259	322	3	3.150977
259	993	4	3.1138282
259	1139	5	2.9886503
259	1083	6	2.982505
259	147	7	2.976183
259	45	8	2.9610848
259	1854	9	2.778306
259	798	10	2.6064425
261	77	1	4.6747594
261	1112	2	4.6301813
261	1983	3	4.2173705
261	860	4	3.8549414
261	993	5	3.7805214
261	4021	6	3.7697678
261	389	7	3.5818667
261	3307	8	3.498153
261	985	9	3.4299486
261	3795	10	3.3563275
262	1234	1	3.809655
262	735	2	3.7655747
262	1411	3	2.9306145
262	807	4	2.9021778
262	614	5	2.7764602
262	539	6	2.7496524
262	1648	7	2.7463841
262	580	8	2.7349744
262	353	9	2.6746633
262	489	10	2.6272454
263	601	1	4.865281
263	2093	2	4.810671
263	2032	3	4.758031
263	1132	4	4.6135726
263	735	5	4.560279
263	944	6	4.5149217
263	589	7	4.489628
263	148	8	4.4786477
263	1910	9	4.4407716
263	920	10	4.395206
264	4021	1	4.6583023
264	860	2	4.4192114
264	389	3	4.292952
264	45	4	3.9560938
264	3251	5	3.8644087
264	2125	6	3.7442636
264	993	7	3.6863093
264	3307	8	3.3216798
264	3795	9	3.0341318
264	1926	10	3.0161514
265	735	1	3.5946164
265	589	2	3.5906477
265	1868	3	3.528754
265	1234	4	3.4211285
265	148	5	3.420134
265	34	6	3.342533
265	823	7	3.336697
265	1011	8	3.2365587
265	1023	9	3.1659613
265	920	10	3.036467
266	80	1	4.2843595
266	1672	2	4.233901
266	44	3	4.1064453
266	172	4	3.9444232
266	322	5	3.8432307
266	41	6	3.3771453
266	993	7	3.2646751
266	654	8	3.2621598
266	45	9	3.2132044
266	734	10	3.1960068
267	77	1	3.716843
267	2217	2	3.237681
267	688	3	3.1100123
267	1983	4	3.1039267
267	4021	5	3.0686142
267	3307	6	3.0531657
267	860	7	2.946145
267	90	8	2.919171
267	1688	9	2.8183982
267	389	10	2.7013874
268	80	1	4.4151564
268	3251	2	4.164302
268	2125	3	3.964154
268	985	4	3.4693074
268	3307	5	3.2431653
268	1926	6	3.2373137
268	1139	7	3.1422102
268	1083	8	3.0187154
268	1854	9	2.9644399
268	147	10	2.9394069
269	322	1	4.035423
269	45	2	3.847559
269	985	3	3.5264087
269	3251	4	3.4715273
269	2125	5	3.3466198
269	3307	6	3.1596866
269	530	7	3.0381122
269	277	8	2.9187407
269	1263	9	2.9094439
269	252	10	2.8134012
270	1983	1	3.6998386
270	860	2	3.4190457
270	4021	3	3.4074862
270	389	4	3.163062
270	985	5	3.0408282
270	3307	6	2.9890754
270	2125	7	2.8701687
270	914	8	2.8384216
270	3251	9	2.7445498
270	3795	10	2.685832
271	80	1	3.2982328
271	860	2	3.2943769
271	389	3	2.985607
271	993	4	2.7450678
271	4021	5	2.7166805
271	2125	6	2.6829448
271	44	7	2.672833
271	41	8	2.5026946
271	1156	9	2.3279324
271	2217	10	2.3067513
272	44	1	4.486286
272	41	2	3.728231
272	45	3	3.7189903
272	993	4	3.636827
272	3307	5	3.1714087
272	985	6	3.1012354
272	914	7	3.0656054
272	3795	8	3.0002174
272	3251	9	2.8355653
272	2217	10	2.832436
273	1341	1	4.213047
273	1672	2	4.1264772
273	1359	3	4.03956
273	3273	4	3.9832492
273	510	5	3.9457207
273	3781	6	3.720034
273	1112	7	3.6569054
273	44	8	3.5229745
273	80	9	3.4348686
273	172	10	3.3776174
274	510	1	5.0542316
274	44	2	4.843267
274	172	3	4.8101034
274	80	4	4.4050894
274	322	5	4.304306
274	1983	6	4.1062603
274	41	7	4.0998096
274	45	8	3.9264948
274	993	9	3.9108155
274	860	10	3.7161448
275	1672	1	4.2587285
275	172	2	4.1366153
275	80	3	4.133692
275	1112	4	4.082822
275	322	5	3.9526677
275	1983	6	3.63386
275	860	7	3.23271
275	993	8	3.2239456
275	389	9	3.1402566
275	45	10	3.1164865
276	44	1	4.6966534
276	45	2	3.9828773
276	41	3	3.8996139
276	3251	4	3.8246787
276	993	5	3.75032
276	2125	6	3.7044969
276	3307	7	3.4306605
276	985	8	3.3718243
276	914	9	3.027735
276	252	10	2.9805584
277	456	1	4.4838047
277	242	2	4.468255
277	231	3	4.166931
277	3074	4	4.109022
277	95	5	4.0277796
277	622	6	4.012741
277	439	7	3.9755476
277	485	8	3.9416826
277	597	9	3.9160132
277	3430	10	3.8922768
278	44	1	4.1543474
278	172	2	3.943001
278	1983	3	3.8711276
278	80	4	3.6365104
278	860	5	3.6263008
278	41	6	3.6129665
278	322	7	3.6011105
278	389	8	3.5546913
278	4021	9	3.549762
278	985	10	3.2905536
279	1672	1	4.2791824
279	44	2	4.141303
279	1112	3	3.9669065
279	45	4	3.8677661
279	1983	5	3.5256014
279	41	6	3.4919317
279	993	7	3.340613
279	2503	8	3.224596
279	860	9	3.1175065
279	571	10	3.0653586
280	108	1	2.6824574
280	597	2	2.5837948
280	369	3	2.5400124
280	185	4	2.4142282
280	3307	5	2.4139562
280	2110	6	2.3759704
280	732	7	2.3653839
280	231	8	2.3587723
280	123	9	2.3426528
280	49	10	2.3197932
281	489	1	3.8318965
281	391	2	3.7995653
281	732	3	3.7883372
281	580	4	3.736695
281	149	5	3.6940374
281	534	6	3.691556
281	2576	7	3.573659
281	185	8	3.5370944
281	1701	9	3.4742267
281	4	10	3.328028
282	80	1	4.2432237
282	322	2	4.1028824
282	45	3	3.885977
282	1983	4	3.5775826
282	860	5	3.39217
282	3307	6	3.2919047
282	4021	7	3.2888966
282	389	8	3.1475773
282	2217	9	2.80501
282	90	10	2.6930103
284	1983	1	3.6512632
284	4021	2	3.4256394
284	860	3	3.3419867
284	90	4	3.1172597
284	389	5	3.058657
284	914	6	2.9967666
284	1511	7	2.7769213
284	1156	8	2.6370466
284	3795	9	2.5817735
284	2125	10	2.4976127
286	44	1	4.229935
286	3251	2	4.062168
286	2125	3	3.9555867
286	322	4	3.9038868
286	41	5	3.5860496
286	45	6	3.4538825
286	993	7	3.3607705
286	1926	8	3.1958401
286	985	9	3.1624742
286	1139	10	3.1421542
287	45	1	3.3742003
287	4020	2	3.2406626
287	109	3	3.1257296
287	1672	4	3.1032681
287	44	5	2.9835916
287	4021	6	2.6318388
287	41	7	2.6121597
287	1103	8	2.4820423
287	77	9	2.463046
287	2007	10	2.3892746
288	1672	1	4.4923797
288	80	2	4.3007636
288	41	3	3.9485116
288	45	4	3.754284
288	993	5	3.6663961
288	77	6	3.2683766
288	2217	7	3.0925636
288	90	8	2.9625237
288	3307	9	2.9038787
288	914	10	2.8222494
289	1983	1	3.6959047
289	4021	2	3.4126878
289	45	3	3.3925402
289	389	4	3.187057
289	985	5	3.0659425
289	3795	6	2.806604
289	2125	7	2.7795856
289	3251	8	2.683476
289	3307	9	2.59767
289	2217	10	2.5044265
290	77	1	4.252727
290	1983	2	3.7696993
290	45	3	3.668722
290	4021	4	3.5462868
290	993	5	3.493165
290	860	6	3.4819708
290	389	7	3.3202825
290	985	8	3.0662334
290	3251	9	2.7873547
290	3795	10	2.7853262
291	80	1	4.3936977
291	1672	2	4.3932962
291	322	3	4.085113
291	1983	4	3.3268232
291	985	5	3.1932929
291	4021	6	3.1822991
291	914	7	3.110484
291	860	8	3.0962644
291	90	9	3.064521
291	530	10	2.9859657
292	58	1	5.2660275
292	672	2	5.1550064
292	1091	3	5.0317245
292	1066	4	4.96983
292	1672	5	4.943138
292	1341	6	4.9048915
292	3273	7	4.740585
292	4029	8	4.7390637
292	353	9	4.7087784
292	1359	10	4.546686
293	1341	1	4.8590994
293	672	2	4.657857
293	1672	3	4.574795
293	3273	4	4.5651417
293	3781	5	4.554622
293	353	6	4.4697814
293	1359	7	4.4372835
293	1112	8	4.1983614
293	4029	9	4.1677094
293	172	10	4.080278
294	993	1	3.619081
294	3307	2	3.5625362
294	985	3	3.4684262
294	3795	4	3.4196405
294	1406	5	3.4160006
294	2217	6	3.4143417
294	914	7	3.3148532
294	1983	8	3.2593176
294	90	9	3.2129486
294	1511	10	3.1162376
295	45	1	3.304803
295	455	2	3.2467728
295	2036	3	3.1949046
295	1672	4	3.151395
295	2049	5	2.9578288
295	1148	6	2.9237385
295	389	7	2.814183
295	1112	8	2.7935157
295	3251	9	2.7746596
295	1103	10	2.7405806
296	108	1	4.1512346
296	622	2	4.073567
296	1449	3	4.0507493
296	492	4	3.9668188
296	238	5	3.7039986
296	895	6	3.6241252
296	369	7	3.5777576
296	1114	8	3.570889
296	14	9	3.5147212
296	73	10	3.3220408
297	580	1	3.9255571
297	1114	2	3.1545935
297	823	3	3.1292925
297	1689	4	3.0847769
297	945	5	2.9602346
297	3017	6	2.9221492
297	14	7	2.9170947
297	2449	8	2.91411
297	920	9	2.9130738
297	201	10	2.858324
299	1983	1	4.179799
299	4021	2	3.8079062
299	860	3	3.7714157
299	389	4	3.561746
299	2125	5	3.465973
299	3251	6	3.28776
299	993	7	3.1143436
299	985	8	2.9030771
299	3307	9	2.880969
299	1926	10	2.603913
300	1697	1	3.9970627
300	580	2	3.9484234
300	534	3	3.681568
300	489	4	3.5354195
300	485	5	3.1533532
300	3017	6	3.1300452
300	1114	7	2.9828696
300	304	8	2.9770863
300	125	9	2.9622517
300	14	10	2.9272585
301	1672	1	4.7457714
301	2217	2	3.5539327
301	1511	3	3.5453765
301	530	4	2.8889713
301	625	5	2.7904334
301	4021	6	2.6382484
301	3275	7	2.5841537
301	2503	8	2.5507596
301	389	9	2.5354428
301	937	10	2.5243657
302	148	1	5.053359
302	735	2	5.0207205
302	589	3	4.931444
302	34	4	4.695627
302	1697	5	4.505168
302	391	6	4.4828053
302	1234	7	4.4774885
302	732	8	4.39063
302	2628	9	4.342369
302	1701	10	4.116005
303	1594	1	3.8841214
303	77	2	3.6427183
303	1359	3	3.499401
303	1672	4	3.4374876
303	1341	5	3.3957787
303	1983	6	3.323964
303	4021	7	3.2860265
303	44	8	3.2088697
303	510	9	3.122476
303	1112	10	3.109973
304	1112	1	3.820993
304	45	2	3.533452
304	993	3	3.2009087
304	1983	4	3.0523458
304	3307	5	2.865501
304	860	6	2.5294836
304	530	7	2.5228677
304	1263	8	2.5176482
304	389	9	2.5063133
304	985	10	2.4227371
305	44	1	3.9772372
305	1112	2	3.9156964
305	1672	3	3.8902864
305	172	4	3.774618
305	80	5	3.6337914
305	322	6	3.3251758
305	993	7	3.3025532
305	41	8	3.2603211
305	45	9	3.187469
305	985	10	2.6487293
306	1672	1	4.103287
306	993	2	3.8948274
306	672	3	3.699408
306	1112	4	3.6516545
306	936	5	3.4910607
306	1111	6	3.3931494
306	1503	7	3.3774848
306	985	8	3.2808309
306	1030	9	3.172739
306	995	10	3.1023703
307	369	1	4.332714
307	735	2	4.3180437
307	1234	3	4.187788
307	73	4	4.059797
307	485	5	3.9406621
307	82	6	3.877617
307	2628	7	3.8576636
307	24	8	3.8112683
307	1697	9	3.7834468
307	213	10	3.7424788
308	44	1	3.48656
308	45	2	3.1466353
308	41	3	3.0745747
308	1594	4	3.012024
308	77	5	2.968761
308	80	6	2.6312652
308	1983	7	2.6191635
308	860	8	2.553462
308	993	9	2.4219213
308	318	10	2.3219316
309	1385	1	5.179604
309	4774	2	4.956681
309	3669	3	4.9412575
309	2154	4	4.693778
309	3071	5	4.6876364
309	4160	6	4.506448
309	4484	7	4.419595
309	3864	8	4.417588
309	2676	9	4.406618
309	1753	10	4.391634
310	3074	1	5.07525
310	73	2	4.793258
310	215	3	4.520583
310	201	4	4.4490075
310	672	5	4.3674664
310	1313	6	4.3633375
310	109	7	4.2814436
310	431	8	4.2500668
310	4029	9	4.2295184
310	123	10	4.144656
311	735	1	4.2495975
311	1868	2	4.1087832
311	1234	3	3.9054732
311	2628	4	3.7043016
311	1697	5	3.6047482
311	1411	6	3.351656
311	587	7	3.1555057
311	580	8	3.0863404
311	38	9	3.007168
311	1300	10	2.96548
312	369	1	2.5827293
312	108	2	2.5686622
312	597	3	2.4713533
312	333	4	2.4697943
312	46	5	2.4576883
312	732	6	2.4074488
312	823	7	2.3833117
312	123	8	2.3559456
312	185	9	2.285652
312	3797	10	2.2744286
313	1672	1	4.541356
313	1112	2	4.21523
313	80	3	3.931604
313	44	4	3.89689
313	172	5	3.779129
313	1139	6	3.7533805
313	147	7	3.6159313
313	1083	8	3.55234
313	948	9	3.4976716
313	322	10	3.490025
315	510	1	4.7155905
315	1672	2	4.6892943
315	1112	3	4.5179806
315	44	4	4.421873
315	172	5	4.341344
315	80	6	4.13762
315	322	7	3.9590409
315	41	8	3.7924118
315	45	9	3.619645
315	993	10	3.4301445
316	172	1	4.292322
316	80	2	4.1855936
316	322	3	4.1413608
316	45	4	3.5123317
316	993	5	3.4912176
316	985	6	3.4204721
316	1926	7	3.0632842
316	3307	8	2.9570189
316	1263	9	2.9310722
316	3795	10	2.840115
317	1449	1	5.5823545
317	369	2	5.45191
317	73	3	5.1732183
317	485	4	5.1190224
317	82	5	5.0571346
317	213	6	4.8533907
317	732	7	4.7198615
317	24	8	4.579356
317	391	9	4.5078053
317	2093	10	4.438814
318	1672	1	4.121684
318	1112	2	3.7796485
318	993	3	3.6482778
318	1594	4	3.079818
318	4020	5	2.9976852
318	985	6	2.8087587
318	1030	7	2.7468529
318	1406	8	2.6406913
318	789	9	2.6110325
318	156	10	2.567662
319	80	1	4.1225605
319	322	2	3.8084884
319	3251	3	3.5814238
319	993	4	3.541603
319	2125	5	3.471649
319	45	6	3.4483118
319	530	7	3.0697727
319	277	8	3.0247984
319	1263	9	3.0140371
319	3307	10	2.910308
320	510	1	4.3874197
320	44	2	4.283532
320	172	3	4.0912423
320	80	4	3.8763022
320	322	5	3.713383
320	41	6	3.6146917
320	45	7	3.4114442
320	3251	8	3.406975
320	993	9	3.189918
320	2125	10	3.182767
321	77	1	3.285885
321	985	2	3.021078
321	2503	3	3.020564
321	677	4	2.9802413
321	1983	5	2.8972945
321	2036	6	2.78483
321	1042	7	2.7738442
321	571	8	2.732223
321	1406	9	2.6867495
321	860	10	2.6602206
322	1672	1	2.8570566
322	252	2	2.379944
322	90	3	2.0333319
322	2656	4	2.011287
322	1926	5	1.9631135
322	1083	6	1.9592996
322	141	7	1.913758
322	2503	8	1.883286
322	1139	9	1.8209484
322	2217	10	1.8069181
323	45	1	4.0399327
323	985	2	3.5063355
323	3251	3	3.348916
323	2125	4	3.3344913
323	3307	5	3.265582
323	3795	6	3.2258685
323	914	7	3.1009483
323	277	8	2.9117274
323	530	9	2.9056678
323	2217	10	2.900519
324	44	1	4.5390015
324	172	2	4.3704762
324	80	3	4.1801367
324	322	4	4.014545
324	41	5	3.81416
324	993	6	3.6447713
324	45	7	3.6003418
324	985	8	3.458927
324	1926	9	3.302255
324	1139	10	3.154485
325	73	1	4.02614
325	485	2	3.944735
325	82	3	3.9133487
325	213	4	3.8016977
325	732	5	3.3692229
325	391	6	3.1873088
325	149	7	3.1378112
325	3017	8	3.0871918
325	185	9	2.9428747
325	1701	10	2.8119063
326	485	1	3.5389874
326	24	2	3.343532
326	73	3	3.186019
326	1114	4	3.0988164
326	82	5	3.0028875
326	1689	6	2.9940157
326	732	7	2.9526422
326	2449	8	2.9424028
326	304	9	2.9103203
326	3801	10	2.8683188
328	485	1	4.4768696
328	73	2	4.36116
328	82	3	4.360155
328	213	4	4.291622
328	580	5	4.082505
328	192	6	4.0710154
328	1411	7	3.9290617
328	732	8	3.827321
328	534	9	3.8224902
328	391	10	3.6510415
330	185	1	4.175995
330	192	2	4.080144
330	149	3	4.0706425
330	1411	4	4.0153723
330	1701	5	3.8506231
330	580	6	3.828227
330	489	7	3.7335708
330	534	8	3.6620772
330	515	9	3.6404424
330	823	10	3.504504
331	1341	1	5.1028037
331	1983	2	4.780674
331	510	3	4.7686505
331	1672	4	4.5778995
331	3781	5	4.5380077
331	860	6	4.4943914
331	1112	7	4.3726788
331	172	8	4.359389
331	44	9	4.355301
331	389	10	4.267911
332	3307	1	3.3982906
332	77	2	3.2982638
332	985	3	3.0918136
332	1511	4	2.9690247
332	3795	5	2.9522061
332	1983	6	2.79454
332	277	7	2.5924182
332	530	8	2.5648646
332	1263	9	2.5626163
332	4021	10	2.5150487
333	80	1	3.0469575
333	44	2	2.6807778
333	322	3	2.5503953
333	948	4	2.353219
333	83	5	2.3110623
333	204	6	2.3011353
333	789	7	2.2537577
333	1854	8	2.2288852
333	405	9	2.1816607
333	734	10	2.170491
334	1594	1	5.245252
334	77	2	5.1183176
334	58	3	4.961009
334	353	4	4.902735
334	1091	5	4.770361
334	1066	6	4.725395
334	1983	7	4.6258745
334	3273	8	4.612438
334	1341	9	4.5785446
334	1112	10	4.3475285
335	44	1	4.6016974
335	80	2	4.446254
335	322	3	4.1507826
335	3251	4	4.0575857
335	2125	5	3.9584293
335	41	6	3.8806071
335	45	7	3.760126
335	993	8	3.582858
335	985	9	3.4807096
335	1926	10	3.178776
336	1112	1	3.9896653
336	672	2	3.89359
336	1672	3	3.4817584
336	4029	4	3.2793283
336	109	5	3.1231756
336	936	6	3.0674229
336	4020	7	2.6837287
336	704	8	2.582917
336	985	9	2.4761662
336	77	10	2.3538208
337	1263	1	2.781076
337	389	2	2.707925
337	3251	3	2.6366112
337	2217	4	2.5626824
337	2125	5	2.4901202
337	688	6	2.3181224
337	848	7	2.2648926
337	1156	8	2.1318276
337	1688	9	2.1305563
337	635	10	2.1210675
338	1112	1	4.617749
338	993	2	3.9920392
338	985	3	3.704654
338	77	4	3.6538558
338	3307	5	3.6018002
338	3795	6	3.5506864
338	1983	7	3.3837302
338	4021	8	3.1786923
338	2503	9	3.105338
338	860	10	3.0060887
339	1594	1	3.5338793
339	1983	2	3.0060177
339	530	3	2.82592
339	860	4	2.8134353
339	1406	5	2.7264047
339	1156	6	2.7015476
339	389	7	2.4482992
339	4021	8	2.426187
339	2094	9	2.1279106
339	625	10	2.1056013
340	3251	1	3.2215986
340	3307	2	3.1558242
340	2125	3	3.126567
340	2217	4	2.9910178
340	1263	5	2.8270433
340	277	6	2.811646
340	530	7	2.6691997
340	90	8	2.6258483
340	3795	9	2.6045103
340	1406	10	2.6030467
341	1341	1	4.8187532
341	1983	2	4.807024
341	1672	3	4.3855424
341	3781	4	4.369226
341	389	5	4.3489175
341	510	6	4.170432
341	3251	7	4.0843706
341	44	8	4.0417175
341	172	9	3.8532293
341	2125	10	3.8253012
342	485	1	4.0693502
342	732	2	3.3593078
342	391	3	3.2054057
342	185	4	3.091096
342	149	5	3.0806353
342	558	6	2.766069
342	3017	7	2.749942
342	823	8	2.698547
342	515	9	2.6980147
342	1332	10	2.6765099
343	936	1	4.3990436
343	4020	2	3.9097407
343	993	3	3.7485325
343	1594	4	3.6056972
343	3795	5	3.2824326
343	3307	6	3.2569332
343	1511	7	3.1777225
343	77	8	3.126029
343	985	9	3.0175183
343	1688	10	2.910657
344	172	1	4.4025617
344	322	2	4.2000694
344	3781	3	3.96261
344	672	4	3.644453
344	3795	5	3.519661
344	936	6	3.469676
344	41	7	3.394493
344	2217	8	3.345552
344	1112	9	3.3134627
344	45	10	3.2642546
345	735	1	4.6889462
345	1868	2	4.598327
345	1697	3	4.514409
345	920	4	4.3102684
345	1234	5	4.2626295
345	2628	6	4.2027984
345	1011	7	4.1427627
345	1023	8	4.1134815
345	1411	9	4.0494614
345	488	10	3.7529576
346	485	1	3.752547
346	82	2	3.5586648
346	2449	3	3.2731962
346	3017	4	3.216722
346	304	5	3.1406178
346	732	6	3.0288637
346	1332	7	2.9360552
346	1069	8	2.933329
346	391	9	2.8953156
346	149	10	2.8732684
347	4020	1	4.3239574
347	1594	2	4.1251516
347	77	3	3.8229837
347	993	4	3.5972655
347	1983	5	3.2864738
347	860	6	3.0585368
347	3795	7	3.0419497
347	4021	8	3.036201
347	90	9	3.0166364
347	2217	10	3.0049148
348	1449	1	4.55683
348	369	2	4.241924
348	485	3	4.114006
348	1411	4	4.045787
348	73	5	3.846685
348	213	6	3.8326075
348	534	7	3.7802017
348	82	8	3.7012475
348	580	9	3.6787155
348	24	10	3.5638807
349	456	1	5.022178
349	3074	2	4.7454033
349	95	3	4.719539
349	439	4	4.5524025
349	597	5	4.5320444
349	108	6	4.4753704
349	895	7	4.4166727
349	3430	8	4.3976407
349	215	9	4.334426
349	73	10	4.3047447
350	1983	1	3.3617158
350	3307	2	3.3485389
350	90	3	3.1861656
350	4021	4	3.1499555
350	860	5	2.9206765
350	914	6	2.7981954
350	1511	7	2.767321
350	2217	8	2.7371576
350	389	9	2.6425004
350	1156	10	2.575688
351	510	1	4.57248
351	3781	2	4.446764
351	1672	3	4.4162703
351	1112	4	4.305175
351	172	5	4.11236
351	44	6	4.0551033
351	80	7	4.032315
351	1083	8	3.777953
351	147	9	3.7365723
351	948	10	3.7051497
352	44	1	4.691871
352	80	2	4.563798
352	322	3	4.321807
352	45	4	3.956737
352	389	5	3.9510958
352	41	6	3.923844
352	993	7	3.796743
352	985	8	3.4123178
352	2125	9	3.4107459
352	3251	10	3.393755
353	439	1	4.421231
353	454	2	4.0494523
353	905	3	4.028469
353	672	4	3.9725611
353	168	5	3.884578
353	604	6	3.7938476
353	680	7	3.7511022
353	58	8	3.7136245
353	430	9	3.7025938
353	4029	10	3.6807842
354	580	1	3.9713488
354	534	2	3.842264
354	489	3	3.6416206
354	2576	4	3.5610526
354	1411	5	3.4688807
354	149	6	3.4003825
354	185	7	3.3271327
354	1701	8	3.1652863
354	1114	9	3.128453
354	515	10	3.0751948
355	172	1	3.8842213
355	3251	2	3.711746
355	80	3	3.4523304
355	322	4	3.18289
355	45	5	3.1578999
355	985	6	3.0567975
355	1139	7	2.7390442
355	1263	8	2.656737
355	948	9	2.4648173
355	147	10	2.4288034
357	322	1	3.7582297
357	45	2	3.5613294
357	993	3	3.0813243
357	389	4	2.9441204
357	3307	5	2.632176
357	2125	6	2.5308788
357	530	7	2.5002878
357	2217	8	2.4787512
357	90	9	2.4674048
357	3251	10	2.457354
358	77	1	3.5382924
358	914	2	3.3257127
358	277	3	3.1699867
358	1983	4	3.135776
358	985	5	3.0695846
358	3795	6	3.0064976
358	530	7	2.973596
358	860	8	2.8903236
358	4021	9	2.8595324
358	688	10	2.7622764
359	58	1	5.5562563
359	353	2	5.450347
359	109	3	5.331708
359	936	4	5.301951
359	4020	5	5.1281023
359	3273	6	5.033474
359	1066	7	4.887047
359	1091	8	4.8801985
359	1594	9	4.852025
359	1341	10	4.84382
360	1672	1	4.2807407
360	1359	2	3.9086115
360	510	3	3.846963
360	3781	4	3.720839
360	172	5	3.6452746
360	1112	6	3.6241255
360	322	7	3.4085827
360	80	8	3.3867738
360	44	9	3.3490508
360	1983	10	3.1583042
361	735	1	4.780779
361	1697	2	4.3614054
361	2628	3	4.125724
361	913	4	3.8512409
361	920	5	3.8484375
361	1023	6	3.765161
361	1411	7	3.7483625
361	201	8	3.7322989
361	192	9	3.6111526
361	1011	10	3.5890117
362	44	1	4.3232517
362	80	2	4.1030707
362	322	3	3.8655894
362	3251	4	3.7140763
362	41	5	3.5920477
362	45	6	3.3266351
362	993	7	3.2588234
362	985	8	3.199636
362	1926	9	3.0277193
362	1139	10	2.8205657
363	322	1	4.524186
363	45	2	4.1826296
363	1983	3	4.1769156
363	993	4	4.0425158
363	4021	5	3.8935418
363	985	6	3.8523848
363	860	7	3.8145044
363	389	8	3.5483334
363	530	9	3.2946808
363	3307	10	3.2702208
364	4021	1	3.1039019
364	1831	2	2.7542868
364	985	3	2.700603
364	2503	4	2.689467
364	677	5	2.6678853
364	530	6	2.600368
364	277	7	2.594496
364	1103	8	2.589048
364	389	9	2.5835652
364	2036	10	2.5657394
365	454	1	5.3467827
365	905	2	5.283739
365	330	3	5.176174
365	393	4	5.133164
365	680	5	5.116003
365	539	6	5.110299
365	806	7	5.0070915
365	58	8	5.0004745
365	353	9	4.9886513
365	874	10	4.985425
366	1697	1	4.2498097
366	1701	2	3.6058145
366	1693	3	3.5766377
366	1648	4	3.4964268
366	580	5	3.2605767
366	1411	6	3.2357614
366	920	7	3.2232618
366	515	8	3.1880486
366	823	9	3.1697917
366	201	10	3.051636
367	1672	1	3.758883
367	1983	2	3.2405777
367	860	3	2.9610732
367	530	4	2.8974724
367	985	5	2.7887762
367	4021	6	2.7833762
367	840	7	2.680707
367	688	8	2.410779
367	277	9	2.392644
367	1755	10	2.2707088
369	45	1	3.8292809
369	3307	2	3.2179484
369	985	3	3.1536477
369	914	4	3.0985482
369	3795	5	3.0962448
369	389	6	3.070643
369	90	7	2.810636
369	2217	8	2.785469
369	1511	9	2.78226
369	530	10	2.7766228
370	172	1	4.4194584
370	44	2	4.357422
370	80	3	4.273555
370	322	4	3.8398721
370	41	5	3.610515
370	45	6	3.5101314
370	1139	7	3.3709564
370	985	8	3.3279512
370	1926	9	3.3152833
370	993	10	3.2920132
371	1672	1	4.57465
371	1594	2	3.0489352
371	77	3	2.7820234
371	194	4	2.4804997
371	318	5	2.4599867
371	2503	6	2.3937554
371	1032	7	2.3520217
371	1327	8	2.2245424
371	39	9	2.1673198
371	860	10	2.163793
372	1672	1	4.713349
372	44	2	4.4052734
372	1112	3	4.2579117
372	41	4	3.9712877
372	45	5	3.8614817
372	1983	6	3.7194006
372	4021	7	3.5528147
372	993	8	3.5147715
372	914	9	3.3824444
372	2217	10	3.2807493
373	172	1	4.7381716
373	1112	2	4.644207
373	44	3	4.571157
373	80	4	4.388426
373	322	5	4.100312
373	41	6	3.9026027
373	45	7	3.7141178
373	993	8	3.6831255
373	985	9	3.4403176
373	389	10	3.4402375
374	510	1	4.6860914
374	3781	2	4.552463
374	1112	3	4.406931
374	44	4	4.318412
374	80	5	4.191618
374	172	6	4.1610656
374	322	7	3.9138317
374	389	8	3.8849413
374	41	9	3.6655889
374	3251	10	3.5146472
375	1112	1	4.405173
375	45	2	3.9280136
375	77	3	3.6965668
375	993	4	3.5344088
375	985	5	3.1336567
375	1983	6	3.1179152
375	3795	7	3.062993
375	3307	8	3.0581317
375	2217	9	3.0150492
375	90	10	2.9780307
376	735	1	5.05661
376	1868	2	4.9516706
376	1234	3	4.563924
376	1697	4	4.5542097
376	2628	5	4.380275
376	1701	6	4.304732
376	1693	7	3.9900331
376	823	8	3.9581642
376	1411	9	3.9116716
376	192	10	3.8288426
377	485	1	3.5518994
377	73	2	3.1702242
377	82	3	3.0200803
377	24	4	2.9416497
377	252	5	2.9128804
377	371	6	2.8530633
377	304	7	2.7907104
377	732	8	2.782476
377	4016	9	2.7365136
377	213	10	2.7287545
378	44	1	3.9289494
378	1983	2	3.5943205
378	80	3	3.5342956
378	993	4	3.390225
378	389	5	3.0762677
378	45	6	3.0617445
378	3251	7	2.8638372
378	985	8	2.8405278
378	2125	9	2.7715328
378	277	10	2.6896706
379	456	1	4.6065397
379	242	2	4.5832214
379	3718	3	4.339693
379	95	4	4.196256
379	3074	5	4.109916
379	622	6	4.099818
379	485	7	4.0634875
379	439	8	4.0224404
379	641	9	4.006215
379	597	10	3.9454353
380	510	1	4.565395
380	1672	2	4.5564137
380	1359	3	4.5062203
380	3781	4	4.4673405
380	1112	5	4.29545
380	172	6	4.175598
380	80	7	4.1573806
380	44	8	4.0651665
380	322	9	3.8479064
380	1139	10	3.673727
381	622	1	3.7679157
381	108	2	3.6487365
381	1114	3	3.5265076
381	895	4	3.495945
381	492	5	3.454955
381	2449	6	3.4487975
381	304	7	3.3904767
381	1411	8	3.324421
381	369	9	3.2008772
381	337	10	3.1804407
382	80	1	4.0751185
382	1983	2	3.5923338
382	860	3	3.490591
382	985	4	3.2748418
382	4021	5	3.1511421
382	389	6	3.128487
382	3307	7	3.0742807
382	1263	8	3.0342996
382	252	9	2.6506352
382	2125	10	2.5475876
383	1983	1	3.0821018
383	4021	2	2.904746
383	389	3	2.8037443
383	1511	4	2.6676478
383	2217	5	2.6577613
383	90	6	2.4120312
383	3251	7	2.3355374
383	688	8	2.3305826
383	2125	9	2.2683163
383	3275	10	2.1852417
384	108	1	4.2655706
384	238	2	4.128602
384	622	3	3.9874763
384	1449	4	3.8500211
384	192	5	3.8352914
384	369	6	3.7366843
384	1910	7	3.7223494
384	895	8	3.7094867
384	2093	9	3.6981084
384	492	10	3.6940567
385	44	1	4.4360023
385	322	2	4.2572994
385	389	3	4.121868
385	45	4	3.7782872
385	3251	5	3.7313633
385	41	6	3.6997764
385	2125	7	3.64929
385	993	8	3.5348911
385	985	9	3.200506
385	3795	10	3.1474428
386	1341	1	4.671333
386	3273	2	4.4890738
386	1672	3	4.263269
386	1112	4	4.09262
386	510	5	4.0406995
386	3781	6	4.0387745
386	1083	7	3.9612064
386	1359	8	3.9521537
386	147	9	3.9424963
386	44	10	3.6647403
387	242	1	3.7137477
387	456	2	3.682942
387	682	3	3.6461492
387	2110	4	3.639401
387	231	5	3.5607824
387	53	6	3.4102015
387	95	7	3.398562
387	1011	8	3.3841853
387	3074	9	3.3825374
387	3718	10	3.357221
388	454	1	4.656617
388	539	2	4.442315
388	1578	3	4.3142138
388	680	4	4.2493887
388	58	5	4.169491
388	791	6	4.110233
388	353	7	4.055916
388	1066	8	4.024599
388	721	9	3.9904628
388	1672	10	3.8780816
389	1594	1	4.4945416
389	77	2	4.112525
389	45	3	3.8880415
389	993	4	3.78137
389	1983	5	3.66652
389	3307	6	3.4513462
389	985	7	3.4255297
389	860	8	3.2553825
389	4021	9	3.1570127
389	389	10	2.9913487
390	45	1	3.9828672
390	80	2	3.9381945
390	1983	3	3.765681
390	993	4	3.6884117
390	322	5	3.4848232
390	3307	6	3.443797
390	4021	7	3.4193826
390	860	8	3.416692
390	389	9	3.187827
390	90	10	3.043228
391	510	1	3.542764
391	77	2	3.4846385
391	172	3	3.46571
391	1983	4	3.2920408
391	3781	5	3.0670195
391	1295	6	3.0379918
391	1672	7	3.0201404
391	160	8	2.8444755
391	1985	9	2.8391669
391	3376	10	2.7714148
393	82	1	4.6631875
393	73	2	4.6629076
393	485	3	4.5236025
393	213	4	4.4012213
393	24	5	4.237774
393	732	6	4.2065244
393	391	7	4.1602106
393	735	8	4.093497
393	1868	9	4.048298
393	148	10	4.0402956
394	1701	1	4.6569176
394	185	2	4.6077437
394	148	3	4.4193745
394	735	4	4.3679028
394	515	5	4.3354607
394	589	6	4.3303447
394	1868	7	4.299409
394	1132	8	4.2780476
394	1697	9	4.2369766
394	4	10	4.2311
395	1868	1	4.538736
395	913	2	4.3157
395	1697	3	4.267006
395	920	4	4.183396
395	201	5	4.147538
395	1011	6	4.075283
395	1023	7	3.9839878
395	1313	8	3.94837
395	123	9	3.8944583
395	1411	10	3.7913609
396	58	1	3.3305383
396	1091	2	3.1478379
396	1341	3	2.9738278
396	510	4	2.7309544
396	1359	5	2.7096517
396	3781	6	2.5416856
396	734	7	2.5388079
396	1129	8	2.5260243
396	172	9	2.5259128
396	1112	10	2.5061014
397	44	1	3.7021275
397	172	2	3.6531718
397	80	3	3.438282
397	322	4	3.2717147
397	45	5	3.1839504
397	41	6	3.1146688
397	993	7	2.8860774
397	1406	8	2.67414
397	948	9	2.5315094
397	1263	10	2.5089996
398	185	1	3.4940546
398	4	2	3.3172657
398	1701	3	3.2190437
398	823	4	3.0743144
398	1693	5	3.0585036
398	692	6	3.0420294
398	3017	7	3.0320144
398	1526	8	2.8708673
398	558	9	2.8661857
398	1332	10	2.7921422
399	1672	1	4.5153737
399	1112	2	4.4581957
399	4020	3	4.3340774
399	1594	4	4.2817054
399	80	5	4.2092752
399	77	6	4.0615945
399	993	7	3.6734982
399	1983	8	3.5076232
399	860	9	3.3374715
399	3307	10	3.2933702
400	1341	1	5.420787
400	936	2	5.0714135
400	3781	3	5.0658064
400	510	4	5.032567
400	172	5	4.874623
400	1672	6	4.7953167
400	80	7	4.5497656
400	4020	8	4.5014114
400	322	9	4.345753
400	1594	10	4.3288164
401	44	1	4.6585617
401	77	2	4.2741137
401	45	3	3.7940533
401	1983	4	3.78885
401	993	5	3.5483098
401	860	6	3.483055
401	4021	7	3.28714
401	389	8	3.2733696
401	985	9	3.2240698
401	3307	10	3.0255394
402	1983	1	3.4997165
402	860	2	3.2044594
402	914	3	3.037311
402	530	4	2.9711666
402	2217	5	2.9312837
402	4021	6	2.9030995
402	389	7	2.7605875
402	688	8	2.7259254
402	252	9	2.6995816
402	1058	10	2.6737623
403	4020	1	4.342029
403	1672	2	4.117059
403	1594	3	3.9154778
403	77	4	3.6204736
403	1983	5	3.3169365
403	860	6	3.1868134
403	90	7	3.1049085
403	914	8	3.0676956
403	4021	9	3.0399842
403	530	10	3.0370111
404	45	1	4.2979274
404	993	2	4.107662
404	985	3	3.9031255
404	3251	4	3.586436
404	2125	5	3.491961
404	3307	6	3.4862752
404	530	7	3.2391982
404	277	8	3.187182
404	3795	9	2.9923592
404	252	10	2.86302
406	82	1	4.625393
406	485	2	4.602848
406	213	3	4.409218
406	732	4	4.04505
406	391	5	3.8486629
406	1648	6	3.7508938
406	185	7	3.749289
406	192	8	3.7055514
406	149	9	3.6530051
406	1411	10	3.5351014
407	44	1	4.5625277
407	322	2	4.231666
407	45	3	3.9273772
407	41	4	3.8636289
407	993	5	3.7964425
407	3251	6	3.52277
407	2125	7	3.513124
407	985	8	3.4894252
407	3795	9	3.3605118
407	3307	10	3.3178163
408	993	1	3.613556
408	985	2	3.236495
408	3795	3	2.897954
408	1983	4	2.8899102
408	530	5	2.7551441
408	1263	6	2.697609
408	4021	7	2.6757834
408	1406	8	2.598836
408	277	9	2.5521843
408	860	10	2.4851568
409	1672	1	4.751413
409	44	2	4.265845
409	322	3	4.1293716
409	45	4	3.664608
409	993	5	3.6278324
409	41	6	3.5596051
409	3307	7	3.0819054
409	2125	8	3.0300272
409	3795	9	3.0069566
409	985	10	2.9851143
410	1341	1	4.0154157
410	3273	2	3.8729167
410	1112	3	3.849248
410	1672	4	3.8036063
410	3781	5	3.7841682
410	510	6	3.6894145
410	44	7	3.5394397
410	1359	8	3.5335085
410	993	9	3.2293692
410	172	10	3.1930404
411	732	1	3.726681
411	391	2	3.4919941
411	823	3	3.0980258
411	185	4	3.0893123
411	2449	5	2.92063
411	1004	6	2.8386157
411	515	7	2.7721124
411	482	8	2.6976552
411	920	9	2.6520448
411	3017	10	2.6406608
412	944	1	4.931644
412	735	2	4.913228
412	589	3	4.882349
412	1132	4	4.850327
412	148	5	4.815875
412	1868	6	4.790164
412	34	7	4.7530284
412	1910	8	4.740147
412	1234	9	4.5879464
412	1697	10	4.4953947
413	1341	1	4.623565
413	1112	2	4.1875677
413	3781	3	4.1489553
413	1359	4	4.081791
413	510	5	4.050659
413	1854	6	3.736446
413	44	7	3.73487
413	80	8	3.6179614
413	1083	9	3.579444
413	172	10	3.5065045
414	44	1	3.422535
414	1112	2	3.3785248
414	993	3	3.013576
414	677	4	2.8537796
414	2656	5	2.748898
414	571	6	2.6293592
414	77	7	2.5303679
414	2503	8	2.5217254
414	1042	9	2.5155902
414	1893	10	2.5120838
415	322	1	4.1822977
415	41	2	3.7560456
415	45	3	3.665928
415	993	4	3.2701566
415	2217	5	3.1537533
415	985	6	3.0780356
415	389	7	3.0289645
415	914	8	2.9275932
415	3795	9	2.9013114
415	90	10	2.8474395
416	1672	1	3.9381943
416	1112	2	3.908504
416	4020	3	3.6475587
416	1594	4	3.40379
416	77	5	3.3006284
416	993	6	3.250928
416	1983	7	2.7161698
416	2217	8	2.6871467
416	985	9	2.674831
416	1511	10	2.5466237
417	185	1	3.1903622
417	1114	2	2.716526
417	515	3	2.5199075
417	1648	4	2.3099813
417	534	5	2.301127
417	72	6	2.2627702
417	789	7	2.196368
417	330	8	2.1794224
417	1368	9	2.1564074
417	488	10	2.138652
419	44	1	3.4261987
419	936	2	3.1826499
419	322	3	2.8785837
419	1594	4	2.8113642
419	172	5	2.7897491
419	77	6	2.7592235
419	80	7	2.5876288
419	3781	8	2.482352
419	277	9	2.3710217
419	45	10	2.2842402
420	109	1	4.1666303
420	936	2	4.109786
420	3781	3	4.061698
420	1672	4	3.9700692
420	510	5	3.9420996
420	172	6	3.9413762
420	4020	7	3.7608867
420	1112	8	3.6776972
420	80	9	3.662269
420	1594	10	3.6161199
421	3781	1	5.494983
421	1672	2	5.3651414
421	510	3	5.2551622
421	1112	4	5.0563107
421	172	5	4.8928676
421	1594	6	4.8052363
421	44	7	4.796247
421	80	8	4.7019253
421	322	9	4.4444137
421	993	10	4.405613
422	172	1	4.6513824
422	80	2	4.549499
422	322	3	4.2930355
422	44	4	4.2797556
422	41	5	3.769253
422	45	6	3.725404
422	993	7	3.4133015
422	2125	8	3.357463
422	3251	9	3.3318338
422	3795	10	3.2118537
424	914	1	3.018437
424	985	2	3.0030942
424	2217	3	2.9004679
424	90	4	2.7446218
424	3251	5	2.7067251
424	688	6	2.6362257
424	277	7	2.4630084
424	1156	8	2.4597096
424	1263	9	2.4337
424	252	10	2.319068
427	439	1	4.6884203
427	905	2	4.329046
427	168	3	4.315054
427	604	4	4.1967745
427	672	5	4.185214
427	488	6	4.018738
427	393	7	3.97113
427	1672	8	3.9395413
427	1341	9	3.91635
427	1066	10	3.910965
428	1234	1	4.25414
428	2628	2	3.8583767
428	1411	3	3.6178334
428	823	4	3.593638
428	913	5	3.3526855
428	201	6	3.253436
428	192	7	3.2250404
428	1648	8	3.2231631
428	1023	9	3.1685824
428	1011	10	3.145967
429	1672	1	4.932557
429	3781	2	4.7415953
429	172	3	4.6060038
429	80	4	4.4260125
429	1112	5	4.293604
429	44	6	4.2049866
429	322	7	4.155908
429	4021	8	3.7734282
429	389	9	3.7296486
429	45	10	3.5949688
430	485	1	4.347419
430	82	2	4.269061
430	213	3	4.0748167
430	732	4	3.7835317
430	391	5	3.6657317
430	149	6	3.492326
430	185	7	3.3908932
430	1016	8	3.2924385
430	1701	9	3.1917696
430	304	10	3.1662793
431	3781	1	3.6649544
431	45	2	3.3812497
431	843	3	3.3180776
431	1029	4	3.2570577
431	604	5	3.2276068
431	351	6	3.1822183
431	44	7	3.142717
431	439	8	3.127253
431	597	9	3.106008
431	49	10	3.0997324
432	672	1	4.888522
432	72	2	4.831208
432	330	3	4.7372055
432	81	4	4.6975927
432	905	5	4.684022
432	4029	6	4.6803684
432	109	7	4.6695004
432	454	8	4.635427
432	807	9	4.615191
432	275	10	4.60299
433	82	1	5.1155686
433	73	2	4.8865867
433	485	3	4.835839
433	213	4	4.6871114
433	1910	5	4.6630945
433	148	6	4.6491814
433	735	7	4.591247
433	589	8	4.5610476
433	34	9	4.5410194
433	391	10	4.4332523
434	456	1	4.8876333
434	3074	2	4.4361043
434	439	3	4.3557897
434	73	4	4.0862064
434	168	5	3.9267821
434	109	6	3.7608223
434	201	7	3.7371902
434	982	8	3.7088003
434	369	9	3.708393
434	4844	10	3.6835027
435	4021	1	4.0387406
435	44	2	3.9306638
435	860	3	3.8159046
435	80	4	3.7042878
435	389	5	3.658001
435	172	6	3.5638351
435	322	7	3.5098362
435	3251	8	3.474781
435	2125	9	3.4543915
435	41	10	3.2190738
436	44	1	4.2675886
436	45	2	3.6955955
436	41	3	3.6704266
436	1983	4	3.4787908
436	993	5	3.443159
436	4021	6	3.3560572
436	985	7	3.0874243
436	3307	8	3.037809
436	389	9	3.035421
436	3795	10	2.8188586
437	304	1	3.7481651
437	627	2	3.2626243
437	732	3	3.2303472
437	1255	4	3.0497005
437	149	5	2.9572725
437	3094	6	2.9412975
437	135	7	2.8857915
437	2044	8	2.8802083
437	185	9	2.8342392
437	129	10	2.8336234
438	45	1	3.8987465
438	1983	2	3.6904624
438	4021	3	3.482488
438	860	4	3.4277606
438	985	5	3.1487663
438	389	6	3.1474922
438	2217	7	2.9664137
438	1406	8	2.8939521
438	530	9	2.813346
438	277	10	2.7672029
439	45	1	3.7035794
439	1983	2	3.534129
439	4021	3	3.1937256
439	860	4	3.1827734
439	530	5	2.8521051
439	1263	6	2.8115635
439	252	7	2.775793
439	914	8	2.7669137
439	389	9	2.7518024
439	1406	10	2.7091937
440	1594	1	4.961665
440	353	2	4.798772
440	1066	3	4.577914
440	3273	4	4.458954
440	1672	5	4.4020576
440	1983	6	4.371267
440	3781	7	4.2102365
440	860	8	4.151144
440	1359	9	4.147544
440	1112	10	4.138254
441	322	1	3.9142947
441	41	2	3.6048002
441	45	3	3.5417552
441	985	4	3.1489754
441	3251	5	2.7883444
441	163	6	2.7071996
441	2125	7	2.6593075
441	1263	8	2.619466
441	3307	9	2.5596018
441	252	10	2.5530157
442	1234	1	4.806196
442	1697	2	4.7830772
442	2628	3	4.6427727
442	732	4	4.35519
442	391	5	4.2758665
442	149	6	4.054651
442	1648	7	4.0084887
442	185	8	4.0040016
442	1411	9	3.984528
442	192	10	3.9730916
443	492	1	3.7131324
443	1449	2	3.6168754
443	895	3	3.5562449
443	369	4	3.5266166
443	1114	5	3.3729196
443	73	6	3.2748556
443	213	7	3.2056797
443	82	8	3.1430352
443	485	9	3.13225
443	304	10	3.120009
444	45	1	3.0123334
444	389	2	3.0082126
444	41	3	2.7926095
444	860	4	2.763805
444	914	5	2.744722
444	688	6	2.5760093
444	1263	7	2.5735633
444	993	8	2.4634092
444	3307	9	2.4374957
444	2125	10	2.4150143
445	485	1	5.1266756
445	732	2	4.5343103
445	391	3	4.472189
445	185	4	4.1671124
445	149	5	4.1621423
445	1701	6	4.046144
445	4	7	3.810184
445	823	8	3.766667
445	1693	9	3.732384
445	515	10	3.7305722
446	692	1	3.0426378
446	2449	2	2.949279
446	125	3	2.7802167
446	1332	4	2.7493095
446	627	5	2.6471932
446	149	6	2.638499
446	1326	7	2.588208
446	934	8	2.5513873
446	1255	9	2.5325155
446	2044	10	2.505599
447	1341	1	5.6265917
447	1594	2	5.4227524
447	1672	3	5.3209696
447	77	4	5.0927715
447	3781	5	5.0032344
447	510	6	4.981333
447	172	7	4.9346685
447	44	8	4.8632936
447	80	9	4.5821724
447	1983	10	4.44417
448	4021	1	3.9348388
448	860	2	3.6553617
448	45	3	3.525524
448	993	4	3.4835877
448	389	5	3.3836184
448	985	6	3.2869594
448	2125	7	3.0577185
448	3251	8	3.0492656
448	530	9	2.7382596
448	3307	10	2.6715503
449	510	1	4.4811745
449	3781	2	4.418295
449	1359	3	4.3896275
449	1672	4	4.2789087
449	172	5	4.037878
449	80	6	4.015839
449	44	7	3.958194
449	1112	8	3.91297
449	322	9	3.8621616
449	41	10	3.2594705
451	80	1	4.482724
451	322	2	4.161418
451	45	3	3.918589
451	41	4	3.8573055
451	993	5	3.6548812
451	985	6	3.6297321
451	3251	7	3.608376
451	2125	8	3.5258315
451	3307	9	3.0383344
451	3795	10	2.990766
452	80	1	4.6959324
452	77	2	4.4260263
452	45	3	4.268881
452	1983	4	3.8159943
452	860	5	3.5040288
452	3307	6	3.4827018
452	4021	7	3.2879589
452	2217	8	3.0713587
452	389	9	3.065342
452	90	10	3.005145
453	1983	1	3.9103572
453	172	2	3.7151506
453	322	3	3.6401734
453	44	4	3.5851324
453	4021	5	3.5019577
453	993	6	3.375739
453	389	7	3.3475194
453	3251	8	3.1806147
453	2125	9	3.0681863
453	45	10	3.0321603
454	1449	1	4.564926
454	369	2	4.541425
454	485	3	4.0936036
454	73	4	4.0665765
454	82	5	3.832182
454	213	6	3.6435523
454	149	7	3.5408745
454	732	8	3.5251966
454	1411	9	3.521357
454	391	10	3.4449253
455	1672	1	4.9024677
455	1341	2	4.699114
455	77	3	4.4001045
455	3781	4	4.3489895
455	510	5	4.228203
455	172	6	4.158595
455	44	7	3.9800482
455	1983	8	3.9512649
455	80	9	3.8221667
455	4021	10	3.7877302
456	936	1	3.6513128
456	4020	2	3.601069
456	109	3	3.585465
456	45	4	3.5222673
456	993	5	3.4926734
456	1594	6	3.1452224
456	77	7	2.9624515
456	985	8	2.8458223
456	1436	9	2.7500312
456	3794	10	2.6788626
457	1672	1	3.891806
457	1983	2	3.5802739
457	993	3	3.3911202
457	860	4	3.2196674
457	389	5	3.067584
457	2125	6	2.830462
457	2036	7	2.7380438
457	2503	8	2.6667767
457	677	9	2.641707
457	985	10	2.6366963
458	735	1	4.8933897
458	1868	2	4.7213764
458	185	3	4.6194067
458	1234	4	4.5390716
458	1697	5	4.5240493
458	1701	6	4.4943447
458	2628	7	4.3147125
458	4	8	4.223278
458	515	9	4.2165003
458	823	10	4.0580425
459	80	1	4.343176
459	322	2	4.151851
459	41	3	3.8142757
459	45	4	3.7775562
459	993	5	3.5445793
459	985	6	3.3892994
459	3307	7	3.1307948
459	2125	8	3.0330606
459	3251	9	2.9759493
459	914	10	2.8171325
460	672	1	3.7038147
460	936	2	3.4957862
460	4029	3	3.1989012
460	109	4	3.0130115
460	993	5	2.9574902
460	1216	6	2.9084942
460	1112	7	2.8976061
460	1672	8	2.854815
460	1027	9	2.812509
460	1594	10	2.7631617
461	936	1	5.298459
461	3273	2	5.2243023
461	1341	3	5.1092753
461	4020	4	5.018679
461	1672	5	4.806429
461	1594	6	4.7250266
461	1359	7	4.65418
461	3781	8	4.558769
461	510	9	4.531246
461	77	10	4.433808
462	735	1	4.6847477
462	1701	2	4.1117268
462	185	3	3.9828506
462	2628	4	3.9715602
462	823	5	3.7430234
462	920	6	3.6105719
462	515	7	3.589987
462	913	8	3.4033206
462	1648	9	3.368876
462	201	10	3.3166618
463	1868	1	4.7743006
463	238	2	4.504774
463	1697	3	4.417086
463	1449	4	4.398034
463	622	5	4.395697
463	200	6	4.3777614
463	3072	7	4.3693066
463	108	8	4.3433194
463	492	9	4.2249055
463	3074	10	4.210786
464	45	1	3.6961546
464	993	2	3.5066884
464	1983	3	3.2070081
464	3307	4	3.193005
464	985	5	3.1229706
464	2217	6	2.9705057
464	860	7	2.9515855
464	4021	8	2.9260974
464	914	9	2.9009395
464	90	10	2.7786283
465	172	1	3.309979
465	3781	2	3.1918745
465	510	3	3.1855664
465	44	4	3.1098018
465	1139	5	3.0015602
465	80	6	2.8147335
465	1926	7	2.735216
465	1083	8	2.6272244
465	1854	9	2.6089442
465	41	10	2.5665913
466	77	1	4.009471
466	3307	2	3.51517
466	1983	3	3.3503675
466	4021	4	3.1754303
466	914	5	3.1537642
466	90	6	3.0925741
466	860	7	3.063135
466	1406	8	2.940044
466	389	9	2.8895612
466	1511	10	2.8637078
467	1697	1	4.7781563
467	108	2	4.464308
467	622	3	4.45422
467	1648	4	4.390063
467	1449	5	4.347244
467	3074	6	4.311131
467	192	7	4.2624097
467	238	8	4.2022586
467	492	9	4.197146
467	895	10	4.0386896
468	1868	1	4.012087
468	1023	2	3.4050071
468	71	3	3.1367273
468	142	4	3.0770454
468	807	5	3.052418
468	1648	6	3.047177
468	580	7	3.017139
468	72	8	3.0106192
468	539	9	2.9932675
468	330	10	2.9930775
469	1341	1	5.2151647
469	196	2	4.7174616
469	322	3	4.666416
469	80	4	4.5957336
469	488	5	4.593595
469	172	6	4.3580017
469	216	7	4.3562074
469	3781	8	4.355809
469	40	9	4.258875
469	62	10	4.234996
470	77	1	4.2117095
470	1983	2	3.6351733
470	4021	3	3.3871853
470	860	4	3.3121297
470	993	5	3.2250283
470	3795	6	3.2004423
470	389	7	3.1943293
470	985	8	2.8181987
470	2125	9	2.7128196
470	2217	10	2.665122
471	580	1	3.6559649
471	1114	2	3.0698674
471	1701	3	2.9796731
471	515	4	2.9087644
471	1693	5	2.8640497
471	823	6	2.8452926
471	1016	7	2.7576962
471	1689	8	2.6919265
471	920	9	2.6259384
471	2449	10	2.625136
472	172	1	4.1300535
472	44	2	3.9618738
472	1983	3	3.9604774
472	80	4	3.858151
472	322	5	3.814291
472	4021	6	3.6446977
472	389	7	3.5419376
472	41	8	3.3972297
472	860	9	3.3940024
472	45	10	3.2560833
473	1112	1	4.118789
473	1672	2	3.9474163
473	985	3	3.327469
473	4020	4	3.155995
473	1594	5	2.8310623
473	77	6	2.7273445
473	1263	7	2.7039633
473	530	8	2.6735353
473	2503	9	2.5923276
473	1406	10	2.5730004
474	80	1	4.3546877
474	322	2	4.190081
474	45	3	3.7994933
474	985	4	3.232392
474	3251	5	3.1347222
474	3307	6	3.079019
474	3795	7	2.9134243
474	530	8	2.830923
474	2217	9	2.7241988
474	1263	10	2.7209358
475	1341	1	4.8614492
475	439	2	4.8422117
475	3273	3	4.691942
475	510	4	4.5568686
475	3781	5	4.42222
475	172	6	4.374306
475	672	7	4.312831
475	80	8	4.1848044
475	4017	9	4.1554937
475	936	10	4.105273
476	44	1	4.6266108
476	389	2	4.291506
476	322	3	4.248098
476	3251	4	3.9135275
476	41	5	3.8730683
476	45	6	3.8433862
476	993	7	3.784834
476	2125	8	3.762836
476	3307	9	3.3503792
476	985	10	3.2135167
477	44	1	4.524322
477	993	2	3.6199298
477	3307	3	3.0969186
477	985	4	3.0686579
477	90	5	2.7679849
477	1263	6	2.7266407
477	2217	7	2.6545396
477	530	8	2.63779
477	277	9	2.6119032
477	914	10	2.5395408
478	95	1	4.6299343
478	108	2	4.611693
478	3074	3	4.578374
478	439	4	4.5168586
478	1011	5	4.507537
478	73	6	4.3144736
478	215	7	4.228674
478	104	8	4.1603594
478	1313	9	4.106305
478	244	10	4.1060343
479	485	1	4.0359454
479	73	2	3.931988
479	82	3	3.8197129
479	213	4	3.780464
479	692	5	3.4887767
479	24	6	3.488532
479	1526	7	3.2642066
479	391	8	3.1294546
479	732	9	3.090683
479	149	10	2.9859242
480	735	1	4.5706935
480	148	2	4.4944696
480	1868	3	4.416394
480	1910	4	4.416342
480	589	5	4.4105473
480	34	6	4.3639584
480	920	7	4.326456
480	1697	8	4.289672
480	1234	9	4.233437
480	1011	10	4.204337
481	44	1	4.2797985
481	322	2	3.991179
481	41	3	3.608067
481	45	4	3.550588
481	3251	5	3.4891462
481	2125	6	3.431027
481	993	7	3.4277508
481	985	8	3.1859589
481	3307	9	2.9048033
481	1926	10	2.7461853
482	1449	1	4.265825
482	895	2	4.1263366
482	369	3	4.082795
482	485	4	3.8639297
482	73	5	3.588996
482	213	6	3.5279672
482	82	7	3.4257345
482	627	8	3.388643
482	24	9	3.1518714
482	125	10	3.1312823
483	1868	1	4.787163
483	1234	2	4.434087
483	185	3	4.189572
483	149	4	4.1730423
483	1701	5	4.09598
483	1411	6	3.8238268
483	4	7	3.8027346
483	1693	8	3.757264
483	515	9	3.7556934
483	823	10	3.6986277
484	4029	1	5.50474
484	330	2	5.2895927
484	81	3	5.1891193
484	454	4	5.159674
484	4020	5	5.147442
484	905	6	5.115992
484	936	7	5.0771923
484	1594	8	5.064387
484	614	9	5.0251436
484	275	10	5.017312
485	895	1	3.9854355
485	369	2	3.7715402
485	485	3	3.6826725
485	73	4	3.517933
485	213	5	3.3296878
485	82	6	3.312981
485	2449	7	3.1847975
485	24	8	3.1697497
485	3017	9	3.1640449
485	1016	10	3.1203604
487	45	1	3.5622888
487	993	2	3.339079
487	3307	3	3.075735
487	277	4	2.6676674
487	2125	5	2.5776978
487	3251	6	2.5703945
487	3795	7	2.5088146
487	2217	8	2.4908905
487	1263	9	2.481555
487	90	10	2.424641
488	2125	1	2.9667525
488	914	2	2.942189
488	2217	3	2.8126304
488	3251	4	2.779439
488	1134	5	2.759444
488	90	6	2.7387152
488	1511	7	2.6923292
488	1406	8	2.4586911
488	163	9	2.3577158
488	688	10	2.3246846
489	732	1	4.247975
489	391	2	4.2283144
489	149	3	4.0217915
489	185	4	4.0033264
489	1701	5	3.9185956
489	4	6	3.7212563
489	192	7	3.7091417
489	1693	8	3.7072034
489	515	9	3.6206107
489	580	10	3.6064334
490	1385	1	4.9292808
490	4774	2	4.7044487
490	440	3	4.677012
490	3669	4	4.659992
490	2515	5	4.6530623
490	1337	6	4.592211
490	2154	7	4.4341097
490	3686	8	4.412878
490	3071	9	4.3708134
490	3864	10	4.322381
491	172	1	4.077325
491	80	2	3.9845624
491	322	3	3.8043513
491	3251	4	3.7940836
491	41	5	3.502728
491	45	6	3.3647957
491	993	7	3.2346952
491	1926	8	3.1584163
491	3795	9	3.0249028
491	985	10	2.9604912
492	3781	1	4.7058783
492	322	2	4.1833315
492	44	3	4.052611
492	1594	4	3.9849339
492	1672	5	3.9503403
492	914	6	3.7079175
492	45	7	3.7046113
492	1112	8	3.6391265
492	41	9	3.5493016
492	77	10	3.5230827
493	2094	1	3.3279705
493	168	2	3.1805034
493	439	3	3.1401327
493	993	4	3.1060543
493	1112	5	2.799775
493	672	6	2.7592552
493	1672	7	2.7499647
493	1410	8	2.5736241
493	4017	9	2.529003
493	1111	10	2.5222883
494	1234	1	4.691452
494	185	2	3.9698222
494	1411	3	3.8152907
494	1648	4	3.6024156
494	823	5	3.5723135
494	192	6	3.516661
494	489	7	3.4994338
494	580	8	3.4555094
494	2576	9	3.328637
494	920	10	3.2971392
495	44	1	4.598418
495	80	2	4.589963
495	322	3	4.3345375
495	389	4	4.1188946
495	41	5	3.9060671
495	45	6	3.8820996
495	993	7	3.8028755
495	3251	8	3.5536427
495	2125	9	3.4961543
495	985	10	3.43151
496	3781	1	4.146157
496	510	2	4.039209
496	172	3	3.7887888
496	80	4	3.7220895
496	44	5	3.5680957
496	993	6	3.2826486
496	41	7	3.2474558
496	322	8	3.1378398
496	3251	9	3.1134548
496	45	10	3.110249
497	1672	1	4.772958
497	389	2	4.46247
497	322	3	4.2831798
497	3251	4	4.12607
497	2125	5	4.074108
497	41	6	4.033873
497	45	7	3.910543
497	993	8	3.775488
497	985	9	3.5775566
497	1926	10	3.329421
498	1983	1	3.0633168
498	860	2	2.9945836
498	90	3	2.7496996
498	3795	4	2.7124434
498	4021	5	2.7033088
498	2217	6	2.61976
498	389	7	2.6173406
498	530	8	2.5887938
498	3307	9	2.5619702
498	1263	10	2.412092
499	993	1	4.249214
499	77	2	3.7902946
499	985	3	3.5532064
499	3307	4	3.3861065
499	914	5	3.3236651
499	2217	6	3.27419
499	90	7	3.2668905
499	3795	8	3.2646718
499	1983	9	3.2005062
499	530	10	3.1774592
500	45	1	3.114769
500	1295	2	2.9041839
500	109	3	2.8441362
500	423	4	2.790523
500	1052	5	2.72432
500	1148	6	2.6175132
500	100	7	2.4405036
500	4020	8	2.4173493
500	1672	9	2.4130557
500	1443	10	2.401431
501	44	1	4.605619
501	1672	2	4.221881
501	1112	3	3.792182
501	3307	4	3.4889717
501	993	5	3.3795547
501	4020	6	3.374776
501	1042	7	3.3487458
501	943	8	3.2647228
501	1831	9	3.2094588
501	1029	10	3.1369705
502	1341	1	4.5153503
502	3273	2	4.452195
502	1091	3	4.356006
502	1066	4	4.320552
502	510	5	3.932607
502	1672	6	3.9066365
502	1359	7	3.791878
502	1112	8	3.7915673
502	3781	9	3.755382
502	147	10	3.7140572
503	58	1	5.3363485
503	393	2	5.3335333
503	353	3	5.285737
503	1066	4	4.952194
503	1341	5	4.930194
503	3273	6	4.8909473
503	1091	7	4.821845
503	1672	8	4.466728
503	3781	9	4.4505787
503	510	10	4.3433075
504	108	1	5.1263027
504	622	2	5.1029553
504	492	3	4.9778576
504	1449	4	4.9309206
504	895	5	4.91708
504	1697	6	4.87418
504	2628	7	4.8382454
504	369	8	4.7390695
504	73	9	4.4730825
504	485	10	4.462717
505	580	1	3.6345832
505	192	2	3.6035223
505	534	3	3.5342863
505	149	4	3.291631
505	185	5	3.1664245
505	1701	6	3.0557714
505	4	7	2.9125977
505	3017	8	2.7660563
505	515	9	2.760158
505	823	10	2.7404869
506	44	1	4.7628145
506	80	2	4.6534815
506	322	3	4.3843155
506	41	4	4.0053563
506	3251	5	3.9877295
506	45	6	3.899127
506	2125	7	3.8863013
506	993	8	3.8115745
506	985	9	3.3811097
506	3307	10	3.237067
507	456	1	4.2897205
507	242	2	4.077526
507	439	3	3.821318
507	95	4	3.8199186
507	622	5	3.7111883
507	108	6	3.611157
507	3074	7	3.609905
507	4017	8	3.584475
507	109	9	3.413579
507	168	10	3.3952267
509	44	1	4.7088284
509	172	2	4.6242127
509	80	3	4.512703
509	322	4	4.293254
509	41	5	3.9976578
509	993	6	3.9864678
509	389	7	3.9407547
509	45	8	3.7406971
509	3251	9	3.5662575
509	2125	10	3.5564775
510	1112	1	3.2929995
510	1341	2	3.1828854
510	163	3	3.1037922
510	3781	4	3.0706077
510	44	5	3.0578754
510	510	6	2.8480072
510	172	7	2.833594
510	389	8	2.7169366
510	4021	9	2.6447983
510	41	10	2.6089377
511	672	1	5.7170005
511	936	2	5.1351957
511	109	3	5.1149607
511	3273	4	5.080577
511	4020	5	5.021517
511	1341	6	4.9954596
511	1359	7	4.72115
511	1672	8	4.676306
511	1594	9	4.620658
511	510	10	4.5527363
512	1341	1	5.118763
512	4021	2	4.692291
512	510	3	4.58399
512	1672	4	4.53034
512	389	5	4.421953
512	3781	6	4.3848696
512	3251	7	4.1809006
512	80	8	4.121791
512	172	9	4.084365
512	1112	10	4.0684347
513	389	1	4.48129
513	172	2	4.281047
513	44	3	4.2567673
513	80	4	4.1169577
513	322	5	3.9942398
513	3251	6	3.8987198
513	2125	7	3.8535514
513	41	8	3.6400833
513	45	9	3.4349878
513	993	10	3.3454037
514	1594	1	3.6584663
514	44	2	3.6238048
514	510	3	3.591807
514	172	4	3.496899
514	80	5	3.2848325
514	4021	6	3.1423473
514	1983	7	3.0571406
514	45	8	3.0353813
514	41	9	3.003457
514	322	10	2.7971172
515	485	1	4.691112
515	391	2	4.0563684
515	732	3	4.037754
515	149	4	3.7054303
515	185	5	3.7048054
515	1411	6	3.6308222
515	1701	7	3.4904394
515	4	8	3.3918388
515	823	9	3.2628922
515	515	10	3.2446852
516	1672	1	4.0703034
516	1112	2	3.991188
516	1983	3	3.789588
516	860	4	3.4473152
516	45	5	3.3665833
516	389	6	3.3423295
516	2125	7	2.818556
516	3251	8	2.7795653
516	1511	9	2.731575
516	985	10	2.7118397
517	3781	1	3.456918
517	45	2	2.8429463
517	808	3	2.8149576
517	4017	4	2.749004
517	3307	5	2.7053843
517	1103	6	2.6905513
517	1066	7	2.6736853
517	3506	8	2.598466
517	152	9	2.5963924
517	843	10	2.5942798
518	1983	1	2.8073783
518	3795	2	2.758924
518	914	3	2.6892638
518	860	4	2.6300888
518	389	5	2.45618
518	1058	6	2.3966446
518	937	7	2.3641522
518	4021	8	2.2789674
518	1134	9	2.2020597
518	688	10	2.183591
519	322	1	4.232891
519	389	2	4.203285
519	41	3	3.9135451
519	3251	4	3.7736592
519	45	5	3.7727857
519	2125	6	3.719058
519	993	7	3.5988908
519	985	8	3.3499138
519	3795	9	3.084637
519	3307	10	3.0683582
520	4021	1	3.2722807
520	389	2	3.047674
520	90	3	2.9984188
520	2217	4	2.931438
520	1156	5	2.7043219
520	1406	6	2.6745434
520	2125	7	2.6355855
520	914	8	2.6116295
520	252	9	2.5585942
520	318	10	2.4707582
521	185	1	4.1840496
521	149	2	3.994603
521	1701	3	3.8419216
521	823	4	3.6079526
521	1648	5	3.594865
521	515	6	3.5768802
521	489	7	3.5480473
521	913	8	3.4366581
521	920	9	3.3150294
521	201	10	3.292829
522	2154	1	4.015005
522	3352	2	3.969274
522	4160	3	3.9086943
522	2676	4	3.7469926
522	2248	5	3.6454234
522	3984	6	3.587406
522	3700	7	3.566507
522	2642	8	3.5352027
522	3878	9	3.5089054
522	336	10	3.4545965
523	185	1	3.6325321
523	1701	2	3.5738044
523	4	3	3.309546
523	1693	4	3.26677
523	823	5	3.2543983
523	515	6	3.2239633
523	1689	7	3.0562081
523	920	8	3.02723
523	1114	9	2.9950943
523	692	10	2.9699578
524	172	1	4.033437
524	80	2	3.953418
524	322	3	3.8171444
524	45	4	3.5474203
524	993	5	3.5182202
524	985	6	3.4527113
524	3795	7	3.4300861
524	1926	8	2.9680939
524	3307	9	2.8561633
524	1083	10	2.7900424
525	44	1	4.597616
525	322	2	4.294807
525	45	3	4.050856
525	1983	4	3.9029398
525	41	5	3.8167539
525	4021	6	3.7866492
525	993	7	3.672171
525	860	8	3.4527311
525	3307	9	3.4226832
525	389	10	3.4032516
526	672	1	5.32634
526	905	2	5.19154
526	58	3	5.186883
526	454	4	5.184141
526	430	5	5.1242456
526	680	6	4.9627304
526	109	7	4.9618306
526	936	8	4.947049
526	488	9	4.8864694
526	539	10	4.8645716
527	2032	1	4.0906477
527	1910	2	4.056692
527	735	3	3.9325807
527	589	4	3.8888454
527	34	5	3.871674
527	1132	6	3.8713477
527	944	7	3.7164602
527	1868	8	3.6605778
527	148	9	3.6323907
527	264	10	3.5962148
528	1701	1	3.935911
528	185	2	3.9308238
528	580	3	3.8720722
528	1693	4	3.5776114
528	515	5	3.4135542
528	1114	6	3.2636292
528	920	7	3.2140594
528	1023	8	3.182
528	913	9	3.141896
528	201	10	3.0829608
529	44	1	4.0948343
529	3251	2	3.796751
529	2125	3	3.704027
529	45	4	3.46801
529	993	5	3.362042
529	985	6	3.35109
529	41	7	3.1977797
529	1926	8	3.0803885
529	1139	9	3.0008202
529	147	10	2.956134
530	45	1	3.2912118
530	277	2	2.6455402
530	1263	3	2.5457017
530	3307	4	2.3870842
530	252	5	2.3164349
530	90	6	2.2249212
530	3795	7	2.2037592
530	914	8	2.1642199
530	2217	9	2.0737627
530	1511	10	2.05958
531	44	1	4.766796
531	80	2	4.536023
531	322	3	4.2855277
531	389	4	4.0017633
531	41	5	3.9529843
531	993	6	3.9129448
531	45	7	3.864893
531	2125	8	3.575019
531	3251	9	3.5497966
531	985	10	3.2548661
532	242	1	4.464902
532	682	2	4.420085
532	456	3	4.387052
532	95	4	4.206107
532	622	5	4.0515494
532	439	6	4.0219607
532	3074	7	3.9500382
532	641	8	3.9410086
532	597	9	3.931809
532	3430	10	3.8710675
533	45	1	4.1211004
533	3251	2	3.6657014
533	2125	3	3.6353216
533	985	4	3.4539094
533	3795	5	3.3125474
533	914	6	3.1286826
533	530	7	3.022048
533	1511	8	2.9317274
533	1263	9	2.920637
533	2217	10	2.9063764
534	4021	1	2.831437
534	2217	2	2.71043
534	90	3	2.647077
534	914	4	2.5846758
534	3795	5	2.505785
534	860	6	2.3304582
534	1511	7	2.302079
534	277	8	2.2605393
534	688	9	2.1955953
534	2681	10	2.074098
535	45	1	4.0435023
535	985	2	3.5323672
535	3251	3	3.513239
535	3307	4	3.210656
535	3795	5	3.136866
535	530	6	3.000434
535	1263	7	2.956105
535	277	8	2.9384003
535	914	9	2.8614666
535	1511	10	2.8468235
536	45	1	4.1950545
536	3307	2	3.5306573
536	985	3	3.2939248
536	914	4	3.2207885
536	389	5	3.201748
536	2217	6	3.074004
536	90	7	3.0148184
536	530	8	2.991557
536	1263	9	2.9707599
536	3795	10	2.9100683
537	985	1	3.7086158
537	914	2	3.3191538
537	3251	3	3.2884498
537	3307	4	3.215198
537	3795	5	3.187326
537	530	6	3.0228515
537	90	7	2.874718
537	1511	8	2.850667
537	1263	9	2.8397884
537	2217	10	2.8330574
538	1697	1	4.5668178
538	1648	2	3.92214
538	489	3	3.7622662
538	192	4	3.7617686
538	1411	5	3.7473373
538	534	6	3.6202173
538	149	7	3.5660362
538	2576	8	3.542563
538	185	9	3.5195787
538	1701	10	3.3402843
539	510	1	5.0275292
539	1983	2	4.818461
539	1112	3	4.7836285
539	172	4	4.6631036
539	4021	5	4.6623273
539	44	6	4.515166
539	80	7	4.5060687
539	389	8	4.3514714
539	860	9	4.3340435
539	322	10	4.2827597
540	1594	1	4.6694784
540	77	2	4.268958
540	45	3	4.086046
540	993	4	3.8298464
540	1983	5	3.680168
540	985	6	3.6294327
540	860	7	3.3505805
540	4021	8	3.3410542
540	389	9	3.1340046
540	3307	10	3.1004198
541	353	1	3.9587884
541	3781	2	3.6119752
541	44	3	3.605369
541	1341	4	3.4785516
541	4021	5	3.405079
541	3273	6	3.3808415
541	172	7	3.2280111
541	510	8	3.1452603
541	41	9	2.8884673
541	993	10	2.724906
542	44	1	4.8006854
542	80	2	4.4451795
542	41	3	4.261439
542	45	4	4.155222
542	993	5	3.8616238
542	3307	6	3.3771946
542	1263	7	3.2439196
542	530	8	3.122338
542	90	9	2.9700322
542	389	10	2.8576236
543	109	1	4.755704
543	4029	2	4.6631956
543	728	3	4.5399423
543	1693	4	4.5186357
543	4020	5	4.3392334
543	72	6	4.2984624
543	412	7	4.2840123
543	1023	8	4.2815495
543	330	9	4.2613754
543	488	10	4.2439766
544	1112	1	4.738751
544	172	2	4.7224464
544	322	3	4.571069
544	44	4	4.5231447
544	80	5	4.4960146
544	41	6	3.8363087
544	45	7	3.7084646
544	993	8	3.5627165
544	2125	9	3.428271
544	985	10	3.2810903
545	77	1	3.6960607
545	1983	2	2.9643474
545	1511	3	2.9360251
545	860	4	2.7434855
545	530	5	2.7017746
545	1406	6	2.6870136
545	1156	7	2.6806183
545	4021	8	2.634541
545	3275	9	2.6220427
545	389	10	2.5229754
546	3795	1	3.1256073
546	77	2	2.837028
546	914	3	2.7799835
546	2217	4	2.6278427
546	993	5	2.5957646
546	90	6	2.534433
546	3275	7	2.48988
546	1983	8	2.4487581
546	4021	9	2.412279
546	985	10	2.408238
547	192	1	3.6084476
547	1648	2	3.5930183
547	580	3	3.5390925
547	489	4	3.461578
547	185	5	3.353067
547	534	6	3.3439174
547	2576	7	3.2582703
547	1701	8	3.077074
547	515	9	2.98533
547	4	10	2.924788
548	3781	1	3.819184
548	510	2	3.6910715
548	1112	3	3.482819
548	172	4	3.3181934
548	80	5	3.247995
548	44	6	3.1103234
548	993	7	3.0332294
548	147	8	2.9529586
548	948	9	2.9515982
548	1083	10	2.7647233
549	391	1	4.212428
549	192	2	4.0492964
549	1648	3	4.0325036
549	149	4	3.9192777
549	185	5	3.9077296
549	489	6	3.7951002
549	580	7	3.7943091
549	1701	8	3.77182
549	534	9	3.6784804
549	2576	10	3.6457295
550	45	1	3.8445208
550	44	2	3.5152793
550	4020	3	3.184008
550	1672	4	3.1083932
550	223	5	3.0484905
550	943	6	3.0326915
550	1112	7	2.9852982
550	1831	8	2.8824642
550	2036	9	2.8009348
550	77	10	2.797552
551	172	1	4.5424023
551	44	2	4.4690003
551	1112	3	4.467272
551	80	4	4.325522
551	322	5	3.9925587
551	389	6	3.7741158
551	41	7	3.7213993
551	45	8	3.6083634
551	993	9	3.5484197
551	3251	10	3.3370173
552	735	1	5.0449624
552	185	2	4.897346
552	1868	3	4.8496466
552	1701	4	4.813751
552	1234	5	4.621574
552	515	6	4.4959164
552	823	7	4.382025
552	920	8	4.19874
552	201	9	4.0950084
552	1411	10	4.017542
553	172	1	4.6648254
553	80	2	4.3185277
553	322	3	4.185921
553	41	4	4.034876
553	45	5	3.990443
553	985	6	3.5177355
553	389	7	3.3833222
553	3307	8	3.0994425
553	277	9	3.03845
553	530	10	2.944862
554	672	1	5.351674
554	109	2	4.943796
554	454	3	4.916144
554	936	4	4.8164835
554	393	5	4.7056246
554	4029	6	4.695011
554	58	7	4.6276283
554	1672	8	4.5890265
554	4017	9	4.542699
554	1066	10	4.4736204
555	44	1	4.515195
555	322	2	4.0093565
555	80	3	3.9282866
555	45	4	3.7260864
555	1983	5	3.6747293
555	860	6	3.1969082
555	4021	7	3.1258683
555	985	8	3.0417442
555	3307	9	3.009542
555	389	10	2.979014
556	1672	1	4.1183786
556	1112	2	3.704854
556	389	3	3.1253185
556	993	4	2.770154
556	688	5	2.763065
556	90	6	2.7354918
556	1406	7	2.6466124
556	3307	8	2.6190147
556	3251	9	2.5186074
556	677	10	2.3819485
557	353	1	5.218684
557	4029	2	5.0143976
557	1091	3	4.996685
557	109	4	4.9158244
557	1066	5	4.8949957
557	3273	6	4.8489017
557	1341	7	4.814477
557	936	8	4.7205276
557	1359	9	4.6853824
557	4020	10	4.62585
558	4021	1	2.9724555
558	2217	2	2.9651155
558	985	3	2.784856
558	530	4	2.5020483
558	3251	5	2.3750129
558	2094	6	2.3089244
558	277	7	2.221644
558	318	8	2.1139417
558	3275	9	2.0129352
558	1775	10	2.0069132
560	72	1	5.2559133
560	454	2	5.079475
560	81	3	5.0748425
560	275	4	5.0281897
560	905	5	5.0149374
560	807	6	5.011808
560	706	7	5.0072336
560	539	8	4.957752
560	330	9	4.9342833
560	614	10	4.924612
561	44	1	4.8533936
561	172	2	4.69119
561	1983	3	4.6779737
561	80	4	4.441418
561	4021	5	4.325876
561	860	6	4.2558355
561	322	7	4.232256
561	41	8	4.1321573
561	389	9	4.090252
561	45	10	3.9622502
562	45	1	3.5450332
562	41	2	3.4847605
562	993	3	3.2001472
562	914	4	3.0732787
562	1511	5	2.997747
562	985	6	2.92727
562	2217	7	2.794055
562	3307	8	2.6770504
562	3275	9	2.6465654
562	90	10	2.6200113
563	4020	1	4.707756
563	3273	2	4.4559503
563	1594	3	4.313569
563	1341	4	4.2793446
563	1359	5	4.039416
563	77	6	3.9327707
563	1983	7	3.8228602
563	4021	8	3.8003426
563	3781	9	3.744662
563	510	10	3.6477497
564	993	1	3.1465852
564	672	2	3.0589466
564	936	3	2.8892603
564	1112	4	2.731855
564	3307	5	2.722477
564	4029	6	2.5693486
564	191	7	2.4527395
564	2069	8	2.4500363
564	1103	9	2.4170384
564	1672	10	2.2858849
565	172	1	4.4247108
565	44	2	4.360875
565	80	3	4.0600905
565	322	4	4.0434875
565	41	5	3.7754211
565	993	6	3.383538
565	45	7	3.358094
565	1263	8	3.1103332
565	163	9	2.8858633
565	3307	10	2.7804217
566	1406	1	2.6191716
566	1983	2	2.551262
566	4021	3	2.470457
566	1156	4	2.4610543
566	688	5	2.3954837
566	1511	6	2.390227
566	860	7	2.3660777
566	3795	8	2.346354
566	252	9	2.2836065
566	1058	10	2.2009377
567	1672	1	3.9880993
567	44	2	3.770469
567	1112	3	3.76223
567	1594	4	3.6258452
567	3307	5	3.3151813
567	77	6	3.3047502
567	993	7	3.259037
567	41	8	3.0632439
567	688	9	2.98554
567	1511	10	2.7874622
568	82	1	4.1044726
568	485	2	4.0527067
568	213	3	3.7774615
568	1697	4	3.6433296
568	24	5	3.553885
568	732	6	3.4345741
568	1411	7	3.4297318
568	1648	8	3.300778
568	391	9	3.2687578
568	192	10	3.21263
569	672	1	5.226936
569	109	2	5.068204
569	4029	3	4.983012
569	72	4	4.8326607
569	81	5	4.7761307
569	330	6	4.7049265
569	807	7	4.6472917
569	4020	8	4.62463
569	905	9	4.621368
569	454	10	4.6202164
570	735	1	4.2014694
570	2628	2	3.7740865
570	1234	3	3.690518
570	580	4	3.673429
570	1697	5	3.5827131
570	1411	6	3.434497
570	1693	7	3.2976532
570	2576	8	3.22859
570	515	9	3.2268224
570	4	10	3.2129273
571	41	1	3.9322948
571	45	2	3.850422
571	993	3	3.7200613
571	2125	4	3.4592762
571	3251	5	3.4448478
571	985	6	3.3670235
571	3307	7	3.1508942
571	3795	8	2.9276755
571	914	9	2.905499
571	530	10	2.826427
573	735	1	5.1444902
573	1697	2	4.671029
573	2628	3	4.468846
573	391	4	4.27652
573	732	5	4.2540617
573	185	6	4.0855923
573	149	7	4.0285077
573	1701	8	3.9248095
573	1693	9	3.7727964
573	1648	10	3.7647634
574	172	1	4.487832
574	77	2	4.2144394
574	80	3	4.1922493
574	322	4	3.9523911
574	1983	5	3.685381
574	45	6	3.5932493
574	993	7	3.4668198
574	860	8	3.4364018
574	4021	9	3.331917
574	389	10	3.0601296
575	275	1	3.9133108
575	680	2	3.8916187
575	353	3	3.842881
575	905	4	3.8076777
575	58	5	3.8014655
575	330	6	3.6906323
575	430	7	3.5792356
575	806	8	3.546889
575	791	9	3.4761608
575	1066	10	3.454517
576	510	1	4.3326435
576	44	2	4.031004
576	172	3	3.9785404
576	80	4	3.8537326
576	389	5	3.6637702
576	322	6	3.6393106
576	41	7	3.4684331
576	985	8	3.3463957
576	993	9	3.3218708
576	45	10	3.3048642
578	44	1	4.7829847
578	322	2	4.628895
578	1983	3	4.576233
578	4021	4	4.280896
578	45	5	4.121881
578	41	6	4.0443296
578	389	7	3.9684699
578	993	8	3.856655
578	2125	9	3.478692
578	3251	10	3.4492726
579	391	1	4.317176
579	732	2	4.242608
579	149	3	4.0015984
579	580	4	3.9323246
579	1648	5	3.7837741
579	1701	6	3.7836428
579	192	7	3.7750657
579	185	8	3.7522106
579	534	9	3.563847
579	4	10	3.5367904
580	172	1	4.6279063
580	1112	2	4.496888
580	80	3	4.4898925
580	44	4	4.394317
580	389	5	4.1399736
580	322	6	4.109404
580	3251	7	3.7324183
580	41	8	3.7187533
580	45	9	3.7164783
580	2125	10	3.703255
581	3781	1	4.199817
581	44	2	4.1967516
581	1112	3	4.08323
581	510	4	4.058197
581	172	5	4.016777
581	41	6	3.6693046
581	1594	7	3.6101484
581	80	8	3.5713997
581	322	9	3.5177727
581	45	10	3.257442
582	172	1	4.3102007
582	80	2	4.0183983
582	322	3	3.9222803
582	45	4	3.5090637
582	993	5	3.405021
582	985	6	3.324493
582	3307	7	3.2379236
582	2125	8	3.199674
582	3251	9	3.1474128
582	277	10	2.712635
583	49	1	3.7115326
583	1066	2	3.678646
583	351	3	3.6357336
583	3929	4	3.6034217
583	45	5	3.4907398
583	439	6	3.4512286
583	479	7	3.4024339
583	168	8	3.304904
583	44	9	3.2686262
583	4017	10	3.2357607
584	1023	1	2.6687307
584	1843	2	2.4663253
584	215	3	2.3476055
584	534	4	2.3098812
584	1789	5	2.3042173
584	184	6	2.2873802
584	580	7	2.253952
584	1011	8	2.2313108
584	403	9	2.1776953
584	1069	10	2.1674294
585	45	1	3.787337
585	152	2	3.6655786
585	1066	3	3.487353
585	3307	4	3.471806
585	843	5	3.4652195
585	3313	6	3.4298768
585	789	7	3.3950677
585	597	8	3.3003154
585	44	9	3.272387
585	351	10	3.2511332
586	1341	1	4.022622
586	1359	2	3.7342944
586	1112	3	3.6984289
586	3781	4	3.6550875
586	510	5	3.4513755
586	1672	6	3.3466475
586	44	7	3.2553184
586	172	8	3.218161
586	80	9	3.1307893
586	993	10	2.9538925
587	454	1	5.664339
587	4020	2	5.548077
587	936	3	5.504074
587	1594	4	5.3304777
587	680	5	5.2898088
587	58	6	5.1343117
587	77	7	5.133306
587	393	8	5.1128454
587	353	9	5.039288
587	721	10	4.9170647
588	1672	1	4.0093975
588	1594	2	3.3153028
588	1263	3	2.9741895
588	4021	4	2.8282375
588	985	5	2.810062
588	914	6	2.6546078
588	860	7	2.6533036
588	1983	8	2.5760589
588	1511	9	2.4197834
588	1755	10	2.4007459
590	1672	1	4.48982
590	1112	2	4.2512674
590	510	3	4.1713824
590	44	4	4.1189146
590	172	5	3.9745164
590	80	6	3.6362486
590	41	7	3.45668
590	322	8	3.4127536
590	993	9	3.3581476
590	45	10	3.281477
592	1672	1	4.2671084
592	45	2	4.1342344
592	1112	3	4.106284
592	77	4	3.9173517
592	993	5	3.515338
592	1983	6	3.467629
592	3307	7	3.3746665
592	4021	8	3.341042
592	860	9	3.2484298
592	1029	10	3.0589912
593	735	1	4.835657
593	1868	2	4.7209086
593	185	3	4.6226997
593	1701	4	4.5428433
593	1697	5	4.4652925
593	1234	6	4.386845
593	515	7	4.2053595
593	823	8	4.085759
593	920	9	3.9260278
593	913	10	3.910771
594	3251	1	3.3333883
594	2125	2	3.3012362
594	252	3	3.0644045
594	3795	4	3.0187995
594	530	5	2.9744892
594	2217	6	2.9670067
594	1263	7	2.9516673
594	914	8	2.9494824
594	90	9	2.9206905
594	1406	10	2.9184105
595	44	1	4.3322787
595	3251	2	4.023373
595	322	3	3.9436593
595	2125	4	3.8308644
595	41	5	3.6022277
595	993	6	3.559398
595	45	7	3.5306182
595	985	8	3.2239513
595	1926	9	3.1609745
595	1139	10	3.1069257
596	454	1	5.4159555
596	439	2	5.289292
596	330	3	5.252883
596	58	4	5.169594
596	353	5	4.9296227
596	168	6	4.887323
596	1091	7	4.857683
596	672	8	4.8497677
596	3430	9	4.745472
596	1672	10	4.7430887
597	456	1	4.721554
597	3074	2	4.5168614
597	439	3	4.251253
597	3430	4	3.949895
597	123	5	3.781788
597	728	6	3.704947
597	4017	7	3.6883302
597	168	8	3.6232986
597	504	9	3.6117496
597	71	10	3.4014268
598	454	1	4.7163754
598	905	2	4.6969876
598	539	3	4.660222
598	330	4	4.648956
598	275	5	4.6410065
598	680	6	4.5351787
598	1578	7	4.492749
598	430	8	4.4745693
598	353	9	4.4157767
598	874	10	4.352662
599	515	1	3.3747025
599	920	2	3.0559106
599	692	3	3.0456913
599	913	4	2.9151244
599	3017	5	2.8911147
599	304	6	2.8594074
599	1313	7	2.8322008
599	1016	8	2.8299477
599	1023	9	2.8048897
599	1011	10	2.7904
600	4020	1	4.9446697
600	1594	2	4.7257314
600	1672	3	4.6701055
600	77	4	4.511172
600	1341	5	4.5019426
600	3273	6	4.35876
600	1359	7	4.313802
600	1112	8	4.227908
600	3781	9	4.222909
600	44	10	4.0287094
601	1112	1	3.9067223
601	1672	2	3.673913
601	41	3	3.6645043
601	3251	4	2.972101
601	985	5	2.8459368
601	789	6	2.7077231
601	677	7	2.6558456
601	530	8	2.589089
601	1831	9	2.5647461
601	252	10	2.5087745
602	1672	1	4.092707
602	1112	2	3.799955
602	993	3	3.3518386
602	985	4	3.0539198
602	77	5	2.9227035
602	1983	6	2.6234946
602	677	7	2.5054333
602	571	8	2.436065
602	1263	9	2.4330254
602	1406	10	2.4226995
603	1594	1	3.947647
603	2217	2	3.671613
603	90	3	3.5547159
603	77	4	3.513826
603	914	5	3.3234801
603	688	6	3.128002
603	3275	7	3.0705738
603	1511	8	3.021031
603	1263	9	2.9903054
603	1983	10	2.9494116
604	456	1	5.0624456
604	439	2	4.7327895
604	905	3	4.4338627
604	672	4	4.4274096
604	58	5	4.3947363
604	604	6	4.3899546
604	353	7	4.3578243
604	454	8	4.3357406
604	330	9	4.234237
604	680	10	4.211354
605	1112	1	4.095313
605	44	2	3.9634256
605	172	3	3.88587
605	322	4	3.7606242
605	1926	5	3.2128937
605	41	6	3.210021
605	147	7	3.1507678
605	45	8	3.028051
605	993	9	3.0016098
605	798	10	2.9393666
606	539	1	3.2779584
606	587	2	3.226171
606	1411	3	3.2030296
606	706	4	3.1132224
606	244	5	3.0719838
606	71	6	3.0691066
606	218	7	3.0546327
606	58	8	3.0377998
606	330	9	3.0159595
606	72	10	3.013005
607	2628	1	4.400341
607	1411	2	3.8854456
607	515	3	3.801369
607	580	4	3.7467923
607	192	5	3.714109
607	823	6	3.7076786
607	1648	7	3.7036471
607	489	8	3.5412116
607	534	9	3.3513303
607	1693	10	3.346363
608	1672	1	3.8082132
608	1112	2	3.5121346
608	672	3	3.3737624
608	936	4	3.2660534
608	1029	5	3.0212631
608	4029	6	2.8279724
608	1090	7	2.8250182
608	1103	8	2.7805285
608	1406	9	2.6918845
608	1144	10	2.6571748
609	439	1	5.2404685
609	201	2	4.705739
609	1313	3	4.623082
609	672	4	4.595421
609	109	5	4.4960637
609	4029	6	4.4522505
609	82	7	4.4037495
609	123	8	4.3663206
609	63	9	4.291008
609	728	10	4.290877
610	1341	1	4.902258
610	3273	2	4.8811884
610	4020	3	4.761705
610	1672	4	4.71679
610	1359	5	4.650934
610	1594	6	4.5515685
610	3781	7	4.501156
610	510	8	4.3353443
610	77	9	4.246495
610	172	10	4.2420077
611	44	1	4.516263
611	80	2	4.1686344
611	322	3	4.135133
611	41	4	3.997998
611	1594	5	3.9672275
611	45	6	3.8636498
611	77	7	3.662744
611	993	8	3.6336644
611	985	9	3.5087175
611	1983	10	3.0988953
612	44	1	4.435839
612	389	2	4.1112204
612	80	3	4.097071
612	322	4	3.828945
612	41	5	3.6930783
612	3251	6	3.6891508
612	2125	7	3.5660706
612	45	8	3.5636387
612	993	9	3.4320035
612	985	10	3.3809376
613	322	1	4.0100603
613	1983	2	3.6356497
613	860	3	3.3503957
613	3307	4	3.2645025
613	389	5	3.0759797
613	3795	6	2.9675248
613	985	7	2.8832874
613	3251	8	2.6267397
613	2125	9	2.6064248
613	1511	10	2.5587866
614	485	1	4.5220304
614	82	2	4.20246
614	580	3	3.7274132
614	732	4	3.6209464
614	391	5	3.551752
614	149	6	3.4602473
614	185	7	3.3614967
614	2576	8	3.2280746
614	1689	9	3.2257342
614	1701	10	3.081295
615	1594	1	4.0571165
615	353	2	4.0428677
615	77	3	3.8095164
615	1983	4	3.6103082
615	1112	5	3.5536323
615	1341	6	3.5299096
615	3273	7	3.460691
615	389	8	3.4070003
615	860	9	3.3527217
615	1359	10	3.2679815
616	485	1	5.392263
616	82	2	5.35625
616	391	3	4.763284
616	732	4	4.7500544
616	1132	5	4.627263
616	735	6	4.6038904
616	589	7	4.5943766
616	185	8	4.5118084
616	34	9	4.5073295
616	148	10	4.479349
617	735	1	4.585082
617	589	2	4.579328
617	1910	3	4.4901276
617	1868	4	4.455369
617	34	5	4.3999844
617	148	6	4.344739
617	1234	7	4.093137
617	1697	8	4.045896
617	2628	9	4.0327
617	920	10	3.5617876
618	1701	1	4.0169578
618	185	2	3.8929434
618	920	3	3.83537
618	913	4	3.815256
618	1313	5	3.7406278
618	1868	6	3.6799736
618	1234	7	3.637082
618	1910	8	3.610816
618	735	9	3.584238
618	1697	10	3.5775077
619	1594	1	5.483513
619	905	2	5.3464985
619	454	3	5.3452835
619	330	4	5.328948
619	77	5	5.298455
619	680	6	5.0697975
619	50	7	5.020941
619	539	8	5.0038543
619	806	9	4.913129
619	393	10	4.8944054
620	3781	1	3.698499
620	1503	2	3.6402435
620	1149	3	3.3719864
620	3313	4	3.3461719
620	2101	5	3.3393028
620	1066	6	3.3260322
620	45	7	3.3081107
620	1111	8	3.1906233
620	936	9	3.1620018
620	1148	10	3.1530313
621	985	1	3.2888837
621	90	2	2.7044086
621	2217	3	2.6831794
621	2125	4	2.6205087
621	1511	5	2.5979834
621	914	6	2.5705183
621	3251	7	2.5533986
621	1156	8	2.5020294
621	3795	9	2.4737887
621	318	10	2.2489948
622	44	1	4.649758
622	80	2	4.5578127
622	322	3	4.3330812
622	45	4	3.942182
622	41	5	3.93691
622	993	6	3.849253
622	3251	7	3.783536
622	2125	8	3.73644
622	985	9	3.4225676
622	3795	10	3.222243
623	735	1	4.990096
623	185	2	4.115732
623	1701	3	4.057169
623	1411	4	3.879448
623	515	5	3.7103808
623	823	6	3.6930416
623	192	7	3.6542163
623	1648	8	3.5828018
623	920	9	3.4849648
623	580	10	3.472122
624	1594	1	3.289841
624	77	2	2.989277
624	1511	3	2.8109245
624	914	4	2.7390432
624	1983	5	2.6597805
624	860	6	2.5844302
624	277	7	2.4923298
624	252	8	2.245534
624	389	9	2.1878958
624	704	10	2.1853125
626	728	1	4.6854863
626	672	2	4.572399
626	72	3	4.492795
626	1693	4	4.4860806
626	81	5	4.4088316
626	330	6	4.402416
626	4029	7	4.385618
626	109	8	4.3707657
626	71	9	4.348423
626	1023	10	4.343952
628	44	1	4.5148644
628	322	2	4.1475773
628	45	3	3.836009
628	41	4	3.7303908
628	993	5	3.6672976
628	389	6	3.5383346
628	985	7	3.4672453
628	3307	8	3.0914633
628	2125	9	2.976477
628	3251	10	2.9321644
629	44	1	4.0320168
629	172	2	3.8757565
629	41	3	3.509494
629	1983	4	3.3544886
629	80	5	3.3503957
629	322	6	3.3189535
629	993	7	3.228096
629	4021	8	3.1357427
629	860	9	3.1040723
629	45	10	2.980646
630	322	1	3.7870145
630	389	2	3.683939
630	41	3	3.4556787
630	45	4	3.4481812
630	2125	5	3.3780618
630	3251	6	3.2586074
630	993	7	3.2432468
630	3795	8	3.1039853
630	985	9	2.8295045
630	3307	10	2.7692358
631	45	1	3.7357318
631	993	2	3.4705133
631	1983	3	3.239685
631	3307	4	3.0680163
631	985	5	3.023152
631	3795	6	2.9466577
631	4021	7	2.9388764
631	860	8	2.92347
631	914	9	2.8953285
631	389	10	2.7102408
632	44	1	4.7388554
632	80	2	4.582711
632	322	3	4.2712846
632	41	4	3.9434242
632	45	5	3.9254098
632	3251	6	3.8104272
632	2125	7	3.7317002
632	985	8	3.2615557
632	3307	9	3.2276378
632	3795	10	3.10492
633	1594	1	4.4669914
633	77	2	4.191535
633	322	3	3.9364529
633	1983	4	3.6579435
633	4021	5	3.5252612
633	993	6	3.3582153
633	860	7	3.315511
633	389	8	3.1665516
633	985	9	3.1327214
633	3307	10	2.996826
634	77	1	4.951723
634	1112	2	4.5688486
634	1983	3	4.4344506
634	4021	4	4.2794123
634	172	5	4.2788935
634	860	6	4.094784
634	80	7	4.0883875
634	389	8	3.9343169
634	322	9	3.9304116
634	3251	10	3.555788
635	510	1	5.1450973
635	3781	2	5.1055546
635	1672	3	4.908721
635	172	4	4.829383
635	4020	5	4.8165956
635	1594	6	4.7863474
635	44	7	4.5994673
635	77	8	4.5123405
635	80	9	4.4881735
635	1112	10	4.481415
636	510	1	4.5194693
636	172	2	4.36697
636	322	3	4.1178284
636	80	4	3.83
636	45	5	3.6430223
636	993	6	3.5034995
636	860	7	3.4020672
636	4021	8	3.3459332
636	389	9	3.3025928
636	985	10	3.2723157
637	44	1	4.9540706
637	80	2	4.6750746
637	41	3	4.289543
637	45	4	4.1050687
637	993	5	3.8937786
637	389	6	3.7888825
637	985	7	3.6161382
637	3251	8	3.3529468
637	2125	9	3.3226871
637	3307	10	3.0583932
638	172	1	4.4996505
638	44	2	4.4752917
638	1983	3	4.387431
638	80	4	4.3291864
638	4021	5	4.1460595
638	322	6	4.140666
638	860	7	3.9151483
638	389	8	3.85539
638	41	9	3.853538
638	45	10	3.6317418
639	735	1	5.1496563
639	920	2	3.861637
639	192	3	3.7552536
639	1648	4	3.747289
639	489	5	3.7396202
639	580	6	3.6250114
639	1011	7	3.611251
639	1313	8	3.551649
639	1023	9	3.5402608
639	123	10	3.3887832
640	515	1	3.7047272
640	1693	2	3.6873565
640	920	3	3.4347997
640	913	4	3.2696435
640	201	5	3.2305987
640	1023	6	3.1708255
640	3017	7	3.072771
640	982	8	3.0415378
640	1843	9	2.9856527
640	123	10	2.909398
641	735	1	4.7588243
641	589	2	4.7404985
641	1868	3	4.594619
641	1697	4	4.5011053
641	2628	5	4.407013
641	1234	6	4.387072
641	192	7	3.631798
641	1648	8	3.6017656
641	1693	9	3.59026
641	4	10	3.5492642
642	1983	1	3.4859953
642	4021	2	3.334288
642	860	3	3.0860963
642	2217	4	2.9676452
642	389	5	2.9120052
642	1511	6	2.74106
642	688	7	2.6226726
642	2125	8	2.5106807
642	1156	9	2.4851975
642	1406	10	2.4636703
643	172	1	3.772992
643	3781	2	3.6754866
643	45	3	3.6210694
643	510	4	3.468472
643	322	5	3.2038968
643	1594	6	3.1328044
643	80	7	3.1122189
643	993	8	3.0133953
643	1263	9	2.843851
643	545	10	2.6291227
644	44	1	4.5861316
644	322	2	4.353645
644	45	3	3.901105
644	41	4	3.8469353
644	993	5	3.6703181
644	2125	6	3.2953467
644	3795	7	3.2785354
644	985	8	3.2387345
644	3307	9	3.2227988
644	3251	10	3.2023947
645	389	1	3.9238455
645	985	2	3.5119164
645	3251	3	3.405505
645	3307	4	3.3244843
645	2125	5	3.2555223
645	530	6	2.9932735
645	3795	7	2.98862
645	2217	8	2.9476552
645	1263	9	2.8248625
645	90	10	2.7769923
646	58	1	5.1247597
646	353	2	5.0962486
646	4029	3	4.9712095
646	1672	4	4.9390965
646	109	5	4.808681
646	936	6	4.784914
646	4020	7	4.730611
646	1066	8	4.6482677
646	3273	9	4.6449075
646	1091	10	4.6321297
647	735	1	4.8166265
647	1868	2	4.6102686
647	185	3	4.579718
647	1701	4	4.5121384
647	149	5	4.511741
647	1697	6	4.422432
647	1234	7	4.412155
647	1693	8	4.206554
647	4	9	4.206152
647	2628	10	4.1889
648	515	1	4.942621
648	1693	2	4.770171
648	823	3	4.6279483
648	920	4	4.512421
648	201	5	4.505866
648	1011	6	4.4235992
648	982	7	4.41121
648	735	8	4.392957
648	1313	9	4.361796
648	1023	10	4.2661324
649	80	1	4.2997246
649	322	2	4.0847654
649	41	3	3.759367
649	45	4	3.7459111
649	993	5	3.6103978
649	2125	6	3.2689338
649	3251	7	3.1832323
649	985	8	3.1510174
649	3307	9	3.035327
649	3795	10	2.975434
650	1983	1	3.199542
650	3795	2	3.014591
650	860	3	2.9929652
650	914	4	2.9160266
650	1156	5	2.8131437
650	389	6	2.638647
650	4021	7	2.6273005
650	780	8	2.5751417
650	1511	9	2.5604215
650	937	10	2.5406055
651	1672	1	3.1589508
651	44	2	3.0580869
651	2217	3	2.9010947
651	45	4	2.7998018
651	2036	5	2.7513268
651	2681	6	2.7240667
651	389	7	2.626997
651	1112	8	2.5922146
651	535	9	2.588644
651	41	10	2.4530766
652	1672	1	4.613128
652	1112	2	4.4841485
652	172	3	4.3777647
652	80	4	4.2999372
652	322	5	3.9914055
652	41	6	3.669073
652	45	7	3.5368822
652	1926	8	3.5073013
652	993	9	3.4782236
652	1139	10	3.3920965
653	45	1	3.9561164
653	993	2	3.5903563
653	985	3	3.349028
653	3307	4	3.237409
653	3795	5	3.0870438
653	2125	6	3.0678685
653	3251	7	2.976512
653	2217	8	2.7845097
653	1406	9	2.7795062
653	914	10	2.772243
654	58	1	5.5569153
654	109	2	5.431616
654	1341	3	5.2494144
654	4020	4	5.1262813
654	353	5	5.025329
654	3781	6	4.823391
654	3273	7	4.782958
654	1594	8	4.7119384
654	1359	9	4.6287856
654	510	10	4.5111623
655	1983	1	3.959941
655	90	2	3.569069
655	860	3	3.5519674
655	4021	4	3.5444274
655	2217	5	3.4934585
655	1263	6	3.3709896
655	389	7	3.354817
655	914	8	3.2369394
655	3795	9	3.098134
655	1156	10	3.0659328
656	920	1	4.6291814
656	148	2	4.5982285
656	944	3	4.5594215
656	735	4	4.522623
656	589	5	4.5177407
656	201	6	4.51278
656	34	7	4.4342947
656	1011	8	4.35599
656	1313	9	4.3218865
656	1023	10	4.319028
657	1672	1	3.7906973
657	985	2	2.8050337
657	1263	3	2.7873173
657	587	4	2.6729085
657	1406	5	2.6458094
657	530	6	2.6355615
657	914	7	2.3614538
657	38	8	2.2891188
657	1511	9	2.280105
657	1139	10	2.2248058
658	172	1	3.868907
658	510	2	3.4658856
658	4020	3	3.39893
658	80	4	3.370108
658	1672	5	3.3142834
658	3781	6	3.2307372
658	225	7	3.2091599
658	77	8	3.168414
658	44	9	3.1254802
658	1112	10	2.9626765
659	82	1	4.1279173
659	1626	2	4.0802774
659	2090	3	3.9626284
659	2605	4	3.9376934
659	405	5	3.9238896
659	734	6	3.9126573
659	1011	7	3.885755
659	1424	8	3.8473558
659	2091	9	3.7699614
659	2273	10	3.6978364
660	1341	1	4.326184
660	510	2	3.9684508
660	1066	3	3.8982902
660	80	4	3.5307336
660	147	5	3.5201285
660	1359	6	3.5159063
660	3781	7	3.4937367
660	44	8	3.2889552
660	1112	9	3.2052937
660	172	10	3.1947756
661	1672	1	5.3243866
661	58	2	4.927935
661	353	3	4.801462
661	1091	4	4.6266594
661	1066	5	4.602221
661	1341	6	4.5646076
661	3273	7	4.5506425
661	1594	8	4.500519
661	1359	9	4.378188
661	77	10	4.260392
662	77	1	3.7779007
662	1983	2	3.2849593
662	90	3	3.1698666
662	914	4	3.0402598
662	4021	5	2.979052
662	860	6	2.9667072
662	530	7	2.878427
662	1156	8	2.863182
662	1511	9	2.805619
662	688	10	2.7692738
663	1868	1	4.4251413
663	735	2	4.375348
663	1697	3	4.0915523
663	1234	4	3.9667437
663	2628	5	3.6243508
663	920	6	3.2939825
663	201	7	3.1951005
663	1648	8	3.1533957
663	1011	9	3.152566
663	489	10	3.1083865
664	4020	1	5.7376766
664	1672	2	5.5213804
664	1594	3	5.4421315
664	1341	4	5.434946
664	3781	5	5.1794415
664	77	6	5.0883555
664	1112	7	4.904302
664	510	8	4.8471274
664	172	9	4.580351
664	1983	10	4.5026712
665	1672	1	4.8514104
665	1112	2	4.612846
665	45	3	4.3573513
665	993	4	3.8487325
665	1983	5	3.391263
665	985	6	3.3280146
665	3307	7	3.2960334
665	1511	8	3.2494845
665	860	9	3.1418977
665	1406	10	3.06146
666	439	1	5.421498
666	672	2	4.639062
666	109	3	4.5352116
666	4029	4	4.5171146
666	82	5	4.4481993
666	1693	6	4.2727294
666	330	7	4.203764
666	72	8	4.133385
666	19	9	4.127843
666	81	10	4.1084185
668	172	1	3.8577821
668	80	2	3.7098505
668	322	3	3.7003286
668	45	4	3.2295299
668	993	5	3.1979609
668	985	6	3.025405
668	3251	7	2.9488432
668	2125	8	2.9435859
668	3307	9	2.6890829
668	1134	10	2.6466248
669	1672	1	4.3866825
669	1594	2	3.4243011
669	914	3	3.1147838
669	77	4	3.1118393
669	985	5	3.016437
669	90	6	2.9672341
669	1406	7	2.8225684
669	277	8	2.8160841
669	1983	9	2.7425
669	860	10	2.6649303
670	604	1	3.7523706
670	439	2	3.716908
670	168	3	3.4533
670	44	4	3.424449
670	3781	5	3.312111
670	1672	6	3.2689846
670	45	7	3.235489
670	4017	8	3.1468687
670	672	9	3.0344124
670	789	10	2.6831057
671	672	1	3.8486257
671	4029	2	3.8049996
671	936	3	3.7373576
671	1594	4	3.1464953
671	4020	5	3.1084151
671	77	6	2.7618484
671	530	7	2.578668
671	3795	8	2.5251746
671	1511	9	2.4137917
671	206	10	2.3843842
672	1449	1	3.5464716
672	895	2	3.4037275
672	369	3	3.333473
672	304	4	3.06848
672	485	5	3.062169
672	1689	6	3.0563657
672	3017	7	2.963469
672	73	8	2.9344177
672	82	9	2.8841705
672	213	10	2.7784617
673	80	1	4.2268305
673	77	2	4.2064333
673	1983	3	3.8217504
673	860	4	3.4311056
673	4021	5	3.4017086
673	389	6	3.3490865
673	3307	7	2.9605944
673	2125	8	2.8889375
673	3795	9	2.7615585
673	3251	10	2.7375476
674	1672	1	3.3528368
674	44	2	3.1558645
674	77	3	3.067889
674	3307	4	2.9569588
674	914	5	2.8027434
674	1263	6	2.607861
674	4021	7	2.5772
674	1983	8	2.4466653
674	277	9	2.4353774
674	860	10	2.3900924
675	44	1	3.8669763
675	80	2	3.602063
675	172	3	3.5842025
675	41	4	3.2603662
675	322	5	3.1896372
675	45	6	3.082615
675	993	7	2.8884354
675	3795	8	2.4808898
675	1406	9	2.3918128
675	1263	10	2.350865
676	1672	1	4.4341354
676	1112	2	4.139301
676	993	3	3.660333
676	1983	4	3.530558
676	4021	5	3.3854828
676	677	6	3.232631
676	860	7	3.2173393
676	1029	8	3.1792004
676	1893	9	3.0117931
676	1831	10	2.997778
677	895	1	3.6596403
677	369	2	3.5135107
677	485	3	3.4825888
677	1411	4	3.3943071
677	73	5	3.325149
677	3075	6	3.2356436
677	2449	7	3.1772194
677	213	8	3.146811
677	125	9	3.00931
677	24	10	3.0010927
678	485	1	4.148711
678	73	2	3.9683678
678	213	3	3.862819
678	82	4	3.6901364
678	304	5	3.4693563
678	1016	6	3.429927
678	24	7	3.396091
678	3017	8	3.3931828
678	945	9	3.3598254
678	1114	10	3.3596973
679	1411	1	3.318968
679	82	2	3.2519355
679	185	3	3.0770636
679	580	4	3.0678954
679	1648	5	3.0169392
679	732	6	2.9570434
679	192	7	2.9386592
679	1114	8	2.8898175
679	515	9	2.8647313
679	1701	10	2.798654
680	322	1	4.4273195
680	80	2	4.420294
680	1983	3	4.281436
680	45	4	4.2037144
680	4021	5	4.0322657
680	860	6	3.9996376
680	993	7	3.9230983
680	389	8	3.6829743
680	3307	9	3.5403025
680	985	10	3.4359987
681	44	1	4.3852587
681	172	2	4.2215953
681	322	3	3.9697602
681	41	4	3.6370697
681	45	5	3.4635897
681	1926	6	3.406086
681	993	7	3.228238
681	1139	8	3.1772957
681	147	9	3.1158493
681	985	10	2.9842577
682	439	1	4.724578
682	109	2	4.113042
682	201	3	4.0800304
682	672	4	4.065304
682	4029	5	4.050853
682	1313	6	4.0028653
682	82	7	3.8170295
682	1594	8	3.7865384
682	728	9	3.739343
682	63	10	3.7158067
683	44	1	5.071924
683	45	2	4.2921314
683	41	3	4.0979033
683	993	4	3.8846087
683	3307	5	3.6756244
683	3795	6	3.4684563
683	2217	7	3.435973
683	389	8	3.4220674
683	985	9	3.26538
683	90	10	3.2545726
684	3781	1	4.285998
684	1672	2	3.5082507
684	45	3	3.282226
684	44	4	3.2743478
684	3275	5	3.2275486
684	1112	6	3.1566286
684	993	7	3.152682
684	90	8	3.1468525
684	688	9	3.139019
684	3307	10	3.044973
685	1112	1	4.6355596
685	2217	2	3.8634396
685	993	3	3.7340453
685	1983	4	3.6781056
685	90	5	3.645065
685	4021	6	3.5252018
685	985	7	3.438838
685	860	8	3.352261
685	389	9	3.1552305
685	3307	10	3.152301
686	672	1	5.0745683
686	109	2	4.9968557
686	4029	3	4.9388075
686	72	4	4.7846932
686	488	5	4.752808
686	330	6	4.747595
686	81	7	4.738172
686	905	8	4.6440086
686	454	9	4.6301117
686	807	10	4.6277547
687	44	1	4.265274
687	80	2	4.239503
687	322	3	4.138336
687	45	4	3.8132467
687	41	5	3.6655672
687	993	6	3.5437284
687	985	7	3.3966894
687	389	8	3.3341894
687	3307	9	3.1614678
687	3795	10	2.9521985
688	149	1	3.4849787
688	1701	2	3.3016357
688	185	3	3.260006
688	2449	4	3.1885538
688	945	5	3.1704788
688	1016	6	3.0522904
688	4	7	3.0480719
688	3017	8	2.992269
688	304	9	2.9882424
688	371	10	2.9735646
689	3251	1	3.9984784
689	45	2	3.5022616
689	993	3	3.3823938
689	1926	4	3.291752
689	1083	5	3.0851817
689	147	6	3.0502315
689	1139	7	3.0106704
689	141	8	2.915784
689	3795	9	2.8294811
689	948	10	2.7917175
690	1983	1	3.6718094
690	2217	2	3.3719912
690	860	3	3.3149855
690	4021	4	3.3104389
690	90	5	3.0862966
690	389	6	3.049334
690	1406	7	2.9778743
690	1263	8	2.9591124
690	914	9	2.896815
690	1511	10	2.8566756
691	353	1	3.8760147
691	58	2	3.83065
691	1091	3	3.6318154
691	1341	4	3.5834608
691	3273	5	3.5506866
691	1112	6	3.3634405
691	3251	7	3.280177
691	1359	8	3.2509933
691	510	9	3.2271864
691	3781	10	3.063589
692	44	1	3.8592696
692	41	2	3.305244
692	439	3	3.2630515
692	1672	4	3.1583095
692	4017	5	3.0594568
692	1817	6	3.044711
692	1410	7	2.9804158
692	156	8	2.9406524
692	168	9	2.9136353
692	672	10	2.8356428
693	1983	1	3.1506243
693	2217	2	3.011095
693	90	3	2.9929497
693	860	4	2.9391108
693	530	5	2.927863
693	914	6	2.8970504
693	4021	7	2.792477
693	3795	8	2.7733061
693	1263	9	2.7330232
693	1511	10	2.5893023
694	44	1	3.9576912
694	1112	2	3.7825718
694	1672	3	3.2466183
694	2217	4	3.1218085
694	4021	5	2.9171576
694	860	6	2.60696
694	1983	7	2.543453
694	530	8	2.5425496
694	277	9	2.392179
694	389	10	2.3351855
695	45	1	4.4956093
695	322	2	4.4583254
695	1983	3	4.440545
695	4021	4	4.2945166
695	860	5	3.985347
695	993	6	3.9704885
695	389	7	3.7957196
695	985	8	3.5862322
695	3307	9	3.4838085
695	3251	10	3.2934375
696	456	1	4.692704
696	3074	2	4.3368387
696	622	3	4.310805
696	95	4	4.3000984
696	439	5	4.144264
696	108	6	4.0720596
696	597	7	4.070955
696	73	8	3.9499302
696	213	9	3.8222017
696	168	10	3.7055783
697	1594	1	5.367875
697	510	2	4.86206
697	3781	3	4.794506
697	1112	4	4.6913524
697	1983	5	4.614008
697	44	6	4.5815387
697	172	7	4.5575876
697	80	8	4.3756895
697	389	9	4.174983
697	4021	10	4.17033
698	3781	1	3.7393346
698	44	2	3.5436735
698	322	3	3.3186865
698	1672	4	3.3024387
698	1112	5	3.292613
698	172	6	3.2185884
698	654	7	2.9216802
698	2550	8	2.818616
698	41	9	2.7466788
698	734	10	2.7225227
699	172	1	4.871147
699	510	2	4.8191996
699	44	3	4.6946583
699	936	4	4.5889673
699	3781	5	4.559093
699	4029	6	4.48821
699	109	7	4.378564
699	1112	8	4.3524194
699	1672	9	4.3358455
699	80	10	4.315179
700	1672	1	5.1990204
700	510	2	5.172826
700	172	3	5.0538425
700	1594	4	4.8684673
700	44	5	4.793721
700	1112	6	4.7848706
700	80	7	4.613212
700	322	8	4.5023
700	45	9	4.009644
700	1983	10	3.9559813
701	735	1	4.859992
701	82	2	4.843666
701	589	3	4.7793055
701	73	4	4.732472
701	485	5	4.7036767
701	213	6	4.4760184
701	24	7	4.412391
701	1234	8	4.409562
701	2628	9	4.326132
701	1697	10	4.3219466
702	90	1	3.2343454
702	985	2	3.030089
702	688	3	2.996562
702	1511	4	2.9780354
702	530	5	2.9140458
702	1156	6	2.8889937
702	1983	7	2.8747613
702	3275	8	2.6899443
702	1263	9	2.6878462
702	860	10	2.6870203
703	45	1	3.7247486
703	41	2	3.5623302
703	993	3	3.486683
703	985	4	3.265214
703	3795	5	3.0401926
703	2217	6	2.9823146
703	2125	7	2.9690247
703	1511	8	2.96254
703	3251	9	2.9279835
703	914	10	2.9241614
704	3781	1	4.1274095
704	45	2	3.802359
704	439	3	3.706494
704	1066	4	3.6894636
704	168	5	3.6300719
704	672	6	3.5287015
704	3307	7	3.4643788
704	1636	8	3.1798878
704	44	9	3.1781714
704	1103	10	3.1586037
705	3215	1	4.7601566
705	2705	2	2.6790748
705	1330	3	2.6527004
705	3280	4	2.587943
705	1348	5	2.5222878
705	2698	6	2.4871173
705	2399	7	2.4494805
705	2451	8	2.447664
705	3586	9	2.433109
705	2664	10	2.4083157
706	337	1	3.3976166
706	0	2	3.3396287
706	11	3	3.3298702
706	692	4	3.3150427
706	1411	5	3.1902008
706	108	6	3.1788502
706	1925	7	3.1596138
706	1114	8	3.1405578
706	1449	9	3.112868
706	3074	10	3.106689
707	77	1	5.103228
707	172	2	4.888246
707	44	3	4.7526464
707	80	4	4.5652933
707	1983	5	4.5071883
707	322	6	4.4165936
707	4021	7	4.4100895
707	860	8	4.12643
707	389	9	3.9880319
707	41	10	3.96902
708	985	1	3.2920265
708	530	2	3.1251078
708	2125	3	2.8859298
708	1406	4	2.7827654
708	277	5	2.7733169
708	914	6	2.6850126
708	2217	7	2.5489428
708	3251	8	2.533021
708	1511	9	2.3481176
708	1156	10	2.3217947
709	735	1	4.6652374
709	1868	2	4.565355
709	732	3	4.490709
709	1234	4	4.3538857
709	1697	5	4.2352
709	185	6	4.164979
709	1701	7	4.100252
709	2628	8	4.056427
709	4	9	3.8367264
709	515	10	3.738997
710	77	1	4.0913877
710	1983	2	3.6493726
710	993	3	3.5214028
710	4021	4	3.276349
710	860	5	3.245092
710	389	6	2.9650855
710	985	7	2.9325986
710	1688	8	2.8882642
710	2125	9	2.737846
710	1156	10	2.7035208
712	735	1	5.0163345
712	589	2	4.9647813
712	1910	3	4.8916073
712	1868	4	4.857115
712	148	5	4.847348
712	34	6	4.780305
712	1234	7	4.6729755
712	1697	8	4.5782213
712	2628	9	4.4859867
712	1701	10	4.293189
713	4021	1	3.3555083
713	389	2	3.2998767
713	3307	3	3.170083
713	2125	4	2.812572
713	3251	5	2.7865448
713	2217	6	2.7834477
713	90	7	2.7265182
713	1406	8	2.6363497
713	914	9	2.5713143
713	1511	10	2.4783258
714	735	1	4.7804303
714	1868	2	4.6497803
714	515	3	4.5108385
714	1234	4	4.428238
714	823	5	4.4000406
714	1697	6	4.3571973
714	920	7	4.24807
714	2628	8	4.187499
714	201	9	4.141265
714	1011	10	3.994711
715	485	1	5.118558
715	735	2	4.552335
715	1868	3	4.512144
715	732	4	4.5093813
715	391	5	4.455229
715	185	6	4.310844
715	1701	7	4.207361
715	149	8	4.1869907
715	1697	9	4.0916333
715	2628	10	3.9336643
716	1983	1	3.8944736
716	860	2	3.6776977
716	4021	3	3.5444806
716	914	4	3.5391784
716	2217	5	3.4889677
716	985	6	3.4464626
716	90	7	3.4003527
716	389	8	3.3600872
716	3795	9	3.2546785
716	688	10	3.2501101
717	914	1	3.2025814
717	90	2	3.1591156
717	2217	3	3.1531355
717	1983	4	3.1375012
717	1406	5	2.9705462
717	1511	6	2.9599314
717	3795	7	2.9193292
717	860	8	2.902171
717	688	9	2.7995114
717	530	10	2.7434042
718	1341	1	5.6900873
718	510	2	5.078436
718	1359	3	5.0556536
718	3781	4	4.985218
718	1594	5	4.746893
718	172	6	4.7396045
718	80	7	4.55062
718	44	8	4.5152464
718	1672	9	4.4855523
718	77	10	4.439596
720	353	1	5.474128
720	3273	2	5.038417
720	1594	3	4.9515905
720	1341	4	4.8574533
720	1359	5	4.6796513
720	77	6	4.605502
720	1112	7	4.425949
720	510	8	4.41602
720	3781	9	4.286333
720	44	10	4.2792974
721	1337	1	4.170333
721	415	2	3.5281105
721	2676	3	3.2713695
721	2354	4	3.2543075
721	3049	5	3.1795678
721	3984	6	3.125822
721	3107	7	3.1198735
721	4160	8	2.951427
721	2515	9	2.8858495
721	2538	10	2.866507
722	914	1	3.4041939
722	1983	2	3.220407
722	2217	3	3.1402605
722	985	4	3.125811
722	860	5	3.0693765
722	90	6	2.9860206
722	277	7	2.88922
722	4021	8	2.8746524
722	688	9	2.8410397
722	1511	10	2.8398366
723	485	1	4.651046
723	580	2	3.975033
723	534	3	3.886711
723	391	4	3.8490243
723	732	5	3.840272
723	149	6	3.574322
723	185	7	3.5297341
723	692	8	3.447913
723	1701	9	3.42806
723	1689	10	3.24833
724	1672	1	4.545479
724	1112	2	4.1644454
724	172	3	4.1615686
724	44	4	4.139767
724	1983	5	4.113061
724	80	6	3.9685318
724	4021	7	3.8948793
724	322	8	3.840617
724	860	9	3.8329022
724	389	10	3.7051377
725	735	1	4.9994707
725	589	2	4.9155703
725	1910	3	4.8371315
725	148	4	4.802351
725	1868	5	4.8004546
725	34	6	4.7240105
725	1234	7	4.5943313
725	1697	8	4.5036535
725	185	9	4.490824
725	1701	10	4.4337187
726	1983	1	4.56817
726	4021	2	4.3440332
726	860	3	4.12992
726	389	4	4.044405
726	3251	5	3.5327744
726	2125	6	3.5040116
726	985	7	3.4084125
726	3795	8	3.3366456
726	3307	9	3.1881862
726	914	10	2.982833
727	322	1	4.265859
727	389	2	4.1898212
727	45	3	3.8865042
727	993	4	3.6797311
727	3251	5	3.6544695
727	2125	6	3.6171649
727	985	7	3.3908134
727	3795	8	3.2029414
727	3307	9	3.159506
727	1139	10	2.923777
728	1672	1	4.4139752
728	510	2	4.356964
728	3781	3	4.286564
728	1112	4	4.2586317
728	44	5	4.0069904
728	172	6	3.97301
728	80	7	3.8739443
728	322	8	3.5725408
728	1926	9	3.511523
728	1139	10	3.3711743
729	1594	1	4.1570997
729	77	2	3.592785
729	45	3	3.5591478
729	1983	4	3.2408571
729	985	5	3.1593616
729	4021	6	2.9830718
729	530	7	2.9745789
729	3307	8	2.85746
729	860	9	2.6353912
729	389	10	2.6216297
730	3307	1	3.1941638
730	985	2	3.1080253
730	1983	3	2.6730871
730	3795	4	2.6429725
730	530	5	2.6379323
730	90	6	2.57483
730	1156	7	2.5185156
730	1406	8	2.4971879
730	914	9	2.4512367
730	2217	10	2.3036425
731	41	1	4.011694
731	389	2	4.004607
731	45	3	3.8591075
731	993	4	3.7299018
731	2125	5	3.5932937
731	3251	6	3.5063407
731	3795	7	3.3438492
731	985	8	3.2846406
731	3307	9	3.284041
731	914	10	3.06877
732	109	1	5.2840953
732	936	2	5.271902
732	4020	3	5.212328
732	58	4	5.144169
732	353	5	5.1244144
732	1594	6	4.82652
732	3273	7	4.8161554
732	77	8	4.589665
732	1066	9	4.5806155
732	1091	10	4.5532503
733	439	1	4.9312544
733	454	2	4.322318
733	672	3	4.2435617
733	488	4	4.2136326
733	58	5	4.1540847
733	4020	6	4.0963383
733	109	7	4.076178
733	353	8	4.061799
733	4029	9	4.0260015
733	393	10	3.9645805
734	1983	1	3.6155052
734	2503	2	3.4095194
734	4021	3	3.370947
734	860	4	3.240594
734	1893	5	3.1710262
734	571	6	3.1042051
734	677	7	3.1008792
734	1042	8	3.048448
734	2036	9	2.9544353
734	985	10	2.8867311
735	213	1	3.648764
735	732	2	3.4601152
735	945	3	3.455739
735	371	4	3.403532
735	304	5	3.2166586
735	1016	6	3.2164347
735	391	7	3.0953736
735	149	8	3.0834405
735	2449	9	3.0827463
735	185	10	3.042415
736	1697	1	4.5638757
736	485	2	4.469532
736	213	3	4.1811776
736	1648	4	3.9261699
736	192	5	3.9084575
736	391	6	3.7245772
736	732	7	3.7181087
736	580	8	3.7026126
736	534	9	3.6914191
736	149	10	3.5708466
737	389	1	4.231962
737	45	2	4.0429163
737	41	3	4.027046
737	3251	4	3.8373675
737	993	5	3.8154387
737	2125	6	3.7625563
737	985	7	3.4484775
737	3307	8	3.2417305
737	3795	9	3.1889677
737	1926	10	3.030344
738	580	1	4.0563836
738	485	2	3.665265
738	213	3	3.443869
738	3017	4	3.261128
738	1332	5	3.241514
738	692	6	3.1148362
738	1016	7	3.103293
738	371	8	3.040177
738	2449	9	3.0031636
738	1526	10	2.9243746
739	1594	1	3.5282469
739	77	2	3.2895436
739	985	3	3.0671084
739	1983	4	2.817974
739	530	5	2.6682303
739	1775	6	2.6422572
739	1511	7	2.6287172
739	860	8	2.6237817
739	1058	9	2.5723739
739	2503	10	2.533913
740	860	1	3.4719367
740	4021	2	3.0888221
740	1156	3	2.7662554
740	914	4	2.7280254
740	3251	5	2.3603618
740	688	6	2.3484073
740	625	7	2.3205004
740	2125	8	2.2188203
740	1406	9	2.2173865
740	1775	10	2.2036188
742	45	1	4.092358
742	1983	2	3.8516011
742	993	3	3.8437083
742	3307	4	3.3864534
742	389	5	3.2686286
742	3795	6	3.2445707
742	985	7	3.231327
742	914	8	3.222273
742	2217	9	3.1681614
742	90	10	3.0264373
743	3781	1	3.8646915
743	45	2	3.250678
743	44	3	3.1841626
743	2036	4	2.8862288
743	41	5	2.844218
743	1112	6	2.6788497
743	55	7	2.6731544
743	1148	8	2.5688548
743	77	9	2.5224433
743	1504	10	2.4709444
744	73	1	4.127265
744	485	2	4.0581927
744	82	3	3.955505
744	1411	4	3.7895446
744	24	5	3.6625087
744	580	6	3.420979
744	391	7	3.2695298
744	732	8	3.2589078
744	1114	9	3.2304468
744	149	10	3.1249154
745	510	1	4.980613
745	44	2	4.6841807
745	1672	3	4.6699295
745	1112	4	4.6517086
745	172	5	4.5323744
745	80	6	4.272756
745	322	7	4.0499835
745	389	8	3.9822183
745	45	9	3.923173
745	41	10	3.8652463
746	44	1	4.0553985
746	4020	2	3.9800928
746	1672	3	3.8978996
746	1112	4	3.7206676
746	1594	5	3.640773
746	41	6	3.5081873
746	993	7	3.2855906
746	77	8	3.182773
746	1983	9	2.8333716
746	985	10	2.801019
747	1112	1	4.0424566
747	1672	2	4.0400043
747	993	3	3.4855335
747	688	4	3.4076598
747	1511	5	3.2702446
747	1594	6	3.266076
747	90	7	3.260878
747	3795	8	3.0434093
747	2217	9	3.0330424
747	1688	10	2.8816862
748	44	1	4.5327597
748	4021	2	4.0981054
748	45	3	3.906687
748	389	4	3.8383417
748	41	5	3.780394
748	993	6	3.7513554
748	3251	7	3.3114376
748	2125	8	3.306191
748	985	9	3.278256
748	3795	10	3.1996465
749	1983	1	3.5112205
749	3307	2	3.1592634
749	860	3	3.1190767
749	4021	4	3.0774407
749	389	5	3.035067
749	3795	6	2.9147842
749	1406	7	2.8016875
749	1511	8	2.7722359
749	2217	9	2.7256672
749	90	10	2.689518
750	44	1	3.8592482
750	993	2	3.3257701
750	41	3	3.2558904
750	45	4	3.2442307
750	147	5	3.128979
750	1083	6	3.1168742
750	1854	7	3.065762
750	985	8	3.0325043
750	3795	9	2.9307575
750	798	10	2.8321586
751	1672	1	4.884606
751	510	2	4.8734756
751	3781	3	4.838688
751	1112	4	4.7287993
751	172	5	4.660403
751	44	6	4.5628114
751	4021	7	4.32074
751	80	8	4.3168974
751	322	9	4.1317554
751	389	10	3.9545863
752	3781	1	5.1026
752	510	2	5.009324
752	44	3	4.8419046
752	172	4	4.831602
752	80	5	4.516141
752	1983	6	4.3440394
752	322	7	4.2769346
752	860	8	4.0602713
752	45	9	4.0577826
752	4021	10	4.044627
753	333	1	4.4302316
753	72	2	4.219575
753	218	3	4.213003
753	81	4	4.191157
753	275	5	4.187091
753	905	6	4.169799
753	454	7	4.127525
753	706	8	4.124442
753	539	9	4.121642
753	430	10	4.107146
754	149	1	3.8757868
754	185	2	3.7441487
754	1701	3	3.622875
754	823	4	3.4106102
754	1693	5	3.3105183
754	515	6	3.2559824
754	920	7	3.061681
754	1016	8	3.0474887
754	945	9	3.0296588
754	304	10	3.0273278
755	1672	1	3.7601175
755	1594	2	3.581314
755	77	3	3.488061
755	80	4	3.3721414
755	322	5	3.2908444
755	985	6	3.204837
755	1983	7	3.0796502
755	860	8	2.9933035
755	2217	9	2.8676558
755	4021	10	2.732983
756	77	1	3.620909
756	2217	2	3.3626852
756	985	3	3.3308458
756	90	4	3.232429
756	1983	5	3.0935242
756	3795	6	3.0328202
756	1511	7	2.9860332
756	688	8	2.9773104
756	860	9	2.865943
756	1263	10	2.8031077
757	1672	1	4.8806624
757	80	2	4.582072
757	1112	3	4.4071107
757	1983	4	4.376933
757	860	5	4.066639
757	45	6	3.9012637
757	4021	7	3.8890984
757	389	8	3.814928
757	2125	9	3.766442
757	3795	10	3.7197099
758	1983	1	3.9239907
758	4021	2	3.749189
758	3307	3	3.5597677
758	860	4	3.492835
758	90	5	3.285544
758	914	6	3.2274659
758	389	7	3.2120676
758	2217	8	3.0838456
758	530	9	2.952603
758	277	10	2.8575988
759	80	1	4.6380606
759	4020	2	4.2689667
759	1594	3	3.7340689
759	77	4	3.6756992
759	530	5	3.5287886
759	277	6	3.5120013
759	90	7	3.2485175
759	3307	8	3.1551828
759	1263	9	2.999362
759	2217	10	2.941276
760	45	1	3.8955033
760	993	2	3.3508315
760	914	3	3.3091345
760	985	4	3.269741
760	3307	5	3.1870525
760	860	6	3.1679573
760	3795	7	3.088439
760	389	8	3.0502138
760	90	9	3.0300531
760	2217	10	3.0243962
761	1672	1	3.562401
761	41	2	3.5376158
761	1112	3	3.5321026
761	4020	4	3.4445243
761	1594	5	3.2861657
761	77	6	3.0791929
761	322	7	3.0742643
761	3307	8	2.8123155
761	985	9	2.7638144
761	993	10	2.6085815
762	510	1	4.842843
762	1672	2	4.779413
762	3781	3	4.6819053
762	389	4	4.5979967
762	1112	5	4.579631
762	172	6	4.3857393
762	44	7	4.2837143
762	80	8	4.2463083
762	3251	9	4.2402654
762	2125	10	4.082818
763	172	1	5.2890024
763	44	2	5.152624
763	80	3	4.9535284
763	322	4	4.7351007
763	1983	5	4.4739723
763	41	6	4.297313
763	4021	7	4.2625732
763	45	8	4.252095
763	993	9	4.130423
763	389	10	3.8749413
764	4020	1	3.7160687
764	993	2	3.4636364
764	90	3	3.2520173
764	530	4	2.9980173
764	1511	5	2.978641
764	914	6	2.887568
764	1983	7	2.704845
764	1263	8	2.6867952
764	688	9	2.6730442
764	3275	10	2.4487367
765	3781	1	3.7258475
765	322	2	3.675384
765	44	3	3.5848045
765	1672	4	3.5620623
765	936	5	3.5467017
765	914	6	3.2740169
765	45	7	3.2232943
765	1594	8	3.201183
765	4029	9	3.1754975
765	109	10	3.107924
766	1672	1	4.9556766
766	77	2	3.851921
766	1983	3	3.3095498
766	860	4	3.0639074
766	4021	5	3.0355794
766	277	6	2.9232004
766	3795	7	2.7967572
766	1775	8	2.5194297
766	389	9	2.4783556
766	318	10	2.4136229
767	80	1	4.277449
767	322	2	4.215205
767	993	3	4.184825
767	45	4	3.9122272
767	985	5	3.7932074
767	1594	6	3.675234
767	77	7	3.2387276
767	1263	8	3.1650333
767	3307	9	3.0713892
767	2217	10	3.0482264
768	1112	1	3.7288222
768	3781	2	3.587487
768	44	3	3.5706136
768	4020	4	3.3720744
768	172	5	3.3255162
768	510	6	3.2159982
768	41	7	3.0759697
768	1594	8	3.0615103
768	77	9	2.9514244
768	322	10	2.946127
769	45	1	4.066228
769	843	2	3.8306227
769	789	3	3.4652884
769	44	4	3.4608922
769	3929	5	3.4320633
769	41	6	3.3579051
769	597	7	3.3530269
769	456	8	3.339472
769	4017	9	3.333471
769	210	10	3.3089352
770	735	1	4.010208
770	1234	2	3.8162966
770	1868	3	3.8160908
770	2628	4	3.5252323
770	589	5	3.4813304
770	823	6	3.1760988
770	515	7	3.1283302
770	920	8	3.0978007
770	1011	9	2.9714508
770	1411	10	2.93026
771	3781	1	5.0966206
771	510	2	5.056697
771	172	3	4.90178
771	1594	4	4.877242
771	44	5	4.813339
771	80	6	4.517886
771	322	7	4.2758875
771	41	8	4.063603
771	45	9	3.9920838
771	1983	10	3.9314034
772	330	1	5.3194838
772	454	2	5.294881
772	4029	3	5.25006
772	680	4	4.9341154
772	4020	5	4.8908443
772	936	6	4.882391
772	353	7	4.8664594
772	58	8	4.827859
772	393	9	4.7814965
772	1594	10	4.760627
773	45	1	3.6852183
773	993	2	3.4898486
773	1983	3	3.279305
773	3307	4	3.1089725
773	985	5	3.0548272
773	4021	6	3.0489597
773	860	7	2.9281273
773	277	8	2.757051
773	530	9	2.7158852
773	389	10	2.700642
774	44	1	4.585892
774	45	2	3.8541799
774	41	3	3.8206553
774	993	4	3.7354984
774	3795	5	3.2764573
774	985	6	3.2397628
774	3307	7	3.1744847
774	914	8	2.999916
774	1926	9	2.9731154
774	530	10	2.8922646
775	322	1	3.3444545
775	172	2	3.2687821
775	80	3	3.2243245
775	1112	4	3.2210402
775	3795	5	2.7437572
775	44	6	2.5473514
775	41	7	2.4443102
775	45	8	2.3861098
775	405	9	2.2634826
775	734	10	2.220581
776	172	1	4.581802
776	1983	2	4.498887
776	4021	3	4.1520452
776	322	4	4.092322
776	860	5	4.0830045
776	389	6	4.067015
776	45	7	3.7428224
776	2125	8	3.5482748
776	3251	9	3.5123959
776	993	10	3.4441671
777	353	1	4.946806
777	58	2	4.8721905
777	1341	3	4.5887566
777	1066	4	4.5203323
777	1091	5	4.5194216
777	3273	6	4.473938
777	1672	7	4.280714
777	510	8	4.103403
777	1359	9	4.0049906
777	3781	10	3.9365277
778	77	1	4.8035026
778	1112	2	4.59875
778	1983	3	4.2943163
778	80	4	4.227897
778	322	5	4.03748
778	4021	6	3.9787097
778	860	7	3.936745
778	45	8	3.767834
778	389	9	3.6925046
778	993	10	3.5533063
780	439	1	5.467867
780	672	2	4.926299
780	109	3	4.802758
780	4029	4	4.694083
780	201	5	4.672329
780	982	6	4.5998116
780	1313	7	4.5252495
780	82	8	4.521928
780	4020	9	4.391577
780	1594	10	4.370886
781	80	1	4.7030087
781	322	2	4.5034895
781	1983	3	4.3212423
781	41	4	4.1349325
781	45	5	4.091905
781	4021	6	4.012386
781	993	7	4.0088997
781	860	8	3.9535756
781	985	9	3.7941465
781	389	10	3.7744637
782	485	1	3.6115398
782	580	2	3.3777552
782	534	3	3.3545146
782	2576	4	3.185545
782	1332	5	3.0303044
782	3017	6	2.8655968
782	1114	7	2.8548102
782	732	8	2.8395615
782	371	9	2.810217
782	1016	10	2.705211
783	439	1	4.318473
783	1672	2	4.0417533
783	672	3	3.867679
783	45	4	3.864564
783	44	5	3.7666216
783	41	6	3.5987463
783	1042	7	3.470215
783	936	8	3.4624598
783	4029	9	3.2796674
783	993	10	3.276483
784	238	1	3.8825617
784	622	2	3.8071585
784	1697	3	3.7524786
784	1449	4	3.7343712
784	420	5	3.601676
784	492	6	3.566116
784	369	7	3.5558426
784	1411	8	3.4224925
784	213	9	3.3410406
784	485	10	3.3192148
785	45	1	4.2745075
785	985	2	3.5843234
785	3307	3	3.4858594
785	914	4	3.131567
785	1263	5	3.0688605
785	530	6	3.017327
785	1511	7	3.014871
785	277	8	2.968025
785	2217	9	2.948408
785	90	10	2.898584
787	985	1	3.4903564
787	3307	2	2.8168287
787	1263	3	2.7882795
787	2217	4	2.6989853
787	530	5	2.6802783
787	3795	6	2.580822
787	90	7	2.5297182
787	914	8	2.527152
787	2125	9	2.4606738
787	1511	10	2.4291253
788	1066	1	4.6182404
788	1672	2	4.3040795
788	936	3	4.2639694
788	1341	4	4.2443533
788	4020	5	4.1855865
788	1594	6	4.095887
788	44	7	4.0206842
788	77	8	3.9413178
788	3273	9	3.906907
788	3781	10	3.9058151
789	391	1	4.2728877
789	185	2	4.1874967
789	1701	3	4.1260915
789	149	4	4.023903
789	1411	5	3.9586596
789	1693	6	3.7978442
789	515	7	3.7831445
789	192	8	3.6686354
789	823	9	3.6601517
789	580	10	3.5280018
790	4020	1	5.3162866
790	1594	2	5.097852
790	77	3	4.734656
790	1672	4	4.6704054
790	1983	5	4.3776116
790	4021	6	4.130827
790	80	7	4.076929
790	860	8	3.971176
790	389	9	3.8400831
790	322	10	3.8078303
792	2125	1	3.545825
792	3251	2	3.4975033
792	985	3	3.41018
792	914	4	3.3796399
792	993	5	3.353719
792	3307	6	3.2222502
792	2217	7	2.9103181
792	1926	8	2.8311517
792	1139	9	2.7731872
792	90	10	2.742462
793	44	1	3.5444508
793	1112	2	3.5353673
793	798	3	3.3474016
793	1083	4	3.3056545
793	126	5	3.144803
793	3795	6	3.0351582
793	296	7	3.000709
793	654	8	2.9985151
793	734	9	2.9474483
793	1129	10	2.9362154
794	985	1	3.5075006
794	2217	2	3.3218772
794	389	3	3.0933864
794	90	4	3.0484214
794	530	5	3.016315
794	277	6	2.946826
794	1263	7	2.8132272
794	688	8	2.7147841
794	2125	9	2.692494
794	1406	10	2.6902041
795	3251	1	3.7895212
795	2125	2	3.7755075
795	45	3	3.7243357
795	993	4	3.530811
795	985	5	3.4164443
795	3307	6	3.0800905
795	3795	7	3.028862
795	1926	8	2.940249
795	1139	9	2.8650422
795	530	10	2.7896743
796	1341	1	5.6800146
796	510	2	5.2958107
796	3781	3	5.1505947
796	172	4	5.0314455
796	1672	5	4.9775076
796	1594	6	4.7169294
796	44	7	4.6798673
796	80	8	4.6744137
796	322	9	4.537533
796	77	10	4.3851604
797	1983	1	4.4710865
797	80	2	4.2359633
797	860	3	3.9722996
797	389	4	3.906241
797	322	5	3.8809307
797	45	6	3.5782666
797	993	7	3.460112
797	3251	8	3.3874896
797	2125	9	3.307448
797	3307	10	2.8424106
798	3781	1	4.4500957
798	510	2	4.4316425
798	172	3	4.232439
798	1983	4	4.210431
798	1112	5	4.164168
798	44	6	4.017762
798	80	7	3.985869
798	4021	8	3.8725622
798	322	9	3.7537236
798	389	10	3.7372286
799	322	1	4.119583
799	80	2	3.977425
799	1983	3	3.2791848
799	3307	4	3.162735
799	985	5	3.0623953
799	4021	6	3.0594878
799	389	7	3.0468395
799	530	8	3.010115
799	860	9	2.9774709
799	1263	10	2.977205
800	369	1	4.646209
800	73	2	4.4758987
800	485	3	4.1685743
800	735	4	4.1561813
800	1234	5	4.100131
800	24	6	4.05241
800	1868	7	4.0363426
800	148	8	3.9286847
800	82	9	3.9222963
800	213	10	3.9072428
801	1672	1	5.1173897
801	3781	2	4.7956815
801	44	3	4.717568
801	510	4	4.638439
801	172	5	4.4304996
801	1983	6	4.306676
801	80	7	4.1679955
801	322	8	3.9893327
801	860	9	3.9884133
801	4021	10	3.982059
802	45	1	3.8723207
802	3307	2	3.4169652
802	106	3	3.3693376
802	44	4	3.2338104
802	10	5	3.2316115
802	995	6	3.1307755
802	2512	7	3.122218
802	843	8	3.072036
802	1066	9	2.9593883
802	846	10	2.8757267
803	44	1	3.6873765
803	1672	2	3.639337
803	77	3	3.6171434
803	3795	4	3.5356088
803	1983	5	3.1633308
803	4021	6	2.943629
803	860	7	2.9259732
803	914	8	2.9221697
803	389	9	2.8197405
803	252	10	2.5777268
804	779	1	4.8171883
804	3198	2	4.664948
804	2113	3	4.4979224
804	4158	4	4.3753304
804	1754	5	4.2533774
804	4938	6	4.240916
804	3352	7	4.2184515
804	4159	8	4.0902185
804	4237	9	4.0365744
804	1600	10	3.9923391
805	1594	1	4.1226406
805	936	2	4.115655
805	77	3	3.8751354
805	454	4	3.8408875
805	81	5	3.7931838
805	905	6	3.7128763
805	4021	7	3.6979094
805	330	8	3.6604295
805	539	9	3.6536844
805	1983	10	3.5449653
806	1672	1	4.9387097
806	1112	2	4.602399
806	77	3	4.0142674
806	993	4	3.9080548
806	3307	5	3.8505332
806	90	6	3.7625673
806	2217	7	3.6627376
806	1983	8	3.5087166
806	985	9	3.4654598
806	3795	10	3.392188
807	149	1	3.2422173
807	185	2	3.1371741
807	1016	3	3.0385203
807	1701	4	3.0377855
807	1114	5	3.0110838
807	371	6	2.9973743
807	945	7	2.9739456
807	304	8	2.966581
807	204	9	2.8890352
807	515	10	2.817193
808	735	1	3.5382683
808	185	2	3.434579
808	515	3	3.064372
808	1697	4	3.0528924
808	2195	5	3.0375571
808	1234	6	2.9993308
808	920	7	2.9586086
808	2628	8	2.9493442
808	1011	9	2.8645554
808	123	10	2.826044
809	3251	1	4.276503
809	1672	2	3.622694
809	3781	3	3.5742202
809	1926	4	3.5361252
809	1083	5	3.5327702
809	1139	6	3.469809
809	510	7	3.4421637
809	1112	8	3.427081
809	147	9	3.3096921
809	172	10	3.3087626
810	192	1	3.1805325
810	920	2	3.1778328
810	489	3	2.9549754
810	1023	4	2.9193823
810	580	5	2.8457756
810	1689	6	2.8214712
810	1011	7	2.7809098
810	333	8	2.764694
810	2576	9	2.7588592
810	534	10	2.7402985
811	672	1	5.6620784
811	4029	2	5.461447
811	109	3	5.374154
811	936	4	5.365138
811	393	5	5.3374805
811	4020	6	5.286607
811	58	7	5.256458
811	353	8	5.2394743
811	1594	9	4.9236736
811	3273	10	4.829054
812	1983	1	3.9559112
812	45	2	3.8057995
812	4021	3	3.6341114
812	993	4	3.5101237
812	389	5	3.4108257
812	985	6	3.1074338
812	3307	7	3.0523522
812	3795	8	3.0203657
812	2125	9	3.0005147
812	914	10	2.9184136
813	1701	1	4.1389604
813	353	2	3.9476447
813	913	3	3.9162302
813	1341	4	3.9073787
813	823	5	3.7055192
813	614	6	3.6897979
813	196	7	3.6665223
813	1484	8	3.601222
813	456	9	3.5921743
813	551	10	3.5878613
814	1672	1	3.8824983
814	172	2	3.8730845
814	3781	3	3.8575902
814	80	4	3.7672162
814	389	5	3.74164
814	1112	6	3.7277467
814	44	7	3.480167
814	322	8	3.3332129
814	3251	9	3.3275132
814	2125	10	3.2157226
815	1112	1	3.657642
815	3795	2	3.586803
815	439	3	3.2626271
815	1672	4	3.1932592
815	672	5	3.1884356
815	168	6	3.0586557
815	1511	7	3.046099
815	571	8	2.871668
815	1156	9	2.7420464
815	4029	10	2.6683314
816	3781	1	3.9447012
816	172	2	3.7870367
816	1672	3	3.7692573
816	44	4	3.7634962
816	80	5	3.691845
816	1112	6	3.6446786
816	322	7	3.2792497
816	993	8	3.1430273
816	45	9	3.0674944
816	41	10	3.0649123
817	80	1	4.1660166
817	322	2	3.8380415
817	1983	3	3.7567859
817	45	4	3.6460943
817	993	5	3.4723182
817	860	6	3.3548267
817	389	7	3.2481103
817	985	8	3.0872505
817	3307	9	2.9231453
817	3795	10	2.8529315
818	1112	1	4.9089875
818	172	2	4.774053
818	44	3	4.7192745
818	80	4	4.5048304
818	322	5	4.405212
818	41	6	4.0072
818	45	7	3.9805863
818	993	8	3.9190707
818	985	9	3.6079867
818	2125	10	3.4429836
819	1672	1	3.958496
819	510	2	3.945383
819	1112	3	3.8434973
819	3251	4	3.7237659
819	172	5	3.69323
819	80	6	3.434537
819	44	7	3.3707306
819	322	8	3.2758307
819	45	9	3.206956
819	1139	10	3.0619168
820	1112	1	4.202428
820	1983	2	3.57005
820	80	3	3.5531926
820	45	4	3.4497328
820	860	5	3.2712026
820	322	6	3.1561093
820	993	7	3.1020517
820	2125	8	2.8733532
820	530	9	2.836362
820	3307	10	2.7816894
821	428	1	2.8566077
821	2507	2	2.8377466
821	2875	3	2.8351893
821	4537	4	2.6507587
821	1003	5	2.6104999
821	1672	6	2.4619372
821	590	7	2.3997638
821	1927	8	2.3891273
821	993	9	2.381013
821	1799	10	2.2869718
822	1341	1	4.335964
822	3781	2	4.1112356
822	1112	3	4.0247207
822	1672	4	3.902586
822	44	5	3.8965883
822	510	6	3.8535795
822	1359	7	3.8436663
822	147	8	3.5200028
822	1926	9	3.5119643
822	1083	10	3.4901743
823	172	1	3.9252572
823	80	2	3.7718928
823	1112	3	3.7151394
823	44	4	3.7015035
823	1983	5	3.6591606
823	4021	6	3.5187721
823	860	7	3.3872356
823	322	8	3.3567398
823	389	9	3.205288
823	45	10	3.157105
824	3781	1	3.2152033
824	172	2	3.1458678
824	1042	3	2.8805585
824	1503	4	2.8453817
824	45	5	2.782874
824	4029	6	2.7222323
824	1087	7	2.7195473
824	1594	8	2.7058468
824	228	9	2.693973
824	1672	10	2.5796466
826	905	1	5.743184
826	454	2	5.5616236
826	330	3	5.4004564
826	393	4	5.187503
826	488	5	5.184721
826	672	6	5.161469
826	721	7	5.1538115
826	539	8	5.1450424
826	58	9	5.115336
826	353	10	5.055623
827	1023	1	5.426903
827	333	2	5.1820087
827	72	3	5.1336174
827	218	4	5.092302
827	488	5	5.0907836
827	29	6	5.024639
827	3501	7	5.009239
827	71	8	4.9830294
827	706	9	4.932103
827	905	10	4.911598
828	1672	1	5.0516176
828	77	2	4.1005583
828	985	3	3.8338284
828	90	4	3.7206874
828	1983	5	3.5785112
828	914	6	3.431755
828	3795	7	3.3840837
828	860	8	3.2854838
828	530	9	3.2846398
828	4021	10	3.1953182
829	148	1	4.3386526
829	735	2	4.2898583
829	1132	3	4.2107873
829	589	4	4.0684366
829	34	5	4.028533
829	1234	6	4.007884
829	1868	7	3.9964542
829	2628	8	3.9117439
829	1313	9	3.7478871
829	1023	10	3.6414466
830	44	1	4.2197433
830	322	2	4.0854206
830	45	3	3.5929317
830	41	4	3.5768352
830	993	5	3.4562092
830	3795	6	3.0604372
830	985	7	2.9909887
830	1511	8	2.8686442
830	914	9	2.8561673
830	3307	10	2.73127
831	80	1	4.4515224
831	322	2	4.2095633
831	45	3	3.8138278
831	993	4	3.6792989
831	985	5	3.2870567
831	3795	6	2.9974105
831	2125	7	2.9953823
831	3307	8	2.9203448
831	3251	9	2.8319287
831	530	10	2.790031
832	485	1	4.758766
832	82	2	4.7382193
832	1701	3	4.196214
832	391	4	4.069069
832	185	5	4.047905
832	149	6	3.938749
832	515	7	3.8887658
832	4	8	3.7183485
832	1693	9	3.535848
832	580	10	3.45509
833	3307	1	3.4464502
833	4021	2	3.058126
833	389	3	2.7471573
833	277	4	2.7347736
833	530	5	2.6825142
833	1263	6	2.6564846
833	2125	7	2.3474736
833	688	8	2.2996113
833	1058	9	2.2212434
833	3251	10	2.1524382
834	1594	1	3.9539433
834	77	2	3.4959145
834	1672	3	3.422245
834	1983	4	3.294928
834	44	5	3.2537177
834	1112	6	3.2393007
834	4021	7	3.1492486
834	45	8	2.9472876
834	943	9	2.871908
834	389	10	2.732542
835	44	1	3.7383308
835	80	2	3.5622845
835	322	3	3.1866045
835	41	4	3.1548047
835	993	5	3.0767274
835	45	6	3.0582566
835	530	7	2.4588442
835	277	8	2.3189063
835	3307	9	2.3071291
835	1263	10	2.221664
837	1112	1	4.800871
837	1983	2	4.4238944
837	4021	3	4.2321315
837	45	4	4.1094704
837	860	5	4.0223236
837	389	6	3.900216
837	993	7	3.8543725
837	3307	8	3.3562746
837	2125	9	3.3559046
837	3251	10	3.3393898
838	80	1	4.4297223
838	322	2	4.387369
838	45	3	4.0196877
838	993	4	3.8051534
838	985	5	3.484423
838	3307	6	3.3129086
838	4021	7	3.2922778
838	860	8	3.2115707
838	1263	9	3.1098218
838	277	10	3.0690851
839	2449	1	2.8039417
839	515	2	2.766206
839	823	3	2.6825304
839	1069	4	2.671694
839	1016	5	2.6221282
839	1693	6	2.5851808
839	304	7	2.4964483
839	3017	8	2.4896097
839	558	9	2.4699967
839	1526	10	2.4554853
840	4021	1	3.9045744
840	1983	2	3.8267798
840	45	3	3.6014009
840	860	4	3.537007
840	985	5	3.1989617
840	389	6	3.1580396
840	3307	7	2.9211743
840	530	8	2.8123608
840	1263	9	2.7076013
840	90	10	2.637774
842	45	1	3.1640186
842	993	2	2.8025007
842	1139	3	2.5217657
842	3307	4	2.4134185
842	1511	5	2.4104867
842	1083	6	2.3963327
842	914	7	2.3109586
842	405	8	2.2383122
842	277	9	2.1494896
842	1633	10	2.0979335
843	1868	1	4.700844
843	1234	2	4.4988337
843	2628	3	4.3265696
843	391	4	4.0375996
843	732	5	3.9904895
843	149	6	3.8022327
843	1411	7	3.6968288
843	185	8	3.6637678
843	1648	9	3.589303
843	1701	10	3.5751042
844	1411	1	3.8973198
844	73	2	3.8283863
844	485	3	3.6569924
844	213	4	3.6146448
844	82	5	3.5995243
844	1016	6	3.5340083
844	1114	7	3.515761
844	371	8	3.3566315
844	945	9	3.2949631
844	3017	10	3.284854
845	3781	1	4.607913
845	1983	2	3.8812933
845	860	3	3.4270248
845	3307	4	3.373435
845	993	5	3.3398428
845	985	6	3.2982228
845	4021	7	3.2901018
845	389	8	3.1257248
845	3795	9	2.914565
845	2125	10	2.8391547
846	589	1	5.5544186
846	735	2	5.5175457
846	1868	3	5.5047445
846	148	4	5.2305055
846	1910	5	5.2064962
846	2628	6	4.89703
846	1234	7	4.893796
846	1697	8	4.8563786
846	864	9	4.7598124
846	3072	10	4.7047725
848	80	1	4.585574
848	1983	2	4.5413623
848	322	3	4.3452806
848	4021	4	4.2240267
848	41	5	4.0858665
848	45	6	4.001613
848	389	7	4.000103
848	993	8	3.8187828
848	985	9	3.484079
848	2125	10	3.471632
849	148	1	4.458366
849	1910	2	4.3736
849	1868	3	4.327914
849	1697	4	4.290291
849	913	5	4.1028514
849	823	6	4.0609865
849	1234	7	4.0433044
849	1693	8	4.00807
849	201	9	3.9430356
849	2628	10	3.888516
851	1983	1	4.614382
851	322	2	4.2721167
851	4021	3	4.2644997
851	860	4	4.216112
851	389	5	4.034652
851	3251	6	3.602923
851	2125	7	3.5472028
851	3307	8	3.0921535
851	3795	9	2.9540727
851	1263	10	2.8964682
852	735	1	4.4829683
852	622	2	4.4603877
852	1449	3	4.292373
852	2628	4	4.0310936
852	485	5	3.9759395
852	192	6	3.9372244
852	73	7	3.914651
852	1234	8	3.9090443
852	82	9	3.826281
852	1697	10	3.8200502
853	45	1	3.364218
853	389	2	3.068852
853	985	3	2.9305692
853	2125	4	2.7593217
853	1263	5	2.6733885
853	3795	6	2.6586878
853	3307	7	2.5634065
853	3251	8	2.4819493
853	2217	9	2.4753447
853	90	10	2.3553057
854	1672	1	4.453582
854	1594	2	4.3563275
854	77	3	4.0732017
854	322	4	3.921604
854	993	5	3.7521782
854	45	6	3.7352405
854	1983	7	3.5521407
854	4021	8	3.5035543
854	860	9	3.2730436
854	389	10	3.125948
856	4020	1	3.7313905
856	322	2	3.4652338
856	80	3	3.2747636
856	77	4	2.973967
856	1594	5	2.8270285
856	1983	6	2.5969176
856	389	7	2.4928532
856	780	8	2.4901943
856	4021	9	2.4882483
856	1775	10	2.4688137
857	4029	1	4.634471
857	330	2	4.4850054
857	81	3	4.380047
857	454	4	4.3038425
857	905	5	4.2619276
857	2605	6	4.2271137
857	275	7	4.2080193
857	686	8	4.2079973
857	1594	9	4.164217
857	4020	10	4.1516666
858	1672	1	4.340817
858	1112	2	4.2003503
858	77	3	3.4471116
858	985	4	3.2748823
858	2656	5	3.221234
858	4021	6	2.8808033
858	1983	7	2.8737593
858	1156	8	2.834867
858	1090	9	2.7813454
858	860	10	2.6702194
859	680	1	3.9331331
859	353	2	3.8956208
859	58	3	3.76164
859	1091	4	3.5929747
859	1066	5	3.5266922
859	1341	6	3.508752
859	1672	7	3.4955337
859	3273	8	3.4454927
859	1359	9	3.050592
859	1112	10	3.0118823
860	985	1	3.4082854
860	936	2	3.405118
860	1672	3	3.403714
860	530	4	2.8787496
860	109	5	2.7966533
860	277	6	2.7428918
860	704	7	2.6132298
860	2503	8	2.5833035
860	1032	9	2.5082116
860	1042	10	2.4761984
861	1672	1	4.9829206
861	914	2	3.6434584
861	90	3	3.5355248
861	985	4	3.3525205
861	1983	5	3.3166685
861	1511	6	3.2521477
861	688	7	3.1664429
861	3275	8	3.1610658
861	860	9	3.1404486
861	4021	10	3.0095227
862	172	1	4.3333554
862	80	2	4.270196
862	44	3	4.250264
862	322	4	3.9414988
862	41	5	3.5916245
862	45	6	3.4134736
862	1926	7	3.3025162
862	993	8	3.2060132
862	147	9	3.043723
862	3795	10	3.0414956
863	735	1	5.1090064
863	1868	2	4.946231
863	1697	3	4.5886116
863	1411	4	3.9591305
863	185	5	3.9463792
863	192	6	3.840846
863	1701	7	3.827385
863	1648	8	3.7959123
863	1693	9	3.6412058
863	515	10	3.5713768
864	735	1	5.115632
864	1910	2	5.0450487
864	589	3	5.044529
864	34	4	4.895219
864	1234	5	4.7133517
864	485	6	4.6371756
864	2628	7	4.533551
864	732	8	4.1113763
864	391	9	4.0812073
864	1411	10	3.8985522
865	80	1	4.5593615
865	44	2	4.5478516
865	322	3	4.197378
865	41	4	3.8971162
865	993	5	3.7741904
865	45	6	3.75592
865	2125	7	3.5901117
865	3251	8	3.5605345
865	985	9	3.429568
865	3795	10	3.1318846
866	1672	1	5.0604267
866	3781	2	4.7644367
866	510	3	4.7642155
866	1983	4	4.605414
866	1112	5	4.553224
866	172	6	4.463329
866	4021	7	4.391812
866	44	8	4.379367
866	80	9	4.297918
866	860	10	4.1305823
867	735	1	5.208282
867	589	2	5.0919943
867	1868	3	5.022497
867	34	4	4.968708
867	1234	5	4.6558976
867	2628	6	4.555842
867	1697	7	4.473468
867	1648	8	3.921982
867	1411	9	3.903503
867	192	10	3.879732
869	1672	1	4.2467413
869	1112	2	3.9459476
869	914	3	3.064957
869	90	4	2.9306998
869	4021	5	2.892448
869	985	6	2.7170079
869	389	7	2.6536784
869	1406	8	2.593933
869	530	9	2.389849
869	1029	10	2.3808203
870	3781	1	3.5685496
870	77	2	3.3769178
870	1672	3	3.26633
870	1525	4	3.2532647
870	44	5	3.1368484
870	322	6	3.018818
870	1983	7	2.8195152
870	45	8	2.8166947
870	1112	9	2.7510598
870	943	10	2.5009544
871	1112	1	4.6956015
871	172	2	4.6929874
871	80	3	4.576353
871	44	4	4.472874
871	322	5	4.16989
871	3251	6	4.0450006
871	2125	7	3.9835167
871	45	8	3.8461757
871	41	9	3.819166
871	993	10	3.6336632
872	1868	1	5.1661325
872	2628	2	4.723459
872	1648	3	3.9325955
872	580	4	3.881236
872	489	5	3.8538513
872	1411	6	3.780283
872	534	7	3.6805656
872	1114	8	3.6418123
872	2576	9	3.6247494
872	1693	10	3.466907
873	672	1	4.8545256
873	936	2	4.8489275
873	109	3	4.8277216
873	3273	4	4.699876
873	1672	5	4.6532803
873	1341	6	4.5616617
873	3781	7	4.3904037
873	1359	8	4.347113
873	1594	9	4.3274527
873	4020	10	4.2678866
874	735	1	5.158081
874	589	2	5.0582695
874	34	3	5.0398207
874	1868	4	5.0135326
874	148	5	4.9996305
874	1234	6	4.6916714
874	1697	7	4.685885
874	201	8	4.24956
874	1313	9	4.22313
874	1011	10	4.2130203
875	1672	1	4.0000286
875	44	2	3.8808286
875	1112	3	3.837869
875	41	4	3.4075236
875	1983	5	2.9722877
875	4021	6	2.8334303
875	3795	7	2.8298476
875	1688	8	2.6477327
875	252	9	2.5721853
875	389	10	2.46451
876	80	1	4.652375
876	322	2	4.2627726
876	44	3	4.2616043
876	2125	4	3.751628
876	41	5	3.6720402
876	45	6	3.567246
876	993	7	3.5300004
876	3795	8	3.3814602
876	1139	9	3.0786288
876	985	10	3.068709
877	735	1	5.234988
877	1868	2	4.9823446
877	1697	3	4.792105
877	1234	4	4.7454023
877	2628	5	4.560816
877	185	6	4.5586724
877	1411	7	4.133113
877	515	8	4.0835533
877	823	9	4.057008
877	920	10	3.8813794
878	993	1	3.6462438
878	277	2	2.8670535
878	3307	3	2.8585534
878	2125	4	2.8443952
878	3251	5	2.7473173
878	3795	6	2.705943
878	2217	7	2.4269252
878	914	8	2.4131827
878	90	9	2.409892
878	252	10	2.3773263
879	1341	1	5.001654
879	389	2	4.940802
879	3251	3	4.7563934
879	3273	4	4.6530623
879	2125	5	4.448617
879	510	6	4.414851
879	3781	7	4.403244
879	1359	8	4.317047
879	1112	9	4.259255
879	1672	10	4.244434
880	3251	1	2.8881576
880	2217	2	2.5368161
880	252	3	2.5350292
880	3795	4	2.481523
880	914	5	2.453247
880	277	6	2.4403937
880	1263	7	2.3868053
880	1511	8	2.3314738
880	688	9	2.3220448
880	90	10	2.2761984
882	1672	1	4.121855
882	1983	2	4.033003
882	4021	3	3.9564786
882	860	4	3.788879
882	1112	5	3.7227087
882	44	6	3.6452792
882	389	7	3.6040308
882	3251	8	3.313074
882	2125	9	3.2393658
882	41	10	3.1787496
883	3781	1	3.3254647
883	44	2	3.2863085
883	510	3	3.2640696
883	993	4	3.113182
883	172	5	3.079016
883	985	6	3.0051994
883	322	7	2.9848614
883	1983	8	2.9338887
883	80	9	2.887452
883	860	10	2.807611
884	172	1	4.793791
884	80	2	4.7464266
884	1112	3	4.729021
884	44	4	4.5968037
884	1983	5	4.5596714
884	322	6	4.3510275
884	860	7	4.1390333
884	389	8	4.038804
884	45	9	3.8169816
884	41	10	3.802441
885	44	1	4.6845646
885	41	2	3.9496002
885	45	3	3.844179
885	985	4	3.6893086
885	993	5	3.6227384
885	3795	6	3.2618089
885	914	7	2.9575117
885	1083	8	2.9128687
885	147	9	2.9043043
885	277	10	2.8418088
886	439	1	4.5784135
886	672	2	3.736803
886	936	3	3.6974561
886	44	4	3.4269385
886	4029	5	3.420553
886	109	6	3.3625722
886	1148	7	3.3196483
886	1594	8	3.2412424
886	4020	9	3.0300946
886	1672	10	2.9758677
887	489	1	4.237712
887	1449	2	3.88376
887	895	3	3.7595572
887	485	4	3.4757519
887	1114	5	3.4112356
887	369	6	3.4057038
887	692	7	3.3648047
887	945	8	3.3441854
887	1016	9	3.3225555
887	73	10	3.311787
888	44	1	4.3090153
888	322	2	4.188099
888	3251	3	3.7691917
888	2125	4	3.7008352
888	41	5	3.6367636
888	45	6	3.6054661
888	993	7	3.5081987
888	985	8	3.21988
888	3307	9	3.134341
888	3795	10	3.1261988
889	44	1	3.6650887
889	322	2	3.5174131
889	80	3	3.5151877
889	41	4	3.018687
889	3307	5	2.905548
889	1263	6	2.8671355
889	45	7	2.844379
889	985	8	2.7772803
889	530	9	2.460975
889	3795	10	2.4181187
890	44	1	4.677458
890	322	2	4.4546847
890	1983	3	4.239323
890	4021	4	4.0242395
890	860	5	4.023168
890	45	6	4.0009446
890	41	7	3.964594
890	993	8	3.7830145
890	389	9	3.7308621
890	985	10	3.412509
891	44	1	3.710628
891	1672	2	3.4764738
891	1112	3	3.219369
891	1029	4	3.208953
891	993	5	3.1845791
891	936	6	3.0669503
891	1503	7	3.0066082
891	4029	8	2.8624964
891	1090	9	2.8601499
891	109	10	2.802572
892	735	1	4.5226936
892	1868	2	4.468098
892	148	3	4.403063
892	1697	4	4.1175795
892	2628	5	4.0784264
892	1693	6	3.9855437
892	913	7	3.8297539
892	201	8	3.7476034
892	1411	9	3.70565
892	1011	10	3.5737214
893	1672	1	4.5509415
893	389	2	4.4986773
893	3251	3	4.113339
893	2125	4	4.061915
893	45	5	3.701606
893	41	6	3.6594648
893	993	7	3.6118932
893	1926	8	3.4172482
893	1139	9	3.242384
893	1083	10	3.1298556
894	515	1	4.47917
894	823	2	4.4027586
894	920	3	4.197425
894	201	4	4.115171
894	1411	5	4.110209
894	982	6	3.948011
894	1011	7	3.9420373
894	1023	8	3.9124508
894	1313	9	3.8599195
894	123	10	3.6922193
895	77	1	3.0304775
895	277	2	2.7176712
895	704	3	2.5681033
895	2094	4	2.485043
895	1983	5	2.46489
895	848	6	2.3631525
895	115	7	2.291594
895	318	8	2.2512531
895	929	9	2.206993
895	860	10	2.1979244
896	172	1	4.423306
896	44	2	4.349826
896	80	3	4.3330746
896	322	4	4.082466
896	45	5	3.6222758
896	41	6	3.6051166
896	993	7	3.4826176
896	1926	8	3.368501
896	1139	9	3.3306599
896	985	10	3.2010517
897	44	1	3.5120215
897	1112	2	3.4636693
897	2217	3	3.1408846
897	41	4	3.0357327
897	77	5	2.933032
897	1090	6	2.8577535
897	1983	7	2.805225
897	993	8	2.7997718
897	3307	9	2.6542563
897	860	10	2.511343
899	439	1	3.994202
899	45	2	3.7929635
899	3307	3	3.500854
899	1111	4	3.4957125
899	44	5	3.364633
899	41	6	3.2505438
899	672	7	3.2503266
899	936	8	3.2082844
899	789	9	3.1805642
899	1103	10	3.1641724
900	1132	1	4.7149124
900	148	2	4.670889
900	944	3	4.6536465
900	735	4	4.634847
900	589	5	4.5793934
900	1868	6	4.5745993
900	920	7	4.560462
900	1910	8	4.4982357
900	34	9	4.4913974
900	1011	10	4.3740587
901	3251	1	3.0000675
901	44	2	2.7026646
901	510	3	2.646388
901	172	4	2.5346856
901	252	5	2.2798293
901	322	6	2.2669663
901	80	7	2.2238336
901	1406	8	2.2209558
901	1926	9	2.2187085
901	41	10	2.2021003
902	77	1	3.353835
902	3795	2	3.211911
902	688	3	3.1166577
902	1263	4	3.0248609
902	1511	5	2.987731
902	1983	6	2.8470871
902	277	7	2.8304014
902	530	8	2.6835978
902	1406	9	2.6131668
902	860	10	2.5310066
903	1672	1	4.7422476
903	1983	2	4.6356134
903	1112	3	4.5497108
903	80	4	4.484233
903	44	5	4.447689
903	4021	6	4.2862267
903	860	7	4.2202296
903	389	8	4.1218386
903	45	9	3.7837524
903	2125	10	3.6826143
904	1672	1	4.220831
904	1112	2	3.7594566
904	1594	3	3.6413493
904	993	4	3.5116935
904	4020	5	3.4856539
904	1216	6	2.9721394
904	156	7	2.9379454
904	77	8	2.8615997
904	1817	9	2.766406
904	985	10	2.657062
905	1672	1	3.944989
905	172	2	3.7786574
905	80	3	3.7468348
905	41	4	3.4710577
905	45	5	3.405453
905	322	6	3.3214512
905	3251	7	3.2947683
905	985	8	3.2042112
905	1926	9	2.7345662
905	277	10	2.6530895
906	80	1	4.3887625
906	44	2	4.2991047
906	322	3	4.1026573
906	1983	4	4.0831914
906	45	5	3.6936085
906	993	6	3.6743646
906	985	7	3.5358322
906	41	8	3.4804122
906	3251	9	3.0487928
906	2125	10	2.9790187
907	1672	1	3.8302822
907	672	2	3.401403
907	1112	3	3.3354094
907	936	4	3.1751714
907	4029	5	3.0558014
907	4017	6	3.0323153
907	1511	7	2.908104
907	1487	8	2.882059
907	109	9	2.753933
907	1156	10	2.6321146
908	1983	1	3.8275063
908	4021	2	3.7005959
908	860	3	3.545588
908	389	4	3.2474363
908	3795	5	3.1698794
908	914	6	3.0598512
908	90	7	3.0509038
908	530	8	3.0159914
908	277	9	2.9832804
908	1263	10	2.9612665
909	322	1	3.5781822
909	45	2	3.3892026
909	80	3	3.376648
909	4020	4	3.1217246
909	1594	5	3.0182412
909	77	6	2.9982522
909	41	7	2.8386204
909	277	8	2.6827686
909	1983	9	2.6252675
909	2217	10	2.5224488
910	985	1	3.2049136
910	2217	2	3.1581225
910	914	3	3.1376183
910	90	4	3.0488229
910	1983	5	2.9339778
910	3795	6	2.7464528
910	688	7	2.7277932
910	530	8	2.6768107
910	1511	9	2.667099
910	1263	10	2.6063542
911	322	1	3.5475304
911	45	2	3.134881
911	993	3	3.0880075
911	41	4	3.064683
911	3795	5	2.905664
911	914	6	2.7807832
911	3307	7	2.5773392
911	985	8	2.5210738
911	688	9	2.4738102
911	90	10	2.460547
912	1672	1	5.316574
912	510	2	5.225056
912	172	3	5.160837
912	1112	4	5.1484337
912	1594	5	5.1459255
912	44	6	5.011477
912	77	7	4.8917913
912	80	8	4.6661806
912	1983	9	4.3719354
912	322	10	4.370801
913	3864	1	4.8547087
913	2642	2	4.6399417
913	3215	3	4.633191
913	3984	4	4.601244
913	3070	5	4.571303
913	2676	6	4.5690084
913	4308	7	4.5315185
913	2248	8	4.414507
913	336	9	4.2800155
913	4264	10	4.198613
914	4021	1	3.9657922
914	389	2	3.4426231
914	322	3	3.3402882
914	993	4	3.2769434
914	3251	5	3.1994834
914	2125	6	3.1679542
914	41	7	3.091384
914	252	8	2.9694715
914	45	9	2.9659345
914	1926	10	2.6216235
915	454	1	5.1287665
915	905	2	5.0978947
915	330	3	5.0022373
915	439	4	4.9174666
915	58	5	4.759877
915	806	6	4.7226934
915	1693	7	4.7166476
915	680	8	4.6841755
915	488	9	4.6818714
915	430	10	4.6785164
916	1983	1	3.6031926
916	4021	2	3.2859879
916	860	3	3.1817842
916	914	4	3.1390264
916	3307	5	3.1247382
916	3795	6	3.120307
916	985	7	3.0397832
916	389	8	2.977486
916	1511	9	2.9275794
916	90	10	2.8922644
917	90	1	2.984952
917	4021	2	2.95729
917	1156	3	2.94425
917	860	4	2.8583345
917	2217	5	2.8456306
917	937	6	2.6394048
917	1058	7	2.5532863
917	252	8	2.5355706
917	914	9	2.3770266
917	389	10	2.32653
918	45	1	4.233126
918	1983	2	3.9483466
918	3307	3	3.6659908
918	4021	4	3.6581397
918	860	5	3.60571
918	985	6	3.4857883
918	389	7	3.423431
918	530	8	3.179082
918	277	9	3.133264
918	3795	10	3.1277733
919	1983	1	4.652647
919	1672	2	4.318905
919	172	3	4.3104653
919	80	4	4.2525396
919	1112	5	4.153611
919	389	6	4.132901
919	44	7	4.0629015
919	3251	8	3.8849459
919	322	9	3.8800764
919	2125	10	3.6494246
920	1672	1	5.023753
920	510	2	4.9485183
920	1112	3	4.8672943
920	172	4	4.8644347
920	44	5	4.831929
920	80	6	4.247998
920	322	7	4.15679
920	45	8	4.0671363
920	41	9	4.0466723
920	993	10	4.03547
921	41	1	3.7778451
921	45	2	3.771111
921	3251	3	3.542019
921	2125	4	3.4969885
921	993	5	3.4215348
921	985	6	3.1988358
921	3795	7	3.1927323
921	914	8	3.1895504
921	3307	9	3.1073968
921	1511	10	3.0387285
922	44	1	4.538165
922	172	2	4.3221717
922	80	3	4.200343
922	322	4	3.9868693
922	41	5	3.8293848
922	45	6	3.547034
922	993	7	3.3419104
922	985	8	3.2336237
922	530	9	2.9541955
922	147	10	2.9257445
923	735	1	5.065927
923	1868	2	4.8937073
923	1234	3	4.6438026
923	1697	4	4.611953
923	2628	5	4.416505
923	515	6	4.2456036
923	823	7	4.1498365
923	920	8	4.041403
923	1411	9	4.001832
923	913	10	3.9071655
924	510	1	4.602542
924	1672	2	4.542535
924	44	3	4.2220116
924	1112	4	4.1739063
924	80	5	4.1601744
924	172	6	4.1269965
924	1594	7	4.0793924
924	322	8	4.028492
924	77	9	3.7203512
924	41	10	3.6164498
925	1594	1	4.8955536
925	936	2	4.882899
925	77	3	4.8010793
925	72	4	4.788479
925	330	5	4.649637
925	81	6	4.6456366
925	807	7	4.6206465
925	454	8	4.5778813
925	905	9	4.5450897
925	275	10	4.4740453
926	4020	1	5.179825
926	393	2	5.128943
926	1594	3	5.0523252
926	58	4	4.9215035
926	353	5	4.90327
926	1066	6	4.7561874
926	77	7	4.7505484
926	1672	8	4.7326517
926	1091	9	4.69907
926	1341	10	4.67066
927	77	1	3.8067708
927	1983	2	3.320395
927	985	3	3.0767155
927	860	4	3.0691752
927	4021	5	3.0123813
927	1511	6	2.9615302
927	389	7	2.694634
927	277	8	2.6743076
927	530	9	2.6182184
927	1263	10	2.584167
928	44	1	4.2108054
928	993	2	3.7496214
928	45	3	3.7081738
928	41	4	3.6458619
928	3307	5	3.3246198
928	2125	6	3.2910638
928	985	7	3.2381825
928	3251	8	3.2208834
928	914	9	2.8183966
928	2217	10	2.815175
929	1359	1	3.6926105
929	1672	2	3.5545702
929	510	3	2.9294643
929	80	4	2.8431306
929	1263	5	2.6980217
929	45	6	2.4062774
929	3251	7	2.4056802
929	1321	8	2.3922887
929	985	9	2.308441
929	44	10	2.3056252
930	44	1	4.2000966
930	41	2	3.467546
930	45	3	3.432441
930	993	4	3.3371315
930	985	5	2.9999323
930	3795	6	2.7712474
930	3307	7	2.7177038
930	914	8	2.7056303
930	2125	9	2.6288943
930	3251	10	2.6153815
931	510	1	4.5565844
931	1983	2	4.519082
931	1672	3	4.474282
931	3781	4	4.4566913
931	860	5	4.335329
931	4021	6	4.31612
931	1112	7	4.2486324
931	389	8	4.1507854
931	172	9	4.1176963
931	80	10	4.060052
932	485	1	4.9544725
932	732	2	4.2248387
932	391	3	4.1603737
932	185	4	3.9252288
932	1701	5	3.7944431
932	4	6	3.658552
932	515	7	3.618916
932	823	8	3.463263
932	1693	9	3.430728
932	1411	10	3.3844895
933	1983	1	4.524108
933	322	2	4.4057264
933	4021	3	4.2392645
933	860	4	4.156605
933	389	5	3.9608233
933	45	6	3.9366827
933	993	7	3.692504
933	2125	8	3.4931498
933	3251	9	3.4805906
933	985	10	3.270269
934	1132	1	4.4933205
934	148	2	4.480753
934	735	3	4.4239573
934	944	4	4.3692865
934	1910	5	4.314808
934	589	6	4.3032823
934	1868	7	4.288516
934	1313	8	4.239855
934	34	9	4.2238193
934	1697	10	4.155932
935	3781	1	4.721904
935	510	2	4.702487
935	1112	3	4.540305
935	172	4	4.365824
935	44	5	4.3078165
935	80	6	4.190772
935	322	7	4.009551
935	41	8	3.6407974
935	45	9	3.5969875
935	993	10	3.5168617
936	80	1	4.6344147
936	44	2	4.624293
936	322	3	4.239864
936	41	4	3.9888391
936	45	5	3.8660932
936	993	6	3.752007
936	3251	7	3.7306361
936	985	8	3.4417467
936	3795	9	3.158887
936	3307	10	3.044876
937	391	1	4.0137186
937	489	2	4.0127163
937	1411	3	3.9265501
937	580	4	3.92461
937	149	5	3.8647695
937	2576	6	3.779791
937	534	7	3.7464514
937	185	8	3.695663
937	1701	9	3.600296
937	4	10	3.4444275
938	1672	1	3.4396834
938	1112	2	3.2290418
938	4020	3	3.0708807
938	993	4	2.961192
938	1594	5	2.8742867
938	1156	6	2.6341293
938	77	7	2.520411
938	985	8	2.4244406
938	1983	9	2.408692
938	1103	10	2.3485417
939	353	1	5.134283
939	936	2	4.8110275
939	1594	3	4.6136017
939	1066	4	4.6014214
939	3273	5	4.5673404
939	1341	6	4.508376
939	1359	7	4.335354
939	77	8	4.2308097
939	1112	9	4.20896
939	510	10	4.089434
