user_id	item_id	rank	score
870	11	1	3.603001
870	82	2	3.5071545
870	200	3	3.364719
870	2108	4	3.2394419
870	706	5	3.2119923
870	81	6	3.2067585
870	258	7	3.1310713
870	2110	8	3.1268609
870	80	9	3.0857706
870	2656	10	3.0084233
534	3501	1	3.078724
534	258	2	3.0688949
534	24	3	2.838027
534	0	4	2.812041
534	320	5	2.7691622
534	238	6	2.6303492
534	622	7	2.6121325
534	3718	8	2.6118615
534	108	9	2.547139
534	243	10	2.5292294
390	728	1	2.1285367
390	224	2	1.9630026
390	951	3	1.9248978
390	40	4	1.72924
390	84	5	1.6440966
390	47	6	1.6263918
390	599	7	1.5339534
390	1701	8	1.5030041
390	1114	9	1.4817574
390	864	10	1.4128792
218	243	1	3.7643795
218	1701	2	3.4212096
218	732	3	3.3975964
218	238	4	3.3971086
218	201	5	3.2713451
218	40	6	3.1435037
218	920	7	3.019093
218	1103	8	2.969892
218	504	9	2.964729
218	191	10	2.958999
564	920	1	2.7239685
564	90	2	2.7118542
564	11	3	2.6168935
564	2036	4	2.4929578
564	3072	5	2.4707327
564	333	6	2.3909378
564	43	7	2.3723555
564	3075	8	2.3706326
564	73	9	2.3316202
564	706	10	2.3277292
698	0	1	3.2903132
698	47	2	3.2767684
698	11	3	3.2624178
698	2110	4	3.2415729
698	258	5	3.227776
698	2108	6	3.0997837
698	492	7	3.0839362
698	3430	8	2.8797977
698	139	9	2.8590777
698	82	10	2.794538
750	2108	1	1.8299084
750	2110	2	1.6454362
750	224	3	1.636241
750	168	4	1.6221027
750	3718	5	1.613813
750	46	6	1.5557694
750	1139	7	1.5110626
750	843	8	1.5086763
750	252	9	1.5001476
750	4016	10	1.4829599
166	320	1	2.7961888
166	258	2	2.7789881
166	243	3	2.775155
166	311	4	2.6653886
166	0	5	2.6257257
166	43	6	2.4684756
166	631	7	2.4212656
166	1701	8	2.40515
166	599	9	2.398138
166	351	10	2.3631988
199	4017	1	1.8248342
199	4021	2	1.6164815
199	3430	3	1.5938472
199	4020	4	1.5788783
199	3313	5	1.5023816
199	200	6	1.4594558
199	4083	7	1.4104453
199	83	8	1.321991
199	1854	9	1.3199621
199	843	10	1.2512376
743	200	1	3.9322362
743	0	2	3.918353
743	81	3	3.8193235
743	80	4	3.760651
743	82	5	3.7229161
743	430	6	3.6711845
743	201	7	3.6515179
743	258	8	3.5570903
743	492	9	3.4866989
743	243	10	3.434395
134	40	1	3.0731573
134	504	2	2.834293
134	43	3	2.7753482
134	1701	4	2.6500163
134	108	5	2.5208297
134	213	6	2.3632848
134	551	7	2.3175654
134	84	8	2.1901176
134	848	9	2.18671
134	1023	10	2.1736317
15	3430	1	3.5567653
15	2108	2	3.1083362
15	2110	3	3.0957432
15	1854	4	2.809842
15	501	5	2.6985524
15	4017	6	2.6937108
15	672	7	2.6793852
15	77	8	2.671154
15	4020	9	2.5956907
15	702	10	2.4905496
44	3073	1	3.0511644
44	3072	2	2.8941212
44	1925	3	2.8405852
44	2110	4	2.824755
44	0	5	2.815059
44	258	6	2.754658
44	3430	7	2.7104392
44	196	8	2.6905658
44	3074	9	2.6798563
44	47	10	2.6257615
214	77	1	2.3080575
214	210	2	1.9470487
214	717	3	1.8479373
214	3090	4	1.7769198
214	589	5	1.7421622
214	3430	6	1.7182164
214	109	7	1.6810741
214	270	8	1.6712487
214	672	9	1.6681398
214	1854	10	1.6427803
468	843	1	3.7624373
468	30	2	3.6461053
468	672	3	3.5018826
468	4029	4	3.4129868
468	77	5	3.2511928
468	597	6	3.2220044
468	109	7	3.1135974
468	53	8	3.0634918
468	296	9	2.999865
468	2390	10	2.9750898
445	501	1	1.6370486
445	4017	2	1.4294744
445	141	3	1.3675631
445	4020	4	1.3464677
445	4021	5	1.343069
445	109	6	1.2571514
445	270	7	1.2377492
445	843	8	1.2334626
445	456	9	1.2296796
445	1556	10	1.2219515
96	0	1	3.0109553
96	258	2	2.9184098
96	238	3	2.5446887
96	243	4	2.5201116
96	43	5	2.5086606
96	215	6	2.4603086
96	732	7	2.4594405
96	11	8	2.3797717
96	3073	9	2.3379393
96	24	10	2.3298628
159	372	1	1.6352441
159	843	2	1.5748295
159	479	3	1.4396026
159	1155	4	1.4267915
159	219	5	1.4042537
159	456	6	1.3523446
159	993	7	1.2945853
159	485	8	1.2834315
159	216	9	1.2735647
159	1139	10	1.2517273
675	82	1	2.776001
675	3073	2	2.5367491
675	3072	3	2.4166002
675	3074	4	2.368289
675	11	5	2.300226
675	238	6	2.2470634
675	1925	7	2.2193937
675	47	8	2.1618097
675	3075	9	2.1493442
675	333	10	2.0334797
494	224	1	2.1971526
494	597	2	2.1366189
494	2110	3	1.9563369
494	2108	4	1.9216948
494	1083	5	1.731018
494	4029	6	1.7273525
494	84	7	1.6994238
494	351	8	1.6837807
494	197	9	1.5972998
494	860	10	1.5820436
460	238	1	4.4321337
460	243	2	4.0614343
460	1925	3	3.8080332
460	47	4	3.7503047
460	3718	5	3.6535518
460	495	6	3.6463957
460	431	7	3.5183067
460	920	8	3.507628
460	454	9	3.3239543
460	706	10	3.2783906
205	1484	1	0.66069686
205	2	2	0.6595663
205	2978	3	0.6386516
205	196	4	0.59588635
205	173	5	0.5930773
205	2394	6	0.5880095
205	726	7	0.587716
205	3929	8	0.5802713
205	1134	9	0.5673682
205	277	10	0.5576723
568	843	1	1.2393839
568	456	2	1.1363811
568	2550	3	1.0706308
568	1453	4	0.9243769
568	654	5	0.89106464
568	2523	6	0.86139286
568	733	7	0.85498977
568	2344	8	0.81990206
568	328	9	0.794965
568	30	10	0.7827278
730	46	1	1.915051
730	485	2	1.8668513
730	84	3	1.8623691
730	631	4	1.8492526
730	224	5	1.8477517
730	43	6	1.7717196
730	258	7	1.7573534
730	213	8	1.7482305
730	311	9	1.7379788
730	152	10	1.6960957
503	3430	1	1.6317732
503	30	2	1.588469
503	219	3	1.506053
503	682	4	1.4626608
503	224	5	1.4289129
503	4017	6	1.2655389
503	42	7	1.2639599
503	2108	8	1.2578318
503	2110	9	1.2422868
503	3929	10	1.2224405
655	599	1	2.9611096
655	1466	2	2.6353638
655	864	3	2.4204702
655	515	4	2.4070854
655	1023	5	2.3914018
655	84	6	2.311574
655	391	7	2.2716455
655	79	8	2.2512412
655	1263	9	2.2374895
655	821	10	2.2294602
209	216	1	2.532079
209	84	2	2.5157301
209	311	3	2.3384395
209	843	4	2.131648
209	185	5	2.128683
209	728	6	2.101889
209	538	7	2.0776525
209	53	8	2.0363145
209	40	9	2.0054557
209	43	10	1.8709221
457	258	1	3.7754905
457	11	2	3.4529974
457	0	3	3.45078
457	243	4	2.9492998
457	24	5	2.9415722
457	495	6	2.8468502
457	333	7	2.8344898
457	3718	8	2.7624283
457	492	9	2.7472045
457	920	10	2.6973348
470	104	1	2.128124
470	3073	2	1.8937399
470	243	3	1.8842604
470	622	4	1.8756605
470	24	5	1.8224598
470	258	6	1.7862098
470	238	7	1.7392123
470	0	8	1.7311312
470	201	9	1.7301027
470	252	10	1.6899189
544	3796	1	1.6333308
544	152	2	1.4003721
544	978	3	1.302716
544	1084	4	1.1329474
544	303	5	1.1290596
544	1626	6	1.0989687
544	812	7	1.0782866
544	1424	8	1.0582854
544	3020	9	1.0339832
544	2091	10	1.0313723
694	24	1	3.1662095
694	320	2	2.9806676
694	3718	3	2.9582994
694	227	4	2.9174988
694	3073	5	2.865479
694	224	6	2.850396
694	11	7	2.7650986
694	108	8	2.764162
694	40	9	2.7534156
694	622	10	2.7296479
917	1466	1	2.7067063
917	1449	2	2.6296725
917	185	3	2.4947777
917	224	4	2.131159
917	1238	5	2.0728207
917	821	6	2.031942
917	911	7	2.0194182
917	1672	8	1.9127607
917	913	9	1.9005234
917	728	10	1.8954647
927	258	1	3.3802924
927	0	2	3.2640162
927	3073	3	3.187358
927	24	4	3.081832
927	238	5	3.068828
927	11	6	2.999227
927	82	7	2.828151
927	529	8	2.8018332
927	50	9	2.7855084
927	3072	10	2.750538
764	24	1	3.0438724
764	622	2	2.7209082
764	0	3	2.3371081
764	495	4	2.3077548
764	238	5	2.289629
764	19	6	2.1614866
764	1701	7	2.120419
764	599	8	2.1116595
764	3718	9	2.06057
764	320	10	2.019264
259	1263	1	2.2318497
259	9	2	2.0841293
259	224	3	1.9164352
259	530	4	1.5867828
259	843	5	1.5003095
259	2394	6	1.4753989
259	1083	7	1.4736255
259	184	8	1.4469249
259	227	9	1.4006877
259	1466	10	1.3776606
466	352	1	2.2969406
466	821	2	2.2832603
466	219	3	2.2273161
466	224	4	2.0021057
466	1451	5	1.8641093
466	529	6	1.7615055
466	495	7	1.7304752
466	1778	8	1.7255173
466	599	9	1.676074
466	631	10	1.6678342
860	320	1	4.412598
860	40	2	4.1810427
860	19	3	3.8852804
860	3718	4	3.8770807
860	7	5	3.6401954
860	201	6	3.6228154
860	311	7	3.5583975
860	238	8	3.2720952
860	3797	9	3.121327
860	622	10	3.1080518
397	0	1	2.3947864
397	152	2	2.3540454
397	311	3	2.2595577
397	84	4	2.1542358
397	108	5	2.1298678
397	243	6	2.1236398
397	372	7	2.0231366
397	30	8	2.0209255
397	488	9	1.9987494
397	213	10	1.9697022
793	82	1	3.890058
793	200	2	3.7890437
793	11	3	3.6753128
793	706	4	3.4858701
793	1925	5	3.3761847
793	80	6	3.3331265
793	333	7	3.221511
793	0	8	3.157556
793	2656	9	3.1564384
793	47	10	3.129329
171	168	1	1.5652411
171	30	2	1.4607825
171	479	3	1.3651681
171	42	4	1.3511413
171	109	5	1.2774508
171	1161	6	1.2291325
171	1926	7	1.2014556
171	1139	8	1.1944075
171	2110	9	1.1619346
171	843	10	1.155742
196	19	1	1.7936928
196	200	2	1.6164503
196	3075	3	1.3227403
196	216	4	1.3045523
196	895	5	1.2643924
196	3072	6	1.2311312
196	4017	7	1.2228016
196	3307	8	1.2219906
196	4083	9	1.2177463
196	3313	10	1.2104897
20	2110	1	3.8748155
20	672	2	3.791874
20	2108	3	3.5843558
20	4017	4	3.0905972
20	597	5	3.0756483
20	4020	6	2.9445314
20	2125	7	2.817148
20	753	8	2.6965647
20	4021	9	2.5740921
20	2800	10	2.5193515
262	597	1	2.6656137
262	196	2	2.4899273
262	210	3	2.4744346
262	216	4	2.3189225
262	109	5	2.210515
262	77	6	2.0652974
262	28	7	2.0566118
262	19	8	2.0097566
262	1833	9	1.9978311
262	47	10	1.972385
479	3430	1	3.732101
479	2108	2	3.2069263
479	2110	3	3.2017722
479	30	4	3.0753686
479	168	5	2.8288922
479	843	6	2.7138796
479	501	7	2.5844045
479	702	8	2.524851
479	2390	9	2.5103087
479	753	10	2.4324956
891	333	1	4.2491817
891	238	2	4.031973
891	3073	3	3.434894
891	47	4	3.1236043
891	3072	5	3.1190577
891	3074	6	3.0907502
891	1368	7	3.0574648
891	1925	8	3.0077858
891	81	9	2.9952338
891	3075	10	2.8488803
135	210	1	2.755818
135	826	2	2.7337651
135	176	3	2.707666
135	3430	4	2.4785974
135	143	5	2.4666615
135	4016	6	2.4391727
135	141	7	2.3281326
135	682	8	2.3267882
135	804	9	2.2941785
135	764	10	2.2898805
169	501	1	1.1358644
169	1854	2	1.0958645
169	62	3	1.0790303
169	320	4	1.0580896
169	105	5	1.0461318
169	2390	6	0.9639926
169	2093	7	0.93706125
169	844	8	0.9319867
169	3430	9	0.926047
169	970	10	0.9242382
685	11	1	3.818092
685	430	2	3.3512115
685	2656	3	3.305245
685	0	4	3.2813497
685	706	5	3.266806
685	333	6	3.2435846
685	201	7	3.2379463
685	258	8	3.0776434
685	200	9	3.0663555
685	238	10	3.025678
339	320	1	3.107862
339	213	2	2.9029007
339	0	3	2.862225
339	599	4	2.8375328
339	311	5	2.7502465
339	152	6	2.7385092
339	40	7	2.7370603
339	1058	8	2.6141086
339	258	9	2.599516
339	108	10	2.588074
408	258	1	3.1388984
408	19	2	3.132897
408	243	3	2.9427392
408	213	4	2.6881278
408	920	5	2.6592922
408	11	6	2.650058
408	215	7	2.440506
408	47	8	2.4272969
408	3073	9	2.4136844
408	351	10	2.3677988
99	109	1	2.0695157
99	702	2	1.9562192
99	1854	3	1.7938638
99	3430	4	1.7583711
99	304	5	1.6039491
99	3086	6	1.4884357
99	3090	7	1.47825
99	839	8	1.4709456
99	1255	9	1.352358
99	615	10	1.3308778
287	201	1	4.689375
287	238	2	4.5657086
287	706	3	3.8804052
287	920	4	3.5873084
287	53	5	3.5463033
287	431	6	3.4534612
287	81	7	3.4371462
287	80	8	3.3672132
287	196	9	3.311533
287	2101	10	3.283803
228	11	1	3.8517213
228	201	2	3.4864645
228	789	3	3.0882459
228	333	4	3.038989
228	806	5	3.0340486
228	0	6	3.0312579
228	492	7	3.0007064
228	330	8	2.961604
228	805	9	2.9554062
228	238	10	2.8908134
183	1854	1	2.5945463
183	672	2	2.5121937
183	2390	3	2.3739247
183	77	4	2.1648123
183	702	5	2.1397777
183	304	6	2.1122108
183	1069	7	2.0553524
183	839	8	2.00597
183	1742	9	1.9028292
183	1374	10	1.8957007
922	224	1	2.249498
922	549	2	2.1028275
922	728	3	1.7961044
922	42	4	1.7818358
922	525	5	1.7727573
922	1263	6	1.7640603
922	62	7	1.7115631
922	1194	8	1.6709155
922	1333	9	1.6302145
922	184	10	1.6261563
229	30	1	3.145655
229	53	2	2.991765
229	210	3	2.943768
229	200	4	2.9094448
229	4016	5	2.7443323
229	196	6	2.725706
229	47	7	2.6310859
229	168	8	2.5703754
229	682	9	2.507842
229	258	10	2.4832735
9	555	1	1.8155358
9	1225	2	1.7260581
9	227	3	1.7245542
9	303	4	1.7148045
9	978	5	1.7063324
9	549	6	1.6821824
9	515	7	1.6423383
9	857	8	1.6065757
9	1211	9	1.5862144
9	1215	10	1.5784729
78	258	1	4.2863293
78	40	2	4.0235367
78	243	3	3.8017125
78	11	4	3.622055
78	238	5	3.4988806
78	3718	6	3.4785945
78	320	7	3.4362772
78	43	8	3.4295044
78	1925	9	3.3145938
78	495	10	3.213524
308	224	1	1.9397061
308	391	2	1.758525
308	149	3	1.6873913
308	1263	4	1.6697977
308	321	5	1.6461434
308	352	6	1.6089735
308	72	7	1.5210375
308	84	8	1.5205148
308	370	9	1.4615376
308	29	10	1.453263
45	3273	1	1.9775385
45	3275	2	1.9570358
45	4688	3	1.2340426
45	2484	4	1.1831751
45	0	5	1.0557749
45	1368	6	0.99273586
45	201	7	0.96667534
45	258	8	0.9602777
45	19	9	0.8620288
45	1799	10	0.84856087
452	227	1	1.8980982
452	352	2	1.7949831
452	224	3	1.6328986
452	515	4	1.6300554
452	3929	5	1.6013917
452	631	6	1.5859333
452	29	7	1.5684571
452	1466	8	1.5627866
452	3718	9	1.5577108
452	42	10	1.528074
449	843	1	1.7160357
449	30	2	1.3780838
449	197	3	1.2663482
449	2125	4	1.2555382
449	1023	5	1.1838504
449	597	6	1.1821553
449	463	7	1.0992707
449	224	8	1.0438163
449	1083	9	0.98501694
449	672	10	0.9387629
796	911	1	2.1842737
796	352	2	1.851377
796	1066	3	1.783536
796	3785	4	1.768769
796	864	5	1.7410775
796	63	6	1.6977391
796	1112	7	1.6607988
796	277	8	1.5777266
796	1321	9	1.5576553
796	243	10	1.5257986
235	456	1	1.3839593
235	597	2	1.3048508
235	30	3	1.2356021
235	843	4	1.1966634
235	672	5	1.1526544
235	2550	6	1.0526283
235	2125	7	1.0071955
235	682	8	1.0047815
235	539	9	0.9461149
235	28	10	0.9442563
821	1925	1	4.396944
821	243	2	4.1360207
821	982	3	3.83817
821	454	4	3.5455604
821	1693	5	3.2765334
821	139	6	3.2747545
821	40	7	3.2612748
821	369	8	3.1940002
821	1091	9	3.1920123
821	1688	10	3.1790872
113	1139	1	2.4820738
113	109	2	2.4630206
113	2108	3	2.4294512
113	2110	4	2.3200788
113	296	5	2.2928822
113	4029	6	2.2397704
113	210	7	2.047589
113	702	8	2.0254617
113	4017	9	2.0232267
113	597	10	2.0029616
337	311	1	2.9440064
337	53	2	2.8800197
337	0	3	2.8325572
337	369	4	2.7209425
337	258	5	2.6251302
337	40	6	2.6179094
337	201	7	2.5125751
337	47	8	2.4656103
337	732	9	2.4441361
337	73	10	2.370336
454	2108	1	1.956886
454	597	2	1.9260752
454	2110	3	1.9208813
454	4029	4	1.837811
454	843	5	1.5662796
454	351	6	1.5329024
454	30	7	1.5112858
454	3430	8	1.395181
454	40	9	1.394075
454	49	10	1.3627863
797	913	1	1.0767235
797	2942	2	0.9316895
797	224	3	0.91400015
797	219	4	0.88531893
797	807	5	0.87442863
797	631	6	0.85760736
797	821	7	0.8287598
797	1162	8	0.7401546
797	485	9	0.70166004
797	1496	10	0.671898
90	393	1	1.8276892
90	248	2	1.7367321
90	152	3	1.701534
90	791	4	1.6712918
90	72	5	1.6510864
90	599	6	1.593288
90	1701	7	1.4978681
90	142	8	1.4413161
90	0	9	1.3966311
90	47	10	1.3868014
878	224	1	2.2286215
878	320	2	1.8022954
878	219	3	1.789468
878	84	4	1.681431
878	30	5	1.4573957
878	243	6	1.4357893
878	43	7	1.4240263
878	631	8	1.4081466
878	227	9	1.4071007
878	1313	10	1.3550475
243	19	1	2.8731015
243	43	2	2.7153413
243	47	3	2.5837069
243	258	4	2.5699837
243	504	5	2.5316372
243	0	6	2.518384
243	320	7	2.4506946
243	551	8	2.390329
243	3718	9	2.3573647
243	529	10	2.3188791
143	210	1	3.1497297
143	196	2	3.149138
143	3075	3	2.9870644
143	4020	4	2.9123862
143	47	5	2.8915
143	139	6	2.8763556
143	109	7	2.8401504
143	168	8	2.7566535
143	672	9	2.7559834
143	53	10	2.6685572
634	2756	1	0.7929666
634	1946	2	0.6840067
634	1263	3	0.6634964
634	476	4	0.60521215
634	3350	5	0.49005938
634	62	6	0.48520952
634	1873	7	0.47428024
634	2491	8	0.4722339
634	404	9	0.4554005
634	1757	10	0.45485395
770	3430	1	1.806351
770	672	2	1.7634091
770	4020	3	1.6923385
770	4017	4	1.6890476
770	403	5	1.6774712
770	2108	6	1.6717833
770	2110	7	1.6397762
770	351	8	1.6314294
770	109	9	1.6147084
770	3223	10	1.6102911
546	431	1	2.1992831
546	19	2	2.1382465
546	258	3	1.9565346
546	238	4	1.744024
546	1029	5	1.7317716
546	90	6	1.691886
546	688	7	1.6638193
546	1398	8	1.6614401
546	706	9	1.6514499
546	1388	10	1.6466413
126	19	1	3.0678344
126	0	2	2.8876019
126	258	3	2.8687901
126	622	4	2.522509
126	24	5	2.4677386
126	215	6	2.4559836
126	40	7	2.4340954
126	599	8	2.4314365
126	11	9	2.4222143
126	185	10	2.4198804
808	152	1	2.5575275
808	2110	2	2.4979002
808	3072	3	2.4840243
808	2108	4	2.3849747
808	3073	5	2.3546143
808	3074	6	2.3067164
808	3075	7	2.2321568
808	631	8	2.1592379
808	196	9	2.1500423
808	53	10	2.0755465
266	4029	1	3.0622845
266	196	2	3.000381
266	30	3	2.8541064
266	843	4	2.8198266
266	139	5	2.7177293
266	1983	6	2.7062593
266	597	7	2.687481
266	49	8	2.6717014
266	2800	9	2.668267
266	1925	10	2.6594903
396	796	1	1.3046107
396	928	2	1.2950566
396	321	3	1.1933433
396	4083	4	1.1853218
396	1414	5	1.1802754
396	2229	6	1.127779
396	4017	7	1.0821121
396	126	8	1.0704094
396	1449	9	1.0675921
396	4021	10	1.0456402
415	322	1	1.2320713
415	43	2	1.2213427
415	219	3	1.188878
415	0	4	1.1511745
415	3797	5	1.1432345
415	243	6	1.0934741
415	732	7	1.0758497
415	920	8	1.0753357
415	320	9	1.0563173
415	24	10	1.0562454
784	4017	1	1.1888983
784	4021	2	1.1848212
784	323	3	1.1474597
784	2163	4	1.1376221
784	1525	5	1.1309097
784	2339	6	1.1076274
784	237	7	1.0711172
784	296	8	1.0395733
784	4020	9	1.0323002
784	544	10	1.0285293
824	0	1	2.52918
824	196	2	2.4836612
824	243	3	2.2980134
824	706	4	2.2805505
824	238	5	2.260241
824	258	6	2.2385702
824	201	7	2.2056146
824	454	8	2.204562
824	200	9	2.106882
824	213	10	2.06679
459	843	1	1.2888509
459	28	2	1.2211864
459	456	3	1.1516857
459	2110	4	1.0552871
459	1406	5	1.0239303
459	216	6	0.98196787
459	439	7	0.933075
459	672	8	0.9314183
459	63	9	0.9283993
459	47	10	0.92328465
284	320	1	3.3360646
284	732	2	3.218398
284	351	3	3.0433655
284	224	4	3.000443
284	43	5	2.9188414
284	311	6	2.6152565
284	372	7	2.5572228
284	488	8	2.5002856
284	40	9	2.4968586
284	213	10	2.4885993
481	352	1	1.1923018
481	184	2	0.9811575
481	1011	3	0.96200854
481	1194	4	0.9040772
481	979	5	0.85810405
481	555	6	0.8559307
481	1225	7	0.8497342
481	1333	8	0.84229195
481	227	9	0.830981
481	549	10	0.81151223
60	1256	1	0.9266507
60	337	2	0.80865896
60	1139	3	0.7809193
60	278	4	0.70888925
60	505	5	0.6952
60	1833	6	0.676414
60	1982	7	0.6751132
60	1966	8	0.6221918
60	890	9	0.61450386
60	403	10	0.595553
57	864	1	2.4078996
57	210	2	2.308805
57	2108	3	2.286489
57	352	4	2.2800682
57	224	5	2.1815178
57	196	6	2.1370397
57	79	7	2.1217074
57	843	8	2.0977955
57	30	9	2.096198
57	2110	10	2.0876575
832	168	1	2.0389206
832	152	2	2.0113482
832	631	3	1.7953731
832	53	4	1.6455537
832	42	5	1.5987363
832	77	6	1.597249
832	1833	7	1.5834761
832	19	8	1.5741639
832	376	9	1.5146464
832	1129	10	1.4524428
480	3430	1	3.1486928
480	109	2	3.0247605
480	597	3	2.6553297
480	843	4	2.5386875
480	4017	5	2.4807038
480	4029	6	2.477915
480	168	7	2.4454265
480	30	8	2.3669262
480	4020	9	2.2626777
480	672	10	2.2519202
31	3430	1	4.4732285
31	210	2	3.147593
31	53	3	2.7321758
31	613	4	2.6735826
31	134	5	2.5939813
31	2108	6	2.5609584
31	672	7	2.5475564
31	2110	8	2.535336
31	4083	9	2.4666333
31	1854	10	2.454724
95	2110	1	3.418457
95	2108	2	3.3914971
95	30	3	3.0026155
95	4020	4	2.8939672
95	501	5	2.843333
95	843	6	2.8334706
95	717	7	2.6983838
95	753	8	2.6835542
95	1854	9	2.6433191
95	597	10	2.6167297
419	227	1	3.3388321
419	185	2	2.3440018
419	224	3	2.1605659
419	1225	4	2.1512074
419	1215	5	2.1388924
419	79	6	2.1011004
419	857	7	2.0880556
419	525	8	2.0262764
419	352	9	2.0249825
419	599	10	1.9917893
517	706	1	2.932457
517	3795	2	2.859091
517	11	3	2.7561631
517	2656	4	2.7511337
517	3313	5	2.6818435
517	81	6	2.558291
517	82	7	2.5044653
517	430	8	2.3438077
517	238	9	2.2336254
517	333	10	2.2044654
887	4020	1	1.7166855
887	271	2	1.6957504
887	3086	3	1.6694907
887	1854	4	1.6634985
887	4017	5	1.649989
887	3090	6	1.6335161
887	4021	7	1.6144718
887	553	8	1.5981755
887	1255	9	1.5976374
887	735	10	1.5708596
794	19	1	3.0417228
794	258	2	3.0253253
794	732	3	2.8697352
794	43	4	2.768514
794	213	5	2.7119374
794	320	6	2.6892905
794	238	7	2.651637
794	243	8	2.6412168
794	24	9	2.505186
794	3797	10	2.4874775
575	30	1	1.7089462
575	1982	2	1.417618
575	8	3	1.2893896
575	82	4	1.2509644
575	351	5	1.2422308
575	43	6	1.2191234
575	47	7	1.2178997
575	227	8	1.209507
575	1023	9	1.1901436
575	1149	10	1.1871605
168	4029	1	1.4041069
168	2108	2	1.3432307
168	860	3	1.2711263
168	3430	4	1.2443254
168	2110	5	1.2285643
168	1983	6	1.2132491
168	372	7	1.2046208
168	210	8	1.1895335
168	109	9	1.0680625
168	30	10	1.0345207
295	11	1	4.479864
295	258	2	4.06429
295	201	3	3.595739
295	243	4	3.56207
295	1368	5	3.5159683
295	706	6	3.3359444
295	806	7	3.186676
295	492	8	3.1701238
295	805	9	3.0840914
295	982	10	3.062604
455	391	1	1.0824304
455	1134	2	0.90693784
455	84	3	0.868523
455	1484	4	0.8586615
455	864	5	0.830591
455	1672	6	0.7970637
455	185	7	0.7609313
455	79	8	0.7499275
455	1531	9	0.7498672
455	370	10	0.7260295
231	367	1	1.9432957
231	821	2	1.5131038
231	1345	3	1.5080646
231	351	4	1.4420805
231	152	5	1.4163064
231	884	6	1.3552709
231	2668	7	1.299479
231	1821	8	1.2675868
231	3145	9	1.2668297
231	1200	10	1.2298466
165	631	1	2.2395854
165	1168	2	2.093839
165	1169	3	1.905434
165	1423	4	1.8494235
165	1435	5	1.8403847
165	732	6	1.810305
165	2158	7	1.663681
165	43	8	1.6357162
165	213	9	1.632757
165	351	10	1.6238835
42	30	1	1.5451258
42	42	2	1.4130161
42	149	3	1.3758917
42	895	4	1.350069
42	3929	5	1.2912112
42	231	6	1.2506436
42	864	7	1.1826594
42	821	8	1.182136
42	84	9	1.1809909
42	488	10	1.1671702
154	2073	1	0.7628478
154	2981	2	0.7342093
154	4007	3	0.7310893
154	2550	4	0.70396626
154	3611	5	0.69840336
154	3569	6	0.6859164
154	1178	7	0.6841516
154	1880	8	0.67831314
154	944	9	0.6652834
154	197	10	0.6558969
721	323	1	1.9869124
721	1382	2	1.9018065
721	1400	3	1.8076534
721	2195	4	1.8043466
721	435	5	1.7981029
721	544	6	1.7774793
721	1867	7	1.7407078
721	3404	8	1.7134249
721	4254	9	1.7116052
721	276	10	1.6911663
620	11	1	4.0091953
620	3073	2	3.8761952
620	238	3	3.7245345
620	82	4	3.605914
620	243	5	3.54076
620	3072	6	3.4500458
620	201	7	3.338368
620	3075	8	3.3101056
620	40	9	3.2262685
620	47	10	3.145586
200	43	1	3.6541183
200	185	2	3.3904727
200	224	3	3.3803148
200	42	4	2.948944
200	631	5	2.93742
200	238	6	2.8787377
200	320	7	2.8588903
200	732	8	2.802197
200	821	9	2.7025828
200	19	10	2.7007546
333	311	1	3.1453285
333	631	2	2.8983836
333	243	3	2.6868932
333	0	4	2.5273209
333	43	5	2.4276228
333	258	6	2.2906775
333	238	7	2.2142205
333	219	8	2.1449013
333	108	9	2.1253364
333	82	10	2.0544472
692	19	1	3.6645315
692	258	2	3.289865
692	11	3	3.2718031
692	1368	4	2.8922038
692	238	5	2.8497274
692	920	6	2.7862692
692	81	7	2.6593966
692	454	8	2.6501002
692	322	9	2.610269
692	914	10	2.4608746
815	3797	1	2.1493845
815	11	2	2.0794313
815	19	3	2.0784254
815	320	4	2.0199528
815	40	5	1.9952842
815	0	6	1.9597642
815	243	7	1.8907712
815	920	8	1.8847684
815	46	9	1.8783724
815	322	10	1.8501136
510	216	1	1.4739722
510	1672	2	1.3629956
510	79	3	1.3264544
510	1388	4	1.2545635
510	1398	5	1.2095735
510	864	6	1.1052827
510	219	7	1.0404196
510	821	8	1.0323035
510	1114	9	1.0255394
510	823	10	1.0245168
49	3430	1	0.7657141
49	296	2	0.6830847
49	4017	3	0.6615779
49	30	4	0.64684606
49	1256	5	0.6435261
49	1982	6	0.62190187
49	2450	7	0.5979935
49	923	8	0.5932597
49	434	9	0.5729909
49	672	10	0.56739557
505	296	1	2.0083287
505	2110	2	1.989555
505	2108	3	1.9348152
505	168	4	1.8750253
505	351	5	1.8090879
505	1910	6	1.806452
505	210	7	1.6477962
505	28	8	1.6345286
505	635	9	1.6284434
505	4029	10	1.5953014
869	19	1	2.32095
869	0	2	2.1484041
869	238	3	2.1474085
869	258	4	2.1331682
869	227	5	2.1290343
869	243	6	2.062989
869	3307	7	2.0246072
869	90	8	1.786259
869	454	9	1.7681603
869	937	10	1.762011
404	43	1	2.7563484
404	224	2	2.6418402
404	352	3	2.5014834
404	732	4	2.3242788
404	24	5	2.2423258
404	320	6	2.227476
404	185	7	2.2218113
404	937	8	2.1408458
404	1449	9	2.1301332
404	821	10	2.1184478
242	227	1	2.133288
242	351	2	2.0364068
242	485	3	1.9370899
242	3718	4	1.9080007
242	213	5	1.8238758
242	631	6	1.814079
242	311	7	1.7735581
242	732	8	1.7519875
242	821	9	1.7316455
242	43	10	1.7312298
241	19	1	3.8078804
241	243	2	3.361659
241	11	3	3.357905
241	47	4	3.223116
241	82	5	3.050995
241	454	6	3.0504503
241	920	7	2.7633595
241	1368	8	2.6560526
241	213	9	2.6192868
241	43	10	2.5968103
550	238	1	3.1116714
550	11	2	3.0520177
550	82	3	2.9972162
550	201	4	2.839189
550	1368	5	2.7698398
550	243	6	2.6788356
550	333	7	2.6246066
550	3074	8	2.6038218
550	47	9	2.493804
550	680	10	2.483265
907	3020	1	2.02702
907	3797	2	1.959565
907	1952	3	1.7403421
907	231	4	1.7130327
907	311	5	1.6921148
907	387	6	1.6484385
907	2043	7	1.5807439
907	895	8	1.5451393
907	58	9	1.5410743
907	70	10	1.529127
116	108	1	2.7667704
116	0	2	2.7066884
116	258	3	2.6032856
116	43	4	2.5236473
116	732	5	2.5183735
116	11	6	2.5102177
116	3073	7	2.4321766
116	268	8	2.4260058
116	238	9	2.422848
116	24	10	2.4140768
86	2110	1	1.8372586
86	30	2	1.8129901
86	2108	3	1.8070785
86	682	4	1.7722427
86	49	5	1.7003341
86	109	6	1.5842046
86	604	7	1.5102832
86	843	8	1.4540929
86	3073	9	1.439749
86	538	10	1.4366255
932	2108	1	1.5151104
932	597	2	1.5129373
932	2110	3	1.4767225
932	860	4	1.4597266
932	53	5	1.4566269
932	1557	6	1.3642575
932	197	7	1.343565
932	30	8	1.2475333
932	224	9	1.2184713
932	654	10	1.2075971
296	4017	1	4.2974477
296	4020	2	4.092706
296	1854	3	3.874401
296	4021	4	3.6367245
296	2110	5	3.5882936
296	3090	6	3.3536196
296	2390	7	3.3401585
296	2108	8	3.2957377
296	962	9	3.2732196
296	3096	10	3.164743
276	19	1	2.2420516
276	0	2	2.1181483
276	40	3	2.0159676
276	108	4	1.9505842
276	258	5	1.9017334
276	30	6	1.7681074
276	238	7	1.7541459
276	268	8	1.7395644
276	3073	9	1.7382758
276	2108	10	1.7337648
895	622	1	4.103861
895	47	2	3.8884556
895	50	3	3.581945
895	732	4	3.5695608
895	920	5	3.4167454
895	71	6	3.370599
895	90	7	3.300109
895	3718	8	3.2705975
895	213	9	3.2469215
895	1103	10	3.2397556
911	219	1	2.0451345
911	311	2	1.7818803
911	84	3	1.700696
911	227	4	1.6647505
911	152	5	1.6235555
911	515	6	1.5723337
911	821	7	1.555871
911	1194	8	1.5551403
911	728	9	1.5250971
911	1162	10	1.5166166
265	30	1	2.3771372
265	682	2	1.8314177
265	84	3	1.8030305
265	227	4	1.7958261
265	599	5	1.7353609
265	49	6	1.6993046
265	0	7	1.6836727
265	1871	8	1.6769484
265	53	9	1.6295877
265	11	10	1.6131904
151	19	1	2.607957
151	196	2	2.1667652
151	3072	3	2.138961
151	706	4	2.0527954
151	3073	5	2.0090022
151	3074	6	1.9821699
151	3075	7	1.894363
151	11	8	1.8938923
151	1925	9	1.8506733
151	30	10	1.8417506
72	40	1	1.4932263
72	224	2	1.486402
72	258	3	1.428951
72	0	4	1.4136131
72	30	5	1.4134058
72	42	6	1.404975
72	843	7	1.3841567
72	2110	8	1.3431541
72	19	9	1.3108981
72	3718	10	1.2855042
829	258	1	2.1518493
829	152	2	2.1219556
829	42	3	2.0418098
829	0	4	1.9317961
829	216	5	1.9237051
829	219	6	1.9149716
829	3797	7	1.8632565
829	47	8	1.8313822
829	311	9	1.7971814
829	243	10	1.7762504
294	46	1	3.513225
294	11	2	2.0978549
294	55	3	2.020099
294	56	4	1.9326545
294	24	5	1.893733
294	495	6	1.7873912
294	3718	7	1.7808833
294	3073	8	1.7587764
294	82	9	1.7131168
294	58	10	1.7056438
304	0	1	1.3704699
304	258	2	1.3121029
304	72	3	1.2548475
304	224	4	1.2058525
304	843	5	1.202923
304	728	6	1.1307636
304	1578	7	1.0910585
304	84	8	1.0819913
304	2217	9	1.0738786
304	660	10	1.0523779
271	216	1	1.6569066
271	495	2	1.5847967
271	1487	3	1.5792282
271	369	4	1.533433
271	614	5	1.5200067
271	196	6	1.4890862
271	218	7	1.4762828
271	115	8	1.4100388
271	529	9	1.4009967
271	3781	10	1.3483106
885	3073	1	3.0968015
885	82	2	3.0911877
885	3072	3	2.9329715
885	3074	4	2.8227954
885	47	5	2.8108876
885	3075	6	2.6124387
885	333	7	2.6024356
885	2108	8	2.5770636
885	43	9	2.515721
885	492	10	2.4434092
665	258	1	2.9084253
665	238	2	2.8716679
665	19	3	2.7582836
665	0	4	2.6520252
665	2217	5	2.6161482
665	50	6	2.5214102
665	58	7	2.4729142
665	90	8	2.4055204
665	243	9	2.3994076
665	82	10	2.259009
514	631	1	1.3426543
514	599	2	1.2342947
514	243	3	1.1852422
514	732	4	1.146104
514	168	5	1.1187112
514	135	6	1.020009
514	43	7	1.0152856
514	147	8	0.9733809
514	105	9	0.9729333
514	821	10	0.96610415
856	370	1	1.7890716
856	1263	2	1.7516241
856	1449	3	1.7057594
856	352	4	1.5410931
856	112	5	1.503211
856	564	6	1.4073877
856	1238	7	1.3001133
856	874	8	1.2921636
856	530	9	1.2904528
856	224	10	1.2716988
132	77	1	3.081946
132	3251	2	2.7936447
132	1851	3	2.6977963
132	1761	4	2.613546
132	1648	5	2.5288613
132	2108	6	2.4792619
132	2110	7	2.4457235
132	615	8	2.439783
132	672	9	2.428965
132	2631	10	2.2829237
802	201	1	3.7576547
802	70	2	3.737256
802	47	3	3.549764
802	806	4	3.223885
802	90	5	3.1846075
802	905	6	3.0579224
802	55	7	3.014752
802	510	8	2.996402
802	24	9	2.9537516
802	215	10	2.8563142
840	258	1	3.0662303
840	243	2	2.8118243
840	3073	3	2.6878743
840	201	4	2.6549194
840	43	5	2.518422
840	504	6	2.511139
840	11	7	2.506815
840	82	8	2.3205872
840	1368	9	2.2998004
840	47	10	2.299057
204	1925	1	4.1137257
204	201	2	4.1017923
204	1368	3	3.9509664
204	80	4	3.9087932
204	47	5	3.6470766
204	920	6	3.4219697
204	622	7	3.2948792
204	24	8	3.27648
204	196	9	3.2629821
204	1042	10	3.2339644
614	109	1	2.6428418
614	168	2	2.4519224
614	1139	3	2.3974252
614	4029	4	2.3332145
614	843	5	2.3330126
614	597	6	2.3275547
614	682	7	2.28064
614	3430	8	2.2622137
614	49	9	2.2294755
614	53	10	2.1333685
590	485	1	1.798915
590	631	2	1.4699259
590	351	3	1.4617057
590	1161	4	1.4305396
590	821	5	1.4066825
590	843	6	1.3532777
590	224	7	1.351504
590	152	8	1.3473891
590	84	9	1.3270059
590	311	10	1.2508394
7	2108	1	3.8511167
7	753	2	3.2993412
7	962	3	3.0851128
7	597	4	2.983676
7	77	5	2.94597
7	843	6	2.813671
7	168	7	2.7215014
7	702	8	2.692812
7	1983	9	2.6424685
7	139	10	2.5817919
364	0	1	3.7629561
364	108	2	3.7436037
364	1701	3	3.5548515
364	11	4	3.5451584
364	47	5	3.5271075
364	238	6	3.200347
364	599	7	3.1626065
364	243	8	3.0769424
364	196	9	3.0742118
364	721	10	3.0473228
6	19	1	2.7274013
6	0	2	2.449698
6	258	3	2.3989806
6	3073	4	2.2816243
6	3072	5	2.1513147
6	238	6	2.058969
6	47	7	2.014567
6	82	8	1.9914365
6	196	9	1.9234571
6	50	10	1.9208784
391	11	1	2.94852
391	258	2	2.9361305
391	201	3	2.885181
391	200	4	2.6735106
391	0	5	2.6296697
391	2108	6	2.6042042
391	2110	7	2.5822856
391	706	8	2.5702887
391	238	9	2.5583715
391	3273	10	2.4603198
490	395	1	1.2267458
490	2195	2	1.1804117
490	1223	3	1.1378837
490	346	4	1.1308064
490	323	5	1.1250472
490	276	6	1.1200136
490	3404	7	1.085846
490	837	8	1.0760195
490	435	9	1.0325346
490	1143	10	1.0213934
22	3718	1	2.1172152
22	864	2	1.9946678
22	224	3	1.9661208
22	352	4	1.9480331
22	196	5	1.7861645
22	19	6	1.7440156
22	47	7	1.6386759
22	311	8	1.596243
22	258	9	1.5245837
22	43	10	1.5174844
309	2195	1	1.0692464
309	395	2	0.91555643
309	323	3	0.8490889
309	1143	4	0.8366322
309	850	5	0.8162683
309	544	6	0.81268233
309	458	7	0.7922301
309	325	8	0.7816014
309	420	9	0.7735098
309	2163	10	0.7678713
880	204	1	2.2600205
880	216	2	2.0861983
880	11	3	2.039651
880	1406	4	2.0116153
880	201	5	1.9331555
880	3718	6	1.850001
880	3073	7	1.8370407
880	2110	8	1.8154558
880	47	9	1.8101408
880	0	10	1.7805024
633	3929	1	1.886277
633	224	2	1.5455618
633	1011	3	1.4494418
633	219	4	1.4309239
633	1449	5	1.3880702
633	391	6	1.3636082
633	184	7	1.3626995
633	227	8	1.355397
633	370	9	1.3107567
633	278	10	1.2956998
722	3073	1	3.1803913
722	11	2	3.0356565
722	238	3	2.9357114
722	3072	4	2.9123025
722	24	5	2.7222145
722	243	6	2.7194839
722	201	7	2.7091007
722	43	8	2.6761775
722	3075	9	2.669477
722	47	10	2.6475408
605	19	1	2.266667
605	30	2	2.1869047
605	3073	3	2.1688187
605	1410	4	2.1598358
605	196	5	2.1198256
605	2108	6	2.0629153
605	3072	7	2.0354571
605	3075	8	1.9915568
605	3074	9	1.9868345
605	2110	10	1.9452236
705	178	1	1.7662103
705	420	2	1.7563509
705	2860	3	1.4996747
705	395	4	1.4994005
705	4292	5	1.2582927
705	1790	6	1.2457547
705	305	7	1.1845484
705	687	8	1.1803803
705	2277	9	1.1764504
705	1226	10	1.1292037
767	1313	1	2.1848197
767	1112	2	2.110207
767	1321	3	1.9968896
767	1066	4	1.9390523
767	29	5	1.870485
767	2421	6	1.8409054
767	911	7	1.7583894
767	3337	8	1.746124
767	4088	9	1.5747247
767	184	10	1.5588145
167	1263	1	1.7479434
167	184	2	1.4155953
167	599	3	1.3921962
167	79	4	1.3049753
167	530	5	1.269274
167	821	6	1.2330418
167	231	7	1.2310352
167	224	8	1.2224656
167	1449	9	1.2195456
167	1011	10	1.2074895
303	525	1	1.805372
303	1449	2	1.7599441
303	229	3	1.6814508
303	1780	4	1.6079154
303	1060	5	1.5271908
303	794	6	1.4555364
303	1775	7	1.4525621
303	1533	8	1.4305999
303	874	9	1.3968837
303	821	10	1.3783653
800	3730	1	1.8482314
800	4515	2	1.443543
800	1232	3	1.2584913
800	2041	4	1.023736
800	521	5	1.0046446
800	1025	6	0.9619483
800	4114	7	0.9398898
800	617	8	0.92689526
800	1967	9	0.9135226
800	1697	10	0.90295357
456	807	1	2.2428584
456	213	2	1.9720255
456	599	3	1.8637369
456	219	4	1.8213127
456	43	5	1.798254
456	62	6	1.7321064
456	320	7	1.6914062
456	732	8	1.6804351
456	46	9	1.6024132
456	821	10	1.5964178
326	109	1	2.2645025
326	77	2	2.0359268
326	148	3	1.9934863
326	886	4	1.9732665
326	672	5	1.8158076
326	3430	6	1.787967
326	479	7	1.7532971
326	108	8	1.7016431
326	1854	9	1.6927538
326	4029	10	1.6470418
64	3430	1	3.969152
64	2108	2	3.6355886
64	4020	3	3.3098967
64	672	4	3.176398
64	2800	5	2.8291078
64	4021	6	2.8085854
64	30	7	2.7938795
64	53	8	2.7510257
64	109	9	2.7506843
64	4016	10	2.7018595
299	3718	1	1.6552503
299	43	2	1.4294
299	599	3	1.4025447
299	258	4	1.3797214
299	149	5	1.3759052
299	224	6	1.3564146
299	372	7	1.324886
299	848	8	1.2830479
299	219	9	1.2828864
299	320	10	1.2730379
50	238	1	3.590055
50	19	2	3.5421963
50	215	3	3.2459948
50	243	4	3.2369885
50	40	5	3.1217268
50	3020	6	2.9945593
50	213	7	2.9860892
50	504	8	2.984284
50	2338	9	2.9761217
50	41	10	2.9693842
19	3430	1	3.763509
19	210	2	2.8857515
19	601	3	2.7507656
19	702	4	2.7388492
19	168	5	2.713326
19	109	6	2.6128085
19	2110	7	2.5953255
19	2108	8	2.4575832
19	501	9	2.4033835
19	1234	10	2.3590763
594	219	1	2.4021237
594	43	2	2.3983643
594	40	3	2.391045
594	1058	4	2.2018385
594	213	5	2.1733966
594	504	6	2.1587934
594	152	7	2.1526752
594	631	8	2.1286225
594	311	9	2.0920806
594	848	10	2.0253377
377	4017	1	2.007356
377	4020	2	1.9209481
377	4021	3	1.9008744
377	3430	4	1.8442569
377	53	5	1.8270391
377	682	6	1.7126338
377	210	7	1.6697233
377	109	8	1.4674816
377	224	9	1.4612517
377	2110	10	1.4549958
431	3073	1	3.8157997
431	238	2	3.2000542
431	11	3	2.9867482
431	82	4	2.9263241
431	0	5	2.8396363
431	333	6	2.6850476
431	430	7	2.6213078
431	196	8	2.6019988
431	2656	9	2.5893226
431	258	10	2.4854255
657	196	1	3.257122
657	258	2	2.8995652
657	732	3	2.8882685
657	268	4	2.87713
657	320	5	2.7595434
657	0	6	2.677193
657	492	7	2.657874
657	47	8	2.6445086
657	1701	9	2.5611467
657	252	10	2.4756904
74	3430	1	2.8870902
74	4017	2	2.7140357
74	109	3	2.5862842
74	672	4	2.5694857
74	3073	5	2.4990277
74	843	6	2.4872928
74	4020	7	2.475943
74	2800	8	2.408838
74	4016	9	2.3996377
74	3072	10	2.3572621
28	185	1	3.4257944
28	515	2	3.2632391
28	321	3	2.8932471
28	549	4	2.7483845
28	555	5	2.675784
28	1215	6	2.6239662
28	1211	7	2.54681
28	1194	8	2.5403214
28	988	9	2.4978316
28	979	10	2.4873414
810	258	1	2.8139498
810	47	2	2.7611494
810	2108	3	2.7076192
810	53	4	2.646062
810	30	5	2.5752132
810	2110	6	2.563132
810	479	7	2.4935505
810	40	8	2.4568841
810	216	9	2.4271853
810	0	10	2.3469954
162	3430	1	1.8761969
162	631	2	1.8187118
162	3718	3	1.8096206
162	2110	4	1.6514685
162	351	5	1.6108329
162	219	6	1.4834259
162	672	7	1.4700187
162	2108	8	1.4657121
162	196	9	1.4596567
162	19	10	1.4589814
446	210	1	3.3939118
446	4017	2	3.36797
446	672	3	3.1806464
446	4020	4	3.057077
446	597	5	2.8077085
446	4021	6	2.7173297
446	798	7	2.6651874
446	296	8	2.5825791
446	479	9	2.5688512
446	1854	10	2.515315
658	3073	1	2.8284912
658	3072	2	2.5218344
658	3075	3	2.4073486
658	2108	4	2.3585162
658	47	5	2.350648
658	258	6	2.3503928
658	152	7	2.2711282
658	3074	8	2.2135189
658	2195	9	2.1876595
658	3275	10	2.1569161
643	985	1	2.572277
643	391	2	2.3833652
643	370	3	2.2994192
643	172	4	2.2000856
643	243	5	2.097701
643	2320	6	2.035424
643	98	7	1.9593215
643	1449	8	1.9062697
643	1484	9	1.8606354
643	1076	10	1.8363074
670	333	1	3.7066474
670	201	2	3.4217072
670	196	3	3.2676415
670	1368	4	3.1974618
670	238	5	3.1643934
670	80	6	3.0589814
670	1925	7	2.8838286
670	806	8	2.7581093
670	982	9	2.7157598
670	139	10	2.670021
465	30	1	1.9140353
465	1410	2	1.7175181
465	49	3	1.7149132
465	843	4	1.6972694
465	456	5	1.6478364
465	176	6	1.6037214
465	1408	7	1.5345701
465	1594	8	1.527383
465	197	9	1.51041
465	654	10	1.4968281
367	258	1	2.9457908
367	732	2	2.9446304
367	43	3	2.9268656
367	40	4	2.8724048
367	24	5	2.6038527
367	213	6	2.5910213
367	108	7	2.5416095
367	504	8	2.479514
367	243	9	2.4737768
367	219	10	2.444341
97	168	1	1.4335681
97	219	2	1.362915
97	224	3	1.280029
97	597	4	1.2253536
97	149	5	1.1904832
97	296	6	1.1847793
97	77	7	1.1836697
97	1139	8	1.1580116
97	42	9	1.142899
97	485	10	1.137338
695	1701	1	0.71105415
695	1007	2	0.6905875
695	2467	3	0.6510916
695	24	4	0.63302505
695	732	5	0.60087216
695	215	6	0.5855189
695	4	7	0.5643259
695	686	8	0.5491105
695	504	9	0.53235537
695	221	10	0.53167593
156	185	1	2.7613263
156	515	2	2.6339865
156	1449	3	2.5250378
156	599	4	2.3493774
156	219	5	2.3205204
156	485	6	2.1281707
156	352	7	2.0739832
156	728	8	1.9271238
156	79	9	1.9167149
156	864	10	1.8751941
592	238	1	3.993363
592	0	2	3.975326
592	258	3	3.8928337
592	1925	4	3.7894554
592	201	5	3.6067061
592	706	6	3.4999552
592	243	7	3.3955038
592	1368	8	3.3031933
592	47	9	3.1571944
592	806	10	3.1388395
703	258	1	2.690942
703	322	2	2.6609278
703	369	3	2.1188726
703	11	4	1.962182
703	243	5	1.9235456
703	3430	6	1.890557
703	351	7	1.8776042
703	215	8	1.8534448
703	201	9	1.7826729
703	19	10	1.7442003
747	3929	1	1.9222562
747	46	2	1.7265346
747	40	3	1.5798764
747	3797	4	1.4995326
747	231	5	1.491702
747	3501	6	1.4912986
747	320	7	1.484345
747	369	8	1.4519051
747	0	9	1.3696631
747	351	10	1.3190631
528	351	1	1.9866188
528	1234	2	1.623702
528	60	3	1.5452857
528	682	4	1.5327673
528	1438	5	1.484365
528	601	6	1.477704
528	216	7	1.4339886
528	296	8	1.4330745
528	1854	9	1.4280275
528	320	10	1.4235862
221	0	1	3.7353697
221	258	2	3.6920047
221	196	3	3.5055826
221	201	4	3.3561993
221	40	5	3.3361516
221	2108	6	3.266467
221	24	7	3.1973526
221	2110	8	3.186151
221	322	9	3.0887258
221	369	10	3.071783
371	3718	1	3.3855233
371	0	2	3.2895503
371	311	3	3.2019346
371	7	4	3.1199646
371	599	5	2.8931544
371	686	6	2.8700926
371	1103	7	2.7100105
371	369	8	2.5626502
371	372	9	2.5307355
371	185	10	2.5159762
913	2195	1	2.9740086
913	323	2	2.9226003
913	544	3	2.5388725
913	435	4	2.5173807
913	1867	5	2.4774601
913	3404	6	2.4494185
913	276	7	2.374834
913	4254	8	2.3127177
913	2781	9	2.308136
913	1400	10	2.2585626
48	224	1	1.586599
48	864	2	1.5722485
48	320	3	1.5374572
48	599	4	1.3256807
48	3929	5	1.2820289
48	732	6	1.192069
48	243	7	1.1857228
48	152	8	1.1831262
48	47	9	1.1635373
48	84	10	1.1524322
771	79	1	1.4522269
771	864	2	1.3720374
771	29	3	1.2116525
771	1466	4	1.1819122
771	1066	5	1.1020144
771	227	6	1.0939908
771	63	7	1.0871544
771	1313	8	1.0645738
771	599	9	1.0458316
771	370	10	1.0457863
735	296	1	2.1306589
735	3430	2	2.0126543
735	2800	3	1.9961077
735	2110	4	1.9547023
735	4021	5	1.9514586
735	843	6	1.929806
735	4020	7	1.9291712
735	1854	8	1.8935897
735	456	9	1.8394458
735	109	10	1.8213058
117	4	1	2.5683184
117	3718	2	2.5222685
117	599	3	2.4865527
117	43	4	2.4443564
117	224	5	2.3709388
117	19	6	2.3036401
117	46	7	2.2698154
117	372	8	2.269108
117	993	9	2.141696
117	258	10	2.1380477
584	53	1	2.5086188
584	216	2	2.4245613
584	30	3	2.2664707
584	3430	4	2.2298534
584	28	5	2.2090979
584	19	6	2.1437805
584	196	7	2.0336745
584	77	8	1.9782097
584	1388	9	1.972321
584	843	10	1.954351
381	109	1	2.5673702
381	83	2	2.4585326
381	672	3	2.4372299
381	2965	4	2.3886669
381	1374	5	2.3027904
381	210	6	2.225686
381	77	7	2.2226098
381	3117	8	2.2115119
381	3270	9	2.2067578
381	4083	10	2.1716027
904	81	1	4.0838017
904	1368	2	4.07352
904	47	3	4.058849
904	706	4	3.8144896
904	920	5	3.545057
904	454	6	3.5430133
904	196	7	3.5035186
904	80	8	3.4908147
904	806	9	3.3707747
904	430	10	3.364285
587	1133	1	1.5147711
587	1137	2	1.3021698
587	1531	3	1.1358087
587	1534	4	1.0416589
587	864	5	0.9984111
587	1672	6	0.90652966
587	1788	7	0.85247916
587	2299	8	0.84365296
587	1702	9	0.84027296
587	152	10	0.8300175
232	732	1	2.1618168
232	3718	2	2.1508684
232	19	3	2.1332138
232	40	4	2.0815978
232	0	5	2.0694203
232	1701	6	2.033112
232	504	7	2.0098672
232	11	8	1.9929368
232	320	9	1.9449589
232	243	10	1.9299462
886	11	1	3.2058837
886	238	2	3.1306438
886	3075	3	3.098672
886	3074	4	2.9454665
886	622	5	2.9371133
886	243	6	2.8962855
886	43	7	2.6326377
886	1694	8	2.5874057
886	1925	9	2.5529222
886	50	10	2.5457194
744	1398	1	1.5684704
744	1399	2	1.293081
744	823	3	1.1303685
744	884	4	1.1256429
744	1134	5	1.0707042
744	1672	6	1.054634
744	1256	7	1.0217723
744	3362	8	0.9973484
744	864	9	0.9777358
744	168	10	0.9572264
233	24	1	4.187816
233	732	2	4.1150727
233	495	3	3.657055
233	504	4	3.5957732
233	108	5	3.5864358
233	599	6	3.5826406
233	238	7	3.5677748
233	529	8	3.5083694
233	11	9	3.492043
233	369	10	3.350828
416	0	1	1.5879796
416	19	2	1.558857
416	82	3	1.5277455
416	47	4	1.5229042
416	333	5	1.5152757
416	43	6	1.4917046
416	108	7	1.4411339
416	393	8	1.4261737
416	369	9	1.4121484
416	215	10	1.4066982
938	258	1	3.064892
938	19	2	3.0077791
938	3073	3	2.5885494
938	11	4	2.5241761
938	82	5	2.5150313
938	3072	6	2.3796935
938	454	7	2.339875
938	201	8	2.3267765
938	3074	9	2.2777054
938	196	10	2.23078
179	82	1	2.1555452
179	3073	2	2.1282673
179	258	3	2.0504456
179	3072	4	2.0137393
179	0	5	1.9691253
179	11	6	1.9652257
179	238	7	1.8736547
179	3074	8	1.84851
179	333	9	1.822422
179	3075	10	1.7799699
402	84	1	2.3811417
402	43	2	2.3582401
402	238	3	2.3004198
402	224	4	2.273857
402	732	5	2.2316957
402	152	6	2.1855779
402	219	7	2.1704457
402	243	8	2.1672997
402	3718	9	2.1385803
402	351	10	2.1382139
131	1484	1	1.6997366
131	184	2	1.5447079
131	185	3	1.5098109
131	352	4	1.4117258
131	227	5	1.3879318
131	874	6	1.2674265
131	278	7	1.2590585
131	370	8	1.193958
131	1313	9	1.1846709
131	864	10	1.1571821
147	30	1	2.1200604
147	456	2	2.0466588
147	3073	3	1.8904061
147	19	4	1.8787761
147	3074	5	1.8467288
147	3072	6	1.832067
147	3075	7	1.8089455
147	53	8	1.7629197
147	200	9	1.7444057
147	2110	10	1.7250926
648	109	1	1.2788402
648	4017	2	1.196295
648	224	3	1.0871013
648	479	4	1.0866205
648	3430	5	1.0597277
648	1833	6	1.0522381
648	4021	7	1.0422342
648	1139	8	1.0324514
648	4020	9	1.0066378
648	2110	10	1.0026355
839	4017	1	2.0952241
839	4020	2	1.956641
839	4021	3	1.9527549
839	3430	4	1.9172184
839	479	5	1.8505901
839	109	6	1.762645
839	1139	7	1.616003
839	224	8	1.5806574
839	3718	9	1.5606673
839	30	10	1.5549023
108	43	1	0.96870244
108	196	2	0.956248
108	40	3	0.93538725
108	213	4	0.9283551
108	227	5	0.915763
108	3020	6	0.8968022
108	732	7	0.89174855
108	0	8	0.8891152
108	108	9	0.88359797
108	79	10	0.87099326
275	4017	1	0.98388827
275	289	2	0.9511386
275	682	3	0.8914186
275	676	4	0.8742967
275	3430	5	0.8636883
275	901	6	0.8329795
275	1877	7	0.8281536
275	1139	8	0.8183413
275	2298	9	0.8122047
275	126	10	0.8027558
761	372	1	1.349706
761	40	2	1.2953731
761	732	3	1.2925627
761	62	4	1.2825266
761	599	5	1.2359686
761	152	6	1.2063677
761	43	7	1.1895423
761	504	8	1.1530144
761	227	9	1.1523604
761	1054	10	1.1392071
482	210	1	3.8896956
482	4017	2	3.8348908
482	843	3	3.5400903
482	30	4	3.4734468
482	501	5	3.388063
482	109	6	3.3602786
482	296	7	3.2159765
482	3096	8	3.0662322
482	4029	9	3.0289526
482	4021	10	2.9929838
717	3718	1	3.022173
717	19	2	2.96672
717	55	3	2.8261368
717	0	4	2.6092904
717	56	5	2.5202765
717	11	6	2.518414
717	551	7	2.5144775
717	238	8	2.4724836
717	686	9	2.4644332
717	3073	10	2.4287293
606	53	1	3.6897383
606	30	2	3.539247
606	196	3	3.3475466
606	982	4	3.2648818
606	492	5	3.1531065
606	1925	6	3.1155484
606	1854	7	3.1087868
606	200	8	3.106124
606	47	9	3.063663
606	2390	10	3.017909
47	161	1	1.3494816
47	135	2	1.2468457
47	1102	3	1.1589751
47	1814	4	1.1453269
47	147	5	1.054455
47	77	6	1.0524286
47	105	7	1.0126553
47	874	8	1.0044154
47	3966	9	0.99614954
47	1452	10	0.97550166
530	2110	1	2.9780273
530	4021	2	2.8731039
530	258	3	2.736171
530	210	4	2.716245
530	3073	5	2.6874828
530	82	6	2.648614
530	11	7	2.6331508
530	3072	8	2.5741608
530	0	9	2.4702044
530	3074	10	2.4484572
256	3020	1	0.70663536
256	42	2	0.6787555
256	514	3	0.61856353
256	1263	4	0.60120165
256	796	5	0.5988131
256	308	6	0.5982357
256	303	7	0.58727753
256	272	8	0.5838855
256	3796	9	0.58048713
256	1225	10	0.5452462
902	0	1	2.9778988
902	258	2	2.8272438
902	3073	3	2.817938
902	3075	4	2.5580516
902	238	5	2.4962087
902	3072	6	2.4184675
902	369	7	2.3860936
902	11	8	2.3489823
902	3718	9	2.3197513
902	3074	10	2.312792
704	0	1	3.862672
704	3073	2	3.6317105
704	238	3	3.4675941
704	82	4	3.313363
704	3072	5	3.244908
704	631	6	3.147999
704	3075	7	3.1298103
704	40	8	3.111887
704	11	9	3.0629659
704	47	10	3.0268335
366	204	1	2.767055
366	843	2	2.2312894
366	3430	3	2.0592425
366	2108	4	1.9946976
366	672	5	1.9778748
366	2110	6	1.839429
366	597	7	1.822552
366	109	8	1.8208587
366	168	9	1.80966
366	860	10	1.7531667
224	168	1	1.2289236
224	2108	2	1.1011258
224	2110	3	1.0190967
224	479	4	0.96888256
224	147	5	0.9154855
224	763	6	0.8861092
224	901	7	0.8633063
224	764	8	0.8598473
224	886	9	0.79871523
224	604	10	0.7980517
738	30	1	2.716936
738	501	2	2.339796
738	49	3	2.3277488
738	2110	4	2.3252153
738	597	5	2.188594
738	2108	6	2.1595356
738	1594	7	2.0976558
738	143	8	2.0617256
738	654	9	2.0372784
738	538	10	2.0196743
65	2108	1	2.545888
65	30	2	2.534122
65	2110	3	2.5181246
65	3430	4	2.40554
65	4029	5	2.3735137
65	479	6	2.2892952
65	109	7	2.2390766
65	2125	8	2.123743
65	4016	9	2.1179743
65	210	10	2.0765867
187	43	1	2.1363382
187	24	2	2.096452
187	19	3	2.0408964
187	258	4	2.0386705
187	0	5	2.032532
187	1701	6	1.9293916
187	732	7	1.8924588
187	215	8	1.8698136
187	82	9	1.8403081
187	243	10	1.8398485
604	1449	1	1.0819807
604	370	2	1.0728669
604	1379	3	0.9737681
604	647	4	0.9725026
604	3255	5	0.96165395
604	3000	6	0.8526717
604	870	7	0.82134473
604	1011	8	0.8078071
604	610	9	0.7993395
604	595	10	0.76234174
336	73	1	3.2515721
336	40	2	3.047441
336	1103	3	3.0150955
336	24	4	3.014161
336	82	5	2.9859815
336	50	6	2.9752524
336	848	7	2.945056
336	1368	8	2.9160807
336	46	9	2.9141707
336	3073	10	2.8350947
683	216	1	2.3127184
683	4016	2	1.7906432
683	823	3	1.7873901
683	391	4	1.7244302
683	3073	5	1.669533
683	47	6	1.643492
683	258	7	1.5709412
683	322	8	1.5624282
683	218	9	1.5164924
683	210	10	1.459286
248	30	1	1.396649
248	2108	2	1.3211558
248	2110	3	1.3176033
248	53	4	1.2747579
248	49	5	1.2707983
248	597	6	1.2623767
248	641	7	1.2107561
248	1594	8	1.1547725
248	2170	9	1.1499462
248	3781	10	1.1479449
76	224	1	1.1823074
76	564	2	1.1179211
76	631	3	1.1103678
76	821	4	1.0273317
76	3255	5	0.97838885
76	788	6	0.8347297
76	951	7	0.7935287
76	1496	8	0.7929859
76	77	9	0.7733042
76	825	10	0.7668359
127	3430	1	2.8944106
127	109	2	2.8683507
127	597	3	2.6632695
127	30	4	2.6558175
127	2108	5	2.5635767
127	2110	6	2.5551548
127	843	7	2.4257073
127	4029	8	2.3818247
127	672	9	2.377568
127	53	10	2.3296227
322	19	1	3.2859402
322	3072	2	2.6394012
322	3073	3	2.6226556
322	216	4	2.450927
322	2108	5	2.4051185
322	47	6	2.3802147
322	3075	7	2.3714783
322	210	8	2.2241275
322	1925	9	2.1982763
322	258	10	2.1908622
727	3929	1	1.4408085
727	224	2	1.2661207
727	79	3	1.2208655
727	1263	4	1.1885214
727	84	5	1.1494964
727	728	6	1.1402721
727	3718	7	1.1374373
727	985	8	1.1348445
727	475	9	1.0787851
727	821	10	1.0642589
653	821	1	1.600539
653	224	2	1.4139404
653	84	3	1.3848486
653	351	4	1.2931523
653	1451	5	1.2878121
653	631	6	1.2694082
653	1162	7	1.2496493
653	993	8	1.2458813
653	320	9	1.226294
653	311	10	1.219749
650	352	1	2.717217
650	185	2	2.314136
650	821	3	2.2271602
650	874	4	2.1193738
650	29	5	2.1166863
650	1238	6	2.036798
650	864	7	2.036644
650	8	8	2.02184
650	1773	9	1.9930277
650	43	10	1.9899443
581	1946	1	0.95926726
581	2491	2	0.8772734
581	2941	3	0.86541176
581	1180	4	0.83535194
581	3182	5	0.77289486
581	542	6	0.7518294
581	2756	7	0.7378732
581	921	8	0.71554124
581	119	9	0.67830384
581	793	10	0.6392106
411	210	1	3.8018985
411	168	2	3.732701
411	30	3	3.62323
411	296	4	3.520802
411	672	5	3.454195
411	4017	6	3.3993733
411	77	7	3.3603764
411	1139	8	3.2067242
411	826	9	3.0655236
411	372	10	2.7342455
755	96	1	1.5496691
755	1724	2	1.2758361
755	1838	3	1.1991386
755	369	4	1.156811
755	275	5	1.1393391
755	1824	6	1.109512
755	1466	7	1.0678269
755	277	8	1.0617892
755	370	9	1.0323921
755	2692	10	0.98468447
236	219	1	2.0569427
236	993	2	1.9695337
236	224	3	1.9658451
236	821	4	1.9284815
236	1672	5	1.922407
236	599	6	1.8853126
236	19	7	1.8712871
236	227	8	1.7537937
236	258	9	1.7333424
236	0	10	1.7232732
23	843	1	1.2609297
23	456	2	1.1523445
23	2125	3	1.1059937
23	3020	4	1.0563972
23	272	5	0.93963754
23	2108	6	0.87680763
23	9	7	0.8584892
23	37	8	0.8481829
23	2110	9	0.8338879
23	197	10	0.8196239
342	4029	1	2.903262
342	2110	2	2.7293913
342	2108	3	2.677286
342	843	4	2.4948444
342	860	5	2.4759688
342	597	6	2.4177322
342	252	7	2.3800051
342	682	8	2.0925193
342	224	9	2.0694342
342	109	10	2.0604293
188	3718	1	1.8667479
188	3073	2	1.7865402
188	258	3	1.6935922
188	0	4	1.6906617
188	1701	5	1.5519564
188	24	6	1.5122163
188	43	7	1.4917188
188	3072	8	1.4897552
188	238	9	1.4843241
188	369	10	1.473187
301	53	1	2.796578
301	2108	2	2.7756958
301	47	3	2.6838682
301	597	4	2.598155
301	3073	5	2.5235176
301	201	6	2.4776607
301	40	7	2.425559
301	479	8	2.3876944
301	492	9	2.3619616
301	732	10	2.3092294
775	2110	1	2.239475
775	123	2	2.1263497
775	2108	3	2.0949364
775	224	4	1.8362153
775	843	5	1.7908953
775	53	6	1.7711825
775	431	7	1.7172105
775	19	8	1.7132951
775	3501	9	1.7130195
775	108	10	1.6838006
693	46	1	2.6220975
693	3718	2	2.6055112
693	1701	3	2.5882497
693	24	4	2.5057926
693	495	5	2.345707
693	19	6	2.342752
693	0	7	2.3282886
693	614	8	2.3161497
693	201	9	2.2932756
693	258	10	2.2798574
669	19	1	2.635202
669	268	2	2.34728
669	108	3	2.316389
669	495	4	2.250273
669	529	5	2.1802077
669	3073	6	2.0094619
669	0	7	1.9531004
669	252	8	1.909795
669	1701	9	1.9090229
669	504	10	1.887732
443	3430	1	3.5913267
443	579	2	2.9156847
443	580	3	2.84892
443	83	4	2.8459642
443	2390	5	2.585207
443	702	6	2.528391
443	3086	7	2.5153751
443	1285	8	2.4434905
443	2965	9	2.2984424
443	3096	10	2.2333353
463	403	1	0.9821272
463	1341	2	0.95394194
463	554	3	0.90742254
463	1256	4	0.8873327
463	274	5	0.8800231
463	218	6	0.86359745
463	241	7	0.8545914
463	1164	8	0.8404091
463	1362	9	0.8300756
463	682	10	0.79567647
164	4017	1	2.1536958
164	77	2	1.951124
164	4020	3	1.8915582
164	4021	4	1.7927293
164	2110	5	1.7555828
164	1854	6	1.7188133
164	109	7	1.701061
164	672	8	1.6636413
164	2108	9	1.6475276
164	4029	10	1.6131301
500	201	1	3.0296168
500	1925	2	2.9872603
500	492	3	2.7689974
500	706	4	2.7167606
500	196	5	2.6675215
500	1368	6	2.6133382
500	81	7	2.5805354
500	1171	8	2.5694065
500	622	9	2.5481246
500	24	10	2.5356297
435	515	1	1.5831537
435	321	2	1.2670884
435	1449	3	1.0822997
435	1161	4	1.0509232
435	456	5	1.020815
435	1926	6	1.0102506
435	220	7	0.9870678
435	1496	8	0.9688428
435	1333	9	0.9638453
435	1134	10	0.9565542
924	1194	1	2.2688384
924	227	2	2.2583573
924	321	3	1.9450762
924	555	4	1.9427639
924	515	5	1.9274373
924	1211	6	1.9026431
924	303	7	1.886929
924	1225	8	1.8431026
924	857	9	1.8153077
924	1426	10	1.7819964
663	30	1	3.0342805
663	109	2	2.9833646
663	843	3	2.9083407
663	168	4	2.7383142
663	4029	5	2.733217
663	604	6	2.7196789
663	597	7	2.6238818
663	654	8	2.5632248
663	734	9	2.463941
663	49	10	2.4408693
819	3718	1	1.5217867
819	597	2	1.4731278
819	860	3	1.406934
819	764	4	1.3086799
819	30	5	1.2547768
819	2110	6	1.1637919
819	384	7	1.1303475
819	351	8	1.122083
819	168	9	1.1168907
819	843	10	1.0978901
73	1854	1	2.4424002
73	3430	2	2.302515
73	4017	3	2.1698627
73	501	4	2.1405127
73	4020	5	2.0707479
73	3090	6	2.0221932
73	2108	7	2.022059
73	3086	8	1.9445459
73	2390	9	1.8530294
73	2110	10	1.85148
708	732	1	2.9850411
708	40	2	2.8238568
708	43	3	2.5948467
708	351	4	2.506197
708	24	5	2.4131093
708	599	6	2.3702343
708	3718	7	2.3138092
708	268	8	2.307796
708	1701	9	2.2746449
708	258	10	2.255261
43	98	1	1.937707
43	391	2	1.6402836
43	874	3	1.559675
43	1484	4	1.4849398
43	227	5	1.4079075
43	1466	6	1.3897767
43	911	7	1.3646382
43	1321	8	1.3479902
43	3785	9	1.3155923
43	515	10	1.1872394
593	161	1	1.1617146
593	4017	2	1.1077853
593	3430	3	1.0398457
593	2110	4	1.0100508
593	4021	5	0.99907243
593	4020	6	0.98912156
593	2108	7	0.9730008
593	901	8	0.94387704
593	672	9	0.935115
593	148	10	0.92105085
811	321	1	2.7891302
811	185	2	2.7824922
811	1333	3	2.7474537
811	988	4	2.7369392
811	960	5	2.6519604
811	1426	6	2.5979948
811	1211	7	2.5915213
811	1225	8	2.5662766
811	979	9	2.5570076
811	515	10	2.503715
119	1694	1	1.9581547
119	62	2	1.7829316
119	3020	3	1.7738723
119	2484	4	1.7367584
119	622	5	1.6770337
119	680	6	1.6571648
119	278	7	1.6511954
119	19	8	1.6378107
119	311	9	1.6110008
119	238	10	1.5577118
691	53	1	0.9447616
691	142	2	0.940964
691	43	3	0.90718013
691	72	4	0.8804854
691	3073	5	0.8751481
691	243	6	0.85317856
691	823	7	0.8349814
691	201	8	0.83241284
691	807	9	0.83108574
691	588	10	0.8283062
290	3501	1	1.9190516
290	504	2	1.6630362
290	997	3	1.5558494
290	1701	4	1.538049
290	732	5	1.5031898
290	268	6	1.4914165
290	529	7	1.4568657
290	24	8	1.4559786
290	19	9	1.4339104
290	108	10	1.3596139
424	0	1	3.7320173
424	258	2	3.6506076
424	3797	3	3.027218
424	24	4	2.9347522
424	238	5	2.9140253
424	3718	6	2.8907561
424	1925	7	2.8098078
424	243	8	2.694355
424	47	9	2.670548
424	333	10	2.6533585
268	219	1	2.614443
268	351	2	2.1540623
268	84	3	1.8206537
268	599	4	1.7743999
268	1162	5	1.7380946
268	1451	6	1.727987
268	788	7	1.6501565
268	1794	8	1.6466758
268	227	9	1.6366136
268	185	10	1.5995185
551	14	1	0.9491497
551	1459	2	0.8559182
551	3966	3	0.7837992
551	3718	4	0.7609787
551	4304	5	0.68245983
551	30	6	0.655918
551	1650	7	0.6334318
551	147	8	0.62412167
551	886	9	0.6230988
551	168	10	0.6080152
201	4017	1	2.60775
201	4020	2	2.4932857
201	4021	3	2.4802246
201	3430	4	2.2213855
201	30	5	1.9647028
201	902	6	1.8076489
201	4083	7	1.7988954
201	579	8	1.7210925
201	682	9	1.7173884
201	296	10	1.7038192
414	19	1	2.884451
414	3074	2	2.4745862
414	3075	3	2.4547064
414	11	4	2.1050677
414	333	5	1.8855624
414	238	6	1.876627
414	258	7	1.868948
414	81	8	1.8349946
414	706	9	1.7611766
414	216	10	1.6960244
39	843	1	2.2088199
39	109	2	2.1814606
39	4017	3	2.1777565
39	1139	4	2.1223223
39	30	5	2.1095881
39	4029	6	2.1056585
39	2110	7	2.0040998
39	456	8	1.9925487
39	672	9	1.9175799
39	4020	10	1.900087
498	19	1	2.2900956
498	258	2	1.9175882
498	3718	3	1.8533396
498	0	4	1.8282547
498	219	5	1.749042
498	11	6	1.7366852
498	1368	7	1.7264122
498	47	8	1.6974615
498	3072	9	1.6596515
498	1466	10	1.6560671
348	148	1	0.8708058
348	3021	2	0.80152726
348	1236	3	0.7807048
348	1426	4	0.74745417
348	381	5	0.73184407
348	857	6	0.7303399
348	1333	7	0.72431487
348	1098	8	0.72105634
348	978	9	0.7162061
348	1108	10	0.70311195
328	4017	1	1.2250423
328	4021	2	1.2011557
328	4020	3	1.1961806
328	1854	4	1.1221155
328	962	5	1.0478996
328	588	6	1.0094872
328	3048	7	0.96926904
328	3430	8	0.9299209
328	580	9	0.92326987
328	304	10	0.9174928
918	320	1	1.4935905
918	732	2	1.3372524
918	1449	3	1.2832098
918	351	4	1.2723715
918	227	5	1.2417885
918	504	6	1.2225323
918	3718	7	1.2220271
918	352	8	1.1759979
918	631	9	1.1459932
918	40	10	1.1453806
133	11	1	4.0054784
133	0	2	3.5150316
133	2656	3	3.1000772
133	706	4	3.0432596
133	805	5	2.9555097
133	201	6	2.9285874
133	806	7	2.8988566
133	1368	8	2.8255625
133	200	9	2.717379
133	2101	10	2.7071064
492	238	1	1.3628289
492	82	2	1.3038728
492	0	3	1.2788908
492	258	4	1.2561121
492	1042	5	1.2120988
492	243	6	1.2041315
492	1091	7	1.1904283
492	19	8	1.1849148
492	50	9	1.1670635
492	454	10	1.1618485
720	864	1	1.265852
720	1194	2	1.0594919
720	227	3	1.0588273
720	79	4	1.0323584
720	352	5	1.0057254
720	979	6	1.0010293
720	1672	7	0.9740213
720	515	8	0.93922377
720	303	9	0.93183225
720	1225	10	0.9026623
305	40	1	2.0029833
305	268	2	1.7298989
305	252	3	1.655824
305	3501	4	1.6517702
305	224	5	1.6463387
305	864	6	1.6462342
305	2110	7	1.5984974
305	2108	8	1.5962963
305	43	9	1.585047
305	599	10	1.5110378
842	936	1	3.0884166
842	3073	2	3.0304568
842	3072	3	2.7578201
842	3075	4	2.7021756
842	3074	5	2.6363668
842	405	6	2.3671758
842	0	7	2.2687292
842	4016	8	2.2579796
842	11	9	2.2166653
842	492	10	2.2146208
297	30	1	3.820026
297	210	2	3.3008633
297	3430	3	3.1234694
297	49	4	2.966281
297	672	5	2.884776
297	860	6	2.8090532
297	654	7	2.748097
297	109	8	2.7234106
297	4017	9	2.7215443
297	4029	10	2.7139258
272	30	1	1.7258953
272	43	2	1.4535227
272	219	3	1.4375043
272	654	4	1.4095693
272	843	5	1.3942585
272	213	6	1.3542383
272	176	7	1.3431308
272	599	8	1.2794611
272	604	9	1.2432113
272	0	10	1.2180858
288	29	1	1.3556268
288	1466	2	1.2099555
288	1449	3	1.2089986
288	515	4	1.1282914
288	913	5	1.0910985
288	184	6	1.0832306
288	244	7	1.0570357
288	1856	8	1.0525222
288	277	9	1.0116442
288	185	10	0.99636054
706	3430	1	3.102492
706	580	2	2.629614
706	579	3	2.582335
706	83	4	2.5631046
706	1854	5	2.4231095
706	4083	6	2.4081597
706	1285	7	2.3712947
706	4086	8	2.3593159
706	2965	9	2.2117758
706	3117	10	2.1287322
506	1449	1	1.5132058
506	184	2	1.4591862
506	352	3	1.3534597
506	29	4	1.2793018
506	227	5	1.2474439
506	870	6	1.1952212
506	1263	7	1.1790693
506	1446	8	1.154706
506	515	9	1.1486326
506	224	10	1.1229663
929	0	1	2.3050313
929	320	2	2.2778513
929	219	3	2.2748973
929	258	4	2.2287729
929	243	5	2.2121751
929	311	6	2.0206544
929	225	7	1.8943589
929	215	8	1.8025599
929	1058	9	1.7960312
929	920	10	1.7515519
515	3430	1	3.6402493
515	83	2	2.801144
515	579	3	2.644072
515	580	4	2.5429187
515	1854	5	2.4423041
515	672	6	2.3981235
515	53	7	2.3879805
515	2390	8	2.3376808
515	613	9	2.31714
515	77	10	2.2814012
555	1313	1	2.2613611
555	227	2	1.836714
555	318	3	1.6220002
555	352	4	1.6115279
555	1066	5	1.5059769
555	1112	6	1.477876
555	1449	7	1.454989
555	63	8	1.4455293
555	29	9	1.3276317
555	277	10	1.3152492
473	216	1	1.6417308
473	55	2	1.5729551
473	3020	3	1.5328897
473	70	4	1.4634608
473	58	5	1.4243985
473	320	6	1.3683704
473	47	7	1.344322
473	1578	8	1.2893102
473	3178	9	1.286737
473	227	10	1.2689052
586	843	1	2.227486
586	1083	2	2.1817079
586	456	3	1.9853714
586	30	4	1.8948267
586	597	5	1.8577695
586	2110	6	1.6392174
586	2108	7	1.6317965
586	1983	8	1.5144854
586	2550	9	1.4940598
586	780	10	1.4784365
79	2110	1	2.3100433
79	210	2	2.260665
79	2108	3	2.242534
79	224	4	1.946859
79	30	5	1.9080397
79	1139	6	1.8324158
79	49	7	1.8121477
79	3430	8	1.7906833
79	43	9	1.7841234
79	599	10	1.6929721
599	2108	1	3.4104662
599	2110	2	3.4079149
599	30	3	2.972929
599	196	4	2.713706
599	210	5	2.683083
599	200	6	2.6766486
599	843	7	2.4991333
599	53	8	2.345753
599	139	9	2.3276877
599	2394	10	2.2370977
428	30	1	3.4516559
428	197	2	2.4568906
428	2108	3	2.4281235
428	2110	4	2.356849
428	1594	5	2.2463865
428	49	6	2.2381096
428	224	7	2.168575
428	860	8	2.1278505
428	3430	9	2.1198394
428	4029	10	2.0763035
312	283	1	0.88731253
312	3337	2	0.80856156
312	591	3	0.75984985
312	3466	4	0.7546065
312	2689	5	0.6709243
312	462	6	0.6663263
312	2896	7	0.6618278
312	1774	8	0.6335617
312	3835	9	0.6130924
312	39	10	0.59982497
766	43	1	3.856912
766	19	2	3.7337666
766	0	3	3.668239
766	258	4	3.599451
766	1701	5	3.3481169
766	24	6	3.347655
766	213	7	3.2090816
766	622	8	3.1038783
766	7	9	3.0667274
766	238	10	3.058681
345	597	1	3.6499944
345	3430	2	3.1746445
345	168	3	3.0398402
345	109	4	3.004456
345	4029	5	2.9827306
345	672	6	2.961954
345	49	7	2.8037643
345	2800	8	2.7218244
345	641	9	2.6551523
345	479	10	2.5900455
749	185	1	1.9773831
749	321	2	1.9070499
749	599	3	1.5218856
749	224	4	1.4420104
749	525	5	1.4304816
749	1023	6	1.4272671
749	184	7	1.3965304
749	370	8	1.3753693
749	728	9	1.3555789
749	1225	10	1.3433347
833	3075	1	2.717215
833	11	2	2.7137403
833	47	3	2.6054006
833	258	4	2.5542178
833	0	5	2.460309
833	238	6	2.4422255
833	243	7	2.3965168
833	1368	8	2.354883
833	201	9	2.2643697
833	492	10	2.227407
343	732	1	1.7347536
343	191	2	1.7090759
343	213	3	1.6718717
343	311	4	1.5933363
343	258	5	1.4806466
343	243	6	1.3780743
343	46	7	1.3502898
343	320	8	1.3412176
343	848	9	1.338974
343	108	10	1.3355846
710	0	1	3.4492807
710	258	2	3.433606
710	238	3	3.389645
710	622	4	3.179049
710	19	5	3.1071994
710	43	6	2.9989665
710	243	7	2.8573596
710	70	8	2.791007
710	55	9	2.7713938
710	215	10	2.7224045
273	219	1	1.933395
273	40	2	1.9271495
273	1411	3	1.8807126
273	843	4	1.8789408
273	2108	5	1.8445653
273	1408	6	1.8333998
273	372	7	1.8254522
273	19	8	1.7980042
273	3073	9	1.7533805
273	2110	10	1.732332
789	3020	1	1.7269344
789	2108	2	1.6602919
789	672	3	1.4688771
789	2110	4	1.4485664
789	3073	5	1.3212856
789	4017	6	1.3196584
789	210	7	1.2941043
789	948	8	1.255111
789	843	9	1.2356144
789	3430	10	1.2103022
558	3718	1	3.3645895
558	258	2	3.2263253
558	40	3	3.2199667
558	43	4	3.1147046
558	0	5	3.0948865
558	19	6	3.0728934
558	47	7	2.9975355
558	108	8	2.9836366
558	24	9	2.9585385
558	7	10	2.8095837
640	3430	1	3.302645
640	2110	2	3.1139758
640	2108	3	3.0045304
640	4017	4	2.9731631
640	210	5	2.9356918
640	717	6	2.9313245
640	109	7	2.8098426
640	4020	8	2.801413
640	702	9	2.7474027
640	1854	10	2.7423263
485	4017	1	2.100028
485	3430	2	2.0445228
485	4021	3	1.9585111
485	4020	4	1.9063151
485	3251	5	1.3223052
485	4083	6	1.3160073
485	77	7	1.2602279
485	83	8	1.236108
485	2110	9	1.224633
485	2800	10	1.1924472
765	19	1	2.141055
765	258	2	2.0024576
765	11	3	1.9426649
765	0	4	1.9396108
765	82	5	1.9016283
765	1925	6	1.8465157
765	238	7	1.7758278
765	1368	8	1.7448126
765	454	9	1.7229416
765	1694	10	1.701221
155	0	1	1.4173551
155	19	2	1.3824371
155	238	3	1.2944849
155	11	4	1.1669718
155	920	5	1.1405351
155	201	6	1.137844
155	213	7	1.1353496
155	3797	8	1.1172929
155	82	9	1.0530365
155	43	10	1.0441897
203	0	1	3.513711
203	258	2	3.4194689
203	238	3	3.103065
203	333	4	3.0704966
203	201	5	2.9813583
203	243	6	2.951048
203	1925	7	2.6634393
203	920	8	2.6150148
203	622	9	2.604166
203	1368	10	2.5661492
509	391	1	1.5380893
509	3020	2	1.4850941
509	2108	3	1.4594647
509	53	4	1.4329541
509	492	5	1.4062624
509	1300	6	1.3864259
509	351	7	1.3176649
509	539	8	1.3171437
509	176	9	1.3054531
509	2110	10	1.2434633
563	42	1	1.446693
563	475	2	1.4358945
563	2377	3	1.4052255
563	1011	4	1.2530531
563	913	5	1.1876352
563	9	6	1.1817362
563	2782	7	1.1467818
563	227	8	1.1360798
563	4784	9	1.1356888
563	2697	10	1.1255208
837	216	1	1.9899521
837	258	2	1.9188445
837	19	3	1.8582115
837	0	4	1.7848179
837	680	5	1.7342694
837	11	6	1.6884611
837	47	7	1.6523898
837	622	8	1.6095653
837	238	9	1.5269179
837	243	10	1.5202612
773	224	1	1.1160858
773	219	2	1.0710247
773	475	3	1.0691948
773	1449	4	1.0346819
773	821	5	0.9619502
773	631	6	0.91382617
773	320	7	0.8964391
773	149	8	0.8395603
773	227	9	0.82990944
773	372	10	0.80428255
756	258	1	2.1557
756	0	2	2.1115646
756	11	3	2.0550082
756	920	4	2.0072591
756	3073	5	1.9551014
756	495	6	1.8794434
756	238	7	1.8708649
756	40	8	1.8416109
756	201	9	1.8263557
756	43	10	1.8053762
52	672	1	1.1315274
52	3430	2	1.1193125
52	30	3	1.0984722
52	1139	4	1.0871074
52	2073	5	1.0601141
52	2002	6	1.0580391
52	970	7	0.9830792
52	895	8	0.98104835
52	149	9	0.9731952
52	733	10	0.9676796
804	459	1	0.6414164
804	1446	2	0.59837174
804	29	3	0.5327331
804	39	4	0.4960073
804	619	5	0.439637
804	794	6	0.4230547
804	1460	7	0.42175353
804	4242	8	0.4175688
804	1168	9	0.41235316
804	1436	10	0.40987965
561	30	1	1.1514158
561	0	2	1.0500344
561	3183	3	0.98344004
561	185	4	0.9677561
561	219	5	0.87520874
561	1011	6	0.8728665
561	351	7	0.85644096
561	2917	8	0.84152746
561	622	9	0.83351886
561	224	10	0.83156586
282	3020	1	1.9478347
282	3003	2	1.7716488
282	1681	3	1.6218965
282	3797	4	1.574971
282	351	5	1.4331185
282	972	6	1.368885
282	3929	7	1.3516114
282	172	8	1.3366174
282	4016	9	1.1666012
282	110	10	1.1382427
1	599	1	0.8487931
1	213	2	0.84628356
1	3501	3	0.7961779
1	73	4	0.79244983
1	320	5	0.78694594
1	2663	6	0.76369035
1	40	7	0.7326447
1	1023	8	0.7311397
1	1251	9	0.72829616
1	1622	10	0.7179649
251	224	1	2.545191
251	352	2	2.1696415
251	728	3	2.0937815
251	311	4	1.9894538
251	84	5	1.9700019
251	864	6	1.9038872
251	1449	7	1.8664987
251	219	8	1.8393242
251	488	9	1.7502832
251	227	10	1.7143154
672	843	1	2.0929663
672	456	2	1.9087781
672	4017	3	1.7990326
672	4020	4	1.7489026
672	1139	5	1.7090422
672	4021	6	1.6200271
672	2110	7	1.6113956
672	479	8	1.6048336
672	1406	9	1.5950773
672	3430	10	1.5902057
699	372	1	0.86501634
699	351	2	0.8516296
699	149	3	0.75476724
699	1755	4	0.7523097
699	485	5	0.7522731
699	113	6	0.74024534
699	1451	7	0.72113746
699	219	8	0.69427043
699	84	9	0.6806146
699	3501	10	0.6500692
635	352	1	1.4666147
635	864	2	1.1838712
635	1672	3	0.8719052
635	278	4	0.78041166
635	224	5	0.7598344
635	3718	6	0.7521187
635	391	7	0.74377525
635	821	8	0.7248572
635	42	9	0.69383454
635	993	10	0.68839014
582	210	1	1.4971454
582	1406	2	1.4605379
582	53	3	1.2422336
582	30	4	1.1971301
582	200	5	1.1363928
582	4016	6	1.125983
582	2110	7	1.1143291
582	672	8	1.1015286
582	77	9	1.0966522
582	456	10	1.0876437
219	732	1	1.6851294
219	243	2	1.6033777
219	40	3	1.5457761
219	196	4	1.5202421
219	391	5	1.4583762
219	3718	6	1.4565463
219	47	7	1.3422478
219	3501	8	1.3253167
219	43	9	1.2782897
219	201	10	1.2310872
335	733	1	0.82763124
335	30	2	0.7805989
335	843	3	0.7435862
335	210	4	0.73765194
335	3430	5	0.6298311
335	2550	6	0.6144155
335	2110	7	0.59028804
335	734	8	0.580459
335	173	9	0.5741009
335	501	10	0.57065105
334	889	1	1.5796471
334	1531	2	1.4510416
334	671	3	1.3058634
334	2133	4	1.21646
334	114	5	1.1450624
334	3342	6	1.1428429
334	602	7	1.13908
334	367	8	1.0731139
334	1534	9	1.06609
334	672	10	1.0221999
883	821	1	1.7054236
883	1451	2	1.5960698
883	224	3	1.4119401
883	488	4	1.3624439
883	631	5	1.3033092
883	84	6	1.2919518
883	993	7	1.2882049
883	372	8	1.2860821
883	351	9	1.26879
883	1062	10	1.2533475
33	732	1	2.1888642
33	351	2	2.0600705
33	1058	3	1.6364301
33	152	4	1.6122832
33	848	5	1.5519384
33	551	6	1.4774437
33	243	7	1.4479766
33	504	8	1.4380829
33	84	9	1.3649274
33	311	10	1.3583257
417	19	1	3.0482368
417	3073	2	2.6977305
417	3072	3	2.6368945
417	47	4	2.5915189
417	210	5	2.5808043
417	53	6	2.4627566
417	982	7	2.3933468
417	3075	8	2.332146
417	3074	9	2.2704334
417	439	10	2.2572842
496	210	1	1.397799
496	843	2	1.3895297
496	2394	3	1.355531
496	224	4	1.3003731
496	196	5	1.2976683
496	682	6	1.2964356
496	538	7	1.2907851
496	176	8	1.2568886
496	274	9	1.1868143
496	213	10	1.1563046
325	456	1	3.1123066
325	30	2	3.0419164
325	210	3	2.4567018
325	860	4	2.3745525
325	1161	5	2.3473582
325	2108	6	2.3373601
325	597	7	2.2791753
325	682	8	2.2736638
325	2110	9	2.218742
325	2550	10	2.210527
252	501	1	2.943121
252	3430	2	2.3512454
252	1854	3	2.1305995
252	49	4	2.107583
252	860	5	2.0034075
252	4016	6	1.9741418
252	2390	7	1.9398668
252	702	8	1.9115969
252	77	9	1.8995621
252	30	10	1.8925347
835	227	1	1.8756688
835	258	2	1.7806565
835	63	3	1.759201
835	1484	4	1.7451344
835	19	5	1.6868366
835	0	6	1.6375308
835	243	7	1.5925083
835	599	8	1.58564
835	43	9	1.5655099
835	216	10	1.5446014
851	63	1	2.3299448
851	1321	2	2.0603895
851	45	3	1.8256986
851	29	4	1.8249046
851	243	5	1.6006799
851	1066	6	1.5825922
851	1724	7	1.572444
851	1112	8	1.5705887
851	227	9	1.5655491
851	1076	10	1.5608103
54	4029	1	3.6708982
54	843	2	3.4523773
54	3430	3	3.2340755
54	2800	4	2.9187815
54	456	5	2.8703775
54	1983	6	2.7358813
54	2125	7	2.5191379
54	4017	8	2.4933634
54	109	9	2.4447541
54	479	10	2.3977573
41	843	1	3.1601305
41	197	2	2.53195
41	2125	3	2.3040962
41	30	4	2.255398
41	597	5	1.9454684
41	224	6	1.8140668
41	1594	7	1.8004632
41	654	8	1.7940586
41	49	9	1.7842101
41	2550	10	1.6602173
395	296	1	2.1925635
395	843	2	2.1589713
395	168	3	2.147546
395	143	4	2.07927
395	2108	5	2.0765722
395	3430	6	2.0268764
395	196	7	1.990879
395	109	8	1.9366075
395	2110	9	1.8619204
395	210	10	1.8293409
816	2019	1	1.3335776
816	1650	2	1.2265303
816	268	3	1.2258477
816	168	4	1.1594727
816	1253	5	1.1274786
816	315	6	1.1036999
816	597	7	1.0937285
816	2108	8	1.0874724
816	2191	9	1.0568326
816	248	10	1.0535326
889	219	1	1.8157402
889	224	2	1.6272278
889	864	3	1.5687962
889	529	4	1.5340412
889	43	5	1.5304843
889	252	6	1.4909554
889	84	7	1.4789267
889	19	8	1.4286544
889	268	9	1.4266499
889	216	10	1.4165952
843	492	1	1.0041707
843	200	2	0.9687537
843	682	3	0.90260357
843	28	4	0.86390984
843	672	5	0.8507041
843	47	6	0.7967231
843	9	7	0.7843821
843	2628	8	0.7809723
843	4029	9	0.745789
843	3073	10	0.7336492
502	2108	1	2.5946584
502	2110	2	2.5521777
502	3073	3	2.3536425
502	3075	4	2.1637607
502	3072	5	2.1386542
502	3074	6	2.1021705
502	3718	7	1.9905851
502	19	8	1.9773772
502	200	9	1.7548858
502	439	10	1.7264414
873	2048	1	1.5160427
873	227	2	1.428855
873	802	3	1.4283528
873	71	4	1.370897
873	72	5	1.354985
873	2217	6	1.3189931
873	3164	7	1.3058184
873	50	8	1.2900556
873	4784	9	1.242237
873	622	10	1.2115697
788	2397	1	1.3239384
788	2431	2	1.1101701
788	1864	3	1.0577286
788	934	4	1.0361385
788	28	5	0.9906901
788	3781	6	0.975193
788	2661	7	0.96583104
788	1121	8	0.9601898
788	277	9	0.9218967
788	4060	10	0.9180427
716	219	1	1.4957185
716	320	2	1.4078386
716	224	3	1.3232037
716	3718	4	1.0940746
716	185	5	1.0792823
716	488	6	1.0723233
716	3929	7	1.0588363
716	152	8	1.0559413
716	73	9	1.0537791
716	728	10	1.0530896
261	216	1	1.5870488
261	47	2	1.1265024
261	431	3	1.10761
261	1359	4	1.1002666
261	1341	5	1.0774903
261	70	6	0.99960834
261	330	7	0.9934961
261	213	8	0.9922509
261	492	9	0.96035534
261	19	10	0.95109373
679	30	1	2.4389687
679	224	2	2.4120727
679	1650	3	2.2590466
679	843	4	2.1851158
679	176	5	2.1815908
679	1083	6	2.0390396
679	479	7	1.9411023
679	1071	8	1.8910565
679	860	9	1.8797455
679	764	10	1.8744333
487	3718	1	2.1797857
487	732	2	2.0882878
487	243	3	2.0305657
487	0	4	2.0056674
487	43	5	1.9311308
487	320	6	1.9004477
487	258	7	1.8879387
487	3797	8	1.8754237
487	19	9	1.8356383
487	108	10	1.7668918
729	352	1	1.6530175
729	1446	2	1.6038737
729	1194	3	1.5629752
729	2128	4	1.561447
729	229	5	1.4162078
729	4784	6	1.4154575
729	391	7	1.4010545
729	1484	8	1.3922564
729	979	9	1.3381132
729	485	10	1.3251103
632	19	1	2.4034512
632	268	2	2.0442514
632	529	3	1.953204
632	108	4	1.8099942
632	3073	5	1.7879
632	2031	6	1.7549303
632	3718	7	1.7408097
632	11	8	1.7400284
632	1007	9	1.73367
632	258	10	1.7041684
939	549	1	1.6097102
939	272	2	1.6093091
939	185	3	1.5988553
939	1439	4	1.579242
939	303	5	1.5204043
939	525	6	1.4633435
939	1211	7	1.4569106
939	127	8	1.445086
939	1225	9	1.4362478
939	3006	10	1.4283347
651	706	1	4.0524473
651	200	2	3.8995528
651	2656	3	3.779159
651	201	4	3.7060924
651	258	5	3.6909156
651	0	6	3.6626477
651	238	7	3.4408941
651	2108	8	3.4192834
651	3313	9	3.3052282
651	2110	10	3.2957346
192	352	1	1.9197404
192	2271	2	1.6752295
192	185	3	1.5692639
192	3145	4	1.560423
192	515	5	1.4969397
192	979	6	1.4875585
192	1821	7	1.4769757
192	977	8	1.4647712
192	549	9	1.4363748
192	463	10	1.3555253
38	11	1	2.778974
38	201	2	2.7015872
38	258	3	2.5539856
38	238	4	2.5036702
38	82	5	2.4901164
38	0	6	2.4369159
38	200	7	2.4189243
38	492	8	2.3494644
38	123	9	2.3309398
38	1925	10	2.3290691
40	142	1	1.0555234
40	351	2	0.9953581
40	30	3	0.93307394
40	219	4	0.90735507
40	902	5	0.8976875
40	216	6	0.88361347
40	19	7	0.8743613
40	2110	8	0.86934084
40	3430	9	0.8624919
40	2108	10	0.85079896
106	0	1	3.2710688
106	238	2	2.7379558
106	19	3	2.727286
106	24	4	2.4971113
106	622	5	2.4591532
106	50	6	2.4270034
106	732	7	2.4086437
106	43	8	2.4072564
106	11	9	2.338665
106	920	10	2.3247843
338	82	1	3.647888
338	0	2	3.463335
338	11	3	3.4418097
338	81	4	3.172937
338	238	5	3.119884
338	80	6	2.9840546
338	706	7	2.9498632
338	333	8	2.816318
338	201	9	2.8117108
338	2656	10	2.73709
483	4017	1	1.7069244
483	4020	2	1.5266457
483	4021	3	1.4168417
483	3430	4	1.1898534
483	1854	5	1.1691823
483	270	6	1.1384571
483	501	7	1.1238403
483	2390	8	1.1128713
483	611	9	1.0311415
483	489	10	0.9975561
504	4083	1	1.7370456
504	1285	2	1.6758271
504	4086	3	1.6753271
504	4021	4	1.6083963
504	4017	5	1.5437262
504	83	6	1.519598
504	3270	7	1.5162467
504	2965	8	1.4943584
504	4020	9	1.4843154
504	3117	10	1.4201264
518	79	1	3.026311
518	278	2	2.9371831
518	311	3	2.8291037
518	515	4	2.7865975
518	219	5	2.7730832
518	391	6	2.7442272
518	320	7	2.6627283
518	185	8	2.646144
518	152	9	2.6261978
518	732	10	2.567152
579	30	1	1.6450963
579	843	2	1.575872
579	3430	3	1.4760045
579	1854	4	1.4435235
579	109	5	1.3726019
579	2108	6	1.3709525
579	702	7	1.3595346
579	886	8	1.3010092
579	456	9	1.271066
579	501	10	1.2659202
437	30	1	3.8857203
437	3430	2	3.6605096
437	210	3	3.634799
437	843	4	3.5668201
437	109	5	3.365602
437	4017	6	3.349122
437	53	7	3.3289604
437	456	8	3.1974277
437	1854	9	3.0838275
437	77	10	3.069279
51	108	1	3.2035458
51	213	2	2.9502358
51	3718	3	2.9307346
51	47	4	2.815115
51	3020	5	2.7969751
51	504	6	2.5910177
51	238	7	2.5703876
51	599	8	2.5308266
51	631	9	2.5053213
51	369	10	2.4868464
311	3430	1	2.3464177
311	30	2	2.1038132
311	224	3	2.0170832
311	843	4	2.0123928
311	2800	5	2.0114512
311	252	6	1.9802983
311	2108	7	1.9788313
311	351	8	1.9778966
311	40	9	1.9597926
311	398	10	1.9371722
105	152	1	1.9044262
105	311	2	1.8742533
105	599	3	1.7180605
105	108	4	1.6700574
105	243	5	1.6611419
105	84	6	1.5947025
105	551	7	1.5011475
105	213	8	1.4899888
105	258	9	1.4870571
105	1058	10	1.481046
226	884	1	1.0406642
226	106	2	0.94013494
226	2098	3	0.91214603
226	1742	4	0.8781601
226	1501	5	0.8761183
226	1697	6	0.87400985
226	2121	7	0.84900814
226	371	8	0.8455515
226	1435	9	0.8446181
226	1254	10	0.8384826
865	258	1	1.365854
865	0	2	1.3201816
865	243	3	1.2972052
865	19	4	1.2827525
865	351	5	1.150798
865	3797	6	1.144849
865	1701	7	1.1343501
865	369	8	1.1195103
865	201	9	1.0515902
865	238	10	1.0468444
318	82	1	4.6619883
318	243	2	4.3738947
318	3072	3	3.9198637
318	1925	4	3.759824
318	3075	5	3.7056081
318	40	6	3.6233687
318	3718	7	3.5707288
318	622	8	3.529952
318	47	9	3.4864259
318	492	10	3.4196596
723	141	1	2.2506466
723	49	2	1.7274123
723	210	3	1.7155232
723	3718	4	1.6230055
723	641	5	1.5714476
723	734	6	1.5380806
723	4017	7	1.4954917
723	2108	8	1.4863398
723	2110	9	1.4669018
723	53	10	1.4318624
783	19	1	2.8286057
783	3073	2	2.4980812
783	0	3	2.3996599
783	258	4	2.2428508
783	3072	5	2.2213106
783	238	6	2.2010112
783	11	7	2.1845636
783	3075	8	2.1425662
783	982	9	1.9562519
783	369	10	1.9459089
115	1114	1	1.3695834
115	4017	2	1.3166707
115	210	3	1.3042793
115	1868	4	1.2908508
115	109	5	1.287881
115	168	6	1.2159698
115	1854	7	1.198242
115	753	8	1.1926937
115	3090	9	1.1657257
115	1115	10	1.1464865
267	19	1	2.0047476
267	238	2	1.7178843
267	920	3	1.6117783
267	495	4	1.5525122
267	3073	5	1.5514318
267	3718	6	1.448626
267	3072	7	1.4221452
267	201	8	1.3723363
267	1368	9	1.3200779
267	82	10	1.3191514
910	3781	1	2.6788394
910	614	2	2.512707
910	732	3	2.1699488
910	495	4	2.1499257
910	352	5	2.1365223
910	43	6	2.1029263
910	311	7	2.0527523
910	1701	8	2.0465603
910	47	9	1.9828658
910	599	10	1.9510744
782	3929	1	1.8233614
782	196	2	1.7124949
782	219	3	1.7103112
782	1310	4	1.6463461
782	1199	5	1.56744
782	843	6	1.5024257
782	30	7	1.4963672
782	3430	8	1.4372144
782	2108	9	1.4214368
782	631	10	1.4183238
110	529	1	1.8161662
110	252	2	1.7770362
110	19	3	1.7701398
110	40	4	1.7178861
110	3501	5	1.6558285
110	0	6	1.6518574
110	2031	7	1.6409805
110	201	8	1.6212909
110	24	9	1.6074324
110	3718	10	1.5806643
247	732	1	2.4839182
247	43	2	2.193294
247	213	3	1.9106144
247	0	4	1.9077866
247	258	5	1.8367422
247	1058	6	1.8287401
247	224	7	1.8262411
247	243	8	1.7681767
247	311	9	1.717009
247	108	10	1.6929832
908	732	1	2.2756972
908	0	2	2.0814638
908	47	3	2.0677557
908	352	4	2.0378742
908	238	5	1.99903
908	320	6	1.9714384
908	258	7	1.9677672
908	243	8	1.9285759
908	24	9	1.9124435
908	3073	10	1.8874431
190	3430	1	2.9634662
190	30	2	2.772882
190	843	3	2.3502517
190	196	4	2.3082197
190	597	5	2.2900689
190	296	6	2.2615125
190	479	7	2.1613016
190	40	8	2.13363
190	19	9	2.1175365
190	139	10	2.0812201
278	790	1	1.096313
278	219	2	1.082553
278	468	3	1.0370673
278	3183	4	1.0229439
278	1011	5	0.90697694
278	1249	6	0.8636552
278	475	7	0.8635632
278	682	8	0.8482399
278	1713	9	0.844075
278	604	10	0.833712
674	631	1	1.6447246
674	0	2	1.638823
674	215	3	1.6063561
674	1023	4	1.5911272
674	920	5	1.587815
674	599	6	1.5704994
674	231	7	1.4966286
674	11	8	1.4956417
674	44	9	1.4948949
674	311	10	1.4708003
570	1114	1	2.137954
570	1406	2	1.8480304
570	200	3	1.5629319
570	77	4	1.4639093
570	28	5	1.3850617
570	3631	6	1.3368198
570	1139	7	1.2852633
570	1833	8	1.282191
570	4016	9	1.2183543
570	1315	10	1.2166977
621	0	1	3.4273648
621	258	2	3.3360405
621	243	3	3.1079917
621	11	4	2.9278367
621	201	5	2.912069
621	1701	6	2.8640885
621	3073	7	2.8610392
621	43	8	2.8036957
621	3718	9	2.7667096
621	215	10	2.7433195
98	807	1	1.9448543
98	262	2	1.7912164
98	913	3	1.7787626
98	749	4	1.472481
98	1531	5	1.4542478
98	978	6	1.3917162
98	979	7	1.3704587
98	1384	8	1.3151636
98	1534	9	1.3110459
98	1383	10	1.300299
388	391	1	1.6798625
388	185	2	1.6522446
388	84	3	1.6333401
388	30	4	1.5884609
388	599	5	1.5882404
388	219	6	1.5294342
388	149	7	1.4730468
388	227	8	1.4159156
388	1484	9	1.3973593
388	728	10	1.3671281
689	19	1	2.2432492
689	3718	2	2.1005802
689	3073	3	2.0952823
689	258	4	2.0492544
689	4017	5	1.8348157
689	243	6	1.8046364
689	47	7	1.7724248
689	622	8	1.745808
689	982	9	1.7325518
689	3072	10	1.7216296
250	19	1	2.2384787
250	238	2	1.9580901
250	258	3	1.9222878
250	46	4	1.9216483
250	82	5	1.8137121
250	0	6	1.7118886
250	24	7	1.6551269
250	3797	8	1.6453259
250	243	9	1.6367311
250	3718	10	1.6272919
641	2110	1	1.9354954
641	2108	2	1.790945
641	843	3	1.7559123
641	456	4	1.6405785
641	3430	5	1.6296833
641	672	6	1.5817155
641	109	7	1.5649972
641	597	8	1.5479629
641	1926	9	1.49353
641	1139	10	1.4920707
609	3342	1	1.6187658
609	889	2	1.4564213
609	1788	3	1.3532559
609	602	4	1.2217724
609	939	5	1.081063
609	671	6	1.0697365
609	1533	7	1.0638525
609	2301	8	1.0635434
609	117	9	1.061104
609	1200	10	1.0597632
618	843	1	2.0276253
618	196	2	1.9565487
618	456	3	1.8355203
618	143	4	1.7480491
618	224	5	1.7373396
618	141	6	1.7259355
618	1083	7	1.6774969
618	49	8	1.6397034
618	3430	9	1.6272676
618	2108	10	1.6182051
598	224	1	1.8494176
598	53	2	1.8327222
598	30	3	1.7575618
598	843	4	1.6702971
598	47	5	1.6617469
598	28	6	1.5910783
598	3430	7	1.5804219
598	823	8	1.5461242
598	2108	9	1.4771962
598	672	10	1.4749308
410	2108	1	3.1592479
410	2110	2	3.0070598
410	30	3	2.9988327
410	3718	4	2.5594542
410	3430	5	2.5454502
410	196	6	2.3893461
410	40	7	2.31394
410	210	8	2.2085466
410	19	9	2.1914096
410	109	10	2.143743
875	19	1	3.0308805
875	0	2	2.5797334
875	3718	3	2.570528
875	47	4	2.5353737
875	238	5	2.35042
875	40	6	2.3458636
875	728	7	2.2937603
875	11	8	2.2347307
875	599	9	2.222998
875	196	10	2.2164989
83	197	1	3.4760733
83	620	2	2.705112
83	224	3	2.647213
83	654	4	2.6309114
83	2108	5	2.5601473
83	196	6	2.557279
83	2110	7	2.552145
83	860	8	2.4675694
83	1161	9	2.336188
83	538	10	2.3222685
225	30	1	2.7679477
225	2108	2	2.7474551
225	2110	3	2.687462
225	597	4	2.5140276
225	168	5	2.2381542
225	672	6	2.1852312
225	4029	7	2.147955
225	210	8	2.0950074
225	224	9	2.0317285
225	53	10	2.0157652
227	599	1	1.8647627
227	732	2	1.8335509
227	43	3	1.7732579
227	227	4	1.7151113
227	258	5	1.6243525
227	631	6	1.6222193
227	224	7	1.6058941
227	7	8	1.5946376
227	84	9	1.5486063
227	40	10	1.5112739
67	4017	1	2.0255125
67	3430	2	1.8939583
67	4020	3	1.7774415
67	30	4	1.7202655
67	49	5	1.6933187
67	210	6	1.6053004
67	4029	7	1.5879145
67	843	8	1.5653243
67	597	9	1.5482805
67	4021	10	1.5084357
123	219	1	2.126144
123	1199	2	2.024615
123	790	3	1.9944983
123	1310	4	1.9467621
123	955	5	1.9158177
123	1300	6	1.8976508
123	268	7	1.8947779
123	1083	8	1.8682592
123	351	9	1.854089
123	599	10	1.8481048
805	185	1	1.8071334
805	303	2	1.2181915
805	978	3	1.1246828
805	821	4	1.1077712
805	1672	5	1.0847371
805	823	6	1.0723569
805	405	7	1.0638247
805	1533	8	1.0462484
805	1225	9	1.0333219
805	564	10	1.0315466
493	19	1	3.0025682
493	258	2	2.9801087
493	0	3	2.9036944
493	320	4	2.8091774
493	732	5	2.5907483
493	82	6	2.4521918
493	1694	7	2.3499212
493	227	8	2.3289957
493	243	9	2.307747
493	46	10	2.266768
112	84	1	1.9148072
112	599	2	1.71884
112	42	3	1.6907502
112	515	4	1.6557555
112	79	5	1.6109297
112	864	6	1.594305
112	728	7	1.5313913
112	43	8	1.4566736
112	0	9	1.4521135
112	185	10	1.43745
174	1481	1	0.97830117
174	33	2	0.85253555
174	4168	3	0.68864053
174	3979	4	0.660878
174	449	5	0.6588681
174	2073	6	0.5073067
174	2303	7	0.45214227
174	2138	8	0.4390455
174	878	9	0.43103716
174	340	10	0.4275394
562	19	1	2.4491794
562	0	2	2.3223023
562	258	3	2.2675862
562	243	4	2.177022
562	504	5	2.1184685
562	3718	6	1.9937606
562	43	7	1.9571301
562	1058	8	1.9414544
562	11	9	1.9362504
562	238	10	1.8905041
185	504	1	2.1936922
185	43	2	2.1367342
185	848	3	2.001681
185	219	4	1.9248401
185	551	5	1.9076054
185	372	6	1.8803661
185	1755	7	1.8697054
185	73	8	1.8444698
185	311	9	1.8440737
185	30	10	1.8158914
535	352	1	1.6472361
535	227	2	1.5948195
535	1406	3	1.5136377
535	79	4	1.4848218
535	864	5	1.4385936
535	63	6	1.3569107
535	224	7	1.3044494
535	911	8	1.2855346
535	515	9	1.2495165
535	43	10	1.2434102
906	485	1	2.2651896
906	224	2	2.228063
906	84	3	2.019996
906	351	4	1.8855355
906	631	5	1.8424838
906	993	6	1.8359952
906	599	7	1.8177705
906	320	8	1.7526461
906	1162	9	1.7192025
906	149	10	1.7151607
638	515	1	2.4045973
638	321	2	2.0564103
638	185	3	2.0020146
638	549	4	1.8368194
638	857	5	1.6746985
638	988	6	1.6424849
638	555	7	1.6165183
638	1426	8	1.61158
638	1225	9	1.60418
638	1211	10	1.5931625
541	485	1	2.7215843
541	352	2	2.4611123
541	320	3	2.442955
541	43	4	2.2985554
541	370	5	2.2597883
541	864	6	2.1807382
541	62	7	2.1386867
541	8	8	2.121718
541	599	9	2.1203976
541	1263	10	2.0788178
830	19	1	2.9041061
830	3073	2	2.6625547
830	3430	3	2.5859628
830	2108	4	2.582891
830	3072	5	2.5633514
830	2110	6	2.4571192
830	3075	7	2.4060297
830	4017	8	2.322352
830	1925	9	2.181044
830	200	10	2.0724049
8	3074	1	3.6669173
8	1925	2	3.2579558
8	1368	3	3.1789756
8	43	4	3.1477797
8	201	5	3.1357384
8	81	6	3.0940208
8	216	7	2.959369
8	1171	8	2.9265363
8	152	9	2.8074307
8	196	10	2.7360215
384	1223	1	1.9737921
384	2195	2	1.7865044
384	323	3	1.7191483
384	1382	4	1.6827706
384	1867	5	1.5825295
384	544	6	1.4665958
384	673	7	1.4237845
384	1143	8	1.3662682
384	276	9	1.3624337
384	325	10	1.3595214
141	635	1	1.3528864
141	439	2	1.3213673
141	4016	3	1.2215863
141	28	4	1.1392777
141	672	5	1.1311269
141	4017	6	1.0247161
141	1406	7	1.0175267
141	3929	8	1.0160322
141	3545	9	1.000161
141	2002	10	0.9865153
353	807	1	1.7200689
353	1169	2	1.7069869
353	1168	3	1.6436425
353	913	4	1.6425239
353	281	5	1.2944603
353	1384	6	1.276406
353	2417	7	1.2413003
353	1241	8	1.1778299
353	1383	9	1.1359103
353	1703	10	1.1190096
347	3795	1	1.078126
347	1449	2	1.0668788
347	1397	3	0.953362
347	71	4	0.8642297
347	72	5	0.80756056
347	70	6	0.7828461
347	227	7	0.7576847
347	622	8	0.74500763
347	3640	9	0.73305875
347	1965	10	0.71528494
859	654	1	2.306832
859	30	2	2.0800867
859	843	3	2.0682406
859	197	4	2.0604858
859	49	5	2.0460727
859	682	6	2.008543
859	456	7	1.9583057
859	210	8	1.947089
859	411	9	1.862311
859	2108	10	1.8570216
768	3929	1	1.6644938
768	148	2	1.3364459
768	599	3	1.2621942
768	1556	4	1.236368
768	88	5	1.228709
768	985	6	1.2060004
768	3307	7	1.1241934
768	1189	8	1.0733634
768	378	9	1.0562203
768	272	10	1.030061
26	320	1	3.8675184
26	821	2	3.5788276
26	732	3	3.4016004
26	40	4	3.2317128
26	258	5	3.1049283
26	0	6	2.872538
26	352	7	2.6948051
26	896	8	2.6731286
26	243	9	2.6326232
26	19	10	2.6071887
118	864	1	2.3991737
118	19	2	1.8335124
118	40	3	1.7887838
118	184	4	1.7602674
118	3073	5	1.7059356
118	821	6	1.6662748
118	43	7	1.6581569
118	1672	8	1.6052274
118	258	9	1.599813
118	3072	10	1.590061
820	42	1	1.5045123
820	1313	2	1.5008745
820	1449	3	1.3922491
820	29	4	1.3778973
820	2560	5	1.3621452
820	231	6	1.3284299
820	224	7	1.3134717
820	515	8	1.2879393
820	1129	9	1.2581689
820	84	10	1.2489573
776	204	1	3.0213387
776	19	2	2.0972323
776	40	3	1.7006562
776	558	4	1.6109688
776	11	5	1.6042908
776	4	6	1.6024892
776	1487	7	1.5730193
776	108	8	1.5431867
776	538	9	1.5374535
776	604	10	1.5044408
351	30	1	1.6818444
351	224	2	1.5637915
351	227	3	1.5364246
351	682	4	1.4059299
351	864	5	1.3947827
351	352	6	1.3813698
351	79	7	1.3601383
351	197	8	1.3534055
351	456	9	1.3524123
351	84	10	1.3302475
355	224	1	2.4204788
355	219	2	2.2641783
355	84	3	1.975637
355	42	4	1.8067124
355	1449	5	1.73917
355	30	6	1.7099822
355	231	7	1.657377
355	485	8	1.6072834
355	311	9	1.6065683
355	213	10	1.5465338
213	4017	1	3.2093954
213	4020	2	2.929974
213	4021	3	2.5650988
213	2108	4	2.5404248
213	210	5	2.4798002
213	2110	6	2.435519
213	77	7	2.3089533
213	109	8	2.278057
213	597	9	2.249936
213	4029	10	2.1812565
807	168	1	2.8256874
807	109	2	2.2644591
807	4029	3	2.2471807
807	2108	4	2.1692863
807	2110	5	2.1289191
807	3430	6	1.9945399
807	479	7	1.9255275
807	210	8	1.8413216
807	1926	9	1.7859428
807	161	10	1.7299736
645	0	1	2.344436
645	258	2	2.3437412
645	53	3	2.1712222
645	43	4	2.152267
645	216	5	2.1071541
645	3073	6	2.0324688
645	631	7	2.0314753
645	843	8	1.9575043
645	243	9	1.9434614
645	73	10	1.8868392
934	597	1	1.8690898
934	2108	2	1.842877
934	2110	3	1.7058315
934	30	4	1.6211343
934	843	5	1.5473888
934	168	6	1.4891466
934	2800	7	1.3976997
934	19	8	1.381829
934	49	9	1.3397615
934	1983	10	1.3070176
524	216	1	2.0050945
524	1388	2	1.8793699
524	224	3	1.8100202
524	1399	4	1.6738487
524	408	5	1.578793
524	823	6	1.5593884
524	948	7	1.5332117
524	200	8	1.5015197
524	501	9	1.4468629
524	672	10	1.4409611
532	3487	1	0.58238643
532	2978	2	0.5208739
532	3837	3	0.41829705
532	2587	4	0.3956716
532	4317	5	0.37354082
532	3458	6	0.3622868
532	4075	7	0.3537204
532	25	8	0.3536899
532	3116	9	0.3524293
532	4667	10	0.34600335
475	2069	1	0.7166742
475	1032	2	0.6086297
475	387	3	0.5836528
475	2043	4	0.5558723
475	70	5	0.48281145
475	2615	6	0.45731306
475	2805	7	0.45336932
475	62	8	0.42442495
475	71	9	0.41876453
475	2582	10	0.4165054
806	19	1	3.0982394
806	82	2	2.8551383
806	238	3	2.6849184
806	3073	4	2.6601806
806	11	5	2.6559181
806	258	6	2.6337569
806	201	7	2.588728
806	243	8	2.399867
806	333	9	2.338132
806	3072	10	2.250496
193	860	1	1.7697616
193	2108	2	1.7368467
193	2800	3	1.6974196
193	597	4	1.6208229
193	2110	5	1.5945427
193	1983	6	1.4659148
193	3430	7	1.4396482
193	296	8	1.4285096
193	168	9	1.4216405
193	252	10	1.3830111
520	43	1	2.927792
520	19	2	2.8505
520	3718	3	2.771891
520	351	4	2.6543617
520	732	5	2.5318108
520	0	6	2.4452105
520	219	7	2.4396071
520	243	8	2.3805432
520	495	9	2.3571596
520	821	10	2.338101
393	151	1	0.5577589
393	3250	2	0.4815114
393	4186	3	0.46732932
393	4042	4	0.4431652
393	1646	5	0.42894605
393	1255	6	0.4285313
393	577	7	0.41847247
393	2029	8	0.40900648
393	2449	9	0.4039573
393	4302	10	0.39978054
588	0	1	2.5777411
588	258	2	2.4009805
588	243	3	2.336458
588	1701	4	2.3240247
588	622	5	2.2711968
588	504	6	2.2433553
588	238	7	2.176655
588	108	8	2.1645107
588	19	9	2.1255982
588	732	10	2.0981011
900	843	1	1.4684181
900	456	2	1.4457626
900	538	3	1.2228518
900	197	4	1.1973205
900	30	5	1.0698287
900	672	6	0.9083363
900	49	7	0.88213027
900	2125	8	0.8757774
900	734	9	0.8750973
900	2550	10	0.8414458
332	19	1	2.7703924
332	258	2	2.597005
332	0	3	2.5338638
332	238	4	2.409565
332	3073	5	2.325303
332	454	6	2.0941668
332	50	7	2.050911
332	333	8	2.0437808
332	1578	9	2.0270758
332	82	10	1.9969206
142	367	1	1.5935903
142	889	2	1.5547843
142	114	3	1.2869136
142	3342	4	1.2303021
142	3016	5	1.1940616
142	602	6	1.1784263
142	117	7	1.0360895
142	559	8	1.0301229
142	970	9	0.9919814
142	1702	10	0.9888967
89	258	1	2.2355416
89	0	2	2.146149
89	243	3	1.9108622
89	19	4	1.8945322
89	238	5	1.7103467
89	454	6	1.6967131
89	680	7	1.6457405
89	920	8	1.6222293
89	1058	9	1.6002214
89	3718	10	1.5944347
472	864	1	1.7721694
472	79	2	1.6360198
472	1672	3	1.3104446
472	43	4	1.2550142
472	320	5	1.18853
472	108	6	1.050247
472	152	7	1.0233399
472	227	8	0.98349464
472	213	9	0.96493506
472	1345	10	0.9644847
2	1672	1	1.1022286
2	79	2	1.0954942
2	352	3	0.8410679
2	3929	4	0.82772315
2	303	5	0.8155135
2	979	6	0.809422
2	1225	7	0.7935843
2	1134	8	0.7788305
2	2301	9	0.77597046
2	2299	10	0.7260258
37	3072	1	3.5587893
37	3073	2	3.556478
37	3075	3	3.3356817
37	3074	4	3.2986803
37	200	5	2.532703
37	11	6	2.4373431
37	238	7	2.3988483
37	706	8	2.3934243
37	47	9	2.3829608
37	258	10	2.2794936
18	43	1	2.2530937
18	213	2	2.1252594
18	0	3	2.095531
18	732	4	2.0060601
18	19	5	2.0052958
18	196	6	1.9830086
18	152	7	1.8498514
18	320	8	1.8018097
18	258	9	1.7982657
18	243	10	1.7923957
234	210	1	1.8075647
234	2108	2	1.6030321
234	753	3	1.3685589
234	843	4	1.3678784
234	456	5	1.3490721
234	2	6	1.3164544
234	391	7	1.2737594
234	1926	8	1.2681024
234	84	9	1.2537136
234	3430	10	1.2467003
828	24	1	2.5799975
828	258	2	2.3737879
828	19	3	2.3238866
828	622	4	2.3199768
828	0	5	2.3087761
828	238	6	2.254825
828	937	7	2.2451324
828	50	8	2.1888163
828	369	9	2.0766363
828	201	10	2.0655937
215	1133	1	1.4440506
215	3790	2	1.322756
215	2304	3	1.3057687
215	160	4	1.251478
215	2260	5	1.2273107
215	31	6	1.2235535
215	1134	7	1.2139627
215	171	8	1.1937437
215	1313	9	1.0954927
215	2109	10	1.0831462
567	985	1	1.0118053
567	3090	2	0.91976357
567	391	3	0.8880695
567	318	4	0.87167275
567	322	5	0.8421756
567	1854	6	0.8306084
567	2227	7	0.7922671
567	168	8	0.78556514
567	795	9	0.7657497
567	1781	10	0.7576556
636	732	1	1.1074809
636	262	2	1.0965973
636	913	3	1.0525305
636	219	4	0.9632325
636	351	5	0.93899655
636	224	6	0.8915246
636	1755	7	0.8755129
636	631	8	0.8606548
636	1168	9	0.84573567
636	3178	10	0.83498055
553	224	1	2.339255
553	351	2	2.2241616
553	84	3	2.21782
553	821	4	2.0951993
553	993	5	2.0031636
553	631	6	1.9400337
553	29	7	1.7959026
553	320	8	1.6805301
553	1449	9	1.6661143
553	185	10	1.63264
901	485	1	2.1985805
901	42	2	2.119925
901	84	3	1.9756848
901	1162	4	1.9320025
901	320	5	1.8578558
901	2798	6	1.7343657
901	599	7	1.6755881
901	1139	8	1.6703081
901	993	9	1.6124551
901	311	10	1.555361
554	2005	1	1.3709447
554	725	2	1.1898968
554	1387	3	1.0816222
554	3086	4	1.047024
554	729	5	1.00753
554	2098	6	0.97840416
554	1646	7	0.949165
554	1234	8	0.9366236
554	1854	9	0.9056064
554	553	10	0.90209043
82	243	1	1.6242917
82	1701	2	1.5292602
82	24	3	1.4095953
82	0	4	1.3871922
82	258	5	1.3832746
82	369	6	1.3571867
82	215	7	1.3565291
82	19	8	1.3276547
82	454	9	1.3056008
82	732	10	1.2739636
548	372	1	2.168264
548	895	2	2.0060236
548	728	3	1.9847004
548	40	4	1.7817589
548	599	5	1.7482681
548	3430	6	1.7003078
548	149	7	1.6176383
548	30	8	1.5663662
548	252	9	1.5543822
548	488	10	1.5269132
677	4021	1	3.134102
677	1854	2	2.7652504
677	3251	3	2.749628
677	843	4	2.6671586
677	2390	5	2.541823
677	30	6	2.5355864
677	702	7	2.5078754
677	753	8	2.5058808
677	109	9	2.4001954
677	304	10	2.3631606
441	485	1	2.3565385
441	821	2	1.887394
441	224	3	1.8655955
441	1775	4	1.713881
441	1451	5	1.601338
441	84	6	1.5955143
441	790	7	1.5842131
441	1778	8	1.5675973
441	631	9	1.5527408
441	1162	10	1.4647219
245	19	1	2.5665262
245	40	2	2.2847395
245	0	3	2.2489119
245	213	4	2.1763632
245	622	5	2.1329508
245	219	6	2.1276712
245	485	7	2.1120887
245	201	8	2.1033258
245	224	9	2.030842
245	108	10	2.015778
629	538	1	0.7149188
629	807	2	0.59992397
629	185	3	0.5996159
629	1386	4	0.54799056
629	558	5	0.525564
629	219	6	0.51375586
629	1194	7	0.5092931
629	46	8	0.5065191
629	262	9	0.48281172
629	913	10	0.47617185
430	702	1	2.6960135
430	3430	2	2.65691
430	1854	3	2.2358298
430	151	4	2.235807
430	3090	5	2.1917617
430	553	6	2.1207278
430	4017	7	2.104745
430	109	8	2.0528407
430	2390	9	2.0122285
430	3086	10	1.9800704
882	2656	1	1.0921135
882	3313	2	1.022759
882	3072	3	1.0116812
882	3075	4	1.0111506
882	3074	5	1.0061986
882	308	6	0.9938733
882	3073	7	0.9256379
882	1410	8	0.9228203
882	706	9	0.8801921
882	829	10	0.85953736
909	1794	1	2.3795347
909	219	2	2.2970316
909	485	3	1.9301369
909	372	4	1.9229248
909	631	5	1.8733912
909	311	6	1.855382
909	43	7	1.8371031
909	3797	8	1.8288391
909	1451	9	1.7166221
909	1162	10	1.6974677
349	978	1	1.5741208
349	37	2	1.4260755
349	303	3	1.3767241
349	1424	4	1.2610378
349	812	5	1.2551454
349	3462	6	1.1906197
349	1421	7	1.069778
349	2400	8	1.0665998
349	1225	9	1.0358088
349	2668	10	1.0271466
491	184	1	1.6864411
491	318	2	1.6364514
491	1313	3	1.5834157
491	352	4	1.551638
491	1745	5	1.4894992
491	911	6	1.3901955
491	39	7	1.365375
491	1011	8	1.331617
491	370	9	1.1870877
491	864	10	1.1534418
696	79	1	1.035583
696	2301	2	1.0206764
696	1134	3	0.9922871
696	2299	4	0.9742701
696	1672	5	0.9243299
696	1748	6	0.8831248
696	2307	7	0.8600439
696	1200	8	0.84771186
696	2305	9	0.8237084
696	2271	10	0.82278705
344	2229	1	1.2502408
344	2735	2	0.834283
344	2943	3	0.8025547
344	1339	4	0.7157763
344	1982	5	0.7130835
344	992	6	0.7127868
344	3088	7	0.6818098
344	1392	8	0.6481476
344	1944	9	0.64518183
344	554	10	0.6449188
462	30	1	1.6647677
462	143	2	1.4822775
462	2108	3	1.4331906
462	1139	4	1.3829851
462	2110	5	1.3742579
462	1689	6	1.308578
462	141	7	1.2907832
462	654	8	1.1971145
462	479	9	1.1552159
462	224	10	1.1531798
444	19	1	2.60507
444	0	2	2.2022686
444	3073	3	2.1238923
444	258	4	2.1074638
444	243	5	2.0586038
444	330	6	2.043632
444	123	7	2.0211976
444	3718	8	1.9735936
444	11	9	1.9717846
444	43	10	1.940343
678	3430	1	2.2226763
678	843	2	1.8902688
678	672	3	1.8416419
678	456	4	1.7900554
678	28	5	1.7700431
678	224	6	1.7572969
678	1742	7	1.6688204
678	30	8	1.6678722
678	42	9	1.6508207
678	3251	10	1.6083517
27	780	1	1.814043
27	840	2	1.2859274
27	1112	3	1.265487
27	49	4	1.2363657
27	3797	5	1.2291213
27	108	6	1.2196975
27	53	7	1.1851478
27	1838	8	1.1730604
27	2394	9	1.1544607
27	2054	10	1.1536937
585	19	1	4.1587787
585	82	2	3.551098
585	238	3	3.418598
585	1693	4	3.3118172
585	11	5	3.2792232
585	1925	6	3.1525216
585	201	7	2.993488
585	333	8	2.9702663
585	3073	9	2.953642
585	50	10	2.6520367
306	243	1	4.178503
306	11	2	4.0576344
306	201	3	4.0088625
306	47	4	3.8614058
306	82	5	3.7020059
306	213	6	3.5938253
306	215	7	3.5147824
306	24	8	3.4620588
306	3073	9	3.4290416
306	369	10	3.419048
933	42	1	0.8889116
933	224	2	0.86188114
933	1263	3	0.8428959
933	184	4	0.7212276
933	227	5	0.6909969
933	1449	6	0.66133296
933	84	7	0.6488549
933	728	8	0.6369186
933	4608	9	0.60962677
933	352	10	0.60849875
249	224	1	1.5118736
249	219	2	1.4565622
249	19	3	1.4535937
249	278	4	1.3823411
249	84	5	1.3624649
249	530	6	1.361203
249	42	7	1.3430097
249	40	8	1.3094096
249	529	9	1.267007
249	3797	10	1.2569892
525	1251	1	1.658924
525	732	2	1.5715103
525	1701	3	1.3739933
525	213	4	1.3668478
525	311	5	1.3577844
525	352	6	1.3557544
525	185	7	1.3463085
525	227	8	1.3288186
525	248	9	1.2940588
525	84	10	1.2916028
834	19	1	2.1411383
834	43	2	2.0783372
834	0	3	1.930834
834	311	4	1.8389326
834	3073	5	1.811657
834	3072	6	1.785726
834	258	7	1.7568216
834	47	8	1.7407672
834	218	9	1.7069225
834	3075	10	1.6854799
740	0	1	3.7054977
740	258	2	3.6126742
740	19	3	3.478735
740	732	4	3.0311258
740	201	5	2.8047829
740	11	6	2.7960024
740	504	7	2.7825499
740	920	8	2.774819
740	24	9	2.7709217
740	622	10	2.7021582
899	81	1	3.7738733
899	201	2	3.7261443
899	333	3	3.3830972
899	104	4	3.364306
899	1925	5	3.3251114
899	80	6	3.3230207
899	706	7	3.2380233
899	243	8	3.2325964
899	920	9	3.0040889
899	200	10	2.8870296
350	1449	1	2.5207167
350	43	2	2.394703
350	227	3	2.3186934
350	1856	4	2.2464814
350	184	5	2.1336308
350	244	6	2.012347
350	359	7	1.945645
350	599	8	1.8954781
350	39	9	1.8661747
350	185	10	1.8565252
600	538	1	1.209831
600	725	2	1.1806357
600	3029	3	1.0008985
600	729	4	0.9367266
600	1178	5	0.9019615
600	558	6	0.8952178
600	1185	7	0.8588474
600	878	8	0.84802926
600	1011	9	0.8231501
600	163	10	0.7833966
399	3003	1	1.1774001
399	2320	2	1.1193495
399	951	3	1.0708612
399	515	4	0.9684746
399	901	5	0.93888974
399	1186	6	0.93204296
399	221	7	0.92114896
399	1681	8	0.91578674
399	258	9	0.8929497
399	3413	10	0.87665343
660	597	1	3.1679106
660	196	2	2.9642768
660	19	3	2.7935658
660	3430	4	2.7719724
660	49	5	2.7674017
660	3073	6	2.7567956
660	210	7	2.641677
660	982	8	2.5857115
660	168	9	2.5173702
660	3072	10	2.4940877
220	227	1	3.802937
220	732	2	3.555954
220	19	3	3.5509605
220	24	4	3.4275122
220	243	5	3.3505287
220	238	6	3.23243
220	1701	7	3.2074237
220	47	8	3.0295284
220	311	9	3.0171285
220	213	10	3.0087547
3	944	1	1.0060701
3	109	2	0.9651729
3	1580	3	0.94277817
3	505	4	0.93924487
3	30	5	0.93714017
3	130	6	0.90917003
3	3114	7	0.90899473
3	1854	8	0.90681785
3	304	9	0.85140836
3	1582	10	0.84717816
903	337	1	0.92757165
903	3021	2	0.90409255
903	2108	3	0.88518476
903	1966	4	0.8597755
903	2110	5	0.82448184
903	3797	6	0.7955378
903	623	7	0.7884103
903	372	8	0.7791735
903	303	9	0.7700646
903	597	10	0.7143593
545	43	1	2.9119687
545	79	2	2.6935701
545	732	3	2.5356612
545	599	4	2.4556823
545	320	5	2.2520556
545	19	6	2.2166948
545	258	7	2.1662261
545	1023	8	2.1368976
545	3797	9	2.127893
545	351	10	2.0971992
56	219	1	1.9723101
56	4029	2	1.7823238
56	1139	3	1.7472184
56	2108	4	1.6854006
56	168	5	1.662741
56	2110	6	1.6368439
56	30	7	1.6078157
56	252	8	1.5616715
56	1006	9	1.5336766
56	895	10	1.5025288
447	1313	1	2.20317
447	1303	2	1.8465613
447	63	3	1.8021364
447	277	4	1.7280201
447	3337	5	1.6497977
447	1066	6	1.5699918
447	1112	7	1.5640767
447	275	8	1.5396672
447	1239	9	1.402132
447	3003	10	1.3799355
844	4017	1	3.0599527
844	4020	2	2.8242846
844	4021	3	2.802103
844	1854	4	2.5717704
844	3430	5	2.4512227
844	3090	6	2.1726341
844	3086	7	2.1578064
844	579	8	2.1160698
844	580	9	2.1021695
844	4083	10	2.077552
451	224	1	1.6278598
451	43	2	1.5424769
451	352	3	1.5192978
451	391	4	1.4407611
451	84	5	1.4184892
451	30	6	1.402741
451	821	7	1.3670297
451	864	8	1.3521546
451	485	9	1.338093
451	185	10	1.3243341
175	874	1	0.8223152
175	1395	2	0.7782578
175	2259	3	0.7431309
175	1392	4	0.7355686
175	1102	5	0.7228006
175	2805	6	0.69888985
175	278	7	0.6799606
175	124	8	0.6633555
175	2694	9	0.65851223
175	530	10	0.65313363
852	323	1	1.6552392
852	276	2	1.6158154
852	2781	3	1.5684302
852	544	4	1.5528468
852	94	5	1.550477
852	457	6	1.5311736
852	346	7	1.5170462
852	1212	8	1.5027049
852	3404	9	1.5001261
852	3401	10	1.4408715
608	19	1	3.4942415
608	243	2	2.9169755
608	43	3	2.7645555
608	3797	4	2.7588968
608	3073	5	2.6747437
608	238	6	2.6562881
608	46	7	2.5858154
608	369	8	2.5562477
608	82	9	2.5391662
608	322	10	2.5311475
361	3430	1	4.3228674
361	30	2	2.9847288
361	1854	3	2.869234
361	2110	4	2.850865
361	210	5	2.794526
361	2390	6	2.7921948
361	597	7	2.755222
361	2108	8	2.7463455
361	109	9	2.6241431
361	948	10	2.4181736
668	1672	1	2.7329235
668	47	2	1.9854249
668	821	3	1.7728848
668	19	4	1.7679341
668	391	5	1.7484002
668	227	6	1.7080768
668	631	7	1.6026458
668	243	8	1.5564508
668	320	9	1.5548818
668	1484	10	1.5470002
158	42	1	1.5123845
158	200	2	1.3219255
158	4017	3	1.2932434
158	83	4	1.253661
158	4020	5	1.2416866
158	216	6	1.2384993
158	1341	7	1.1392442
158	4021	8	1.1215006
158	995	9	1.0918801
158	3430	10	1.0886674
888	19	1	1.5624478
888	0	2	1.5614083
888	47	3	1.4689742
888	258	4	1.4461296
888	238	5	1.4345739
888	622	6	1.4147732
888	71	7	1.4124064
888	24	8	1.3754103
888	937	9	1.3551085
888	70	10	1.3530793
354	2108	1	2.1430898
354	456	2	2.1122346
354	843	3	2.1073017
354	2110	4	2.0926237
354	1139	5	1.9507772
354	216	6	1.9418747
354	3430	7	1.8988109
354	53	8	1.8599522
354	439	9	1.7174988
354	860	10	1.7166415
781	63	1	1.6153748
781	96	2	1.5096965
781	1321	3	1.2636445
781	1112	4	1.2201271
781	911	5	1.1150411
781	1066	6	1.0983797
781	29	7	1.0926945
781	98	8	1.0024961
781	1838	9	0.9375677
781	243	10	0.9229282
522	1139	1	1.179781
522	237	2	1.0012887
522	479	3	0.99196064
522	49	4	0.97734886
522	492	5	0.9313855
522	1867	6	0.9266092
522	1686	7	0.9250822
522	1176	8	0.92305315
522	161	9	0.9133644
522	610	10	0.9102022
861	3797	1	2.391843
861	369	2	2.1123939
861	258	3	2.0892682
861	0	4	1.9724814
861	11	5	1.8706548
861	278	6	1.7805331
861	599	7	1.7749901
861	19	8	1.7638131
861	3020	9	1.7612652
861	920	10	1.7461541
240	2031	1	2.2935696
240	3501	2	2.2757056
240	851	3	2.1200478
240	40	4	2.107882
240	2260	5	2.0049307
240	3049	6	1.9199824
240	1948	7	1.9072845
240	2955	8	1.8926284
240	2954	9	1.875586
240	1631	10	1.8683963
501	82	1	4.416479
501	0	2	4.1384473
501	11	3	4.078012
501	258	4	3.8471122
501	238	5	3.7795436
501	81	6	3.6802893
501	333	7	3.5524535
501	80	8	3.5015888
501	706	9	3.4158096
501	196	10	3.356839
138	1556	1	1.2431072
138	197	2	1.2395611
138	4029	3	1.2162157
138	843	4	1.1913285
138	2108	5	1.1503804
138	2110	6	1.0887269
138	30	7	1.0782251
138	77	8	1.020169
138	456	9	0.98897165
138	2550	10	0.9846111
317	3104	1	0.78518677
317	3479	2	0.71027946
317	1374	3	0.70203257
317	1203	4	0.59083796
317	4020	5	0.56752443
317	1373	6	0.55222404
317	4021	7	0.5476139
317	3114	8	0.54441595
317	1240	9	0.52172166
317	4017	10	0.50181216
733	227	1	1.2581058
733	321	2	1.1675436
733	1225	3	1.0617417
733	1333	4	1.04235
733	988	5	1.0411148
733	1215	6	1.0212913
733	555	7	1.0157176
733	1211	8	1.0097737
733	857	9	0.9868801
733	1194	10	0.9853582
527	3718	1	2.8050704
527	19	2	2.6538796
527	3073	3	2.6489925
527	3430	4	2.6207387
527	843	5	2.5326984
527	40	6	2.5087957
527	258	7	2.4534168
527	4029	8	2.4118857
527	53	9	2.4080956
527	3020	10	2.3630424
398	4029	1	2.6503696
398	53	2	2.6393323
398	210	3	2.6343207
398	843	4	2.5641837
398	168	5	2.5382228
398	19	6	2.3960881
398	296	7	2.3513193
398	3430	8	2.3260353
398	4017	9	2.213025
398	4016	10	2.1722736
566	79	1	2.4319515
566	43	2	2.3920012
566	227	3	2.3764138
566	29	4	2.2508106
566	599	5	2.2000597
566	185	6	2.1726558
566	258	7	2.0868702
566	243	8	2.062973
566	224	9	2.0272775
566	320	10	1.9538245
36	224	1	2.520425
36	258	2	2.3181694
36	320	3	2.285904
36	43	4	2.1937413
36	732	5	2.1530538
36	488	6	2.1411526
36	243	7	2.0511935
36	631	8	2.0189674
36	0	9	1.9955604
36	311	10	1.9749391
659	1531	1	1.8339715
659	3016	2	1.4975436
659	1648	3	1.4872041
659	367	4	1.477823
659	1161	5	1.3300972
659	77	6	1.304764
659	2382	7	1.2636046
659	117	8	1.2495471
659	168	9	1.2490506
659	1862	10	1.2418172
279	82	1	3.6109948
279	11	2	3.395124
279	81	3	3.1980145
279	0	4	3.0521677
279	706	5	3.0020041
279	80	6	2.9585404
279	258	7	2.9581988
279	333	8	2.8422234
279	238	9	2.809771
279	1925	10	2.792615
529	224	1	1.7484993
529	227	2	1.6339307
529	728	3	1.6039381
529	599	4	1.4531095
529	231	5	1.3014946
529	219	6	1.2774956
529	42	7	1.2703445
529	278	8	1.2560642
529	149	9	1.2450976
529	1449	10	1.2296629
753	635	1	1.5090839
753	1406	2	1.3464689
753	439	3	1.1626983
753	823	4	1.0000974
753	94	5	0.9869652
753	351	6	0.97586477
753	1217	7	0.9678285
753	1115	8	0.9424818
753	3631	9	0.93315935
753	34	10	0.9012713
281	2110	1	1.9114854
281	843	2	1.8495002
281	3430	3	1.6942515
281	30	4	1.6317611
281	597	5	1.5827582
281	654	6	1.4888551
281	860	7	1.425919
281	210	8	1.388344
281	141	9	1.3816786
281	49	10	1.3447642
71	2745	1	1.0444474
71	1379	2	0.8411416
71	2711	3	0.7092947
71	647	4	0.7016692
71	1496	5	0.66395235
71	1815	6	0.60378534
71	3255	7	0.5727895
71	2073	8	0.57011783
71	4442	9	0.54672486
71	475	10	0.5346806
714	2108	1	1.175611
714	49	2	1.1655972
714	2110	3	1.1481957
714	1686	4	1.1285045
714	109	5	1.1241815
714	1594	6	1.0897841
714	1139	7	1.0746824
714	641	8	1.0715864
714	597	9	1.0608495
714	501	10	1.0289127
362	351	1	2.1109056
362	224	2	2.0953722
362	219	3	1.7039199
362	84	4	1.494047
362	1199	5	1.4915783
362	53	6	1.4710453
362	1161	7	1.450381
362	30	8	1.4240243
362	3430	9	1.4236176
362	152	10	1.3937716
300	843	1	2.1059148
300	3430	2	1.9996352
300	4029	3	1.9087436
300	456	4	1.7764535
300	30	5	1.7676914
300	2110	6	1.6451356
300	2108	7	1.6351826
300	296	8	1.6288831
300	860	9	1.5828776
300	672	10	1.4866056
533	19	1	2.7753654
533	258	2	2.6922326
533	3718	3	2.5750318
533	0	4	2.535616
533	238	5	2.3453364
533	24	6	2.1525872
533	243	7	2.152069
533	3073	8	2.037127
533	71	9	2.0212517
533	3797	10	1.9990896
853	19	1	2.4849443
853	0	2	2.4165187
853	258	3	2.4046855
853	631	4	2.2555661
853	243	5	2.1057587
853	238	6	1.9554045
853	46	7	1.9301059
853	47	8	1.9127277
853	24	9	1.9052882
853	3718	10	1.9003787
427	1435	1	1.5143573
427	1168	2	1.3844488
427	1169	3	1.3811672
427	1383	4	1.325524
427	1423	5	1.253116
427	807	6	1.2528496
427	903	7	1.2260854
427	1436	8	1.2146107
427	1134	9	1.136625
427	281	10	1.004558
161	19	1	2.2406816
161	3795	2	1.9841468
161	258	3	1.9085234
161	82	4	1.8113186
161	47	5	1.7429397
161	3073	6	1.7114296
161	0	7	1.6771057
161	243	8	1.652771
161	11	9	1.6417475
161	213	10	1.632264
30	4017	1	2.3099253
30	4020	2	2.1713004
30	3430	3	2.1468987
30	4021	4	2.1434612
30	753	5	1.9293221
30	210	6	1.6588721
30	580	7	1.6133904
30	4083	8	1.6091818
30	3086	9	1.5955521
30	1854	10	1.5581778
93	320	1	2.1096015
93	732	2	2.0861673
93	43	3	1.9612253
93	243	4	1.8884815
93	311	5	1.8267514
93	258	6	1.8225042
93	599	7	1.6582352
93	213	8	1.6385123
93	3718	9	1.6363356
93	0	10	1.5712873
88	3430	1	2.4046311
88	2110	2	2.3625424
88	210	3	2.3271017
88	109	4	2.2413373
88	196	5	2.1196084
88	30	6	1.9796048
88	843	7	1.954623
88	4029	8	1.8329175
88	4017	9	1.7863269
88	672	10	1.7770247
874	30	1	2.8271294
874	19	2	2.8227699
874	3430	3	2.7476835
874	4017	4	2.5770788
874	2108	5	2.4780908
874	843	6	2.4111354
874	2110	7	2.3026724
874	168	8	2.2825444
874	47	9	2.2765536
874	258	10	2.252974
823	204	1	1.6518106
823	539	2	1.646987
823	40	3	1.6174259
823	11	4	1.5814917
823	30	5	1.5687747
823	3718	6	1.5020865
823	47	7	1.4516852
823	19	8	1.4443572
823	43	9	1.4198617
823	49	10	1.405927
686	978	1	0.953042
686	3796	2	0.8386636
686	1424	3	0.80446446
686	37	4	0.7938557
686	1672	5	0.78073394
686	812	6	0.7670573
686	2299	7	0.7643368
686	2301	8	0.75323635
686	2400	9	0.7320323
686	2668	10	0.7027989
931	538	1	0.79245114
931	204	2	0.7781181
931	558	3	0.75823987
931	934	4	0.7432953
931	764	5	0.72983557
931	1868	6	0.6888994
931	3718	7	0.6841702
931	439	8	0.6548334
931	77	9	0.6292572
931	1411	10	0.62833893
817	201	1	0.93761134
817	0	2	0.9241742
817	168	3	0.84693706
817	42	4	0.8368868
817	19	5	0.8091893
817	3020	6	0.79084873
817	40	7	0.78968203
817	3797	8	0.77647686
817	258	9	0.76837564
817	196	10	0.7606368
601	3073	1	3.3496423
601	3072	2	3.2926261
601	47	3	3.1056938
601	3074	4	3.085073
601	3075	5	3.027037
601	11	6	2.9557338
601	201	7	2.8978343
601	492	8	2.8334742
601	3718	9	2.8293276
601	40	10	2.7875628
787	352	1	2.2547982
787	3718	2	1.9578822
787	258	3	1.8756105
787	196	4	1.7961649
787	19	5	1.7762991
787	43	6	1.7184047
787	864	7	1.6925198
787	391	8	1.6884209
787	40	9	1.6333381
787	46	10	1.6314718
780	1531	1	1.3401893
780	1438	2	1.3092058
780	889	3	1.0980716
780	405	4	0.9817033
780	3342	5	0.9417804
780	367	6	0.9263986
780	3016	7	0.9240107
780	34	8	0.89166105
780	1534	9	0.87808037
780	939	10	0.8222563
866	84	1	0.7759958
866	1702	2	0.7637414
866	152	3	0.7351913
866	631	4	0.67208683
866	224	5	0.6138654
866	3592	6	0.6104039
866	367	7	0.5923365
866	821	8	0.5887605
866	1011	9	0.58006513
866	62	10	0.5630964
346	1854	1	2.9226453
346	2390	2	2.5208583
346	501	3	2.5183697
346	3090	4	2.4243512
346	77	5	2.4138327
346	4029	6	2.3353133
346	753	7	2.3140078
346	702	8	2.307126
346	948	9	2.2830594
346	3251	10	2.2427297
360	1016	1	0.70998305
360	3016	2	0.65370166
360	165	3	0.6165544
360	1459	4	0.58783424
360	3654	5	0.572883
360	4042	6	0.56557775
360	3655	7	0.51870906
360	577	8	0.51497066
360	2247	9	0.50624716
360	161	10	0.5032873
573	2108	1	2.0472844
573	2110	2	2.0427704
573	210	3	2.0121899
573	501	4	2.0049598
573	654	5	1.9024076
573	49	6	1.7329513
573	196	7	1.6705674
573	109	8	1.6420684
573	1410	9	1.6393574
573	641	10	1.6013904
77	391	1	1.2732625
77	185	2	1.192729
77	978	3	1.1771376
77	979	4	1.0343418
77	1333	5	0.98640424
77	79	6	0.9791778
77	1194	7	0.94666487
77	977	8	0.946218
77	184	9	0.9353839
77	1426	10	0.9328079
746	185	1	1.523969
746	258	2	1.4966164
746	515	3	1.4261988
746	728	4	1.4189056
746	278	5	1.3721435
746	352	6	1.2911245
746	928	7	1.2715986
746	184	8	1.2202976
746	806	9	1.1967624
746	1410	10	1.1717691
207	3430	1	1.7205963
207	351	2	1.6210938
207	2110	3	1.5999875
207	3718	4	1.587013
207	2108	5	1.5847206
207	1701	6	1.5493486
207	4017	7	1.5249463
207	860	8	1.5154277
207	252	9	1.5095283
207	210	10	1.489518
626	1137	1	2.6666112
626	1531	2	1.699239
626	889	3	1.4330385
626	3016	4	1.4216592
626	367	5	1.3649282
626	1534	6	1.3065672
626	671	7	1.0832684
626	602	8	0.98228747
626	2424	9	0.9520749
626	2133	10	0.9321836
523	30	1	2.3007402
523	2110	2	2.2550015
523	843	3	2.2472382
523	141	4	2.20098
523	3430	5	2.1768293
523	53	6	2.1722841
523	143	7	2.155911
523	2108	8	2.1092887
523	735	9	2.0557203
523	2390	10	2.010802
467	702	1	1.2613671
467	753	2	1.2108252
467	3090	3	1.1923168
467	3086	4	1.1821156
467	662	5	1.1369851
467	1255	6	1.0888374
467	1646	7	1.0815763
467	735	8	1.0720797
467	553	9	1.057942
467	1592	10	1.0519555
274	391	1	1.1912895
274	1484	2	1.0835975
274	84	3	0.7800211
274	227	4	0.6987306
274	911	5	0.6904931
274	224	6	0.6781302
274	185	7	0.6495161
274	717	8	0.6333587
274	864	9	0.60997695
274	807	10	0.58738893
799	43	1	2.222003
799	152	2	1.7702018
799	311	3	1.7460964
799	372	4	1.7087638
799	227	5	1.6996253
799	185	6	1.6587684
799	243	7	1.5459144
799	488	8	1.5147563
799	320	9	1.4861916
799	149	10	1.4566159
102	3430	1	3.9776735
102	109	2	3.2109828
102	843	3	3.1494484
102	168	4	3.0062017
102	672	5	2.8375669
102	200	6	2.7195811
102	501	7	2.7099774
102	597	8	2.6688428
102	456	9	2.5875425
102	296	10	2.5670104
642	1466	1	1.823241
642	185	2	1.7022026
642	391	3	1.6945556
642	63	4	1.6616952
642	1313	5	1.6560864
642	29	6	1.622349
642	43	7	1.6055527
642	599	8	1.5928922
642	1321	9	1.5566299
642	1066	10	1.5368032
737	224	1	1.923502
737	320	2	1.6810042
737	219	3	1.5827118
737	732	4	1.5455585
737	43	5	1.3942661
737	40	6	1.3523691
737	3718	7	1.3224971
737	1058	8	1.2820334
737	311	9	1.2704985
737	488	10	1.2538664
538	2965	1	1.453135
538	3430	2	1.3930309
538	702	3	1.3519771
538	4083	4	1.3269169
538	2390	5	1.2835886
538	1854	6	1.2536589
538	580	7	1.2533383
538	4086	8	1.1763566
538	1256	9	1.0966655
538	83	10	1.0910509
453	19	1	2.5972226
453	82	2	1.8973861
453	238	3	1.8779404
453	510	4	1.788159
453	204	5	1.7689569
453	3072	6	1.7194176
453	1925	7	1.6198227
453	3073	8	1.6115576
453	3074	9	1.5685511
453	1411	10	1.5603099
712	1410	1	0.9530002
712	843	2	0.86232567
712	456	3	0.8206808
712	224	4	0.7420883
712	1411	5	0.7140795
712	197	6	0.70245606
712	219	7	0.69750553
712	411	8	0.6900804
712	654	9	0.68114865
712	213	10	0.6479672
905	3718	1	2.5029078
905	19	2	2.003509
905	1701	3	1.8722103
905	14	4	1.8394841
905	168	5	1.7706745
905	108	6	1.7597992
905	24	7	1.7593648
905	0	8	1.7040281
905	227	9	1.6984631
905	1341	10	1.6822321
615	2114	1	1.1556267
615	2752	2	1.0236919
615	264	3	0.92882746
615	1933	4	0.9031522
615	3116	5	0.89286184
615	564	6	0.88243324
615	3965	7	0.8777495
615	790	8	0.8617834
615	176	9	0.86070883
615	2981	10	0.858056
754	456	1	3.2678404
754	2110	2	3.2039723
754	210	3	3.2003684
754	2108	4	3.1513584
754	109	5	3.0333114
754	3251	6	2.9233465
754	30	7	2.8893127
754	597	8	2.7684543
754	1854	9	2.7599492
754	4029	10	2.7138846
512	829	1	1.4325036
512	1347	2	0.88027674
512	489	3	0.8541455
512	878	4	0.83561224
512	1349	5	0.8290662
512	3531	6	0.8124128
512	1618	7	0.77931595
512	214	8	0.77419466
512	1410	9	0.7578143
512	1277	10	0.75450444
293	807	1	1.5989683
293	913	2	1.4719676
293	258	3	1.2301124
293	24	4	1.1894746
293	732	5	1.1857934
293	631	6	1.1856492
293	19	7	1.1590091
293	262	8	1.1542702
293	215	9	1.1222758
293	243	10	1.1160786
521	821	1	1.4754832
521	351	2	1.450201
521	485	3	1.2789314
521	77	4	1.2001047
521	79	5	1.1620367
521	224	6	1.1466763
521	1451	7	1.1341999
521	1672	8	1.1000481
521	1572	9	1.0901142
521	2043	10	1.0803455
893	2110	1	1.4841515
893	2108	2	1.422832
893	0	3	1.3395429
893	258	4	1.3236182
893	43	5	1.2963462
893	109	6	1.2858136
893	40	7	1.2742205
893	311	8	1.2597599
893	732	9	1.2569213
893	30	10	1.2165821
413	219	1	1.9184108
413	30	2	1.801889
413	1161	3	1.6638912
413	485	4	1.6251364
413	843	5	1.5579417
413	224	6	1.5371833
413	1862	7	1.5130975
413	2550	8	1.3809243
413	1768	9	1.3746147
413	1083	10	1.3235028
612	351	1	1.4494936
612	224	2	1.4451606
612	631	3	1.4062777
612	79	4	1.3803966
612	485	5	1.3628408
612	320	6	1.3073814
612	43	7	1.2962034
612	864	8	1.2807133
612	84	9	1.2806859
612	1572	10	1.263432
387	1106	1	0.6609419
387	988	2	0.6522933
387	857	3	0.6488844
387	549	4	0.64612186
387	1236	5	0.63634354
387	1333	6	0.63450754
387	1215	7	0.6087155
387	555	8	0.60846406
387	1108	9	0.60609215
387	482	10	0.58542603
930	258	1	1.7751243
930	0	2	1.6802704
930	333	3	1.5789468
930	238	4	1.5622671
930	11	5	1.4968417
930	47	6	1.485119
930	3430	7	1.4338045
930	3073	8	1.4074495
930	412	9	1.3850642
930	1925	10	1.3707461
189	3430	1	3.1531217
189	2110	2	2.6615415
189	2108	3	2.5908127
189	4020	4	2.537915
189	4021	5	2.3575497
189	53	6	2.336169
189	30	7	2.196612
189	168	8	2.1820977
189	77	9	2.1401892
189	19	10	2.099972
745	303	1	1.3329363
745	43	2	1.3067352
745	821	3	1.2363136
745	599	4	1.2329314
745	62	5	1.2261732
745	1966	6	1.221981
745	227	7	1.2209923
745	40	8	1.1243849
745	623	9	1.1067736
745	224	10	1.0979315
257	3016	1	1.7088131
257	889	2	1.6201414
257	3342	3	1.4482032
257	367	4	1.1790555
257	314	5	1.1138567
257	559	6	1.0993507
257	2424	7	1.0749809
257	671	8	1.0554079
257	1436	9	1.0262315
257	1435	10	1.0172364
66	224	1	1.5568281
66	1313	2	1.5107836
66	352	3	1.5013503
66	3929	4	1.4641801
66	196	5	1.456713
66	2108	6	1.4488733
66	911	7	1.4217839
66	728	8	1.3838391
66	604	9	1.382374
66	2110	10	1.2492573
803	0	1	1.4734915
803	352	2	1.3143027
803	108	3	1.2306864
803	19	4	1.1682675
803	412	5	1.1492462
803	864	6	1.0948507
803	238	7	1.0564225
803	79	8	1.0418645
803	90	9	1.0266831
803	333	10	1.012413
145	11	1	3.7900398
145	81	2	3.5957716
145	0	3	3.3796678
145	258	4	3.3266315
145	430	5	3.2633314
145	200	6	3.2555635
145	706	7	3.229498
145	2656	8	3.220758
145	1925	9	3.2067351
145	201	10	3.1413994
702	258	1	3.018816
702	43	2	2.9697204
702	0	3	2.8779192
702	320	4	2.8485887
702	19	5	2.8276396
702	243	6	2.6586282
702	1701	7	2.6161685
702	351	8	2.5989115
702	504	9	2.581192
702	599	10	2.5705354
556	3073	1	3.0893555
556	0	2	2.5827005
556	258	3	2.4920201
556	3075	4	2.4892848
556	11	5	2.4785306
556	3074	6	2.4324946
556	227	7	2.3702102
556	238	8	2.3489904
556	71	9	2.2836206
556	920	10	2.177721
759	732	1	2.124597
759	848	2	2.0732524
759	219	3	1.9889543
759	43	4	1.9468789
759	488	5	1.9266137
759	599	6	1.8855746
759	1755	7	1.8712809
759	213	8	1.8249793
759	84	9	1.7913942
759	224	10	1.7770617
104	732	1	1.6890624
104	7	2	1.6573082
104	0	3	1.6344435
104	320	4	1.6159887
104	43	5	1.5625854
104	322	6	1.5586824
104	108	7	1.4981914
104	1701	8	1.4759786
104	258	9	1.4693707
104	495	10	1.4530284
639	4017	1	2.6375442
639	3430	2	2.62636
639	717	3	2.431302
639	501	4	2.403098
639	4020	5	2.3961408
639	210	6	2.336007
639	4021	7	2.2293363
639	271	8	2.1935966
639	843	9	2.1626563
639	109	10	2.081119
792	258	1	4.034197
792	3073	2	3.917563
792	0	3	3.847904
792	11	4	3.847039
792	3074	5	3.4585829
792	3075	6	3.4378529
792	243	7	3.3614078
792	1925	8	3.2893317
792	201	9	3.135475
792	47	10	3.1050506
420	227	1	0.7257777
420	405	2	0.7220634
420	1522	3	0.7053307
420	216	4	0.6514001
420	1399	5	0.63498634
420	1406	6	0.6198382
420	937	7	0.5794159
420	661	8	0.5722263
420	248	9	0.5677593
420	1197	10	0.5664662
370	351	1	2.0130658
370	631	2	1.9630964
370	320	3	1.9293549
370	732	4	1.9036443
370	40	5	1.8573635
370	243	6	1.8494048
370	224	7	1.8288219
370	352	8	1.8184885
370	43	9	1.8023734
370	258	10	1.7984017
680	98	1	1.7120019
680	1484	2	1.6840699
680	1066	3	1.6204174
680	63	4	1.6011188
680	864	5	1.5957644
680	911	6	1.4681993
680	277	7	1.3917522
680	370	8	1.388032
680	184	9	1.3131671
680	874	10	1.2721968
121	3090	1	1.3180128
121	1854	2	1.297054
121	3086	3	1.1604805
121	105	4	1.158844
121	702	5	1.0807216
121	2449	6	1.0553406
121	135	7	1.0204098
121	2940	8	1.0118127
121	735	9	0.99991095
121	553	10	0.9633672
129	77	1	1.8411133
129	168	2	1.7425034
129	753	3	1.7270392
129	1115	4	1.7126613
129	2110	5	1.7007805
129	2108	6	1.6802044
129	143	7	1.5965831
129	109	8	1.5423983
129	141	9	1.5268629
129	49	10	1.514665
81	864	1	2.608646
81	1672	2	1.8577684
81	108	3	1.4246674
81	19	4	1.4167483
81	3718	5	1.393914
81	2110	6	1.3790879
81	391	7	1.3423969
81	631	8	1.342207
81	30	9	1.3391644
81	40	10	1.3263583
790	1773	1	2.2152815
790	2320	2	2.141659
790	172	3	1.9417834
790	3003	4	1.9092844
790	1681	5	1.7651566
790	1011	6	1.6239104
790	728	7	1.5947359
790	84	8	1.5812786
790	631	9	1.5281751
790	1263	10	1.5267383
340	351	1	2.1020334
340	84	2	2.0970392
340	0	3	2.025574
340	258	4	1.9782453
340	227	5	1.9685383
340	40	6	1.9591043
340	631	7	1.9523151
340	43	8	1.9483596
340	732	9	1.9450117
340	807	10	1.9394795
330	597	1	1.9182707
330	30	2	1.8392637
330	168	3	1.7232387
330	210	4	1.6867058
330	2110	5	1.5249088
330	3430	6	1.4982102
330	77	7	1.4943321
330	672	8	1.4940856
330	826	9	1.4823906
330	109	10	1.466831
75	2110	1	3.1633947
75	2108	2	3.1264133
75	843	3	2.6461487
75	30	4	2.5359838
75	1197	5	2.4505296
75	672	6	2.148382
75	351	7	2.1452675
75	548	8	2.140872
75	456	9	2.085826
75	296	10	2.0541623
552	30	1	1.6204522
552	501	2	1.484782
552	2108	3	1.4572008
552	168	4	1.4405568
552	109	5	1.4386852
552	2110	6	1.406595
552	49	7	1.4024676
552	654	8	1.3799082
552	3430	9	1.3787727
552	597	10	1.3234246
542	1484	1	1.7447283
542	63	2	1.7347014
542	911	3	1.6301498
542	227	4	1.6115165
542	184	5	1.5183557
542	515	6	1.5181328
542	1112	7	1.5168189
542	1066	8	1.3498886
542	370	9	1.3177097
542	318	10	1.3108141
170	210	1	1.970404
170	2108	2	1.8936957
170	843	3	1.8558536
170	456	4	1.848031
170	2110	5	1.8444626
170	2125	6	1.749613
170	30	7	1.7245082
170	501	8	1.6532502
170	860	9	1.6234832
170	826	10	1.6091293
739	369	1	1.9960965
739	0	2	1.9278436
739	732	3	1.8167892
739	24	4	1.8094895
739	258	5	1.636954
739	791	6	1.6340438
739	243	7	1.6325732
739	352	8	1.5747893
739	599	9	1.5649889
739	1701	10	1.5588355
758	224	1	1.5613647
758	84	2	1.4546211
758	108	3	1.4421638
758	599	4	1.3966384
758	351	5	1.3660593
758	215	6	1.3285868
758	43	7	1.3235825
758	191	8	1.3057191
758	24	9	1.2931001
758	732	10	1.2437713
715	1023	1	1.2961682
715	1431	2	1.2093008
715	463	3	1.0202951
715	760	4	0.9972378
715	1018	5	0.90186095
715	29	6	0.6073798
715	1446	7	0.5941574
715	213	8	0.55832756
715	1694	9	0.55420834
715	1856	10	0.53942573
681	30	1	2.2329788
681	843	2	1.9727466
681	185	3	1.894678
681	204	4	1.7480606
681	19	5	1.6944461
681	49	6	1.682532
681	2110	7	1.6800723
681	2108	8	1.6714199
681	456	9	1.6705896
681	224	10	1.6686987
858	258	1	3.4925728
858	0	2	3.374374
858	201	3	3.333243
858	3073	4	3.2359648
858	40	5	2.9675665
858	47	6	2.948662
858	3797	7	2.8968747
858	3072	8	2.8860714
858	243	9	2.8757682
858	3074	10	2.78778
935	180	1	0.67798805
935	1116	2	0.6595083
935	3429	3	0.50867504
935	1150	4	0.4515879
935	1251	5	0.43273765
935	3735	6	0.43097565
935	253	7	0.40513748
935	482	8	0.39156953
935	123	9	0.3824532
935	1152	10	0.36310542
709	682	1	1.1448188
709	654	2	0.9981743
709	3338	3	0.9249424
709	538	4	0.8886221
709	141	5	0.88555723
709	411	6	0.87547296
709	143	7	0.83532596
709	196	8	0.8265495
709	1122	9	0.7566555
709	101	10	0.74882805
378	231	1	1.2940632
378	168	2	1.2939292
378	73	3	1.1820378
378	40	4	1.1434281
378	19	5	1.1281999
378	3929	6	1.1153091
378	320	7	1.1115288
378	258	8	1.0943341
378	864	9	1.0849032
378	47	10	1.0789087
602	3073	1	2.95643
602	3072	2	2.7802277
602	238	3	2.7630193
602	3074	4	2.6018877
602	258	5	2.5326958
602	11	6	2.5305662
602	3075	7	2.4633837
602	201	8	2.4368434
602	47	9	2.3203416
602	431	10	2.2185566
34	2108	1	2.440773
34	19	2	2.4088392
34	479	3	2.2551131
34	2110	4	2.2544498
34	152	5	2.2466617
34	30	6	2.1835477
34	224	7	2.1739001
34	213	8	2.1475115
34	43	9	2.1230438
34	1129	10	2.1081223
707	1011	1	1.0695333
707	370	2	1.0067723
707	391	3	0.9822228
707	318	4	0.9694464
707	1484	5	0.92493427
707	352	6	0.8890048
707	1263	7	0.8798928
707	221	8	0.8642275
707	278	9	0.83546954
707	39	10	0.8321203
469	995	1	1.5001342
469	1595	2	1.2672665
469	467	3	1.2177918
469	3351	4	1.1356567
469	3882	5	1.1143255
469	1397	6	1.083158
469	425	7	0.998577
469	1012	8	0.94615746
469	2484	9	0.9413574
469	632	10	0.87576866
732	555	1	1.3903419
732	977	2	1.3577437
732	321	3	1.3190639
732	857	4	1.3188179
732	1333	5	1.3043983
732	549	6	1.2921952
732	515	7	1.2865373
732	227	8	1.2715507
732	1215	9	1.2436913
732	303	10	1.2433585
574	244	1	1.20259
574	278	2	1.1273749
574	951	3	1.0611908
574	1449	4	1.0564144
574	515	5	1.0450245
574	1263	6	1.0349094
574	326	7	1.0236664
574	4608	8	0.9455081
574	1161	9	0.93944156
574	227	10	0.89655805
476	149	1	1.0818465
476	895	2	1.0472941
476	467	3	0.60883445
476	597	4	0.6021161
476	2108	5	0.5802207
476	1449	6	0.5565276
476	2110	7	0.53916264
476	459	8	0.534211
476	1714	9	0.5227022
476	728	10	0.52215767
471	456	1	2.5387216
471	2110	2	2.3569388
471	597	3	2.307735
471	2108	4	2.2899027
471	2125	5	1.9549016
471	4016	6	1.9415
471	197	7	1.9168422
471	210	8	1.9148855
471	200	9	1.8987888
471	3430	10	1.8530793
130	4021	1	1.1135743
130	4017	2	1.1071572
130	224	3	1.0922894
130	4020	4	1.0495404
130	1133	5	1.0466955
130	30	6	0.9867245
130	351	7	0.96940714
130	79	8	0.9592468
130	1531	9	0.92309785
130	1208	10	0.9204531
916	63	1	1.8460085
916	0	2	1.8093764
916	3797	3	1.8033051
916	258	4	1.7403228
916	201	5	1.7214646
916	29	6	1.7159848
916	622	7	1.6419047
916	43	8	1.6262283
916	62	9	1.6205513
916	320	10	1.6011124
892	843	1	1.7015574
892	30	2	1.6457852
892	860	3	1.5884953
892	3430	4	1.5167124
892	34	5	1.4848704
892	597	6	1.4780257
892	479	7	1.4152117
892	1132	8	1.4017271
892	196	9	1.3906944
892	790	10	1.3703783
713	0	1	2.641869
713	72	2	2.4325027
713	185	3	2.4218268
713	215	4	2.397183
713	258	5	2.3934002
713	937	6	2.345512
713	352	7	2.2801266
713	213	8	2.2653112
713	622	9	2.1485121
713	50	10	2.1364603
624	84	1	3.3376641
624	224	2	3.1535006
624	43	3	3.1229138
624	213	4	2.9787326
624	599	5	2.9330688
624	258	6	2.871294
624	0	7	2.8087015
624	728	8	2.6716437
624	1058	9	2.6635797
624	40	10	2.6524885
701	94	1	1.7151383
701	687	2	1.5813872
701	823	3	1.1761506
701	1399	4	1.142539
701	934	5	1.1049972
701	161	6	1.0729163
701	405	7	1.0638922
701	102	8	1.0502803
701	1876	9	1.018466
701	1398	10	0.9902376
877	2110	1	1.6423436
877	2108	2	1.5987463
877	210	3	1.5863373
877	4029	4	1.3359838
877	4017	5	1.2946637
877	843	6	1.2781903
877	77	7	1.2675862
877	2800	8	1.2539047
877	168	9	1.2527136
877	30	10	1.2387097
111	318	1	2.0285668
111	1484	2	1.7632818
111	391	3	1.700014
111	184	4	1.6512344
111	352	5	1.6504786
111	1193	6	1.5193474
111	2739	7	1.4663415
111	221	8	1.3710356
111	370	9	1.2723383
111	864	10	1.1928668
531	318	1	1.6595663
531	39	2	1.3370619
531	184	3	1.2978625
531	352	4	1.2622843
531	1193	5	1.1381464
531	2739	6	1.1271822
531	1745	7	1.0469798
531	864	8	0.9789338
531	2065	9	0.9406107
531	1011	10	0.9276284
172	753	1	1.9649829
172	3430	2	1.2149504
172	145	3	1.1777673
172	2319	4	1.1531236
172	109	5	1.1474929
172	2145	6	1.1287292
172	139	7	1.104327
172	143	8	1.0570424
172	843	9	1.0527501
172	886	10	1.0515193
488	599	1	3.0747128
488	84	2	2.801303
488	258	3	2.7456694
488	19	4	2.7298422
488	40	5	2.7237759
488	243	6	2.6083095
488	848	7	2.4739335
488	3718	8	2.4684553
488	728	9	2.4663382
488	485	10	2.462443
137	1263	1	0.90132225
137	1317	2	0.87525386
137	1011	3	0.8162786
137	833	4	0.803725
137	3154	5	0.7669313
137	4608	6	0.76630783
137	3583	7	0.7584649
137	1067	8	0.75788516
137	1186	9	0.7534811
137	671	10	0.7419834
157	549	1	2.0952039
157	185	2	1.945945
157	84	3	1.9264711
157	224	4	1.66349
157	62	5	1.6291513
157	352	6	1.621156
157	1333	7	1.5645068
157	728	8	1.5602283
157	369	9	1.5592563
157	985	10	1.5225393
666	417	1	2.161685
666	1534	2	1.8734765
666	2668	3	1.7238716
666	1533	4	1.7215334
666	1531	5	1.56795
666	3796	6	1.4509128
666	3228	7	1.4329743
666	812	8	1.3964932
666	1484	9	1.3663297
666	2591	10	1.3527985
769	258	1	4.8664713
769	238	2	4.807078
769	3073	3	4.4684143
769	333	4	4.269452
769	201	5	4.25542
769	3072	6	4.1445155
769	3075	7	3.9326897
769	1925	8	3.882291
769	3074	9	3.8279262
769	982	10	3.5829797
748	206	1	0.5769082
748	1701	2	0.4839257
748	24	3	0.4686967
748	29	4	0.42423302
748	2043	5	0.414647
748	529	6	0.403503
748	2451	7	0.39738697
748	2432	8	0.3876632
748	1107	9	0.38644192
748	1449	10	0.384685
654	252	1	2.4410515
654	268	2	2.3179493
654	1948	3	2.231526
654	398	4	2.0345712
654	997	5	1.9934812
654	14	6	1.8776398
654	529	7	1.8644506
654	3501	8	1.8608668
654	40	9	1.8295197
654	1522	10	1.7932659
607	109	1	2.1988316
607	2110	2	2.0567143
607	3430	3	2.036683
607	2108	4	1.9531175
607	4017	5	1.9291958
607	4029	6	1.7055075
607	4020	7	1.6943749
607	672	8	1.5953498
607	843	9	1.5951499
607	77	10	1.5905459
809	11	1	1.4694009
809	0	2	1.4479796
809	492	3	1.4274335
809	791	4	1.3247228
809	238	5	1.3060708
809	258	6	1.2959932
809	19	7	1.2521129
809	1817	8	1.1606266
809	2338	9	1.1545947
809	431	10	1.1504868
565	84	1	2.1309228
565	475	2	1.8783983
565	515	3	1.8216112
565	219	4	1.7279892
565	109	5	1.6688815
565	391	6	1.6603904
565	3718	7	1.5858791
565	599	8	1.5858054
565	728	9	1.3981386
565	790	10	1.3708109
403	40	1	3.4012427
403	24	2	3.3161755
403	495	3	3.107596
403	1701	4	2.7931192
403	3501	5	2.6795993
403	0	6	2.659642
403	258	7	2.6031532
403	46	8	2.5994496
403	686	9	2.553745
403	243	10	2.5278692
849	3430	1	2.282703
849	210	2	2.2587717
849	4029	3	2.1199183
849	597	4	2.1152945
849	4017	5	2.0104666
849	109	6	1.9768546
849	30	7	1.9656667
849	168	8	1.9644845
849	604	9	1.9538434
849	843	10	1.9474938
107	196	1	2.184204
107	30	2	1.984791
107	2108	3	1.9789714
107	2110	4	1.8910083
107	19	5	1.8691742
107	654	6	1.6531473
107	53	7	1.643752
107	3072	8	1.6356102
107	843	9	1.604782
107	2394	10	1.5697672
914	19	1	2.0900173
914	196	2	1.7736511
914	372	3	1.6952304
914	3074	4	1.6192995
914	82	5	1.5790887
914	40	6	1.5754366
914	3073	7	1.5732409
914	3072	8	1.5651622
914	2110	9	1.5063244
914	843	10	1.5013144
286	196	1	0.8884622
286	660	2	0.8762853
286	82	3	0.85019356
286	1484	4	0.8458739
286	2108	5	0.84020686
286	123	6	0.81238496
286	2110	7	0.75096476
286	318	8	0.74859244
286	901	9	0.67652726
286	39	10	0.6279013
310	1133	1	1.6675931
310	1531	2	1.1714036
310	3016	3	1.127419
310	367	4	1.0903013
310	1534	5	1.075856
310	3462	6	1.0269433
310	1033	7	0.95931756
310	37	8	0.9379353
310	2400	9	0.9328702
310	3983	10	0.9010406
383	19	1	2.5505865
383	243	2	2.3159022
383	732	3	2.2284427
383	238	4	2.2170868
383	791	5	2.2041688
383	599	6	2.140855
383	11	7	2.129507
383	3020	8	2.1149814
383	7	9	2.0825472
383	369	10	2.0511606
12	19	1	4.128104
12	3073	2	3.2349691
12	11	3	3.1906805
12	243	4	2.9870307
12	238	5	2.9781766
12	196	6	2.9219503
12	3072	7	2.9025793
12	1925	8	2.8634005
12	3075	9	2.720703
12	201	10	2.7113285
867	501	1	2.1671848
867	4017	2	2.0275655
867	3430	3	2.0099862
867	210	4	1.9574478
867	271	5	1.9414816
867	843	6	1.79018
867	4020	7	1.7867148
867	270	8	1.7816148
867	30	9	1.7799636
867	1854	10	1.7730974
386	224	1	1.4260638
386	84	2	1.4034811
386	728	3	1.3612356
386	599	4	1.35184
386	149	5	1.3333778
386	372	6	1.2730352
386	895	7	1.2523358
386	219	8	1.245175
386	311	9	1.2091129
386	227	10	1.2067349
822	30	1	1.5469697
822	843	2	1.3908464
822	176	3	1.1366795
822	2550	4	1.1161029
822	538	5	1.0944335
822	896	6	1.0778222
822	149	7	1.075309
822	456	8	1.0710187
822	219	9	1.0708967
822	1083	10	1.034268
623	1854	1	2.1700866
623	3090	2	2.0710826
623	3430	3	2.0550508
623	210	4	2.0344229
623	702	5	2.0244951
623	4017	6	2.0100899
623	501	7	1.8967217
623	4020	8	1.8605843
623	109	9	1.8278956
623	77	10	1.7421165
191	351	1	1.9702451
191	219	2	1.9230442
191	631	3	1.8875415
191	224	4	1.8398018
191	84	5	1.6748722
191	372	6	1.6154325
191	488	7	1.4820635
191	152	8	1.4559765
191	43	9	1.4418156
191	149	10	1.4222322
684	200	1	1.9292848
684	3795	2	1.8620566
684	3072	3	1.7127976
684	3073	4	1.6258407
684	706	5	1.5951985
684	3075	6	1.5104094
684	3074	7	1.4502835
684	2656	8	1.4353521
684	995	9	1.4039491
684	2484	10	1.4025983
884	789	1	1.0242006
884	145	2	0.9613718
884	1649	3	0.92063534
884	1921	4	0.8167236
884	1313	5	0.7756165
884	139	6	0.7337562
884	3075	7	0.70178723
884	391	8	0.6989228
884	3073	9	0.6837116
884	3072	10	0.6599407
321	19	1	3.250997
321	238	2	2.901885
321	47	3	2.6194723
321	11	4	2.6082041
321	82	5	2.4963503
321	3073	6	2.4854393
321	622	7	2.3550494
321	454	8	2.336371
321	43	9	2.327569
321	215	10	2.311965
656	210	1	1.8716284
656	3430	2	1.7857529
656	196	3	1.7808232
656	296	4	1.7080969
656	19	5	1.6893334
656	3073	6	1.6786436
656	4029	7	1.6038346
656	168	8	1.5665001
656	4017	9	1.563747
656	672	10	1.5528543
845	3718	1	1.9708583
845	243	2	1.8311913
845	24	3	1.7442878
845	614	4	1.6922297
845	686	5	1.6915494
845	905	6	1.6197989
845	19	7	1.5529981
845	0	8	1.5109637
845	495	9	1.4800639
845	11	10	1.4479351
499	19	1	3.0780182
499	0	2	2.8810658
499	3073	3	2.6108217
499	258	4	2.480907
499	11	5	2.458631
499	3072	6	2.2079468
499	3075	7	2.1850488
499	47	8	2.1799684
499	1368	9	2.1740336
499	3074	10	2.1275892
477	0	1	2.793551
477	258	2	2.7279792
477	238	3	2.2215734
477	243	4	2.1924992
477	454	5	1.9464521
477	1925	6	1.9207523
477	24	7	1.9107136
477	11	8	1.8914938
477	201	9	1.8811805
477	3073	10	1.8602681
211	2069	1	1.1169022
211	2615	2	0.7036952
211	70	3	0.67061484
211	1685	4	0.6546678
211	622	5	0.65350145
211	62	6	0.63583976
211	58	7	0.6313238
211	387	8	0.6035464
211	2043	9	0.5988767
211	1359	10	0.59812653
611	1321	1	1.5031135
611	1112	2	1.4180887
611	275	3	1.288317
611	3012	4	1.2489836
611	635	5	1.2247251
611	1313	6	1.2110977
611	911	7	1.2070607
611	1469	8	1.1293609
611	227	9	1.1188059
611	29	10	1.0913885
238	595	1	0.92374915
238	370	2	0.81868243
238	2367	3	0.6586698
238	4546	4	0.41202185
238	4083	5	0.33569157
238	2734	6	0.32646912
238	3117	7	0.31896234
238	29	8	0.30962992
238	277	9	0.30742067
238	1254	10	0.30287588
91	19	1	2.476546
91	82	2	2.0896711
91	11	3	2.0137136
91	238	4	1.9979793
91	0	5	1.9289023
91	243	6	1.8914706
91	43	7	1.8685532
91	204	8	1.84638
91	732	9	1.8310242
91	258	10	1.8255308
358	1484	1	2.3032827
358	369	2	1.9027475
358	3073	3	1.9014156
358	258	4	1.8662008
358	43	5	1.8647577
358	326	6	1.8230813
358	227	7	1.8031596
358	11	8	1.7446511
358	19	9	1.7336994
358	221	10	1.719239
622	1406	1	1.3979342
622	635	2	1.2989664
622	43	3	0.8755282
622	216	4	0.8229118
622	311	5	0.8200782
622	823	6	0.8178721
622	351	7	0.8158966
622	224	8	0.80955434
622	320	9	0.8069567
622	732	10	0.7917192
280	2978	1	0.37083387
280	3583	2	0.35839087
280	829	3	0.33794507
280	25	4	0.33348075
280	1541	5	0.31683487
280	1435	6	0.31090194
280	1239	7	0.31010497
280	2559	8	0.30836156
280	4944	9	0.3027239
280	3736	10	0.30125475
320	168	1	1.1178008
320	2149	2	0.92336
320	504	3	0.9220428
320	1256	4	0.92085713
320	3150	5	0.8777079
320	611	6	0.8695644
320	1155	7	0.86648905
320	320	8	0.8634787
320	613	9	0.85513365
320	79	10	0.8464044
68	2319	1	0.7966192
68	753	2	0.75121844
68	210	3	0.7189137
68	2383	4	0.7163496
68	2145	5	0.7103158
68	2326	6	0.6166092
68	2394	7	0.54991674
68	3529	8	0.53209066
68	3060	9	0.46969315
68	290	10	0.4474976
596	4745	1	0.6536759
596	1207	2	0.60100365
596	1378	3	0.5703348
596	1501	4	0.5605714
596	201	5	0.54819703
596	4118	6	0.50845194
596	63	7	0.47891274
596	3781	8	0.47663355
596	333	9	0.457763
596	1321	10	0.4537757
495	43	1	1.7152467
495	0	2	1.5858654
495	215	3	1.5831244
495	631	4	1.5429035
495	311	5	1.5285254
495	84	6	1.5102192
495	213	7	1.5042474
495	227	8	1.4538499
495	920	9	1.4242892
495	351	10	1.4213768
181	4017	1	1.8985168
181	4021	2	1.8679639
181	3430	3	1.8144966
181	4020	4	1.6965888
181	139	5	1.6753237
181	53	6	1.6551812
181	258	7	1.5591812
181	19	8	1.5091263
181	227	9	1.4342225
181	134	10	1.409281
178	3929	1	0.8881471
178	219	2	0.865662
178	231	3	0.8143444
178	728	4	0.80289733
178	224	5	0.80217296
178	821	6	0.7380259
178	9	7	0.7354959
178	84	8	0.72198534
178	278	9	0.72122765
178	895	10	0.710627
831	391	1	1.7151611
831	98	2	1.5886376
831	911	3	1.381258
831	635	4	1.3593248
831	63	5	1.348283
831	28	6	1.3173159
831	3797	7	1.3133023
831	224	8	1.2846942
831	1321	9	1.2593347
831	320	10	1.2543409
379	1223	1	0.43407428
379	1360	2	0.3712957
379	562	3	0.34933305
379	2183	4	0.3446319
379	3795	5	0.3422941
379	1867	6	0.3398278
379	384	7	0.3328228
379	917	8	0.33035994
379	2943	9	0.32730818
379	600	10	0.32691067
489	3430	1	1.5442472
489	3086	2	1.4844384
489	702	3	1.4315195
489	501	4	1.401655
489	3085	5	1.3433495
489	4017	6	1.342675
489	962	7	1.301854
489	2390	8	1.2891221
489	4020	9	1.2802911
489	839	10	1.2560155
35	148	1	1.3212461
35	147	2	1.213414
35	135	3	1.1746991
35	161	4	1.1438452
35	3090	5	0.9140837
35	3718	6	0.871925
35	2089	7	0.86873895
35	2110	8	0.8665682
35	1814	9	0.84835315
35	1139	10	0.84306455
369	82	1	2.664866
369	19	2	2.6453805
369	238	3	1.9635733
369	258	4	1.9438269
369	3073	5	1.9061754
369	0	6	1.8755265
369	11	7	1.8659581
369	196	8	1.8562628
369	81	9	1.8112681
369	3072	10	1.7196921
484	367	1	1.4972987
484	889	2	1.4649059
484	3016	3	1.3750476
484	671	4	1.2780162
484	3342	5	1.2699255
484	602	6	1.2171168
484	559	7	1.0541091
484	479	8	1.0007167
484	939	9	0.9207475
484	654	10	0.9195353
5	3430	1	1.5430815
5	4020	2	1.3981485
5	4021	3	1.396588
5	2110	4	1.221128
5	168	5	1.1767788
5	2800	6	1.0892715
5	2108	7	1.0684226
5	1139	8	1.0530311
5	860	9	1.0233731
5	1983	10	0.9814328
652	1083	1	1.0602229
652	4029	2	1.0057566
652	2110	3	0.99574524
652	843	4	0.96687424
652	351	5	0.95236045
652	860	6	0.94733363
652	456	7	0.938234
652	30	8	0.93595064
652	2108	9	0.9025122
652	672	10	0.86739504
537	732	1	2.1197882
537	19	2	2.0729847
537	1701	3	2.057798
537	0	4	2.036374
537	539	5	2.0255089
537	258	6	1.9640154
537	213	7	1.8842835
537	40	8	1.8792298
537	599	9	1.8323168
537	3797	10	1.8301727
725	2031	1	1.1024919
725	40	2	1.017935
725	997	3	0.95888114
725	3501	4	0.94886255
725	1650	5	0.8347412
725	268	6	0.83212775
725	252	7	0.832036
725	2260	8	0.8226242
725	529	9	0.8031437
725	398	10	0.75226927
814	1170	1	1.0238247
814	4020	2	0.87521577
814	486	3	0.87435764
814	4017	4	0.86774635
814	1285	5	0.77619386
814	4083	6	0.76775134
814	4021	7	0.76342905
814	540	8	0.71459866
814	3157	9	0.7132257
814	3430	10	0.6972449
578	244	1	1.5270684
578	463	2	1.5142834
578	1431	3	1.4012959
578	3797	4	1.2066255
578	760	5	1.2032233
578	351	6	1.1596656
578	320	7	1.0860579
578	43	8	1.0603927
578	732	9	1.0335226
578	599	10	1.0199404
871	42	1	1.2975695
871	224	2	0.82925045
871	1263	3	0.7958435
871	278	4	0.78968763
871	1011	5	0.660918
871	393	6	0.6567141
871	728	7	0.64991134
871	985	8	0.6229445
871	843	9	0.6066634
871	514	10	0.5796821
422	19	1	1.6092687
422	905	2	1.3123553
422	218	3	1.2735395
422	3073	4	1.2617885
422	1313	5	1.1792866
422	238	6	1.1546682
422	3075	7	1.1523356
422	82	8	1.1445332
422	0	9	1.1271245
422	1341	10	1.1121151
29	864	1	1.5145173
29	79	2	1.2973503
29	1066	3	1.0450385
29	821	4	1.01461
29	539	5	0.9883119
29	352	6	0.98222995
29	780	7	0.95254326
29	2000	8	0.91007257
29	2301	9	0.8785243
29	913	10	0.87346995
912	3929	1	1.0986173
912	224	2	0.91192555
912	372	3	0.89265335
912	219	4	0.8802714
912	320	5	0.8274081
912	84	6	0.8145323
912	631	7	0.79837
912	351	8	0.7668569
912	3501	9	0.75025094
912	1451	10	0.7278609
406	3090	1	1.885604
406	1854	2	1.858861
406	501	3	1.8039693
406	702	4	1.7928042
406	3086	5	1.7842238
406	735	6	1.7281263
406	270	7	1.6237042
406	3430	8	1.6154392
406	3085	9	1.6143372
406	2390	10	1.5967157
547	4276	1	1.1099899
547	447	2	1.0804992
547	1132	3	0.999391
547	672	4	0.9762459
547	1910	5	0.91180027
547	2440	6	0.8171941
547	77	7	0.7702204
547	33	8	0.76657623
547	1933	9	0.7515743
547	843	10	0.7481767
409	258	1	1.5826743
409	631	2	1.4576073
409	224	3	1.4392655
409	0	4	1.4033494
409	216	5	1.3833679
409	19	6	1.3679332
409	152	7	1.3632619
409	351	8	1.3585775
409	219	9	1.3446181
409	688	10	1.3433179
319	168	1	1.7086809
319	2108	2	1.6737682
319	2110	3	1.6577394
319	3781	4	1.6496935
319	351	5	1.6148653
319	614	6	1.4534228
319	1195	7	1.4438912
319	874	8	1.4244893
319	320	9	1.4120009
319	42	10	1.392186
511	1074	1	0.28557175
511	3013	2	0.28008172
511	4276	3	0.26087087
511	3667	4	0.2556541
511	1252	5	0.25549996
511	3992	6	0.25100237
511	1297	7	0.2507522
511	784	8	0.24977867
511	2696	9	0.24974942
511	404	10	0.24868065
536	320	1	2.3798022
536	43	2	2.2632806
536	258	3	2.0778847
536	599	4	1.983864
536	243	5	1.938407
536	224	6	1.9034433
536	19	7	1.8205984
536	238	8	1.814418
536	311	9	1.8039639
536	213	10	1.7930597
925	1133	1	1.3807887
925	1137	2	1.20381
925	1534	3	1.111526
925	1531	4	1.057659
925	3016	5	0.97903603
925	3342	6	0.857933
925	2560	7	0.8497623
925	1060	8	0.83315206
925	1195	9	0.79720235
925	367	10	0.7821412
69	654	1	0.8967603
69	1342	2	0.83706427
69	1161	3	0.83085203
69	1714	4	0.8131232
69	2014	5	0.8080719
69	790	6	0.78684103
69	337	7	0.7758373
69	1256	8	0.7721224
69	1071	9	0.7146515
69	944	10	0.6803263
690	224	1	2.4557085
690	352	2	2.4497426
690	79	3	2.3945627
690	864	4	2.2708774
690	599	5	2.2017274
690	43	6	2.0597444
690	24	7	2.0451937
690	84	8	1.9978967
690	185	9	1.9876428
690	0	10	1.913728
341	780	1	1.7654324
341	1180	2	1.6083641
341	545	3	1.2556596
341	277	4	1.2486162
341	384	5	1.1849163
341	3718	6	1.1802733
341	3797	7	1.1600397
341	2054	8	1.1556194
341	4232	9	1.0967039
341	351	10	1.0874044
186	4020	1	2.6904922
186	4021	2	2.6093888
186	3430	3	2.4487176
186	1854	4	2.3616302
186	702	5	2.272644
186	2390	6	2.1897826
186	501	7	2.1631136
186	553	8	2.0411212
186	270	9	2.0241425
186	735	10	1.9945308
140	351	1	2.1642394
140	195	2	1.9561546
140	515	3	1.4810529
140	321	4	1.4064478
140	1818	5	1.394467
140	1121	6	1.3893977
140	1787	7	1.316382
140	1426	8	1.2334969
140	555	9	1.2284261
140	979	10	1.2118189
101	352	1	0.7663665
101	2440	2	0.5409137
101	3631	3	0.5345631
101	1406	4	0.47940347
101	1011	5	0.4706358
101	2069	6	0.46475825
101	1134	7	0.46249774
101	821	8	0.45146856
101	28	9	0.43163663
101	1060	10	0.40501612
70	258	1	2.5230217
70	53	2	2.3124552
70	19	3	2.2971435
70	311	4	2.1964211
70	0	5	2.1800747
70	224	6	2.079955
70	42	7	2.0228453
70	108	8	1.9616194
70	369	9	1.911914
70	201	10	1.9023811
662	732	1	2.471603
662	320	2	2.4007757
662	1058	3	2.2397013
662	599	4	2.0975
662	243	5	2.081668
662	351	6	2.0650911
662	258	7	2.057613
662	40	8	1.9997398
662	510	9	1.9787409
662	0	10	1.9763193
100	20	1	0.70719194
100	367	2	0.58275723
100	554	3	0.5690878
100	1534	4	0.54790616
100	2215	5	0.49837136
100	470	6	0.49679697
100	75	7	0.4609207
100	152	8	0.4519371
100	1116	9	0.43522373
100	993	10	0.43428326
926	352	1	0.8365287
926	2825	2	0.7415382
926	1701	3	0.732245
926	224	4	0.67049813
926	248	5	0.6650523
926	84	6	0.61040485
926	1946	7	0.60788316
926	821	8	0.6011488
926	2005	9	0.5991794
926	79	10	0.57395965
442	489	1	1.1650271
442	1277	2	1.1112692
442	77	3	1.090754
442	1854	4	0.9975422
442	3430	5	0.98988664
442	1919	6	0.9246938
442	456	7	0.9121166
442	672	8	0.86196816
442	1648	9	0.823945
442	843	10	0.8132118
785	599	1	2.5086834
785	219	2	2.4157572
785	43	3	2.4152904
785	631	4	2.4075372
785	320	5	2.351862
785	351	6	2.3073826
785	19	7	2.2623749
785	372	8	2.168314
785	238	9	2.0835261
785	30	10	2.057052
919	635	1	1.2553992
919	936	2	1.1655968
919	28	3	1.1532947
919	439	4	1.0954158
919	1657	5	0.90652835
919	2440	6	0.8216938
919	1388	7	0.65498185
919	216	8	0.6528642
919	1399	9	0.6467757
919	62	10	0.56229264
697	152	1	1.4601603
697	337	2	1.3512738
697	1133	3	1.340946
697	1521	4	1.2961564
697	631	5	1.2830462
697	404	6	1.1947552
697	62	7	1.1393965
697	889	8	1.0850474
697	3292	9	1.0416491
697	2046	10	0.98625505
237	43	1	1.1985261
237	219	2	1.1511873
237	47	3	1.1227431
237	322	4	1.1221485
237	3797	5	1.1124144
237	11	6	1.0987828
237	206	7	1.0651081
237	631	8	1.0480549
237	372	9	1.0368502
237	19	10	1.0004195
682	352	1	1.9361609
682	2305	2	1.6267782
682	1821	3	1.5767008
682	3145	4	1.5039823
682	1345	5	1.3526148
682	2307	6	1.3435762
682	1440	7	1.2834014
682	607	8	1.2638487
682	417	9	1.171881
682	2293	10	1.1403017
316	224	1	2.6689508
316	821	2	2.4038253
316	84	3	2.1808145
316	631	4	2.146528
316	1451	5	2.1414866
316	320	6	2.0241184
316	788	7	1.9363635
316	1162	8	1.9267641
316	1572	9	1.9232793
316	213	10	1.8458148
580	3072	1	2.1659906
580	3073	2	2.1367195
580	82	3	2.0408592
580	3074	4	2.0331378
580	3075	5	1.9930967
580	11	6	1.8544279
580	333	7	1.739922
580	238	8	1.7280974
580	1925	9	1.6282555
580	201	10	1.610862
937	843	1	2.6553023
937	3430	2	2.3486433
937	456	3	2.3208275
937	2550	4	2.1848383
937	1926	5	1.9163702
937	210	6	1.9073548
937	702	7	1.8175988
937	501	8	1.808655
937	197	9	1.7803619
937	2110	10	1.7473543
519	0	1	0.7630746
519	11	2	0.75315684
519	43	3	0.75271493
519	238	4	0.6942363
519	40	5	0.692779
519	19	6	0.6866501
519	258	7	0.6745549
519	492	8	0.67075324
519	320	9	0.6685748
519	920	10	0.6658869
401	82	1	1.5179312
401	19	2	1.5021138
401	1962	3	1.4394894
401	43	4	1.4256496
401	258	5	1.4049573
401	3931	6	1.4031094
401	219	7	1.3809277
401	0	8	1.3351312
401	238	9	1.310884
401	40	10	1.2350426
173	843	1	2.1375089
173	30	2	1.4966602
173	252	3	1.4057637
173	2125	4	1.34958
173	597	5	1.3317919
173	40	6	1.3052846
173	3430	7	1.2897763
173	672	8	1.2541175
173	2031	9	1.2364869
173	168	10	1.2002335
597	1533	1	1.6562257
597	1534	2	1.4696884
597	3796	3	1.3789909
597	1531	4	1.2410061
597	2400	5	1.2350545
597	978	6	1.1479795
597	1134	7	1.1297462
597	1084	8	1.0755882
597	2577	9	1.0636468
597	417	10	1.0300963
324	224	1	2.4407792
324	351	2	2.411292
324	43	3	2.3900332
324	219	4	2.2555299
324	821	5	2.252542
324	84	6	2.1600814
324	320	7	2.1385264
324	30	8	2.0923991
324	108	9	2.0169618
324	213	10	1.9632561
896	936	1	2.1793337
896	1406	2	2.139272
896	53	3	1.4139365
896	200	4	1.356634
896	216	5	1.3092887
896	4017	6	1.2611268
896	4016	7	1.2587967
896	224	8	1.2356083
896	4020	9	1.2256957
896	3430	10	1.2136369
661	185	1	1.3341713
661	1134	2	1.2505755
661	515	3	1.1985354
661	227	4	1.1012776
661	370	5	1.079262
661	184	6	1.0777643
661	1194	7	0.9718907
661	979	8	0.93782514
661	549	9	0.9056444
661	1137	10	0.90253526
610	283	1	0.75226605
610	3337	2	0.7038599
610	3466	3	0.598148
610	2896	4	0.492922
610	2689	5	0.48966855
610	1625	6	0.44845784
610	1058	7	0.44139963
610	320	8	0.4349985
610	31	9	0.4209512
610	1774	10	0.4174634
760	19	1	2.3972895
760	3073	2	1.9328187
760	238	3	1.9327265
760	333	4	1.9169619
760	3072	5	1.87509
760	3074	6	1.8142473
760	0	7	1.8058778
760	258	8	1.7908814
760	3075	9	1.738872
760	11	10	1.727891
461	1313	1	0.9964121
461	475	2	0.8033391
461	1102	3	0.75334924
461	874	4	0.7341567
461	802	5	0.7172711
461	667	6	0.69127643
461	1186	7	0.67689365
461	1263	8	0.5926829
461	3183	9	0.56763816
461	911	10	0.54359496
258	431	1	1.2484002
258	206	2	1.0189059
258	1757	3	0.9633436
258	1506	4	0.95641065
258	3484	5	0.93853503
258	430	6	0.92456603
258	70	7	0.910959
258	19	8	0.89360064
258	2482	9	0.884866
258	277	10	0.86371243
516	19	1	2.0086794
516	196	2	1.9293677
516	351	3	1.9244554
516	732	4	1.7068725
516	243	5	1.6339451
516	40	6	1.628228
516	1410	7	1.6188645
516	504	8	1.5956559
516	3929	9	1.5733166
516	224	10	1.5543027
198	2004	1	1.2192094
198	196	2	1.169253
198	1556	3	1.135631
198	2292	4	1.0669076
198	3870	5	1.0140069
198	654	6	0.99398285
198	32	7	0.95021117
198	1859	8	0.91812915
198	49	9	0.89462686
198	2088	10	0.85235554
374	227	1	1.1649679
374	321	2	0.9429756
374	1333	3	0.8709858
374	1211	4	0.81642556
374	1426	5	0.7924828
374	857	6	0.78970003
374	1215	7	0.75668466
374	555	8	0.75578487
374	549	9	0.7466978
374	1236	10	0.69990104
549	3430	1	2.244422
549	210	2	1.9283915
549	4017	3	1.9267415
549	4020	4	1.8517823
549	4021	5	1.6870147
549	2110	6	1.6808171
549	1854	7	1.6623449
549	753	8	1.5861119
549	77	9	1.5807179
549	2108	10	1.5728172
631	19	1	1.744808
631	3073	2	1.712089
631	11	3	1.6829098
631	3072	4	1.522476
631	0	5	1.5121951
631	3075	6	1.4788404
631	82	7	1.4748337
631	3074	8	1.3879876
631	1368	9	1.3563243
631	81	10	1.3315845
11	30	1	0.99412346
11	224	2	0.76573104
11	0	3	0.7600719
11	84	4	0.75763893
11	219	5	0.7448145
11	25	6	0.69054615
11	351	7	0.67674613
11	391	8	0.6767311
11	311	9	0.66424257
11	320	10	0.66380847
448	79	1	2.6082656
448	864	2	2.1818814
448	1484	3	1.8612111
448	1011	4	1.8378404
448	391	5	1.7950826
448	42	6	1.6991723
448	821	7	1.6496239
448	39	8	1.6391325
448	244	9	1.6295906
448	370	10	1.5495791
53	4017	1	4.22196
53	501	2	3.60526
53	2390	3	3.5573182
53	210	4	3.2851431
53	753	5	3.2161183
53	717	6	3.203074
53	270	7	3.1886082
53	735	8	2.9580123
53	944	9	2.9277625
53	109	10	2.9185529
928	204	1	2.2066226
928	47	2	2.0577192
928	3073	3	2.0333996
928	82	4	1.9935704
928	238	5	1.9230039
928	11	6	1.9211775
928	3072	7	1.8392531
928	258	8	1.820109
928	3074	9	1.8172035
928	1408	10	1.8126693
331	19	1	1.3743036
331	0	2	1.2937872
331	351	3	1.269862
331	3718	4	1.2435168
331	258	5	1.2269511
331	3020	6	1.193773
331	614	7	1.1291846
331	24	8	1.1236186
331	252	9	1.1060913
331	201	10	1.0882845
149	2108	1	1.8852164
149	597	2	1.8261259
149	2110	3	1.7774751
149	3430	4	1.6982958
149	860	5	1.6916648
149	30	6	1.5424111
149	351	7	1.5263462
149	1983	8	1.5176888
149	224	9	1.459187
149	168	10	1.4557478
103	549	1	1.7309163
103	321	2	1.6744347
103	555	3	1.5783783
103	515	4	1.5563323
103	988	5	1.4758922
103	960	6	1.4269959
103	227	7	1.3469076
103	1106	8	1.3346953
103	1225	9	1.2605956
103	185	10	1.2477577
862	19	1	3.0530198
862	3073	2	2.535965
862	3072	3	2.4874425
862	3074	4	2.3765826
862	82	5	2.2549348
862	3075	6	2.2302413
862	11	7	2.1065829
862	2108	8	2.0937295
862	1925	9	2.0786169
862	47	10	2.06233
14	1854	1	1.6662363
14	717	2	1.5829191
14	3086	3	1.5783765
14	702	4	1.5752509
14	3090	5	1.5735966
14	271	6	1.5285232
14	270	7	1.4696803
14	601	8	1.4517053
14	3085	9	1.4008164
14	2390	10	1.3947928
813	2035	1	0.97638416
813	969	2	0.7693779
813	308	3	0.729648
813	485	4	0.7232345
813	759	5	0.7197241
813	3048	6	0.7106385
813	3102	7	0.6975248
813	1451	8	0.67937213
813	1755	9	0.6709614
813	829	10	0.67079705
557	1423	1	0.666625
557	262	2	0.66402847
557	1169	3	0.65214777
557	864	4	0.61658406
557	1436	5	0.6140914
557	1435	6	0.5991201
557	3794	7	0.56483686
557	3145	8	0.56447595
557	281	9	0.5497984
557	1434	10	0.5326801
848	1446	1	1.1895881
848	352	2	1.1815226
848	370	3	1.1684837
848	1449	4	1.1314676
848	244	5	1.1061466
848	1466	6	1.0434145
848	184	7	0.9409603
848	227	8	0.91750944
848	475	9	0.87895244
848	84	10	0.8729523
478	479	1	0.801895
478	376	2	0.74784243
478	1589	3	0.73812795
478	564	4	0.7155915
478	554	5	0.703676
478	1653	6	0.69907224
478	131	7	0.68968594
478	780	8	0.68065584
478	2745	9	0.66924095
478	2307	10	0.6618592
302	3324	1	1.446845
302	1438	2	1.4042566
302	823	3	1.3865489
302	1115	4	1.3657726
302	161	5	1.2915137
302	148	6	1.2142947
302	63	7	1.1716852
302	210	8	1.1089935
302	296	9	1.1059256
302	3929	10	1.0928518
872	702	1	2.2438035
872	210	2	2.190293
872	4017	3	2.1552558
872	105	4	2.1085646
872	4020	5	2.092498
872	753	6	2.0615568
872	109	7	2.0189896
872	2390	8	1.9994016
872	2449	9	1.9914552
872	4021	10	1.9577105
84	1263	1	0.7671896
84	278	2	0.7327491
84	303	3	0.63712585
84	3796	4	0.60418636
84	231	5	0.57452023
84	2377	6	0.57033634
84	224	7	0.5676681
84	37	8	0.5346291
84	494	9	0.5344474
84	902	10	0.5322868
772	864	1	1.222922
772	1672	2	1.192386
772	79	3	1.1809777
772	1531	4	1.138355
772	1134	5	1.0644917
772	1533	6	0.9944464
772	352	7	0.93101054
772	152	8	0.9210403
772	219	9	0.8912045
772	185	10	0.887819
269	224	1	1.6504823
269	1263	2	1.5796096
269	84	3	1.5387952
269	370	4	1.4722784
269	840	5	1.4052708
269	515	6	1.3580534
269	278	7	1.2698822
269	351	8	1.2483729
269	42	9	1.2073221
269	1449	10	1.1894133
778	320	1	1.1519132
778	732	2	1.0852652
778	3178	3	0.9906721
778	1281	4	0.97194934
778	351	5	0.90846777
778	504	6	0.905522
778	84	7	0.8896589
778	2139	8	0.8342202
778	2751	9	0.81389755
778	1058	10	0.7831778
212	219	1	1.0668275
212	224	2	0.98998785
212	372	3	0.9697365
212	599	4	0.9326917
212	631	5	0.8878994
212	351	6	0.8618831
212	3929	7	0.8536337
212	84	8	0.85294956
212	149	9	0.846668
212	47	10	0.81657374
649	213	1	1.781749
649	732	2	1.7767483
649	3718	3	1.7421113
649	19	4	1.7132347
649	43	5	1.6616855
649	0	6	1.604858
649	258	7	1.5963197
649	224	8	1.5281976
649	47	9	1.4882416
649	320	10	1.481852
687	732	1	1.4421809
687	224	2	1.2871406
687	1058	3	1.2684617
687	219	4	1.1935352
687	243	5	1.1706502
687	551	6	1.1671371
687	631	7	1.1668785
687	108	8	1.135855
687	84	9	1.1310792
687	3718	10	1.1164365
382	732	1	2.4229245
382	40	2	2.0610752
382	43	3	1.8220148
382	504	4	1.7991651
382	3718	5	1.7649385
382	1701	6	1.7587063
382	551	7	1.75614
382	848	8	1.7071261
382	1058	9	1.6449225
382	351	10	1.6262095
25	3781	1	2.079246
25	614	2	2.0273974
25	19	3	1.9578371
25	11	4	1.7960459
25	495	5	1.750675
25	0	6	1.655002
25	258	7	1.6527864
25	2170	8	1.6191572
25	24	9	1.4922974
25	40	10	1.4907088
474	1484	1	1.5876138
474	84	2	1.470592
474	311	3	1.4212558
474	227	4	1.3923844
474	43	5	1.3914366
474	1066	6	1.3332266
474	224	7	1.2958095
474	219	8	1.2909697
474	320	9	1.2054868
474	352	10	1.193908
385	843	1	1.5219753
385	2108	2	1.4121056
385	30	3	1.3679757
385	2110	4	1.3171846
385	196	5	1.2218208
385	456	6	1.2012095
385	49	7	1.155024
385	3072	8	1.1414177
385	3073	9	1.1406881
385	210	10	1.1280291
857	2307	1	2.0292811
857	163	2	2.026101
857	30	3	1.9769061
857	1440	4	1.9206563
857	224	5	1.8089633
857	2293	6	1.7607838
857	173	7	1.7428958
857	168	8	1.6776373
857	2279	9	1.6629317
857	2306	10	1.645196
277	204	1	1.0326893
277	109	2	0.7165994
277	1481	3	0.67294216
277	2111	4	0.5978974
277	1487	5	0.5761554
277	20	6	0.5723635
277	88	7	0.5617805
277	798	8	0.5450241
277	230	9	0.53153956
277	1006	10	0.4992443
216	1449	1	1.6480272
216	864	2	1.4193151
216	79	3	1.3331175
216	321	4	1.2238694
216	370	5	1.1616066
216	42	6	1.1459297
216	185	7	1.1375961
216	84	8	1.0979964
216	224	9	1.0944476
216	244	10	1.0624961
16	40	1	1.3829429
16	311	2	1.3796461
16	219	3	1.3212657
16	848	4	1.2924978
16	351	5	1.2507099
16	320	6	1.2322764
16	1701	7	1.2269862
16	43	8	1.2176111
16	485	9	1.2136893
16	732	10	1.2033782
438	40	1	1.9725919
438	19	2	1.7534165
438	258	3	1.7028092
438	24	4	1.6090505
438	0	5	1.5644617
438	732	6	1.5560327
438	529	7	1.5248232
438	11	8	1.5038319
438	268	9	1.5011129
438	3718	10	1.4895637
144	201	1	1.7476768
144	1368	2	1.6322024
144	694	3	1.6123786
144	212	4	1.6088972
144	7	5	1.5985193
144	258	6	1.5943292
144	53	7	1.584265
144	0	8	1.539885
144	920	9	1.5145919
144	1701	10	1.5077846
152	3003	1	2.5688758
152	1681	2	2.4009926
152	172	3	1.7771131
152	3722	4	1.7129605
152	3413	5	1.6383458
152	842	6	1.4984269
152	1642	7	1.3507344
152	2771	8	1.3363256
152	231	9	1.2539846
152	951	10	1.2427263
307	2618	1	1.9259987
307	2536	2	1.9117209
307	2176	3	1.866234
307	4564	4	1.0488422
307	456	5	1.0086997
307	2539	6	0.9783896
307	1232	7	0.89746803
307	1025	8	0.822165
307	2041	9	0.81572986
307	3247	10	0.80172133
17	717	1	2.2585905
17	270	2	2.235996
17	844	3	2.0256596
17	237	4	2.0150607
17	702	5	1.9076681
17	735	6	1.8173122
17	3086	7	1.8086637
17	1854	8	1.782771
17	1539	9	1.7625256
17	210	10	1.644536
292	3929	1	1.4476709
292	3074	2	0.8759576
292	3073	3	0.8387708
292	3072	4	0.82715523
292	3075	5	0.75354075
292	9	6	0.7500894
292	604	7	0.69266045
292	2108	8	0.6755675
292	2110	9	0.6181493
292	1139	10	0.61402756
270	495	1	2.022441
270	258	2	1.9344217
270	3020	3	1.9317191
270	0	4	1.9024895
270	3718	5	1.8749403
270	732	6	1.8184798
270	201	7	1.6689796
270	50	8	1.662518
270	1103	9	1.6586936
270	311	10	1.5850394
700	794	1	1.0300021
700	278	2	1.0121711
700	29	3	0.94083524
700	42	4	0.80045474
700	485	5	0.79407984
700	219	6	0.63164353
700	2560	7	0.62869835
700	185	8	0.6170127
700	2628	9	0.5979146
700	955	10	0.5952958
124	263	1	1.0579863
124	1374	2	0.89476705
124	447	3	0.79175746
124	1709	4	0.73239297
124	3430	5	0.667861
124	4029	6	0.6514578
124	1933	7	0.6488119
124	1139	8	0.629966
124	844	9	0.6174046
124	1742	10	0.61707395
646	1194	1	1.4163494
646	979	2	1.2554216
646	977	3	1.2065189
646	1333	4	1.1213155
646	555	5	1.1086996
646	549	6	1.0912262
646	961	7	1.0539335
646	857	8	1.0312103
646	988	9	1.0150027
646	1426	10	1.0052745
363	352	1	1.7544411
363	63	2	1.7482347
363	277	3	1.7062259
363	227	4	1.6078899
363	184	5	1.5626554
363	370	6	1.4832454
363	1484	7	1.387784
363	391	8	1.3876231
363	911	9	1.3716137
363	275	10	1.3256749
62	3075	1	3.341526
62	19	2	3.0556207
62	80	3	2.225563
62	81	4	2.1728833
62	200	5	2.088962
62	2656	6	2.0838966
62	706	7	1.9494001
62	11	8	1.900053
62	82	9	1.8908615
62	789	10	1.8784349
372	123	1	1.8124886
372	4017	2	1.7693211
372	2108	3	1.6367118
372	995	4	1.6055272
372	19	5	1.5964575
372	10	6	1.554813
372	47	7	1.5187173
372	4020	8	1.5042335
372	3795	9	1.4962528
372	3073	10	1.4687977
795	320	1	2.4154027
795	84	2	2.042067
795	351	3	1.9494803
795	311	4	1.8887712
795	213	5	1.8449113
795	152	6	1.8091822
795	821	7	1.7648599
795	631	8	1.7460725
795	40	9	1.7116562
795	219	10	1.6907536
647	3073	1	0.8531106
647	2110	2	0.8262932
647	597	3	0.8111991
647	372	4	0.796345
647	4029	5	0.78479135
647	2108	6	0.77941966
647	210	7	0.7417135
647	3072	8	0.70889294
647	30	9	0.70433354
647	2800	10	0.6999992
148	19	1	4.5198507
148	238	2	3.5886495
148	11	3	3.351576
148	82	4	3.3493662
148	3073	5	3.2194207
148	40	6	3.1340456
148	43	7	3.120286
148	24	8	3.072493
148	47	9	3.0625834
148	732	10	3.042901
373	1399	1	1.3347883
373	823	2	1.2171023
373	94	3	1.1898046
373	326	4	1.0893811
373	1115	5	1.0454584
373	405	6	1.0403378
373	934	7	0.9249141
373	218	8	0.9202576
373	3631	9	0.84538746
373	1868	10	0.8190361
439	19	1	1.6204664
439	0	2	1.4608946
439	631	3	1.3128183
439	11	4	1.2997298
439	213	5	1.2581085
439	90	6	1.2456915
439	3718	7	1.2092631
439	238	8	1.200297
439	3073	9	1.1762216
439	50	10	1.1665186
230	672	1	1.3078868
230	1910	2	1.0136573
230	4017	3	1.0079614
230	34	4	1.0070604
230	1132	5	0.959509
230	3430	6	0.9536045
230	4021	7	0.91661257
230	4020	8	0.9144708
230	60	9	0.8979807
230	296	10	0.87209225
24	19	1	1.5796914
24	0	2	1.2806364
24	258	3	1.2374599
24	82	4	1.2267528
24	238	5	1.1046975
24	47	6	1.0965564
24	1388	7	1.0887418
24	3073	8	1.0780449
24	333	9	1.0591555
24	3072	10	1.0488712
412	3430	1	1.9742719
412	224	2	1.7825484
412	30	3	1.6958494
412	2110	4	1.6409929
412	296	5	1.6318523
412	2108	6	1.5927966
412	1983	7	1.5857981
412	4017	8	1.5315795
412	860	9	1.4206257
412	4020	10	1.4035684
87	3430	1	1.4343538
87	2339	2	1.3901578
87	4021	3	1.3424978
87	4017	4	1.2148905
87	913	5	1.2088804
87	1139	6	1.1897434
87	4020	7	1.1870325
87	1933	8	1.1713276
87	229	9	1.107092
87	1374	10	1.099494
32	238	1	1.3457376
32	2224	2	1.3257875
32	84	3	1.2950443
32	0	4	1.2912178
32	920	5	1.2628912
32	11	6	1.2443812
32	622	7	1.219661
32	1023	8	1.1736149
32	196	9	1.1703961
32	213	10	1.1692727
838	318	1	1.6127484
838	184	2	1.5399195
838	39	3	1.3356721
838	352	4	1.2041124
838	1011	5	1.1994523
838	1193	6	1.1612136
838	1484	7	1.1364486
838	391	8	1.0342675
838	874	9	0.98521674
838	530	10	0.9276629
731	19	1	1.7576613
731	53	2	1.5920551
731	40	3	1.5459144
731	30	4	1.457557
731	258	5	1.4193041
731	1925	6	1.3607597
731	47	7	1.3443719
731	3718	8	1.3268201
731	2110	9	1.3046962
731	843	10	1.2670014
897	200	1	3.7668924
897	81	2	3.2025266
897	47	3	3.1809833
897	0	4	2.9864812
897	80	5	2.875817
897	4016	6	2.8752909
897	258	7	2.7577543
897	1368	8	2.7450953
897	216	9	2.6975644
897	3313	10	2.685512
315	1406	1	2.4312057
315	843	2	2.0296302
315	456	3	1.8345022
315	30	4	1.7556
315	3430	5	1.6298752
315	672	6	1.6174456
315	4016	7	1.5091069
315	200	8	1.4623893
315	210	9	1.4522718
315	2125	10	1.4460251
540	352	1	1.2812024
540	227	2	1.244545
540	0	3	1.1746482
540	71	4	1.1132467
540	258	5	1.0844784
540	72	6	1.072332
540	238	7	1.071847
540	19	8	1.0218415
540	152	9	1.0129924
540	3718	10	0.9552281
637	227	1	1.7925365
637	258	2	1.6745253
637	1066	3	1.6669618
637	0	4	1.58111
637	243	5	1.564024
637	184	6	1.5536788
637	391	7	1.4925324
637	277	8	1.4790058
637	1449	9	1.475008
637	660	10	1.3849571
176	864	1	0.87890565
176	3145	2	0.8497818
176	2299	3	0.83031917
176	2301	4	0.7951653
176	1672	5	0.7844775
176	2305	6	0.77921516
176	1821	7	0.7658136
176	2307	8	0.6636764
176	163	9	0.66151917
176	79	10	0.6134757
751	1484	1	1.5076221
751	318	2	0.98873764
751	39	3	0.74516296
751	221	4	0.7416771
751	210	5	0.7007638
751	1745	6	0.683828
751	145	7	0.66720754
751	604	8	0.6625509
751	456	9	0.6469786
751	352	10	0.64614666
94	19	1	0.97548115
94	0	2	0.9294089
94	431	3	0.9284763
94	258	4	0.8615596
94	213	5	0.85471046
94	311	6	0.82617974
94	2004	7	0.8107381
94	551	8	0.7967764
94	1629	9	0.7920295
94	11	10	0.7855965
507	79	1	1.5760696
507	352	2	1.461203
507	672	3	0.9589304
507	163	4	0.9503751
507	2301	5	0.946717
507	1821	6	0.90668297
507	2299	7	0.89797276
507	456	8	0.89524037
507	185	9	0.8721767
507	126	10	0.85472894
61	142	1	0.7579678
61	1290	2	0.56571347
61	367	3	0.5334538
61	1134	4	0.53123957
61	1534	5	0.5199518
61	992	6	0.48001158
61	1133	7	0.46800324
61	1093	8	0.4597631
61	351	9	0.41908377
61	848	10	0.4163223
289	352	1	1.3077998
289	184	2	1.0062715
289	1449	3	1.0000823
289	79	4	0.8722799
289	29	5	0.8527838
289	278	6	0.8133844
289	2560	7	0.799142
289	864	8	0.78286743
289	46	9	0.76559293
289	625	10	0.76308167
724	19	1	1.4210838
724	2166	2	1.2641442
724	3073	3	1.2062471
724	50	4	1.1421188
724	40	5	1.1149749
724	1925	6	1.1105194
724	622	7	1.0740349
724	252	8	1.0732858
724	3072	9	1.0575879
724	258	10	1.052671
718	213	1	0.88585305
718	238	2	0.82407725
718	0	3	0.7955766
718	258	4	0.74950343
718	215	5	0.7329143
718	510	6	0.7303443
718	58	7	0.72929394
718	62	8	0.72728646
718	732	9	0.6851534
718	43	10	0.67396647
239	19	1	2.254518
239	258	2	1.9260787
239	47	3	1.7966285
239	0	4	1.7541597
239	238	5	1.7180268
239	1693	6	1.6950005
239	2108	7	1.5878493
239	73	8	1.5487216
239	631	9	1.5417044
239	3073	10	1.501612
313	1982	1	1.3440268
313	337	2	1.2705021
313	296	3	1.1910799
313	604	4	1.1238664
313	124	5	1.0678058
313	1134	6	1.0239983
313	333	7	1.004699
313	196	8	0.9589472
313	82	9	0.93499357
313	2628	10	0.92904824
433	2166	1	1.0011289
433	3503	2	0.7324671
433	521	3	0.5285646
433	196	4	0.5007824
433	70	5	0.4979354
433	1889	6	0.43815255
433	160	7	0.42178276
433	238	8	0.41735497
433	204	9	0.41672182
433	510	10	0.3980792
160	539	1	1.2423289
160	2054	2	1.116941
160	2833	3	1.1071842
160	545	4	1.102349
160	4232	5	1.0879312
160	2834	6	0.99114716
160	2337	7	0.9493946
160	1838	8	0.9459092
160	1711	9	0.8108639
160	1180	10	0.6319933
58	864	1	2.0316749
58	351	2	1.9547796
58	485	3	1.9145794
58	1982	4	1.8756007
58	243	5	1.8221011
58	488	6	1.8092785
58	73	7	1.8019812
58	40	8	1.7869997
58	58	9	1.7632643
58	224	10	1.7624954
728	19	1	0.8085649
728	333	2	0.7480844
728	174	3	0.71845067
728	2110	4	0.7157906
728	82	5	0.7151524
728	196	6	0.685908
728	296	7	0.6810055
728	3718	8	0.67564964
728	1174	9	0.6656119
728	2108	10	0.65863496
671	258	1	2.551838
671	47	2	2.5019522
671	599	3	2.295844
671	0	4	2.0624595
671	227	5	2.0182858
671	238	6	1.9847041
671	19	7	1.9569693
671	72	8	1.956157
671	43	9	1.9225087
671	732	10	1.9127254
921	81	1	3.2393727
921	80	2	3.2385473
921	82	3	3.2366283
921	2656	4	3.1414607
921	706	5	3.0691035
921	11	6	3.0444205
921	200	7	2.9181943
921	430	8	2.9008946
921	201	9	2.6251087
921	0	10	2.6047368
757	218	1	1.2360544
757	4017	2	1.0718224
757	1155	3	1.0635399
757	1156	4	1.0442698
757	1606	5	1.0386385
757	47	6	1.0382596
757	227	7	1.0164591
757	191	8	1.0007753
757	353	9	0.9628848
757	1139	10	0.9427157
375	106	1	1.7681301
375	100	2	1.6912043
375	807	3	1.5762416
375	3073	4	1.5290161
375	104	5	1.5014436
375	103	6	1.4285252
375	19	7	1.4171503
375	3072	8	1.4067382
375	2903	9	1.3304358
375	2204	10	1.3024248
798	173	1	0.95508635
798	3145	2	0.8555058
798	864	3	0.8026562
798	1672	4	0.8002567
798	62	5	0.77197456
798	2307	6	0.7615876
798	2224	7	0.7363845
798	2305	8	0.70542145
798	1410	9	0.6876579
798	482	10	0.6834408
827	843	1	1.4186008
827	30	2	1.3102481
827	456	3	1.2551527
827	197	4	1.1890038
827	1453	5	0.9157777
827	2125	6	0.85873413
827	1926	7	0.84503937
827	2344	8	0.7797633
827	2523	9	0.7750529
827	2119	10	0.77360743
365	732	1	1.3405213
365	311	2	1.2907221
365	631	3	1.1885056
365	599	4	1.0988042
365	213	5	1.082274
365	320	6	1.0435784
365	488	7	1.0113614
365	3718	8	0.9602972
365	848	9	0.90899813
365	1701	10	0.9063767
812	0	1	1.6369138
812	732	2	1.5785297
812	79	3	1.5621657
812	43	4	1.5481749
812	258	5	1.5281734
812	320	6	1.5172716
812	213	7	1.4459287
812	311	8	1.4443914
812	920	9	1.4396093
812	352	10	1.3960359
400	46	1	1.1282036
400	3797	2	1.1002328
400	70	3	1.0181288
400	41	4	0.9799551
400	622	5	0.90416986
400	71	6	0.8578816
400	52	7	0.8538634
400	238	8	0.8345979
400	333	9	0.81631494
400	4636	10	0.81108785
864	1868	1	1.8797321
864	1115	2	1.6621121
864	823	3	1.4602159
864	3197	4	1.3199217
864	1681	5	1.2796683
864	1287	6	1.2671309
864	148	7	1.2597976
864	94	8	1.2571495
864	934	9	1.2382379
864	210	10	1.2349622
876	168	1	1.6344316
876	30	2	1.4885308
876	843	3	1.4324124
876	49	4	1.4124331
876	597	5	1.4026054
876	4029	6	1.365463
876	210	7	1.3623198
876	3430	8	1.3528347
876	3800	9	1.3211695
876	3020	10	1.2655227
628	19	1	1.7080333
628	3073	2	1.494386
628	11	3	1.4197018
628	82	4	1.3170625
628	0	5	1.3006812
628	258	6	1.2786565
628	238	7	1.2770014
628	3072	8	1.2495468
628	3074	9	1.235042
628	3075	10	1.2041717
80	278	1	0.9895486
80	42	2	0.92524445
80	985	3	0.91692305
80	184	4	0.90447617
80	4608	5	0.902408
80	1011	6	0.8859477
80	224	7	0.8731316
80	1449	8	0.86723393
80	530	9	0.82262015
80	84	10	0.801311
920	184	1	1.77925
920	370	2	1.5949208
920	1011	3	1.4434861
920	221	4	1.3933314
920	1484	5	1.3812478
920	2739	6	1.3415792
920	391	7	1.1247345
920	1263	8	1.0739477
920	2065	9	1.0634348
920	244	10	1.0439129
177	11	1	2.376143
177	0	2	2.2628913
177	495	3	2.211935
177	3781	4	2.2114668
177	258	5	2.0890548
177	1103	6	2.0851395
177	46	7	2.0641606
177	614	8	2.0361748
177	551	9	2.013224
177	322	10	2.011187
210	614	1	1.0857673
210	721	2	1.0845795
210	686	3	1.0540488
210	905	4	1.0443909
210	46	5	0.99814415
210	1654	6	0.9851762
210	1065	7	0.9802296
210	495	8	0.92124575
210	24	9	0.8880083
210	206	10	0.8854185
936	1313	1	0.802702
936	63	2	0.76719254
936	405	3	0.73837495
936	1114	4	0.7143997
936	1321	5	0.69962835
936	3012	6	0.63725084
936	911	7	0.6275641
936	277	8	0.62565476
936	1724	9	0.61744285
936	2000	10	0.61646867
323	2108	1	2.7013178
323	2110	2	2.6900682
323	19	3	2.290979
323	2800	4	2.121986
323	860	5	2.1052928
323	1983	6	2.0793114
323	3073	7	2.0681682
323	843	8	2.0664937
323	30	9	2.0354633
323	351	10	2.00504
923	4029	1	2.028102
923	672	2	1.9703915
923	597	3	1.9024909
923	843	4	1.8983579
923	860	5	1.7783405
923	456	6	1.7695485
923	30	7	1.7558599
923	168	8	1.7445558
923	3430	9	1.726601
923	109	10	1.6583928
539	278	1	0.72647536
539	29	2	0.6822984
539	352	3	0.674121
539	1313	4	0.6555047
539	874	5	0.64102983
539	2916	6	0.5767378
539	2259	7	0.56841666
539	4262	8	0.5517084
539	2560	9	0.5174273
539	2909	10	0.5155328
359	1194	1	1.3804803
359	979	2	1.3435026
359	1225	3	1.2845078
359	555	4	1.2459038
359	227	5	1.237471
359	977	6	1.2354262
359	1333	7	1.231766
359	1215	8	1.1947203
359	303	9	1.1632314
359	515	10	1.1522212
603	24	1	2.5976222
603	55	2	2.5564516
603	495	3	2.4184885
603	56	4	2.3972688
603	622	5	2.3214269
603	3797	6	2.2825193
603	19	7	2.2033567
603	71	8	2.1974952
603	0	9	2.1753054
603	238	10	2.16252
150	2031	1	1.2417173
150	1948	2	1.1757371
150	2955	3	1.1493878
150	252	4	1.1408257
150	3049	5	1.1272509
150	1705	6	1.0715183
150	2260	7	1.0469851
150	997	8	1.0429581
150	1631	9	1.0372038
150	2954	10	1.0359566
826	185	1	1.7757952
826	978	2	1.6506517
826	555	3	1.6224691
826	1333	4	1.6127669
826	979	5	1.5924256
826	857	6	1.5822084
826	1215	7	1.5638235
826	1426	8	1.5516666
826	1211	9	1.5275006
826	549	10	1.5267682
246	142	1	1.6052725
246	219	2	1.5912573
246	351	3	1.5687956
246	320	4	1.5374303
246	0	5	1.4825076
246	622	6	1.3894942
246	84	7	1.353362
246	19	8	1.3086231
246	631	9	1.3073704
246	825	10	1.3072662
223	4017	1	2.1595607
223	4021	2	2.0360596
223	83	3	1.9383147
223	4020	4	1.9129305
223	4086	5	1.7364476
223	3430	6	1.6369
223	53	7	1.6097114
223	42	8	1.5153456
223	3157	9	1.4978738
223	579	10	1.4948231
879	4276	1	0.9613271
879	25	2	0.8589212
879	1074	3	0.72660434
879	2303	4	0.6013912
879	1139	5	0.59962213
879	913	6	0.58974296
879	970	7	0.58117306
879	372	8	0.55769765
879	1315	9	0.5553324
879	2283	10	0.5413642
4	152	1	2.6396377
4	311	2	2.6054409
4	599	3	2.2884927
4	504	4	2.22616
4	40	5	2.2066195
4	213	6	2.1949487
4	351	7	2.1902466
4	108	8	2.1621356
4	352	9	2.0832973
4	488	10	2.0718095
434	1134	1	0.94669193
434	1133	2	0.8489257
434	2299	3	0.81787527
434	3796	4	0.79822534
434	1533	5	0.7887054
434	2301	6	0.7784611
434	1440	7	0.7457073
434	2307	8	0.72955406
434	1846	9	0.7079016
434	2305	10	0.66957927
202	0	1	3.1243567
202	24	2	2.9037879
202	40	3	2.8873339
202	43	4	2.8337822
202	44	5	2.7580624
202	495	6	2.7364624
202	243	7	2.7259345
202	732	8	2.6138556
202	599	9	2.5401444
202	322	10	2.5153222
352	204	1	1.8593116
352	19	2	1.3420527
352	82	3	1.1598787
352	2681	4	1.093129
352	11	5	1.0718457
352	3073	6	0.98276937
352	3072	7	0.9663502
352	333	8	0.95135176
352	2111	9	0.94046587
352	3074	10	0.9302338
774	19	1	1.6017636
774	43	2	1.5889533
774	42	3	1.5267358
774	258	4	1.5087143
774	79	5	1.4565077
774	864	6	1.4285512
774	227	7	1.35667
774	243	8	1.3083811
774	599	9	1.2931635
774	213	10	1.2922714
376	843	1	1.6648892
376	2108	2	1.5118523
376	2110	3	1.4689415
376	558	4	1.426497
376	456	5	1.417313
376	538	6	1.3437563
376	197	7	1.3101153
376	49	8	1.2655846
376	604	9	1.2603508
376	109	10	1.241483
617	2110	1	2.509201
617	4020	2	2.201234
617	109	3	2.195596
617	843	4	2.1051464
617	210	5	2.0374248
617	30	6	2.0256305
617	4029	7	1.9628956
617	4021	8	1.9496028
617	168	9	1.8349721
617	597	10	1.7864671
777	4276	1	0.80052173
777	4437	2	0.46730077
777	3890	3	0.43655276
777	4043	4	0.41211903
777	2754	5	0.38972515
777	3386	6	0.38683608
777	3611	7	0.38052824
777	1417	8	0.36026105
777	1077	9	0.35959142
777	157	10	0.3582986
357	864	1	1.9028484
357	79	2	1.6695313
357	599	3	1.6259298
357	43	4	1.4165471
357	224	5	1.4076298
357	485	6	1.4014074
357	351	7	1.2667326
357	821	8	1.2559431
357	84	9	1.2511635
357	42	10	1.1993388
389	721	1	1.2006302
389	46	2	1.1052825
389	24	3	1.07813
389	258	4	1.0474789
389	1654	5	1.0451565
389	3797	6	1.0342429
389	686	7	1.0291697
389	614	8	1.026215
389	1142	9	1.001453
389	19	10	0.9775737
128	456	1	2.9374633
128	597	2	2.6469684
128	654	3	2.4500222
128	2108	4	2.3103855
128	2110	5	2.1969955
128	2125	6	2.17796
128	77	7	2.135071
128	4029	8	2.1025026
128	2550	9	1.9070978
128	682	10	1.8873777
184	30	1	2.7239475
184	196	2	2.669928
184	268	3	2.63543
184	3073	4	2.4058414
184	2110	5	2.37551
184	2108	6	2.3720913
184	3072	7	2.2836456
184	252	8	2.2648873
184	456	9	2.2539575
184	258	10	2.2127824
763	1484	1	2.0457673
763	39	2	2.0050488
763	391	3	1.918469
763	184	4	1.7050313
763	1193	5	1.6249883
763	2739	6	1.5286579
763	352	7	1.4237885
763	221	8	1.2530607
763	2065	9	1.1686738
763	1700	10	1.0956032
818	352	1	1.460602
818	864	2	1.1319273
818	1195	3	0.95938057
818	1672	4	0.9499608
818	1341	5	0.9456463
818	3718	6	0.8544852
818	384	7	0.84794927
818	285	8	0.8469534
818	42	9	0.8204303
818	43	10	0.8039884
890	1431	1	2.1721678
890	463	2	2.0522304
890	760	3	1.7432221
890	1018	4	1.496397
890	351	5	1.1324688
890	352	6	0.9256828
890	43	7	0.92438054
890	599	8	0.8654846
890	860	9	0.8372843
890	2394	10	0.8242605
569	3796	1	1.1460248
569	2299	2	1.0708904
569	1134	3	0.95827377
569	2301	4	0.947762
569	1534	5	0.9423775
569	1440	6	0.89480925
569	2307	7	0.88254106
569	1424	8	0.8749025
569	978	9	0.873839
569	1533	10	0.85833573
543	1531	1	1.8084916
543	889	2	1.7639234
543	1534	3	1.5050986
543	3342	4	1.4780673
543	3016	5	1.4602902
543	367	6	1.3839866
543	671	7	1.1887568
543	602	8	1.1707497
543	114	9	1.1700921
543	559	10	1.1622257
734	258	1	4.455722
734	82	2	4.2906737
734	3073	3	3.8505964
734	243	4	3.7859583
734	333	5	3.64398
734	3072	6	3.4469304
734	24	7	3.2672892
734	1368	8	3.2642186
734	454	9	3.2562075
734	47	10	3.193502
263	2110	1	1.6213367
263	2108	2	1.5959384
263	597	3	1.5530546
263	1083	4	1.4940858
263	2800	5	1.4498017
263	843	6	1.4420943
263	42	7	1.4253979
263	1983	8	1.4006376
263	30	9	1.3894868
263	860	10	1.3880961
630	84	1	1.4598405
630	219	2	1.3911668
630	320	3	1.2632873
630	351	4	1.1872725
630	821	5	1.0749818
630	599	6	1.0604317
630	213	7	1.0521998
630	42	8	1.0500817
630	43	9	1.0293508
630	0	10	1.0278959
616	204	1	0.6060226
616	196	2	0.54826736
616	37	3	0.43668586
616	3796	4	0.40659463
616	109	5	0.39659238
616	2108	6	0.3876381
616	3532	7	0.37692913
616	554	8	0.37407094
616	152	9	0.37084007
616	320	10	0.36299053
736	278	1	0.861735
736	1408	2	0.6529709
736	62	3	0.63434327
736	42	4	0.6333066
736	1411	5	0.62938666
736	2043	6	0.5881697
736	41	7	0.57142913
736	320	8	0.542268
736	1755	9	0.5404332
736	2663	10	0.54006755
801	539	1	1.7328631
801	2054	2	1.6701852
801	2834	3	1.5203902
801	2337	4	1.5109291
801	1838	5	1.5044696
801	2833	6	1.4818571
801	1711	7	1.1963339
801	817	8	0.9552004
801	195	9	0.9473977
801	351	10	0.9448695
136	553	1	0.9434604
136	271	2	0.9183856
136	237	3	0.9174334
136	712	4	0.914702
136	702	5	0.90013885
136	270	6	0.8734178
136	735	7	0.822451
136	717	8	0.79638505
136	1255	9	0.749243
136	3094	10	0.7358706
436	82	1	1.2987866
436	3073	2	1.1941831
436	19	3	1.1007862
436	3072	4	1.0742435
436	322	5	1.0629244
436	11	6	1.0606763
436	3075	7	1.0424666
436	81	8	0.9713621
436	3074	9	0.9699096
436	805	10	0.96699864
458	135	1	1.6062341
458	148	2	1.5041282
458	168	3	1.3939892
458	161	4	1.2252617
458	147	5	1.1773958
458	1814	6	1.1484575
458	1326	7	0.9673822
458	3090	8	0.9312899
458	383	9	0.86349165
458	1926	10	0.81648237
55	682	1	1.6393219
55	1066	2	1.5822833
55	2227	3	1.3297031
55	219	4	1.124171
55	1161	5	1.1170878
55	1714	6	1.0622385
55	827	7	1.019824
55	2108	8	0.9332453
55	196	9	0.9304743
55	864	10	0.9177385
85	278	1	1.574824
85	1102	2	1.2444019
85	224	3	1.222724
85	1011	4	1.2049258
85	1060	5	1.1316348
85	1263	6	1.1310995
85	185	7	1.1217448
85	42	8	1.1009887
85	821	9	1.0470951
85	802	10	1.0259703
915	262	1	1.3789678
915	1169	2	1.37448
915	1168	3	1.2800742
915	1435	4	1.2572776
915	1423	5	1.2195244
915	807	6	1.1826347
915	1434	7	1.1511419
915	1384	8	1.1269403
915	749	9	1.0834686
915	281	10	1.0723844
513	351	1	1.3415084
513	889	2	1.2232354
513	3020	3	1.1445775
513	320	4	1.0979388
513	367	5	1.0919235
513	258	6	1.0578498
513	671	7	1.0322611
513	3797	8	1.028229
513	47	9	1.0192481
513	185	10	1.0031539
752	4232	1	0.7521529
752	2054	2	0.74398535
752	780	3	0.73489743
752	2834	4	0.71745944
752	2833	5	0.6747002
752	2337	6	0.64195675
752	1838	7	0.5457629
752	2409	8	0.5153668
752	1711	9	0.49787253
752	1484	10	0.429461
595	321	1	0.9937167
595	549	2	0.9275217
595	227	3	0.8879266
595	1449	4	0.86736834
595	185	5	0.84220827
595	988	6	0.82680225
595	857	7	0.82458574
595	1333	8	0.8226776
595	1225	9	0.8094054
595	555	10	0.8087243
613	351	1	1.5346082
613	62	2	1.507771
613	152	3	1.5010321
613	320	4	1.4681127
613	2394	5	1.3744
613	823	6	1.3376281
613	2862	7	1.2884728
613	311	8	1.1670244
613	608	9	1.1356746
613	352	10	1.1080291
894	1854	1	2.9923143
894	717	2	2.6186848
894	702	3	2.5923185
894	210	4	2.579041
894	3090	5	2.511675
894	3086	6	2.4434056
894	270	7	2.4003139
894	109	8	2.3961725
894	77	9	2.3847303
894	753	10	2.3663638
264	43	1	1.8176345
264	224	2	1.7270964
264	213	3	1.5341673
264	219	4	1.5120158
264	42	5	1.4952521
264	1694	6	1.4837806
264	351	7	1.4754885
264	196	8	1.4556105
264	30	9	1.4341524
264	352	10	1.4077162
120	219	1	1.1796329
120	895	2	1.1775042
120	551	3	1.1725614
120	3797	4	1.164757
120	224	5	1.1216714
120	843	6	1.1080875
120	369	7	1.1023144
120	682	8	1.0768857
120	1466	9	1.0655835
120	732	10	1.065197
429	258	1	0.5880696
429	631	2	0.55128646
429	369	3	0.5491147
429	0	4	0.5108487
429	82	5	0.50757253
429	243	6	0.49735105
429	152	7	0.4954914
429	510	8	0.4933691
429	322	9	0.49289593
429	19	10	0.4834649
846	2495	1	1.1859404
846	1614	2	0.9010049
846	655	3	0.89510983
846	852	4	0.70889884
846	3789	5	0.70848906
846	38	6	0.6588994
846	337	7	0.6437786
846	236	8	0.6307554
846	456	9	0.6130081
846	2574	10	0.5971494
125	3020	1	1.2613617
125	47	2	1.2132102
125	3797	3	1.0872656
125	351	4	1.0562477
125	599	5	1.0179434
125	940	6	1.0122426
125	219	7	1.0034001
125	1197	8	1.0030252
125	258	9	1.0004096
125	1410	10	0.9867922
676	19	1	4.6521397
676	3073	2	3.844654
676	3074	3	3.4705832
676	3075	4	3.4468932
676	0	5	3.1477616
676	258	6	3.0495276
676	81	7	2.8727684
676	201	8	2.6994138
676	47	9	2.587367
676	706	10	2.5234828
254	84	1	1.196197
254	219	2	1.0487626
254	213	3	0.9174768
254	599	4	0.84267026
254	485	5	0.8159882
254	42	6	0.811061
254	372	7	0.8090958
254	728	8	0.80162823
254	530	9	0.7874132
254	1926	10	0.774011
421	277	1	0.8079095
421	275	2	0.76310927
421	63	3	0.755417
421	3519	4	0.6881317
421	3012	5	0.66702116
421	370	6	0.6596072
421	3337	7	0.653461
421	2198	8	0.6371909
421	2055	9	0.636505
421	1066	10	0.6018176
571	732	1	1.9986131
571	599	2	1.879476
571	351	3	1.8493093
571	43	4	1.818215
571	24	5	1.7405578
571	84	6	1.7064774
571	631	7	1.652329
571	46	8	1.6442814
571	504	9	1.6153563
571	40	10	1.6120224
560	486	1	2.1666024
560	3668	2	1.4810343
560	2788	3	1.2455754
560	1522	4	0.9994469
560	569	5	0.94293374
560	220	6	0.91281116
560	1311	7	0.8909342
560	2547	8	0.8739779
560	1140	9	0.7581919
560	3718	10	0.7294642
440	1195	1	1.348361
440	168	2	1.2975864
440	3718	3	1.2089779
440	405	4	1.1683601
440	148	5	1.153624
440	403	6	1.0539948
440	1341	7	0.94609416
440	147	8	0.93208766
440	2560	9	0.9085685
440	384	10	0.90645355
146	1114	1	0.85557806
146	405	2	0.7604163
146	143	3	0.5816859
146	34	4	0.56227946
146	1438	5	0.54905915
146	77	6	0.5099993
146	672	7	0.50864613
146	161	8	0.48269397
146	654	9	0.473516
146	141	10	0.4648708
726	227	1	1.9603741
726	352	2	1.7653289
726	1449	3	1.5306377
726	515	4	1.4226553
726	43	5	1.4208754
726	1446	6	1.37383
726	184	7	1.3496326
726	599	8	1.3167688
726	258	9	1.3092102
726	185	10	1.2654421
163	30	1	2.3066845
163	2125	2	2.0894313
163	197	3	1.9921898
163	2108	4	1.8213835
163	2110	5	1.7520657
163	2550	6	1.7374929
163	672	7	1.6771667
163	1594	8	1.6456716
163	49	9	1.5940686
163	210	10	1.588375
206	978	1	1.102824
206	3796	2	1.0946481
206	367	3	1.029191
206	903	4	1.0269935
206	3929	5	0.98214495
206	2599	6	0.9740829
206	1134	7	0.92456365
206	1225	8	0.9031012
206	303	9	0.9014313
206	1424	10	0.8973577
854	79	1	2.0107536
854	864	2	1.5925822
854	1007	3	1.2588252
854	821	4	1.2155595
854	43	5	1.1544546
854	19	6	1.0906163
854	184	7	1.0681192
854	40	8	1.0627322
854	268	9	1.0368583
854	599	10	1.0310608
863	1256	1	1.2234993
863	1982	2	0.67115563
863	1139	3	0.63517666
863	124	4	0.6193017
863	296	5	0.6084001
863	1582	6	0.59746945
863	1306	7	0.5951706
863	1966	8	0.5728198
863	505	9	0.547581
863	1580	10	0.5441459
291	1701	1	2.674157
291	732	2	2.4438467
291	43	3	2.20498
291	0	4	2.1804345
291	320	5	2.1538248
291	113	6	2.1434646
291	369	7	2.1170425
291	268	8	2.0846882
291	19	9	2.0107017
291	599	10	1.9903545
194	19	1	2.6174226
194	0	2	2.4983597
194	201	3	2.444835
194	238	4	2.2296722
194	1368	5	2.1929471
194	258	6	2.1916823
194	492	7	2.1444235
194	1701	8	2.121574
194	243	9	2.1058388
194	40	10	1.9571521
394	3273	1	1.2206793
394	3275	2	1.0602465
394	2713	3	1.0428034
394	82	4	1.0412918
394	333	5	0.8680775
394	1484	6	0.8255948
394	1036	7	0.7915516
394	1149	8	0.7633486
394	4035	9	0.7282296
394	2721	10	0.7130656
217	79	1	1.3038671
217	864	2	1.2300495
217	184	3	0.97703266
217	1672	4	0.8264062
217	391	5	0.80148965
217	1484	6	0.7860544
217	2128	7	0.7756357
217	29	8	0.7506223
217	39	9	0.7502724
217	318	10	0.7408972
526	2292	1	1.1299137
526	2004	2	1.1034768
526	32	3	1.0129244
526	3870	4	1.0065892
526	902	5	0.98315245
526	1859	6	0.941954
526	2758	7	0.9347856
526	1332	8	0.92728776
526	654	9	0.9262367
526	196	10	0.9255079
576	660	1	1.0625643
576	318	2	1.0243927
576	2739	3	0.97904557
576	39	4	0.9192934
576	1193	5	0.87317526
576	911	6	0.87117445
576	370	7	0.8513589
576	1484	8	0.83031774
576	1838	9	0.8140511
576	184	10	0.81204176
673	224	1	1.2532123
673	213	2	1.2369816
673	488	3	1.2230344
673	467	4	1.2032502
673	969	5	1.1256955
673	219	6	1.0513065
673	84	7	1.0254633
673	1475	8	1.0102803
673	1755	9	0.9799154
673	631	10	0.9776323
153	403	1	0.7425491
153	1195	2	0.6621336
153	285	3	0.65102357
153	3654	4	0.64611304
153	3540	5	0.6345254
153	2247	6	0.6253887
153	3655	7	0.5927074
153	1074	8	0.57820225
153	373	9	0.5228622
153	506	10	0.5093349
688	197	1	2.504492
688	936	2	2.2820947
688	2125	3	2.2448206
688	672	4	2.2236128
688	77	5	2.1426177
688	597	6	2.0153337
688	2550	7	1.952287
688	210	8	1.785714
688	717	9	1.7414148
688	501	10	1.7069393
182	127	1	1.7820737
182	345	2	1.5152025
182	1880	3	1.4459794
182	4726	4	1.4448063
182	83	5	1.2459778
182	1978	6	1.2329009
182	4017	7	1.1243286
182	746	8	1.0889688
182	3888	9	1.0521595
182	4021	10	1.0363592
497	311	1	1.3370061
497	53	2	1.2237186
497	224	3	1.1729774
497	258	4	1.1637844
497	1701	5	1.1255231
497	219	6	1.1195987
497	3396	7	1.1088842
497	848	8	1.0725214
497	40	9	1.0685217
497	694	10	1.0671895
380	30	1	1.6849777
380	143	2	1.6777084
380	2110	3	1.6634365
380	1689	4	1.6336006
380	2108	5	1.5948313
380	141	6	1.4435946
380	2394	7	1.4233902
380	843	8	1.3926919
380	210	9	1.3869948
380	109	10	1.2947395
21	1901	1	0.31810254
21	1125	2	0.2767434
21	829	3	0.2713977
21	1347	4	0.26382405
21	2326	5	0.2536127
21	2319	6	0.25302124
21	3006	7	0.25182986
21	968	8	0.25124705
21	727	9	0.25055146
21	482	10	0.24781954
583	19	1	2.562351
583	82	2	2.4063978
583	238	3	2.2034154
583	216	4	2.156922
583	11	5	2.0344534
583	1925	6	1.9685752
583	0	7	1.9225533
583	1693	8	1.8741047
583	1368	9	1.8666387
583	1042	10	1.8547966
432	864	1	1.7661502
432	79	2	1.6911898
432	244	3	1.4800246
432	1431	4	1.4772576
432	2301	5	1.3554301
432	2299	6	1.3290106
432	352	7	1.2833943
432	760	8	1.1253314
432	1440	9	1.0850546
432	1018	10	0.9991051
742	3073	1	3.0027914
742	3072	2	2.7437067
742	0	3	2.7424016
742	258	4	2.6933234
742	11	5	2.6384416
742	3075	6	2.6229916
742	82	7	2.588429
742	3074	8	2.553801
742	238	9	2.5173354
742	201	10	2.4113827
92	196	1	0.8936587
92	204	2	0.6886942
92	46	3	0.53667754
92	320	4	0.51408565
92	993	5	0.4866714
92	44	6	0.48296458
92	62	7	0.44851494
92	24	8	0.4459859
92	4	9	0.4285863
92	41	10	0.42630637
619	1137	1	1.43808
619	1531	2	1.1989355
619	889	3	0.9224459
619	367	4	0.85622114
619	1534	5	0.8257489
619	3342	6	0.72887605
619	3020	7	0.70090413
619	3016	8	0.6868026
619	913	9	0.68640757
619	602	10	0.64489204
664	112	1	0.4447565
664	499	2	0.43320003
664	3131	3	0.41379887
664	3656	4	0.39985973
664	318	5	0.35262567
664	4162	6	0.34560126
664	911	7	0.33873397
664	2046	8	0.31968275
664	34	9	0.3086142
664	1556	10	0.3063449
253	1650	1	0.91350806
253	2260	2	0.8305144
253	2031	3	0.7563069
253	2955	4	0.6989264
253	268	5	0.66797507
253	3049	6	0.66604686
253	2954	7	0.64274096
253	1705	8	0.636134
253	529	9	0.63479245
253	1631	10	0.6301638
762	1982	1	1.0766394
762	296	2	1.0029477
762	1139	3	0.9672861
762	337	4	0.95937544
762	94	5	0.89939654
762	42	6	0.8460631
762	823	7	0.81283
762	1833	8	0.80697274
762	124	9	0.7916922
762	405	10	0.7857685
407	352	1	1.7058754
407	1672	2	1.3574476
407	43	3	1.0530319
407	732	4	1.0386188
407	4	5	1.0257535
407	1007	6	0.97421277
407	3718	7	0.9579509
407	40	8	0.9112431
407	320	9	0.889536
407	224	10	0.874846
464	1042	1	0.7508824
464	2179	2	0.6872147
464	2494	3	0.6812631
464	2664	4	0.5950452
464	1786	5	0.58891356
464	238	6	0.58536065
464	2084	7	0.5638341
464	622	8	0.56088233
464	2721	9	0.556039
464	4035	10	0.55588895
