user_id	item_id	rank	score
88	1449	1	3.9438295
88	213	2	3.9426775
88	311	3	3.9083138
88	495	4	3.729321
88	2942	5	5.125151
88	430	6	3.8039842
88	631	7	3.7517939
88	172	8	4.270842
88	278	9	3.630524
88	1745	10	3.4153411
933	728	1	4.7664256
933	431	2	4.3689766
933	641	3	4.1914196
933	147	4	3.723538
933	620	5	5.6479692
933	935	6	4.0329638
933	73	7	4.1528077
933	3281	8	4.496277
933	479	9	4.094534
933	1281	10	3.4766674
858	370	1	4.7084203
858	185	2	3.6601586
858	728	3	3.8571491
858	635	4	2.6046753
858	1321	5	4.1360188
858	2942	6	4.137059
858	843	7	3.7167795
858	1353	8	4.89056
858	1745	9	3.8614836
858	454	10	3.5228229
884	479	1	5.8563027
884	108	2	5.198674
884	641	3	5.8462095
884	3275	4	4.5000176
884	4016	5	4.7393208
884	935	6	4.7374473
884	215	7	5.393424
884	3281	8	3.9958727
884	874	9	5.2474303
884	1281	10	3.1298473
549	227	1	5.0892196
549	213	2	4.2044086
549	141	3	4.988962
549	320	4	5.4378552
549	71	5	4.9814115
549	935	6	4.366825
549	1129	7	4.3671713
549	172	8	4.794219
549	311	9	4.348626
549	1745	10	3.9263563
67	219	1	3.532728
67	548	2	3.14925
67	886	3	3.3287525
67	408	4	3.3814538
67	71	5	2.6840796
67	935	6	2.3304503
67	227	7	3.263052
67	694	8	3.5753107
67	1410	9	3.070097
67	1745	10	2.3809266
701	227	1	5.1709948
701	821	2	4.9614897
701	3072	3	4.456979
701	901	4	4.7414484
701	71	5	4.9917684
701	935	6	4.273468
701	311	7	4.3973074
701	172	8	5.1359377
701	1452	9	4.4588
701	1449	10	4.365364
742	1011	1	4.7366824
742	185	2	5.1264653
742	63	3	4.7237225
742	635	4	4.203123
742	620	5	5.303082
742	3286	6	3.9891543
742	479	7	4.4882636
742	1199	8	3.871935
742	1745	9	5.7875104
742	728	10	4.406953
930	63	1	4.6154656
930	529	2	4.5235224
930	728	3	4.477091
930	1134	4	4.124528
930	620	5	5.245929
930	935	6	4.321782
930	29	7	4.4529676
930	3281	8	3.889646
930	1602	9	4.578083
930	479	10	4.2627053
781	479	1	4.450765
781	46	2	4.2167797
781	672	3	4.1851234
781	3275	4	4.5320673
781	590	5	5.373992
781	1161	6	3.2828214
781	641	7	4.153984
781	1199	8	4.318521
781	456	9	3.8041754
781	1302	10	3.4459076
878	3073	1	4.551304
878	46	2	4.6944513
878	551	3	3.9061227
878	3275	4	4.536742
878	1983	5	4.9214325
878	935	6	3.1943028
878	641	7	3.895415
878	1199	8	4.111364
878	1023	9	3.3451574
878	156	10	1.9982133
190	311	1	3.936537
190	108	2	2.8999953
190	278	3	3.7680817
190	686	4	2.8286877
190	590	5	3.4621477
190	55	6	1.9960402
190	1449	7	3.73022
190	1310	8	3.103026
190	631	9	3.5713825
190	1602	10	2.939261
682	682	1	4.3885326
682	3342	2	4.380043
682	63	3	4.2208786
682	495	4	3.903629
682	420	5	4.086616
682	1983	6	3.0448298
682	1466	7	3.9984732
682	1353	8	2.832965
682	1745	9	4.4708514
682	732	10	3.6191306
28	843	1	5.4194965
28	721	2	4.7395277
28	63	3	5.268776
28	1134	4	5.215368
28	55	5	4.3670526
28	935	6	3.1773863
28	215	7	4.985641
28	1353	8	4.502297
28	82	9	4.9395623
28	1302	10	2.6531177
799	3073	1	4.0755634
799	201	2	4.1401014
799	244	3	3.2923434
799	3275	4	4.344057
799	1983	5	3.7668028
799	3220	6	2.5025148
799	479	7	3.1259978
799	1732	8	3.3708425
799	1281	9	4.086245
799	73	10	2.9909909
41	717	1	4.663888
41	1697	2	4.573213
41	733	3	4.2198114
41	495	4	4.4314966
41	430	5	4.387046
41	590	6	3.9579635
41	3090	7	4.1835403
41	1310	8	3.573092
41	1745	9	4.141485
41	3072	10	4.1282926
294	1011	1	4.5576587
294	185	2	4.664524
294	63	3	4.367905
294	1134	4	3.5511403
294	620	5	3.9338708
294	3286	6	3.645795
294	728	7	4.285129
294	3281	8	3.4202695
294	1602	9	4.2517633
294	29	10	4.1046567
331	82	1	4.991936
331	108	2	5.350933
331	210	3	4.9076467
331	936	4	4.118213
331	4016	5	4.2886677
331	935	6	4.062636
331	874	7	4.7138567
331	1732	8	3.711122
331	913	9	4.5748167
331	1452	10	2.833633
415	63	1	4.7488422
415	504	2	3.8609893
415	682	3	4.50793
415	635	4	3.9773607
415	620	5	4.3907347
415	935	6	3.6857653
415	843	7	4.297579
415	1199	8	2.7237325
415	1602	9	4.586482
415	73	10	4.1659317
679	3090	1	3.848252
679	821	2	4.529622
679	702	3	3.6691728
679	1134	4	2.5452428
679	1863	5	2.712212
679	3286	6	2.2530818
679	753	7	3.4732056
679	1457	8	2.5569186
679	141	9	3.291101
679	1459	10	2.9326775
493	370	1	4.1969657
493	821	2	3.61652
493	50	3	4.080568
493	635	4	2.2325625
493	1321	5	3.7439888
493	2942	6	3.085537
493	706	7	3.282659
493	144	8	2.3015866
493	1636	9	3.146039
493	1484	10	3.1185539
751	1701	1	4.8540263
751	46	2	4.4390297
751	728	3	4.673151
751	3275	4	4.580158
751	55	5	4.575864
751	935	6	3.1414232
751	3073	7	4.6495175
751	1199	8	3.848584
751	1466	9	4.0459423
751	479	10	4.0150948
8	278	1	3.261138
8	213	2	3.980935
8	515	3	3.1861014
8	635	4	2.0954838
8	1149	5	4.2130384
8	2942	6	2.8254209
8	370	7	3.1744738
8	1353	8	3.606122
8	351	9	3.1400204
8	1484	10	2.1895263
55	3072	1	4.9435177
55	24	2	4.541499
55	2125	3	4.5243196
55	296	4	4.197264
55	4016	5	4.7530727
55	935	6	3.7767863
55	139	7	4.4548197
55	2502	8	3.8542233
55	874	9	4.393882
55	1602	10	4.1370907
262	2390	1	3.4000864
262	403	2	2.9910455
262	839	3	2.863536
262	408	4	3.2386203
262	935	5	3.428074
262	1126	6	1.9744389
262	143	7	2.646749
262	1310	8	3.589968
262	82	9	2.6270695
262	1745	10	2.3873224
376	227	1	4.3260517
376	369	2	3.4413176
376	753	3	4.255821
376	944	4	4.2255554
376	2942	5	4.725322
376	1321	6	2.5461025
376	1129	7	4.1097097
376	1310	8	3.777191
376	1833	9	3.8289664
376	1745	10	3.2034748
760	63	1	4.402728
760	185	2	4.827773
760	1011	3	4.398324
760	2760	4	4.6130834
760	70	5	4.556287
760	3286	6	3.6379213
760	728	7	4.338122
760	3281	8	3.437944
760	1745	9	5.204607
760	29	10	4.1812286
387	372	1	4.4096246
387	231	2	4.415481
387	485	3	4.1017895
387	1713	4	3.4541035
387	620	5	4.720955
387	420	6	3.356052
387	63	7	3.973947
387	172	8	3.5384045
387	682	9	3.9631019
387	1602	10	3.8472314
812	843	1	4.8742824
812	46	2	4.957147
812	73	3	3.8747334
812	754	4	3.5100427
812	1983	5	4.558586
812	935	6	3.4982705
812	479	7	3.856357
812	1732	8	4.112858
812	1281	9	4.018676
812	3074	10	3.822565
395	1449	1	4.653865
395	24	2	3.6132092
395	3072	3	4.574912
395	495	4	4.4483266
395	430	5	4.562931
395	590	6	4.1541834
395	278	7	4.2390394
395	1310	8	3.5646698
395	1410	9	4.122604
395	1602	10	3.183381
654	682	1	4.689414
654	2110	2	3.5252733
654	843	3	4.516455
654	147	4	3.50147
654	620	5	4.5979795
654	590	6	4.020453
654	215	7	4.334104
654	1199	8	3.7848332
654	874	9	4.1797037
654	1602	10	3.59318
579	753	1	5.0718927
579	1582	2	4.1915183
579	654	3	4.7230825
579	495	4	3.9531996
579	1863	5	4.2481523
579	935	6	3.6227841
579	141	7	4.5229435
579	1310	8	3.8787196
579	311	9	4.2610235
579	1602	10	3.118022
39	270	1	3.9000292
39	821	2	3.1534836
39	227	3	3.5714102
39	408	4	3.8350904
39	71	5	3.307606
39	2942	6	3.4697497
39	219	7	3.4798398
39	172	8	3.0519726
39	221	9	3.8426042
39	3096	10	3.43175
824	515	1	3.2705786
824	108	2	3.4568481
824	677	3	3.1129904
824	1014	4	3.4278634
824	1321	5	2.7820358
824	2942	6	2.6523252
824	843	7	3.0305936
824	1353	8	2.5739279
824	911	9	3.6131139
824	187	10	3.0035157
268	641	1	3.8110223
268	848	2	3.4653914
268	73	3	3.3069997
268	3275	4	4.287463
268	55	5	4.675164
268	935	6	2.9961581
268	210	7	3.2063022
268	3281	8	4.36936
268	3074	9	3.1736045
268	1302	10	2.6393285
472	3073	1	4.123306
472	201	2	3.7925754
472	843	3	3.872363
472	635	4	3.9386995
472	1983	5	3.5923147
472	3220	6	3.3228967
472	37	7	3.8174424
472	1732	8	2.9538336
472	1281	9	4.3692174
472	551	10	3.6788993
775	3072	1	3.7425227
775	431	2	2.9789858
775	215	3	3.4015574
775	1134	4	3.1669436
775	55	5	2.735427
775	3286	6	2.4755287
775	874	7	3.1970658
775	1353	8	2.6203184
775	82	9	3.0576723
775	1602	10	2.511942
608	3074	1	5.0919905
608	330	2	3.4037633
608	1011	3	4.041021
608	2135	4	3.2495933
608	2216	5	3.435744
608	1036	6	3.2272735
608	1925	7	3.9720116
608	3281	8	2.6936786
608	539	9	4.1979027
608	920	10	3.9343262
233	1011	1	3.718729
233	516	2	3.1565247
233	843	3	3.5747173
233	754	4	2.6582494
233	620	5	2.9681249
233	3286	6	2.8946385
233	29	7	3.1900208
233	3281	8	2.6178849
233	682	9	3.1249275
233	156	10	2.6321936
920	82	1	4.862924
920	721	2	4.8685303
920	3072	3	4.6540008
920	635	4	4.227901
920	1983	5	3.707791
920	3220	6	2.513032
920	551	7	4.09577
920	1732	8	3.3040295
920	843	9	3.893049
920	3073	10	3.7820268
523	84	1	4.296934
523	548	2	3.843608
523	1016	3	3.3986635
523	408	4	3.9759974
523	2942	5	3.6301389
523	71	6	2.6706414
523	534	7	3.3949199
523	694	8	3.7544103
523	219	9	3.3862116
523	221	10	3.3148303
237	728	1	4.878687
237	488	2	3.2197812
237	1466	3	4.219711
237	3273	4	3.4617913
237	620	5	5.532919
237	3286	6	4.701371
237	3074	7	4.153222
237	3281	8	4.4646354
237	1602	9	4.9788876
237	551	10	4.10754
328	219	1	4.44512
328	1582	2	5.080598
328	839	3	4.3321524
328	243	4	4.7754555
328	1863	5	4.4714937
328	935	6	4.128148
328	258	7	4.1955957
328	172	8	3.7176323
328	2390	9	4.1805677
328	1745	10	2.9647725
424	728	1	4.4337687
424	218	2	3.3361006
424	63	3	4.039115
424	1134	4	3.2854834
424	620	5	4.600691
424	935	6	4.56166
424	1011	7	3.9786477
424	3281	8	2.756046
424	156	9	3.904842
424	1578	10	3.6708622
60	479	1	5.4903293
60	108	2	5.4958544
60	210	3	4.911092
60	3275	4	4.8606997
60	4016	5	4.096344
60	935	6	4.0897655
60	29	7	4.5688896
60	3281	8	4.5502887
60	456	9	4.5522118
60	1452	10	2.9585521
598	3072	1	5.4699907
598	24	2	4.712492
598	1854	3	5.180007
598	296	4	5.44904
598	1321	5	5.120464
598	935	6	4.8197308
598	1139	7	5.0881767
598	2502	8	4.649865
598	49	9	4.9447207
598	1602	10	4.1174245
306	370	1	4.404194
306	1171	2	4.4376583
306	625	3	3.845848
306	3929	4	2.5686293
306	1321	5	3.7329679
306	2060	6	3.7925282
306	515	7	3.8435426
306	3041	8	3.2151923
306	571	9	3.8405316
306	1745	10	3.1136293
842	109	1	3.2630858
842	108	2	4.128935
842	672	3	3.1931186
842	901	4	2.7306533
842	4016	5	3.4650822
842	3286	6	1.9473479
842	2125	7	3.0278883
842	1353	8	3.34819
842	874	9	2.9623542
842	1602	10	2.6665907
136	717	1	4.954401
136	821	2	5.211152
136	733	3	4.58189
136	944	4	3.8459396
136	71	5	4.589257
136	935	6	3.5219638
136	3090	7	4.5758405
136	172	8	4.532854
136	753	9	4.441645
136	1602	10	3.088776
256	3072	1	4.335558
256	46	2	3.80931
256	82	3	3.7802734
256	3275	4	3.5403223
256	1983	5	4.439472
256	590	6	4.2881784
256	479	7	3.6863184
256	3281	8	4.571847
256	1281	9	3.545374
256	641	10	3.3721948
803	1701	1	3.8084
803	46	2	3.5352023
803	843	3	3.699784
803	2760	4	3.8023276
803	70	5	3.7111697
803	3286	6	2.8445196
803	874	7	3.5059254
803	1025	8	2.9091716
803	1484	9	4.378895
803	791	10	3.4251618
361	1374	1	4.0253344
361	369	2	3.919229
361	278	3	3.7792406
361	1277	4	4.225713
361	1863	5	4.559948
361	935	6	4.172087
361	3072	7	3.622995
361	172	8	4.4342623
361	221	9	5.473303
361	143	10	3.5469902
610	2125	1	4.207345
610	2550	2	4.298551
610	874	3	4.156595
610	296	4	4.151036
610	1161	5	4.482482
610	3286	6	3.5513816
610	1139	7	3.9290233
610	2502	8	3.7549965
610	732	9	3.9208462
610	1602	10	3.8358476
488	492	1	2.9800808
488	1194	2	2.3960767
488	3074	3	2.898089
488	3273	4	2.5022285
488	1983	5	3.1712658
488	935	6	2.565811
488	993	7	2.5001922
488	1732	8	3.4280672
488	1303	9	2.496005
488	1156	10	2.4640298
215	215	1	4.073721
215	108	2	3.9536824
215	63	3	3.9789686
215	28	4	3.8794117
215	3286	5	4.8495255
215	55	6	3.5137968
215	19	7	3.658114
215	1732	8	2.2051122
215	539	9	4.5744886
215	1466	10	3.6296382
104	843	1	4.571234
104	431	2	3.9772348
104	1466	3	4.135395
104	754	4	3.3782396
104	1983	5	4.116625
104	3286	6	4.512471
104	73	7	4.011057
104	1732	8	4.3599405
104	3074	9	3.5832896
104	1281	10	3.2777257
905	3073	1	4.140215
905	2110	2	2.961854
905	728	3	3.8748167
905	1134	4	3.6056132
905	590	5	4.7125206
905	4016	6	2.3299866
905	82	7	3.7667744
905	3281	8	3.5012422
905	479	9	3.6550443
905	1302	10	2.8603415
804	874	1	4.3400307
804	231	2	4.4084635
804	311	3	3.9189715
804	439	4	3.914744
804	620	5	4.115691
804	420	6	4.0854573
804	152	7	3.9146626
804	599	8	3.824469
804	227	9	3.9115143
804	221	10	3.8661203
261	682	1	4.5354395
261	529	2	4.282404
261	1011	3	4.482215
261	635	4	3.8737268
261	620	5	4.4337616
261	935	6	4.3841352
261	63	7	4.222759
261	3281	8	3.4388065
261	29	9	4.1146526
261	1602	10	3.9995592
106	728	1	4.0392547
106	218	2	3.2099369
106	843	3	3.9663875
106	635	4	3.4575534
106	620	5	3.6100898
106	3286	6	3.2508698
106	63	7	3.8285043
106	3281	8	2.8697412
106	1602	9	3.7451525
106	682	10	3.7337346
686	682	1	6.095688
686	108	2	4.9457283
686	63	3	5.542346
686	147	4	4.1569552
686	1983	5	5.048197
686	590	6	4.745139
686	215	7	5.0473595
686	1199	8	4.026343
686	1602	9	5.2512903
686	843	10	4.9354
321	805	1	3.5771554
321	218	2	4.3539767
321	728	3	3.4100192
321	2135	4	3.6695547
321	1036	5	3.9027195
321	1149	6	3.078454
321	688	7	3.3293238
321	1353	8	4.3237724
321	1745	9	3.423912
321	1701	10	3.3277655
161	1701	1	4.283785
161	529	2	4.7971463
161	706	3	4.195669
161	2135	4	3.229062
161	1926	5	4.0166206
161	935	6	3.7093437
161	791	7	4.109515
161	1025	8	3.4444675
161	1745	9	4.1172023
161	680	10	3.9442878
846	843	1	4.1929836
846	2108	2	3.2457044
846	0	3	3.9250622
846	147	4	3.758212
846	1161	5	3.5439918
846	3286	6	3.5971518
846	479	7	3.8561006
846	172	8	3.8838258
846	19	9	3.7911398
846	1602	10	3.4309301
89	728	1	4.643018
89	431	2	4.918891
89	73	3	4.474938
89	754	4	2.8996327
89	70	5	4.2819805
89	935	6	3.5475101
89	682	7	3.8755884
89	3281	8	3.7757192
89	1602	9	4.30283
89	1466	10	3.79846
263	3072	1	5.447273
263	24	2	4.775821
263	515	3	5.334136
263	901	4	4.8215156
263	1321	5	5.185186
263	935	6	4.6021414
263	732	7	5.3179264
263	1353	8	3.760586
263	49	9	4.8567624
263	1602	10	4.1728516
72	1011	1	4.896333
72	597	2	3.835924
72	63	3	4.8310976
72	635	4	4.8189735
72	620	5	6.4438524
72	935	6	5.3600936
72	1701	7	4.7278433
72	1353	8	5.3299775
72	1602	9	4.8461237
72	492	10	4.694755
271	82	1	3.6885147
271	201	2	3.033941
271	1701	3	3.640408
271	635	4	3.2302074
271	590	5	4.209514
271	55	6	3.4250872
271	551	7	3.3653383
271	3281	8	3.21099
271	63	9	3.0443594
271	1302	10	2.1799262
735	227	1	3.996324
735	821	2	4.147638
735	219	3	3.9447036
735	320	4	3.804219
735	71	5	3.3953974
735	935	6	3.0293188
735	839	7	3.9386375
735	1310	8	3.569831
735	221	9	3.9725718
735	258	10	3.637684
501	370	1	4.850679
501	213	2	4.9996805
501	905	3	4.008546
501	2135	4	3.9662888
501	1321	5	4.29187
501	2942	6	3.9371955
501	625	7	3.8013687
501	624	8	2.8657498
501	1745	9	3.8191266
501	1701	10	3.7757297
787	73	1	3.4694743
787	848	2	2.9593644
787	3074	3	3.4431684
787	635	4	4.095029
787	620	5	4.602171
787	993	6	3.0220532
787	1732	7	4.2252264
787	3075	8	2.9749582
787	1281	9	3.4229102
787	96	10	2.400427
389	728	1	4.655371
389	431	2	4.4424744
389	551	3	4.3738737
389	3273	4	3.9958813
389	70	5	3.9536843
389	3286	6	3.990224
389	73	7	4.2143564
389	3281	8	3.966598
389	1602	9	4.547248
389	3074	10	4.10826
124	278	1	5.0066414
124	1697	2	5.024953
124	515	3	4.7800226
124	1134	4	4.0111265
124	430	5	4.7831707
124	590	6	4.3571315
124	733	7	4.6167707
124	1310	8	3.6349614
124	1745	9	4.791104
124	3072	10	4.6061
794	479	1	4.2589045
794	504	2	4.664041
794	641	3	4.1089506
794	1134	4	4.0755587
794	620	5	5.095772
794	935	6	4.707005
794	1693	7	3.9168348
794	3281	8	3.8154213
794	1602	9	4.755168
794	920	10	3.8423316
441	479	1	3.687276
441	201	2	3.6733537
441	551	3	3.5650234
441	3275	4	3.8630776
441	1983	5	4.450017
441	3220	6	3.025463
441	641	7	3.3021228
441	1199	8	3.6770568
441	672	9	3.2021713
441	1302	10	3.0390964
382	73	1	2.9193025
382	529	2	3.361992
382	492	3	2.8097944
382	754	4	3.4491186
382	590	5	4.762825
382	70	6	3.2929115
382	530	7	2.605115
382	1732	8	3.5513387
382	1281	9	3.6703107
382	1755	10	2.472259
721	372	1	3.696682
721	231	2	3.910534
721	219	3	3.6574435
721	3929	4	3.0655127
721	225	5	4.40635
721	1926	6	3.5967164
721	278	7	3.4226308
721	1353	8	3.0374608
721	539	9	4.1084547
721	370	10	3.2536755
408	63	1	4.1532726
408	330	2	3.5932994
408	1578	3	3.9476628
408	635	4	3.5796704
408	1983	5	2.8850684
408	3286	6	3.3615353
408	1925	7	3.94357
408	3281	8	3.3405733
408	1602	9	3.7052412
408	706	10	3.6681025
145	219	1	4.388131
145	2550	2	3.6733556
145	732	3	4.1042976
145	147	4	4.51789
145	58	5	4.315938
145	2942	6	3.6918974
145	672	7	4.0117397
145	1199	8	3.8886838
145	1484	9	4.4341187
145	311	10	3.919164
416	913	1	3.645296
416	46	2	4.014695
416	728	3	3.5083065
416	635	4	2.7887306
416	70	5	4.0975814
416	3286	6	2.7152214
416	1011	7	3.3730185
416	1025	8	2.5444307
416	1745	9	3.7789824
416	551	10	3.3597577
179	73	1	4.458953
179	2110	2	4.6406507
179	728	3	4.3794537
179	1134	4	4.2228694
179	935	5	4.7539024
179	4016	6	3.7962842
179	672	7	4.2641363
179	1199	8	4.564768
179	1602	9	4.559844
179	456	10	4.079521
877	311	1	4.9842014
877	24	2	3.6107287
877	1449	3	4.7424183
877	495	4	4.7120304
877	1321	5	4.1429577
877	935	6	4.361147
877	278	7	4.552064
877	1310	8	3.5274963
877	1745	9	4.466821
877	753	10	4.4761834
24	1011	1	4.57242
24	108	2	6.015363
24	728	3	4.431625
24	2760	4	4.008232
24	620	5	4.5203366
24	935	6	4.5374904
24	682	7	4.412629
24	3281	8	3.5509474
24	63	9	4.3678837
24	1602	10	4.0835176
141	4021	1	4.6074944
141	1526	2	3.6710358
141	3072	3	4.2995763
141	901	4	4.3369894
141	1321	5	3.9486787
141	935	6	3.8400455
141	501	7	4.120954
141	2502	8	3.7547245
141	1139	9	4.094632
141	1602	10	3.41859
891	370	1	4.1237154
891	504	2	3.205062
891	53	3	3.7402265
891	4231	4	2.1227126
891	30	5	3.4942503
891	2942	6	2.7303255
891	393	7	3.477289
891	1197	8	3.0746617
891	515	9	3.3685772
891	911	10	2.7214289
319	479	1	4.1398654
319	201	2	4.264016
319	672	3	3.6840935
319	147	4	3.9765441
319	55	5	4.8415174
319	590	6	5.56925
319	551	7	3.5869756
319	3281	8	4.910139
319	1281	9	3.7486014
319	73	10	3.400533
3	84	1	4.9774427
3	671	2	3.146876
3	141	3	4.921953
3	320	4	3.9463801
3	72	5	4.726259
3	935	6	3.1751008
3	1129	7	4.29201
3	1310	8	4.1857023
3	219	9	4.24956
3	1745	10	2.8823957
434	0	1	5.401658
434	24	2	4.717587
434	29	3	5.3470383
434	686	4	4.74145
434	3286	5	5.6782064
434	1161	6	3.225898
434	732	7	5.1382427
434	1353	8	4.0403266
434	1745	9	5.780526
434	63	10	5.0267134
125	479	1	4.9458594
125	46	2	5.0328603
125	73	3	4.390044
125	147	4	4.520597
125	1983	5	5.658248
125	935	6	4.3773685
125	210	7	4.2624264
125	1732	8	4.6466155
125	551	9	4.2128
125	1281	10	3.7966285
391	732	1	3.0285318
391	3352	2	2.9600375
391	791	3	2.932434
391	147	4	2.7630076
391	72	5	3.356402
391	1525	6	3.0028114
391	1091	7	2.76968
391	1199	8	2.2874484
391	682	9	2.5449383
391	1484	10	2.459588
92	3073	1	5.0341434
92	2550	2	5.016106
92	49	3	4.912175
92	3275	4	4.244379
92	1161	5	4.9616632
92	935	6	4.889472
92	95	7	4.806458
92	1353	8	3.788219
92	485	9	4.561095
92	1452	10	4.059079
164	0	1	4.971697
164	213	2	4.178639
164	258	3	4.9311314
164	1277	4	3.9920554
164	71	5	4.793366
164	935	6	3.9910989
164	1449	7	4.3791904
164	172	8	4.628909
164	311	9	4.347171
164	1745	10	4.073393
670	7	1	3.5456185
670	1341	2	3.1383853
670	1087	3	3.3935013
670	439	4	2.492856
670	56	5	2.346286
670	225	6	2.5952125
670	1111	7	3.3632984
670	1353	8	3.2763877
670	2484	9	3.313582
670	1461	10	2.261467
137	215	1	4.2817163
137	108	2	4.2328634
137	682	3	4.002338
137	28	4	4.013362
137	55	5	3.323431
137	590	6	3.627354
137	1701	7	3.8816931
137	1353	8	4.1365204
137	1602	9	4.067466
137	728	10	3.6467962
220	843	1	3.867845
220	45	2	3.4080532
220	50	3	3.818049
220	1134	4	4.018059
220	620	5	3.8441043
220	3286	6	4.349411
220	680	7	3.807673
220	1025	8	2.5672426
220	156	9	3.8635113
220	104	10	3.7810884
309	84	1	4.591854
309	2550	2	3.8337388
309	372	3	4.5537024
309	3929	4	4.368167
309	72	5	4.4277267
309	435	6	3.7113962
309	1139	7	4.001245
309	172	8	4.0028677
309	1484	9	4.1445994
309	219	10	3.8873825
914	73	1	4.289935
914	46	2	3.302713
914	682	3	4.038054
914	1134	4	2.9352915
914	620	5	3.526863
914	3286	6	3.018493
914	728	7	3.6241045
914	1199	8	2.7715888
914	1701	9	3.622971
914	1602	10	3.4736824
94	728	1	4.022071
94	2110	2	4.1921115
94	672	3	3.9268231
94	1134	4	3.9983625
94	935	5	4.243395
94	1161	6	2.9500675
94	456	7	3.8422453
94	1732	8	3.9876769
94	1602	9	4.2824717
94	3074	10	3.8338938
707	728	1	4.8608236
707	46	2	4.5372233
707	479	3	4.2922187
707	3275	4	5.1248574
707	55	5	5.184084
707	590	6	5.77553
707	551	7	3.9229863
707	1199	8	3.9829743
707	3074	9	3.6394916
707	1303	10	2.830807
348	141	1	4.4128504
348	231	2	5.042409
348	1833	3	4.0595417
348	243	4	3.6478992
348	1863	5	3.9391022
348	935	6	2.7673821
348	1129	7	4.0494733
348	694	8	4.1302047
348	227	9	3.780042
348	1745	10	2.7834942
129	1449	1	3.2831507
129	1697	2	4.2633505
129	311	3	3.2506359
129	495	4	3.2412364
129	71	5	4.163615
129	590	6	2.9055073
129	2390	7	3.0270455
129	1310	8	3.3656268
129	221	9	4.5600023
129	515	10	2.9991746
7	543	1	3.6198218
7	902	2	3.3537421
7	408	3	4.303719
7	1410	4	3.1259542
7	72	5	2.925636
7	2942	6	2.405422
7	34	7	3.0895329
7	1310	8	4.0859976
7	630	9	3.051924
7	1459	10	2.6755157
160	3072	1	4.4845467
160	108	2	4.4969482
160	215	3	4.457513
160	147	4	3.582706
160	55	5	3.6629422
160	590	6	4.312684
160	63	7	4.3500047
160	1353	8	3.8647616
160	29	9	4.154676
160	1281	10	3.4051895
248	278	1	4.9588366
248	24	2	4.005807
248	3072	3	4.790792
248	495	4	5.0435762
248	430	5	4.9169083
248	935	6	4.5198298
248	515	7	4.5873003
248	363	8	3.3986218
248	732	9	4.4524126
248	1602	10	3.5344229
247	73	1	3.2516422
247	529	2	3.6565256
247	3074	3	3.244855
247	754	4	3.3390772
247	1983	5	3.990092
247	935	6	2.943941
247	492	7	3.1539788
247	1732	8	3.77735
247	1281	9	3.3771305
247	672	10	2.863831
14	84	1	4.2018414
14	231	2	4.3771944
14	1129	3	4.1748133
14	1277	4	4.089222
14	72	5	4.1805515
14	2942	6	3.4474282
14	886	7	4.0944977
14	694	8	3.7609968
14	3096	9	3.8721333
14	221	10	3.6079798
354	3072	1	5.0062823
354	24	2	4.527778
354	95	3	4.686033
354	3275	4	3.8146226
354	935	5	4.0360746
354	1863	6	2.5723162
354	49	7	4.4896083
354	1353	8	3.5790982
354	3073	9	4.4311304
354	1452	10	4.0078306
802	732	1	3.4231582
802	108	2	3.6875796
802	393	3	3.3685172
802	2365	4	3.2771418
802	160	5	2.4218373
802	2323	6	3.25033
802	599	7	2.8916068
802	62	8	3.1511064
802	1794	9	2.3393617
802	1490	10	2.9221096
182	372	1	4.863284
182	1697	2	4.8750124
182	196	3	4.6113534
182	3929	4	4.4639683
182	622	5	4.761846
182	2942	6	3.815445
182	84	7	4.102757
182	599	8	4.9000545
182	3718	9	4.0965166
182	221	10	4.0476446
592	370	1	4.519218
592	231	2	4.3078766
592	278	3	4.4924417
592	3929	4	3.400694
592	70	5	5.328035
592	2942	6	3.7303426
592	351	7	4.48818
592	1353	8	4.8117814
592	515	9	4.205948
592	1484	10	3.626871
769	732	1	4.0366673
769	108	2	4.1498795
769	625	3	4.027502
769	2584	4	3.8554997
769	2195	5	3.7258773
769	1644	6	3.9126747
769	599	7	3.8250644
769	393	8	3.8904288
769	1794	9	3.1080081
769	1687	10	3.855569
32	728	1	4.6599665
32	46	2	4.619073
32	210	3	4.2224803
32	635	4	4.6600885
32	70	5	3.4861662
32	935	6	4.23041
32	672	7	4.1645346
32	3281	8	4.701837
32	1602	9	5.1762013
32	3074	10	4.122924
546	370	1	4.3654723
546	1171	2	3.1565967
546	791	3	3.9583538
546	2760	4	4.063009
546	1321	5	3.7337098
546	1036	6	3.3250935
546	50	7	3.6478949
546	1353	8	3.6013956
546	1745	9	3.3645968
546	43	10	4.8247395
277	1011	1	4.172144
277	168	2	3.7187316
277	479	3	3.9729414
277	147	4	4.190243
277	71	5	4.5246806
277	590	6	3.1634784
277	732	7	3.9275959
277	3281	8	4.210366
277	1602	9	3.7776268
277	641	10	3.7021313
552	311	1	4.7143183
552	369	2	4.7672825
552	1449	3	4.5461917
552	495	4	4.583761
552	71	5	5.31845
552	935	6	4.408269
552	3072	7	4.362379
552	172	8	5.1796
552	278	9	4.3606577
552	1745	10	4.18168
11	479	1	4.893697
11	46	2	4.7645187
11	641	3	4.771603
11	147	4	4.5881042
11	1161	5	3.3706012
11	935	6	3.9287372
11	1466	7	4.3099165
11	1199	8	4.614595
11	672	9	4.264358
11	1281	10	4.004536
310	29	1	4.9631953
310	24	2	4.4571757
310	63	3	4.770172
310	635	4	3.5717547
310	1983	5	4.8826885
310	590	6	3.6377666
310	843	7	4.676776
310	1353	8	3.8207994
310	1281	9	4.7070622
310	19	10	4.2538285
191	1466	1	4.714213
191	488	2	3.9196777
191	479	3	4.2929196
191	754	4	3.5394018
191	70	5	3.1661186
191	935	6	3.0974836
191	641	7	4.0082555
191	1199	8	4.163212
191	1281	9	4.3833065
191	672	10	3.6955388
607	258	1	4.0412703
607	213	2	3.5372894
607	0	3	4.037825
607	320	4	4.404795
607	71	5	3.9308233
607	935	6	3.067552
607	311	7	3.532879
607	172	8	3.8114169
607	221	9	4.7296143
607	1410	10	3.5104208
97	0	1	4.2328224
97	213	2	3.6678739
97	631	3	3.7413678
97	944	4	3.3715827
97	430	5	3.5152473
97	935	6	3.2499666
97	278	7	3.7215343
97	363	8	3.2028801
97	702	9	3.6764476
97	1602	10	3.1259336
162	49	1	4.2812805
162	1582	2	3.3466818
162	733	3	4.190752
162	1277	4	3.7788906
162	1863	5	3.415906
162	935	6	3.2923641
162	141	7	3.8401618
162	1310	8	2.8257298
162	798	9	3.835443
162	1602	10	2.8522797
935	515	1	5.453027
935	24	2	4.7160344
935	874	3	4.8091245
935	901	4	4.759115
935	1321	5	5.4801702
935	935	6	4.2641945
935	370	7	4.7599688
935	1353	8	3.7169757
935	1139	9	4.652844
935	1602	10	4.258705
398	2390	1	3.826848
398	1919	2	3.3120418
398	227	3	3.8107016
398	320	4	4.4144
398	430	5	3.4413416
398	2942	6	4.1656837
398	1374	7	3.663721
398	1457	8	3.240956
398	886	9	3.2774596
398	1745	10	2.5699944
102	1374	1	3.4646778
102	213	2	3.5169523
102	278	3	3.2553658
102	408	4	3.6957123
102	590	5	3.5262136
102	1126	6	2.6286063
102	62	7	3.1030197
102	1310	8	3.8762138
102	1745	9	3.1797318
102	515	10	2.933175
810	227	1	4.505886
810	821	2	4.5088964
810	278	3	3.677307
810	495	4	3.8557866
810	430	5	4.135339
810	2942	6	4.2625556
810	1449	7	3.4642534
810	14	8	3.8740005
810	221	9	4.6139545
810	631	10	3.4541743
739	73	1	4.1664367
739	431	2	4.863616
739	1578	3	3.76715
739	1134	4	3.2691689
739	58	5	4.139108
739	3286	6	3.4789016
739	920	7	3.448533
739	3281	8	3.4219656
739	1602	9	4.0085006
739	680	10	3.2951732
296	1410	1	4.1789675
296	231	2	3.8034286
296	372	3	3.8830562
296	3929	4	4.2841587
296	72	5	3.2255142
296	935	6	3.2308474
296	611	7	3.7885447
296	1310	8	4.917716
296	1484	9	4.229266
296	630	10	3.7175689
153	271	1	4.0379887
153	2108	2	4.376444
153	798	3	4.0030346
153	3929	4	3.7151651
153	30	5	3.693481
153	225	6	3.6233718
153	1115	7	3.9823663
153	363	8	3.2689319
153	911	9	3.9487183
153	53	10	3.9042559
339	1466	1	3.4975743
339	431	2	3.4809787
339	73	3	3.4022598
339	1134	4	3.3863218
339	3286	5	3.5292652
339	58	6	2.8627434
339	791	7	2.6840203
339	3281	8	3.4128401
339	1281	9	2.8149242
339	993	10	2.6430912
883	215	1	3.986495
883	46	2	3.850987
883	1466	3	3.710762
883	635	4	3.3549411
883	1983	5	3.5193577
883	590	6	3.4868326
883	244	7	3.3860312
883	1199	8	3.120525
883	82	9	3.3360314
883	1303	10	2.495407
320	63	1	4.5202646
320	2108	2	4.0750284
320	210	3	4.306355
320	635	4	4.375674
320	935	5	4.106479
320	1161	6	3.2103665
320	1701	7	4.2246637
320	1732	8	3.9225466
320	3074	9	4.125415
320	1281	10	3.0294814
266	311	1	5.4774323
266	821	2	5.66763
266	1449	3	4.885476
266	495	4	5.861741
266	1321	5	4.2008085
266	278	6	4.7717643
266	2502	7	3.783121
266	515	8	4.4968243
266	1745	9	4.427823
266	1139	10	4.3121614
815	370	1	3.8130887
815	218	2	3.4429321
815	625	3	3.496315
815	754	4	2.7602472
815	2216	5	3.384633
815	2060	6	2.4850273
815	728	7	3.3160152
815	1025	8	3.2331238
815	104	9	3.260127
815	1745	10	2.606008
695	843	1	4.3484793
695	529	2	3.8139853
695	73	3	3.4247777
695	3273	4	2.8628263
695	70	5	3.352929
695	935	6	3.0761294
695	3074	7	3.4179578
695	1732	8	3.8326123
695	1602	9	4.82146
695	479	10	3.330824
666	682	1	4.3295155
666	314	2	3.8865151
666	53	3	4.2846966
666	495	4	3.942097
666	420	5	3.9353068
666	1983	6	2.7218618
666	2931	7	3.9331388
666	1353	8	2.9403331
666	1602	9	4.0164886
666	4897	10	3.741949
712	1115	1	4.8009796
712	1582	2	4.3629513
712	753	3	4.6976223
712	944	4	4.5450926
712	1863	5	3.7542853
712	590	6	2.995686
712	798	7	4.609676
712	1310	8	4.058546
712	1452	9	5.367693
712	1833	10	4.0947223
588	3074	1	3.459629
588	431	2	3.738185
588	728	3	3.3983185
588	1134	4	3.0933504
588	3286	5	3.23122
588	1983	6	2.3882477
588	73	7	3.3916326
588	3281	8	2.9074092
588	3075	9	3.3174875
588	156	10	2.6321948
728	733	1	4.5156126
728	1582	2	3.7828627
728	141	3	4.3953147
728	495	4	4.308986
728	430	5	4.4551077
728	590	6	4.024253
728	3090	7	4.33156
728	1310	8	3.5180783
728	753	9	4.2824936
728	1745	10	3.8037512
731	73	1	4.5877514
731	529	2	4.6008015
731	63	3	4.5170355
731	635	4	4.3220963
731	620	5	5.893505
731	935	6	5.0794487
731	1011	7	4.4769487
731	1732	8	4.768505
731	1602	9	4.510068
731	728	10	4.3746977
462	311	1	3.9241967
462	821	2	4.4170485
462	161	3	3.6969404
462	495	4	4.1185246
462	1321	5	3.017816
462	3286	6	1.8851931
462	278	7	3.669537
462	1310	8	2.718881
462	1452	9	3.7207465
462	732	10	3.6181414
795	73	1	4.5472994
795	431	2	4.6175327
795	3074	3	4.389187
795	3273	4	3.8648155
795	620	5	5.3917007
795	935	6	4.026784
795	492	7	4.3654776
795	3281	8	4.1612425
795	479	9	4.2806225
795	1281	10	3.2028072
915	1011	1	4.6027336
915	24	2	4.029817
915	0	3	4.5794845
915	686	4	4.1701517
915	430	5	4.3202906
915	3286	6	4.4935503
915	29	7	4.39167
915	1353	8	3.7331882
915	1745	9	4.8136806
915	95	10	4.215611
115	311	1	4.53504
115	1582	2	3.8808978
115	141	3	4.3099937
115	495	4	4.311722
115	71	5	4.9810615
115	590	6	3.8106947
115	654	7	4.305924
115	363	8	3.5351772
115	278	9	4.2354255
115	1745	10	4.096023
696	682	1	5.0122194
696	213	2	3.8129258
696	29	3	4.305771
696	147	4	3.5488758
696	3286	5	4.90026
696	71	6	3.7959564
696	485	7	4.054392
696	172	8	3.9703922
696	1745	9	4.358616
696	196	10	3.8483577
324	1701	1	4.74946
324	2108	2	4.4180803
324	728	3	4.471621
324	3275	4	4.617549
324	55	5	4.5093517
324	3286	6	4.9171505
324	109	7	4.1477966
324	3281	8	4.731827
324	1281	9	3.8965716
324	1466	10	3.8288183
352	73	1	4.7417574
352	185	2	5.195587
352	1701	3	4.721428
352	635	4	4.3906527
352	620	5	5.914504
352	3286	6	4.0264826
352	63	7	4.69899
352	1353	8	5.383982
352	1602	9	4.614613
352	728	10	4.373378
334	215	1	5.5740767
334	721	2	5.09958
334	63	3	5.53301
334	635	4	4.921857
334	55	5	4.6320953
334	935	6	3.5446541
334	1701	7	5.0590334
334	1353	8	5.2647457
334	479	9	5.046377
334	1281	10	4.3840666
33	682	1	3.665588
33	431	2	2.688373
33	244	3	3.249601
33	2760	4	2.1181612
33	590	5	4.4138374
33	620	6	3.5992165
33	843	7	3.2116818
33	1602	8	4.61765
33	1199	9	1.9271958
33	1023	10	2.9840913
602	2101	1	4.296571
602	218	2	4.641247
602	843	3	4.1589117
602	147	4	2.6388483
602	1321	5	4.595113
602	1003	6	3.0643172
602	805	7	4.151794
602	1595	8	2.6259704
602	1484	9	4.1769195
602	680	10	3.7761586
669	682	1	4.5526686
669	2110	2	2.8618383
669	3073	3	4.2152543
669	147	4	2.7521505
669	590	5	5.046101
669	1983	6	3.5994344
669	843	7	4.1165013
669	1732	8	3.781327
669	479	9	3.5792427
669	1281	10	2.8939996
278	728	1	4.982488
278	721	2	4.5115952
278	215	3	4.7282896
278	147	4	3.548774
278	55	5	4.007361
278	590	6	4.3597946
278	843	7	4.635005
278	1199	8	3.7696228
278	3072	9	4.125163
278	1302	10	3.5357504
128	753	1	5.0534763
128	1919	2	3.4449787
128	1833	3	4.3650475
128	944	4	4.7970676
128	1126	5	2.7102714
128	590	6	3.002963
128	227	7	4.2385945
128	1310	8	4.2138166
128	221	9	4.60151
128	839	10	4.081569
343	73	1	4.156386
343	529	2	4.014782
343	3074	3	4.1557894
343	3273	4	4.0398736
343	58	5	3.2548108
343	935	6	3.0726285
343	1368	7	3.81099
343	3281	8	3.1856909
343	3075	9	3.7663383
343	1602	10	3.7409348
626	63	1	5.547743
626	108	2	5.018883
626	29	3	5.509663
626	635	4	4.3044043
626	590	5	4.9311357
626	55	6	3.839415
626	843	7	5.39773
626	1199	8	4.4991336
626	1602	9	5.335
626	242	10	5.0848355
350	843	1	4.4427557
350	201	2	4.4068565
350	3074	3	3.1502905
350	754	4	3.8221526
350	70	5	3.5856376
350	114	6	2.6417537
350	73	7	3.1420977
350	1732	8	3.8308253
350	1302	9	3.9007683
350	807	10	3.130873
38	84	1	4.086615
38	108	2	4.185648
38	351	3	4.07761
38	3929	4	2.913794
38	1926	5	3.5035634
38	2942	6	2.85792
38	791	7	3.9432726
38	1353	8	3.3616192
38	62	9	3.9200728
38	1484	10	3.066228
867	3072	1	4.813776
867	821	2	5.543225
867	311	3	4.688102
867	320	4	5.678731
867	71	5	5.431942
867	935	6	4.7204404
867	1449	7	4.526351
867	1310	8	3.749195
867	221	9	5.9931374
867	278	10	4.345476
800	49	1	3.7366686
800	821	2	4.4698853
800	311	3	3.7295935
800	495	4	3.3123581
800	71	5	4.215993
800	590	6	2.9228725
800	717	7	3.7073493
800	172	8	3.9085155
800	654	9	3.7061214
800	1602	10	2.8765671
49	311	1	4.903342
49	1697	2	5.0842743
49	733	3	4.8636303
49	944	4	4.3088284
49	1321	5	3.946151
49	590	6	4.2075987
49	654	7	4.8558245
49	172	8	5.401046
49	3072	9	4.713704
49	1602	10	3.2720325
830	515	1	4.77938
830	821	2	5.719735
830	485	3	4.34082
830	3275	4	4.936515
830	1321	5	4.6163616
830	3286	6	2.8035007
830	7	7	4.1502924
830	1353	8	3.7118282
830	1745	9	4.730957
830	1854	10	4.051036
457	728	1	4.148072
457	185	2	4.22109
457	905	3	3.930754
457	2135	4	3.574636
457	2942	5	4.4357367
457	1983	6	3.0657125
457	843	7	3.9269485
457	1025	8	3.6294684
457	1745	9	4.5077
457	874	10	3.794155
744	3090	1	4.2558737
744	1697	2	4.576689
744	798	3	4.040093
744	944	4	4.0020227
744	1321	5	3.184411
744	935	6	2.6896815
744	49	7	4.0133104
744	1310	8	2.8536205
744	753	9	3.981912
744	3138	10	3.4834647
454	753	1	4.8323812
454	821	2	3.7290444
454	1833	3	4.476964
454	944	4	4.84254
454	71	5	2.7444594
454	935	6	2.5652027
454	141	7	4.4341097
454	363	8	2.6933167
454	839	9	4.1856813
454	1459	10	3.0444632
206	3073	1	4.256282
206	46	2	3.982576
206	479	3	3.8129926
206	3275	4	4.232943
206	55	5	4.4494886
206	935	6	2.9967375
206	672	7	3.7236106
206	1199	8	3.835081
206	1602	9	5.463105
206	514	10	3.5798411
613	3074	1	4.31769
613	431	2	4.2724094
613	682	3	4.269171
613	3273	4	3.584926
613	620	5	4.290925
613	3286	6	3.0922217
613	73	7	3.8605704
613	3281	8	2.9971972
613	728	9	3.6912355
613	156	10	2.876994
619	29	1	5.5521603
619	108	2	5.1111894
619	63	3	5.52609
619	3275	4	3.8562732
619	55	5	4.0754457
619	590	6	5.054782
619	843	7	5.4355745
619	1353	8	4.9183
619	1602	9	5.3396387
619	215	10	5.2010703
938	370	1	4.249376
938	46	2	3.8080297
938	1701	3	3.9315014
938	3929	4	3.6826031
938	2942	5	3.8727703
938	485	6	3.7131083
938	624	7	2.159178
938	515	8	3.5684342
938	1602	9	2.6303642
938	913	10	3.522827
239	63	1	3.9681911
239	431	2	3.3023005
239	210	3	3.655357
239	635	4	3.7056274
239	55	5	3.8865752
239	935	6	3.5862832
239	1701	7	3.5328298
239	1732	8	3.4166102
239	73	9	3.4515948
239	1281	10	2.5917783
575	49	1	3.749118
575	1761	2	3.2492971
575	874	3	3.1110535
575	1134	4	2.7097797
575	1321	5	3.558477
575	590	6	3.1060138
575	717	7	3.106824
575	3281	8	2.399341
575	1410	9	3.0808308
575	1602	10	2.6673093
166	3075	1	3.7354698
166	529	2	5.105932
166	843	3	3.6774235
166	635	4	3.97819
166	58	5	3.9017873
166	3286	6	3.7180104
166	905	7	3.6140752
166	1025	8	2.480379
166	682	9	3.6121945
166	156	10	3.288228
31	1129	1	4.4344645
31	548	2	3.2071874
31	84	3	4.2081857
31	320	4	3.6215262
31	71	5	3.3381991
31	2942	6	3.3713603
31	258	7	3.8161936
31	1457	8	3.329451
31	1484	9	4.4983053
31	0	10	3.5806751
467	1374	1	4.5346766
467	1697	2	5.576833
467	216	3	4.233438
467	1277	4	4.4107437
467	622	5	4.2509623
467	2942	6	3.237282
467	886	7	4.149541
467	1310	8	3.7622526
467	1833	9	4.1472983
467	919	10	3.4231458
345	141	1	4.1693997
345	1582	2	3.5436966
345	278	3	3.9745998
345	944	4	3.2504926
345	590	5	3.6929302
345	1126	6	2.1133769
345	1129	7	3.799323
345	1310	8	3.4305
345	1745	9	3.8725853
345	733	10	3.7696528
849	515	1	5.1067233
849	24	2	3.9539514
849	3072	3	4.628471
849	1134	4	4.512547
849	1321	5	5.019702
849	590	6	4.2648897
849	732	7	4.5583873
849	172	8	5.731304
849	874	9	4.4837213
849	1602	10	4.0638647
831	1701	1	4.8668222
831	46	2	4.599811
831	728	3	4.7553077
831	754	4	3.268281
831	70	5	3.2396178
831	935	6	3.6698604
831	479	7	4.482673
831	1732	8	3.9630651
831	641	9	4.3278546
831	156	10	2.248292
567	728	1	4.366993
567	529	2	4.5565147
567	63	3	4.3105288
567	1134	4	4.109685
567	620	5	4.019161
567	1466	6	4.1301775
567	3281	7	3.8782969
567	1745	8	5.306417
567	3074	9	4.1215715
567	682	10	4.0934567
506	1466	1	4.3272867
506	46	2	4.814636
506	551	3	4.033682
506	635	4	4.928772
506	55	5	5.394822
506	935	6	3.910576
506	672	7	4.005448
506	1199	8	4.396002
506	73	9	3.8769555
506	1302	10	3.1100867
730	73	1	3.369026
730	488	2	3.6718478
730	1023	3	2.8387668
730	754	4	3.695509
730	1983	5	3.0872266
730	114	6	3.08901
730	244	7	2.8121884
730	1732	8	3.6597288
730	1302	9	2.8843586
730	3074	10	2.7358537
213	19	1	4.304759
213	821	2	3.6652708
213	270	3	4.1657534
213	1277	4	4.749546
213	71	5	3.213842
213	2942	6	3.9021351
213	219	7	3.7552512
213	1310	8	4.426962
213	221	9	3.9812293
213	844	10	3.5163822
624	682	1	3.57997
624	614	2	3.0709515
624	73	3	3.5292716
624	635	4	3.7332222
624	620	5	4.0242224
624	935	6	1.9308177
624	492	7	3.2546442
624	1732	8	3.467261
624	1302	9	3.1885118
624	514	10	3.117126
536	728	1	4.691742
536	431	2	4.864751
536	682	3	4.643633
536	1134	4	4.104991
536	620	5	4.693362
536	3286	6	4.190913
536	843	7	4.569519
536	1199	8	3.0340548
536	1602	9	4.6508846
536	479	10	3.5742798
481	210	1	4.8451557
481	2108	2	4.618201
481	672	3	4.510692
481	147	4	4.776415
481	4016	5	4.0412645
481	935	6	4.5585833
481	456	7	4.291366
481	1199	8	4.7419014
481	728	9	4.08681
481	1281	10	3.0913215
852	1139	1	4.1517963
852	1761	2	3.4066014
852	0	3	3.8763433
852	320	4	3.690013
852	71	5	3.7651846
852	2942	6	3.7058628
852	219	7	3.8016856
852	363	8	2.2880094
852	1484	9	4.21175
852	1410	10	3.765972
514	3072	1	3.3385212
514	721	2	3.7050166
514	551	3	3.2669926
514	635	4	3.6506462
514	55	5	3.2151268
514	590	6	3.4707062
514	82	7	3.1587834
514	1199	8	2.7470913
514	1281	9	3.7164404
514	1200	10	2.5895543
107	161	1	3.9999013
107	821	2	4.3189473
107	311	3	3.6972132
107	495	4	4.245984
107	1161	5	4.1039267
107	732	6	3.588582
107	1732	7	2.8790286
107	82	8	3.5323997
107	1452	9	3.7307687
107	95	10	3.5322888
156	479	1	4.585619
156	201	2	4.0525455
156	672	3	4.0925922
156	147	4	4.29118
156	1983	5	5.5201845
156	935	6	3.3765228
156	210	7	3.7574673
156	1732	8	3.5273104
156	456	9	3.512848
156	1303	10	2.8853931
77	682	1	5.8002834
77	721	2	4.2539415
77	63	3	5.219233
77	635	4	4.15188
77	55	5	3.9140124
77	590	6	4.597453
77	3072	7	4.783863
77	1353	8	4.2682953
77	843	9	4.675089
77	1302	10	2.799643
690	73	1	4.3322945
690	529	2	4.554303
690	3074	3	4.120635
690	635	4	4.7953906
690	1983	5	4.398611
690	935	6	3.6008694
690	479	7	3.701707
690	1732	8	4.7577553
690	3075	9	3.5943089
690	156	10	2.837902
83	141	1	5.1714354
83	1919	2	3.4560761
83	753	3	4.975804
83	1277	4	3.5988908
83	1126	5	3.074562
83	590	6	2.8161182
83	1129	7	4.397892
83	1457	8	3.7409317
83	1833	9	4.338646
83	1602	10	2.4863105
928	913	1	3.883206
928	821	2	5.404542
928	874	3	3.772676
928	3273	4	3.6238003
928	4016	5	3.9161012
928	3286	6	2.7727988
928	139	7	3.6549373
928	1353	8	4.1725636
928	1745	9	4.465608
928	672	10	3.651195
449	278	1	4.6884327
449	1697	2	4.281518
449	515	3	4.365884
449	495	4	5.086578
449	430	5	5.1747456
449	935	6	4.9603205
449	1410	7	4.242103
449	1310	8	3.5979652
449	141	9	4.182025
449	1602	10	3.3832011
146	717	1	4.9757876
146	821	2	5.0026646
146	733	3	4.889
146	901	4	5.6792035
146	71	5	4.91527
146	935	6	4.471018
146	141	7	4.597886
146	172	8	4.784853
146	3090	9	4.5607166
146	1745	10	3.8898945
1	7	1	6.170927
1	46	2	5.190428
1	3072	3	5.9403152
1	1134	4	4.533496
1	1983	5	4.1853275
1	3286	6	4.557584
1	1011	7	5.3259716
1	1732	8	4.5057497
1	3073	9	5.158683
1	1602	10	5.0386252
643	682	1	4.918357
643	108	2	4.08675
643	514	3	3.3922534
643	28	4	4.416725
643	1983	5	3.2156987
643	590	6	3.467847
643	843	7	3.1325786
643	1199	8	2.473538
643	417	9	2.9611773
643	82	10	2.8433614
98	682	1	4.9437613
98	24	2	5.1319475
98	242	3	4.395367
98	635	4	3.666502
98	420	5	5.4746904
98	1983	6	3.6893895
98	215	7	4.256571
98	1353	8	4.508913
98	1602	9	5.243094
98	1701	10	4.229108
563	215	1	4.100294
563	721	2	3.712428
563	728	3	3.5901961
563	635	4	3.2761867
563	55	5	3.1988964
563	590	6	3.918025
563	3072	7	3.4887116
563	1199	8	3.0833588
563	37	9	3.3036122
563	1302	10	3.1449447
615	843	1	4.0769873
615	46	2	3.0780907
615	215	3	3.7840683
615	635	4	3.0370622
615	1983	5	3.6547713
615	590	6	3.3496845
615	728	7	3.690261
615	1353	8	3.611228
615	1701	9	3.6267931
615	1302	10	2.2688837
254	728	1	4.5682597
254	46	2	4.2338576
254	456	3	4.3400483
254	1134	4	5.074918
254	4016	5	3.787944
254	935	6	4.2882113
254	73	7	3.9304452
254	3281	8	4.5254784
254	109	9	3.9179988
254	1281	10	3.5396712
759	73	1	4.024511
759	529	2	4.0081353
759	682	3	3.775487
759	635	4	4.3286085
759	590	5	5.434648
759	620	6	4.28111
759	492	7	3.613068
759	1732	8	4.3296986
759	1281	9	3.749864
759	843	10	3.4717646
258	732	1	4.0181627
258	24	2	3.9143763
258	215	3	3.8248615
258	296	4	3.1870317
258	1321	5	3.9779644
258	590	6	3.6539207
258	874	7	3.7484584
258	3281	8	3.0245423
258	485	9	3.5039885
258	1602	10	3.0527444
453	874	1	3.567246
453	108	2	3.9443855
453	2125	3	3.5352747
453	1134	4	3.1551263
453	4016	5	3.6923606
453	935	6	3.4750962
453	1011	7	3.1388655
453	1353	8	3.1790404
453	1602	9	3.2881837
453	948	10	3.0696743
135	753	1	4.235696
135	213	2	2.8614943
135	227	3	4.0198793
135	944	4	4.0021367
135	590	5	2.8565881
135	1321	6	1.9209005
135	839	7	3.473938
135	172	8	3.500359
135	2390	9	3.20041
135	1745	10	2.5805964
637	3074	1	4.1897783
637	201	2	4.866837
637	3275	3	5.3359785
637	3075	4	3.8530803
637	590	5	5.7678146
637	70	6	3.2082038
637	479	7	3.7619536
637	1732	8	4.220063
637	73	9	3.6904106
637	156	10	2.6039243
365	3072	1	4.8775997
365	369	2	5.0195856
365	515	3	4.674181
365	495	4	5.085736
365	71	5	5.6842136
365	590	6	4.2545686
365	733	7	4.2144337
365	363	8	3.783298
365	913	9	4.180765
365	1602	10	3.6209006
726	479	1	4.64432
726	46	2	5.146803
726	73	3	4.2096915
726	635	4	4.85058
726	70	5	3.9849641
726	935	6	4.26989
726	672	7	3.8920932
726	1732	8	4.546828
726	210	9	3.8714254
726	156	10	2.8104415
814	49	1	4.5598884
814	2550	2	4.2987604
814	2125	3	4.4529505
814	296	4	4.514664
814	1321	5	4.353891
814	3286	6	2.8979993
814	1854	7	4.307749
814	1353	8	3.232152
814	1139	9	4.2563176
814	1602	10	3.40173
246	82	1	4.9673066
246	201	2	4.4100604
246	1466	3	4.8179865
246	147	4	3.5733266
246	1983	5	4.663412
246	114	6	3.0860817
246	728	7	4.8098125
246	1732	8	3.683907
246	3073	9	4.5978518
246	1281	10	4.3419724
419	215	1	4.300435
419	721	2	3.8956046
419	28	3	4.988429
419	3073	4	3.5130167
419	590	5	3.8348289
419	843	6	3.5058243
419	1353	7	3.2712097
419	1701	8	3.4080372
419	1602	9	4.1904
419	728	10	3.0713186
820	63	1	3.8024106
820	108	2	3.6475506
820	728	3	3.4123693
820	635	4	3.659021
820	2800	5	2.9808064
820	590	6	3.274708
820	1701	7	3.182194
820	3281	8	4.0113854
820	1602	9	4.1615467
820	1139	10	3.0168352
517	732	1	3.7115378
517	108	2	3.0291183
517	1831	3	3.6814864
517	439	4	2.7939544
517	2365	5	2.6971693
517	2084	6	2.6207616
517	393	7	3.5142746
517	1353	8	2.8330193
517	625	9	3.4615705
517	1794	10	2.959511
198	3074	1	4.893097
198	2108	2	4.9260435
198	672	3	4.8578215
198	936	4	4.3174376
198	55	5	4.815917
198	935	6	5.227831
198	456	7	4.633865
198	1353	8	4.47424
198	139	9	4.5518827
198	1602	10	4.067567
936	551	1	3.845787
936	431	2	3.445536
936	3275	3	4.719547
936	73	4	3.3856487
936	1983	5	4.099102
936	935	6	2.8349447
936	479	7	3.226614
936	1732	8	3.7453303
936	492	9	3.1885638
936	641	10	3.0469346
326	84	1	4.070923
326	821	2	3.4291086
326	152	3	3.5546029
326	243	4	3.025792
326	72	5	3.4618695
326	2942	6	3.3378158
326	219	7	3.458005
326	694	8	3.424489
326	221	9	3.0998843
326	3096	10	2.9732237
811	682	1	5.9140186
811	108	2	5.1077228
811	3072	3	5.2241206
811	1134	4	4.81876
811	55	5	4.1260667
811	935	6	2.8729978
811	843	7	5.1086416
811	1353	8	4.178612
811	1011	9	4.9755697
811	1602	10	4.9115
370	479	1	5.019993
370	529	2	4.613147
370	728	3	4.9094357
370	3273	4	4.021237
370	55	5	6.0046306
370	935	6	5.0260787
370	73	7	4.798872
370	1199	8	4.407728
370	492	9	4.713271
370	156	10	3.5878034
48	63	1	4.56567
48	108	2	4.2438617
48	3072	3	4.563391
48	1134	4	4.846889
48	1321	5	5.5472183
48	590	6	4.4191647
48	1011	7	4.5450172
48	1353	8	3.889939
48	1602	9	4.547044
48	95	10	4.519222
505	515	1	3.8015995
505	1697	2	3.9407885
505	753	3	3.6482625
505	635	4	3.4277177
505	430	5	3.6332765
505	935	6	3.2576222
505	278	7	3.607588
505	172	8	4.357928
505	1745	9	3.950398
505	654	10	3.4919646
548	1139	1	3.7281623
548	2550	2	4.048498
548	948	3	3.7030296
548	936	4	4.039612
548	1161	5	3.9269419
548	3286	6	3.2898016
548	501	7	3.6610322
548	3281	8	2.7475924
548	1602	9	3.4409592
548	1854	10	3.4264045
832	19	1	4.5226736
832	1761	2	3.7454586
832	733	3	4.0357604
832	944	4	3.550793
832	1321	5	3.5397308
832	590	6	3.2505322
832	278	7	3.6398408
832	363	8	3.2491307
832	654	9	3.5147448
832	1602	10	2.9901695
880	1011	1	3.600078
880	185	2	3.494845
880	1701	3	3.2174025
880	3273	4	2.2461386
880	4016	5	2.6833866
880	3286	6	2.9172115
880	73	7	3.1076431
880	3281	8	3.045224
880	728	9	3.0918217
880	156	10	2.1913805
937	311	1	4.925789
937	369	2	4.7074466
937	141	3	4.837757
937	495	4	4.609373
937	935	5	4.423853
937	1449	6	4.8215094
937	172	7	5.30551
937	278	8	4.492859
937	1745	9	4.4608145
937	631	10	4.4758887
234	641	1	5.207249
234	108	2	4.22937
234	63	3	4.7651863
234	635	4	4.5175266
234	590	5	4.237093
234	55	6	2.8378186
234	4021	7	4.411933
234	2502	8	3.904972
234	95	9	4.3343143
234	3138	10	2.7965798
355	215	1	3.9499245
355	721	2	3.9044595
355	3072	3	3.801985
355	635	4	3.5859675
355	55	5	3.1573
355	3220	6	2.3300622
355	82	7	3.511294
355	1353	8	3.9384604
355	551	9	3.031498
355	1302	10	2.4404263
932	654	1	4.362523
932	1582	2	3.6939216
932	753	3	4.1919584
932	944	4	3.842212
932	1863	5	3.4928894
932	590	6	3.0469623
932	1115	7	3.6859841
932	1310	8	3.4690971
932	311	9	3.674311
932	1745	10	3.4292984
617	311	1	4.4994497
617	213	2	4.2911587
617	278	3	4.1007605
617	944	4	4.412795
617	430	5	4.2029204
617	935	6	4.3922896
617	1410	7	3.976362
617	1310	8	4.097808
617	1745	9	4.0570545
617	1833	10	3.9334373
15	19	1	3.8203938
15	821	2	3.8203192
15	219	3	3.7705743
15	1277	4	5.00356
15	2942	5	4.0454617
15	1343	6	3.0198069
15	543	7	3.5405679
15	694	8	4.1391134
15	221	9	3.816637
15	534	10	3.5098205
61	29	1	5.60917
61	108	2	4.9762497
61	63	3	5.5449953
61	635	4	4.378745
61	55	5	3.9310358
61	590	6	4.8363595
61	843	7	5.4415464
61	1353	8	4.9334264
61	1602	9	5.2866535
61	242	10	5.080245
438	728	1	4.7853184
438	46	2	4.8695884
438	843	3	4.379397
438	1134	4	4.233041
438	620	5	4.6872263
438	3286	6	4.025606
438	1466	7	3.9694579
438	3281	8	3.82828
438	1602	9	4.5843678
438	492	10	3.8079982
407	1011	1	4.9472346
407	504	2	3.9420953
407	63	3	4.920891
407	1134	4	4.158735
407	620	5	5.2445707
407	3286	6	4.2484603
407	728	7	4.6135254
407	3281	8	3.9637296
407	1602	9	4.6817822
407	73	10	4.582476
756	728	1	4.54292
756	529	2	4.689679
756	843	3	4.402766
756	635	4	3.649622
756	620	5	4.07871
756	3286	6	3.6614127
756	682	7	4.351315
756	3281	8	3.3128855
756	1745	9	5.1153507
756	63	10	4.191006
466	3074	1	3.4211066
466	431	2	3.3513944
466	479	3	3.3571312
466	147	4	2.9051356
466	3286	5	4.909256
466	1983	6	3.942368
466	492	7	3.242968
466	1732	8	3.7548232
466	1281	9	3.686174
466	641	10	3.1298423
288	82	1	5.0080175
288	46	2	4.5631638
288	843	3	4.459521
288	3275	4	4.3463516
288	590	5	5.069837
288	1983	6	4.019854
288	3073	7	4.234776
288	1732	8	3.4828286
288	551	9	3.888964
288	1303	10	2.513044
302	1139	1	4.7817907
302	1761	2	4.0388293
302	515	3	4.358983
302	495	4	4.0657835
302	1321	5	4.173642
302	935	6	3.1650515
302	139	7	4.23617
302	2502	8	4.576754
302	3251	9	4.1853294
302	3138	10	3.607401
436	682	1	5.333558
436	185	2	4.956337
436	874	3	4.9355636
436	1134	4	3.8993979
436	620	5	5.1375904
436	3286	6	3.8567562
436	1701	7	4.7154813
436	1199	8	3.7738523
436	1745	9	5.4604864
436	1011	10	4.5904155
616	227	1	3.9197907
616	821	2	4.3395233
616	141	3	3.829944
616	320	4	4.006675
616	71	5	3.6187263
616	935	6	2.9493093
616	258	7	3.7541327
616	172	8	3.5212817
616	19	9	3.7341826
616	1745	10	3.2586415
252	1388	1	3.371144
252	548	2	3.3379552
252	1868	3	3.2480016
252	1277	4	3.988349
252	1863	5	4.4466887
252	935	6	3.8304765
252	1016	7	3.2219658
252	1310	8	3.929531
252	3096	9	3.194911
252	1745	10	3.1115057
693	3075	1	3.8962717
693	431	2	4.4664783
693	1368	3	3.7967157
693	2760	4	3.7725184
693	58	5	3.8105192
693	3286	6	3.3847487
693	843	7	3.535459
693	3281	8	3.237858
693	1602	9	3.956293
693	682	10	3.4482014
596	682	1	4.8814964
596	108	2	4.1813993
596	242	3	4.2349358
596	28	4	4.843633
596	620	5	5.1496716
596	590	6	3.6625338
596	19	7	4.2051964
596	172	8	5.1647186
596	1281	9	4.276414
596	215	10	3.9403014
240	351	1	3.0015194
240	1026	2	3.375623
240	682	3	2.935615
240	28	4	2.598148
240	51	5	2.7820954
240	2942	6	2.9133372
240	843	7	2.9259658
240	694	8	2.6305757
240	219	9	2.9148529
240	1484	10	2.8525863
631	791	1	4.0669146
631	821	2	4.3321743
631	1701	3	3.9921062
631	2760	4	4.650747
631	1321	5	4.5684767
631	1036	6	3.3999739
631	1578	7	3.866839
631	1025	8	3.6324394
631	1745	9	3.9089441
631	920	10	3.7055206
157	3074	1	3.2546487
157	529	2	3.6179457
157	73	3	3.1658485
157	635	4	3.5794723
157	620	5	4.2034473
157	590	6	4.671528
157	1333	7	2.9433303
157	1199	8	2.3362024
157	492	9	2.818565
157	1302	10	2.6409674
174	654	1	4.855961
174	1761	2	5.228524
174	753	3	4.7414446
174	3929	4	4.358294
174	622	5	4.4659805
174	2942	6	3.4388697
174	351	7	4.6763544
174	599	8	4.131527
174	141	9	4.6590214
174	1484	10	3.9868813
422	682	1	5.079203
422	185	2	4.4694133
422	641	3	4.545084
422	1134	4	3.830943
422	620	5	5.155963
422	3286	6	3.5229793
422	479	7	4.3895297
422	1199	8	3.761038
422	1011	9	4.245386
422	1602	10	4.0471
299	843	1	4.7390065
299	529	2	3.7139554
299	479	3	3.7256274
299	147	4	3.0571573
299	935	5	3.3511102
299	58	6	2.6215875
299	551	7	3.673851
299	3281	8	3.9653642
299	641	9	3.6016488
299	1281	10	3.0381522
916	682	1	5.6132274
916	46	2	4.651263
916	728	3	4.968318
916	754	4	3.667509
916	1983	5	4.487158
916	935	6	3.335734
916	843	7	4.823491
916	1732	8	4.2009053
916	479	9	4.039853
916	1302	10	2.781987
533	728	1	5.108474
533	431	2	4.358229
533	479	3	4.51184
533	147	4	4.017847
533	70	5	3.5807877
533	935	6	3.9201975
533	73	7	4.2438498
533	3281	8	4.6034117
533	1466	9	4.1393757
533	1281	10	3.4336085
152	82	1	4.868862
152	46	2	4.424488
152	1466	3	4.492886
152	635	4	4.385169
152	55	5	4.70313
152	590	6	5.0348387
152	3073	7	4.0360155
152	1199	8	3.4992564
152	551	9	3.7915149
152	1281	10	3.7274067
336	1466	1	3.6450973
336	57	2	3.0588284
336	1925	3	3.4492183
336	635	4	3.1155977
336	935	5	3.113627
336	620	6	1.8663511
336	1011	7	3.4099116
336	3281	8	1.9759889
336	156	9	3.1380353
336	63	10	3.0307593
460	152	1	3.9121091
460	1075	2	2.9173396
460	219	3	3.847775
460	439	4	3.0516996
460	2060	5	3.4776816
460	1321	6	2.6974626
460	370	7	3.8145292
460	1197	8	3.054533
460	278	9	3.7138796
460	1621	10	3.0492435
698	219	1	4.24949
698	821	2	3.5001445
698	227	3	3.811852
698	901	4	3.8719628
698	55	5	3.3730369
698	2942	6	3.4698231
698	1139	7	3.6378984
698	2502	8	3.0730855
698	1484	9	4.066121
698	141	10	3.4589188
919	1011	1	4.646041
919	431	2	4.624697
919	63	3	4.522518
919	2760	4	3.0631762
919	620	5	5.355121
919	935	6	4.326416
919	73	7	4.2785172
919	1199	8	3.8309126
919	1602	9	4.47618
919	29	10	4.2283783
359	3072	1	5.235015
359	201	2	3.8189738
359	215	3	4.9478507
359	1134	4	4.946024
359	1983	5	4.77647
359	590	6	4.9382563
359	843	7	4.8849335
359	1353	8	4.4782076
359	82	9	4.7465515
359	1281	10	4.1167994
818	1701	1	5.2118683
818	201	2	4.7925262
818	479	3	5.177594
818	147	4	4.7789025
818	55	5	5.271051
818	935	6	4.368807
818	728	7	4.8312654
818	3281	8	4.8062706
818	672	9	4.4570737
818	1302	10	2.8713298
733	63	1	4.3340483
733	108	2	3.546101
733	682	3	4.21227
733	686	4	3.6559272
733	590	5	3.061737
733	70	6	1.949366
733	1466	7	3.653778
733	1353	8	2.90943
733	1281	9	4.0065737
733	242	10	3.5218797
823	682	1	4.911229
823	108	2	4.5278873
823	210	3	4.2656903
823	147	4	3.7617497
823	620	5	4.5645704
823	3286	6	2.9976346
823	479	7	3.9736545
823	1199	8	3.7632608
823	1745	9	4.436233
823	1011	10	3.5668921
675	728	1	4.3015304
675	504	2	2.8484886
675	29	3	4.0795465
675	1134	4	3.835883
675	3286	5	3.8693485
675	2216	6	2.1470509
675	73	7	4.027664
675	3281	8	3.5309246
675	1602	9	4.3200035
675	479	10	3.5198097
661	3072	1	5.0950828
661	721	2	4.7113996
661	1701	3	4.791683
661	3275	4	4.077754
661	55	5	4.328562
661	590	6	5.0527153
661	82	7	4.610738
661	1199	8	4.072729
661	1281	9	4.5600243
661	728	10	4.5224843
372	370	1	5.2716517
372	108	2	5.356498
372	913	3	4.761259
372	147	4	4.6536455
372	55	5	4.923379
372	3286	6	3.5556054
372	874	7	4.4633656
372	1353	8	4.5996313
372	73	9	4.414175
372	1602	10	4.0045967
706	3096	1	4.371106
706	1582	2	4.971284
706	1129	3	4.141918
706	28	4	3.1226704
706	622	5	3.1068113
706	2942	6	2.8260655
706	351	7	4.1207514
706	1310	8	3.3731408
706	151	9	3.7906666
706	919	10	3.6950712
218	1011	1	4.3314495
218	1058	2	3.2607894
218	791	3	4.1536703
218	1134	4	3.2224507
218	70	5	4.749344
218	935	6	3.0486894
218	1466	7	3.6758027
218	3281	8	3.1725929
218	1602	9	3.772044
218	104	10	3.4315686
232	73	1	4.475321
232	2110	2	3.4187765
232	3075	3	4.274053
232	1134	4	4.2596064
232	70	5	3.8857806
232	935	6	3.9780197
232	641	7	3.998051
232	3281	8	4.0631485
232	1925	9	3.9036803
232	156	10	3.1378462
52	654	1	5.218593
52	1582	2	4.757831
52	141	3	4.953331
52	1277	4	4.00621
52	430	5	3.5734303
52	935	6	3.6562626
52	227	7	4.740793
52	172	8	4.3046236
52	258	9	4.6725683
52	1745	10	3.7510204
645	1701	1	5.1540556
645	46	2	4.663514
645	728	3	4.743576
645	3273	4	4.468878
645	935	5	5.169698
645	58	6	4.2201157
645	63	7	4.6915126
645	3281	8	3.5712807
645	1011	9	4.6831827
645	1602	10	4.6030583
502	161	1	4.753559
502	1761	2	4.796855
502	3251	3	4.6801662
502	3275	4	3.9979632
502	1161	5	5.5118823
502	2942	6	6.026554
502	654	7	4.639921
502	1310	8	3.603688
502	1452	9	4.703459
502	515	10	4.4826736
17	1129	1	4.3437223
17	548	2	3.4790452
17	1833	3	4.286741
17	1277	4	4.0751386
17	1863	5	4.5692925
17	935	6	3.422966
17	1374	7	3.997438
17	1310	8	4.045581
17	143	9	3.8833473
17	919	10	2.7612715
687	728	1	4.711492
687	201	2	4.4293227
687	1466	3	4.116162
687	147	4	3.853302
687	55	5	4.950615
687	935	6	3.3405466
687	479	7	4.109707
687	3281	8	4.604659
687	641	9	3.9463124
687	1281	10	3.4424143
427	0	1	4.28109
427	24	2	3.8979533
427	7	3	4.157365
427	686	4	4.0431137
427	71	5	4.606836
427	3286	6	4.627802
427	258	7	4.150857
427	1353	8	3.6984425
427	539	9	4.3756847
427	732	10	4.1347804
187	1011	1	4.7522855
187	330	2	2.7593606
187	728	3	4.677723
187	635	4	3.8281918
187	620	5	4.0224137
187	3286	6	4.0374537
187	63	7	4.655857
187	3281	8	3.8600755
187	73	9	4.428876
187	1602	10	4.3406024
184	49	1	4.3283377
184	860	2	3.9659052
184	2125	3	4.127603
184	3275	4	4.1273136
184	1161	5	3.6818244
184	590	6	4.4643216
184	515	7	4.0681944
184	1732	8	3.3595753
184	278	9	4.0063148
184	1452	10	3.1371603
489	84	1	5.1680174
489	821	2	4.241173
489	1129	3	4.5628934
489	320	4	4.1189737
489	72	5	5.0157003
489	2942	6	4.506584
489	19	7	4.4173436
489	694	8	4.6117578
489	219	9	4.1633406
489	1745	10	2.8641176
772	63	1	5.686625
772	108	2	5.037547
772	843	3	5.1951613
772	147	4	4.327524
772	1983	5	5.172013
772	590	6	4.759308
772	215	7	4.9693623
772	1199	8	4.215558
772	1602	9	5.387061
772	3072	10	4.9404607
635	3073	1	4.580883
635	201	2	4.0514364
635	728	3	4.1770763
635	635	4	3.798221
635	55	5	4.4675283
635	3286	6	4.5356293
635	1466	7	3.8051186
635	1732	8	3.6197722
635	1602	9	4.5641994
635	479	10	3.6359243
169	227	1	3.868084
169	1919	2	3.0286317
169	258	3	3.497999
169	320	4	3.882881
169	1863	5	3.3804214
169	935	6	2.9053903
169	2390	7	3.4530149
169	1310	8	3.5325675
169	143	9	3.2867813
169	1745	10	2.8118155
718	1701	1	4.818238
718	201	2	4.7355394
718	63	3	4.6975355
718	1134	4	4.2750435
718	55	5	4.9391046
718	3286	6	4.2310743
718	728	7	4.4375
718	1732	8	4.126441
718	1602	9	4.6594977
718	479	10	4.3436294
9	682	1	5.7761803
9	108	2	4.6676292
9	63	3	5.457654
9	635	4	4.111887
9	55	5	3.6573231
9	590	6	4.258809
9	242	7	4.6879163
9	1353	8	4.2121162
9	1602	9	5.3555965
9	1466	10	4.58101
464	874	1	4.3806753
464	185	2	4.485281
464	1011	3	4.1087503
464	1134	4	3.2180362
464	70	5	4.3266935
464	3286	6	3.3836732
464	63	7	4.0165887
464	1025	8	3.0978756
464	1745	9	4.7930136
464	551	10	3.9315305
212	1466	1	4.5591493
212	46	2	4.5729837
212	479	3	4.4551353
212	635	4	4.5217104
212	1161	5	3.0924578
212	935	6	3.5949569
212	641	7	4.289503
212	1199	8	4.243299
212	1281	9	3.9541256
212	672	10	3.8928368
66	479	1	4.1507626
66	201	2	4.052531
66	672	3	3.631154
66	3275	4	4.4955225
66	55	5	4.508232
66	935	6	3.315852
66	210	7	3.4497826
66	1353	8	4.884471
66	456	9	3.333526
66	156	10	1.8691299
378	728	1	4.142263
378	201	2	4.208722
378	1466	3	3.4632187
378	635	4	3.670491
378	70	5	2.7432761
378	935	6	3.0554364
378	73	7	3.3725586
378	1353	8	4.482318
378	479	9	3.367238
378	1302	10	2.519456
929	3072	1	3.8183904
929	108	2	3.7424936
929	215	3	3.4552858
929	3275	4	2.986481
929	55	5	2.683692
929	590	6	3.2833648
929	728	7	3.2311585
929	1353	8	2.9049942
929	1602	9	3.1629105
929	1701	10	2.839303
597	1466	1	4.365978
597	213	2	3.8928747
597	63	3	4.045498
597	495	4	3.8082
597	430	5	2.8102164
597	420	6	3.539443
597	682	7	3.6585321
597	1353	8	2.9201853
597	1602	9	3.5587313
597	2882	10	3.0369725
509	82	1	4.9987025
509	721	2	5.1268387
509	3073	3	4.992603
509	3275	4	4.622759
509	55	5	4.2033386
509	3286	6	4.6374693
509	4017	7	4.5179977
509	3281	8	4.287535
509	1701	9	4.4856253
509	1452	10	3.1898704
511	717	1	3.9928448
511	821	2	3.9033065
511	733	3	3.748189
511	901	4	4.128928
511	4016	5	4.136224
511	3286	6	2.2964015
511	798	7	3.674385
511	694	8	3.6840663
511	1452	9	4.221151
511	654	10	3.6601589
253	728	1	4.7709875
253	2110	2	3.966978
253	479	3	4.5580864
253	635	4	4.582003
253	1983	5	5.2104836
253	935	6	4.26334
253	73	7	4.3076525
253	3281	8	4.54511
253	1602	9	5.157548
253	551	10	4.2165904
927	728	1	4.0880437
927	185	2	4.5874677
927	63	3	3.9508834
927	2135	4	3.026474
927	3286	5	3.0108075
927	1011	6	3.8881657
927	3281	7	2.5624363
927	911	8	4.8081694
927	905	9	3.8851664
927	680	10	3.8069773
837	1701	1	4.928664
837	185	2	4.739451
837	843	3	4.903042
837	2760	4	5.257761
837	2216	5	4.3727407
837	1036	6	3.5445685
837	791	7	4.69193
837	1025	8	3.7588794
837	1745	9	5.2286787
837	874	10	4.552289
921	1701	1	4.70922
921	529	2	5.363131
921	479	3	4.361932
921	2760	4	4.777318
921	1983	5	4.848468
921	3286	6	3.4165282
921	1011	7	4.306079
921	1199	8	3.5850816
921	1484	9	5.8308244
921	63	10	4.2721763
903	479	1	4.566792
903	201	2	4.5802116
903	728	3	4.528148
903	1134	4	4.5518503
903	55	5	5.0422726
903	935	6	3.9265404
903	551	7	3.9576283
903	1732	8	4.148697
903	210	9	3.9307773
903	1281	10	3.152644
23	1139	1	4.213211
23	2110	2	3.7207212
23	874	3	3.7476747
23	901	4	3.9259815
23	1321	5	4.019601
23	3286	6	3.436561
23	3251	7	3.7230358
23	172	8	4.0187616
23	1745	9	3.8809552
23	717	10	3.6886911
386	215	1	5.1855474
386	108	2	5.2649965
386	63	3	4.986798
386	635	4	4.714473
386	1161	5	4.48864
386	935	6	4.058334
386	82	7	4.853877
386	1353	8	4.609102
386	3073	9	4.7187996
386	1281	10	3.6810408
291	843	1	4.1138587
291	848	2	2.8939853
291	728	3	4.095746
291	1134	4	3.6862106
291	1983	5	3.6070352
291	3286	6	3.7108588
291	479	7	3.5056374
291	1732	8	3.8123949
291	1602	9	4.2738585
291	492	10	3.4203134
827	515	1	5.1202283
827	24	2	4.6490517
827	1854	3	4.8438044
827	901	4	4.759208
827	1321	5	4.9303207
827	935	6	4.8315835
827	1139	7	4.6976666
827	1353	8	3.6339107
827	95	9	4.6653404
827	1602	10	3.897954
445	19	1	4.400667
445	821	2	4.259968
445	219	3	4.349822
445	1277	4	4.197398
445	71	5	3.6351929
445	935	6	3.5846088
445	227	7	3.9591315
445	1310	8	4.075843
445	1374	9	3.9207263
445	1745	10	2.9422247
725	654	1	4.5366488
725	821	2	5.2543335
725	753	3	4.453686
725	495	4	4.195595
725	71	5	5.034665
725	935	6	4.157534
725	311	7	4.353281
725	172	8	4.8071823
725	141	9	4.351355
725	1745	10	3.837308
194	370	1	4.442882
194	46	2	3.9189186
194	278	3	4.3976946
194	3929	4	3.0282514
194	70	5	4.679248
194	2942	6	3.6955318
194	680	7	4.3718815
194	624	8	2.5627964
194	372	9	4.2801375
194	1745	10	3.4031944
150	370	1	4.663258
150	821	2	4.5305705
150	215	3	4.519359
150	3275	4	3.8243594
150	55	5	3.778023
150	590	6	3.7748442
150	874	7	4.1099796
150	1732	8	3.2429845
150	1484	9	4.5346384
150	3072	10	4.0630894
216	728	1	4.742815
216	201	2	4.158853
216	1466	3	4.32212
216	3275	4	4.727507
216	590	5	5.3349037
216	70	6	3.3838463
216	551	7	3.736606
216	1353	8	5.0778027
216	1281	9	4.2330327
216	479	10	3.6801186
605	1011	1	4.193948
605	108	2	4.9506426
605	1410	3	4.1281223
605	3275	4	4.7810745
605	55	5	4.4008617
605	3286	6	3.6199327
605	73	7	4.1140075
605	1353	8	4.219798
605	1602	9	4.0457582
605	63	10	4.051588
503	139	1	4.5439262
503	2550	2	4.4772077
503	3073	3	4.429228
503	635	4	3.9883857
503	4016	5	4.64483
503	935	6	4.014965
503	913	7	4.178028
503	1353	8	3.5586095
503	215	9	4.159362
503	1602	10	3.7877727
133	2484	1	3.7046125
133	108	2	3.541666
133	732	3	3.6152437
133	1039	4	2.5721438
133	30	5	2.8495364
133	5	6	2.7844644
133	1817	7	3.5664108
133	1353	8	2.6479516
133	2164	9	3.5064287
133	539	10	2.876363
895	1011	1	4.1527977
895	3781	2	3.8349352
895	63	3	4.1501603
895	1134	4	2.732881
895	2216	5	3.841137
895	1036	6	3.294935
895	1466	7	3.425311
895	3281	8	2.757929
895	1745	9	4.8284473
895	1359	10	3.0529175
65	2390	1	3.7117007
65	1919	2	3.2974622
65	270	3	3.2758727
65	1277	4	3.8812623
65	1343	5	2.9540126
65	935	6	2.9063127
65	886	7	3.047091
65	1457	8	3.0219479
65	3096	9	2.938037
65	919	10	2.6470246
705	2354	1	3.1880293
705	2337	2	1.697472
705	4048	3	2.7142215
705	560	4	2.0517588
705	1524	5	3.5411525
705	1692	6	2.560007
705	200	7	1.4931933
705	1399	8	2.219299
705	1794	9	1.7084844
705	1689	10	1.939084
477	728	1	4.494603
477	46	2	4.835227
477	1011	3	4.426027
477	2760	4	4.741831
477	58	5	4.81328
477	3286	6	3.5586367
477	843	7	4.331637
477	1025	8	3.4350367
477	1484	9	5.3054547
477	63	10	4.2505903
640	197	1	3.4494977
640	821	2	4.310315
640	543	3	3.3306904
640	635	4	3.038503
640	1863	5	4.6144133
640	935	6	3.9310994
640	1016	7	3.2782269
640	1310	8	4.508571
640	221	9	4.4340167
640	34	10	3.274257
601	370	1	4.0739946
601	1511	2	3.2552228
601	515	3	3.9855807
601	147	4	3.8983898
601	70	5	3.928675
601	1036	6	3.138411
601	791	7	3.629611
601	1353	8	3.7039013
601	805	9	3.6047206
601	1602	10	2.714322
724	63	1	4.382325
724	529	2	3.772971
724	728	3	4.3298817
724	635	4	3.9235497
724	55	5	4.7381144
724	3286	6	4.199401
724	479	7	3.87105
724	3281	8	3.8345726
724	1602	9	4.5135894
724	551	10	3.846096
70	843	1	3.7586732
70	529	2	3.4145746
70	1466	3	3.4355023
70	3273	4	2.557226
70	620	5	4.383648
70	935	6	2.6197414
70	73	7	3.2480896
70	1732	8	3.6629102
70	492	9	3.2471488
70	1281	10	3.042357
647	1139	1	4.791352
647	1697	2	4.109003
647	501	3	4.5577817
647	635	4	3.5410967
647	4016	5	5.2004433
647	935	6	4.1307297
647	278	7	4.2821035
647	363	8	3.1447928
647	3251	9	4.2391376
647	1602	10	3.1569004
496	3072	1	4.2749476
496	2108	2	4.090688
496	63	3	4.1094027
496	635	4	3.9043074
496	590	5	4.319523
496	1126	6	2.015819
496	215	7	4.03376
496	1353	8	3.595355
496	139	9	3.8486977
496	1452	10	3.264063
899	227	1	4.2073917
899	213	2	4.025968
899	7	3	4.1729975
899	3929	4	2.3166676
899	1926	5	3.3699527
899	2942	6	2.8289733
899	84	7	4.1289186
899	1353	8	3.9104521
899	311	9	4.006472
899	911	10	3.5408509
750	3073	1	4.937315
750	201	2	4.106964
750	82	3	4.727068
750	901	4	3.5005288
750	55	5	4.092289
750	935	6	4.0998135
750	139	7	4.226942
750	3281	8	3.721471
750	1011	9	4.1931443
750	1452	10	3.1778607
43	728	1	4.8883176
43	46	2	4.514835
43	1701	3	4.781337
43	3275	4	4.6609
43	70	5	2.8580818
43	935	6	2.8748298
43	3073	7	4.383843
43	1732	8	3.7329006
43	551	9	3.8568316
43	156	10	2.0387766
568	1115	1	3.8730547
568	821	2	3.1348972
568	753	3	3.6319208
568	320	4	3.1512182
568	2942	5	3.3691561
568	430	6	2.276564
568	1410	7	3.5266063
568	1310	8	3.3217883
568	1129	9	3.407158
568	1745	10	1.965704
656	278	1	4.5588856
656	24	2	3.896351
656	515	3	4.3845015
656	635	4	3.8893256
656	430	5	4.9106584
656	590	6	4.428785
656	732	7	4.3711686
656	1310	8	3.3308768
656	1452	9	4.96126
656	733	10	4.2492795
544	479	1	4.436364
544	431	2	3.723495
544	641	3	4.144364
544	147	4	4.1519523
544	1983	5	5.299701
544	935	6	3.5133395
544	672	7	3.8594084
544	1199	8	4.1048255
544	1281	9	4.6462073
544	73	10	3.8000221
431	187	1	4.234139
431	24	2	3.629156
431	393	3	3.7547135
431	1135	4	2.7125876
431	995	5	2.798161
431	2084	6	3.2077897
431	2164	7	3.62037
431	694	8	2.5758057
431	2484	9	3.5543017
431	1794	10	2.6584456
583	732	1	4.1504574
583	108	2	4.0750647
583	905	3	4.13074
583	2584	4	3.0751088
583	72	5	3.6233296
583	2195	6	2.6829324
583	1817	7	4.067344
583	1353	8	3.5328534
583	625	9	4.042227
583	1621	10	3.1262212
142	196	1	4.0015373
142	168	2	4.437996
142	456	3	3.9874287
142	28	4	3.5571294
142	3286	5	4.284947
142	2800	6	3.2726173
142	216	7	3.845817
142	172	8	3.5443354
142	1281	9	4.1197963
142	1011	10	3.833671
856	417	1	3.2055235
856	1194	2	2.9479554
856	807	3	3.163715
856	635	4	3.3153307
856	1983	5	2.6820176
856	590	6	2.9350438
856	551	7	3.0807834
856	1199	8	2.0324068
856	1602	9	4.2970815
856	3072	10	3.0568643
148	806	1	4.429531
148	1511	2	3.342875
148	728	3	4.247943
148	635	4	2.8080106
148	2216	5	4.133916
148	1036	6	3.3249416
148	905	7	4.025203
148	1025	8	3.4825325
148	1745	9	4.3494225
148	1011	10	3.5656
130	753	1	4.3542852
130	1697	2	4.963698
130	0	3	4.3328133
130	944	4	4.329302
130	71	5	4.2491984
130	935	6	3.5161037
130	798	7	4.216399
130	363	8	3.6306915
130	654	9	4.1190815
130	1602	10	2.985296
50	3074	1	4.6360545
50	52	2	3.0333955
50	1466	3	4.141127
50	635	4	3.5051236
50	2216	5	3.007365
50	3286	6	3.234253
50	3075	7	3.8149147
50	3281	8	3.143301
50	1602	9	3.7209466
50	993	10	3.302714
736	311	1	4.2745805
736	369	2	4.580688
736	1449	3	4.128523
736	686	4	3.2941728
736	71	5	4.933626
736	3286	6	2.2000837
736	278	7	4.0910754
736	1310	8	2.7301946
736	1745	9	3.8045385
736	654	10	3.777473
196	515	1	3.8875213
196	721	2	3.4450378
196	82	3	3.8583918
196	1134	4	2.7645483
196	55	5	3.405745
196	935	6	2.9742799
196	3073	7	3.7600038
196	1353	8	3.302158
196	215	9	3.6150455
196	1602	10	2.4908006
57	1701	1	3.6204138
57	108	2	4.7052593
57	77	3	3.526405
57	3275	4	4.207321
57	55	5	3.7359147
57	935	6	4.3728337
57	73	7	3.4827552
57	1353	8	3.9019995
57	728	9	3.3078902
57	1281	10	2.7581103
909	82	1	4.1597323
909	201	2	2.982458
909	551	3	4.137474
909	3275	4	3.5787919
909	620	5	4.5707254
909	590	6	4.3657503
909	3073	7	3.5050128
909	1732	8	3.047214
909	843	9	3.4620028
909	1303	10	2.2276754
580	843	1	5.1779127
580	529	2	5.2476153
580	682	3	4.936282
580	2760	4	4.2695684
580	620	5	4.85378
580	3286	6	3.8111808
580	1011	7	4.587983
580	3281	8	3.514374
580	728	9	4.5358515
580	1602	10	4.4318237
620	920	1	3.741025
620	108	2	3.9424667
620	1831	3	3.6530278
620	439	4	3.6163125
620	225	5	3.4701548
620	2365	6	2.6529765
620	219	7	3.4858177
620	1197	8	3.5194094
620	372	9	3.4768267
620	911	10	3.3415244
773	551	1	4.105604
773	431	2	3.7991624
773	1466	3	4.0633917
773	3275	4	5.213702
773	55	5	5.214631
773	935	6	3.3287225
773	479	7	3.8981977
773	1732	8	4.1081076
773	3074	9	3.7782147
773	1281	10	3.7355418
410	3251	1	4.3702517
410	1761	2	3.9892445
410	3072	3	4.279293
410	901	4	4.633118
410	430	5	4.3976192
410	590	6	4.0376334
410	515	7	4.189576
410	1310	8	3.4735057
410	717	9	3.9685307
410	1602	10	3.3807263
717	63	1	4.6249313
717	218	2	3.0732942
717	682	3	4.616971
717	1134	4	3.5706267
717	56	5	3.2905383
717	3286	6	3.7007747
717	728	7	4.5112944
717	1199	8	3.4903302
717	1011	9	4.431506
717	1602	10	4.3594584
688	219	1	4.4641495
688	548	2	3.9924328
688	270	3	4.2998433
688	320	4	4.180507
688	1343	5	3.1692104
688	935	6	3.3553398
688	143	7	4.247594
688	694	8	4.7675943
688	19	9	4.223214
688	919	10	3.2580874
178	3073	1	4.3454146
178	46	2	3.9722939
178	728	3	4.320028
178	3275	4	4.141264
178	55	5	4.211732
178	935	6	3.1007953
178	479	7	4.280879
178	1199	8	4.11534
178	641	9	4.161921
178	1452	10	2.0517693
447	843	1	5.134467
447	721	2	5.3904753
447	1701	3	5.078923
447	147	4	3.8545783
447	1983	5	5.0461607
447	590	6	5.583366
447	3073	7	4.861516
447	1199	8	3.8241868
447	728	9	4.812623
447	1302	10	3.6247041
380	913	1	4.7150345
380	108	2	5.0421257
380	7	3	4.6490755
380	3275	4	4.799034
380	1321	5	5.354936
380	3286	6	3.479939
380	874	7	4.55449
380	1353	8	4.2319937
380	2125	9	4.477062
380	1602	10	4.1035805
183	1016	1	3.612401
183	231	2	3.0960026
183	654	3	3.585206
183	3929	4	2.9823842
183	1863	5	4.658366
183	935	6	2.866013
183	1129	7	3.2999988
183	1310	8	3.075789
183	3718	9	3.2778776
183	221	10	3.1755006
289	73	1	4.085102
289	431	2	4.1684003
289	3074	3	4.0701876
289	3273	4	3.4995875
289	1983	5	4.6951103
289	3286	6	4.828471
289	492	7	4.0701065
289	1732	8	4.33611
289	551	9	4.0537844
289	1281	10	3.5141315
513	728	1	4.5045595
513	431	2	4.1970263
513	479	3	4.448567
513	3273	4	3.3002472
513	1983	5	5.2845097
513	935	6	4.0521436
513	641	7	4.4122677
513	1732	8	4.268624
513	1602	9	4.9686317
513	73	10	4.032414
853	73	1	3.6940172
853	529	2	3.8404293
853	641	3	3.095802
853	754	4	3.4481034
853	70	5	3.445156
853	935	6	2.9372392
853	1023	7	3.0770404
853	1732	8	4.092353
853	1281	9	3.3579416
853	3074	10	2.9409363
821	1649	1	3.4885802
821	1341	2	3.8142962
821	1636	3	3.3670588
821	2060	4	3.3363209
821	1605	5	2.4013057
821	219	6	3.3607192
821	1197	7	2.9333825
821	2606	8	3.2478938
821	539	9	3.527689
821	311	10	3.152756
840	843	1	3.550839
840	488	2	2.5969906
840	1925	3	3.399525
840	635	4	3.3076522
840	70	5	4.2219005
840	935	6	3.442787
840	682	7	3.3931937
840	3281	8	2.6615593
840	791	9	3.3443446
840	1602	10	3.287176
154	219	1	3.8793275
154	821	2	4.0131674
154	258	3	3.62287
154	320	4	3.7209768
154	71	5	3.4620929
154	2942	6	4.088513
154	1449	7	3.5997925
154	2502	8	3.616365
154	1745	9	3.501793
154	311	10	3.4739547
822	3072	1	4.714526
822	2550	2	4.601156
822	139	3	4.4698386
822	296	4	4.280216
822	1321	5	4.232385
822	935	6	4.2439938
822	4017	7	4.382193
822	1353	8	3.0994508
822	3073	9	4.1854563
822	1602	10	3.7065682
662	843	1	4.5563216
662	431	2	4.678053
662	3074	3	4.1046257
662	635	4	4.49958
662	620	5	4.8448076
662	935	6	3.548881
662	3075	7	3.6911964
662	3281	8	4.5477953
662	791	9	3.6713674
662	1281	10	3.2776146
91	728	1	4.718192
91	201	2	4.761202
91	1466	3	4.124197
91	936	4	3.5629945
91	4016	5	3.430779
91	935	6	4.095212
91	3074	7	3.8114748
91	1199	8	4.6879044
91	1281	9	3.9343088
91	73	10	3.76763
740	63	1	4.223176
740	2110	2	3.4459271
740	682	3	4.1521835
740	1134	4	3.0693574
740	620	5	4.2647204
740	935	6	4.1950216
740	1011	7	4.018117
740	3281	8	2.9651403
740	1602	9	3.9654598
740	479	10	3.585599
845	728	1	4.8215055
845	614	2	3.4401546
845	1466	3	4.4210095
845	2760	4	3.5504556
845	70	5	3.8042617
845	935	6	3.2873952
845	73	7	4.224047
845	1732	8	4.541926
845	1602	9	4.3247924
845	492	10	4.1775875
833	843	1	4.6782336
833	529	2	4.944542
833	682	3	4.5803537
833	1134	4	3.6609602
833	620	5	4.479421
833	3286	6	3.5390542
833	728	7	4.2527895
833	3281	8	3.437423
833	1602	9	4.1176405
833	791	10	3.8766592
452	1112	1	3.0843606
452	46	2	4.6749287
452	3275	3	4.239981
452	1238	4	2.864527
452	590	5	4.8130083
452	70	6	2.7032628
452	479	7	2.851646
452	1732	8	3.1428132
452	807	9	2.8135126
452	2421	10	2.7175555
241	843	1	3.0438886
241	330	2	3.229364
241	905	3	2.8216066
241	2760	4	3.4537563
241	1983	5	2.6962347
241	3286	6	2.7632713
241	806	7	2.7858145
241	1025	8	2.9714754
241	1602	9	3.0926957
241	920	10	2.575875
118	1701	1	4.8179436
118	2108	2	3.7736568
118	3073	3	4.4550104
118	3275	4	4.3548
118	55	5	4.501753
118	935	6	3.4243271
118	728	7	4.320727
118	1353	8	4.811364
118	672	9	3.9790473
118	1281	10	3.4238734
918	73	1	3.6086407
918	529	2	4.0146284
918	672	3	3.5516367
918	754	4	3.4949298
918	55	5	5.273359
918	590	6	5.7721663
918	492	7	3.4728408
918	1732	8	4.0791545
918	1281	9	4.069892
918	993	10	3.2621932
665	806	1	4.5232716
665	218	2	4.599742
665	485	3	4.370659
665	3929	4	4.071068
665	1036	5	3.7534592
665	620	6	2.8435102
665	680	7	4.305457
665	624	8	2.5755405
665	920	9	4.239701
665	1745	10	4.1129785
584	3072	1	3.4606814
584	369	2	4.077276
584	753	3	3.4014275
584	635	4	3.0904133
584	430	5	3.4471185
584	590	6	3.5397203
584	485	7	3.2181253
584	1457	8	2.262847
584	1833	9	3.1607292
584	1602	10	2.3115726
678	141	1	4.067031
678	1582	2	4.200443
678	19	3	3.8736863
678	320	4	3.8469405
678	1863	5	3.9656932
678	935	6	3.0111723
678	839	7	3.8061657
678	1310	8	3.50554
678	227	9	3.8031979
678	1745	10	2.9118614
896	215	1	5.5144567
896	108	2	5.541342
896	82	3	5.351803
896	901	4	4.211341
896	1161	5	4.703539
896	935	6	4.9484406
896	139	7	4.9502754
896	1732	8	4.0354376
896	63	9	4.7434764
896	1452	10	3.6457582
377	219	1	3.5632758
377	821	2	3.5579762
377	886	3	3.4673457
377	320	4	3.3735075
377	72	5	3.7827609
377	2942	6	3.8064578
377	1410	7	3.1961074
377	694	8	3.6567852
377	252	9	3.1628294
377	3138	10	2.4051323
185	1162	1	2.5874865
185	529	2	3.8133206
185	3275	3	3.8688097
185	492	4	2.512581
185	590	5	4.4194756
185	1983	6	3.1867604
185	73	7	2.4464703
185	1732	8	3.1640115
185	1281	9	3.603366
185	672	10	2.4010158
729	3073	1	4.3390636
729	46	2	4.943636
729	843	3	4.141241
729	754	4	3.6663692
729	1983	5	3.865696
729	3220	6	3.281769
729	318	7	3.2534928
729	1732	8	3.497388
729	1303	9	3.3190422
729	1023	10	3.1265063
440	515	1	5.075172
440	2550	2	4.5726953
440	3072	3	4.9909873
440	901	4	4.2408295
440	1321	5	5.081299
440	935	6	3.837112
440	874	7	4.6577864
440	2502	8	3.8321304
440	485	9	4.581483
440	1602	10	4.18795
761	1701	1	4.117421
761	46	2	3.741597
761	82	3	3.979739
761	3275	4	3.3589234
761	1983	5	3.473691
761	935	6	2.2918453
761	3073	7	3.6572995
761	1732	8	2.7728372
761	1602	9	4.194599
761	551	10	2.9936557
394	3072	1	5.6018586
394	108	2	5.759054
394	215	3	5.5172005
394	3275	4	4.991911
394	55	5	4.746622
394	935	6	3.417611
394	82	7	5.1472626
394	1353	8	4.885151
394	3073	9	4.737237
394	1281	10	3.473664
747	843	1	3.9266748
747	46	2	4.4806576
747	1011	3	3.8955503
747	1134	4	3.1494305
747	70	5	3.862261
747	935	6	3.9554784
747	682	7	3.8648849
747	1025	8	2.9695158
747	1745	9	4.396261
747	791	10	3.7156172
777	3072	1	4.8313026
777	108	2	4.4471736
777	479	3	4.282608
777	3275	4	3.9035082
777	55	5	3.73422
777	590	6	4.4373713
777	82	7	4.2490854
777	1353	8	3.7850447
777	641	9	4.045019
777	1281	10	3.0812674
498	682	1	3.1946237
498	45	2	2.568767
498	73	3	2.9896
498	3273	4	3.1483827
498	620	5	3.0561414
498	935	6	2.249496
498	843	7	2.7147198
498	3281	8	3.371283
498	156	9	2.6548576
498	1578	10	2.6093872
103	19	1	5.427804
103	821	2	4.9898806
103	227	3	5.4146194
103	944	4	4.3709397
103	430	5	4.091754
103	935	6	3.71666
103	0	7	4.932228
103	172	8	4.5243564
103	221	9	5.5805187
103	258	10	4.8616
674	3073	1	3.747342
674	201	2	3.6090255
674	551	3	3.0876014
674	3273	4	2.633247
674	70	5	2.755684
674	935	6	2.2190285
674	73	7	3.087471
674	3281	8	3.471987
674	993	9	2.61796
674	1303	10	2.0965066
723	219	1	3.932063
723	1582	2	4.216135
723	258	3	3.8630376
723	320	4	3.989346
723	71	5	3.6965818
723	590	6	2.8787322
723	227	7	3.7351365
723	172	8	3.5404544
723	0	9	3.7075548
723	1745	10	2.4151292
226	1139	1	4.0596895
226	671	2	4.1245303
226	702	3	3.529441
226	944	4	3.0742502
226	1126	5	2.9497123
226	2942	6	3.6701708
226	733	7	3.5259197
226	2502	8	3.7721896
226	1452	9	3.806147
226	3251	10	3.23518
333	1011	1	3.9932706
333	108	2	3.572453
333	479	3	3.2724092
333	635	4	3.3507729
333	1161	5	1.9618798
333	114	6	1.9950778
333	728	7	3.069732
333	1353	8	3.3787284
333	492	9	2.7751966
333	1281	10	1.8886557
458	3072	1	5.6025314
458	213	2	5.5548944
458	278	3	5.416437
458	686	4	4.4444094
458	1321	5	4.980456
458	935	6	5.0074453
458	515	7	5.1951084
458	1353	8	3.605705
458	1745	9	5.171588
458	732	10	5.1329165
4	73	1	3.5801623
4	529	2	3.9957013
4	641	3	3.5471408
4	147	4	3.301279
4	1983	5	4.352539
4	935	6	3.0195668
4	479	7	3.4951735
4	1732	8	4.1137066
4	1281	9	4.1273413
4	3074	10	3.484603
474	728	1	4.96656
474	431	2	4.408981
474	3074	3	4.430377
474	147	4	4.363875
474	935	5	4.3011503
474	4016	6	3.3378267
474	1466	7	4.193882
474	3281	8	4.6637583
474	492	9	4.1854
474	156	10	2.7516053
636	82	1	4.5757055
636	201	2	3.7813265
636	1466	3	4.5126657
636	3275	4	4.1449976
636	55	5	4.4367948
636	590	6	4.7587376
636	551	7	3.910483
636	1199	8	3.3286767
636	1602	9	5.245344
636	3073	10	3.7655663
205	728	1	4.893106
205	46	2	4.529201
205	1466	3	4.460232
205	635	4	4.6706448
205	1983	5	4.9748783
205	590	6	5.602684
205	479	7	4.274906
205	1199	8	4.03039
205	641	9	4.0800505
205	1281	10	3.8255897
765	219	1	4.2190723
765	108	2	4.4570007
765	278	3	4.1915216
765	3929	4	3.1517181
765	1926	5	3.7349126
765	2942	6	3.4239106
765	84	7	4.1066556
765	1353	8	4.1910696
765	515	9	4.0440226
765	1745	10	3.6010175
86	1449	1	4.758501
86	213	2	4.7264967
86	278	3	4.4938903
86	495	4	5.159898
86	1161	5	5.41341
86	3286	6	2.3340876
86	732	7	4.433732
86	1310	8	3.5358474
86	1452	9	4.808505
86	62	10	4.4012814
689	1701	1	4.3179536
689	2108	2	4.2126617
689	728	3	4.0341945
689	635	4	4.4766073
689	55	5	4.4714327
689	935	6	3.788813
689	4020	7	3.4471645
689	3281	8	3.928457
689	77	9	3.3313355
689	1281	10	3.232966
862	515	1	5.6310215
862	821	2	6.2626953
862	370	3	5.36537
862	3273	4	3.7399013
862	1321	5	5.4428854
862	3286	6	3.4135551
862	485	7	5.1041574
862	1353	8	4.695135
862	1745	9	5.2881384
862	7	10	5.069092
590	728	1	3.8838217
590	201	2	3.8381145
590	1466	3	3.6915312
590	3275	4	4.2077093
590	935	5	2.880666
590	58	6	2.1657562
590	210	7	3.3766174
590	3281	8	4.176113
590	1281	9	3.3515086
590	672	10	3.3075273
875	843	1	3.759233
875	46	2	3.866782
875	479	3	3.2949967
875	3273	4	3.321433
875	620	5	3.7029178
875	935	6	3.4055262
875	63	7	3.24156
875	1199	8	2.7431011
875	29	9	3.1969311
875	156	10	2.426362
557	29	1	5.799513
557	108	2	5.25227
557	682	3	5.75449
557	635	4	4.1774673
557	55	5	4.21352
557	590	6	4.7720613
557	63	7	5.5650287
557	1199	8	3.6519852
557	1602	9	5.3261952
557	215	10	5.2161074
223	753	1	4.48862
223	1697	2	4.943544
223	798	3	4.4103928
223	495	4	3.839016
223	71	5	4.690436
223	935	6	4.3826876
223	1115	7	4.376781
223	172	8	4.4315634
223	141	9	4.2079296
223	1745	10	3.336896
371	843	1	3.4408975
371	2440	2	2.7056007
371	682	3	3.3810496
371	1134	4	2.7743454
371	58	5	3.4531538
371	935	6	2.687404
371	1466	7	3.2476578
371	3281	8	2.8062167
371	333	9	3.244916
371	156	10	3.0676687
274	3073	1	5.046426
274	46	2	4.6650286
274	479	3	4.3355827
274	3275	4	4.8827896
274	55	5	5.051597
274	935	6	3.5600424
274	641	7	4.165117
274	1199	8	4.1423817
274	672	9	3.9055934
274	156	10	2.1540713
143	753	1	4.336639
143	1582	2	3.7213793
143	631	3	3.576614
143	944	4	3.806401
143	1863	5	3.0934906
143	2942	6	3.6362126
143	1115	7	3.5211692
143	1310	8	3.081839
143	1484	9	4.4864664
143	271	10	3.4595485
926	63	1	4.528061
926	721	2	3.9029207
926	215	3	4.3873596
926	635	4	3.7895455
926	620	5	4.4957376
926	3220	6	2.3679495
926	728	7	4.338185
926	1353	8	4.3658104
926	1602	9	4.6999254
926	19	10	4.280362
155	682	1	5.2313666
155	46	2	4.39583
155	1011	3	4.7213297
155	1134	4	4.057287
155	620	5	5.180135
155	3286	6	3.9968667
155	73	7	4.6699333
155	3281	8	3.6887562
155	63	9	4.5633993
155	1602	10	4.4030113
432	682	1	5.610429
432	108	2	4.8492103
432	215	3	4.927665
432	28	4	5.3866024
432	3286	5	5.9110446
432	1983	6	4.393406
432	242	7	4.849879
432	1199	8	3.368772
432	1602	9	5.0909276
432	11	10	4.7132373
68	219	1	4.41622
68	821	2	4.3480816
68	1129	3	4.346332
68	320	4	4.3468976
68	1863	5	4.088212
68	935	6	3.6748257
68	839	7	4.334669
68	172	8	3.7645977
68	221	9	4.652856
68	227	10	4.2725267
547	219	1	4.4607906
547	821	2	4.515171
547	227	3	4.2379084
547	320	4	4.2377486
547	1863	5	4.249322
547	2942	6	4.8297405
547	839	7	4.193811
547	1310	8	4.2345057
547	2390	9	4.0093246
547	1745	10	3.0568175
54	2390	1	4.0233917
54	1919	2	3.3511682
54	258	3	3.7237637
54	1277	4	4.111783
54	935	5	3.7706108
54	1126	6	2.7638302
54	886	7	3.673663
54	1457	8	3.529006
54	227	9	3.565845
54	1745	10	2.482349
96	728	1	5.2391777
96	504	2	4.2744036
96	479	3	4.9645452
96	3273	4	4.16936
96	3286	5	4.8252397
96	58	6	3.6854603
96	73	7	4.8325863
96	3281	8	4.5767
96	210	9	4.277255
96	1281	10	3.5211658
497	63	1	5.029209
497	46	2	4.789322
497	728	3	4.709739
497	1134	4	4.49709
497	620	5	5.689273
497	3286	6	4.525259
497	3074	7	4.301094
497	3281	8	4.245846
497	73	9	4.269555
497	1281	10	3.3004375
658	1701	1	3.5764675
658	108	2	4.5196424
658	1011	3	3.555283
658	2760	4	3.920817
658	935	5	4.6700583
658	620	6	3.7502239
658	706	7	3.3352818
658	1025	8	2.8508065
658	1745	9	4.344842
658	728	10	3.2516887
78	728	1	5.017106
78	115	2	3.5989795
78	1011	3	4.3514366
78	1134	4	2.7207968
78	2216	5	4.033223
78	3286	6	3.246284
78	905	7	4.013639
78	3281	8	2.9165854
78	1745	9	4.651005
78	63	10	3.8108666
116	63	1	5.4156256
116	488	2	3.521329
116	728	3	5.251919
116	147	4	3.6646178
116	620	5	5.6902623
116	935	6	3.8690236
116	479	7	4.5508156
116	3281	8	4.556923
116	1602	9	5.3128285
116	1466	10	4.302782
363	479	1	4.0147524
363	108	2	5.8340745
363	641	3	3.899341
363	147	4	3.689879
363	70	5	3.0809827
363	935	6	3.4003625
363	551	7	3.7473023
363	1199	8	3.8256369
363	672	9	3.5636227
363	1302	10	3.4025762
74	311	1	4.895358
74	24	2	3.9337444
74	278	3	4.6580005
74	495	4	4.8199296
74	1321	5	4.2040095
74	590	6	4.343074
74	753	7	4.422861
74	363	8	3.7599523
74	732	9	4.3674674
74	1745	10	4.2201204
939	63	1	5.0208745
939	108	2	4.475388
939	1466	3	4.3142633
939	635	4	3.8117445
939	55	5	3.6026587
939	590	6	4.0728064
939	3072	7	4.2139807
939	1353	8	3.9819722
939	1281	9	4.9452267
939	843	10	4.153278
455	82	1	5.0785246
455	201	2	4.311841
455	3073	3	4.993184
455	936	4	3.4082112
455	55	5	4.699868
455	935	6	3.691756
455	1701	7	4.864046
455	1199	8	4.519866
455	728	9	4.8037753
455	1302	10	3.067812
650	73	1	3.3235984
650	848	2	3.382718
650	807	3	3.264821
650	754	4	3.5253668
650	1983	5	3.8027506
650	3220	6	2.6204028
650	492	7	3.1552858
650	1732	8	3.2446127
650	1281	9	4.520652
650	37	10	2.7930717
459	3073	1	5.653902
459	201	2	5.224224
459	1701	3	5.526356
459	3273	4	3.4193523
459	58	5	3.1063936
459	935	6	3.7918973
459	728	7	5.2229023
459	3281	8	5.0960803
459	1466	9	4.693344
459	1302	10	3.2144246
771	843	1	5.112082
771	46	2	4.2071733
771	1701	3	4.7589626
771	3275	4	4.303142
771	1983	5	4.9900346
771	935	6	2.9331765
771	728	7	4.572242
771	1199	8	4.0423245
771	3073	9	4.37497
771	1302	10	3.2056136
780	1011	1	5.3193946
780	24	2	4.610532
780	732	3	4.898899
780	686	4	4.4428253
780	1983	5	5.1368656
780	3220	6	4.189664
780	29	7	4.864678
780	1199	8	4.2647295
780	63	9	4.8525248
780	1602	10	4.7107587
211	3072	1	4.144315
211	108	2	3.969245
211	3073	3	4.079152
211	2760	4	3.2545848
211	55	5	4.343263
211	1036	6	3.09462
211	73	7	3.919371
211	1353	8	3.6454804
211	492	9	3.8529625
211	156	10	2.7421894
931	82	1	4.3569107
931	201	2	3.5649478
931	479	3	4.266549
931	147	4	4.113101
931	55	5	3.988301
931	935	6	2.974321
931	641	7	4.1419783
931	1353	8	4.460824
931	728	9	3.993382
931	1281	10	3.8699343
165	1466	1	4.5771494
165	46	2	4.136357
165	215	3	4.360366
165	1137	4	3.9966671
165	55	5	3.7794726
165	590	6	3.6029623
165	728	7	4.119318
165	1732	8	2.365366
165	682	9	3.8680415
165	1302	10	3.249331
468	1410	1	3.9756327
468	821	2	4.4262595
468	2390	3	3.8423936
468	1277	4	3.8601618
468	1321	5	3.0185504
468	590	6	3.7772248
468	311	7	3.766089
468	1310	8	3.3195834
468	1452	9	5.0868416
468	732	10	3.7215657
870	732	1	3.8684943
870	108	2	3.306571
870	372	3	3.3686953
870	2135	4	3.7115946
870	1926	5	3.0730822
870	1036	6	3.6284626
870	1042	7	3.2124708
870	1353	8	2.6536446
870	219	9	3.1693113
870	1484	10	2.7889814
140	82	1	4.296116
140	46	2	3.297527
140	728	3	3.7692497
140	3275	4	3.6790714
140	590	5	4.2667856
140	55	6	3.419535
140	3073	7	3.694573
140	1199	8	3.4432487
140	1281	9	3.650056
140	1466	10	3.573124
235	913	1	4.5846786
235	24	2	4.6699142
235	215	3	4.4093733
235	686	4	4.4776983
235	4016	5	4.3843546
235	935	6	4.304784
235	3073	7	4.329999
235	2502	8	3.4092433
235	874	9	4.305523
235	1602	10	4.0354857
692	625	1	4.0679464
692	504	2	3.806702
692	7	3	3.9862654
692	439	4	2.4802618
692	30	5	2.9136028
692	3392	6	2.671185
692	1090	7	3.6698427
692	1066	8	2.7259645
692	311	9	3.4902825
692	1794	10	3.0177064
36	843	1	3.667101
36	431	2	3.74644
36	682	3	3.4846835
36	635	4	3.5457401
36	620	5	3.947556
36	935	6	3.1519685
36	479	7	2.9537597
36	3281	8	3.740238
36	791	9	2.852328
36	2043	10	2.549286
207	515	1	5.2717667
207	185	2	4.613276
207	3072	3	4.781811
207	296	4	4.5280266
207	1321	5	5.157523
207	935	6	3.7901125
207	874	7	4.5509095
207	1353	8	4.1071444
207	1854	9	4.4915185
207	1602	10	4.1261888
872	219	1	4.928746
872	821	2	4.827425
872	227	3	4.6301937
872	1277	4	4.3330884
872	1863	5	4.6391096
872	935	6	3.2413568
872	1129	7	4.3993864
872	172	8	3.9219332
872	19	9	4.3451138
872	1745	10	3.4994812
515	219	1	4.6278477
515	1582	2	4.5721064
515	839	3	4.4349785
515	320	4	4.403359
515	1863	5	4.4457917
515	935	6	3.8745198
515	2390	7	4.2850814
515	1310	8	3.8811195
515	258	9	4.180172
515	1745	10	2.8733456
478	19	1	4.36452
478	24	2	4.059354
478	29	3	4.147231
478	686	4	3.8359494
478	430	5	4.3433237
478	590	6	3.740689
478	95	7	3.855073
478	3281	8	4.7059665
478	242	9	3.7663693
478	1452	10	2.665714
673	3073	1	3.484239
673	201	2	3.6778238
673	843	3	3.432131
673	635	4	3.5230327
673	1983	5	3.0773969
673	114	6	2.1469188
673	807	7	3.2056668
673	1732	8	2.9633276
673	244	9	2.7483797
673	2043	10	1.8920379
908	843	1	4.853213
908	848	2	3.3656077
908	3074	3	4.4099865
908	3273	4	3.9181695
908	1983	5	4.2203083
908	935	6	3.8418846
908	3075	7	3.8762057
908	3281	8	4.361167
908	1602	9	5.0140314
908	479	10	3.7091703
528	2390	1	4.798384
528	821	2	4.7347083
528	219	3	4.6700788
528	408	4	4.1739655
528	71	5	4.117936
528	935	6	3.9810042
528	258	7	4.500975
528	1310	8	4.5306067
528	227	9	4.48333
528	1745	10	3.2655516
64	219	1	4.311659
64	821	2	4.263798
64	258	3	4.298302
64	320	4	4.257727
64	71	5	3.9733014
64	2942	6	4.585064
64	0	7	4.1730976
64	172	8	3.577351
64	227	9	4.12149
64	1745	10	2.7388592
703	29	1	4.034377
703	2108	2	3.9517915
703	728	3	3.8813224
703	1134	4	4.232327
703	620	5	5.4970436
703	935	6	4.1751513
703	456	7	3.8089797
703	1199	8	4.404118
703	1602	9	4.2312813
703	109	10	3.7054727
851	843	1	4.802985
851	721	2	5.4862432
851	3073	3	4.7459316
851	3275	4	4.9176693
851	590	5	5.605397
851	1983	6	4.4537916
851	530	7	3.7033067
851	1732	8	3.9144692
851	1281	9	4.604576
851	479	10	3.4379182
790	73	1	3.62998
790	46	2	4.7597513
790	479	3	3.4530754
790	635	4	4.375924
790	620	5	5.3310304
790	590	6	5.3678308
790	492	7	3.4341154
790	3281	8	5.0006413
790	1281	9	3.6430845
790	641	10	3.2932227
491	3073	1	4.11238
491	46	2	4.1836915
491	479	3	3.777525
491	3275	4	4.257787
491	55	5	4.4393263
491	935	6	2.891873
491	641	7	3.6995268
491	1199	8	3.7482715
491	672	9	3.6060574
491	96	10	3.300031
47	641	1	3.8802874
47	1697	2	4.2305737
47	753	3	3.8318932
47	28	4	3.5249572
47	72	5	3.6124916
47	2424	6	2.781496
47	216	7	3.6065416
47	694	8	3.2899597
47	219	9	3.4772792
47	221	10	3.3074765
279	372	1	5.200652
279	821	2	4.4099917
279	278	3	4.6895914
279	3929	4	4.1691895
279	1321	5	4.1948175
279	2942	6	4.4564443
279	7	7	4.6626034
279	1353	8	4.5670342
279	370	9	4.644555
279	1484	10	4.2818294
430	1374	1	4.799898
430	1582	2	5.5143776
430	1833	3	4.6063027
430	1277	4	4.6180325
430	1863	5	5.2080817
430	935	6	2.7469702
430	143	7	4.4311647
430	694	8	4.1201897
430	534	9	4.400326
430	221	10	3.83147
700	3073	1	4.6737795
700	201	2	4.331412
700	843	3	4.4200106
700	3275	4	4.5641165
700	1983	5	4.1946945
700	935	6	2.8413346
700	551	7	3.7367578
700	1732	8	3.5248673
700	1281	9	3.903573
700	3074	10	3.2821903
738	1374	1	4.161951
738	821	2	3.327693
738	19	3	4.138687
738	1277	4	4.1619825
738	935	5	3.651656
738	71	6	2.839184
738	219	7	3.5077026
738	694	8	3.7529974
738	844	9	3.4600632
738	221	10	3.3622155
270	1368	1	3.9718072
270	504	2	4.2644157
270	333	3	3.9324164
270	635	4	4.3088026
270	620	5	4.741006
270	935	6	4.2587194
270	1466	7	3.9029984
270	3281	8	3.9142947
270	479	9	3.8131838
270	156	10	3.582696
844	151	1	4.3044496
844	548	2	3.512876
844	372	3	4.2191195
844	1277	4	4.589941
844	72	5	3.7889633
844	2942	6	3.210314
844	1129	7	4.1666613
844	1457	8	3.5024433
844	886	9	3.9832506
844	919	10	3.7396069
863	733	1	4.9010415
863	1697	2	4.970639
863	654	3	4.7247677
863	944	4	4.329296
863	71	5	5.182193
863	935	6	4.3409257
863	753	7	4.6937075
863	1310	8	3.7008195
863	141	9	4.5752745
863	1745	10	4.1520934
758	73	1	3.5273829
758	201	2	4.5001726
758	479	3	3.5006704
758	147	4	3.1666386
758	1983	5	4.1958246
758	935	6	3.1260006
758	3075	7	2.9909277
758	1732	8	3.9070628
758	672	9	2.9535599
758	156	10	2.041621
603	728	1	4.7920647
603	529	2	4.454432
603	3074	3	4.004554
603	635	4	3.9723797
603	620	5	3.9793882
603	3286	6	4.3096876
603	1466	7	3.840493
603	3281	8	4.0617433
603	1602	9	4.661268
603	73	10	3.7885833
228	84	1	3.8617754
228	943	2	3.6674144
228	1042	3	3.7242017
228	1014	4	2.880869
228	70	5	3.5392792
228	2942	6	2.3814158
228	62	7	3.6955106
228	1197	8	3.5955265
228	227	9	3.6330686
228	1621	10	2.635181
480	1129	1	4.355214
480	548	2	3.3008819
480	839	3	4.2996435
480	320	4	4.9626136
480	430	5	3.7665882
480	935	6	4.240364
480	1833	7	4.295636
480	1310	8	4.0879602
480	2390	9	4.2315464
480	1745	10	3.4718528
134	1466	1	2.9095242
134	476	2	2.8866696
134	1134	3	3.8370364
134	993	4	2.621025
134	590	5	3.735186
134	70	6	2.7358918
134	2139	7	2.593018
134	1732	8	2.852778
134	1162	9	2.4843597
134	1281	10	2.7693574
531	728	1	4.961536
531	46	2	4.5583606
531	1466	3	4.5725718
531	147	4	4.2354884
531	55	5	4.927844
531	935	6	3.3582733
531	479	7	4.535839
531	1199	8	4.3667727
531	641	9	4.2588353
531	672	10	4.0002494
251	492	1	3.83445
251	431	2	4.4359274
251	1368	3	3.535068
251	3273	4	3.62828
251	620	5	4.512074
251	935	6	3.3810642
251	333	7	3.2245479
251	1732	8	4.422656
251	1281	9	3.143518
251	479	10	3.1253023
301	1011	1	4.4962673
301	1058	2	3.35114
301	728	3	4.490968
301	1134	4	3.8404102
301	620	5	5.127489
301	935	6	3.9943516
301	63	7	4.212131
301	1199	8	3.9608963
301	29	9	3.8802114
301	156	10	2.8583877
163	3072	1	5.013669
163	24	2	4.0653353
163	278	3	4.949893
163	495	4	5.1877775
163	1321	5	4.512561
163	590	6	4.6554127
163	515	7	4.6889305
163	172	8	5.821169
163	732	9	4.6386766
163	1602	10	3.610946
869	1011	1	4.334079
869	46	2	4.682121
869	63	3	4.2164707
869	635	4	3.6565654
869	3286	5	3.4650192
869	387	6	2.119645
869	682	7	3.9879427
869	3281	8	3.18998
869	1745	9	4.9534416
869	728	10	3.980096
551	82	1	5.5401416
551	201	2	4.5467205
551	3073	3	5.4456344
551	3275	4	5.1499963
551	4016	5	4.3180447
551	935	6	4.5336695
551	63	7	5.0996723
551	3281	8	4.3270845
551	210	9	4.886643
551	1281	10	3.3372293
834	706	1	4.3975234
834	108	2	4.2655835
834	806	3	3.8091643
834	147	4	2.3243134
834	2216	5	3.5429225
834	673	6	2.4060292
834	50	7	3.3330965
834	1353	8	3.9392798
834	1745	9	3.3420753
834	843	10	3.1898608
890	82	1	5.6125655
890	108	2	5.636195
890	479	3	5.573433
890	3275	4	5.211706
890	4016	5	4.2468376
890	935	6	4.6987147
890	3073	7	5.4695683
890	1732	8	4.212634
890	63	9	4.7760243
890	1452	10	3.0247781
401	843	1	4.207606
401	330	2	3.7566123
401	1693	3	3.855314
401	2760	4	4.0652742
401	70	5	4.2867947
401	1036	6	2.862905
401	682	7	3.6814556
401	1025	8	2.8325238
401	1745	9	4.0041637
401	806	10	3.548085
383	479	1	3.3940806
383	504	2	3.7288094
383	1368	3	3.3681426
383	3273	4	3.6481895
383	620	5	3.9417062
383	935	6	3.8172827
383	551	7	3.224996
383	3281	8	2.9389277
383	791	9	2.9985034
383	1281	10	1.7786183
29	479	1	3.7550182
29	46	2	4.4671493
29	551	3	3.7010803
29	3275	4	3.7026093
29	55	5	3.8660448
29	590	6	4.5546875
29	641	7	3.409448
29	1199	8	3.7673323
29	672	9	3.1391234
29	1302	10	3.0418437
369	641	1	4.5316076
369	46	2	4.733748
369	728	3	4.4877243
369	635	4	4.1526203
369	620	5	5.12828
369	3286	6	4.016215
369	479	7	4.34399
369	3281	8	3.7648997
369	1602	9	4.534278
369	551	10	4.0357275
189	1374	1	3.5611696
189	213	2	3.3400884
189	311	3	3.5004528
189	495	4	3.566215
189	71	5	4.412687
189	590	6	3.579444
189	1449	7	3.392375
189	172	8	4.129725
189	221	9	5.0483894
189	278	10	3.3289342
743	84	1	3.8468833
743	943	2	3.3564384
743	732	3	3.6285694
743	2584	4	2.4553332
743	4016	5	3.5611699
743	225	6	3.680431
743	791	7	3.4526591
743	1595	8	3.1067953
743	219	9	3.400828
743	1484	10	2.5171874
293	63	1	4.695004
293	108	2	4.964519
293	682	3	4.6866074
293	3275	4	4.0872045
293	1983	5	3.921781
293	590	6	4.4517794
293	3072	7	4.632842
293	1732	8	3.0690012
293	1602	9	4.5947847
293	82	10	4.499645
634	479	1	4.679491
634	431	2	3.8929224
634	728	3	4.5571895
634	936	4	3.1587052
634	1983	5	5.2571793
634	590	6	5.7999845
634	641	7	4.4705133
634	1199	8	4.317082
634	210	9	3.9461086
634	1281	10	3.464344
924	3073	1	5.027218
924	431	2	4.1101832
924	728	3	4.60981
924	635	4	4.195684
924	55	5	5.2906456
924	590	6	5.3199434
924	682	7	4.5654397
924	1732	8	3.9990358
924	843	9	4.083001
924	1281	10	3.8212004
566	73	1	3.5490894
566	46	2	4.97235
566	682	3	3.460129
566	635	4	4.020787
566	58	5	3.2284403
566	935	6	2.5057359
566	3075	7	3.1723144
566	1025	8	2.1302717
566	791	9	3.135706
566	156	10	2.4573145
245	3074	1	3.777883
245	529	2	4.1583595
245	73	3	3.637998
245	147	4	2.7039032
245	620	5	4.396859
245	935	6	2.9513938
245	3075	7	3.2208724
245	3281	8	3.8128295
245	1281	9	3.0733495
245	479	10	3.0878143
379	196	1	4.5504723
379	213	2	4.2130027
379	216	3	4.302691
379	495	4	4.0324917
379	1983	5	4.131116
379	420	6	4.792076
379	3718	7	4.2801743
379	172	8	4.3108764
379	221	9	4.807452
379	631	10	4.2521544
652	82	1	4.8261156
652	201	2	4.1524553
652	3073	3	4.802003
652	3275	4	4.5730686
652	4016	5	3.7270546
652	935	6	4.021703
652	63	7	4.212133
652	1732	8	3.796998
652	1701	9	4.096977
652	1452	10	2.635263
910	3074	1	3.501791
910	46	2	4.7671723
910	3075	3	3.2115536
910	635	4	3.7396555
910	590	5	5.177086
910	70	6	3.5286288
910	1368	7	3.1116598
910	1732	8	3.980493
910	333	9	3.0280538
910	156	10	2.6651893
816	641	1	3.8754134
816	46	2	3.7136304
816	672	3	3.4173322
816	147	4	3.6035922
816	55	5	3.6168082
816	3286	6	3.1834047
816	210	7	3.3139749
816	1199	8	3.874426
816	728	9	3.2777357
816	1281	10	2.4817185
90	73	1	3.3257518
90	821	2	3.9616265
90	728	3	3.0626125
90	1086	4	3.9011383
90	51	5	3.041979
90	346	6	3.5735617
90	104	7	2.987153
90	3281	8	3.2402492
90	1745	9	4.422548
90	843	10	2.835785
622	728	1	4.833439
622	46	2	4.9194727
622	479	3	4.586156
622	754	4	3.3219068
622	3286	5	4.755724
622	70	6	3.8209636
622	641	7	4.566449
622	3281	8	4.4953904
622	73	9	4.483223
622	1281	10	3.341586
784	372	1	4.7083507
784	610	2	3.2538602
784	84	3	4.4496813
784	3929	4	4.696928
784	1126	5	2.9695385
784	2942	6	3.728125
784	753	7	4.2587113
784	1457	8	3.0433795
784	1484	9	4.467797
784	152	10	4.1464295
495	728	1	4.9397125
495	201	2	5.105634
495	479	3	4.520423
495	1134	4	5.0056896
495	70	5	3.7518845
495	935	6	4.2651834
495	73	7	4.204042
495	3281	8	4.6372356
495	551	9	4.090716
495	1302	10	3.0897422
85	682	1	5.1029797
85	46	2	4.191058
85	728	3	4.609228
85	635	4	4.027129
85	1983	5	4.197774
85	114	6	2.9269738
85	3072	7	4.3344812
85	1199	8	3.2080183
85	843	9	4.3222313
85	1303	10	3.2605124
400	63	1	4.2869415
400	201	2	4.2316246
400	29	3	4.26562
400	1134	4	4.205732
400	620	5	4.3778133
400	3286	6	4.0101027
400	728	7	4.054242
400	3281	8	3.8151038
400	1602	9	4.24862
400	682	10	4.0508804
754	219	1	3.9835782
754	548	2	3.829385
754	258	3	3.7292962
754	1277	4	4.751398
754	71	5	3.5323968
754	935	6	3.7943935
754	227	7	3.6431282
754	1457	8	3.7679937
754	919	9	3.6625926
754	0	10	3.612616
51	2125	1	3.0999439
51	46	2	3.552346
51	49	3	3.0138316
51	936	4	3.4363432
51	4016	5	3.604391
51	3286	6	4.2165537
51	4020	7	2.9058735
51	1732	8	3.323073
51	1281	9	3.3945417
51	1925	10	2.8137193
173	732	1	5.232353
173	24	2	4.853354
173	278	3	5.20103
173	495	4	5.5185
173	430	5	5.314787
173	935	6	4.474804
173	515	7	5.082863
173	2502	8	4.389657
173	1745	9	4.937857
173	3073	10	4.7037916
404	3074	1	3.8904185
404	431	2	4.225864
404	73	3	3.86738
404	1134	4	5.0933285
404	620	5	5.7176294
404	935	6	3.5561461
404	641	7	3.787782
404	1732	8	4.461593
404	1281	9	3.7670813
404	3075	10	3.4095228
813	874	1	4.3465023
813	231	2	3.9610162
813	62	3	4.323085
813	495	4	4.0215096
813	1926	5	3.8808377
813	2503	6	3.7263663
813	7	7	4.1007366
813	599	8	4.285596
813	53	9	4.0682173
813	391	10	3.9208353
722	63	1	4.4440827
722	614	2	3.2727613
722	682	3	4.3656154
722	635	4	3.8923635
722	620	5	4.361209
722	3286	6	3.5297446
722	728	7	4.2297974
722	3281	8	3.2308722
722	1602	9	4.2500963
722	1011	10	4.188069
582	63	1	4.2526155
582	108	2	4.0361733
582	3072	3	4.116393
582	3275	4	2.9134965
582	590	5	4.1967106
582	55	6	2.8747797
582	1011	7	4.074057
582	3281	8	3.8710194
582	1602	9	4.267644
582	2125	10	4.059333
303	82	1	4.0219936
303	721	2	3.777956
303	1466	3	3.7314253
303	3275	4	2.9728596
303	55	5	3.4893262
303	590	6	3.8211699
303	215	7	3.5402074
303	1353	8	3.3350651
303	728	9	3.3886294
303	1303	10	2.4794
861	1368	1	4.2154074
861	529	2	4.927955
861	682	3	3.9755788
861	1134	4	3.9420185
861	58	5	4.284189
861	935	6	3.738463
861	791	7	3.9670024
861	3281	8	3.6846874
861	1693	9	3.8107371
861	156	10	3.6160264
276	1701	1	4.976098
276	168	2	3.878046
276	210	3	4.891637
276	635	4	4.644733
276	4016	5	4.251217
276	3286	6	3.988699
276	63	7	4.786748
276	3281	8	3.6671958
276	1602	9	4.6586885
276	1011	10	4.642306
471	753	1	4.511033
471	1582	2	4.0558743
471	654	3	4.3980308
471	944	4	4.0524774
471	590	5	3.689079
471	1126	6	2.604405
471	798	7	4.301731
471	1310	8	3.6731293
471	1129	9	4.0302243
471	1745	10	3.7673888
170	258	1	4.145873
170	369	2	3.2640967
170	1115	3	4.1003814
170	944	4	3.6757777
170	1863	5	3.456659
170	3286	6	3.0627842
170	753	7	4.0522738
170	172	8	4.076824
170	278	9	3.7142231
170	1602	10	3.3285224
80	1466	1	4.5457287
80	201	2	4.731991
80	551	3	4.162961
80	3275	4	5.2610054
80	55	5	5.3176956
80	935	6	3.654311
80	479	7	4.1452703
80	1732	8	4.039963
80	641	9	4.0778866
80	1281	10	3.9125395
668	1466	1	4.68238
668	529	2	3.8943334
668	551	3	4.101774
668	635	4	4.3838997
668	1983	5	4.2391443
668	935	6	3.2659898
668	73	7	3.7284675
668	1732	8	4.00581
668	1281	9	4.130267
668	479	10	3.6152296
573	753	1	5.2509937
573	821	2	4.6252375
573	1115	3	5.131195
573	944	4	4.937298
573	1863	5	4.110078
573	590	6	3.7083972
573	798	7	4.980864
573	1310	8	4.1123633
573	221	9	5.2070317
573	258	10	4.935961
913	53	1	2.3756604
913	2705	2	2.6437135
913	152	3	2.331321
913	439	4	2.8420098
913	2052	5	4.680668
913	30	6	1.9842407
913	196	7	2.3257618
913	1066	8	2.472258
913	911	9	3.0149608
913	1388	10	2.2929983
214	227	1	4.9405575
214	821	2	5.098782
214	19	3	4.728529
214	320	4	4.7302856
214	1863	5	4.72808
214	935	6	3.5269754
214	2390	7	4.7272844
214	1310	8	4.466709
214	1374	9	4.422368
214	1745	10	3.7253227
504	84	1	5.277046
504	231	2	5.5115833
504	219	3	4.8279552
504	320	4	4.5974
504	71	5	4.2400484
504	935	6	3.4460645
504	19	7	4.6360736
504	172	8	4.223408
504	227	9	4.596963
504	1745	10	3.594474
702	73	1	4.4557867
702	2110	2	3.763217
702	479	3	4.3549395
702	754	4	3.79553
702	620	5	5.678369
702	3286	6	4.594617
702	1466	7	4.1691275
702	1199	8	3.7814505
702	641	9	4.0563107
702	1281	10	3.4158518
805	0	1	3.960227
805	369	2	3.46942
805	479	3	3.863237
805	686	4	3.5053358
805	71	5	4.1921
805	1666	6	2.9722443
805	1466	7	3.6699257
805	1353	8	2.8648891
805	1281	9	4.3253655
805	732	10	3.5850124
699	728	1	4.668248
699	46	2	4.3834634
699	843	3	4.27703
699	3275	4	4.448719
699	70	5	3.0768
699	935	6	2.6376343
699	1466	7	4.114316
699	1732	8	3.478923
699	3073	9	4.098837
699	1281	10	3.9393196
138	1833	1	4.4656234
138	821	2	3.7363434
138	1129	3	4.3497863
138	1277	4	3.790227
138	1863	5	3.9366446
138	590	6	2.5463507
138	839	7	4.1765003
138	1457	8	3.490554
138	221	9	4.0775113
138	219	10	3.8550045
922	210	1	4.0210905
922	2110	2	3.9493067
922	3074	3	3.891011
922	635	4	4.850113
922	1983	5	5.529213
922	935	6	3.8385339
922	73	7	3.828261
922	1199	8	4.4731865
922	1281	9	4.1523113
922	456	10	3.597095
315	82	1	4.703644
315	108	2	4.7967086
315	215	3	4.6904483
315	1134	4	3.7639685
315	1161	5	4.3803997
315	935	6	4.626578
315	139	7	4.6423697
315	1353	8	4.064727
315	77	9	4.459476
315	1602	10	4.0929976
317	717	1	4.7340717
317	1697	2	4.584576
317	311	3	4.544283
317	901	4	5.307893
317	71	5	4.870097
317	590	6	3.5927057
317	1449	7	4.424062
317	1310	8	3.4617057
317	654	9	4.306823
317	1602	10	3.2505064
250	728	1	3.8823962
250	46	2	4.3356147
250	29	3	3.4628053
250	635	4	3.5290725
250	58	5	2.5272179
250	935	6	3.1675677
250	73	7	3.3983097
250	3281	8	3.068525
250	1602	9	3.7126307
250	210	10	3.1362534
217	728	1	4.7063236
217	2110	2	3.23114
217	73	3	4.466835
217	3273	4	4.131714
217	70	5	4.208704
217	3286	6	4.122606
217	1925	7	3.9237413
217	3281	8	3.9175818
217	1602	9	4.594879
217	333	10	3.8244708
456	728	1	4.727728
456	201	2	3.6674352
456	19	3	4.565267
456	1133	4	4.1951265
456	620	5	4.8996887
456	590	6	4.3024845
456	82	7	4.545514
456	1732	8	3.026919
456	1602	9	4.9605465
456	3072	10	4.471138
127	1410	1	3.333642
127	264	2	3.3950315
127	589	3	3.326375
127	408	4	4.071859
127	1343	5	3.0516958
127	935	6	2.4671125
127	1132	7	3.3041306
127	1457	8	3.354408
127	919	9	3.5529978
127	19	10	3.264246
362	63	1	5.4461265
362	2110	2	5.0332756
362	82	3	5.117934
362	3275	4	4.630946
362	55	5	4.5549793
362	935	6	4.1049485
362	1701	7	4.904469
362	1353	8	5.1670685
362	3073	9	4.885987
362	1281	10	4.053521
599	2390	1	3.6637578
599	821	2	4.1994867
599	311	3	3.2337437
599	1277	4	3.4227638
599	1863	5	3.9586966
599	558	6	3.1978064
599	1310	7	3.8939133
599	221	8	4.6835365
599	886	9	3.1447706
599	1374	10	3.1061487
330	1115	1	4.3494163
330	1919	2	3.0676951
330	1129	3	4.028387
330	944	4	4.4003
330	1321	5	3.2199917
330	590	6	3.3603997
330	271	7	3.9754179
330	1310	8	3.7932253
330	311	9	3.959283
330	1745	10	3.4548693
892	515	1	4.515644
892	1761	2	3.9656096
892	913	3	4.13667
892	635	4	3.8542285
892	4016	5	4.907593
892	935	6	3.5031104
892	874	7	3.905355
892	1310	8	3.189066
892	370	9	3.7672157
892	1602	10	3.660755
176	728	1	4.936552
176	2110	2	3.8953094
176	479	3	4.464489
176	147	4	4.046232
176	1983	5	5.119193
176	3286	6	4.903304
176	3074	7	4.4445724
176	3281	8	4.6888876
176	641	9	4.3623214
176	1281	10	3.5704718
230	753	1	4.7049146
230	821	2	5.1163077
230	3090	3	4.5621367
230	944	4	4.1601987
230	71	5	4.768239
230	590	6	3.6628797
230	798	7	4.5230513
230	172	8	4.502388
230	141	9	4.4214754
230	1745	10	3.704422
409	1011	1	5.0047507
409	2108	2	4.0428796
409	63	3	4.8013067
409	1134	4	4.419756
409	58	5	3.3444805
409	3286	6	4.2113523
409	479	7	4.695237
409	3281	8	4.190518
409	641	9	4.679739
409	1602	10	4.505517
576	843	1	4.1012235
576	721	2	4.1035223
576	3073	3	3.9476974
576	3275	4	3.8152444
576	1983	5	4.15073
576	3220	6	2.5802212
576	479	7	3.3472447
576	1199	8	3.217824
576	641	9	3.0974622
576	4029	10	2.7091298
58	3072	1	4.248823
58	529	2	2.7357411
58	3073	3	3.403196
58	635	4	3.552629
58	620	5	3.7533746
58	935	6	1.7905629
58	682	7	3.3143818
58	1732	8	3.1076093
58	843	9	3.2389922
58	1302	10	2.815789
839	227	1	3.8846383
839	1582	2	4.362546
839	19	3	3.828674
839	1277	4	3.937549
839	1863	5	4.159527
839	935	6	2.6847572
839	886	7	3.5282948
839	172	8	3.0858579
839	0	9	3.42496
839	1745	10	2.4873111
857	682	1	5.1606693
857	1534	2	4.2755723
857	1466	3	4.835866
857	686	4	4.2414956
857	3286	5	5.692773
857	1983	6	3.561015
857	2605	7	3.9767013
857	1199	8	2.8994446
857	1602	9	4.497156
857	95	10	3.9285564
882	227	1	4.734105
882	821	2	4.397229
882	141	3	4.127649
882	320	4	4.9088173
882	71	5	4.9064856
882	631	6	3.9548151
882	1732	7	2.8090715
882	311	8	3.9329433
882	1452	9	3.8730612
882	1925	10	3.8156047
793	311	1	5.0900407
793	821	2	4.7625265
793	278	3	4.7014976
793	495	4	6.106928
793	620	5	4.577381
793	1036	6	3.2354836
793	1449	7	4.5686455
793	1199	8	4.118254
793	515	9	4.2179437
793	1745	10	3.941173
807	258	1	4.152705
807	369	2	3.3192816
807	0	3	4.0276074
807	1277	4	3.9242477
807	1863	5	4.3287935
807	935	6	3.343185
807	2390	7	3.8825212
807	172	8	3.9946842
807	311	9	3.764627
807	1745	10	3.3639321
709	515	1	4.5024395
709	1697	2	4.081527
709	717	3	4.1836305
709	495	4	4.4624424
709	1321	5	4.3290234
709	935	6	3.6907418
709	654	7	4.0235705
709	2502	8	4.7611084
709	913	9	3.985283
709	1602	10	3.7444637
479	372	1	4.3677588
479	231	2	4.3711357
479	84	3	4.358034
479	243	4	3.363489
479	72	5	3.787959
479	2942	6	3.6395662
479	34	7	3.8159857
479	694	8	3.5950677
479	1071	9	3.7912362
479	221	10	3.193408
305	1011	1	4.620986
305	46	2	4.100793
305	63	3	4.513158
305	635	4	4.55092
305	4016	5	4.0397654
305	3286	6	4.2288237
305	1701	7	4.3366756
305	2502	8	3.3550463
305	4017	9	4.304126
305	1452	10	3.3247838
817	728	1	4.66695
817	848	2	3.0293357
817	63	3	4.6586113
817	635	4	4.1830544
817	620	5	4.5867248
817	3286	6	4.174774
817	551	7	4.279237
817	3281	8	3.9129744
817	1602	9	4.6516256
817	73	10	4.242262
105	73	1	4.35739
105	529	2	4.6826224
105	3075	3	3.8311086
105	3273	4	3.8769555
105	1983	5	4.3294983
105	935	6	3.7362366
105	479	7	3.789985
105	3281	8	4.29476
105	1466	9	3.6819901
105	1281	10	3.1801667
149	3072	1	5.696781
149	108	2	5.0013795
149	874	3	4.967316
149	296	4	4.8593526
149	1161	5	5.1310306
149	935	6	4.624131
149	3073	7	4.8590045
149	1353	8	4.213808
149	7	9	4.836198
149	1602	10	4.5716343
753	654	1	4.274691
753	1761	2	4.5958233
753	733	3	4.27297
753	1134	4	3.0580468
753	71	5	4.3289766
753	935	6	3.7929313
753	3090	7	4.242259
753	172	8	4.3450804
753	141	9	4.2081976
753	3138	10	2.7275643
344	791	1	3.7955623
344	24	2	3.5805268
344	152	3	3.595296
344	320	4	3.5023007
344	70	5	3.67906
344	2060	6	2.8961406
344	1893	7	3.3098485
344	1353	8	2.7626653
344	732	9	3.3049765
344	911	10	2.5163498
264	728	1	4.9743195
264	46	2	4.856804
264	210	3	4.6375055
264	3273	4	3.4872906
264	55	5	5.710588
264	935	6	4.723197
264	672	7	4.627882
264	3281	8	4.8102827
264	73	9	4.502749
264	1281	10	3.5405655
26	479	1	3.1803024
26	201	2	3.958188
26	3275	3	3.979275
26	492	4	2.8007307
26	590	5	4.961841
26	1983	6	3.6875534
26	2000	7	2.7984078
26	1199	8	2.923005
26	1281	9	3.7160406
26	244	10	2.662816
204	370	1	4.551773
204	821	2	3.7542853
204	515	3	4.099873
204	635	4	2.341046
204	995	5	2.632881
204	2195	6	2.4751773
204	2036	7	3.7841651
204	1353	8	4.8232307
204	1087	9	3.7545035
204	1745	10	3.3887491
540	1466	1	4.6760664
540	46	2	4.9255514
540	73	3	3.754641
540	147	4	3.0141559
540	3286	5	5.12892
540	492	6	3.6987572
540	1732	7	4.0738163
540	3075	8	3.471054
540	156	9	2.4962988
540	641	10	3.3206465
282	3073	1	3.8918543
282	201	2	3.8624725
282	551	3	3.315614
282	3275	4	3.8956094
282	55	5	4.0452332
282	590	6	4.711367
282	73	7	3.138349
282	1732	8	3.1621203
282	1281	9	3.3727155
282	492	10	3.0740373
768	215	1	3.9147763
768	108	2	4.231457
768	3072	3	3.640737
768	635	4	3.098962
768	1983	5	3.7408328
768	590	6	4.028447
768	843	7	3.6162238
768	1353	8	3.9012053
768	1281	9	3.7338645
768	1701	10	3.6108172
499	63	1	4.903681
499	529	2	5.136819
499	1011	3	4.848675
499	635	4	4.3327117
499	620	5	4.5162406
499	3286	6	3.9743907
499	73	7	4.693877
499	3281	8	3.8230243
499	1602	9	4.6378055
499	728	10	4.63169
737	479	1	4.2863283
737	431	2	4.1253185
737	3074	3	4.0350323
737	754	4	3.6572404
737	1983	5	4.8740873
737	935	6	3.552415
737	73	7	4.03289
737	1732	8	4.4239464
737	641	9	4.027001
737	1281	10	3.8678434
871	1011	1	5.2011123
871	431	2	4.395583
871	63	3	5.048065
871	1134	4	4.9199266
871	55	5	5.207406
871	935	6	4.5838957
871	1701	7	4.925906
871	3281	8	4.4577045
871	29	9	4.626576
871	1281	10	3.4155383
923	311	1	4.9480495
923	1582	2	4.306369
923	141	3	4.882488
923	495	4	4.829799
923	1863	5	3.9824622
923	590	6	4.3904953
923	798	7	4.832592
923	172	8	5.5055676
923	753	9	4.807909
923	1745	10	4.5617237
609	0	1	5.188386
609	369	2	4.668632
609	843	3	4.9841986
609	686	4	4.424182
609	1161	5	4.483254
609	3286	6	5.3666472
609	258	7	4.9691925
609	1199	8	4.6868916
609	63	9	4.791111
609	1281	10	4.577258
746	728	1	3.4098182
746	529	2	3.3513467
746	73	3	3.3425016
746	1134	4	3.4837124
746	1983	5	3.037125
746	935	6	3.1536303
746	1701	7	3.3001459
746	3281	8	3.3580022
746	1602	9	3.7440054
746	1368	10	2.9603024
555	3072	1	4.3047924
555	46	2	4.5497475
555	551	3	3.3864028
555	3275	4	3.7276258
555	55	5	4.357978
555	114	6	2.3726337
555	3073	7	3.3800256
555	1199	8	3.2894306
555	479	9	3.3051147
555	807	10	3.1345034
469	73	1	4.3547325
469	330	2	4.1096272
469	7	3	4.330981
469	2135	4	2.9680347
469	70	5	4.608637
469	1003	6	3.078692
469	1693	7	4.2539043
469	599	8	4.2583647
469	791	9	4.153578
469	1794	10	3.3733697
463	798	1	4.0269537
463	1761	2	4.7668567
463	372	3	3.9128265
463	1277	4	3.3466644
463	72	5	3.5263352
463	2942	6	3.2205682
463	654	7	3.8795443
463	599	8	3.6972537
463	139	9	3.8310208
463	221	10	3.0011234
280	753	1	5.0983877
280	1761	2	5.215902
280	141	3	4.8097186
280	1277	4	4.296949
280	1863	5	4.30291
280	2942	6	3.205537
280	351	7	4.699743
280	1066	8	3.8884432
280	886	9	4.518294
280	1484	10	4.084449
259	479	1	3.923578
259	201	2	3.6090717
259	210	3	3.2273154
259	635	4	4.020803
259	1161	5	3.1663668
259	935	6	3.2518473
259	3074	7	3.0472114
259	1199	8	3.9697576
259	109	9	2.8959208
259	1303	10	2.5792422
879	3251	1	4.5965652
879	369	2	4.4395647
879	278	3	4.4386444
879	495	4	4.3528304
879	1161	5	5.3325987
879	935	6	3.7929444
879	654	7	4.2632265
879	1310	8	3.5972943
879	717	9	4.2468157
879	1602	10	3.352694
612	479	1	4.8243794
612	201	2	4.07675
612	63	3	4.8231688
612	1134	4	4.740044
612	55	5	4.4763746
612	935	6	3.6330323
612	1701	7	4.504761
612	3281	8	4.5376806
612	456	9	3.9183598
612	1281	10	3.419878
594	210	1	3.906581
594	201	2	4.5925217
594	73	3	3.784683
594	635	4	4.6294475
594	55	5	4.9464207
594	935	6	3.5523887
594	1466	7	3.7213902
594	3281	8	4.1933208
594	456	9	3.5521123
594	1281	10	3.4325626
521	49	1	4.5141773
521	1761	2	4.467543
521	733	3	4.480212
521	1134	4	3.2898057
521	71	5	4.020354
521	935	6	3.4074063
521	753	7	4.4016294
521	1457	8	3.218122
521	654	9	4.3531647
521	1602	10	2.97016
110	63	1	4.2784004
110	431	2	3.8627
110	1011	3	4.03602
110	1134	4	3.652246
110	620	5	4.9691396
110	935	6	3.774502
110	3074	7	3.989903
110	1732	8	3.969013
110	1602	9	3.996577
110	248	10	3.8266263
446	84	1	4.2661753
446	548	2	3.8960998
446	1410	3	3.9232862
446	381	4	3.0360804
446	2942	5	3.6027634
446	71	6	2.7523608
446	19	7	3.6140995
446	1457	8	3.94348
446	151	9	3.5491636
446	221	10	3.3820221
351	29	1	4.2576604
351	721	2	4.4801188
351	728	3	4.206376
351	1134	4	4.55602
351	55	5	3.8016343
351	935	6	3.3548756
351	1701	7	4.1223116
351	3281	8	4.224036
351	109	9	3.8155918
351	1452	10	2.7152216
111	682	1	6.0746927
111	46	2	4.983264
111	843	3	5.4701567
111	3275	4	5.137937
111	1983	5	5.1084275
111	935	6	3.520516
111	728	7	5.3265862
111	1199	8	4.0870094
111	3073	9	5.144539
111	156	10	2.269168
789	227	1	4.932604
789	213	2	4.013258
789	311	3	4.2770386
789	944	4	4.525852
789	1863	5	4.010813
789	590	6	3.37639
789	1129	7	4.265473
789	1310	8	3.6975036
789	1449	9	4.257707
789	1745	10	3.735279
886	370	1	4.26347
886	1511	2	3.2450023
886	920	3	4.191226
886	635	4	2.2461407
886	2216	5	4.8128743
886	515	6	4.1473165
886	624	7	2.9055896
886	805	8	4.1323557
886	1745	9	3.363274
886	1091	10	3.8642168
785	73	1	3.922611
785	529	2	4.0081186
785	3075	3	3.352376
785	147	4	3.4640932
785	620	5	5.4491596
785	935	6	3.4046178
785	993	7	3.1275792
785	1732	8	4.319314
785	1281	9	3.484229
785	210	10	2.984519
476	551	1	3.8291216
476	529	2	4.112468
476	73	3	3.8286786
476	635	4	4.444319
476	70	5	3.519254
476	935	6	3.7810862
476	492	7	3.816791
476	3281	8	4.4980345
476	1466	9	3.8064115
476	1281	10	3.4586844
621	728	1	4.9603996
621	488	2	3.172149
621	29	3	4.454137
621	1134	4	3.8878474
621	620	5	4.287154
621	3286	6	3.7681465
621	1925	7	4.398393
621	3281	8	3.6495738
621	1602	9	4.4449368
621	682	10	4.3847327
34	515	1	5.0310984
34	821	2	6.577856
34	3073	3	4.777171
34	901	4	5.3649325
34	71	5	6.367305
34	935	6	4.8523607
34	95	7	4.58398
34	1353	8	3.4975114
34	485	9	4.5806923
34	1602	10	4.027417
630	73	1	4.2756643
630	529	2	4.1805735
630	492	3	4.028283
630	3273	4	3.3232412
630	70	5	3.9232864
630	3286	6	4.2987723
630	3074	7	3.928186
630	3281	8	4.1169558
630	1466	9	3.913618
630	1281	10	3.1286438
411	237	1	3.728688
411	902	2	3.690285
411	945	3	3.5531173
411	408	4	3.5183828
411	71	5	2.7013516
411	935	6	3.3729515
411	3096	7	3.4239826
411	172	8	2.6030154
411	151	9	3.3519788
411	221	10	3.2407105
272	728	1	4.0590296
272	108	2	5.1262693
272	3075	3	3.9903584
272	635	4	3.2446175
272	55	5	4.8296824
272	3286	6	3.0109236
272	492	7	3.9454548
272	1732	8	4.0874286
272	73	9	3.8187804
272	1281	10	2.2818017
20	219	1	4.3624897
20	821	2	4.4038944
20	227	3	4.312173
20	243	4	4.6408157
20	71	5	3.8821273
20	935	6	4.0341434
20	258	7	4.1021023
20	694	8	4.7386537
20	0	9	3.836421
20	919	10	3.12633
27	728	1	4.344325
27	721	2	4.1341677
27	1701	3	4.262252
27	3275	4	3.2356155
27	55	5	3.679225
27	590	6	4.1581664
27	3072	7	4.1648426
27	1199	8	3.2111056
27	82	9	3.650929
27	623	10	2.0247962
381	654	1	3.8153212
381	4050	2	3.3747094
381	151	3	3.8079798
381	408	4	3.7239516
381	72	5	2.8085284
381	2942	6	2.680809
381	304	7	3.5933502
381	1066	8	2.8103032
381	886	9	3.3997602
381	221	10	2.6990037
633	641	1	3.4937248
633	46	2	4.673279
633	3275	3	4.761539
633	492	4	3.3649707
633	1983	5	4.412999
633	935	6	2.7166646
633	479	7	3.347569
633	1732	8	3.7319713
633	3074	9	3.3051405
633	530	10	3.255457
406	372	1	4.7613373
406	1582	2	5.0061216
406	84	3	4.522676
406	1277	4	4.2018876
406	1863	5	4.7853136
406	2942	6	3.9048548
406	1833	7	4.348572
406	1457	8	4.0045996
406	1374	9	4.267911
406	221	10	3.8232312
727	551	1	3.9288309
727	201	2	4.3872547
727	3275	3	4.8298697
727	73	4	3.6555219
727	55	5	4.94484
727	935	6	3.2436044
727	3074	7	3.4609427
727	1732	8	3.6972218
727	492	9	3.2868817
727	1303	10	2.2012506
714	753	1	4.515765
714	213	2	4.2754326
714	3090	3	4.4907503
714	495	4	4.398878
714	71	5	5.2758923
714	590	6	4.0989566
714	311	7	4.4451857
714	1310	8	3.6888962
714	1452	9	5.1396
714	1115	10	4.329234
494	515	1	4.4110303
494	1697	2	3.8074641
494	49	3	4.19944
494	635	4	3.654593
494	1321	5	4.1933703
494	590	6	3.9526024
494	3072	7	3.9031315
494	14	8	3.152168
494	874	9	3.8794007
494	1602	10	3.6979823
22	63	1	4.255452
22	2108	2	4.1208954
22	728	3	4.059134
22	1134	4	4.3279967
22	55	5	4.1685057
22	3286	6	4.2535844
22	1701	7	3.963759
22	1353	8	4.4339433
22	73	9	3.843611
22	1281	10	2.9526181
172	219	1	4.201742
172	548	2	3.2602625
172	1129	3	3.9600444
172	320	4	3.9045556
172	1863	5	4.024733
172	935	6	3.3541164
172	227	7	3.8351357
172	1310	8	3.918385
172	221	9	4.1611147
172	258	10	3.7606611
19	219	1	3.7870305
19	821	2	3.748567
19	227	3	3.6606727
19	408	4	4.222143
19	72	5	4.613917
19	2942	6	4.260679
19	258	7	3.557589
19	1457	8	4.115145
19	197	9	3.3392904
19	1745	10	2.29648
848	479	1	4.354427
848	201	2	4.9418163
848	641	3	4.150302
848	635	4	4.8302712
848	1983	5	5.1148853
848	935	6	3.7033648
848	73	7	3.9354367
848	1732	8	4.28121
848	1281	9	4.1552343
848	3074	10	3.7919617
332	73	1	4.4704366
332	185	2	4.7445145
332	1011	3	4.465454
332	1134	4	3.3485608
332	3286	5	3.648572
332	63	6	4.2534523
332	1025	7	3.3820124
332	1745	8	4.9515576
332	29	9	4.215786
332	551	10	4.1451735
912	3073	1	4.9353023
912	46	2	4.86758
912	843	3	4.885772
912	754	4	3.3977718
912	55	5	5.366418
912	590	6	5.558336
912	1466	7	4.687734
912	1732	8	3.922145
912	551	9	4.2404995
912	1281	10	3.8289127
530	73	1	3.678824
530	821	2	3.9963906
530	515	3	3.4780817
530	3275	4	4.313087
530	1321	5	3.318777
530	2942	6	3.7936788
530	920	7	3.1783023
530	1025	8	2.1783695
530	370	9	3.10399
530	1745	10	3.068694
349	29	1	4.499587
349	213	2	4.2244186
349	196	3	4.2376533
349	28	4	3.9049766
349	3286	5	5.010853
349	1983	6	3.7999632
349	63	7	4.0199966
349	1199	8	3.1080482
349	1745	9	4.578456
349	0	10	3.8189564
79	874	1	5.2084928
79	2550	2	3.9340587
79	82	3	4.84995
79	1134	4	4.4048986
79	55	5	4.045808
79	3286	6	4.0748773
79	63	7	4.532892
79	3281	8	3.889203
79	1011	9	4.4251275
79	1281	10	3.1884184
81	29	1	4.930963
81	108	2	5.9255257
81	1701	3	4.9151564
81	1134	4	5.4036217
81	55	5	4.667604
81	935	6	4.3039374
81	728	7	4.5897865
81	3281	8	4.8298492
81	4017	9	4.3641043
81	1281	10	3.9324124
550	351	1	3.379265
550	213	2	3.8304634
550	2606	3	3.3644595
550	3929	4	2.3027124
550	70	5	3.939858
550	225	6	3.7959852
550	7	7	3.3094454
550	1353	8	3.4432583
550	911	9	3.6202526
550	370	10	3.2607884
774	728	1	4.8026767
774	2108	2	4.575011
774	672	3	4.7564144
774	147	4	5.182313
774	55	5	5.4272923
774	935	6	4.799421
774	3074	7	4.5704
774	3281	8	4.655882
774	456	9	4.4667034
774	1281	10	3.5904913
906	479	1	3.955957
906	201	2	4.1390095
906	641	3	3.6106055
906	147	4	3.3092031
906	1983	5	4.297367
906	935	6	3.563425
906	3074	7	3.5689683
906	1732	8	3.8394241
906	73	9	3.5633948
906	1281	10	3.369569
860	1925	1	3.7783575
860	3781	2	3.8604183
860	913	3	3.5362165
860	754	4	3.1518652
860	2216	5	3.3491895
860	935	6	2.8294325
860	63	7	3.4934945
860	1025	8	2.733377
860	1745	9	4.014564
860	194	10	3.423646
304	728	1	3.74594
304	431	2	3.6902924
304	63	3	3.6752844
304	1134	4	3.4479742
304	55	5	3.998406
304	3286	6	2.8228219
304	1701	7	3.515081
304	1353	8	3.8074784
304	1011	9	3.49055
304	1602	10	3.4139738
614	19	1	4.0967336
614	821	2	4.0223155
614	219	3	3.9099874
614	320	4	3.9325254
614	71	5	3.276636
614	935	6	3.38023
614	1374	7	3.7825356
614	172	8	3.1119242
614	221	9	3.815092
614	258	10	3.520501
490	370	1	4.347034
490	108	2	4.537081
490	682	3	4.051902
490	3273	4	3.5678036
490	1321	5	4.3333225
490	2942	6	4.3558187
490	485	7	3.9268494
490	1353	8	3.8214805
490	1745	9	4.279557
490	913	10	3.8716645
649	728	1	4.235985
649	168	2	4.0192595
649	456	3	4.1070366
649	936	4	3.6297665
649	55	5	4.3266897
649	935	6	3.8190978
649	109	7	3.7360358
649	3281	8	4.174183
649	4017	9	3.7087526
649	1281	10	3.1822085
500	278	1	3.4837668
500	821	2	2.499227
500	372	3	3.0961928
500	2584	4	2.2132208
500	1983	5	2.5477624
500	346	6	2.9769425
500	370	7	3.0706747
500	1595	8	1.9299853
500	843	9	2.9706001
500	1745	10	2.6936412
638	82	1	5.2137413
638	46	2	4.147624
638	3073	3	4.594443
638	635	4	4.5232553
638	55	5	4.6284504
638	590	6	5.400612
638	1466	7	4.4951677
638	1353	8	4.91918
638	479	9	4.0096564
638	1302	10	3.0276039
762	728	1	4.497242
762	201	2	4.040186
762	479	3	4.474965
762	3275	4	4.583171
762	55	5	4.5767307
762	935	6	3.3518589
762	641	7	4.135061
762	1353	8	4.913765
762	672	9	3.9832578
762	1281	10	3.6807811
30	372	1	4.4527893
30	1919	2	4.049016
30	84	3	4.1827865
30	3929	4	4.7964606
30	72	5	3.7123373
30	2942	6	3.6641245
30	3718	7	4.176343
30	1310	8	4.6598864
30	143	9	4.0845904
30	221	10	3.2526395
267	843	1	3.9553752
267	218	2	2.9217072
267	1701	3	3.8206487
267	635	4	3.0499375
267	620	5	3.5078552
267	3286	6	2.7353668
267	682	7	3.7044625
267	1199	8	2.4505475
267	1745	9	4.3883476
267	1011	10	3.5660672
313	82	1	4.6790943
313	2108	2	4.18943
313	215	3	4.4395905
313	3275	4	4.0805407
313	4016	5	3.9250088
313	935	6	3.7007697
313	4017	7	4.3840413
313	1353	8	3.8958046
313	3073	9	4.368122
313	1452	10	2.9268577
512	1449	1	4.769555
512	821	2	5.5114813
512	4021	3	4.5853777
512	901	4	4.6556
512	71	5	5.721898
512	3286	6	2.7229364
512	1854	7	4.534024
512	2502	8	4.283008
512	278	9	4.5059476
512	1452	10	4.1586175
284	73	1	3.9750085
284	431	2	4.3234577
284	3075	3	3.4584527
284	2760	4	3.2780929
284	590	5	5.5420814
284	620	6	4.588312
284	479	7	3.4326203
284	1732	8	4.677904
284	244	9	3.2224128
284	1281	10	2.980558
763	728	1	5.34787
763	46	2	5.11302
763	843	3	5.2823744
763	3275	4	5.0839777
763	1983	5	4.8410487
763	935	6	3.2812366
763	3073	7	4.8772573
763	1732	8	3.9635344
763	551	9	4.2435956
763	1303	10	3.1210983
265	311	1	3.4959013
265	821	2	3.6607952
265	1449	3	3.259448
265	495	4	3.6673005
265	1321	5	2.3255558
265	161	6	3.1371214
265	2502	7	3.4939363
265	278	8	3.1306043
265	1452	9	3.2673912
265	1139	10	2.9843671
681	1701	1	4.5165076
681	168	2	4.513122
681	4017	3	4.125145
681	635	4	4.8390517
681	4016	5	4.2093525
681	935	6	4.090295
681	139	7	3.8693736
681	1353	8	4.93789
681	1281	9	3.9893298
681	2125	10	3.8490343
243	3073	1	3.3556175
243	113	2	2.976121
243	843	3	3.032147
243	754	4	3.480297
243	70	5	3.0346665
243	935	6	1.7035885
243	73	7	2.8906965
243	1732	8	3.1175246
243	1281	9	3.0136464
243	1162	10	2.5058367
655	843	1	4.2909155
655	201	2	5.0965905
655	3275	3	5.7484255
655	73	4	3.9109526
655	1983	5	3.9193478
655	935	6	3.2410307
655	3074	7	3.8943465
655	1732	8	4.523023
655	492	9	3.8195312
655	2043	10	2.3491132
819	3072	1	5.4463453
819	24	2	5.1268897
819	139	3	4.825291
819	296	4	4.6333075
819	4016	5	4.9123673
819	590	6	5.239089
819	3073	7	4.612319
819	1353	8	4.164417
819	215	9	4.593956
819	242	10	4.5924425
316	551	1	3.6828759
316	201	2	3.9121585
316	210	3	3.3720694
316	635	4	4.350701
316	55	5	4.2662983
316	935	6	3.0122035
316	456	7	3.3383803
316	1199	8	4.217742
316	1281	9	3.7758532
316	73	10	3.0231209
25	682	1	4.6248646
25	185	2	4.412938
25	913	3	4.5058393
25	635	4	3.6472323
25	58	5	4.383606
25	3286	6	3.2017002
25	1701	7	4.309402
25	1199	8	3.3282778
25	1745	9	4.960997
25	874	10	4.2820787
225	515	1	4.6650133
225	185	2	3.8661969
225	732	3	4.350499
225	495	4	4.961398
225	935	5	4.4746265
225	1863	6	3.1474848
225	1410	7	4.0990324
225	1310	8	3.3935041
225	1745	9	4.43476
225	654	10	4.088771
95	543	1	4.0949073
95	231	2	3.9182649
95	1071	3	4.0251846
95	3929	4	4.351374
95	1343	5	3.5872421
95	935	6	3.1525354
95	84	7	3.849009
95	694	8	3.1672626
95	919	9	3.7791443
95	372	10	3.7902217
158	3072	1	5.0777197
158	213	2	5.1346455
158	515	3	4.7726254
158	901	4	4.6837196
158	1161	5	5.166718
158	590	6	4.4345083
158	1139	7	4.734969
158	363	8	3.5398126
158	732	9	4.644455
158	1602	10	3.7100577
520	530	1	3.0617902
520	201	2	3.7327628
520	37	3	2.975567
520	1133	4	2.8340404
520	70	5	3.0258083
520	3220	6	2.6081014
520	244	7	2.9449353
520	1732	8	3.2076836
520	1281	9	4.2580323
520	993	10	2.79782
210	1466	1	4.279323
210	529	2	4.57759
210	682	3	4.27541
210	3273	4	3.4648776
210	70	5	3.5991974
210	3286	6	4.2959
210	73	7	3.7935197
210	3281	8	4.1783504
210	1602	9	4.7326264
210	843	10	3.7699893
144	1011	1	4.5843506
144	46	2	4.797415
144	728	3	4.577328
144	635	4	4.175993
144	620	5	5.3170137
144	935	6	4.8058414
144	479	7	4.5315437
144	3281	8	3.5127523
144	1602	9	4.487438
144	63	10	4.4239063
560	49	1	4.7171974
560	24	2	3.8392484
560	278	3	4.4072466
560	495	4	4.6801033
560	1321	5	3.924636
560	935	6	4.0930347
560	515	7	4.339405
560	14	8	3.0999627
560	1452	9	4.16578
560	732	10	4.136098
660	95	1	4.267111
660	821	2	4.229316
660	732	3	3.9977384
660	495	4	4.3892403
660	1161	5	3.092002
660	1036	6	2.1637375
660	311	7	3.9892883
660	2502	8	3.0250587
660	1693	9	3.8668046
660	1745	10	3.1434193
73	49	1	5.1684523
73	1697	2	5.0725026
73	733	3	4.661949
73	495	4	4.812373
73	430	5	4.764439
73	935	6	4.0939236
73	3072	7	4.638158
73	1310	8	3.8480525
73	515	9	4.6216507
73	1602	10	3.7186007
529	63	1	3.8548665
529	108	2	4.91259
529	492	3	3.8456078
529	1134	4	3.744994
529	55	5	4.480212
529	935	6	4.69947
529	73	7	3.8222718
529	1353	8	4.458164
529	1701	9	3.7878766
529	156	10	2.9026515
806	370	1	4.865628
806	213	2	5.0678854
806	515	3	4.6603374
806	2135	4	3.8323627
806	70	5	4.680476
806	2942	6	4.128317
806	680	7	4.038554
806	624	8	2.4022799
806	1745	9	4.0687265
806	1701	10	3.8672576
532	874	1	4.492648
532	231	2	4.114484
532	372	3	4.148022
532	439	4	3.5874639
532	620	5	4.0346727
532	2060	6	3.9118836
532	84	7	4.010051
532	599	8	3.4064746
532	1449	9	3.973918
532	391	10	3.5191383
854	728	1	4.467964
854	46	2	4.5470147
854	1466	3	3.9629335
854	635	4	3.6531835
854	70	5	3.2100348
854	935	6	2.8189485
854	551	7	3.8143492
854	1732	8	3.785565
854	843	9	3.561923
854	1281	10	2.9998052
554	215	1	4.6816607
554	721	2	3.9105496
554	728	3	4.452368
554	3275	4	3.4189944
554	590	5	4.1577597
554	55	6	3.3957207
554	19	7	4.3140836
554	1732	8	3.027995
554	1701	9	4.2592416
554	1281	10	3.4006448
704	1144	1	4.099801
704	231	2	2.7991183
704	393	3	4.072234
704	1707	4	2.678138
704	2365	5	2.7786274
704	2195	6	3.4234834
704	2606	7	4.0493793
704	1353	8	3.2093663
704	1087	9	3.8918152
704	911	10	3.086712
902	728	1	3.6381226
902	218	2	4.1370625
902	1011	3	3.5446744
902	2135	4	3.0952225
902	2216	5	3.6949315
902	1036	6	3.0650382
902	806	7	3.4789762
902	1025	8	3.1329174
902	1745	9	3.9039154
902	104	10	3.4677105
574	479	1	3.4821467
574	201	2	4.071761
574	641	3	3.4291897
574	3275	4	4.4565854
574	590	5	5.1827
574	1983	6	4.3510075
574	73	7	3.215056
574	1732	8	3.5679986
574	1281	9	3.9252443
574	492	10	3.2026393
646	682	1	5.301524
646	46	2	3.7519624
646	82	3	4.410083
646	3275	4	3.6309226
646	1983	5	4.1976433
646	590	6	4.50336
646	843	7	4.3607807
646	1199	8	3.2492774
646	1281	9	4.2804174
646	728	10	4.2326164
384	1129	1	3.749591
384	1697	2	3.3644388
384	372	3	3.645399
384	320	4	2.8393145
384	71	5	2.8255625
384	1382	6	3.2265663
384	1115	7	3.4169254
384	1457	8	2.8973033
384	753	9	3.2858152
384	221	10	3.1980934
672	84	1	3.732268
672	821	2	3.0024085
672	19	3	3.436132
672	320	4	3.0822277
672	72	5	3.3964458
672	2942	6	3.1515598
672	886	7	3.4252996
672	694	8	3.4085941
672	221	9	3.154242
672	219	10	3.0758414
524	3073	1	5.4930553
524	46	2	4.8940196
524	728	3	4.540354
524	3273	4	3.0950015
524	70	5	3.564922
524	935	6	4.0745893
524	210	7	4.1882925
524	3281	8	4.5934973
524	73	9	3.9248166
524	1281	10	3.4744537
249	728	1	4.6540594
249	431	2	4.007707
249	210	3	3.9752731
249	635	4	4.536715
249	55	5	5.0183105
249	935	6	3.8545942
249	1466	7	3.9656544
249	3281	8	4.5012984
249	3074	9	3.9583251
249	1281	10	3.5843525
117	1300	1	3.5531359
117	2398	2	3.3922753
117	843	3	3.4132423
117	3275	4	3.4504051
117	1321	5	3.5012794
117	590	6	3.2647948
117	874	7	3.2847762
117	1732	8	2.3591707
117	1745	9	3.509156
117	3748	10	3.1880348
876	3073	1	5.639548
876	108	2	5.2351174
876	215	3	5.541422
876	3275	4	4.5474014
876	55	5	4.4518633
876	935	6	4.9062796
876	82	7	5.0986805
876	1353	8	4.4847846
876	874	9	5.0849247
876	1602	10	4.261325
444	806	1	3.9669647
444	108	2	4.7365756
444	791	3	3.8877392
444	2135	4	2.9867358
444	1321	5	4.685013
444	738	6	2.5843978
444	682	7	3.7848783
444	1199	8	2.5011706
444	1745	9	4.2250557
444	50	10	3.654815
312	3251	1	3.7793078
312	168	2	3.8186336
312	501	3	3.5981836
312	147	4	3.5061035
312	620	5	3.488654
312	2942	6	3.05094
312	843	7	3.5913563
312	1310	8	3.1693082
312	1854	9	3.5117745
312	1484	10	3.3311162
192	63	1	4.227189
192	979	2	3.8783705
192	682	3	3.872313
192	686	4	3.058486
192	2503	5	3.5340896
192	1983	6	2.1894512
192	53	7	3.6110396
192	1353	8	2.4334648
192	1602	9	3.5127854
192	732	10	3.3198547
629	3072	1	4.4259577
629	46	2	3.9948876
629	82	3	4.424214
629	3275	4	3.8888004
629	55	5	4.1160407
629	935	6	2.8345342
629	479	7	4.0057755
629	1199	8	3.688202
629	3073	9	3.7722533
629	1302	10	2.5279095
865	1466	1	4.236529
865	431	2	3.9108553
865	551	3	3.8215735
865	635	4	4.336421
865	3286	5	4.9985805
865	58	6	2.6889484
865	479	7	3.7781105
865	1732	8	3.951933
865	1281	9	3.728403
865	73	10	3.7025375
437	151	1	4.5333714
437	2576	2	4.3283777
437	84	3	4.4984245
437	243	4	3.9134383
437	935	5	4.333658
437	1343	6	3.2023191
437	34	7	3.6805067
437	694	8	3.8874183
437	919	9	4.011911
437	627	10	3.6565108
420	682	1	4.1763015
420	108	2	4.6560454
420	3072	3	4.0889745
420	635	4	3.490819
420	590	5	3.9893184
420	1983	6	3.1016881
420	1466	7	3.8848438
420	1732	8	2.7267134
420	1602	9	4.3644714
420	728	10	3.8845465
175	3073	1	5.518011
175	185	2	5.1891603
175	1011	3	5.06693
175	1134	4	4.1278543
175	620	5	4.512997
175	3286	6	4.402294
175	63	7	4.769803
175	1732	8	4.5474677
175	73	9	4.648362
175	1281	10	3.19097
482	84	1	4.2618785
482	231	2	4.4827986
482	1410	3	3.960314
482	320	4	2.8923888
482	72	5	3.9179578
482	2942	6	3.419776
482	543	7	3.94204
482	694	8	3.4971714
482	534	9	3.9400327
482	919	10	3.7813334
792	682	1	4.036769
792	185	2	4.1669626
792	874	3	3.932026
792	635	4	3.4572525
792	70	5	4.3571644
792	3286	6	2.9523063
792	1011	7	3.8552065
792	1025	8	2.9499876
792	1484	9	5.0123687
792	728	10	3.760397
224	1139	1	4.330459
224	213	2	3.9466643
224	278	3	4.000683
224	1134	4	3.2790387
224	430	5	3.891811
224	935	6	3.3717136
224	515	7	3.9349353
224	363	8	2.8542347
224	717	9	3.823946
224	1602	10	3.261797
433	733	1	4.2922273
433	821	2	4.877262
433	311	3	4.1849227
433	495	4	4.0651665
433	71	5	4.8489227
433	590	6	3.5960083
433	3072	7	4.1728444
433	172	8	4.6605654
433	1449	9	4.136659
433	1745	10	3.7742372
507	1466	1	4.10034
507	213	2	3.9727464
507	63	3	3.9563203
507	495	4	3.722293
507	1983	5	3.3479412
507	420	6	4.0078974
507	196	7	3.6746807
507	1353	8	2.7772563
507	1745	9	4.3317533
507	732	10	3.5081153
159	3251	1	4.0660076
159	2550	2	4.374897
159	139	3	3.8377252
159	1134	4	4.039772
159	1321	5	4.684821
159	590	6	3.5028749
159	753	7	3.6765008
159	3281	8	3.6236024
159	717	9	3.6214867
159	3138	10	2.7473264
904	370	1	4.5081577
904	504	2	4.103367
904	2036	3	4.375206
904	1014	4	3.3544695
904	1321	5	3.513235
904	2942	6	3.15877
904	278	7	4.3020024
904	1353	8	4.9206505
904	372	9	4.007614
904	1621	10	3.520918
76	479	1	5.0356665
76	2110	2	4.174898
76	641	3	4.557467
76	635	4	4.243138
76	1983	5	5.4889464
76	590	6	4.0706387
76	456	7	4.4968553
76	1199	8	5.104763
76	210	9	4.25027
76	1281	10	3.5214942
273	717	1	4.341673
273	1697	2	4.4284916
273	141	3	4.1989794
273	944	4	3.7473428
273	71	5	4.3668547
273	590	6	3.2117205
273	798	7	4.137253
273	1310	8	3.3519397
273	702	9	4.1173506
273	1602	10	2.6165633
40	1701	1	4.801056
40	108	2	5.927699
40	672	3	4.578491
40	1134	4	4.8045216
40	55	5	5.2231903
40	935	6	4.505704
40	728	7	4.358979
40	3281	8	4.3582187
40	3074	9	4.3188553
40	1281	10	3.442113
461	843	1	5.546686
461	46	2	4.222391
461	3073	3	4.8346562
461	635	4	4.3644295
461	1983	5	5.470722
461	935	6	3.662804
461	1701	7	4.8206186
461	1199	8	4.138416
461	728	9	4.4758787
461	1302	10	3.0424743
606	126	1	3.2960472
606	821	2	3.7772791
606	732	3	3.0735066
606	495	4	3.4254453
606	2942	5	3.559604
606	1343	6	2.514729
606	311	7	3.0669212
606	1310	8	3.5906615
606	1484	9	4.662495
606	920	10	3.0200803
342	886	1	4.6991386
342	1919	2	3.4752474
342	141	3	4.519794
342	944	4	4.979906
342	1863	5	4.115575
342	935	6	2.459506
342	2390	7	3.9462755
342	363	8	2.1832643
342	839	9	3.9127703
342	221	10	3.509465
715	219	1	4.4817324
715	821	2	4.475332
715	141	3	4.416381
715	1277	4	3.4425116
715	71	5	3.9088564
715	935	6	3.7585292
715	227	7	4.1206865
715	172	8	3.7607875
715	258	9	4.108333
715	1745	10	3.170586
346	84	1	4.1531568
346	231	2	4.354819
346	152	3	3.7886114
346	3929	4	4.5790796
346	72	5	3.8101158
346	2942	6	3.4626312
346	19	7	3.7793245
346	1310	8	4.008587
346	543	9	3.5548704
346	221	10	3.5134754
888	73	1	4.9915013
888	46	2	4.63534
888	1701	3	4.9482718
888	3273	4	4.4292526
888	3286	5	4.1461744
888	2216	6	2.7658794
888	63	7	4.698151
888	1199	8	3.959227
888	1602	9	4.5894756
888	728	10	4.5308514
894	1374	1	4.467448
894	548	2	3.7455547
894	258	3	4.340126
894	320	4	4.579741
894	1863	5	5.037965
894	935	6	3.717886
894	0	7	4.2025375
894	1310	8	4.5394735
894	221	9	4.9736876
894	143	10	4.1718316
168	717	1	4.5496407
168	1582	2	3.7429924
168	654	3	4.486808
168	495	4	4.1656303
168	71	5	4.890712
168	590	6	3.7014828
168	278	7	4.1471744
168	1310	8	3.7174761
168	733	9	4.1433024
168	1602	10	3.2227278
101	1701	1	4.3372126
101	185	2	4.618698
101	1011	3	4.2643347
101	3273	4	4.3892307
101	58	5	3.9544692
101	3286	6	3.5048285
101	63	7	4.15779
101	1199	8	4.1907597
101	1602	9	4.042265
101	139	10	3.8688116
374	82	1	5.2456045
374	46	2	4.0906935
374	215	3	5.240912
374	635	4	4.7626553
374	1161	5	3.192181
374	935	6	3.1717303
374	1701	7	4.7061076
374	1353	8	4.8400135
374	479	9	4.595237
374	1281	10	4.1976166
522	2354	1	3.4287481
522	2392	2	2.4449031
522	2340	3	5.2861986
522	1423	4	2.3440108
522	1692	5	2.2669878
522	2517	6	2.5572453
522	876	7	5.055888
522	2052	8	4.744919
522	1228	9	4.557841
522	1870	10	4.5371227
186	1129	1	4.7035747
186	821	2	3.8222818
186	270	3	4.3466315
186	1277	4	4.7064457
186	1863	5	5.0497937
186	935	6	3.3299918
186	19	7	4.1672897
186	1310	8	4.4163785
186	143	9	4.065835
186	221	10	4.037257
366	1129	1	3.9830937
366	369	2	3.2839413
366	839	3	3.847292
366	495	4	2.9955878
366	1863	5	4.056411
366	935	6	3.8257883
366	2390	7	3.8443491
366	1310	8	3.6107612
366	221	9	4.582382
366	1374	10	3.6165395
749	555	1	3.1247835
749	201	2	3.974522
749	635	3	4.3083186
749	37	4	3.0206933
749	1983	5	3.7540426
749	3220	6	2.6053195
749	73	7	2.9482896
749	1732	8	3.3042588
749	1281	9	4.3467026
749	3074	10	2.9391031
199	1833	1	3.695753
199	2044	2	2.5105758
199	1129	3	3.450412
199	1277	4	3.20261
199	1863	5	3.2748966
199	935	6	2.833005
199	141	7	3.4407144
199	363	8	3.0166068
199	227	9	3.3973265
199	919	10	2.5274384
866	1701	1	4.860398
866	201	2	4.668209
866	641	3	4.444154
866	3275	4	5.280694
866	55	5	5.0239162
866	935	6	3.943774
866	728	7	4.413684
866	1732	8	4.1026397
866	479	9	4.410328
866	156	10	2.49988
281	1374	1	4.106772
281	821	2	3.6122274
281	143	3	3.8515565
281	1277	4	4.1944904
281	71	5	3.044681
281	935	6	3.6675222
281	270	7	3.8284693
281	1457	8	3.5797153
281	219	9	3.60413
281	919	10	2.7163882
443	1410	1	4.393387
443	2339	2	3.549232
443	351	3	4.0586624
443	1828	4	3.2339387
443	622	5	3.840972
443	935	6	3.5156078
443	1129	7	3.860871
443	1310	8	3.313656
443	304	9	3.5514877
443	1484	10	3.2105043
275	479	1	3.8896165
275	46	2	4.078365
275	728	3	3.744832
275	1134	4	4.1636257
275	620	5	5.2365727
275	3286	6	4.3773174
275	641	7	3.5182047
275	3281	8	3.948635
275	1466	9	3.3595996
275	1281	10	3.0055158
755	682	1	4.0428796
755	201	2	3.773797
755	3073	3	3.5399337
755	3275	4	4.045107
755	620	5	4.1914434
755	590	6	4.3669615
755	492	7	2.7561884
755	1732	8	3.0568848
755	1281	9	3.3013632
755	73	10	2.642639
340	479	1	4.4104843
340	431	2	4.236843
340	641	3	4.229456
340	3273	4	3.0938635
340	1983	5	5.1377563
340	935	6	3.838097
340	73	7	4.1251636
340	1732	8	4.468029
340	1281	9	4.145048
340	3074	10	3.9561043
269	479	1	4.023465
269	529	2	3.5812733
269	3275	3	4.6103787
269	73	4	3.234623
269	1983	5	4.6677103
269	935	6	2.9619102
269	672	7	3.2044642
269	1199	8	3.7502747
269	1281	9	3.98327
269	492	10	3.0150836
887	1129	1	4.664562
887	231	2	4.2872286
887	372	3	4.4781437
887	1277	4	4.676416
887	1863	5	4.8251343
887	2942	6	3.4986467
887	84	7	4.002908
887	1457	8	3.7227528
887	1016	9	3.7962394
887	221	10	3.5615754
642	73	1	4.2124214
642	431	2	4.2784295
642	3275	3	5.698514
642	492	4	3.9297905
642	70	5	3.826137
642	935	6	3.5656204
642	3074	7	3.9265528
642	1732	8	4.5204124
642	479	9	3.7072756
642	156	10	2.4821088
541	215	1	3.7320719
541	108	2	3.736116
541	479	3	3.0751219
541	147	4	3.112049
541	55	5	2.6887736
541	590	6	3.2594864
541	3462	7	2.8824441
541	1199	8	3.0870173
541	3072	9	2.8551295
541	1242	10	1.712071
84	732	1	4.7053223
84	369	2	5.0041165
84	874	3	4.4795723
84	1134	4	4.3156652
84	1321	5	4.9268847
84	590	6	4.286668
84	3072	7	4.423998
84	2502	8	3.8287053
84	485	9	4.401122
84	1602	10	3.8553162
257	29	1	4.740006
257	369	2	3.750849
257	63	3	4.422179
257	686	4	3.856194
257	71	5	4.742049
257	3286	6	5.381912
257	0	7	4.2658415
257	172	8	4.943755
257	1745	9	5.0333757
257	732	10	4.1439104
403	3074	1	4.6123533
403	3781	2	3.2951627
403	3075	3	4.1080256
403	2760	4	3.5961204
403	58	5	3.7320573
403	935	6	3.2133596
403	843	7	3.9894931
403	1199	8	2.8374162
403	728	9	3.9327927
403	1602	10	3.7256982
229	219	1	3.903937
229	369	2	3.6591253
229	227	3	3.2952988
229	408	4	3.3113463
229	2942	5	3.3857865
229	1126	6	2.2667375
229	145	7	3.031124
229	1310	8	3.0225837
229	1484	9	4.5071425
229	886	10	2.942904
587	843	1	4.9889812
587	108	2	4.625835
587	242	3	4.732836
587	635	4	3.9519649
587	1983	5	5.312358
587	590	6	4.50732
587	11	7	4.7176294
587	1353	8	4.577506
587	1602	9	4.864987
587	215	10	4.6861014
451	479	1	4.57498
451	2110	2	3.7685285
451	1466	3	4.514531
451	147	4	4.140963
451	1983	5	5.268218
451	935	6	3.6721363
451	641	7	4.363375
451	1732	8	3.923493
451	672	9	3.9404702
451	1302	10	3.3001246
826	682	1	5.5765667
826	108	2	4.8107467
826	3072	3	5.0497847
826	635	4	4.079232
826	55	5	3.9904337
826	935	6	2.8321257
826	843	7	4.908886
826	1353	8	3.9624493
826	242	9	4.890896
826	1602	10	4.741222
290	682	1	4.8848076
290	431	2	5.144148
290	3074	3	4.7765074
290	3273	4	4.305482
290	620	5	4.621919
290	3286	6	4.121387
290	843	7	4.6617174
290	3281	8	3.8753169
290	73	9	4.6575303
290	156	10	3.6060512
16	843	1	4.0179763
16	504	2	3.2331443
16	3275	3	4.377019
16	479	4	3.09391
16	590	5	5.0109897
16	1983	6	3.7405498
16	807	7	3.0007195
16	1732	8	3.4331434
16	1281	9	4.007806
16	73	10	2.9834666
527	3090	1	4.207327
527	821	2	3.9199264
527	753	3	3.8797603
527	944	4	3.675695
527	1863	5	3.182788
527	702	6	3.7604036
527	363	7	3.411355
527	1484	8	4.6236644
527	1115	9	3.6537757
527	1833	10	3.6488986
171	84	1	4.281202
171	231	2	4.546427
171	2390	3	4.024515
171	408	4	3.3036652
171	72	5	4.0491495
171	2942	6	3.827069
171	19	7	3.5218267
171	694	8	3.6571412
171	221	9	3.5763478
171	219	10	3.4276674
421	82	1	5.50334
421	46	2	4.8918457
421	682	3	5.021992
421	3275	4	4.7917485
421	590	5	5.2869797
421	1983	6	3.7890158
421	728	7	4.9917283
421	1732	8	3.7689362
421	3073	9	4.509862
421	1281	10	4.2550364
231	53	1	3.8889732
231	369	2	3.3545246
231	1701	3	3.7492526
231	754	4	3.1509547
231	420	5	3.867616
231	55	6	2.489274
231	728	7	3.7202141
231	1353	8	3.5946076
231	1602	9	4.244209
231	95	10	3.6403503
221	278	1	3.5578814
221	860	2	2.9108982
221	370	3	3.5517993
221	296	4	2.8578174
221	1321	5	2.976874
221	3286	6	1.890038
221	515	7	3.3714669
221	1353	8	2.8842647
221	1745	9	3.2147267
221	1701	10	2.9917798
648	278	1	4.775862
648	1582	2	3.8365388
648	515	3	4.487858
648	495	4	4.6676416
648	71	5	5.332228
648	590	6	4.081028
648	62	7	4.370229
648	1310	8	3.4944816
648	1745	9	4.540659
648	654	10	4.3258586
120	1011	1	4.8679323
120	201	2	4.5182734
120	63	3	4.703351
120	1134	4	4.3757405
120	55	5	4.881622
120	935	6	4.3578143
120	1701	7	4.6669617
120	1732	8	4.163423
120	728	9	4.4413996
120	1281	10	3.100471
542	479	1	3.0574274
542	46	2	4.4075093
542	244	3	2.9663432
542	147	4	2.858346
542	58	5	1.9110725
542	935	6	2.4842916
542	1838	7	2.9620655
542	1732	8	3.3099382
542	1023	9	2.9240398
542	4094	10	1.9522595
21	0	1	4.13218
21	821	2	4.0689497
21	258	3	3.9288917
21	320	4	4.2312737
21	4016	5	3.9841647
21	3286	6	2.9109309
21	1449	7	3.9281993
21	694	8	4.44007
21	221	9	4.4803133
21	1854	10	3.801266
708	728	1	4.9855886
708	431	2	3.9582403
708	1466	3	3.8597126
708	147	4	3.4902203
708	70	5	3.6403468
708	3286	6	4.2921276
708	641	7	3.8074908
708	1732	8	4.353407
708	73	9	3.6155896
708	1281	10	2.954545
558	728	1	4.750126
558	218	2	3.1353989
558	1011	3	3.8078423
558	635	4	3.9103985
558	620	5	4.5771704
558	3286	6	3.1612945
558	63	7	3.7239177
558	1199	8	3.6105251
558	29	9	3.5652907
558	1302	10	2.0834622
167	551	1	3.7218075
167	201	2	3.9648979
167	641	3	3.72111
167	3275	4	4.365107
167	1983	5	4.8080654
167	935	6	2.8712728
167	479	7	3.6673374
167	1199	8	3.7898755
167	1281	9	4.40288
167	672	10	3.4184067
219	1011	1	4.0594835
219	721	2	4.0787616
219	4017	3	4.0309553
219	3275	4	3.7224858
219	1161	5	3.9779048
219	935	6	3.7069116
219	82	7	3.9598734
219	1353	8	3.8902073
219	77	9	3.7040863
219	1452	10	3.156877
360	479	1	4.597482
360	2110	2	4.0078464
360	641	3	4.497154
360	147	4	4.3634853
360	4016	5	3.5112097
360	935	6	4.062025
360	63	7	4.2690163
360	3281	8	3.8212838
360	672	9	4.156295
360	1602	10	4.123486
492	1701	1	4.249496
492	529	2	4.864525
492	791	3	4.1645927
492	2760	4	4.5552053
492	70	5	3.986794
492	1036	6	2.7431636
492	843	7	4.0040264
492	1025	8	3.0392804
492	1745	9	4.5156674
492	874	10	3.8829339
238	3073	1	5.0411787
238	46	2	4.702587
238	728	3	4.866495
238	147	4	3.125897
238	1983	5	4.2881064
238	935	6	3.2345653
238	843	7	4.7617626
238	1732	8	4.0377545
238	1466	9	4.2054257
238	1303	10	2.5738826
874	1139	1	5.179122
874	1761	2	4.5137596
874	278	3	4.501144
874	686	4	3.9356186
874	1161	5	5.2441883
874	590	6	4.715348
874	141	7	4.3183603
874	1310	8	3.3610733
874	1452	9	4.7270193
874	515	10	4.3164
618	3072	1	3.8149908
618	369	2	3.7415495
618	798	3	3.7530196
618	944	4	3.7558265
618	430	5	3.722199
618	590	6	3.408782
618	3090	7	3.6772034
618	172	8	4.546613
618	278	9	3.557662
618	1602	10	2.6290026
556	515	1	4.3362994
556	821	2	4.754142
556	4017	3	4.206609
556	635	4	2.9498415
556	4016	5	4.0703983
556	1036	6	2.5426772
556	7	7	3.998888
556	1353	8	3.5427084
556	485	9	3.8318682
556	1602	10	2.529752
388	874	1	4.231412
388	24	2	3.9993324
388	95	3	4.0394006
388	1134	4	4.1456575
388	55	5	2.9856198
388	3286	6	3.5017972
388	1011	7	3.8844185
388	1353	8	3.2582073
388	242	9	3.8265207
388	1281	10	2.9840155
838	3073	1	4.102331
838	46	2	4.7176924
838	551	3	3.8077922
838	3275	4	4.353797
838	1983	5	4.5471263
838	935	6	2.771377
838	479	7	3.6322157
838	1199	8	3.5857708
838	641	9	3.4236422
838	96	10	3.1474504
545	3074	1	4.074618
545	529	2	4.3354335
545	1368	3	3.4848418
545	3273	4	3.6503494
545	58	5	3.4308848
545	935	6	2.980103
545	333	7	3.3280725
545	1732	8	4.5958433
545	1281	9	3.9211485
545	3075	10	3.3112445
611	3072	1	4.673111
611	721	2	4.6485014
611	1701	3	4.5648127
611	1134	4	5.434267
611	55	5	4.172434
611	590	6	4.634572
611	82	7	4.479411
611	1353	8	5.2041426
611	728	9	4.4654007
611	1302	10	3.6605544
439	1466	1	3.4654775
439	431	2	3.6309924
439	3075	3	2.928985
439	3273	4	3.1150792
439	620	5	4.1535263
439	935	6	2.7607067
439	479	7	2.7792497
439	3281	8	3.5863955
439	1281	9	2.7443616
439	641	10	2.7222495
828	1011	1	5.225293
828	218	2	4.095416
828	63	3	5.1879463
828	635	4	4.6916447
828	620	5	5.0476685
828	3286	6	4.30896
828	682	7	5.1725426
828	3281	8	4.1646996
828	843	9	5.144103
828	1602	10	4.8804517
5	3072	1	5.7845354
5	24	2	5.0306816
5	515	3	5.4242806
5	495	4	5.9450645
5	1321	5	4.962162
5	935	6	4.878237
5	3073	7	5.099556
5	1353	8	3.7308345
5	95	9	4.8723583
5	1602	10	4.05283
100	682	1	4.761424
100	314	2	3.7946234
100	63	3	4.2743983
100	28	4	3.6502304
100	3286	5	5.1315794
100	1983	6	3.648373
100	196	7	4.111997
100	1353	8	3.107962
100	1745	9	4.8303175
100	1466	10	4.025103
600	2125	1	4.427862
600	2550	2	4.5016704
600	49	3	4.01185
600	936	4	4.3946047
600	4016	5	4.446036
600	3286	6	2.8642664
600	139	7	3.945627
600	2502	8	3.6825397
600	4017	9	3.918049
600	1452	10	3.4820945
516	73	1	3.1194668
516	488	2	3.2293203
516	479	3	3.1099916
516	635	4	3.5929325
516	1983	5	3.2902002
516	3286	6	3.8997052
516	1466	7	2.9627542
516	1732	8	3.5525956
516	3075	9	2.8450003
516	1281	10	2.793658
534	682	1	3.6088157
534	488	2	3.3380117
534	1466	3	3.271912
534	1134	4	3.1693225
534	620	5	3.4331915
534	3286	6	2.9494462
534	843	7	3.1522596
534	3281	8	3.065808
534	791	9	3.0093665
534	1302	10	2.159448
347	682	1	3.9360118
347	529	2	3.9080305
347	492	3	3.52986
347	754	4	3.4707763
347	590	5	5.1460023
347	1983	6	2.9709024
347	73	7	3.4440887
347	1732	8	4.0712094
347	1281	9	3.6667225
347	843	10	3.4198046
99	151	1	4.0590677
99	231	2	3.8173501
99	543	3	3.9698665
99	1277	4	4.3277435
99	72	5	3.5680654
99	935	6	3.1659453
99	3718	7	3.728222
99	1310	8	4.0877986
99	1484	9	3.913571
99	372	10	3.6880078
788	215	1	4.0275636
788	721	2	3.512414
788	1011	3	3.9085612
788	635	4	3.0877724
788	55	5	3.483674
788	590	6	3.55352
788	3072	7	3.8953333
788	1353	8	3.5015495
788	242	9	3.8530624
788	1302	10	2.492547
797	1701	1	4.3278236
797	2108	2	4.1359596
797	728	3	4.021345
797	3275	4	4.5042334
797	55	5	4.380523
797	935	6	4.0223703
797	4017	7	3.5165071
797	3281	8	3.9776158
797	73	9	3.5015202
797	1281	10	3.1387596
417	372	1	3.4108484
417	142	2	2.5375419
417	84	3	3.036219
417	3929	4	2.5596447
417	71	5	3.739356
417	1036	6	2.718831
417	227	7	2.9651756
417	694	8	3.4893012
417	221	9	3.3722954
417	1368	10	2.9611912
429	63	1	4.5539255
429	46	2	4.085386
429	1701	3	4.2954426
429	1134	4	4.6057997
429	620	5	5.4306884
429	3286	6	4.297135
429	641	7	4.1971893
429	1353	8	4.746773
429	1602	9	4.4220343
429	728	10	4.067624
604	682	1	4.2398477
604	108	2	3.1909475
604	29	3	3.958199
604	1134	4	4.27885
604	620	5	4.404419
604	590	6	2.954747
604	63	7	3.8178914
604	172	8	4.243292
604	1745	9	4.571798
604	258	10	3.6148868
35	515	1	5.7413683
35	24	2	4.8829265
35	732	3	5.365702
35	635	4	4.505599
35	1321	5	5.5473137
35	935	6	4.465048
35	3072	7	5.2500753
35	363	8	3.8795223
35	913	9	5.114609
35	1602	10	4.4097404
414	370	1	4.765936
414	108	2	5.069889
414	485	3	3.841881
414	3929	4	2.908233
414	1321	5	3.950146
414	2942	6	3.5873816
414	2101	7	3.8324094
414	1353	8	4.3476634
414	571	9	3.678992
414	1745	10	3.546063
390	479	1	3.4746618
390	201	2	3.2311277
390	3073	3	3.3167713
390	3275	4	3.4520922
390	1983	5	4.159544
390	590	6	4.234157
390	672	7	3.169334
390	1199	8	3.3077657
390	641	9	3.136403
390	1281	10	2.9435918
710	1011	1	4.5887823
710	46	2	4.570201
710	728	3	4.54093
710	1134	4	3.3014195
710	620	5	3.9545598
710	3286	6	3.792368
710	29	7	4.4238234
710	3281	8	3.45621
710	156	9	4.484626
710	63	10	4.3819733
487	479	1	3.7939103
487	46	2	4.8879123
487	333	3	3.3400927
487	635	4	4.5135326
487	58	5	3.1213026
487	935	6	3.8280659
487	672	7	3.1315227
487	3281	8	4.707329
487	1281	9	3.5411878
487	210	10	3.1290603
473	682	1	3.5967216
473	201	2	4.1703024
473	1466	3	3.485229
473	1134	4	3.426597
473	1983	5	2.5781493
473	935	6	2.3599687
473	993	7	3.1503062
473	3281	8	3.4636765
473	1602	9	4.3859634
473	73	10	3.1459796
683	682	1	4.26523
683	108	2	5.1348677
683	210	3	4.104703
683	2760	4	3.5571837
683	620	5	4.3998623
683	3286	6	2.8812852
683	1701	7	4.0837193
683	1199	8	3.2895088
683	1011	9	3.7409792
683	1602	10	3.6128774
676	1701	1	4.3432713
676	821	2	4.587053
676	688	3	3.9578605
676	2584	4	2.340361
676	1321	5	4.7365084
676	2942	6	4.3972626
676	843	7	3.9292254
676	1353	8	5.3040786
676	1745	9	4.214869
676	1359	10	3.9124577
242	210	1	4.40176
242	46	2	4.485444
242	672	3	4.329585
242	936	4	3.4535203
242	55	5	5.2345448
242	935	6	4.3108244
242	3074	7	4.123743
242	3281	8	4.3935585
242	73	9	4.0535645
242	1281	10	3.2354062
396	479	1	2.7467237
396	108	2	2.9528024
396	641	3	2.5755658
396	635	4	2.7309437
396	55	5	2.5837226
396	3286	6	2.8316097
396	456	7	2.5551229
396	1353	8	2.8936172
396	1602	9	2.733313
396	63	10	2.5024948
685	7	1	4.6423903
685	213	2	4.7724104
685	278	3	4.6200647
685	2135	4	4.2675104
685	70	5	4.752948
685	225	6	5.0666733
685	370	7	4.5389953
685	1353	8	4.5820265
685	791	9	4.5234137
685	1484	10	3.94696
448	843	1	5.206998
448	431	2	3.8913279
448	641	3	3.994003
448	3275	4	5.298052
448	590	5	5.849033
448	1983	6	4.850029
448	479	7	3.9929247
448	1732	8	4.1012044
448	1281	9	4.171822
448	3074	10	3.7968721
485	84	1	3.9254932
485	548	2	3.689142
485	270	3	3.88948
485	408	4	3.824281
485	72	5	3.4406204
485	2942	6	3.2734694
485	372	7	3.755681
485	1457	8	3.6749907
485	3096	9	3.6056051
485	221	10	2.8604789
87	654	1	4.605425
87	821	2	4.9534397
87	227	3	4.5941544
87	1277	4	3.6702466
87	71	5	4.0583963
87	935	6	3.1257906
87	19	7	4.5422573
87	172	8	4.024034
87	141	9	4.4488535
87	1745	10	3.768973
770	278	1	3.6699429
770	1697	2	3.733683
770	1139	3	3.6023731
770	901	4	3.6645613
770	4016	5	3.7947814
770	935	6	2.5579224
770	717	7	3.4909468
770	1353	8	2.8430645
770	3072	9	3.4682436
770	1602	10	3.203415
808	1854	1	3.498817
808	1761	2	3.4208875
808	215	3	3.2389572
808	901	4	3.6807969
808	2800	5	3.2351224
808	590	6	3.3179247
808	73	7	3.1378942
808	1732	8	2.4508324
808	278	9	3.1274538
808	1745	10	3.0611749
397	3074	1	3.3890915
397	2108	2	3.5251427
397	3075	3	3.051021
397	936	4	3.0008006
397	55	5	3.8444881
397	935	6	3.2442405
397	109	7	3.0099297
397	1199	8	3.731176
397	492	9	2.9794703
397	1281	10	2.7520661
335	479	1	4.373154
335	46	2	4.114461
335	672	3	3.7611825
335	635	4	4.354352
335	55	5	4.56976
335	935	6	3.5526865
335	210	7	3.643981
335	1732	8	3.653038
335	1281	9	3.7609549
335	73	10	3.4780796
483	0	1	5.242452
483	369	2	4.3405204
483	141	3	4.6496725
483	495	4	4.1628017
483	430	5	4.1909
483	935	6	4.2629237
483	311	7	4.5206423
483	1457	8	3.249729
483	1449	9	4.3092175
483	1745	10	4.0057354
56	1139	1	4.7340283
56	1761	2	4.0852847
56	501	3	4.5041533
56	901	4	4.5729465
56	4016	5	5.3274736
56	935	6	4.3117094
56	515	7	4.487257
56	1353	8	3.128378
56	732	9	4.4170904
56	1602	10	3.447475
859	1449	1	3.5605488
859	821	2	4.4119935
859	311	3	3.4620788
859	944	4	2.8910651
859	71	5	4.1439924
859	590	6	3.3032455
859	717	7	3.3607316
859	1457	8	2.14824
859	733	9	3.3164976
859	1745	10	3.1234226
367	479	1	3.6744282
367	2110	2	2.8601544
367	641	3	3.341744
367	2760	4	2.9630375
367	1983	5	3.306479
367	935	6	2.9726098
367	73	7	3.326551
367	1199	8	2.7528512
367	3075	9	3.2270234
367	156	10	2.649732
578	3074	1	4.813551
578	201	2	5.7081904
578	73	3	4.706199
578	1134	4	4.7643332
578	1983	5	5.024915
578	3286	6	4.74772
578	479	7	4.452843
578	3281	8	4.5357676
578	1466	9	4.322655
578	1281	10	3.4785395
287	278	1	3.7560892
287	213	2	4.211423
287	370	3	3.5042486
287	2584	4	2.562067
287	1926	5	4.0665073
287	2942	6	3.2288322
287	2036	7	3.3973954
287	1353	8	3.7791667
287	1621	9	3.461997
287	210	10	3.358993
767	682	1	4.059266
767	46	2	4.5286903
767	551	3	3.6908076
767	3275	4	3.710409
767	590	5	4.145896
767	70	6	3.048704
767	3073	7	3.656286
767	1732	8	3.0419626
767	318	9	2.9795742
767	4031	10	2.0155926
113	270	1	4.1733966
113	548	2	3.7488217
113	219	3	3.654283
113	243	4	3.8698373
113	2942	5	4.07572
113	1343	6	3.1169238
113	151	7	3.6232383
113	1310	8	4.0139003
113	221	9	3.6357238
113	19	10	3.5528576
131	1701	1	4.73257
131	46	2	4.098573
131	1466	3	4.5153594
131	3275	4	4.0061655
131	55	5	4.138588
131	3220	6	3.3542671
131	728	7	4.48796
131	1199	8	4.1532145
131	1281	9	4.4951606
131	82	10	4.2982078
428	753	1	4.1115685
428	1919	2	2.765942
428	1115	3	3.7213986
428	944	4	3.666165
428	1863	5	3.2719026
428	590	6	3.0383544
428	1129	7	3.651403
428	1457	8	2.6065817
428	1833	9	3.3795135
428	1745	10	2.780561
934	1449	1	4.516767
934	24	2	3.6606858
934	278	3	4.3177257
934	495	4	4.5234513
934	430	5	4.4672136
934	590	6	3.9819622
934	515	7	4.1530695
934	363	8	3.064806
934	732	9	4.081151
934	1602	10	3.244512
569	682	1	5.5827913
569	1748	2	4.415149
569	63	3	5.037021
569	28	4	5.009371
569	3286	5	5.582134
569	1983	6	4.4507947
569	19	7	4.6533055
569	1353	8	3.9983027
569	95	9	4.359547
569	1302	10	3.0012152
776	728	1	4.152919
776	185	2	4.539689
776	479	3	4.0267143
776	635	4	3.7265985
776	620	5	4.6512923
776	3286	6	3.435398
776	29	7	3.7156706
776	1199	8	3.5359893
776	1602	9	4.1128645
776	73	10	3.7147682
412	515	1	5.5669584
412	24	2	4.98664
412	3072	3	5.5027533
412	901	4	4.9781404
412	590	5	5.1667323
412	55	6	3.5677228
412	1139	7	5.198128
412	1353	8	3.8629403
412	913	9	4.9657335
412	1602	10	4.303339
112	551	1	4.27382
112	431	2	3.9089394
112	479	3	4.1038513
112	3275	4	5.260941
112	70	5	3.3935099
112	935	6	3.5836887
112	73	7	3.8567128
112	1732	8	4.114498
112	1281	9	4.4108458
112	672	10	3.6525893
286	728	1	4.629183
286	2108	2	3.394809
286	479	3	4.3940477
286	635	4	4.5030746
286	55	5	4.8948903
286	935	6	3.524509
286	1466	7	4.306384
286	1199	8	4.157592
286	641	9	4.2552347
286	1303	10	2.636664
373	73	1	4.3478584
373	185	2	4.335086
373	1701	3	4.1779003
373	635	4	3.6364183
373	620	5	4.432259
373	935	6	4.5220227
373	1011	7	4.0461493
373	1199	8	3.2971783
373	63	9	3.8591943
373	1302	10	2.199336
203	913	1	4.5235972
203	185	2	4.3399773
203	874	3	4.2982063
203	635	4	3.4884849
203	2216	5	3.9606295
203	1036	6	3.2814312
203	728	7	4.201818
203	1025	8	3.6508932
203	1745	9	4.7151966
203	1011	10	4.0756054
809	3073	1	4.194125
809	168	2	4.125322
809	4017	3	3.9064388
809	936	4	3.7926252
809	4016	5	3.7849834
809	935	6	3.5911226
809	139	7	3.7260728
809	1732	8	3.3017883
809	63	9	3.612247
809	1452	10	2.6848059
796	728	1	4.313452
796	721	2	4.826867
796	3275	3	4.682499
796	641	4	3.4022343
796	55	5	4.735964
796	935	6	2.705008
796	479	7	3.3889637
796	1732	8	3.6567633
796	3074	9	3.2290592
796	156	10	1.9843359
42	63	1	3.9746342
42	2550	2	4.2274823
42	1854	3	3.9203
42	1134	4	4.1905518
42	1161	5	4.5378284
42	590	6	4.0236225
42	139	7	3.912597
42	2502	8	3.7785633
42	3072	9	3.9029818
42	1281	10	3.167337
364	791	1	4.136375
364	115	2	3.6170704
364	63	3	3.9902718
364	754	4	2.909593
364	70	5	4.861784
364	3286	6	2.7489438
364	1578	7	3.9682689
364	1199	8	2.9801006
364	50	9	3.9330423
364	682	10	3.7644114
201	141	1	4.1063337
201	821	2	3.61135
201	839	3	3.965877
201	320	4	3.5756726
201	71	5	3.1371188
201	935	6	2.6061106
201	1129	7	3.8598952
201	694	8	3.7209063
201	219	9	3.8208377
201	1745	10	2.505587
435	3073	1	4.035606
435	108	2	4.854001
435	641	3	3.860953
435	635	4	3.9854367
435	4016	5	2.8287563
435	935	6	2.6535807
435	1701	7	3.7712314
435	1353	8	4.03177
435	479	9	3.7201552
435	1303	10	2.332572
561	1701	1	5.078536
561	46	2	4.5656743
561	728	3	4.889822
561	147	4	3.9644337
561	70	5	2.979898
561	935	6	3.3458624
561	1466	7	4.7445874
561	1199	8	4.002474
561	1281	9	4.538868
561	479	10	4.2225513
202	3074	1	3.5071921
202	848	2	3.5104203
202	3075	3	3.194777
202	1134	4	3.9354844
202	58	5	3.7758603
202	3286	6	4.1802187
202	920	7	3.0073824
202	3281	8	3.960547
202	1302	9	3.2124324
202	244	10	2.9592257
93	479	1	4.7834024
93	431	2	4.902983
93	3074	3	4.7752266
93	3273	4	3.8357396
93	620	5	6.181115
93	935	6	4.5766764
93	641	7	4.6413083
93	3281	8	4.6809587
93	73	9	4.6121616
93	1281	10	3.5185442
778	82	1	4.9334364
778	46	2	4.511516
778	3073	3	4.5062985
778	3275	4	4.5262365
778	55	5	4.656816
778	935	6	3.1820688
778	479	7	4.351183
778	1199	8	4.194846
778	641	9	3.9943426
778	1302	10	2.8532438
518	3073	1	3.4999864
518	201	2	3.5007133
518	3275	3	4.131625
518	993	4	2.8665485
518	1983	5	2.6819596
518	3220	6	2.590827
518	73	7	2.719244
518	1732	8	3.0163574
518	2000	9	2.6571164
518	1350	10	2.3627276
6	479	1	3.7642453
6	848	2	2.6012304
6	641	3	3.5641968
6	147	4	3.191032
6	1983	5	4.049095
6	3286	6	3.6681368
6	1466	7	2.8514652
6	3281	8	3.5417883
6	1602	9	4.1155806
6	1368	10	2.833838
639	1374	1	4.016597
639	1919	2	3.6050563
639	886	3	3.6338825
639	320	4	4.707364
639	71	5	4.3615274
639	935	6	4.275996
639	311	7	3.6325197
639	172	8	4.1632524
639	270	9	3.6075602
639	1745	10	3.3101704
745	63	1	5.1721005
745	2110	2	4.7421308
745	82	3	5.1455827
745	1134	4	4.9955854
745	55	5	4.552908
745	935	6	4.1633396
745	1701	7	4.961053
745	3281	8	4.4268236
745	3073	9	4.9332814
745	1452	10	2.986216
897	791	1	4.0145593
897	213	2	3.7156637
897	311	3	3.6432266
897	1014	4	2.628652
897	70	5	3.6879401
897	225	6	4.3643064
897	571	7	3.4083076
897	1353	8	2.9798512
897	278	9	3.386221
897	1484	10	3.0929594
475	3072	1	4.7002683
475	108	2	4.404501
475	3073	3	4.580707
475	28	4	3.4340122
475	58	5	3.8822808
475	2942	6	3.1677504
475	492	7	4.3295364
475	1353	8	4.037353
475	73	9	4.233818
475	1745	10	3.0774848
835	479	1	3.522275
835	201	2	3.6376972
835	672	3	3.3977973
835	754	4	2.8276114
835	55	5	4.3390613
835	935	6	2.7774646
835	641	7	3.280098
835	1199	8	3.456907
835	73	9	2.9977655
835	96	10	2.8356931
413	63	1	4.228699
413	108	2	3.8777432
413	29	3	4.109519
413	686	4	4.0478773
413	4016	5	3.2616436
413	590	6	3.8879664
413	95	7	4.045372
413	1353	8	3.3352594
413	1602	9	4.466703
413	242	10	3.8666482
357	456	1	3.6753187
357	46	2	4.3278656
357	73	3	3.5039945
357	3275	4	4.4806385
357	1161	5	3.1659112
357	935	6	3.4811468
357	551	7	3.4629693
357	1199	8	4.384257
357	492	9	3.201819
357	1303	10	2.5313864
385	4017	1	5.2485933
385	108	2	5.2285166
385	874	3	5.2173233
385	296	4	4.626305
385	1161	5	4.825779
385	935	6	4.853306
385	215	7	5.157568
385	2502	8	3.9436278
385	82	9	5.092475
385	1281	10	3.1726282
632	728	1	4.5730925
632	431	2	4.2140303
632	29	3	4.4252477
632	1134	4	4.6437464
632	620	5	5.8437996
632	3286	6	4.402034
632	551	7	4.1425457
632	1199	8	4.357402
632	1602	9	4.9205294
632	73	10	3.9760213
539	728	1	4.8505025
539	46	2	4.56262
539	672	3	4.096428
539	635	4	4.835541
539	55	5	4.9586773
539	3220	6	2.809804
539	210	7	3.832352
539	1199	8	4.391756
539	1281	9	4.4104605
539	551	10	3.7654345
907	3073	1	3.7442389
907	201	2	3.916976
907	73	3	3.6545517
907	3273	4	3.0813375
907	70	5	3.596523
907	3503	6	3.2461538
907	1732	7	3.6123626
907	492	8	3.0612595
907	4512	9	1.7871048
907	1578	10	2.9011269
402	3075	1	3.902748
402	431	2	4.723835
402	1368	3	3.75378
402	3273	4	4.0900335
402	58	5	3.6930788
402	3286	6	3.9917974
402	791	7	3.7162645
402	1732	8	5.079732
402	333	9	3.701548
402	156	10	3.168328
123	717	1	3.9532363
123	369	2	3.8972285
123	19	3	3.9087598
123	901	4	3.7549827
123	1321	5	3.4891405
123	590	6	2.9052494
123	311	7	3.9048023
123	172	8	4.110894
123	1745	9	3.8586807
123	515	10	3.6883202
181	7	1	4.0239477
181	821	2	4.6352434
181	485	3	3.9857879
181	635	4	3.0731857
181	1161	5	2.6277308
181	3286	6	2.7699137
181	370	7	3.9784272
181	1732	8	3.4193053
181	1745	9	3.867031
181	913	10	3.5705311
132	2381	1	3.8002994
132	1274	2	3.3848538
132	2232	3	3.7868156
132	379	4	3.4184608
132	1126	5	2.6910338
132	1315	6	2.6328292
132	1920	7	3.3986268
132	363	8	3.0318692
132	34	9	3.3881278
132	911	10	2.9351938
323	1011	1	5.3634014
323	504	2	3.691752
323	63	3	5.254116
323	1134	4	4.850035
323	55	5	5.5098195
323	3286	6	4.6695757
323	1701	7	5.2337303
323	3281	8	4.392894
323	1602	9	5.155171
323	29	10	4.700939
657	913	1	4.2011003
657	431	2	3.2016032
657	63	3	4.122138
657	1134	4	3.5415478
657	1321	5	4.9155884
657	3286	6	3.771307
657	1011	7	3.8871226
657	3281	8	2.9271398
657	728	9	3.8172069
657	1281	10	2.371944
644	1011	1	4.764499
644	46	2	4.490047
644	63	3	4.7091565
644	1134	4	4.109413
644	620	5	5.331071
644	3286	6	4.046369
644	728	7	4.43752
644	3281	8	3.7980337
644	1602	9	4.574051
644	479	10	4.4287004
757	63	1	4.529608
757	201	2	4.630563
757	728	3	4.5130835
757	635	4	4.0003343
757	620	5	5.1205044
757	3286	6	4.314929
757	479	7	4.121257
757	3281	8	4.1366014
757	1602	9	4.526826
757	73	10	4.0871286
873	3072	1	4.0474205
873	108	2	4.152625
873	29	3	3.9528775
873	3275	4	3.6428113
873	620	5	3.380876
873	935	6	2.5122757
873	3073	7	3.9009714
873	3281	8	3.4044688
873	1701	9	3.8561764
873	1602	10	3.2129946
543	0	1	6.118189
543	24	2	4.9943657
543	19	3	5.5327053
543	635	4	4.250266
543	1161	5	4.8602953
543	590	6	4.495243
543	479	7	5.3273125
543	1199	8	5.2054815
543	1011	9	5.318425
543	1602	10	4.7535667
764	843	1	3.9259782
764	431	2	3.7547245
764	1466	3	3.730655
764	1134	4	3.7801127
764	3286	5	3.9489927
764	2216	6	1.8517313
764	682	7	3.680497
764	3281	8	3.6136148
764	1602	9	4.3479214
764	73	10	3.4783769
641	311	1	4.6298494
641	213	2	4.316141
641	702	3	4.346013
641	944	4	3.8260245
641	590	5	3.5332274
641	1126	6	2.550114
641	753	7	4.24888
641	363	8	3.4753218
641	278	9	4.2084227
641	43	10	5.4010553
236	843	1	4.070833
236	431	2	3.483433
236	1466	3	3.842969
236	3273	4	3.4032998
236	935	5	2.7823071
236	73	6	3.3258848
236	1732	7	3.9689999
236	1602	8	4.624463
236	479	9	3.0961564
236	807	10	3.0640032
697	3073	1	5.436184
697	201	2	4.999647
697	728	3	4.863683
697	147	4	3.8340442
697	55	5	5.4206734
697	935	6	3.8101785
697	479	7	4.342825
697	1732	8	4.2687407
697	1602	9	5.0906515
697	1466	10	4.24166
119	370	1	3.36838
119	45	2	3.2778645
119	1095	3	3.1122546
119	2172	4	2.6587455
119	1003	5	2.6949632
119	30	6	1.98367
119	278	7	3.0632303
119	1884	8	2.734032
119	515	9	2.8214602
119	1817	10	2.795217
510	641	1	4.068014
510	108	2	3.673938
510	109	3	3.800078
510	936	4	3.5881743
510	1161	5	4.1692476
510	590	6	3.6480877
510	77	7	3.5705042
510	1353	8	3.2688324
510	728	9	3.4609017
510	1452	10	2.8981385
519	728	1	5.016404
519	431	2	4.5546145
519	3074	3	4.3766537
519	635	4	4.967197
519	70	5	3.7948263
519	935	6	4.2995834
519	73	7	4.277122
519	3281	8	4.914818
519	492	9	4.2252817
519	1281	10	3.8099172
353	682	1	4.2384224
353	213	2	4.2701783
353	63	3	4.1986
353	686	4	3.6497433
353	3286	5	5.1733584
353	1983	6	3.1640038
353	216	7	4.115185
353	1353	8	3.146101
353	1602	9	3.8594785
353	196	10	3.868321
300	2390	1	3.9723706
300	821	2	3.5193381
300	886	3	3.4053388
300	1277	4	3.9497705
300	1343	5	3.0530972
300	935	6	2.901133
300	19	7	3.3409524
300	1457	8	3.3324
300	1410	9	3.3331113
300	1745	10	2.4034448
297	1374	1	4.1780195
297	213	2	3.1473727
297	258	3	3.9136379
297	1277	4	4.3083014
297	935	5	3.7030962
297	430	6	2.857884
297	0	7	3.9062924
297	1457	8	4.04465
297	886	9	3.8687203
297	1745	10	2.874402
375	1011	1	4.8756504
375	46	2	4.823834
375	29	3	4.5623646
375	635	4	3.61592
375	620	5	4.302226
375	114	6	2.0754993
375	63	7	4.51295
375	3281	8	3.846037
375	1745	9	5.3273787
375	73	10	4.434261
901	1466	1	3.4878745
901	1748	2	3.6991625
901	3462	3	3.459185
901	28	4	3.401602
901	1983	5	3.628333
901	1666	6	2.649047
901	728	7	3.3983316
901	1353	8	2.7764885
901	1701	9	3.1855042
901	1302	10	2.1930218
200	993	1	3.0361876
200	218	2	2.9861927
200	706	3	2.866705
200	635	4	3.4232392
200	3286	5	4.1540966
200	620	6	2.4881668
200	2288	7	2.7562566
200	3281	8	3.9330888
200	2043	9	3.3859055
200	1633	10	2.6553006
71	682	1	5.3664646
71	108	2	4.643553
71	258	3	5.038636
71	28	4	5.162302
71	620	5	5.525056
71	590	6	4.187025
71	63	7	5.004071
71	172	8	5.6742916
71	539	9	5.3838463
71	95	10	4.6584115
917	3073	1	3.52719
917	721	2	4.830259
917	3275	3	4.0197964
917	790	4	2.87018
917	590	5	4.7147684
917	1983	6	3.284966
917	1755	7	2.517788
917	1732	8	2.9648824
917	417	9	2.442673
917	275	10	3.3153806
653	479	1	4.2295094
653	431	2	4.040354
653	73	3	4.1444683
653	147	4	3.591163
653	55	5	5.2810307
653	935	6	3.8879502
653	1466	7	4.0388765
653	1732	8	4.2576666
653	551	9	3.9118745
653	1281	10	3.4117937
623	141	1	5.004478
623	24	2	3.256606
623	311	3	4.5471582
623	944	4	4.6098766
623	71	5	5.1969132
623	590	6	4.0125713
623	278	7	4.2223186
623	1310	8	3.9728174
623	3072	9	4.2198386
623	1745	10	3.9703588
893	82	1	5.492301
893	201	2	4.690322
893	63	3	4.6978397
893	635	4	4.457073
893	4016	5	3.5730064
893	935	6	4.151738
893	1011	7	4.552054
893	1732	8	4.1443152
893	1701	9	4.5469475
893	1281	10	3.206603
75	258	1	3.8384023
75	1919	2	3.25454
75	0	3	3.724813
75	1277	4	3.5897179
75	1321	5	2.7308946
75	935	6	2.948825
75	1449	7	3.5184064
75	172	8	3.5753968
75	1745	9	3.4452667
75	2390	10	3.4670157
442	219	1	5.0116186
442	821	2	5.002426
442	227	3	4.7861433
442	320	4	4.8930383
442	430	5	3.6063404
442	935	6	4.164107
442	258	7	4.7064476
442	1310	8	4.337247
442	221	9	5.155981
442	0	10	4.5927334
734	806	1	4.507909
734	46	2	4.276542
734	682	3	4.0085635
734	635	4	3.419981
734	1036	5	3.7002816
734	4016	6	2.7781749
734	81	7	3.9518604
734	1025	8	3.6526275
734	680	9	3.8336024
734	1602	10	3.4424818
680	479	1	3.6752558
680	46	2	4.3058376
680	641	3	3.645412
680	3275	4	4.5136166
680	590	5	5.3489714
680	55	6	4.4669814
680	551	7	3.4115548
680	1199	8	3.7969732
680	672	9	3.399476
680	275	10	2.8887324
188	479	1	4.6468935
188	504	2	4.116228
188	73	3	4.617157
188	147	4	4.0779524
188	1983	5	5.264738
188	935	6	4.4181705
188	210	7	3.8291106
188	1732	8	4.8294563
188	1602	9	5.3440323
188	672	10	3.7678125
783	53	1	4.2666216
783	504	2	3.4022336
783	7	3	4.254776
783	1926	4	3.2066076
783	2942	5	2.7670484
783	1144	6	4.188719
783	1353	7	4.0351663
783	311	8	4.1558185
783	911	9	3.3806896
783	219	10	3.8825526
925	29	1	5.547246
925	108	2	4.7258663
925	63	3	5.328193
925	635	4	4.156678
925	55	5	3.6016457
925	590	6	4.5083866
925	843	7	4.9530144
925	1353	8	4.681945
925	1602	9	5.183424
925	95	10	4.928277
126	479	1	3.2285948
126	46	2	4.1853027
126	641	3	3.1676412
126	3273	4	3.9995432
126	70	5	3.7618504
126	3286	6	2.9909997
126	1466	7	2.9355164
126	3281	8	2.866768
126	680	9	2.868836
126	1302	10	2.467367
628	479	1	4.5273623
628	2108	2	3.7563784
628	728	3	4.4553084
628	1134	4	4.2029734
628	620	5	5.3233786
628	3286	6	4.102532
628	73	7	4.4024105
628	1199	8	3.9949408
628	1602	9	4.5681133
628	1925	10	4.107754
399	843	1	3.9597898
399	46	2	4.150664
399	3073	3	3.7724428
399	3275	4	3.8967197
399	590	5	4.4195795
399	1983	6	3.5492043
399	551	7	3.3349614
399	3281	8	3.9798703
399	1281	9	3.034673
399	479	10	3.0119758
12	913	1	4.2181993
12	185	2	4.260853
12	791	3	4.1598635
12	147	4	4.370839
12	1321	5	5.060315
12	3286	6	2.7513266
12	4017	7	4.08087
12	1199	8	4.202818
12	1745	9	5.0642033
12	874	10	3.9874156
671	73	1	3.5995126
671	529	2	3.8673217
671	50	3	3.2484946
671	635	4	3.5580287
671	3286	5	4.251233
671	387	6	2.37611
671	682	7	3.1149774
671	1732	8	3.5258296
671	1602	9	4.1955276
671	1755	10	3.0701313
713	73	1	3.7551484
713	431	2	3.9045925
713	479	3	3.660979
713	1134	4	4.5763445
713	1983	5	4.23069
713	935	6	3.5198092
713	641	7	3.5429556
713	3281	8	4.4504766
713	1281	9	3.4654274
713	210	10	2.8483415
69	53	1	4.7429123
69	24	2	3.6145246
69	216	3	4.4144645
69	28	4	3.7344131
69	3286	5	4.681562
69	430	6	3.7123022
69	29	7	4.36616
69	172	8	4.504427
69	539	9	4.40946
69	682	10	4.1033936
782	141	1	3.942152
782	821	2	3.589106
782	3090	3	3.804816
782	1277	4	2.535794
782	71	5	3.4024577
782	590	6	2.4180465
782	733	7	3.6948233
782	172	8	3.3113666
782	227	9	3.5838103
782	1745	10	2.7246544
535	728	1	4.6316214
535	431	2	3.6576037
535	1466	3	4.0812206
535	3273	4	2.5508935
535	55	5	4.974105
535	935	6	3.3881364
535	551	7	3.6956954
535	3281	8	4.938377
535	73	9	3.5607893
535	156	10	2.1585584
2	29	1	5.314572
2	108	2	4.8082447
2	63	3	5.0690055
2	635	4	3.6228304
2	590	5	4.239666
2	1983	6	3.2749507
2	242	7	4.8881836
2	1732	8	2.771439
2	215	9	4.7939563
2	1281	10	4.6812134
45	1701	1	5.057974
45	108	2	6.083281
45	1011	3	4.817994
45	1134	4	4.0691752
45	620	5	4.7144594
45	3286	6	3.9036965
45	682	7	4.758002
45	1353	8	5.631868
45	63	9	4.671614
45	1602	10	4.387993
677	1129	1	4.520916
677	2044	2	3.6736984
677	534	3	3.9357877
677	3929	4	3.8476517
677	1343	5	3.621611
677	2942	6	2.8143096
677	735	7	3.708041
677	1457	8	3.7930765
677	919	9	4.131663
677	372	10	3.708018
565	479	1	3.978032
565	46	2	3.5335228
565	641	3	3.6154084
565	147	4	3.739957
565	55	5	3.396677
565	3220	6	2.6903427
565	3073	7	3.5749843
565	1199	8	3.8143315
565	456	9	3.0550265
565	3138	10	2.1314886
177	63	1	4.1057205
177	330	2	3.2868576
177	1693	3	4.1024523
177	635	4	3.5846915
177	58	5	4.274538
177	3286	6	3.4684975
177	843	7	4.079384
177	3281	8	3.3110046
177	1602	9	3.9816203
177	1925	10	4.0077577
864	311	1	5.0887985
864	1761	2	4.851176
864	515	3	4.728156
864	901	4	5.3514028
864	430	5	4.904978
864	935	6	4.532493
864	278	7	4.6850944
864	2502	8	5.1556625
864	1745	9	4.7365317
864	717	10	4.653516
82	682	1	5.822936
82	529	2	4.8724556
82	843	3	5.5707197
82	3273	4	3.903871
82	1983	5	4.971897
82	935	6	4.1085396
82	728	7	5.3286457
82	1732	8	4.908699
82	551	9	4.7853894
82	1281	10	3.7575784
337	73	1	3.9957309
337	504	2	3.3501496
337	728	3	3.9287076
337	2760	4	3.2027388
337	70	5	3.9056687
337	3286	6	2.959578
337	333	7	3.7825847
337	3281	8	2.809991
337	1368	9	3.4989703
337	1281	10	1.9126947
318	372	1	4.4532804
318	185	2	4.2155704
318	728	3	4.174579
318	635	4	2.911684
318	1321	5	4.917621
318	2942	6	4.1231866
318	913	7	3.8307838
318	624	8	2.4464304
318	1745	9	4.0644445
318	625	10	3.7314634
537	479	1	3.5874941
537	431	2	4.3127766
537	641	3	3.548219
537	3273	4	3.3943288
537	70	5	3.6528115
537	935	6	3.651648
537	1925	7	3.1428876
537	3281	8	4.4262037
537	1281	9	3.2808402
537	791	10	3.0308414
525	479	1	3.9761047
525	46	2	4.7560015
525	1466	3	3.754805
525	754	4	3.2270026
525	1983	5	4.116283
525	3286	6	4.316027
525	73	7	3.5768547
525	1732	8	4.0419497
525	641	9	3.5115187
525	1281	10	3.3798003
766	993	1	3.8314729
766	115	2	4.1123695
766	1466	3	3.778244
766	635	4	4.061436
766	620	5	3.1909828
766	3286	6	3.465963
766	905	7	3.6448765
766	3281	8	3.209272
766	682	9	3.40065
766	2043	10	2.5732894
581	63	1	3.9012415
581	108	2	4.3480377
581	215	3	3.7890286
581	1134	4	4.193387
581	1161	5	3.250885
581	590	6	3.70808
581	3072	7	3.7336566
581	1353	8	3.7878945
581	29	9	3.6759012
581	1281	10	3.004291
684	732	1	3.6404402
684	108	2	3.4753287
684	791	3	3.4730134
684	2135	4	2.804379
684	55	5	4.006693
684	1003	6	2.5349257
684	2036	7	3.3928225
684	1197	8	3.1387568
684	227	9	3.331766
684	911	10	3.0061169
900	3072	1	4.9039526
900	24	2	3.9426196
900	278	3	4.7316766
900	495	4	4.9831204
900	430	5	4.899829
900	590	6	4.4117064
900	515	7	4.5441403
900	1310	8	3.589456
900	1745	9	4.5559053
900	62	10	4.497763
659	641	1	4.588134
659	2550	2	4.03834
659	874	3	4.480259
659	901	4	4.205695
659	4016	5	3.2966318
659	3286	6	3.8784208
659	1139	7	4.037351
659	1199	8	4.763472
659	501	9	4.0137935
659	1452	10	3.8219607
311	654	1	3.931365
311	369	2	4.21786
311	515	3	3.929358
311	495	4	3.7564363
311	430	5	3.6871085
311	590	6	3.4287171
311	733	7	3.7698202
311	363	8	2.9579182
311	732	9	3.7037067
311	1602	10	3.0968661
829	1011	1	4.26507
829	488	2	3.319878
829	63	3	4.02894
829	1134	4	4.5545025
829	3286	5	4.0340676
829	55	6	3.0679119
829	1854	7	3.9056711
829	3281	8	3.8705134
829	2125	9	3.8972437
829	1452	10	3.39539
227	479	1	4.2285995
227	529	2	4.327469
227	73	3	4.1965938
227	147	4	3.7532554
227	70	5	3.8069732
227	935	6	3.7563922
227	3074	7	3.9458833
227	1732	8	4.48179
227	1281	9	3.9936223
227	672	10	3.5027015
595	551	1	3.867998
595	201	2	4.3418603
595	672	3	3.6985478
595	3275	4	4.6948524
595	55	5	4.8208947
595	935	6	3.3002825
595	210	7	3.4665804
595	1199	8	4.0996666
595	456	9	3.4028606
595	1302	10	3.2984564
911	728	1	3.605371
911	431	2	3.5309353
911	492	3	3.3557954
911	635	4	3.1403422
911	58	5	3.033985
911	3286	6	3.6238227
911	73	7	3.343742
911	3281	8	3.5337186
911	3074	9	3.1450176
911	1281	10	2.6163552
716	728	1	4.4336514
716	431	2	3.6932354
716	1466	3	3.8420386
716	147	4	3.8687472
716	55	5	4.831252
716	935	6	3.6746738
716	551	7	3.5335817
716	3281	8	4.435049
716	3074	9	3.514027
716	1281	10	3.4649262
341	3072	1	4.863696
341	108	2	4.660776
341	215	3	4.5979147
341	635	4	4.273579
341	4016	5	4.056423
341	3286	6	4.2999563
341	63	7	4.596016
341	3281	8	4.2050934
341	1011	9	4.5406804
341	1452	10	3.2912827
62	515	1	5.3194394
62	821	2	5.764528
62	370	3	5.235836
62	3273	4	4.4036517
62	1321	5	5.1989985
62	3286	6	2.9468284
62	73	7	4.880137
62	1353	8	4.687323
62	1484	9	5.7336617
62	485	10	4.727766
843	753	1	4.6488886
843	821	2	4.6629515
843	227	3	4.4612093
843	944	4	4.159103
843	71	5	4.2874327
843	590	6	3.2110288
843	0	7	4.3798256
843	1310	8	3.6213548
843	654	9	4.340814
843	1745	10	3.3040147
571	641	1	5.426404
571	431	2	4.2421637
571	210	3	4.8685203
571	296	4	3.3924875
571	620	5	6.578168
571	935	6	4.5786014
571	672	7	4.7520485
571	3281	8	4.4629884
571	456	9	4.4771976
571	1281	10	3.3492796
292	1701	1	4.523781
292	721	2	4.4284477
292	728	3	4.272368
292	3275	4	3.8358405
292	55	5	4.201312
292	114	6	3.2456155
292	82	7	4.2299013
292	1199	8	3.0802596
292	1281	9	4.495769
292	3073	10	3.780424
18	73	1	4.958682
18	46	2	4.475147
18	641	3	4.8574142
18	147	4	4.1805778
18	620	5	5.4601455
18	3286	6	3.9938233
18	479	7	4.7104073
18	3281	8	3.6872506
18	63	9	4.5761847
18	1602	10	4.5448294
465	1449	1	3.7868066
465	821	2	4.011065
465	1854	3	3.6677723
465	901	4	3.5186443
465	1161	5	3.7483106
465	3286	6	1.802683
465	1139	7	3.647932
465	1310	8	2.487947
465	311	9	3.616158
465	1745	10	3.4972353
538	219	1	4.6923633
538	821	2	4.548549
538	19	3	4.5552826
538	1277	4	4.537086
538	72	5	5.1598835
538	935	6	3.5881252
538	227	7	4.3078337
538	694	8	4.8544106
538	258	9	4.076006
538	1745	10	3.1099772
885	73	1	4.8341994
885	185	2	5.121232
885	63	3	4.692684
885	147	4	5.0641074
885	1321	5	6.194956
885	3286	6	3.9570916
885	1011	7	4.6859164
885	3281	8	3.7540932
885	1602	9	4.752623
885	1701	10	4.5757256
663	311	1	4.0369315
663	213	2	3.8225226
663	1115	3	3.779824
663	495	4	4.4283504
663	1321	5	3.1746984
663	590	6	3.9282718
663	732	7	3.6567416
663	1310	8	3.3507552
663	1745	9	3.7996156
663	62	10	3.6315627
147	1854	1	4.983838
147	1761	2	4.0989666
147	1139	3	4.827608
147	901	4	4.6735716
147	1161	5	4.7921834
147	935	6	4.7085104
147	278	7	4.634367
147	1310	8	3.1809695
147	1452	9	4.3990765
147	3251	10	4.4038486
748	728	1	4.900283
748	431	2	4.0932646
748	73	3	4.0646124
748	147	4	4.104363
748	1983	5	5.1929626
748	935	6	3.992322
748	551	7	4.033788
748	3281	8	4.574599
748	1466	9	4.028983
748	1281	10	3.6247573
308	82	1	3.9154503
308	201	2	3.1844935
308	3073	3	3.5227609
308	3275	4	3.596142
308	590	5	4.07263
308	1333	6	2.946422
308	1732	7	2.5536165
308	1211	8	2.7639933
308	1281	9	2.9906695
308	73	10	2.6042376
484	874	1	5.5320053
484	2550	2	4.361058
484	479	3	5.396721
484	296	4	4.1347375
484	430	5	4.403509
484	590	6	3.8079019
484	641	7	5.0023556
484	1199	8	5.4083495
484	1011	9	4.9351883
484	1602	10	4.505006
564	677	1	3.1250882
564	1511	2	2.773045
564	1893	3	3.0901768
564	2584	4	2.5989738
564	1321	5	2.3515222
564	2942	6	1.8754768
564	2484	7	3.0796971
564	624	8	2.6440334
564	1687	9	2.8673277
564	1621	10	2.171887
322	215	1	3.5370588
322	213	2	2.7900672
322	682	3	3.3032157
322	3929	4	2.608987
322	55	5	2.9848804
322	2942	6	2.6186714
322	219	7	3.2041404
322	1199	8	3.1186814
322	227	9	3.06457
322	1484	10	2.7170072
801	82	1	4.846596
801	46	2	4.027474
801	3073	3	4.569557
801	3275	4	4.3258276
801	55	5	4.6881227
801	590	6	4.9532948
801	728	7	4.5093193
801	1732	8	3.6858935
801	1466	9	4.4805956
801	1302	10	3.016334
664	82	1	5.225051
664	46	2	4.48687
664	3073	3	4.805616
664	635	4	4.382723
664	1983	5	4.5211167
664	935	6	3.047289
664	728	7	4.702425
664	1732	8	3.8784547
664	843	9	4.6966763
664	1302	10	3.2980595
209	1854	1	3.451961
209	1761	2	3.626793
209	501	3	3.1304555
209	686	4	2.949504
209	2800	5	3.7716951
209	141	6	3.1220288
209	1732	7	2.8938267
209	1925	8	2.9867628
209	1745	9	3.3399482
209	215	10	2.9840157
37	791	1	3.6982327
37	213	2	2.462504
37	732	3	3.3261137
37	2584	4	2.4224403
37	70	5	3.0563498
37	27	6	2.3708394
37	423	7	3.18184
37	3041	8	3.4395294
37	680	9	3.1742244
37	1621	10	2.6006424
307	215	1	3.8778787
307	24	2	3.865623
307	3072	3	3.7519455
307	686	4	3.851813
307	1161	5	3.6528952
307	590	6	3.8747678
307	1011	7	3.665215
307	1353	8	3.204546
307	63	9	3.619236
307	1281	10	2.6072505
338	370	1	4.8216424
338	213	2	4.798665
338	278	3	4.6671004
338	3929	4	3.3583527
338	225	5	4.503629
338	1983	6	2.6677637
338	515	7	4.4594946
338	1353	8	4.8334637
338	372	9	4.43972
338	1745	10	3.5570142
585	1144	1	4.4560046
585	203	2	3.5407817
585	1095	3	4.400207
585	320	4	3.0015042
585	2365	5	3.4512491
585	2195	6	3.156094
585	1636	7	4.175518
585	200	8	3.0681238
585	2164	9	4.0532146
585	1350	10	2.8097749
358	728	1	4.748533
358	46	2	4.4773026
358	63	3	4.48691
358	1134	4	3.9839215
358	620	5	4.350578
358	3286	6	4.1235657
358	843	7	4.4435873
358	1199	8	2.779132
358	1368	9	4.3350315
358	1281	10	2.6956425
193	219	1	3.873308
193	821	2	4.06178
193	270	3	3.853927
193	408	4	3.8813176
193	71	5	2.8830633
193	935	6	2.6161444
193	143	7	3.5289207
193	363	8	2.9948702
193	221	9	3.9437876
193	1410	10	3.5107794
53	1129	1	4.9520493
53	548	2	4.373431
53	372	3	4.0807834
53	1277	4	5.332517
53	72	5	3.7761047
53	2942	6	3.1433048
53	3718	7	4.010635
53	363	8	3.5619378
53	1484	9	4.4758105
53	304	10	4.0026484
553	3074	1	3.8461564
553	201	2	4.7293158
553	73	3	3.548046
553	754	4	3.5312762
553	1983	5	4.031734
553	935	6	3.180532
553	492	7	3.5319722
553	1732	8	4.112608
553	1281	9	3.7700043
553	479	10	3.3461325
108	728	1	4.716036
108	431	2	4.7556877
108	73	3	4.2597136
108	147	4	3.7695072
108	620	5	5.3641005
108	3286	6	4.387038
108	479	7	4.187323
108	3281	8	4.1044054
108	1602	9	4.843153
108	3075	10	4.125062
732	843	1	5.053752
732	201	2	3.769251
732	63	3	4.8244057
732	1134	4	4.613711
732	1983	5	4.9408875
732	935	6	3.0016966
732	215	7	4.7736864
732	1353	8	4.1948442
732	1602	9	4.8255854
732	82	10	4.7205343
694	843	1	3.4158926
694	614	2	2.851287
694	682	3	3.297205
694	2135	4	2.6606977
694	70	5	3.530359
694	935	6	3.3380685
694	63	7	3.2423015
694	1199	8	2.745032
694	1602	9	3.1930504
694	641	10	3.0663004
44	1449	1	4.453193
44	821	2	5.110705
44	732	3	4.441393
44	3275	4	4.6730957
44	1161	5	4.3174596
44	278	6	4.3138757
44	2502	7	3.9595096
44	73	8	3.9760745
44	1745	9	3.898078
44	515	10	3.9117908
593	839	1	4.4537106
593	548	2	3.3658342
593	219	3	4.439709
593	320	4	4.303524
593	71	5	3.904255
593	935	6	3.8318486
593	1129	7	4.2897296
593	363	8	3.7700007
593	2390	9	4.1683445
593	1745	10	2.8891912
393	19	1	4.7598057
393	231	2	4.8213243
393	84	3	4.7363744
393	320	4	4.163064
393	71	5	3.8837564
393	935	6	3.8460822
393	152	7	4.3662305
393	694	8	4.4754744
393	221	9	4.2516394
393	141	10	4.2157745
570	141	1	3.648556
570	821	2	4.0505686
570	733	3	3.494228
570	686	4	3.015431
570	1161	5	4.5208774
570	935	6	4.1817117
570	3073	7	3.4709668
570	363	8	3.1134007
570	717	9	3.440348
570	1602	10	2.7120872
295	227	1	4.1448936
295	821	2	2.982133
295	732	3	4.046928
295	3929	4	3.1060133
295	2942	5	3.461067
295	1321	6	2.6278756
295	791	7	3.9887016
295	1353	8	3.4785624
295	625	9	3.8623319
295	1745	10	2.3966334
720	215	1	5.1879697
720	201	2	3.8842402
720	82	3	4.9041348
720	147	4	4.260747
720	55	5	4.437765
720	935	6	3.2897053
720	728	7	4.5084786
720	1353	8	4.762595
720	1281	9	4.5670767
720	43	10	6.408811
889	641	1	4.0132017
889	2108	2	3.3624382
889	479	3	3.9848242
889	3273	4	2.9820251
889	620	5	4.928369
889	3286	6	3.673119
889	728	7	3.845948
889	3281	8	3.6159606
889	1602	9	4.1094837
889	73	10	3.7226646
325	219	1	3.4113226
325	821	2	3.803402
325	258	3	3.354212
325	408	4	3.5521474
325	2942	5	3.9261532
325	71	6	2.9109747
325	19	7	3.336441
325	694	8	3.96249
325	221	9	3.3838236
325	227	10	3.276803
121	1833	1	4.708436
121	548	2	3.8109949
121	1129	3	4.476961
121	408	4	4.1724825
121	72	5	4.0639935
121	2942	6	3.9628084
121	84	7	4.369729
121	1310	8	4.167559
121	270	9	4.1655483
121	3138	10	3.3026104
798	82	1	4.760378
798	721	2	4.8610764
798	3073	3	4.4814367
798	3275	4	4.2434855
798	55	5	4.0938997
798	935	6	3.392611
798	479	7	4.433037
798	1353	8	4.699278
798	1701	9	4.317686
798	1281	10	3.406754
470	1011	1	4.268234
470	185	2	4.519992
470	682	3	4.213903
470	2135	4	2.9041867
470	620	5	3.8711634
470	3286	6	3.2608504
470	843	7	4.202312
470	3281	8	3.1082594
470	1484	9	4.9932523
470	29	10	3.919179
526	3072	1	4.7116375
526	108	2	4.2013206
526	3073	3	4.399778
526	686	4	4.001262
526	1321	5	4.1719866
526	935	6	3.8238325
526	515	7	4.3060107
526	1353	8	3.4185624
526	370	9	4.159112
526	1602	10	3.4857578
562	1701	1	5.2073097
562	46	2	4.723654
562	1011	3	5.098497
562	1134	4	4.268424
562	935	5	5.301292
562	4016	6	3.458176
562	63	7	5.0796003
562	3281	8	4.056016
562	1602	9	4.8263526
562	29	10	4.700269
151	372	1	3.7204115
151	108	2	3.193002
151	227	3	3.6486523
151	3929	4	3.5708826
151	55	5	2.8762336
151	2942	6	3.311833
151	219	7	3.6356006
151	2502	8	2.1433167
151	1484	9	3.4653823
151	215	10	3.4773843
752	215	1	4.822365
752	721	2	4.23291
752	3072	3	4.7061386
752	3275	4	3.6804206
752	55	5	3.98439
752	590	6	4.505597
752	82	7	4.2610736
752	1353	8	4.351039
752	728	9	4.1837664
752	1303	10	2.4646294
586	3251	1	4.2039022
586	369	2	3.670211
586	654	3	3.9205644
586	944	4	3.1000273
586	430	5	3.6806808
586	590	6	3.2922888
586	717	7	3.865755
586	1310	8	2.9641464
586	733	9	3.6857872
586	515	10	3.5625036
651	84	1	4.2593946
651	2550	2	3.33576
651	219	3	3.721003
651	495	4	4.696321
651	1926	5	4.2029133
651	2942	6	2.8106008
651	227	7	3.6966875
651	1066	8	4.5699196
651	317	9	3.4864252
651	1484	10	3.3076909
691	1011	1	3.7297697
691	213	2	3.8086996
691	0	3	3.4437432
691	28	4	4.0939655
691	3286	5	3.992512
691	2800	6	3.069405
691	29	7	3.429203
691	172	8	3.848459
691	1745	9	4.104587
691	3462	10	3.3719583
