user_id	item_id	rank	score
1	2217	1	6.478781
1	0	2	6.4780235
1	1263	3	5.8757596
1	389	4	5.7817993
1	90	5	5.7277584
1	277	6	5.6508055
1	530	7	5.579713
1	1511	8	5.5766616
1	1983	9	5.505164
1	860	10	5.501938
2	2217	1	5.3371015
2	389	2	5.2850018
2	860	3	4.9623137
2	3251	4	4.9378033
2	914	5	4.863916
2	1263	6	4.809187
2	90	7	4.7152977
2	2125	8	4.6920333
2	277	9	4.6546636
2	4021	10	4.6505566
3	379	1	4.216337
3	1843	2	3.9122636
3	1539	3	3.737527
3	201	4	3.670896
3	627	5	3.6625223
3	381	6	3.5417843
3	151	7	3.5007677
3	2965	8	3.3867698
3	4050	9	3.3031557
3	353	10	3.2677894
4	688	1	4.390294
4	1688	2	4.087421
4	3275	3	3.9685311
4	1755	4	3.7127333
4	1681	5	3.3867052
4	937	6	3.3749557
4	1029	7	3.347457
4	1129	8	3.2737846
4	1321	9	2.8896146
4	318	10	2.8430092
5	580	1	4.552341
5	1016	2	4.4145613
5	304	3	4.323635
5	252	4	4.2109575
5	4016	5	4.0780263
5	1689	6	3.9910352
5	2449	7	3.9828718
5	1526	8	3.8712769
5	614	9	3.8267877
5	539	10	3.8160331
6	141	1	3.3388934
6	1129	2	3.2335262
6	937	3	2.8264258
6	1029	4	2.8236833
6	248	5	2.6264448
6	798	6	2.483453
6	318	7	2.406097
6	161	8	2.3394578
6	948	9	2.3138494
6	176	10	2.236147
7	515	1	3.475544
7	558	2	3.181046
7	1980	3	3.0371346
7	1326	4	3.0012116
7	1580	5	2.9497151
7	1964	6	2.9275575
7	3801	7	2.8643723
7	1199	8	2.7288773
7	1256	9	2.6904778
7	982	10	2.6542559
8	848	1	3.4777493
8	252	2	3.417358
8	1926	3	3.1309774
8	203	4	2.5535064
8	1139	5	2.5280023
8	633	6	2.45933
8	147	7	2.3622801
8	55	8	2.3476384
8	96	9	2.3159776
8	1083	10	2.292088
9	1926	1	5.5503435
9	2217	2	5.251108
9	3307	3	5.163419
9	147	4	4.8501363
9	914	5	4.7482653
9	985	6	4.7191877
9	1263	7	4.698698
9	90	8	4.69277
9	277	9	4.673754
9	1139	10	4.6280465
11	848	1	5.192171
11	688	2	4.582068
11	96	3	4.5437307
11	3275	4	4.4257293
11	1688	5	4.2447777
11	1129	6	4.0465837
11	1029	7	3.5248013
11	1681	8	3.311252
11	1755	9	3.2497344
11	948	10	3.0779927
12	405	1	2.8018546
12	2503	2	2.6333494
12	296	3	2.619127
12	805	4	2.5986898
12	1755	5	2.5760765
12	2036	6	2.5188398
12	176	7	2.5045996
12	1681	8	2.442474
12	937	9	2.3376956
12	1007	10	2.3080363
14	2449	1	4.768944
14	1526	2	4.3688183
14	371	3	4.317673
14	4016	4	4.1509686
14	1332	5	4.125681
14	379	6	3.921974
14	14	7	3.8380132
14	184	8	3.6952467
14	1843	9	3.547589
14	353	10	3.5445561
15	379	1	4.0070724
15	627	2	3.5645516
15	381	3	3.549781
15	1539	4	3.4835846
15	151	5	3.2528596
15	125	6	3.0290492
15	558	7	3.0071726
15	339	8	2.851153
15	252	9	2.8497047
15	4050	10	2.8362532
16	1083	1	3.4946613
16	1755	2	3.297001
16	1854	3	3.2666655
16	937	4	3.2050333
16	141	5	3.0491614
16	1029	6	2.8018389
16	1129	7	2.7391696
16	318	8	2.552454
16	1633	9	2.481227
16	248	10	2.3472037
17	1526	1	4.538435
17	371	2	4.3808928
17	4016	3	4.296877
17	14	4	4.0557694
17	379	5	4.008113
17	353	6	3.9496522
17	1843	7	3.7523403
17	1484	8	3.5976543
17	123	9	3.5349298
17	627	10	3.491432
18	688	1	4.2863398
18	96	2	4.2806635
18	1688	3	4.006915
18	3275	4	3.8694272
18	1029	5	3.2991061
18	948	6	3.1138167
18	798	7	3.0560277
18	161	8	2.9841495
18	1681	9	2.913808
18	405	10	2.8820515
19	1484	1	3.0267482
19	151	2	3.0230224
19	1199	3	2.9918866
19	4050	4	2.90134
19	278	5	2.7747312
19	123	6	2.7648442
19	252	7	2.7335424
19	411	8	2.6640592
19	587	9	2.645402
19	135	10	2.5610452
20	1539	1	3.2944689
20	151	2	3.103283
20	558	3	3.01608
20	252	4	2.9790833
20	488	5	2.844802
20	3795	6	2.7140167
20	1069	7	2.7001853
20	4050	8	2.6821718
20	1256	9	2.6500044
20	901	10	2.6097107
21	860	1	5.0020943
21	3251	2	4.7362285
21	2125	3	4.6396675
21	172	4	4.493969
21	993	5	4.4479823
21	1926	6	4.4433107
21	3781	7	4.421539
21	1359	8	4.3891797
21	3307	9	4.254451
21	1672	10	4.2415385
22	90	1	4.603606
22	1156	2	4.2824078
22	625	3	4.1829367
22	848	4	4.1376967
22	1406	5	4.103223
22	96	6	3.5999331
22	688	7	3.502972
22	1688	8	3.2361553
22	296	9	2.9816356
22	3275	10	2.9612453
23	304	1	4.347299
23	1693	2	4.3079205
23	982	3	4.1916084
23	2449	4	4.0461435
23	1689	5	3.8602145
23	371	6	3.7480311
23	920	7	3.6725514
23	379	8	3.6206737
23	1332	9	3.555612
23	1526	10	3.478649
24	848	1	4.6293583
24	1083	2	4.380477
24	96	3	4.0700116
24	1854	4	4.020015
24	141	5	3.7673922
24	1029	6	3.48358
24	1129	7	3.4372692
24	948	8	2.817019
24	1681	9	2.703277
24	798	10	2.6940188
25	848	1	4.594781
25	96	2	4.0471125
25	1083	3	3.900059
25	1029	4	3.5669374
25	141	5	3.4658022
25	1129	6	3.3291068
25	2503	7	2.9637778
25	805	8	2.7173023
25	1755	9	2.6538384
25	2036	10	2.6332989
26	1083	1	3.4750788
26	3275	2	3.4595695
26	1854	3	3.3417358
26	1129	4	3.141113
26	141	5	3.1355271
26	1029	6	2.7733283
26	1633	7	2.5913239
26	176	8	2.367217
26	173	9	2.3617384
26	780	10	2.3068976
27	625	1	4.533047
27	1139	2	3.9851882
27	1406	3	3.9580564
27	688	4	3.7062337
27	1688	5	3.6102238
27	3275	6	3.530384
27	1083	7	3.3651145
27	1854	8	3.1386023
27	1681	9	2.9069376
27	141	10	2.8972206
28	2217	1	5.9791317
28	1926	2	5.689344
28	90	3	5.421551
28	277	4	5.1983533
28	1511	5	5.0084314
28	147	6	4.9723225
28	252	7	4.9656677
28	625	8	4.679281
28	1139	9	4.6373053
28	1156	10	4.574436
29	688	1	4.068571
29	1688	2	3.6896737
29	141	3	3.0516567
29	1029	4	2.9931464
29	1129	5	2.901979
29	1681	6	2.602829
29	840	7	2.4974566
29	937	8	2.460146
29	248	9	2.440452
29	176	10	2.391169
30	920	1	4.021516
30	982	2	3.928657
30	381	3	3.8873932
30	1843	4	3.7398567
30	151	5	3.5112257
30	201	6	3.2786512
30	339	7	3.2321434
30	125	8	3.1980848
30	135	9	3.1919806
30	1882	10	3.1560655
31	379	1	3.62274
31	278	2	3.2585235
31	123	3	3.198687
31	627	4	3.172462
31	488	5	3.0159922
31	381	6	2.9784808
31	1539	7	2.9713168
31	252	8	2.8749251
31	151	9	2.8150024
31	3795	10	2.803457
32	848	1	4.9368334
32	688	2	4.45014
32	96	3	4.389486
32	1129	4	4.148036
32	3275	5	4.125487
32	1688	6	4.101286
32	1029	7	3.4770715
32	948	8	3.204733
32	798	9	3.090831
32	161	10	3.065523
33	3275	1	3.3482833
33	147	2	3.2970653
33	1139	3	3.0656166
33	1029	4	2.561751
33	1083	5	2.5438292
33	660	6	2.4984384
33	248	7	2.4728158
33	1633	8	2.4373987
33	780	9	2.3302722
33	1238	10	2.2453675
34	692	1	5.3727007
34	1114	2	5.280639
34	580	3	5.2288036
34	944	4	5.1429043
34	1016	5	5.057767
34	304	6	4.727307
34	534	7	4.596699
34	2449	8	4.530984
34	1689	9	4.3051863
34	4016	10	4.300019
35	625	1	5.1401825
35	1406	2	4.94163
35	848	3	4.8605585
35	96	4	4.38273
35	688	5	4.3395376
35	1688	6	3.9660807
35	3275	7	3.8246233
35	1029	8	3.3072739
35	948	9	3.2667186
35	161	10	3.1874852
36	1926	1	3.6049695
36	1139	2	3.0232651
36	147	3	2.9811006
36	1083	4	2.5083008
36	1681	5	2.4283056
36	318	6	2.4099665
36	660	7	2.4065485
36	115	8	2.2876682
36	1032	9	2.274518
36	571	10	2.2682064
37	3251	1	3.4790268
37	1406	2	2.965642
37	252	3	2.943058
37	1058	4	2.8160107
37	1926	5	2.7910204
37	848	6	2.7504914
37	423	7	2.5201387
37	147	8	2.4302146
37	1139	9	2.326864
37	660	10	2.2845352
38	1139	1	3.059696
38	96	2	2.9967754
38	1083	3	2.654978
38	1636	4	2.5513136
38	1694	5	2.436893
38	1171	6	2.408661
38	660	7	2.2880635
38	937	8	2.2775059
38	1854	9	2.2627368
38	141	10	2.2352166
39	379	1	3.6391735
39	381	2	3.4363513
39	1313	3	3.3049774
39	353	4	3.2418246
39	184	5	3.155
39	125	6	3.1521864
39	558	7	3.0506144
39	252	8	2.9765368
39	123	9	2.9612765
39	1023	10	2.9033542
40	1406	1	5.094491
40	848	2	4.91936
40	688	3	4.4365463
40	96	4	4.260815
40	141	5	4.239831
40	3275	6	4.174566
40	1688	7	4.123001
40	1129	8	4.099316
40	1029	9	3.6766782
40	948	10	3.3000667
41	2449	1	4.526988
41	1526	2	4.1237755
41	371	3	4.1158075
41	1332	4	3.981648
41	353	5	3.8277621
41	1484	6	3.818973
41	379	7	3.8117828
41	14	8	3.7084002
41	123	9	3.628333
41	278	10	3.563931
42	625	1	4.9310045
42	1406	2	4.5571823
42	688	3	4.0541763
42	1688	4	3.7506921
42	3275	5	3.606514
42	1029	6	3.1314263
42	1681	7	2.9274302
42	1755	8	2.8162553
42	296	9	2.6772418
42	176	10	2.6611135
43	625	1	5.2756805
43	1406	2	4.9697733
43	688	3	4.3770175
43	1688	4	4.2180347
43	1854	5	4.122499
43	3275	6	4.121584
43	141	7	3.760346
43	1129	8	3.5999928
43	1029	9	3.4134512
43	1755	10	3.1352558
44	1406	1	4.101071
44	848	2	3.960922
44	1058	3	3.9090457
44	688	4	3.7182002
44	96	5	3.4650068
44	1688	6	3.395224
44	3275	7	3.2854433
44	1029	8	2.9843102
44	620	9	2.5398903
44	1408	10	2.5395243
45	848	1	4.686802
45	96	2	4.098793
45	1688	3	4.087924
45	1083	4	3.5982716
45	1854	5	3.448761
45	1029	6	3.1703248
45	141	7	3.1546926
45	1755	8	3.009995
45	937	9	2.9352446
45	1129	10	2.9210365
47	2449	1	4.4385314
47	304	2	4.423484
47	1693	3	4.0251856
47	1332	4	3.9953377
47	371	5	3.9611285
47	1689	6	3.9517379
47	1526	7	3.9143949
47	515	8	3.7146266
47	982	9	3.6298726
47	379	10	3.5561347
48	1406	1	4.16103
48	848	2	3.982447
48	625	3	3.7798753
48	1058	4	3.5297565
48	96	5	3.5033438
48	296	6	3.4437726
48	688	7	3.1565158
48	2550	8	3.064756
48	654	9	3.0273037
48	83	10	2.9878213
49	304	1	4.691658
49	2449	2	4.405805
49	1689	3	4.3022604
49	1526	4	4.0584755
49	4016	5	4.0424004
49	945	6	4.0175076
49	353	7	4.016776
49	371	8	3.980498
49	1332	9	3.8735719
49	278	10	3.7877603
50	1926	1	3.2650313
50	1681	2	2.9202042
50	248	3	2.729517
50	1238	4	2.663313
50	940	5	2.5837634
50	147	6	2.5819945
50	1817	7	2.5499291
50	39	8	2.5337205
50	2139	9	2.5267076
50	2043	10	2.525282
51	625	1	4.184838
51	3275	2	2.949916
51	176	3	2.1592557
51	296	4	2.039185
51	2394	5	1.9269289
51	595	6	1.9086657
51	1134	7	1.8954954
51	660	8	1.8625481
51	620	9	1.8608515
51	896	10	1.829572
52	4016	1	4.433835
52	379	2	3.974168
52	184	3	3.9539075
52	353	4	3.8733335
52	1843	5	3.6642876
52	1484	6	3.6539373
52	7	7	3.5196548
52	278	8	3.5045495
52	123	9	3.4617727
52	252	10	3.3927658
53	1843	1	4.414149
53	135	2	4.0113506
53	4050	3	3.7561402
53	628	4	3.3191924
53	1580	5	3.2707767
53	558	6	3.2490225
53	201	7	3.246432
53	1326	8	3.2154183
53	129	9	3.1604357
53	1256	10	3.0631137
54	353	1	3.6277857
54	184	2	3.4796047
54	1484	3	3.38862
54	123	4	3.2366076
54	7	5	3.1402667
54	278	6	3.138361
54	135	7	2.7123747
54	488	8	2.7120237
54	431	9	2.6769593
54	3795	10	2.6484823
55	625	1	5.438101
55	1156	2	5.381135
55	1406	3	5.1734004
55	848	4	5.113397
55	1083	5	4.969303
55	1058	6	4.8597846
55	1854	7	4.6728096
55	96	8	4.6379476
55	688	9	4.6298947
55	1688	10	4.2689056
56	2449	1	4.804847
56	1526	2	4.5215616
56	371	3	4.322764
56	184	4	4.196188
56	353	5	4.0135584
56	379	6	3.9715939
56	1484	7	3.836627
56	123	8	3.7683916
56	7	9	3.682827
56	1843	10	3.6468902
57	1688	1	3.2582946
57	3275	2	2.7966526
57	937	3	2.4503658
57	1755	4	2.3904562
57	2394	5	2.1736746
57	1007	6	2.123384
57	296	7	2.064337
57	1321	8	2.0389142
57	1633	9	1.8586206
57	620	10	1.8138876
58	96	1	4.076094
58	1139	2	3.200809
58	147	3	3.0159874
58	1083	4	2.5262973
58	318	5	2.3580496
58	1030	6	2.232144
58	1854	7	2.2114034
58	1636	8	2.183466
58	141	9	2.113028
58	39	10	2.1030781
60	90	1	5.482343
60	252	2	5.1996093
60	1156	3	5.0163426
60	625	4	5.0120068
60	1406	5	4.8286223
60	848	6	4.7824216
60	1058	7	4.559648
60	96	8	4.213504
60	688	9	4.172678
60	1688	10	3.8912659
61	823	1	5.1148806
61	2125	2	4.5045404
61	1578	3	4.493938
61	389	4	4.4871426
61	860	5	4.446729
61	123	6	4.2490034
61	81	7	4.239975
61	807	8	4.235582
61	920	9	4.220954
61	82	10	4.217351
62	1083	1	4.8186765
62	1129	2	4.417984
62	141	3	4.2950954
62	96	4	4.2072015
62	1688	5	3.9397717
62	948	6	3.460411
62	798	7	3.408112
62	161	8	3.2978597
62	1029	9	3.2230906
62	405	10	3.1873808
64	1882	1	3.3553982
64	4050	2	3.0009174
64	123	3	2.7940354
64	252	4	2.7087014
64	7	5	2.689971
64	1484	6	2.588302
64	2044	7	2.5364616
64	129	8	2.5195527
64	278	9	2.5194137
64	1580	10	2.5039947
65	920	1	4.0546513
65	201	2	3.4057627
65	4050	3	3.19726
65	1069	4	3.1174362
65	1882	5	3.007381
65	353	6	2.924161
65	184	7	2.858594
65	1023	8	2.8014388
65	2303	9	2.759459
65	934	10	2.6999934
66	625	1	3.776226
66	96	2	3.4825203
66	688	3	3.143769
66	1688	4	3.0649183
66	3275	5	2.7151268
66	1681	6	2.6887565
66	1029	7	2.3755221
66	1755	8	2.2571363
66	798	9	2.1741147
66	1321	10	2.1622508
67	1843	1	3.6740205
67	151	2	3.4164622
67	1313	3	3.155688
67	135	4	3.0739603
67	353	5	3.020004
67	1882	6	3.0008745
67	184	7	2.999394
67	339	8	2.8843818
67	125	9	2.8519063
67	934	10	2.8184247
68	1016	1	5.1075277
68	580	2	4.95471
68	304	3	4.7648854
68	1313	4	4.5927753
68	2449	5	4.522731
68	1689	6	4.388955
68	184	7	4.357812
68	353	8	4.3339186
68	1023	9	4.31268
68	1526	10	4.193742
69	2217	1	5.3809214
69	3781	2	5.2721252
69	172	3	5.2121296
69	1359	4	5.1502757
69	80	5	5.0843153
69	389	6	5.083167
69	44	7	5.0370235
69	1263	8	5.01775
69	4020	9	4.985488
69	109	10	4.9350624
70	1926	1	3.9444997
70	1139	2	3.324691
70	147	3	3.2962575
70	1083	4	2.6933749
70	1854	5	2.5987277
70	141	6	2.3250654
70	2036	7	2.2615156
70	1129	8	2.2607694
70	2503	9	2.179214
70	780	10	2.0915456
71	3020	1	4.605629
71	4020	2	4.496156
71	551	3	4.218201
71	47	4	4.0393066
71	488	5	4.004901
71	823	6	3.9887245
71	238	7	3.9688158
71	604	8	3.9617152
71	1484	9	3.940873
71	982	10	3.9017
72	1854	1	5.0098267
72	1129	2	4.440264
72	141	3	4.4269557
72	96	4	3.9631763
72	948	5	3.7322152
72	798	6	3.6756644
72	3275	7	3.6315832
72	161	8	3.5942707
72	405	9	3.2066612
72	296	10	3.1603818
73	1016	1	4.892501
73	580	2	4.8756433
73	304	3	4.541772
73	2449	4	4.4718237
73	1689	5	4.158568
73	945	6	4.015264
73	1526	7	4.007864
73	14	8	3.917973
73	4016	9	3.8839514
73	1332	10	3.8699114
74	304	1	5.007431
74	2449	2	4.767282
74	1689	3	4.5066586
74	371	4	4.1609826
74	4016	5	4.159583
74	1332	6	4.0191154
74	379	7	3.843913
74	14	8	3.8010921
74	252	9	3.4809086
74	3795	10	3.3518636
75	1016	1	4.6901917
75	304	2	4.2724104
75	1526	3	4.107738
75	1689	4	3.9577231
75	4016	5	3.920609
75	2449	6	3.8998427
75	945	7	3.7723086
75	1332	8	3.5734594
75	371	9	3.469277
75	614	10	3.2739868
76	90	1	4.066816
76	252	2	3.8697753
76	1156	3	3.745619
76	625	4	3.6696744
76	1406	5	3.668168
76	848	6	3.661501
76	1083	7	3.4739163
76	1854	8	3.339846
76	96	9	3.169383
76	1058	10	3.1216536
77	2217	1	4.988854
77	860	2	4.985707
77	2125	3	4.697542
77	985	4	4.638177
77	914	5	4.5794315
77	44	6	4.559002
77	1926	7	4.529658
77	90	8	4.5112367
77	530	9	4.492719
77	277	10	4.4823875
78	1926	1	4.030509
78	96	2	3.9801204
78	147	3	3.3417883
78	3313	4	3.2232847
78	1139	5	3.1551535
78	203	6	2.7836976
78	1083	7	2.7430167
78	929	8	2.7329855
78	1633	9	2.6829896
78	2681	10	2.5146155
79	688	1	3.962372
79	1688	2	3.695959
79	3275	3	3.5064697
79	1029	4	2.9673302
79	1681	5	2.6905913
79	176	6	2.5237005
79	937	7	2.4978967
79	248	8	2.460804
79	296	9	2.4082966
79	1007	10	2.235589
80	848	1	5.251273
80	96	2	4.711364
80	688	3	4.6245136
80	141	4	4.315134
80	1688	5	4.287443
80	1129	6	4.262061
80	3275	7	4.2455444
80	1029	8	3.7004929
80	948	9	3.3432772
80	1681	10	3.2775326
81	625	1	5.17919
81	848	2	4.999226
81	96	3	4.325592
81	688	4	4.2407236
81	948	5	3.9962955
81	1688	6	3.9379375
81	161	7	3.902575
81	3275	8	3.8134882
81	405	9	3.7407274
81	1029	10	3.3548632
82	1083	1	4.464637
82	1688	2	4.369408
82	1854	3	4.258835
82	141	4	3.8235044
82	1129	5	3.7428622
82	1029	6	3.6587481
82	937	7	3.1493292
82	1755	8	3.109424
82	1681	9	3.0518465
82	805	10	2.7381706
83	1484	1	3.739867
83	278	2	3.4855428
83	252	3	3.4566016
83	539	4	3.1535447
83	381	5	3.0466502
83	488	6	3.0261927
83	333	7	2.9693437
83	431	8	2.9622583
83	3795	9	2.8185532
83	614	10	2.7694244
84	692	1	5.0824614
84	580	2	4.8163853
84	1016	3	4.6477165
84	304	4	4.5443974
84	1689	5	4.1877904
84	2449	6	4.1606054
84	1313	7	3.9306498
84	1023	8	3.8752794
84	945	9	3.8547497
84	1526	10	3.8263316
85	90	1	5.3430567
85	1156	2	5.0187683
85	625	3	4.9248466
85	1926	4	4.8964763
85	848	5	4.7120247
85	252	6	4.70761
85	1406	7	4.6882315
85	147	8	4.426545
85	1139	9	4.3353395
85	688	10	4.138358
86	2217	1	4.458373
86	252	2	4.4242887
86	948	3	4.336585
86	90	4	4.2214108
86	530	5	4.149067
86	277	6	4.082081
86	1511	7	4.073381
86	914	8	4.049914
86	405	9	4.032331
86	1406	10	3.8956938
87	920	1	4.504612
87	379	2	4.1163764
87	4016	3	4.096277
87	201	4	4.0611925
87	14	5	3.9273987
87	1843	6	3.6836529
87	1313	7	3.5867174
87	1023	8	3.4882178
87	627	9	3.4633157
87	184	10	3.4601269
88	1843	1	4.006133
88	381	2	3.726073
88	627	3	3.7032573
88	353	4	3.655998
88	1539	5	3.5444305
88	151	6	3.339891
88	2965	7	3.310542
88	123	8	3.3094664
88	125	9	3.2427473
88	278	10	3.1109061
89	1083	1	3.8075993
89	141	2	3.1829798
89	1755	3	3.0587873
89	1129	4	2.9625368
89	1681	5	2.8704119
89	805	6	2.7460084
89	2036	7	2.624576
89	2503	8	2.5955415
89	1633	9	2.427865
89	248	10	2.2922435
90	1156	1	4.0662518
90	625	2	4.0221643
90	252	3	3.7549484
90	848	4	3.7494748
90	1406	5	3.7265081
90	1688	6	3.5752501
90	167	7	3.5699742
90	96	8	3.4642365
90	738	9	3.0701303
90	1129	10	3.0501928
91	625	1	4.8173194
91	96	2	4.10627
91	688	3	3.9423835
91	1688	4	3.6471066
91	3275	5	3.5027945
91	1029	6	3.0384166
91	296	7	2.990645
91	176	8	2.8008718
91	1681	9	2.6569328
91	1755	10	2.6548786
92	90	1	5.4735346
92	252	2	5.216256
92	1156	3	5.061447
92	625	4	4.980354
92	1406	5	4.7564774
92	848	6	4.7171044
92	1058	7	4.3779573
92	1129	8	4.3729067
92	141	9	4.3172865
92	688	10	4.124881
93	141	1	4.0713997
93	1129	2	3.9124413
93	1029	3	3.4177444
93	1681	4	3.255685
93	1755	5	3.1333518
93	937	6	3.0169053
93	948	7	2.8808026
93	161	8	2.8424826
93	798	9	2.786698
93	405	10	2.7771873
94	688	1	4.0967016
94	3275	2	3.8824966
94	96	3	3.836605
94	1688	4	3.7862244
94	1029	5	3.316114
94	1129	6	2.8510811
94	1755	7	2.6001482
94	805	8	2.5662022
94	2503	9	2.5084987
94	1681	10	2.4036367
95	4050	1	4.2150574
95	982	2	4.13834
95	920	3	4.0679464
95	1256	4	3.3878274
95	934	5	3.238229
95	201	6	3.2381954
95	587	7	3.2267363
95	1326	8	3.1747034
95	1338	9	2.9176235
95	862	10	2.8019562
96	948	1	3.5507421
96	1029	2	3.3675466
96	405	3	3.205802
96	296	4	2.951423
96	1755	5	2.6803985
96	937	6	2.6770918
96	1681	7	2.6532998
96	702	8	2.4496377
96	126	9	2.4432845
96	2550	10	2.4411716
97	4016	1	3.5111744
97	353	2	3.2387853
97	1023	3	3.2272015
97	184	4	3.2119517
97	1484	5	3.021066
97	123	6	3.0132463
97	278	7	2.9812398
97	7	8	2.876755
97	381	9	2.864736
97	627	10	2.8451846
98	277	1	4.6175985
98	90	2	4.4367886
98	1511	3	4.1781597
98	1156	4	4.048636
98	1926	5	3.8510976
98	848	6	3.7827775
98	252	7	3.77661
98	625	8	3.7329292
98	1406	9	3.6357884
98	1058	10	3.6244416
99	381	1	4.175314
99	1843	2	4.0097313
99	982	3	3.9711013
99	920	4	3.9282084
99	151	5	3.91512
99	135	6	3.3363862
99	125	7	3.314671
99	201	8	3.309445
99	4050	9	3.1620748
99	1882	10	3.1615644
100	81	1	4.4860168
100	510	2	4.3811903
100	72	3	4.370744
100	2125	4	4.2991304
100	389	5	4.2644024
100	218	6	4.252987
100	860	7	4.2389116
100	911	8	4.172364
100	330	9	4.0849094
100	1112	10	4.0705304
101	96	1	4.1004715
101	1129	2	4.0745993
101	3275	3	3.8589432
101	1688	4	3.846973
101	1029	5	3.4261613
101	948	6	3.3434668
101	161	7	3.119029
101	798	8	3.093957
101	405	9	2.9869037
101	176	10	2.7226896
102	252	1	3.36007
102	151	2	3.2483091
102	488	3	3.0759153
102	4050	4	3.0751934
102	558	5	2.978477
102	1199	6	2.8501978
102	539	7	2.8323493
102	628	8	2.79034
102	135	9	2.775746
102	504	10	2.7700949
103	692	1	5.424238
103	982	2	5.3264303
103	920	3	5.185322
103	1016	4	4.9489145
103	304	5	4.938323
103	2449	6	4.487644
103	201	7	4.416402
103	1526	8	4.2747793
103	1689	9	4.252692
103	1313	10	4.2037845
104	1139	1	4.017235
104	1029	2	3.6224933
104	1083	3	3.5193095
104	1755	4	3.405959
104	1854	5	3.2136564
104	805	6	3.0121186
104	141	7	2.9396553
104	2503	8	2.85598
104	1681	9	2.8351321
104	2036	10	2.7290428
105	141	1	3.8882756
105	1129	2	3.7603948
105	1755	3	2.932322
105	1681	4	2.8932476
105	937	5	2.874285
105	948	6	2.8112078
105	161	7	2.7379358
105	798	8	2.7163644
105	805	9	2.6917455
105	405	10	2.6671562
106	1139	1	3.7639208
106	1083	2	3.266615
106	1854	3	2.9110363
106	2036	4	2.8137836
106	191	5	2.7754412
106	1681	6	2.667356
106	141	7	2.664081
106	1129	8	2.556738
106	1831	9	2.4219584
106	694	10	2.380076
107	1016	1	4.1057835
107	304	2	3.9027994
107	4016	3	3.7756927
107	2449	4	3.6041372
107	278	5	3.5848007
107	1526	6	3.5351777
107	252	7	3.3253493
107	488	8	3.3192887
107	945	9	3.299265
107	371	10	3.207675
108	96	1	4.574039
108	1083	2	3.7142296
108	1029	3	3.5459094
108	1755	4	3.403357
108	937	5	3.2829483
108	1681	6	3.180348
108	141	7	3.1222835
108	805	8	2.8410265
108	1129	9	2.8106413
108	2503	10	2.635184
110	96	1	4.066947
110	1083	2	3.9689894
110	1688	3	3.932767
110	3275	4	3.8650033
110	1129	5	3.732664
110	1854	6	3.60043
110	141	7	3.2627392
110	1755	8	3.1119277
110	1029	9	2.9560885
110	1681	10	2.6144938
111	625	1	5.6192427
111	848	2	5.319154
111	1406	3	5.210534
111	1058	4	5.043732
111	96	5	4.829062
111	688	6	4.6361094
111	1688	7	4.425375
111	3275	8	4.245423
111	1083	9	4.1059413
111	1854	10	3.8597512
112	1129	1	4.633192
112	798	2	3.7717934
112	161	3	3.7389476
112	405	4	3.542613
112	296	5	3.2458389
112	1029	6	3.2071586
112	126	7	2.8535264
112	176	8	2.8315582
112	620	9	2.766182
112	654	10	2.7166903
113	4050	1	3.8602102
113	1882	2	3.5223784
113	353	3	3.4595318
113	184	4	3.286745
113	1313	5	3.2751205
113	1023	6	3.2495399
113	628	7	3.1970305
113	1484	8	3.0412977
113	558	9	3.0194573
113	3801	10	2.9176583
115	304	1	4.9483204
115	2449	2	4.660673
115	1689	3	4.3513904
115	1526	4	4.255106
115	371	5	4.1726336
115	4016	6	4.1575265
115	945	7	4.1443996
115	1332	8	4.036529
115	14	9	3.814208
115	379	10	3.813571
116	141	1	3.79415
116	1129	2	3.7276073
116	1755	3	3.3296447
116	937	4	3.0610182
116	1681	5	2.8405137
116	948	6	2.8191385
116	798	7	2.7024868
116	161	8	2.688698
116	176	9	2.6094074
116	1633	10	2.5710347
117	389	1	4.1813
117	2217	2	3.6615229
117	4021	3	3.6013706
117	277	4	3.5685754
117	3251	5	3.5481853
117	3835	6	3.5187874
117	1410	7	3.4981687
117	860	8	3.4874892
117	2125	9	3.422688
117	4020	10	3.3773482
118	688	1	4.033669
118	96	2	4.021751
118	1688	3	3.7696533
118	3275	4	3.529768
118	1029	5	3.0327754
118	798	6	3.0035872
118	948	7	2.9946814
118	405	8	2.839682
118	1755	9	2.6373663
118	1681	10	2.5735214
119	277	1	3.652207
119	1058	2	3.4509037
119	2348	3	3.3624218
119	4029	4	3.2984488
119	1410	5	3.2025898
119	604	6	3.1839323
119	4020	7	3.0136118
119	633	8	3.0005631
119	848	9	2.9562347
119	55	10	2.8897204
120	96	1	4.5129237
120	688	2	4.4587245
120	1688	3	4.1880155
120	3275	4	4.097381
120	1029	5	3.5081089
120	1681	6	3.1525812
120	1755	7	3.1209908
120	948	8	3.0721145
120	798	9	2.9942021
120	161	10	2.916866
121	920	1	4.1267753
121	4016	2	3.9073462
121	14	3	3.7385988
121	1539	4	3.6970952
121	627	5	3.643067
121	201	6	3.506722
121	1843	7	3.450562
121	151	8	3.2868152
121	4050	9	3.2686367
121	125	10	3.2295508
123	96	1	4.124963
123	1406	2	4.1131697
123	848	3	4.069371
123	1156	4	3.8881607
123	147	5	3.6853762
123	1755	6	3.4737883
123	625	7	3.4292107
123	1058	8	3.1128545
123	688	9	3.0246143
123	1688	10	2.951577
124	2449	1	4.7666693
124	371	2	4.3834877
124	1526	3	4.337676
124	1332	4	4.2818346
124	4016	5	4.1105967
124	379	6	4.006507
124	14	7	3.895815
124	1843	8	3.6876965
124	353	9	3.6726606
124	1484	10	3.4985394
125	1083	1	3.705213
125	1029	2	3.6180196
125	1854	3	3.3752818
125	141	4	3.151414
125	1681	5	3.1209025
125	1755	6	3.098782
125	937	7	3.0751963
125	1129	8	2.9056375
125	805	9	2.777798
125	2503	10	2.7091002
126	1854	1	2.8457656
126	141	2	2.7476254
126	1681	3	2.606092
126	176	4	2.5590122
126	2503	5	2.4165115
126	318	6	2.3821163
126	1129	7	2.3575144
126	39	8	2.294246
126	571	9	2.2790995
126	191	10	2.255811
127	515	1	3.9166136
127	920	2	3.4748619
127	1326	3	3.16831
127	146	4	2.859355
127	201	5	2.745657
127	628	6	2.6444855
127	558	7	2.5675263
127	3114	8	2.500319
127	353	9	2.4796736
127	934	10	2.4515858
128	371	1	4.2780633
128	379	2	3.8673992
128	1843	3	3.7352638
128	1484	4	3.6251216
128	627	5	3.3945427
128	381	6	3.3646336
128	278	7	3.293973
128	1539	8	3.2897177
128	7	9	3.2874444
128	252	10	3.226062
129	353	1	3.9815922
129	123	2	3.796411
129	1484	3	3.7510157
129	1843	4	3.7116647
129	7	5	3.502087
129	278	6	3.4525511
129	381	7	3.3314323
129	627	8	3.3297386
129	488	9	3.2091374
129	252	10	3.2074552
130	515	1	5.2600822
130	982	2	4.950726
130	920	3	4.742252
130	1526	4	4.3685017
130	371	5	4.305354
130	201	6	4.155197
130	379	7	4.03088
130	4016	8	4.025892
130	14	9	3.99011
130	1313	10	3.731961
131	1156	1	5.0557103
131	252	2	4.994932
131	625	3	4.8913264
131	1139	4	4.868302
131	147	5	4.8520966
131	1406	6	4.8389044
131	848	7	4.826516
131	96	8	4.300307
131	1058	9	4.148629
131	1083	10	4.107826
132	391	1	3.5681415
132	3331	2	3.4933126
132	3075	3	3.4558225
132	238	4	3.3373327
132	823	5	3.3316498
132	320	6	3.307238
132	485	7	3.3006432
132	73	8	3.2931886
132	1701	9	3.282094
132	1256	10	3.1927385
133	530	1	4.2200756
133	1156	2	3.753244
133	389	3	3.547676
133	1058	4	3.4482365
133	277	5	3.2626135
133	1983	6	3.2085967
133	1406	7	3.1306267
133	860	8	3.110301
133	109	9	3.0307515
133	3251	10	2.8799558
134	1926	1	4.5701838
134	1139	2	4.07044
134	147	3	4.0122185
134	1083	4	3.496241
134	1854	5	2.9609056
134	1681	6	2.9594173
134	1029	7	2.933728
134	141	8	2.8568153
134	2503	9	2.5871117
134	805	10	2.5703664
135	381	1	3.2900352
135	1539	2	3.2304966
135	2965	3	2.8507338
135	123	4	2.6729805
135	125	5	2.659872
135	339	6	2.6028354
135	587	7	2.5389822
135	4050	8	2.5108619
135	252	9	2.443436
135	1571	10	2.322877
136	304	1	4.5647945
136	2449	2	4.384441
136	1689	3	4.189457
136	201	4	4.1403065
136	1526	5	4.0180125
136	945	6	3.9198618
136	371	7	3.845461
136	1332	8	3.8034663
136	4016	9	3.779568
136	1313	10	3.747305
137	1511	1	4.1205273
137	277	2	4.077809
137	860	3	4.0410385
137	1156	4	4.010892
137	3251	5	3.9752877
137	90	6	3.9203162
137	1926	7	3.6732788
137	625	8	3.6703854
137	1406	9	3.604051
137	848	10	3.5349188
138	2449	1	5.1607275
138	1526	2	4.771468
138	371	3	4.672062
138	4016	4	4.520619
138	14	5	4.2741795
138	379	6	4.1931334
138	1843	7	3.9896688
138	381	8	3.8323355
138	627	9	3.7109528
138	184	10	3.6861095
140	90	1	4.983971
140	1156	2	4.6516414
140	848	3	4.581508
140	625	4	4.488753
140	1406	5	4.3945894
140	252	6	4.3274884
140	1058	7	4.1489773
140	147	8	4.138864
140	1139	9	4.095911
140	96	10	4.03393
141	90	1	4.537263
141	1156	2	4.1690855
141	625	3	4.12833
141	252	4	3.9274328
141	1406	5	3.7893276
141	848	6	3.750763
141	1058	7	3.6085591
141	688	8	3.5707653
141	96	9	3.3855805
141	1688	10	3.349677
142	823	1	4.567139
142	149	2	4.4183435
142	2628	3	4.3758993
142	1114	4	4.3436923
142	4	5	4.326725
142	148	6	4.2866263
142	692	7	4.2639103
142	192	8	4.2266836
142	391	9	4.2059712
142	1693	10	4.1744103
143	2449	1	3.708702
143	1332	2	3.1905103
143	539	3	3.1760375
143	1843	4	3.1275215
143	371	5	3.0175533
143	504	6	2.9484906
143	252	7	2.9294548
143	3781	8	2.9088898
143	379	9	2.898679
143	244	10	2.8776662
144	96	1	3.8834493
144	1029	2	3.7429311
144	1083	3	3.415751
144	1854	4	3.155209
144	937	5	3.0563898
144	2036	6	3.0100422
144	141	7	2.9324636
144	805	8	2.925102
144	2503	9	2.9106226
144	1681	10	2.8302145
145	1156	1	3.8736322
145	1058	2	3.4685252
145	848	3	3.395418
145	948	4	3.3147225
145	1029	5	3.0790405
145	161	6	3.0621302
145	296	7	3.0340726
145	405	8	2.752039
145	96	9	2.7349727
145	4016	10	2.6396856
146	580	1	5.3222933
146	1016	2	5.0921264
146	304	3	4.896245
146	2449	4	4.766775
146	534	5	4.7135363
146	201	6	4.6842685
146	1689	7	4.3681493
146	1526	8	4.31767
146	1313	9	4.244628
146	945	10	4.2269077
147	625	1	4.447567
147	1156	2	4.3168974
147	1406	3	4.3017626
147	848	4	4.007101
147	688	5	3.7632968
147	1058	6	3.7464216
147	96	7	3.6355376
147	1688	8	3.3636732
147	3275	9	3.2851844
147	1029	10	3.090249
148	1926	1	3.74785
148	96	2	3.7178822
148	147	3	3.1286716
148	3313	4	3.043312
148	937	5	3.040757
148	1817	6	2.9915013
148	1139	7	2.990212
148	660	8	2.9677386
148	1755	9	2.8264437
148	203	10	2.8048112
149	625	1	4.815214
149	1406	2	4.5574336
149	848	3	4.5162244
149	688	4	4.0634966
149	96	5	3.9819531
149	1688	6	3.7668176
149	3275	7	3.7437513
149	1029	8	3.1970937
149	161	9	2.9371133
149	405	10	2.9095268
150	3020	1	4.349929
150	604	2	4.2623644
150	44	3	4.232787
150	351	4	4.193697
150	682	5	4.1813283
150	1594	6	4.139245
150	2217	7	4.1273212
150	90	8	3.9613914
150	3929	9	3.9443917
150	1672	10	3.9359288
151	1156	1	3.7381036
151	252	2	3.5123062
151	848	3	3.4611344
151	1406	4	3.4267056
151	688	5	3.2793376
151	1688	6	3.0263534
151	141	7	2.9458065
151	1129	8	2.8677678
151	1029	9	2.7680163
151	96	10	2.6836438
152	252	1	5.474377
152	1156	2	5.307433
152	625	3	5.2778854
152	848	4	5.1198015
152	1406	5	5.111185
152	147	6	4.9061246
152	1139	7	4.7270947
152	1058	8	4.6256056
152	96	9	4.58257
152	688	10	4.4428525
153	580	1	4.833913
153	1016	2	4.7998686
153	823	3	4.6899877
153	304	4	4.6383314
153	149	5	4.4730463
153	2449	6	4.4401627
153	913	7	4.4214745
153	1449	8	4.406554
153	185	9	4.380825
153	1689	10	4.379959
154	2217	1	4.8872104
154	90	2	4.5645895
154	1511	3	4.498372
154	277	4	4.3757353
154	530	5	4.364115
154	625	6	4.169777
154	1156	7	4.1130533
154	252	8	3.797813
154	1058	9	3.7310123
154	1926	10	3.6458182
155	96	1	3.9033499
155	1083	2	3.8540664
155	141	3	3.4323728
155	1029	4	3.4018736
155	1129	5	3.2592041
155	805	6	2.6521072
155	2503	7	2.5884638
155	2036	8	2.5566163
155	1755	9	2.554621
155	1681	10	2.525711
156	3275	1	3.6332579
156	1755	2	3.2022433
156	1029	3	3.129488
156	161	4	2.9938054
156	405	5	2.9609714
156	937	6	2.8782208
156	318	7	2.6536663
156	1321	8	2.6533856
156	780	9	2.424758
156	248	10	2.3854728
157	1688	1	3.8487475
157	688	2	3.7460623
157	1139	3	3.4168186
157	1029	4	3.1003127
157	1083	5	2.863493
157	1681	6	2.8094983
157	555	7	2.6960077
157	2503	8	2.680981
157	1854	9	2.5856464
157	937	10	2.5778227
158	90	1	5.2349935
158	1511	2	5.0387826
158	277	3	5.0371504
158	252	4	4.9115744
158	1156	5	4.6771383
158	625	6	4.5876994
158	848	7	4.408293
158	1406	8	4.407975
158	141	9	4.3536444
158	1058	10	4.2373705
159	1511	1	3.4093485
159	90	2	3.3773656
159	848	3	3.3330083
159	625	4	3.1177192
159	1406	5	3.0549417
159	96	6	3.0118198
159	1156	7	2.8754473
159	1058	8	2.8259892
159	176	9	2.4713974
159	688	10	2.3384824
160	2217	1	5.7151775
160	1263	2	5.472082
160	914	3	5.3910446
160	2125	4	5.2910914
160	530	5	5.189251
160	1511	6	5.0960407
160	90	7	5.055003
160	1926	8	4.80694
160	625	9	4.6698875
160	252	10	4.663079
161	252	1	5.192108
161	848	2	5.0322113
161	1926	3	4.8024883
161	96	4	4.5780706
161	147	5	4.09829
161	1139	6	4.0370913
161	2503	7	3.6937165
161	1083	8	3.377359
161	937	9	3.3645325
161	1893	10	3.3230824
162	4016	1	3.9383397
162	1843	2	3.4674635
162	135	3	3.3835602
162	4050	4	3.1943161
162	1069	5	2.8908248
162	1580	6	2.8820708
162	1882	7	2.8377957
162	2044	8	2.6885507
162	1326	9	2.679624
162	1256	10	2.6201777
163	692	1	4.842641
163	580	2	4.647049
163	1016	3	4.5137587
163	304	4	4.3846965
163	488	5	4.032022
163	2449	6	4.028184
163	252	7	3.9884765
163	1689	8	3.9128852
163	4016	9	3.8418622
163	1526	10	3.8141394
164	371	1	4.7128444
164	379	2	4.278775
164	627	3	3.814509
164	381	4	3.7826662
164	1843	5	3.7472303
164	1539	6	3.6300576
164	151	7	3.535994
164	2965	8	3.4330242
164	125	9	3.2493417
164	558	10	3.060811
165	625	1	4.6840963
165	1058	2	4.6266365
165	1406	3	4.4807057
165	848	4	4.323414
165	96	5	4.1489096
165	1688	6	4.143063
165	688	7	4.1275034
165	3275	8	4.0024786
165	1926	9	3.8939557
165	147	10	3.4471056
166	1926	1	5.0206513
166	147	2	4.223678
166	1139	3	4.1749353
166	1755	4	3.943447
166	1083	5	3.5415082
166	1681	6	3.261493
166	1854	7	3.1341732
166	141	8	3.0003066
166	2503	9	2.8947453
166	1238	10	2.86705
167	1083	1	4.271369
167	3275	2	4.1431456
167	1854	3	3.7552464
167	141	4	3.5054731
167	1029	5	3.491459
167	1129	6	3.437892
167	1755	7	3.1630855
167	937	8	2.7170873
167	2503	9	2.6702929
167	805	10	2.6455486
168	90	1	4.5649085
168	1156	2	4.259981
168	1406	3	4.255104
168	848	4	4.1758738
168	625	5	4.1200027
168	96	6	3.745621
168	296	7	3.5072749
168	688	8	3.339068
168	1688	9	3.115613
168	654	10	3.0820413
169	184	1	4.003273
169	1023	2	3.8268661
169	353	3	3.7666264
169	379	4	3.7484684
169	278	5	3.690099
169	123	6	3.67148
169	1484	7	3.632353
169	14	8	3.5873647
169	1843	9	3.5137382
169	7	10	3.5133462
170	580	1	4.6665993
170	1016	2	4.5604377
170	304	3	4.3107996
170	2449	4	3.9396424
170	1689	5	3.8889775
170	4016	6	3.6217089
170	252	7	3.5598433
170	1526	8	3.5476267
170	14	9	3.4435492
170	3795	10	3.4349244
171	627	1	3.4900494
171	1843	2	3.4209104
171	201	3	3.2404928
171	2965	4	3.0284722
171	353	5	2.9499958
171	4050	6	2.914592
171	1313	7	2.8695264
171	125	8	2.7840095
171	558	9	2.7706146
171	339	10	2.6809092
172	1526	1	4.4880853
172	4016	2	4.31209
172	379	3	3.9226804
172	1313	4	3.8969307
172	14	5	3.7792091
172	353	6	3.7637815
172	184	7	3.7394335
172	1023	8	3.6916466
172	1843	9	3.6619422
172	1484	10	3.545995
173	625	1	5.0424423
173	1406	2	4.9096375
173	848	3	4.8689013
173	1058	4	4.522787
173	96	5	4.3240156
173	688	6	4.27099
173	3275	7	3.988536
173	1688	8	3.9832506
173	1029	9	3.2592618
173	948	10	3.1327896
174	515	1	5.5569534
174	692	2	5.534584
174	1114	3	5.4537563
174	982	4	5.4464903
174	920	5	5.3057604
174	580	6	5.2564206
174	1016	7	5.177185
174	489	8	5.0953703
174	304	9	4.928926
174	2449	10	4.7529807
175	90	1	5.1449213
175	625	2	5.0355706
175	1156	3	4.9232435
175	3251	4	4.5885186
175	3275	5	4.4875526
175	1058	6	4.3444166
175	848	7	4.3401613
175	252	8	4.302546
175	1926	9	4.2900105
175	1406	10	4.235195
176	96	1	4.477318
176	141	2	4.191778
176	1129	3	4.12703
176	3275	4	3.7153099
176	948	5	3.1987343
176	1029	6	3.1438227
176	161	7	3.1000867
176	1681	8	3.091904
176	798	9	3.0841284
176	405	10	3.0355525
177	1083	1	3.9679842
177	1854	2	3.8790407
177	141	3	3.4853735
177	1129	4	3.4151242
177	1681	5	2.8151011
177	2036	6	2.5288684
177	2503	7	2.489943
177	176	8	2.4034748
177	1007	9	2.357421
177	948	10	2.2857661
178	625	1	4.9929867
178	848	2	4.803441
178	1406	3	4.667856
178	1083	4	4.6030254
178	96	5	4.477724
178	1854	6	4.448445
178	1129	7	4.130704
178	141	8	4.0987053
178	688	9	4.0463295
178	1688	10	3.8892407
179	3275	1	4.3932095
179	96	2	4.3565226
179	1029	3	3.651913
179	1129	4	3.627924
179	937	5	3.0778706
179	1681	6	3.0259576
179	1755	7	2.9520428
179	805	8	2.7751424
179	2503	9	2.6496613
179	2036	10	2.626482
181	1406	1	3.3443944
181	3275	2	2.993816
181	1139	3	2.9615145
181	1083	4	2.8547816
181	1854	5	2.4595556
181	2503	6	2.448656
181	1755	7	2.2805963
181	141	8	2.2355251
181	937	9	2.2236657
181	1129	10	2.2015374
182	982	1	4.821221
182	1016	2	4.6689262
182	920	3	4.5674663
182	304	4	4.348071
182	2449	5	4.192407
182	201	6	4.18001
182	1689	7	3.906608
182	1526	8	3.8598678
182	1313	9	3.773982
182	945	10	3.7496552
183	1332	1	4.743698
183	1689	2	4.439995
183	515	3	3.979866
183	14	4	3.9509542
183	4016	5	3.8472583
183	1882	6	3.715703
183	3094	7	3.684978
183	381	8	3.5336854
183	1843	9	3.3565698
183	135	10	3.0003939
184	1058	1	2.924332
184	3275	2	2.9173365
184	96	3	2.9001608
184	688	4	2.807238
184	1688	5	2.7533908
184	1755	6	2.6043215
184	161	7	2.5512652
184	14	8	2.2757535
184	4016	9	2.2714992
184	405	10	2.2586308
185	1854	1	3.966088
185	141	2	3.532408
185	1129	3	3.486065
185	1029	4	2.749879
185	948	5	2.531692
185	405	6	2.4232645
185	798	7	2.4115868
185	1238	8	2.3295999
185	161	9	2.3250315
185	1650	10	2.2239938
186	184	1	4.6852155
186	353	2	4.539455
186	1484	3	4.396103
186	123	4	4.3014593
186	278	5	4.2643104
186	7	6	4.17486
186	252	7	4.0919337
186	488	8	3.83846
186	379	9	3.6554677
186	1843	10	3.6484995
187	1854	1	3.511004
187	1755	2	3.2473898
187	141	3	3.224909
187	1681	4	3.0922072
187	1129	5	3.0478175
187	805	6	2.8031437
187	2503	7	2.6964388
187	2036	8	2.6742425
187	176	9	2.569261
187	1321	10	2.397035
188	3275	1	4.5787992
188	1029	2	3.804268
188	1755	3	3.46183
188	1681	4	3.3204653
188	937	5	3.3161006
188	948	6	2.8939705
188	176	7	2.8590832
188	798	8	2.7671347
188	805	9	2.7563481
188	161	10	2.7534347
189	371	1	3.8398857
189	379	2	3.5666888
189	1843	3	3.3176913
189	14	4	3.203602
189	3795	5	3.0899143
189	252	6	3.0080137
189	558	7	2.951634
189	244	8	2.9427657
189	381	9	2.9388297
189	627	10	2.9187684
190	379	1	3.3087287
190	252	2	3.056078
190	381	3	3.0092397
190	278	4	2.9438562
190	627	5	2.7981868
190	587	6	2.59511
190	176	7	2.5935678
190	504	8	2.5389233
190	488	9	2.4744575
190	1199	10	2.4576206
191	1688	1	3.969946
191	3275	2	3.669767
191	161	3	3.1673737
191	948	4	3.157794
191	1029	5	3.1465492
191	1681	6	3.1464303
191	1755	7	3.07929
191	798	8	3.0474262
191	405	9	3.0091693
191	937	10	2.9169364
192	389	1	3.9463074
192	860	2	3.9175386
192	2125	3	3.8675468
192	1112	4	3.65829
192	993	5	3.532011
192	936	6	3.4187531
192	2217	7	3.3612912
192	874	8	3.33594
192	3781	9	3.3157797
192	3795	10	3.2569265
193	627	1	3.952016
193	1843	2	3.8908896
193	381	3	3.7905734
193	151	4	3.6907897
193	201	5	3.610591
193	135	6	3.4006958
193	125	7	3.3511362
193	4050	8	3.3415847
193	1313	9	3.1733484
193	1023	10	3.1687326
194	848	1	4.679665
194	1926	2	4.4365234
194	96	3	4.0318284
194	147	4	3.9237323
194	1139	5	3.6407223
194	571	6	3.3616679
194	677	7	3.3291469
194	1083	8	3.234063
194	2216	9	3.2101915
194	2656	10	3.1449833
196	2217	1	4.3380976
196	277	2	4.010332
196	1511	3	3.7920735
196	848	4	3.459897
196	1156	5	3.4544344
196	1406	6	3.3830712
196	625	7	3.3562818
196	3275	8	3.3218608
196	688	9	3.3200507
196	1083	10	3.2468486
198	1156	1	5.2187166
198	252	2	5.173629
198	625	3	5.1482086
198	1406	4	4.9348884
198	1083	5	4.8945103
198	848	6	4.781708
198	1058	7	4.7308598
198	1854	8	4.5466623
198	688	9	4.3475494
198	141	10	4.2650347
199	920	1	3.1879027
199	627	2	3.1009068
199	1843	3	3.0754533
199	628	4	3.0377383
199	135	5	2.9501867
199	14	6	2.9258041
199	201	7	2.905005
199	4050	8	2.7920384
199	1580	9	2.6754851
199	1882	10	2.5673418
200	1926	1	2.9785278
200	147	2	2.4393725
200	1681	3	2.3761978
200	295	4	2.2706969
200	2072	5	2.22441
200	1032	6	2.0855985
200	1007	7	2.0823913
200	1139	8	2.0602963
200	780	9	2.0548348
200	463	10	2.045715
201	920	1	3.7178502
201	1882	2	3.1328793
201	201	3	3.0268524
201	1326	4	2.9136193
201	2940	5	2.7643256
201	687	6	2.7302518
201	3094	7	2.7234957
201	1023	8	2.6775322
201	1069	9	2.623621
201	184	10	2.536149
202	1926	1	2.990939
202	929	2	2.9366755
202	318	3	2.8195572
202	1238	4	2.7287812
202	1694	5	2.6880188
202	1148	6	2.5399404
202	571	7	2.5323346
202	2101	8	2.4235349
202	1817	9	2.3995001
202	147	10	2.3810208
203	147	1	4.0717115
203	1139	2	3.995181
203	1083	3	3.4656644
203	1755	4	3.1463406
203	1854	5	3.0093594
203	141	6	2.7850487
203	318	7	2.7572794
203	1694	8	2.7282534
203	660	9	2.6949
203	1148	10	2.6048512
204	848	1	4.3255305
204	1926	2	3.7795706
204	96	3	3.2094557
204	1052	4	2.9498248
204	660	5	2.9404063
204	147	6	2.9396942
204	174	7	2.8769546
204	2228	8	2.7999797
204	1139	9	2.7794507
204	2338	10	2.7159967
205	625	1	4.6378803
205	848	2	4.503472
205	1406	3	4.4949927
205	1058	4	4.22104
205	1083	5	4.1172924
205	96	6	4.04506
205	688	7	3.8415363
205	1854	8	3.8134992
205	1688	9	3.7174184
205	141	10	3.7124197
206	1406	1	4.357465
206	1083	2	3.8687549
206	1854	3	3.6400414
206	141	4	3.434258
206	3275	5	3.4340184
206	1129	6	3.2641792
206	1755	7	2.9728837
206	1681	8	2.9718523
206	1029	9	2.8754866
206	937	10	2.536891
207	96	1	3.5384524
207	688	2	3.1553056
207	1688	3	3.0311458
207	405	4	2.8259437
207	3275	5	2.7546792
207	296	6	2.580822
207	176	7	2.5725255
207	1755	8	2.5380068
207	248	9	2.480865
207	937	10	2.4625282
209	1156	1	3.4880247
209	625	2	3.2898588
209	2628	3	2.8350294
209	848	4	2.8266528
209	96	5	2.5907924
209	688	6	2.5208883
209	611	7	2.3957148
209	4016	8	2.229659
209	1688	9	2.1687038
209	1114	10	2.1564784
210	96	1	4.777643
210	1926	2	4.71389
210	3275	3	4.5197864
210	1688	4	4.384046
210	147	5	4.1291957
210	1139	6	4.0512714
210	1755	7	3.5295243
210	937	8	3.509304
210	1083	9	3.3788815
210	1029	10	3.3590126
211	571	1	3.8498135
211	1694	2	3.7374053
211	1042	3	3.1459396
211	1490	4	3.074484
211	3247	5	3.055825
211	1030	6	3.0407047
211	1111	7	2.983873
211	2994	8	2.9475226
211	3196	9	2.8910427
211	3367	10	2.8641214
212	1083	1	4.6854267
212	1854	2	4.43955
212	3275	3	4.1992145
212	141	4	4.1736674
212	1129	5	4.061678
212	1029	6	3.510779
212	1755	7	3.222171
212	1681	8	3.217419
212	948	9	2.9598684
212	937	10	2.9584768
213	201	1	3.6309934
213	4050	2	3.21916
213	125	3	3.116252
213	135	4	3.0925245
213	353	5	3.0786986
213	1023	6	2.9938145
213	1882	7	2.9903965
213	1313	8	2.985862
213	339	9	2.970312
213	184	10	2.9162912
214	353	1	3.9907494
214	1484	2	3.869907
214	123	3	3.6452785
214	278	4	3.5546238
214	7	5	3.5305152
214	381	6	3.3850129
214	627	7	3.3480203
214	252	8	3.3473587
214	488	9	3.1415758
214	558	10	3.0476289
215	2217	1	4.9908338
215	2125	2	4.174986
215	90	3	4.1243596
215	1511	4	4.104504
215	3251	5	4.0653467
215	914	6	4.0477977
215	1156	7	3.9198263
215	252	8	3.7852364
215	1406	9	3.7409344
215	1926	10	3.674667
216	1688	1	4.2218323
216	3275	2	4.1238956
216	141	3	3.8918846
216	1129	4	3.6676111
216	1029	5	3.590311
216	1681	6	3.1521788
216	1755	7	3.0890794
216	937	8	2.9426377
216	948	9	2.7151704
216	176	10	2.6267529
217	3275	1	4.4933844
217	96	2	4.482198
217	1688	3	4.3678474
217	1029	4	3.743258
217	1129	5	3.707296
217	1755	6	3.09504
217	1681	7	3.0565224
217	937	8	3.0148091
217	805	9	2.7989922
217	948	10	2.758145
218	1926	1	3.4548273
218	1681	2	3.2545915
218	147	3	2.931571
218	1139	4	2.928587
218	2036	5	2.6696188
218	1251	6	2.643226
218	1238	7	2.5341074
218	110	8	2.5175743
218	1083	9	2.3054004
218	1321	10	2.2021017
219	1406	1	3.8035645
219	848	2	3.6922674
219	625	3	3.4781837
219	96	4	3.415977
219	1058	5	3.1153839
219	296	6	3.0932913
219	688	7	2.8226147
219	1688	8	2.6915283
219	2550	9	2.5005536
219	620	10	2.4673076
220	96	1	3.8694625
220	2656	2	3.7932873
220	147	3	3.6212373
220	1139	4	3.2132683
220	1755	5	3.1799603
220	1144	6	3.0879037
220	455	7	3.0412772
220	1111	8	2.9703176
220	3313	9	2.9651556
220	1083	10	2.9452913
221	14	1	2.2591665
221	798	2	2.1825504
221	1029	3	1.9562697
221	1042	4	1.8478612
221	955	5	1.8287458
221	1681	6	1.8217711
221	296	7	1.7672423
221	176	8	1.7517529
221	2503	9	1.707825
221	937	10	1.6967218
223	304	1	5.0906706
223	2449	2	4.8707905
223	1526	3	4.519454
223	1689	4	4.4744797
223	371	5	4.317642
223	1332	6	4.193971
223	4016	7	4.155708
223	353	8	3.9307818
223	379	9	3.9090414
223	14	10	3.8721342
224	580	1	4.5064783
224	1016	2	4.4061832
224	1313	3	4.4027815
224	184	4	4.290518
224	353	5	4.2355366
224	1023	6	4.171606
224	123	7	4.0955205
224	304	8	4.081144
224	1484	9	4.0375667
224	278	10	4.002884
225	625	1	4.3972282
225	848	2	4.1482115
225	96	3	3.702053
225	688	4	3.562684
225	1688	5	3.3914628
225	3275	6	2.8481846
225	1029	7	2.7404513
225	296	8	2.6117315
225	1755	9	2.55243
225	780	10	2.3121567
226	1129	1	3.9040837
226	1910	2	3.7651238
226	2390	3	3.7502446
226	895	4	3.7129865
226	49	5	3.595216
226	216	6	3.5256534
226	1114	7	3.5198932
226	168	8	3.467993
226	1868	9	3.4265018
226	597	10	3.3900948
227	1083	1	3.9699368
227	1854	2	3.5991814
227	141	3	3.411783
227	1755	4	3.39783
227	1129	5	3.2500901
227	2503	6	2.7331648
227	2036	7	2.666708
227	1633	8	2.6434054
227	1134	9	2.5941417
227	176	10	2.527887
228	90	1	4.845708
228	1263	2	4.3006306
228	1156	3	3.8151417
228	277	4	3.6576736
228	203	5	3.5817409
228	1406	6	3.4448597
228	423	7	3.410701
228	535	8	3.3393645
228	1058	9	3.1572967
228	252	10	3.1052582
229	184	1	3.385271
229	1882	2	3.099759
229	129	3	3.038453
229	123	4	3.0131001
229	278	5	2.87955
229	7	6	2.8614006
229	1580	7	2.6347003
229	1256	8	2.5736918
229	488	9	2.5110335
229	1686	10	2.5072863
230	2449	1	4.7939415
230	1526	2	4.422247
230	4016	3	4.3582745
230	371	4	4.280525
230	1332	5	4.236203
230	1313	6	3.8735688
230	379	7	3.866187
230	353	8	3.804749
230	184	9	3.7341383
230	1843	10	3.7299252
231	604	1	3.990727
231	3251	2	3.7391486
231	77	3	3.5561914
231	4803	4	3.5437872
231	993	5	3.4946818
231	2217	6	3.4232435
231	1501	7	3.4227643
231	389	8	3.3740788
231	874	9	3.3660474
231	2125	10	3.3340545
232	1083	1	4.808795
232	141	2	4.22974
232	1129	3	4.0548406
232	948	4	3.0562692
232	798	5	3.0302243
232	405	6	2.9631267
232	1681	7	2.8728886
232	161	8	2.8601549
232	176	9	2.8281887
232	805	10	2.4836404
233	96	1	4.0359664
233	1926	2	3.8310935
233	1139	3	3.2059028
233	147	4	3.1631336
233	1083	5	2.808117
233	1681	6	2.6654065
233	2394	7	2.3675647
233	1216	8	2.3623657
233	1854	9	2.3500063
233	2216	10	2.3019261
234	848	1	4.288761
234	625	2	3.9538507
234	1406	3	3.9525337
234	1058	4	3.817112
234	96	5	3.6831875
234	688	6	3.201432
234	1688	7	3.1159275
234	1134	8	2.9079657
234	296	9	2.8551567
234	3275	10	2.7209466
235	625	1	4.501358
235	848	2	4.20909
235	688	3	3.677568
235	96	4	3.6623497
235	1129	5	3.63382
235	1688	6	3.5816717
235	141	7	3.5597363
235	3275	8	3.499232
235	1029	9	2.891335
235	948	10	2.790103
236	1083	1	3.960266
236	1854	2	3.6284833
236	1029	3	3.3537595
236	141	4	3.2646813
236	1129	5	3.1986575
236	248	6	2.637707
236	176	7	2.6313882
236	318	8	2.601874
236	805	9	2.5844097
236	2036	10	2.4318166
237	1029	1	3.456838
237	1755	2	3.1569414
237	1854	3	3.0583832
237	1681	4	3.0237012
237	141	5	2.98811
237	1129	6	2.6449304
237	805	7	2.6112156
237	176	8	2.5185323
237	2503	9	2.4686127
237	1134	10	2.4676843
238	848	1	5.0783143
238	1406	2	5.05985
238	688	3	4.5224204
238	96	4	4.4336004
238	3275	5	4.4253273
238	1688	6	4.257002
238	1083	7	4.0626183
238	1854	8	3.7103953
238	1029	9	3.5261822
238	141	10	3.5001223
239	1129	1	3.6496627
239	948	2	2.8482203
239	798	3	2.7896767
239	161	4	2.7369838
239	405	5	2.7062423
239	1755	6	2.5993142
239	937	7	2.5157123
239	1007	8	2.1717615
239	296	9	2.1705341
239	126	10	2.108531
240	82	1	2.598288
240	109	2	2.5852613
240	672	3	2.495945
240	604	4	2.4914396
240	682	5	2.451943
240	227	6	2.373611
240	221	7	2.3613796
240	389	8	2.351695
240	3014	9	2.3405738
240	843	10	2.30378
241	147	1	3.5499787
241	1139	2	3.1961107
241	1681	3	2.6915855
241	1854	4	2.6406646
241	1083	5	2.5086207
241	805	6	2.462006
241	141	7	2.4244614
241	1007	8	2.0307732
241	1775	9	1.9304476
241	1831	10	1.9023161
242	96	1	4.4834557
242	1688	2	3.9956126
242	3275	3	3.7853925
242	948	4	3.6038084
242	1029	5	3.3620305
242	405	6	3.2666254
242	1681	7	2.9988003
242	1755	8	2.9885373
242	176	9	2.845487
242	937	10	2.8062773
243	1083	1	3.2758026
243	1029	2	3.160059
243	1854	3	2.8237653
243	141	4	2.7348108
243	191	5	2.5151706
243	1129	6	2.379053
243	194	7	2.303001
243	896	8	2.2961907
243	2338	9	2.2936087
243	694	10	2.2662697
245	141	1	3.0494728
245	1129	2	2.7604797
245	1681	3	2.7442493
245	1238	4	2.5138412
245	805	5	2.4090784
245	318	6	2.327705
245	660	7	2.324216
245	694	8	2.2537358
245	1775	9	2.2220445
245	2503	10	2.1664948
246	1854	1	4.9590626
246	1129	2	4.717316
246	141	3	4.605942
246	1406	4	4.412295
246	625	5	4.4031706
246	848	6	4.3563046
246	948	7	3.829205
246	161	8	3.8219838
246	96	9	3.8107321
246	798	10	3.6640506
247	1129	1	3.3132443
247	1755	2	2.9521527
247	937	3	2.724918
247	1029	4	2.637144
247	1134	5	2.4850125
247	176	6	2.327598
247	948	7	2.275684
247	405	8	2.2587845
247	161	9	2.2224612
247	798	10	2.2189648
248	379	1	4.128985
248	14	2	3.8795226
248	1843	3	3.5722842
248	627	4	3.5578246
248	381	5	3.536937
248	1539	6	3.337418
248	2965	7	3.3170981
248	151	8	3.2707725
248	125	9	3.2316864
248	339	10	3.0423763
249	1029	1	3.3296533
249	798	2	3.0704062
249	948	3	3.0497
249	405	4	2.9727762
249	161	5	2.9719658
249	1681	6	2.8817394
249	1755	7	2.8624816
249	937	8	2.6692667
249	176	9	2.5230095
249	296	10	2.4084368
250	1129	1	3.139227
250	141	2	3.1267982
250	798	3	2.356193
250	1633	4	2.2944083
250	948	5	2.2937307
250	161	6	2.1959553
250	1007	7	2.1180384
250	780	8	2.0917473
250	1162	9	2.0775294
250	318	10	2.057982
251	1129	1	3.236151
251	2503	2	2.4838817
251	948	3	2.3551006
251	2036	4	2.3331919
251	798	5	2.3039079
251	248	6	2.2551262
251	1633	7	2.2538023
251	161	8	2.1642673
251	405	9	2.0403304
251	2440	10	2.0115733
252	627	1	3.656849
252	353	2	3.101143
252	4050	3	2.9729416
252	135	4	2.9386106
252	339	5	2.9359868
252	628	6	2.913415
252	1882	7	2.8533792
252	1580	8	2.7962236
252	1069	9	2.617886
252	1256	10	2.6079345
253	96	1	4.818267
253	1083	2	3.8314652
253	1755	3	3.6130717
253	1029	4	3.609731
253	1854	5	3.465282
253	1681	6	3.3381362
253	937	7	3.2723424
253	141	8	3.2473636
253	1129	9	2.9231071
253	805	10	2.8768244
254	625	1	4.7931404
254	688	2	4.057949
254	96	3	3.988426
254	1688	4	3.7275324
254	3275	5	3.6354523
254	948	6	3.306857
254	798	7	3.2595859
254	161	8	3.234417
254	1029	9	3.1362178
254	405	10	3.0718136
256	277	1	4.4188914
256	252	2	4.4004555
256	90	3	4.257351
256	1854	4	4.2131786
256	1511	5	4.1268997
256	848	6	4.0512586
256	1156	7	3.9606845
256	625	8	3.9044018
256	1129	9	3.8490472
256	141	10	3.806429
257	604	1	4.7706833
257	823	2	4.765036
257	3251	3	4.494748
257	77	4	4.2662354
257	3075	5	4.2411466
257	81	6	4.2086105
257	1693	7	4.162585
257	860	8	4.1415997
257	389	9	4.139888
257	2125	10	4.1343746
258	625	1	4.2355843
258	1406	2	4.161135
258	1156	3	4.0355854
258	848	4	3.7957282
258	3275	5	3.460727
258	96	6	3.410654
258	1854	7	3.2409964
258	1688	8	3.2231991
258	1058	9	3.1945074
258	1029	10	3.089031
259	688	1	3.411872
259	1688	2	3.254457
259	3275	3	2.8620696
259	1029	4	2.647241
259	660	5	2.3962655
259	1321	6	2.347609
259	405	7	2.2948189
259	1755	8	2.0496643
259	318	9	2.0405295
259	948	10	2.0151021
261	3275	1	4.284044
261	96	2	4.0206013
261	1688	3	3.9836967
261	1029	4	3.5284781
261	805	5	2.9528015
261	2036	6	2.9092188
261	937	7	2.8245215
261	1755	8	2.740394
261	2503	9	2.7320347
261	1681	10	2.6538286
262	371	1	3.255049
262	379	2	2.6819181
262	627	3	2.611887
262	381	4	2.3438203
262	252	5	2.211734
262	151	6	2.1958787
262	985	7	2.186758
262	135	8	2.1575956
262	530	9	2.1483526
262	58	10	2.1419458
263	580	1	4.886676
263	1016	2	4.783805
263	304	3	4.5528793
263	2449	4	4.2921925
263	1689	5	4.1457653
263	4016	6	4.131317
263	1526	7	4.0154023
263	945	8	3.8657613
263	488	9	3.7651873
263	252	10	3.7058468
264	141	1	3.976194
264	1129	2	3.8308372
264	1029	3	3.7434678
264	1755	4	3.3717368
264	1681	5	3.3583715
264	937	6	3.1774812
264	798	7	2.7734056
264	948	8	2.74227
264	176	9	2.7247682
264	161	10	2.7018795
265	580	1	3.3920279
265	2449	2	2.9356434
265	3501	3	2.9217427
265	3781	4	2.8147316
265	371	5	2.8068259
265	1526	6	2.790343
265	614	7	2.7563822
265	1332	8	2.7408085
265	244	9	2.737695
265	1843	10	2.7065253
266	620	1	3.7996812
266	2628	2	3.641745
266	96	3	3.551556
266	688	4	3.5024965
266	601	5	3.4556122
266	1697	6	3.3832176
266	839	7	3.2862916
266	105	8	3.2736583
266	886	9	3.2637243
266	1114	10	3.2167428
267	1755	1	2.6005638
267	805	2	2.42081
267	2503	3	2.3319447
267	2036	4	2.237503
267	937	5	2.1816998
267	2681	6	2.1588848
267	571	7	2.1470332
267	1893	8	2.0904737
267	1129	9	2.0601475
267	1633	10	2.002926
268	688	1	3.4468167
268	1688	2	3.353277
268	405	3	3.0882566
268	176	4	2.913414
268	3275	5	2.9092078
268	1755	6	2.85873
268	937	7	2.7825813
268	296	8	2.6777637
268	248	9	2.5346522
268	1681	10	2.5303884
269	3275	1	3.9257429
269	1755	2	3.218949
269	1029	3	3.050344
269	937	4	2.9951305
269	1681	5	2.856306
269	176	6	2.6624496
269	318	7	2.5341015
269	248	8	2.5013537
269	1238	9	2.499426
269	1633	10	2.4428844
270	96	1	4.5014324
270	1083	2	4.2673044
270	141	3	3.6148872
270	1129	4	3.5429244
270	1681	5	3.2950087
270	1755	6	3.2818766
270	937	7	3.0813246
270	2503	8	3.0634089
270	805	9	3.0383947
270	2036	10	2.7331896
271	688	1	3.3066504
271	96	2	3.1741347
271	1755	3	2.88417
271	1681	4	2.5760732
271	1029	5	2.5356803
271	161	6	2.2526727
271	2394	7	2.043582
271	798	8	1.9904666
271	9	9	1.9467366
271	1321	10	1.9308231
272	1029	1	3.1756923
272	141	2	3.0342531
272	1755	3	2.930389
272	1129	4	2.793665
272	937	5	2.5741882
272	1681	6	2.5351028
272	805	7	2.4835696
272	176	8	2.446876
272	2503	9	2.38259
272	318	10	2.3757637
273	90	1	4.319739
273	1156	2	3.8845778
273	1406	3	3.826118
273	625	4	3.789732
273	848	5	3.7520742
273	1058	6	3.4391444
273	96	7	3.2991183
273	296	8	3.11563
273	176	9	2.9978588
273	688	10	2.9671433
274	1406	1	5.180743
274	1083	2	4.571346
274	688	3	4.5640297
274	1854	4	4.34817
274	1688	5	4.2659636
274	3275	6	4.1307383
274	141	7	4.0549116
274	1129	8	3.8634143
274	1029	9	3.49446
274	1681	10	3.1662927
275	625	1	4.115079
275	688	2	3.4260273
275	1083	3	3.392436
275	96	4	3.3888726
275	1854	5	3.2528667
275	1688	6	3.2031686
275	3275	7	3.1487978
275	141	8	2.726663
275	1129	9	2.542553
275	1029	10	2.478674
276	96	1	4.6324806
276	141	2	3.730419
276	1029	3	3.7176936
276	1129	4	3.6035585
276	1755	5	3.2853072
276	1681	6	3.2077246
276	937	7	3.1585736
276	805	8	2.8354573
276	2503	9	2.6776567
276	176	10	2.603685
277	4020	1	4.86047
277	823	2	4.1942835
277	1594	3	4.134595
277	3251	4	4.132386
277	604	5	4.08909
277	149	6	4.04241
277	4	7	3.9396582
277	77	8	3.8579183
277	184	9	3.8166213
277	860	10	3.806777
278	625	1	4.6900463
278	1406	2	4.5737724
278	1083	3	4.2235737
278	96	4	4.2046576
278	1854	5	4.0224347
278	688	6	3.9301348
278	1688	7	3.6394434
278	141	8	3.6242
278	1129	9	3.6083174
278	3275	10	3.2396898
279	252	1	4.1849294
279	848	2	3.8134751
279	1139	3	3.6550086
279	1083	4	3.359654
279	1129	5	3.1240244
279	1854	6	2.9936423
279	96	7	2.9782906
279	141	8	2.9064996
279	789	9	2.8572254
279	2216	10	2.6985097
280	184	1	3.3254635
280	82	2	3.2089233
280	109	3	3.1349015
280	682	4	3.0867805
280	351	5	2.9693956
280	843	6	2.963612
280	672	7	2.962885
280	1341	8	2.961039
280	439	9	2.9441261
280	53	10	2.8961487
281	371	1	4.0990458
281	4016	2	3.9321887
281	379	3	3.7635005
281	184	4	3.6051936
281	353	5	3.5134213
281	1843	6	3.3965087
281	627	7	3.2940361
281	381	8	3.2873251
281	1484	9	3.2676425
281	2965	10	3.127094
282	1139	1	3.5480018
282	1083	2	2.9998052
282	1755	3	2.8049796
282	1029	4	2.6174164
282	1854	5	2.60892
282	141	6	2.4800022
282	937	7	2.2005162
282	1129	8	2.164166
282	660	9	2.001585
282	805	10	1.9844851
284	1083	1	3.461598
284	1854	2	3.1383142
284	1029	3	2.8810854
284	141	4	2.7771266
284	1129	5	2.484043
284	1238	6	2.4322383
284	780	7	2.283474
284	929	8	2.2821383
284	52	9	2.2658784
284	1007	10	2.2538438
286	688	1	4.38492
286	96	2	4.363749
286	3275	3	4.078914
286	1688	4	4.057496
286	1029	5	3.4428709
286	1755	6	2.9597569
286	1681	7	2.9446783
286	937	8	2.8720422
286	1134	9	2.755358
286	948	10	2.6442032
287	3251	1	3.423049
287	277	2	3.1555738
287	848	3	2.863122
287	1926	4	2.722927
287	766	5	2.7117429
287	1382	6	2.6892195
287	346	7	2.6750689
287	426	8	2.6539102
287	167	9	2.5970998
287	55	10	2.5486674
288	688	1	4.233815
288	3275	2	4.1097
288	1688	3	4.037813
288	1083	4	3.980185
288	1854	5	3.5803347
288	1681	6	3.4027524
288	141	7	3.3174558
288	1029	8	3.2665381
288	1755	9	3.2528696
288	1129	10	3.2450764
289	1083	1	3.5668101
289	1854	2	3.1263924
289	1755	3	3.1239781
289	937	4	3.062797
289	141	5	3.0151398
289	1681	6	2.985736
289	1129	7	2.7415822
289	805	8	2.7255213
289	1633	9	2.5323992
289	1321	10	2.5091925
290	96	1	4.150778
290	688	2	3.9814472
290	1688	3	3.7780905
290	3275	4	3.6522593
290	1129	5	3.1769156
290	1029	6	3.0718641
290	1755	7	3.0344748
290	1681	8	2.8505716
290	937	9	2.776031
290	176	10	2.4357905
291	1083	1	3.2780166
291	1854	2	3.130785
291	1029	3	2.9938073
291	1681	4	2.9420273
291	141	5	2.8636656
291	1129	6	2.6376038
291	1633	7	2.481886
291	1321	8	2.4447012
291	318	9	2.333558
291	805	10	2.3316941
292	389	1	5.631982
292	2217	2	5.5499387
292	860	3	5.295183
292	2125	4	5.1624823
292	3251	5	5.138624
292	277	6	4.971254
292	90	7	4.808219
292	1926	8	4.79
292	322	9	4.78586
292	914	10	4.7325745
293	2217	1	4.9289045
293	277	2	4.434343
293	90	3	4.182452
293	1511	4	4.100768
293	2125	5	4.0539055
293	530	6	3.9907973
293	1156	7	3.9651923
293	3251	8	3.9645824
293	625	9	3.6457415
293	1926	10	3.6150851
294	147	1	3.5573184
294	1139	2	3.357504
294	937	3	3.1295273
294	1755	4	3.034039
294	1681	5	2.9584713
294	2503	6	2.9554267
294	660	7	2.9417422
294	1083	8	2.8797088
294	2036	9	2.7769046
294	1321	10	2.5379248
295	252	1	3.4344728
295	277	2	3.183268
295	1406	3	3.167734
295	1058	4	3.0086946
295	633	5	2.9564545
295	1052	6	2.9221091
295	1216	7	2.8222418
295	1443	8	2.8155086
295	1644	9	2.7578082
295	848	10	2.7517695
296	515	1	4.385851
296	920	2	3.788695
296	982	3	3.7805448
296	628	4	3.3401303
296	587	5	3.075653
296	3095	6	3.063026
296	2314	7	3.0138643
296	1026	8	3.0016565
296	1980	9	2.9174287
296	1199	10	2.8887339
297	1843	1	3.8326395
297	353	2	3.3430963
297	1484	3	3.1731765
297	123	4	3.025976
297	1882	5	2.9186673
297	278	6	2.8512957
297	7	7	2.8338766
297	4050	8	2.82339
297	1199	9	2.821951
297	587	10	2.8152409
299	1083	1	3.7272449
299	1854	2	3.568588
299	1029	3	3.5406492
299	141	4	3.1455288
299	1755	5	2.9264026
299	937	6	2.9128518
299	1129	7	2.8635604
299	1681	8	2.6493754
299	805	9	2.5229616
299	2036	10	2.5113487
300	379	1	3.5812814
300	4016	2	3.4803848
300	1313	3	3.0169911
300	353	4	3.0161068
300	184	5	2.9994154
300	1539	6	2.9581122
300	627	7	2.9479303
300	1023	8	2.9165134
300	381	9	2.8862057
300	1199	10	2.8058116
301	1083	1	3.8370185
301	1854	2	3.2464767
301	141	3	2.9802253
301	1129	4	2.6514604
301	1681	5	2.6152115
301	1893	6	2.4682212
301	1162	7	2.2745428
301	660	8	2.2436023
301	318	9	2.2251616
301	1238	10	2.222362
302	580	1	5.144041
302	1016	2	4.885782
302	304	3	4.806821
302	2449	4	4.5476108
302	1689	5	4.2829475
302	1526	6	4.1061935
302	371	7	4.0948963
302	945	8	4.049738
302	4016	9	3.9681058
302	1332	10	3.9234967
303	90	1	4.228691
303	1511	2	3.6713176
303	252	3	3.669973
303	147	4	3.5972648
303	625	5	3.4440126
303	848	6	3.4033484
303	1156	7	3.310756
303	1083	8	3.1286774
303	1058	9	3.125441
303	1139	10	3.0708797
304	252	1	4.0399146
304	96	2	3.2654176
304	1083	3	3.157043
304	141	4	2.9408364
304	1029	5	2.5782251
304	937	6	2.5415344
304	805	7	2.3641913
304	1755	8	2.285995
304	176	9	2.2733045
304	305	10	2.1654575
305	96	1	4.1192536
305	688	2	3.9901772
305	1688	3	3.702243
305	3275	4	3.584485
305	1755	5	3.1493068
305	1029	6	3.044064
305	798	7	2.9669518
305	1681	8	2.798294
305	161	9	2.6707306
305	405	10	2.609418
306	252	1	4.074161
306	3251	2	3.5898733
306	3313	3	3.5691075
306	96	4	3.3592458
306	937	5	3.0915966
306	203	6	3.07307
306	660	7	2.9567637
306	55	8	2.952073
306	1926	9	2.9468975
306	535	10	2.8416378
307	1016	1	4.60542
307	304	2	4.526905
307	1689	3	4.331091
307	2449	4	4.206541
307	1526	5	4.0940084
307	945	6	3.934782
307	371	7	3.9155104
307	982	8	3.9044092
307	920	9	3.8371744
307	379	10	3.5719543
308	625	1	3.71828
308	1058	2	3.5851607
308	1406	3	3.4372072
308	688	4	2.9803598
308	1215	5	2.9011467
308	1139	6	2.7282462
308	3275	7	2.635715
308	1688	8	2.6345093
308	1426	9	2.6302435
308	1029	10	2.5023446
309	413	1	6.017084
309	1366	2	5.498186
309	3049	3	5.3602753
309	3207	4	5.3113146
309	2354	5	5.2875233
309	1658	6	4.9954615
309	3203	7	4.9779906
309	4264	8	4.943783
309	2782	9	4.646407
309	1331	10	4.5600576
310	2125	1	4.5881643
310	860	2	4.5258694
310	389	3	4.4920826
310	1578	4	4.35771
310	920	5	4.2022643
310	81	6	4.179989
310	936	7	4.1030645
310	510	8	4.0890913
310	82	9	4.065914
310	1926	10	4.0589066
311	4016	1	3.47035
311	371	2	3.4413717
311	379	3	3.32874
311	1006	4	3.2320201
311	201	5	3.1259613
311	353	6	3.0686827
311	184	7	3.0617623
311	1023	8	3.032382
311	151	9	3.0027673
311	1843	10	2.9682646
312	49	1	3.3064578
312	82	2	3.282372
312	604	3	3.2047038
312	109	4	3.104794
312	682	5	3.0984702
312	672	6	3.0493417
312	351	7	2.9830308
312	389	8	2.9808404
312	843	9	2.9779837
312	920	10	2.9546342
313	848	1	4.362933
313	96	2	4.0413117
313	688	3	3.799645
313	1688	4	3.5860186
313	1129	5	3.5561807
313	3275	6	3.3292892
313	1029	7	2.9154735
313	161	8	2.8826327
313	405	9	2.7464056
313	296	10	2.7006345
315	625	1	4.6858816
315	848	2	4.6360946
315	96	3	4.06726
315	688	4	3.8348172
315	1688	5	3.599049
315	3275	6	3.330461
315	296	7	3.2634888
315	1029	8	3.1209497
315	620	9	2.838088
315	126	10	2.8015664
316	1688	1	3.8381958
316	3275	2	3.5421753
316	1029	3	3.184843
316	937	4	2.9518998
316	1755	5	2.8885026
316	405	6	2.5932984
316	948	7	2.5805511
316	176	8	2.5573199
316	1681	9	2.545041
316	798	10	2.5311084
317	692	1	5.2028985
317	1697	2	5.181426
317	1114	3	5.115656
317	2576	4	5.114419
317	735	5	5.0674057
317	489	6	4.8841
317	1016	7	4.8755894
317	3017	8	4.8092422
317	304	9	4.7872543
317	580	10	4.7773776
318	203	1	3.8401167
318	252	2	3.6654592
318	3251	3	3.380562
318	1490	4	2.97357
318	96	5	2.9727535
318	174	6	2.8444579
318	995	7	2.8033352
318	1926	8	2.7980928
318	2228	9	2.7572436
318	2760	10	2.708685
319	1688	1	4.021467
319	1029	2	3.3972
319	1681	3	3.0781975
319	1755	4	3.0242243
319	937	5	3.0019863
319	805	6	2.440724
319	2503	7	2.41566
319	2036	8	2.390895
319	318	9	2.2989364
319	1633	10	2.2941427
320	1854	1	4.558264
320	1129	2	4.040247
320	96	3	3.762343
320	1688	4	3.5659027
320	3275	5	3.3901749
320	948	6	3.371328
320	798	7	3.2836545
320	161	8	3.1111436
320	1029	9	3.079733
320	405	10	3.0241334
321	1926	1	3.440763
321	96	2	3.285193
321	1144	3	3.0321841
321	1149	4	2.8240328
321	191	5	2.8060029
321	147	6	2.798868
321	1111	7	2.7855575
321	1216	8	2.6414073
321	1817	9	2.636587
321	1139	10	2.628358
322	677	1	2.2407894
322	55	2	2.0781248
322	937	3	1.9693357
322	2216	4	1.9290676
322	1755	5	1.9073192
322	789	6	1.8968735
322	2681	7	1.8794336
322	187	8	1.8758874
322	1007	9	1.8554474
322	1694	10	1.843406
323	1029	1	3.6150277
323	1755	2	3.345344
323	1681	3	3.3277552
323	937	4	3.1093738
323	176	5	2.707202
323	805	6	2.6810203
323	948	7	2.572481
323	1321	8	2.5632715
323	1633	9	2.5587482
323	2503	10	2.5408525
324	96	1	4.5510364
324	688	2	4.3942995
324	1688	3	4.0183086
324	3275	4	3.826498
324	798	5	3.6510172
324	405	6	3.3552933
324	1029	7	3.302514
324	1681	8	3.2903163
324	1755	9	3.0291948
324	937	10	2.9255896
325	379	1	4.020826
325	1843	2	3.8970459
325	353	3	3.543789
325	1484	4	3.1811562
325	1256	5	3.1561608
325	252	6	3.1439056
325	2965	7	3.0580711
325	934	8	3.0014572
325	587	9	2.9988458
325	125	10	2.9781542
326	151	1	2.8587098
326	1023	2	2.841855
326	201	3	2.7909012
326	4050	4	2.7050896
326	353	5	2.6779485
326	184	6	2.5507817
326	1161	7	2.4711418
326	7	8	2.4413767
326	137	9	2.3885968
326	628	10	2.3869882
328	2449	1	4.8359876
328	1526	2	4.50805
328	371	3	4.3944902
328	14	4	4.2699685
328	379	5	4.03895
328	1843	6	3.7918577
328	1539	7	3.5771043
328	381	8	3.5105386
328	627	9	3.5025816
328	2965	10	3.4583285
330	304	1	4.8588166
330	2449	2	4.4992933
330	4016	3	4.2348614
330	1526	4	4.180399
330	14	5	4.0887656
330	371	6	4.068017
330	488	7	3.9771929
330	252	8	3.9396994
330	379	9	3.7694778
330	1843	10	3.6475673
331	1156	1	4.831282
331	1406	2	4.7760725
331	848	3	4.647073
331	625	4	4.6240015
331	1129	5	4.6068773
331	96	6	4.155546
331	1058	7	4.125013
331	688	8	3.79558
331	798	9	3.7296646
331	161	10	3.5965729
332	2503	1	3.0938027
332	2036	2	2.9762964
332	1083	3	2.829094
332	937	4	2.7917314
332	1893	5	2.644103
332	1831	6	2.5530915
332	141	7	2.5072203
332	1854	8	2.4586244
332	571	9	2.4583702
332	1171	10	2.3379269
333	1406	1	3.1867466
333	252	2	2.8937972
333	1058	3	2.8837361
333	1688	4	2.6849127
333	96	5	2.6215744
333	3275	6	2.5957055
333	145	7	2.5136788
333	2036	8	2.301612
333	943	9	2.2602324
333	2656	10	2.2492535
334	2217	1	5.4567814
334	1139	2	5.107256
334	147	3	5.087125
334	90	4	4.857483
334	277	5	4.833625
334	914	6	4.833453
334	1854	7	4.7074966
334	252	8	4.612747
334	530	9	4.5628138
334	1511	10	4.520176
335	96	1	4.2657804
335	1688	2	3.8894937
335	3275	3	3.8238697
335	141	4	3.5265508
335	1129	5	3.397371
335	1029	6	3.2033973
335	1755	7	3.0345864
335	1681	8	2.959557
335	937	9	2.8924723
335	1134	10	2.5268943
336	252	1	3.942794
336	96	2	3.496709
336	3251	3	2.912025
336	222	4	2.6392155
336	128	5	2.3577623
336	1339	6	2.3465812
336	450	7	2.3328085
336	4129	8	2.3088565
336	1238	9	2.3042936
336	203	10	2.2611406
337	141	1	2.7850108
337	1129	2	2.5688157
337	929	3	2.242023
337	229	4	2.123756
337	1633	5	2.1174812
337	1007	6	2.1020534
337	161	7	2.0336428
337	896	8	2.018486
337	1162	9	2.0121617
337	2000	10	1.9921787
338	96	1	3.699314
338	2036	2	3.231648
338	1139	3	3.1475747
338	571	4	2.8897877
338	1755	5	2.6030574
338	660	6	2.596974
338	1681	7	2.5726776
338	1042	8	2.5664096
338	1694	9	2.5565195
338	937	10	2.535746
339	147	1	3.4799013
339	1139	2	3.1907594
339	1083	3	2.9437995
339	1854	4	2.628806
339	2036	5	2.4325414
339	141	6	2.3314028
339	805	7	2.2298594
339	1129	8	2.2217216
339	248	9	2.1427817
339	318	10	2.1281657
340	1129	1	3.725914
340	1029	2	3.599576
340	1755	3	3.262208
340	1633	4	2.5971487
340	948	5	2.5842803
340	318	6	2.5357494
340	1321	7	2.5298603
340	805	8	2.5254426
340	798	9	2.510684
340	161	10	2.5058932
341	1156	1	4.8082304
341	625	2	4.78881
341	1083	3	4.727599
341	1406	4	4.565633
341	848	5	4.5004044
341	1854	6	4.4511166
341	1129	7	4.173586
341	141	8	4.1085367
341	96	9	4.072541
341	688	10	3.9887176
342	1843	1	4.0592256
342	339	2	3.242677
342	1069	3	3.2002978
342	353	4	3.1650248
342	184	5	3.0512185
342	628	6	2.9986663
342	4050	7	2.9900625
342	135	8	2.9282925
342	1313	9	2.8503346
342	1256	10	2.7200732
343	147	1	3.1854327
343	2036	2	3.181062
343	2503	3	3.1731365
343	1139	4	3.0154967
343	1893	5	2.922499
343	1636	6	2.8631916
343	1831	7	2.834567
343	1755	8	2.8200836
343	660	9	2.648244
343	677	10	2.6437016
344	625	1	3.7953274
344	1156	2	3.7466488
344	1406	3	3.4399052
344	1029	4	3.4064589
344	848	5	3.3902428
344	252	6	3.3763561
344	1926	7	3.2120419
344	1058	8	3.0049
344	147	9	2.9858594
344	96	10	2.9504602
345	2449	1	4.207852
345	4016	2	4.184413
345	1526	3	4.1093183
345	252	4	3.880068
345	371	5	3.73705
345	14	6	3.730088
345	1332	7	3.7046232
345	3795	8	3.5101643
345	379	9	3.477235
345	1112	10	3.3978226
346	353	1	3.251872
346	1313	2	3.2232332
346	184	3	3.168639
346	135	4	3.1657338
346	1882	5	3.1391175
346	1023	6	3.119174
346	4050	7	3.1101298
346	558	8	2.8994498
346	1484	9	2.885807
346	123	10	2.7824388
347	1139	1	3.7834864
347	1029	2	3.4249794
347	1083	3	3.1547368
347	1681	4	3.1160388
347	1755	5	3.0386705
347	1854	6	2.8764353
347	141	7	2.724966
347	805	8	2.5642695
347	660	9	2.5576358
347	1633	10	2.5499222
348	982	1	4.413533
348	920	2	4.347667
348	4016	3	3.9531019
348	14	4	3.883047
348	201	5	3.7395005
348	1313	6	3.3354092
348	184	7	3.3102715
348	627	8	3.2792315
348	1023	9	3.2715702
348	353	10	3.248403
349	823	1	4.278237
349	604	2	4.100402
349	3251	3	4.0874624
349	149	4	4.0423613
349	369	5	3.894104
349	77	6	3.806363
349	278	7	3.7566729
349	3075	8	3.7041152
349	2125	9	3.6681857
349	728	10	3.6571264
350	1029	1	3.4453647
350	1854	2	3.0490413
350	141	3	3.0029898
350	1129	4	2.646882
350	805	5	2.5726752
350	1633	6	2.528545
350	248	7	2.483943
350	1134	8	2.420188
350	2503	9	2.284052
350	191	10	2.2769682
351	848	1	4.5896826
351	96	2	4.2214026
351	688	3	4.125621
351	1688	4	3.8428802
351	3275	5	3.4917607
351	161	6	3.0322907
351	405	7	3.0247731
351	1681	8	2.9862192
351	1755	9	2.9555979
351	1029	10	2.9453907
352	1129	1	4.807191
352	848	2	4.7030163
352	688	3	4.0446997
352	948	4	3.9331176
352	798	5	3.9212992
352	161	6	3.9079275
352	1688	7	3.8106916
352	405	8	3.6266265
352	3275	9	3.5483785
352	296	10	3.2905447
353	389	1	4.930808
353	2217	2	4.731776
353	3251	3	4.6488056
353	2125	4	4.614762
353	1263	5	4.511879
353	936	6	4.4733334
353	860	7	4.4613333
353	1983	8	4.320571
353	172	9	4.2947884
353	1926	10	4.2640457
354	353	1	4.056625
354	371	2	3.995229
354	4016	3	3.9506092
354	1484	4	3.908527
354	7	5	3.7816882
354	278	6	3.7805269
354	379	7	3.7111764
354	1843	8	3.6721785
354	252	9	3.6080942
354	488	10	3.56462
355	625	1	3.537002
355	688	2	2.7360537
355	937	3	2.5959458
355	1688	4	2.5357373
355	318	5	2.1843662
355	3275	6	2.1231928
355	296	7	2.1034617
355	337	8	2.0483887
355	248	9	2.0310953
355	2000	10	1.9097358
357	1029	1	3.2898912
357	141	2	3.138064
357	1755	3	2.9349194
357	1129	4	2.9290886
357	937	5	2.5247262
357	805	6	2.4744754
357	176	7	2.4688234
357	2036	8	2.4247868
357	2503	9	2.3585138
357	1633	10	2.3220534
358	147	1	3.4373124
358	1139	2	3.0758142
358	1681	3	2.9070766
358	1083	4	2.830555
358	2503	5	2.6832924
358	1633	6	2.5600958
358	2036	7	2.5561862
358	1893	8	2.5152347
358	1321	9	2.4780078
358	571	10	2.3501787
359	2217	1	6.2566247
359	2125	2	6.1286488
359	1926	3	5.83097
359	914	4	5.72767
359	90	5	5.591651
359	1263	6	5.584566
359	530	7	5.530614
359	277	8	5.3874807
359	1511	9	5.2503786
359	252	10	5.1420317
360	90	1	4.6463113
360	252	2	4.45018
360	1156	3	4.2597294
360	1406	4	4.1553707
360	848	5	4.1174726
360	625	6	4.089928
360	1083	7	3.988052
360	1854	8	3.8956933
360	96	9	3.7616336
360	1058	10	3.6968408
361	353	1	4.9509716
361	2449	2	4.3554955
361	504	3	4.306735
361	252	4	4.263051
361	1578	5	4.155126
361	4016	6	4.1526628
361	3781	7	4.107273
361	614	8	4.0807056
361	1526	9	4.047766
361	244	10	4.020978
362	625	1	4.7265973
362	1406	2	4.573573
362	96	3	4.1797857
362	798	4	3.9449997
362	948	5	3.9162827
362	688	6	3.901206
362	1688	7	3.6495156
362	3275	8	3.4209623
362	296	9	3.1947823
362	1029	10	2.910784
363	1083	1	4.4726434
363	1854	2	4.186769
363	141	3	3.872462
363	1129	4	3.8475974
363	1029	5	3.400423
363	1755	6	3.1250901
363	937	7	3.0762498
363	948	8	2.7237477
363	161	9	2.7133837
363	405	10	2.7085147
364	2656	1	3.0809135
364	660	2	2.8846583
364	423	3	2.8524303
364	203	4	2.828469
364	147	5	2.670188
364	633	6	2.6512961
364	455	7	2.6493719
364	1149	8	2.640347
364	1090	9	2.5480123
364	1503	10	2.517803
365	2217	1	5.561307
365	1359	2	5.474411
365	3307	3	5.4060707
365	252	4	5.302416
365	1263	5	5.1868973
365	90	6	5.103282
365	530	7	5.057652
365	914	8	5.044492
365	277	9	5.04154
365	1511	10	5.0191073
366	1484	1	3.7231188
366	278	2	3.595385
366	123	3	3.5401683
366	1843	4	3.4497075
366	7	5	3.3642697
366	627	6	3.3103015
366	381	7	3.1796901
366	252	8	3.075349
366	901	9	2.9663496
366	125	10	2.953413
367	1083	1	2.8774385
367	1029	2	2.6751642
367	1854	3	2.5204992
367	141	4	2.466827
367	2036	5	2.1834693
367	1007	6	2.0973039
367	191	7	2.0897923
367	176	8	2.06923
367	2503	9	2.0556052
367	1251	10	2.0058665
369	1129	1	3.1968524
369	1755	2	3.075951
369	937	3	2.8894825
369	1681	4	2.8753128
369	805	5	2.6515276
369	2503	6	2.6503875
369	1321	7	2.4337046
369	2036	8	2.4302156
369	176	9	2.423284
369	1134	10	2.374401
370	96	1	4.319425
370	688	2	4.308563
370	1688	3	4.060144
370	3275	4	3.9106748
370	948	5	3.4749222
370	1029	6	3.3775702
370	798	7	3.3491888
370	1681	8	2.9426744
370	1755	9	2.8178914
370	296	10	2.7257915
371	1926	1	2.919088
371	1694	2	2.661113
371	147	3	2.643657
371	794	4	2.4592714
371	2681	5	2.457353
371	229	6	2.4434023
371	2036	7	2.3983247
371	1171	8	2.31675
371	896	9	2.2986689
371	2101	10	2.2761073
372	3275	1	4.1969285
372	1083	2	4.145313
372	1854	3	4.0225677
372	96	4	4.001343
372	1688	5	3.9306402
372	141	6	3.6579247
372	1129	7	3.5774112
372	1681	8	2.9524066
372	2503	9	2.7873015
372	948	10	2.7179496
373	96	1	4.3382235
373	3275	2	4.1267114
373	1083	3	4.037627
373	1854	4	3.7368717
373	1029	5	3.5452504
373	141	6	3.533639
373	1129	7	3.352821
373	937	8	2.9784338
373	1681	9	2.9132454
373	1755	10	2.804122
374	848	1	4.58239
374	1406	2	4.255497
374	96	3	4.053486
374	1083	4	3.9531198
374	688	5	3.8736248
374	1688	6	3.720967
374	1854	7	3.5476747
374	3275	8	3.527375
374	141	9	3.2894578
374	1029	10	3.2578807
375	147	1	4.158992
375	1139	2	3.9901907
375	1029	3	3.6050668
375	1083	4	3.4163837
375	1755	5	3.0924234
375	1854	6	3.0915987
375	937	7	3.045829
375	141	8	2.9521728
375	1681	9	2.9457846
375	805	10	2.9117627
376	1526	1	4.42221
376	371	2	4.188319
376	1332	3	4.0365086
376	353	4	3.975457
376	184	5	3.9204278
376	379	6	3.8332415
376	1484	7	3.7496958
376	14	8	3.6562054
376	1843	9	3.6510172
376	123	10	3.5575953
377	1843	1	3.6089406
377	1539	2	3.5812516
377	4050	3	3.3233676
377	920	4	3.259216
377	125	5	3.1314201
377	339	6	3.127035
377	587	7	2.9713361
377	1069	8	2.8842795
377	1882	9	2.7631216
377	901	10	2.5856888
378	1688	1	3.7264013
378	3275	2	3.7028308
378	1854	3	3.3449965
378	1129	4	3.3404675
378	1029	5	2.7867231
378	937	6	2.609846
378	948	7	2.3718255
378	1755	8	2.37181
378	1007	9	2.3452218
378	318	10	2.2981267
379	604	1	3.959758
379	3251	2	3.929104
379	823	3	3.908163
379	149	4	3.8659167
379	1594	5	3.8527107
379	4	6	3.7315454
379	77	7	3.6990557
379	860	8	3.6885438
379	2125	9	3.6372833
379	184	10	3.6330628
380	625	1	4.7339816
380	1406	2	4.697893
380	848	3	4.5619164
380	96	4	4.054479
380	688	5	3.937697
380	948	6	3.7591717
380	798	7	3.713573
380	1688	8	3.7101784
380	3275	9	3.4107409
380	1029	10	3.1265657
381	1693	1	4.1419067
381	982	2	3.6765556
381	4016	3	3.3802974
381	14	4	3.284821
381	920	5	3.0237985
381	1843	6	2.9882581
381	1580	7	2.9520152
381	1256	8	2.9333425
381	201	9	2.769092
381	558	10	2.728801
382	1139	1	4.0991187
382	1083	2	3.4112253
382	1029	3	3.133823
382	1854	4	3.047307
382	141	5	3.000106
382	1321	6	2.6049402
382	1129	7	2.5954337
382	318	8	2.5019512
382	1633	9	2.4302573
382	1238	10	2.3802547
383	1755	1	3.2954173
383	141	2	3.1501057
383	1129	3	2.7316773
383	1007	4	2.455106
383	1633	5	2.3825223
383	176	6	2.224757
383	2394	7	2.1619625
383	191	8	2.1532202
383	805	9	2.132899
383	2503	10	2.1006665
384	149	1	4.9393115
384	823	2	4.7243724
384	1693	3	4.6885476
384	4	4	4.5514297
384	692	5	4.323534
384	1701	6	4.321551
384	515	7	4.115473
384	982	8	4.1069207
384	920	9	4.086879
384	1697	10	4.0022163
385	625	1	5.280759
385	688	2	4.4243135
385	96	3	4.3632336
385	1688	4	4.100648
385	3275	5	4.06672
385	1029	6	3.4799008
385	948	7	3.3663356
385	798	8	3.2950463
385	161	9	3.2457302
385	405	10	3.114531
386	90	1	5.51355
386	1156	2	5.004836
386	625	3	4.9700756
386	1406	4	4.7622957
386	1058	5	4.592829
386	96	6	4.230254
386	688	7	4.117552
386	1688	8	3.8726006
386	3275	9	3.6808562
386	1029	10	3.234888
387	4020	1	4.516115
387	3020	2	4.5074596
387	439	3	4.4089255
387	47	4	4.192255
387	551	5	4.160416
387	238	6	4.0952454
387	823	7	4.074689
387	104	8	4.0685577
387	244	9	4.0174665
387	488	10	4.0091944
388	2217	1	4.469536
388	252	2	4.273963
388	90	3	4.179069
388	277	4	4.1712027
388	914	5	3.9700732
388	1511	6	3.9509835
388	1156	7	3.7540393
388	405	8	3.5468025
388	1406	9	3.5405169
388	625	10	3.460126
389	3275	1	4.157736
389	1688	2	4.1087494
389	1083	3	3.916786
389	1854	4	3.6602864
389	937	5	3.4797418
389	141	6	3.3645134
389	1755	7	3.344912
389	1029	8	3.201639
389	1129	9	3.1860085
389	1681	10	3.004002
390	96	1	3.658064
390	1058	2	3.4752502
390	1755	3	3.2791102
390	688	4	3.27679
390	3275	5	3.2250464
390	1688	6	3.1422787
390	1029	7	2.7492127
390	937	8	2.640719
390	1321	9	2.4415307
390	660	10	2.3518076
391	2125	1	3.7582252
391	625	2	3.5210276
391	795	3	3.1360312
391	1156	4	3.100472
391	530	5	3.0496826
391	3168	6	2.9746256
391	3404	7	2.9626484
391	277	8	2.961598
391	147	9	2.9510245
391	1688	10	2.8773434
393	515	1	5.145366
393	982	2	4.9719477
393	920	3	4.8015366
393	692	4	4.675268
393	1016	5	4.480936
393	580	6	4.434598
393	304	7	4.2991266
393	201	8	4.2156796
393	2449	9	3.938882
393	1689	10	3.9112637
394	580	1	4.7949266
394	1016	2	4.6074657
394	304	3	4.5667067
394	2449	4	4.3591986
394	1313	5	4.309142
394	1023	6	4.192181
394	4016	7	4.1752586
394	1484	8	4.1524796
394	1689	9	4.10425
394	353	10	4.066831
395	2449	1	4.1493225
395	4016	2	4.141652
395	278	3	4.1180344
395	1526	4	4.0023136
395	252	5	3.9860537
395	488	6	3.706216
395	371	7	3.6753736
395	14	8	3.6380167
395	3501	9	3.6372437
395	1332	10	3.5284889
396	90	1	3.4769516
396	1511	2	3.3706858
396	277	3	3.0213614
396	530	4	2.8300736
396	252	5	2.6259513
396	625	6	2.5570993
396	848	7	2.4340103
396	1408	8	2.3815415
396	176	9	2.364452
396	1058	10	2.3324418
397	1688	1	3.632586
397	3275	2	3.4560165
397	1029	3	2.957284
397	1755	4	2.8851585
397	937	5	2.4860384
397	1321	6	2.2587576
397	1007	7	2.2042732
397	248	8	2.1995363
397	2503	9	2.153199
397	318	10	2.1350358
398	184	1	3.563363
398	1023	2	3.3472848
398	1313	3	3.2338116
398	1484	4	3.2026672
398	1882	5	3.008008
398	4050	6	2.9458346
398	7	7	2.9352427
398	1199	8	2.923884
398	123	9	2.8386197
398	278	10	2.8043373
399	147	1	3.7508507
399	96	2	3.6018033
399	1139	3	3.5765595
399	1083	4	3.1485271
399	1854	5	3.0971603
399	1688	6	2.9370108
399	1029	7	2.7969918
399	937	8	2.7638998
399	1755	9	2.6226497
399	141	10	2.6216483
400	625	1	5.018529
400	3251	2	4.9785624
400	1156	3	4.8739033
400	252	4	4.498632
400	848	5	4.4403343
400	1926	6	4.3895316
400	1406	7	4.365217
400	1058	8	4.2938704
400	96	9	4.071659
400	1688	10	3.9637208
401	848	1	4.5502114
401	96	2	4.093615
401	3275	3	3.9914403
401	1083	4	3.892467
401	1854	5	3.687469
401	1029	6	3.4907107
401	141	7	3.337654
401	1129	8	3.2336078
401	937	9	2.9583635
401	1755	10	2.9031212
402	1083	1	3.451833
402	1854	2	3.0089288
402	1681	3	2.946812
402	141	4	2.7296581
402	191	5	2.6411858
402	805	6	2.578552
402	929	7	2.5282595
402	318	8	2.4489293
402	194	9	2.3850856
402	1007	10	2.3492527
403	1926	1	4.1945324
403	147	2	3.6411083
403	1139	3	3.3554769
403	1029	4	3.2373347
403	1083	5	3.0680265
403	805	6	3.0344486
403	2503	7	2.7044442
403	1854	8	2.696548
403	191	9	2.6745205
403	100	10	2.6500986
404	948	1	3.6318307
404	798	2	3.527631
404	1755	3	3.3686852
404	405	4	3.345179
404	1681	5	3.3113391
404	937	6	3.2505746
404	176	7	3.0632274
404	1029	8	3.0569506
404	248	9	2.770228
404	296	10	2.7277417
406	2449	1	4.711403
406	1526	2	4.2406607
406	371	3	4.160969
406	184	4	4.050471
406	1332	5	4.0381603
406	1023	6	3.9867604
406	4016	7	3.9564874
406	353	8	3.9113855
406	379	9	3.8658786
406	14	10	3.719929
407	1083	1	4.236257
407	96	2	4.102461
407	141	3	3.682117
407	1129	4	3.646482
407	1029	5	3.5576394
407	1755	6	2.9449148
407	1681	7	2.8714256
407	937	8	2.7844644
407	805	9	2.7609076
407	948	10	2.7199886
408	1083	1	2.9770558
408	2036	2	2.9306726
408	2503	3	2.8677106
408	141	4	2.5755012
408	1854	5	2.5482283
408	943	6	2.4617438
408	1893	7	2.4458475
408	1129	8	2.3455806
408	677	9	2.3407233
408	571	10	2.3321638
409	96	1	4.152809
409	3275	2	3.8907318
409	1129	3	3.583054
409	141	4	3.4622073
409	1029	5	3.0255988
409	1755	6	2.7948604
409	1681	7	2.7371778
409	937	8	2.5947871
409	948	9	2.4494386
409	798	10	2.420257
410	90	1	4.3793306
410	1156	2	4.0874243
410	848	3	4.06415
410	625	4	3.8878229
410	96	5	3.6386
410	688	6	3.1312163
410	620	7	2.9338596
410	1688	8	2.7626243
410	2550	9	2.6283474
410	1681	10	2.5651693
411	371	1	3.7872238
411	353	2	2.8183122
411	339	3	2.8162365
411	184	4	2.8001966
411	1882	5	2.7855983
411	4050	6	2.5895166
411	1023	7	2.5214438
411	862	8	2.4119568
411	1966	9	2.409477
411	123	10	2.3592563
412	580	1	4.8723807
412	1016	2	4.8218527
412	304	3	4.559128
412	2449	4	4.2356462
412	1689	5	4.200761
412	1526	6	4.123418
412	504	7	3.9362674
412	4016	8	3.8791485
412	945	9	3.8165395
412	14	10	3.7958572
413	90	1	4.585316
413	1156	2	4.414386
413	848	3	4.3611145
413	1406	4	4.1812763
413	625	5	4.17946
413	1058	6	3.702087
413	688	7	3.4117155
413	1688	8	3.2463658
413	3275	9	3.0283723
413	1681	10	2.943333
414	96	1	2.9899879
414	147	2	2.7719316
414	1139	3	2.6537588
414	2216	4	2.598134
414	1148	5	2.513238
414	2036	6	2.5114002
414	1171	7	2.4680219
414	943	8	2.4380279
414	1694	9	2.4223077
414	3313	10	2.3273215
415	1029	1	3.5108933
415	1083	2	3.4781475
415	1854	3	3.1392167
415	141	4	3.0142987
415	1755	5	2.8006968
415	937	6	2.7837331
415	1681	7	2.6441784
415	1129	8	2.5576177
415	805	9	2.5524423
415	2503	10	2.5115647
416	147	1	3.4494812
416	1139	2	3.286265
416	1083	3	2.9588957
416	1755	4	2.8793178
416	2036	5	2.8118095
416	943	6	2.6910596
416	937	7	2.5636692
416	1681	8	2.521343
416	1854	9	2.4018536
416	571	10	2.3968449
417	1016	1	3.0141566
417	184	2	2.763173
417	304	3	2.683366
417	1526	4	2.5647705
417	3781	5	2.4903483
417	945	6	2.4202251
417	613	7	2.413534
417	2449	8	2.4070425
417	371	9	2.391706
417	985	10	2.3365617
419	625	1	3.7024913
419	1156	2	3.4662051
419	96	3	3.396803
419	1406	4	3.1532152
419	1688	5	2.953241
419	1083	6	2.919036
419	1139	7	2.8407137
419	688	8	2.7758145
419	1854	9	2.582836
419	3275	10	2.4071267
420	1926	1	4.791184
420	252	2	4.756073
420	90	3	4.550098
420	147	4	4.350114
420	1156	5	4.1793704
420	848	6	4.1464405
420	1139	7	4.116123
420	1406	8	4.111099
420	625	9	4.048841
420	1083	10	3.793631
421	90	1	5.7402325
421	625	2	5.420326
421	1156	3	5.353227
421	252	4	5.1268487
421	1406	5	4.892111
421	848	6	4.854645
421	1058	7	4.687271
421	688	8	4.642305
421	1688	9	4.283127
421	3275	10	4.278069
422	1083	1	4.6443253
422	141	2	4.092251
422	1129	3	4.056325
422	96	4	3.916338
422	1688	5	3.5525212
422	3275	6	3.4653482
422	798	7	3.317744
422	948	8	3.281152
422	161	9	3.0736682
422	405	10	3.0455356
424	1129	1	2.7020583
424	571	2	2.325334
424	943	3	2.3252563
424	2656	4	2.2023635
424	191	5	2.1362
424	1042	6	2.1104207
424	1007	7	2.100905
424	2216	8	2.085048
424	2681	9	2.0812745
424	1171	10	2.0656977
427	389	1	4.3843765
427	2217	2	4.2561884
427	1263	3	4.143134
427	3781	4	4.1361923
427	3307	5	3.9680479
427	3251	6	3.9430737
427	860	7	3.8455472
427	2125	8	3.8247876
427	277	9	3.792498
427	322	10	3.6928372
428	371	1	4.096961
428	379	2	3.6896064
428	353	3	3.5918787
428	123	4	3.346253
428	1843	5	3.3117392
428	278	6	3.1752832
428	381	7	3.1730978
428	627	8	3.1021123
428	1539	9	2.9954257
428	125	10	2.9345982
429	625	1	4.8770633
429	1406	2	4.7198853
429	1083	3	4.647457
429	1854	4	4.4667068
429	848	5	4.421442
429	141	6	4.1842346
429	1129	7	4.15444
429	688	8	4.1308203
429	3275	9	3.8610928
429	96	10	3.8460627
430	379	1	4.667315
430	4016	2	4.2338905
430	1843	3	4.153756
430	381	4	4.010822
430	125	5	3.6139672
430	339	6	3.5901098
430	4050	7	3.4876523
430	1882	8	3.4855433
430	135	9	3.4415598
430	184	10	3.287158
431	277	1	4.5211678
431	1058	2	4.1692276
431	4029	3	3.9173129
431	1594	4	3.7603097
431	4017	5	3.7278414
431	389	6	3.704885
431	4020	7	3.7048345
431	1983	8	3.6995573
431	4021	9	3.6685195
431	1406	10	3.5660536
432	3251	1	5.827643
432	389	2	5.7159996
432	860	3	5.6409397
432	2125	4	5.5879354
432	936	5	5.238331
432	1926	6	5.035787
432	2217	7	5.0183754
432	993	8	4.9395714
432	3781	9	4.9105463
432	874	10	4.9065847
433	920	1	5.669322
433	580	2	5.2553368
433	1016	3	5.101469
433	201	4	5.0541544
433	304	5	4.90726
433	2449	6	4.6706953
433	1313	7	4.5636244
433	353	8	4.47916
433	1023	9	4.4655275
433	184	10	4.445774
434	823	1	5.12771
434	2125	2	4.5165057
434	1578	3	4.492343
434	728	4	4.4654336
434	860	5	4.4415526
434	7	6	4.4243584
434	389	7	4.4096775
434	123	8	4.2476115
434	564	9	4.2251797
434	81	10	4.2222424
435	1083	1	4.481641
435	1854	2	4.109945
435	1406	3	4.002243
435	96	4	3.7924395
435	141	5	3.757749
435	1129	6	3.692789
435	948	7	3.3088274
435	1688	8	3.3000684
435	161	9	3.284987
435	688	10	3.2448728
436	688	1	4.1411757
436	96	2	3.9432664
436	1688	3	3.8603675
436	141	4	3.4759593
436	1129	5	3.2480974
436	1029	6	3.2110662
436	1681	7	2.7161531
436	1755	8	2.6825504
436	937	9	2.5927176
436	948	10	2.471743
437	1326	1	3.0203588
437	353	2	2.9852662
437	1338	3	2.9177666
437	1313	4	2.8975737
437	1023	5	2.8670447
437	184	6	2.836677
437	587	7	2.8170633
437	142	8	2.802133
437	1199	9	2.7066417
437	902	10	2.6743965
438	937	1	3.1591268
438	1755	2	3.0961857
438	1029	3	2.8084164
438	1129	4	2.7089942
438	1681	5	2.680117
438	318	6	2.5272675
438	248	7	2.4527783
438	1007	8	2.3719172
438	1633	9	2.3527722
438	660	10	2.2875872
439	1854	1	2.9222004
439	1755	2	2.8334928
439	1681	3	2.7389176
439	141	4	2.7311423
439	937	5	2.6009884
439	318	6	2.4762583
439	1129	7	2.4226112
439	1633	8	2.2871313
439	1238	9	2.2737172
439	176	10	2.1906068
440	2217	1	6.259427
440	90	2	5.690757
440	1511	3	5.639787
440	277	4	5.571515
440	1156	5	5.2447834
440	625	6	5.2351255
440	1139	7	5.1439657
440	252	8	5.143249
440	848	9	5.016351
440	1406	10	4.935096
441	3275	1	3.517415
441	1755	2	2.7509222
441	1029	3	2.724496
441	937	4	2.7035854
441	1681	5	2.492159
441	173	6	2.47077
441	948	7	2.4456873
441	161	8	2.4005146
441	798	9	2.356798
441	405	10	2.3312943
442	201	1	5.0660033
442	1313	2	4.586988
442	184	3	4.5710607
442	353	4	4.541305
442	1526	5	4.4543266
442	1023	6	4.4274645
442	4016	7	4.309517
442	1484	8	4.244941
442	123	9	4.233757
442	371	10	4.181025
443	920	1	3.5575986
443	4016	2	3.4541173
443	201	3	2.9075541
443	628	4	2.7758143
443	1580	5	2.7566657
443	142	6	2.6616359
443	353	7	2.6108742
443	339	8	2.5513089
443	1026	9	2.4754918
443	1313	10	2.4744205
444	1688	1	3.6237211
444	848	2	3.6183467
444	252	3	3.6117306
444	147	4	3.5917454
444	1129	5	3.4409213
444	1406	6	3.4371018
444	1139	7	3.2361102
444	167	8	3.030438
444	96	9	2.9897795
444	738	10	2.8953567
445	1843	1	3.7927175
445	627	2	3.7637386
445	381	3	3.7602124
445	1539	4	3.6086607
445	184	5	3.545105
445	353	6	3.533282
445	1023	7	3.5138078
445	151	8	3.4993224
445	1313	9	3.4823117
445	1484	10	3.2117846
446	1313	1	3.0504956
446	1882	2	3.029946
446	353	3	2.8944345
446	184	4	2.8889313
446	1069	5	2.7249303
446	3094	6	2.6977482
446	1484	7	2.6415606
446	123	8	2.594441
446	2382	9	2.4995317
446	278	10	2.491177
447	1156	1	5.034106
447	252	2	5.01344
447	1406	3	4.9519405
447	848	4	4.9291945
447	625	5	4.88005
447	1139	6	4.5941753
447	1058	7	4.435145
447	1688	8	4.024625
447	1083	9	4.0236573
447	688	10	3.978653
448	1688	1	3.522274
448	141	2	3.4001737
448	1129	3	3.3931503
448	3275	4	3.2390342
448	1681	5	2.9272938
448	1029	6	2.7893388
448	1321	7	2.5636544
448	1755	8	2.5502212
448	937	9	2.4861803
448	161	10	2.4681878
449	625	1	4.5374765
449	848	2	4.1047697
449	688	3	3.828722
449	3275	4	3.592
449	96	5	3.49193
449	1688	6	3.454538
449	161	7	3.3826373
449	405	8	3.2115762
449	1029	9	3.1228433
449	296	10	3.0166748
451	688	1	3.9689243
451	1129	2	3.83685
451	141	3	3.8299072
451	1688	4	3.6578376
451	3275	5	3.4303322
451	1029	6	2.914054
451	405	7	2.74116
451	948	8	2.7319133
451	1755	9	2.7114387
451	161	10	2.6944666
452	1029	1	3.4958935
452	1681	2	3.4531565
452	318	3	3.0389996
452	1083	4	2.9706473
452	805	5	2.9573767
452	660	6	2.8261685
452	1238	7	2.6470299
452	1633	8	2.6050167
452	929	9	2.5928771
452	2036	10	2.5440595
453	848	1	4.2919064
453	1406	2	4.2763767
453	1058	3	4.152956
453	688	4	3.9110956
453	96	5	3.8994257
453	3275	6	3.7592525
453	1688	7	3.5821953
453	1029	8	2.9675786
453	176	9	2.7263021
453	937	10	2.6614776
454	304	1	4.609657
454	982	2	4.3927917
454	920	3	4.2830935
454	1689	4	4.1904836
454	371	5	3.870223
454	201	6	3.5041847
454	379	7	3.3894064
454	1843	8	3.3500185
454	353	9	3.3151002
454	1023	10	3.2963839
455	90	1	6.015986
455	625	2	5.589613
455	1156	3	5.5114794
455	252	4	5.4204135
455	1406	5	5.2215767
455	848	6	5.119633
455	1058	7	4.933466
455	688	8	4.7606134
455	96	9	4.5326176
455	3275	10	4.4125896
456	848	1	4.1673565
456	1926	2	3.870347
456	1688	3	3.5696368
456	147	4	3.3932996
456	937	5	3.3374252
456	1139	6	3.255251
456	3275	7	3.2330418
456	1681	8	3.1201582
456	1755	9	3.072848
456	1083	10	2.7872448
457	1406	1	4.111285
457	1694	2	3.6066833
457	848	3	3.5835867
457	2656	4	3.431656
457	943	5	3.2684598
457	1926	6	3.2489662
457	96	7	3.0106041
457	1090	8	2.9012628
457	423	9	2.8542886
457	3313	10	2.8538284
458	2449	1	4.6169558
458	1526	2	4.3439484
458	353	3	4.244256
458	4016	4	4.21371
458	371	5	4.1193647
458	1332	6	4.038064
458	1484	7	4.028247
458	14	8	3.9504313
458	278	9	3.8797414
458	123	10	3.848287
459	1854	1	4.1160216
459	141	2	3.867459
459	1129	3	3.7134624
459	1029	4	3.5663347
459	1755	5	3.1393557
459	937	6	3.0899374
459	1681	7	3.00978
459	948	8	2.687908
459	798	9	2.6758008
459	805	10	2.6380491
460	3251	1	3.5333207
460	848	2	3.25593
460	1052	3	2.9706535
460	1030	4	2.6838198
460	1926	5	2.6235657
460	96	6	2.5758119
460	1490	7	2.516489
460	426	8	2.511013
460	1886	9	2.448619
460	995	10	2.4090898
461	2217	1	6.3931446
461	1511	2	5.6861477
461	90	3	5.644576
461	1926	4	5.560461
461	1156	5	5.286612
461	625	6	5.156109
461	848	7	5.0876846
461	252	8	5.061715
461	1139	9	5.0261745
461	147	10	5.0129433
462	353	1	4.2762938
462	123	2	4.0073166
462	1484	3	3.9654808
462	278	4	3.871857
462	7	5	3.8014698
462	14	6	3.6756582
462	379	7	3.5853662
462	252	8	3.5667596
462	1843	9	3.5034308
462	488	10	3.465535
463	692	1	5.0347385
463	823	2	4.631866
463	149	3	4.5326166
463	1016	4	4.309377
463	580	5	4.2435036
463	1689	6	4.2065744
463	1693	7	4.195093
463	4	8	4.1808968
463	982	9	4.14797
463	304	10	4.1199903
464	1083	1	3.5158567
464	1854	2	3.2771502
464	1029	3	3.1304536
464	141	4	3.090632
464	1129	5	2.9719553
464	1755	6	2.9326396
464	1681	7	2.87329
464	937	8	2.83774
464	1633	9	2.3999975
464	176	10	2.390508
465	625	1	3.5292032
465	1406	2	3.4220657
465	688	3	3.2126534
465	848	4	3.0895607
465	96	5	2.917257
465	3275	6	2.8627172
465	1029	7	2.4402966
465	937	8	2.2606566
465	176	9	2.1349216
465	1134	10	2.113553
466	1083	1	3.499282
466	141	2	3.1187267
466	1854	3	3.048994
466	937	4	3.0405416
466	1129	5	2.7229066
466	805	6	2.671245
466	2503	7	2.6358135
466	1321	8	2.5735288
466	1633	9	2.4124212
466	1007	10	2.3699393
467	371	1	4.7902746
467	1689	2	4.58638
467	1526	3	4.5222025
467	379	4	4.4730453
467	823	5	4.4072123
467	1332	6	4.358927
467	1693	7	4.1901627
467	515	8	4.0063753
467	1539	9	3.9642427
467	4016	10	3.9052317
468	2449	1	4.0164933
468	4016	2	3.6521566
468	371	3	3.5450583
468	1578	4	3.4866135
468	244	5	3.485627
468	3781	6	3.473027
468	1112	7	3.4723406
468	1332	8	3.4432898
468	945	9	3.431044
468	614	10	3.4134092
469	1263	1	4.383806
469	224	2	4.3489623
469	530	3	4.308933
469	1511	4	4.2968225
469	439	5	4.1353717
469	30	6	4.1245666
469	625	7	4.035901
469	277	8	4.0319295
469	351	9	3.9739537
469	4029	10	3.9455972
470	147	1	3.8651435
470	1139	2	3.633954
470	1083	3	3.152737
470	1854	4	2.7467508
470	2656	5	2.7276864
470	141	6	2.7226381
470	1171	7	2.6147609
470	1129	8	2.591569
470	1831	9	2.5782657
470	571	10	2.5423186
471	7	1	3.217719
471	1843	2	3.1137671
471	353	3	3.0672736
471	278	4	3.046944
471	123	5	3.0254946
471	627	6	2.950051
471	1539	7	2.7460697
471	252	8	2.691463
471	431	9	2.6643605
471	125	10	2.6491609
472	1156	1	4.722302
472	625	2	4.6284537
472	848	3	4.568104
472	1406	4	4.373419
472	96	5	4.127416
472	1058	6	3.9470558
472	1854	7	3.8811665
472	688	8	3.8462434
472	141	9	3.663829
472	1129	10	3.602682
473	1926	1	3.2217064
473	1029	2	3.124861
473	147	3	2.8294668
473	1139	4	2.6874676
473	2036	5	2.42843
473	1831	6	2.3640828
473	191	7	2.2837963
473	1083	8	2.2121804
473	943	9	2.1763368
473	1681	10	2.1718915
474	688	1	4.143218
474	1688	2	3.8642066
474	3275	3	3.7335987
474	1029	4	3.09586
474	1755	5	2.8710825
474	937	6	2.796176
474	1681	7	2.749593
474	2394	8	2.5844073
474	176	9	2.4486656
474	2503	10	2.3303475
475	1511	1	5.657046
475	90	2	5.6393595
475	530	3	5.3732834
475	625	4	5.3664675
475	1156	5	5.166327
475	277	6	5.150255
475	389	7	5.1285415
475	860	8	5.074475
475	2125	9	4.9566936
475	3251	10	4.831152
476	848	1	4.669142
476	96	2	4.2602434
476	688	3	4.189554
476	1688	4	3.8724577
476	3275	5	3.8450751
476	1029	6	3.2575426
476	948	7	2.9900706
476	798	8	2.9491255
476	1755	9	2.9293787
476	161	10	2.832022
477	1854	1	3.5472553
477	141	2	3.401668
477	1755	3	3.1579287
477	937	4	3.1221771
477	1129	5	3.1105418
477	1681	6	2.8269837
477	1321	7	2.688846
477	805	8	2.470014
477	1134	9	2.4361851
477	176	10	2.411232
478	4230	1	4.462876
478	604	2	4.1208496
478	149	3	4.0839634
478	823	4	4.083764
478	2882	5	4.019375
478	1594	6	3.871472
478	3251	7	3.839083
478	369	8	3.6616015
478	1578	9	3.6540422
478	2125	10	3.6167662
479	4050	1	3.6784139
479	201	2	3.660108
479	353	3	3.103062
479	628	4	3.0346637
479	1313	5	3.0077167
479	1256	6	2.9864073
479	184	7	2.9784446
479	1023	8	2.9563432
479	1484	9	2.8110704
479	587	10	2.7711852
480	304	1	4.8364067
480	2449	2	4.5378723
480	1689	3	4.4957457
480	1526	4	4.280871
480	4016	5	4.1772957
480	945	6	4.1310024
480	371	7	4.010751
480	1332	8	3.9149003
480	14	9	3.8398426
480	252	10	3.7828202
481	688	1	4.503477
481	96	2	4.3374224
481	3275	3	4.2747746
481	1688	4	4.1700554
481	1029	5	3.487401
481	1681	6	2.86088
481	1755	7	2.837794
481	805	8	2.6746378
481	2503	9	2.6734161
481	937	10	2.6374009
482	920	1	3.6449022
482	201	2	3.1534693
482	587	3	2.7846293
482	1338	4	2.7263541
482	1199	5	2.6955178
482	934	6	2.6577322
482	1026	7	2.605314
482	353	8	2.5605595
482	2044	9	2.5487509
482	1023	10	2.5259907
483	304	1	5.2144365
483	2449	2	4.879278
483	371	3	4.4911966
483	1526	4	4.404397
483	1332	5	4.353258
483	4016	6	4.150151
483	379	7	4.076535
483	14	8	4.053912
483	1843	9	3.6479833
483	353	10	3.5474763
484	860	1	5.6875477
484	2217	2	5.1872797
484	1926	3	5.106249
484	993	4	5.092248
484	3781	5	5.014267
484	172	6	4.975006
484	1359	7	4.8988323
484	80	8	4.8622274
484	686	9	4.7741394
484	44	10	4.7336473
485	379	1	4.005772
485	1539	2	3.7734165
485	627	3	3.6909907
485	1843	4	3.6582031
485	151	5	3.6543045
485	2965	6	3.6042433
485	381	7	3.5139427
485	135	8	3.184875
485	201	9	3.1263962
485	125	10	3.0574844
487	1755	1	2.9579933
487	937	2	2.8903112
487	1129	3	2.7604566
487	1321	4	2.3995876
487	805	5	2.368979
487	176	6	2.321929
487	1134	7	2.2710257
487	2036	8	2.2621603
487	1238	9	2.2594917
487	1633	10	2.1501427
488	141	1	3.6389666
488	1854	2	3.5975354
488	1029	3	3.4767854
488	1129	4	3.1842065
488	780	5	2.5065665
488	896	6	2.3719563
488	405	7	2.2820702
488	948	8	2.270213
488	805	9	2.2694602
488	660	10	2.2418654
489	1526	1	4.206959
489	371	2	4.029934
489	353	3	3.906022
489	379	4	3.765737
489	1484	5	3.7267194
489	123	6	3.6029007
489	278	7	3.5316005
489	14	8	3.5094914
489	7	9	3.4808183
489	1843	10	3.4694777
490	413	1	5.503174
490	3740	2	5.448675
490	2354	3	5.211797
490	1366	4	5.1908197
490	3049	5	5.1167345
490	2642	6	5.077428
490	3203	7	5.01531
490	3207	8	4.928457
490	1330	9	4.8683543
490	2782	10	4.6738143
491	1129	1	4.056326
491	688	2	3.3925564
491	948	3	3.3294396
491	798	4	3.2869217
491	161	5	3.2813456
491	1688	6	3.1885085
491	3275	7	3.0769846
491	296	8	2.7184591
491	1134	9	2.5612087
491	1681	10	2.5291421
492	1156	1	4.457033
492	1058	2	4.0333385
492	848	3	4.023904
492	1926	4	4.010005
492	1406	5	3.9914212
492	252	6	3.9912767
492	1029	7	3.7868218
492	147	8	3.4813895
492	96	9	3.387179
492	2036	10	3.3602147
493	1406	1	3.5473993
493	2125	2	3.4696116
493	848	3	3.0742857
493	3251	4	3.0718026
493	860	5	3.0431142
493	252	6	3.016869
493	2283	7	2.765081
493	1926	8	2.6720405
493	115	9	2.5453317
493	203	10	2.5169694
494	2449	1	3.9115844
494	1526	2	3.7199054
494	371	3	3.4655566
494	14	4	3.2254968
494	379	5	3.1932158
494	252	6	3.1931882
494	1843	7	3.0170953
494	3795	8	2.9031563
494	431	9	2.8247535
494	381	10	2.8021617
495	1083	1	4.6942663
495	96	2	4.3559856
495	141	3	4.119471
495	1688	4	4.109828
495	1129	5	4.1093106
495	3275	6	4.0921493
495	1029	7	3.496461
495	161	8	3.1776958
495	948	9	3.1680667
495	798	10	3.1474886
496	625	1	4.310034
496	688	2	3.5563557
496	1688	3	3.365809
496	3275	4	3.048285
496	141	5	3.014337
496	1129	6	2.8884752
496	1755	7	2.7873154
496	1681	8	2.6612496
496	937	9	2.5470479
496	1029	10	2.3558478
497	96	1	4.4253135
497	1688	2	4.2610703
497	3275	3	4.240228
497	141	4	4.0662107
497	1129	5	4.0167737
497	1029	6	3.7206864
497	948	7	3.1743393
497	1681	8	3.057538
497	161	9	3.0382872
497	798	10	3.0163765
498	1755	1	3.065908
498	937	2	3.0493224
498	1083	3	2.8846161
498	805	4	2.793743
498	2036	5	2.5201664
498	318	6	2.5020323
498	660	7	2.4394135
498	1633	8	2.428436
498	1893	9	2.3662646
498	2503	10	2.3201842
499	1029	1	3.4708142
499	1083	2	3.2691984
499	1854	3	2.8651974
499	141	4	2.8330166
499	1755	5	2.7618682
499	937	6	2.7318728
499	1681	7	2.6846786
499	805	8	2.6358092
499	2036	9	2.6082208
499	2503	10	2.402936
500	277	1	3.4050593
500	848	2	3.286412
500	1926	3	3.1658719
500	3251	4	3.1531446
500	850	5	2.966547
500	252	6	2.8901744
500	1406	7	2.8601148
500	147	8	2.6175692
500	27	9	2.529139
500	1867	10	2.5219336
501	252	1	4.1653776
501	848	2	3.8622594
501	1926	3	3.828273
501	423	4	3.2677531
501	1144	5	3.1319933
501	96	6	3.1080956
501	1111	7	3.0837169
501	1139	8	3.0161664
501	147	9	2.994587
501	2101	10	2.9114795
502	90	1	4.6549816
502	1406	2	4.281142
502	625	3	4.2712007
502	1156	4	4.214096
502	848	5	4.0208015
502	1058	6	3.7706373
502	688	7	3.5910335
502	96	8	3.5747728
502	1688	9	3.182544
502	3275	10	3.0770075
503	90	1	4.8550105
503	625	2	4.40758
503	1156	3	4.3884506
503	848	4	4.3169765
503	1406	5	4.233489
503	1058	6	3.9088817
503	96	7	3.7758908
503	688	8	3.6255107
503	1688	9	3.3136444
503	3275	10	3.1752
504	1016	1	5.3526464
504	304	2	5.218082
504	2449	3	5.008503
504	515	4	4.95584
504	1689	5	4.5541224
504	945	6	4.544058
504	1526	7	4.543971
504	982	8	4.5215034
504	371	9	4.4637213
504	1332	10	4.409765
505	304	1	4.0463934
505	2449	2	3.9801126
505	1526	3	3.642458
505	14	4	3.5723052
505	4016	5	3.5549035
505	371	6	3.484528
505	1689	7	3.4715514
505	1332	8	3.3988588
505	945	9	3.3736877
505	379	10	3.1378205
506	96	1	4.5986004
506	688	2	4.490571
506	1688	3	4.225615
506	1129	4	4.16248
506	3275	5	4.101766
506	1029	6	3.5543585
506	948	7	3.2229729
506	798	8	3.178689
506	1681	9	3.1767383
506	161	10	3.14988
507	604	1	3.6413202
507	3251	2	3.4845262
507	149	3	3.4681766
507	823	4	3.4528787
507	488	5	3.4164333
507	1594	6	3.287896
507	77	7	3.2851076
507	369	8	3.2186403
507	728	9	3.1754618
507	278	10	3.1581411
509	625	1	5.4732747
509	96	2	4.7674627
509	688	3	4.7107544
509	1688	4	4.2909245
509	3275	5	4.190885
509	141	6	3.848185
509	1129	7	3.6967351
509	1029	8	3.430656
509	1755	9	3.2528214
509	1681	10	3.156419
510	1156	1	3.5347059
510	848	2	3.320136
510	90	3	3.2970638
510	1854	4	3.0748546
510	96	5	3.0443592
510	1406	6	3.0400622
510	141	7	3.0298712
510	252	8	2.978312
510	1129	9	2.879148
510	625	10	2.8623962
511	2217	1	5.644084
511	914	2	5.197295
511	277	3	5.105733
511	90	4	4.9997625
511	1511	5	4.9174337
511	530	6	4.7702446
511	1926	7	4.751181
511	1156	8	4.685912
511	252	9	4.575555
511	1406	10	4.5507774
512	90	1	5.9063277
512	252	2	5.456278
512	625	3	5.362772
512	1156	4	5.346671
512	1406	5	4.9684477
512	848	6	4.9587455
512	1058	7	4.621582
512	688	8	4.58116
512	96	9	4.432193
512	141	10	4.210979
513	1854	1	4.6757793
513	1083	2	4.6582823
513	1129	3	4.412816
513	141	4	4.386181
513	1688	5	3.862599
513	3275	6	3.7870836
513	1029	7	3.327407
513	161	8	3.2770538
513	948	9	3.206962
513	405	10	3.1979165
514	1406	1	4.033551
514	688	2	3.2023313
514	1688	3	3.1232781
514	1083	4	2.995327
514	1854	5	2.8434134
514	3275	6	2.6822298
514	141	7	2.642095
514	1129	8	2.5886216
514	937	9	2.4157252
514	1321	10	2.4093657
515	4016	1	4.36367
515	379	2	4.139521
515	353	3	3.858532
515	1843	4	3.6393676
515	627	5	3.5837078
515	1484	6	3.577499
515	123	7	3.5028825
515	381	8	3.4998703
515	7	9	3.4828346
515	151	10	3.4667945
516	96	1	3.6126282
516	141	2	3.470295
516	1129	3	3.3222451
516	1029	4	3.294953
516	161	5	2.5213275
516	798	6	2.4836352
516	805	7	2.4576373
516	937	8	2.4173806
516	1681	9	2.314158
516	2503	10	2.3050947
517	985	1	4.327809
517	530	2	3.841074
517	604	3	3.6369762
517	1263	4	3.608085
517	4020	5	3.5899808
517	3430	6	3.5664275
517	1156	7	3.516881
517	4029	8	3.5057726
517	4021	9	3.4329948
517	168	10	3.3290906
518	1083	1	3.0024815
518	805	2	2.5689201
518	141	3	2.5182312
518	1854	4	2.437604
518	115	5	2.3590589
518	929	6	2.2924662
518	52	7	2.2661648
518	191	8	2.203722
518	1791	9	2.2021337
518	896	10	2.1543164
519	1083	1	4.651937
519	96	2	4.4536123
519	141	3	4.0733128
519	1129	4	3.9925385
519	1029	5	3.402013
519	948	6	3.0804014
519	1681	7	3.067944
519	161	8	3.0182645
519	1755	9	2.9929862
519	798	10	2.9904838
520	1854	1	3.2143896
520	141	2	3.1173625
520	1029	3	2.8107033
520	1129	4	2.564495
520	780	5	2.3604512
520	52	6	2.2965684
520	1007	7	2.2505732
520	1134	8	2.2208498
520	2560	9	2.1893713
520	660	10	2.1384494
521	1843	1	3.53897
521	1313	2	3.5364885
521	14	3	3.4974232
521	627	4	3.3708487
521	353	5	3.3264282
521	151	6	3.274001
521	1484	7	3.2604988
521	1023	8	3.2299232
521	125	9	3.1590896
521	123	10	3.0916996
522	1658	1	4.787652
522	1213	2	4.1526394
522	4263	3	4.032502
522	2064	4	3.9375434
522	2296	5	3.8536155
522	4379	6	3.8062181
522	2514	7	3.7462585
522	2084	8	3.7358108
522	142	9	3.7098844
522	4436	10	3.701026
523	125	1	3.2441006
523	4050	2	3.224643
523	135	3	3.0790749
523	339	4	3.0790045
523	1882	5	2.9691215
523	353	6	2.9678392
523	587	7	2.841486
523	1313	8	2.8152606
523	1069	9	2.8139305
523	1256	10	2.7913976
524	937	1	3.6158729
524	1029	2	3.5830364
524	1755	3	3.3753493
524	1321	4	2.9002223
524	948	5	2.8937867
524	405	6	2.8492908
524	161	7	2.82614
524	176	8	2.8213916
524	1633	9	2.7703118
524	1134	10	2.7322094
525	848	1	4.5214677
525	96	2	4.0966024
525	1688	3	3.8558815
525	3275	4	3.8253953
525	1083	5	3.7759023
525	1129	6	3.501579
525	1854	7	3.493239
525	141	8	3.1663842
525	1755	9	3.1456022
525	1029	10	3.088617
526	1359	1	5.3925443
526	2217	2	5.289069
526	3781	3	5.25928
526	1926	4	5.165971
526	3307	5	4.990564
526	1672	6	4.9286313
526	1263	7	4.830161
526	41	8	4.8001986
526	914	9	4.7727985
526	1511	10	4.752146
527	1016	1	4.420776
527	4016	2	4.110798
527	304	3	3.8991482
527	1689	4	3.80657
527	2449	5	3.7170882
527	945	6	3.6116214
527	14	7	3.4639518
527	1843	8	3.4058838
527	1332	9	3.167519
527	371	10	3.113503
528	1843	1	3.6810098
528	353	2	3.6719446
528	381	3	3.506204
528	151	4	3.2625504
528	252	5	3.2588859
528	123	6	3.227756
528	125	7	3.1989555
528	7	8	3.1616793
528	278	9	3.1285818
528	339	10	2.86656
529	3275	1	4.151413
529	1688	2	4.113061
529	96	3	4.058116
529	1029	4	3.5103943
529	1681	5	3.0154257
529	937	6	2.9111958
529	1755	7	2.866376
529	805	8	2.6541443
529	176	9	2.5550625
529	2036	10	2.457322
530	1083	1	3.1395326
530	141	2	2.6734304
530	2503	3	2.3304424
530	194	4	2.313881
530	1129	5	2.302319
530	2036	6	2.2937171
530	660	7	2.1864371
530	318	8	2.1857324
530	1007	9	2.1505206
530	176	10	2.0848436
531	1688	1	4.405427
531	3275	2	4.3847704
531	1083	3	3.4732704
531	1755	4	3.383519
531	1029	5	3.3822327
531	937	6	3.283221
531	1854	7	3.1523015
531	141	8	3.0244603
531	1681	9	3.017574
531	805	10	2.7537508
532	604	1	4.3593264
532	823	2	4.3438683
532	551	3	4.25113
532	149	4	4.213048
532	3251	5	4.1236706
532	1594	6	4.091763
532	278	7	4.0762053
532	488	8	4.0594635
532	369	9	4.011058
532	728	10	4.007449
533	1029	1	3.4292548
533	937	2	3.1587882
533	948	3	3.023074
533	1681	4	2.9613566
533	798	5	2.9328384
533	161	6	2.8848472
533	405	7	2.7440948
533	176	8	2.7016659
533	805	9	2.452417
533	1321	10	2.4176025
534	96	1	4.2610035
534	147	2	3.473622
534	1139	3	3.4660892
534	1083	4	2.6903713
534	1129	5	2.5873547
534	1854	6	2.5633678
534	1633	7	2.4676254
534	141	8	2.3062234
534	191	9	2.2622828
534	1007	10	2.2619982
535	1029	1	3.569508
535	1681	2	3.0863447
535	1755	3	3.0722353
535	405	4	3.0427585
535	798	5	3.0252807
535	937	6	2.9714763
535	176	7	2.7027683
535	780	8	2.4968147
535	1321	9	2.4840925
535	248	10	2.414155
536	1083	1	3.861156
536	1755	2	3.2954183
536	141	3	3.203515
536	1681	4	3.058962
536	1129	5	3.040131
536	2503	6	2.964966
536	2036	7	2.9114351
536	1633	8	2.5875974
536	176	9	2.5486603
536	1893	10	2.5245192
537	1029	1	3.4520185
537	405	2	3.0967574
537	937	3	2.9304204
537	1755	4	2.8671346
537	1681	5	2.7953336
537	296	6	2.6885948
537	248	7	2.5457172
537	1633	8	2.5372326
537	2503	9	2.3481202
537	654	10	2.3198886
538	371	1	4.737985
538	14	2	4.2833586
538	379	3	4.2452927
538	1843	4	4.062264
538	627	5	3.7902312
538	353	6	3.7735786
538	184	7	3.7643826
538	1023	8	3.6935496
538	381	9	3.6916876
538	1539	10	3.6906416
539	1139	1	5.19513
539	625	2	5.004975
539	848	3	4.8565216
539	1406	4	4.761783
539	1083	5	4.6546144
539	1854	6	4.493792
539	96	7	4.35156
539	141	8	4.196076
539	1129	9	4.1772985
539	688	10	4.014965
540	1029	1	3.471941
540	1755	2	3.2650611
540	1083	3	3.0381007
540	937	4	3.0165796
540	1681	5	3.013961
540	805	6	2.789968
540	1854	7	2.6878672
540	318	8	2.6808486
540	1134	9	2.614592
540	141	10	2.6103468
541	90	1	3.5011895
541	1156	2	3.4786696
541	1854	3	3.1425788
541	1406	4	3.0872207
541	141	5	3.0741699
541	1129	6	2.9883223
541	625	7	2.843875
541	564	8	2.63118
541	607	9	2.5533082
541	2090	10	2.467691
542	1083	1	4.000706
542	1854	2	3.615014
542	141	3	3.3989263
542	1681	4	3.292942
542	1129	5	3.036057
542	937	6	2.9964566
542	1755	7	2.99536
542	1029	8	2.9371336
542	660	9	2.5530837
542	248	10	2.4129238
543	860	1	5.054142
543	81	2	4.8463883
543	1112	3	4.452715
543	1926	4	4.4483585
543	1139	5	4.2753205
543	993	6	4.2651725
543	2217	7	4.24589
543	874	8	4.2425113
543	2091	9	4.199295
543	172	10	4.1928825
544	625	1	4.9932375
544	96	2	4.404191
544	688	3	4.1894083
544	141	4	4.033123
544	1688	5	4.001512
544	1129	6	3.9637978
544	3275	7	3.7626028
544	1029	8	3.3528843
544	1681	9	2.9362454
544	671	10	2.930665
545	191	1	2.707343
545	318	2	2.6041727
545	1893	3	2.5476353
545	1831	4	2.5098147
545	1238	5	2.4876232
545	660	6	2.465107
545	571	7	2.4033022
545	1694	8	2.3248515
545	677	9	2.2805898
545	943	10	2.2786393
546	1139	1	3.4575493
546	1029	2	3.381967
546	1755	3	2.8158007
546	805	4	2.6617131
546	1681	5	2.6553204
546	1083	6	2.6376934
546	141	7	2.575779
546	1134	8	2.5591714
546	2036	9	2.4385855
546	1854	10	2.3772485
547	379	1	3.7412295
547	1843	2	3.531715
547	184	3	3.2822614
547	627	4	3.2692912
547	381	5	3.2341099
547	353	6	3.2095037
547	151	7	3.1602402
547	1539	8	3.142222
547	1313	9	3.1101995
547	1023	10	3.0964322
548	1406	1	3.4919858
548	96	2	3.2288694
548	688	3	2.7974586
548	1058	4	2.7917392
548	1688	5	2.647887
548	176	6	2.4633746
548	3275	7	2.109895
548	937	8	2.0466568
548	1134	9	2.0284705
548	620	10	2.0261202
549	2449	1	4.596115
549	1526	2	4.203195
549	4016	3	4.126384
549	123	4	4.1033916
549	945	5	4.074861
549	371	6	4.018148
549	1332	7	3.9832299
549	14	8	3.8494637
549	379	9	3.669033
549	252	10	3.6498864
550	277	1	4.018838
550	848	2	3.7891276
550	1406	3	3.6150293
550	1926	4	3.5189598
550	252	5	3.4504027
550	147	6	3.1835933
550	96	7	3.012082
550	2656	8	2.831685
550	1129	9	2.7809982
550	1139	10	2.7763116
551	96	1	4.473639
551	688	2	4.446169
551	3275	3	4.3449516
551	1688	4	4.1466517
551	1854	5	3.7266304
551	141	6	3.5163393
551	1129	7	3.4834204
551	1029	8	3.4589825
551	1755	9	3.156783
551	1681	10	2.9549584
552	2449	1	5.037861
552	1526	2	4.578425
552	371	3	4.5711446
552	1332	4	4.481618
552	4016	5	4.4659195
552	14	6	4.296951
552	379	7	4.0975914
552	353	8	3.806004
552	381	9	3.6048555
552	627	10	3.5857906
553	1083	1	4.6662626
553	1854	2	4.473777
553	141	3	4.2173796
553	1129	4	4.129492
553	3275	5	4.072967
553	1688	6	4.052965
553	1029	7	3.3709588
553	1755	8	3.2135954
553	948	9	3.0711918
553	161	10	3.0661573
554	2217	1	5.164711
554	1263	2	4.7280016
554	389	3	4.6509356
554	3781	4	4.6499634
554	80	5	4.6040516
554	914	6	4.6033444
554	44	7	4.5378566
554	90	8	4.31653
554	1156	9	4.2470036
554	1511	10	4.2438188
555	1083	1	3.4603148
555	3275	2	3.3181145
555	1854	3	3.1397839
555	1681	4	3.051794
555	141	5	2.8196592
555	1129	6	2.7034745
555	937	7	2.5535765
555	1029	8	2.546455
555	176	9	2.4746244
555	1134	10	2.3938074
556	96	1	3.90058
556	948	2	2.9037895
556	2503	3	2.8592515
556	798	4	2.8054013
556	1681	5	2.6330895
556	1755	6	2.6028519
556	176	7	2.5890882
556	161	8	2.572918
556	405	9	2.547069
556	943	10	2.4623585
557	860	1	5.959244
557	2217	2	5.7120104
557	1926	3	5.395275
557	1263	4	5.2707863
557	277	5	5.114834
557	90	6	4.9811926
557	914	7	4.974136
557	1139	8	4.8543015
557	147	9	4.799713
557	530	10	4.7101707
558	1083	1	2.7977982
558	1854	2	2.4363258
558	141	3	2.4009178
558	1681	4	2.3231459
558	1129	5	2.1402478
558	1321	6	2.0308588
558	1694	7	1.9553823
558	929	8	1.9282157
558	1007	9	1.9264246
558	571	10	1.8545318
560	3781	1	5.5083046
560	1672	2	5.1461754
560	430	3	5.124406
560	2217	4	5.0163374
560	3307	5	4.9692144
560	1359	6	4.964988
560	680	7	4.92963
560	90	8	4.7342505
560	985	9	4.7318854
560	1263	10	4.7124763
561	1139	1	5.1718698
561	1406	2	5.032121
561	1083	3	4.568244
561	96	4	4.5202236
561	1854	5	4.3860655
561	688	6	4.3216133
561	141	7	4.109908
561	1688	8	4.062663
561	1129	9	3.988483
561	3275	10	3.8403869
562	96	1	3.74544
562	948	2	3.2387638
562	798	3	3.0510354
562	405	4	2.8503528
562	2503	5	2.6027184
562	2036	6	2.5890393
562	296	7	2.5122077
562	176	8	2.4561903
562	937	9	2.425692
562	1681	10	2.4218912
563	90	1	4.4821525
563	1926	2	4.2411604
563	1139	3	4.069246
563	147	4	3.9693656
563	252	5	3.9613643
563	625	6	3.9391415
563	1406	7	3.8920622
563	1058	8	3.5242398
563	1688	9	3.3807456
563	1083	10	3.3261223
564	1058	1	3.097581
564	2348	2	3.007518
564	633	3	2.9759274
564	860	4	2.756733
564	535	5	2.6686797
564	1443	6	2.6433308
564	552	7	2.4997048
564	848	8	2.4841013
564	3251	9	2.459227
564	789	10	2.3664715
565	688	1	4.487089
565	1688	2	4.140667
565	3275	3	3.8538284
565	1681	4	3.282766
565	1755	5	3.2451491
565	1029	6	3.1821713
565	937	7	3.0778112
565	173	8	2.6995502
565	780	9	2.681146
565	1238	10	2.647416
566	1083	1	3.163282
566	2036	2	2.868552
566	1854	3	2.7108274
566	141	4	2.657012
566	1893	5	2.6290739
566	191	6	2.5813985
566	677	7	2.4848752
566	248	8	2.3351908
566	780	9	2.292288
566	571	10	2.2863195
567	96	1	3.702039
567	1029	2	3.3140693
567	147	3	3.0497465
567	1139	4	3.048429
567	805	5	2.980172
567	937	6	2.7586884
567	1755	7	2.705885
567	2036	8	2.6799994
567	660	9	2.5586295
567	1681	10	2.5397704
568	304	1	4.0724297
568	2449	2	3.9312356
568	1689	3	3.758562
568	1526	4	3.6548955
568	371	5	3.6115692
568	201	6	3.5246086
568	4016	7	3.249179
568	379	8	3.1601093
568	1023	9	3.0540018
568	1313	10	2.9579625
569	860	1	4.742427
569	2125	2	4.722695
569	936	3	4.4146934
569	993	4	4.2440042
569	2583	5	4.2439265
569	1926	6	4.175907
569	874	7	4.1415334
569	2217	8	4.1383433
569	2091	9	4.086796
569	337	10	4.055327
570	371	1	3.5465045
570	353	2	3.361279
570	379	3	3.3504188
570	184	4	3.3027365
570	14	5	3.2470026
570	1843	6	3.2439609
570	1023	7	3.2090096
570	1539	8	3.0037642
570	123	9	2.9397423
570	151	10	2.9191852
571	96	1	4.373499
571	3275	2	3.999969
571	948	3	3.4056015
571	798	4	3.3942046
571	1029	5	3.371594
571	161	6	3.2960846
571	405	7	3.1803544
571	1681	8	3.0721693
571	1755	9	3.0589676
571	937	10	2.8120441
573	304	1	5.009408
573	2449	2	4.7467375
573	184	3	4.490254
573	4016	4	4.463499
573	1526	5	4.441347
573	1484	6	4.3222723
573	371	7	4.19195
573	123	8	4.0905747
573	7	9	4.04675
573	278	10	3.9959102
574	688	1	4.5911674
574	1688	2	4.114954
574	3275	3	4.097295
574	1083	4	3.6720095
574	1029	5	3.4306867
574	1681	6	3.3311806
574	1755	7	3.3169026
574	937	8	3.300158
574	1854	9	3.2877958
574	141	10	3.0498896
575	914	1	4.6728497
575	3307	2	4.5902205
575	1263	3	4.5707235
575	277	4	4.49465
575	90	5	4.4192953
575	1511	6	4.379404
575	1156	7	4.1402407
575	625	8	4.0604234
575	848	9	3.951476
575	252	10	3.947992
576	688	1	3.9001439
576	1688	2	3.6018178
576	3275	3	3.601546
576	1083	4	3.3518856
576	141	5	3.0251832
576	1029	6	2.904748
576	1129	7	2.8058016
576	1755	8	2.7473824
576	1134	9	2.6692924
576	937	10	2.5368795
578	848	1	4.9467316
578	688	2	4.530175
578	96	3	4.4331846
578	3275	4	4.347023
578	1688	5	4.252969
578	1029	6	3.5276027
578	937	7	3.3178291
578	1681	8	3.175682
578	1755	9	3.1468086
578	141	10	3.1396816
579	1023	1	4.017603
579	184	2	3.983468
579	353	3	3.900497
579	1526	4	3.8957367
579	1484	5	3.790871
579	278	6	3.7372193
579	123	7	3.7233572
579	371	8	3.6964061
579	4016	9	3.6939006
579	7	10	3.6725411
580	1406	1	4.9253283
580	848	2	4.641073
580	1688	3	4.2321377
580	1083	4	4.090997
580	96	5	4.0511
580	1854	6	3.8502836
580	1029	7	3.7372935
580	141	8	3.6285396
580	1129	9	3.3475327
580	805	10	2.9851937
581	1156	1	5.129244
581	625	2	5.0791755
581	848	3	4.9242306
581	1406	4	4.737171
581	96	5	4.533085
581	147	6	4.2376947
581	688	7	4.1038814
581	3275	8	3.9780965
581	1139	9	3.9509125
581	1688	10	3.9453354
582	688	1	4.157249
582	1688	2	3.9786458
582	3275	3	3.7875116
582	1083	4	3.3855326
582	1755	5	3.3713958
582	937	6	3.161665
582	1029	7	3.0642
582	141	8	3.0384088
582	1129	9	2.7391875
582	1633	10	2.6605952
583	530	1	4.835924
583	277	2	4.533887
583	1058	3	4.228697
583	1406	4	4.075533
583	848	5	4.0087824
583	252	6	3.9138846
583	1636	7	3.7832441
583	389	8	3.7303505
583	860	9	3.3852475
583	109	10	3.3846173
584	371	1	3.6106393
584	353	2	3.1185482
584	1484	3	2.7797172
584	628	4	2.6089997
584	151	5	2.4618757
584	7	6	2.4182491
584	1882	7	2.3840928
584	934	8	2.3387265
584	339	9	2.3318424
584	1980	10	2.2625122
585	530	1	4.0968657
585	1156	2	4.008179
585	1263	3	3.9566329
585	1058	4	3.5897982
585	277	5	3.5145926
585	1406	6	3.3021154
585	604	7	3.2332711
585	30	8	3.2300565
585	995	9	3.2125237
585	2228	10	3.1350975
586	90	1	4.2909417
586	1156	2	3.786374
586	625	3	3.7815895
586	848	4	3.5849247
586	1406	5	3.4993157
586	1058	6	3.2853725
586	96	7	3.217412
586	296	8	3.006309
586	688	9	3.0020385
586	1688	10	2.9043093
587	2125	1	6.133314
587	860	2	6.1186686
587	2217	3	5.950259
587	1926	4	5.5119724
587	3307	5	5.4812737
587	1263	6	5.3864584
587	277	7	5.2103214
587	90	8	5.168894
587	914	9	5.112338
587	322	10	5.051667
588	147	1	3.2920156
588	1029	2	3.1455758
588	1139	3	2.9811425
588	805	4	2.8797662
588	1681	5	2.568306
588	1083	6	2.4905465
588	318	7	2.4721792
588	2036	8	2.4042583
588	2503	9	2.392086
588	1636	10	2.2701874
590	1406	1	4.672565
590	96	2	4.1393514
590	688	3	4.075519
590	1688	4	3.736453
590	3275	5	3.5777602
590	1029	6	3.0012212
590	948	7	2.93922
590	937	8	2.8613734
590	798	9	2.8557458
590	405	10	2.752604
592	848	1	4.664605
592	96	2	3.8980372
592	1083	3	3.8761919
592	1854	4	3.3607202
592	141	5	3.3496993
592	1129	6	3.0759704
592	1694	7	3.0055642
592	1408	8	2.7732968
592	789	9	2.697746
592	55	10	2.6831791
593	1526	1	4.43691
593	371	2	4.363843
593	1332	3	4.245079
593	4016	4	4.2361083
593	379	5	3.9746118
593	14	6	3.8770797
593	353	7	3.7619665
593	1843	8	3.6013138
593	1484	9	3.4628782
593	627	10	3.456911
594	937	1	3.472106
594	948	2	2.817614
594	1633	3	2.8080087
594	1321	4	2.6671362
594	161	5	2.6405406
594	798	6	2.6370523
594	405	7	2.563713
594	805	8	2.5631292
594	318	9	2.5278535
594	780	10	2.4059756
595	688	1	4.5976725
595	96	2	4.473793
595	1688	3	4.2078953
595	3275	4	4.1968746
595	1129	5	3.407713
595	1029	6	3.3990688
595	1755	7	3.2133336
595	937	8	3.004472
595	1681	9	2.8740683
595	176	10	2.6353862
596	2217	1	5.4516625
596	3307	2	5.25297
596	914	3	5.1505146
596	4020	4	5.048479
596	389	5	5.036984
596	1594	6	4.9763947
596	1511	7	4.877536
596	90	8	4.8445973
596	860	9	4.7912445
596	4029	10	4.7846937
597	81	1	3.604396
597	72	2	3.358659
597	823	3	3.3582797
597	604	4	3.3579295
597	4803	5	3.290425
597	510	6	3.2692554
597	3251	7	3.1651292
597	218	8	3.0581932
597	2217	9	2.9930196
597	1112	10	2.9905813
598	1359	1	4.9461155
598	2217	2	4.92171
598	252	3	4.895771
598	3307	4	4.7793636
598	1263	5	4.7190685
598	530	6	4.6308813
598	90	7	4.4946012
598	277	8	4.44604
598	914	9	4.435172
598	44	10	4.305382
599	252	1	3.6895401
599	278	2	3.6895113
599	7	3	3.6597419
599	125	4	3.350277
599	488	5	3.3125324
599	3501	6	3.2523417
599	539	7	3.2241027
599	3795	8	3.138122
599	1882	9	3.102419
599	587	10	3.0522242
600	90	1	5.7786217
600	1156	2	5.3959527
600	252	3	5.365238
600	625	4	5.3481417
600	1926	5	5.2662525
600	848	6	4.9657116
600	1406	7	4.9049473
600	1058	8	4.878871
600	688	9	4.688998
600	96	10	4.667868
601	1083	1	3.2748134
601	96	2	3.243159
601	1854	3	2.8707237
601	1129	4	2.5750854
601	937	5	2.500411
601	1755	6	2.432444
601	191	7	2.347009
601	55	8	2.321114
601	248	9	2.2614968
601	1681	10	2.1469307
602	1083	1	3.3884459
602	2656	2	3.166494
602	1831	3	3.1150298
602	1171	4	3.0774727
602	1755	5	2.9728513
602	1042	6	2.959844
602	1148	7	2.9195132
602	1694	8	2.9039197
602	1854	9	2.8708682
602	2216	10	2.8549557
603	147	1	3.7239993
603	1139	2	3.5526052
603	1755	3	3.2962809
603	1083	4	3.0385408
603	1681	5	3.0197287
603	2036	6	2.890802
603	2503	7	2.8773987
603	1854	8	2.7075596
603	141	9	2.5430999
603	1893	10	2.5171804
604	2217	1	4.336402
604	3307	2	3.9259374
604	2125	3	3.919408
604	860	4	3.9183168
604	389	5	3.8951077
604	1263	6	3.8353693
604	3781	7	3.816535
604	277	8	3.7930984
604	44	9	3.7878783
604	80	10	3.7865033
605	96	1	4.348591
605	688	2	4.0377064
605	1688	3	3.7806597
605	3275	4	3.315395
605	1134	5	2.9568064
605	1029	6	2.9430847
605	296	7	2.941667
605	1755	8	2.853191
605	176	9	2.7883518
605	937	10	2.6954165
606	304	1	3.6479027
606	2449	2	3.6451676
606	1689	3	3.6182663
606	1112	4	3.309904
606	1843	5	3.22231
606	172	6	3.185952
606	81	7	3.1170814
606	3273	8	3.1152182
606	3307	9	3.0956175
606	371	10	3.063261
607	371	1	4.279995
607	4016	2	3.9581618
607	379	3	3.7565217
607	1843	4	3.4597201
607	381	5	3.3412066
607	627	6	3.3110354
607	353	7	3.259454
607	2965	8	3.150005
607	151	9	3.1393251
607	1539	10	3.1292648
608	848	1	3.8177872
608	252	2	3.7359724
608	3251	3	3.462267
608	2656	4	3.3382125
608	96	5	3.2449026
608	2216	6	3.0765674
608	1926	7	2.8489556
608	455	8	2.7787418
608	937	9	2.7611217
608	1817	10	2.667544
609	823	1	5.355935
609	2125	2	4.6386285
609	1578	3	4.5916
609	860	4	4.5484657
609	389	5	4.5392184
609	81	6	4.3830485
609	920	7	4.339529
609	564	8	4.33436
609	584	9	4.321155
609	510	10	4.2867966
610	90	1	5.1777897
610	252	2	4.9890614
610	1511	3	4.9807386
610	1139	4	4.8851933
610	848	5	4.6121883
610	625	6	4.550394
610	1156	7	4.549612
610	1406	8	4.5496016
610	1083	9	4.395755
610	1854	10	4.2755494
611	625	1	4.766078
611	688	2	3.9745708
611	1139	3	3.880674
611	3275	4	3.6956878
611	1688	5	3.6841364
611	1083	6	3.3483696
611	1854	7	2.9487615
611	1029	8	2.8793812
611	1755	9	2.8203397
611	141	10	2.8148727
612	1083	1	4.319851
612	96	2	4.290815
612	3275	3	4.145624
612	1688	4	4.1336346
612	141	5	3.773682
612	1129	6	3.6045156
612	1029	7	3.4269123
612	1755	8	2.9297073
612	937	9	2.8450274
612	176	10	2.6648793
613	1083	1	3.743717
613	1854	2	3.541871
613	1129	3	3.3006558
613	141	4	3.186852
613	1029	5	2.8076065
613	161	6	2.6660051
613	798	7	2.5963454
613	948	8	2.5916224
613	405	9	2.5377874
613	1633	10	2.2792788
614	371	1	4.418312
614	379	2	3.8728924
614	587	3	3.657347
614	627	4	3.5391116
614	381	5	3.53749
614	1843	6	3.5374079
614	1539	7	3.2302775
614	125	8	3.1273792
614	151	9	3.0657854
614	558	10	2.979856
615	1511	1	4.0698066
615	90	2	4.0645423
615	1926	3	4.0335255
615	252	4	3.8577905
615	625	5	3.7468195
615	1156	6	3.6418414
615	848	7	3.6251917
615	1406	8	3.5123696
615	1139	9	3.4481487
615	147	10	3.3962588
616	1114	1	5.365551
616	692	2	5.3364425
616	580	3	5.2482767
616	489	4	5.1075845
616	920	5	5.086194
616	1016	6	5.0860147
616	304	7	4.8147316
616	2449	8	4.4717236
616	201	9	4.410782
616	1689	10	4.3475285
617	2449	1	4.472402
617	4016	2	4.204533
617	1526	3	4.1609826
617	371	4	3.9526012
617	1332	5	3.8925886
617	14	6	3.891318
617	1843	7	3.512072
617	252	8	3.4680338
617	379	9	3.4616861
617	488	10	3.3269823
618	2449	1	3.871762
618	371	2	3.7694216
618	353	3	3.6623206
618	184	4	3.5842276
618	123	5	3.551979
618	1332	6	3.524753
618	7	7	3.3152204
618	379	8	3.2494955
618	1843	9	3.1878948
618	381	10	3.042386
619	860	1	5.835882
619	2217	2	5.2881227
619	1926	3	5.230733
619	172	4	5.077771
619	1359	5	4.996663
619	44	6	4.839223
619	1139	7	4.7999372
619	1263	8	4.7903194
619	3307	9	4.737913
619	147	10	4.6773357
620	530	1	4.365145
620	1156	2	4.001362
620	277	3	3.8409624
620	860	4	3.6625082
620	389	5	3.6166818
620	203	6	3.5243168
620	2125	7	3.390281
620	3251	8	3.3805428
620	848	9	3.164275
620	1408	10	3.1108193
621	805	1	2.685514
621	1129	2	2.5459442
621	660	3	2.532875
621	176	4	2.4900324
621	1134	5	2.4748402
621	1633	6	2.4013433
621	2036	7	2.3789062
621	1238	8	2.3763914
621	780	9	2.3190627
621	191	10	2.2420576
622	688	1	4.540985
622	1688	2	4.2091885
622	3275	3	4.1042557
622	1129	4	4.077125
622	1029	5	3.529563
622	1755	6	3.0725589
622	1681	7	3.045322
622	948	8	3.0096545
622	161	9	3.0059986
622	798	10	3.0041494
623	123	1	4.498495
623	2449	2	4.2196665
623	4016	3	4.089624
623	1526	4	4.0824823
623	488	5	4.0590763
623	252	6	3.94626
623	504	7	3.905696
623	431	8	3.864746
623	3795	9	3.7496004
623	539	10	3.6930676
624	147	1	3.9706364
624	1139	2	3.8446498
624	1083	3	3.327625
624	805	4	2.8756783
624	1854	5	2.6999428
624	141	6	2.5689144
624	2681	7	2.437501
624	1129	8	2.4176779
624	2036	9	2.3912911
624	660	10	2.3768744
626	389	1	4.724496
626	860	2	4.7188253
626	2125	3	4.7146225
626	936	4	4.3323407
626	2217	5	4.1670747
626	993	6	4.107626
626	874	7	4.094165
626	1926	8	4.0875745
626	3781	9	4.0395813
626	905	10	4.032511
628	96	1	4.1382437
628	1083	2	3.7476895
628	1029	3	3.370729
628	1854	4	3.3601327
628	141	5	3.177953
628	1129	6	3.1179965
628	1755	7	3.044197
628	1681	8	2.9544768
628	937	9	2.790403
628	2503	10	2.6938398
629	1406	1	4.2329364
629	147	2	3.893761
629	688	3	3.8202229
629	1139	4	3.7339473
629	3275	5	3.6760778
629	1688	6	3.535842
629	1083	7	3.1939888
629	1854	8	2.92717
629	1029	9	2.8669028
629	141	10	2.8587015
630	1083	1	4.171006
630	1854	2	3.8531694
630	141	3	3.6815195
630	1029	4	3.4801345
630	1129	5	3.4094152
630	1755	6	2.8036823
630	937	7	2.6615808
630	948	8	2.6198494
630	798	9	2.6188612
630	1681	10	2.5901365
631	96	1	3.5482078
631	1139	2	3.1927476
631	2503	3	2.8387709
631	805	4	2.7943811
631	2036	5	2.7335014
631	1083	6	2.6957543
631	1681	7	2.5821142
631	1755	8	2.5026965
631	943	9	2.3659334
631	937	10	2.3659272
632	96	1	4.424176
632	1129	2	3.9608781
632	141	3	3.7591784
632	1029	4	3.4509306
632	1755	5	3.2693622
632	1681	6	3.076205
632	948	7	2.8533006
632	798	8	2.82825
632	937	9	2.724058
632	248	10	2.6655543
633	1139	1	4.102109
633	1083	2	3.6287465
633	1854	3	3.2446077
633	141	4	3.0732253
633	1029	5	2.89531
633	1755	6	2.7717087
633	1129	7	2.713335
633	937	8	2.6533237
633	1681	9	2.6356702
633	176	10	2.5014632
634	1406	1	4.919363
634	1139	2	4.5834274
634	688	3	4.460792
634	96	4	4.426979
634	3275	5	4.1762114
634	1688	6	4.1441746
634	1083	7	4.031047
634	1854	8	3.693448
634	141	9	3.5339403
634	1029	10	3.4664817
635	90	1	5.550392
635	625	2	5.261462
635	1058	3	4.719386
635	848	4	4.7163744
635	688	5	4.5597377
635	3275	6	4.463648
635	252	7	4.4621716
635	1926	8	4.4504576
635	1406	9	4.4485636
635	1688	10	4.221608
636	3275	1	3.8886485
636	1688	2	3.7566504
636	1029	3	3.0152817
636	1681	4	2.9353123
636	1083	5	2.9177117
636	937	6	2.766763
636	141	7	2.66764
636	1854	8	2.6533456
636	1321	9	2.606533
636	1129	10	2.3257155
637	3275	1	4.24827
637	1854	2	4.1138573
637	141	3	3.7764316
637	1129	4	3.5801373
637	1029	5	3.57301
637	1755	6	3.0240915
637	937	7	2.9359298
637	805	8	2.726128
637	798	9	2.64156
637	948	10	2.637922
638	848	1	4.6916475
638	1406	2	4.5336504
638	1083	3	4.2986984
638	96	4	4.132272
638	688	5	3.949245
638	1854	6	3.8715906
638	1688	7	3.854525
638	141	8	3.602357
638	3275	9	3.521581
638	1129	10	3.4329338
639	353	1	3.708239
639	1843	2	3.4098668
639	278	3	3.3675034
639	252	4	3.3378806
639	627	5	3.0417128
639	1539	6	3.0315094
639	558	7	3.0237339
639	125	8	3.0115902
639	2965	9	2.8116827
639	431	10	2.8023903
640	1484	1	4.326216
640	278	2	4.0474505
640	488	3	3.624145
640	125	4	3.5430813
640	504	5	3.38767
640	431	6	3.3687613
640	3795	7	3.344181
640	539	8	3.1845598
640	244	9	3.1827538
640	1011	10	3.1027923
641	371	1	4.6724973
641	1526	2	4.5202875
641	379	3	4.3652396
641	4016	4	4.266434
641	14	5	4.013743
641	353	6	3.854601
641	1843	7	3.7354145
641	381	8	3.5856626
641	627	9	3.5787797
641	123	10	3.570376
642	1129	1	3.4895725
642	660	2	2.599229
642	805	3	2.5635853
642	798	4	2.4756513
642	161	5	2.472769
642	948	6	2.4374542
642	1633	7	2.3906074
642	2036	8	2.3887408
642	2503	9	2.3697505
642	248	10	2.2605476
643	1156	1	3.963842
643	625	2	3.8656478
643	1083	3	3.4551077
643	1854	4	3.225972
643	1688	5	3.0062919
643	688	6	2.9049284
643	141	7	2.615038
643	1129	8	2.5725489
643	937	9	2.4269953
643	3275	10	2.3801296
644	96	1	4.216485
644	688	2	4.177322
644	1688	3	3.9458113
644	948	4	3.7772937
644	3275	5	3.7633495
644	798	6	3.7409647
644	161	7	3.6484234
644	405	8	3.442893
644	1029	9	3.2816067
644	296	10	3.0960371
645	1755	1	3.4790816
645	1029	2	3.374112
645	1681	3	3.3569756
645	937	4	3.0756216
645	176	5	2.8898282
645	948	6	2.7818716
645	161	7	2.7125015
645	1633	8	2.6025124
645	405	9	2.5176067
645	1321	10	2.4509861
646	860	1	6.3370667
646	3251	2	6.3275185
646	2217	3	6.183053
646	2125	4	6.1331778
646	1926	5	5.7208195
646	914	6	5.5470066
646	1263	7	5.512314
646	90	8	5.448038
646	277	9	5.3874617
646	530	10	5.2948446
647	201	1	4.645628
647	2449	2	4.533059
647	1313	3	4.2291403
647	1526	4	4.211065
647	353	5	4.1514745
647	4016	6	4.1308994
647	184	7	4.0962677
647	1023	8	4.092211
647	371	9	4.0622997
647	1484	10	3.8965626
648	692	1	4.962207
648	580	2	4.572939
648	1016	3	4.3908067
648	304	4	4.2309756
648	1689	5	4.015024
648	2449	6	3.905079
648	431	7	3.867473
648	252	8	3.8193393
648	504	9	3.784186
648	244	10	3.7756429
649	96	1	3.9876287
649	3275	2	3.7227786
649	1688	3	3.6512427
649	1129	4	3.3860943
649	1029	5	3.0258822
649	1681	6	2.7846491
649	948	7	2.496268
649	937	8	2.4931004
649	798	9	2.4546175
649	1134	10	2.4343004
650	1083	1	3.8890839
650	1854	2	3.3990674
650	141	3	3.3745174
650	805	4	3.0360708
650	2036	5	2.8126616
650	1129	6	2.7650342
650	2503	7	2.6972427
650	191	8	2.5865254
650	1007	9	2.429348
650	1134	10	2.4206753
651	252	1	3.2114842
651	1083	2	3.0918448
651	1406	3	2.9004686
651	277	4	2.8104486
651	1052	5	2.7900634
651	1058	6	2.7516668
651	296	7	2.60126
651	1250	8	2.447377
651	55	9	2.445599
651	161	10	2.3203096
652	688	1	3.759511
652	1688	2	3.6000683
652	1129	3	3.4986205
652	3275	4	3.369475
652	1029	5	2.8142204
652	1755	6	2.6621015
652	937	7	2.651864
652	1681	8	2.605423
652	798	9	2.583784
652	948	10	2.5420995
653	1129	1	3.5934124
653	1029	2	3.2860777
653	1681	3	3.1037319
653	1755	4	3.0038657
653	937	5	2.8809392
653	1134	6	2.6304555
653	161	7	2.5832682
653	948	8	2.565983
653	405	9	2.5071568
653	798	10	2.4977384
654	2125	1	4.7519417
654	277	2	4.6947775
654	90	3	4.475177
654	1926	4	4.4222937
654	530	5	4.3681297
654	1511	6	4.2374115
654	1156	7	4.214965
654	1406	8	4.1897664
654	848	9	4.001439
654	914	10	3.9635575
655	147	1	4.325548
655	1083	2	3.455407
655	1029	3	3.3265612
655	1854	4	3.2116852
655	141	5	2.8792717
655	1238	6	2.594347
655	1129	7	2.5262997
655	805	8	2.4555068
655	176	9	2.4261868
655	248	10	2.3972495
656	304	1	4.875162
656	2449	2	4.655527
656	1689	3	4.3853064
656	4016	4	4.2586203
656	1526	5	4.23347
656	945	6	4.194626
656	371	7	4.090559
656	1332	8	4.02093
656	14	9	3.9666016
656	379	10	3.7522407
657	688	1	3.5816169
657	3275	2	3.34555
657	1688	3	3.299069
657	141	4	2.801198
657	1681	5	2.3766701
657	1199	6	2.181961
657	1238	7	2.128389
657	948	8	2.0790215
657	191	9	2.059194
657	1007	10	2.0375233
658	277	1	3.9254518
658	1926	2	3.86449
658	530	3	3.8519669
658	625	4	3.832739
658	1129	5	3.80191
658	1156	6	3.783602
658	147	7	3.4038434
658	1688	8	3.3954632
658	3275	9	3.3453758
658	848	10	3.340202
659	607	1	4.2109804
659	278	2	4.185277
659	551	3	4.05006
659	2591	4	4.0159974
659	488	5	3.978039
659	244	6	3.9494407
659	564	7	3.8005095
659	215	8	3.77768
659	1578	9	3.743342
659	584	10	3.738099
660	848	1	3.5775928
660	1058	2	3.5340304
660	688	3	3.3997364
660	405	4	3.2228246
660	96	5	3.1125336
660	3275	6	3.0765872
660	1688	7	3.0226996
660	1029	8	2.91117
660	620	9	2.7490149
660	1411	10	2.614108
661	860	1	6.682029
661	2217	2	6.416757
661	1926	3	6.023616
661	90	4	5.687025
661	277	5	5.575388
661	1139	6	5.3612995
661	147	7	5.337926
661	530	8	5.318862
661	1511	9	5.298972
661	1156	10	5.1877065
662	1083	1	3.3738213
662	805	2	3.2587385
662	1854	3	3.0975118
662	2036	4	3.0646152
662	2503	5	2.954147
662	660	6	2.9318595
662	141	7	2.9209182
662	1007	8	2.5610328
662	191	9	2.5604625
662	318	10	2.518387
663	304	1	3.9832435
663	2449	2	3.6649697
663	1526	3	3.65796
663	371	4	3.3585608
663	252	5	3.3433826
663	1332	6	3.331613
663	945	7	3.3168375
663	431	8	3.2735348
663	379	9	3.1739314
663	14	10	3.169053
664	1156	1	4.9933443
664	625	2	4.8957605
664	252	3	4.7915263
664	848	4	4.7758827
664	1406	5	4.53467
664	1058	6	4.3260303
664	96	7	4.2899284
664	688	8	4.242712
664	3275	9	4.013188
664	1139	10	3.9834712
665	1083	1	3.4802222
665	2036	2	3.058784
665	1854	3	3.038761
665	141	4	2.8228495
665	1129	5	2.7355123
665	937	6	2.7306008
665	1893	7	2.6681466
665	571	8	2.6121736
665	2656	9	2.5995405
665	677	10	2.5423715
666	2125	1	5.0225945
666	860	2	4.940737
666	936	3	4.548083
666	564	4	4.471934
666	1926	5	4.3982506
666	1139	6	4.3466587
666	1112	7	4.283365
666	993	8	4.083083
666	275	9	4.04858
666	1129	10	4.0248885
668	1854	1	4.31519
668	96	2	4.1733694
668	1129	3	3.9883325
668	141	4	3.9598148
668	1688	5	3.787739
668	1029	6	3.0639439
668	948	7	3.0470777
668	1681	8	2.9410472
668	798	9	2.903163
668	161	10	2.8979335
669	147	1	3.9389424
669	1139	2	3.8353858
669	1083	3	3.4559894
669	1029	4	3.0261984
669	1854	5	2.912735
669	937	6	2.6303744
669	1129	7	2.6086242
669	805	8	2.6014132
669	141	9	2.5868053
669	1681	10	2.5380728
670	1058	1	3.588664
670	277	2	3.552583
670	1406	3	3.3144555
670	252	4	3.1202831
670	389	5	3.0025115
670	860	6	2.978798
670	109	7	2.8460398
670	1027	8	2.8304303
670	2228	9	2.7676206
670	1443	10	2.7404428
671	1755	1	3.2365303
671	147	2	3.0651603
671	1139	3	2.71609
671	1238	4	2.554286
671	1134	5	2.5224698
671	660	6	2.191639
671	1083	7	2.1879435
671	2503	8	2.1685274
671	318	9	2.1097522
671	1321	10	2.0680957
672	515	1	3.6626687
672	982	2	3.0783834
672	4050	3	3.0439038
672	587	4	2.9844213
672	920	5	2.9775386
672	628	6	2.53754
672	901	7	2.5012379
672	934	8	2.4826965
672	1256	9	2.4295998
672	201	10	2.37926
673	1029	1	3.1628983
673	1755	2	3.1223238
673	937	3	3.0829244
673	1681	4	2.9616756
673	1083	5	2.8357832
673	1854	6	2.5447245
673	318	7	2.4328442
673	660	8	2.3961115
673	805	9	2.3753986
673	1633	10	2.322073
674	147	1	3.2018552
674	1139	2	2.939609
674	1083	3	2.5493784
674	1029	4	2.546506
674	1321	5	2.3520088
674	937	6	2.3129678
674	1773	7	2.222139
674	2503	8	2.203633
674	318	9	2.032269
674	141	10	2.021933
675	296	1	3.1416252
675	688	2	3.1067486
675	702	3	2.8100276
675	654	4	2.7313619
675	1688	5	2.7068276
675	2628	6	2.5919213
675	2800	7	2.4735537
675	620	8	2.4523783
675	2550	9	2.4288843
675	611	10	2.3792439
676	147	1	4.1935763
676	96	2	4.1732135
676	1139	3	3.9820814
676	1694	4	3.575715
676	1083	5	3.5555925
676	191	6	3.0997777
676	423	7	3.0270739
676	3313	8	3.0237126
676	1854	9	3.0075471
676	937	10	3.0064797
677	920	1	3.3740156
677	135	2	3.2872348
677	1882	3	3.2618742
677	687	4	3.0472784
677	587	5	2.9744701
677	94	6	2.9072335
677	558	7	2.8639925
677	1255	8	2.8403869
677	934	9	2.8224678
677	1006	10	2.753349
678	1539	1	4.063116
678	627	2	3.8993998
678	1843	3	3.829936
678	920	4	3.717012
678	339	5	3.4105089
678	135	6	3.406641
678	1580	7	3.2652578
678	1882	8	3.1627762
678	201	9	3.005651
678	386	10	2.9694648
679	1689	1	3.4683878
679	184	2	3.4598188
679	1332	3	3.2102504
679	2449	4	3.1735797
679	371	5	3.1219697
679	353	6	2.979449
679	1313	7	2.847717
679	4016	8	2.8147645
679	488	9	2.8080187
679	379	10	2.7558649
680	1854	1	4.274349
680	688	2	4.0243955
680	1688	3	3.8652418
680	141	4	3.842746
680	1129	5	3.7814672
680	3275	6	3.5520062
680	1755	7	3.3218513
680	1029	8	2.9710584
680	937	9	2.943263
680	798	10	2.934608
681	625	1	4.9206862
681	96	2	4.000771
681	688	3	3.8708532
681	1688	4	3.6867194
681	3275	5	3.3963459
681	1029	6	3.0269945
681	296	7	2.8704476
681	1681	8	2.6119895
681	620	9	2.4893696
681	2550	10	2.418447
682	564	1	4.3035965
682	81	2	4.2000465
682	2125	3	4.1009083
682	389	4	4.0540557
682	860	5	4.036027
682	2541	6	3.999076
682	72	7	3.9395523
682	3698	8	3.9301538
682	4230	9	3.9207063
682	510	10	3.8816485
683	96	1	3.7747498
683	1139	2	3.360969
683	937	3	3.1026149
683	1681	4	2.8884664
683	1083	5	2.7216468
683	2503	6	2.6012068
683	141	7	2.5882797
683	1854	8	2.4280753
683	1755	9	2.422157
683	1633	10	2.385232
684	1156	1	4.099968
684	2503	2	3.5405831
684	860	3	3.5177612
684	2125	4	3.4996026
684	252	5	3.4202046
684	848	6	3.389859
684	3251	7	3.3344882
684	943	8	2.988975
684	1926	9	2.9677176
684	1694	10	2.8768244
685	848	1	4.0402164
685	96	2	3.4917877
685	147	3	3.3485339
685	1139	4	3.281629
685	1042	5	3.1192846
685	1694	6	2.978543
685	1171	7	2.9645574
685	2101	8	2.8346548
685	3313	9	2.7957327
685	1083	10	2.7682018
686	2217	1	5.5546465
686	993	2	5.4654207
686	860	3	5.4329133
686	2125	4	5.3858767
686	874	5	5.3318205
686	3781	6	5.259085
686	333	7	5.2288027
686	172	8	5.2168
686	806	9	5.2082324
686	614	10	5.2052054
687	1139	1	4.7645035
687	1083	2	4.2270274
687	1688	3	4.1033616
687	1854	4	3.979638
687	141	5	3.708601
687	1129	6	3.4550617
687	1029	7	3.2468827
687	1755	8	3.2082238
687	1681	9	3.0894098
687	937	10	3.0092432
688	1843	1	4.163522
688	353	2	3.5830214
688	1313	3	3.542865
688	1023	4	3.5389912
688	184	5	3.3805919
688	4050	6	3.3103437
688	135	7	3.2205174
688	1484	8	3.1794786
688	123	9	3.1239252
688	252	10	3.0181031
689	688	1	3.9344554
689	1688	2	3.5989952
689	3275	3	3.2981799
689	1029	4	3.1804366
689	296	5	3.0135045
689	702	6	2.7927942
689	937	7	2.7541523
689	1755	8	2.7411075
689	620	9	2.6302738
689	611	10	2.61385
690	1129	1	3.3299088
690	805	2	3.1051679
690	1681	3	3.0899928
690	1633	4	2.9466681
690	2503	5	2.826262
690	2036	6	2.7570453
690	318	7	2.741259
690	1007	8	2.6612606
690	1238	9	2.6585555
690	191	10	2.5977654
691	1156	1	3.6752944
691	90	2	3.6373563
691	848	3	3.469081
691	96	4	3.3888085
691	625	5	3.2949054
691	252	6	3.2347178
691	1406	7	3.1766346
691	1058	8	3.1501613
691	173	9	3.0757327
691	141	10	3.0470736
692	1406	1	3.9768782
692	252	2	3.8412154
692	389	3	3.768316
692	848	4	3.7395916
692	1644	5	3.4744906
692	633	6	3.3403645
692	535	7	3.30291
692	860	8	3.266664
692	1030	9	3.2466414
692	4021	10	3.1373432
693	1129	1	3.1307163
693	141	2	3.1259646
693	1755	3	2.814456
693	1681	4	2.5322356
693	805	5	2.3532097
693	318	6	2.3256907
693	248	7	2.2749615
693	176	8	2.2370944
693	1633	9	2.1690745
693	2503	10	2.1511798
694	96	1	3.7105308
694	1139	2	3.509536
694	1083	3	3.2996118
694	1854	4	3.1070201
694	1694	5	2.8494754
694	141	6	2.8192847
694	937	7	2.7592607
694	943	8	2.6278834
694	2656	9	2.6244605
694	1681	10	2.5953128
695	1406	1	4.921582
695	96	2	4.3168554
695	1083	3	3.6775486
695	1029	4	3.619224
695	1854	5	3.4500446
695	141	6	3.275896
695	1755	7	3.1452036
695	937	8	3.1166575
695	805	9	3.0372314
695	1129	10	2.999202
696	823	1	4.5007615
696	604	2	4.482607
696	149	3	4.3306327
696	3251	4	4.227651
696	1594	5	4.2066426
696	369	6	4.080992
696	77	7	4.072447
696	3075	8	3.986703
696	1578	9	3.9408267
696	2125	10	3.9336789
697	625	1	4.9633665
697	1406	2	4.818712
697	848	3	4.6810155
697	96	4	4.386963
697	147	5	4.37657
697	1139	6	4.31147
697	688	7	4.194972
697	1058	8	4.175522
697	1688	9	3.8330169
697	3275	10	3.8005235
698	1406	1	3.4056325
698	688	2	3.1059434
698	3275	3	2.9755616
698	1688	4	2.9349122
698	1029	5	2.8473718
698	1408	6	2.6952477
698	2503	7	2.6535301
698	2216	8	2.5185623
698	96	9	2.4683366
698	2036	10	2.3789785
699	90	1	4.793456
699	252	2	4.6778955
699	1156	3	4.5627337
699	1926	4	4.49446
699	625	5	4.3722296
699	1406	6	4.364544
699	848	7	4.2536893
699	1058	8	4.168554
699	147	9	4.1429787
699	1139	10	3.9278116
700	252	1	5.285836
700	625	2	5.2120256
700	848	3	4.9562125
700	147	4	4.918727
700	1406	5	4.8631225
700	1139	6	4.8405867
700	96	7	4.4949408
700	688	8	4.264656
700	1083	9	4.226593
700	1854	10	4.1307592
701	304	1	4.7503834
701	2449	2	4.607532
701	201	3	4.526206
701	1689	4	4.187095
701	1526	5	4.169019
701	1313	6	4.166484
701	184	7	4.0356708
701	4016	8	4.0151377
701	945	9	3.983892
701	1332	10	3.9811823
702	1083	1	3.507641
702	1854	2	3.3074365
702	141	3	3.0867627
702	1129	4	2.8667698
702	1681	5	2.7501082
702	2503	6	2.4861288
702	191	7	2.4417057
702	248	8	2.3854413
702	1007	9	2.337843
702	176	10	2.3339977
703	1129	1	3.299372
703	1681	2	2.7142189
703	161	3	2.6811535
703	2036	4	2.6390905
703	948	5	2.4532106
703	2503	6	2.3421469
703	798	7	2.3174882
703	405	8	2.2184358
703	1755	9	2.172865
703	1025	10	2.1559577
704	530	1	4.2053933
704	277	2	3.4896355
704	1406	3	3.412145
704	1644	4	3.3987412
704	860	5	3.3125138
704	389	6	3.2663696
704	3251	7	3.0189142
704	968	8	2.953889
704	2125	9	2.9468002
704	252	10	2.9064107
705	4106	1	2.8882594
705	2721	2	2.842725
705	3025	3	2.7688138
705	4675	4	2.7656763
705	3689	5	2.7508492
705	1371	6	2.7117872
705	4845	7	2.691904
705	2578	8	2.6190524
705	2089	9	2.6129332
705	4431	10	2.5394738
706	185	1	3.8092487
706	149	2	3.7279568
706	823	3	3.6424146
706	485	4	3.5542374
706	1882	5	3.5536852
706	1693	6	3.4131947
706	1843	7	3.410428
706	4016	8	3.3637886
706	4	9	3.2933788
706	1701	10	3.262464
707	625	1	5.5661554
707	1406	2	5.3899927
707	848	3	5.212151
707	96	4	4.718646
707	688	5	4.5165043
707	1854	6	4.4751344
707	1688	7	4.3362284
707	3275	8	4.1750283
707	141	9	4.152553
707	1129	10	3.8953152
708	1083	1	4.0118437
708	1854	2	3.7691112
708	141	3	3.4019325
708	1129	4	3.2697558
708	318	5	2.5671797
708	805	6	2.4913893
708	1007	7	2.4495337
708	2503	8	2.42165
708	1650	9	2.4145308
708	660	10	2.3461301
709	2449	1	4.9864025
709	1526	2	4.7838826
709	371	3	4.5189533
709	4016	4	4.483774
709	1332	5	4.4751005
709	14	6	4.3094773
709	379	7	4.097486
709	1843	8	3.8397138
709	627	9	3.6239662
709	1539	10	3.561471
710	252	1	4.2660317
710	147	2	3.549317
710	1139	3	3.30689
710	1171	4	3.0123029
710	1042	5	2.9941914
710	2216	6	2.8550615
710	1144	7	2.8012846
710	660	8	2.7998486
710	423	9	2.7994995
710	1083	10	2.7544959
712	184	1	4.0583315
712	1023	2	4.049254
712	2449	3	4.048382
712	1689	4	3.9190962
712	1484	5	3.888832
712	4016	6	3.8852804
712	1526	7	3.8113625
712	278	8	3.7697039
712	123	9	3.7667985
712	7	10	3.7058656
713	1029	1	3.5054855
713	141	2	3.1117501
713	1129	3	2.7122262
713	805	4	2.6934896
713	1134	5	2.6400392
713	780	6	2.5452714
713	694	7	2.4256094
713	929	8	2.422782
713	191	9	2.420516
713	1007	10	2.409844
714	371	1	4.3715425
714	4016	2	4.3471727
714	1023	3	3.9733672
714	379	4	3.9710295
714	353	5	3.9474072
714	184	6	3.9023445
714	1843	7	3.707007
714	1484	8	3.6866603
714	7	9	3.5168033
714	123	10	3.4334288
715	1313	1	4.428331
715	2449	2	4.239935
715	184	3	4.239087
715	1023	4	4.2072706
715	353	5	4.201774
715	1484	6	4.077225
715	4016	7	4.0365086
715	1526	8	3.9657462
715	123	9	3.9233253
715	278	10	3.8915405
716	3275	1	4.294425
716	1029	2	3.5755641
716	1129	3	2.989722
716	805	4	2.8910055
716	1755	5	2.8498406
716	2036	6	2.7937424
716	2503	7	2.696572
716	937	8	2.6441398
716	1681	9	2.5609164
716	943	10	2.4338608
717	141	1	3.4502492
717	1129	2	3.3145995
717	1681	3	3.1521873
717	1755	4	2.853531
717	805	5	2.7619977
717	660	6	2.609933
717	2036	7	2.4866085
717	2503	8	2.4847295
717	176	9	2.4749627
717	1633	10	2.3862276
718	147	1	4.6332226
718	1156	2	4.4736753
718	625	3	4.455804
718	1139	4	4.357635
718	1406	5	4.274805
718	848	6	4.2643948
718	1083	7	4.0393963
718	1058	8	3.9796076
718	1854	9	3.9139946
718	688	10	3.6803432
720	90	1	5.700435
720	1926	2	5.617872
720	1511	3	5.5101695
720	252	4	5.2042027
720	625	5	5.130418
720	1156	6	5.0543604
720	147	7	4.8933964
720	848	8	4.877446
720	1139	9	4.6966524
720	1406	10	4.696043
721	3071	1	3.35699
721	3740	2	3.3082361
721	418	3	3.1195354
721	2664	4	3.0671055
721	2642	5	2.9910297
721	4263	6	2.8938816
721	253	7	2.8363414
721	4264	8	2.7447248
721	2296	9	2.7338042
721	3205	10	2.7012334
722	1083	1	3.5417309
722	1029	2	3.1785033
722	1854	3	3.1178699
722	937	4	2.7730527
722	141	5	2.7605147
722	805	6	2.7332573
722	1681	7	2.6717196
722	1129	8	2.5146315
722	2503	9	2.4890313
722	1321	10	2.3454037
723	379	1	4.249151
723	1843	2	3.797419
723	627	3	3.7754292
723	381	4	3.7641366
723	2965	5	3.587987
723	151	6	3.469079
723	125	7	3.2417536
723	1882	8	3.1837611
723	339	9	3.1576996
723	1313	10	3.1111383
724	1406	1	4.047037
724	1083	2	3.87236
724	96	3	3.8388886
724	3275	4	3.573448
724	1854	5	3.5492835
724	1688	6	3.477459
724	141	7	3.3478043
724	1129	8	3.2403638
724	1029	9	2.9145937
724	1755	10	2.5938911
725	304	1	4.908026
725	2449	2	4.581872
725	1689	3	4.50089
725	1313	4	4.411469
725	184	5	4.3662195
725	1526	6	4.364567
725	4016	7	4.277075
725	1023	8	4.233712
725	353	9	4.223753
725	945	10	4.1939116
726	1688	1	4.462686
726	1029	2	3.762101
726	141	3	3.736687
726	1129	4	3.5793562
726	1755	5	3.2767854
726	937	6	3.1047897
726	1681	7	3.0622587
726	805	8	2.8273149
726	2503	9	2.7497902
726	2036	10	2.6391456
727	688	1	4.243219
727	1688	2	3.9282527
727	3275	3	3.9054782
727	1029	4	3.227505
727	1755	5	3.0617754
727	948	6	2.9890826
727	1134	7	2.983618
727	798	8	2.9654915
727	1681	9	2.9623814
727	161	10	2.891882
728	625	1	4.8947988
728	848	2	4.515231
728	688	3	4.093496
728	96	4	3.8670082
728	3275	5	3.7617192
728	1688	6	3.7499738
728	1029	7	3.277182
728	948	8	3.2411115
728	161	9	3.205572
728	798	10	3.203402
729	147	1	4.1003504
729	1139	2	3.8365598
729	1755	3	3.5304947
729	937	4	3.3516169
729	1681	5	3.204667
729	1029	6	3.111936
729	1083	7	3.090558
729	141	8	2.957385
729	1854	9	2.8099
729	805	10	2.5210361
730	1083	1	3.1295135
730	1029	2	3.1066113
730	1129	3	3.062934
730	1854	4	2.944024
730	141	5	2.775546
730	2503	6	2.671983
730	1134	7	2.502062
730	805	8	2.4751697
730	1321	9	2.3593652
730	318	10	2.3515573
731	96	1	4.59478
731	1688	2	4.444788
731	3275	3	4.331875
731	1029	4	3.7054124
731	948	5	3.5480666
731	798	6	3.375738
731	161	7	3.3422966
731	405	8	3.2777674
731	1755	9	3.0224338
731	937	10	2.973616
732	2217	1	5.5330143
732	3307	2	5.4911356
732	1926	3	5.1144323
732	985	4	5.043585
732	914	5	4.970887
732	90	6	4.928547
732	1263	7	4.92845
732	530	8	4.8598275
732	277	9	4.7798147
732	1511	10	4.6027546
733	2217	1	4.8404036
733	2125	2	4.8317013
733	1926	3	4.7201996
733	3307	4	4.6920767
733	80	5	4.6041374
733	985	6	4.554259
733	44	7	4.537164
733	41	8	4.5058455
733	914	9	4.4354916
733	277	10	4.327771
734	96	1	4.1749535
734	1083	2	4.051063
734	1854	3	3.456133
734	1755	4	3.307944
734	141	5	3.25674
734	1694	6	3.1508973
734	1129	7	3.1327958
734	2681	8	2.9824066
734	191	9	2.7997825
734	187	10	2.7961001
735	151	1	3.322622
735	1023	2	3.3039286
735	353	3	3.2886076
735	4050	4	3.1678727
735	1313	5	3.164851
735	184	6	3.1366258
735	1484	7	3.0961094
735	901	8	2.9844084
735	135	9	2.9338431
735	558	10	2.933298
736	2449	1	4.6513014
736	1526	2	4.2442884
736	371	3	4.1222563
736	1332	4	4.084304
736	4016	5	4.005189
736	1313	6	3.791255
736	379	7	3.7603197
736	184	8	3.7561762
736	14	9	3.733276
736	1843	10	3.62511
737	1854	1	4.0597396
737	141	2	3.80346
737	1029	3	3.6931286
737	1129	4	3.6560125
737	1681	5	3.3810315
737	937	6	3.2513118
737	805	7	2.7786283
737	176	8	2.6685195
737	1321	9	2.6079493
737	1633	10	2.5758996
738	379	1	4.462974
738	1843	2	4.054601
738	201	3	3.5403516
738	151	4	3.4670393
738	125	5	3.1738958
738	628	6	3.0668206
738	339	7	3.062675
738	4050	8	3.0488057
738	1882	9	3.04712
738	1313	10	2.9323041
739	147	1	3.5330548
739	1926	2	3.5238795
739	1139	3	3.1555243
739	1083	4	3.053764
739	1755	5	3.0503283
739	2036	6	2.9150333
739	1681	7	2.7722354
739	1854	8	2.5767398
739	1633	9	2.566835
739	1171	10	2.5656242
740	1029	1	3.0272982
740	1129	2	2.6027353
740	805	3	2.433793
740	1238	4	2.187739
740	2503	5	2.1244075
740	2394	6	2.0716233
740	2036	7	2.0701146
740	948	8	2.0548227
740	2681	9	2.04989
740	191	10	2.0055585
742	1083	1	3.8581882
742	1029	2	3.5605187
742	141	3	3.3649006
742	1755	4	3.3375373
742	1681	5	3.1185699
742	1129	6	3.0578966
742	937	7	3.0502396
742	805	8	2.8108015
742	318	9	2.6151328
742	2503	10	2.5691876
743	1156	1	4.1178436
743	252	2	3.3626404
743	1058	3	3.2770061
743	848	4	3.151162
743	1139	5	2.8299322
743	1817	6	2.5735145
743	660	7	2.4288197
743	1644	8	2.3929963
743	156	9	2.3855762
743	96	10	2.375033
744	1526	1	4.074056
744	14	2	3.682198
744	1539	3	3.349261
744	627	4	3.2296922
744	1843	5	3.2256413
744	151	6	3.1331697
744	2965	7	2.9745965
744	4050	8	2.9698615
744	184	9	2.926182
744	339	10	2.873948
745	1406	1	4.7292023
745	848	2	4.612235
745	625	3	4.6066833
745	1854	4	4.5714545
745	1129	5	4.2842627
745	96	6	4.1423264
745	141	7	4.1178865
745	688	8	3.822847
745	1688	9	3.5481644
745	161	10	3.369317
746	1681	1	2.8059707
746	1083	2	2.7459855
746	2036	3	2.6356206
746	1893	4	2.5816348
746	677	5	2.4788237
746	1755	6	2.423145
746	141	7	2.3522656
746	943	8	2.2696161
746	937	9	2.2540421
746	571	10	2.2468104
747	147	1	3.3302827
747	96	2	3.2786946
747	1139	3	3.1970773
747	571	4	2.6066086
747	1755	5	2.594177
747	1171	6	2.5923948
747	1083	7	2.5822272
747	191	8	2.5737586
747	318	9	2.5672536
747	937	10	2.5393643
748	96	1	4.4218693
748	3275	2	4.3485756
748	1083	3	4.1879177
748	141	4	3.647397
748	1029	5	3.5792694
748	1129	6	3.484852
748	1755	7	3.155641
748	1681	8	2.9951108
748	937	9	2.955626
748	805	10	2.712015
749	1029	1	3.1966777
749	141	2	3.1280375
749	1854	3	3.0561237
749	937	4	2.963725
749	1134	5	2.8336651
749	1129	6	2.8256574
749	318	7	2.514129
749	2440	8	2.393725
749	525	9	2.3708496
749	1238	10	2.3553238
750	3275	1	2.9940119
750	1029	2	2.790412
750	296	3	2.7392805
750	1755	4	2.3966575
750	1681	5	2.386454
750	126	6	2.3436532
750	620	7	2.2940125
750	702	8	2.2482328
750	2550	9	2.2461114
750	1321	10	2.2281778
751	625	1	5.1567345
751	848	2	4.9525733
751	1406	3	4.8557615
751	1139	4	4.5382204
751	96	5	4.3397865
751	688	6	4.2924595
751	1688	7	4.106878
751	3275	8	4.0233326
751	1083	9	3.9888408
751	1854	10	3.7373967
752	625	1	5.317804
752	1156	2	5.206976
752	848	3	4.860309
752	1406	4	4.8582253
752	688	5	4.4760265
752	96	6	4.4531345
752	3275	7	4.2311563
752	1688	8	4.2282257
752	1083	9	4.087302
752	1854	10	3.7332203
753	3307	1	4.0043793
753	252	2	3.9324222
753	680	3	3.9224813
753	172	4	3.9091487
753	3273	5	3.8744764
753	1359	6	3.825841
753	2217	7	3.7798305
753	50	8	3.7545485
753	90	9	3.7514622
753	1263	10	3.6913075
754	379	1	3.982152
754	1843	2	3.8501625
754	252	3	3.5974288
754	488	4	3.4139569
754	627	5	3.3854852
754	381	6	3.3234758
754	125	7	3.257276
754	558	8	3.2535338
754	539	9	3.173452
754	3795	10	3.1295526
755	625	1	4.463275
755	1139	2	3.9565256
755	1083	3	3.3628707
755	1854	4	3.1442246
755	141	5	2.9905875
755	1129	6	2.6588912
755	1755	7	2.4706378
755	1238	8	2.4222226
755	1633	9	2.4199805
755	1029	10	2.3921533
756	1083	1	3.7053618
756	141	2	3.3302355
756	1755	3	3.2724924
756	937	4	3.2506137
756	805	5	3.0522077
756	1129	6	2.9772952
756	1681	7	2.928552
756	2036	8	2.7390234
756	2503	9	2.7339094
756	1633	10	2.6534915
757	848	1	4.326894
757	1406	2	4.217196
757	1688	3	3.8325338
757	96	4	3.7726073
757	1083	5	3.600104
757	1854	6	3.4119391
757	141	7	3.0925016
757	1129	8	2.95015
757	2036	9	2.9449782
757	805	10	2.669873
758	1029	1	3.571113
758	1755	2	3.411546
758	141	3	3.4093537
758	1681	4	3.31914
758	1129	5	3.3057504
758	937	6	3.3015962
758	805	7	2.7088094
758	1321	8	2.6123557
758	1633	9	2.5783572
758	248	10	2.573
759	3275	1	4.040005
759	147	2	3.4410548
759	1139	3	3.3017855
759	318	4	3.1013098
759	1029	5	3.0542657
759	1633	6	3.0287771
759	1321	7	2.7615027
759	1083	8	2.7514315
759	929	9	2.7091875
759	1238	10	2.6065514
760	96	1	4.411441
760	1029	2	3.945037
760	141	3	3.3042345
760	1129	4	3.226863
760	805	5	3.1584744
760	2503	6	3.1525297
760	1755	7	3.089731
760	1681	8	3.0536528
760	2036	9	3.0131342
760	937	10	2.90377
761	1406	1	4.43664
761	96	2	3.7627974
761	3275	3	3.6442502
761	1688	4	3.5625062
761	147	5	3.502153
761	1139	6	3.4115386
761	1755	7	3.1536717
761	1681	8	2.9080067
761	937	9	2.8933134
761	1029	10	2.88485
762	625	1	4.6789494
762	848	2	4.554384
762	1406	3	4.5514803
762	1058	4	4.2574577
762	1129	5	4.1824923
762	141	6	4.0608106
762	96	7	3.9812036
762	688	8	3.8174942
762	1688	9	3.6461415
762	3275	10	3.343998
763	147	1	5.2716155
763	1139	2	5.17173
763	688	3	4.5903263
763	1083	4	4.5638866
763	1688	5	4.4141073
763	3275	6	4.272692
763	1854	7	4.2650366
763	141	8	3.9206805
763	1129	9	3.804659
763	1029	10	3.535079
764	147	1	3.9125977
764	1139	2	3.5977101
764	1083	3	3.0986042
764	1854	4	2.907662
764	141	5	2.737908
764	1238	6	2.619895
764	2503	7	2.612618
764	2036	8	2.5615833
764	1321	9	2.5116458
764	318	10	2.4628675
765	860	1	4.27316
765	2125	2	4.0
765	3251	3	3.8337994
765	530	4	3.7127247
765	1156	5	3.6542006
765	277	6	3.6533322
765	142	7	3.300871
765	1926	8	3.2515075
765	27	9	3.1480196
765	167	10	3.1449857
766	1139	1	3.7956893
766	1083	2	3.3730865
766	1029	3	3.1494172
766	1854	4	3.1430814
766	1681	5	2.7525713
766	141	6	2.6724634
766	1129	7	2.644194
766	176	8	2.411487
766	1032	9	2.2055104
766	571	10	2.163383
767	147	1	4.5708675
767	1139	2	4.419997
767	1083	3	3.6859527
767	1029	4	3.6774669
767	1755	5	3.5025835
767	141	6	3.335392
767	1854	7	3.3148472
767	805	8	3.0825748
767	2503	9	2.9711032
767	2036	10	2.7506266
768	1156	1	4.206294
768	625	2	4.1503124
768	1058	3	3.8178692
768	252	4	3.763399
768	848	5	3.7556014
768	1406	6	3.5022287
768	1139	7	3.4912329
768	147	8	3.4352903
768	688	9	3.4305272
768	1688	10	3.1824832
769	1156	1	3.9363468
769	530	2	3.8780923
769	2199	3	3.4158282
769	168	4	3.2829583
769	2228	5	3.2542276
769	1058	6	3.2106473
769	2348	7	3.203358
769	4020	8	3.1677275
769	277	9	3.0769882
769	1003	10	2.9858356
770	1689	1	3.7596445
770	371	2	3.6948843
770	4016	3	3.6538582
770	184	4	3.3435018
770	353	5	3.1636486
770	627	6	3.1582623
770	587	7	3.1130595
770	1843	8	3.089162
770	151	9	3.0228891
770	123	10	3.0097427
771	252	1	4.850414
771	1139	2	4.7450776
771	625	3	4.713296
771	1406	4	4.6155977
771	1083	5	4.1230693
771	1854	6	3.916472
771	688	7	3.7971792
771	1688	8	3.6790512
771	141	9	3.601487
771	1129	10	3.5500968
772	1926	1	5.7747455
772	2217	2	5.611906
772	1139	3	5.32297
772	1359	4	5.2872114
772	1263	5	5.2357626
772	147	6	5.2293873
772	3307	7	5.2162514
772	44	8	5.1922646
772	277	9	5.0202336
772	90	10	4.9633756
773	688	1	4.122604
773	1688	2	3.8805645
773	3275	3	3.7026715
773	141	4	3.308
773	1129	5	3.2285042
773	1755	6	3.1379402
773	937	7	3.029019
773	1029	8	3.0073628
773	1681	9	2.9832258
773	1134	10	2.466111
774	96	1	4.561593
774	1029	2	3.6058853
774	1755	3	3.0885916
774	937	4	2.9799883
774	1681	5	2.9708905
774	948	6	2.9517307
774	798	7	2.845722
774	161	8	2.8104546
774	176	9	2.7570016
774	405	10	2.7541437
775	625	1	3.084104
775	2394	2	2.594374
775	688	3	2.5864925
775	1688	4	2.1821606
775	733	5	2.1318583
775	145	6	2.1178226
775	1029	7	2.0582032
775	1398	8	2.0463772
775	148	9	1.9891844
775	702	10	1.962224
776	96	1	4.1620007
776	1083	2	4.118623
776	688	3	3.9721367
776	1688	4	3.6637595
776	1129	5	3.5748115
776	141	6	3.5609627
776	3275	7	3.2389345
776	1755	8	3.0633607
776	1681	9	2.8871348
776	1029	10	2.8526707
777	1083	1	5.0921793
777	1156	2	4.8939314
777	625	3	4.7803793
777	1406	4	4.7526903
777	848	5	4.731516
777	1129	6	4.73058
777	141	7	4.5372124
777	1058	8	4.2549715
777	96	9	4.070681
777	688	10	3.946954
778	625	1	5.0398965
778	96	2	4.4617443
778	688	3	4.1889687
778	1083	4	4.1336718
778	1688	5	3.9861846
778	1854	6	3.8329618
778	3275	7	3.8203285
778	141	8	3.5318847
778	1129	9	3.5160227
778	1029	10	3.171444
780	823	1	4.8682075
780	2125	2	4.38813
780	860	3	4.314727
780	389	4	4.228307
780	564	5	4.147951
780	1578	6	4.12986
780	920	7	3.929119
780	1139	8	3.9265578
780	1926	9	3.8818874
780	807	10	3.872642
781	625	1	5.4024663
781	688	2	4.6060896
781	1688	3	4.1999454
781	3275	4	4.0885353
781	141	5	3.9554117
781	1129	6	3.7794585
781	1029	7	3.4269955
781	1681	8	3.218841
781	1755	9	3.1141644
781	937	10	2.9697127
782	1313	1	3.3715668
782	1843	2	3.3441625
782	1539	3	3.0605583
782	381	4	3.0586615
782	627	5	3.0492373
782	1023	6	2.9940393
782	1199	7	2.953939
782	184	8	2.9369354
782	1484	9	2.9238377
782	2965	10	2.795813
783	1406	1	3.940954
783	1058	2	3.9341772
783	848	3	3.7928786
783	3251	4	3.5537267
783	252	5	3.5380201
783	1694	6	3.3834589
783	96	7	3.2055948
783	423	8	2.8650465
783	1111	9	2.837384
783	191	10	2.7882793
784	2449	1	4.8070536
784	149	2	4.6038256
784	823	3	4.4422994
784	1693	4	4.419549
784	379	5	4.399337
784	1701	6	4.3386965
784	4	7	4.31545
784	1526	8	3.9899497
784	515	9	3.9083273
784	1843	10	3.671846
785	937	1	3.2823582
785	805	2	3.0526474
785	2503	3	2.7869763
785	1321	4	2.6663995
785	2036	5	2.6389933
785	660	6	2.535658
785	318	7	2.4859695
785	1633	8	2.43862
785	1007	9	2.4256325
785	1134	10	2.325258
787	141	1	2.612061
787	1633	2	2.3788815
787	1129	3	2.360219
787	805	4	2.3223815
787	318	5	2.2966785
787	2036	6	2.259992
787	929	7	2.2346597
787	176	8	2.1616232
787	191	9	2.1321685
787	660	10	2.0355291
788	1511	1	3.9092028
788	625	2	3.7160711
788	90	3	3.7002609
788	252	4	3.6118183
788	1156	5	3.2871833
788	1926	6	3.2823853
788	848	7	3.210698
788	1688	8	3.1959944
788	688	9	3.1040454
788	1058	10	3.100967
789	353	1	4.1921005
789	184	2	4.1658125
789	123	3	3.8087544
789	278	4	3.7810125
789	371	5	3.7136931
789	1332	6	3.699596
789	252	7	3.5928845
789	1843	8	3.4519925
789	488	9	3.4037447
789	379	10	3.2902036
790	848	1	4.825542
790	96	2	4.3218412
790	688	3	4.1488924
790	1083	4	4.110487
790	1854	5	3.7821965
790	1688	6	3.731957
790	3275	7	3.72559
790	141	8	3.48145
790	1029	9	3.190412
790	1129	10	3.167992
792	96	1	4.1431193
792	1755	2	2.894417
792	1681	3	2.7865598
792	937	4	2.7835245
792	2036	5	2.783402
792	2503	6	2.704228
792	176	7	2.426815
792	1007	8	2.413258
792	948	9	2.378034
792	1633	10	2.3270764
793	1406	1	4.456507
793	848	2	4.1275287
793	1688	3	3.6586304
793	96	4	3.5405302
793	3275	5	3.5279927
793	1029	6	3.3616416
793	2550	7	3.0480938
793	620	8	2.912911
793	2800	9	2.7928257
793	2628	10	2.685063
794	141	1	3.7696187
794	1129	2	3.614781
794	176	3	2.7227125
794	948	4	2.604518
794	798	5	2.5706787
794	1321	6	2.5659056
794	2503	7	2.5444021
794	2036	8	2.519504
794	1633	9	2.5082562
794	161	10	2.4895186
795	1083	1	4.6967983
795	1129	2	4.235922
795	948	3	3.3283708
795	161	4	3.2271872
795	798	5	3.222443
795	405	6	3.1172624
795	937	7	2.9906867
795	1681	8	2.9853315
795	1755	9	2.9281738
795	176	10	2.743
796	1156	1	5.0019975
796	252	2	5.0000143
796	625	3	4.992075
796	147	4	4.886797
796	1139	5	4.824806
796	1406	6	4.655373
796	1083	7	4.3272653
796	688	8	4.0955763
796	1688	9	4.0072384
796	1854	10	3.9423208
797	1129	1	4.33465
797	96	2	4.260393
797	141	3	4.2081814
797	1688	4	4.065867
797	3275	5	3.9553413
797	1029	6	3.3004017
797	948	7	3.2452178
797	798	8	3.1256893
797	161	9	3.1036391
797	405	10	2.9491696
798	625	1	4.7331114
798	848	2	4.6890907
798	1406	3	4.6459227
798	1083	4	4.592033
798	1854	5	4.518657
798	1058	6	4.232072
798	96	7	4.2195954
798	1129	8	4.132986
798	141	9	4.081748
798	688	10	3.9401085
799	1083	1	3.0905685
799	1681	2	2.9659514
799	1029	3	2.919736
799	318	4	2.9010136
799	1854	5	2.6793933
799	1633	6	2.4525547
799	141	7	2.4473436
799	39	8	2.427893
799	929	9	2.3513856
799	1321	10	2.3250356
800	515	1	5.0164127
800	580	2	4.8412104
800	982	3	4.6519737
800	920	4	4.5121393
800	1016	5	4.356054
800	304	6	4.3200083
800	1689	7	4.228955
800	201	8	4.1142683
800	2449	9	3.961619
800	1023	10	3.8998566
801	625	1	5.4038754
801	252	2	5.3092613
801	848	3	5.1683173
801	1406	4	4.9912987
801	1058	5	4.672862
801	688	6	4.5619307
801	1139	7	4.404558
801	1688	8	4.3203278
801	3275	9	4.3029118
801	1083	10	3.9131417
802	1156	1	4.00139
802	530	2	3.7457633
802	1058	3	3.580028
802	1263	4	3.4369624
802	277	5	3.4197743
802	224	6	3.4097621
802	1233	7	3.2435763
802	30	8	3.123576
802	1899	9	3.1162765
802	1410	10	3.1139815
803	96	1	3.6761663
803	1029	2	3.6003487
803	2503	3	3.1019692
803	805	4	3.0523362
803	1083	5	2.8118143
803	2036	6	2.808337
803	937	7	2.7479072
803	660	8	2.703977
803	1755	9	2.6093314
803	1893	10	2.5434618
804	4775	1	5.3340263
804	2515	2	5.288128
804	2676	3	5.1040506
804	981	4	4.7148867
804	2939	5	4.7146416
804	4746	6	4.6444817
804	3070	7	4.5776978
804	122	8	4.493404
804	3710	9	4.4592113
804	3774	10	4.443805
805	1926	1	4.3941894
805	1139	2	4.2549086
805	2217	3	4.1059875
805	172	4	4.0004883
805	3781	5	3.9501705
805	147	6	3.9381168
805	44	7	3.839607
805	1359	8	3.817964
805	277	9	3.8079042
805	1263	10	3.8067696
806	1083	1	3.749682
806	1854	2	3.405923
806	141	3	3.2662263
806	1129	4	3.0851128
806	1755	5	3.0606575
806	805	6	2.9906678
806	937	7	2.8965456
806	2036	8	2.8337345
806	2503	9	2.8279786
806	660	10	2.6093607
807	151	1	3.8013303
807	1539	2	3.7450664
807	627	3	3.723783
807	1843	4	3.7089677
807	4050	5	3.532815
807	125	6	3.3981686
807	558	7	3.2158566
807	135	8	3.2022834
807	339	9	3.0981262
807	1069	10	3.0706577
808	304	1	3.8259
808	580	2	3.790603
808	1261	3	3.5685647
808	371	4	3.4409857
808	2449	5	3.4262638
808	305	6	3.2141073
808	167	7	3.1711469
808	901	8	3.0590515
808	1843	9	3.0587206
808	353	10	3.0404253
809	1406	1	4.027046
809	625	2	3.9859438
809	1058	3	3.8513904
809	96	4	3.7752736
809	688	5	3.4556534
809	1688	6	3.0895026
809	3275	7	2.7689607
809	1755	8	2.7095144
809	1029	9	2.6460028
809	1681	10	2.4546247
810	2449	1	3.8481908
810	1843	2	3.3931723
810	371	3	3.1618884
810	3781	4	3.1175685
810	614	5	2.9409013
810	244	6	2.9285865
810	58	7	2.8115082
810	379	8	2.7864532
810	430	9	2.7848277
810	1112	10	2.7143807
811	2217	1	4.9389153
811	1359	2	4.9211164
811	3307	3	4.812512
811	1926	4	4.576975
811	44	5	4.52196
811	914	6	4.451563
811	1263	7	4.4227386
811	985	8	4.3977604
811	90	9	4.3723216
811	530	10	4.3518314
812	96	1	4.586481
812	3275	2	4.3038235
812	1029	3	3.6816769
812	1129	4	3.564395
812	937	5	3.1831741
812	1755	6	3.1601033
812	1681	7	3.0513194
812	805	8	2.792136
812	2036	9	2.6689262
812	176	10	2.6136584
813	1359	1	4.590877
813	439	2	4.5696745
813	351	3	4.4978876
813	2217	4	4.440727
813	30	5	4.3976803
813	631	6	4.396001
813	1466	7	4.391031
813	3781	8	4.3506308
813	50	9	4.3322377
813	320	10	4.3040285
814	1406	1	4.534914
814	848	2	4.447439
814	1083	3	4.389205
814	1854	4	4.248298
814	688	5	3.9872308
814	1129	6	3.9746213
814	141	7	3.9059153
814	96	8	3.8761995
814	1688	9	3.774651
814	3275	10	3.6647816
815	252	1	3.9156482
815	96	2	3.478568
815	1029	3	3.4245226
815	318	4	3.2398584
815	2036	5	3.1279156
815	929	6	3.1111264
815	1032	7	2.7503784
815	295	8	2.722084
815	3251	9	2.6294875
815	1694	10	2.5375695
816	625	1	4.941431
816	1156	2	4.899745
816	96	3	4.4199333
816	1058	4	4.417203
816	1854	5	4.4053235
816	688	6	4.0256786
816	141	7	3.8565414
816	1688	8	3.8085089
816	3275	9	3.7709608
816	1755	10	3.2809224
817	96	1	4.2521515
817	1083	2	3.8584414
817	1029	3	3.4574556
817	1854	4	3.416503
817	141	5	3.1312284
817	1755	6	3.1285195
817	1129	7	2.975439
817	1681	8	2.9260879
817	937	9	2.8301077
817	805	10	2.6221695
818	1406	1	4.8182282
818	96	2	4.456473
818	688	3	4.3546886
818	3275	4	4.156328
818	1688	5	4.1006756
818	141	6	3.5327494
818	1129	7	3.4202142
818	1029	8	3.3333263
818	1755	9	3.275127
818	937	10	3.1728888
819	848	1	4.5789566
819	96	2	4.0353146
819	688	3	3.9472613
819	1688	4	3.6942582
819	3275	5	3.6078987
819	141	6	3.5925355
819	1129	7	3.4822087
819	1755	8	3.0617247
819	937	9	3.0177414
819	1029	10	2.9800553
820	1083	1	3.5621512
820	1854	2	3.5515068
820	141	3	3.1962986
820	688	4	3.19284
820	1129	5	2.996603
820	1688	6	2.9489264
820	3275	7	2.8124194
820	39	8	2.673636
820	318	9	2.6275973
820	248	10	2.451519
821	1406	1	3.6092854
821	1058	2	3.2976491
821	252	3	2.9443913
821	277	4	2.8950343
821	389	5	2.8647504
821	2199	6	2.711863
821	860	7	2.6983888
821	931	8	2.5970192
821	2125	9	2.5663652
821	848	10	2.5363278
822	625	1	4.361587
822	1156	2	4.302595
822	1406	3	4.279163
822	848	4	4.0898
822	1058	5	3.8002803
822	96	6	3.757647
822	688	7	3.5763474
822	1688	8	3.3829324
822	948	9	3.2973843
822	161	10	3.2342362
823	1406	1	4.2425914
823	1139	2	4.0289917
823	96	3	3.9294586
823	688	4	3.928452
823	147	5	3.747051
823	1688	6	3.7018738
823	3275	7	3.6660237
823	1083	8	3.313734
823	1854	9	3.1813822
823	1029	10	3.0028613
824	625	1	4.0985966
824	1156	2	3.476727
824	423	3	3.4385118
824	3251	4	3.316421
824	860	5	3.2014678
824	2125	6	3.0741382
824	1058	7	2.8823805
824	1926	8	2.7456226
824	252	9	2.5784569
824	848	10	2.5683806
826	3781	1	5.6524267
826	1359	2	5.559084
826	2217	3	5.5369215
826	3307	4	5.4975295
826	680	5	5.4816327
826	860	6	5.4784374
826	3251	7	5.416596
826	2125	8	5.144007
826	985	9	5.074434
826	914	10	5.064781
827	3781	1	4.853119
827	405	2	4.76827
827	1112	3	4.6681185
827	252	4	4.564331
827	430	5	4.523359
827	81	6	4.4572554
827	874	7	4.406614
827	3307	8	4.4035964
827	172	9	4.3960047
827	454	10	4.392725
828	1083	1	3.6752646
828	1755	2	3.5955234
828	1854	3	3.3430576
828	1681	4	3.3340194
828	805	5	3.265251
828	141	6	3.1110406
828	2503	7	2.9566698
828	2036	8	2.8596702
828	1129	9	2.8457227
828	1633	10	2.8190763
829	371	1	3.7093549
829	1526	2	3.6135793
829	1332	3	3.5007055
829	379	4	3.4798584
829	123	5	3.4709663
829	4016	6	3.3857121
829	244	7	3.0936084
829	504	8	3.0714922
829	431	9	3.0572913
829	14	10	3.0351298
830	96	1	3.6631157
830	405	2	2.816537
830	176	3	2.6214411
830	296	4	2.5405521
830	1681	5	2.3256693
830	1755	6	2.2483807
830	937	7	2.2275777
830	620	8	2.2158608
830	2800	9	2.205329
830	654	10	2.171553
831	96	1	4.7265697
831	1688	2	4.422949
831	3275	3	4.216316
831	1029	4	3.6303172
831	1681	5	3.2940683
831	937	6	3.202661
831	1755	7	3.1865172
831	948	8	2.8885536
831	176	9	2.8637805
831	798	10	2.8345268
832	371	1	4.095229
832	1526	2	4.054323
832	4016	3	3.913077
832	184	4	3.6833484
832	379	5	3.66399
832	151	6	3.192462
832	1843	7	3.1760569
832	381	8	3.1695926
832	627	9	3.1627402
832	1484	10	3.1513858
833	1083	1	3.7764125
833	1854	2	3.4321375
833	1755	3	3.2920954
833	141	4	3.1004179
833	1129	5	2.7454193
833	2503	6	2.678886
833	805	7	2.6788535
833	660	8	2.3322048
833	780	9	2.243099
833	929	10	2.2283676
834	530	1	3.884741
834	1156	2	3.7238672
834	277	3	3.7073395
834	1926	4	3.52349
834	1058	5	3.402345
834	147	6	3.2751355
834	1129	7	3.2260175
834	848	8	3.2158551
834	252	9	3.1553307
834	1867	10	3.1018944
835	1029	1	3.404685
835	1129	2	2.9288042
835	2503	3	2.7430177
835	1755	4	2.729582
835	805	5	2.6154716
835	2036	6	2.5057251
835	1893	7	2.3184977
835	176	8	2.312364
835	2681	9	2.237324
835	2656	10	2.2354722
837	96	1	4.66475
837	1854	2	3.966557
837	141	3	3.7347007
837	1029	4	3.7237282
837	1129	5	3.4744263
837	1755	6	3.3242774
837	937	7	3.1238923
837	1681	8	3.113392
837	805	9	2.861703
837	2503	10	2.666109
838	688	1	4.1341825
838	1688	2	3.9684362
838	3275	3	3.7372932
838	1854	4	3.5469184
838	141	5	3.2380023
838	1755	6	3.1231236
838	937	7	3.0983593
838	1029	8	3.0348
838	1681	9	2.9420538
838	1129	10	2.9235795
839	4050	1	3.1107926
839	135	2	3.0916002
839	1882	3	2.805916
839	628	4	2.747531
839	934	5	2.7073765
839	129	6	2.6261628
839	1580	7	2.559732
839	2044	8	2.4969196
839	2382	9	2.492416
839	587	10	2.4747944
840	147	1	3.6734529
840	1139	2	3.4248703
840	1083	3	2.9631226
840	1854	4	2.7487578
840	2503	5	2.6624622
840	937	6	2.6383324
840	141	7	2.6218367
840	1321	8	2.5886307
840	1681	9	2.5854602
840	2036	10	2.5556755
842	96	1	3.3979154
842	805	2	2.137864
842	798	3	2.1053238
842	55	4	2.0300493
842	896	5	2.017125
842	318	6	1.9979088
842	296	7	1.969123
842	2503	8	1.9558191
842	1755	9	1.8833013
842	660	10	1.8791891
843	304	1	4.867521
843	2449	2	4.5089493
843	4016	3	4.215088
843	1526	4	4.191728
843	371	5	4.1385517
843	353	6	3.9682834
843	1332	7	3.9599586
843	184	8	3.946002
843	379	9	3.8194048
843	1484	10	3.8158798
844	379	1	4.6312237
844	4016	2	4.5071964
844	627	3	4.1521654
844	1539	4	4.1296616
844	381	5	3.9957666
844	1843	6	3.880095
844	135	7	3.5681143
844	4050	8	3.5265493
844	1882	9	3.4591458
844	339	10	3.3985531
845	1083	1	4.000387
845	1854	2	3.6794968
845	1688	3	3.6234674
845	141	4	3.4710016
845	1129	5	3.3525226
845	1029	6	2.9578905
845	1755	7	2.954141
845	937	8	2.7435222
845	1681	9	2.6512084
845	1134	10	2.615385
846	692	1	5.427677
846	3017	2	5.0580287
846	489	3	5.0264473
846	823	4	4.9678955
846	1016	5	4.9397106
846	1411	6	4.8951187
846	1693	7	4.8905835
846	304	8	4.7839503
846	913	9	4.712451
846	534	10	4.7102537
848	96	1	4.5693274
848	688	2	4.4316645
848	3275	3	4.1529727
848	1688	4	4.108818
848	1854	5	3.9221737
848	141	6	3.6079266
848	1129	7	3.4319103
848	1029	8	3.3493538
848	1755	9	3.21528
848	1681	10	3.0657172
849	692	1	5.385793
849	580	2	5.0886726
849	1016	3	4.9580946
849	304	4	4.611549
849	1689	5	4.3639936
849	2449	6	4.286479
849	4016	7	4.139242
849	945	8	3.9016097
849	371	9	3.7905085
849	252	10	3.7654805
851	1083	1	3.7023144
851	141	2	3.2498488
851	1029	3	3.2474651
851	937	4	2.926178
851	1129	5	2.8911033
851	805	6	2.5792043
851	318	7	2.540059
851	660	8	2.5386076
851	2503	9	2.4745913
851	176	10	2.4224386
852	580	1	4.959565
852	1016	2	4.6710362
852	304	3	4.5305204
852	2449	4	4.340955
852	920	5	4.3290043
852	1689	6	4.244954
852	201	7	3.971959
852	4016	8	3.8421168
852	371	9	3.8241253
852	945	10	3.751265
853	1083	1	3.577569
853	141	2	3.3193882
853	1129	3	3.2548816
853	1029	4	2.8553915
853	1633	5	2.5751517
853	1321	6	2.482067
853	176	7	2.4672334
853	318	8	2.2831562
853	1134	9	2.2207546
853	1238	10	2.1656618
854	1406	1	4.6493015
854	147	2	4.4891243
854	1139	3	4.3964033
854	96	4	4.178054
854	1688	5	4.037673
854	1083	6	3.8983428
854	1854	7	3.6103182
854	1029	8	3.4578645
854	141	9	3.3852673
854	1129	10	3.3002968
856	1688	1	3.3960493
856	1926	2	2.9898207
856	3275	3	2.853948
856	1139	4	2.7074902
856	147	5	2.5345037
856	1029	6	2.4467998
856	39	7	2.37398
856	248	8	2.3646903
856	1083	9	2.3358138
856	1681	10	2.2845736
857	993	1	4.5778837
857	2217	2	4.4926405
857	2091	3	4.367959
857	1926	4	4.2926817
857	3781	5	4.248783
857	172	6	4.214137
857	806	7	4.205346
857	1139	8	4.2013288
857	1263	9	4.200382
857	44	10	4.177426
858	252	1	4.0447187
858	848	2	3.9924555
858	1406	3	3.9719253
858	1926	4	3.7919579
858	96	5	3.164441
858	203	6	3.1435623
858	147	7	3.0654705
858	1139	8	2.943122
858	1030	9	2.7003188
858	1644	10	2.674522
859	90	1	3.7826447
859	1156	2	3.3525004
859	625	3	3.30624
859	1058	4	3.2975216
859	96	5	2.9079385
859	848	6	2.8892221
859	688	7	2.8281076
859	1688	8	2.4639382
859	948	9	2.32754
859	3275	10	2.2024217
860	3251	1	3.6188242
860	96	2	3.225119
860	1926	3	2.713141
860	455	4	2.6438398
860	633	5	2.5197563
860	2681	6	2.4665995
860	2216	7	2.4212182
860	2656	8	2.3615603
860	1681	9	2.237483
860	147	10	2.2344184
861	1083	1	3.4783823
861	2503	2	3.4721441
861	1854	3	3.1155171
861	141	4	2.985629
861	1755	5	2.816517
861	1636	6	2.7756798
861	1148	7	2.6868057
861	571	8	2.6756804
861	1681	9	2.659839
861	1129	10	2.64462
862	96	1	4.2026434
862	1688	2	3.770883
862	405	3	3.5666487
862	3275	4	3.4923115
862	296	5	3.3011098
862	1029	6	3.1836874
862	176	7	2.804225
862	1681	8	2.7917118
862	2800	9	2.7907863
862	620	10	2.7732203
863	304	1	5.0765557
863	2449	2	4.7497067
863	1689	3	4.6203876
863	1526	4	4.3235173
863	371	5	4.287582
863	945	6	4.2830153
863	4016	7	4.174736
863	1332	8	4.1692185
863	278	9	3.8763354
863	14	10	3.8550818
864	580	1	4.8922005
864	1016	2	4.699695
864	304	3	4.5523257
864	2449	4	4.3062506
864	1689	5	4.1314545
864	353	6	4.1155396
864	1484	7	4.0365767
864	123	8	3.9833455
864	1526	9	3.9686966
864	278	10	3.9624758
865	688	1	4.470428
865	96	2	4.4452477
865	1688	3	4.101931
865	3275	4	4.0661263
865	1129	5	4.007748
865	1029	6	3.5008156
865	948	7	3.0863705
865	161	8	2.9911332
865	1681	9	2.9684212
865	798	10	2.953581
866	1156	1	4.8833957
866	625	2	4.7213616
866	848	3	4.5727544
866	1406	4	4.495654
866	1139	5	4.492551
866	1058	6	4.2002726
866	1083	7	4.125056
866	688	8	4.0884027
866	96	9	4.050917
866	1854	10	3.8084621
867	304	1	4.6709294
867	2449	2	4.323306
867	123	3	4.1425414
867	278	4	4.1408806
867	4016	5	4.1143665
867	1526	6	4.09783
867	945	7	3.9273434
867	14	8	3.8112688
867	252	9	3.7981915
867	1332	10	3.7949858
869	1755	1	2.8264227
869	677	2	2.5801127
869	1633	3	2.579906
869	1893	4	2.5406835
869	660	5	2.5206168
869	1129	6	2.4864147
869	943	7	2.4848933
869	1681	8	2.4832363
869	1831	9	2.3955312
869	571	10	2.3791842
870	1156	1	3.835922
870	1926	2	3.487862
870	277	3	3.4725714
870	1129	4	3.451674
870	147	5	3.2212892
870	1058	6	3.192522
870	848	7	3.0898705
870	1406	8	3.0229297
870	1139	9	3.0123508
870	738	10	2.955877
871	625	1	4.6462164
871	848	2	4.536477
871	96	3	3.985512
871	688	4	3.9251537
871	1688	5	3.605359
871	3275	6	3.4210827
871	948	7	3.1861289
871	161	8	3.172782
871	798	9	3.1691194
871	405	10	3.0340116
872	201	1	4.34018
872	1023	2	3.8166776
872	353	3	3.719977
872	184	4	3.713657
872	1843	5	3.646881
872	1484	6	3.5530643
872	123	7	3.5075355
872	278	8	3.4951382
872	7	9	3.4343638
872	1539	10	3.4338684
873	90	1	4.372198
873	277	2	4.3717017
873	1511	3	4.31637
873	860	4	4.266242
873	3251	5	4.255721
873	252	6	4.1201057
873	1156	7	4.103272
873	625	8	4.0804267
873	1406	9	3.9765277
873	1926	10	3.926841
874	2449	1	4.4665155
874	1526	2	4.315215
874	4016	3	4.1681023
874	371	4	4.021138
874	1332	5	3.889491
874	379	6	3.6479995
874	252	7	3.5109072
874	1843	8	3.48094
874	125	9	3.1650338
874	381	10	3.152513
875	1406	1	3.9527855
875	848	2	3.739274
875	96	3	3.39182
875	1926	4	3.2526207
875	943	5	2.9535933
875	937	6	2.9152336
875	2656	7	2.875312
875	1831	8	2.789064
875	147	9	2.7824986
875	1171	10	2.7589452
876	625	1	4.9166403
876	96	2	4.1801157
876	1688	3	3.830714
876	3275	4	3.7168798
876	1029	5	3.10383
876	1755	6	2.9257877
876	1134	7	2.8969207
876	1681	8	2.72476
876	948	9	2.6821444
876	798	10	2.6495209
877	2449	1	4.69662
877	4016	2	4.319996
877	371	3	4.2147217
877	123	4	4.195715
877	1332	5	4.108121
877	278	6	4.1012015
877	14	7	4.0584345
877	379	8	3.8195384
877	252	9	3.815762
877	1843	10	3.7863479
878	1029	1	3.177455
878	937	2	3.1430645
878	1755	3	3.084877
878	318	4	2.8565745
878	1134	5	2.799574
878	1321	6	2.6563106
878	780	7	2.5969915
878	1238	8	2.483479
878	660	9	2.351956
878	1633	10	2.3298397
879	90	1	5.19595
879	252	2	5.0257206
879	1156	3	4.9275284
879	625	4	4.9086375
879	848	5	4.632629
879	1406	6	4.6303015
879	1083	7	4.5493584
879	1058	8	4.405508
879	96	9	4.017031
879	141	10	3.9807782
880	1083	1	3.5259676
880	141	2	3.1380706
880	1854	3	3.0550349
880	1129	4	2.8024602
880	318	5	2.2600589
880	660	6	2.230526
880	161	7	2.02846
880	405	8	2.0089931
880	798	9	1.9900318
880	805	10	1.9483416
882	1406	1	4.1449933
882	848	2	4.1424117
882	1058	3	4.0467653
882	688	4	3.7798877
882	96	5	3.7116015
882	3275	6	3.594916
882	1688	7	3.491952
882	141	8	2.9614382
882	1029	9	2.8612654
882	1129	10	2.70676
883	90	1	4.4134374
883	1156	2	4.2457633
883	625	3	4.124332
883	1406	4	3.9960668
883	1058	5	3.566173
883	688	6	3.3921022
883	1688	7	3.2095919
883	1681	8	2.9524279
883	1321	9	2.8889875
883	1134	10	2.8808246
884	1406	1	5.0652056
884	848	2	5.0123425
884	1083	3	4.767494
884	688	4	4.5579376
884	96	5	4.4410973
884	1688	6	4.216343
884	141	7	4.2001224
884	1129	8	4.1034427
884	3275	9	4.088293
884	1029	10	3.6107092
885	405	1	3.246076
885	1755	2	3.0347297
885	296	3	2.835667
885	937	4	2.7612276
885	1321	5	2.5300303
885	1408	6	2.4808831
885	611	7	2.4535768
885	126	8	2.4137115
885	2503	9	2.3864067
885	1633	10	2.341624
886	848	1	4.094895
886	252	2	4.0648503
886	1216	3	3.09756
886	96	4	2.996191
886	1926	5	2.937037
886	1817	6	2.8410883
886	660	7	2.8027906
886	1644	8	2.6818132
886	203	9	2.5550795
886	3313	10	2.5381246
887	515	1	4.6945124
887	982	2	4.457965
887	920	3	4.40108
887	4016	4	4.3704643
887	379	5	3.908502
887	201	6	3.756918
887	1539	7	3.4696584
887	353	8	3.4261806
887	1843	9	3.415736
887	1313	10	3.3708415
888	96	1	4.1631575
888	1688	2	3.8285327
888	3275	3	3.7293937
888	948	4	3.2216058
888	798	5	3.1893547
888	1029	6	3.1859207
888	161	7	3.160923
888	405	8	3.0640378
888	1755	9	2.8020551
888	937	10	2.7626133
889	96	1	3.7966633
889	1854	2	3.7769103
889	1083	3	3.646245
889	1688	4	3.4777713
889	141	5	3.461669
889	688	6	3.4501877
889	3275	7	3.3314824
889	1681	8	2.7494688
889	1755	9	2.6470542
889	948	10	2.5727024
890	848	1	4.9511237
890	3275	2	4.454704
890	96	3	4.3585486
890	1688	4	4.346351
890	1083	5	4.088909
890	1029	6	3.7997262
890	1854	7	3.7421722
890	141	8	3.516697
890	1129	9	3.3262067
890	937	10	3.1553717
891	277	1	4.3332686
891	1058	2	4.0831213
891	1406	3	4.0301247
891	4020	4	3.7321172
891	848	5	3.7226524
891	252	6	3.7131984
891	389	7	3.5366967
891	4021	8	3.3120737
891	191	9	3.2996612
891	2125	10	3.2926536
892	2449	1	3.9818344
892	353	2	3.9650967
892	1332	3	3.596701
892	278	4	3.5481017
892	371	5	3.5408263
892	14	6	3.413056
892	252	7	3.3600683
892	379	8	3.3581438
892	1843	9	3.1627467
892	3501	10	3.0910912
893	96	1	3.8047771
893	1688	2	3.752654
893	1129	3	3.68193
893	3275	4	3.4606683
893	1029	5	3.031684
893	948	6	2.8481817
893	161	7	2.7127838
893	405	8	2.6653113
893	1755	9	2.630671
893	937	10	2.603983
894	353	1	4.4232903
894	278	2	4.0559793
894	252	3	3.8978686
894	379	4	3.8364713
894	1843	5	3.7679129
894	488	6	3.6190686
894	504	7	3.4556358
894	431	8	3.3828697
894	539	9	3.3198314
894	627	10	3.3092494
895	147	1	3.4615288
895	1139	2	3.24688
895	1681	3	2.8580122
895	1083	4	2.644647
895	1042	5	2.62183
895	940	6	2.4086955
895	1007	7	2.3701315
895	1251	8	2.361271
895	2216	9	2.3152184
895	1817	10	2.3150036
896	96	1	4.368744
896	1688	2	3.924269
896	3275	3	3.7482595
896	948	4	3.5339537
896	161	5	3.4388158
896	798	6	3.431674
896	405	7	3.2638102
896	1029	8	3.2237594
896	1755	9	2.9174886
896	1681	10	2.9116592
897	1406	1	3.8005168
897	252	2	3.6391401
897	848	3	3.4384964
897	1926	4	3.0799446
897	203	5	2.943335
897	187	6	2.859764
897	147	7	2.8297799
897	96	8	2.6929333
897	1083	9	2.6133933
897	191	10	2.4837263
899	1156	1	4.7788844
899	203	2	4.310986
899	277	3	4.2502995
899	1058	4	4.024108
899	1406	5	3.886283
899	860	6	3.8026884
899	1817	7	3.661502
899	848	8	3.6195607
899	109	9	3.5478327
899	2125	10	3.5310364
900	580	1	5.369112
900	1016	2	5.2412677
900	304	3	4.9983053
900	2449	4	4.724597
900	1689	5	4.5184813
900	1526	6	4.414337
900	4016	7	4.2533927
900	945	8	4.229219
900	371	9	4.1696725
900	1332	10	4.142171
901	1058	1	3.018825
901	688	2	2.467919
901	937	3	2.4544418
901	1688	4	2.4504309
901	1755	5	2.3469834
901	671	6	2.1816945
901	2000	7	2.0712872
901	173	8	2.0049903
901	780	9	1.9769285
901	248	10	1.9351861
902	147	1	4.196182
902	1139	2	3.9366117
902	1083	3	3.4969444
902	1854	4	2.891112
902	141	5	2.8840685
902	1321	6	2.6673403
902	660	7	2.5393133
902	1129	8	2.5371485
902	2036	9	2.5294182
902	1238	10	2.5235853
903	1406	1	4.8840055
903	848	2	4.8727245
903	96	3	4.3002834
903	688	4	4.288435
903	1083	5	4.269618
903	1854	6	4.038356
903	1688	7	3.956027
903	3275	8	3.925232
903	141	9	3.7960157
903	1129	10	3.6826558
904	1644	1	3.4191575
904	848	2	3.3594787
904	252	3	3.321076
904	174	4	3.0010397
904	1926	5	2.9156723
904	1928	6	2.9037225
904	1030	7	2.81951
904	1490	8	2.7801292
904	1408	9	2.753364
904	2760	10	2.696029
905	625	1	3.9913168
905	1129	2	3.449294
905	1688	3	3.3356087
905	688	4	3.2923543
905	3275	5	3.1379147
905	1755	6	2.9360762
905	948	7	2.8065786
905	405	8	2.795207
905	296	9	2.3988786
905	1029	10	2.3303208
906	96	1	4.397771
906	3275	2	4.228115
906	1681	3	3.4910989
906	1854	4	3.4836311
906	1029	5	3.4149246
906	141	6	3.3145032
906	1755	7	3.250255
906	1129	8	3.244234
906	937	9	2.9911523
906	805	10	2.784225
907	848	1	4.0868454
907	252	2	3.4497626
907	3251	3	3.4346237
907	571	4	3.0922122
907	1926	5	2.828867
907	1893	6	2.817063
907	1694	7	2.6511798
907	423	8	2.4995887
907	1755	9	2.4603407
907	115	10	2.4537084
908	937	1	3.331554
908	1755	2	3.2741685
908	1029	3	3.2286606
908	141	4	3.0400264
908	1129	5	2.8434963
908	1633	6	2.5872464
908	1321	7	2.4920316
908	318	8	2.4277525
908	805	9	2.41892
908	176	10	2.362522
909	937	1	3.4476447
909	1926	2	3.2667031
909	3275	3	3.2095504
909	1139	4	2.8562665
909	1775	5	2.841605
909	318	6	2.6934476
909	1321	7	2.613918
909	1451	8	2.5400033
909	660	9	2.453175
909	1029	10	2.4418826
910	1139	1	4.028368
910	1083	2	3.5336533
910	1854	3	3.15058
910	1755	4	3.0325215
910	141	5	2.9912896
910	1129	6	2.8247743
910	937	7	2.8149445
910	1681	8	2.632783
910	1633	9	2.3762226
910	176	10	2.362977
911	848	1	4.2022314
911	96	2	3.6380832
911	1083	3	3.5961072
911	1854	4	3.4286394
911	1029	5	3.1798592
911	142	6	2.7264683
911	1681	7	2.5724053
911	2503	8	2.4653618
911	948	9	2.3976574
911	2036	10	2.3347747
912	252	1	5.130068
912	1156	2	5.0866027
912	625	3	5.07265
912	848	4	4.9227943
912	1406	5	4.7497487
912	1058	6	4.4964304
912	688	7	4.3249
912	96	8	4.317345
912	3275	9	4.239648
912	1688	10	4.0694466
913	1658	1	4.982869
913	1295	2	4.4106283
913	4263	3	4.3794165
913	2064	4	4.2481127
913	1790	5	4.2342453
913	2514	6	4.2067347
913	1213	7	4.183758
913	2084	8	4.17452
913	2296	9	4.1364613
913	4685	10	4.0377073
914	1083	1	3.0918558
914	1681	2	2.8692331
914	1029	3	2.8338828
914	1854	4	2.829974
914	1129	5	2.8091383
914	937	6	2.583765
914	318	7	2.168786
914	1238	8	2.0990171
914	1650	9	2.0894632
914	176	10	2.070706
915	3781	1	5.1160083
915	2217	2	5.092819
915	80	3	4.93569
915	172	4	4.9241853
915	1359	5	4.8799167
915	44	6	4.853893
915	1263	7	4.851037
915	3307	8	4.514299
915	277	9	4.5019693
915	322	10	4.500999
916	141	1	3.3920007
916	1129	2	3.2804277
916	1029	3	3.1618066
916	1755	4	2.7381268
916	1134	5	2.534225
916	937	6	2.443892
916	1681	7	2.4276588
916	176	8	2.4178367
916	2503	9	2.357532
916	948	10	2.3273287
917	1083	1	3.4469452
917	1854	2	3.0948548
917	141	3	3.0018148
917	176	4	2.6165757
917	1029	5	2.5124965
917	1129	6	2.4977665
917	2394	7	2.4964843
917	191	8	2.129915
917	790	9	2.0559988
917	1007	10	2.042308
918	1688	1	4.048897
918	3275	2	3.9505796
918	1129	3	3.536005
918	1029	4	3.2021875
918	1755	5	3.0148692
918	1681	6	2.9977732
918	937	7	2.9737759
918	176	8	2.6848106
918	1321	9	2.6822915
918	161	10	2.6661491
919	625	1	4.442335
919	1156	2	4.389015
919	848	3	4.134345
919	1129	4	3.9224157
919	141	5	3.914438
919	688	6	3.8030667
919	96	7	3.6544056
919	3275	8	3.4471383
919	1688	9	3.420298
919	1029	10	3.2387908
920	625	1	5.093776
920	96	2	4.541604
920	147	3	4.264634
920	1139	4	4.2298307
920	688	5	4.2291474
920	1688	6	4.018091
920	3275	7	3.8368652
920	1083	8	3.5374362
920	1755	9	3.2556233
920	1029	10	3.1586204
921	96	1	4.2123666
921	1129	2	3.8566573
921	1029	3	3.8543344
921	805	4	2.9360476
921	948	5	2.9357405
921	1755	6	2.9167542
921	1681	7	2.8935065
921	2503	8	2.8866348
921	798	9	2.8534458
921	161	10	2.7966197
922	3275	1	4.1462083
922	1029	2	3.5785673
922	1755	3	3.293462
922	937	4	3.2004118
922	1681	5	3.17389
922	948	6	2.9135156
922	161	7	2.8885427
922	405	8	2.8098636
922	798	9	2.7757077
922	176	10	2.7425442
923	304	1	4.752095
923	2449	2	4.437932
923	4016	3	4.2429338
923	1526	4	4.146783
923	945	5	3.9477286
923	371	6	3.9252958
923	1332	7	3.86938
923	123	8	3.7787423
923	379	9	3.5963142
923	14	10	3.5716915
924	625	1	4.5885897
924	252	2	4.450117
924	848	3	4.293909
924	1058	4	4.256436
924	1406	5	4.1777143
924	96	6	3.9080257
924	147	7	3.8377872
924	688	8	3.656537
924	1688	9	3.6460526
924	1139	10	3.597083
925	860	1	6.1047287
925	1926	2	5.5001535
925	2217	3	5.4389505
925	874	4	5.367714
925	993	5	5.313746
925	3781	6	5.2683697
925	614	7	5.1858883
925	172	8	5.185829
925	1139	9	5.1305294
925	80	10	5.0877504
926	2217	1	5.5328674
926	1263	2	5.19405
926	1926	3	5.155594
926	914	4	5.0421352
926	277	5	5.0158834
926	90	6	4.8496428
926	1511	7	4.817352
926	530	8	4.756466
926	1139	9	4.6902704
926	322	10	4.677985
927	1083	1	3.2912307
927	1755	2	3.2496672
927	2036	3	3.0239272
927	1854	4	2.8825397
927	141	5	2.76904
927	660	6	2.742373
927	1681	7	2.6972723
927	191	8	2.5874114
927	1893	9	2.5705223
927	571	10	2.4675593
928	848	1	4.4584174
928	96	2	3.8637936
928	1029	3	3.4140425
928	1681	4	2.8853633
928	2503	5	2.767538
928	2036	6	2.674203
928	1755	7	2.6608372
928	176	8	2.56207
928	948	9	2.5549293
928	798	10	2.5449638
929	1854	1	3.2323408
929	1083	2	3.0988646
929	96	3	3.0198255
929	3275	4	2.6273932
929	161	5	2.2279186
929	1029	6	2.2218375
929	1755	7	2.1833858
929	1212	8	2.0799417
929	1382	9	2.0782819
929	318	10	2.0485783
930	141	1	3.2126787
930	937	2	3.087294
930	1029	3	3.0618143
930	1755	4	3.0552745
930	1129	5	2.9558563
930	1681	6	2.9173615
930	176	7	2.4308221
930	1321	8	2.310308
930	318	9	2.3065834
930	1238	10	2.2496667
931	252	1	4.835385
931	1083	2	4.552209
931	625	3	4.4711313
931	1156	4	4.4627004
931	1406	5	4.3869486
931	848	6	4.3648286
931	1854	7	4.302764
931	1058	8	4.035591
931	141	9	4.0261993
931	96	10	3.9073453
932	1313	1	4.071019
932	353	2	3.7709975
932	123	3	3.7596397
932	14	4	3.7210307
932	252	5	3.6398554
932	1484	6	3.6211967
932	278	7	3.6051607
932	7	8	3.4228377
932	379	9	3.3343635
932	1843	10	3.2089918
933	96	1	4.234742
933	688	2	4.194829
933	1688	3	3.9099317
933	3275	4	3.882667
933	1029	5	3.297793
933	948	6	3.1510944
933	798	7	3.1099958
933	161	8	3.0230598
933	405	9	2.9274526
933	1681	10	2.8653553
934	580	1	4.7364683
934	1016	2	4.613179
934	304	3	4.3612175
934	2449	4	4.0888915
934	1526	5	3.9967613
934	1689	6	3.9453537
934	252	7	3.8923633
934	4016	8	3.8921876
934	3795	9	3.8768842
934	244	10	3.7485526
935	1854	1	4.3950214
935	96	2	4.071045
935	688	3	4.023001
935	1129	4	3.9539142
935	1688	5	3.6785493
935	3275	6	3.6643162
935	798	7	3.122743
935	948	8	3.104126
935	1029	9	3.086174
935	161	10	3.0370958
936	1688	1	4.0803237
936	3275	2	4.079443
936	1129	3	3.803989
936	1029	4	3.4768324
936	1681	5	3.0788734
936	1755	6	3.0323124
936	937	7	2.9906726
936	161	8	2.8785717
936	176	9	2.870868
936	948	10	2.865831
937	371	1	4.7826476
937	4016	2	4.406705
937	379	3	4.3535304
937	14	4	4.1965065
937	1843	5	3.9780996
937	353	6	3.8079314
937	381	7	3.7432022
937	627	8	3.6895032
937	1484	9	3.5616074
937	151	10	3.548667
938	1926	1	3.6730738
938	147	2	3.1240094
938	1139	3	3.0688708
938	1083	4	2.5926628
938	2656	5	2.4983027
938	1042	6	2.4535763
938	1854	7	2.4418252
938	660	8	2.349345
938	2681	9	2.3411236
938	141	10	2.329697
939	1926	1	4.8754225
939	90	2	4.7671795
939	277	3	4.5874195
939	1511	4	4.2123485
939	147	5	4.0859632
939	848	6	4.0535173
939	1139	7	4.0285764
939	252	8	3.997874
939	1156	9	3.9178596
939	625	10	3.78589
